# Time, Layer_QualityIndex,bl_height,Mean_Layer_Height,n_BL,cloud_stat,cloud_dat
10/05/2021 10:00:00,3,760,820,3,1,1840
10/05/2021 10:00:16,3,760,820,3,1,1840
10/05/2021 10:00:32,3,760,820,3,1,1840
10/05/2021 10:00:48,3,760,820,3,1,1840
10/05/2021 10:01:20,3,760,820,3,1,1840
10/05/2021 10:01:36,3,760,820,3,1,1850
10/05/2021 10:01:52,3,750,820,3,1,1850
10/05/2021 10:02:08,3,750,820,3,1,1850
10/05/2021 10:02:24,3,750,820,3,1,1850
10/05/2021 10:02:56,3,750,820,3,1,1850
10/05/2021 10:03:28,3,940,820,3,0,-999
10/05/2021 10:03:44,3,930,820,3,0,-999
10/05/2021 10:04:16,3,930,820,3,0,-999
10/05/2021 10:04:32,3,930,820,3,0,-999
10/05/2021 10:04:48,3,920,820,3,0,-999
10/05/2021 10:05:04,3,900,820,3,0,-999
10/05/2021 10:05:20,3,910,820,3,0,-999
10/05/2021 10:05:36,3,910,820,3,0,-999
10/05/2021 10:05:52,3,900,820,3,0,-999
10/05/2021 10:06:08,3,900,820,3,0,-999
10/05/2021 10:06:24,3,900,820,3,0,-999
10/05/2021 10:06:40,3,900,820,3,0,-999
10/05/2021 10:06:56,3,1230,820,3,0,-999
10/05/2021 10:07:12,3,1200,820,3,0,-999
10/05/2021 10:07:28,3,740,820,3,1,1840
10/05/2021 10:07:44,3,740,820,3,1,1840
10/05/2021 10:08:00,3,740,820,3,1,1840
10/05/2021 10:08:32,3,980,820,3,0,-999
10/05/2021 10:08:48,3,790,820,3,0,-999
10/05/2021 10:09:04,3,780,820,3,0,-999
10/05/2021 10:09:20,3,780,820,3,0,-999
10/05/2021 10:09:36,3,780,820,3,0,-999
10/05/2021 10:09:52,3,810,820,3,0,-999
10/05/2021 10:10:08,3,810,820,3,0,-999
10/05/2021 10:10:24,3,820,820,3,0,-999
10/05/2021 10:10:40,3,750,820,3,0,-999
10/05/2021 10:11:12,3,1220,820,3,0,-999
10/05/2021 10:11:28,3,1220,820,3,0,-999
10/05/2021 10:11:44,3,1230,820,3,0,-999
10/05/2021 10:12:00,3,1230,820,3,0,-999
10/05/2021 10:12:16,3,1230,820,3,0,-999
10/05/2021 10:12:32,3,970,820,3,0,-999
10/05/2021 10:12:48,3,970,820,3,0,-999
10/05/2021 10:13:20,3,1230,820,3,0,-999
10/05/2021 10:13:36,3,1230,820,3,0,-999
10/05/2021 10:13:52,3,1240,820,3,0,-999
10/05/2021 10:14:08,3,1240,820,3,0,-999
10/05/2021 10:14:24,3,1240,820,3,0,-999
10/05/2021 10:14:40,3,1240,820,3,0,-999
10/05/2021 10:14:56,3,1250,820,3,0,-999
10/05/2021 10:15:12,3,1250,820,3,0,-999
10/05/2021 10:15:28,3,1260,820,3,0,-999
10/05/2021 10:15:44,3,1260,820,3,0,-999
10/05/2021 10:16:00,3,1250,820,3,0,-999
10/05/2021 10:16:16,3,1210,820,3,0,-999
10/05/2021 10:16:32,3,1170,820,3,0,-999
10/05/2021 10:16:48,3,1140,820,3,0,-999
10/05/2021 10:17:04,3,1110,820,3,0,-999
10/05/2021 10:17:20,3,1080,820,3,0,-999
10/05/2021 10:17:36,3,1060,820,3,0,-999
10/05/2021 10:17:52,3,1040,820,3,0,-999
10/05/2021 10:18:08,3,1020,820,3,0,-999
10/05/2021 10:18:24,3,1010,820,3,0,-999
10/05/2021 10:18:40,3,1000,820,3,0,-999
10/05/2021 10:18:56,3,990,820,3,0,-999
10/05/2021 10:19:12,3,970,820,3,0,-999
10/05/2021 10:19:28,3,960,820,3,0,-999
10/05/2021 10:19:44,3,960,820,3,0,-999
10/05/2021 10:20:16,3,980,820,3,0,-999
10/05/2021 10:20:32,3,990,820,3,0,-999
10/05/2021 10:20:48,3,870,820,3,0,-999
10/05/2021 10:21:04,3,800,820,3,0,-999
10/05/2021 10:21:20,3,800,820,3,0,-999
10/05/2021 10:21:36,3,800,820,3,0,-999
10/05/2021 10:21:52,3,800,820,3,0,-999
10/05/2021 10:22:08,3,800,820,3,0,-999
10/05/2021 10:22:24,3,790,820,3,0,-999
10/05/2021 10:22:40,3,790,820,3,0,-999
10/05/2021 10:22:56,3,790,820,3,0,-999
10/05/2021 10:23:12,3,780,820,3,0,-999
10/05/2021 10:23:28,3,780,820,3,0,-999
10/05/2021 10:23:44,3,790,820,3,0,-999
10/05/2021 10:24:00,3,790,820,3,0,-999
10/05/2021 10:24:16,3,790,820,3,0,-999
10/05/2021 10:24:32,3,790,820,3,0,-999
10/05/2021 10:24:48,3,790,820,3,0,-999
10/05/2021 10:25:04,3,780,820,3,0,-999
10/05/2021 10:25:20,3,780,820,3,0,-999
10/05/2021 10:25:36,3,790,820,3,0,-999
10/05/2021 10:25:52,3,790,820,3,0,-999
10/05/2021 10:26:08,3,790,820,3,0,-999
10/05/2021 10:26:24,3,790,820,3,0,-999
10/05/2021 10:26:40,3,780,820,3,0,-999
10/05/2021 10:26:56,3,780,820,3,0,-999
10/05/2021 10:27:12,3,780,820,3,0,-999
10/05/2021 10:27:28,3,780,820,3,0,-999
10/05/2021 10:27:44,3,780,820,3,0,-999
10/05/2021 10:28:00,3,780,820,3,0,-999
10/05/2021 10:28:16,3,790,820,3,0,-999
10/05/2021 10:28:32,3,790,820,3,0,-999
10/05/2021 10:28:48,3,790,820,3,0,-999
10/05/2021 10:29:04,3,780,820,3,0,-999
10/05/2021 10:29:20,3,780,820,3,0,-999
10/05/2021 10:29:36,3,790,820,3,0,-999
10/05/2021 10:29:52,3,780,820,3,0,-999
10/05/2021 10:30:08,3,780,820,3,0,-999
10/05/2021 10:30:24,3,780,820,3,0,-999
10/05/2021 10:30:40,3,780,820,3,0,-999
10/05/2021 10:30:56,3,780,820,3,0,-999
10/05/2021 10:31:12,3,780,820,3,0,-999
10/05/2021 10:31:28,3,790,820,3,0,-999
10/05/2021 10:31:44,3,790,820,3,0,-999
10/05/2021 10:32:00,3,790,820,3,0,-999
10/05/2021 10:32:16,3,790,820,3,0,-999
10/05/2021 10:32:32,3,780,820,3,0,-999
10/05/2021 10:32:48,3,780,820,3,0,-999
10/05/2021 10:33:04,3,780,820,3,0,-999
10/05/2021 10:33:20,3,780,820,3,0,-999
10/05/2021 10:33:36,3,780,820,3,0,-999
10/05/2021 10:33:52,3,780,820,3,0,-999
10/05/2021 10:34:08,3,780,820,3,0,-999
10/05/2021 10:34:24,3,770,820,3,0,-999
10/05/2021 10:34:40,3,770,820,3,0,-999
10/05/2021 10:34:56,3,770,820,3,0,-999
10/05/2021 10:35:12,3,770,820,3,0,-999
10/05/2021 10:35:28,3,770,820,3,0,-999
10/05/2021 10:35:44,3,760,820,3,0,-999
10/05/2021 10:36:00,3,760,820,3,0,-999
10/05/2021 10:36:16,3,760,820,3,0,-999
10/05/2021 10:36:32,3,760,820,3,0,-999
10/05/2021 10:36:48,3,760,820,3,0,-999
10/05/2021 10:37:04,3,760,820,3,0,-999
10/05/2021 10:37:20,3,750,820,3,0,-999
10/05/2021 10:37:36,3,750,820,3,0,-999
10/05/2021 10:37:52,3,740,820,3,0,-999
10/05/2021 10:38:08,3,740,820,3,0,-999
10/05/2021 10:38:24,3,740,820,3,0,-999
10/05/2021 10:38:40,3,740,820,3,0,-999
10/05/2021 10:38:56,3,740,820,3,0,-999
10/05/2021 10:39:12,3,740,820,3,0,-999
10/05/2021 10:39:28,3,730,820,3,0,-999
10/05/2021 10:39:44,3,730,820,3,0,-999
10/05/2021 10:40:00,3,730,820,3,0,-999
10/05/2021 10:40:16,3,730,820,3,0,-999
10/05/2021 10:40:32,3,730,820,3,0,-999
10/05/2021 10:40:48,3,730,820,3,0,-999
10/05/2021 10:41:04,3,730,820,3,0,-999
10/05/2021 10:41:20,3,730,820,3,0,-999
10/05/2021 10:41:36,3,730,820,3,0,-999
10/05/2021 10:41:52,3,720,820,3,0,-999
10/05/2021 10:42:08,3,720,820,3,0,-999
10/05/2021 10:42:24,3,720,820,3,0,-999
10/05/2021 10:42:40,3,710,820,3,0,-999
10/05/2021 10:42:56,3,710,820,3,0,-999
10/05/2021 10:43:12,3,710,820,3,0,-999
10/05/2021 10:43:28,3,710,820,3,0,-999
10/05/2021 10:43:44,3,710,820,3,0,-999
10/05/2021 10:44:00,3,710,820,3,0,-999
10/05/2021 10:44:16,3,710,820,3,0,-999
10/05/2021 10:44:32,3,700,820,3,0,-999
10/05/2021 10:44:48,3,700,820,3,0,-999
10/05/2021 10:45:04,3,700,820,3,0,-999
10/05/2021 10:45:20,3,700,820,3,0,-999
10/05/2021 10:45:36,3,700,820,3,0,-999
10/05/2021 10:45:52,3,700,820,3,0,-999
10/05/2021 10:46:08,3,700,820,3,0,-999
10/05/2021 10:46:24,3,470,820,3,0,-999
10/05/2021 10:46:40,3,490,820,3,0,-999
10/05/2021 10:46:56,3,490,820,3,0,-999
10/05/2021 10:47:12,3,480,820,3,0,-999
10/05/2021 10:47:28,3,480,820,3,0,-999
10/05/2021 10:47:44,3,470,820,3,0,-999
10/05/2021 10:48:00,3,470,820,3,0,-999
10/05/2021 10:48:16,3,470,820,3,0,-999
10/05/2021 10:48:32,3,470,820,3,0,-999
10/05/2021 10:48:48,3,460,820,3,0,-999
10/05/2021 10:49:04,3,460,820,3,0,-999
10/05/2021 10:49:20,3,460,820,3,0,-999
10/05/2021 10:49:36,3,460,820,3,0,-999
10/05/2021 10:49:52,3,460,820,3,0,-999
10/05/2021 10:50:08,3,450,820,3,0,-999
10/05/2021 10:50:24,3,440,820,3,0,-999
10/05/2021 10:50:40,3,440,820,3,0,-999
10/05/2021 10:50:56,3,440,820,3,0,-999
10/05/2021 10:51:12,3,440,820,3,0,-999
10/05/2021 10:51:28,3,440,820,3,0,-999
10/05/2021 10:51:44,3,440,820,3,0,-999
10/05/2021 10:52:00,3,440,820,3,0,-999
10/05/2021 10:52:16,3,440,820,3,0,-999
10/05/2021 10:52:32,3,440,820,3,0,-999
10/05/2021 10:52:48,3,440,820,3,0,-999
10/05/2021 10:53:04,3,440,820,3,0,-999
10/05/2021 10:53:20,3,440,820,3,0,-999
10/05/2021 10:53:36,3,450,820,3,0,-999
10/05/2021 10:53:52,3,450,820,3,0,-999
10/05/2021 10:54:08,3,450,820,3,0,-999
10/05/2021 10:54:24,3,460,820,3,0,-999
10/05/2021 10:54:40,3,460,820,3,0,-999
10/05/2021 10:54:56,3,460,820,3,0,-999
10/05/2021 10:55:12,3,460,820,3,0,-999
10/05/2021 10:55:28,3,460,820,3,0,-999
10/05/2021 10:55:44,3,460,820,3,0,-999
10/05/2021 10:56:00,3,460,820,3,0,-999
10/05/2021 10:56:16,3,460,820,3,1,1900
10/05/2021 10:56:32,3,460,820,3,1,1900
10/05/2021 10:56:48,3,460,820,3,1,1900
10/05/2021 10:57:04,3,470,820,3,1,1900
10/05/2021 10:57:20,3,470,820,3,0,-999
10/05/2021 10:57:36,3,470,820,3,0,-999
10/05/2021 10:57:52,3,470,820,3,0,-999
10/05/2021 10:58:08,3,470,820,3,0,-999
10/05/2021 10:58:24,3,470,820,3,0,-999
10/05/2021 10:58:40,3,470,820,3,0,-999
10/05/2021 10:58:56,3,470,820,3,0,-999
10/05/2021 10:59:12,3,470,820,3,0,-999
10/05/2021 10:59:28,3,470,820,3,0,-999
10/05/2021 10:59:44,3,470,820,3,0,-999
10/05/2021 11:00:00,2,470,780,3,0,-999
10/05/2021 11:00:16,2,470,780,3,0,-999
10/05/2021 11:00:32,2,470,780,3,0,-999
10/05/2021 11:00:48,2,470,780,3,0,-999
10/05/2021 11:01:04,2,470,780,3,0,-999
10/05/2021 11:01:20,2,470,780,3,0,-999
10/05/2021 11:01:36,2,470,780,3,0,-999
10/05/2021 11:01:52,2,470,780,3,0,-999
10/05/2021 11:02:08,2,470,780,3,0,-999
10/05/2021 11:02:24,2,470,780,3,0,-999
10/05/2021 11:02:40,2,470,780,3,0,-999
10/05/2021 11:02:56,2,470,780,3,0,-999
10/05/2021 11:03:12,2,470,780,3,0,-999
10/05/2021 11:03:28,2,470,780,3,1,1890
10/05/2021 11:03:44,2,470,780,3,1,1890
10/05/2021 11:04:00,2,470,780,3,0,-999
10/05/2021 11:04:16,2,470,780,3,0,-999
10/05/2021 11:04:32,2,470,780,3,0,-999
10/05/2021 11:04:48,2,470,780,3,0,-999
10/05/2021 11:05:04,2,470,780,3,0,-999
10/05/2021 11:05:20,2,470,780,3,0,-999
10/05/2021 11:05:36,2,470,780,3,0,-999
10/05/2021 11:05:52,2,470,780,3,0,-999
10/05/2021 11:06:08,2,470,780,3,0,-999
10/05/2021 11:06:24,2,470,780,3,0,-999
10/05/2021 11:06:40,2,470,780,3,0,-999
10/05/2021 11:06:56,2,460,780,3,1,1910
10/05/2021 11:07:12,2,460,780,3,1,1910
10/05/2021 11:07:28,2,460,780,3,0,-999
10/05/2021 11:07:44,2,460,780,3,0,-999
10/05/2021 11:08:00,2,460,780,3,0,-999
10/05/2021 11:08:16,2,460,780,3,1,1920
10/05/2021 11:08:32,2,460,780,3,1,1920
10/05/2021 11:08:48,2,460,780,3,1,1910
10/05/2021 11:09:20,2,2090,780,3,1,1910
10/05/2021 11:09:36,2,2090,780,3,1,1910
10/05/2021 11:09:52,2,1260,780,3,0,-999
10/05/2021 11:10:24,2,1250,780,3,0,-999
10/05/2021 11:10:40,2,2090,780,3,1,1920
10/05/2021 11:10:56,2,2090,780,3,1,1920
10/05/2021 11:11:28,2,2090,780,3,1,1930
10/05/2021 11:11:44,2,2090,780,3,1,1930
10/05/2021 11:12:00,2,2090,780,3,1,1930
10/05/2021 11:12:16,2,2090,780,3,1,1930
10/05/2021 11:12:32,2,2090,780,3,1,1930
10/05/2021 11:12:48,2,2090,780,3,1,1930
10/05/2021 11:13:04,2,2090,780,3,1,1930
10/05/2021 11:13:20,2,2090,780,3,1,1930
10/05/2021 11:13:36,2,1260,780,3,0,-999
10/05/2021 11:13:52,2,1260,780,3,0,-999
10/05/2021 11:14:08,2,1030,780,3,0,-999
10/05/2021 11:14:24,2,1020,780,3,0,-999
10/05/2021 11:14:40,2,1100,780,3,0,-999
10/05/2021 11:14:56,2,1090,780,3,0,-999
10/05/2021 11:15:12,2,1090,780,3,0,-999
10/05/2021 11:15:28,2,1220,780,3,0,-999
10/05/2021 11:15:44,2,1260,780,3,0,-999
10/05/2021 11:16:00,2,1260,780,3,0,-999
10/05/2021 11:16:16,2,1260,780,3,0,-999
10/05/2021 11:16:32,2,1260,780,3,0,-999
10/05/2021 11:16:48,2,1270,780,3,0,-999
10/05/2021 11:17:20,2,1280,780,3,0,-999
10/05/2021 11:17:36,2,1280,780,3,0,-999
10/05/2021 11:17:52,2,1290,780,3,0,-999
10/05/2021 11:18:08,2,1290,780,3,0,-999
10/05/2021 11:18:24,2,1300,780,3,0,-999
10/05/2021 11:18:40,2,1310,780,3,0,-999
10/05/2021 11:18:56,2,1320,780,3,0,-999
10/05/2021 11:19:12,2,1330,780,3,0,-999
10/05/2021 11:19:28,2,1350,780,3,0,-999
10/05/2021 11:19:44,2,1360,780,3,0,-999
10/05/2021 11:20:00,2,1380,780,3,0,-999
10/05/2021 11:20:16,2,1420,780,3,0,-999
10/05/2021 11:20:32,2,1050,780,3,0,-999
10/05/2021 11:21:04,2,1060,780,3,0,-999
10/05/2021 11:21:20,2,1050,780,3,0,-999
10/05/2021 11:21:36,2,1050,780,3,0,-999
10/05/2021 11:21:52,2,1050,780,3,0,-999
10/05/2021 11:22:08,2,1050,780,3,0,-999
10/05/2021 11:22:24,2,1050,780,3,0,-999
10/05/2021 11:22:40,2,1110,780,3,0,-999
10/05/2021 11:22:56,2,1180,780,3,0,-999
10/05/2021 11:23:28,2,-999,780,3,1,1910
10/05/2021 11:23:44,2,1320,780,3,0,-999
10/05/2021 11:24:00,2,1320,780,3,0,-999
10/05/2021 11:24:16,2,1280,780,3,0,-999
10/05/2021 11:24:32,2,1280,780,3,0,-999
10/05/2021 11:24:48,2,1280,780,3,0,-999
10/05/2021 11:25:04,2,-999,780,3,1,1950
10/05/2021 11:25:20,2,-999,780,3,1,1950
10/05/2021 11:25:36,2,-999,780,3,1,1950
10/05/2021 11:25:52,2,2100,780,3,1,1950
10/05/2021 11:26:08,2,2100,780,3,1,1950
10/05/2021 11:26:24,2,2100,780,3,1,1950
10/05/2021 11:26:40,2,2100,780,3,1,1910
10/05/2021 11:26:56,2,2100,780,3,1,1910
10/05/2021 11:27:12,2,2100,780,3,1,1910
10/05/2021 11:27:28,2,2100,780,3,1,1910
10/05/2021 11:27:44,2,2100,780,3,1,1910
10/05/2021 11:28:00,2,1330,780,3,0,-999
10/05/2021 11:28:16,2,1330,780,3,0,-999
10/05/2021 11:28:32,2,2100,780,3,1,1930
10/05/2021 11:28:48,2,2100,780,3,1,1930
10/05/2021 11:29:04,2,2100,780,3,1,1870
10/05/2021 11:29:20,2,2100,780,3,1,1870
10/05/2021 11:29:36,2,2100,780,3,1,1870
10/05/2021 11:29:52,2,2100,780,3,2,1600
10/05/2021 11:30:08,2,2100,780,3,2,1600
10/05/2021 11:30:24,2,2100,780,3,1,2040
10/05/2021 11:30:56,2,2090,780,3,1,2020
10/05/2021 11:31:28,2,2090,780,3,1,1990
10/05/2021 11:31:44,2,2100,780,3,1,1990
10/05/2021 11:32:00,2,2100,780,3,1,1990
10/05/2021 11:32:32,2,2140,780,3,1,1980
10/05/2021 11:32:48,2,2140,780,3,1,2000
10/05/2021 11:33:04,2,2140,780,3,1,2000
10/05/2021 11:33:20,2,2140,780,3,1,1960
10/05/2021 11:33:52,2,2140,780,3,1,1960
10/05/2021 11:34:24,2,2160,780,3,1,1960
10/05/2021 11:34:40,2,2150,780,3,1,1930
10/05/2021 11:34:56,2,2150,780,3,1,1930
10/05/2021 11:35:12,2,2150,780,3,2,1730
10/05/2021 11:35:28,2,2150,780,3,2,1730
10/05/2021 11:35:44,2,2150,780,3,1,1720
10/05/2021 11:36:00,2,-999,780,3,1,1720
10/05/2021 11:36:32,2,-999,780,3,1,1720
10/05/2021 11:36:48,2,-999,780,3,1,1720
10/05/2021 11:37:20,2,-999,780,3,1,1720
10/05/2021 11:37:36,2,-999,780,3,2,1690
10/05/2021 11:37:52,2,1980,780,3,2,1690
10/05/2021 11:38:24,2,1990,780,3,1,1880
10/05/2021 11:38:40,2,1980,780,3,2,1640
10/05/2021 11:39:12,2,1980,780,3,2,1640
10/05/2021 11:39:28,2,1980,780,3,2,1620
10/05/2021 11:39:44,2,1980,780,3,2,1620
10/05/2021 11:40:16,2,1980,780,3,1,1620
10/05/2021 11:40:32,2,1980,780,3,1,1600
10/05/2021 11:40:48,2,1940,780,3,1,1600
10/05/2021 11:41:20,2,1940,780,3,1,1550
10/05/2021 11:41:36,2,-999,780,3,1,1550
10/05/2021 11:42:24,2,1830,780,3,1,1610
10/05/2021 11:42:56,2,1830,780,3,1,1590
10/05/2021 11:43:28,2,1780,780,3,1,1600
10/05/2021 11:43:44,2,1740,780,3,1,1600
10/05/2021 11:44:00,2,1740,780,3,1,1600
10/05/2021 11:44:32,2,1740,780,3,1,1590
10/05/2021 11:44:48,2,1740,780,3,1,1590
10/05/2021 11:45:04,2,1740,780,3,1,1590
10/05/2021 11:45:20,2,1730,780,3,1,1550
10/05/2021 11:45:36,2,1720,780,3,1,1550
10/05/2021 11:46:08,2,1730,780,3,1,1550
10/05/2021 11:46:24,2,1730,780,3,1,1550
10/05/2021 11:46:56,2,1730,780,3,2,1610
10/05/2021 11:47:28,2,1730,780,3,1,1670
10/05/2021 11:47:44,2,1730,780,3,1,1550
10/05/2021 11:48:16,2,1730,780,3,1,1540
10/05/2021 11:48:32,2,1730,780,3,1,1540
10/05/2021 11:49:04,2,1740,780,3,1,1560
10/05/2021 11:49:20,2,1740,780,3,1,1560
10/05/2021 11:49:52,2,1740,780,3,1,1560
10/05/2021 11:50:24,2,-999,780,3,1,1520
10/05/2021 11:50:40,2,1740,780,3,1,1560
10/05/2021 11:51:28,2,1740,780,3,2,1500
10/05/2021 11:52:00,2,1720,780,3,1,2110
10/05/2021 11:52:32,2,1710,780,3,1,1990
10/05/2021 11:52:48,2,-999,780,3,1,1990
10/05/2021 11:53:20,2,-999,780,3,1,1960
10/05/2021 11:53:36,2,-999,780,3,1,1960
10/05/2021 11:53:52,2,-999,780,3,2,1640
10/05/2021 11:54:08,2,-999,780,3,2,1640
10/05/2021 11:54:24,2,-999,780,3,1,1510
10/05/2021 11:54:40,2,-999,780,3,1,1510
10/05/2021 11:55:12,2,-999,780,3,1,1490
10/05/2021 11:55:28,2,-999,780,3,1,1560
10/05/2021 11:55:44,2,-999,780,3,1,1560
10/05/2021 11:56:00,2,-999,780,3,1,1560
10/05/2021 11:56:16,2,-999,780,3,1,1580
10/05/2021 11:56:32,2,-999,780,3,1,1580
10/05/2021 11:56:48,2,-999,780,3,1,1540
10/05/2021 11:57:20,2,-999,780,3,1,1500
10/05/2021 11:58:08,2,1690,780,3,1,1610
10/05/2021 11:58:24,2,1690,780,3,1,1610
10/05/2021 11:58:56,2,1730,780,3,0,-999
10/05/2021 11:59:12,2,1650,780,3,0,-999
10/05/2021 11:59:28,2,1650,780,3,0,-999
10/05/2021 11:59:44,2,1810,780,3,0,-999
10/05/2021 12:00:00,1,1840,470,3,0,-999
10/05/2021 12:00:16,1,1790,470,3,0,-999
10/05/2021 12:00:32,1,1790,470,3,0,-999
10/05/2021 12:00:48,1,1790,470,3,0,-999
10/05/2021 12:01:20,1,-999,470,3,1,2290
10/05/2021 12:01:36,1,1290,470,3,0,-999
10/05/2021 12:01:52,1,1300,470,3,0,-999
10/05/2021 12:02:08,1,1300,470,3,0,-999
10/05/2021 12:02:24,1,1310,470,3,0,-999
10/05/2021 12:02:40,1,1310,470,3,0,-999
10/05/2021 12:02:56,1,1320,470,3,0,-999
10/05/2021 12:03:12,1,1320,470,3,0,-999
10/05/2021 12:03:28,1,-999,470,3,1,1890
10/05/2021 12:04:00,1,-999,470,3,1,1800
10/05/2021 12:04:16,1,-999,470,3,1,1800
10/05/2021 12:04:32,1,-999,470,3,2,1520
10/05/2021 12:04:48,1,-999,470,3,2,1520
10/05/2021 12:05:04,1,-999,470,3,2,1570
10/05/2021 12:05:20,1,-999,470,3,2,1570
10/05/2021 12:05:36,1,-999,470,3,2,1570
10/05/2021 12:05:52,1,-999,470,3,1,1760
10/05/2021 12:06:24,1,-999,470,3,1,1670
10/05/2021 12:06:56,1,-999,470,3,1,1630
10/05/2021 12:07:12,1,-999,470,3,1,1630
10/05/2021 12:07:28,1,-999,470,3,2,1540
10/05/2021 12:07:44,1,-999,470,3,2,1540
10/05/2021 12:08:00,1,-999,470,3,2,1540
10/05/2021 12:08:16,1,-999,470,3,1,1560
10/05/2021 12:08:32,1,-999,470,3,1,1560
10/05/2021 12:08:48,1,-999,470,3,1,2230
10/05/2021 12:09:04,1,-999,470,3,1,2230
10/05/2021 12:09:36,1,1870,470,3,2,1600
10/05/2021 12:09:52,1,-999,470,3,2,1650
10/05/2021 12:10:24,1,-999,470,3,2,1650
10/05/2021 12:10:40,1,-999,470,3,1,2180
10/05/2021 12:10:56,1,-999,470,3,1,2180
10/05/2021 12:11:12,1,-999,470,3,1,2200
10/05/2021 12:11:44,1,2340,470,3,1,2190
10/05/2021 12:12:16,1,2340,470,3,2,1740
10/05/2021 12:12:32,1,2340,470,3,2,1740
10/05/2021 12:12:48,1,2300,470,3,2,1740
10/05/2021 12:13:04,1,2300,470,3,1,1700
10/05/2021 12:13:20,1,2290,470,3,1,1700
10/05/2021 12:13:36,1,2290,470,3,1,1670
10/05/2021 12:13:52,1,2290,470,3,1,1670
10/05/2021 12:14:08,1,2290,470,3,1,1730
10/05/2021 12:14:40,1,2290,470,3,1,1740
10/05/2021 12:14:56,1,-999,470,3,1,1740
10/05/2021 12:15:28,1,-999,470,3,1,1710
10/05/2021 12:15:44,1,-999,470,3,1,1710
10/05/2021 12:16:00,1,-999,470,3,1,1680
10/05/2021 12:16:16,1,-999,470,3,1,1680
10/05/2021 12:16:32,1,-999,470,3,2,1710
10/05/2021 12:16:48,1,2000,470,3,2,1710
10/05/2021 12:17:04,1,-999,470,3,1,2100
10/05/2021 12:17:20,1,-999,470,3,1,2100
10/05/2021 12:17:36,1,-999,470,3,1,2100
10/05/2021 12:17:52,1,-999,470,3,2,1640
10/05/2021 12:18:08,1,-999,470,3,2,1640
10/05/2021 12:18:56,1,-999,470,3,1,1850
10/05/2021 12:19:12,1,-999,470,3,1,1850
10/05/2021 12:20:00,1,-999,470,3,1,1970
10/05/2021 12:20:16,1,-999,470,3,1,2090
10/05/2021 12:20:48,1,2290,470,3,1,1990
10/05/2021 12:21:04,1,-999,470,3,1,1990
10/05/2021 12:21:20,1,-999,470,3,1,1820
10/05/2021 12:21:52,1,-999,470,3,1,1940
10/05/2021 12:22:24,1,2120,470,3,1,1940
10/05/2021 12:22:40,1,2120,470,3,1,1820
10/05/2021 12:22:56,1,2090,470,3,1,1820
10/05/2021 12:23:28,1,2080,470,3,2,1780
10/05/2021 12:23:44,1,2080,470,3,2,1640
10/05/2021 12:24:00,1,2080,470,3,2,1640
10/05/2021 12:24:16,1,2080,470,3,1,1790
10/05/2021 12:24:32,1,-999,470,3,1,1790
10/05/2021 12:24:48,1,-999,470,3,1,1790
10/05/2021 12:25:04,1,2020,470,3,1,1810
10/05/2021 12:25:20,1,2020,470,3,1,1810
10/05/2021 12:25:52,1,2020,470,3,1,1800
10/05/2021 12:26:24,1,1950,470,3,1,1810
10/05/2021 12:26:56,1,1950,470,3,1,1770
10/05/2021 12:27:28,1,1930,470,3,1,1790
10/05/2021 12:28:00,1,1950,470,3,2,1670
10/05/2021 12:28:16,1,1950,470,3,2,1670
10/05/2021 12:28:48,1,1990,470,3,1,2100
10/05/2021 12:29:04,1,1930,470,3,1,2140
10/05/2021 12:29:36,1,1930,470,3,1,2140
10/05/2021 12:30:08,1,-999,470,3,1,2000
10/05/2021 12:30:24,1,-999,470,3,1,1960
10/05/2021 12:30:56,1,-999,470,3,1,1840
10/05/2021 12:31:12,1,-999,470,3,1,1840
10/05/2021 12:31:44,1,-999,470,3,1,1870
10/05/2021 12:32:00,1,-999,470,3,1,1870
10/05/2021 12:32:32,1,-999,470,3,2,1630
10/05/2021 12:33:04,1,-999,470,3,2,1590
10/05/2021 12:33:36,1,-999,470,3,1,1800
10/05/2021 12:33:52,1,-999,470,3,1,2000
10/05/2021 12:34:08,1,-999,470,3,1,2000
10/05/2021 12:34:24,1,-999,470,3,1,2000
10/05/2021 12:34:40,1,-999,470,3,1,2040
10/05/2021 12:34:56,1,-999,470,3,1,2040
10/05/2021 12:35:28,1,-999,470,3,2,1800
10/05/2021 12:36:00,1,-999,470,3,1,1790
10/05/2021 12:36:16,1,-999,470,3,2,1780
10/05/2021 12:36:48,1,-999,470,3,2,1780
10/05/2021 12:37:04,1,-999,470,3,1,2160
10/05/2021 12:37:36,1,950,470,3,0,-999
10/05/2021 12:38:08,1,950,470,3,0,-999
10/05/2021 12:38:40,1,-999,470,3,1,2200
10/05/2021 12:38:56,1,2340,470,3,1,2200
10/05/2021 12:39:12,1,1650,470,3,1,2200
10/05/2021 12:39:44,1,1650,470,3,1,2140
10/05/2021 12:40:00,1,1650,470,3,1,2110
10/05/2021 12:40:32,1,2310,470,3,1,2100
10/05/2021 12:40:48,1,2310,470,3,1,2100
10/05/2021 12:41:04,1,2310,470,3,1,2110
10/05/2021 12:41:36,1,2310,470,3,1,2110
10/05/2021 12:41:52,1,2300,470,3,1,2000
10/05/2021 12:42:24,1,2300,470,3,2,1950
10/05/2021 12:42:56,1,2300,470,3,2,1950
10/05/2021 12:43:12,1,2270,470,3,2,1950
10/05/2021 12:43:44,1,2230,470,3,2,1920
10/05/2021 12:44:00,1,2230,470,3,2,1920
10/05/2021 12:44:16,1,2230,470,3,1,1880
10/05/2021 12:44:48,1,2220,470,3,2,1820
10/05/2021 12:45:20,1,2220,470,3,1,1920
10/05/2021 12:45:52,1,2220,470,3,1,1890
10/05/2021 12:46:08,1,2140,470,3,1,1890
10/05/2021 12:46:40,1,-999,470,3,2,1660
10/05/2021 12:46:56,1,-999,470,3,2,1660
10/05/2021 12:47:28,1,-999,470,3,1,1660
10/05/2021 12:48:00,1,-999,470,3,1,1580
10/05/2021 12:48:16,1,-999,470,3,1,1570
10/05/2021 12:48:32,1,-999,470,3,1,1570
10/05/2021 12:49:04,1,-999,470,3,1,1530
10/05/2021 12:49:20,1,-999,470,3,1,1530
10/05/2021 12:49:52,1,-999,470,3,1,1570
10/05/2021 12:50:08,1,1750,470,3,1,1590
10/05/2021 12:50:40,1,1750,470,3,1,1730
10/05/2021 12:50:56,1,1750,470,3,1,1730
10/05/2021 12:51:12,1,-999,470,3,1,1730
10/05/2021 12:51:28,1,-999,470,3,1,1940
10/05/2021 12:52:00,1,-999,470,3,1,1950
10/05/2021 12:52:16,1,-999,470,3,1,1950
10/05/2021 12:52:32,1,-999,470,3,1,2050
10/05/2021 12:53:04,1,-999,470,3,1,2120
10/05/2021 12:53:36,1,-999,470,3,1,2120
10/05/2021 12:54:24,1,-999,470,3,1,2250
10/05/2021 12:54:40,1,-999,470,3,1,2250
10/05/2021 12:55:12,1,-999,470,3,1,2260
10/05/2021 12:55:44,1,-999,470,3,1,2180
10/05/2021 12:56:00,1,2280,470,3,1,2180
10/05/2021 12:56:16,1,2320,470,3,1,2190
10/05/2021 12:56:32,1,2320,470,3,1,2190
10/05/2021 12:56:48,1,2320,470,3,1,2250
10/05/2021 12:57:04,1,2320,470,3,1,2250
10/05/2021 12:57:20,1,2340,470,3,1,2220
10/05/2021 12:57:36,1,2400,470,3,1,2220
10/05/2021 12:58:08,1,2400,470,3,1,2180
10/05/2021 12:58:24,1,2320,470,3,1,2180
10/05/2021 12:58:40,1,2340,470,3,1,2200
10/05/2021 12:59:12,1,2320,470,3,1,2220
10/05/2021 12:59:44,1,2320,470,3,1,2180
10/05/2021 13:00:00,1,2320,2300,3,1,2180
10/05/2021 13:00:16,1,2310,2300,3,1,2110
10/05/2021 13:00:32,1,2310,2300,3,1,2110
10/05/2021 13:00:48,1,2300,2300,3,1,2110
10/05/2021 13:01:04,1,2300,2300,3,1,2100
10/05/2021 13:01:20,1,2300,2300,3,1,2100
10/05/2021 13:01:36,1,2300,2300,3,1,2080
10/05/2021 13:01:52,1,2300,2300,3,1,2080
10/05/2021 13:02:08,1,2300,2300,3,1,2120
10/05/2021 13:02:24,1,2300,2300,3,1,2120
10/05/2021 13:02:40,1,2300,2300,3,2,1820
10/05/2021 13:02:56,1,2300,2300,3,2,1820
10/05/2021 13:03:12,1,2300,2300,3,2,1820
10/05/2021 13:03:28,1,2300,2300,3,1,1820
10/05/2021 13:03:44,1,2300,2300,3,1,1820
10/05/2021 13:04:16,1,-999,2300,3,1,1830
10/05/2021 13:05:04,1,-999,2300,3,2,1830
10/05/2021 13:05:20,1,-999,2300,3,2,1830
10/05/2021 13:05:52,1,-999,2300,3,2,1860
10/05/2021 13:06:24,1,-999,2300,3,1,2250
10/05/2021 13:06:56,1,-999,2300,3,1,2270
10/05/2021 13:07:12,1,2380,2300,3,1,2270
10/05/2021 13:07:44,1,2380,2300,3,1,1880
10/05/2021 13:08:00,1,2390,2300,3,1,1880
10/05/2021 13:08:16,1,2390,2300,3,1,2280
10/05/2021 13:08:32,1,2390,2300,3,1,2280
10/05/2021 13:08:48,1,1190,2300,3,0,-999
10/05/2021 13:09:04,1,1190,2300,3,0,-999
10/05/2021 13:09:20,1,2460,2300,3,1,2270
10/05/2021 13:09:36,1,2460,2300,3,1,2270
10/05/2021 13:09:52,1,2460,2300,3,1,2270
10/05/2021 13:10:24,1,2460,2300,3,1,2270
10/05/2021 13:10:56,1,2470,2300,3,1,2320
10/05/2021 13:11:12,1,2470,2300,3,1,2270
10/05/2021 13:11:28,1,2460,2300,3,1,2270
10/05/2021 13:11:44,1,2460,2300,3,1,2250
10/05/2021 13:12:16,1,2420,2300,3,1,2240
10/05/2021 13:12:48,1,1810,2300,3,1,2240
10/05/2021 13:13:04,1,1810,2300,3,1,2250
10/05/2021 13:13:36,1,1190,2300,3,0,-999
10/05/2021 13:13:52,1,1190,2300,3,0,-999
10/05/2021 13:14:08,1,1190,2300,3,0,-999
10/05/2021 13:14:40,1,1190,2300,3,0,-999
10/05/2021 13:14:56,1,1190,2300,3,0,-999
10/05/2021 13:15:28,1,1190,2300,3,0,-999
10/05/2021 13:15:44,1,1190,2300,3,0,-999
10/05/2021 13:16:00,1,1280,2300,3,0,-999
10/05/2021 13:16:16,1,2110,2300,3,0,-999
10/05/2021 13:16:48,1,2200,2300,3,0,-999
10/05/2021 13:17:04,1,2170,2300,3,0,-999
10/05/2021 13:17:20,1,2160,2300,3,0,-999
10/05/2021 13:17:36,1,2150,2300,3,0,-999
10/05/2021 13:17:52,1,2150,2300,3,0,-999
10/05/2021 13:18:08,1,2150,2300,3,0,-999
10/05/2021 13:18:24,1,2130,2300,3,0,-999
10/05/2021 13:18:40,1,2120,2300,3,0,-999
10/05/2021 13:18:56,1,2110,2300,3,0,-999
10/05/2021 13:19:12,1,2110,2300,3,0,-999
10/05/2021 13:19:44,1,2110,2300,3,0,-999
10/05/2021 13:20:00,1,2100,2300,3,0,-999
10/05/2021 13:20:16,1,1730,2300,3,0,-999
10/05/2021 13:20:32,1,1700,2300,3,0,-999
10/05/2021 13:20:48,1,1660,2300,3,0,-999
10/05/2021 13:21:04,1,1620,2300,3,0,-999
10/05/2021 13:21:20,1,1610,2300,3,0,-999
10/05/2021 13:21:36,1,1590,2300,3,0,-999
10/05/2021 13:22:08,1,1560,2300,3,0,-999
10/05/2021 13:22:24,1,1560,2300,3,0,-999
10/05/2021 13:22:40,1,1540,2300,3,0,-999
10/05/2021 13:22:56,1,1530,2300,3,0,-999
10/05/2021 13:23:12,1,1530,2300,3,0,-999
10/05/2021 13:23:28,1,1520,2300,3,0,-999
10/05/2021 13:23:44,1,1510,2300,3,0,-999
10/05/2021 13:24:00,1,1500,2300,3,0,-999
10/05/2021 13:24:16,1,1490,2300,3,0,-999
10/05/2021 13:24:32,1,1490,2300,3,0,-999
10/05/2021 13:24:48,1,1480,2300,3,0,-999
10/05/2021 13:25:20,1,1660,2300,3,0,-999
10/05/2021 13:25:36,1,-999,2300,3,1,2340
10/05/2021 13:25:52,1,-999,2300,3,1,2340
10/05/2021 13:26:08,1,1570,2300,3,0,-999
10/05/2021 13:26:24,1,1580,2300,3,0,-999
10/05/2021 13:26:56,1,1460,2300,3,0,-999
10/05/2021 13:27:28,1,1470,2300,3,0,-999
10/05/2021 13:27:44,1,1470,2300,3,0,-999
10/05/2021 13:28:00,1,-999,2300,3,1,1560
10/05/2021 13:28:16,1,-999,2300,3,1,1560
10/05/2021 13:28:32,1,-999,2300,3,1,1650
10/05/2021 13:28:48,1,-999,2300,3,1,1650
10/05/2021 13:29:04,1,1570,2300,3,0,-999
10/05/2021 13:29:36,1,1580,2300,3,0,-999
10/05/2021 13:29:52,1,1640,2300,3,0,-999
10/05/2021 13:30:08,1,1660,2300,3,0,-999
10/05/2021 13:30:40,1,-999,2300,3,1,1600
10/05/2021 13:30:56,1,-999,2300,3,2,1610
10/05/2021 13:31:28,1,-999,2300,3,1,2210
10/05/2021 13:32:00,1,1740,2300,3,1,2210
10/05/2021 13:32:16,1,-999,2300,3,2,1560
10/05/2021 13:32:48,1,-999,2300,3,1,2180
10/05/2021 13:33:04,1,-999,2300,3,1,2180
10/05/2021 13:33:20,1,-999,2300,3,1,2130
10/05/2021 13:33:36,1,-999,2300,3,1,2130
10/05/2021 13:34:08,1,-999,2300,3,1,2040
10/05/2021 13:34:24,1,-999,2300,3,1,2040
10/05/2021 13:34:56,1,-999,2300,3,1,1950
10/05/2021 13:35:28,1,-999,2300,3,1,1740
10/05/2021 13:35:44,1,-999,2300,3,2,1610
10/05/2021 13:36:16,1,-999,2300,3,1,1590
10/05/2021 13:36:32,1,-999,2300,3,1,1590
10/05/2021 13:37:04,1,-999,2300,3,1,1660
10/05/2021 13:37:36,1,1880,2300,3,1,1700
10/05/2021 13:37:52,1,1880,2300,3,1,1700
10/05/2021 13:38:08,1,1880,2300,3,2,1760
10/05/2021 13:38:24,1,1880,2300,3,2,1760
10/05/2021 13:38:40,1,1880,2300,3,1,2080
10/05/2021 13:38:56,1,1880,2300,3,1,2080
10/05/2021 13:39:12,1,-999,2300,3,1,2080
10/05/2021 13:39:28,1,-999,2300,3,1,2150
10/05/2021 13:39:44,1,-999,2300,3,1,2150
10/05/2021 13:40:16,1,-999,2300,3,1,2080
10/05/2021 13:40:32,1,-999,2300,3,1,2040
10/05/2021 13:41:04,1,-999,2300,3,1,2010
10/05/2021 13:41:36,1,-999,2300,3,1,2010
10/05/2021 13:41:52,1,2310,2300,3,1,2040
10/05/2021 13:42:08,1,2310,2300,3,1,2040
10/05/2021 13:42:40,1,2310,2300,3,1,2240
10/05/2021 13:42:56,1,2250,2300,3,1,2390
10/05/2021 13:43:28,1,2250,2300,3,1,2220
10/05/2021 13:44:00,1,-999,2300,3,1,2220
10/05/2021 13:44:16,1,-999,2300,3,1,2260
10/05/2021 13:44:48,1,-999,2300,3,1,2200
10/05/2021 13:45:20,1,-999,2300,3,1,2080
10/05/2021 13:45:36,1,-999,2300,3,1,2080
10/05/2021 13:46:08,1,2490,2300,3,1,2110
10/05/2021 13:46:24,1,-999,2300,3,1,2110
10/05/2021 13:46:40,1,-999,2300,3,1,2130
10/05/2021 13:47:12,1,-999,2300,3,1,2160
10/05/2021 13:47:28,1,2280,2300,3,1,2160
10/05/2021 13:48:16,1,2280,2300,3,1,2120
10/05/2021 13:48:32,1,2290,2300,3,1,2120
10/05/2021 13:49:20,1,2290,2300,3,2,2120
10/05/2021 13:49:52,1,2290,2300,3,1,2240
10/05/2021 13:50:08,1,2290,2300,3,1,2220
10/05/2021 13:50:56,1,2290,2300,3,1,2240
10/05/2021 13:51:12,1,2380,2300,3,1,2240
10/05/2021 13:51:28,1,2380,2300,3,1,2240
10/05/2021 13:52:00,1,2460,2300,3,1,2290
10/05/2021 13:52:16,1,2460,2300,3,1,2290
10/05/2021 13:52:32,1,2460,2300,3,1,2380
10/05/2021 13:53:04,1,2490,2300,3,1,2370
10/05/2021 13:53:20,1,2500,2300,3,1,2370
10/05/2021 13:53:52,1,2510,2300,3,1,2370
10/05/2021 13:54:40,1,2510,2300,3,1,2380
10/05/2021 13:54:56,1,2510,2300,3,1,2370
10/05/2021 13:55:12,1,2510,2300,3,1,2370
10/05/2021 13:55:28,1,2510,2300,3,1,2370
10/05/2021 13:55:44,1,2510,2300,3,1,2370
10/05/2021 13:56:00,1,2510,2300,3,1,2370
10/05/2021 13:56:16,1,2510,2300,3,1,2400
10/05/2021 13:56:48,1,2510,2300,3,1,2400
10/05/2021 13:57:04,1,2510,2300,3,1,2400
10/05/2021 13:57:36,1,2510,2300,3,1,2330
10/05/2021 13:57:52,1,2510,2300,3,1,2340
10/05/2021 13:58:24,1,2510,2300,3,1,2340
10/05/2021 13:58:56,1,2510,2300,3,1,2350
10/05/2021 13:59:28,1,2510,2300,3,1,2370
10/05/2021 13:59:44,1,1760,2300,3,0,-999
10/05/2021 14:00:00,1,1680,2390,3,0,-999
10/05/2021 14:00:32,1,1610,2390,3,0,-999
10/05/2021 14:01:04,1,1520,2390,3,0,-999
10/05/2021 14:01:20,1,1460,2390,3,0,-999
10/05/2021 14:01:36,1,1460,2390,3,0,-999
10/05/2021 14:01:52,1,1460,2390,3,0,-999
10/05/2021 14:02:08,1,1410,2390,3,0,-999
10/05/2021 14:02:40,1,-999,2390,3,1,2460
10/05/2021 14:02:56,1,-999,2390,3,1,2460
10/05/2021 14:03:12,1,-999,2390,3,1,2460
10/05/2021 14:03:28,1,-999,2390,3,1,2450
10/05/2021 14:03:44,1,-999,2390,3,1,2450
10/05/2021 14:04:00,1,-999,2390,3,1,2450
10/05/2021 14:04:16,1,-999,2390,3,1,2450
10/05/2021 14:04:32,1,-999,2390,3,1,2420
10/05/2021 14:04:48,1,-999,2390,3,1,2420
10/05/2021 14:05:04,1,-999,2390,3,1,2400
10/05/2021 14:05:36,1,2580,2390,3,1,2400
10/05/2021 14:05:52,1,2580,2390,3,2,2190
10/05/2021 14:06:08,1,2570,2390,3,2,2190
10/05/2021 14:06:24,1,2570,2390,3,1,2100
10/05/2021 14:06:40,1,-999,2390,3,1,2100
10/05/2021 14:06:56,1,-999,2390,3,2,1440
10/05/2021 14:07:12,1,-999,2390,3,2,1440
10/05/2021 14:07:44,1,-999,2390,3,2,1770
10/05/2021 14:08:16,1,-999,2390,3,1,1750
10/05/2021 14:08:32,1,-999,2390,3,1,1750
10/05/2021 14:08:48,1,-999,2390,3,1,1740
10/05/2021 14:09:04,1,-999,2390,3,1,1740
10/05/2021 14:09:20,1,-999,2390,3,3,1480
10/05/2021 14:09:36,1,-999,2390,3,3,1480
10/05/2021 14:10:08,1,-999,2390,3,2,1900
10/05/2021 14:10:40,1,-999,2390,3,1,1720
10/05/2021 14:11:12,1,-999,2390,3,1,1900
10/05/2021 14:11:28,1,-999,2390,3,1,1900
10/05/2021 14:12:00,1,-999,2390,3,1,1930
10/05/2021 14:12:32,1,-999,2390,3,2,2000
10/05/2021 14:13:04,1,-999,2390,3,1,2270
10/05/2021 14:13:20,1,-999,2390,3,1,2270
10/05/2021 14:13:36,1,-999,2390,3,1,2070
10/05/2021 14:13:52,1,-999,2390,3,1,2070
10/05/2021 14:14:08,1,-999,2390,3,2,2010
10/05/2021 14:14:40,1,-999,2390,3,1,2320
10/05/2021 14:15:28,1,1890,2390,3,0,-999
10/05/2021 14:16:00,1,1720,2390,3,0,-999
10/05/2021 14:16:16,1,1720,2390,3,0,-999
10/05/2021 14:16:48,1,1700,2390,3,0,-999
10/05/2021 14:17:04,1,1740,2390,3,0,-999
10/05/2021 14:17:20,1,1730,2390,3,0,-999
10/05/2021 14:17:36,1,1720,2390,3,0,-999
10/05/2021 14:18:08,1,1790,2390,3,0,-999
10/05/2021 14:18:24,1,1740,2390,3,0,-999
10/05/2021 14:18:40,1,1700,2390,3,0,-999
10/05/2021 14:18:56,1,1690,2390,3,0,-999
10/05/2021 14:19:12,1,1670,2390,3,0,-999
10/05/2021 14:19:28,1,1710,2390,3,0,-999
10/05/2021 14:19:44,1,1750,2390,3,0,-999
10/05/2021 14:20:16,1,1730,2390,3,0,-999
10/05/2021 14:20:32,1,1680,2390,3,0,-999
10/05/2021 14:20:48,1,1680,2390,3,0,-999
10/05/2021 14:21:04,1,1670,2390,3,0,-999
10/05/2021 14:21:36,1,1650,2390,3,0,-999
10/05/2021 14:21:52,1,1640,2390,3,0,-999
10/05/2021 14:22:08,1,1630,2390,3,0,-999
10/05/2021 14:22:40,1,1620,2390,3,0,-999
10/05/2021 14:22:56,1,1610,2390,3,0,-999
10/05/2021 14:23:12,1,1590,2390,3,0,-999
10/05/2021 14:23:28,1,1570,2390,3,0,-999
10/05/2021 14:23:44,1,1560,2390,3,0,-999
10/05/2021 14:24:00,1,1550,2390,3,0,-999
10/05/2021 14:24:16,1,1530,2390,3,0,-999
10/05/2021 14:24:32,1,1510,2390,3,0,-999
10/05/2021 14:24:48,1,1500,2390,3,0,-999
10/05/2021 14:25:04,1,1480,2390,3,0,-999
10/05/2021 14:25:20,1,1470,2390,3,0,-999
10/05/2021 14:25:36,1,1480,2390,3,0,-999
10/05/2021 14:25:52,1,1470,2390,3,0,-999
10/05/2021 14:26:08,1,1460,2390,3,0,-999
10/05/2021 14:26:40,1,1450,2390,3,0,-999
10/05/2021 14:26:56,1,1450,2390,3,0,-999
10/05/2021 14:27:12,1,1450,2390,3,0,-999
10/05/2021 14:27:44,1,1430,2390,3,0,-999
10/05/2021 14:28:00,1,1410,2390,3,0,-999
10/05/2021 14:28:16,1,1400,2390,3,0,-999
10/05/2021 14:28:32,1,1380,2390,3,0,-999
10/05/2021 14:29:04,1,1380,2390,3,0,-999
10/05/2021 14:29:20,1,1380,2390,3,0,-999
10/05/2021 14:29:36,1,1380,2390,3,0,-999
10/05/2021 14:29:52,1,1380,2390,3,0,-999
10/05/2021 14:30:08,1,1370,2390,3,0,-999
10/05/2021 14:30:24,1,1380,2390,3,0,-999
10/05/2021 14:30:40,1,1380,2390,3,0,-999
10/05/2021 14:30:56,1,1380,2390,3,0,-999
10/05/2021 14:31:12,1,1380,2390,3,0,-999
10/05/2021 14:31:28,1,-999,2390,3,1,2250
10/05/2021 14:31:44,1,-999,2390,3,1,2250
10/05/2021 14:32:00,1,-999,2390,3,1,2250
10/05/2021 14:32:32,1,-999,2390,3,1,2230
10/05/2021 14:33:04,1,-999,2390,3,1,2240
10/05/2021 14:33:20,1,-999,2390,3,1,2220
10/05/2021 14:33:36,1,-999,2390,3,1,2220
10/05/2021 14:33:52,1,1590,2390,3,0,-999
10/05/2021 14:34:24,1,1590,2390,3,0,-999
10/05/2021 14:34:40,1,2400,2390,3,1,2280
10/05/2021 14:34:56,1,2400,2390,3,1,2280
10/05/2021 14:35:28,1,2400,2390,3,1,2280
10/05/2021 14:35:44,1,2410,2390,3,1,2290
10/05/2021 14:36:00,1,2420,2390,3,1,2290
10/05/2021 14:36:16,1,1460,2390,3,0,-999
10/05/2021 14:36:32,1,1460,2390,3,0,-999
10/05/2021 14:37:04,1,1530,2390,3,0,-999
10/05/2021 14:37:20,1,1550,2390,3,0,-999
10/05/2021 14:37:52,1,1590,2390,3,0,-999
10/05/2021 14:38:08,1,1580,2390,3,0,-999
10/05/2021 14:38:40,1,1560,2390,3,0,-999
10/05/2021 14:38:56,1,1590,2390,3,0,-999
10/05/2021 14:39:12,1,1590,2390,3,0,-999
10/05/2021 14:39:28,1,1590,2390,3,0,-999
10/05/2021 14:39:44,1,1590,2390,3,0,-999
10/05/2021 14:40:00,1,1600,2390,3,0,-999
10/05/2021 14:40:16,1,1580,2390,3,0,-999
10/05/2021 14:40:32,1,1610,2390,3,0,-999
10/05/2021 14:40:48,1,1630,2390,3,0,-999
10/05/2021 14:41:04,1,1650,2390,3,0,-999
10/05/2021 14:41:20,1,1650,2390,3,0,-999
10/05/2021 14:41:52,1,1670,2390,3,0,-999
10/05/2021 14:42:08,1,1670,2390,3,0,-999
10/05/2021 14:42:24,1,1690,2390,3,0,-999
10/05/2021 14:42:40,1,1680,2390,3,0,-999
10/05/2021 14:42:56,1,1670,2390,3,0,-999
10/05/2021 14:43:12,1,1660,2390,3,0,-999
10/05/2021 14:43:28,1,1660,2390,3,0,-999
10/05/2021 14:44:00,1,1660,2390,3,0,-999
10/05/2021 14:44:16,1,1670,2390,3,0,-999
10/05/2021 14:44:32,1,1680,2390,3,0,-999
10/05/2021 14:44:48,1,1650,2390,3,0,-999
10/05/2021 14:45:04,1,1630,2390,3,0,-999
10/05/2021 14:45:20,1,1690,2390,3,0,-999
10/05/2021 14:45:52,1,-999,2390,3,1,2420
10/05/2021 14:46:08,1,-999,2390,3,1,2420
10/05/2021 14:46:24,1,-999,2390,3,1,2420
10/05/2021 14:46:40,1,-999,2390,3,1,2420
10/05/2021 14:46:56,1,-999,2390,3,1,2420
10/05/2021 14:47:28,1,1670,2390,3,0,-999
10/05/2021 14:47:44,1,1880,2390,3,0,-999
10/05/2021 14:48:16,1,1810,2390,3,0,-999
10/05/2021 14:48:32,1,1800,2390,3,0,-999
10/05/2021 14:48:48,1,1800,2390,3,0,-999
10/05/2021 14:49:20,1,1820,2390,3,0,-999
10/05/2021 14:49:36,1,1830,2390,3,0,-999
10/05/2021 14:49:52,1,1780,2390,3,0,-999
10/05/2021 14:50:08,1,-999,2390,3,1,2220
10/05/2021 14:50:24,1,-999,2390,3,1,2220
10/05/2021 14:50:40,1,-999,2390,3,1,2400
10/05/2021 14:50:56,1,-999,2390,3,1,2400
10/05/2021 14:51:12,1,-999,2390,3,1,2400
10/05/2021 14:51:28,1,-999,2390,3,1,2440
10/05/2021 14:51:44,1,-999,2390,3,1,2440
10/05/2021 14:52:00,1,-999,2390,3,1,2390
10/05/2021 14:52:16,1,-999,2390,3,1,2390
10/05/2021 14:52:32,1,-999,2390,3,1,2390
10/05/2021 14:53:04,1,2510,2390,3,1,2400
10/05/2021 14:53:20,1,2510,2390,3,1,2400
10/05/2021 14:53:36,1,2510,2390,3,1,2400
10/05/2021 14:53:52,1,2510,2390,3,2,1670
10/05/2021 14:54:24,1,2510,2390,3,1,1630
10/05/2021 14:54:40,1,2490,2390,3,1,1630
10/05/2021 14:54:56,1,-999,2390,3,2,1580
10/05/2021 14:55:12,1,-999,2390,3,2,1580
10/05/2021 14:55:28,1,-999,2390,3,1,2370
10/05/2021 14:55:44,1,-999,2390,3,1,2370
10/05/2021 14:56:00,1,-999,2390,3,1,2370
10/05/2021 14:56:16,1,-999,2390,3,1,2260
10/05/2021 14:56:32,1,-999,2390,3,1,2260
10/05/2021 14:56:48,1,-999,2390,3,2,2230
10/05/2021 14:57:04,1,-999,2390,3,2,2230
10/05/2021 14:57:20,1,-999,2390,3,1,2330
10/05/2021 14:57:36,1,-999,2390,3,1,2330
10/05/2021 14:57:52,1,-999,2390,3,1,2220
10/05/2021 14:58:24,1,-999,2390,3,1,2220
10/05/2021 14:58:40,1,-999,2390,3,1,2200
10/05/2021 14:58:56,1,-999,2390,3,1,2200
10/05/2021 14:59:12,1,1830,2390,3,0,-999
10/05/2021 14:59:28,1,1840,2390,3,0,-999
10/05/2021 14:59:44,1,1740,2390,3,0,-999
10/05/2021 15:00:00,1,1990,1530,3,0,-999
10/05/2021 15:00:16,1,1990,1530,3,0,-999
10/05/2021 15:00:32,1,1900,1530,3,0,-999
10/05/2021 15:00:48,1,1900,1530,3,0,-999
10/05/2021 15:01:20,1,1880,1530,3,0,-999
10/05/2021 15:01:36,1,1880,1530,3,0,-999
10/05/2021 15:01:52,1,1760,1530,3,0,-999
10/05/2021 15:02:08,1,1780,1530,3,0,-999
10/05/2021 15:02:24,1,1810,1530,3,0,-999
10/05/2021 15:02:56,1,1880,1530,3,0,-999
10/05/2021 15:03:12,1,1890,1530,3,0,-999
10/05/2021 15:03:28,1,1890,1530,3,0,-999
10/05/2021 15:03:44,1,1890,1530,3,0,-999
10/05/2021 15:04:00,1,2410,1530,3,0,-999
10/05/2021 15:04:16,1,2270,1530,3,0,-999
10/05/2021 15:04:32,1,2260,1530,3,0,-999
10/05/2021 15:04:48,1,2260,1530,3,0,-999
10/05/2021 15:05:04,1,2250,1530,3,0,-999
10/05/2021 15:05:20,1,2240,1530,3,0,-999
10/05/2021 15:05:36,1,2240,1530,3,0,-999
10/05/2021 15:05:52,1,2240,1530,3,0,-999
10/05/2021 15:06:08,1,2230,1530,3,0,-999
10/05/2021 15:06:24,1,2240,1530,3,0,-999
10/05/2021 15:06:56,1,2240,1530,3,0,-999
10/05/2021 15:07:12,1,2240,1530,3,0,-999
10/05/2021 15:07:28,1,2240,1530,3,0,-999
10/05/2021 15:07:44,1,2240,1530,3,0,-999
10/05/2021 15:08:00,1,2250,1530,3,0,-999
10/05/2021 15:08:16,1,2120,1530,3,0,-999
10/05/2021 15:08:48,1,2030,1530,3,0,-999
10/05/2021 15:09:04,1,2050,1530,3,0,-999
10/05/2021 15:09:20,1,2020,1530,3,0,-999
10/05/2021 15:09:52,1,1960,1530,3,0,-999
10/05/2021 15:10:08,1,1940,1530,3,0,-999
10/05/2021 15:10:24,1,1910,1530,3,0,-999
10/05/2021 15:10:56,1,1770,1530,3,0,-999
10/05/2021 15:11:12,1,1770,1530,3,0,-999
10/05/2021 15:12:00,1,1740,1530,3,0,-999
10/05/2021 15:12:16,1,-999,1530,3,1,2480
10/05/2021 15:12:32,1,-999,1530,3,1,2480
10/05/2021 15:12:48,1,-999,1530,3,1,2480
10/05/2021 15:13:04,1,-999,1530,3,1,2480
10/05/2021 15:13:20,1,-999,1530,3,1,2480
10/05/2021 15:13:36,1,-999,1530,3,1,2450
10/05/2021 15:13:52,1,-999,1530,3,1,2450
10/05/2021 15:14:24,1,-999,1530,3,1,2430
10/05/2021 15:14:40,1,-999,1530,3,1,2390
10/05/2021 15:15:12,1,-999,1530,3,1,2390
10/05/2021 15:15:28,1,2590,1530,3,1,2430
10/05/2021 15:16:00,1,2590,1530,3,1,2250
10/05/2021 15:16:32,1,2590,1530,3,1,2290
10/05/2021 15:16:48,1,2590,1530,3,1,2290
10/05/2021 15:17:04,1,2590,1530,3,1,2330
10/05/2021 15:17:20,1,2560,1530,3,1,2330
10/05/2021 15:17:52,1,2550,1530,3,1,2320
10/05/2021 15:18:08,1,2550,1530,3,1,2320
10/05/2021 15:18:24,1,2550,1530,3,1,2320
10/05/2021 15:18:40,1,2550,1530,3,1,2320
10/05/2021 15:18:56,1,2550,1530,3,1,2440
10/05/2021 15:19:28,1,2550,1530,3,1,2490
10/05/2021 15:19:44,1,2550,1530,3,1,2490
10/05/2021 15:20:16,1,2550,1530,3,1,2500
10/05/2021 15:20:32,1,2550,1530,3,1,2500
10/05/2021 15:21:04,1,2580,1530,3,1,2510
10/05/2021 15:21:36,1,2580,1530,3,1,2520
10/05/2021 15:22:08,1,2220,1530,3,0,-999
10/05/2021 15:22:56,1,2140,1530,3,0,-999
10/05/2021 15:23:12,1,1910,1530,3,0,-999
10/05/2021 15:23:28,1,1910,1530,3,0,-999
10/05/2021 15:24:00,1,2650,1530,3,1,2460
10/05/2021 15:24:16,1,2650,1530,3,1,2450
10/05/2021 15:24:32,1,2610,1530,3,1,2450
10/05/2021 15:24:48,1,2610,1530,3,1,2450
10/05/2021 15:25:20,1,2620,1530,3,1,2470
10/05/2021 15:25:36,1,2610,1530,3,1,2430
10/05/2021 15:26:08,1,2620,1530,3,1,2380
10/05/2021 15:26:24,1,2620,1530,3,1,2380
10/05/2021 15:26:56,1,2620,1530,3,1,2310
10/05/2021 15:27:12,1,2610,1530,3,1,2310
10/05/2021 15:27:28,1,2610,1530,3,1,2260
10/05/2021 15:27:44,1,2610,1530,3,1,2260
10/05/2021 15:28:00,1,2610,1530,3,1,2260
10/05/2021 15:28:32,1,2590,1530,3,2,2320
10/05/2021 15:28:48,1,2570,1530,3,2,2320
10/05/2021 15:29:04,1,2570,1530,3,3,1840
10/05/2021 15:29:20,1,2530,1530,3,3,1840
10/05/2021 15:29:36,1,-999,1530,3,3,1840
10/05/2021 15:29:52,1,-999,1530,3,1,1800
10/05/2021 15:30:08,1,-999,1530,3,1,1800
10/05/2021 15:30:24,1,-999,1530,3,1,1790
10/05/2021 15:30:40,1,-999,1530,3,1,1790
10/05/2021 15:31:12,1,-999,1530,3,1,1770
10/05/2021 15:31:28,1,-999,1530,3,1,1770
10/05/2021 15:31:44,1,1940,1530,3,1,1770
10/05/2021 15:32:16,1,1940,1530,3,1,1740
10/05/2021 15:32:48,1,1940,1530,3,1,1740
10/05/2021 15:33:20,1,1940,1530,3,1,1790
10/05/2021 15:33:52,1,1960,1530,3,0,-999
10/05/2021 15:34:24,1,1980,1530,3,0,-999
10/05/2021 15:34:40,1,2010,1530,3,0,-999
10/05/2021 15:34:56,1,2020,1530,3,0,-999
10/05/2021 15:35:12,1,1710,1530,3,0,-999
10/05/2021 15:35:28,1,1710,1530,3,0,-999
10/05/2021 15:35:44,1,1480,1530,3,0,-999
10/05/2021 15:36:00,1,1480,1530,3,0,-999
10/05/2021 15:36:16,1,1380,1530,3,0,-999
10/05/2021 15:36:32,1,1400,1530,3,0,-999
10/05/2021 15:36:48,1,1400,1530,3,0,-999
10/05/2021 15:37:04,1,1400,1530,3,0,-999
10/05/2021 15:37:20,1,1400,1530,3,0,-999
10/05/2021 15:37:36,1,1430,1530,3,0,-999
10/05/2021 15:37:52,1,1430,1530,3,0,-999
10/05/2021 15:38:24,1,1410,1530,3,0,-999
10/05/2021 15:38:40,1,1410,1530,3,0,-999
10/05/2021 15:38:56,1,1440,1530,3,0,-999
10/05/2021 15:39:12,1,1440,1530,3,0,-999
10/05/2021 15:39:28,1,1460,1530,3,0,-999
10/05/2021 15:39:44,1,2130,1530,3,0,-999
10/05/2021 15:40:00,1,2130,1530,3,0,-999
10/05/2021 15:40:16,1,2130,1530,3,0,-999
10/05/2021 15:40:32,1,2130,1530,3,0,-999
10/05/2021 15:40:48,1,2130,1530,3,0,-999
10/05/2021 15:41:04,1,2130,1530,3,0,-999
10/05/2021 15:41:20,1,2130,1530,3,0,-999
10/05/2021 15:41:52,1,2130,1530,3,0,-999
10/05/2021 15:42:08,1,2130,1530,3,0,-999
10/05/2021 15:42:24,1,2140,1530,3,0,-999
10/05/2021 15:42:40,1,2100,1530,3,0,-999
10/05/2021 15:42:56,1,2100,1530,3,0,-999
10/05/2021 15:43:12,1,2090,1530,3,0,-999
10/05/2021 15:43:28,1,2090,1530,3,0,-999
10/05/2021 15:43:44,1,2080,1530,3,0,-999
10/05/2021 15:44:16,1,2080,1530,3,0,-999
10/05/2021 15:44:32,1,2080,1530,3,0,-999
10/05/2021 15:44:48,1,2070,1530,3,0,-999
10/05/2021 15:45:04,1,2060,1530,3,0,-999
10/05/2021 15:45:20,1,2060,1530,3,0,-999
10/05/2021 15:45:36,1,2050,1530,3,0,-999
10/05/2021 15:45:52,1,2040,1530,3,0,-999
10/05/2021 15:46:08,1,2030,1530,3,0,-999
10/05/2021 15:46:24,1,2030,1530,3,0,-999
10/05/2021 15:46:40,1,2020,1530,3,0,-999
10/05/2021 15:47:28,1,2020,1530,3,0,-999
10/05/2021 15:47:44,1,2020,1530,3,0,-999
10/05/2021 15:48:16,1,2010,1530,3,0,-999
10/05/2021 15:48:32,1,2010,1530,3,0,-999
10/05/2021 15:48:48,1,2010,1530,3,0,-999
10/05/2021 15:49:04,1,2010,1530,3,0,-999
10/05/2021 15:49:20,1,2010,1530,3,0,-999
10/05/2021 15:49:36,1,2070,1530,3,0,-999
10/05/2021 15:50:08,1,2110,1530,3,0,-999
10/05/2021 15:50:24,1,2180,1530,3,0,-999
10/05/2021 15:50:40,1,-999,1530,3,1,2470
10/05/2021 15:50:56,1,-999,1530,3,1,2470
10/05/2021 15:51:12,1,-999,1530,3,1,2470
10/05/2021 15:51:28,1,-999,1530,3,1,2460
10/05/2021 15:52:00,1,-999,1530,3,1,2480
10/05/2021 15:52:32,1,-999,1530,3,1,2480
10/05/2021 15:52:48,1,-999,1530,3,1,2480
10/05/2021 15:53:20,1,2660,1530,3,1,2480
10/05/2021 15:53:36,1,2660,1530,3,1,2480
10/05/2021 15:54:08,1,2660,1530,3,1,2470
10/05/2021 15:54:24,1,2660,1530,3,1,2470
10/05/2021 15:55:12,1,1820,1530,3,0,-999
10/05/2021 15:55:44,1,2660,1530,3,1,2480
10/05/2021 15:56:00,1,2660,1530,3,1,2480
10/05/2021 15:56:32,1,2660,1530,3,1,2490
10/05/2021 15:57:04,1,1660,1530,3,0,-999
10/05/2021 15:57:20,1,1830,1530,3,0,-999
10/05/2021 15:57:36,1,1850,1530,3,0,-999
10/05/2021 15:57:52,1,1620,1530,3,0,-999
10/05/2021 15:58:08,1,1640,1530,3,0,-999
10/05/2021 15:58:40,1,1650,1530,3,0,-999
10/05/2021 15:58:56,1,1670,1530,3,0,-999
10/05/2021 15:59:44,1,1890,1530,3,0,-999
10/05/2021 16:00:00,1,1900,2130,3,0,-999
10/05/2021 16:00:16,1,1900,2130,3,0,-999
10/05/2021 16:00:32,1,1900,2130,3,0,-999
10/05/2021 16:00:48,1,1920,2130,3,0,-999
10/05/2021 16:01:20,1,1920,2130,3,0,-999
10/05/2021 16:01:36,1,1920,2130,3,0,-999
10/05/2021 16:01:52,1,1940,2130,3,0,-999
10/05/2021 16:02:08,1,1940,2130,3,0,-999
10/05/2021 16:02:24,1,1940,2130,3,0,-999
10/05/2021 16:02:56,1,1960,2130,3,0,-999
10/05/2021 16:03:12,1,2010,2130,3,0,-999
10/05/2021 16:03:44,1,2150,2130,3,0,-999
10/05/2021 16:04:00,1,1920,2130,3,0,-999
10/05/2021 16:04:16,1,1870,2130,3,0,-999
10/05/2021 16:04:48,1,1900,2130,3,0,-999
10/05/2021 16:05:04,1,1900,2130,3,0,-999
10/05/2021 16:05:20,1,1900,2130,3,0,-999
10/05/2021 16:05:36,1,1890,2130,3,0,-999
10/05/2021 16:05:52,1,1870,2130,3,0,-999
10/05/2021 16:06:08,1,1880,2130,3,0,-999
10/05/2021 16:06:24,1,1880,2130,3,0,-999
10/05/2021 16:06:40,1,1880,2130,3,0,-999
10/05/2021 16:06:56,1,1890,2130,3,0,-999
10/05/2021 16:07:12,1,1910,2130,3,0,-999
10/05/2021 16:07:28,1,1920,2130,3,0,-999
10/05/2021 16:07:44,1,1920,2130,3,0,-999
10/05/2021 16:08:00,1,1930,2130,3,0,-999
10/05/2021 16:08:16,1,1970,2130,3,0,-999
10/05/2021 16:08:32,1,1990,2130,3,0,-999
10/05/2021 16:08:48,1,2000,2130,3,0,-999
10/05/2021 16:09:20,1,2100,2130,3,0,-999
10/05/2021 16:09:36,1,2190,2130,3,0,-999
10/05/2021 16:09:52,1,2270,2130,3,0,-999
10/05/2021 16:10:08,1,2310,2130,3,0,-999
10/05/2021 16:10:24,1,2310,2130,3,0,-999
10/05/2021 16:10:40,1,2320,2130,3,0,-999
10/05/2021 16:10:56,1,2330,2130,3,0,-999
10/05/2021 16:11:12,1,2330,2130,3,0,-999
10/05/2021 16:11:28,1,2330,2130,3,0,-999
10/05/2021 16:11:44,1,2330,2130,3,0,-999
10/05/2021 16:12:16,1,2330,2130,3,0,-999
10/05/2021 16:12:48,1,2330,2130,3,0,-999
10/05/2021 16:13:04,1,2330,2130,3,0,-999
10/05/2021 16:13:20,1,2330,2130,3,0,-999
10/05/2021 16:13:36,1,2330,2130,3,0,-999
10/05/2021 16:13:52,1,2330,2130,3,0,-999
10/05/2021 16:14:08,1,2320,2130,3,1,2500
10/05/2021 16:14:24,1,2320,2130,3,1,2500
10/05/2021 16:14:40,1,2320,2130,3,1,2510
10/05/2021 16:14:56,1,2320,2130,3,1,2510
10/05/2021 16:15:12,1,2320,2130,3,1,2510
10/05/2021 16:15:28,1,1860,2130,3,0,-999
10/05/2021 16:15:44,1,1860,2130,3,0,-999
10/05/2021 16:16:00,1,-999,2130,3,1,2520
10/05/2021 16:16:16,1,-999,2130,3,1,2520
10/05/2021 16:16:32,1,-999,2130,3,1,2520
10/05/2021 16:16:48,1,-999,2130,3,1,2520
10/05/2021 16:17:04,1,-999,2130,3,1,2460
10/05/2021 16:17:20,1,2670,2130,3,1,2460
10/05/2021 16:17:36,1,2670,2130,3,1,2460
10/05/2021 16:18:08,1,2670,2130,3,1,2430
10/05/2021 16:18:24,1,2670,2130,3,1,2540
10/05/2021 16:18:40,1,2670,2130,3,1,2540
10/05/2021 16:18:56,1,2670,2130,3,1,2530
10/05/2021 16:19:12,1,2670,2130,3,1,2530
10/05/2021 16:19:44,1,2670,2130,3,1,2500
10/05/2021 16:20:16,1,2670,2130,3,1,2510
10/05/2021 16:20:32,1,2670,2130,3,1,2510
10/05/2021 16:20:48,1,2670,2130,3,1,2520
10/05/2021 16:21:20,1,2640,2130,3,1,2460
10/05/2021 16:21:52,1,2630,2130,3,2,2340
10/05/2021 16:22:08,1,2630,2130,3,2,2340
10/05/2021 16:22:40,1,2630,2130,3,1,2520
10/05/2021 16:22:56,1,2630,2130,3,1,2520
10/05/2021 16:23:28,1,2630,2130,3,1,2550
10/05/2021 16:23:44,1,2630,2130,3,1,2570
10/05/2021 16:24:00,1,2630,2130,3,1,2570
10/05/2021 16:24:16,1,2630,2130,3,1,2570
10/05/2021 16:24:32,1,2630,2130,3,1,2570
10/05/2021 16:24:48,1,-999,2130,3,1,2570
10/05/2021 16:25:04,1,-999,2130,3,1,2570
10/05/2021 16:25:20,1,-999,2130,3,1,2570
10/05/2021 16:25:36,1,2650,2130,3,1,2520
10/05/2021 16:25:52,1,2650,2130,3,1,2520
10/05/2021 16:26:08,1,2650,2130,3,1,2320
10/05/2021 16:26:24,1,-999,2130,3,1,2320
10/05/2021 16:26:40,1,-999,2130,3,2,2310
10/05/2021 16:26:56,1,-999,2130,3,2,2310
10/05/2021 16:27:28,1,-999,2130,3,1,2600
10/05/2021 16:28:00,1,-999,2130,3,1,2610
10/05/2021 16:28:32,1,-999,2130,3,1,2610
10/05/2021 16:29:04,1,-999,2130,3,1,2570
10/05/2021 16:29:20,1,-999,2130,3,1,2570
10/05/2021 16:29:52,1,-999,2130,3,1,2560
10/05/2021 16:30:08,1,2750,2130,3,1,2560
10/05/2021 16:30:24,1,2750,2130,3,1,2560
10/05/2021 16:30:56,1,2710,2130,3,1,2560
10/05/2021 16:31:12,1,2710,2130,3,1,2560
10/05/2021 16:31:28,1,2710,2130,3,1,2570
10/05/2021 16:31:44,1,2700,2130,3,1,2570
10/05/2021 16:32:00,1,2700,2130,3,1,2570
10/05/2021 16:32:16,1,2700,2130,3,1,2500
10/05/2021 16:32:32,1,2700,2130,3,1,2500
10/05/2021 16:32:48,1,2700,2130,3,1,2530
10/05/2021 16:33:04,1,2700,2130,3,1,2530
10/05/2021 16:33:20,1,2670,2130,3,1,2490
10/05/2021 16:33:36,1,2670,2130,3,1,2490
10/05/2021 16:34:08,1,2700,2130,3,1,2510
10/05/2021 16:34:40,1,2660,2130,3,1,2440
10/05/2021 16:35:28,1,2650,2130,3,1,2390
10/05/2021 16:35:44,1,2640,2130,3,1,2400
10/05/2021 16:36:00,1,2640,2130,3,1,2400
10/05/2021 16:36:32,1,2640,2130,3,1,2460
10/05/2021 16:36:48,1,2640,2130,3,1,2460
10/05/2021 16:37:20,1,2640,2130,3,1,2540
10/05/2021 16:37:36,1,2640,2130,3,1,2580
10/05/2021 16:38:08,1,2640,2130,3,1,2530
10/05/2021 16:38:40,1,2640,2130,3,1,2540
10/05/2021 16:38:56,1,2640,2130,3,1,2540
10/05/2021 16:39:12,1,2640,2130,3,1,2540
10/05/2021 16:39:28,1,2010,2130,3,0,-999
10/05/2021 16:39:44,1,1990,2130,3,0,-999
10/05/2021 16:40:00,1,1890,2130,3,0,-999
10/05/2021 16:40:16,1,1870,2130,3,0,-999
10/05/2021 16:40:32,1,1870,2130,3,0,-999
10/05/2021 16:40:48,1,1850,2130,3,0,-999
10/05/2021 16:41:04,1,2660,2130,3,1,2460
10/05/2021 16:41:36,1,2660,2130,3,1,2460
10/05/2021 16:41:52,1,2660,2130,3,1,2520
10/05/2021 16:42:08,1,-999,2130,3,1,2520
10/05/2021 16:42:56,1,-999,2130,3,1,2510
10/05/2021 16:43:12,1,-999,2130,3,1,2510
10/05/2021 16:43:44,1,-999,2130,3,1,2470
10/05/2021 16:44:32,1,2670,2130,3,1,2540
10/05/2021 16:44:48,1,1890,2130,3,0,-999
10/05/2021 16:45:04,1,1860,2130,3,0,-999
10/05/2021 16:45:20,1,1820,2130,3,0,-999
10/05/2021 16:45:52,1,1830,2130,3,0,-999
10/05/2021 16:46:08,1,1890,2130,3,0,-999
10/05/2021 16:46:24,1,1910,2130,3,0,-999
10/05/2021 16:46:40,1,1810,2130,3,0,-999
10/05/2021 16:47:12,1,1810,2130,3,0,-999
10/05/2021 16:47:28,1,1810,2130,3,0,-999
10/05/2021 16:47:44,1,1810,2130,3,0,-999
10/05/2021 16:48:00,1,1810,2130,3,0,-999
10/05/2021 16:48:32,1,1810,2130,3,0,-999
10/05/2021 16:49:04,1,-999,2130,3,1,2580
10/05/2021 16:49:20,1,-999,2130,3,1,2580
10/05/2021 16:49:36,1,-999,2130,3,1,2590
10/05/2021 16:49:52,1,-999,2130,3,1,2590
10/05/2021 16:50:08,1,-999,2130,3,1,2580
10/05/2021 16:50:40,1,-999,2130,3,1,2590
10/05/2021 16:50:56,1,-999,2130,3,1,2590
10/05/2021 16:51:12,1,-999,2130,3,1,2590
10/05/2021 16:51:28,1,-999,2130,3,1,2600
10/05/2021 16:51:44,1,2750,2130,3,1,2600
10/05/2021 16:52:32,1,1850,2130,3,0,-999
10/05/2021 16:52:48,1,1850,2130,3,0,-999
10/05/2021 16:53:04,1,1780,2130,3,0,-999
10/05/2021 16:53:36,1,1740,2130,3,0,-999
10/05/2021 16:54:08,1,1750,2130,3,0,-999
10/05/2021 16:54:40,1,1660,2130,3,0,-999
10/05/2021 16:54:56,1,1650,2130,3,0,-999
10/05/2021 16:55:28,1,1630,2130,3,0,-999
10/05/2021 16:56:00,1,1610,2130,3,0,-999
10/05/2021 16:56:32,1,1600,2130,3,0,-999
10/05/2021 16:56:48,1,1580,2130,3,0,-999
10/05/2021 16:57:04,1,1560,2130,3,0,-999
10/05/2021 16:57:36,1,1550,2130,3,0,-999
10/05/2021 16:57:52,1,1540,2130,3,0,-999
10/05/2021 16:58:08,1,1540,2130,3,0,-999
10/05/2021 16:58:24,1,1530,2130,3,0,-999
10/05/2021 16:58:40,1,1520,2130,3,0,-999
10/05/2021 16:58:56,1,1520,2130,3,0,-999
10/05/2021 16:59:12,1,1530,2130,3,0,-999
10/05/2021 16:59:28,1,1530,2130,3,0,-999
10/05/2021 16:59:44,1,1530,2130,3,0,-999
10/05/2021 17:00:00,1,1530,2670,3,0,-999
10/05/2021 17:00:16,1,1530,2670,3,0,-999
10/05/2021 17:00:32,1,1530,2670,3,0,-999
10/05/2021 17:00:48,1,1530,2670,3,0,-999
10/05/2021 17:01:04,1,1530,2670,3,0,-999
10/05/2021 17:01:20,1,1530,2670,3,0,-999
10/05/2021 17:01:36,1,1520,2670,3,0,-999
10/05/2021 17:01:52,1,1510,2670,3,0,-999
10/05/2021 17:02:08,1,1510,2670,3,0,-999
10/05/2021 17:02:24,1,1510,2670,3,0,-999
10/05/2021 17:02:56,1,1500,2670,3,0,-999
10/05/2021 17:03:12,1,1490,2670,3,0,-999
10/05/2021 17:03:28,1,1490,2670,3,0,-999
10/05/2021 17:03:44,1,1490,2670,3,0,-999
10/05/2021 17:04:00,1,1490,2670,3,0,-999
10/05/2021 17:04:16,1,1490,2670,3,0,-999
10/05/2021 17:04:32,1,1490,2670,3,0,-999
10/05/2021 17:04:48,1,1490,2670,3,0,-999
10/05/2021 17:05:20,1,1490,2670,3,0,-999
10/05/2021 17:05:52,1,1480,2670,3,0,-999
10/05/2021 17:06:24,1,1480,2670,3,0,-999
10/05/2021 17:06:40,1,1480,2670,3,0,-999
10/05/2021 17:06:56,1,1480,2670,3,0,-999
10/05/2021 17:07:12,1,1480,2670,3,0,-999
10/05/2021 17:07:28,1,1470,2670,3,0,-999
10/05/2021 17:07:44,1,1470,2670,3,0,-999
10/05/2021 17:08:00,1,1460,2670,3,0,-999
10/05/2021 17:08:16,1,1460,2670,3,0,-999
10/05/2021 17:08:32,1,1460,2670,3,0,-999
10/05/2021 17:08:48,1,1450,2670,3,0,-999
10/05/2021 17:09:04,1,1450,2670,3,0,-999
10/05/2021 17:09:20,1,1460,2670,3,0,-999
10/05/2021 17:09:36,1,1480,2670,3,0,-999
10/05/2021 17:09:52,1,1480,2670,3,0,-999
10/05/2021 17:10:08,1,1480,2670,3,0,-999
10/05/2021 17:10:24,1,1480,2670,3,0,-999
10/05/2021 17:10:40,1,1480,2670,3,0,-999
10/05/2021 17:10:56,1,1470,2670,3,0,-999
10/05/2021 17:11:12,1,1480,2670,3,0,-999
10/05/2021 17:11:28,1,1500,2670,3,0,-999
10/05/2021 17:11:44,1,-999,2670,3,1,2570
10/05/2021 17:12:00,1,-999,2670,3,1,2570
10/05/2021 17:12:16,1,-999,2670,3,1,2570
10/05/2021 17:12:32,1,-999,2670,3,1,2570
10/05/2021 17:12:48,1,-999,2670,3,1,2570
10/05/2021 17:13:04,1,1770,2670,3,0,-999
10/05/2021 17:13:20,1,1760,2670,3,0,-999
10/05/2021 17:13:36,1,-999,2670,3,1,2600
10/05/2021 17:13:52,1,2730,2670,3,1,2600
10/05/2021 17:14:08,1,2740,2670,3,1,2630
10/05/2021 17:14:40,1,2730,2670,3,1,2610
10/05/2021 17:15:12,1,2730,2670,3,1,2610
10/05/2021 17:15:28,1,2730,2670,3,1,2610
10/05/2021 17:15:44,1,2730,2670,3,1,2610
10/05/2021 17:16:00,1,1380,2670,3,0,-999
10/05/2021 17:16:16,1,1380,2670,3,0,-999
10/05/2021 17:16:48,1,2740,2670,3,1,2590
10/05/2021 17:17:04,1,-999,2670,3,1,2610
10/05/2021 17:17:20,1,-999,2670,3,1,2610
10/05/2021 17:17:36,1,-999,2670,3,1,2610
10/05/2021 17:17:52,1,-999,2670,3,1,2620
10/05/2021 17:18:08,1,-999,2670,3,1,2620
10/05/2021 17:18:24,1,1370,2670,3,0,-999
10/05/2021 17:18:40,1,1360,2670,3,0,-999
10/05/2021 17:18:56,1,1360,2670,3,0,-999
10/05/2021 17:19:28,1,1430,2670,3,0,-999
10/05/2021 17:19:44,1,1490,2670,3,0,-999
10/05/2021 17:20:00,1,1490,2670,3,0,-999
10/05/2021 17:20:16,1,1940,2670,3,0,-999
10/05/2021 17:20:32,1,1940,2670,3,0,-999
10/05/2021 17:20:48,1,1490,2670,3,0,-999
10/05/2021 17:21:20,1,1930,2670,3,0,-999
10/05/2021 17:21:36,1,1930,2670,3,0,-999
10/05/2021 17:21:52,1,1930,2670,3,0,-999
10/05/2021 17:22:08,1,1930,2670,3,0,-999
10/05/2021 17:22:24,1,1920,2670,3,0,-999
10/05/2021 17:22:40,1,1920,2670,3,0,-999
10/05/2021 17:22:56,1,1920,2670,3,0,-999
10/05/2021 17:23:28,1,2770,2670,3,1,2620
10/05/2021 17:23:44,1,2770,2670,3,1,2570
10/05/2021 17:24:00,1,2770,2670,3,1,2570
10/05/2021 17:24:32,1,2770,2670,3,1,2560
10/05/2021 17:24:48,1,2770,2670,3,1,2560
10/05/2021 17:25:04,1,2770,2670,3,1,2640
10/05/2021 17:25:04,1,2770,2670,3,1,2640
10/05/2021 17:25:52,1,2780,2670,3,1,2670
10/05/2021 17:26:08,1,380,2670,3,0,-999
10/05/2021 17:26:24,1,380,2670,3,0,-999
10/05/2021 17:26:40,1,2750,2670,3,1,2620
10/05/2021 17:27:28,1,2820,2670,3,1,2640
10/05/2021 17:28:00,1,2750,2670,3,1,2640
10/05/2021 17:28:16,1,2750,2670,3,1,2640
10/05/2021 17:28:32,1,2740,2670,3,1,2650
10/05/2021 17:29:20,1,1760,2670,3,0,-999
10/05/2021 17:29:36,1,1960,2670,3,0,-999
10/05/2021 17:29:52,1,-999,2670,3,1,2600
10/05/2021 17:30:08,1,2740,2670,3,1,2600
10/05/2021 17:30:24,1,-999,2670,3,1,2630
10/05/2021 17:30:40,1,-999,2670,3,1,2630
10/05/2021 17:30:56,1,2010,2670,3,0,-999
10/05/2021 17:31:44,1,1970,2670,3,0,-999
10/05/2021 17:32:00,1,1970,2670,3,0,-999
10/05/2021 17:32:16,1,-999,2670,3,1,2640
10/05/2021 17:32:32,1,-999,2670,3,1,2640
10/05/2021 17:32:48,1,-999,2670,3,1,2650
10/05/2021 17:33:04,1,-999,2670,3,1,2650
10/05/2021 17:33:20,1,-999,2670,3,1,2640
10/05/2021 17:33:36,1,2730,2670,3,1,2640
10/05/2021 17:33:52,1,2810,2670,3,1,2650
10/05/2021 17:34:08,1,2820,2670,3,1,2650
10/05/2021 17:34:24,1,2820,2670,3,1,2650
10/05/2021 17:34:40,1,2820,2670,3,1,2650
10/05/2021 17:34:56,1,2810,2670,3,1,2650
10/05/2021 17:35:12,1,2370,2670,3,0,-999
10/05/2021 17:35:28,1,2370,2670,3,0,-999
10/05/2021 17:35:44,1,2340,2670,3,0,-999
10/05/2021 17:36:00,1,2330,2670,3,0,-999
10/05/2021 17:36:16,1,2340,2670,3,0,-999
10/05/2021 17:36:32,1,1970,2670,3,0,-999
10/05/2021 17:36:48,1,2290,2670,3,0,-999
10/05/2021 17:37:04,1,2290,2670,3,0,-999
10/05/2021 17:37:20,1,2290,2670,3,0,-999
10/05/2021 17:37:36,1,2350,2670,3,0,-999
10/05/2021 17:37:52,1,2370,2670,3,0,-999
10/05/2021 17:38:08,1,-999,2670,3,1,2610
10/05/2021 17:38:24,1,-999,2670,3,1,2610
10/05/2021 17:38:40,1,-999,2670,3,1,2620
10/05/2021 17:38:56,1,-999,2670,3,1,2620
10/05/2021 17:39:12,1,-999,2670,3,1,2620
10/05/2021 17:39:28,1,2370,2670,3,0,-999
10/05/2021 17:39:44,1,2380,2670,3,0,-999
10/05/2021 17:40:00,1,2370,2670,3,0,-999
10/05/2021 17:40:16,1,2370,2670,3,0,-999
10/05/2021 17:40:32,1,2310,2670,3,0,-999
10/05/2021 17:41:20,1,2270,2670,3,0,-999
10/05/2021 17:41:52,1,2280,2670,3,0,-999
10/05/2021 17:42:08,1,2290,2670,3,0,-999
10/05/2021 17:42:24,1,2290,2670,3,0,-999
10/05/2021 17:42:56,1,2290,2670,3,0,-999
10/05/2021 17:43:12,1,2280,2670,3,0,-999
10/05/2021 17:43:28,1,2300,2670,3,0,-999
10/05/2021 17:43:44,1,2320,2670,3,0,-999
10/05/2021 17:44:00,1,2350,2670,3,0,-999
10/05/2021 17:44:16,1,2330,2670,3,0,-999
10/05/2021 17:44:32,1,2300,2670,3,0,-999
10/05/2021 17:44:48,1,-999,2670,3,1,2690
10/05/2021 17:45:04,1,-999,2670,3,1,2690
10/05/2021 17:45:20,1,-999,2670,3,1,2690
10/05/2021 17:45:36,1,-999,2670,3,1,2690
10/05/2021 17:45:52,1,2140,2670,3,0,-999
10/05/2021 17:46:08,1,2100,2670,3,0,-999
10/05/2021 17:46:24,1,2060,2670,3,0,-999
10/05/2021 17:46:40,1,2040,2670,3,0,-999
10/05/2021 17:46:56,1,2030,2670,3,0,-999
10/05/2021 17:47:12,1,1990,2670,3,0,-999
10/05/2021 17:48:00,1,1950,2670,3,0,-999
10/05/2021 17:48:16,1,1910,2670,3,0,-999
10/05/2021 17:48:32,1,1880,2670,3,0,-999
10/05/2021 17:48:48,1,1840,2670,3,0,-999
10/05/2021 17:49:04,1,1860,2670,3,0,-999
10/05/2021 17:49:20,1,1900,2670,3,0,-999
10/05/2021 17:49:52,1,1870,2670,3,0,-999
10/05/2021 17:50:08,1,1970,2670,3,0,-999
10/05/2021 17:50:24,1,2080,2670,3,0,-999
10/05/2021 17:50:40,1,-999,2670,3,1,2720
10/05/2021 17:50:56,1,-999,2670,3,1,2720
10/05/2021 17:51:28,1,-999,2670,3,1,2730
10/05/2021 17:51:44,1,-999,2670,3,1,2730
10/05/2021 17:52:00,1,-999,2670,3,1,2730
10/05/2021 17:52:32,1,1700,2670,3,0,-999
10/05/2021 17:52:48,1,1680,2670,3,0,-999
10/05/2021 17:53:04,1,1650,2670,3,0,-999
10/05/2021 17:53:36,1,1630,2670,3,0,-999
10/05/2021 17:53:52,1,10,2670,3,0,-999
10/05/2021 17:54:08,1,2050,2670,3,0,-999
10/05/2021 17:54:40,1,-999,2670,3,1,2730
10/05/2021 17:54:56,1,-999,2670,3,1,2730
10/05/2021 17:55:12,1,2890,2670,3,1,2730
10/05/2021 17:55:28,1,2890,2670,3,1,2690
10/05/2021 17:56:00,1,-999,2670,3,1,2690
10/05/2021 17:56:16,1,2880,2670,3,1,2760
10/05/2021 17:56:48,1,2880,2670,3,1,2770
10/05/2021 17:57:04,1,2880,2670,3,1,2770
10/05/2021 17:57:20,1,2900,2670,3,1,2760
10/05/2021 17:57:52,1,2900,2670,3,1,2770
10/05/2021 17:58:08,1,2900,2670,3,1,2770
10/05/2021 17:58:40,1,2900,2670,3,1,2790
10/05/2021 17:59:28,1,690,2670,3,0,-999
10/05/2021 17:59:44,1,2900,2670,3,1,2770
10/05/2021 18:00:16,1,2900,2770,3,1,2730
10/05/2021 18:00:32,1,2900,2770,3,1,2730
10/05/2021 18:01:20,1,2900,2770,3,1,2740
10/05/2021 18:01:36,1,2900,2770,3,1,2730
10/05/2021 18:01:52,1,2880,2770,3,1,2730
10/05/2021 18:02:08,1,640,2770,3,0,-999
10/05/2021 18:02:40,1,2880,2770,3,1,2730
10/05/2021 18:02:56,1,2880,2770,3,1,2730
10/05/2021 18:03:12,1,2880,2770,3,1,2730
10/05/2021 18:03:28,1,2880,2770,3,1,2740
10/05/2021 18:03:44,1,-999,2770,3,1,2740
10/05/2021 18:04:00,1,620,2770,3,0,-999
10/05/2021 18:04:16,1,620,2770,3,0,-999
10/05/2021 18:04:32,1,2910,2770,3,1,2710
10/05/2021 18:04:48,1,2910,2770,3,1,2710
10/05/2021 18:05:04,1,2910,2770,3,1,2730
10/05/2021 18:05:20,1,2910,2770,3,1,2730
10/05/2021 18:05:36,1,2910,2770,3,1,2730
10/05/2021 18:06:08,1,2910,2770,3,1,2730
10/05/2021 18:06:24,1,2910,2770,3,1,2730
10/05/2021 18:06:40,1,2910,2770,3,1,2730
10/05/2021 18:06:56,1,2910,2770,3,1,2800
10/05/2021 18:07:12,1,2930,2770,3,1,2800
10/05/2021 18:07:28,1,2930,2770,3,1,2770
10/05/2021 18:07:44,1,2930,2770,3,1,2770
10/05/2021 18:08:00,1,2930,2770,3,1,2770
10/05/2021 18:08:16,1,2930,2770,3,1,2750
10/05/2021 18:08:32,1,2890,2770,3,1,2750
10/05/2021 18:08:48,1,-999,2770,3,1,2750
10/05/2021 18:09:04,1,-999,2770,3,1,2750
10/05/2021 18:09:20,1,670,2770,3,0,-999
10/05/2021 18:09:36,1,680,2770,3,0,-999
10/05/2021 18:09:52,1,680,2770,3,0,-999
10/05/2021 18:10:08,1,700,2770,3,0,-999
10/05/2021 18:10:24,1,700,2770,3,0,-999
10/05/2021 18:10:56,1,700,2770,3,0,-999
10/05/2021 18:11:12,1,700,2770,3,0,-999
10/05/2021 18:11:44,1,690,2770,3,0,-999
10/05/2021 18:12:00,1,690,2770,3,0,-999
10/05/2021 18:12:16,1,2920,2770,3,1,2770
10/05/2021 18:12:32,1,2920,2770,3,1,2770
10/05/2021 18:12:48,1,2910,2770,3,1,2770
10/05/2021 18:13:04,1,2910,2770,3,1,2780
10/05/2021 18:13:20,1,2910,2770,3,1,2780
10/05/2021 18:13:36,1,2910,2770,3,1,2780
10/05/2021 18:13:52,1,2910,2770,3,1,2780
10/05/2021 18:14:08,1,2910,2770,3,1,2790
10/05/2021 18:14:24,1,-999,2770,3,1,2790
10/05/2021 18:14:40,1,-999,2770,3,1,2800
10/05/2021 18:14:56,1,-999,2770,3,1,2800
10/05/2021 18:15:12,1,-999,2770,3,1,2800
10/05/2021 18:15:28,1,-999,2770,3,1,2790
10/05/2021 18:15:44,1,-999,2770,3,1,2790
10/05/2021 18:16:16,1,-999,2770,3,1,2790
10/05/2021 18:16:48,1,-999,2770,3,1,2780
10/05/2021 18:17:20,1,-999,2770,3,1,2780
10/05/2021 18:17:52,1,-999,2770,3,1,2780
10/05/2021 18:18:08,1,-999,2770,3,1,2780
10/05/2021 18:18:24,1,-999,2770,3,1,2770
10/05/2021 18:18:40,1,-999,2770,3,1,2770
10/05/2021 18:18:56,1,-999,2770,3,1,2770
10/05/2021 18:19:12,1,-999,2770,3,1,2770
10/05/2021 18:19:28,1,-999,2770,3,1,2760
10/05/2021 18:19:44,1,-999,2770,3,1,2760
10/05/2021 18:20:00,1,-999,2770,3,1,2760
10/05/2021 18:20:16,1,2880,2770,3,1,2770
10/05/2021 18:20:32,1,2880,2770,3,1,2770
10/05/2021 18:20:48,1,590,2770,3,0,-999
10/05/2021 18:21:04,1,590,2770,3,0,-999
10/05/2021 18:21:20,1,590,2770,3,0,-999
10/05/2021 18:21:36,1,580,2770,3,0,-999
10/05/2021 18:21:52,1,580,2770,3,0,-999
10/05/2021 18:22:08,1,580,2770,3,0,-999
10/05/2021 18:22:24,1,580,2770,3,0,-999
10/05/2021 18:22:40,1,570,2770,3,0,-999
10/05/2021 18:22:56,1,570,2770,3,0,-999
10/05/2021 18:23:28,1,560,2770,3,0,-999
10/05/2021 18:23:44,1,560,2770,3,0,-999
10/05/2021 18:24:00,1,560,2770,3,0,-999
10/05/2021 18:24:16,1,560,2770,3,0,-999
10/05/2021 18:24:32,1,560,2770,3,0,-999
10/05/2021 18:24:48,1,550,2770,3,0,-999
10/05/2021 18:25:04,1,550,2770,3,0,-999
10/05/2021 18:25:20,1,560,2770,3,0,-999
10/05/2021 18:25:36,1,-999,2770,3,1,2830
10/05/2021 18:25:52,1,2960,2770,3,1,2830
10/05/2021 18:26:08,1,2960,2770,3,1,2830
10/05/2021 18:26:24,1,2960,2770,3,1,2830
10/05/2021 18:26:40,1,2950,2770,3,1,2820
10/05/2021 18:26:56,1,2950,2770,3,1,2820
10/05/2021 18:27:12,1,2950,2770,3,1,2820
10/05/2021 18:27:28,1,2950,2770,3,1,2830
10/05/2021 18:27:44,1,2950,2770,3,1,2830
10/05/2021 18:28:00,1,2950,2770,3,1,2820
10/05/2021 18:28:16,1,2960,2770,3,1,2820
10/05/2021 18:28:32,1,2960,2770,3,1,2830
10/05/2021 18:28:48,1,2960,2770,3,1,2830
10/05/2021 18:29:04,1,2960,2770,3,1,2830
10/05/2021 18:29:20,1,2960,2770,3,1,2830
10/05/2021 18:29:36,1,2960,2770,3,1,2830
10/05/2021 18:29:52,1,2960,2770,3,1,2840
10/05/2021 18:30:08,1,-999,2770,3,1,2840
10/05/2021 18:30:24,1,-999,2770,3,1,2840
10/05/2021 18:30:40,1,-999,2770,3,1,2840
10/05/2021 18:30:56,1,-999,2770,3,1,2860
10/05/2021 18:31:12,1,-999,2770,3,1,2860
10/05/2021 18:31:28,1,-999,2770,3,1,2850
10/05/2021 18:31:44,1,-999,2770,3,1,2850
10/05/2021 18:32:00,1,-999,2770,3,1,2850
10/05/2021 18:32:16,1,-999,2770,3,1,2830
10/05/2021 18:32:48,1,2970,2770,3,1,2840
10/05/2021 18:33:04,1,2970,2770,3,1,2840
10/05/2021 18:33:20,1,2970,2770,3,1,2860
10/05/2021 18:33:36,1,2970,2770,3,1,2860
10/05/2021 18:34:08,1,2940,2770,3,1,2850
10/05/2021 18:34:24,1,2940,2770,3,1,2850
10/05/2021 18:34:40,1,2960,2770,3,1,2860
10/05/2021 18:34:56,1,2960,2770,3,1,2860
10/05/2021 18:35:12,1,2960,2770,3,1,2850
10/05/2021 18:35:28,1,2960,2770,3,1,2850
10/05/2021 18:35:44,1,2960,2770,3,1,2860
10/05/2021 18:36:00,1,2960,2770,3,1,2860
10/05/2021 18:36:16,1,2970,2770,3,1,2880
10/05/2021 18:36:32,1,2970,2770,3,1,2880
10/05/2021 18:36:48,1,2980,2770,3,1,2880
10/05/2021 18:37:04,1,2980,2770,3,1,2860
10/05/2021 18:37:20,1,2980,2770,3,1,2860
10/05/2021 18:37:36,1,2980,2770,3,1,2870
10/05/2021 18:37:52,1,2980,2770,3,1,2870
10/05/2021 18:38:08,1,2980,2770,3,1,2850
10/05/2021 18:38:24,1,3000,2770,3,1,2850
10/05/2021 18:38:40,1,3000,2770,3,1,2890
10/05/2021 18:38:56,1,3000,2770,3,1,2890
10/05/2021 18:39:12,1,3000,2770,3,1,2890
10/05/2021 18:39:28,1,3000,2770,3,1,2880
10/05/2021 18:39:44,1,3000,2770,3,1,2880
10/05/2021 18:40:16,1,3000,2770,3,1,2890
10/05/2021 18:40:32,1,3000,2770,3,1,2870
10/05/2021 18:40:48,1,3000,2770,3,1,2870
10/05/2021 18:41:04,1,3000,2770,3,1,2870
10/05/2021 18:41:20,1,3000,2770,3,1,2870
10/05/2021 18:41:36,1,2990,2770,3,1,2870
10/05/2021 18:41:52,1,2990,2770,3,1,2880
10/05/2021 18:42:08,1,2990,2770,3,1,2880
10/05/2021 18:42:24,1,2990,2770,3,1,2870
10/05/2021 18:42:40,1,2990,2770,3,1,2870
10/05/2021 18:42:56,1,2990,2770,3,1,2880
10/05/2021 18:43:12,1,2990,2770,3,1,2880
10/05/2021 18:43:28,1,2990,2770,3,1,2870
10/05/2021 18:43:44,1,2990,2770,3,1,2870
10/05/2021 18:44:00,1,3010,2770,3,1,2870
10/05/2021 18:44:16,1,2990,2770,3,1,2840
10/05/2021 18:44:32,1,2990,2770,3,1,2840
10/05/2021 18:44:48,1,2990,2770,3,1,2810
10/05/2021 18:45:04,1,2990,2770,3,1,2810
10/05/2021 18:45:20,1,2990,2770,3,1,2810
10/05/2021 18:45:36,1,2990,2770,3,1,2810
10/05/2021 18:45:52,1,2990,2770,3,1,2820
10/05/2021 18:46:08,1,2990,2770,3,1,2820
10/05/2021 18:46:24,1,2990,2770,3,1,2820
10/05/2021 18:46:40,1,2970,2770,3,1,2810
10/05/2021 18:47:12,1,2970,2770,3,1,2790
10/05/2021 18:47:28,1,2960,2770,3,1,2790
10/05/2021 18:47:44,1,2960,2770,3,1,2820
10/05/2021 18:48:00,1,2960,2770,3,1,2820
10/05/2021 18:48:16,1,2960,2770,3,1,2840
10/05/2021 18:48:32,1,2960,2770,3,1,2840
10/05/2021 18:48:48,1,2970,2770,3,1,2840
10/05/2021 18:49:04,1,2970,2770,3,1,2820
10/05/2021 18:49:20,1,2980,2770,3,1,2820
10/05/2021 18:49:36,1,2980,2770,3,1,2810
10/05/2021 18:49:52,1,2980,2770,3,1,2810
10/05/2021 18:50:08,1,2980,2770,3,1,2800
10/05/2021 18:50:24,1,2980,2770,3,1,2800
10/05/2021 18:50:40,1,2980,2770,3,1,2790
10/05/2021 18:50:56,1,2950,2770,3,1,2790
10/05/2021 18:51:12,1,2950,2770,3,1,2790
10/05/2021 18:51:28,1,2930,2770,3,1,2800
10/05/2021 18:51:44,1,2930,2770,3,1,2800
10/05/2021 18:52:00,1,2930,2770,3,1,2790
10/05/2021 18:52:16,1,2930,2770,3,1,2790
10/05/2021 18:52:32,1,2930,2770,3,1,2800
10/05/2021 18:52:48,1,2930,2770,3,1,2800
10/05/2021 18:53:20,1,2920,2770,3,1,2820
10/05/2021 18:53:36,1,2920,2770,3,1,2820
10/05/2021 18:53:52,1,2940,2770,3,1,2820
10/05/2021 18:54:08,1,2940,2770,3,1,2820
10/05/2021 18:54:24,1,2950,2770,3,1,2820
10/05/2021 18:54:40,1,2950,2770,3,1,2820
10/05/2021 18:54:56,1,2950,2770,3,1,2820
10/05/2021 18:55:12,1,2950,2770,3,1,2820
10/05/2021 18:55:28,1,2950,2770,3,1,2790
10/05/2021 18:55:44,1,2950,2770,3,1,2790
10/05/2021 18:56:00,1,2950,2770,3,1,2790
10/05/2021 18:56:16,1,2950,2770,3,1,2790
10/05/2021 18:56:32,1,2950,2770,3,1,2790
10/05/2021 18:57:04,1,2950,2770,3,1,2830
10/05/2021 18:57:20,1,2950,2770,3,1,2820
10/05/2021 18:57:36,1,2950,2770,3,1,2820
10/05/2021 18:57:52,1,2950,2770,3,1,2820
10/05/2021 18:58:08,1,2950,2770,3,1,2820
10/05/2021 18:58:24,1,2940,2770,3,1,2820
10/05/2021 18:58:40,1,2940,2770,3,1,2820
10/05/2021 18:58:56,1,2940,2770,3,1,2820
10/05/2021 18:59:12,1,2940,2770,3,1,2800
10/05/2021 18:59:28,1,2940,2770,3,1,2800
10/05/2021 18:59:44,1,2940,2770,3,1,2800
10/05/2021 19:00:00,2,2940,2960,3,1,2800
10/05/2021 19:00:16,2,2940,2960,3,1,2800
10/05/2021 19:00:32,2,2940,2960,3,1,2800
10/05/2021 19:00:48,2,2940,2960,3,1,2800
10/05/2021 19:01:04,2,2940,2960,3,1,2810
10/05/2021 19:01:20,2,2940,2960,3,1,2810
10/05/2021 19:01:36,2,2940,2960,3,1,2840
10/05/2021 19:01:52,2,2940,2960,3,1,2840
10/05/2021 19:02:08,2,2930,2960,3,1,2850
10/05/2021 19:02:40,2,2930,2960,3,1,2860
10/05/2021 19:03:12,2,2940,2960,3,1,2860
10/05/2021 19:03:28,2,-999,2960,3,1,2860
10/05/2021 19:03:44,2,-999,2960,3,1,2860
10/05/2021 19:04:00,2,-999,2960,3,1,2860
10/05/2021 19:04:16,2,-999,2960,3,1,2860
10/05/2021 19:04:48,2,-999,2960,3,1,2850
10/05/2021 19:05:04,2,740,2960,3,0,-999
10/05/2021 19:05:20,2,740,2960,3,0,-999
10/05/2021 19:05:36,2,740,2960,3,0,-999
10/05/2021 19:05:52,2,3020,2960,3,1,2880
10/05/2021 19:06:08,2,3020,2960,3,1,2880
10/05/2021 19:06:24,2,3020,2960,3,1,2880
10/05/2021 19:06:40,2,3020,2960,3,1,2880
10/05/2021 19:06:56,2,3020,2960,3,1,2870
10/05/2021 19:07:12,2,3020,2960,3,1,2870
10/05/2021 19:07:28,2,3020,2960,3,1,2870
10/05/2021 19:07:44,2,3020,2960,3,1,2870
10/05/2021 19:08:00,2,3000,2960,3,1,2870
10/05/2021 19:08:16,2,3020,2960,3,1,2850
10/05/2021 19:08:32,2,3020,2960,3,1,2850
10/05/2021 19:08:48,2,730,2960,3,0,-999
10/05/2021 19:09:04,2,730,2960,3,0,-999
10/05/2021 19:09:20,2,730,2960,3,0,-999
10/05/2021 19:09:36,2,720,2960,3,0,-999
10/05/2021 19:09:52,2,720,2960,3,0,-999
10/05/2021 19:10:08,2,720,2960,3,0,-999
10/05/2021 19:10:24,2,720,2960,3,0,-999
10/05/2021 19:10:40,2,720,2960,3,0,-999
10/05/2021 19:10:56,2,710,2960,3,0,-999
10/05/2021 19:11:12,2,710,2960,3,0,-999
10/05/2021 19:11:28,2,710,2960,3,0,-999
10/05/2021 19:11:44,2,710,2960,3,0,-999
10/05/2021 19:12:00,2,710,2960,3,0,-999
10/05/2021 19:12:16,2,710,2960,3,0,-999
10/05/2021 19:12:32,2,710,2960,3,0,-999
10/05/2021 19:12:48,2,710,2960,3,0,-999
10/05/2021 19:13:04,2,720,2960,3,0,-999
10/05/2021 19:13:20,2,720,2960,3,0,-999
10/05/2021 19:13:36,2,720,2960,3,0,-999
10/05/2021 19:13:52,2,720,2960,3,0,-999
10/05/2021 19:14:08,2,720,2960,3,0,-999
10/05/2021 19:14:24,2,720,2960,3,0,-999
10/05/2021 19:14:40,2,720,2960,3,0,-999
10/05/2021 19:14:56,2,720,2960,3,0,-999
10/05/2021 19:15:12,2,710,2960,3,0,-999
10/05/2021 19:15:28,2,710,2960,3,0,-999
10/05/2021 19:15:44,2,710,2960,3,0,-999
10/05/2021 19:16:00,2,720,2960,3,0,-999
10/05/2021 19:16:32,2,720,2960,3,0,-999
10/05/2021 19:16:48,2,730,2960,3,0,-999
10/05/2021 19:17:04,2,730,2960,3,0,-999
10/05/2021 19:17:20,2,730,2960,3,0,-999
10/05/2021 19:17:36,2,730,2960,3,0,-999
10/05/2021 19:18:08,2,740,2960,3,0,-999
10/05/2021 19:18:24,2,740,2960,3,0,-999
10/05/2021 19:18:40,2,740,2960,3,0,-999
10/05/2021 19:18:56,2,740,2960,3,0,-999
10/05/2021 19:19:12,2,750,2960,3,0,-999
10/05/2021 19:19:28,2,750,2960,3,0,-999
10/05/2021 19:19:44,2,760,2960,3,0,-999
10/05/2021 19:20:00,2,760,2960,3,0,-999
10/05/2021 19:20:16,2,760,2960,3,0,-999
10/05/2021 19:20:32,2,760,2960,3,0,-999
10/05/2021 19:20:48,2,760,2960,3,0,-999
10/05/2021 19:21:04,2,760,2960,3,0,-999
10/05/2021 19:21:20,2,-999,2960,3,1,2810
10/05/2021 19:21:36,2,-999,2960,3,1,2810
10/05/2021 19:21:52,2,-999,2960,3,1,2820
10/05/2021 19:22:08,2,-999,2960,3,1,2820
10/05/2021 19:22:24,2,-999,2960,3,1,2820
10/05/2021 19:22:40,2,770,2960,3,0,-999
10/05/2021 19:22:56,2,770,2960,3,0,-999
10/05/2021 19:23:12,2,770,2960,3,0,-999
10/05/2021 19:23:28,2,770,2960,3,0,-999
10/05/2021 19:23:44,2,770,2960,3,0,-999
10/05/2021 19:24:00,2,770,2960,3,0,-999
10/05/2021 19:24:16,2,770,2960,3,0,-999
10/05/2021 19:24:32,2,770,2960,3,0,-999
10/05/2021 19:24:48,2,770,2960,3,0,-999
10/05/2021 19:25:04,2,770,2960,3,0,-999
10/05/2021 19:25:20,2,770,2960,3,0,-999
10/05/2021 19:25:36,2,780,2960,3,0,-999
10/05/2021 19:26:08,2,770,2960,3,0,-999
10/05/2021 19:26:24,2,770,2960,3,0,-999
10/05/2021 19:26:40,2,770,2960,3,0,-999
10/05/2021 19:26:56,2,770,2960,3,0,-999
10/05/2021 19:27:12,2,770,2960,3,0,-999
10/05/2021 19:27:28,2,770,2960,3,0,-999
10/05/2021 19:27:44,2,760,2960,3,0,-999
10/05/2021 19:28:00,2,760,2960,3,0,-999
10/05/2021 19:28:16,2,760,2960,3,0,-999
10/05/2021 19:28:32,2,760,2960,3,0,-999
10/05/2021 19:28:48,2,760,2960,3,0,-999
10/05/2021 19:29:04,2,760,2960,3,0,-999
10/05/2021 19:29:20,2,760,2960,3,0,-999
10/05/2021 19:29:36,2,760,2960,3,0,-999
10/05/2021 19:29:52,2,760,2960,3,0,-999
10/05/2021 19:30:08,2,750,2960,3,0,-999
10/05/2021 19:30:24,2,750,2960,3,0,-999
10/05/2021 19:30:40,2,750,2960,3,0,-999
10/05/2021 19:31:12,2,750,2960,3,0,-999
10/05/2021 19:31:28,2,750,2960,3,0,-999
10/05/2021 19:32:00,2,750,2960,3,0,-999
10/05/2021 19:32:16,2,740,2960,3,0,-999
10/05/2021 19:32:48,2,740,2960,3,0,-999
10/05/2021 19:33:04,2,740,2960,3,0,-999
10/05/2021 19:33:20,2,740,2960,3,0,-999
10/05/2021 19:33:36,2,740,2960,3,0,-999
10/05/2021 19:33:52,2,-999,2960,3,1,2880
10/05/2021 19:34:08,2,-999,2960,3,1,2880
10/05/2021 19:34:24,2,-999,2960,3,1,2880
10/05/2021 19:34:40,2,740,2960,3,0,-999
10/05/2021 19:34:56,2,740,2960,3,0,-999
10/05/2021 19:35:12,2,740,2960,3,0,-999
10/05/2021 19:36:00,2,740,2960,3,0,-999
10/05/2021 19:36:16,2,740,2960,3,0,-999
10/05/2021 19:36:32,2,740,2960,3,0,-999
10/05/2021 19:36:48,2,740,2960,3,0,-999
10/05/2021 19:37:04,2,740,2960,3,0,-999
10/05/2021 19:37:20,2,740,2960,3,0,-999
10/05/2021 19:37:52,2,730,2960,3,0,-999
10/05/2021 19:38:08,2,740,2960,3,0,-999
10/05/2021 19:38:24,2,740,2960,3,0,-999
10/05/2021 19:38:40,2,740,2960,3,0,-999
10/05/2021 19:38:56,2,730,2960,3,0,-999
10/05/2021 19:39:12,2,730,2960,3,0,-999
10/05/2021 19:39:28,2,730,2960,3,0,-999
10/05/2021 19:39:44,2,720,2960,3,0,-999
10/05/2021 19:40:16,2,720,2960,3,0,-999
10/05/2021 19:40:32,2,720,2960,3,0,-999
10/05/2021 19:40:48,2,720,2960,3,0,-999
10/05/2021 19:41:04,2,720,2960,3,0,-999
10/05/2021 19:41:20,2,720,2960,3,0,-999
10/05/2021 19:41:52,2,720,2960,3,0,-999
10/05/2021 19:42:08,2,720,2960,3,0,-999
10/05/2021 19:42:24,2,720,2960,3,0,-999
10/05/2021 19:42:40,2,720,2960,3,0,-999
10/05/2021 19:43:12,2,710,2960,3,0,-999
10/05/2021 19:43:28,2,710,2960,3,0,-999
10/05/2021 19:43:44,2,710,2960,3,0,-999
10/05/2021 19:44:00,2,710,2960,3,0,-999
10/05/2021 19:44:32,2,700,2960,3,0,-999
10/05/2021 19:44:48,2,700,2960,3,0,-999
10/05/2021 19:45:04,2,700,2960,3,0,-999
10/05/2021 19:45:20,2,700,2960,3,0,-999
10/05/2021 19:45:36,2,700,2960,3,0,-999
10/05/2021 19:45:52,2,700,2960,3,0,-999
10/05/2021 19:46:08,2,700,2960,3,0,-999
10/05/2021 19:46:24,2,700,2960,3,0,-999
10/05/2021 19:46:40,2,690,2960,3,0,-999
10/05/2021 19:46:56,2,690,2960,3,0,-999
10/05/2021 19:47:12,2,690,2960,3,0,-999
10/05/2021 19:47:28,2,690,2960,3,0,-999
10/05/2021 19:47:44,2,-999,2960,3,1,2910
10/05/2021 19:48:00,2,-999,2960,3,1,2910
10/05/2021 19:48:16,2,-999,2960,3,1,2910
10/05/2021 19:48:32,2,-999,2960,3,1,2910
10/05/2021 19:48:48,2,-999,2960,3,1,2910
10/05/2021 19:49:04,2,-999,2960,3,1,2890
10/05/2021 19:49:20,2,-999,2960,3,1,2890
10/05/2021 19:49:36,2,-999,2960,3,1,2880
10/05/2021 19:49:52,2,-999,2960,3,1,2880
10/05/2021 19:50:08,2,670,2960,3,0,-999
10/05/2021 19:50:24,2,670,2960,3,0,-999
10/05/2021 19:50:40,2,660,2960,3,0,-999
10/05/2021 19:50:56,2,10,2960,3,0,-999
10/05/2021 19:51:12,2,650,2960,3,0,-999
10/05/2021 19:51:28,2,-999,2960,3,1,2820
10/05/2021 19:51:44,2,-999,2960,3,1,2820
10/05/2021 19:52:00,2,-999,2960,3,1,2810
10/05/2021 19:52:16,2,-999,2960,3,1,2810
10/05/2021 19:52:32,2,20,2960,3,0,-999
10/05/2021 19:52:48,2,10,2960,3,0,-999
10/05/2021 19:53:04,2,10,2960,3,0,-999
10/05/2021 19:53:20,2,30,2960,3,0,-999
10/05/2021 19:53:36,2,30,2960,3,0,-999
10/05/2021 19:53:52,2,30,2960,3,0,-999
10/05/2021 19:54:24,2,30,2960,3,0,-999
10/05/2021 19:54:40,2,10,2960,3,0,-999
10/05/2021 19:54:56,2,630,2960,3,0,-999
10/05/2021 19:55:12,2,630,2960,3,0,-999
10/05/2021 19:55:28,2,630,2960,3,0,-999
10/05/2021 19:55:44,2,630,2960,3,0,-999
10/05/2021 19:56:00,2,630,2960,3,0,-999
10/05/2021 19:56:16,2,630,2960,3,0,-999
10/05/2021 19:56:32,2,630,2960,3,0,-999
10/05/2021 19:56:48,2,630,2960,3,0,-999
10/05/2021 19:57:04,2,630,2960,3,0,-999
10/05/2021 19:57:36,2,630,2960,3,0,-999
10/05/2021 19:57:52,2,630,2960,3,0,-999
10/05/2021 19:58:08,2,630,2960,3,0,-999
10/05/2021 19:58:40,2,630,2960,3,0,-999
10/05/2021 19:58:56,2,630,2960,3,0,-999
10/05/2021 19:59:28,2,620,2960,3,0,-999
10/05/2021 20:00:00,1,620,2940,3,0,-999
10/05/2021 20:00:16,1,620,2940,3,0,-999
10/05/2021 20:00:32,1,620,2940,3,0,-999
10/05/2021 20:01:04,1,-999,2940,3,1,2560
10/05/2021 20:01:20,1,-999,2940,3,1,2560
10/05/2021 20:01:36,1,-999,2940,3,1,2570
10/05/2021 20:01:52,1,-999,2940,3,1,2570
10/05/2021 20:02:08,1,-999,2940,3,1,2560
10/05/2021 20:02:56,1,-999,2940,3,1,2550
10/05/2021 20:03:12,1,-999,2940,3,1,2550
10/05/2021 20:03:28,1,-999,2940,3,1,2530
10/05/2021 20:04:00,1,2660,2940,3,1,2530
10/05/2021 20:04:16,1,2660,2940,3,1,2530
10/05/2021 20:04:32,1,630,2940,3,0,-999
10/05/2021 20:04:48,1,640,2940,3,0,-999
10/05/2021 20:05:04,1,2660,2940,3,1,2560
10/05/2021 20:05:20,1,2660,2940,3,1,2560
10/05/2021 20:05:36,1,2660,2940,3,1,2560
10/05/2021 20:05:52,1,2660,2940,3,1,2560
10/05/2021 20:06:08,1,2720,2940,3,1,2560
10/05/2021 20:06:24,1,2660,2940,3,1,2520
10/05/2021 20:06:40,1,2660,2940,3,1,2520
10/05/2021 20:07:12,1,2650,2940,3,1,2520
10/05/2021 20:07:44,1,2720,2940,3,1,2550
10/05/2021 20:08:00,1,2720,2940,3,1,2550
10/05/2021 20:08:16,1,2720,2940,3,1,2530
10/05/2021 20:08:32,1,2720,2940,3,1,2530
10/05/2021 20:09:04,1,2690,2940,3,1,2520
10/05/2021 20:09:20,1,20,2940,3,0,-999
10/05/2021 20:09:36,1,650,2940,3,0,-999
10/05/2021 20:09:52,1,650,2940,3,0,-999
10/05/2021 20:10:08,1,650,2940,3,0,-999
10/05/2021 20:10:24,1,650,2940,3,0,-999
10/05/2021 20:10:56,1,20,2940,3,0,-999
10/05/2021 20:11:12,1,2760,2940,3,1,2600
10/05/2021 20:11:28,1,-999,2940,3,1,2600
10/05/2021 20:11:44,1,2690,2940,3,1,2560
10/05/2021 20:12:00,1,2670,2940,3,1,2560
10/05/2021 20:12:16,1,-999,2940,3,1,2560
10/05/2021 20:12:32,1,-999,2940,3,1,2560
10/05/2021 20:12:48,1,-999,2940,3,1,2560
10/05/2021 20:13:04,1,10,2940,3,0,-999
10/05/2021 20:13:20,1,10,2940,3,0,-999
10/05/2021 20:13:36,1,30,2940,3,0,-999
10/05/2021 20:13:52,1,10,2940,3,0,-999
10/05/2021 20:14:08,1,640,2940,3,0,-999
10/05/2021 20:14:24,1,640,2940,3,0,-999
10/05/2021 20:14:40,1,640,2940,3,1,10020
10/05/2021 20:14:56,1,630,2940,3,1,10020
10/05/2021 20:15:12,1,630,2940,3,1,10020
10/05/2021 20:15:28,1,630,2940,3,1,10010
10/05/2021 20:15:44,1,640,2940,3,1,10010
10/05/2021 20:16:00,1,630,2940,3,1,10010
10/05/2021 20:16:16,1,630,2940,3,1,10010
10/05/2021 20:16:32,1,640,2940,3,1,10010
10/05/2021 20:16:48,1,630,2940,3,1,10010
10/05/2021 20:17:04,1,630,2940,3,1,10010
10/05/2021 20:17:36,1,630,2940,3,1,10010
10/05/2021 20:17:52,1,-999,2940,3,2,2520
10/05/2021 20:18:08,1,-999,2940,3,2,2520
10/05/2021 20:18:24,1,-999,2940,3,1,2530
10/05/2021 20:18:40,1,-999,2940,3,1,2530
10/05/2021 20:18:56,1,-999,2940,3,1,2540
10/05/2021 20:19:28,1,-999,2940,3,2,2540
10/05/2021 20:19:44,1,-999,2940,3,2,2540
10/05/2021 20:20:00,1,-999,2940,3,2,2540
10/05/2021 20:20:16,1,-999,2940,3,2,2550
10/05/2021 20:20:32,1,-999,2940,3,2,2550
10/05/2021 20:20:48,1,-999,2940,3,1,2540
10/05/2021 20:21:04,1,-999,2940,3,1,2540
10/05/2021 20:21:20,1,630,2940,3,1,9870
10/05/2021 20:21:36,1,620,2940,3,1,9870
10/05/2021 20:21:52,1,630,2940,3,1,9840
10/05/2021 20:22:08,1,630,2940,3,1,9840
10/05/2021 20:22:24,1,630,2940,3,1,9840
10/05/2021 20:22:56,1,640,2940,3,1,9840
10/05/2021 20:23:12,1,640,2940,3,1,9830
10/05/2021 20:23:28,1,640,2940,3,1,9830
10/05/2021 20:24:00,1,630,2940,3,1,9830
10/05/2021 20:24:16,1,630,2940,3,1,9830
10/05/2021 20:24:48,1,640,2940,3,1,9830
10/05/2021 20:25:04,1,640,2940,3,1,9830
10/05/2021 20:25:20,1,630,2940,3,1,9830
10/05/2021 20:25:36,1,630,2940,3,0,-999
10/05/2021 20:25:52,1,640,2940,3,0,-999
10/05/2021 20:26:08,1,640,2940,3,0,-999
10/05/2021 20:26:24,1,640,2940,3,0,-999
10/05/2021 20:26:40,1,640,2940,3,0,-999
10/05/2021 20:26:56,1,640,2940,3,0,-999
10/05/2021 20:27:12,1,640,2940,3,0,-999
10/05/2021 20:27:28,1,640,2940,3,0,-999
10/05/2021 20:27:44,1,640,2940,3,0,-999
10/05/2021 20:28:00,1,650,2940,3,0,-999
10/05/2021 20:28:16,1,650,2940,3,0,-999
10/05/2021 20:28:32,1,660,2940,3,0,-999
10/05/2021 20:28:48,1,660,2940,3,0,-999
10/05/2021 20:29:04,1,670,2940,3,0,-999
10/05/2021 20:29:20,1,670,2940,3,0,-999
10/05/2021 20:29:36,1,670,2940,3,0,-999
10/05/2021 20:29:52,1,670,2940,3,0,-999
10/05/2021 20:30:08,1,670,2940,3,0,-999
10/05/2021 20:30:24,1,660,2940,3,0,-999
10/05/2021 20:30:40,1,670,2940,3,0,-999
10/05/2021 20:30:56,1,670,2940,3,0,-999
10/05/2021 20:31:12,1,670,2940,3,0,-999
10/05/2021 20:31:28,1,670,2940,3,0,-999
10/05/2021 20:31:44,1,670,2940,3,0,-999
10/05/2021 20:32:00,1,670,2940,3,0,-999
10/05/2021 20:32:16,1,670,2940,3,0,-999
10/05/2021 20:32:32,1,670,2940,3,0,-999
10/05/2021 20:32:48,1,670,2940,3,0,-999
10/05/2021 20:33:04,1,670,2940,3,0,-999
10/05/2021 20:33:20,1,680,2940,3,0,-999
10/05/2021 20:33:52,1,680,2940,3,0,-999
10/05/2021 20:34:08,1,680,2940,3,0,-999
10/05/2021 20:34:24,1,680,2940,3,0,-999
10/05/2021 20:34:40,1,680,2940,3,0,-999
10/05/2021 20:34:56,1,690,2940,3,0,-999
10/05/2021 20:35:12,1,690,2940,3,0,-999
10/05/2021 20:35:28,1,690,2940,3,0,-999
10/05/2021 20:36:00,1,680,2940,3,0,-999
10/05/2021 20:36:16,1,680,2940,3,0,-999
10/05/2021 20:36:32,1,680,2940,3,0,-999
10/05/2021 20:36:48,1,680,2940,3,0,-999
10/05/2021 20:37:04,1,680,2940,3,0,-999
10/05/2021 20:37:36,1,680,2940,3,0,-999
10/05/2021 20:37:52,1,680,2940,3,0,-999
10/05/2021 20:38:08,1,670,2940,3,0,-999
10/05/2021 20:38:24,1,670,2940,3,0,-999
10/05/2021 20:38:40,1,670,2940,3,0,-999
10/05/2021 20:38:56,1,680,2940,3,0,-999
10/05/2021 20:39:12,1,680,2940,3,0,-999
10/05/2021 20:39:28,1,680,2940,3,0,-999
10/05/2021 20:39:44,1,680,2940,3,0,-999
10/05/2021 20:40:00,1,680,2940,3,0,-999
10/05/2021 20:40:16,1,670,2940,3,0,-999
10/05/2021 20:40:48,1,690,2940,3,0,-999
10/05/2021 20:41:04,1,690,2940,3,0,-999
10/05/2021 20:41:20,1,690,2940,3,0,-999
10/05/2021 20:41:36,1,690,2940,3,0,-999
10/05/2021 20:41:52,1,690,2940,3,0,-999
10/05/2021 20:42:08,1,690,2940,3,0,-999
10/05/2021 20:42:24,1,690,2940,3,0,-999
10/05/2021 20:42:56,1,680,2940,3,0,-999
10/05/2021 20:43:12,1,670,2940,3,0,-999
10/05/2021 20:43:28,1,670,2940,3,0,-999
10/05/2021 20:43:44,1,670,2940,3,0,-999
10/05/2021 20:44:16,1,680,2940,3,0,-999
10/05/2021 20:44:32,1,680,2940,3,0,-999
10/05/2021 20:44:48,1,670,2940,3,0,-999
10/05/2021 20:45:04,1,660,2940,3,0,-999
10/05/2021 20:45:20,1,660,2940,3,0,-999
10/05/2021 20:45:52,1,660,2940,3,0,-999
10/05/2021 20:46:24,1,660,2940,3,0,-999
10/05/2021 20:46:40,1,660,2940,3,0,-999
10/05/2021 20:46:56,1,660,2940,3,0,-999
10/05/2021 20:47:12,1,660,2940,3,0,-999
10/05/2021 20:47:28,1,650,2940,3,0,-999
10/05/2021 20:48:00,1,650,2940,3,0,-999
10/05/2021 20:48:16,1,640,2940,3,0,-999
10/05/2021 20:48:32,1,640,2940,3,0,-999
10/05/2021 20:48:48,1,630,2940,3,0,-999
10/05/2021 20:49:04,1,640,2940,3,0,-999
10/05/2021 20:49:20,1,640,2940,3,0,-999
10/05/2021 20:49:36,1,640,2940,3,0,-999
10/05/2021 20:49:52,1,630,2940,3,0,-999
10/05/2021 20:50:08,1,630,2940,3,0,-999
10/05/2021 20:50:24,1,630,2940,3,0,-999
10/05/2021 20:50:40,1,630,2940,3,0,-999
10/05/2021 20:50:56,1,630,2940,3,0,-999
10/05/2021 20:51:12,1,630,2940,3,0,-999
10/05/2021 20:51:28,1,630,2940,3,0,-999
10/05/2021 20:51:44,1,630,2940,3,0,-999
10/05/2021 20:52:00,1,630,2940,3,0,-999
10/05/2021 20:52:16,1,630,2940,3,0,-999
10/05/2021 20:52:32,1,630,2940,3,0,-999
10/05/2021 20:52:48,1,640,2940,3,0,-999
10/05/2021 20:53:20,1,630,2940,3,0,-999
10/05/2021 20:53:52,1,630,2940,3,0,-999
10/05/2021 20:54:08,1,620,2940,3,0,-999
10/05/2021 20:54:24,1,630,2940,3,0,-999
10/05/2021 20:54:40,1,620,2940,3,0,-999
10/05/2021 20:54:56,1,620,2940,3,0,-999
10/05/2021 20:55:12,1,620,2940,3,0,-999
10/05/2021 20:55:44,1,620,2940,3,0,-999
10/05/2021 20:56:16,1,610,2940,3,0,-999
10/05/2021 20:56:32,1,610,2940,3,0,-999
10/05/2021 20:56:48,1,610,2940,3,0,-999
10/05/2021 20:57:04,1,610,2940,3,0,-999
10/05/2021 20:57:20,1,610,2940,3,0,-999
10/05/2021 20:57:36,1,610,2940,3,0,-999
10/05/2021 20:57:52,1,600,2940,3,0,-999
10/05/2021 20:58:08,1,600,2940,3,0,-999
10/05/2021 20:58:24,1,590,2940,3,0,-999
10/05/2021 20:58:40,1,590,2940,3,0,-999
10/05/2021 20:58:56,1,580,2940,3,0,-999
10/05/2021 20:59:12,1,580,2940,3,0,-999
10/05/2021 20:59:28,1,580,2940,3,0,-999
10/05/2021 20:59:44,1,580,2940,3,0,-999
10/05/2021 21:00:00,1,590,650,3,0,-999
10/05/2021 21:00:16,1,580,650,3,0,-999
10/05/2021 21:00:32,1,580,650,3,0,-999
10/05/2021 21:00:48,1,580,650,3,0,-999
10/05/2021 21:01:04,1,580,650,3,0,-999
10/05/2021 21:01:20,1,580,650,3,0,-999
10/05/2021 21:01:36,1,580,650,3,0,-999
10/05/2021 21:01:52,1,580,650,3,0,-999
10/05/2021 21:02:08,1,580,650,3,0,-999
10/05/2021 21:02:24,1,580,650,3,0,-999
10/05/2021 21:02:40,1,580,650,3,0,-999
10/05/2021 21:02:56,1,580,650,3,0,-999
10/05/2021 21:03:12,1,570,650,3,0,-999
10/05/2021 21:03:28,1,570,650,3,0,-999
10/05/2021 21:03:44,1,570,650,3,0,-999
10/05/2021 21:04:00,1,560,650,3,0,-999
10/05/2021 21:04:16,1,560,650,3,0,-999
10/05/2021 21:04:32,1,560,650,3,0,-999
10/05/2021 21:04:48,1,560,650,3,0,-999
10/05/2021 21:05:04,1,560,650,3,0,-999
10/05/2021 21:05:20,1,560,650,3,0,-999
10/05/2021 21:05:36,1,550,650,3,0,-999
10/05/2021 21:05:52,1,550,650,3,0,-999
10/05/2021 21:06:08,1,550,650,3,0,-999
10/05/2021 21:06:24,1,550,650,3,0,-999
10/05/2021 21:06:40,1,550,650,3,0,-999
10/05/2021 21:06:56,1,550,650,3,0,-999
10/05/2021 21:07:12,1,540,650,3,0,-999
10/05/2021 21:07:28,1,540,650,3,0,-999
10/05/2021 21:07:44,1,540,650,3,0,-999
10/05/2021 21:08:00,1,540,650,3,0,-999
10/05/2021 21:08:16,1,540,650,3,0,-999
10/05/2021 21:08:32,1,550,650,3,0,-999
10/05/2021 21:08:48,1,550,650,3,0,-999
10/05/2021 21:09:04,1,550,650,3,0,-999
10/05/2021 21:09:20,1,550,650,3,0,-999
10/05/2021 21:09:36,1,550,650,3,0,-999
10/05/2021 21:09:52,1,550,650,3,0,-999
10/05/2021 21:10:08,1,550,650,3,0,-999
10/05/2021 21:10:24,1,550,650,3,0,-999
10/05/2021 21:10:40,1,550,650,3,0,-999
10/05/2021 21:10:56,1,550,650,3,0,-999
10/05/2021 21:11:12,1,550,650,3,0,-999
10/05/2021 21:11:28,1,550,650,3,0,-999
10/05/2021 21:11:44,1,550,650,3,0,-999
10/05/2021 21:12:00,1,560,650,3,0,-999
10/05/2021 21:12:16,1,560,650,3,0,-999
10/05/2021 21:12:32,1,560,650,3,0,-999
10/05/2021 21:12:48,1,560,650,3,0,-999
10/05/2021 21:13:04,1,560,650,3,0,-999
10/05/2021 21:13:20,1,560,650,3,0,-999
10/05/2021 21:13:36,1,560,650,3,0,-999
10/05/2021 21:13:52,1,560,650,3,0,-999
10/05/2021 21:14:08,1,560,650,3,0,-999
10/05/2021 21:14:24,1,560,650,3,0,-999
10/05/2021 21:14:40,1,560,650,3,0,-999
10/05/2021 21:14:56,1,570,650,3,0,-999
10/05/2021 21:15:12,1,570,650,3,0,-999
10/05/2021 21:15:28,1,570,650,3,0,-999
10/05/2021 21:15:44,1,570,650,3,0,-999
10/05/2021 21:16:00,1,580,650,3,0,-999
10/05/2021 21:16:16,1,580,650,3,0,-999
10/05/2021 21:16:32,1,580,650,3,0,-999
10/05/2021 21:16:48,1,590,650,3,0,-999
10/05/2021 21:17:04,1,590,650,3,0,-999
10/05/2021 21:17:20,1,590,650,3,0,-999
10/05/2021 21:17:36,1,600,650,3,0,-999
10/05/2021 21:17:52,1,610,650,3,0,-999
10/05/2021 21:18:08,1,610,650,3,0,-999
10/05/2021 21:18:24,1,610,650,3,0,-999
10/05/2021 21:18:56,1,620,650,3,0,-999
10/05/2021 21:19:12,1,620,650,3,0,-999
10/05/2021 21:19:28,1,630,650,3,0,-999
10/05/2021 21:19:44,1,620,650,3,0,-999
10/05/2021 21:20:16,1,630,650,3,0,-999
10/05/2021 21:20:32,1,630,650,3,0,-999
10/05/2021 21:20:48,1,630,650,3,0,-999
10/05/2021 21:21:04,1,630,650,3,0,-999
10/05/2021 21:21:20,1,630,650,3,0,-999
10/05/2021 21:21:36,1,640,650,3,0,-999
10/05/2021 21:21:52,1,640,650,3,0,-999
10/05/2021 21:22:08,1,640,650,3,0,-999
10/05/2021 21:22:24,1,630,650,3,0,-999
10/05/2021 21:22:40,1,640,650,3,0,-999
10/05/2021 21:22:56,1,640,650,3,0,-999
10/05/2021 21:23:12,1,630,650,3,0,-999
10/05/2021 21:23:28,1,640,650,3,0,-999
10/05/2021 21:23:44,1,630,650,3,0,-999
10/05/2021 21:24:00,1,630,650,3,0,-999
10/05/2021 21:24:16,1,620,650,3,0,-999
10/05/2021 21:24:48,1,620,650,3,0,-999
10/05/2021 21:25:04,1,620,650,3,0,-999
10/05/2021 21:25:20,1,610,650,3,0,-999
10/05/2021 21:25:52,1,610,650,3,0,-999
10/05/2021 21:26:08,1,610,650,3,0,-999
10/05/2021 21:26:24,1,610,650,3,0,-999
10/05/2021 21:26:40,1,610,650,3,0,-999
10/05/2021 21:26:56,1,610,650,3,0,-999
10/05/2021 21:27:12,1,610,650,3,0,-999
10/05/2021 21:27:28,1,610,650,3,0,-999
10/05/2021 21:28:00,1,600,650,3,0,-999
10/05/2021 21:28:16,1,600,650,3,0,-999
10/05/2021 21:28:32,1,590,650,3,0,-999
10/05/2021 21:28:48,1,590,650,3,0,-999
10/05/2021 21:29:04,1,590,650,3,0,-999
10/05/2021 21:29:20,1,580,650,3,0,-999
10/05/2021 21:29:36,1,580,650,3,0,-999
10/05/2021 21:29:52,1,580,650,3,0,-999
10/05/2021 21:30:08,1,580,650,3,0,-999
10/05/2021 21:30:24,1,580,650,3,0,-999
10/05/2021 21:30:40,1,570,650,3,0,-999
10/05/2021 21:30:56,1,570,650,3,0,-999
10/05/2021 21:31:12,1,570,650,3,0,-999
10/05/2021 21:31:28,1,570,650,3,0,-999
10/05/2021 21:31:44,1,570,650,3,0,-999
10/05/2021 21:32:00,1,570,650,3,0,-999
10/05/2021 21:32:16,1,570,650,3,0,-999
10/05/2021 21:32:32,1,570,650,3,0,-999
10/05/2021 21:33:04,1,580,650,3,0,-999
10/05/2021 21:33:36,1,580,650,3,0,-999
10/05/2021 21:33:52,1,590,650,3,0,-999
10/05/2021 21:34:08,1,590,650,3,0,-999
10/05/2021 21:34:24,1,600,650,3,0,-999
10/05/2021 21:34:40,1,600,650,3,0,-999
10/05/2021 21:34:56,1,600,650,3,0,-999
10/05/2021 21:35:12,1,600,650,3,0,-999
10/05/2021 21:35:28,1,600,650,3,0,-999
10/05/2021 21:35:44,1,600,650,3,0,-999
10/05/2021 21:36:00,1,600,650,3,0,-999
10/05/2021 21:36:16,1,600,650,3,0,-999
10/05/2021 21:36:32,1,600,650,3,0,-999
10/05/2021 21:36:48,1,600,650,3,0,-999
10/05/2021 21:37:04,1,600,650,3,0,-999
10/05/2021 21:37:20,1,600,650,3,0,-999
10/05/2021 21:37:36,1,610,650,3,0,-999
10/05/2021 21:37:52,1,610,650,3,0,-999
10/05/2021 21:38:08,1,620,650,3,0,-999
10/05/2021 21:38:24,1,620,650,3,0,-999
10/05/2021 21:38:40,1,630,650,3,0,-999
10/05/2021 21:38:56,1,630,650,3,0,-999
10/05/2021 21:39:12,1,630,650,3,0,-999
10/05/2021 21:39:28,1,640,650,3,1,10180
10/05/2021 21:39:44,1,650,650,3,1,10180
10/05/2021 21:40:00,1,650,650,3,1,10180
10/05/2021 21:40:16,1,660,650,3,1,10180
10/05/2021 21:40:32,1,660,650,3,1,10170
10/05/2021 21:40:48,1,670,650,3,1,10170
10/05/2021 21:41:04,1,670,650,3,1,10160
10/05/2021 21:41:20,1,670,650,3,1,10160
10/05/2021 21:41:36,1,670,650,3,1,10160
10/05/2021 21:41:52,1,680,650,3,1,10190
10/05/2021 21:42:08,1,690,650,3,1,10190
10/05/2021 21:42:24,1,680,650,3,1,10220
10/05/2021 21:42:40,1,690,650,3,1,10220
10/05/2021 21:42:56,1,700,650,3,1,10220
10/05/2021 21:43:12,1,710,650,3,1,10220
10/05/2021 21:43:28,1,700,650,3,1,10220
10/05/2021 21:43:44,1,700,650,3,1,10220
10/05/2021 21:44:00,1,700,650,3,1,10220
10/05/2021 21:44:16,1,710,650,3,1,10230
10/05/2021 21:44:32,1,700,650,3,1,10230
10/05/2021 21:44:48,1,700,650,3,1,10200
10/05/2021 21:45:04,1,700,650,3,1,10200
10/05/2021 21:45:20,1,700,650,3,0,-999
10/05/2021 21:45:36,1,710,650,3,0,-999
10/05/2021 21:45:52,1,720,650,3,0,-999
10/05/2021 21:46:08,1,730,650,3,0,-999
10/05/2021 21:46:24,1,730,650,3,0,-999
10/05/2021 21:46:40,1,730,650,3,0,-999
10/05/2021 21:46:56,1,710,650,3,0,-999
10/05/2021 21:47:12,1,710,650,3,0,-999
10/05/2021 21:47:28,1,700,650,3,0,-999
10/05/2021 21:47:44,1,700,650,3,0,-999
10/05/2021 21:48:00,1,690,650,3,0,-999
10/05/2021 21:48:16,1,680,650,3,0,-999
10/05/2021 21:48:32,1,680,650,3,0,-999
10/05/2021 21:48:48,1,680,650,3,0,-999
10/05/2021 21:49:04,1,680,650,3,0,-999
10/05/2021 21:49:20,1,690,650,3,0,-999
10/05/2021 21:49:36,1,680,650,3,0,-999
10/05/2021 21:49:52,1,680,650,3,0,-999
10/05/2021 21:50:08,1,670,650,3,0,-999
10/05/2021 21:50:24,1,670,650,3,0,-999
10/05/2021 21:50:40,1,670,650,3,0,-999
10/05/2021 21:50:56,1,670,650,3,0,-999
10/05/2021 21:51:12,1,660,650,3,0,-999
10/05/2021 21:51:28,1,660,650,3,0,-999
10/05/2021 21:51:44,1,660,650,3,0,-999
10/05/2021 21:52:00,1,650,650,3,0,-999
10/05/2021 21:52:16,1,650,650,3,0,-999
10/05/2021 21:52:32,1,640,650,3,0,-999
10/05/2021 21:52:48,1,640,650,3,0,-999
10/05/2021 21:53:04,1,630,650,3,0,-999
10/05/2021 21:53:20,1,620,650,3,0,-999
10/05/2021 21:53:36,1,610,650,3,0,-999
10/05/2021 21:54:08,1,610,650,3,0,-999
10/05/2021 21:54:24,1,600,650,3,0,-999
10/05/2021 21:54:40,1,600,650,3,0,-999
10/05/2021 21:54:56,1,600,650,3,0,-999
10/05/2021 21:55:12,1,590,650,3,0,-999
10/05/2021 21:55:28,1,590,650,3,1,9630
10/05/2021 21:55:44,1,580,650,3,1,9630
10/05/2021 21:56:00,1,580,650,3,1,9630
10/05/2021 21:56:16,1,580,650,3,1,9630
10/05/2021 21:56:32,1,580,650,3,1,9630
10/05/2021 21:57:04,1,570,650,3,1,9530
10/05/2021 21:57:20,1,570,650,3,1,9520
10/05/2021 21:57:36,1,570,650,3,1,9520
10/05/2021 21:57:52,1,570,650,3,0,-999
10/05/2021 21:58:08,1,560,650,3,0,-999
10/05/2021 21:58:24,1,560,650,3,0,-999
10/05/2021 21:58:40,1,560,650,3,0,-999
10/05/2021 21:58:56,1,560,650,3,0,-999
10/05/2021 21:59:12,1,560,650,3,0,-999
10/05/2021 21:59:28,1,560,650,3,0,-999
10/05/2021 21:59:44,1,560,650,3,0,-999
10/05/2021 22:00:00,-999,550,-999,3,0,-999
10/05/2021 22:00:16,-999,550,-999,3,0,-999
10/05/2021 22:00:32,-999,550,-999,3,0,-999
10/05/2021 22:00:48,-999,550,-999,3,0,-999
10/05/2021 22:01:04,-999,550,-999,3,0,-999
10/05/2021 22:01:20,-999,560,-999,3,0,-999
10/05/2021 22:01:36,-999,560,-999,3,0,-999
10/05/2021 22:01:52,-999,560,-999,3,0,-999
10/05/2021 22:02:08,-999,560,-999,3,0,-999
10/05/2021 22:02:24,-999,560,-999,3,0,-999
10/05/2021 22:02:40,-999,560,-999,3,0,-999
10/05/2021 22:02:56,-999,560,-999,3,0,-999
10/05/2021 22:03:12,-999,560,-999,3,0,-999
10/05/2021 22:03:28,-999,570,-999,3,0,-999
10/05/2021 22:03:44,-999,570,-999,3,0,-999
10/05/2021 22:04:00,-999,580,-999,3,0,-999
10/05/2021 22:04:16,-999,580,-999,3,0,-999
10/05/2021 22:04:32,-999,580,-999,3,0,-999
10/05/2021 22:04:48,-999,580,-999,3,0,-999
10/05/2021 22:05:04,-999,580,-999,3,0,-999
10/05/2021 22:05:36,-999,580,-999,3,0,-999
10/05/2021 22:05:52,-999,580,-999,3,0,-999
10/05/2021 22:06:08,-999,580,-999,3,0,-999
10/05/2021 22:06:24,-999,580,-999,3,0,-999
10/05/2021 22:06:40,-999,590,-999,3,0,-999
10/05/2021 22:06:56,-999,590,-999,3,0,-999
10/05/2021 22:07:12,-999,590,-999,3,0,-999
10/05/2021 22:07:28,-999,590,-999,3,0,-999
10/05/2021 22:07:44,-999,600,-999,3,0,-999
10/05/2021 22:08:00,-999,590,-999,3,0,-999
10/05/2021 22:08:16,-999,590,-999,3,0,-999
10/05/2021 22:08:32,-999,600,-999,3,0,-999
10/05/2021 22:08:48,-999,600,-999,3,0,-999
10/05/2021 22:09:04,-999,600,-999,3,0,-999
10/05/2021 22:09:20,-999,600,-999,3,0,-999
10/05/2021 22:09:36,-999,610,-999,3,0,-999
10/05/2021 22:09:52,-999,610,-999,3,0,-999
10/05/2021 22:10:08,-999,610,-999,3,0,-999
10/05/2021 22:10:24,-999,600,-999,3,0,-999
10/05/2021 22:10:40,-999,600,-999,3,0,-999
10/05/2021 22:10:56,-999,600,-999,3,0,-999
10/05/2021 22:11:12,-999,600,-999,3,0,-999
10/05/2021 22:11:28,-999,600,-999,3,0,-999
10/05/2021 22:11:44,-999,600,-999,3,0,-999
10/05/2021 22:12:00,-999,600,-999,3,0,-999
10/05/2021 22:12:16,-999,610,-999,3,0,-999
10/05/2021 22:12:32,-999,600,-999,3,0,-999
10/05/2021 22:13:04,-999,600,-999,3,0,-999
10/05/2021 22:13:20,-999,600,-999,3,0,-999
10/05/2021 22:13:36,-999,600,-999,3,0,-999
10/05/2021 22:13:52,-999,600,-999,3,0,-999
10/05/2021 22:14:08,-999,600,-999,3,0,-999
10/05/2021 22:14:24,-999,600,-999,3,0,-999
10/05/2021 22:14:56,-999,600,-999,3,0,-999
10/05/2021 22:15:12,-999,600,-999,3,0,-999
10/05/2021 22:15:28,-999,600,-999,3,0,-999
10/05/2021 22:15:44,-999,600,-999,3,0,-999
10/05/2021 22:16:00,-999,600,-999,3,0,-999
10/05/2021 22:16:16,-999,590,-999,3,0,-999
10/05/2021 22:16:32,-999,590,-999,3,0,-999
10/05/2021 22:16:48,-999,580,-999,3,0,-999
10/05/2021 22:17:04,-999,570,-999,3,0,-999
10/05/2021 22:17:20,-999,570,-999,3,0,-999
10/05/2021 22:17:36,-999,570,-999,3,0,-999
10/05/2021 22:17:52,-999,570,-999,3,0,-999
10/05/2021 22:18:08,-999,570,-999,3,0,-999
10/05/2021 22:18:24,-999,570,-999,3,0,-999
10/05/2021 22:18:40,-999,570,-999,3,0,-999
10/05/2021 22:18:56,-999,570,-999,3,0,-999
10/05/2021 22:19:12,-999,570,-999,3,0,-999
10/05/2021 22:19:28,-999,570,-999,3,0,-999
10/05/2021 22:19:44,-999,570,-999,3,0,-999
10/05/2021 22:20:00,-999,560,-999,3,0,-999
10/05/2021 22:20:16,-999,560,-999,3,0,-999
10/05/2021 22:20:32,-999,550,-999,3,0,-999
10/05/2021 22:20:48,-999,550,-999,3,0,-999
10/05/2021 22:21:04,-999,550,-999,3,0,-999
10/05/2021 22:21:20,-999,550,-999,3,0,-999
10/05/2021 22:21:36,-999,550,-999,3,0,-999
10/05/2021 22:21:52,-999,550,-999,3,0,-999
10/05/2021 22:22:24,-999,540,-999,3,0,-999
10/05/2021 22:22:40,-999,540,-999,3,0,-999
10/05/2021 22:22:56,-999,540,-999,3,0,-999
10/05/2021 22:23:12,-999,530,-999,3,0,-999
10/05/2021 22:23:28,-999,540,-999,3,0,-999
10/05/2021 22:23:44,-999,530,-999,3,0,-999
10/05/2021 22:24:00,-999,540,-999,3,0,-999
10/05/2021 22:24:16,-999,540,-999,3,0,-999
10/05/2021 22:24:32,-999,540,-999,3,0,-999
10/05/2021 22:24:48,-999,540,-999,3,0,-999
10/05/2021 22:25:04,-999,540,-999,3,0,-999
10/05/2021 22:25:20,-999,540,-999,3,0,-999
10/05/2021 22:25:36,-999,540,-999,3,0,-999
10/05/2021 22:25:52,-999,540,-999,3,0,-999
10/05/2021 22:26:08,-999,540,-999,3,0,-999
10/05/2021 22:26:24,-999,540,-999,3,0,-999
10/05/2021 22:26:40,-999,540,-999,3,0,-999
10/05/2021 22:26:56,-999,540,-999,3,0,-999
10/05/2021 22:27:12,-999,540,-999,3,0,-999
10/05/2021 22:27:28,-999,540,-999,3,0,-999
10/05/2021 22:27:44,-999,540,-999,3,0,-999
10/05/2021 22:28:16,-999,530,-999,3,0,-999
10/05/2021 22:28:32,-999,530,-999,3,0,-999
10/05/2021 22:29:04,-999,530,-999,3,0,-999
10/05/2021 22:29:20,-999,530,-999,3,0,-999
10/05/2021 22:29:36,-999,520,-999,3,0,-999
10/05/2021 22:29:52,-999,520,-999,3,0,-999
10/05/2021 22:30:08,-999,530,-999,3,0,-999
10/05/2021 22:30:24,-999,530,-999,3,0,-999
10/05/2021 22:30:40,-999,530,-999,3,0,-999
10/05/2021 22:31:12,-999,530,-999,3,0,-999
10/05/2021 22:31:28,-999,530,-999,3,0,-999
10/05/2021 22:31:44,-999,530,-999,3,0,-999
10/05/2021 22:32:00,-999,530,-999,3,0,-999
10/05/2021 22:32:16,-999,530,-999,3,0,-999
10/05/2021 22:32:32,-999,530,-999,3,0,-999
10/05/2021 22:32:48,-999,520,-999,3,0,-999
10/05/2021 22:33:04,-999,520,-999,3,0,-999
10/05/2021 22:33:20,-999,520,-999,3,0,-999
10/05/2021 22:33:36,-999,520,-999,3,0,-999
10/05/2021 22:33:52,-999,520,-999,3,0,-999
10/05/2021 22:34:08,-999,520,-999,3,0,-999
10/05/2021 22:34:24,-999,520,-999,3,0,-999
10/05/2021 22:34:40,-999,520,-999,3,0,-999
10/05/2021 22:34:56,-999,520,-999,3,0,-999
10/05/2021 22:35:28,-999,520,-999,3,0,-999
10/05/2021 22:35:44,-999,520,-999,3,0,-999
10/05/2021 22:36:00,-999,520,-999,3,0,-999
10/05/2021 22:36:16,-999,530,-999,3,0,-999
10/05/2021 22:36:32,-999,530,-999,3,0,-999
10/05/2021 22:36:48,-999,530,-999,3,0,-999
10/05/2021 22:37:04,-999,530,-999,3,0,-999
10/05/2021 22:37:20,-999,530,-999,3,0,-999
10/05/2021 22:37:36,-999,530,-999,3,0,-999
10/05/2021 22:37:52,-999,540,-999,3,0,-999
10/05/2021 22:38:08,-999,540,-999,3,0,-999
10/05/2021 22:38:24,-999,540,-999,3,0,-999
10/05/2021 22:38:40,-999,540,-999,3,0,-999
10/05/2021 22:38:56,-999,540,-999,3,0,-999
10/05/2021 22:39:12,-999,540,-999,3,0,-999
10/05/2021 22:39:28,-999,540,-999,3,0,-999
10/05/2021 22:39:44,-999,530,-999,3,0,-999
10/05/2021 22:40:00,-999,530,-999,3,0,-999
10/05/2021 22:40:16,-999,530,-999,3,0,-999
10/05/2021 22:40:32,-999,530,-999,3,0,-999
10/05/2021 22:40:48,-999,530,-999,3,0,-999
10/05/2021 22:41:04,-999,530,-999,3,0,-999
10/05/2021 22:41:20,-999,530,-999,3,0,-999
10/05/2021 22:41:36,-999,520,-999,3,0,-999
10/05/2021 22:41:52,-999,520,-999,3,0,-999
10/05/2021 22:42:08,-999,530,-999,3,0,-999
10/05/2021 22:42:24,-999,530,-999,3,0,-999
10/05/2021 22:42:56,-999,530,-999,3,0,-999
10/05/2021 22:43:12,-999,530,-999,3,0,-999
10/05/2021 22:43:28,-999,530,-999,3,0,-999
10/05/2021 22:43:44,-999,530,-999,3,0,-999
10/05/2021 22:44:00,-999,530,-999,3,0,-999
10/05/2021 22:44:16,-999,530,-999,3,0,-999
10/05/2021 22:44:32,-999,530,-999,3,0,-999
10/05/2021 22:44:48,-999,530,-999,3,0,-999
10/05/2021 22:45:04,-999,520,-999,3,0,-999
10/05/2021 22:45:20,-999,520,-999,3,0,-999
10/05/2021 22:45:36,-999,520,-999,3,0,-999
10/05/2021 22:45:52,-999,520,-999,3,0,-999
10/05/2021 22:46:08,-999,520,-999,3,0,-999
10/05/2021 22:46:24,-999,520,-999,3,0,-999
10/05/2021 22:46:40,-999,520,-999,3,0,-999
10/05/2021 22:46:56,-999,520,-999,3,0,-999
10/05/2021 22:47:12,-999,520,-999,3,0,-999
10/05/2021 22:47:28,-999,520,-999,3,0,-999
10/05/2021 22:47:44,-999,520,-999,3,0,-999
10/05/2021 22:48:00,-999,520,-999,3,0,-999
10/05/2021 22:48:16,-999,520,-999,3,0,-999
10/05/2021 22:48:32,-999,520,-999,3,0,-999
10/05/2021 22:48:48,-999,520,-999,3,0,-999
10/05/2021 22:49:04,-999,520,-999,3,1,10240
10/05/2021 22:49:20,-999,520,-999,3,1,10240
10/05/2021 22:49:36,-999,520,-999,3,1,10240
10/05/2021 22:49:52,-999,520,-999,3,1,10240
10/05/2021 22:50:08,-999,520,-999,3,1,10220
10/05/2021 22:50:24,-999,520,-999,3,1,10220
10/05/2021 22:50:40,-999,520,-999,3,1,10020
10/05/2021 22:50:56,-999,520,-999,3,1,10020
10/05/2021 22:51:12,-999,520,-999,3,1,10020
10/05/2021 22:51:28,-999,510,-999,3,1,10030
10/05/2021 22:51:44,-999,510,-999,3,1,10030
10/05/2021 22:52:00,-999,510,-999,3,1,10170
10/05/2021 22:52:16,-999,510,-999,3,1,10170
10/05/2021 22:52:32,-999,510,-999,3,1,10180
10/05/2021 22:53:04,-999,510,-999,3,1,10190
10/05/2021 22:53:20,-999,510,-999,3,1,10190
10/05/2021 22:53:36,-999,520,-999,3,1,10190
10/05/2021 22:53:52,-999,520,-999,3,1,10190
10/05/2021 22:54:08,-999,520,-999,3,1,10190
10/05/2021 22:54:24,-999,520,-999,3,1,10180
10/05/2021 22:54:56,-999,520,-999,3,1,10180
10/05/2021 22:55:12,-999,520,-999,3,1,10180
10/05/2021 22:55:28,-999,530,-999,3,0,-999
10/05/2021 22:56:00,-999,530,-999,3,0,-999
10/05/2021 22:56:16,-999,520,-999,3,0,-999
10/05/2021 22:56:32,-999,520,-999,3,0,-999
10/05/2021 22:56:48,-999,520,-999,3,0,-999
10/05/2021 22:57:04,-999,520,-999,3,0,-999
10/05/2021 22:57:36,-999,520,-999,3,0,-999
10/05/2021 22:58:08,-999,520,-999,3,0,-999
10/05/2021 22:58:24,-999,520,-999,3,0,-999
10/05/2021 22:58:40,-999,520,-999,3,0,-999
10/05/2021 22:58:56,-999,510,-999,3,0,-999
10/05/2021 22:59:12,-999,510,-999,3,0,-999
10/05/2021 22:59:28,-999,510,-999,3,0,-999
10/05/2021 23:00:00,-999,510,-999,3,0,-999
10/05/2021 23:00:16,-999,510,-999,3,0,-999
10/05/2021 23:00:48,-999,510,-999,3,0,-999
10/05/2021 23:01:04,-999,510,-999,3,0,-999
10/05/2021 23:01:20,-999,510,-999,3,0,-999
10/05/2021 23:01:36,-999,510,-999,3,0,-999
10/05/2021 23:01:52,-999,510,-999,3,0,-999
10/05/2021 23:02:08,-999,510,-999,3,0,-999
10/05/2021 23:02:24,-999,510,-999,3,0,-999
10/05/2021 23:02:40,-999,500,-999,3,0,-999
10/05/2021 23:02:56,-999,500,-999,3,0,-999
10/05/2021 23:03:12,-999,490,-999,3,0,-999
10/05/2021 23:03:28,-999,490,-999,3,0,-999
10/05/2021 23:03:44,-999,490,-999,3,0,-999
10/05/2021 23:04:00,-999,490,-999,3,0,-999
10/05/2021 23:04:32,-999,490,-999,3,0,-999
10/05/2021 23:04:48,-999,490,-999,3,0,-999
10/05/2021 23:05:04,-999,490,-999,3,0,-999
10/05/2021 23:05:20,-999,490,-999,3,0,-999
10/05/2021 23:05:36,-999,490,-999,3,0,-999
10/05/2021 23:05:52,-999,490,-999,3,0,-999
10/05/2021 23:06:08,-999,480,-999,3,0,-999
10/05/2021 23:06:24,-999,490,-999,3,0,-999
10/05/2021 23:06:40,-999,490,-999,3,0,-999
10/05/2021 23:06:56,-999,490,-999,3,0,-999
10/05/2021 23:07:12,-999,490,-999,3,0,-999
10/05/2021 23:07:44,-999,480,-999,3,0,-999
10/05/2021 23:08:00,-999,480,-999,3,0,-999
10/05/2021 23:08:16,-999,480,-999,3,0,-999
10/05/2021 23:08:32,-999,470,-999,3,0,-999
10/05/2021 23:08:48,-999,470,-999,3,0,-999
10/05/2021 23:09:04,-999,470,-999,3,0,-999
10/05/2021 23:09:20,-999,460,-999,3,0,-999
10/05/2021 23:09:36,-999,460,-999,3,0,-999
10/05/2021 23:09:52,-999,460,-999,3,0,-999
10/05/2021 23:10:08,-999,460,-999,3,0,-999
10/05/2021 23:10:24,-999,470,-999,3,0,-999
10/05/2021 23:10:40,-999,470,-999,3,0,-999
10/05/2021 23:10:56,-999,470,-999,3,0,-999
10/05/2021 23:11:12,-999,470,-999,3,0,-999
10/05/2021 23:11:28,-999,460,-999,3,0,-999
10/05/2021 23:11:44,-999,470,-999,3,0,-999
10/05/2021 23:12:00,-999,470,-999,3,0,-999
10/05/2021 23:12:16,-999,470,-999,3,0,-999
10/05/2021 23:12:32,-999,470,-999,3,0,-999
10/05/2021 23:12:48,-999,470,-999,3,0,-999
10/05/2021 23:13:04,-999,470,-999,3,0,-999
10/05/2021 23:13:20,-999,470,-999,3,0,-999
10/05/2021 23:13:36,-999,470,-999,3,0,-999
10/05/2021 23:13:52,-999,470,-999,3,0,-999
10/05/2021 23:14:08,-999,470,-999,3,0,-999
10/05/2021 23:14:24,-999,470,-999,3,0,-999
10/05/2021 23:14:40,-999,470,-999,3,0,-999
10/05/2021 23:14:56,-999,470,-999,3,0,-999
10/05/2021 23:15:12,-999,480,-999,3,0,-999
10/05/2021 23:15:28,-999,470,-999,3,0,-999
10/05/2021 23:16:00,-999,480,-999,3,0,-999
10/05/2021 23:16:16,-999,480,-999,3,0,-999
10/05/2021 23:16:32,-999,470,-999,3,0,-999
10/05/2021 23:16:48,-999,470,-999,3,0,-999
10/05/2021 23:17:04,-999,470,-999,3,0,-999
10/05/2021 23:17:20,-999,470,-999,3,0,-999
10/05/2021 23:17:36,-999,470,-999,3,0,-999
10/05/2021 23:18:08,-999,470,-999,3,0,-999
10/05/2021 23:18:24,-999,470,-999,3,0,-999
10/05/2021 23:18:40,-999,470,-999,3,0,-999
10/05/2021 23:18:56,-999,470,-999,3,0,-999
10/05/2021 23:19:12,-999,460,-999,3,0,-999
10/05/2021 23:19:28,-999,470,-999,3,0,-999
10/05/2021 23:20:00,-999,470,-999,3,0,-999
10/05/2021 23:20:16,-999,470,-999,3,0,-999
10/05/2021 23:20:32,-999,470,-999,3,0,-999
10/05/2021 23:20:48,-999,470,-999,3,0,-999
10/05/2021 23:21:04,-999,470,-999,3,0,-999
10/05/2021 23:21:20,-999,470,-999,3,0,-999
10/05/2021 23:21:36,-999,470,-999,3,0,-999
10/05/2021 23:22:08,-999,470,-999,3,1,7470
10/05/2021 23:22:24,-999,470,-999,3,1,7470
10/05/2021 23:22:56,-999,470,-999,3,1,7480
10/05/2021 23:23:12,-999,480,-999,3,1,7520
10/05/2021 23:23:28,-999,480,-999,3,1,7520
10/05/2021 23:23:44,-999,480,-999,3,1,7470
10/05/2021 23:24:00,-999,480,-999,3,1,7470
10/05/2021 23:24:16,-999,480,-999,3,1,7460
10/05/2021 23:24:32,-999,480,-999,3,1,7460
10/05/2021 23:25:04,-999,470,-999,3,1,7360
10/05/2021 23:25:20,-999,470,-999,3,1,7360
10/05/2021 23:25:36,-999,470,-999,3,0,-999
10/05/2021 23:25:52,-999,470,-999,3,0,-999
10/05/2021 23:26:08,-999,470,-999,3,0,-999
10/05/2021 23:26:24,-999,470,-999,3,0,-999
10/05/2021 23:26:56,-999,480,-999,3,0,-999
10/05/2021 23:27:12,-999,480,-999,3,0,-999
10/05/2021 23:27:28,-999,480,-999,3,0,-999
10/05/2021 23:27:44,-999,480,-999,3,0,-999
10/05/2021 23:28:00,-999,480,-999,3,0,-999
10/05/2021 23:28:16,-999,480,-999,3,0,-999
10/05/2021 23:28:32,-999,480,-999,3,0,-999
10/05/2021 23:28:48,-999,470,-999,3,0,-999
10/05/2021 23:29:04,-999,470,-999,3,0,-999
10/05/2021 23:29:20,-999,470,-999,3,0,-999
10/05/2021 23:29:52,-999,470,-999,3,0,-999
10/05/2021 23:30:08,-999,470,-999,3,0,-999
10/05/2021 23:30:24,-999,470,-999,3,0,-999
10/05/2021 23:30:56,-999,470,-999,3,0,-999
10/05/2021 23:31:12,-999,470,-999,3,0,-999
10/05/2021 23:31:28,-999,470,-999,3,0,-999
10/05/2021 23:32:00,-999,470,-999,3,0,-999
10/05/2021 23:32:16,-999,470,-999,3,0,-999
10/05/2021 23:32:48,-999,470,-999,3,0,-999
10/05/2021 23:33:04,-999,470,-999,3,0,-999
10/05/2021 23:33:20,-999,470,-999,3,0,-999
10/05/2021 23:33:36,-999,470,-999,3,0,-999
10/05/2021 23:33:52,-999,470,-999,3,0,-999
10/05/2021 23:34:08,-999,470,-999,3,0,-999
10/05/2021 23:34:24,-999,470,-999,3,0,-999
10/05/2021 23:34:40,-999,470,-999,3,1,8770
10/05/2021 23:34:56,-999,470,-999,3,1,8770
10/05/2021 23:35:12,-999,470,-999,3,1,8670
10/05/2021 23:35:28,-999,470,-999,3,1,8670
10/05/2021 23:35:44,-999,470,-999,3,0,-999
10/05/2021 23:36:00,-999,470,-999,3,0,-999
10/05/2021 23:36:16,-999,470,-999,3,0,-999
10/05/2021 23:36:32,-999,470,-999,3,0,-999
10/05/2021 23:36:48,-999,470,-999,3,0,-999
10/05/2021 23:37:04,-999,470,-999,3,0,-999
10/05/2021 23:37:20,-999,470,-999,3,0,-999
10/05/2021 23:37:36,-999,470,-999,3,1,8340
10/05/2021 23:38:08,-999,470,-999,3,1,8340
10/05/2021 23:38:40,-999,470,-999,3,1,8350
10/05/2021 23:38:56,-999,470,-999,3,1,8350
10/05/2021 23:39:12,-999,470,-999,3,1,8350
10/05/2021 23:39:28,-999,460,-999,3,1,8320
10/05/2021 23:39:44,-999,460,-999,3,1,8320
10/05/2021 23:40:00,-999,460,-999,3,1,8290
10/05/2021 23:40:16,-999,460,-999,3,1,8290
10/05/2021 23:40:32,-999,460,-999,3,1,8130
10/05/2021 23:40:48,-999,410,-999,3,1,8130
10/05/2021 23:41:04,-999,460,-999,3,1,7050
10/05/2021 23:41:20,-999,460,-999,3,1,7050
10/05/2021 23:41:36,-999,460,-999,3,1,7050
10/05/2021 23:41:52,-999,460,-999,3,1,7060
10/05/2021 23:42:08,-999,460,-999,3,1,7060
10/05/2021 23:42:24,-999,460,-999,3,1,7000
10/05/2021 23:42:40,-999,450,-999,3,1,7000
10/05/2021 23:43:12,-999,450,-999,3,1,7000
10/05/2021 23:43:44,-999,450,-999,3,1,6770
10/05/2021 23:44:00,-999,450,-999,3,1,6770
10/05/2021 23:44:16,-999,450,-999,3,1,6730
10/05/2021 23:44:32,-999,450,-999,3,1,6730
10/05/2021 23:44:48,-999,450,-999,3,1,6770
10/05/2021 23:45:04,-999,450,-999,3,1,6770
10/05/2021 23:45:20,-999,450,-999,3,1,6760
10/05/2021 23:45:36,-999,450,-999,3,1,6760
10/05/2021 23:45:52,-999,450,-999,3,1,6770
10/05/2021 23:46:08,-999,450,-999,3,1,6770
10/05/2021 23:46:24,-999,450,-999,3,1,6770
10/05/2021 23:46:40,-999,450,-999,3,1,6770
10/05/2021 23:46:56,-999,450,-999,3,1,6770
10/05/2021 23:47:12,-999,440,-999,3,1,6770
10/05/2021 23:47:28,-999,440,-999,3,1,6770
10/05/2021 23:47:44,-999,440,-999,3,1,6770
10/05/2021 23:48:16,-999,440,-999,3,1,6650
10/05/2021 23:48:32,-999,440,-999,3,1,6650
10/05/2021 23:48:48,-999,440,-999,3,1,6650
10/05/2021 23:49:04,-999,440,-999,3,1,6650
10/05/2021 23:49:20,-999,440,-999,3,1,6650
10/05/2021 23:49:36,-999,440,-999,3,1,6660
10/05/2021 23:49:52,-999,440,-999,3,1,6660
10/05/2021 23:50:08,-999,430,-999,3,1,6650
10/05/2021 23:50:24,-999,430,-999,3,1,6650
10/05/2021 23:50:56,-999,430,-999,3,1,6650
10/05/2021 23:51:12,-999,430,-999,3,1,6650
10/05/2021 23:51:28,-999,430,-999,3,1,6650
10/05/2021 23:51:44,-999,430,-999,3,1,6650
10/05/2021 23:52:00,-999,430,-999,3,1,6560
10/05/2021 23:52:16,-999,430,-999,3,1,6560
10/05/2021 23:52:32,-999,430,-999,3,1,6520
10/05/2021 23:52:48,-999,440,-999,3,1,6520
10/05/2021 23:53:04,-999,430,-999,3,1,6520
10/05/2021 23:53:20,-999,430,-999,3,1,6520
10/05/2021 23:53:36,-999,430,-999,3,1,6520
10/05/2021 23:53:52,-999,430,-999,3,2,7030
10/05/2021 23:54:08,-999,430,-999,3,2,7030
10/05/2021 23:54:24,-999,430,-999,3,1,6900
10/05/2021 23:54:40,-999,430,-999,3,1,6900
10/05/2021 23:54:56,-999,430,-999,3,2,6940
10/05/2021 23:55:12,-999,440,-999,3,2,6940
10/05/2021 23:55:28,-999,440,-999,3,2,6720
10/05/2021 23:55:44,-999,440,-999,3,2,6720
10/05/2021 23:56:00,-999,440,-999,3,2,6720
10/05/2021 23:56:16,-999,440,-999,3,3,6540
10/05/2021 23:56:32,-999,440,-999,3,3,6540
10/05/2021 23:56:48,-999,440,-999,3,2,7670
10/05/2021 23:57:04,-999,440,-999,3,2,7670
10/05/2021 23:57:20,-999,440,-999,3,1,7670
10/05/2021 23:57:36,-999,450,-999,3,1,7670
10/05/2021 23:57:52,-999,450,-999,3,1,7720
10/05/2021 23:58:08,-999,450,-999,3,1,7720
10/05/2021 23:58:24,-999,450,-999,3,1,7720
10/05/2021 23:58:40,-999,450,-999,3,1,7730
10/05/2021 23:58:56,-999,450,-999,3,1,7730
10/05/2021 23:59:12,-999,460,-999,3,2,6420
10/05/2021 23:59:28,-999,460,-999,3,2,6420
10/05/2021 23:59:44,-999,460,-999,3,1,6420
11/05/2021 00:00:00,-999,460,-999,3,1,6420
11/05/2021 00:00:16,-999,460,-999,3,2,6350
11/05/2021 00:00:32,-999,460,-999,3,2,6350
11/05/2021 00:00:48,-999,460,-999,3,2,6350
11/05/2021 00:01:04,-999,460,-999,3,2,7710
11/05/2021 00:01:20,-999,470,-999,3,2,7710
11/05/2021 00:01:36,-999,470,-999,3,1,8760
11/05/2021 00:01:52,-999,470,-999,3,1,8760
11/05/2021 00:02:08,-999,470,-999,3,2,7040
11/05/2021 00:02:24,-999,470,-999,3,2,7040
11/05/2021 00:02:40,-999,470,-999,3,2,6830
11/05/2021 00:02:56,-999,470,-999,3,2,6830
11/05/2021 00:03:12,-999,480,-999,3,2,6830
11/05/2021 00:03:28,-999,480,-999,3,2,6780
11/05/2021 00:03:44,-999,480,-999,3,2,6780
11/05/2021 00:04:00,-999,490,-999,3,1,6700
11/05/2021 00:04:16,-999,490,-999,3,1,6700
11/05/2021 00:04:32,-999,490,-999,3,1,6540
11/05/2021 00:04:48,-999,500,-999,3,1,6540
11/05/2021 00:05:04,-999,500,-999,3,2,6500
11/05/2021 00:05:20,-999,500,-999,3,2,6500
11/05/2021 00:05:36,-999,500,-999,3,2,6500
11/05/2021 00:05:52,-999,500,-999,3,3,6500
11/05/2021 00:06:08,-999,490,-999,3,3,6500
11/05/2021 00:06:24,-999,500,-999,3,1,6430
11/05/2021 00:06:40,-999,500,-999,3,1,6430
11/05/2021 00:06:56,-999,500,-999,3,2,6360
11/05/2021 00:07:12,-999,500,-999,3,2,6360
11/05/2021 00:07:28,-999,500,-999,3,2,6360
11/05/2021 00:07:44,-999,500,-999,3,2,6360
11/05/2021 00:08:00,-999,500,-999,3,2,6360
11/05/2021 00:08:16,-999,500,-999,3,2,6560
11/05/2021 00:08:32,-999,500,-999,3,2,6560
11/05/2021 00:08:48,-999,500,-999,3,2,6250
11/05/2021 00:09:04,-999,500,-999,3,2,6250
11/05/2021 00:09:20,-999,500,-999,3,2,6330
11/05/2021 00:09:36,-999,500,-999,3,2,6330
11/05/2021 00:09:52,-999,500,-999,3,1,6270
11/05/2021 00:10:08,-999,500,-999,3,1,6270
11/05/2021 00:10:24,-999,500,-999,3,1,6270
11/05/2021 00:10:40,-999,490,-999,3,1,6240
11/05/2021 00:10:56,-999,490,-999,3,1,6240
11/05/2021 00:11:12,-999,490,-999,3,1,6150
11/05/2021 00:11:28,-999,490,-999,3,1,6150
11/05/2021 00:11:44,-999,490,-999,3,1,6110
11/05/2021 00:12:00,-999,490,-999,3,1,6110
11/05/2021 00:12:16,-999,490,-999,3,1,6090
11/05/2021 00:12:32,-999,490,-999,3,1,6090
11/05/2021 00:12:48,-999,490,-999,3,1,6090
11/05/2021 00:13:04,-999,490,-999,3,1,8320
11/05/2021 00:13:20,-999,490,-999,3,1,8320
11/05/2021 00:13:36,-999,480,-999,3,1,8210
11/05/2021 00:13:52,-999,480,-999,3,1,8210
11/05/2021 00:14:08,-999,480,-999,3,1,8210
11/05/2021 00:14:24,-999,480,-999,3,1,8210
11/05/2021 00:14:40,-999,480,-999,3,1,8200
11/05/2021 00:14:56,-999,470,-999,3,1,8200
11/05/2021 00:15:12,-999,470,-999,3,1,8200
11/05/2021 00:15:28,-999,470,-999,3,1,8150
11/05/2021 00:15:44,-999,470,-999,3,1,8150
11/05/2021 00:16:00,-999,470,-999,3,1,8150
11/05/2021 00:16:16,-999,470,-999,3,1,8150
11/05/2021 00:16:32,-999,470,-999,3,1,8360
11/05/2021 00:16:48,-999,460,-999,3,1,8360
11/05/2021 00:17:04,-999,460,-999,3,3,8260
11/05/2021 00:17:20,-999,460,-999,3,3,8260
11/05/2021 00:17:36,-999,450,-999,3,3,8260
11/05/2021 00:18:08,-999,450,-999,3,1,8330
11/05/2021 00:18:24,-999,450,-999,3,1,8330
11/05/2021 00:18:40,-999,440,-999,3,1,8330
11/05/2021 00:18:56,-999,430,-999,3,1,8320
11/05/2021 00:19:12,-999,430,-999,3,1,8320
11/05/2021 00:19:44,-999,430,-999,3,1,8280
11/05/2021 00:20:00,-999,430,-999,3,1,8280
11/05/2021 00:20:16,-999,420,-999,3,1,8260
11/05/2021 00:20:32,-999,400,-999,3,1,8260
11/05/2021 00:21:04,-999,400,-999,3,2,8210
11/05/2021 00:21:20,-999,400,-999,3,1,8210
11/05/2021 00:21:36,-999,390,-999,3,1,8210
11/05/2021 00:21:52,-999,400,-999,3,1,8210
11/05/2021 00:22:08,-999,390,-999,3,1,8210
11/05/2021 00:22:24,-999,370,-999,3,1,8210
11/05/2021 00:22:40,-999,360,-999,3,1,8330
11/05/2021 00:22:56,-999,350,-999,3,1,8330
11/05/2021 00:23:12,-999,340,-999,3,1,8350
11/05/2021 00:23:28,-999,330,-999,3,1,8350
11/05/2021 00:23:44,-999,340,-999,3,1,8320
11/05/2021 00:24:00,-999,330,-999,3,1,8320
11/05/2021 00:24:16,-999,340,-999,3,1,8300
11/05/2021 00:24:32,-999,340,-999,3,1,8300
11/05/2021 00:25:20,-999,340,-999,3,1,8290
11/05/2021 00:25:36,-999,330,-999,3,1,8290
11/05/2021 00:25:52,-999,340,-999,3,1,8290
11/05/2021 00:26:08,-999,330,-999,3,1,8300
11/05/2021 00:26:24,-999,340,-999,3,1,8300
11/05/2021 00:26:56,-999,330,-999,3,1,8300
11/05/2021 00:27:12,-999,340,-999,3,1,8300
11/05/2021 00:27:28,-999,350,-999,3,1,8300
11/05/2021 00:27:44,-999,350,-999,3,1,8300
11/05/2021 00:28:00,-999,350,-999,3,0,-999
11/05/2021 00:28:16,-999,350,-999,3,0,-999
11/05/2021 00:28:32,-999,360,-999,3,0,-999
11/05/2021 00:29:04,-999,370,-999,3,0,-999
11/05/2021 00:29:20,-999,370,-999,3,0,-999
11/05/2021 00:29:36,-999,370,-999,3,0,-999
11/05/2021 00:30:08,-999,360,-999,3,0,-999
11/05/2021 00:30:40,-999,370,-999,3,0,-999
11/05/2021 00:30:56,-999,370,-999,3,0,-999
11/05/2021 00:31:12,-999,370,-999,3,0,-999
11/05/2021 00:31:28,-999,370,-999,3,0,-999
11/05/2021 00:32:00,-999,390,-999,3,0,-999
11/05/2021 00:32:32,-999,400,-999,3,0,-999
11/05/2021 00:32:48,-999,420,-999,3,0,-999
11/05/2021 00:33:04,-999,430,-999,3,0,-999
11/05/2021 00:33:20,-999,430,-999,3,0,-999
11/05/2021 00:33:36,-999,430,-999,3,0,-999
11/05/2021 00:33:52,-999,430,-999,3,0,-999
11/05/2021 00:34:08,-999,440,-999,3,0,-999
11/05/2021 00:34:24,-999,450,-999,3,0,-999
11/05/2021 00:34:40,-999,460,-999,3,0,-999
11/05/2021 00:34:56,-999,460,-999,3,0,-999
11/05/2021 00:35:12,-999,460,-999,3,0,-999
11/05/2021 00:35:28,-999,470,-999,3,0,-999
11/05/2021 00:35:44,-999,460,-999,3,0,-999
11/05/2021 00:36:00,-999,460,-999,3,0,-999
11/05/2021 00:36:16,-999,460,-999,3,0,-999
11/05/2021 00:36:32,-999,460,-999,3,0,-999
11/05/2021 00:36:48,-999,460,-999,3,0,-999
11/05/2021 00:37:04,-999,-999,-999,3,1,2600
11/05/2021 00:37:20,-999,-999,-999,3,1,2600
11/05/2021 00:37:36,-999,-999,-999,3,1,2460
11/05/2021 00:37:52,-999,-999,-999,3,1,2460
11/05/2021 00:38:08,-999,-999,-999,3,2,2240
11/05/2021 00:38:24,-999,-999,-999,3,2,2240
11/05/2021 00:38:40,-999,-999,-999,3,2,2080
11/05/2021 00:38:56,-999,-999,-999,3,2,2080
11/05/2021 00:39:12,-999,-999,-999,3,2,2080
11/05/2021 00:39:28,-999,-999,-999,3,1,2480
11/05/2021 00:39:44,-999,-999,-999,3,1,2480
11/05/2021 00:40:00,-999,-999,-999,3,2,2390
11/05/2021 00:40:16,-999,-999,-999,3,2,2390
11/05/2021 00:40:32,-999,-999,-999,3,2,2390
11/05/2021 00:40:48,-999,-999,-999,3,2,2390
11/05/2021 00:41:04,-999,-999,-999,3,3,2110
11/05/2021 00:41:20,-999,-999,-999,3,3,2110
11/05/2021 00:41:36,-999,-999,-999,3,3,2110
11/05/2021 00:41:52,-999,-999,-999,3,3,2040
11/05/2021 00:42:08,-999,-999,-999,3,3,2040
11/05/2021 00:42:24,-999,-999,-999,3,3,2370
11/05/2021 00:42:40,-999,-999,-999,3,3,2370
11/05/2021 00:42:56,-999,-999,-999,3,1,3670
11/05/2021 00:43:12,-999,-999,-999,3,1,3670
11/05/2021 00:43:44,-999,-999,-999,3,2,3670
11/05/2021 00:44:00,-999,-999,-999,3,2,3670
11/05/2021 00:44:16,-999,-999,-999,3,2,2590
11/05/2021 00:44:32,-999,-999,-999,3,2,2590
11/05/2021 00:44:48,-999,-999,-999,3,1,2530
11/05/2021 00:45:04,-999,-999,-999,3,1,2530
11/05/2021 00:45:20,-999,-999,-999,3,1,2470
11/05/2021 00:45:36,-999,-999,-999,3,1,2470
11/05/2021 00:45:52,-999,-999,-999,3,2,2440
11/05/2021 00:46:08,-999,-999,-999,3,2,2440
11/05/2021 00:46:24,-999,-999,-999,3,2,2440
11/05/2021 00:46:40,-999,-999,-999,3,2,2910
11/05/2021 00:46:56,-999,-999,-999,3,2,2910
11/05/2021 00:47:12,-999,-999,-999,3,1,3440
11/05/2021 00:47:28,-999,-999,-999,3,1,3440
11/05/2021 00:48:00,-999,-999,-999,3,1,3390
11/05/2021 00:48:16,-999,-999,-999,3,2,2080
11/05/2021 00:48:32,-999,-999,-999,3,2,2080
11/05/2021 00:48:48,-999,-999,-999,3,2,2080
11/05/2021 00:49:04,-999,-999,-999,3,3,2050
11/05/2021 00:49:20,-999,-999,-999,3,3,2050
11/05/2021 00:49:36,-999,-999,-999,3,1,2920
11/05/2021 00:49:52,-999,-999,-999,3,1,2920
11/05/2021 00:50:08,-999,-999,-999,3,1,2860
11/05/2021 00:50:24,-999,-999,-999,3,1,2860
11/05/2021 00:50:40,-999,-999,-999,3,1,2670
11/05/2021 00:50:56,-999,-999,-999,3,1,2670
11/05/2021 00:51:12,-999,-999,-999,3,1,2670
11/05/2021 00:51:44,-999,-999,-999,3,2,2440
11/05/2021 00:52:00,-999,-999,-999,3,1,2260
11/05/2021 00:52:16,-999,-999,-999,3,1,2260
11/05/2021 00:52:32,-999,-999,-999,3,1,2270
11/05/2021 00:52:48,-999,-999,-999,3,1,2270
11/05/2021 00:53:04,-999,-999,-999,3,1,2200
11/05/2021 00:53:20,-999,-999,-999,3,1,2200
11/05/2021 00:53:36,-999,-999,-999,3,1,2200
11/05/2021 00:54:08,-999,-999,-999,3,1,2260
11/05/2021 00:54:24,-999,-999,-999,3,1,2190
11/05/2021 00:54:40,-999,2390,-999,3,1,2190
11/05/2021 00:54:56,-999,2390,-999,3,2,2080
11/05/2021 00:55:12,-999,2390,-999,3,2,2080
11/05/2021 00:55:28,-999,2390,-999,3,2,2030
11/05/2021 00:56:16,-999,2390,-999,3,1,2030
11/05/2021 00:56:32,-999,2390,-999,3,1,2030
11/05/2021 00:56:48,-999,-999,-999,3,1,2130
11/05/2021 00:57:20,-999,-999,-999,3,1,2110
11/05/2021 00:57:36,-999,-999,-999,3,1,2110
11/05/2021 00:57:52,-999,-999,-999,3,1,2150
11/05/2021 00:58:08,-999,-999,-999,3,1,2150
11/05/2021 00:58:24,-999,-999,-999,3,1,2150
11/05/2021 00:58:40,-999,-999,-999,3,1,2180
11/05/2021 00:58:56,-999,-999,-999,3,1,2180
11/05/2021 00:59:12,-999,-999,-999,3,1,2170
11/05/2021 00:59:28,-999,-999,-999,3,1,2170
11/05/2021 00:59:44,-999,-999,-999,3,1,2160
11/05/2021 01:00:00,3,-999,360,3,1,2160
11/05/2021 01:00:16,3,-999,360,3,1,2160
11/05/2021 01:00:32,3,-999,360,3,1,2160
11/05/2021 01:00:48,3,-999,360,3,1,2160
11/05/2021 01:01:04,3,-999,360,3,1,2160
11/05/2021 01:01:20,3,-999,360,3,1,2160
11/05/2021 01:01:36,3,-999,360,3,2,1930
11/05/2021 01:01:52,3,-999,360,3,2,1930
11/05/2021 01:02:08,3,-999,360,3,3,1430
11/05/2021 01:02:24,3,-999,360,3,3,1430
11/05/2021 01:02:40,3,-999,360,3,2,2070
11/05/2021 01:02:56,3,-999,360,3,2,2070
11/05/2021 01:03:12,3,-999,360,3,2,2070
11/05/2021 01:03:28,3,-999,360,3,1,2210
11/05/2021 01:03:44,3,-999,360,3,1,2210
11/05/2021 01:04:00,3,-999,360,3,2,2270
11/05/2021 01:04:16,3,-999,360,3,2,2270
11/05/2021 01:04:32,3,-999,360,3,2,2490
11/05/2021 01:04:48,3,-999,360,3,2,2490
11/05/2021 01:05:04,3,-999,360,3,2,2450
11/05/2021 01:05:20,3,-999,360,3,2,2450
11/05/2021 01:05:36,3,-999,360,3,2,2450
11/05/2021 01:05:52,3,-999,360,3,2,2440
11/05/2021 01:06:08,3,-999,360,3,2,2440
11/05/2021 01:06:24,3,-999,360,3,2,2810
11/05/2021 01:06:40,3,-999,360,3,2,2810
11/05/2021 01:06:56,3,-999,360,3,2,2970
11/05/2021 01:07:12,3,-999,360,3,2,2970
11/05/2021 01:07:28,3,-999,360,3,1,3460
11/05/2021 01:07:44,3,-999,360,3,1,3460
11/05/2021 01:08:00,3,-999,360,3,1,3460
11/05/2021 01:08:16,3,-999,360,3,1,3470
11/05/2021 01:08:32,3,-999,360,3,1,3470
11/05/2021 01:08:48,3,-999,360,3,1,3510
11/05/2021 01:09:04,3,-999,360,3,1,3510
11/05/2021 01:09:20,3,-999,360,3,1,3570
11/05/2021 01:10:08,3,-999,360,3,2,3580
11/05/2021 01:10:40,3,-999,360,3,2,3690
11/05/2021 01:11:12,3,-999,360,3,2,3430
11/05/2021 01:11:28,3,-999,360,3,2,3430
11/05/2021 01:11:44,3,-999,360,3,1,3430
11/05/2021 01:12:00,3,-999,360,3,1,3430
11/05/2021 01:12:16,3,40,360,3,1,3440
11/05/2021 01:12:32,3,1860,360,3,1,3440
11/05/2021 01:12:48,3,1840,360,3,1,3440
11/05/2021 01:13:04,3,1830,360,3,1,3450
11/05/2021 01:13:20,3,1830,360,3,1,3450
11/05/2021 01:13:36,3,-999,360,3,1,3460
11/05/2021 01:13:52,3,-999,360,3,1,3460
11/05/2021 01:14:08,3,1830,360,3,2,2250
11/05/2021 01:14:24,3,1830,360,3,2,2250
11/05/2021 01:14:40,3,1830,360,3,2,1910
11/05/2021 01:14:56,3,2990,360,3,2,1910
11/05/2021 01:15:12,3,2990,360,3,2,1910
11/05/2021 01:15:28,3,-999,360,3,1,1800
11/05/2021 01:16:00,3,-999,360,3,1,1780
11/05/2021 01:16:16,3,-999,360,3,1,1780
11/05/2021 01:16:48,3,-999,360,3,1,1770
11/05/2021 01:17:04,3,-999,360,3,1,1770
11/05/2021 01:17:20,3,-999,360,3,1,1770
11/05/2021 01:17:52,3,-999,360,3,3,1760
11/05/2021 01:18:08,3,-999,360,3,3,1760
11/05/2021 01:18:24,3,-999,360,3,2,1760
11/05/2021 01:18:40,3,-999,360,3,2,1760
11/05/2021 01:18:56,3,1890,360,3,2,1720
11/05/2021 01:19:12,3,1890,360,3,2,1720
11/05/2021 01:19:28,3,1890,360,3,2,2760
11/05/2021 01:19:44,3,1890,360,3,2,2760
11/05/2021 01:20:00,3,-999,360,3,2,2760
11/05/2021 01:20:16,3,-999,360,3,2,2740
11/05/2021 01:20:32,3,-999,360,3,2,2740
11/05/2021 01:20:48,3,-999,360,3,1,2700
11/05/2021 01:21:04,3,-999,360,3,1,2700
11/05/2021 01:21:20,3,-999,360,3,1,3960
11/05/2021 01:21:36,3,-999,360,3,1,3960
11/05/2021 01:21:52,3,-999,360,3,2,3660
11/05/2021 01:22:08,3,-999,360,3,2,3660
11/05/2021 01:22:24,3,-999,360,3,2,3660
11/05/2021 01:22:40,3,2650,360,3,2,2060
11/05/2021 01:22:56,3,2650,360,3,2,2060
11/05/2021 01:23:12,3,-999,360,3,1,3760
11/05/2021 01:23:28,3,-999,360,3,1,3760
11/05/2021 01:23:44,3,-999,360,3,1,3760
11/05/2021 01:24:00,3,-999,360,3,1,3760
11/05/2021 01:24:16,3,-999,360,3,1,3760
11/05/2021 01:24:32,3,-999,360,3,1,3760
11/05/2021 01:24:48,3,-999,360,3,1,3760
11/05/2021 01:25:04,3,-999,360,3,2,990
11/05/2021 01:25:20,3,-999,360,3,2,990
11/05/2021 01:25:36,3,-999,360,3,3,3150
11/05/2021 01:25:52,3,-999,360,3,3,3150
11/05/2021 01:26:08,3,2420,360,3,2,2530
11/05/2021 01:26:24,3,-999,360,3,2,2530
11/05/2021 01:26:40,3,560,360,3,2,2480
11/05/2021 01:26:56,3,580,360,3,2,2480
11/05/2021 01:27:12,3,580,360,3,2,2480
11/05/2021 01:27:28,3,570,360,3,1,2440
11/05/2021 01:27:44,3,570,360,3,1,2440
11/05/2021 01:28:00,3,570,360,3,1,2400
11/05/2021 01:28:16,3,570,360,3,1,2400
11/05/2021 01:28:32,3,570,360,3,3,2400
11/05/2021 01:28:48,3,2560,360,3,3,2400
11/05/2021 01:29:04,3,2560,360,3,3,2370
11/05/2021 01:29:20,3,2560,360,3,3,2370
11/05/2021 01:29:36,3,2560,360,3,3,2370
11/05/2021 01:29:52,3,2610,360,3,1,2450
11/05/2021 01:30:08,3,2610,360,3,1,2450
11/05/2021 01:30:24,3,2560,360,3,1,2410
11/05/2021 01:30:40,3,2560,360,3,1,2410
11/05/2021 01:30:56,3,2550,360,3,1,2380
11/05/2021 01:31:12,3,2550,360,3,1,2380
11/05/2021 01:31:28,3,-999,360,3,1,2360
11/05/2021 01:31:44,3,-999,360,3,1,2360
11/05/2021 01:32:16,3,-999,360,3,1,2360
11/05/2021 01:32:32,3,-999,360,3,1,2360
11/05/2021 01:32:48,3,2490,360,3,1,2300
11/05/2021 01:33:04,3,2510,360,3,1,2300
11/05/2021 01:33:20,3,2490,360,3,1,2260
11/05/2021 01:33:36,3,2490,360,3,1,2260
11/05/2021 01:33:52,3,2490,360,3,1,2210
11/05/2021 01:34:08,3,2490,360,3,1,2210
11/05/2021 01:34:24,3,2490,360,3,1,2210
11/05/2021 01:34:40,3,2470,360,3,1,2190
11/05/2021 01:34:56,3,2440,360,3,1,2190
11/05/2021 01:35:12,3,2440,360,3,1,2300
11/05/2021 01:35:28,3,2430,360,3,1,2300
11/05/2021 01:35:44,3,2430,360,3,1,2200
11/05/2021 01:36:00,3,2430,360,3,1,2200
11/05/2021 01:36:16,3,2430,360,3,1,2110
11/05/2021 01:36:32,3,2430,360,3,1,2110
11/05/2021 01:36:48,3,2390,360,3,1,2110
11/05/2021 01:37:20,3,2390,360,3,1,2100
11/05/2021 01:38:08,3,2430,360,3,2,2120
11/05/2021 01:38:24,3,2430,360,3,2,2120
11/05/2021 01:38:40,3,2430,360,3,1,2410
11/05/2021 01:38:56,3,2430,360,3,1,2410
11/05/2021 01:39:12,3,-999,360,3,1,2410
11/05/2021 01:39:28,3,-999,360,3,1,2450
11/05/2021 01:39:44,3,-999,360,3,1,2450
11/05/2021 01:40:00,3,-999,360,3,1,2460
11/05/2021 01:40:16,3,1890,360,3,1,2460
11/05/2021 01:40:32,3,1890,360,3,1,2470
11/05/2021 01:41:04,3,1890,360,3,1,2490
11/05/2021 01:41:20,3,1890,360,3,1,2490
11/05/2021 01:41:36,3,1890,360,3,1,2490
11/05/2021 01:41:52,3,1890,360,3,1,2480
11/05/2021 01:42:08,3,1890,360,3,1,2480
11/05/2021 01:42:24,3,1890,360,3,1,2470
11/05/2021 01:42:40,3,2570,360,3,1,2470
11/05/2021 01:42:56,3,2570,360,3,1,2480
11/05/2021 01:43:12,3,2570,360,3,1,2480
11/05/2021 01:43:28,3,2590,360,3,1,2500
11/05/2021 01:43:44,3,2590,360,3,1,2500
11/05/2021 01:44:00,3,2590,360,3,1,2500
11/05/2021 01:44:16,3,2590,360,3,1,2500
11/05/2021 01:44:32,3,2590,360,3,1,2500
11/05/2021 01:44:48,3,2590,360,3,1,2550
11/05/2021 01:45:04,3,2590,360,3,1,2550
11/05/2021 01:45:20,3,2590,360,3,1,2530
11/05/2021 01:45:36,3,2590,360,3,1,2530
11/05/2021 01:45:52,3,2590,360,3,1,2520
11/05/2021 01:46:08,3,2610,360,3,1,2520
11/05/2021 01:46:24,3,2610,360,3,1,2520
11/05/2021 01:46:40,3,2610,360,3,1,2530
11/05/2021 01:46:56,3,2610,360,3,1,2530
11/05/2021 01:47:12,3,2620,360,3,1,2530
11/05/2021 01:47:28,3,2620,360,3,1,2530
11/05/2021 01:47:44,3,2620,360,3,1,2500
11/05/2021 01:48:00,3,2620,360,3,1,2500
11/05/2021 01:48:32,3,2620,360,3,1,2500
11/05/2021 01:48:48,3,2620,360,3,1,2500
11/05/2021 01:49:04,3,2620,360,3,1,2490
11/05/2021 01:49:20,3,2620,360,3,1,2490
11/05/2021 01:49:36,3,2620,360,3,1,2490
11/05/2021 01:49:52,3,2620,360,3,1,2490
11/05/2021 01:50:08,3,2620,360,3,1,2490
11/05/2021 01:50:24,3,2620,360,3,1,2490
11/05/2021 01:50:40,3,2610,360,3,1,2480
11/05/2021 01:50:56,3,2610,360,3,1,2480
11/05/2021 01:51:12,3,2610,360,3,1,2480
11/05/2021 01:51:28,3,2610,360,3,1,2460
11/05/2021 01:51:44,3,2600,360,3,1,2460
11/05/2021 01:52:00,3,2600,360,3,1,2480
11/05/2021 01:52:16,3,2600,360,3,1,2480
11/05/2021 01:52:32,3,2600,360,3,1,2490
11/05/2021 01:52:48,3,2600,360,3,1,2490
11/05/2021 01:53:04,3,2600,360,3,1,2470
11/05/2021 01:53:36,3,2590,360,3,1,2470
11/05/2021 01:53:52,3,2600,360,3,1,2450
11/05/2021 01:54:08,3,2600,360,3,1,2450
11/05/2021 01:54:24,3,2600,360,3,1,2480
11/05/2021 01:54:40,3,2600,360,3,1,2480
11/05/2021 01:54:56,3,2600,360,3,1,2520
11/05/2021 01:55:12,3,2610,360,3,1,2520
11/05/2021 01:55:28,3,2620,360,3,1,2550
11/05/2021 01:55:44,3,2620,360,3,1,2550
11/05/2021 01:56:16,3,2620,360,3,1,2550
11/05/2021 01:56:32,3,2620,360,3,1,2550
11/05/2021 01:56:48,3,2660,360,3,1,2560
11/05/2021 01:57:04,3,2660,360,3,1,2560
11/05/2021 01:57:20,3,2660,360,3,1,2530
11/05/2021 01:57:36,3,2660,360,3,1,2530
11/05/2021 01:57:52,3,2660,360,3,1,2540
11/05/2021 01:58:24,3,2660,360,3,1,2540
11/05/2021 01:58:40,3,2660,360,3,1,2510
11/05/2021 01:58:56,3,2660,360,3,1,2510
11/05/2021 01:59:28,3,2670,360,3,1,2490
11/05/2021 01:59:44,3,2670,360,3,1,2490
11/05/2021 02:00:00,1,2680,2600,3,1,2490
11/05/2021 02:00:16,1,2680,2600,3,1,2510
11/05/2021 02:00:32,1,2690,2600,3,1,2510
11/05/2021 02:00:48,1,2690,2600,3,1,2510
11/05/2021 02:01:20,1,2690,2600,3,1,2510
11/05/2021 02:01:36,1,2690,2600,3,1,2550
11/05/2021 02:01:52,1,2730,2600,3,1,2550
11/05/2021 02:02:08,1,2730,2600,3,2,2670
11/05/2021 02:02:24,1,2730,2600,3,2,2670
11/05/2021 02:02:40,1,2730,2600,3,2,2680
11/05/2021 02:02:56,1,2770,2600,3,2,2680
11/05/2021 02:03:12,1,2810,2600,3,2,2680
11/05/2021 02:03:28,1,2810,2600,3,1,3660
11/05/2021 02:03:44,1,2810,2600,3,1,3660
11/05/2021 02:04:32,1,2810,2600,3,2,2480
11/05/2021 02:04:48,1,2810,2600,3,2,2480
11/05/2021 02:05:04,1,2810,2600,3,1,3460
11/05/2021 02:05:20,1,2830,2600,3,1,3460
11/05/2021 02:05:36,1,2270,2600,3,1,3460
11/05/2021 02:05:52,1,2270,2600,3,1,3520
11/05/2021 02:06:08,1,-999,2600,3,1,3520
11/05/2021 02:06:24,1,780,2600,3,0,-999
11/05/2021 02:06:40,1,770,2600,3,0,-999
11/05/2021 02:06:56,1,770,2600,3,0,-999
11/05/2021 02:07:12,1,770,2600,3,0,-999
11/05/2021 02:07:28,1,760,2600,3,0,-999
11/05/2021 02:07:44,1,720,2600,3,0,-999
11/05/2021 02:08:00,1,620,2600,3,0,-999
11/05/2021 02:08:16,1,540,2600,3,0,-999
11/05/2021 02:08:32,1,390,2600,3,0,-999
11/05/2021 02:08:48,1,30,2600,3,0,-999
11/05/2021 02:09:04,1,120,2600,3,0,-999
11/05/2021 02:09:20,1,220,2600,3,0,-999
11/05/2021 02:09:36,1,290,2600,3,0,-999
11/05/2021 02:09:52,1,290,2600,3,0,-999
11/05/2021 02:10:08,1,300,2600,3,0,-999
11/05/2021 02:10:24,1,320,2600,3,0,-999
11/05/2021 02:10:40,1,2280,2600,3,1,3940
11/05/2021 02:10:56,1,2280,2600,3,1,3940
11/05/2021 02:11:12,1,2280,2600,3,1,3930
11/05/2021 02:11:28,1,-999,2600,3,1,3930
11/05/2021 02:11:44,1,330,2600,3,0,-999
11/05/2021 02:12:00,1,330,2600,3,0,-999
11/05/2021 02:12:16,1,320,2600,3,0,-999
11/05/2021 02:12:32,1,320,2600,3,0,-999
11/05/2021 02:12:48,1,320,2600,3,0,-999
11/05/2021 02:13:04,1,320,2600,3,0,-999
11/05/2021 02:13:20,1,320,2600,3,0,-999
11/05/2021 02:13:36,1,320,2600,3,0,-999
11/05/2021 02:13:52,1,320,2600,3,0,-999
11/05/2021 02:14:08,1,320,2600,3,0,-999
11/05/2021 02:14:24,1,320,2600,3,0,-999
11/05/2021 02:14:40,1,310,2600,3,0,-999
11/05/2021 02:14:56,1,310,2600,3,0,-999
11/05/2021 02:15:12,1,310,2600,3,0,-999
11/05/2021 02:15:44,1,300,2600,3,0,-999
11/05/2021 02:16:00,1,300,2600,3,0,-999
11/05/2021 02:16:32,1,290,2600,3,0,-999
11/05/2021 02:16:48,1,290,2600,3,0,-999
11/05/2021 02:17:04,1,280,2600,3,0,-999
11/05/2021 02:17:20,1,280,2600,3,0,-999
11/05/2021 02:17:36,1,270,2600,3,0,-999
11/05/2021 02:17:52,1,270,2600,3,0,-999
11/05/2021 02:18:08,1,260,2600,3,0,-999
11/05/2021 02:18:24,1,260,2600,3,0,-999
11/05/2021 02:18:40,1,260,2600,3,0,-999
11/05/2021 02:18:56,1,250,2600,3,1,5610
11/05/2021 02:19:12,1,250,2600,3,1,5610
11/05/2021 02:19:28,1,-999,2600,3,2,3720
11/05/2021 02:19:44,1,-999,2600,3,2,3720
11/05/2021 02:20:00,1,-999,2600,3,2,3720
11/05/2021 02:20:16,1,-999,2600,3,2,3650
11/05/2021 02:20:32,1,-999,2600,3,2,3650
11/05/2021 02:20:48,1,-999,2600,3,2,3620
11/05/2021 02:21:04,1,-999,2600,3,2,3620
11/05/2021 02:21:20,1,220,2600,3,1,5590
11/05/2021 02:21:36,1,210,2600,3,1,5590
11/05/2021 02:21:52,1,210,2600,3,2,4140
11/05/2021 02:22:08,1,210,2600,3,2,4140
11/05/2021 02:22:24,1,200,2600,3,2,4140
11/05/2021 02:22:40,1,200,2600,3,2,4150
11/05/2021 02:22:56,1,200,2600,3,2,4150
11/05/2021 02:23:12,1,190,2600,3,1,4160
11/05/2021 02:23:28,1,190,2600,3,1,4160
11/05/2021 02:23:44,1,-999,2600,3,1,3990
11/05/2021 02:24:00,1,-999,2600,3,1,3990
11/05/2021 02:24:16,1,-999,2600,3,1,3970
11/05/2021 02:24:32,1,-999,2600,3,1,3970
11/05/2021 02:24:48,1,-999,2600,3,1,3970
11/05/2021 02:25:04,1,-999,2600,3,1,3880
11/05/2021 02:25:20,1,-999,2600,3,1,3880
11/05/2021 02:25:36,1,-999,2600,3,1,3880
11/05/2021 02:25:52,1,-999,2600,3,1,3880
11/05/2021 02:26:08,1,-999,2600,3,1,3940
11/05/2021 02:26:24,1,-999,2600,3,1,3940
11/05/2021 02:26:40,1,-999,2600,3,1,3840
11/05/2021 02:26:56,1,-999,2600,3,1,3840
11/05/2021 02:27:12,1,-999,2600,3,1,3840
11/05/2021 02:27:28,1,-999,2600,3,1,3780
11/05/2021 02:27:44,1,-999,2600,3,1,3780
11/05/2021 02:28:00,1,-999,2600,3,1,3750
11/05/2021 02:28:16,1,-999,2600,3,1,3750
11/05/2021 02:28:32,1,-999,2600,3,1,3710
11/05/2021 02:28:48,1,-999,2600,3,1,3710
11/05/2021 02:29:04,1,-999,2600,3,1,3670
11/05/2021 02:29:20,1,-999,2600,3,1,3670
11/05/2021 02:29:36,1,-999,2600,3,1,3670
11/05/2021 02:29:52,1,-999,2600,3,1,3680
11/05/2021 02:30:08,1,3870,2600,3,1,3680
11/05/2021 02:30:24,1,3870,2600,3,1,3650
11/05/2021 02:30:40,1,3870,2600,3,1,3650
11/05/2021 02:30:56,1,3870,2600,3,2,3700
11/05/2021 02:31:12,1,3870,2600,3,2,3700
11/05/2021 02:31:28,1,3870,2600,3,1,3950
11/05/2021 02:31:44,1,3870,2600,3,1,3950
11/05/2021 02:32:00,1,3870,2600,3,1,3950
11/05/2021 02:32:16,1,3870,2600,3,1,3910
11/05/2021 02:32:32,1,-999,2600,3,1,3910
11/05/2021 02:32:48,1,-999,2600,3,1,3930
11/05/2021 02:33:04,1,-999,2600,3,1,3930
11/05/2021 02:33:20,1,-999,2600,3,1,3940
11/05/2021 02:33:36,1,-999,2600,3,1,3940
11/05/2021 02:33:52,1,-999,2600,3,1,3940
11/05/2021 02:34:08,1,-999,2600,3,1,3940
11/05/2021 02:34:24,1,-999,2600,3,1,3940
11/05/2021 02:34:40,1,-999,2600,3,1,3930
11/05/2021 02:34:56,1,-999,2600,3,1,3930
11/05/2021 02:35:12,1,-999,2600,3,1,3950
11/05/2021 02:35:28,1,-999,2600,3,1,3950
11/05/2021 02:35:44,1,-999,2600,3,1,3900
11/05/2021 02:36:00,1,-999,2600,3,1,3900
11/05/2021 02:36:16,1,-999,2600,3,1,3900
11/05/2021 02:36:32,1,-999,2600,3,1,3900
11/05/2021 02:36:48,1,-999,2600,3,1,3900
11/05/2021 02:37:04,1,-999,2600,3,1,3890
11/05/2021 02:37:20,1,-999,2600,3,1,3890
11/05/2021 02:37:36,1,-999,2600,3,1,3910
11/05/2021 02:37:52,1,-999,2600,3,1,3910
11/05/2021 02:38:08,1,-999,2600,3,2,3890
11/05/2021 02:38:24,1,-999,2600,3,2,3890
11/05/2021 02:38:40,1,-999,2600,3,2,3710
11/05/2021 02:38:56,1,-999,2600,3,2,3710
11/05/2021 02:39:12,1,-999,2600,3,2,3710
11/05/2021 02:39:28,1,-999,2600,3,2,3690
11/05/2021 02:39:44,1,-999,2600,3,2,3690
11/05/2021 02:40:00,1,180,2600,3,1,7450
11/05/2021 02:40:16,1,180,2600,3,1,7450
11/05/2021 02:40:32,1,180,2600,3,1,7410
11/05/2021 02:40:48,1,190,2600,3,1,7410
11/05/2021 02:41:04,1,190,2600,3,1,7410
11/05/2021 02:41:20,1,190,2600,3,1,7410
11/05/2021 02:41:36,1,190,2600,3,1,7410
11/05/2021 02:41:52,1,190,2600,3,1,7470
11/05/2021 02:42:08,1,190,2600,3,1,7470
11/05/2021 02:42:24,1,180,2600,3,1,7460
11/05/2021 02:42:40,1,190,2600,3,1,7460
11/05/2021 02:42:56,1,190,2600,3,2,7400
11/05/2021 02:43:12,1,190,2600,3,2,7400
11/05/2021 02:43:28,1,190,2600,3,1,7360
11/05/2021 02:43:44,1,180,2600,3,1,7360
11/05/2021 02:44:00,1,180,2600,3,1,7360
11/05/2021 02:44:16,1,180,2600,3,2,7360
11/05/2021 02:44:32,1,180,2600,3,2,7360
11/05/2021 02:44:48,1,180,2600,3,1,7370
11/05/2021 02:45:04,1,170,2600,3,1,7370
11/05/2021 02:45:20,1,170,2600,3,1,7430
11/05/2021 02:45:36,1,170,2600,3,1,7430
11/05/2021 02:45:52,1,170,2600,3,1,7490
11/05/2021 02:46:08,1,180,2600,3,1,7490
11/05/2021 02:46:24,1,180,2600,3,1,7490
11/05/2021 02:46:40,1,170,2600,3,1,7380
11/05/2021 02:46:56,1,170,2600,3,1,7380
11/05/2021 02:47:12,1,-999,2600,3,2,1850
11/05/2021 02:47:28,1,-999,2600,3,2,1850
11/05/2021 02:47:44,1,-999,2600,3,1,1850
11/05/2021 02:48:00,1,-999,2600,3,1,1850
11/05/2021 02:48:16,1,-999,2600,3,2,1850
11/05/2021 02:48:32,1,-999,2600,3,2,1850
11/05/2021 02:48:48,1,-999,2600,3,2,1850
11/05/2021 02:49:04,1,160,2600,3,1,7390
11/05/2021 02:49:20,1,170,2600,3,1,7390
11/05/2021 02:49:36,1,170,2600,3,1,7400
11/05/2021 02:49:52,1,170,2600,3,1,7400
11/05/2021 02:50:08,1,170,2600,3,1,7390
11/05/2021 02:50:24,1,170,2600,3,1,7390
11/05/2021 02:50:40,1,170,2600,3,1,7380
11/05/2021 02:50:56,1,160,2600,3,1,7380
11/05/2021 02:51:12,1,170,2600,3,1,7380
11/05/2021 02:51:28,1,170,2600,3,1,7370
11/05/2021 02:51:44,1,170,2600,3,1,7370
11/05/2021 02:52:00,1,170,2600,3,1,7360
11/05/2021 02:52:16,1,180,2600,3,1,7360
11/05/2021 02:52:32,1,180,2600,3,1,7360
11/05/2021 02:52:48,1,180,2600,3,1,7360
11/05/2021 02:53:04,1,190,2600,3,0,-999
11/05/2021 02:53:20,1,180,2600,3,0,-999
11/05/2021 02:53:36,1,180,2600,3,0,-999
11/05/2021 02:53:52,1,190,2600,3,0,-999
11/05/2021 02:54:08,1,190,2600,3,0,-999
11/05/2021 02:54:24,1,190,2600,3,0,-999
11/05/2021 02:54:40,1,190,2600,3,0,-999
11/05/2021 02:54:56,1,200,2600,3,0,-999
11/05/2021 02:55:12,1,200,2600,3,0,-999
11/05/2021 02:55:28,1,200,2600,3,0,-999
11/05/2021 02:55:44,1,210,2600,3,0,-999
11/05/2021 02:56:00,1,210,2600,3,0,-999
11/05/2021 02:56:16,1,210,2600,3,0,-999
11/05/2021 02:56:32,1,210,2600,3,0,-999
11/05/2021 02:57:04,1,220,2600,3,1,5670
11/05/2021 02:57:36,1,230,2600,3,1,5630
11/05/2021 02:57:52,1,240,2600,3,1,5630
11/05/2021 02:58:24,1,230,2600,3,1,5630
11/05/2021 02:58:40,1,240,2600,3,1,5640
11/05/2021 02:58:56,1,250,2600,3,1,5640
11/05/2021 02:59:12,1,250,2600,3,1,5680
11/05/2021 02:59:28,1,250,2600,3,1,5680
11/05/2021 02:59:44,1,250,2600,3,1,5660
11/05/2021 03:00:00,1,250,300,3,1,5660
11/05/2021 03:00:16,1,250,300,3,1,5660
11/05/2021 03:00:32,1,250,300,3,1,5660
11/05/2021 03:00:48,1,250,300,3,1,5660
11/05/2021 03:01:04,1,250,300,3,1,5670
11/05/2021 03:01:20,1,250,300,3,1,5670
11/05/2021 03:01:36,1,250,300,3,1,5660
11/05/2021 03:01:52,1,250,300,3,1,5660
11/05/2021 03:02:08,1,250,300,3,1,5660
11/05/2021 03:02:24,1,250,300,3,1,5660
11/05/2021 03:02:40,1,250,300,3,1,5640
11/05/2021 03:02:56,1,250,300,3,1,5640
11/05/2021 03:03:12,1,250,300,3,1,5640
11/05/2021 03:03:28,1,250,300,3,1,5640
11/05/2021 03:03:44,1,250,300,3,1,5640
11/05/2021 03:04:00,1,250,300,3,1,5460
11/05/2021 03:04:16,1,250,300,3,1,5460
11/05/2021 03:04:32,1,250,300,3,1,5530
11/05/2021 03:04:48,1,250,300,3,1,5530
11/05/2021 03:05:20,1,250,300,3,1,5540
11/05/2021 03:05:36,1,250,300,3,1,5540
11/05/2021 03:05:52,1,250,300,3,1,5500
11/05/2021 03:06:08,1,250,300,3,1,5500
11/05/2021 03:06:24,1,250,300,3,1,5500
11/05/2021 03:06:40,1,250,300,3,1,5500
11/05/2021 03:06:56,1,250,300,3,1,5460
11/05/2021 03:07:12,1,250,300,3,1,5460
11/05/2021 03:07:28,1,250,300,3,1,5580
11/05/2021 03:07:44,1,250,300,3,1,5580
11/05/2021 03:08:00,1,230,300,3,1,5580
11/05/2021 03:08:16,1,230,300,3,1,5570
11/05/2021 03:08:32,1,220,300,3,1,5570
11/05/2021 03:08:48,1,220,300,3,1,5590
11/05/2021 03:09:04,1,220,300,3,1,5590
11/05/2021 03:09:20,1,210,300,3,1,5560
11/05/2021 03:09:36,1,180,300,3,1,5560
11/05/2021 03:09:52,1,180,300,3,1,5530
11/05/2021 03:10:08,1,180,300,3,1,5530
11/05/2021 03:10:24,1,180,300,3,1,5530
11/05/2021 03:10:40,1,180,300,3,1,5520
11/05/2021 03:10:56,1,180,300,3,1,5520
11/05/2021 03:11:12,1,180,300,3,1,5540
11/05/2021 03:11:28,1,190,300,3,1,5540
11/05/2021 03:11:44,1,180,300,3,1,5490
11/05/2021 03:12:00,1,190,300,3,1,5490
11/05/2021 03:12:16,1,190,300,3,1,5460
11/05/2021 03:12:32,1,180,300,3,1,5460
11/05/2021 03:12:48,1,180,300,3,1,5460
11/05/2021 03:13:04,1,180,300,3,1,5450
11/05/2021 03:13:20,1,180,300,3,1,5450
11/05/2021 03:13:36,1,190,300,3,1,5410
11/05/2021 03:13:52,1,190,300,3,1,5410
11/05/2021 03:14:08,1,190,300,3,1,5400
11/05/2021 03:14:24,1,190,300,3,1,5400
11/05/2021 03:14:40,1,190,300,3,1,5470
11/05/2021 03:14:56,1,190,300,3,1,5470
11/05/2021 03:15:12,1,190,300,3,1,5470
11/05/2021 03:15:28,1,180,300,3,1,5380
11/05/2021 03:15:44,1,180,300,3,1,5380
11/05/2021 03:16:00,1,180,300,3,1,5370
11/05/2021 03:16:16,1,180,300,3,1,5370
11/05/2021 03:16:32,1,180,300,3,1,5380
11/05/2021 03:16:48,1,170,300,3,1,5380
11/05/2021 03:17:04,1,170,300,3,1,5460
11/05/2021 03:17:20,1,170,300,3,1,5460
11/05/2021 03:17:36,1,160,300,3,1,5460
11/05/2021 03:17:52,1,160,300,3,1,5440
11/05/2021 03:18:08,1,150,300,3,1,5440
11/05/2021 03:18:24,1,150,300,3,1,5330
11/05/2021 03:18:40,1,140,300,3,1,5330
11/05/2021 03:18:56,1,140,300,3,2,5230
11/05/2021 03:19:12,1,130,300,3,2,5230
11/05/2021 03:19:28,1,130,300,3,1,5420
11/05/2021 03:19:44,1,120,300,3,1,5420
11/05/2021 03:20:00,1,120,300,3,1,5420
11/05/2021 03:20:16,1,120,300,3,2,4890
11/05/2021 03:20:32,1,110,300,3,2,4890
11/05/2021 03:20:48,1,100,300,3,1,4860
11/05/2021 03:21:20,1,100,300,3,2,4860
11/05/2021 03:21:36,1,80,300,3,2,4860
11/05/2021 03:21:52,1,80,300,3,1,5420
11/05/2021 03:22:08,1,70,300,3,1,5420
11/05/2021 03:22:24,1,70,300,3,1,5420
11/05/2021 03:22:40,1,70,300,3,2,4910
11/05/2021 03:22:56,1,70,300,3,2,4910
11/05/2021 03:23:12,1,60,300,3,1,5500
11/05/2021 03:23:28,1,60,300,3,1,5500
11/05/2021 03:23:44,1,60,300,3,1,5370
11/05/2021 03:24:00,1,50,300,3,1,5370
11/05/2021 03:24:16,1,50,300,3,1,5270
11/05/2021 03:24:32,1,50,300,3,1,5270
11/05/2021 03:24:48,1,50,300,3,1,5270
11/05/2021 03:25:04,1,50,300,3,1,5390
11/05/2021 03:25:20,1,50,300,3,1,5390
11/05/2021 03:25:36,1,-999,300,3,2,1810
11/05/2021 03:25:52,1,-999,300,3,2,1810
11/05/2021 03:26:08,1,-999,300,3,2,1800
11/05/2021 03:26:24,1,-999,300,3,2,1800
11/05/2021 03:26:40,1,-999,300,3,2,1830
11/05/2021 03:26:56,1,-999,300,3,2,1830
11/05/2021 03:27:12,1,-999,300,3,2,1830
11/05/2021 03:27:28,1,40,300,3,1,5390
11/05/2021 03:27:44,1,50,300,3,1,5390
11/05/2021 03:28:00,1,50,300,3,1,5280
11/05/2021 03:28:16,1,50,300,3,1,5280
11/05/2021 03:28:32,1,40,300,3,1,5380
11/05/2021 03:28:48,1,40,300,3,1,5380
11/05/2021 03:29:04,1,40,300,3,1,5380
11/05/2021 03:29:20,1,40,300,3,1,5380
11/05/2021 03:29:36,1,40,300,3,1,5380
11/05/2021 03:29:52,1,40,300,3,1,5270
11/05/2021 03:30:08,1,40,300,3,1,5270
11/05/2021 03:30:24,1,40,300,3,1,5270
11/05/2021 03:30:40,1,40,300,3,1,5270
11/05/2021 03:30:56,1,40,300,3,1,5310
11/05/2021 03:31:12,1,50,300,3,1,5310
11/05/2021 03:31:28,1,50,300,3,1,5370
11/05/2021 03:31:44,1,50,300,3,1,5370
11/05/2021 03:32:00,1,50,300,3,1,5370
11/05/2021 03:32:16,1,50,300,3,1,5310
11/05/2021 03:32:32,1,60,300,3,1,5310
11/05/2021 03:33:04,1,60,300,3,1,5320
11/05/2021 03:33:20,1,50,300,3,1,5330
11/05/2021 03:33:36,1,50,300,3,1,5330
11/05/2021 03:33:52,1,60,300,3,1,5280
11/05/2021 03:34:08,1,60,300,3,1,5280
11/05/2021 03:34:24,1,60,300,3,1,5280
11/05/2021 03:34:40,1,60,300,3,1,5280
11/05/2021 03:34:56,1,50,300,3,1,5280
11/05/2021 03:35:12,1,60,300,3,1,5270
11/05/2021 03:35:28,1,70,300,3,1,5270
11/05/2021 03:35:44,1,70,300,3,1,5280
11/05/2021 03:36:00,1,70,300,3,1,5280
11/05/2021 03:36:16,1,60,300,3,1,5280
11/05/2021 03:36:32,1,60,300,3,1,5280
11/05/2021 03:36:48,1,60,300,3,1,5280
11/05/2021 03:37:20,1,70,300,3,1,5280
11/05/2021 03:37:36,1,70,300,3,1,5250
11/05/2021 03:37:52,1,60,300,3,1,5250
11/05/2021 03:38:24,1,60,300,3,1,5250
11/05/2021 03:38:40,1,60,300,3,1,5250
11/05/2021 03:38:56,1,60,300,3,1,5250
11/05/2021 03:39:12,1,60,300,3,1,5250
11/05/2021 03:39:28,1,60,300,3,1,5250
11/05/2021 03:39:44,1,50,300,3,1,5250
11/05/2021 03:40:00,1,60,300,3,1,5250
11/05/2021 03:40:16,1,50,300,3,1,5250
11/05/2021 03:40:32,1,70,300,3,1,5240
11/05/2021 03:40:48,1,70,300,3,1,5240
11/05/2021 03:41:04,1,60,300,3,1,5240
11/05/2021 03:41:20,1,60,300,3,1,5240
11/05/2021 03:41:36,1,60,300,3,1,5240
11/05/2021 03:41:52,1,60,300,3,1,5230
11/05/2021 03:42:08,1,50,300,3,1,5230
11/05/2021 03:42:24,1,50,300,3,0,-999
11/05/2021 03:42:40,1,50,300,3,0,-999
11/05/2021 03:42:56,1,50,300,3,0,-999
11/05/2021 03:43:12,1,60,300,3,0,-999
11/05/2021 03:43:28,1,-999,300,3,1,1480
11/05/2021 03:43:44,1,-999,300,3,1,1480
11/05/2021 03:44:00,1,-999,300,3,1,1480
11/05/2021 03:44:16,1,-999,300,3,1,1500
11/05/2021 03:44:32,1,-999,300,3,1,1500
11/05/2021 03:44:48,1,-999,300,3,1,1490
11/05/2021 03:45:04,1,-999,300,3,1,1490
11/05/2021 03:45:20,1,1660,300,3,1,1500
11/05/2021 03:45:36,1,1660,300,3,1,1500
11/05/2021 03:45:52,1,1660,300,3,1,1480
11/05/2021 03:46:08,1,1660,300,3,1,1480
11/05/2021 03:46:24,1,1660,300,3,1,1480
11/05/2021 03:46:40,1,1660,300,3,1,1560
11/05/2021 03:46:56,1,1660,300,3,1,1560
11/05/2021 03:47:12,1,410,300,3,0,-999
11/05/2021 03:47:28,1,410,300,3,0,-999
11/05/2021 03:47:44,1,1700,300,3,1,1750
11/05/2021 03:48:00,1,1700,300,3,1,1750
11/05/2021 03:48:16,1,1700,300,3,1,1750
11/05/2021 03:48:32,1,1760,300,3,1,1750
11/05/2021 03:48:48,1,1760,300,3,1,1750
11/05/2021 03:49:04,1,390,300,3,0,-999
11/05/2021 03:49:20,1,380,300,3,0,-999
11/05/2021 03:49:52,1,380,300,3,0,-999
11/05/2021 03:50:08,1,380,300,3,0,-999
11/05/2021 03:50:24,1,380,300,3,0,-999
11/05/2021 03:50:40,1,380,300,3,0,-999
11/05/2021 03:50:56,1,380,300,3,0,-999
11/05/2021 03:51:12,1,380,300,3,0,-999
11/05/2021 03:51:28,1,380,300,3,0,-999
11/05/2021 03:51:44,1,380,300,3,0,-999
11/05/2021 03:52:00,1,-999,300,3,1,1890
11/05/2021 03:52:16,1,-999,300,3,1,1890
11/05/2021 03:52:32,1,-999,300,3,1,1810
11/05/2021 03:52:48,1,-999,300,3,1,1810
11/05/2021 03:53:04,1,-999,300,3,1,1820
11/05/2021 03:53:20,1,-999,300,3,1,1820
11/05/2021 03:53:36,1,-999,300,3,1,1820
11/05/2021 03:53:52,1,-999,300,3,1,1780
11/05/2021 03:54:08,1,1940,300,3,1,1780
11/05/2021 03:54:24,1,1940,300,3,1,1810
11/05/2021 03:54:40,1,1940,300,3,1,1810
11/05/2021 03:55:12,1,1940,300,3,2,1660
11/05/2021 03:55:28,1,1940,300,3,1,1670
11/05/2021 03:55:44,1,1940,300,3,1,1670
11/05/2021 03:56:00,1,1940,300,3,1,1670
11/05/2021 03:56:16,1,1930,300,3,1,1760
11/05/2021 03:56:32,1,1930,300,3,1,1760
11/05/2021 03:56:48,1,1930,300,3,1,1780
11/05/2021 03:57:04,1,1930,300,3,1,1780
11/05/2021 03:57:20,1,1930,300,3,1,1840
11/05/2021 03:57:36,1,1930,300,3,1,1840
11/05/2021 03:57:52,1,1930,300,3,1,1810
11/05/2021 03:58:08,1,1940,300,3,1,1810
11/05/2021 03:58:24,1,-999,300,3,1,1810
11/05/2021 03:58:40,1,2050,300,3,1,1940
11/05/2021 03:58:56,1,2060,300,3,1,1940
11/05/2021 03:59:12,1,2070,300,3,1,1960
11/05/2021 03:59:28,1,2070,300,3,1,1960
11/05/2021 03:59:44,1,2070,300,3,1,2000
11/05/2021 04:00:00,-999,2070,-999,3,1,2000
11/05/2021 04:00:16,-999,340,-999,3,0,-999
11/05/2021 04:00:32,-999,350,-999,3,0,-999
11/05/2021 04:00:48,-999,350,-999,3,0,-999
11/05/2021 04:01:04,-999,2090,-999,3,1,2080
11/05/2021 04:01:20,-999,-999,-999,3,1,2080
11/05/2021 04:01:36,-999,-999,-999,3,1,2100
11/05/2021 04:01:52,-999,-999,-999,3,1,2100
11/05/2021 04:02:08,-999,-999,-999,3,1,2110
11/05/2021 04:02:24,-999,-999,-999,3,1,2110
11/05/2021 04:02:40,-999,350,-999,3,0,-999
11/05/2021 04:02:56,-999,350,-999,3,0,-999
11/05/2021 04:03:12,-999,350,-999,3,0,-999
11/05/2021 04:03:28,-999,350,-999,3,0,-999
11/05/2021 04:03:44,-999,360,-999,3,0,-999
11/05/2021 04:04:00,-999,350,-999,3,0,-999
11/05/2021 04:04:16,-999,350,-999,3,0,-999
11/05/2021 04:04:32,-999,360,-999,3,0,-999
11/05/2021 04:04:48,-999,360,-999,3,0,-999
11/05/2021 04:05:04,-999,360,-999,3,0,-999
11/05/2021 04:05:20,-999,360,-999,3,0,-999
11/05/2021 04:05:36,-999,360,-999,3,0,-999
11/05/2021 04:05:52,-999,360,-999,3,0,-999
11/05/2021 04:06:08,-999,350,-999,3,0,-999
11/05/2021 04:06:24,-999,350,-999,3,0,-999
11/05/2021 04:06:40,-999,350,-999,3,0,-999
11/05/2021 04:06:56,-999,-999,-999,3,1,3060
11/05/2021 04:07:12,-999,-999,-999,3,1,3060
11/05/2021 04:07:28,-999,2210,-999,3,1,3050
11/05/2021 04:07:44,-999,2220,-999,3,1,3050
11/05/2021 04:08:00,-999,2220,-999,3,1,3050
11/05/2021 04:08:16,-999,2220,-999,3,1,3050
11/05/2021 04:08:32,-999,2220,-999,3,1,3050
11/05/2021 04:08:48,-999,2220,-999,3,1,3060
11/05/2021 04:09:04,-999,2220,-999,3,1,3060
11/05/2021 04:09:20,-999,2220,-999,3,1,3060
11/05/2021 04:09:36,-999,2220,-999,3,1,3060
11/05/2021 04:09:52,-999,2220,-999,3,1,3070
11/05/2021 04:10:08,-999,2220,-999,3,1,3070
11/05/2021 04:10:24,-999,2220,-999,3,1,3070
11/05/2021 04:10:40,-999,2220,-999,3,1,3090
11/05/2021 04:11:12,-999,2230,-999,3,1,3110
11/05/2021 04:11:28,-999,2230,-999,3,1,3110
11/05/2021 04:11:44,-999,2230,-999,3,2,1370
11/05/2021 04:12:00,-999,2230,-999,3,2,1370
11/05/2021 04:12:16,-999,2230,-999,3,1,3140
11/05/2021 04:12:32,-999,2230,-999,3,1,3140
11/05/2021 04:12:48,-999,-999,-999,3,1,3140
11/05/2021 04:13:04,-999,-999,-999,3,1,3160
11/05/2021 04:13:20,-999,-999,-999,3,1,3160
11/05/2021 04:13:36,-999,-999,-999,3,2,1360
11/05/2021 04:13:52,-999,-999,-999,3,2,1360
11/05/2021 04:14:08,-999,1610,-999,3,2,2830
11/05/2021 04:14:24,-999,1610,-999,3,2,2830
11/05/2021 04:14:40,-999,1610,-999,3,2,2840
11/05/2021 04:14:56,-999,1610,-999,3,2,2840
11/05/2021 04:15:12,-999,1580,-999,3,2,2840
11/05/2021 04:15:28,-999,1580,-999,3,2,2950
11/05/2021 04:15:44,-999,1580,-999,3,2,2950
11/05/2021 04:16:00,-999,1580,-999,3,1,3020
11/05/2021 04:16:16,-999,1580,-999,3,1,3020
11/05/2021 04:16:32,-999,1580,-999,3,2,2890
11/05/2021 04:16:48,-999,-999,-999,3,2,2890
11/05/2021 04:17:04,-999,-999,-999,3,1,2910
11/05/2021 04:17:20,-999,-999,-999,3,1,2910
11/05/2021 04:17:36,-999,3080,-999,3,1,2910
11/05/2021 04:17:52,-999,3080,-999,3,1,3080
11/05/2021 04:18:08,-999,3190,-999,3,1,3080
11/05/2021 04:18:24,-999,-999,-999,3,2,3080
11/05/2021 04:18:40,-999,-999,-999,3,2,3080
11/05/2021 04:18:56,-999,-999,-999,3,1,3290
11/05/2021 04:19:12,-999,-999,-999,3,1,3290
11/05/2021 04:19:28,-999,-999,-999,3,1,3260
11/05/2021 04:19:44,-999,3370,-999,3,1,3260
11/05/2021 04:20:00,-999,3370,-999,3,1,3260
11/05/2021 04:20:16,-999,3370,-999,3,1,3240
11/05/2021 04:20:32,-999,3370,-999,3,1,3240
11/05/2021 04:20:48,-999,3370,-999,3,1,3220
11/05/2021 04:21:04,-999,3370,-999,3,1,3220
11/05/2021 04:21:20,-999,3370,-999,3,1,3240
11/05/2021 04:21:36,-999,3370,-999,3,1,3240
11/05/2021 04:21:52,-999,3370,-999,3,1,3210
11/05/2021 04:22:08,-999,3370,-999,3,1,3210
11/05/2021 04:22:24,-999,3370,-999,3,1,3210
11/05/2021 04:22:40,-999,3370,-999,3,1,3240
11/05/2021 04:22:56,-999,3340,-999,3,1,3240
11/05/2021 04:23:12,-999,3340,-999,3,2,1400
11/05/2021 04:23:28,-999,-999,-999,3,2,1400
11/05/2021 04:23:44,-999,-999,-999,3,2,1380
11/05/2021 04:24:00,-999,-999,-999,3,2,1380
11/05/2021 04:24:16,-999,-999,-999,3,2,1450
11/05/2021 04:24:32,-999,-999,-999,3,2,1450
11/05/2021 04:24:48,-999,-999,-999,3,2,1450
11/05/2021 04:25:04,-999,-999,-999,3,3,1310
11/05/2021 04:25:20,-999,-999,-999,3,3,1310
11/05/2021 04:25:36,-999,1540,-999,3,3,1340
11/05/2021 04:25:52,-999,1540,-999,3,3,1340
11/05/2021 04:26:08,-999,1540,-999,3,2,1220
11/05/2021 04:26:24,-999,1540,-999,3,2,1220
11/05/2021 04:26:40,-999,1540,-999,3,1,1220
11/05/2021 04:26:56,-999,1520,-999,3,1,1220
11/05/2021 04:27:12,-999,1520,-999,3,1,1220
11/05/2021 04:27:28,-999,1540,-999,3,2,1250
11/05/2021 04:27:44,-999,1540,-999,3,2,1250
11/05/2021 04:28:00,-999,1540,-999,3,2,1210
11/05/2021 04:28:16,-999,1540,-999,3,2,1210
11/05/2021 04:28:32,-999,1550,-999,3,3,1230
11/05/2021 04:28:48,-999,-999,-999,3,3,1230
11/05/2021 04:29:04,-999,1480,-999,3,2,1300
11/05/2021 04:29:20,-999,1470,-999,3,2,1300
11/05/2021 04:29:36,-999,1470,-999,3,2,1300
11/05/2021 04:29:52,-999,1460,-999,3,1,1430
11/05/2021 04:30:08,-999,1460,-999,3,1,1430
11/05/2021 04:30:24,-999,-999,-999,3,1,1400
11/05/2021 04:30:40,-999,-999,-999,3,1,1400
11/05/2021 04:30:56,-999,-999,-999,3,2,1360
11/05/2021 04:31:12,-999,-999,-999,3,2,1360
11/05/2021 04:31:28,-999,-999,-999,3,2,1410
11/05/2021 04:31:44,-999,-999,-999,3,2,1410
11/05/2021 04:32:00,-999,-999,-999,3,2,1410
11/05/2021 04:32:16,-999,-999,-999,3,3,1290
11/05/2021 04:32:32,-999,-999,-999,3,3,1290
11/05/2021 04:32:48,-999,-999,-999,3,2,1230
11/05/2021 04:33:04,-999,-999,-999,3,2,1230
11/05/2021 04:33:20,-999,-999,-999,3,1,1240
11/05/2021 04:33:36,-999,-999,-999,3,1,1240
11/05/2021 04:33:52,-999,-999,-999,3,1,1170
11/05/2021 04:34:08,-999,-999,-999,3,1,1170
11/05/2021 04:34:24,-999,-999,-999,3,1,1170
11/05/2021 04:34:40,-999,-999,-999,3,2,1200
11/05/2021 04:34:56,-999,-999,-999,3,2,1200
11/05/2021 04:35:12,-999,-999,-999,3,2,1170
11/05/2021 04:35:28,-999,-999,-999,3,2,1170
11/05/2021 04:35:44,-999,-999,-999,3,2,1150
11/05/2021 04:36:00,-999,-999,-999,3,2,1150
11/05/2021 04:36:16,-999,-999,-999,3,2,1440
11/05/2021 04:36:32,-999,-999,-999,3,2,1440
11/05/2021 04:36:48,-999,-999,-999,3,2,1440
11/05/2021 04:37:04,-999,-999,-999,3,3,1450
11/05/2021 04:37:20,-999,-999,-999,3,3,1450
11/05/2021 04:37:36,-999,-999,-999,3,2,1610
11/05/2021 04:37:52,-999,-999,-999,3,2,1610
11/05/2021 04:38:08,-999,-999,-999,3,1,1720
11/05/2021 04:38:24,-999,-999,-999,3,1,1720
11/05/2021 04:38:40,-999,-999,-999,3,2,1550
11/05/2021 04:38:56,-999,-999,-999,3,2,1550
11/05/2021 04:39:12,-999,-999,-999,3,2,1550
11/05/2021 04:39:28,-999,-999,-999,3,2,1500
11/05/2021 04:39:44,-999,-999,-999,3,2,1500
11/05/2021 04:40:00,-999,-999,-999,3,3,1020
11/05/2021 04:40:16,-999,-999,-999,3,3,1020
11/05/2021 04:40:32,-999,-999,-999,3,2,1120
11/05/2021 04:40:48,-999,-999,-999,3,2,1120
11/05/2021 04:41:04,-999,-999,-999,3,2,1060
11/05/2021 04:41:20,-999,-999,-999,3,2,1060
11/05/2021 04:41:36,-999,-999,-999,3,2,1060
11/05/2021 04:41:52,-999,-999,-999,3,2,1130
11/05/2021 04:42:08,-999,-999,-999,3,2,1130
11/05/2021 04:42:24,-999,-999,-999,3,2,2490
11/05/2021 04:42:40,-999,-999,-999,3,2,2490
11/05/2021 04:42:56,-999,-999,-999,3,3,2800
11/05/2021 04:43:12,-999,-999,-999,3,3,2800
11/05/2021 04:43:28,-999,-999,-999,3,3,320
11/05/2021 04:43:44,-999,-999,-999,3,3,320
11/05/2021 04:44:00,-999,-999,-999,3,3,320
11/05/2021 04:44:16,-999,-999,-999,3,2,1070
11/05/2021 04:44:32,-999,-999,-999,3,2,1070
11/05/2021 04:44:48,-999,-999,-999,3,1,2820
11/05/2021 04:45:04,-999,-999,-999,3,1,2820
11/05/2021 04:45:20,-999,-999,-999,3,1,2900
11/05/2021 04:45:36,-999,-999,-999,3,1,2900
11/05/2021 04:45:52,-999,420,-999,3,3,1030
11/05/2021 04:46:08,-999,420,-999,3,3,1030
11/05/2021 04:46:24,-999,420,-999,3,3,1030
11/05/2021 04:46:40,-999,420,-999,3,2,1310
11/05/2021 04:46:56,-999,420,-999,3,2,1310
11/05/2021 04:47:12,-999,370,-999,3,2,990
11/05/2021 04:47:28,-999,410,-999,3,2,990
11/05/2021 04:47:44,-999,390,-999,3,2,1000
11/05/2021 04:48:00,-999,390,-999,3,2,1000
11/05/2021 04:48:16,-999,120,-999,3,1,3160
11/05/2021 04:48:32,-999,120,-999,3,1,3160
11/05/2021 04:48:48,-999,120,-999,3,1,3160
11/05/2021 04:49:04,-999,120,-999,3,1,3110
11/05/2021 04:49:20,-999,120,-999,3,1,3110
11/05/2021 04:49:36,-999,120,-999,3,1,3080
11/05/2021 04:49:52,-999,120,-999,3,1,3080
11/05/2021 04:50:08,-999,120,-999,3,1,3060
11/05/2021 04:50:24,-999,120,-999,3,1,3060
11/05/2021 04:50:40,-999,120,-999,3,1,3060
11/05/2021 04:50:56,-999,120,-999,3,1,3060
11/05/2021 04:51:12,-999,120,-999,3,1,3060
11/05/2021 04:51:28,-999,120,-999,3,1,3080
11/05/2021 04:51:44,-999,130,-999,3,1,3080
11/05/2021 04:52:00,-999,1690,-999,3,1,3100
11/05/2021 04:52:16,-999,1690,-999,3,1,3100
11/05/2021 04:52:32,-999,1690,-999,3,1,3120
11/05/2021 04:52:48,-999,1690,-999,3,1,3120
11/05/2021 04:53:04,-999,1690,-999,3,2,1370
11/05/2021 04:53:20,-999,1690,-999,3,2,1370
11/05/2021 04:53:36,-999,-999,-999,3,2,1370
11/05/2021 04:53:52,-999,-999,-999,3,2,1310
11/05/2021 04:54:08,-999,1450,-999,3,2,1310
11/05/2021 04:54:24,-999,1450,-999,3,1,3140
11/05/2021 04:54:40,-999,1470,-999,3,1,3140
11/05/2021 04:54:56,-999,1470,-999,3,1,3160
11/05/2021 04:55:12,-999,1470,-999,3,1,3160
11/05/2021 04:55:28,-999,110,-999,3,0,-999
11/05/2021 04:55:44,-999,110,-999,3,0,-999
11/05/2021 04:56:00,-999,110,-999,3,0,-999
11/05/2021 04:56:16,-999,100,-999,3,0,-999
11/05/2021 04:56:32,-999,100,-999,3,0,-999
11/05/2021 04:56:48,-999,100,-999,3,0,-999
11/05/2021 04:57:04,-999,100,-999,3,0,-999
11/05/2021 04:57:20,-999,100,-999,3,0,-999
11/05/2021 04:57:36,-999,100,-999,3,0,-999
11/05/2021 04:57:52,-999,100,-999,3,0,-999
11/05/2021 04:58:08,-999,100,-999,3,0,-999
11/05/2021 04:58:24,-999,100,-999,3,0,-999
11/05/2021 04:58:40,-999,-999,-999,3,1,1340
11/05/2021 04:58:56,-999,-999,-999,3,1,1340
11/05/2021 04:59:12,-999,-999,-999,3,1,1330
11/05/2021 04:59:28,-999,-999,-999,3,1,1330
11/05/2021 04:59:44,-999,100,-999,3,0,-999
11/05/2021 05:00:00,1,100,2220,3,0,-999
11/05/2021 05:00:16,1,100,2220,3,0,-999
11/05/2021 05:00:32,1,100,2220,3,0,-999
11/05/2021 05:00:48,1,80,2220,3,0,-999
11/05/2021 05:01:04,1,70,2220,3,0,-999
11/05/2021 05:01:20,1,70,2220,3,0,-999
11/05/2021 05:01:36,1,60,2220,3,0,-999
11/05/2021 05:01:52,1,60,2220,3,0,-999
11/05/2021 05:02:08,1,50,2220,3,0,-999
11/05/2021 05:02:24,1,50,2220,3,0,-999
11/05/2021 05:02:40,1,50,2220,3,0,-999
11/05/2021 05:02:56,1,50,2220,3,0,-999
11/05/2021 05:03:12,1,50,2220,3,0,-999
11/05/2021 05:03:28,1,50,2220,3,0,-999
11/05/2021 05:03:44,1,50,2220,3,0,-999
11/05/2021 05:04:00,1,50,2220,3,0,-999
11/05/2021 05:04:16,1,50,2220,3,0,-999
11/05/2021 05:04:32,1,1480,2220,3,1,1200
11/05/2021 05:04:48,1,1480,2220,3,1,1200
11/05/2021 05:05:04,1,1480,2220,3,1,1230
11/05/2021 05:05:20,1,1480,2220,3,1,1230
11/05/2021 05:05:36,1,1480,2220,3,1,1230
11/05/2021 05:05:52,1,1480,2220,3,1,1270
11/05/2021 05:06:08,1,1480,2220,3,1,1270
11/05/2021 05:06:24,1,1420,2220,3,1,1260
11/05/2021 05:06:40,1,1420,2220,3,1,1260
11/05/2021 05:06:56,1,1420,2220,3,1,1310
11/05/2021 05:07:12,1,1420,2220,3,1,1310
11/05/2021 05:07:28,1,1390,2220,3,1,1260
11/05/2021 05:07:44,1,1390,2220,3,1,1260
11/05/2021 05:08:00,1,1390,2220,3,1,1260
11/05/2021 05:08:16,1,70,2220,3,0,-999
11/05/2021 05:08:32,1,70,2220,3,0,-999
11/05/2021 05:08:48,1,70,2220,3,0,-999
11/05/2021 05:09:04,1,80,2220,3,0,-999
11/05/2021 05:09:20,1,80,2220,3,0,-999
11/05/2021 05:09:36,1,90,2220,3,0,-999
11/05/2021 05:09:52,1,90,2220,3,0,-999
11/05/2021 05:10:08,1,100,2220,3,0,-999
11/05/2021 05:10:24,1,100,2220,3,0,-999
11/05/2021 05:10:40,1,110,2220,3,0,-999
11/05/2021 05:10:56,1,120,2220,3,0,-999
11/05/2021 05:11:12,1,1470,2220,3,1,1520
11/05/2021 05:11:28,1,1480,2220,3,1,1520
11/05/2021 05:11:44,1,140,2220,3,0,-999
11/05/2021 05:12:00,1,140,2220,3,0,-999
11/05/2021 05:12:16,1,150,2220,3,0,-999
11/05/2021 05:12:32,1,160,2220,3,0,-999
11/05/2021 05:12:48,1,180,2220,3,0,-999
11/05/2021 05:13:04,1,230,2220,3,0,-999
11/05/2021 05:13:20,1,260,2220,3,0,-999
11/05/2021 05:13:36,1,1650,2220,3,1,1220
11/05/2021 05:13:52,1,1650,2220,3,1,1220
11/05/2021 05:14:08,1,1650,2220,3,2,1260
11/05/2021 05:14:24,1,1650,2220,3,2,1260
11/05/2021 05:14:40,1,1650,2220,3,1,1480
11/05/2021 05:14:56,1,1650,2220,3,1,1480
11/05/2021 05:15:12,1,1650,2220,3,1,1480
11/05/2021 05:15:28,1,1650,2220,3,1,1520
11/05/2021 05:15:44,1,1620,2220,3,1,1520
11/05/2021 05:16:00,1,380,2220,3,0,-999
11/05/2021 05:16:16,1,380,2220,3,0,-999
11/05/2021 05:16:32,1,390,2220,3,0,-999
11/05/2021 05:16:48,1,390,2220,3,0,-999
11/05/2021 05:17:04,1,-999,2220,3,1,1300
11/05/2021 05:17:20,1,-999,2220,3,1,1300
11/05/2021 05:17:36,1,-999,2220,3,1,1300
11/05/2021 05:17:52,1,1570,2220,3,1,1380
11/05/2021 05:18:08,1,-999,2220,3,1,1380
11/05/2021 05:18:24,1,1530,2220,3,1,1360
11/05/2021 05:18:40,1,1530,2220,3,1,1360
11/05/2021 05:18:56,1,1530,2220,3,1,1360
11/05/2021 05:19:28,1,1490,2220,3,1,1390
11/05/2021 05:19:44,1,1490,2220,3,1,1390
11/05/2021 05:20:00,1,1490,2220,3,1,1390
11/05/2021 05:20:16,1,1490,2220,3,1,1340
11/05/2021 05:20:32,1,1490,2220,3,1,1340
11/05/2021 05:20:48,1,1500,2220,3,1,1310
11/05/2021 05:21:04,1,1500,2220,3,1,1310
11/05/2021 05:21:20,1,1500,2220,3,1,1270
11/05/2021 05:21:36,1,1500,2220,3,1,1270
11/05/2021 05:21:52,1,1500,2220,3,1,1270
11/05/2021 05:22:08,1,1490,2220,3,1,1270
11/05/2021 05:22:24,1,1490,2220,3,1,1270
11/05/2021 05:23:12,1,1490,2220,3,1,1280
11/05/2021 05:23:28,1,1490,2220,3,1,1280
11/05/2021 05:23:44,1,1490,2220,3,1,1270
11/05/2021 05:24:00,1,1440,2220,3,1,1270
11/05/2021 05:24:16,1,1440,2220,3,1,1280
11/05/2021 05:24:32,1,1440,2220,3,1,1280
11/05/2021 05:24:48,1,1440,2220,3,1,1280
11/05/2021 05:25:04,1,1440,2220,3,1,1290
11/05/2021 05:25:20,1,1430,2220,3,1,1290
11/05/2021 05:25:36,1,1430,2220,3,1,1280
11/05/2021 05:25:52,1,1430,2220,3,1,1280
11/05/2021 05:26:08,1,1430,2220,3,1,1250
11/05/2021 05:26:24,1,1430,2220,3,1,1250
11/05/2021 05:26:40,1,1430,2220,3,1,1240
11/05/2021 05:26:56,1,1430,2220,3,1,1240
11/05/2021 05:27:12,1,1420,2220,3,1,1240
11/05/2021 05:27:28,1,1420,2220,3,1,1300
11/05/2021 05:27:44,1,1430,2220,3,1,1300
11/05/2021 05:28:16,1,1430,2220,3,1,1310
11/05/2021 05:28:32,1,1430,2220,3,1,1230
11/05/2021 05:28:48,1,1430,2220,3,1,1230
11/05/2021 05:29:04,1,1430,2220,3,1,1240
11/05/2021 05:29:20,1,1430,2220,3,1,1240
11/05/2021 05:29:36,1,1440,2220,3,1,1240
11/05/2021 05:29:52,1,1440,2220,3,1,1270
11/05/2021 05:30:08,1,1440,2220,3,1,1270
11/05/2021 05:30:24,1,1440,2220,3,1,1270
11/05/2021 05:30:40,1,1440,2220,3,1,1270
11/05/2021 05:30:56,1,1440,2220,3,1,1260
11/05/2021 05:31:12,1,1440,2220,3,1,1260
11/05/2021 05:31:28,1,1440,2220,3,1,1250
11/05/2021 05:31:44,1,1430,2220,3,1,1250
11/05/2021 05:32:00,1,1430,2220,3,1,1250
11/05/2021 05:32:16,1,1420,2220,3,1,1270
11/05/2021 05:32:32,1,1420,2220,3,1,1270
11/05/2021 05:32:48,1,1420,2220,3,1,1280
11/05/2021 05:33:04,1,1420,2220,3,1,1280
11/05/2021 05:33:20,1,1420,2220,3,1,1300
11/05/2021 05:33:36,1,1420,2220,3,1,1300
11/05/2021 05:33:52,1,1420,2220,3,1,1260
11/05/2021 05:34:08,1,1420,2220,3,1,1260
11/05/2021 05:34:24,1,1420,2220,3,1,1260
11/05/2021 05:34:40,1,1420,2220,3,1,1210
11/05/2021 05:34:56,1,1420,2220,3,1,1210
11/05/2021 05:35:12,1,1440,2220,3,1,1310
11/05/2021 05:35:28,1,1440,2220,3,1,1310
11/05/2021 05:35:44,1,1440,2220,3,1,1260
11/05/2021 05:36:00,1,1440,2220,3,1,1260
11/05/2021 05:36:16,1,1440,2220,3,1,1270
11/05/2021 05:36:32,1,1440,2220,3,1,1270
11/05/2021 05:36:48,1,1440,2220,3,1,1270
11/05/2021 05:37:04,1,1460,2220,3,1,1240
11/05/2021 05:37:20,1,1460,2220,3,1,1240
11/05/2021 05:37:36,1,1440,2220,3,1,1250
11/05/2021 05:37:52,1,1440,2220,3,1,1250
11/05/2021 05:38:08,1,1440,2220,3,1,1190
11/05/2021 05:38:24,1,1440,2220,3,1,1190
11/05/2021 05:38:40,1,1440,2220,3,1,1200
11/05/2021 05:38:56,1,1440,2220,3,1,1200
11/05/2021 05:39:12,1,1440,2220,3,1,1200
11/05/2021 05:39:28,1,1440,2220,3,1,1320
11/05/2021 05:39:44,1,1440,2220,3,1,1320
11/05/2021 05:40:00,1,1440,2220,3,1,1190
11/05/2021 05:40:16,1,1440,2220,3,1,1190
11/05/2021 05:40:32,1,1450,2220,3,1,1360
11/05/2021 05:40:48,1,1450,2220,3,1,1360
11/05/2021 05:41:04,1,1450,2220,3,1,1330
11/05/2021 05:41:20,1,1440,2220,3,1,1330
11/05/2021 05:41:36,1,1440,2220,3,1,1330
11/05/2021 05:41:52,1,1450,2220,3,1,1260
11/05/2021 05:42:08,1,1450,2220,3,1,1260
11/05/2021 05:42:24,1,1450,2220,3,2,1280
11/05/2021 05:42:40,1,1470,2220,3,2,1280
11/05/2021 05:42:56,1,1470,2220,3,1,1400
11/05/2021 05:43:12,1,1490,2220,3,1,1400
11/05/2021 05:43:28,1,1490,2220,3,1,1370
11/05/2021 05:43:44,1,1550,2220,3,1,1370
11/05/2021 05:44:00,1,1550,2220,3,1,1370
11/05/2021 05:44:16,1,1550,2220,3,2,1200
11/05/2021 05:44:32,1,1550,2220,3,2,1200
11/05/2021 05:44:48,1,1550,2220,3,1,1160
11/05/2021 05:45:04,1,1550,2220,3,1,1160
11/05/2021 05:45:20,1,1550,2220,3,1,1150
11/05/2021 05:45:36,1,1550,2220,3,1,1150
11/05/2021 05:45:52,1,-999,2220,3,1,1210
11/05/2021 05:46:08,1,-999,2220,3,1,1210
11/05/2021 05:46:24,1,-999,2220,3,1,1210
11/05/2021 05:46:40,1,-999,2220,3,1,1130
11/05/2021 05:46:56,1,1390,2220,3,1,1130
11/05/2021 05:47:12,1,1390,2220,3,1,1130
11/05/2021 05:47:28,1,1390,2220,3,1,1130
11/05/2021 05:47:44,1,1370,2220,3,2,1120
11/05/2021 05:48:00,1,1370,2220,3,2,1120
11/05/2021 05:48:16,1,1370,2220,3,2,1110
11/05/2021 05:48:32,1,1370,2220,3,2,1110
11/05/2021 05:48:48,1,1390,2220,3,2,1110
11/05/2021 05:49:04,1,1390,2220,3,1,1260
11/05/2021 05:49:20,1,1390,2220,3,1,1260
11/05/2021 05:49:36,1,1390,2220,3,2,1280
11/05/2021 05:49:52,1,1390,2220,3,2,1280
11/05/2021 05:50:08,1,1390,2220,3,1,1290
11/05/2021 05:50:24,1,1390,2220,3,1,1290
11/05/2021 05:50:40,1,-999,2220,3,1,1330
11/05/2021 05:50:56,1,-999,2220,3,1,1330
11/05/2021 05:51:12,1,1560,2220,3,1,1330
11/05/2021 05:51:28,1,1550,2220,3,1,1380
11/05/2021 05:51:44,1,1550,2220,3,1,1380
11/05/2021 05:52:00,1,1550,2220,3,1,1400
11/05/2021 05:52:16,1,1550,2220,3,1,1400
11/05/2021 05:52:32,1,1570,2220,3,1,1320
11/05/2021 05:52:48,1,1570,2220,3,1,1320
11/05/2021 05:53:20,1,1570,2220,3,1,1480
11/05/2021 05:53:36,1,1570,2220,3,1,1480
11/05/2021 05:53:52,1,1570,2220,3,2,1230
11/05/2021 05:54:08,1,1570,2220,3,2,1230
11/05/2021 05:54:24,1,1570,2220,3,1,1190
11/05/2021 05:54:40,1,1570,2220,3,1,1190
11/05/2021 05:54:56,1,1570,2220,3,1,1170
11/05/2021 05:55:12,1,1570,2220,3,1,1170
11/05/2021 05:55:28,1,-999,2220,3,1,1240
11/05/2021 05:55:44,1,-999,2220,3,1,1240
11/05/2021 05:56:00,1,-999,2220,3,1,1240
11/05/2021 05:56:16,1,1410,2220,3,1,1270
11/05/2021 05:56:32,1,1410,2220,3,1,1270
11/05/2021 05:56:48,1,1410,2220,3,2,1300
11/05/2021 05:57:04,1,1410,2220,3,2,1300
11/05/2021 05:57:20,1,1480,2220,3,2,1320
11/05/2021 05:57:36,1,1480,2220,3,2,1320
11/05/2021 05:57:52,1,1480,2220,3,2,1340
11/05/2021 05:58:08,1,1480,2220,3,2,1340
11/05/2021 05:58:24,1,1480,2220,3,2,1340
11/05/2021 05:58:40,1,1480,2220,3,2,1340
11/05/2021 05:58:56,1,1480,2220,3,2,1340
11/05/2021 05:59:12,1,1480,2220,3,1,1310
11/05/2021 05:59:28,1,1480,2220,3,1,1310
11/05/2021 05:59:44,1,1480,2220,3,1,1300
11/05/2021 06:00:00,1,1480,1440,3,1,1300
11/05/2021 06:00:16,1,1510,1440,3,2,1340
11/05/2021 06:00:32,1,1510,1440,3,2,1340
11/05/2021 06:00:48,1,1510,1440,3,2,1340
11/05/2021 06:01:04,1,1510,1440,3,2,1440
11/05/2021 06:01:20,1,1510,1440,3,2,1440
11/05/2021 06:01:36,1,1540,1440,3,2,1480
11/05/2021 06:01:52,1,1540,1440,3,2,1480
11/05/2021 06:02:08,1,1590,1440,3,1,1400
11/05/2021 06:02:24,1,1590,1440,3,1,1400
11/05/2021 06:02:40,1,1590,1440,3,1,1340
11/05/2021 06:02:56,1,1590,1440,3,1,1340
11/05/2021 06:03:12,1,1590,1440,3,1,1340
11/05/2021 06:03:28,1,1590,1440,3,1,1330
11/05/2021 06:03:44,1,1590,1440,3,1,1330
11/05/2021 06:04:00,1,1590,1440,3,1,1340
11/05/2021 06:04:16,1,1590,1440,3,1,1340
11/05/2021 06:04:32,1,1530,1440,3,2,1330
11/05/2021 06:04:48,1,1530,1440,3,2,1330
11/05/2021 06:05:04,1,1530,1440,3,1,2620
11/05/2021 06:05:20,1,1490,1440,3,1,2620
11/05/2021 06:05:36,1,1490,1440,3,1,2620
11/05/2021 06:05:52,1,1490,1440,3,2,1300
11/05/2021 06:06:08,1,1480,1440,3,2,1300
11/05/2021 06:06:24,1,1480,1440,3,1,2640
11/05/2021 06:06:40,1,1480,1440,3,1,2640
11/05/2021 06:06:56,1,1480,1440,3,1,2610
11/05/2021 06:07:12,1,1480,1440,3,1,2610
11/05/2021 06:07:28,1,1480,1440,3,1,2520
11/05/2021 06:07:44,1,-999,1440,3,1,2520
11/05/2021 06:08:00,1,-999,1440,3,1,2520
11/05/2021 06:08:16,1,-999,1440,3,1,2720
11/05/2021 06:08:32,1,-999,1440,3,1,2720
11/05/2021 06:08:48,1,2810,1440,3,2,2520
11/05/2021 06:09:04,1,2810,1440,3,2,2520
11/05/2021 06:09:20,1,2810,1440,3,1,2670
11/05/2021 06:09:36,1,1190,1440,3,1,2670
11/05/2021 06:09:52,1,1190,1440,3,1,2770
11/05/2021 06:10:08,1,1190,1440,3,1,2770
11/05/2021 06:10:24,1,1190,1440,3,1,2770
11/05/2021 06:10:40,1,1190,1440,3,1,2820
11/05/2021 06:10:56,1,1190,1440,3,1,2820
11/05/2021 06:11:12,1,1190,1440,3,1,2860
11/05/2021 06:11:28,1,1190,1440,3,1,2860
11/05/2021 06:11:44,1,820,1440,3,0,-999
11/05/2021 06:12:00,1,810,1440,3,0,-999
11/05/2021 06:12:16,1,1190,1440,3,1,1360
11/05/2021 06:12:32,1,1190,1440,3,1,1360
11/05/2021 06:12:48,1,1190,1440,3,1,1360
11/05/2021 06:13:20,1,820,1440,3,0,-999
11/05/2021 06:13:36,1,-999,1440,3,1,1980
11/05/2021 06:13:52,1,-999,1440,3,1,1980
11/05/2021 06:14:08,1,-999,1440,3,1,1800
11/05/2021 06:14:24,1,-999,1440,3,1,1800
11/05/2021 06:14:40,1,-999,1440,3,2,1790
11/05/2021 06:14:56,1,-999,1440,3,2,1790
11/05/2021 06:15:12,1,-999,1440,3,2,1790
11/05/2021 06:15:28,1,-999,1440,3,2,1770
11/05/2021 06:15:44,1,-999,1440,3,2,1770
11/05/2021 06:16:00,1,-999,1440,3,1,1950
11/05/2021 06:16:16,1,-999,1440,3,1,1950
11/05/2021 06:16:32,1,-999,1440,3,1,1810
11/05/2021 06:16:48,1,2070,1440,3,1,1810
11/05/2021 06:17:04,1,2070,1440,3,2,1740
11/05/2021 06:17:20,1,2070,1440,3,2,1740
11/05/2021 06:17:36,1,2050,1440,3,2,1740
11/05/2021 06:18:24,1,2020,1440,3,1,1850
11/05/2021 06:18:40,1,2020,1440,3,1,1850
11/05/2021 06:18:56,1,2020,1440,3,1,1840
11/05/2021 06:19:12,1,2020,1440,3,1,1840
11/05/2021 06:19:28,1,2020,1440,3,1,1760
11/05/2021 06:19:44,1,2020,1440,3,1,1760
11/05/2021 06:20:00,1,1980,1440,3,1,1760
11/05/2021 06:20:16,1,1980,1440,3,1,1740
11/05/2021 06:20:32,1,1980,1440,3,1,1740
11/05/2021 06:20:48,1,1970,1440,3,1,2950
11/05/2021 06:21:04,1,-999,1440,3,1,2950
11/05/2021 06:21:20,1,-999,1440,3,1,2950
11/05/2021 06:21:36,1,-999,1440,3,1,2950
11/05/2021 06:21:52,1,820,1440,3,0,-999
11/05/2021 06:22:08,1,820,1440,3,0,-999
11/05/2021 06:22:24,1,820,1440,3,0,-999
11/05/2021 06:22:40,1,-999,1440,3,1,2940
11/05/2021 06:23:12,1,2290,1440,3,1,2940
11/05/2021 06:23:28,1,2290,1440,3,1,2940
11/05/2021 06:23:44,1,2290,1440,3,1,2950
11/05/2021 06:24:00,1,2290,1440,3,1,2950
11/05/2021 06:24:16,1,2290,1440,3,1,2960
11/05/2021 06:24:32,1,1630,1440,3,1,2960
11/05/2021 06:24:48,1,1630,1440,3,1,2960
11/05/2021 06:25:04,1,1630,1440,3,2,1170
11/05/2021 06:25:20,1,1630,1440,3,2,1170
11/05/2021 06:25:36,1,1630,1440,3,2,960
11/05/2021 06:25:52,1,1630,1440,3,2,960
11/05/2021 06:26:08,1,1630,1440,3,1,970
11/05/2021 06:26:24,1,1630,1440,3,1,970
11/05/2021 06:26:40,1,1630,1440,3,1,980
11/05/2021 06:26:56,1,-999,1440,3,1,980
11/05/2021 06:27:12,1,-999,1440,3,1,980
11/05/2021 06:27:28,1,-999,1440,3,1,960
11/05/2021 06:27:44,1,1170,1440,3,1,960
11/05/2021 06:28:00,1,1170,1440,3,1,960
11/05/2021 06:28:16,1,1160,1440,3,1,960
11/05/2021 06:28:32,1,1160,1440,3,3,960
11/05/2021 06:28:48,1,1160,1440,3,3,960
11/05/2021 06:29:04,1,1100,1440,3,2,2950
11/05/2021 06:29:20,1,1100,1440,3,2,2950
11/05/2021 06:29:36,1,1100,1440,3,2,2950
11/05/2021 06:29:52,1,1100,1440,3,3,950
11/05/2021 06:30:08,1,1390,1440,3,3,950
11/05/2021 06:30:24,1,1090,1440,3,2,950
11/05/2021 06:30:40,1,1390,1440,3,2,950
11/05/2021 06:30:56,1,1380,1440,3,2,940
11/05/2021 06:31:12,1,1380,1440,3,2,940
11/05/2021 06:31:28,1,1380,1440,3,2,960
11/05/2021 06:31:44,1,1380,1440,3,2,960
11/05/2021 06:32:00,1,1380,1440,3,2,960
11/05/2021 06:32:16,1,1380,1440,3,1,940
11/05/2021 06:32:32,1,1380,1440,3,1,940
11/05/2021 06:32:48,1,1380,1440,3,1,950
11/05/2021 06:33:04,1,1080,1440,3,1,950
11/05/2021 06:33:20,1,1080,1440,3,1,960
11/05/2021 06:33:36,1,1080,1440,3,1,960
11/05/2021 06:33:52,1,1080,1440,3,1,990
11/05/2021 06:34:08,1,1100,1440,3,1,990
11/05/2021 06:34:24,1,1100,1440,3,1,990
11/05/2021 06:34:40,1,1100,1440,3,1,960
11/05/2021 06:34:56,1,1150,1440,3,1,960
11/05/2021 06:35:12,1,1150,1440,3,1,950
11/05/2021 06:35:28,1,1150,1440,3,1,950
11/05/2021 06:35:44,1,1150,1440,3,1,940
11/05/2021 06:36:00,1,1150,1440,3,1,940
11/05/2021 06:36:16,1,1150,1440,3,1,980
11/05/2021 06:36:32,1,1150,1440,3,1,980
11/05/2021 06:36:48,1,1150,1440,3,1,980
11/05/2021 06:37:04,1,1150,1440,3,1,960
11/05/2021 06:37:20,1,1150,1440,3,1,960
11/05/2021 06:37:36,1,1140,1440,3,1,940
11/05/2021 06:37:52,1,1140,1440,3,1,940
11/05/2021 06:38:08,1,1120,1440,3,1,930
11/05/2021 06:38:24,1,1120,1440,3,1,930
11/05/2021 06:38:40,1,1120,1440,3,1,930
11/05/2021 06:38:56,1,1100,1440,3,1,930
11/05/2021 06:39:12,1,1100,1440,3,1,930
11/05/2021 06:39:28,1,1080,1440,3,1,940
11/05/2021 06:39:44,1,1080,1440,3,1,940
11/05/2021 06:40:00,1,1070,1440,3,1,930
11/05/2021 06:40:16,1,1070,1440,3,1,930
11/05/2021 06:40:32,1,1060,1440,3,1,930
11/05/2021 06:40:48,1,1060,1440,3,1,930
11/05/2021 06:41:04,1,1060,1440,3,1,930
11/05/2021 06:41:20,1,1060,1440,3,1,930
11/05/2021 06:41:36,1,1050,1440,3,1,930
11/05/2021 06:41:52,1,1050,1440,3,1,930
11/05/2021 06:42:08,1,1050,1440,3,1,930
11/05/2021 06:42:24,1,1050,1440,3,1,920
11/05/2021 06:42:40,1,1050,1440,3,1,920
11/05/2021 06:42:56,1,1050,1440,3,1,920
11/05/2021 06:43:12,1,1050,1440,3,1,920
11/05/2021 06:43:28,1,1050,1440,3,1,900
11/05/2021 06:43:44,1,1050,1440,3,1,900
11/05/2021 06:44:00,1,1040,1440,3,1,900
11/05/2021 06:44:16,1,1030,1440,3,1,890
11/05/2021 06:44:32,1,1030,1440,3,1,890
11/05/2021 06:44:48,1,1030,1440,3,1,880
11/05/2021 06:45:04,1,1030,1440,3,1,880
11/05/2021 06:45:20,1,1000,1440,3,1,880
11/05/2021 06:45:36,1,-999,1440,3,1,880
11/05/2021 06:45:52,1,-999,1440,3,1,850
11/05/2021 06:46:08,1,-999,1440,3,1,850
11/05/2021 06:46:24,1,-999,1440,3,1,850
11/05/2021 06:46:40,1,-999,1440,3,1,690
11/05/2021 06:46:56,1,-999,1440,3,1,690
11/05/2021 06:47:12,1,-999,1440,3,1,670
11/05/2021 06:47:28,1,-999,1440,3,1,670
11/05/2021 06:47:44,1,-999,1440,3,2,100
11/05/2021 06:48:00,1,-999,1440,3,2,100
11/05/2021 06:48:16,1,-999,1440,3,2,90
11/05/2021 06:48:32,1,-999,1440,3,2,90
11/05/2021 06:48:48,1,-999,1440,3,2,90
11/05/2021 06:49:04,1,-999,1440,3,4,1040
11/05/2021 06:49:20,1,-999,1440,3,4,1040
11/05/2021 06:49:36,1,-999,1440,3,4,1010
11/05/2021 06:49:52,1,-999,1440,3,4,1010
11/05/2021 06:50:08,1,-999,1440,3,4,960
11/05/2021 06:50:24,1,-999,1440,3,4,960
11/05/2021 06:50:40,1,-999,1440,3,4,1250
11/05/2021 06:50:56,1,-999,1440,3,4,1250
11/05/2021 06:51:12,1,-999,1440,3,4,1250
11/05/2021 06:51:28,1,-999,1440,3,1,2230
11/05/2021 06:51:44,1,-999,1440,3,1,2230
11/05/2021 06:52:00,1,-999,1440,3,1,2570
11/05/2021 06:52:16,1,-999,1440,3,1,2570
11/05/2021 06:52:32,1,-999,1440,3,1,2310
11/05/2021 06:52:48,1,-999,1440,3,1,2310
11/05/2021 06:53:04,1,-999,1440,3,2,2550
11/05/2021 06:53:20,1,-999,1440,3,2,2550
11/05/2021 06:53:36,1,-999,1440,3,2,2550
11/05/2021 06:53:52,1,-999,1440,3,1,2430
11/05/2021 06:54:08,1,-999,1440,3,1,2430
11/05/2021 06:54:24,1,-999,1440,3,1,2810
11/05/2021 06:54:40,1,-999,1440,3,1,2810
11/05/2021 06:54:56,1,-999,1440,3,1,2860
11/05/2021 06:55:12,1,-999,1440,3,1,2860
11/05/2021 06:55:28,1,90,1440,3,1,3030
11/05/2021 06:55:44,1,90,1440,3,1,3030
11/05/2021 06:56:00,1,90,1440,3,1,3030
11/05/2021 06:56:16,1,90,1440,3,1,3110
11/05/2021 06:56:32,1,90,1440,3,1,3110
11/05/2021 06:56:48,1,90,1440,3,1,3190
11/05/2021 06:57:04,1,90,1440,3,1,3190
11/05/2021 06:57:20,1,90,1440,3,2,1070
11/05/2021 06:57:36,1,90,1440,3,2,1070
11/05/2021 06:57:52,1,390,1440,3,1,4000
11/05/2021 06:58:08,1,390,1440,3,1,4000
11/05/2021 06:58:24,1,380,1440,3,1,4000
11/05/2021 06:58:40,1,380,1440,3,1,3980
11/05/2021 06:58:56,1,380,1440,3,1,3980
11/05/2021 06:59:12,1,350,1440,3,1,3990
11/05/2021 06:59:28,1,350,1440,3,1,3990
11/05/2021 06:59:44,1,300,1440,3,1,4050
11/05/2021 07:00:00,1,350,1100,3,1,4050
11/05/2021 07:00:16,1,350,1100,3,1,4100
11/05/2021 07:00:32,1,340,1100,3,1,4100
11/05/2021 07:00:48,1,330,1100,3,1,4100
11/05/2021 07:01:04,1,320,1100,3,2,2190
11/05/2021 07:01:20,1,310,1100,3,2,2190
11/05/2021 07:01:36,1,300,1100,3,2,2160
11/05/2021 07:01:52,1,290,1100,3,2,2160
11/05/2021 07:02:08,1,290,1100,3,2,2010
11/05/2021 07:02:24,1,290,1100,3,2,2010
11/05/2021 07:02:40,1,290,1100,3,2,1970
11/05/2021 07:02:56,1,290,1100,3,2,1970
11/05/2021 07:03:12,1,290,1100,3,2,1970
11/05/2021 07:03:28,1,290,1100,3,1,1890
11/05/2021 07:03:44,1,290,1100,3,1,1890
11/05/2021 07:04:00,1,290,1100,3,1,1940
11/05/2021 07:04:16,1,290,1100,3,1,1940
11/05/2021 07:04:32,1,290,1100,3,1,1930
11/05/2021 07:04:48,1,290,1100,3,1,1930
11/05/2021 07:05:04,1,290,1100,3,2,1190
11/05/2021 07:05:20,1,290,1100,3,2,1190
11/05/2021 07:05:36,1,290,1100,3,2,1190
11/05/2021 07:05:52,1,300,1100,3,2,1290
11/05/2021 07:06:08,1,300,1100,3,2,1290
11/05/2021 07:06:24,1,300,1100,3,2,1080
11/05/2021 07:06:40,1,300,1100,3,2,1080
11/05/2021 07:06:56,1,300,1100,3,2,1080
11/05/2021 07:07:12,1,300,1100,3,2,1080
11/05/2021 07:07:28,1,300,1100,3,1,1790
11/05/2021 07:07:44,1,300,1100,3,1,1790
11/05/2021 07:08:00,1,300,1100,3,1,1790
11/05/2021 07:08:16,1,310,1100,3,2,1020
11/05/2021 07:08:32,1,310,1100,3,2,1020
11/05/2021 07:08:48,1,310,1100,3,2,1070
11/05/2021 07:09:04,1,310,1100,3,2,1070
11/05/2021 07:09:20,1,310,1100,3,2,970
11/05/2021 07:09:36,1,310,1100,3,2,970
11/05/2021 07:09:52,1,310,1100,3,2,1430
11/05/2021 07:10:08,1,310,1100,3,2,1430
11/05/2021 07:10:24,1,310,1100,3,2,1430
11/05/2021 07:10:40,1,310,1100,3,3,940
11/05/2021 07:10:56,1,320,1100,3,3,940
11/05/2021 07:11:12,1,320,1100,3,2,1470
11/05/2021 07:11:28,1,320,1100,3,2,1470
11/05/2021 07:11:44,1,320,1100,3,1,1550
11/05/2021 07:12:00,1,320,1100,3,1,1550
11/05/2021 07:12:16,1,320,1100,3,2,1610
11/05/2021 07:12:32,1,320,1100,3,2,1610
11/05/2021 07:12:48,1,1700,1100,3,2,1610
11/05/2021 07:13:04,1,1700,1100,3,2,1490
11/05/2021 07:13:20,1,1700,1100,3,2,1490
11/05/2021 07:13:36,1,1700,1100,3,2,1480
11/05/2021 07:13:52,1,1670,1100,3,2,1480
11/05/2021 07:14:08,1,1670,1100,3,2,960
11/05/2021 07:14:24,1,1660,1100,3,2,960
11/05/2021 07:14:40,1,1660,1100,3,1,970
11/05/2021 07:14:56,1,1660,1100,3,1,970
11/05/2021 07:15:12,1,1660,1100,3,1,970
11/05/2021 07:15:28,1,-999,1100,3,2,950
11/05/2021 07:15:44,1,-999,1100,3,2,950
11/05/2021 07:16:00,1,-999,1100,3,1,910
11/05/2021 07:16:16,1,-999,1100,3,1,910
11/05/2021 07:16:32,1,-999,1100,3,2,1000
11/05/2021 07:16:48,1,1090,1100,3,2,1000
11/05/2021 07:17:04,1,1090,1100,3,2,950
11/05/2021 07:17:20,1,1090,1100,3,2,950
11/05/2021 07:17:36,1,1090,1100,3,2,950
11/05/2021 07:17:52,1,1090,1100,3,2,1310
11/05/2021 07:18:08,1,1070,1100,3,2,1310
11/05/2021 07:18:24,1,1070,1100,3,2,1380
11/05/2021 07:18:40,1,1070,1100,3,2,1380
11/05/2021 07:18:56,1,1070,1100,3,1,1290
11/05/2021 07:19:12,1,1070,1100,3,1,1290
11/05/2021 07:19:28,1,1500,1100,3,1,1280
11/05/2021 07:19:44,1,1500,1100,3,1,1280
11/05/2021 07:20:00,1,1500,1100,3,1,1280
11/05/2021 07:20:16,1,1500,1100,3,1,1230
11/05/2021 07:20:32,1,1500,1100,3,1,1230
11/05/2021 07:20:48,1,1500,1100,3,1,1220
11/05/2021 07:21:04,1,1500,1100,3,1,1220
11/05/2021 07:21:20,1,1490,1100,3,2,1170
11/05/2021 07:21:36,1,1490,1100,3,2,1170
11/05/2021 07:21:52,1,1490,1100,3,2,1190
11/05/2021 07:22:08,1,1440,1100,3,2,1190
11/05/2021 07:22:24,1,1390,1100,3,2,1190
11/05/2021 07:22:40,1,1390,1100,3,2,1070
11/05/2021 07:22:56,1,1390,1100,3,2,1070
11/05/2021 07:23:12,1,1390,1100,3,3,960
11/05/2021 07:23:28,1,-999,1100,3,3,960
11/05/2021 07:23:44,1,-999,1100,3,1,2470
11/05/2021 07:24:00,1,-999,1100,3,1,2470
11/05/2021 07:24:16,1,-999,1100,3,1,2380
11/05/2021 07:24:32,1,-999,1100,3,1,2380
11/05/2021 07:24:48,1,-999,1100,3,1,2380
11/05/2021 07:25:04,1,-999,1100,3,1,2370
11/05/2021 07:25:20,1,-999,1100,3,1,2370
11/05/2021 07:25:36,1,-999,1100,3,1,2280
11/05/2021 07:25:52,1,-999,1100,3,1,2280
11/05/2021 07:26:08,1,-999,1100,3,2,940
11/05/2021 07:26:24,1,-999,1100,3,2,940
11/05/2021 07:26:40,1,-999,1100,3,3,2250
11/05/2021 07:26:56,1,2570,1100,3,3,2250
11/05/2021 07:27:12,1,2570,1100,3,3,2250
11/05/2021 07:27:28,1,2570,1100,3,1,3000
11/05/2021 07:27:44,1,2570,1100,3,1,3000
11/05/2021 07:28:00,1,2570,1100,3,2,2790
11/05/2021 07:28:16,1,2570,1100,3,2,2790
11/05/2021 07:28:32,1,-999,1100,3,1,2580
11/05/2021 07:28:48,1,-999,1100,3,1,2580
11/05/2021 07:29:04,1,-999,1100,3,1,2560
11/05/2021 07:29:20,1,-999,1100,3,1,2560
11/05/2021 07:29:52,1,-999,1100,3,1,2580
11/05/2021 07:30:08,1,-999,1100,3,1,2580
11/05/2021 07:30:24,1,-999,1100,3,2,2460
11/05/2021 07:30:56,1,-999,1100,3,3,2040
11/05/2021 07:31:12,1,-999,1100,3,3,2040
11/05/2021 07:31:28,1,-999,1100,3,2,2040
11/05/2021 07:31:44,1,-999,1100,3,2,2040
11/05/2021 07:32:00,1,-999,1100,3,2,2040
11/05/2021 07:32:16,1,2630,1100,3,1,2040
11/05/2021 07:32:32,1,2630,1100,3,1,2040
11/05/2021 07:32:48,1,2600,1100,3,2,2270
11/05/2021 07:33:04,1,2600,1100,3,2,2270
11/05/2021 07:33:20,1,2150,1100,3,2,2330
11/05/2021 07:33:36,1,2150,1100,3,2,2330
11/05/2021 07:33:52,1,2150,1100,3,1,2620
11/05/2021 07:34:08,1,2150,1100,3,1,2620
11/05/2021 07:34:24,1,2150,1100,3,1,2620
11/05/2021 07:34:40,1,2150,1100,3,1,2570
11/05/2021 07:34:56,1,-999,1100,3,1,2570
11/05/2021 07:35:12,1,-999,1100,3,2,2410
11/05/2021 07:35:28,1,-999,1100,3,2,2410
11/05/2021 07:35:44,1,-999,1100,3,1,2650
11/05/2021 07:36:00,1,-999,1100,3,1,2650
11/05/2021 07:36:16,1,-999,1100,3,2,2450
11/05/2021 07:36:48,1,-999,1100,3,2,2450
11/05/2021 07:37:04,1,-999,1100,3,1,2410
11/05/2021 07:37:36,1,-999,1100,3,1,2440
11/05/2021 07:37:52,1,2620,1100,3,1,2440
11/05/2021 07:38:24,1,2620,1100,3,2,2180
11/05/2021 07:38:56,1,2620,1100,3,1,2160
11/05/2021 07:39:12,1,-999,1100,3,1,2160
11/05/2021 07:39:28,1,-999,1100,3,1,2230
11/05/2021 07:39:44,1,-999,1100,3,1,2230
11/05/2021 07:40:00,1,-999,1100,3,2,2090
11/05/2021 07:40:16,1,2390,1100,3,2,2090
11/05/2021 07:40:32,1,2390,1100,3,2,2060
11/05/2021 07:40:48,1,2390,1100,3,2,2060
11/05/2021 07:41:04,1,2390,1100,3,1,2100
11/05/2021 07:41:20,1,2390,1100,3,1,2100
11/05/2021 07:41:36,1,2390,1100,3,1,2100
11/05/2021 07:41:52,1,2390,1100,3,1,2090
11/05/2021 07:42:08,1,2330,1100,3,1,2090
11/05/2021 07:42:24,1,2330,1100,3,1,2050
11/05/2021 07:42:40,1,2330,1100,3,1,2050
11/05/2021 07:42:56,1,2320,1100,3,1,2020
11/05/2021 07:43:12,1,2320,1100,3,1,2020
11/05/2021 07:43:28,1,2320,1100,3,2,2010
11/05/2021 07:44:00,1,2300,1100,3,2,2010
11/05/2021 07:44:16,1,2290,1100,3,1,2070
11/05/2021 07:44:32,1,2290,1100,3,1,2070
11/05/2021 07:44:48,1,2290,1100,3,1,2060
11/05/2021 07:45:04,1,2250,1100,3,1,2060
11/05/2021 07:45:20,1,20,1100,3,0,-999
11/05/2021 07:45:36,1,890,1100,3,0,-999
11/05/2021 07:45:52,1,20,1100,3,0,-999
11/05/2021 07:46:08,1,20,1100,3,0,-999
11/05/2021 07:46:24,1,20,1100,3,0,-999
11/05/2021 07:46:40,1,20,1100,3,0,-999
11/05/2021 07:46:56,1,890,1100,3,0,-999
11/05/2021 07:47:28,1,890,1100,3,0,-999
11/05/2021 07:47:44,1,890,1100,3,0,-999
11/05/2021 07:48:00,1,900,1100,3,0,-999
11/05/2021 07:48:16,1,20,1100,3,0,-999
11/05/2021 07:48:32,1,20,1100,3,0,-999
11/05/2021 07:48:48,1,20,1100,3,0,-999
11/05/2021 07:49:04,1,20,1100,3,0,-999
11/05/2021 07:49:20,1,30,1100,3,0,-999
11/05/2021 07:49:52,1,30,1100,3,0,-999
11/05/2021 07:50:08,1,-999,1100,3,1,2070
11/05/2021 07:50:24,1,-999,1100,3,1,2070
11/05/2021 07:50:40,1,-999,1100,3,1,2040
11/05/2021 07:50:56,1,-999,1100,3,1,2040
11/05/2021 07:51:28,1,-999,1100,3,1,2020
11/05/2021 07:51:44,1,-999,1100,3,1,2020
11/05/2021 07:52:00,1,-999,1100,3,1,2020
11/05/2021 07:52:16,1,2180,1100,3,1,2020
11/05/2021 07:52:32,1,2190,1100,3,1,2010
11/05/2021 07:52:48,1,2190,1100,3,1,2010
11/05/2021 07:53:04,1,2190,1100,3,1,1980
11/05/2021 07:53:20,1,2200,1100,3,1,1980
11/05/2021 07:53:36,1,2200,1100,3,1,1980
11/05/2021 07:53:52,1,2200,1100,3,1,1980
11/05/2021 07:54:08,1,2200,1100,3,1,1980
11/05/2021 07:54:24,1,2200,1100,3,1,1940
11/05/2021 07:54:40,1,2200,1100,3,1,1940
11/05/2021 07:54:56,1,2200,1100,3,1,1930
11/05/2021 07:55:12,1,2200,1100,3,1,1930
11/05/2021 07:55:28,1,2200,1100,3,1,2300
11/05/2021 07:55:44,1,2200,1100,3,1,2300
11/05/2021 07:56:00,1,2200,1100,3,1,2300
11/05/2021 07:56:32,1,30,1100,3,0,-999
11/05/2021 07:56:48,1,30,1100,3,0,-999
11/05/2021 07:57:04,1,30,1100,3,0,-999
11/05/2021 07:57:20,1,30,1100,3,0,-999
11/05/2021 07:57:36,1,30,1100,3,0,-999
11/05/2021 07:57:52,1,30,1100,3,0,-999
11/05/2021 07:58:08,1,30,1100,3,0,-999
11/05/2021 07:58:24,1,30,1100,3,0,-999
11/05/2021 07:58:40,1,30,1100,3,0,-999
11/05/2021 07:58:56,1,30,1100,3,0,-999
11/05/2021 07:59:12,1,-999,1100,3,1,2300
11/05/2021 07:59:28,1,-999,1100,3,1,2300
11/05/2021 07:59:44,1,-999,1100,3,1,2290
11/05/2021 08:00:00,-999,-999,-999,3,1,2290
11/05/2021 08:00:16,-999,-999,-999,3,1,2330
11/05/2021 08:00:32,-999,-999,-999,3,1,2330
11/05/2021 08:00:48,-999,-999,-999,3,1,2330
11/05/2021 08:01:04,-999,2440,-999,3,1,2320
11/05/2021 08:01:20,-999,2440,-999,3,1,2320
11/05/2021 08:01:36,-999,2440,-999,3,1,2360
11/05/2021 08:01:52,-999,2440,-999,3,1,2360
11/05/2021 08:02:08,-999,30,-999,3,0,-999
11/05/2021 08:02:24,-999,30,-999,3,0,-999
11/05/2021 08:02:40,-999,2430,-999,3,2,2140
11/05/2021 08:02:56,-999,2430,-999,3,2,2140
11/05/2021 08:03:12,-999,2420,-999,3,2,2140
11/05/2021 08:03:28,-999,2420,-999,3,2,2190
11/05/2021 08:03:44,-999,2420,-999,3,2,2190
11/05/2021 08:04:00,-999,2420,-999,3,2,2090
11/05/2021 08:04:16,-999,2420,-999,3,2,2090
11/05/2021 08:04:32,-999,-999,-999,3,1,2070
11/05/2021 08:04:48,-999,-999,-999,3,1,2070
11/05/2021 08:05:04,-999,-999,-999,3,1,2000
11/05/2021 08:05:20,-999,-999,-999,3,1,2000
11/05/2021 08:05:36,-999,-999,-999,3,1,2000
11/05/2021 08:05:52,-999,2280,-999,3,1,1970
11/05/2021 08:06:08,-999,2280,-999,3,1,1970
11/05/2021 08:06:24,-999,2280,-999,3,2,2110
11/05/2021 08:06:40,-999,2280,-999,3,2,2110
11/05/2021 08:06:56,-999,2280,-999,3,2,2330
11/05/2021 08:07:12,-999,2280,-999,3,2,2330
11/05/2021 08:07:28,-999,2280,-999,3,1,2160
11/05/2021 08:07:44,-999,2280,-999,3,1,2160
11/05/2021 08:08:00,-999,2280,-999,3,1,2160
11/05/2021 08:08:16,-999,2280,-999,3,1,2000
11/05/2021 08:08:32,-999,2280,-999,3,1,2000
11/05/2021 08:08:48,-999,2280,-999,3,2,2010
11/05/2021 08:09:04,-999,2280,-999,3,2,2010
11/05/2021 08:09:20,-999,2250,-999,3,1,2070
11/05/2021 08:09:36,-999,2250,-999,3,1,2070
11/05/2021 08:09:52,-999,-999,-999,3,1,1890
11/05/2021 08:10:08,-999,-999,-999,3,1,1890
11/05/2021 08:10:24,-999,-999,-999,3,1,1890
11/05/2021 08:10:40,-999,-999,-999,3,1,1850
11/05/2021 08:10:56,-999,-999,-999,3,1,1850
11/05/2021 08:11:12,-999,-999,-999,3,1,1870
11/05/2021 08:11:28,-999,-999,-999,3,1,1870
11/05/2021 08:11:44,-999,-999,-999,3,1,1980
11/05/2021 08:12:00,-999,2100,-999,3,1,1980
11/05/2021 08:12:32,-999,2090,-999,3,1,1900
11/05/2021 08:12:48,-999,2090,-999,3,1,1900
11/05/2021 08:13:04,-999,2090,-999,3,1,1860
11/05/2021 08:13:20,-999,2090,-999,3,1,1860
11/05/2021 08:13:36,-999,2090,-999,3,1,1900
11/05/2021 08:13:52,-999,2090,-999,3,1,1900
11/05/2021 08:14:08,-999,2040,-999,3,1,1890
11/05/2021 08:14:24,-999,2040,-999,3,1,1890
11/05/2021 08:14:56,-999,2040,-999,3,1,1890
11/05/2021 08:15:12,-999,2040,-999,3,1,1890
11/05/2021 08:15:28,-999,2030,-999,3,1,1870
11/05/2021 08:15:44,-999,2010,-999,3,1,1870
11/05/2021 08:16:00,-999,2010,-999,3,1,1790
11/05/2021 08:16:16,-999,2010,-999,3,1,1790
11/05/2021 08:16:32,-999,2000,-999,3,1,1780
11/05/2021 08:16:48,-999,1990,-999,3,1,1780
11/05/2021 08:17:04,-999,1990,-999,3,1,1780
11/05/2021 08:17:20,-999,1990,-999,3,1,1780
11/05/2021 08:17:36,-999,1990,-999,3,1,1780
11/05/2021 08:17:52,-999,1990,-999,3,1,1760
11/05/2021 08:18:08,-999,1990,-999,3,1,1760
11/05/2021 08:18:24,-999,1940,-999,3,1,1750
11/05/2021 08:18:40,-999,1940,-999,3,1,1750
11/05/2021 08:18:56,-999,1940,-999,3,1,1750
11/05/2021 08:19:28,-999,1940,-999,3,1,1730
11/05/2021 08:19:44,-999,1930,-999,3,1,1730
11/05/2021 08:20:16,-999,1920,-999,3,1,1730
11/05/2021 08:20:32,-999,1920,-999,3,1,1730
11/05/2021 08:20:48,-999,1930,-999,3,1,1740
11/05/2021 08:21:04,-999,1930,-999,3,1,1740
11/05/2021 08:21:20,-999,1920,-999,3,1,1740
11/05/2021 08:21:36,-999,1920,-999,3,1,1740
11/05/2021 08:21:52,-999,1920,-999,3,1,1730
11/05/2021 08:22:08,-999,1920,-999,3,1,1730
11/05/2021 08:22:24,-999,1920,-999,3,1,1730
11/05/2021 08:22:40,-999,1920,-999,3,1,1730
11/05/2021 08:22:56,-999,1920,-999,3,1,1730
11/05/2021 08:23:12,-999,1920,-999,3,1,1750
11/05/2021 08:23:28,-999,1920,-999,3,1,1750
11/05/2021 08:24:00,-999,1920,-999,3,1,1730
11/05/2021 08:24:16,-999,1920,-999,3,1,1700
11/05/2021 08:24:48,-999,1920,-999,3,1,1700
11/05/2021 08:25:04,-999,1920,-999,3,1,1700
11/05/2021 08:25:20,-999,1920,-999,3,1,1700
11/05/2021 08:25:36,-999,1910,-999,3,1,1700
11/05/2021 08:25:52,-999,1910,-999,3,1,1700
11/05/2021 08:26:08,-999,1910,-999,3,1,1700
11/05/2021 08:26:24,-999,1910,-999,3,1,1700
11/05/2021 08:26:56,-999,1850,-999,3,1,1700
11/05/2021 08:27:12,-999,1850,-999,3,1,1700
11/05/2021 08:27:28,-999,1850,-999,3,1,1750
11/05/2021 08:27:44,-999,1920,-999,3,1,1750
11/05/2021 08:28:00,-999,1940,-999,3,1,1730
11/05/2021 08:28:16,-999,1960,-999,3,1,1730
11/05/2021 08:28:32,-999,1960,-999,3,1,1820
11/05/2021 08:28:48,-999,1990,-999,3,1,1820
11/05/2021 08:29:04,-999,1990,-999,3,1,1790
11/05/2021 08:29:20,-999,1990,-999,3,1,1790
11/05/2021 08:29:36,-999,1990,-999,3,1,1790
11/05/2021 08:29:52,-999,1990,-999,3,2,1650
11/05/2021 08:30:08,-999,1990,-999,3,2,1650
11/05/2021 08:30:24,-999,1990,-999,3,1,1720
11/05/2021 08:30:40,-999,1990,-999,3,1,1720
11/05/2021 08:30:56,-999,1990,-999,3,2,1640
11/05/2021 08:31:12,-999,1970,-999,3,2,1640
11/05/2021 08:31:28,-999,1970,-999,3,2,1630
11/05/2021 08:32:00,-999,1970,-999,3,2,1630
11/05/2021 08:32:16,-999,1970,-999,3,2,1800
11/05/2021 08:32:32,-999,1970,-999,3,2,1800
11/05/2021 08:33:04,-999,1940,-999,3,1,1760
11/05/2021 08:33:20,-999,1940,-999,3,1,1740
11/05/2021 08:33:52,-999,1940,-999,3,3,1620
11/05/2021 08:34:08,-999,1940,-999,3,3,1620
11/05/2021 08:34:24,-999,1930,-999,3,3,1620
11/05/2021 08:34:40,-999,-999,-999,3,2,2080
11/05/2021 08:34:56,-999,-999,-999,3,2,2080
11/05/2021 08:35:12,-999,-999,-999,3,2,1670
11/05/2021 08:35:28,-999,-999,-999,3,2,1670
11/05/2021 08:35:44,-999,-999,-999,3,2,1630
11/05/2021 08:36:00,-999,-999,-999,3,2,1630
11/05/2021 08:36:16,-999,1880,-999,3,1,1680
11/05/2021 08:36:32,-999,1880,-999,3,1,1680
11/05/2021 08:36:48,-999,1860,-999,3,1,1680
11/05/2021 08:37:04,-999,1870,-999,3,1,1680
11/05/2021 08:37:20,-999,1870,-999,3,1,1680
11/05/2021 08:37:36,-999,1860,-999,3,1,1660
11/05/2021 08:37:52,-999,1860,-999,3,1,1660
11/05/2021 08:38:08,-999,1860,-999,3,1,1620
11/05/2021 08:38:24,-999,1860,-999,3,1,1620
11/05/2021 08:38:40,-999,1860,-999,3,1,1590
11/05/2021 08:38:56,-999,1860,-999,3,1,1590
11/05/2021 08:39:12,-999,1860,-999,3,1,1590
11/05/2021 08:39:28,-999,1850,-999,3,1,1600
11/05/2021 08:39:44,-999,1850,-999,3,1,1600
11/05/2021 08:40:16,-999,-999,-999,3,1,1580
11/05/2021 08:40:32,-999,-999,-999,3,1,1560
11/05/2021 08:40:48,-999,1710,-999,3,1,1560
11/05/2021 08:41:04,-999,1680,-999,3,1,1540
11/05/2021 08:41:20,-999,1680,-999,3,1,1540
11/05/2021 08:41:52,-999,1680,-999,3,1,1550
11/05/2021 08:42:24,-999,1660,-999,3,2,1700
11/05/2021 08:42:40,-999,1660,-999,3,2,1700
11/05/2021 08:42:56,-999,1650,-999,3,3,630
11/05/2021 08:43:12,-999,-999,-999,3,3,630
11/05/2021 08:43:28,-999,-999,-999,3,2,350
11/05/2021 08:43:44,-999,-999,-999,3,2,350
11/05/2021 08:44:00,-999,-999,-999,3,2,350
11/05/2021 08:44:16,-999,-999,-999,3,2,550
11/05/2021 08:44:32,-999,-999,-999,3,2,550
11/05/2021 08:44:48,-999,-999,-999,3,2,400
11/05/2021 08:45:04,-999,-999,-999,3,2,400
11/05/2021 08:45:20,-999,-999,-999,3,4,1480
11/05/2021 08:45:36,-999,-999,-999,3,4,1480
11/05/2021 08:45:52,-999,-999,-999,3,3,480
11/05/2021 08:46:08,-999,-999,-999,3,3,480
11/05/2021 08:46:24,-999,-999,-999,3,3,480
11/05/2021 08:46:40,-999,-999,-999,3,1,2340
11/05/2021 08:46:56,-999,-999,-999,3,1,2340
11/05/2021 08:47:12,-999,-999,-999,3,1,2270
11/05/2021 08:47:28,-999,-999,-999,3,1,2270
11/05/2021 08:47:44,-999,-999,-999,3,1,2270
11/05/2021 08:48:00,-999,-999,-999,3,1,2270
11/05/2021 08:48:16,-999,-999,-999,3,1,2230
11/05/2021 08:48:32,-999,-999,-999,3,1,2230
11/05/2021 08:48:48,-999,-999,-999,3,1,2230
11/05/2021 08:49:04,-999,-999,-999,3,1,2220
11/05/2021 08:49:20,-999,-999,-999,3,1,2220
11/05/2021 08:49:36,-999,-999,-999,3,2,1490
11/05/2021 08:49:52,-999,-999,-999,3,2,1490
11/05/2021 08:50:08,-999,-999,-999,3,2,1490
11/05/2021 08:50:24,-999,-999,-999,3,2,1490
11/05/2021 08:50:40,-999,-999,-999,3,2,1590
11/05/2021 08:50:56,-999,-999,-999,3,2,1590
11/05/2021 08:51:12,-999,-999,-999,3,2,1590
11/05/2021 08:51:28,-999,-999,-999,3,2,1630
11/05/2021 08:51:44,-999,-999,-999,3,2,1630
11/05/2021 08:52:00,-999,-999,-999,3,3,1060
11/05/2021 08:52:16,-999,-999,-999,3,3,1060
11/05/2021 08:52:32,-999,-999,-999,3,1,2190
11/05/2021 08:52:48,-999,-999,-999,3,1,2190
11/05/2021 08:53:04,-999,-999,-999,3,1,2190
11/05/2021 08:53:20,-999,-999,-999,3,1,2190
11/05/2021 08:53:36,-999,-999,-999,3,1,2190
11/05/2021 08:53:52,-999,-999,-999,3,2,2130
11/05/2021 08:54:08,-999,-999,-999,3,2,2130
11/05/2021 08:54:24,-999,-999,-999,3,1,2120
11/05/2021 08:54:40,-999,-999,-999,3,1,2120
11/05/2021 08:54:56,-999,-999,-999,3,1,2270
11/05/2021 08:55:12,-999,-999,-999,3,1,2270
11/05/2021 08:55:28,-999,-999,-999,3,1,2210
11/05/2021 08:55:44,-999,-999,-999,3,1,2210
11/05/2021 08:56:00,-999,-999,-999,3,1,2210
11/05/2021 08:56:16,-999,-999,-999,3,2,2150
11/05/2021 08:56:32,-999,-999,-999,3,2,2150
11/05/2021 08:56:48,-999,-999,-999,3,1,2260
11/05/2021 08:57:04,-999,-999,-999,3,1,2260
11/05/2021 08:57:20,-999,-999,-999,3,1,2290
11/05/2021 08:57:36,-999,-999,-999,3,1,2290
11/05/2021 08:57:52,-999,-999,-999,3,2,1830
11/05/2021 08:58:08,-999,-999,-999,3,2,1830
11/05/2021 08:58:24,-999,-999,-999,3,2,1830
11/05/2021 08:58:40,-999,-999,-999,3,1,2210
11/05/2021 08:58:56,-999,-999,-999,3,1,2210
11/05/2021 08:59:12,-999,-999,-999,3,1,2060
11/05/2021 08:59:28,-999,-999,-999,3,1,2060
11/05/2021 08:59:44,-999,-999,-999,3,1,2140
11/05/2021 09:00:00,1,-999,1940,3,1,2140
11/05/2021 09:00:16,1,-999,1940,3,1,1990
11/05/2021 09:00:32,1,-999,1940,3,1,1990
11/05/2021 09:00:48,1,-999,1940,3,1,1990
11/05/2021 09:01:04,1,-999,1940,3,2,440
11/05/2021 09:01:20,1,-999,1940,3,2,440
11/05/2021 09:01:36,1,-999,1940,3,2,440
11/05/2021 09:01:52,1,-999,1940,3,2,440
11/05/2021 09:02:08,1,-999,1940,3,1,2140
11/05/2021 09:02:24,1,-999,1940,3,1,2140
11/05/2021 09:02:40,1,-999,1940,3,1,1860
11/05/2021 09:02:56,1,-999,1940,3,1,1860
11/05/2021 09:03:12,1,-999,1940,3,1,1860
11/05/2021 09:03:28,1,-999,1940,3,2,1860
11/05/2021 09:03:44,1,-999,1940,3,2,1860
11/05/2021 09:04:00,1,-999,1940,3,2,2040
11/05/2021 09:04:16,1,-999,1940,3,2,2040
11/05/2021 09:04:32,1,400,1940,3,2,2000
11/05/2021 09:04:48,1,400,1940,3,2,2000
11/05/2021 09:05:04,1,400,1940,3,2,1940
11/05/2021 09:05:20,1,400,1940,3,2,1940
11/05/2021 09:05:36,1,400,1940,3,2,1940
11/05/2021 09:05:52,1,400,1940,3,1,1750
11/05/2021 09:06:08,1,400,1940,3,1,1750
11/05/2021 09:06:24,1,400,1940,3,3,1750
11/05/2021 09:06:40,1,400,1940,3,3,1750
11/05/2021 09:06:56,1,-999,1940,3,2,2050
11/05/2021 09:07:12,1,-999,1940,3,2,2050
11/05/2021 09:07:28,1,-999,1940,3,1,1990
11/05/2021 09:07:44,1,-999,1940,3,1,1990
11/05/2021 09:08:16,1,-999,1940,3,1,1980
11/05/2021 09:08:48,1,-999,1940,3,1,2050
11/05/2021 09:09:20,1,-999,1940,3,1,2030
11/05/2021 09:09:36,1,-999,1940,3,1,2030
11/05/2021 09:09:52,1,2180,1940,3,2,1560
11/05/2021 09:10:08,1,2180,1940,3,2,1560
11/05/2021 09:10:24,1,2180,1940,3,2,1560
11/05/2021 09:10:40,1,2180,1940,3,1,1570
11/05/2021 09:10:56,1,2180,1940,3,1,1570
11/05/2021 09:11:12,1,2180,1940,3,2,1550
11/05/2021 09:11:28,1,2170,1940,3,2,1550
11/05/2021 09:11:44,1,2170,1940,3,1,1940
11/05/2021 09:12:00,1,2170,1940,3,1,1940
11/05/2021 09:12:16,1,2170,1940,3,1,2000
11/05/2021 09:12:32,1,2170,1940,3,1,2000
11/05/2021 09:12:48,1,2140,1940,3,1,2000
11/05/2021 09:13:04,1,2150,1940,3,1,1890
11/05/2021 09:13:20,1,2150,1940,3,1,1890
11/05/2021 09:13:52,1,2140,1940,3,2,1560
11/05/2021 09:14:08,1,1640,1940,3,0,-999
11/05/2021 09:14:24,1,1640,1940,3,0,-999
11/05/2021 09:14:40,1,-999,1940,3,1,1910
11/05/2021 09:14:56,1,930,1940,3,1,1910
11/05/2021 09:15:28,1,930,1940,3,2,1480
11/05/2021 09:16:00,1,930,1940,3,2,1420
11/05/2021 09:16:16,1,930,1940,3,2,1420
11/05/2021 09:16:32,1,930,1940,3,2,2820
11/05/2021 09:16:48,1,930,1940,3,2,2820
11/05/2021 09:17:04,1,930,1940,3,2,2790
11/05/2021 09:17:20,1,930,1940,3,2,2790
11/05/2021 09:17:36,1,930,1940,3,2,2790
11/05/2021 09:17:52,1,930,1940,3,1,3310
11/05/2021 09:18:08,1,930,1940,3,1,3310
11/05/2021 09:18:24,1,930,1940,3,1,3350
11/05/2021 09:18:40,1,930,1940,3,1,3350
11/05/2021 09:18:56,1,930,1940,3,1,3240
11/05/2021 09:19:12,1,930,1940,3,1,3240
11/05/2021 09:19:28,1,930,1940,3,1,3350
11/05/2021 09:19:44,1,930,1940,3,1,3350
11/05/2021 09:20:00,1,930,1940,3,1,3350
11/05/2021 09:20:16,1,930,1940,3,1,3190
11/05/2021 09:20:32,1,930,1940,3,1,3190
11/05/2021 09:20:48,1,930,1940,3,1,3180
11/05/2021 09:21:04,1,930,1940,3,1,3180
11/05/2021 09:21:20,1,930,1940,3,1,3230
11/05/2021 09:22:08,1,920,1940,3,2,860
11/05/2021 09:22:24,1,920,1940,3,2,860
11/05/2021 09:22:56,1,920,1940,3,2,850
11/05/2021 09:23:28,1,920,1940,3,1,840
11/05/2021 09:24:00,1,950,1940,3,1,830
11/05/2021 09:24:48,1,960,1940,3,1,840
11/05/2021 09:25:04,1,960,1940,3,1,860
11/05/2021 09:25:20,1,960,1940,3,1,860
11/05/2021 09:25:36,1,960,1940,3,1,870
11/05/2021 09:25:52,1,960,1940,3,1,870
11/05/2021 09:26:24,1,980,1940,3,1,880
11/05/2021 09:26:56,1,980,1940,3,1,870
11/05/2021 09:27:28,1,980,1940,3,1,860
11/05/2021 09:28:00,1,980,1940,3,1,850
11/05/2021 09:28:32,1,980,1940,3,1,850
11/05/2021 09:28:48,1,980,1940,3,1,850
11/05/2021 09:29:04,1,980,1940,3,1,870
11/05/2021 09:29:36,1,980,1940,3,1,870
11/05/2021 09:30:08,1,980,1940,3,1,870
11/05/2021 09:30:24,1,980,1940,3,2,880
11/05/2021 09:30:56,1,990,1940,3,1,1320
11/05/2021 09:31:28,1,990,1940,3,2,880
11/05/2021 09:32:00,1,990,1940,3,2,880
11/05/2021 09:32:16,1,990,1940,3,1,1540
11/05/2021 09:32:32,1,1000,1940,3,1,1540
11/05/2021 09:32:48,1,990,1940,3,2,880
11/05/2021 09:33:04,1,990,1940,3,2,880
11/05/2021 09:33:36,1,1010,1940,3,2,920
11/05/2021 09:34:08,1,1010,1940,3,1,880
11/05/2021 09:34:24,1,1030,1940,3,1,880
11/05/2021 09:34:56,1,1030,1940,3,2,890
11/05/2021 09:35:28,1,1030,1940,3,1,890
11/05/2021 09:36:00,1,1030,1940,3,1,900
11/05/2021 09:36:32,1,1030,1940,3,1,890
11/05/2021 09:36:48,1,1030,1940,3,1,890
11/05/2021 09:37:36,1,990,1940,3,1,880
11/05/2021 09:37:52,1,990,1940,3,1,880
11/05/2021 09:38:24,1,990,1940,3,1,890
11/05/2021 09:38:40,1,990,1940,3,1,890
11/05/2021 09:38:56,1,990,1940,3,1,890
11/05/2021 09:39:12,1,990,1940,3,1,890
11/05/2021 09:39:44,1,300,1940,3,0,-999
11/05/2021 09:40:00,1,280,1940,3,0,-999
11/05/2021 09:40:16,1,280,1940,3,0,-999
11/05/2021 09:40:48,1,990,1940,3,1,870
11/05/2021 09:41:04,1,990,1940,3,1,890
11/05/2021 09:41:20,1,990,1940,3,1,890
11/05/2021 09:41:52,1,990,1940,3,1,890
11/05/2021 09:42:08,1,990,1940,3,1,890
11/05/2021 09:42:40,1,990,1940,3,1,890
11/05/2021 09:43:12,1,310,1940,3,0,-999
11/05/2021 09:43:28,1,1660,1940,3,0,-999
11/05/2021 09:44:00,1,1670,1940,3,0,-999
11/05/2021 09:44:16,1,1570,1940,3,0,-999
11/05/2021 09:44:32,1,1570,1940,3,0,-999
11/05/2021 09:44:48,1,1570,1940,3,1,8490
11/05/2021 09:45:04,1,1570,1940,3,1,8490
11/05/2021 09:45:20,1,1590,1940,3,0,-999
11/05/2021 09:45:36,1,1590,1940,3,0,-999
11/05/2021 09:45:52,1,1610,1940,3,0,-999
11/05/2021 09:46:08,1,1610,1940,3,0,-999
11/05/2021 09:46:24,1,1620,1940,3,0,-999
11/05/2021 09:46:40,1,1620,1940,3,0,-999
11/05/2021 09:47:12,1,1620,1940,3,0,-999
11/05/2021 09:47:28,1,1620,1940,3,0,-999
11/05/2021 09:47:44,1,1620,1940,3,0,-999
11/05/2021 09:48:00,1,1630,1940,3,0,-999
11/05/2021 09:48:16,1,1630,1940,3,0,-999
11/05/2021 09:48:32,1,1620,1940,3,0,-999
11/05/2021 09:48:48,1,1620,1940,3,0,-999
11/05/2021 09:49:04,1,1620,1940,3,0,-999
11/05/2021 09:49:20,1,1640,1940,3,0,-999
11/05/2021 09:49:36,1,1640,1940,3,0,-999
11/05/2021 09:49:52,1,1630,1940,3,0,-999
11/05/2021 09:50:08,1,1630,1940,3,1,7940
11/05/2021 09:50:24,1,1630,1940,3,1,7940
11/05/2021 09:50:40,1,1620,1940,3,2,7900
11/05/2021 09:50:56,1,1610,1940,3,2,7900
11/05/2021 09:51:12,1,1610,1940,3,2,7900
11/05/2021 09:51:44,1,1600,1940,3,1,8060
11/05/2021 09:52:00,1,1600,1940,3,0,-999
11/05/2021 09:52:16,1,1620,1940,3,0,-999
11/05/2021 09:52:32,1,1630,1940,3,0,-999
11/05/2021 09:52:48,1,1630,1940,3,0,-999
11/05/2021 09:53:04,1,1650,1940,3,1,8270
11/05/2021 09:53:20,1,1660,1940,3,1,8270
11/05/2021 09:53:36,1,1680,1940,3,1,8270
11/05/2021 09:53:52,1,1680,1940,3,2,7890
11/05/2021 09:54:08,1,1690,1940,3,2,7890
11/05/2021 09:54:24,1,1700,1940,3,2,7760
11/05/2021 09:54:40,1,1710,1940,3,2,7760
11/05/2021 09:54:56,1,1720,1940,3,1,7550
11/05/2021 09:55:12,1,1720,1940,3,1,7550
11/05/2021 09:55:28,1,1710,1940,3,1,7560
11/05/2021 09:55:44,1,1710,1940,3,1,7560
11/05/2021 09:56:00,1,1710,1940,3,1,7560
11/05/2021 09:56:16,1,1710,1940,3,1,7550
11/05/2021 09:56:32,1,1710,1940,3,1,7550
11/05/2021 09:56:48,1,1700,1940,3,1,7550
11/05/2021 09:57:04,1,1710,1940,3,1,7550
11/05/2021 09:57:20,1,1700,1940,3,0,-999
11/05/2021 09:57:36,1,1690,1940,3,0,-999
11/05/2021 09:57:52,1,1750,1940,3,2,7750
11/05/2021 09:58:08,1,1780,1940,3,2,7750
11/05/2021 09:58:24,1,1780,1940,3,2,7750
11/05/2021 09:58:40,1,1780,1940,3,1,7870
11/05/2021 09:58:56,1,1790,1940,3,1,7870
11/05/2021 09:59:12,1,1450,1940,3,1,1520
11/05/2021 09:59:28,1,-999,1940,3,1,1520
11/05/2021 09:59:44,1,1790,1940,3,0,-999
