# Time, Layer_QualityIndex,bl_height,Mean_Layer_Height,n_BL,cloud_stat,cloud_dat
17/10/2022 11:00:00,1,850,800,3,1,740
17/10/2022 11:00:16,1,850,800,3,1,740
17/10/2022 11:00:32,1,850,800,3,1,740
17/10/2022 11:00:48,1,850,800,3,1,740
17/10/2022 11:01:04,1,850,800,3,2,720
17/10/2022 11:01:20,1,850,800,3,2,720
17/10/2022 11:01:36,1,850,800,3,2,720
17/10/2022 11:01:52,1,850,800,3,1,710
17/10/2022 11:02:08,1,850,800,3,1,710
17/10/2022 11:02:24,1,850,800,3,2,710
17/10/2022 11:02:40,1,850,800,3,2,710
17/10/2022 11:02:56,1,850,800,3,1,820
17/10/2022 11:03:12,1,850,800,3,1,820
17/10/2022 11:03:28,1,850,800,3,1,740
17/10/2022 11:03:44,1,850,800,3,1,740
17/10/2022 11:04:00,1,850,800,3,1,740
17/10/2022 11:04:16,1,880,800,3,3,740
17/10/2022 11:04:32,1,880,800,3,3,740
17/10/2022 11:04:48,1,920,800,3,2,860
17/10/2022 11:05:04,1,920,800,3,2,860
17/10/2022 11:05:20,1,920,800,3,1,810
17/10/2022 11:05:36,1,960,800,3,1,810
17/10/2022 11:05:52,1,960,800,3,2,790
17/10/2022 11:06:08,1,980,800,3,2,790
17/10/2022 11:06:24,1,980,800,3,2,790
17/10/2022 11:06:40,1,980,800,3,1,810
17/10/2022 11:06:56,1,980,800,3,1,810
17/10/2022 11:07:12,1,960,800,3,1,800
17/10/2022 11:07:28,1,960,800,3,1,800
17/10/2022 11:07:44,1,980,800,3,2,800
17/10/2022 11:08:00,1,980,800,3,2,800
17/10/2022 11:08:16,1,980,800,3,3,830
17/10/2022 11:08:32,1,980,800,3,3,830
17/10/2022 11:08:48,1,980,800,3,3,830
17/10/2022 11:09:04,1,970,800,3,1,810
17/10/2022 11:09:20,1,970,800,3,1,810
17/10/2022 11:09:36,1,970,800,3,1,840
17/10/2022 11:09:52,1,970,800,3,1,840
17/10/2022 11:10:08,1,970,800,3,1,850
17/10/2022 11:10:24,1,970,800,3,1,850
17/10/2022 11:10:40,1,970,800,3,2,940
17/10/2022 11:10:56,1,980,800,3,2,940
17/10/2022 11:11:12,1,980,800,3,2,940
17/10/2022 11:11:28,1,990,800,3,2,870
17/10/2022 11:11:44,1,990,800,3,2,870
17/10/2022 11:12:00,1,1020,800,3,2,860
17/10/2022 11:12:16,1,1020,800,3,2,860
17/10/2022 11:12:32,1,1020,800,3,2,830
17/10/2022 11:12:48,1,1020,800,3,2,830
17/10/2022 11:13:04,1,1020,800,3,2,840
17/10/2022 11:13:20,1,1020,800,3,2,840
17/10/2022 11:13:36,1,1020,800,3,2,840
17/10/2022 11:13:52,1,1020,800,3,2,850
17/10/2022 11:14:08,1,1020,800,3,2,850
17/10/2022 11:14:24,1,1020,800,3,2,850
17/10/2022 11:14:40,1,1020,800,3,2,850
17/10/2022 11:14:56,1,1020,800,3,1,1500
17/10/2022 11:15:12,1,1050,800,3,1,1500
17/10/2022 11:15:28,1,1050,800,3,2,910
17/10/2022 11:15:44,1,1050,800,3,2,910
17/10/2022 11:16:00,1,1050,800,3,2,910
17/10/2022 11:16:16,1,1050,800,3,3,860
17/10/2022 11:16:32,1,1050,800,3,3,860
17/10/2022 11:16:48,1,1050,800,3,1,850
17/10/2022 11:17:04,1,1050,800,3,1,850
17/10/2022 11:17:20,1,1060,800,3,3,930
17/10/2022 11:17:36,1,1060,800,3,3,930
17/10/2022 11:17:52,1,1060,800,3,1,850
17/10/2022 11:18:08,1,1060,800,3,1,850
17/10/2022 11:18:24,1,1060,800,3,1,850
17/10/2022 11:18:40,1,1060,800,3,3,1110
17/10/2022 11:18:56,1,1060,800,3,3,1110
17/10/2022 11:19:12,1,1060,800,3,2,1040
17/10/2022 11:19:28,1,1060,800,3,2,1040
17/10/2022 11:19:44,1,1060,800,3,3,830
17/10/2022 11:20:00,1,1050,800,3,3,830
17/10/2022 11:20:16,1,1050,800,3,1,840
17/10/2022 11:20:32,1,1000,800,3,1,840
17/10/2022 11:20:48,1,990,800,3,1,840
17/10/2022 11:21:04,1,-999,800,3,2,830
17/10/2022 11:21:20,1,-999,800,3,2,830
17/10/2022 11:21:36,1,-999,800,3,3,1020
17/10/2022 11:21:52,1,-999,800,3,3,1020
17/10/2022 11:22:08,1,-999,800,3,3,850
17/10/2022 11:22:24,1,-999,800,3,3,850
17/10/2022 11:22:40,1,1050,800,3,1,2290
17/10/2022 11:22:56,1,1050,800,3,1,2290
17/10/2022 11:23:12,1,1050,800,3,1,2290
17/10/2022 11:23:28,1,1050,800,3,2,860
17/10/2022 11:23:44,1,1050,800,3,2,860
17/10/2022 11:24:00,1,1040,800,3,2,850
17/10/2022 11:24:16,1,1040,800,3,2,850
17/10/2022 11:24:32,1,1040,800,3,2,860
17/10/2022 11:24:48,1,1040,800,3,2,860
17/10/2022 11:25:04,1,1040,800,3,2,900
17/10/2022 11:25:20,1,1040,800,3,2,900
17/10/2022 11:25:36,1,1040,800,3,2,900
17/10/2022 11:25:52,1,1040,800,3,2,850
17/10/2022 11:26:08,1,1040,800,3,2,850
17/10/2022 11:26:24,1,1040,800,3,1,840
17/10/2022 11:26:40,1,1020,800,3,1,840
17/10/2022 11:26:56,1,1020,800,3,1,790
17/10/2022 11:27:12,1,1020,800,3,1,790
17/10/2022 11:27:28,1,970,800,3,1,810
17/10/2022 11:27:44,1,940,800,3,1,810
17/10/2022 11:28:00,1,940,800,3,1,810
17/10/2022 11:28:16,1,940,800,3,1,790
17/10/2022 11:28:32,1,940,800,3,1,790
17/10/2022 11:28:48,1,940,800,3,1,820
17/10/2022 11:29:04,1,940,800,3,1,820
17/10/2022 11:29:20,1,950,800,3,2,820
17/10/2022 11:29:36,1,950,800,3,2,820
17/10/2022 11:29:52,1,950,800,3,1,840
17/10/2022 11:30:08,1,950,800,3,1,840
17/10/2022 11:30:24,1,950,800,3,1,840
17/10/2022 11:30:40,1,960,800,3,1,850
17/10/2022 11:30:56,1,960,800,3,1,850
17/10/2022 11:31:12,1,970,800,3,2,940
17/10/2022 11:31:28,1,970,800,3,2,940
17/10/2022 11:31:44,1,970,800,3,1,850
17/10/2022 11:32:00,1,980,800,3,1,850
17/10/2022 11:32:16,1,980,800,3,2,820
17/10/2022 11:32:32,1,990,800,3,2,820
17/10/2022 11:32:48,1,990,800,3,2,820
17/10/2022 11:33:04,1,1020,800,3,1,900
17/10/2022 11:33:20,1,1020,800,3,1,900
17/10/2022 11:33:36,1,1020,800,3,1,880
17/10/2022 11:33:52,1,1030,800,3,1,880
17/10/2022 11:34:08,1,1030,800,3,1,890
17/10/2022 11:34:24,1,1040,800,3,1,890
17/10/2022 11:34:40,1,1040,800,3,1,910
17/10/2022 11:34:56,1,1050,800,3,1,910
17/10/2022 11:35:12,1,1050,800,3,1,910
17/10/2022 11:35:28,1,1050,800,3,1,1020
17/10/2022 11:35:44,1,1050,800,3,1,1020
17/10/2022 11:36:00,1,1050,800,3,1,1010
17/10/2022 11:36:16,1,1050,800,3,1,1010
17/10/2022 11:36:32,1,1080,800,3,2,820
17/10/2022 11:36:48,1,1080,800,3,2,820
17/10/2022 11:37:04,1,1080,800,3,1,1100
17/10/2022 11:37:20,1,-999,800,3,1,1100
17/10/2022 11:37:36,1,-999,800,3,1,1100
17/10/2022 11:37:52,1,-999,800,3,2,1190
17/10/2022 11:38:08,1,-999,800,3,2,1190
17/10/2022 11:38:24,1,-999,800,3,1,1260
17/10/2022 11:38:40,1,-999,800,3,1,1260
17/10/2022 11:38:56,1,-999,800,3,3,770
17/10/2022 11:39:12,1,-999,800,3,3,770
17/10/2022 11:39:28,1,880,800,3,2,770
17/10/2022 11:39:44,1,880,800,3,2,770
17/10/2022 11:40:00,1,910,800,3,2,770
17/10/2022 11:40:16,1,880,800,3,1,1410
17/10/2022 11:40:32,1,880,800,3,1,1410
17/10/2022 11:40:48,1,910,800,3,1,1470
17/10/2022 11:41:04,1,910,800,3,1,1470
17/10/2022 11:41:20,1,910,800,3,1,1480
17/10/2022 11:41:36,1,910,800,3,1,1480
17/10/2022 11:41:52,1,930,800,3,1,1480
17/10/2022 11:42:08,1,930,800,3,1,1480
17/10/2022 11:42:24,1,1600,800,3,1,1480
17/10/2022 11:42:40,1,1600,800,3,1,1480
17/10/2022 11:42:56,1,1620,800,3,1,1480
17/10/2022 11:43:12,1,1620,800,3,1,1450
17/10/2022 11:43:28,1,710,800,3,1,1450
17/10/2022 11:43:44,1,710,800,3,1,1480
17/10/2022 11:44:00,1,710,800,3,1,1480
17/10/2022 11:44:16,1,710,800,3,1,1380
17/10/2022 11:44:32,1,710,800,3,1,1380
17/10/2022 11:44:48,1,710,800,3,1,1380
17/10/2022 11:45:04,1,720,800,3,1,1260
17/10/2022 11:45:20,1,720,800,3,1,1260
17/10/2022 11:45:36,1,720,800,3,2,1310
17/10/2022 11:45:52,1,720,800,3,2,1310
17/10/2022 11:46:08,1,720,800,3,1,1460
17/10/2022 11:46:24,1,720,800,3,1,1460
17/10/2022 11:46:40,1,720,800,3,1,1470
17/10/2022 11:46:56,1,720,800,3,1,1470
17/10/2022 11:47:12,1,710,800,3,1,1470
17/10/2022 11:47:28,1,710,800,3,1,1480
17/10/2022 11:47:44,1,700,800,3,1,1480
17/10/2022 11:48:00,1,700,800,3,1,1490
17/10/2022 11:48:16,1,700,800,3,1,1490
17/10/2022 11:48:32,1,700,800,3,1,1520
17/10/2022 11:48:48,1,700,800,3,1,1520
17/10/2022 11:49:04,1,700,800,3,1,1530
17/10/2022 11:49:20,1,700,800,3,1,1530
17/10/2022 11:49:36,1,700,800,3,1,1530
17/10/2022 11:49:52,1,700,800,3,1,1610
17/10/2022 11:50:08,1,700,800,3,1,1610
17/10/2022 11:50:24,1,700,800,3,1,1610
17/10/2022 11:50:40,1,700,800,3,1,1610
17/10/2022 11:50:56,1,710,800,3,1,1600
17/10/2022 11:51:12,1,710,800,3,1,1600
17/10/2022 11:51:28,1,710,800,3,1,1620
17/10/2022 11:51:44,1,710,800,3,1,1620
17/10/2022 11:52:00,1,710,800,3,1,1620
17/10/2022 11:52:16,1,710,800,3,1,1650
17/10/2022 11:52:32,1,710,800,3,1,1650
17/10/2022 11:52:48,1,710,800,3,1,1680
17/10/2022 11:53:04,1,710,800,3,1,1680
17/10/2022 11:53:20,1,710,800,3,1,1690
17/10/2022 11:53:36,1,710,800,3,1,1690
17/10/2022 11:53:52,1,710,800,3,1,1710
17/10/2022 11:54:08,1,710,800,3,1,1710
17/10/2022 11:54:24,1,710,800,3,1,1710
17/10/2022 11:54:40,1,710,800,3,1,2340
17/10/2022 11:54:56,1,710,800,3,1,2340
17/10/2022 11:55:12,1,710,800,3,1,2370
17/10/2022 11:55:28,1,710,800,3,1,2370
17/10/2022 11:55:44,1,710,800,3,1,2350
17/10/2022 11:56:00,1,710,800,3,1,2350
17/10/2022 11:56:16,1,710,800,3,2,1450
17/10/2022 11:56:32,1,710,800,3,2,1450
17/10/2022 11:56:48,1,710,800,3,2,1450
17/10/2022 11:57:04,1,720,800,3,1,2340
17/10/2022 11:57:20,1,720,800,3,1,2340
17/10/2022 11:57:36,1,720,800,3,1,2270
17/10/2022 11:57:52,1,720,800,3,1,2270
17/10/2022 11:58:08,1,780,800,3,1,2270
17/10/2022 11:58:24,1,810,800,3,1,2270
17/10/2022 11:58:40,1,840,800,3,1,2320
17/10/2022 11:58:56,1,840,800,3,1,2320
17/10/2022 11:59:12,1,840,800,3,1,2320
17/10/2022 11:59:28,1,840,800,3,2,830
17/10/2022 11:59:44,1,840,800,3,2,830
17/10/2022 12:00:00,1,840,990,3,2,1060
17/10/2022 12:00:16,1,1110,990,3,2,1060
17/10/2022 12:00:32,1,1100,990,3,3,790
17/10/2022 12:00:48,1,1070,990,3,3,790
17/10/2022 12:01:04,1,1070,990,3,2,760
17/10/2022 12:01:20,1,1060,990,3,2,760
17/10/2022 12:01:36,1,1060,990,3,2,760
17/10/2022 12:01:52,1,-999,990,3,1,750
17/10/2022 12:02:08,1,-999,990,3,1,750
17/10/2022 12:02:24,1,-999,990,3,1,750
17/10/2022 12:02:40,1,-999,990,3,1,750
17/10/2022 12:02:56,1,940,990,3,2,760
17/10/2022 12:03:12,1,940,990,3,2,760
17/10/2022 12:03:28,1,940,990,3,1,2450
17/10/2022 12:03:44,1,940,990,3,1,2450
17/10/2022 12:04:00,1,960,990,3,1,2450
17/10/2022 12:04:16,1,960,990,3,2,1000
17/10/2022 12:04:32,1,940,990,3,2,1000
17/10/2022 12:04:48,1,-999,990,3,3,990
17/10/2022 12:05:04,1,-999,990,3,3,990
17/10/2022 12:05:20,1,-999,990,3,2,1190
17/10/2022 12:05:36,1,-999,990,3,2,1190
17/10/2022 12:05:52,1,-999,990,3,2,850
17/10/2022 12:06:08,1,-999,990,3,2,850
17/10/2022 12:06:24,1,-999,990,3,2,850
17/10/2022 12:06:40,1,-999,990,3,1,1170
17/10/2022 12:06:56,1,-999,990,3,1,1170
17/10/2022 12:07:12,1,-999,990,3,2,920
17/10/2022 12:07:28,1,-999,990,3,2,920
17/10/2022 12:07:44,1,-999,990,3,2,930
17/10/2022 12:08:00,1,-999,990,3,2,930
17/10/2022 12:08:16,1,-999,990,3,1,1340
17/10/2022 12:08:32,1,1420,990,3,1,1340
17/10/2022 12:08:48,1,1420,990,3,1,1340
17/10/2022 12:09:04,1,-999,990,3,1,1410
17/10/2022 12:09:20,1,-999,990,3,1,1410
17/10/2022 12:09:36,1,-999,990,3,1,1420
17/10/2022 12:09:52,1,-999,990,3,1,1420
17/10/2022 12:10:08,1,-999,990,3,1,1380
17/10/2022 12:10:24,1,1460,990,3,1,1380
17/10/2022 12:10:40,1,1010,990,3,2,870
17/10/2022 12:10:56,1,1010,990,3,2,870
17/10/2022 12:11:12,1,1010,990,3,2,870
17/10/2022 12:11:28,1,1010,990,3,2,880
17/10/2022 12:11:44,1,1010,990,3,2,880
17/10/2022 12:12:00,1,1010,990,3,1,1270
17/10/2022 12:12:16,1,1010,990,3,1,1270
17/10/2022 12:12:32,1,1010,990,3,2,870
17/10/2022 12:12:48,1,1010,990,3,2,870
17/10/2022 12:13:04,1,1000,990,3,1,740
17/10/2022 12:13:20,1,1000,990,3,1,740
17/10/2022 12:13:36,1,1000,990,3,1,740
17/10/2022 12:13:52,1,1000,990,3,1,750
17/10/2022 12:14:08,1,960,990,3,1,750
17/10/2022 12:14:24,1,960,990,3,1,850
17/10/2022 12:14:40,1,960,990,3,1,850
17/10/2022 12:14:56,1,960,990,3,2,850
17/10/2022 12:15:12,1,950,990,3,2,850
17/10/2022 12:15:28,1,950,990,3,2,860
17/10/2022 12:15:44,1,950,990,3,2,860
17/10/2022 12:16:00,1,950,990,3,2,860
17/10/2022 12:16:16,1,960,990,3,2,910
17/10/2022 12:16:32,1,960,990,3,2,910
17/10/2022 12:16:48,1,950,990,3,2,1150
17/10/2022 12:17:04,1,950,990,3,2,1150
17/10/2022 12:17:20,1,980,990,3,1,1490
17/10/2022 12:17:36,1,980,990,3,1,1490
17/10/2022 12:17:52,1,1630,990,3,2,880
17/10/2022 12:18:08,1,1040,990,3,2,880
17/10/2022 12:18:24,1,1040,990,3,2,880
17/10/2022 12:18:40,1,1040,990,3,2,860
17/10/2022 12:18:56,1,1040,990,3,2,860
17/10/2022 12:19:12,1,1060,990,3,2,940
17/10/2022 12:19:28,1,1060,990,3,2,940
17/10/2022 12:19:44,1,1060,990,3,2,910
17/10/2022 12:20:00,1,1060,990,3,2,910
17/10/2022 12:20:16,1,1060,990,3,2,870
17/10/2022 12:20:32,1,1060,990,3,2,870
17/10/2022 12:20:48,1,1060,990,3,2,870
17/10/2022 12:21:04,1,1060,990,3,2,840
17/10/2022 12:21:20,1,1000,990,3,2,840
17/10/2022 12:21:36,1,1040,990,3,2,890
17/10/2022 12:21:52,1,1040,990,3,2,890
17/10/2022 12:22:08,1,1020,990,3,1,1690
17/10/2022 12:22:24,1,1020,990,3,1,1690
17/10/2022 12:22:40,1,1020,990,3,1,1630
17/10/2022 12:22:56,1,1020,990,3,1,1630
17/10/2022 12:23:12,1,1020,990,3,1,1630
17/10/2022 12:23:28,1,1020,990,3,2,1630
17/10/2022 12:23:44,1,-999,990,3,2,1630
17/10/2022 12:24:00,1,-999,990,3,1,1920
17/10/2022 12:24:16,1,-999,990,3,1,1920
17/10/2022 12:24:32,1,-999,990,3,2,1640
17/10/2022 12:24:48,1,-999,990,3,2,1640
17/10/2022 12:25:04,1,-999,990,3,2,1050
17/10/2022 12:25:20,1,-999,990,3,2,1050
17/10/2022 12:25:36,1,-999,990,3,2,1050
17/10/2022 12:25:52,1,-999,990,3,2,1120
17/10/2022 12:26:08,1,-999,990,3,2,1120
17/10/2022 12:26:24,1,-999,990,3,2,1710
17/10/2022 12:26:40,1,-999,990,3,2,1710
17/10/2022 12:26:56,1,-999,990,3,2,870
17/10/2022 12:27:12,1,-999,990,3,2,870
17/10/2022 12:27:28,1,-999,990,3,1,940
17/10/2022 12:27:44,1,-999,990,3,1,940
17/10/2022 12:28:00,1,-999,990,3,1,940
17/10/2022 12:28:16,1,-999,990,3,2,960
17/10/2022 12:28:32,1,-999,990,3,2,960
17/10/2022 12:28:48,1,-999,990,3,1,1340
17/10/2022 12:29:04,1,1070,990,3,1,1340
17/10/2022 12:29:20,1,-999,990,3,2,1320
17/10/2022 12:29:36,1,-999,990,3,2,1320
17/10/2022 12:29:52,1,-999,990,3,3,1330
17/10/2022 12:30:08,1,-999,990,3,3,1330
17/10/2022 12:30:24,1,-999,990,3,3,1330
17/10/2022 12:30:40,1,1460,990,3,2,1320
17/10/2022 12:30:56,1,1460,990,3,2,1320
17/10/2022 12:31:12,1,1460,990,3,3,1370
17/10/2022 12:31:28,1,1480,990,3,3,1370
17/10/2022 12:31:44,1,1490,990,3,3,1390
17/10/2022 12:32:00,1,1490,990,3,3,1390
17/10/2022 12:32:16,1,1490,990,3,1,1400
17/10/2022 12:32:32,1,1500,990,3,1,1400
17/10/2022 12:32:48,1,1500,990,3,1,1400
17/10/2022 12:33:04,1,1500,990,3,3,1170
17/10/2022 12:33:20,1,1500,990,3,3,1170
17/10/2022 12:33:36,1,1510,990,3,2,1170
17/10/2022 12:33:52,1,1510,990,3,2,1170
17/10/2022 12:34:08,1,1510,990,3,1,1420
17/10/2022 12:34:24,1,1510,990,3,1,1420
17/10/2022 12:34:40,1,1520,990,3,2,1430
17/10/2022 12:34:56,1,1520,990,3,2,1430
17/10/2022 12:35:12,1,1540,990,3,2,1430
17/10/2022 12:35:28,1,1540,990,3,1,1460
17/10/2022 12:35:44,1,1550,990,3,1,1460
17/10/2022 12:36:00,1,1550,990,3,2,1410
17/10/2022 12:36:16,1,1050,990,3,2,1410
17/10/2022 12:36:32,1,1050,990,3,1,1450
17/10/2022 12:36:48,1,1050,990,3,1,1450
17/10/2022 12:37:04,1,1050,990,3,1,1460
17/10/2022 12:37:20,1,1050,990,3,1,1460
17/10/2022 12:37:36,1,1050,990,3,1,1460
17/10/2022 12:37:52,1,1050,990,3,1,1470
17/10/2022 12:38:08,1,1050,990,3,1,1470
17/10/2022 12:38:24,1,1050,990,3,1,1470
17/10/2022 12:38:40,1,1570,990,3,1,1470
17/10/2022 12:38:56,1,1570,990,3,1,1470
17/10/2022 12:39:12,1,1600,990,3,1,1470
17/10/2022 12:39:28,1,1600,990,3,1,1540
17/10/2022 12:39:44,1,1600,990,3,1,1540
17/10/2022 12:40:00,1,1600,990,3,1,1540
17/10/2022 12:40:16,1,1600,990,3,1,1490
17/10/2022 12:40:32,1,1630,990,3,1,1490
17/10/2022 12:40:48,1,1650,990,3,0,-999
17/10/2022 12:41:04,1,1660,990,3,0,-999
17/10/2022 12:41:20,1,1700,990,3,2,960
17/10/2022 12:41:36,1,1700,990,3,2,960
17/10/2022 12:41:52,1,1700,990,3,2,920
17/10/2022 12:42:08,1,1700,990,3,2,920
17/10/2022 12:42:24,1,1700,990,3,2,920
17/10/2022 12:42:40,1,1700,990,3,1,1570
17/10/2022 12:42:56,1,1680,990,3,1,1570
17/10/2022 12:43:12,1,1670,990,3,1,1550
17/10/2022 12:43:28,1,1670,990,3,1,1550
17/10/2022 12:43:44,1,1670,990,3,1,1550
17/10/2022 12:44:00,1,1670,990,3,1,1550
17/10/2022 12:44:16,1,1670,990,3,1,1560
17/10/2022 12:44:32,1,1670,990,3,1,1560
17/10/2022 12:44:48,1,1670,990,3,1,1560
17/10/2022 12:45:04,1,1680,990,3,1,1600
17/10/2022 12:45:20,1,1680,990,3,1,1600
17/10/2022 12:45:36,1,1680,990,3,1,1580
17/10/2022 12:45:52,1,1680,990,3,1,1580
17/10/2022 12:46:08,1,1690,990,3,1,1550
17/10/2022 12:46:24,1,1690,990,3,1,1550
17/10/2022 12:46:40,1,1690,990,3,1,1560
17/10/2022 12:46:56,1,1690,990,3,1,1560
17/10/2022 12:47:12,1,1690,990,3,1,1560
17/10/2022 12:47:28,1,1200,990,3,1,1560
17/10/2022 12:47:44,1,1200,990,3,1,1560
17/10/2022 12:48:00,1,1200,990,3,1,1560
17/10/2022 12:48:16,1,1200,990,3,1,1560
17/10/2022 12:48:32,1,1200,990,3,1,1580
17/10/2022 12:48:48,1,1200,990,3,1,1580
17/10/2022 12:49:04,1,1200,990,3,1,1610
17/10/2022 12:49:20,1,1690,990,3,1,1610
17/10/2022 12:49:36,1,1690,990,3,1,1610
17/10/2022 12:49:52,1,1700,990,3,2,1190
17/10/2022 12:50:08,1,1700,990,3,2,1190
17/10/2022 12:50:24,1,1710,990,3,2,960
17/10/2022 12:50:40,1,1710,990,3,2,960
17/10/2022 12:50:56,1,1710,990,3,1,860
17/10/2022 12:51:12,1,1710,990,3,1,860
17/10/2022 12:51:28,1,1710,990,3,1,890
17/10/2022 12:51:44,1,-999,990,3,1,890
17/10/2022 12:52:00,1,-999,990,3,1,890
17/10/2022 12:52:16,1,-999,990,3,1,1660
17/10/2022 12:52:32,1,-999,990,3,1,1660
17/10/2022 12:52:48,1,-999,990,3,1,1710
17/10/2022 12:53:04,1,-999,990,3,1,1710
17/10/2022 12:53:20,1,-999,990,3,1,1760
17/10/2022 12:53:36,1,-999,990,3,1,1760
17/10/2022 12:53:52,1,-999,990,3,1,1780
17/10/2022 12:54:08,1,-999,990,3,1,1780
17/10/2022 12:54:24,1,-999,990,3,1,1780
17/10/2022 12:54:40,1,-999,990,3,2,880
17/10/2022 12:54:56,1,-999,990,3,2,880
17/10/2022 12:55:12,1,-999,990,3,1,1840
17/10/2022 12:55:28,1,-999,990,3,1,1840
17/10/2022 12:55:44,1,-999,990,3,1,1860
17/10/2022 12:56:00,1,1980,990,3,1,1860
17/10/2022 12:56:16,1,-999,990,3,2,920
17/10/2022 12:56:32,1,-999,990,3,2,920
17/10/2022 12:56:48,1,-999,990,3,2,920
17/10/2022 12:57:04,1,1430,990,3,1,920
17/10/2022 12:57:20,1,1430,990,3,1,920
17/10/2022 12:57:36,1,1430,990,3,1,850
17/10/2022 12:57:52,1,1430,990,3,1,850
17/10/2022 12:58:08,1,980,990,3,2,840
17/10/2022 12:58:24,1,980,990,3,2,840
17/10/2022 12:58:40,1,970,990,3,1,1600
17/10/2022 12:58:56,1,1430,990,3,1,1600
17/10/2022 12:59:12,1,890,990,3,1,1600
17/10/2022 12:59:28,1,890,990,3,1,910
17/10/2022 12:59:44,1,890,990,3,1,910
17/10/2022 13:00:00,1,970,1020,3,2,910
17/10/2022 13:00:16,1,970,1020,3,2,910
17/10/2022 13:00:32,1,890,1020,3,1,1610
17/10/2022 13:00:48,1,890,1020,3,1,1610
17/10/2022 13:01:04,1,-999,1020,3,1,1610
17/10/2022 13:01:20,1,-999,1020,3,1,1610
17/10/2022 13:01:36,1,-999,1020,3,1,1610
17/10/2022 13:01:52,1,-999,1020,3,1,1700
17/10/2022 13:02:08,1,-999,1020,3,1,1700
17/10/2022 13:02:24,1,-999,1020,3,1,1700
17/10/2022 13:02:40,1,-999,1020,3,1,1700
17/10/2022 13:02:56,1,-999,1020,3,2,1310
17/10/2022 13:03:12,1,-999,1020,3,2,1310
17/10/2022 13:03:28,1,-999,1020,3,1,1250
17/10/2022 13:03:44,1,-999,1020,3,1,1250
17/10/2022 13:04:00,1,-999,1020,3,1,1250
17/10/2022 13:04:16,1,-999,1020,3,2,860
17/10/2022 13:04:32,1,-999,1020,3,2,860
17/10/2022 13:04:48,1,-999,1020,3,1,870
17/10/2022 13:05:04,1,-999,1020,3,1,870
17/10/2022 13:05:20,1,-999,1020,3,1,870
17/10/2022 13:05:36,1,-999,1020,3,1,870
17/10/2022 13:05:52,1,-999,1020,3,1,890
17/10/2022 13:06:08,1,-999,1020,3,1,890
17/10/2022 13:06:24,1,-999,1020,3,1,890
17/10/2022 13:06:40,1,-999,1020,3,1,930
17/10/2022 13:06:56,1,1030,1020,3,1,930
17/10/2022 13:07:12,1,1040,1020,3,2,980
17/10/2022 13:07:28,1,1040,1020,3,2,980
17/10/2022 13:07:44,1,1040,1020,3,3,1010
17/10/2022 13:08:00,1,1040,1020,3,3,1010
17/10/2022 13:08:16,1,1040,1020,3,2,1310
17/10/2022 13:08:32,1,1040,1020,3,2,1310
17/10/2022 13:08:48,1,-999,1020,3,2,1310
17/10/2022 13:09:04,1,-999,1020,3,1,1690
17/10/2022 13:09:20,1,-999,1020,3,1,1690
17/10/2022 13:09:36,1,-999,1020,3,2,1340
17/10/2022 13:09:52,1,-999,1020,3,2,1340
17/10/2022 13:10:08,1,-999,1020,3,2,1310
17/10/2022 13:10:24,1,-999,1020,3,2,1310
17/10/2022 13:10:40,1,-999,1020,3,1,1290
17/10/2022 13:10:56,1,-999,1020,3,1,1290
17/10/2022 13:11:12,1,-999,1020,3,1,1290
17/10/2022 13:11:28,1,-999,1020,3,2,970
17/10/2022 13:11:44,1,-999,1020,3,2,970
17/10/2022 13:12:00,1,-999,1020,3,2,990
17/10/2022 13:12:16,1,-999,1020,3,2,990
17/10/2022 13:12:32,1,-999,1020,3,2,940
17/10/2022 13:12:48,1,-999,1020,3,2,940
17/10/2022 13:13:04,1,-999,1020,3,1,1250
17/10/2022 13:13:20,1,1450,1020,3,1,1250
17/10/2022 13:13:36,1,-999,1020,3,1,1250
17/10/2022 13:13:52,1,1410,1020,3,1,1270
17/10/2022 13:14:08,1,1410,1020,3,1,1270
17/10/2022 13:14:24,1,1410,1020,3,2,1320
17/10/2022 13:14:40,1,1390,1020,3,2,1320
17/10/2022 13:14:56,1,1390,1020,3,1,1950
17/10/2022 13:15:12,1,1390,1020,3,1,1950
17/10/2022 13:15:28,1,1390,1020,3,1,1960
17/10/2022 13:15:44,1,1390,1020,3,1,1960
17/10/2022 13:16:00,1,1390,1020,3,1,1960
17/10/2022 13:16:16,1,1390,1020,3,2,1220
17/10/2022 13:16:32,1,1410,1020,3,2,1220
17/10/2022 13:16:48,1,1410,1020,3,2,960
17/10/2022 13:17:04,1,1410,1020,3,2,960
17/10/2022 13:17:20,1,1410,1020,3,1,910
17/10/2022 13:17:36,1,1410,1020,3,1,910
17/10/2022 13:17:52,1,1460,1020,3,1,900
17/10/2022 13:18:08,1,-999,1020,3,1,900
17/10/2022 13:18:24,1,-999,1020,3,1,900
17/10/2022 13:18:40,1,-999,1020,3,2,890
17/10/2022 13:18:56,1,-999,1020,3,2,890
17/10/2022 13:19:12,1,1020,1020,3,1,1360
17/10/2022 13:19:28,1,1050,1020,3,1,1360
17/10/2022 13:19:44,1,1020,1020,3,2,890
17/10/2022 13:20:00,1,-999,1020,3,2,890
17/10/2022 13:20:16,1,1020,1020,3,1,890
17/10/2022 13:20:32,1,1050,1020,3,1,890
17/10/2022 13:20:48,1,1050,1020,3,1,890
17/10/2022 13:21:04,1,1050,1020,3,2,870
17/10/2022 13:21:20,1,1070,1020,3,2,870
17/10/2022 13:21:36,1,1070,1020,3,1,890
17/10/2022 13:21:52,1,1070,1020,3,1,890
17/10/2022 13:22:08,1,1070,1020,3,2,1010
17/10/2022 13:22:24,1,1070,1020,3,2,1010
17/10/2022 13:22:40,1,1080,1020,3,2,1420
17/10/2022 13:22:56,1,1080,1020,3,2,1420
17/10/2022 13:23:12,1,1100,1020,3,2,1420
17/10/2022 13:23:28,1,1100,1020,3,1,1760
17/10/2022 13:23:44,1,1100,1020,3,1,1760
17/10/2022 13:24:00,1,1080,1020,3,1,880
17/10/2022 13:24:16,1,1080,1020,3,1,880
17/10/2022 13:24:32,1,1080,1020,3,1,930
17/10/2022 13:24:48,1,1080,1020,3,1,930
17/10/2022 13:25:04,1,1100,1020,3,2,1000
17/10/2022 13:25:20,1,1100,1020,3,2,1000
17/10/2022 13:25:36,1,1100,1020,3,2,1000
17/10/2022 13:25:52,1,1100,1020,3,1,1690
17/10/2022 13:26:08,1,1080,1020,3,1,1690
17/10/2022 13:26:24,1,1080,1020,3,2,1010
17/10/2022 13:26:40,1,1080,1020,3,2,1010
17/10/2022 13:26:56,1,1080,1020,3,2,1080
17/10/2022 13:27:12,1,1080,1020,3,2,1080
17/10/2022 13:27:28,1,-999,1020,3,2,1170
17/10/2022 13:27:44,1,-999,1020,3,2,1170
17/10/2022 13:28:00,1,-999,1020,3,2,1170
17/10/2022 13:28:16,1,-999,1020,3,2,1050
17/10/2022 13:28:32,1,-999,1020,3,2,1050
17/10/2022 13:28:48,1,-999,1020,3,2,990
17/10/2022 13:29:04,1,-999,1020,3,2,990
17/10/2022 13:29:20,1,-999,1020,3,2,950
17/10/2022 13:29:36,1,-999,1020,3,2,950
17/10/2022 13:29:52,1,-999,1020,3,3,1020
17/10/2022 13:30:08,1,-999,1020,3,3,1020
17/10/2022 13:30:24,1,-999,1020,3,3,1020
17/10/2022 13:30:40,1,1250,1020,3,2,1060
17/10/2022 13:30:56,1,1220,1020,3,2,1060
17/10/2022 13:31:12,1,-999,1020,3,1,1710
17/10/2022 13:31:28,1,-999,1020,3,1,1710
17/10/2022 13:31:44,1,-999,1020,3,2,860
17/10/2022 13:32:00,1,-999,1020,3,2,860
17/10/2022 13:32:16,1,-999,1020,3,2,890
17/10/2022 13:32:32,1,1130,1020,3,2,890
17/10/2022 13:32:48,1,1100,1020,3,2,890
17/10/2022 13:33:04,1,1100,1020,3,2,920
17/10/2022 13:33:20,1,1150,1020,3,2,920
17/10/2022 13:33:36,1,1150,1020,3,2,890
17/10/2022 13:33:52,1,-999,1020,3,2,890
17/10/2022 13:34:08,1,1100,1020,3,3,910
17/10/2022 13:34:24,1,1100,1020,3,3,910
17/10/2022 13:34:40,1,1100,1020,3,3,930
17/10/2022 13:34:56,1,1100,1020,3,3,930
17/10/2022 13:35:12,1,1080,1020,3,3,930
17/10/2022 13:35:28,1,1100,1020,3,1,1340
17/10/2022 13:35:44,1,1100,1020,3,1,1340
17/10/2022 13:36:00,1,1100,1020,3,1,1410
17/10/2022 13:36:16,1,1040,1020,3,1,1410
17/10/2022 13:36:32,1,1580,1020,3,0,-999
17/10/2022 13:36:48,1,1570,1020,3,0,-999
17/10/2022 13:37:04,1,1390,1020,3,0,-999
17/10/2022 13:37:20,1,1390,1020,3,0,-999
17/10/2022 13:37:36,1,1400,1020,3,0,-999
17/10/2022 13:37:52,1,1400,1020,3,0,-999
17/10/2022 13:38:08,1,1310,1020,3,0,-999
17/10/2022 13:38:24,1,1400,1020,3,0,-999
17/10/2022 13:38:40,1,1410,1020,3,0,-999
17/10/2022 13:38:56,1,-999,1020,3,1,910
17/10/2022 13:39:12,1,-999,1020,3,1,910
17/10/2022 13:39:28,1,1030,1020,3,1,940
17/10/2022 13:39:44,1,1030,1020,3,1,940
17/10/2022 13:40:00,1,1030,1020,3,1,940
17/10/2022 13:40:16,1,1330,1020,3,0,-999
17/10/2022 13:40:32,1,1340,1020,3,0,-999
17/10/2022 13:40:48,1,1030,1020,3,1,1420
17/10/2022 13:41:04,1,1030,1020,3,1,1420
17/10/2022 13:41:20,1,1030,1020,3,1,1270
17/10/2022 13:41:36,1,1030,1020,3,1,1270
17/10/2022 13:41:52,1,1030,1020,3,1,1270
17/10/2022 13:42:08,1,1020,1020,3,1,1270
17/10/2022 13:42:24,1,1020,1020,3,1,1270
17/10/2022 13:42:40,1,1020,1020,3,1,880
17/10/2022 13:42:56,1,1020,1020,3,1,880
17/10/2022 13:43:12,1,1030,1020,3,1,890
17/10/2022 13:43:28,1,1030,1020,3,1,890
17/10/2022 13:43:44,1,1030,1020,3,2,980
17/10/2022 13:44:00,1,1030,1020,3,2,980
17/10/2022 13:44:16,1,1030,1020,3,1,870
17/10/2022 13:44:32,1,1030,1020,3,1,870
17/10/2022 13:44:48,1,1030,1020,3,1,870
17/10/2022 13:45:04,1,1030,1020,3,1,880
17/10/2022 13:45:20,1,990,1020,3,1,880
17/10/2022 13:45:36,1,1030,1020,3,1,910
17/10/2022 13:45:52,1,1030,1020,3,1,910
17/10/2022 13:46:08,1,1030,1020,3,1,900
17/10/2022 13:46:24,1,1030,1020,3,1,900
17/10/2022 13:46:40,1,1030,1020,3,1,1040
17/10/2022 13:46:56,1,1050,1020,3,1,1040
17/10/2022 13:47:12,1,1050,1020,3,1,1040
17/10/2022 13:47:28,1,1050,1020,3,1,940
17/10/2022 13:47:44,1,1050,1020,3,1,940
17/10/2022 13:48:00,1,1090,1020,3,1,950
17/10/2022 13:48:16,1,1090,1020,3,1,950
17/10/2022 13:48:32,1,1090,1020,3,1,910
17/10/2022 13:48:48,1,1090,1020,3,1,910
17/10/2022 13:49:04,1,1100,1020,3,2,930
17/10/2022 13:49:20,1,1100,1020,3,2,930
17/10/2022 13:49:36,1,1140,1020,3,2,930
17/10/2022 13:49:52,1,1140,1020,3,1,1200
17/10/2022 13:50:08,1,1140,1020,3,1,1200
17/10/2022 13:50:24,1,1150,1020,3,1,1260
17/10/2022 13:50:40,1,1140,1020,3,1,1260
17/10/2022 13:50:56,1,-999,1020,3,1,1340
17/10/2022 13:51:12,1,-999,1020,3,1,1340
17/10/2022 13:51:28,1,-999,1020,3,2,960
17/10/2022 13:51:44,1,-999,1020,3,2,960
17/10/2022 13:52:00,1,1460,1020,3,2,960
17/10/2022 13:52:16,1,-999,1020,3,1,970
17/10/2022 13:52:32,1,-999,1020,3,1,970
17/10/2022 13:52:48,1,-999,1020,3,1,1010
17/10/2022 13:53:04,1,-999,1020,3,1,1010
17/10/2022 13:53:20,1,1460,1020,3,1,1040
17/10/2022 13:53:36,1,1460,1020,3,1,1040
17/10/2022 13:53:52,1,1460,1020,3,3,1070
17/10/2022 13:54:08,1,1100,1020,3,3,1070
17/10/2022 13:54:24,1,1110,1020,3,3,1070
17/10/2022 13:54:40,1,1110,1020,3,2,1040
17/10/2022 13:54:56,1,1110,1020,3,2,1040
17/10/2022 13:55:12,1,1110,1020,3,1,1010
17/10/2022 13:55:28,1,1130,1020,3,1,1010
17/10/2022 13:55:44,1,1130,1020,3,2,1050
17/10/2022 13:56:00,1,1140,1020,3,2,1050
17/10/2022 13:56:16,1,1140,1020,3,1,1090
17/10/2022 13:56:32,1,1220,1020,3,1,1090
17/10/2022 13:56:48,1,1220,1020,3,1,1090
17/10/2022 13:57:04,1,-999,1020,3,2,1180
17/10/2022 13:57:20,1,-999,1020,3,2,1180
17/10/2022 13:57:36,1,-999,1020,3,2,1110
17/10/2022 13:57:52,1,1240,1020,3,2,1110
17/10/2022 13:58:08,1,1270,1020,3,2,1170
17/10/2022 13:58:24,1,1300,1020,3,2,1170
17/10/2022 13:58:40,1,1300,1020,3,2,1200
17/10/2022 13:58:56,1,1300,1020,3,2,1200
17/10/2022 13:59:12,1,1300,1020,3,2,1200
17/10/2022 13:59:28,1,1370,1020,3,1,1190
17/10/2022 13:59:44,1,1370,1020,3,1,1190
17/10/2022 14:00:00,1,1370,1080,3,1,1160
17/10/2022 14:00:16,1,1370,1080,3,1,1160
17/10/2022 14:00:32,1,1370,1080,3,1,1160
17/10/2022 14:00:48,1,1370,1080,3,1,1160
17/10/2022 14:01:04,1,1370,1080,3,1,1220
17/10/2022 14:01:20,1,1370,1080,3,1,1220
17/10/2022 14:01:36,1,1380,1080,3,1,1220
17/10/2022 14:01:52,1,1380,1080,3,2,1190
17/10/2022 14:02:08,1,1410,1080,3,2,1190
17/10/2022 14:02:24,1,1410,1080,3,1,1290
17/10/2022 14:02:40,1,1410,1080,3,1,1290
17/10/2022 14:02:56,1,1410,1080,3,1,1240
17/10/2022 14:03:12,1,1410,1080,3,1,1240
17/10/2022 14:03:28,1,1410,1080,3,1,1370
17/10/2022 14:03:44,1,1450,1080,3,1,1370
17/10/2022 14:04:00,1,1450,1080,3,1,1370
17/10/2022 14:04:16,1,1480,1080,3,2,1000
17/10/2022 14:04:32,1,1480,1080,3,2,1000
17/10/2022 14:04:48,1,1480,1080,3,1,930
17/10/2022 14:05:04,1,1500,1080,3,1,930
17/10/2022 14:05:20,1,1500,1080,3,1,930
17/10/2022 14:05:36,1,-999,1080,3,1,930
17/10/2022 14:05:52,1,-999,1080,3,3,1030
17/10/2022 14:06:08,1,-999,1080,3,3,1030
17/10/2022 14:06:24,1,-999,1080,3,3,1030
17/10/2022 14:06:40,1,-999,1080,3,2,920
17/10/2022 14:06:56,1,-999,1080,3,2,920
17/10/2022 14:07:12,1,1150,1080,3,1,1020
17/10/2022 14:07:28,1,1150,1080,3,1,1020
17/10/2022 14:07:44,1,1150,1080,3,2,990
17/10/2022 14:08:00,1,1150,1080,3,2,990
17/10/2022 14:08:16,1,1150,1080,3,2,1260
17/10/2022 14:08:32,1,1160,1080,3,2,1260
17/10/2022 14:08:48,1,-999,1080,3,2,1260
17/10/2022 14:09:04,1,-999,1080,3,2,1260
17/10/2022 14:09:20,1,-999,1080,3,2,1260
17/10/2022 14:09:36,1,-999,1080,3,1,1380
17/10/2022 14:09:52,1,-999,1080,3,1,1380
17/10/2022 14:10:08,1,-999,1080,3,2,1510
17/10/2022 14:10:24,1,800,1080,3,2,1510
17/10/2022 14:10:40,1,800,1080,3,2,1580
17/10/2022 14:10:56,1,800,1080,3,2,1580
17/10/2022 14:11:12,1,800,1080,3,2,1580
17/10/2022 14:11:28,1,800,1080,3,2,970
17/10/2022 14:11:44,1,800,1080,3,2,970
17/10/2022 14:12:00,1,800,1080,3,1,960
17/10/2022 14:12:16,1,800,1080,3,1,960
17/10/2022 14:12:32,1,-999,1080,3,1,920
17/10/2022 14:12:48,1,-999,1080,3,1,920
17/10/2022 14:13:04,1,-999,1080,3,1,920
17/10/2022 14:13:20,1,1050,1080,3,1,920
17/10/2022 14:13:36,1,1050,1080,3,1,920
17/10/2022 14:13:52,1,1050,1080,3,1,990
17/10/2022 14:14:08,1,1080,1080,3,1,990
17/10/2022 14:14:24,1,1080,1080,3,1,1170
17/10/2022 14:14:40,1,1080,1080,3,1,1170
17/10/2022 14:14:56,1,1090,1080,3,1,1220
17/10/2022 14:15:12,1,-999,1080,3,1,1220
17/10/2022 14:15:28,1,-999,1080,3,1,1250
17/10/2022 14:15:44,1,-999,1080,3,1,1250
17/10/2022 14:16:00,1,-999,1080,3,1,1250
17/10/2022 14:16:16,1,-999,1080,3,1,1280
17/10/2022 14:16:32,1,-999,1080,3,1,1280
17/10/2022 14:16:48,1,-999,1080,3,2,940
17/10/2022 14:17:04,1,-999,1080,3,2,940
17/10/2022 14:17:20,1,-999,1080,3,2,910
17/10/2022 14:17:36,1,-999,1080,3,2,910
17/10/2022 14:17:52,1,-999,1080,3,2,950
17/10/2022 14:18:08,1,-999,1080,3,2,950
17/10/2022 14:18:24,1,-999,1080,3,2,950
17/10/2022 14:18:40,1,-999,1080,3,1,970
17/10/2022 14:18:56,1,-999,1080,3,1,970
17/10/2022 14:19:12,1,-999,1080,3,2,1020
17/10/2022 14:19:28,1,-999,1080,3,2,1020
17/10/2022 14:19:44,1,-999,1080,3,2,1020
17/10/2022 14:20:00,1,1120,1080,3,2,1020
17/10/2022 14:20:16,1,1110,1080,3,2,930
17/10/2022 14:20:32,1,1110,1080,3,2,930
17/10/2022 14:20:48,1,1110,1080,3,2,930
17/10/2022 14:21:04,1,1110,1080,3,2,890
17/10/2022 14:21:20,1,1110,1080,3,2,890
17/10/2022 14:21:36,1,1110,1080,3,1,900
17/10/2022 14:21:52,1,1110,1080,3,1,900
17/10/2022 14:22:08,1,1110,1080,3,1,950
17/10/2022 14:22:24,1,1110,1080,3,1,950
17/10/2022 14:22:40,1,1110,1080,3,2,1030
17/10/2022 14:22:56,1,1110,1080,3,2,1030
17/10/2022 14:23:12,1,1110,1080,3,2,1030
17/10/2022 14:23:28,1,1110,1080,3,1,1990
17/10/2022 14:23:44,1,1110,1080,3,1,1990
17/10/2022 14:24:00,1,1110,1080,3,2,890
17/10/2022 14:24:16,1,1110,1080,3,2,890
17/10/2022 14:24:32,1,1110,1080,3,1,890
17/10/2022 14:24:48,1,1110,1080,3,1,890
17/10/2022 14:25:04,1,1110,1080,3,1,920
17/10/2022 14:25:20,1,1110,1080,3,1,920
17/10/2022 14:25:36,1,1110,1080,3,1,920
17/10/2022 14:25:52,1,-999,1080,3,1,1040
17/10/2022 14:26:08,1,-999,1080,3,1,1040
17/10/2022 14:26:24,1,-999,1080,3,1,2020
17/10/2022 14:26:40,1,1070,1080,3,1,2020
17/10/2022 14:26:56,1,1070,1080,3,2,920
17/10/2022 14:27:12,1,1070,1080,3,2,920
17/10/2022 14:27:28,1,1050,1080,3,1,2020
17/10/2022 14:27:44,1,1050,1080,3,1,2020
17/10/2022 14:28:00,1,1030,1080,3,1,2020
17/10/2022 14:28:16,1,1030,1080,3,1,2020
17/10/2022 14:28:32,1,1030,1080,3,1,2020
17/10/2022 14:28:48,1,-999,1080,3,1,2020
17/10/2022 14:29:04,1,-999,1080,3,1,2020
17/10/2022 14:29:20,1,1250,1080,3,1,2020
17/10/2022 14:29:36,1,1250,1080,3,1,2020
17/10/2022 14:29:52,1,1250,1080,3,1,1990
17/10/2022 14:30:08,1,2130,1080,3,1,1990
17/10/2022 14:30:24,1,1200,1080,3,1,1990
17/10/2022 14:30:40,1,1250,1080,3,2,910
17/10/2022 14:30:56,1,1250,1080,3,2,910
17/10/2022 14:31:12,1,1200,1080,3,2,900
17/10/2022 14:31:28,1,2130,1080,3,2,900
17/10/2022 14:31:44,1,2130,1080,3,1,2060
17/10/2022 14:32:00,1,-999,1080,3,1,2060
17/10/2022 14:32:16,1,-999,1080,3,1,2070
17/10/2022 14:32:32,1,-999,1080,3,1,2070
17/10/2022 14:32:48,1,1080,1080,3,1,2070
17/10/2022 14:33:04,1,1080,1080,3,1,2040
17/10/2022 14:33:20,1,1080,1080,3,1,2040
17/10/2022 14:33:36,1,1080,1080,3,2,940
17/10/2022 14:33:52,1,1070,1080,3,2,940
17/10/2022 14:34:08,1,1070,1080,3,1,940
17/10/2022 14:34:24,1,1070,1080,3,1,940
17/10/2022 14:34:40,1,1080,1080,3,2,920
17/10/2022 14:34:56,1,1080,1080,3,2,920
17/10/2022 14:35:12,1,1080,1080,3,2,920
17/10/2022 14:35:28,1,1080,1080,3,1,2020
17/10/2022 14:35:44,1,1120,1080,3,1,2020
17/10/2022 14:36:00,1,1120,1080,3,1,2020
17/10/2022 14:36:16,1,1120,1080,3,1,2020
17/10/2022 14:36:32,1,1120,1080,3,1,2000
17/10/2022 14:36:48,1,1120,1080,3,1,2000
17/10/2022 14:37:04,1,1140,1080,3,1,2000
17/10/2022 14:37:20,1,-999,1080,3,1,2000
17/10/2022 14:37:36,1,-999,1080,3,1,2000
17/10/2022 14:37:52,1,-999,1080,3,1,2010
17/10/2022 14:38:08,1,-999,1080,3,1,2010
17/10/2022 14:38:24,1,1260,1080,3,0,-999
17/10/2022 14:38:40,1,1280,1080,3,0,-999
17/10/2022 14:38:56,1,1290,1080,3,0,-999
17/10/2022 14:39:12,1,1280,1080,3,0,-999
17/10/2022 14:39:28,1,1280,1080,3,0,-999
17/10/2022 14:39:44,1,1280,1080,3,0,-999
17/10/2022 14:40:00,1,1280,1080,3,0,-999
17/10/2022 14:40:16,1,1260,1080,3,0,-999
17/10/2022 14:40:32,1,1260,1080,3,0,-999
17/10/2022 14:40:48,1,1270,1080,3,0,-999
17/10/2022 14:41:04,1,1270,1080,3,0,-999
17/10/2022 14:41:20,1,1260,1080,3,0,-999
17/10/2022 14:41:36,1,1260,1080,3,0,-999
17/10/2022 14:41:52,1,780,1080,3,1,910
17/10/2022 14:42:08,1,780,1080,3,1,910
17/10/2022 14:42:24,1,780,1080,3,1,910
17/10/2022 14:42:40,1,780,1080,3,1,920
17/10/2022 14:42:56,1,780,1080,3,1,920
17/10/2022 14:43:12,1,780,1080,3,1,940
17/10/2022 14:43:28,1,1130,1080,3,1,940
17/10/2022 14:43:44,1,1070,1080,3,1,950
17/10/2022 14:44:00,1,1070,1080,3,1,950
17/10/2022 14:44:16,1,1070,1080,3,1,960
17/10/2022 14:44:32,1,1070,1080,3,1,960
17/10/2022 14:44:48,1,1070,1080,3,1,960
17/10/2022 14:45:04,1,1060,1080,3,1,950
17/10/2022 14:45:20,1,1060,1080,3,1,950
17/10/2022 14:45:36,1,1060,1080,3,1,950
17/10/2022 14:45:52,1,1060,1080,3,1,950
17/10/2022 14:46:08,1,1070,1080,3,1,1020
17/10/2022 14:46:24,1,1070,1080,3,1,1020
17/10/2022 14:46:40,1,1270,1080,3,0,-999
17/10/2022 14:46:56,1,1270,1080,3,0,-999
17/10/2022 14:47:12,1,1270,1080,3,0,-999
17/10/2022 14:47:28,1,1320,1080,3,0,-999
17/10/2022 14:47:44,1,1340,1080,3,0,-999
17/10/2022 14:48:00,1,1350,1080,3,0,-999
17/10/2022 14:48:16,1,1360,1080,3,0,-999
17/10/2022 14:48:32,1,1340,1080,3,0,-999
17/10/2022 14:48:48,1,1340,1080,3,0,-999
17/10/2022 14:49:04,1,1360,1080,3,0,-999
17/10/2022 14:49:20,1,1210,1080,3,0,-999
17/10/2022 14:49:36,1,1220,1080,3,0,-999
17/10/2022 14:49:52,1,1200,1080,3,1,900
17/10/2022 14:50:08,1,1200,1080,3,1,900
17/10/2022 14:50:24,1,1200,1080,3,1,860
17/10/2022 14:50:40,1,1200,1080,3,1,860
17/10/2022 14:50:56,1,1200,1080,3,1,880
17/10/2022 14:51:12,1,2200,1080,3,1,880
17/10/2022 14:51:28,1,-999,1080,3,1,890
17/10/2022 14:51:44,1,-999,1080,3,1,890
17/10/2022 14:52:00,1,1020,1080,3,1,890
17/10/2022 14:52:16,1,1020,1080,3,1,910
17/10/2022 14:52:32,1,1020,1080,3,1,910
17/10/2022 14:52:48,1,1020,1080,3,1,940
17/10/2022 14:53:04,1,1020,1080,3,1,940
17/10/2022 14:53:20,1,1020,1080,3,1,990
17/10/2022 14:53:36,1,1020,1080,3,1,990
17/10/2022 14:53:52,1,1230,1080,3,0,-999
17/10/2022 14:54:08,1,1250,1080,3,0,-999
17/10/2022 14:54:24,1,1260,1080,3,0,-999
17/10/2022 14:54:40,1,1050,1080,3,1,1240
17/10/2022 14:54:56,1,1050,1080,3,1,1240
17/10/2022 14:55:12,1,1340,1080,3,0,-999
17/10/2022 14:55:28,1,1370,1080,3,0,-999
17/10/2022 14:55:44,1,-999,1080,3,1,1230
17/10/2022 14:56:00,1,-999,1080,3,1,1230
17/10/2022 14:56:16,1,1490,1080,3,0,-999
17/10/2022 14:56:32,1,1530,1080,3,0,-999
17/10/2022 14:56:48,1,1540,1080,3,0,-999
17/10/2022 14:57:04,1,1370,1080,3,1,1190
17/10/2022 14:57:20,1,1350,1080,3,1,1190
17/10/2022 14:57:36,1,1350,1080,3,2,900
17/10/2022 14:57:52,1,1350,1080,3,2,900
17/10/2022 14:58:08,1,1350,1080,3,1,1240
17/10/2022 14:58:24,1,1350,1080,3,1,1240
17/10/2022 14:58:40,1,1360,1080,3,1,1060
17/10/2022 14:58:56,1,1360,1080,3,1,1060
17/10/2022 14:59:12,1,1360,1080,3,1,1060
17/10/2022 14:59:28,1,1330,1080,3,1,1010
17/10/2022 14:59:44,1,1360,1080,3,1,1010
17/10/2022 15:00:00,1,1360,1260,3,1,1210
17/10/2022 15:00:16,1,1360,1260,3,1,1210
17/10/2022 15:00:32,1,1360,1260,3,2,890
17/10/2022 15:00:48,1,1360,1260,3,2,890
17/10/2022 15:01:04,1,-999,1260,3,1,870
17/10/2022 15:01:20,1,-999,1260,3,1,870
17/10/2022 15:01:36,1,990,1260,3,1,870
17/10/2022 15:01:52,1,-999,1260,3,1,880
17/10/2022 15:02:08,1,990,1260,3,1,880
17/10/2022 15:02:24,1,990,1260,3,1,1020
17/10/2022 15:02:40,1,-999,1260,3,1,1020
17/10/2022 15:02:56,1,-999,1260,3,1,1070
17/10/2022 15:03:12,1,-999,1260,3,1,1070
17/10/2022 15:03:28,1,-999,1260,3,2,880
17/10/2022 15:03:44,1,-999,1260,3,2,880
17/10/2022 15:04:00,1,980,1260,3,2,880
17/10/2022 15:04:16,1,980,1260,3,1,890
17/10/2022 15:04:32,1,980,1260,3,1,890
17/10/2022 15:04:48,1,980,1260,3,1,900
17/10/2022 15:05:04,1,980,1260,3,1,900
17/10/2022 15:05:20,1,1010,1260,3,1,900
17/10/2022 15:05:36,1,-999,1260,3,1,900
17/10/2022 15:05:52,1,-999,1260,3,2,950
17/10/2022 15:06:08,1,-999,1260,3,2,950
17/10/2022 15:06:24,1,-999,1260,3,2,950
17/10/2022 15:06:40,1,-999,1260,3,2,930
17/10/2022 15:06:56,1,-999,1260,3,2,930
17/10/2022 15:07:12,1,-999,1260,3,1,900
17/10/2022 15:07:28,1,-999,1260,3,1,900
17/10/2022 15:07:44,1,1040,1260,3,1,910
17/10/2022 15:08:00,1,1040,1260,3,1,910
17/10/2022 15:08:16,1,1050,1260,3,1,940
17/10/2022 15:08:32,1,-999,1260,3,1,940
17/10/2022 15:08:48,1,-999,1260,3,1,940
17/10/2022 15:09:04,1,-999,1260,3,2,1030
17/10/2022 15:09:20,1,1160,1260,3,2,1030
17/10/2022 15:09:36,1,1160,1260,3,1,1690
17/10/2022 15:09:52,1,-999,1260,3,1,1690
17/10/2022 15:10:08,1,-999,1260,3,1,1720
17/10/2022 15:10:24,1,-999,1260,3,1,1720
17/10/2022 15:10:40,1,1160,1260,3,1,1690
17/10/2022 15:10:56,1,1160,1260,3,1,1690
17/10/2022 15:11:12,1,1230,1260,3,1,1690
17/10/2022 15:11:28,1,1230,1260,3,1,1680
17/10/2022 15:11:44,1,1230,1260,3,1,1680
17/10/2022 15:12:00,1,1230,1260,3,1,1630
17/10/2022 15:12:16,1,1230,1260,3,1,1630
17/10/2022 15:12:32,1,1230,1260,3,2,900
17/10/2022 15:12:48,1,1230,1260,3,2,900
17/10/2022 15:13:04,1,760,1260,3,1,1630
17/10/2022 15:13:20,1,770,1260,3,1,1630
17/10/2022 15:13:36,1,800,1260,3,1,1630
17/10/2022 15:13:52,1,800,1260,3,1,1610
17/10/2022 15:14:08,1,800,1260,3,1,1610
17/10/2022 15:14:24,1,800,1260,3,1,1650
17/10/2022 15:14:40,1,800,1260,3,1,1650
17/10/2022 15:14:56,1,1800,1260,3,1,1710
17/10/2022 15:15:12,1,1800,1260,3,1,1710
17/10/2022 15:15:28,1,1000,1260,3,2,940
17/10/2022 15:15:44,1,1010,1260,3,2,940
17/10/2022 15:16:00,1,1020,1260,3,2,940
17/10/2022 15:16:16,1,1020,1260,3,2,940
17/10/2022 15:16:32,1,1050,1260,3,2,940
17/10/2022 15:16:48,1,1050,1260,3,1,1770
17/10/2022 15:17:04,1,1050,1260,3,1,1770
17/10/2022 15:17:20,1,-999,1260,3,1,1780
17/10/2022 15:17:36,1,1070,1260,3,1,1780
17/10/2022 15:17:52,1,1050,1260,3,2,920
17/10/2022 15:18:08,1,1050,1260,3,2,920
17/10/2022 15:18:24,1,1050,1260,3,2,920
17/10/2022 15:18:40,1,1050,1260,3,1,910
17/10/2022 15:18:56,1,1050,1260,3,1,910
17/10/2022 15:19:12,1,1050,1260,3,1,930
17/10/2022 15:19:28,1,1050,1260,3,1,930
17/10/2022 15:19:44,1,1050,1260,3,1,1030
17/10/2022 15:20:00,1,1090,1260,3,1,1030
17/10/2022 15:20:16,1,1090,1260,3,2,1080
17/10/2022 15:20:32,1,1090,1260,3,2,1080
17/10/2022 15:20:48,1,-999,1260,3,2,1080
17/10/2022 15:21:04,1,-999,1260,3,2,1330
17/10/2022 15:21:20,1,-999,1260,3,2,1330
17/10/2022 15:21:36,1,-999,1260,3,1,1830
17/10/2022 15:21:52,1,-999,1260,3,1,1830
17/10/2022 15:22:08,1,-999,1260,3,2,970
17/10/2022 15:22:24,1,-999,1260,3,2,970
17/10/2022 15:22:40,1,-999,1260,3,1,1810
17/10/2022 15:22:56,1,-999,1260,3,1,1810
17/10/2022 15:23:12,1,1060,1260,3,1,1810
17/10/2022 15:23:28,1,1060,1260,3,2,930
17/10/2022 15:23:44,1,1060,1260,3,2,930
17/10/2022 15:24:00,1,1050,1260,3,1,930
17/10/2022 15:24:16,1,1050,1260,3,1,930
17/10/2022 15:24:32,1,1050,1260,3,1,940
17/10/2022 15:24:48,1,1050,1260,3,1,940
17/10/2022 15:25:04,1,1060,1260,3,1,1070
17/10/2022 15:25:20,1,1060,1260,3,1,1070
17/10/2022 15:25:36,1,1060,1260,3,1,1070
17/10/2022 15:25:52,1,1060,1260,3,2,910
17/10/2022 15:26:08,1,1060,1260,3,2,910
17/10/2022 15:26:24,1,1060,1260,3,1,910
17/10/2022 15:26:40,1,1040,1260,3,1,910
17/10/2022 15:26:56,1,1070,1260,3,1,920
17/10/2022 15:27:12,1,1070,1260,3,1,920
17/10/2022 15:27:28,1,1070,1260,3,1,930
17/10/2022 15:27:44,1,1070,1260,3,1,930
17/10/2022 15:28:00,1,1130,1260,3,1,930
17/10/2022 15:28:16,1,1130,1260,3,1,1080
17/10/2022 15:28:32,1,1130,1260,3,1,1080
17/10/2022 15:28:48,1,-999,1260,3,1,1230
17/10/2022 15:29:04,1,-999,1260,3,1,1230
17/10/2022 15:29:20,1,-999,1260,3,1,1360
17/10/2022 15:29:36,1,-999,1260,3,1,1360
17/10/2022 15:29:52,1,-999,1260,3,1,1410
17/10/2022 15:30:08,1,-999,1260,3,1,1410
17/10/2022 15:30:24,1,-999,1260,3,1,1410
17/10/2022 15:30:40,1,1540,1260,3,1,1370
17/10/2022 15:30:56,1,1540,1260,3,1,1370
17/10/2022 15:31:12,1,1540,1260,3,1,1380
17/10/2022 15:31:28,1,1540,1260,3,1,1380
17/10/2022 15:31:44,1,1540,1260,3,1,1500
17/10/2022 15:32:00,1,820,1260,3,1,1500
17/10/2022 15:32:16,1,1700,1260,3,0,-999
17/10/2022 15:32:32,1,1700,1260,3,0,-999
17/10/2022 15:32:48,1,1700,1260,3,0,-999
17/10/2022 15:33:04,1,820,1260,3,1,1860
17/10/2022 15:33:20,1,820,1260,3,1,1860
17/10/2022 15:33:36,1,820,1260,3,2,1160
17/10/2022 15:33:52,1,-999,1260,3,2,1160
17/10/2022 15:34:08,1,-999,1260,3,2,1020
17/10/2022 15:34:24,1,-999,1260,3,2,1020
17/10/2022 15:34:40,1,-999,1260,3,1,930
17/10/2022 15:34:56,1,-999,1260,3,1,930
17/10/2022 15:35:12,1,-999,1260,3,1,930
17/10/2022 15:35:28,1,1070,1260,3,1,920
17/10/2022 15:35:44,1,1070,1260,3,1,920
17/10/2022 15:36:00,1,1070,1260,3,1,940
17/10/2022 15:36:16,1,1070,1260,3,1,940
17/10/2022 15:36:32,1,1070,1260,3,2,920
17/10/2022 15:36:48,1,1070,1260,3,2,920
17/10/2022 15:37:04,1,1070,1260,3,2,990
17/10/2022 15:37:20,1,1070,1260,3,2,990
17/10/2022 15:37:36,1,1070,1260,3,2,990
17/10/2022 15:37:52,1,1070,1260,3,1,1230
17/10/2022 15:38:08,1,-999,1260,3,1,1230
17/10/2022 15:38:24,1,-999,1260,3,1,1250
17/10/2022 15:38:40,1,-999,1260,3,1,1250
17/10/2022 15:38:56,1,-999,1260,3,1,1280
17/10/2022 15:39:12,1,-999,1260,3,1,1280
17/10/2022 15:39:28,1,-999,1260,3,2,1050
17/10/2022 15:39:44,1,1480,1260,3,2,1050
17/10/2022 15:40:00,1,1480,1260,3,2,1050
17/10/2022 15:40:16,1,1480,1260,3,1,1420
17/10/2022 15:40:32,1,1500,1260,3,1,1420
17/10/2022 15:40:48,1,1490,1260,3,2,1490
17/10/2022 15:41:04,1,1490,1260,3,2,1490
17/10/2022 15:41:20,1,1490,1260,3,1,1200
17/10/2022 15:41:36,1,1500,1260,3,1,1200
17/10/2022 15:41:52,1,1980,1260,3,0,-999
17/10/2022 15:42:08,1,1750,1260,3,0,-999
17/10/2022 15:42:24,1,1760,1260,3,0,-999
17/10/2022 15:42:40,1,1500,1260,3,1,1200
17/10/2022 15:42:56,1,-999,1260,3,1,1200
17/10/2022 15:43:12,1,-999,1260,3,2,1340
17/10/2022 15:43:28,1,-999,1260,3,2,1340
17/10/2022 15:43:44,1,-999,1260,3,1,1900
17/10/2022 15:44:00,1,-999,1260,3,1,1900
17/10/2022 15:44:16,1,2050,1260,3,1,1870
17/10/2022 15:44:32,1,2050,1260,3,1,1870
17/10/2022 15:44:48,1,2050,1260,3,1,1870
17/10/2022 15:45:04,1,2050,1260,3,2,1410
17/10/2022 15:45:20,1,1470,1260,3,2,1410
17/10/2022 15:45:36,1,1460,1260,3,1,1870
17/10/2022 15:45:52,1,1460,1260,3,1,1870
17/10/2022 15:46:08,1,1460,1260,3,1,1830
17/10/2022 15:46:24,1,1460,1260,3,1,1830
17/10/2022 15:46:40,1,1460,1260,3,1,1820
17/10/2022 15:46:56,1,1460,1260,3,1,1820
17/10/2022 15:47:12,1,1470,1260,3,1,1820
17/10/2022 15:47:28,1,1470,1260,3,1,1840
17/10/2022 15:47:44,1,1470,1260,3,1,1840
17/10/2022 15:48:00,1,1460,1260,3,1,1870
17/10/2022 15:48:16,1,2020,1260,3,1,1870
17/10/2022 15:48:32,1,2020,1260,3,1,1860
17/10/2022 15:48:48,1,2020,1260,3,1,1860
17/10/2022 15:49:04,1,2020,1260,3,1,1850
17/10/2022 15:49:20,1,2020,1260,3,1,1850
17/10/2022 15:49:36,1,2020,1260,3,1,1850
17/10/2022 15:49:52,1,2010,1260,3,1,1840
17/10/2022 15:50:08,1,2010,1260,3,1,1840
17/10/2022 15:50:24,1,1970,1260,3,1,1830
17/10/2022 15:50:40,1,1970,1260,3,1,1830
17/10/2022 15:50:56,1,2010,1260,3,1,1830
17/10/2022 15:51:12,1,2010,1260,3,1,1830
17/10/2022 15:51:28,1,2010,1260,3,1,1850
17/10/2022 15:51:44,1,1970,1260,3,1,1850
17/10/2022 15:52:00,1,1970,1260,3,1,1850
17/10/2022 15:52:16,1,1960,1260,3,2,920
17/10/2022 15:52:32,1,1130,1260,3,2,920
17/10/2022 15:52:48,1,1130,1260,3,1,1830
17/10/2022 15:53:04,1,1130,1260,3,1,1830
17/10/2022 15:53:20,1,1130,1260,3,2,950
17/10/2022 15:53:36,1,1130,1260,3,2,950
17/10/2022 15:53:52,1,1130,1260,3,1,940
17/10/2022 15:54:08,1,1120,1260,3,1,940
17/10/2022 15:54:24,1,1100,1260,3,1,940
17/10/2022 15:54:40,1,1120,1260,3,1,960
17/10/2022 15:54:56,1,1120,1260,3,1,960
17/10/2022 15:55:12,1,1120,1260,3,2,1020
17/10/2022 15:55:28,1,1120,1260,3,2,1020
17/10/2022 15:55:44,1,1120,1260,3,2,1000
17/10/2022 15:56:00,1,1130,1260,3,2,1000
17/10/2022 15:56:16,1,1130,1260,3,2,940
17/10/2022 15:56:32,1,1160,1260,3,2,940
17/10/2022 15:56:48,1,1160,1260,3,2,940
17/10/2022 15:57:04,1,1160,1260,3,2,1010
17/10/2022 15:57:20,1,1160,1260,3,2,1010
17/10/2022 15:57:36,1,1160,1260,3,2,960
17/10/2022 15:57:52,1,1160,1260,3,2,960
17/10/2022 15:58:08,1,1160,1260,3,1,950
17/10/2022 15:58:24,1,1180,1260,3,1,950
17/10/2022 15:58:40,1,1160,1260,3,1,910
17/10/2022 15:58:56,1,1160,1260,3,1,910
17/10/2022 15:59:12,1,1160,1260,3,1,910
17/10/2022 15:59:28,1,1160,1260,3,1,920
17/10/2022 15:59:44,1,1160,1260,3,1,920
17/10/2022 16:00:00,-999,1160,-999,3,1,1020
17/10/2022 16:00:16,-999,1160,-999,3,1,1020
17/10/2022 16:00:32,-999,1140,-999,3,2,920
17/10/2022 16:00:48,-999,1060,-999,3,2,920
17/10/2022 16:01:04,-999,1060,-999,3,2,1260
17/10/2022 16:01:20,-999,-999,-999,3,2,1260
17/10/2022 16:01:36,-999,-999,-999,3,2,1260
17/10/2022 16:01:52,-999,-999,-999,3,2,1250
17/10/2022 16:02:08,-999,-999,-999,3,2,1250
17/10/2022 16:02:24,-999,-999,-999,3,2,1260
17/10/2022 16:02:40,-999,1380,-999,3,2,1260
17/10/2022 16:02:56,-999,1380,-999,3,1,2110
17/10/2022 16:03:12,-999,1380,-999,3,1,2110
17/10/2022 16:03:28,-999,1380,-999,3,2,1940
17/10/2022 16:03:44,-999,1380,-999,3,2,1940
17/10/2022 16:04:00,-999,1380,-999,3,2,1940
17/10/2022 16:04:16,-999,1380,-999,3,1,1940
17/10/2022 16:04:32,-999,1380,-999,3,1,1940
17/10/2022 16:04:48,-999,1380,-999,3,1,1930
17/10/2022 16:05:04,-999,1380,-999,3,1,1930
17/10/2022 16:05:20,-999,-999,-999,3,1,1960
17/10/2022 16:05:36,-999,2200,-999,3,1,1960
17/10/2022 16:05:52,-999,2200,-999,3,1,2130
17/10/2022 16:06:08,-999,1100,-999,3,1,2130
17/10/2022 16:06:24,-999,1100,-999,3,1,2130
17/10/2022 16:06:40,-999,1110,-999,3,2,1930
17/10/2022 16:06:56,-999,1110,-999,3,2,1930
17/10/2022 16:07:12,-999,1130,-999,3,2,1920
17/10/2022 16:07:28,-999,1110,-999,3,2,1920
17/10/2022 16:07:44,-999,1110,-999,3,1,2090
17/10/2022 16:08:00,-999,1110,-999,3,1,2090
17/10/2022 16:08:16,-999,1110,-999,3,2,1920
17/10/2022 16:08:32,-999,1110,-999,3,2,1920
17/10/2022 16:08:48,-999,2220,-999,3,2,1920
17/10/2022 16:09:04,-999,1040,-999,3,2,1840
17/10/2022 16:09:20,-999,1040,-999,3,2,1840
17/10/2022 16:09:36,-999,1040,-999,3,2,900
17/10/2022 16:09:52,-999,1040,-999,3,2,900
17/10/2022 16:10:08,-999,1040,-999,3,1,900
17/10/2022 16:10:24,-999,1040,-999,3,1,900
17/10/2022 16:10:40,-999,1040,-999,3,1,1050
17/10/2022 16:10:56,-999,1040,-999,3,1,1050
17/10/2022 16:11:12,-999,1040,-999,3,1,1050
17/10/2022 16:11:28,-999,1040,-999,3,2,1120
17/10/2022 16:11:44,-999,1040,-999,3,2,1120
17/10/2022 16:12:00,-999,1050,-999,3,2,1200
17/10/2022 16:12:16,-999,1050,-999,3,2,1200
17/10/2022 16:12:32,-999,1060,-999,3,2,900
17/10/2022 16:12:48,-999,1060,-999,3,2,900
17/10/2022 16:13:04,-999,1070,-999,3,1,920
17/10/2022 16:13:20,-999,1070,-999,3,1,920
17/10/2022 16:13:36,-999,1070,-999,3,1,920
17/10/2022 16:13:52,-999,1070,-999,3,1,930
17/10/2022 16:14:08,-999,1070,-999,3,1,930
17/10/2022 16:14:24,-999,-999,-999,3,1,1140
17/10/2022 16:14:40,-999,-999,-999,3,1,1140
17/10/2022 16:14:56,-999,-999,-999,3,1,1160
17/10/2022 16:15:12,-999,-999,-999,3,1,1160
17/10/2022 16:15:28,-999,-999,-999,3,1,1170
17/10/2022 16:15:44,-999,-999,-999,3,1,1170
17/10/2022 16:16:00,-999,-999,-999,3,1,1170
17/10/2022 16:16:16,-999,1590,-999,3,0,-999
17/10/2022 16:16:32,-999,1570,-999,3,0,-999
17/10/2022 16:16:48,-999,1520,-999,3,0,-999
17/10/2022 16:17:04,-999,1190,-999,3,0,-999
17/10/2022 16:17:20,-999,1170,-999,3,0,-999
17/10/2022 16:17:36,-999,1170,-999,3,0,-999
17/10/2022 16:17:52,-999,1250,-999,3,1,2630
17/10/2022 16:18:08,-999,1250,-999,3,1,2630
17/10/2022 16:18:24,-999,2240,-999,3,1,2630
17/10/2022 16:18:40,-999,2240,-999,3,1,2640
17/10/2022 16:18:56,-999,2240,-999,3,1,2640
17/10/2022 16:19:12,-999,2210,-999,3,1,2640
17/10/2022 16:19:28,-999,1050,-999,3,1,2640
17/10/2022 16:19:44,-999,1050,-999,3,1,2640
17/10/2022 16:20:00,-999,1050,-999,3,1,2640
17/10/2022 16:20:16,-999,1080,-999,3,0,-999
17/10/2022 16:20:32,-999,1080,-999,3,0,-999
17/10/2022 16:20:48,-999,1220,-999,3,0,-999
17/10/2022 16:21:04,-999,1240,-999,3,0,-999
17/10/2022 16:21:20,-999,1160,-999,3,0,-999
17/10/2022 16:21:36,-999,1300,-999,3,0,-999
17/10/2022 16:21:52,-999,1530,-999,3,0,-999
17/10/2022 16:22:08,-999,1530,-999,3,0,-999
17/10/2022 16:22:24,-999,1310,-999,3,0,-999
17/10/2022 16:22:40,-999,1310,-999,3,0,-999
17/10/2022 16:22:56,-999,1500,-999,3,0,-999
17/10/2022 16:23:12,-999,1460,-999,3,0,-999
17/10/2022 16:23:28,-999,1470,-999,3,0,-999
17/10/2022 16:23:44,-999,1480,-999,3,0,-999
17/10/2022 16:24:00,-999,1490,-999,3,0,-999
17/10/2022 16:24:16,-999,1500,-999,3,0,-999
17/10/2022 16:24:32,-999,1510,-999,3,0,-999
17/10/2022 16:24:48,-999,1510,-999,3,0,-999
17/10/2022 16:25:04,-999,2280,-999,3,1,1120
17/10/2022 16:25:20,-999,1330,-999,3,1,1120
17/10/2022 16:25:36,-999,900,-999,3,1,1120
17/10/2022 16:25:52,-999,900,-999,3,2,900
17/10/2022 16:26:08,-999,900,-999,3,2,900
17/10/2022 16:26:24,-999,910,-999,3,1,870
17/10/2022 16:26:40,-999,910,-999,3,1,870
17/10/2022 16:26:56,-999,910,-999,3,1,880
17/10/2022 16:27:12,-999,910,-999,3,1,880
17/10/2022 16:27:28,-999,910,-999,3,1,910
17/10/2022 16:27:44,-999,920,-999,3,1,910
17/10/2022 16:28:00,-999,-999,-999,3,1,910
17/10/2022 16:28:16,-999,-999,-999,3,1,910
17/10/2022 16:28:32,-999,-999,-999,3,1,910
17/10/2022 16:28:48,-999,-999,-999,3,1,1060
17/10/2022 16:29:04,-999,-999,-999,3,1,1060
17/10/2022 16:29:20,-999,-999,-999,3,2,890
17/10/2022 16:29:36,-999,-999,-999,3,2,890
17/10/2022 16:29:52,-999,1050,-999,3,2,910
17/10/2022 16:30:08,-999,1050,-999,3,2,910
17/10/2022 16:30:24,-999,1050,-999,3,2,910
17/10/2022 16:30:40,-999,-999,-999,3,1,1270
17/10/2022 16:30:56,-999,-999,-999,3,1,1270
17/10/2022 16:31:12,-999,-999,-999,3,1,1340
17/10/2022 16:31:28,-999,-999,-999,3,1,1340
17/10/2022 16:31:44,-999,-999,-999,3,1,1350
17/10/2022 16:32:00,-999,-999,-999,3,1,1350
17/10/2022 16:32:16,-999,-999,-999,3,1,1370
17/10/2022 16:32:32,-999,-999,-999,3,1,1370
17/10/2022 16:32:48,-999,950,-999,3,1,1370
17/10/2022 16:33:04,-999,960,-999,3,2,850
17/10/2022 16:33:20,-999,960,-999,3,2,850
17/10/2022 16:33:36,-999,960,-999,3,2,850
17/10/2022 16:33:52,-999,960,-999,3,2,850
17/10/2022 16:34:08,-999,960,-999,3,1,900
17/10/2022 16:34:24,-999,1020,-999,3,1,900
17/10/2022 16:34:40,-999,960,-999,3,1,880
17/10/2022 16:34:56,-999,960,-999,3,1,880
17/10/2022 16:35:12,-999,960,-999,3,1,880
17/10/2022 16:35:28,-999,1480,-999,3,0,-999
17/10/2022 16:35:44,-999,1560,-999,3,0,-999
17/10/2022 16:36:00,-999,1470,-999,3,0,-999
17/10/2022 16:36:16,-999,1540,-999,3,0,-999
17/10/2022 16:36:32,-999,1460,-999,3,0,-999
17/10/2022 16:36:48,-999,1440,-999,3,0,-999
17/10/2022 16:37:04,-999,1440,-999,3,0,-999
17/10/2022 16:37:20,-999,1440,-999,3,0,-999
17/10/2022 16:37:36,-999,1450,-999,3,0,-999
17/10/2022 16:37:52,-999,1550,-999,3,1,880
17/10/2022 16:38:08,-999,1550,-999,3,1,880
17/10/2022 16:38:24,-999,900,-999,3,1,890
17/10/2022 16:38:40,-999,1490,-999,3,1,890
17/10/2022 16:38:56,-999,1490,-999,3,1,1020
17/10/2022 16:39:12,-999,1490,-999,3,1,1020
17/10/2022 16:39:28,-999,1490,-999,3,2,870
17/10/2022 16:39:44,-999,1490,-999,3,2,870
17/10/2022 16:40:00,-999,970,-999,3,2,870
17/10/2022 16:40:16,-999,970,-999,3,1,2600
17/10/2022 16:40:32,-999,970,-999,3,1,2600
17/10/2022 16:40:48,-999,970,-999,3,1,2610
17/10/2022 16:41:04,-999,990,-999,3,1,2610
17/10/2022 16:41:20,-999,990,-999,3,2,850
17/10/2022 16:41:36,-999,1020,-999,3,2,850
17/10/2022 16:41:52,-999,1020,-999,3,2,900
17/10/2022 16:42:08,-999,1030,-999,3,2,900
17/10/2022 16:42:24,-999,1030,-999,3,2,900
17/10/2022 16:42:40,-999,1030,-999,3,1,930
17/10/2022 16:42:56,-999,1030,-999,3,1,930
17/10/2022 16:43:12,-999,1030,-999,3,1,920
17/10/2022 16:43:28,-999,1030,-999,3,1,920
17/10/2022 16:43:44,-999,1030,-999,3,1,960
17/10/2022 16:44:00,-999,1040,-999,3,1,960
17/10/2022 16:44:16,-999,1040,-999,3,1,920
17/10/2022 16:44:32,-999,1050,-999,3,1,920
17/10/2022 16:44:48,-999,1050,-999,3,1,920
17/10/2022 16:45:04,-999,1050,-999,3,1,910
17/10/2022 16:45:20,-999,1050,-999,3,1,910
17/10/2022 16:45:36,-999,1050,-999,3,1,960
17/10/2022 16:45:52,-999,1070,-999,3,1,960
17/10/2022 16:46:08,-999,1070,-999,3,2,980
17/10/2022 16:46:24,-999,1070,-999,3,2,980
17/10/2022 16:46:40,-999,1070,-999,3,2,890
17/10/2022 16:46:56,-999,1070,-999,3,2,890
17/10/2022 16:47:12,-999,1070,-999,3,2,890
17/10/2022 16:47:28,-999,1070,-999,3,2,890
17/10/2022 16:47:44,-999,1070,-999,3,2,890
17/10/2022 16:48:00,-999,1060,-999,3,1,890
17/10/2022 16:48:16,-999,1060,-999,3,1,890
17/10/2022 16:48:32,-999,1060,-999,3,1,900
17/10/2022 16:48:48,-999,1060,-999,3,1,900
17/10/2022 16:49:04,-999,1060,-999,3,1,900
17/10/2022 16:49:20,-999,1060,-999,3,1,900
17/10/2022 16:49:36,-999,1060,-999,3,1,900
17/10/2022 16:49:52,-999,1060,-999,3,1,930
17/10/2022 16:50:08,-999,1060,-999,3,1,930
17/10/2022 16:50:24,-999,1060,-999,3,1,1010
17/10/2022 16:50:40,-999,1060,-999,3,1,1010
17/10/2022 16:50:56,-999,1060,-999,3,1,970
17/10/2022 16:51:12,-999,1060,-999,3,1,970
17/10/2022 16:51:28,-999,1060,-999,3,1,960
17/10/2022 16:51:44,-999,1670,-999,3,1,960
17/10/2022 16:52:00,-999,1670,-999,3,1,960
17/10/2022 16:52:16,-999,1670,-999,3,1,860
17/10/2022 16:52:32,-999,1670,-999,3,1,860
17/10/2022 16:52:48,-999,1130,-999,3,1,860
17/10/2022 16:53:04,-999,1670,-999,3,1,860
17/10/2022 16:53:20,-999,1130,-999,3,1,910
17/10/2022 16:53:36,-999,1130,-999,3,1,910
17/10/2022 16:53:52,-999,1130,-999,3,1,940
17/10/2022 16:54:08,-999,1130,-999,3,1,940
17/10/2022 16:54:24,-999,1130,-999,3,1,940
17/10/2022 16:54:40,-999,1130,-999,3,1,1000
17/10/2022 16:54:56,-999,1130,-999,3,1,1000
17/10/2022 16:55:12,-999,1130,-999,3,1,1060
17/10/2022 16:55:28,-999,1130,-999,3,1,1060
17/10/2022 16:55:44,-999,1130,-999,3,1,1070
17/10/2022 16:56:00,-999,1130,-999,3,1,1070
17/10/2022 16:56:16,-999,1130,-999,3,1,1070
17/10/2022 16:56:32,-999,1150,-999,3,1,1070
17/10/2022 16:56:48,-999,1150,-999,3,1,1070
17/10/2022 16:57:04,-999,1210,-999,3,0,-999
17/10/2022 16:57:20,-999,1210,-999,3,0,-999
17/10/2022 16:57:36,-999,1160,-999,3,1,860
17/10/2022 16:57:52,-999,1170,-999,3,1,860
17/10/2022 16:58:08,-999,1170,-999,3,1,860
17/10/2022 16:58:24,-999,1170,-999,3,1,860
17/10/2022 16:58:40,-999,1170,-999,3,1,960
17/10/2022 16:58:56,-999,1170,-999,3,1,960
17/10/2022 16:59:12,-999,1150,-999,3,1,960
17/10/2022 16:59:28,-999,1150,-999,3,0,-999
17/10/2022 16:59:44,-999,1140,-999,3,0,-999
17/10/2022 17:00:00,1,1170,1060,3,0,-999
17/10/2022 17:00:16,1,1180,1060,3,0,-999
17/10/2022 17:00:32,1,1130,1060,3,1,2660
17/10/2022 17:00:48,1,1130,1060,3,1,2660
17/10/2022 17:01:04,1,1130,1060,3,1,2670
17/10/2022 17:01:20,1,1130,1060,3,1,2670
17/10/2022 17:01:36,1,1130,1060,3,1,2670
17/10/2022 17:01:52,1,1130,1060,3,1,2680
17/10/2022 17:02:08,1,1130,1060,3,1,2680
17/10/2022 17:02:24,1,1110,1060,3,0,-999
17/10/2022 17:02:40,1,1110,1060,3,0,-999
17/10/2022 17:02:56,1,1130,1060,3,1,2610
17/10/2022 17:03:12,1,1130,1060,3,1,2610
17/10/2022 17:03:28,1,1110,1060,3,1,2650
17/10/2022 17:03:44,1,1090,1060,3,1,2650
17/10/2022 17:04:00,1,1080,1060,3,1,2650
17/10/2022 17:04:16,1,1080,1060,3,2,880
17/10/2022 17:04:32,1,1080,1060,3,2,880
17/10/2022 17:04:48,1,1060,1060,3,2,880
17/10/2022 17:05:04,1,1040,1060,3,2,880
17/10/2022 17:05:20,1,1020,1060,3,2,880
17/10/2022 17:05:36,1,1020,1060,3,2,880
17/10/2022 17:05:52,1,1020,1060,3,1,900
17/10/2022 17:06:08,1,1020,1060,3,1,900
17/10/2022 17:06:24,1,1020,1060,3,1,900
17/10/2022 17:06:40,1,1020,1060,3,1,920
17/10/2022 17:06:56,1,1020,1060,3,1,920
17/10/2022 17:07:12,1,1020,1060,3,2,970
17/10/2022 17:07:28,1,1020,1060,3,2,970
17/10/2022 17:07:44,1,1020,1060,3,1,950
17/10/2022 17:08:00,1,1020,1060,3,1,950
17/10/2022 17:08:16,1,1020,1060,3,1,890
17/10/2022 17:08:32,1,1020,1060,3,1,890
17/10/2022 17:08:48,1,1020,1060,3,1,890
17/10/2022 17:09:04,1,1020,1060,3,1,900
17/10/2022 17:09:20,1,1040,1060,3,1,900
17/10/2022 17:09:36,1,1040,1060,3,1,940
17/10/2022 17:09:52,1,1050,1060,3,1,940
17/10/2022 17:10:08,1,1050,1060,3,1,870
17/10/2022 17:10:24,1,1050,1060,3,1,870
17/10/2022 17:10:40,1,1040,1060,3,1,2680
17/10/2022 17:10:56,1,1040,1060,3,1,2680
17/10/2022 17:11:12,1,1020,1060,3,1,2680
17/10/2022 17:11:28,1,1020,1060,3,1,2690
17/10/2022 17:11:44,1,1020,1060,3,1,2690
17/10/2022 17:12:00,1,1020,1060,3,1,2690
17/10/2022 17:12:16,1,1020,1060,3,1,2690
17/10/2022 17:12:32,1,1020,1060,3,1,2680
17/10/2022 17:12:48,1,1020,1060,3,1,2680
17/10/2022 17:13:04,1,1010,1060,3,2,870
17/10/2022 17:13:20,1,1010,1060,3,2,870
17/10/2022 17:13:36,1,1010,1060,3,2,870
17/10/2022 17:13:52,1,1000,1060,3,1,2700
17/10/2022 17:14:08,1,1000,1060,3,1,2700
17/10/2022 17:14:24,1,1000,1060,3,2,890
17/10/2022 17:14:40,1,1000,1060,3,2,890
17/10/2022 17:14:56,1,1000,1060,3,1,890
17/10/2022 17:15:12,1,1000,1060,3,1,890
17/10/2022 17:15:28,1,1000,1060,3,1,920
17/10/2022 17:15:44,1,1000,1060,3,1,920
17/10/2022 17:16:00,1,1000,1060,3,1,920
17/10/2022 17:16:16,1,1230,1060,3,0,-999
17/10/2022 17:16:32,1,1220,1060,3,0,-999
17/10/2022 17:16:48,1,1000,1060,3,1,890
17/10/2022 17:17:04,1,1000,1060,3,1,890
17/10/2022 17:17:20,1,1220,1060,3,0,-999
17/10/2022 17:17:36,1,1210,1060,3,0,-999
17/10/2022 17:17:52,1,1010,1060,3,1,880
17/10/2022 17:18:08,1,1010,1060,3,1,880
17/10/2022 17:18:24,1,1010,1060,3,1,880
17/10/2022 17:18:40,1,1010,1060,3,1,890
17/10/2022 17:18:56,1,1010,1060,3,1,890
17/10/2022 17:19:12,1,1010,1060,3,1,940
17/10/2022 17:19:28,1,1010,1060,3,1,940
17/10/2022 17:19:44,1,1270,1060,3,0,-999
17/10/2022 17:20:00,1,1290,1060,3,0,-999
17/10/2022 17:20:16,1,1330,1060,3,0,-999
17/10/2022 17:20:32,1,1340,1060,3,0,-999
17/10/2022 17:20:48,1,1360,1060,3,0,-999
17/10/2022 17:21:04,1,1360,1060,3,0,-999
17/10/2022 17:21:20,1,1370,1060,3,0,-999
17/10/2022 17:21:36,1,1010,1060,3,1,910
17/10/2022 17:21:52,1,1010,1060,3,1,910
17/10/2022 17:22:08,1,1020,1060,3,1,910
17/10/2022 17:22:24,1,1020,1060,3,1,910
17/10/2022 17:22:40,1,1020,1060,3,1,900
17/10/2022 17:22:56,1,1020,1060,3,1,900
17/10/2022 17:23:12,1,1020,1060,3,1,900
17/10/2022 17:23:28,1,1020,1060,3,1,2680
17/10/2022 17:23:44,1,990,1060,3,1,2680
17/10/2022 17:24:00,1,990,1060,3,1,2670
17/10/2022 17:24:16,1,990,1060,3,1,2670
17/10/2022 17:24:32,1,990,1060,3,1,2670
17/10/2022 17:24:48,1,990,1060,3,1,2670
17/10/2022 17:25:04,1,990,1060,3,1,2660
17/10/2022 17:25:20,1,990,1060,3,1,2660
17/10/2022 17:25:36,1,990,1060,3,1,2660
17/10/2022 17:25:52,1,1000,1060,3,1,2650
17/10/2022 17:26:08,1,1000,1060,3,1,2650
17/10/2022 17:26:24,1,1000,1060,3,1,2670
17/10/2022 17:26:40,1,1010,1060,3,1,2670
17/10/2022 17:26:56,1,1440,1060,3,0,-999
17/10/2022 17:27:12,1,1440,1060,3,0,-999
17/10/2022 17:27:28,1,1440,1060,3,0,-999
17/10/2022 17:27:44,1,1440,1060,3,0,-999
17/10/2022 17:28:00,1,1440,1060,3,0,-999
17/10/2022 17:28:16,1,1440,1060,3,0,-999
17/10/2022 17:28:32,1,1440,1060,3,0,-999
17/10/2022 17:28:48,1,1440,1060,3,0,-999
17/10/2022 17:29:04,1,1440,1060,3,0,-999
17/10/2022 17:29:20,1,1440,1060,3,0,-999
17/10/2022 17:29:36,1,1440,1060,3,0,-999
17/10/2022 17:29:52,1,1450,1060,3,0,-999
17/10/2022 17:30:08,1,1450,1060,3,0,-999
17/10/2022 17:30:24,1,1450,1060,3,0,-999
17/10/2022 17:30:40,1,1010,1060,3,1,880
17/10/2022 17:30:56,1,1010,1060,3,1,880
17/10/2022 17:31:12,1,1010,1060,3,1,930
17/10/2022 17:31:28,1,1010,1060,3,1,930
17/10/2022 17:31:44,1,1000,1060,3,1,880
17/10/2022 17:32:00,1,1000,1060,3,1,880
17/10/2022 17:32:16,1,1410,1060,3,0,-999
17/10/2022 17:32:32,1,1410,1060,3,0,-999
17/10/2022 17:32:48,1,1420,1060,3,0,-999
17/10/2022 17:33:04,1,960,1060,3,1,900
17/10/2022 17:33:20,1,1000,1060,3,1,900
17/10/2022 17:33:36,1,1000,1060,3,1,910
17/10/2022 17:33:52,1,1010,1060,3,1,910
17/10/2022 17:34:08,1,1010,1060,3,1,940
17/10/2022 17:34:24,1,1020,1060,3,1,940
17/10/2022 17:34:40,1,1020,1060,3,1,970
17/10/2022 17:34:56,1,1040,1060,3,1,970
17/10/2022 17:35:12,1,1040,1060,3,1,970
17/10/2022 17:35:28,1,1340,1060,3,0,-999
17/10/2022 17:35:44,1,1340,1060,3,0,-999
17/10/2022 17:36:00,1,1340,1060,3,0,-999
17/10/2022 17:36:16,1,1350,1060,3,0,-999
17/10/2022 17:36:32,1,1330,1060,3,0,-999
17/10/2022 17:36:48,1,1330,1060,3,0,-999
17/10/2022 17:37:04,1,1340,1060,3,0,-999
17/10/2022 17:37:20,1,1340,1060,3,0,-999
17/10/2022 17:37:36,1,1340,1060,3,0,-999
17/10/2022 17:37:52,1,1350,1060,3,0,-999
17/10/2022 17:38:08,1,1340,1060,3,0,-999
17/10/2022 17:38:24,1,1340,1060,3,0,-999
17/10/2022 17:38:40,1,1350,1060,3,0,-999
17/10/2022 17:38:56,1,1350,1060,3,0,-999
17/10/2022 17:39:12,1,1350,1060,3,0,-999
17/10/2022 17:39:28,1,1350,1060,3,0,-999
17/10/2022 17:39:44,1,1350,1060,3,0,-999
17/10/2022 17:40:00,1,1350,1060,3,0,-999
17/10/2022 17:40:16,1,1350,1060,3,0,-999
17/10/2022 17:40:32,1,1350,1060,3,0,-999
17/10/2022 17:40:48,1,1350,1060,3,0,-999
17/10/2022 17:41:04,1,1350,1060,3,0,-999
17/10/2022 17:41:20,1,1350,1060,3,0,-999
17/10/2022 17:41:36,1,1360,1060,3,0,-999
17/10/2022 17:41:52,1,1030,1060,3,1,910
17/10/2022 17:42:08,1,1030,1060,3,1,910
17/10/2022 17:42:24,1,1030,1060,3,1,910
17/10/2022 17:42:40,1,1030,1060,3,1,900
17/10/2022 17:42:56,1,1030,1060,3,1,900
17/10/2022 17:43:12,1,1030,1060,3,1,910
17/10/2022 17:43:28,1,1040,1060,3,1,910
17/10/2022 17:43:44,1,1050,1060,3,1,920
17/10/2022 17:44:00,1,1050,1060,3,1,920
17/10/2022 17:44:16,1,1050,1060,3,1,910
17/10/2022 17:44:32,1,1070,1060,3,1,910
17/10/2022 17:44:48,1,1070,1060,3,1,910
17/10/2022 17:45:04,1,1070,1060,3,1,910
17/10/2022 17:45:20,1,1070,1060,3,1,910
17/10/2022 17:45:36,1,1080,1060,3,1,930
17/10/2022 17:45:52,1,1080,1060,3,1,930
17/10/2022 17:46:08,1,1080,1060,3,1,970
17/10/2022 17:46:24,1,1090,1060,3,1,970
17/10/2022 17:46:40,1,1220,1060,3,0,-999
17/10/2022 17:46:56,1,1230,1060,3,0,-999
17/10/2022 17:47:12,1,1240,1060,3,0,-999
17/10/2022 17:47:28,1,1080,1060,3,1,870
17/10/2022 17:47:44,1,1080,1060,3,1,870
17/10/2022 17:48:00,1,1250,1060,3,0,-999
17/10/2022 17:48:16,1,1260,1060,3,0,-999
17/10/2022 17:48:32,1,1290,1060,3,0,-999
17/10/2022 17:48:48,1,1290,1060,3,0,-999
17/10/2022 17:49:04,1,1030,1060,3,1,890
17/10/2022 17:49:20,1,1030,1060,3,1,890
17/10/2022 17:49:36,1,1030,1060,3,1,890
17/10/2022 17:49:52,1,1030,1060,3,1,910
17/10/2022 17:50:08,1,1030,1060,3,1,910
17/10/2022 17:50:24,1,1030,1060,3,1,910
17/10/2022 17:50:40,1,1030,1060,3,1,910
17/10/2022 17:50:56,1,1030,1060,3,1,940
17/10/2022 17:51:12,1,1040,1060,3,1,940
17/10/2022 17:51:28,1,1040,1060,3,1,950
17/10/2022 17:51:44,1,1040,1060,3,1,950
17/10/2022 17:52:00,1,1030,1060,3,1,950
17/10/2022 17:52:16,1,1030,1060,3,1,890
17/10/2022 17:52:32,1,1030,1060,3,1,890
17/10/2022 17:52:48,1,1030,1060,3,1,910
17/10/2022 17:53:04,1,1040,1060,3,1,910
17/10/2022 17:53:20,1,1040,1060,3,1,900
17/10/2022 17:53:36,1,1050,1060,3,1,900
17/10/2022 17:53:52,1,1050,1060,3,1,900
17/10/2022 17:54:08,1,1050,1060,3,1,900
17/10/2022 17:54:24,1,1050,1060,3,1,900
17/10/2022 17:54:40,1,1050,1060,3,1,1020
17/10/2022 17:54:56,1,1050,1060,3,1,1020
17/10/2022 17:55:12,1,1080,1060,3,1,1050
17/10/2022 17:55:28,1,1080,1060,3,1,1050
17/10/2022 17:55:44,1,1080,1060,3,1,880
17/10/2022 17:56:00,1,1080,1060,3,1,880
17/10/2022 17:56:16,1,1080,1060,3,1,900
17/10/2022 17:56:32,1,1080,1060,3,1,900
17/10/2022 17:56:48,1,1080,1060,3,1,900
17/10/2022 17:57:04,1,1090,1060,3,1,890
17/10/2022 17:57:20,1,1090,1060,3,1,890
17/10/2022 17:57:36,1,1090,1060,3,1,890
17/10/2022 17:57:52,1,1090,1060,3,1,890
17/10/2022 17:58:08,1,1090,1060,3,1,920
17/10/2022 17:58:24,1,1090,1060,3,1,920
17/10/2022 17:58:40,1,1060,1060,3,1,890
17/10/2022 17:58:56,1,1060,1060,3,1,890
17/10/2022 17:59:12,1,1060,1060,3,1,890
17/10/2022 17:59:28,1,1060,1060,3,1,920
17/10/2022 17:59:44,1,1060,1060,3,1,920
17/10/2022 18:00:00,1,1060,1030,3,1,970
17/10/2022 18:00:16,1,1060,1030,3,1,970
17/10/2022 18:00:32,1,1060,1030,3,1,890
17/10/2022 18:00:48,1,1090,1030,3,1,890
17/10/2022 18:01:04,1,1070,1030,3,1,870
17/10/2022 18:01:20,1,1070,1030,3,1,870
17/10/2022 18:01:36,1,1070,1030,3,1,870
17/10/2022 18:01:52,1,1070,1030,3,1,880
17/10/2022 18:02:08,1,1070,1030,3,1,880
17/10/2022 18:02:24,1,1070,1030,3,1,910
17/10/2022 18:02:40,1,1080,1030,3,1,910
17/10/2022 18:02:56,1,1080,1030,3,1,880
17/10/2022 18:03:12,1,1080,1030,3,1,880
17/10/2022 18:03:28,1,1070,1030,3,1,880
17/10/2022 18:03:44,1,1070,1030,3,1,880
17/10/2022 18:04:00,1,1070,1030,3,1,880
17/10/2022 18:04:16,1,1070,1030,3,1,880
17/10/2022 18:04:32,1,1070,1030,3,1,880
17/10/2022 18:04:48,1,1070,1030,3,1,890
17/10/2022 18:05:04,1,1070,1030,3,1,890
17/10/2022 18:05:20,1,1070,1030,3,1,890
17/10/2022 18:05:36,1,1070,1030,3,1,890
17/10/2022 18:05:52,1,1070,1030,3,1,890
17/10/2022 18:06:08,1,1070,1030,3,1,890
17/10/2022 18:06:24,1,1070,1030,3,1,890
17/10/2022 18:06:40,1,1050,1030,3,1,880
17/10/2022 18:06:56,1,1050,1030,3,1,880
17/10/2022 18:07:12,1,1070,1030,3,1,880
17/10/2022 18:07:28,1,1070,1030,3,1,880
17/10/2022 18:07:44,1,1070,1030,3,2,880
17/10/2022 18:08:00,1,1070,1030,3,2,880
17/10/2022 18:08:16,1,1070,1030,3,2,880
17/10/2022 18:08:32,1,1070,1030,3,2,880
17/10/2022 18:08:48,1,1070,1030,3,2,880
17/10/2022 18:09:04,1,1020,1030,3,1,860
17/10/2022 18:09:20,1,1020,1030,3,1,860
17/10/2022 18:09:36,1,1020,1030,3,1,930
17/10/2022 18:09:52,1,1020,1030,3,1,930
17/10/2022 18:10:08,1,1000,1030,3,1,1020
17/10/2022 18:10:24,1,1000,1030,3,1,1020
17/10/2022 18:10:40,1,1000,1030,3,2,860
17/10/2022 18:10:56,1,1000,1030,3,2,860
17/10/2022 18:11:12,1,1000,1030,3,2,860
17/10/2022 18:11:28,1,1000,1030,3,1,870
17/10/2022 18:11:44,1,1000,1030,3,1,870
17/10/2022 18:12:00,1,1000,1030,3,1,1060
17/10/2022 18:12:16,1,1000,1030,3,1,1060
17/10/2022 18:12:32,1,1000,1030,3,1,910
17/10/2022 18:12:48,1,1040,1030,3,1,910
17/10/2022 18:13:04,1,1060,1030,3,2,830
17/10/2022 18:13:20,1,1060,1030,3,2,830
17/10/2022 18:13:36,1,1060,1030,3,2,830
17/10/2022 18:13:52,1,1060,1030,3,2,850
17/10/2022 18:14:08,1,1050,1030,3,2,850
17/10/2022 18:14:24,1,1050,1030,3,1,910
17/10/2022 18:14:40,1,1060,1030,3,1,910
17/10/2022 18:14:56,1,1060,1030,3,1,860
17/10/2022 18:15:12,1,1060,1030,3,1,860
17/10/2022 18:15:28,1,1060,1030,3,1,930
17/10/2022 18:15:44,1,1060,1030,3,1,930
17/10/2022 18:16:00,1,1060,1030,3,1,930
17/10/2022 18:16:16,1,1060,1030,3,1,1080
17/10/2022 18:16:32,1,1060,1030,3,1,1080
17/10/2022 18:16:48,1,1060,1030,3,1,1000
17/10/2022 18:17:04,1,1070,1030,3,1,1000
17/10/2022 18:17:20,1,1140,1030,3,1,1070
17/10/2022 18:17:36,1,1140,1030,3,1,1070
17/10/2022 18:17:52,1,1140,1030,3,1,1090
17/10/2022 18:18:08,1,1160,1030,3,1,1090
17/10/2022 18:18:24,1,1160,1030,3,1,1090
17/10/2022 18:18:40,1,1180,1030,3,2,1120
17/10/2022 18:18:56,1,1180,1030,3,2,1120
17/10/2022 18:19:12,1,1180,1030,3,1,1340
17/10/2022 18:19:28,1,1180,1030,3,1,1340
17/10/2022 18:19:44,1,1320,1030,3,0,-999
17/10/2022 18:20:00,1,1320,1030,3,0,-999
17/10/2022 18:20:16,1,1230,1030,3,0,-999
17/10/2022 18:20:32,1,1230,1030,3,0,-999
17/10/2022 18:20:48,1,1230,1030,3,0,-999
17/10/2022 18:21:04,1,1250,1030,3,0,-999
17/10/2022 18:21:20,1,1250,1030,3,0,-999
17/10/2022 18:21:36,1,1270,1030,3,0,-999
17/10/2022 18:21:52,1,1280,1030,3,0,-999
17/10/2022 18:22:08,1,1290,1030,3,0,-999
17/10/2022 18:22:24,1,1220,1030,3,0,-999
17/10/2022 18:22:40,1,1230,1030,3,0,-999
17/10/2022 18:22:56,1,1240,1030,3,0,-999
17/10/2022 18:23:12,1,1240,1030,3,0,-999
17/10/2022 18:23:28,1,1250,1030,3,0,-999
17/10/2022 18:23:44,1,1250,1030,3,0,-999
17/10/2022 18:24:00,1,1260,1030,3,0,-999
17/10/2022 18:24:16,1,1280,1030,3,0,-999
17/10/2022 18:24:32,1,1310,1030,3,0,-999
17/10/2022 18:24:48,1,1340,1030,3,0,-999
17/10/2022 18:25:04,1,1350,1030,3,0,-999
17/10/2022 18:25:20,1,1360,1030,3,0,-999
17/10/2022 18:25:36,1,1370,1030,3,0,-999
17/10/2022 18:25:52,1,1380,1030,3,0,-999
17/10/2022 18:26:08,1,1380,1030,3,0,-999
17/10/2022 18:26:24,1,740,1030,3,1,930
17/10/2022 18:26:40,1,740,1030,3,1,930
17/10/2022 18:26:56,1,740,1030,3,1,990
17/10/2022 18:27:12,1,730,1030,3,1,990
17/10/2022 18:27:28,1,1340,1030,3,0,-999
17/10/2022 18:27:44,1,1340,1030,3,0,-999
17/10/2022 18:28:00,1,1340,1030,3,0,-999
17/10/2022 18:28:16,1,740,1030,3,1,790
17/10/2022 18:28:32,1,1410,1030,3,1,790
17/10/2022 18:28:48,1,1410,1030,3,1,790
17/10/2022 18:29:04,1,1420,1030,3,1,790
17/10/2022 18:29:20,1,1450,1030,3,1,790
17/10/2022 18:29:36,1,1450,1030,3,1,790
17/10/2022 18:29:52,1,1330,1030,3,0,-999
17/10/2022 18:30:08,1,1390,1030,3,0,-999
17/10/2022 18:30:24,1,1390,1030,3,0,-999
17/10/2022 18:30:40,1,870,1030,3,1,810
17/10/2022 18:30:56,1,870,1030,3,1,810
17/10/2022 18:31:12,1,870,1030,3,1,820
17/10/2022 18:31:28,1,890,1030,3,1,820
17/10/2022 18:31:44,1,890,1030,3,1,1000
17/10/2022 18:32:00,1,890,1030,3,1,1000
17/10/2022 18:32:16,1,900,1030,3,1,850
17/10/2022 18:32:32,1,900,1030,3,1,850
17/10/2022 18:32:48,1,900,1030,3,1,850
17/10/2022 18:33:04,1,900,1030,3,1,810
17/10/2022 18:33:20,1,960,1030,3,1,810
17/10/2022 18:33:36,1,970,1030,3,1,840
17/10/2022 18:33:52,1,970,1030,3,1,840
17/10/2022 18:34:08,1,970,1030,3,1,810
17/10/2022 18:34:24,1,990,1030,3,1,810
17/10/2022 18:34:40,1,990,1030,3,1,880
17/10/2022 18:34:56,1,990,1030,3,1,880
17/10/2022 18:35:12,1,990,1030,3,1,880
17/10/2022 18:35:28,1,1000,1030,3,1,850
17/10/2022 18:35:44,1,1000,1030,3,1,850
17/10/2022 18:36:00,1,990,1030,3,1,1000
17/10/2022 18:36:16,1,1000,1030,3,1,1000
17/10/2022 18:36:32,1,1000,1030,3,1,1110
17/10/2022 18:36:48,1,1000,1030,3,1,1110
17/10/2022 18:37:04,1,1020,1030,3,1,1170
17/10/2022 18:37:20,1,-999,1030,3,1,1170
17/10/2022 18:37:36,1,-999,1030,3,1,1170
17/10/2022 18:37:52,1,-999,1030,3,1,1170
17/10/2022 18:38:08,1,-999,1030,3,1,1170
17/10/2022 18:38:24,1,1270,1030,3,1,1100
17/10/2022 18:38:40,1,1270,1030,3,1,1100
17/10/2022 18:38:56,1,1090,1030,3,0,-999
17/10/2022 18:39:12,1,1090,1030,3,0,-999
17/10/2022 18:39:28,1,1160,1030,3,0,-999
17/10/2022 18:39:44,1,1160,1030,3,0,-999
17/10/2022 18:40:00,1,1160,1030,3,0,-999
17/10/2022 18:40:16,1,770,1030,3,2,950
17/10/2022 18:40:32,1,770,1030,3,2,950
17/10/2022 18:40:48,1,770,1030,3,2,820
17/10/2022 18:41:04,1,770,1030,3,2,820
17/10/2022 18:41:20,1,770,1030,3,2,810
17/10/2022 18:41:36,1,760,1030,3,2,810
17/10/2022 18:41:52,1,1270,1030,3,1,1090
17/10/2022 18:42:08,1,1270,1030,3,1,1090
17/10/2022 18:42:24,1,1270,1030,3,1,1090
17/10/2022 18:42:40,1,1270,1030,3,1,1070
17/10/2022 18:42:56,1,1270,1030,3,1,1070
17/10/2022 18:43:12,1,-999,1030,3,1,1400
17/10/2022 18:43:28,1,-999,1030,3,1,1400
17/10/2022 18:43:44,1,1220,1030,3,0,-999
17/10/2022 18:44:00,1,1220,1030,3,0,-999
17/10/2022 18:44:16,1,1080,1030,3,0,-999
17/10/2022 18:44:32,1,1110,1030,3,0,-999
17/10/2022 18:44:48,1,1110,1030,3,0,-999
17/10/2022 18:45:04,1,1070,1030,3,0,-999
17/10/2022 18:45:20,1,1070,1030,3,0,-999
17/10/2022 18:45:36,1,1100,1030,3,0,-999
17/10/2022 18:45:52,1,1040,1030,3,0,-999
17/10/2022 18:46:08,1,1040,1030,3,0,-999
17/10/2022 18:46:24,1,1000,1030,3,0,-999
17/10/2022 18:46:40,1,1010,1030,3,0,-999
17/10/2022 18:46:56,1,1010,1030,3,0,-999
17/10/2022 18:47:12,1,1020,1030,3,0,-999
17/10/2022 18:47:28,1,790,1030,3,1,840
17/10/2022 18:47:44,1,790,1030,3,1,840
17/10/2022 18:48:00,1,1040,1030,3,0,-999
17/10/2022 18:48:16,1,1050,1030,3,0,-999
17/10/2022 18:48:32,1,1090,1030,3,0,-999
17/10/2022 18:48:48,1,1100,1030,3,0,-999
17/10/2022 18:49:04,1,790,1030,3,1,880
17/10/2022 18:49:20,1,790,1030,3,1,880
17/10/2022 18:49:36,1,1170,1030,3,1,880
17/10/2022 18:49:52,1,-999,1030,3,1,910
17/10/2022 18:50:08,1,980,1030,3,1,910
17/10/2022 18:50:24,1,1040,1030,3,0,-999
17/10/2022 18:50:40,1,1040,1030,3,0,-999
17/10/2022 18:50:56,1,1020,1030,3,0,-999
17/10/2022 18:51:12,1,1020,1030,3,0,-999
17/10/2022 18:51:28,1,1070,1030,3,0,-999
17/10/2022 18:51:44,1,1070,1030,3,0,-999
17/10/2022 18:52:00,1,1070,1030,3,0,-999
17/10/2022 18:52:16,1,1010,1030,3,0,-999
17/10/2022 18:52:32,1,1010,1030,3,0,-999
17/10/2022 18:52:48,1,1030,1030,3,0,-999
17/10/2022 18:53:04,1,1070,1030,3,0,-999
17/10/2022 18:53:20,1,-999,1030,3,1,850
17/10/2022 18:53:36,1,-999,1030,3,1,850
17/10/2022 18:53:52,1,-999,1030,3,1,750
17/10/2022 18:54:08,1,810,1030,3,1,750
17/10/2022 18:54:24,1,870,1030,3,1,750
17/10/2022 18:54:40,1,870,1030,3,1,770
17/10/2022 18:54:56,1,870,1030,3,1,770
17/10/2022 18:55:12,1,920,1030,3,1,820
17/10/2022 18:55:28,1,920,1030,3,1,820
17/10/2022 18:55:44,1,920,1030,3,1,780
17/10/2022 18:56:00,1,920,1030,3,1,780
17/10/2022 18:56:16,1,920,1030,3,1,750
17/10/2022 18:56:32,1,920,1030,3,1,750
17/10/2022 18:56:48,1,920,1030,3,1,750
17/10/2022 18:57:04,1,920,1030,3,1,750
17/10/2022 18:57:20,1,880,1030,3,1,750
17/10/2022 18:57:36,1,880,1030,3,1,760
17/10/2022 18:57:52,1,920,1030,3,1,760
17/10/2022 18:58:08,1,920,1030,3,1,760
17/10/2022 18:58:24,1,920,1030,3,1,760
17/10/2022 18:58:40,1,920,1030,3,2,760
17/10/2022 18:58:56,1,950,1030,3,2,760
17/10/2022 18:59:12,1,950,1030,3,2,760
17/10/2022 18:59:28,1,950,1030,3,1,920
17/10/2022 18:59:44,1,950,1030,3,1,920
17/10/2022 19:00:00,1,900,1060,3,2,750
17/10/2022 19:00:16,1,900,1060,3,2,750
17/10/2022 19:00:32,1,900,1060,3,1,790
17/10/2022 19:00:48,1,900,1060,3,1,790
17/10/2022 19:01:04,1,950,1060,3,1,790
17/10/2022 19:01:20,1,950,1060,3,1,790
17/10/2022 19:01:36,1,950,1060,3,1,790
17/10/2022 19:01:52,1,950,1060,3,1,850
17/10/2022 19:02:08,1,950,1060,3,1,850
17/10/2022 19:02:24,1,1000,1060,3,0,-999
17/10/2022 19:02:40,1,1000,1060,3,0,-999
17/10/2022 19:02:56,1,950,1060,3,1,850
17/10/2022 19:03:12,1,950,1060,3,1,850
17/10/2022 19:03:28,1,1010,1060,3,0,-999
17/10/2022 19:03:44,1,1010,1060,3,0,-999
17/10/2022 19:04:00,1,1010,1060,3,0,-999
17/10/2022 19:04:16,1,990,1060,3,0,-999
17/10/2022 19:04:32,1,980,1060,3,0,-999
17/10/2022 19:04:48,1,620,1060,3,1,860
17/10/2022 19:05:04,1,620,1060,3,1,860
17/10/2022 19:05:20,1,620,1060,3,1,760
17/10/2022 19:05:36,1,620,1060,3,1,760
17/10/2022 19:05:52,1,620,1060,3,1,780
17/10/2022 19:06:08,1,970,1060,3,1,780
17/10/2022 19:06:24,1,970,1060,3,1,780
17/10/2022 19:06:40,1,950,1060,3,0,-999
17/10/2022 19:06:56,1,950,1060,3,0,-999
17/10/2022 19:07:12,1,970,1060,3,0,-999
17/10/2022 19:07:28,1,970,1060,3,0,-999
17/10/2022 19:07:44,1,990,1060,3,0,-999
17/10/2022 19:08:00,1,990,1060,3,0,-999
17/10/2022 19:08:16,1,920,1060,3,1,740
17/10/2022 19:08:32,1,920,1060,3,1,740
17/10/2022 19:08:48,1,920,1060,3,1,740
17/10/2022 19:09:04,1,880,1060,3,1,780
17/10/2022 19:09:20,1,880,1060,3,1,780
17/10/2022 19:09:36,1,870,1060,3,1,760
17/10/2022 19:09:52,1,870,1060,3,1,760
17/10/2022 19:10:08,1,870,1060,3,1,770
17/10/2022 19:10:24,1,870,1060,3,1,770
17/10/2022 19:10:40,1,870,1060,3,1,740
17/10/2022 19:10:56,1,870,1060,3,1,740
17/10/2022 19:11:12,1,870,1060,3,1,740
17/10/2022 19:11:28,1,980,1060,3,0,-999
17/10/2022 19:11:44,1,980,1060,3,0,-999
17/10/2022 19:12:00,1,870,1060,3,1,900
17/10/2022 19:12:16,1,870,1060,3,1,900
17/10/2022 19:12:32,1,870,1060,3,1,810
17/10/2022 19:12:48,1,920,1060,3,1,810
17/10/2022 19:13:04,1,1040,1060,3,0,-999
17/10/2022 19:13:20,1,1040,1060,3,0,-999
17/10/2022 19:13:36,1,1040,1060,3,0,-999
17/10/2022 19:13:52,1,1040,1060,3,0,-999
17/10/2022 19:14:08,1,1040,1060,3,0,-999
17/10/2022 19:14:24,1,1000,1060,3,0,-999
17/10/2022 19:14:40,1,1010,1060,3,0,-999
17/10/2022 19:14:56,1,1010,1060,3,0,-999
17/10/2022 19:15:12,1,1010,1060,3,0,-999
17/10/2022 19:15:28,1,960,1060,3,1,770
17/10/2022 19:15:44,1,960,1060,3,1,770
17/10/2022 19:16:00,1,960,1060,3,1,770
17/10/2022 19:16:16,1,980,1060,3,1,890
17/10/2022 19:16:32,1,980,1060,3,1,890
17/10/2022 19:16:48,1,980,1060,3,1,890
17/10/2022 19:17:04,1,980,1060,3,1,890
17/10/2022 19:17:20,1,980,1060,3,1,900
17/10/2022 19:17:36,1,980,1060,3,1,900
17/10/2022 19:17:52,1,1070,1060,3,0,-999
17/10/2022 19:18:08,1,1070,1060,3,0,-999
17/10/2022 19:18:24,1,1070,1060,3,0,-999
17/10/2022 19:18:40,1,1010,1060,3,0,-999
17/10/2022 19:18:56,1,1010,1060,3,0,-999
17/10/2022 19:19:12,1,1000,1060,3,1,890
17/10/2022 19:19:28,1,1000,1060,3,1,890
17/10/2022 19:19:44,1,1010,1060,3,0,-999
17/10/2022 19:20:00,1,1010,1060,3,0,-999
17/10/2022 19:20:16,1,980,1060,3,0,-999
17/10/2022 19:20:32,1,970,1060,3,0,-999
17/10/2022 19:20:48,1,970,1060,3,0,-999
17/10/2022 19:21:04,1,970,1060,3,0,-999
17/10/2022 19:21:20,1,970,1060,3,0,-999
17/10/2022 19:21:36,1,1000,1060,3,0,-999
17/10/2022 19:21:52,1,1000,1060,3,0,-999
17/10/2022 19:22:08,1,-999,1060,3,1,740
17/10/2022 19:22:24,1,950,1060,3,1,740
17/10/2022 19:22:40,1,950,1060,3,1,750
17/10/2022 19:22:56,1,950,1060,3,1,750
17/10/2022 19:23:12,1,950,1060,3,1,750
17/10/2022 19:23:28,1,950,1060,3,1,920
17/10/2022 19:23:44,1,-999,1060,3,1,920
17/10/2022 19:24:00,1,1010,1060,3,0,-999
17/10/2022 19:24:16,1,1020,1060,3,0,-999
17/10/2022 19:24:32,1,980,1060,3,1,840
17/10/2022 19:24:48,1,980,1060,3,1,840
17/10/2022 19:25:04,1,980,1060,3,1,860
17/10/2022 19:25:20,1,980,1060,3,1,860
17/10/2022 19:25:36,1,980,1060,3,1,860
17/10/2022 19:25:52,1,1010,1060,3,1,900
17/10/2022 19:26:08,1,1010,1060,3,1,900
17/10/2022 19:26:24,1,1020,1060,3,1,1000
17/10/2022 19:26:40,1,1020,1060,3,1,1000
17/10/2022 19:26:56,1,1050,1060,3,1,960
17/10/2022 19:27:12,1,1050,1060,3,1,960
17/10/2022 19:27:28,1,1050,1060,3,1,940
17/10/2022 19:27:44,1,1070,1060,3,1,940
17/10/2022 19:28:00,1,1070,1060,3,1,940
17/10/2022 19:28:16,1,1070,1060,3,1,950
17/10/2022 19:28:32,1,1080,1060,3,1,950
17/10/2022 19:28:48,1,1080,1060,3,1,850
17/10/2022 19:29:04,1,1080,1060,3,1,850
17/10/2022 19:29:20,1,1080,1060,3,1,930
17/10/2022 19:29:36,1,1080,1060,3,1,930
17/10/2022 19:29:52,1,1070,1060,3,1,910
17/10/2022 19:30:08,1,1070,1060,3,1,910
17/10/2022 19:30:24,1,1070,1060,3,1,910
17/10/2022 19:30:40,1,1050,1060,3,1,910
17/10/2022 19:30:56,1,1050,1060,3,1,910
17/10/2022 19:31:12,1,1040,1060,3,1,820
17/10/2022 19:31:28,1,1040,1060,3,1,820
17/10/2022 19:31:44,1,1040,1060,3,1,810
17/10/2022 19:32:00,1,1020,1060,3,1,810
17/10/2022 19:32:16,1,1020,1060,3,1,820
17/10/2022 19:32:32,1,1000,1060,3,1,820
17/10/2022 19:32:48,1,1000,1060,3,1,820
17/10/2022 19:33:04,1,1000,1060,3,1,890
17/10/2022 19:33:20,1,1000,1060,3,1,890
17/10/2022 19:33:36,1,990,1060,3,2,790
17/10/2022 19:33:52,1,990,1060,3,2,790
17/10/2022 19:34:08,1,990,1060,3,2,800
17/10/2022 19:34:24,1,990,1060,3,2,800
17/10/2022 19:34:40,1,980,1060,3,1,800
17/10/2022 19:34:56,1,980,1060,3,1,800
17/10/2022 19:35:12,1,970,1060,3,1,800
17/10/2022 19:35:28,1,970,1060,3,1,880
17/10/2022 19:35:44,1,990,1060,3,1,880
17/10/2022 19:36:00,1,990,1060,3,1,850
17/10/2022 19:36:16,1,1000,1060,3,1,850
17/10/2022 19:36:32,1,1000,1060,3,1,820
17/10/2022 19:36:48,1,1000,1060,3,1,820
17/10/2022 19:37:04,1,990,1060,3,1,810
17/10/2022 19:37:20,1,990,1060,3,1,810
17/10/2022 19:37:36,1,970,1060,3,1,810
17/10/2022 19:37:52,1,970,1060,3,1,830
17/10/2022 19:38:08,1,970,1060,3,1,830
17/10/2022 19:38:24,1,970,1060,3,1,760
17/10/2022 19:38:40,1,970,1060,3,1,760
17/10/2022 19:38:56,1,950,1060,3,1,760
17/10/2022 19:39:12,1,950,1060,3,1,760
17/10/2022 19:39:28,1,950,1060,3,1,760
17/10/2022 19:39:44,1,950,1060,3,1,760
17/10/2022 19:40:00,1,950,1060,3,1,760
17/10/2022 19:40:16,1,950,1060,3,1,850
17/10/2022 19:40:32,1,950,1060,3,1,850
17/10/2022 19:40:48,1,950,1060,3,2,990
17/10/2022 19:41:04,1,950,1060,3,2,990
17/10/2022 19:41:20,1,950,1060,3,1,850
17/10/2022 19:41:36,1,950,1060,3,1,850
17/10/2022 19:41:52,1,950,1060,3,1,860
17/10/2022 19:42:08,1,950,1060,3,1,860
17/10/2022 19:42:24,1,1040,1060,3,1,860
17/10/2022 19:42:40,1,1040,1060,3,1,850
17/10/2022 19:42:56,1,1050,1060,3,1,850
17/10/2022 19:43:12,1,1050,1060,3,1,820
17/10/2022 19:43:28,1,1050,1060,3,1,820
17/10/2022 19:43:44,1,1050,1060,3,1,740
17/10/2022 19:44:00,1,1050,1060,3,1,740
17/10/2022 19:44:16,1,1050,1060,3,1,740
17/10/2022 19:44:32,1,-999,1060,3,1,740
17/10/2022 19:44:48,1,-999,1060,3,1,740
17/10/2022 19:45:04,1,-999,1060,3,2,740
17/10/2022 19:45:20,1,-999,1060,3,2,740
17/10/2022 19:45:36,1,860,1060,3,1,740
17/10/2022 19:45:52,1,860,1060,3,1,740
17/10/2022 19:46:08,1,860,1060,3,1,740
17/10/2022 19:46:24,1,860,1060,3,1,740
17/10/2022 19:46:40,1,860,1060,3,1,740
17/10/2022 19:46:56,1,860,1060,3,1,740
17/10/2022 19:47:12,1,860,1060,3,1,740
17/10/2022 19:47:28,1,860,1060,3,1,740
17/10/2022 19:47:44,1,850,1060,3,1,740
17/10/2022 19:48:00,1,850,1060,3,2,750
17/10/2022 19:48:16,1,850,1060,3,2,750
17/10/2022 19:48:32,1,850,1060,3,1,740
17/10/2022 19:48:48,1,860,1060,3,1,740
17/10/2022 19:49:04,1,860,1060,3,1,740
17/10/2022 19:49:20,1,860,1060,3,1,740
17/10/2022 19:49:36,1,860,1060,3,1,740
17/10/2022 19:49:52,1,860,1060,3,1,740
17/10/2022 19:50:08,1,860,1060,3,1,740
17/10/2022 19:50:24,1,870,1060,3,1,760
17/10/2022 19:50:40,1,870,1060,3,1,760
17/10/2022 19:50:56,1,900,1060,3,2,750
17/10/2022 19:51:12,1,900,1060,3,2,750
17/10/2022 19:51:28,1,900,1060,3,1,760
17/10/2022 19:51:44,1,900,1060,3,1,760
17/10/2022 19:52:00,1,900,1060,3,1,760
17/10/2022 19:52:16,1,900,1060,3,1,760
17/10/2022 19:52:32,1,900,1060,3,1,760
17/10/2022 19:52:48,1,880,1060,3,2,760
17/10/2022 19:53:04,1,880,1060,3,2,760
17/10/2022 19:53:20,1,880,1060,3,2,810
17/10/2022 19:53:36,1,880,1060,3,2,810
17/10/2022 19:53:52,1,880,1060,3,1,1110
17/10/2022 19:54:08,1,880,1060,3,1,1110
17/10/2022 19:54:24,1,880,1060,3,1,1110
17/10/2022 19:54:40,1,880,1060,3,2,750
17/10/2022 19:54:56,1,870,1060,3,2,750
17/10/2022 19:55:12,1,870,1060,3,2,750
17/10/2022 19:55:28,1,870,1060,3,2,750
17/10/2022 19:55:44,1,870,1060,3,1,820
17/10/2022 19:56:00,1,870,1060,3,1,820
17/10/2022 19:56:16,1,870,1060,3,1,760
17/10/2022 19:56:32,1,920,1060,3,1,760
17/10/2022 19:56:48,1,920,1060,3,1,760
17/10/2022 19:57:04,1,920,1060,3,2,780
17/10/2022 19:57:20,1,920,1060,3,2,780
17/10/2022 19:57:36,1,920,1060,3,2,760
17/10/2022 19:57:52,1,920,1060,3,2,760
17/10/2022 19:58:08,1,920,1060,3,3,800
17/10/2022 19:58:24,1,920,1060,3,3,800
17/10/2022 19:58:40,1,920,1060,3,2,910
17/10/2022 19:58:56,1,920,1060,3,2,910
17/10/2022 19:59:12,1,920,1060,3,2,910
17/10/2022 19:59:28,1,920,1060,3,1,1320
17/10/2022 19:59:44,1,920,1060,3,1,1320
17/10/2022 20:00:00,2,920,980,3,3,770
17/10/2022 20:00:16,2,920,980,3,3,770
17/10/2022 20:00:32,2,910,980,3,2,780
17/10/2022 20:00:48,2,910,980,3,2,780
17/10/2022 20:01:04,2,850,980,3,3,820
17/10/2022 20:01:20,2,850,980,3,3,820
17/10/2022 20:01:36,2,840,980,3,3,820
17/10/2022 20:01:52,2,840,980,3,2,760
17/10/2022 20:02:08,2,850,980,3,2,760
17/10/2022 20:02:24,2,850,980,3,1,770
17/10/2022 20:02:40,2,850,980,3,1,770
17/10/2022 20:02:56,2,850,980,3,1,760
17/10/2022 20:03:12,2,850,980,3,1,760
17/10/2022 20:03:28,2,850,980,3,1,770
17/10/2022 20:03:44,2,880,980,3,1,770
17/10/2022 20:04:00,2,880,980,3,1,770
17/10/2022 20:04:16,2,880,980,3,1,770
17/10/2022 20:04:32,2,880,980,3,1,770
17/10/2022 20:04:48,2,900,980,3,1,770
17/10/2022 20:05:04,2,900,980,3,1,770
17/10/2022 20:05:20,2,900,980,3,2,820
17/10/2022 20:05:36,2,930,980,3,2,820
17/10/2022 20:05:52,2,930,980,3,2,990
17/10/2022 20:06:08,2,900,980,3,2,990
17/10/2022 20:06:24,2,930,980,3,2,990
17/10/2022 20:06:40,2,930,980,3,2,950
17/10/2022 20:06:56,2,-999,980,3,2,950
17/10/2022 20:07:12,2,-999,980,3,1,1200
17/10/2022 20:07:28,2,-999,980,3,1,1200
17/10/2022 20:07:44,2,-999,980,3,1,910
17/10/2022 20:08:00,2,-999,980,3,1,910
17/10/2022 20:08:16,2,-999,980,3,2,850
17/10/2022 20:08:32,2,-999,980,3,2,850
17/10/2022 20:08:48,2,-999,980,3,2,850
17/10/2022 20:09:04,2,-999,980,3,1,900
17/10/2022 20:09:20,2,-999,980,3,1,900
17/10/2022 20:09:36,2,-999,980,3,1,1070
17/10/2022 20:09:52,2,-999,980,3,1,1070
17/10/2022 20:10:08,2,-999,980,3,1,1030
17/10/2022 20:10:24,2,-999,980,3,1,1030
17/10/2022 20:10:40,2,-999,980,3,1,1060
17/10/2022 20:10:56,2,-999,980,3,1,1060
17/10/2022 20:11:12,2,-999,980,3,1,1060
17/10/2022 20:11:28,2,-999,980,3,2,830
17/10/2022 20:11:44,2,1230,980,3,2,830
17/10/2022 20:12:00,2,1230,980,3,1,820
17/10/2022 20:12:16,2,1230,980,3,1,820
17/10/2022 20:12:32,2,1230,980,3,2,960
17/10/2022 20:12:48,2,1230,980,3,2,960
17/10/2022 20:13:04,2,1230,980,3,2,950
17/10/2022 20:13:20,2,1230,980,3,2,950
17/10/2022 20:13:36,2,1230,980,3,2,950
17/10/2022 20:13:52,2,1230,980,3,2,960
17/10/2022 20:14:08,2,1180,980,3,2,960
17/10/2022 20:14:24,2,1150,980,3,1,860
17/10/2022 20:14:40,2,1150,980,3,1,860
17/10/2022 20:14:56,2,1150,980,3,1,1030
17/10/2022 20:15:12,2,1150,980,3,1,1030
17/10/2022 20:15:28,2,1150,980,3,1,1100
17/10/2022 20:15:44,2,1150,980,3,1,1100
17/10/2022 20:16:00,2,1150,980,3,1,1100
17/10/2022 20:16:16,2,1180,980,3,1,1050
17/10/2022 20:16:32,2,1180,980,3,1,1050
17/10/2022 20:16:48,2,1170,980,3,1,1030
17/10/2022 20:17:04,2,1170,980,3,1,1030
17/10/2022 20:17:20,2,1180,980,3,2,810
17/10/2022 20:17:36,2,1180,980,3,2,810
17/10/2022 20:17:52,2,1190,980,3,1,800
17/10/2022 20:18:08,2,1190,980,3,1,800
17/10/2022 20:18:24,2,1190,980,3,1,800
17/10/2022 20:18:40,2,1190,980,3,2,810
17/10/2022 20:18:56,2,-999,980,3,2,810
17/10/2022 20:19:12,2,-999,980,3,1,950
17/10/2022 20:19:28,2,-999,980,3,1,950
17/10/2022 20:19:44,2,1170,980,3,1,1000
17/10/2022 20:20:00,2,1170,980,3,1,1000
17/10/2022 20:20:16,2,1170,980,3,1,1010
17/10/2022 20:20:32,2,1170,980,3,1,1010
17/10/2022 20:20:48,2,1190,980,3,1,1010
17/10/2022 20:21:04,2,1190,980,3,1,1080
17/10/2022 20:21:20,2,-999,980,3,1,1080
17/10/2022 20:21:36,2,-999,980,3,1,1110
17/10/2022 20:21:52,2,1190,980,3,1,1110
17/10/2022 20:22:08,2,1190,980,3,1,1110
17/10/2022 20:22:24,2,1190,980,3,1,1110
17/10/2022 20:22:40,2,1230,980,3,1,1090
17/10/2022 20:22:56,2,1230,980,3,1,1090
17/10/2022 20:23:12,2,1230,980,3,1,1090
17/10/2022 20:23:28,2,1230,980,3,1,1140
17/10/2022 20:23:44,2,1230,980,3,1,1140
17/10/2022 20:24:00,2,1230,980,3,1,1160
17/10/2022 20:24:16,2,1240,980,3,1,1160
17/10/2022 20:24:32,2,1240,980,3,1,1180
17/10/2022 20:24:48,2,1250,980,3,1,1180
17/10/2022 20:25:04,2,1250,980,3,1,1210
17/10/2022 20:25:20,2,1270,980,3,1,1210
17/10/2022 20:25:36,2,1270,980,3,1,1210
17/10/2022 20:25:52,2,1290,980,3,1,1120
17/10/2022 20:26:08,2,1290,980,3,1,1120
17/10/2022 20:26:24,2,1290,980,3,1,1120
17/10/2022 20:26:40,2,1290,980,3,1,1120
17/10/2022 20:26:56,2,1290,980,3,1,1130
17/10/2022 20:27:12,2,1290,980,3,1,1130
17/10/2022 20:27:28,2,1290,980,3,1,1140
17/10/2022 20:27:44,2,1290,980,3,1,1140
17/10/2022 20:28:00,2,1290,980,3,1,1140
17/10/2022 20:28:16,2,1300,980,3,1,1160
17/10/2022 20:28:32,2,1300,980,3,1,1160
17/10/2022 20:28:48,2,1300,980,3,2,850
17/10/2022 20:29:04,2,1290,980,3,2,850
17/10/2022 20:29:20,2,1290,980,3,2,950
17/10/2022 20:29:36,2,1280,980,3,2,950
17/10/2022 20:29:52,2,1280,980,3,1,1170
17/10/2022 20:30:08,2,1280,980,3,1,1170
17/10/2022 20:30:24,2,1280,980,3,1,1170
17/10/2022 20:30:40,2,1280,980,3,1,970
17/10/2022 20:30:56,2,1280,980,3,1,970
17/10/2022 20:31:12,2,1280,980,3,1,990
17/10/2022 20:31:28,2,-999,980,3,1,990
17/10/2022 20:31:44,2,-999,980,3,1,960
17/10/2022 20:32:00,2,-999,980,3,1,960
17/10/2022 20:32:16,2,1100,980,3,1,990
17/10/2022 20:32:32,2,1120,980,3,1,990
17/10/2022 20:32:48,2,1120,980,3,1,990
17/10/2022 20:33:04,2,1120,980,3,1,1010
17/10/2022 20:33:20,2,1120,980,3,1,1010
17/10/2022 20:33:36,2,1120,980,3,1,1040
17/10/2022 20:33:52,2,1120,980,3,1,1040
17/10/2022 20:34:08,2,1140,980,3,1,1060
17/10/2022 20:34:24,2,1140,980,3,1,1060
17/10/2022 20:34:40,2,1140,980,3,1,1060
17/10/2022 20:34:56,2,1140,980,3,1,1060
17/10/2022 20:35:12,2,1140,980,3,1,1060
17/10/2022 20:35:28,2,1180,980,3,1,1060
17/10/2022 20:35:44,2,1180,980,3,1,1060
17/10/2022 20:36:00,2,1180,980,3,1,1050
17/10/2022 20:36:16,2,1180,980,3,1,1050
17/10/2022 20:36:32,2,1190,980,3,1,1060
17/10/2022 20:36:48,2,1190,980,3,1,1060
17/10/2022 20:37:04,2,1200,980,3,1,1130
17/10/2022 20:37:20,2,1200,980,3,1,1130
17/10/2022 20:37:36,2,1210,980,3,1,1130
17/10/2022 20:37:52,2,1210,980,3,1,1150
17/10/2022 20:38:08,2,1210,980,3,1,1150
17/10/2022 20:38:24,2,1220,980,3,1,1160
17/10/2022 20:38:40,2,1220,980,3,1,1160
17/10/2022 20:38:56,2,1250,980,3,1,1160
17/10/2022 20:39:12,2,1250,980,3,1,1160
17/10/2022 20:39:28,2,1250,980,3,1,1160
17/10/2022 20:39:44,2,1260,980,3,1,1160
17/10/2022 20:40:00,2,1260,980,3,1,1160
17/10/2022 20:40:16,2,1280,980,3,1,1190
17/10/2022 20:40:32,2,1280,980,3,1,1190
17/10/2022 20:40:48,2,1280,980,3,1,1170
17/10/2022 20:41:04,2,1280,980,3,1,1170
17/10/2022 20:41:20,2,1290,980,3,1,1190
17/10/2022 20:41:36,2,1290,980,3,1,1190
17/10/2022 20:41:52,2,1290,980,3,1,1220
17/10/2022 20:42:08,2,1290,980,3,1,1220
17/10/2022 20:42:24,2,1290,980,3,1,1220
17/10/2022 20:42:40,2,1290,980,3,1,1230
17/10/2022 20:42:56,2,1300,980,3,1,1230
17/10/2022 20:43:12,2,1320,980,3,1,1240
17/10/2022 20:43:28,2,1320,980,3,1,1240
17/10/2022 20:43:44,2,1380,980,3,1,1370
17/10/2022 20:44:00,2,1380,980,3,1,1370
17/10/2022 20:44:16,2,1420,980,3,1,1250
17/10/2022 20:44:32,2,1420,980,3,1,1250
17/10/2022 20:44:48,2,1420,980,3,1,1250
17/10/2022 20:45:04,2,1420,980,3,1,1250
17/10/2022 20:45:20,2,1420,980,3,1,1250
17/10/2022 20:45:36,2,1420,980,3,1,1280
17/10/2022 20:45:52,2,1420,980,3,1,1280
17/10/2022 20:46:08,2,1420,980,3,1,1240
17/10/2022 20:46:24,2,1400,980,3,1,1240
17/10/2022 20:46:40,2,1400,980,3,1,1240
17/10/2022 20:46:56,2,1390,980,3,1,1240
17/10/2022 20:47:12,2,1390,980,3,1,1240
17/10/2022 20:47:28,2,1400,980,3,1,1250
17/10/2022 20:47:44,2,1400,980,3,1,1250
17/10/2022 20:48:00,2,1400,980,3,1,1330
17/10/2022 20:48:16,2,1400,980,3,1,1330
17/10/2022 20:48:32,2,1400,980,3,1,1330
17/10/2022 20:48:48,2,1400,980,3,1,1330
17/10/2022 20:49:04,2,1400,980,3,1,1310
17/10/2022 20:49:20,2,1420,980,3,1,1310
17/10/2022 20:49:36,2,1420,980,3,1,1310
17/10/2022 20:49:52,2,1440,980,3,1,1330
17/10/2022 20:50:08,2,1440,980,3,1,1330
17/10/2022 20:50:24,2,1440,980,3,1,1330
17/10/2022 20:50:40,2,1460,980,3,1,1330
17/10/2022 20:50:56,2,1460,980,3,1,1340
17/10/2022 20:51:12,2,1460,980,3,1,1340
17/10/2022 20:51:28,2,1460,980,3,1,1340
17/10/2022 20:51:44,2,1470,980,3,1,1340
17/10/2022 20:52:00,2,1470,980,3,1,1340
17/10/2022 20:52:16,2,1470,980,3,1,1330
17/10/2022 20:52:32,2,1470,980,3,1,1330
17/10/2022 20:52:48,2,1470,980,3,1,1370
17/10/2022 20:53:04,2,1470,980,3,1,1370
17/10/2022 20:53:20,2,1480,980,3,1,1370
17/10/2022 20:53:36,2,1480,980,3,1,1370
17/10/2022 20:53:52,2,1480,980,3,2,880
17/10/2022 20:54:08,2,1490,980,3,2,880
17/10/2022 20:54:24,2,1490,980,3,2,880
17/10/2022 20:54:40,2,1510,980,3,1,1370
17/10/2022 20:54:56,2,1510,980,3,1,1370
17/10/2022 20:55:12,2,1510,980,3,1,1370
17/10/2022 20:55:28,2,1510,980,3,1,1370
17/10/2022 20:55:44,2,1510,980,3,1,1380
17/10/2022 20:56:00,2,1510,980,3,1,1380
17/10/2022 20:56:16,2,1510,980,3,1,1390
17/10/2022 20:56:32,2,1510,980,3,1,1390
17/10/2022 20:56:48,2,1510,980,3,1,1390
17/10/2022 20:57:04,2,1520,980,3,1,1400
17/10/2022 20:57:20,2,1520,980,3,1,1400
17/10/2022 20:57:36,2,1520,980,3,1,1400
17/10/2022 20:57:52,2,1520,980,3,1,1400
17/10/2022 20:58:08,2,1070,980,3,1,1410
17/10/2022 20:58:24,2,1070,980,3,1,1410
17/10/2022 20:58:40,2,1070,980,3,1,1410
17/10/2022 20:58:56,2,1070,980,3,1,1410
17/10/2022 20:59:12,2,1070,980,3,1,1410
17/10/2022 20:59:28,2,1070,980,3,1,1430
17/10/2022 20:59:44,2,1010,980,3,1,1430
17/10/2022 21:00:00,1,1020,1250,3,1,1460
17/10/2022 21:00:16,1,1020,1250,3,1,1460
17/10/2022 21:00:32,1,1020,1250,3,1,1470
17/10/2022 21:00:48,1,1020,1250,3,1,1470
17/10/2022 21:01:04,1,1020,1250,3,1,1460
17/10/2022 21:01:20,1,1020,1250,3,1,1460
17/10/2022 21:01:36,1,1020,1250,3,1,1460
17/10/2022 21:01:52,1,1020,1250,3,1,1460
17/10/2022 21:02:08,1,1020,1250,3,1,1460
17/10/2022 21:02:24,1,1020,1250,3,1,1480
17/10/2022 21:02:40,1,1020,1250,3,1,1480
17/10/2022 21:02:56,1,1020,1250,3,1,1490
17/10/2022 21:03:12,1,1020,1250,3,1,1490
17/10/2022 21:03:28,1,1020,1250,3,1,1480
17/10/2022 21:03:44,1,1020,1250,3,1,1480
17/10/2022 21:04:00,1,1020,1250,3,1,1480
17/10/2022 21:04:16,1,1020,1250,3,1,1500
17/10/2022 21:04:32,1,610,1250,3,1,1500
17/10/2022 21:04:48,1,610,1250,3,1,1490
17/10/2022 21:05:04,1,610,1250,3,1,1490
17/10/2022 21:05:20,1,620,1250,3,1,1490
17/10/2022 21:05:36,1,620,1250,3,1,1490
17/10/2022 21:05:52,1,-999,1250,3,1,1490
17/10/2022 21:06:08,1,-999,1250,3,1,1490
17/10/2022 21:06:24,1,-999,1250,3,1,1490
17/10/2022 21:06:40,1,620,1250,3,1,1490
17/10/2022 21:06:56,1,630,1250,3,1,1490
17/10/2022 21:07:12,1,630,1250,3,1,1490
17/10/2022 21:07:28,1,640,1250,3,1,1490
17/10/2022 21:07:44,1,1110,1250,3,1,1490
17/10/2022 21:08:00,1,1630,1250,3,1,1490
17/10/2022 21:08:16,1,1650,1250,3,1,1500
17/10/2022 21:08:32,1,860,1250,3,1,1500
17/10/2022 21:08:48,1,860,1250,3,1,1500
17/10/2022 21:09:04,1,860,1250,3,1,1490
17/10/2022 21:09:20,1,860,1250,3,1,1490
17/10/2022 21:09:36,1,860,1250,3,1,1490
17/10/2022 21:09:52,1,860,1250,3,1,1490
17/10/2022 21:10:08,1,860,1250,3,1,1490
17/10/2022 21:10:24,1,880,1250,3,1,1490
17/10/2022 21:10:40,1,880,1250,3,1,1500
17/10/2022 21:10:56,1,880,1250,3,1,1500
17/10/2022 21:11:12,1,890,1250,3,1,1500
17/10/2022 21:11:28,1,680,1250,3,1,1490
17/10/2022 21:11:44,1,680,1250,3,1,1490
17/10/2022 21:12:00,1,680,1250,3,1,1490
17/10/2022 21:12:16,1,680,1250,3,1,1490
17/10/2022 21:12:32,1,680,1250,3,1,1520
17/10/2022 21:12:48,1,680,1250,3,1,1520
17/10/2022 21:13:04,1,680,1250,3,1,1490
17/10/2022 21:13:20,1,680,1250,3,1,1490
17/10/2022 21:13:36,1,680,1250,3,1,1490
17/10/2022 21:13:52,1,680,1250,3,1,1520
17/10/2022 21:14:08,1,680,1250,3,1,1520
17/10/2022 21:14:24,1,680,1250,3,2,850
17/10/2022 21:14:40,1,680,1250,3,2,850
17/10/2022 21:14:56,1,-999,1250,3,1,1510
17/10/2022 21:15:12,1,-999,1250,3,1,1510
17/10/2022 21:15:28,1,680,1250,3,1,1510
17/10/2022 21:15:44,1,980,1250,3,1,1510
17/10/2022 21:16:00,1,980,1250,3,1,1510
17/10/2022 21:16:16,1,590,1250,3,1,1520
17/10/2022 21:16:32,1,590,1250,3,1,1520
17/10/2022 21:16:48,1,590,1250,3,1,1500
17/10/2022 21:17:04,1,590,1250,3,1,1500
17/10/2022 21:17:20,1,590,1250,3,1,1500
17/10/2022 21:17:36,1,590,1250,3,1,1500
17/10/2022 21:17:52,1,590,1250,3,2,920
17/10/2022 21:18:08,1,590,1250,3,2,920
17/10/2022 21:18:24,1,1020,1250,3,2,920
17/10/2022 21:18:40,1,1020,1250,3,1,900
17/10/2022 21:18:56,1,1030,1250,3,1,900
17/10/2022 21:19:12,1,1030,1250,3,2,920
17/10/2022 21:19:28,1,1030,1250,3,2,920
17/10/2022 21:19:44,1,1030,1250,3,2,930
17/10/2022 21:20:00,1,1030,1250,3,2,930
17/10/2022 21:20:16,1,1030,1250,3,2,970
17/10/2022 21:20:32,1,1040,1250,3,2,970
17/10/2022 21:20:48,1,1040,1250,3,2,970
17/10/2022 21:21:04,1,1030,1250,3,1,1540
17/10/2022 21:21:20,1,1030,1250,3,1,1540
17/10/2022 21:21:36,1,1030,1250,3,2,910
17/10/2022 21:21:52,1,1030,1250,3,2,910
17/10/2022 21:22:08,1,1030,1250,3,2,910
17/10/2022 21:22:24,1,1030,1250,3,2,910
17/10/2022 21:22:40,1,-999,1250,3,1,1490
17/10/2022 21:22:56,1,-999,1250,3,1,1490
17/10/2022 21:23:12,1,-999,1250,3,1,1490
17/10/2022 21:23:28,1,-999,1250,3,1,1480
17/10/2022 21:23:44,1,-999,1250,3,1,1480
17/10/2022 21:24:00,1,-999,1250,3,1,1470
17/10/2022 21:24:16,1,-999,1250,3,1,1470
17/10/2022 21:24:32,1,-999,1250,3,1,1430
17/10/2022 21:24:48,1,-999,1250,3,1,1430
17/10/2022 21:25:04,1,-999,1250,3,1,1420
17/10/2022 21:25:20,1,-999,1250,3,1,1420
17/10/2022 21:25:36,1,-999,1250,3,1,1420
17/10/2022 21:25:52,1,370,1250,3,1,1420
17/10/2022 21:26:08,1,-999,1250,3,1,1420
17/10/2022 21:26:24,1,-999,1250,3,1,1400
17/10/2022 21:26:40,1,-999,1250,3,1,1400
17/10/2022 21:26:56,1,-999,1250,3,1,1400
17/10/2022 21:27:12,1,-999,1250,3,1,1400
17/10/2022 21:27:28,1,-999,1250,3,1,1400
17/10/2022 21:27:44,1,-999,1250,3,1,1400
17/10/2022 21:28:00,1,-999,1250,3,1,1400
17/10/2022 21:28:16,1,-999,1250,3,1,1420
17/10/2022 21:28:32,1,-999,1250,3,1,1420
17/10/2022 21:28:48,1,-999,1250,3,1,1410
17/10/2022 21:29:04,1,-999,1250,3,1,1410
17/10/2022 21:29:20,1,-999,1250,3,1,1400
17/10/2022 21:29:36,1,-999,1250,3,1,1400
17/10/2022 21:29:52,1,-999,1250,3,1,1400
17/10/2022 21:30:08,1,-999,1250,3,1,1400
17/10/2022 21:30:24,1,-999,1250,3,1,1400
17/10/2022 21:30:40,1,-999,1250,3,1,1390
17/10/2022 21:30:56,1,-999,1250,3,1,1390
17/10/2022 21:31:12,1,-999,1250,3,1,1390
17/10/2022 21:31:28,1,-999,1250,3,1,1390
17/10/2022 21:31:44,1,-999,1250,3,1,1400
17/10/2022 21:32:00,1,-999,1250,3,1,1400
17/10/2022 21:32:16,1,-999,1250,3,1,1450
17/10/2022 21:32:32,1,-999,1250,3,1,1450
17/10/2022 21:32:48,1,-999,1250,3,1,1450
17/10/2022 21:33:04,1,-999,1250,3,1,1480
17/10/2022 21:33:20,1,-999,1250,3,1,1480
17/10/2022 21:33:36,1,-999,1250,3,1,1480
17/10/2022 21:33:52,1,-999,1250,3,1,1480
17/10/2022 21:34:08,1,-999,1250,3,1,1550
17/10/2022 21:34:24,1,-999,1250,3,1,1550
17/10/2022 21:34:40,1,-999,1250,3,1,1690
17/10/2022 21:34:56,1,-999,1250,3,1,1690
17/10/2022 21:35:12,1,-999,1250,3,1,1690
17/10/2022 21:35:28,1,-999,1250,3,1,1680
17/10/2022 21:35:44,1,900,1250,3,1,1680
17/10/2022 21:36:00,1,900,1250,3,1,1690
17/10/2022 21:36:16,1,900,1250,3,1,1690
17/10/2022 21:36:32,1,-999,1250,3,2,1700
17/10/2022 21:36:48,1,-999,1250,3,2,1700
17/10/2022 21:37:04,1,900,1250,3,1,1850
17/10/2022 21:37:20,1,900,1250,3,1,1850
17/10/2022 21:37:36,1,900,1250,3,1,1850
17/10/2022 21:37:52,1,900,1250,3,1,1910
17/10/2022 21:38:08,1,900,1250,3,1,1910
17/10/2022 21:38:24,1,900,1250,3,1,1940
17/10/2022 21:38:40,1,890,1250,3,1,1940
17/10/2022 21:38:56,1,890,1250,3,2,750
17/10/2022 21:39:12,1,890,1250,3,2,750
17/10/2022 21:39:28,1,-999,1250,3,2,770
17/10/2022 21:39:44,1,-999,1250,3,2,770
17/10/2022 21:40:00,1,-999,1250,3,2,770
17/10/2022 21:40:16,1,890,1250,3,2,750
17/10/2022 21:40:32,1,890,1250,3,2,750
17/10/2022 21:40:48,1,890,1250,3,2,750
17/10/2022 21:41:04,1,890,1250,3,2,750
17/10/2022 21:41:20,1,890,1250,3,2,740
17/10/2022 21:41:36,1,890,1250,3,2,740
17/10/2022 21:41:52,1,890,1250,3,1,1930
17/10/2022 21:42:08,1,900,1250,3,1,1930
17/10/2022 21:42:24,1,900,1250,3,1,1930
17/10/2022 21:42:40,1,900,1250,3,1,1970
17/10/2022 21:42:56,1,900,1250,3,1,1970
17/10/2022 21:43:12,1,900,1250,3,1,1930
17/10/2022 21:43:28,1,900,1250,3,1,1930
17/10/2022 21:43:44,1,900,1250,3,1,1900
17/10/2022 21:44:00,1,910,1250,3,1,1900
17/10/2022 21:44:16,1,900,1250,3,1,1890
17/10/2022 21:44:32,1,900,1250,3,1,1890
17/10/2022 21:44:48,1,900,1250,3,1,1890
17/10/2022 21:45:04,1,920,1250,3,1,1900
17/10/2022 21:45:20,1,900,1250,3,1,1900
17/10/2022 21:45:36,1,2030,1250,3,1,1920
17/10/2022 21:45:52,1,2030,1250,3,1,1920
17/10/2022 21:46:08,1,2020,1250,3,3,780
17/10/2022 21:46:24,1,2020,1250,3,3,780
17/10/2022 21:46:40,1,2020,1250,3,3,900
17/10/2022 21:46:56,1,2020,1250,3,3,900
17/10/2022 21:47:12,1,700,1250,3,3,900
17/10/2022 21:47:28,1,700,1250,3,2,950
17/10/2022 21:47:44,1,700,1250,3,2,950
17/10/2022 21:48:00,1,690,1250,3,2,1520
17/10/2022 21:48:16,1,690,1250,3,2,1520
17/10/2022 21:48:32,1,650,1250,3,2,1530
17/10/2022 21:48:48,1,1050,1250,3,2,1530
17/10/2022 21:49:04,1,1050,1250,3,1,880
17/10/2022 21:49:20,1,1050,1250,3,1,880
17/10/2022 21:49:36,1,1050,1250,3,1,880
17/10/2022 21:49:52,1,1050,1250,3,1,770
17/10/2022 21:50:08,1,1050,1250,3,1,770
17/10/2022 21:50:24,1,1050,1250,3,1,790
17/10/2022 21:50:40,1,1050,1250,3,1,790
17/10/2022 21:50:56,1,1050,1250,3,1,800
17/10/2022 21:51:12,1,1050,1250,3,1,800
17/10/2022 21:51:28,1,1050,1250,3,1,860
17/10/2022 21:51:44,1,1010,1250,3,1,860
17/10/2022 21:52:00,1,1010,1250,3,1,860
17/10/2022 21:52:16,1,1010,1250,3,2,850
17/10/2022 21:52:32,1,1010,1250,3,2,850
17/10/2022 21:52:48,1,1010,1250,3,1,1080
17/10/2022 21:53:04,1,1010,1250,3,1,1080
17/10/2022 21:53:20,1,1010,1250,3,1,1100
17/10/2022 21:53:36,1,-999,1250,3,1,1100
17/10/2022 21:53:52,1,1640,1250,3,1,1050
17/10/2022 21:54:08,1,1640,1250,3,1,1050
17/10/2022 21:54:24,1,1640,1250,3,1,1050
17/10/2022 21:54:40,1,1640,1250,3,1,1060
17/10/2022 21:54:56,1,1640,1250,3,1,1060
17/10/2022 21:55:12,1,1640,1250,3,1,1110
17/10/2022 21:55:28,1,1640,1250,3,1,1110
17/10/2022 21:55:44,1,1640,1250,3,1,1090
17/10/2022 21:56:00,1,-999,1250,3,1,1090
17/10/2022 21:56:16,1,-999,1250,3,1,1230
17/10/2022 21:56:32,1,-999,1250,3,1,1230
17/10/2022 21:56:48,1,-999,1250,3,1,1230
17/10/2022 21:57:04,1,-999,1250,3,1,1250
17/10/2022 21:57:20,1,-999,1250,3,1,1250
17/10/2022 21:57:36,1,-999,1250,3,1,1340
17/10/2022 21:57:52,1,-999,1250,3,1,1340
17/10/2022 21:58:08,1,-999,1250,3,2,1420
17/10/2022 21:58:24,1,-999,1250,3,2,1420
17/10/2022 21:58:40,1,-999,1250,3,1,1850
17/10/2022 21:58:56,1,-999,1250,3,1,1850
17/10/2022 21:59:12,1,-999,1250,3,1,1850
17/10/2022 21:59:28,1,-999,1250,3,1,1840
17/10/2022 21:59:44,1,-999,1250,3,1,1840
17/10/2022 22:00:00,1,-999,1010,3,1,1840
17/10/2022 22:00:16,1,-999,1010,3,1,1840
17/10/2022 22:00:32,1,-999,1010,3,1,1850
17/10/2022 22:00:48,1,-999,1010,3,1,1850
17/10/2022 22:01:04,1,-999,1010,3,2,1560
17/10/2022 22:01:20,1,-999,1010,3,2,1560
17/10/2022 22:01:36,1,-999,1010,3,2,1560
17/10/2022 22:01:52,1,-999,1010,3,1,1580
17/10/2022 22:02:08,1,-999,1010,3,1,1580
17/10/2022 22:02:24,1,-999,1010,3,2,1600
17/10/2022 22:02:40,1,-999,1010,3,2,1600
17/10/2022 22:02:56,1,1210,1010,3,1,1830
17/10/2022 22:03:12,1,1210,1010,3,1,1830
17/10/2022 22:03:28,1,1210,1010,3,1,1800
17/10/2022 22:03:44,1,1880,1010,3,1,1800
17/10/2022 22:04:00,1,1880,1010,3,1,1800
17/10/2022 22:04:16,1,1880,1010,3,1,1780
17/10/2022 22:04:32,1,1880,1010,3,1,1780
17/10/2022 22:04:48,1,1880,1010,3,1,1720
17/10/2022 22:05:04,1,1880,1010,3,1,1720
17/10/2022 22:05:20,1,1850,1010,3,1,1680
17/10/2022 22:05:36,1,1850,1010,3,1,1680
17/10/2022 22:05:52,1,1850,1010,3,1,1680
17/10/2022 22:06:08,1,1850,1010,3,1,1680
17/10/2022 22:06:24,1,1850,1010,3,1,1680
17/10/2022 22:06:40,1,1850,1010,3,1,1680
17/10/2022 22:06:56,1,1850,1010,3,1,1680
17/10/2022 22:07:12,1,1810,1010,3,1,1690
17/10/2022 22:07:28,1,1810,1010,3,1,1690
17/10/2022 22:07:44,1,1810,1010,3,1,1700
17/10/2022 22:08:00,1,1810,1010,3,1,1700
17/10/2022 22:08:16,1,1810,1010,3,1,1700
17/10/2022 22:08:32,1,1810,1010,3,1,1700
17/10/2022 22:08:48,1,1810,1010,3,1,1700
17/10/2022 22:09:04,1,1800,1010,3,1,1690
17/10/2022 22:09:20,1,1800,1010,3,1,1690
17/10/2022 22:09:36,1,1800,1010,3,1,1690
17/10/2022 22:09:52,1,1800,1010,3,1,1690
17/10/2022 22:10:08,1,1800,1010,3,1,1690
17/10/2022 22:10:24,1,1800,1010,3,1,1690
17/10/2022 22:10:40,1,1800,1010,3,1,1690
17/10/2022 22:10:56,1,1800,1010,3,1,1690
17/10/2022 22:11:12,1,1800,1010,3,1,1690
17/10/2022 22:11:28,1,1810,1010,3,1,1700
17/10/2022 22:11:44,1,1810,1010,3,1,1700
17/10/2022 22:12:00,1,1810,1010,3,1,1700
17/10/2022 22:12:16,1,1810,1010,3,1,1700
17/10/2022 22:12:32,1,1810,1010,3,1,1710
17/10/2022 22:12:48,1,1810,1010,3,1,1710
17/10/2022 22:13:04,1,1810,1010,3,1,1720
17/10/2022 22:13:20,1,1810,1010,3,1,1720
17/10/2022 22:13:36,1,1810,1010,3,1,1720
17/10/2022 22:13:52,1,1160,1010,3,1,1720
17/10/2022 22:14:08,1,1160,1010,3,1,1720
17/10/2022 22:14:24,1,1160,1010,3,1,1730
17/10/2022 22:14:40,1,1160,1010,3,1,1730
17/10/2022 22:14:56,1,1160,1010,3,1,1730
17/10/2022 22:15:12,1,1150,1010,3,1,1730
17/10/2022 22:15:28,1,1150,1010,3,1,1730
17/10/2022 22:15:44,1,1110,1010,3,1,1730
17/10/2022 22:16:00,1,1110,1010,3,1,1730
17/10/2022 22:16:16,1,1110,1010,3,1,1720
17/10/2022 22:16:32,1,1110,1010,3,1,1720
17/10/2022 22:16:48,1,1110,1010,3,1,1720
17/10/2022 22:17:04,1,1100,1010,3,1,1720
17/10/2022 22:17:20,1,1090,1010,3,1,1720
17/10/2022 22:17:36,1,1090,1010,3,1,1720
17/10/2022 22:17:52,1,1090,1010,3,1,1900
17/10/2022 22:18:08,1,1090,1010,3,1,1900
17/10/2022 22:18:24,1,1090,1010,3,1,1900
17/10/2022 22:18:40,1,1090,1010,3,1,1820
17/10/2022 22:18:56,1,1090,1010,3,1,1820
17/10/2022 22:19:12,1,1090,1010,3,1,1780
17/10/2022 22:19:28,1,1090,1010,3,1,1780
17/10/2022 22:19:44,1,1090,1010,3,1,1770
17/10/2022 22:20:00,1,1090,1010,3,1,1770
17/10/2022 22:20:16,1,1090,1010,3,1,1840
17/10/2022 22:20:32,1,1090,1010,3,1,1840
17/10/2022 22:20:48,1,1090,1010,3,1,1840
17/10/2022 22:21:04,1,1090,1010,3,1,1900
17/10/2022 22:21:20,1,1090,1010,3,1,1900
17/10/2022 22:21:36,1,1090,1010,3,1,1920
17/10/2022 22:21:52,1,1090,1010,3,1,1920
17/10/2022 22:22:08,1,1090,1010,3,1,1920
17/10/2022 22:22:24,1,1090,1010,3,1,1920
17/10/2022 22:22:40,1,1090,1010,3,1,1910
17/10/2022 22:22:56,1,1090,1010,3,1,1910
17/10/2022 22:23:12,1,1080,1010,3,1,1910
17/10/2022 22:23:28,1,1080,1010,3,1,1820
17/10/2022 22:23:44,1,1080,1010,3,1,1820
17/10/2022 22:24:00,1,1080,1010,3,1,1840
17/10/2022 22:24:16,1,1080,1010,3,1,1840
17/10/2022 22:24:32,1,1080,1010,3,1,1830
17/10/2022 22:24:48,1,1080,1010,3,1,1830
17/10/2022 22:25:04,1,1080,1010,3,1,1820
17/10/2022 22:25:20,1,1080,1010,3,1,1820
17/10/2022 22:25:36,1,1080,1010,3,1,1820
17/10/2022 22:25:52,1,1080,1010,3,1,1830
17/10/2022 22:26:08,1,1080,1010,3,1,1830
17/10/2022 22:26:24,1,1080,1010,3,1,1850
17/10/2022 22:26:40,1,1080,1010,3,1,1850
17/10/2022 22:26:56,1,1080,1010,3,1,1840
17/10/2022 22:27:12,1,1080,1010,3,1,1840
17/10/2022 22:27:28,1,1080,1010,3,1,1850
17/10/2022 22:27:44,1,1080,1010,3,1,1850
17/10/2022 22:28:00,1,1080,1010,3,1,1850
17/10/2022 22:28:16,1,1080,1010,3,1,1880
17/10/2022 22:28:32,1,1080,1010,3,1,1880
17/10/2022 22:28:48,1,1080,1010,3,1,1880
17/10/2022 22:29:04,1,1080,1010,3,1,1880
17/10/2022 22:29:20,1,2010,1010,3,1,1870
17/10/2022 22:29:36,1,2010,1010,3,1,1870
17/10/2022 22:29:52,1,2010,1010,3,1,1830
17/10/2022 22:30:08,1,2010,1010,3,1,1830
17/10/2022 22:30:24,1,890,1010,3,1,1830
17/10/2022 22:30:40,1,890,1010,3,1,1850
17/10/2022 22:30:56,1,890,1010,3,1,1850
17/10/2022 22:31:12,1,890,1010,3,1,1890
17/10/2022 22:31:28,1,880,1010,3,1,1890
17/10/2022 22:31:44,1,880,1010,3,1,1890
17/10/2022 22:32:00,1,880,1010,3,1,1890
17/10/2022 22:32:16,1,880,1010,3,1,1880
17/10/2022 22:32:32,1,880,1010,3,1,1880
17/10/2022 22:32:48,1,880,1010,3,1,1880
17/10/2022 22:33:04,1,880,1010,3,1,1930
17/10/2022 22:33:20,1,880,1010,3,1,1930
17/10/2022 22:33:36,1,870,1010,3,1,1960
17/10/2022 22:33:52,1,870,1010,3,1,1960
17/10/2022 22:34:08,1,870,1010,3,1,1940
17/10/2022 22:34:24,1,870,1010,3,1,1940
17/10/2022 22:34:40,1,870,1010,3,1,1920
17/10/2022 22:34:56,1,870,1010,3,1,1920
17/10/2022 22:35:12,1,870,1010,3,1,1920
17/10/2022 22:35:28,1,860,1010,3,1,1920
17/10/2022 22:35:44,1,860,1010,3,1,1920
17/10/2022 22:36:00,1,860,1010,3,1,1920
17/10/2022 22:36:16,1,860,1010,3,1,1920
17/10/2022 22:36:32,1,850,1010,3,1,1920
17/10/2022 22:36:48,1,850,1010,3,1,1920
17/10/2022 22:37:04,1,850,1010,3,1,1910
17/10/2022 22:37:20,1,850,1010,3,1,1910
17/10/2022 22:37:36,1,850,1010,3,1,1910
17/10/2022 22:37:52,1,850,1010,3,1,1910
17/10/2022 22:38:08,1,850,1010,3,1,1910
17/10/2022 22:38:24,1,850,1010,3,1,1910
17/10/2022 22:38:40,1,850,1010,3,1,1910
17/10/2022 22:38:56,1,850,1010,3,1,1920
17/10/2022 22:39:12,1,850,1010,3,1,1920
17/10/2022 22:39:28,1,850,1010,3,1,1920
17/10/2022 22:39:44,1,850,1010,3,1,1920
17/10/2022 22:40:00,1,850,1010,3,1,1920
17/10/2022 22:40:16,1,850,1010,3,1,1920
17/10/2022 22:40:32,1,860,1010,3,1,1920
17/10/2022 22:40:48,1,860,1010,3,1,1940
17/10/2022 22:41:04,1,860,1010,3,1,1940
17/10/2022 22:41:20,1,860,1010,3,1,1940
17/10/2022 22:41:36,1,860,1010,3,1,1940
17/10/2022 22:41:52,1,860,1010,3,1,1940
17/10/2022 22:42:08,1,860,1010,3,1,1940
17/10/2022 22:42:24,1,860,1010,3,1,1940
17/10/2022 22:42:40,1,860,1010,3,1,1940
17/10/2022 22:42:56,1,860,1010,3,1,1940
17/10/2022 22:43:12,1,860,1010,3,1,1940
17/10/2022 22:43:28,1,860,1010,3,1,1940
17/10/2022 22:43:44,1,870,1010,3,1,1950
17/10/2022 22:44:00,1,870,1010,3,1,1950
17/10/2022 22:44:16,1,870,1010,3,1,1970
17/10/2022 22:44:32,1,870,1010,3,1,1970
17/10/2022 22:44:48,1,870,1010,3,1,1970
17/10/2022 22:45:04,1,880,1010,3,1,1950
17/10/2022 22:45:20,1,880,1010,3,1,1950
17/10/2022 22:45:36,1,880,1010,3,1,1940
17/10/2022 22:45:52,1,880,1010,3,1,1940
17/10/2022 22:46:08,1,880,1010,3,1,1950
17/10/2022 22:46:24,1,890,1010,3,1,1950
17/10/2022 22:46:40,1,890,1010,3,1,1940
17/10/2022 22:46:56,1,890,1010,3,1,1940
17/10/2022 22:47:12,1,890,1010,3,1,1940
17/10/2022 22:47:28,1,890,1010,3,1,1950
17/10/2022 22:47:44,1,890,1010,3,1,1950
17/10/2022 22:48:00,1,900,1010,3,1,1930
17/10/2022 22:48:16,1,900,1010,3,1,1930
17/10/2022 22:48:32,1,900,1010,3,1,1930
17/10/2022 22:48:48,1,900,1010,3,1,1930
17/10/2022 22:49:04,1,900,1010,3,1,1920
17/10/2022 22:49:20,1,900,1010,3,1,1920
17/10/2022 22:49:36,1,900,1010,3,1,1920
17/10/2022 22:49:52,1,900,1010,3,1,1920
17/10/2022 22:50:08,1,900,1010,3,1,1920
17/10/2022 22:50:24,1,910,1010,3,1,1920
17/10/2022 22:50:40,1,910,1010,3,1,1920
17/10/2022 22:50:56,1,910,1010,3,1,1920
17/10/2022 22:51:12,1,920,1010,3,1,1920
17/10/2022 22:51:28,1,920,1010,3,1,1920
17/10/2022 22:51:44,1,920,1010,3,1,1920
17/10/2022 22:52:00,1,920,1010,3,1,1920
17/10/2022 22:52:16,1,2050,1010,3,1,1890
17/10/2022 22:52:32,1,2050,1010,3,1,1890
17/10/2022 22:52:48,1,2050,1010,3,1,1900
17/10/2022 22:53:04,1,2050,1010,3,1,1900
17/10/2022 22:53:20,1,2050,1010,3,1,1920
17/10/2022 22:53:36,1,2050,1010,3,1,1920
17/10/2022 22:53:52,1,2050,1010,3,1,1940
17/10/2022 22:54:08,1,2050,1010,3,1,1940
17/10/2022 22:54:24,1,2050,1010,3,1,1940
17/10/2022 22:54:40,1,2060,1010,3,1,1930
17/10/2022 22:54:56,1,2060,1010,3,1,1930
17/10/2022 22:55:12,1,2070,1010,3,1,1930
17/10/2022 22:55:28,1,2070,1010,3,1,1930
17/10/2022 22:55:44,1,2070,1010,3,1,1930
17/10/2022 22:56:00,1,2070,1010,3,1,1930
17/10/2022 22:56:16,1,2070,1010,3,1,1930
17/10/2022 22:56:32,1,2070,1010,3,1,1930
17/10/2022 22:56:48,1,2070,1010,3,1,1930
17/10/2022 22:57:04,1,2070,1010,3,1,1930
17/10/2022 22:57:20,1,2070,1010,3,1,1930
17/10/2022 22:57:36,1,2070,1010,3,1,1930
17/10/2022 22:57:52,1,2070,1010,3,1,1930
17/10/2022 22:58:08,1,2060,1010,3,1,1910
17/10/2022 22:58:24,1,2060,1010,3,1,1910
17/10/2022 22:58:40,1,2060,1010,3,1,1920
17/10/2022 22:58:56,1,2060,1010,3,1,1920
17/10/2022 22:59:12,1,2060,1010,3,1,1920
17/10/2022 22:59:28,1,2060,1010,3,1,1920
17/10/2022 22:59:44,1,2060,1010,3,1,1920
17/10/2022 23:00:00,1,2060,870,3,1,1920
17/10/2022 23:00:16,1,2060,870,3,1,1920
17/10/2022 23:00:32,1,2060,870,3,1,1870
17/10/2022 23:00:48,1,2050,870,3,1,1870
17/10/2022 23:01:04,1,2050,870,3,1,1860
17/10/2022 23:01:20,1,2050,870,3,1,1860
17/10/2022 23:01:36,1,2050,870,3,1,1860
17/10/2022 23:01:52,1,2050,870,3,1,1850
17/10/2022 23:02:08,1,2050,870,3,1,1850
17/10/2022 23:02:24,1,2050,870,3,1,1920
17/10/2022 23:02:40,1,2050,870,3,1,1920
17/10/2022 23:02:56,1,2050,870,3,1,1920
17/10/2022 23:03:12,1,2050,870,3,1,1920
17/10/2022 23:03:28,1,2050,870,3,1,1920
17/10/2022 23:03:44,1,2050,870,3,1,1920
17/10/2022 23:04:00,1,2050,870,3,1,1920
17/10/2022 23:04:16,1,2050,870,3,1,1920
17/10/2022 23:04:32,1,2060,870,3,1,1920
17/10/2022 23:04:48,1,2060,870,3,1,1900
17/10/2022 23:05:04,1,2060,870,3,1,1900
17/10/2022 23:05:20,1,2060,870,3,1,1910
17/10/2022 23:05:36,1,2060,870,3,1,1910
17/10/2022 23:05:52,1,2050,870,3,1,1890
17/10/2022 23:06:08,1,2050,870,3,1,1890
17/10/2022 23:06:24,1,2040,870,3,1,1890
17/10/2022 23:06:40,1,2040,870,3,1,1900
17/10/2022 23:06:56,1,2040,870,3,1,1900
17/10/2022 23:07:12,1,2040,870,3,1,1880
17/10/2022 23:07:28,1,2040,870,3,1,1880
17/10/2022 23:07:44,1,2040,870,3,1,1880
17/10/2022 23:08:00,1,2040,870,3,1,1880
17/10/2022 23:08:16,1,2040,870,3,1,1880
17/10/2022 23:08:32,1,2040,870,3,1,1880
17/10/2022 23:08:48,1,2040,870,3,1,1880
17/10/2022 23:09:04,1,2030,870,3,1,1880
17/10/2022 23:09:20,1,2030,870,3,1,1880
17/10/2022 23:09:36,1,2030,870,3,1,1900
17/10/2022 23:09:52,1,2030,870,3,1,1900
17/10/2022 23:10:08,1,2030,870,3,1,1910
17/10/2022 23:10:24,1,2030,870,3,1,1910
17/10/2022 23:10:40,1,2030,870,3,1,1910
17/10/2022 23:10:56,1,2030,870,3,1,1910
17/10/2022 23:11:12,1,2030,870,3,1,1910
17/10/2022 23:11:28,1,2030,870,3,1,1910
17/10/2022 23:11:44,1,2030,870,3,1,1910
17/10/2022 23:12:00,1,2040,870,3,1,1930
17/10/2022 23:12:16,1,2040,870,3,1,1930
17/10/2022 23:12:32,1,2040,870,3,1,1880
17/10/2022 23:12:48,1,2040,870,3,1,1880
17/10/2022 23:13:04,1,750,870,3,1,1880
17/10/2022 23:13:20,1,750,870,3,1,1880
17/10/2022 23:13:36,1,750,870,3,1,1880
17/10/2022 23:13:52,1,760,870,3,1,1910
17/10/2022 23:14:08,1,760,870,3,1,1910
17/10/2022 23:14:24,1,760,870,3,1,1910
17/10/2022 23:14:40,1,760,870,3,1,1910
17/10/2022 23:14:56,1,770,870,3,1,1880
17/10/2022 23:15:12,1,780,870,3,1,1880
17/10/2022 23:15:28,1,780,870,3,1,1880
17/10/2022 23:15:44,1,790,870,3,1,1880
17/10/2022 23:16:00,1,790,870,3,1,1880
17/10/2022 23:16:16,1,790,870,3,1,1920
17/10/2022 23:16:32,1,790,870,3,1,1920
17/10/2022 23:16:48,1,790,870,3,1,1920
17/10/2022 23:17:04,1,790,870,3,1,1920
17/10/2022 23:17:20,1,800,870,3,1,1930
17/10/2022 23:17:36,1,800,870,3,1,1930
17/10/2022 23:17:52,1,800,870,3,1,1930
17/10/2022 23:18:08,1,800,870,3,1,1930
17/10/2022 23:18:24,1,800,870,3,1,1930
17/10/2022 23:18:40,1,800,870,3,1,1930
17/10/2022 23:18:56,1,800,870,3,1,1930
17/10/2022 23:19:12,1,800,870,3,1,1920
17/10/2022 23:19:28,1,800,870,3,1,1920
17/10/2022 23:19:44,1,800,870,3,1,1900
17/10/2022 23:20:00,1,800,870,3,1,1900
17/10/2022 23:20:16,1,800,870,3,1,1900
17/10/2022 23:20:32,1,790,870,3,1,1900
17/10/2022 23:20:48,1,790,870,3,1,1900
17/10/2022 23:21:04,1,790,870,3,1,1920
17/10/2022 23:21:20,1,790,870,3,1,1920
17/10/2022 23:21:36,1,790,870,3,1,1930
17/10/2022 23:21:52,1,780,870,3,1,1930
17/10/2022 23:22:08,1,740,870,3,1,1930
17/10/2022 23:22:24,1,740,870,3,1,1930
17/10/2022 23:22:40,1,740,870,3,1,1950
17/10/2022 23:22:56,1,740,870,3,1,1950
17/10/2022 23:23:12,1,740,870,3,1,1950
17/10/2022 23:23:28,1,740,870,3,1,1920
17/10/2022 23:23:44,1,740,870,3,1,1920
17/10/2022 23:24:00,1,730,870,3,1,1910
17/10/2022 23:24:16,1,730,870,3,1,1910
17/10/2022 23:24:32,1,730,870,3,1,1910
17/10/2022 23:24:48,1,730,870,3,1,1910
17/10/2022 23:25:04,1,730,870,3,1,1900
17/10/2022 23:25:20,1,730,870,3,1,1900
17/10/2022 23:25:36,1,730,870,3,1,1900
17/10/2022 23:25:52,1,730,870,3,1,1920
17/10/2022 23:26:08,1,730,870,3,1,1920
17/10/2022 23:26:24,1,730,870,3,1,1930
17/10/2022 23:26:40,1,720,870,3,1,1930
17/10/2022 23:26:56,1,720,870,3,1,1930
17/10/2022 23:27:12,1,700,870,3,1,1930
17/10/2022 23:27:28,1,700,870,3,1,1920
17/10/2022 23:27:44,1,690,870,3,1,1920
17/10/2022 23:28:00,1,690,870,3,1,1920
17/10/2022 23:28:16,1,690,870,3,1,1950
17/10/2022 23:28:32,1,680,870,3,1,1950
17/10/2022 23:28:48,1,680,870,3,1,1920
17/10/2022 23:29:04,1,680,870,3,1,1920
17/10/2022 23:29:20,1,670,870,3,1,1910
17/10/2022 23:29:36,1,670,870,3,1,1910
17/10/2022 23:29:52,1,670,870,3,1,1890
17/10/2022 23:30:08,1,670,870,3,1,1890
17/10/2022 23:30:24,1,670,870,3,1,1890
17/10/2022 23:30:40,1,670,870,3,1,1920
17/10/2022 23:30:56,1,670,870,3,1,1920
17/10/2022 23:31:12,1,670,870,3,1,1910
17/10/2022 23:31:28,1,670,870,3,1,1910
17/10/2022 23:31:44,1,670,870,3,1,1910
17/10/2022 23:32:00,1,670,870,3,1,1910
17/10/2022 23:32:16,1,670,870,3,1,1910
17/10/2022 23:32:32,1,670,870,3,1,1910
17/10/2022 23:32:48,1,670,870,3,1,1910
17/10/2022 23:33:04,1,670,870,3,1,1900
17/10/2022 23:33:20,1,670,870,3,1,1900
17/10/2022 23:33:36,1,680,870,3,1,1880
17/10/2022 23:33:52,1,680,870,3,1,1880
17/10/2022 23:34:08,1,680,870,3,1,1870
17/10/2022 23:34:24,1,680,870,3,1,1870
17/10/2022 23:34:40,1,690,870,3,1,1870
17/10/2022 23:34:56,1,690,870,3,1,1870
17/10/2022 23:35:12,1,690,870,3,1,1870
17/10/2022 23:35:28,1,690,870,3,1,1890
17/10/2022 23:35:44,1,690,870,3,1,1890
17/10/2022 23:36:00,1,690,870,3,1,1910
17/10/2022 23:36:16,1,690,870,3,1,1910
17/10/2022 23:36:32,1,690,870,3,1,1920
17/10/2022 23:36:48,1,690,870,3,1,1920
17/10/2022 23:37:04,1,680,870,3,1,1870
17/10/2022 23:37:20,1,680,870,3,1,1870
17/10/2022 23:37:36,1,680,870,3,1,1870
17/10/2022 23:37:52,1,680,870,3,1,1870
17/10/2022 23:38:08,1,680,870,3,1,1870
17/10/2022 23:38:24,1,680,870,3,1,1890
17/10/2022 23:38:40,1,680,870,3,1,1890
17/10/2022 23:38:56,1,680,870,3,1,1880
17/10/2022 23:39:12,1,680,870,3,1,1880
17/10/2022 23:39:28,1,680,870,3,1,1880
17/10/2022 23:39:44,1,690,870,3,1,1880
17/10/2022 23:40:00,1,690,870,3,1,1880
17/10/2022 23:40:16,1,690,870,3,1,1910
17/10/2022 23:40:32,1,690,870,3,1,1910
17/10/2022 23:40:48,1,700,870,3,1,1920
17/10/2022 23:41:04,1,700,870,3,1,1920
17/10/2022 23:41:20,1,700,870,3,1,1920
17/10/2022 23:41:36,1,700,870,3,1,1920
17/10/2022 23:41:52,1,700,870,3,1,1920
17/10/2022 23:42:08,1,710,870,3,1,1920
17/10/2022 23:42:24,1,710,870,3,1,1920
17/10/2022 23:42:40,1,710,870,3,1,1940
17/10/2022 23:42:56,1,710,870,3,1,1940
17/10/2022 23:43:12,1,720,870,3,1,1940
17/10/2022 23:43:28,1,720,870,3,1,1940
17/10/2022 23:43:44,1,720,870,3,1,1950
17/10/2022 23:44:00,1,720,870,3,1,1950
17/10/2022 23:44:16,1,720,870,3,1,1940
17/10/2022 23:44:32,1,720,870,3,1,1940
17/10/2022 23:44:48,1,720,870,3,1,1940
17/10/2022 23:45:04,1,720,870,3,1,1920
17/10/2022 23:45:20,1,720,870,3,1,1920
17/10/2022 23:45:36,1,720,870,3,1,1920
17/10/2022 23:45:52,1,720,870,3,1,1920
17/10/2022 23:46:08,1,720,870,3,1,1900
17/10/2022 23:46:24,1,720,870,3,1,1900
17/10/2022 23:46:40,1,720,870,3,1,1920
17/10/2022 23:46:56,1,720,870,3,1,1920
17/10/2022 23:47:12,1,710,870,3,1,1920
17/10/2022 23:47:28,1,710,870,3,1,1890
17/10/2022 23:47:44,1,710,870,3,1,1890
17/10/2022 23:48:00,1,710,870,3,1,1890
17/10/2022 23:48:16,1,700,870,3,1,1890
17/10/2022 23:48:32,1,700,870,3,1,1920
17/10/2022 23:48:48,1,700,870,3,1,1920
17/10/2022 23:49:04,1,700,870,3,1,1910
17/10/2022 23:49:20,1,700,870,3,1,1910
17/10/2022 23:49:36,1,700,870,3,1,1910
17/10/2022 23:49:52,1,700,870,3,1,1920
17/10/2022 23:50:08,1,700,870,3,1,1920
17/10/2022 23:50:24,1,700,870,3,1,1920
17/10/2022 23:50:40,1,700,870,3,1,1920
17/10/2022 23:50:56,1,700,870,3,1,1920
17/10/2022 23:51:12,1,700,870,3,1,1920
17/10/2022 23:51:28,1,700,870,3,1,1910
17/10/2022 23:51:44,1,700,870,3,1,1910
17/10/2022 23:52:00,1,700,870,3,1,1910
17/10/2022 23:52:16,1,700,870,3,1,1910
17/10/2022 23:52:32,1,700,870,3,1,1910
17/10/2022 23:52:48,1,700,870,3,1,1930
17/10/2022 23:53:04,1,700,870,3,1,1930
17/10/2022 23:53:20,1,700,870,3,1,1920
17/10/2022 23:53:36,1,690,870,3,1,1920
17/10/2022 23:53:52,1,690,870,3,1,1910
17/10/2022 23:54:08,1,690,870,3,1,1910
17/10/2022 23:54:24,1,690,870,3,1,1910
17/10/2022 23:54:40,1,690,870,3,1,1900
17/10/2022 23:54:56,1,690,870,3,1,1900
17/10/2022 23:55:12,1,690,870,3,1,1910
17/10/2022 23:55:28,1,690,870,3,1,1910
17/10/2022 23:55:44,1,690,870,3,1,1920
17/10/2022 23:56:00,1,690,870,3,1,1920
17/10/2022 23:56:16,1,680,870,3,1,1920
17/10/2022 23:56:32,1,680,870,3,1,1920
17/10/2022 23:56:48,1,680,870,3,1,1920
17/10/2022 23:57:04,1,680,870,3,1,1890
17/10/2022 23:57:20,1,680,870,3,1,1890
17/10/2022 23:57:36,1,680,870,3,1,1900
17/10/2022 23:57:52,1,680,870,3,1,1900
17/10/2022 23:58:08,1,680,870,3,1,1890
17/10/2022 23:58:24,1,680,870,3,1,1890
17/10/2022 23:58:40,1,680,870,3,1,1880
17/10/2022 23:58:56,1,680,870,3,1,1880
17/10/2022 23:59:12,1,680,870,3,1,1880
17/10/2022 23:59:28,1,680,870,3,1,1880
17/10/2022 23:59:44,1,680,870,3,1,1880
18/10/2022 00:00:00,2,680,700,3,2,1870
18/10/2022 00:00:16,2,680,700,3,2,1870
18/10/2022 00:00:32,2,680,700,3,2,1880
18/10/2022 00:00:48,2,680,700,3,2,1880
18/10/2022 00:01:04,2,680,700,3,1,1870
18/10/2022 00:01:20,2,680,700,3,1,1870
18/10/2022 00:01:36,2,680,700,3,1,1870
18/10/2022 00:01:52,2,680,700,3,1,1880
18/10/2022 00:02:08,2,680,700,3,1,1880
18/10/2022 00:02:24,2,690,700,3,1,1870
18/10/2022 00:02:40,2,690,700,3,1,1870
18/10/2022 00:02:56,2,690,700,3,2,1870
18/10/2022 00:03:12,2,690,700,3,2,1870
18/10/2022 00:03:28,2,690,700,3,1,7310
18/10/2022 00:03:44,2,690,700,3,1,7310
18/10/2022 00:04:00,2,700,700,3,1,7310
18/10/2022 00:04:16,2,700,700,3,1,7260
18/10/2022 00:04:32,2,700,700,3,1,7260
18/10/2022 00:04:48,2,710,700,3,1,7260
18/10/2022 00:05:04,2,710,700,3,1,7260
18/10/2022 00:05:20,2,710,700,3,1,7200
18/10/2022 00:05:36,2,710,700,3,1,7200
18/10/2022 00:05:52,2,720,700,3,1,7280
18/10/2022 00:06:08,2,720,700,3,1,7280
18/10/2022 00:06:24,2,720,700,3,1,7280
18/10/2022 00:06:40,2,720,700,3,1,7290
18/10/2022 00:06:56,2,720,700,3,1,7290
18/10/2022 00:07:12,2,720,700,3,1,7290
18/10/2022 00:07:28,2,720,700,3,1,7290
18/10/2022 00:07:44,2,730,700,3,1,7290
18/10/2022 00:08:00,2,730,700,3,1,7290
18/10/2022 00:08:16,2,730,700,3,1,7290
18/10/2022 00:08:32,2,730,700,3,1,7290
18/10/2022 00:08:48,2,740,700,3,1,7290
18/10/2022 00:09:04,2,740,700,3,1,7250
18/10/2022 00:09:20,2,740,700,3,1,7250
18/10/2022 00:09:36,2,750,700,3,0,-999
18/10/2022 00:09:52,2,750,700,3,0,-999
18/10/2022 00:10:08,2,750,700,3,0,-999
18/10/2022 00:10:24,2,750,700,3,0,-999
18/10/2022 00:10:40,2,760,700,3,0,-999
18/10/2022 00:10:56,2,590,700,3,0,-999
18/10/2022 00:11:12,2,760,700,3,0,-999
18/10/2022 00:11:28,2,760,700,3,0,-999
18/10/2022 00:11:44,2,760,700,3,0,-999
18/10/2022 00:12:00,2,770,700,3,0,-999
18/10/2022 00:12:16,2,770,700,3,0,-999
18/10/2022 00:12:32,2,770,700,3,0,-999
18/10/2022 00:12:48,2,770,700,3,0,-999
18/10/2022 00:13:04,2,770,700,3,0,-999
18/10/2022 00:13:20,2,770,700,3,0,-999
18/10/2022 00:13:36,2,770,700,3,0,-999
18/10/2022 00:13:52,2,770,700,3,0,-999
18/10/2022 00:14:08,2,780,700,3,0,-999
18/10/2022 00:14:24,2,780,700,3,0,-999
18/10/2022 00:14:40,2,780,700,3,0,-999
18/10/2022 00:14:56,2,780,700,3,0,-999
18/10/2022 00:15:12,2,780,700,3,0,-999
18/10/2022 00:15:28,2,770,700,3,0,-999
18/10/2022 00:15:44,2,770,700,3,0,-999
18/10/2022 00:16:00,2,770,700,3,0,-999
18/10/2022 00:16:16,2,770,700,3,0,-999
18/10/2022 00:16:32,2,770,700,3,0,-999
18/10/2022 00:16:48,2,770,700,3,0,-999
18/10/2022 00:17:04,2,770,700,3,0,-999
18/10/2022 00:17:20,2,770,700,3,0,-999
18/10/2022 00:17:36,2,770,700,3,0,-999
18/10/2022 00:17:52,2,770,700,3,0,-999
18/10/2022 00:18:08,2,770,700,3,0,-999
18/10/2022 00:18:24,2,770,700,3,0,-999
18/10/2022 00:18:40,2,770,700,3,0,-999
18/10/2022 00:18:56,2,770,700,3,0,-999
18/10/2022 00:19:12,2,770,700,3,0,-999
18/10/2022 00:19:28,2,770,700,3,0,-999
18/10/2022 00:19:44,2,770,700,3,0,-999
18/10/2022 00:20:00,2,780,700,3,0,-999
18/10/2022 00:20:16,2,780,700,3,0,-999
18/10/2022 00:20:32,2,780,700,3,0,-999
18/10/2022 00:20:48,2,780,700,3,0,-999
18/10/2022 00:21:04,2,780,700,3,0,-999
18/10/2022 00:21:20,2,790,700,3,0,-999
18/10/2022 00:21:36,2,790,700,3,0,-999
18/10/2022 00:21:52,2,790,700,3,0,-999
18/10/2022 00:22:08,2,790,700,3,0,-999
18/10/2022 00:22:24,2,800,700,3,0,-999
18/10/2022 00:22:40,2,800,700,3,0,-999
18/10/2022 00:22:56,2,800,700,3,0,-999
18/10/2022 00:23:12,2,800,700,3,0,-999
18/10/2022 00:23:28,2,800,700,3,0,-999
18/10/2022 00:23:44,2,800,700,3,0,-999
18/10/2022 00:24:00,2,800,700,3,0,-999
18/10/2022 00:24:16,2,10,700,3,0,-999
18/10/2022 00:24:32,2,10,700,3,0,-999
18/10/2022 00:24:48,2,10,700,3,0,-999
18/10/2022 00:25:04,2,10,700,3,0,-999
18/10/2022 00:25:20,2,50,700,3,0,-999
18/10/2022 00:25:36,2,60,700,3,0,-999
18/10/2022 00:25:52,2,60,700,3,0,-999
18/10/2022 00:26:08,2,60,700,3,0,-999
18/10/2022 00:26:24,2,60,700,3,0,-999
18/10/2022 00:26:40,2,60,700,3,0,-999
18/10/2022 00:26:56,2,60,700,3,0,-999
18/10/2022 00:27:12,2,60,700,3,0,-999
18/10/2022 00:27:28,2,60,700,3,0,-999
18/10/2022 00:27:44,2,60,700,3,0,-999
18/10/2022 00:28:00,2,60,700,3,0,-999
18/10/2022 00:28:16,2,60,700,3,0,-999
18/10/2022 00:28:32,2,60,700,3,0,-999
18/10/2022 00:28:48,2,60,700,3,0,-999
18/10/2022 00:29:04,2,60,700,3,0,-999
18/10/2022 00:29:20,2,60,700,3,0,-999
18/10/2022 00:29:36,2,70,700,3,0,-999
18/10/2022 00:29:52,2,70,700,3,0,-999
18/10/2022 00:30:08,2,70,700,3,0,-999
18/10/2022 00:30:24,2,70,700,3,0,-999
18/10/2022 00:30:40,2,80,700,3,0,-999
18/10/2022 00:30:56,2,80,700,3,0,-999
18/10/2022 00:31:12,2,80,700,3,0,-999
18/10/2022 00:31:28,2,80,700,3,0,-999
18/10/2022 00:31:44,2,80,700,3,0,-999
18/10/2022 00:32:00,2,10,700,3,0,-999
18/10/2022 00:32:16,2,90,700,3,0,-999
18/10/2022 00:32:32,2,90,700,3,0,-999
18/10/2022 00:32:48,2,90,700,3,0,-999
18/10/2022 00:33:04,2,90,700,3,0,-999
18/10/2022 00:33:20,2,90,700,3,0,-999
18/10/2022 00:33:36,2,90,700,3,0,-999
18/10/2022 00:33:52,2,90,700,3,0,-999
18/10/2022 00:34:08,2,100,700,3,0,-999
18/10/2022 00:34:24,2,100,700,3,0,-999
18/10/2022 00:34:40,2,100,700,3,0,-999
18/10/2022 00:34:56,2,100,700,3,0,-999
18/10/2022 00:35:12,2,100,700,3,0,-999
18/10/2022 00:35:28,2,100,700,3,0,-999
18/10/2022 00:35:44,2,100,700,3,0,-999
18/10/2022 00:36:00,2,100,700,3,0,-999
18/10/2022 00:36:16,2,100,700,3,0,-999
18/10/2022 00:36:32,2,100,700,3,0,-999
18/10/2022 00:36:48,2,100,700,3,0,-999
18/10/2022 00:37:04,2,100,700,3,0,-999
18/10/2022 00:37:20,2,100,700,3,0,-999
18/10/2022 00:37:36,2,100,700,3,0,-999
18/10/2022 00:37:52,2,100,700,3,0,-999
18/10/2022 00:38:08,2,100,700,3,0,-999
18/10/2022 00:38:24,2,110,700,3,0,-999
18/10/2022 00:38:40,2,10,700,3,0,-999
18/10/2022 00:38:56,2,110,700,3,0,-999
18/10/2022 00:39:12,2,110,700,3,0,-999
18/10/2022 00:39:28,2,110,700,3,0,-999
18/10/2022 00:39:44,2,110,700,3,0,-999
18/10/2022 00:40:00,2,110,700,3,0,-999
18/10/2022 00:40:16,2,110,700,3,0,-999
18/10/2022 00:40:32,2,110,700,3,0,-999
18/10/2022 00:40:48,2,110,700,3,0,-999
18/10/2022 00:41:04,2,110,700,3,0,-999
18/10/2022 00:41:20,2,110,700,3,0,-999
18/10/2022 00:41:36,2,120,700,3,0,-999
18/10/2022 00:41:52,2,120,700,3,0,-999
18/10/2022 00:42:08,2,120,700,3,0,-999
18/10/2022 00:42:24,2,120,700,3,0,-999
18/10/2022 00:42:40,2,120,700,3,0,-999
18/10/2022 00:42:56,2,120,700,3,0,-999
18/10/2022 00:43:12,2,120,700,3,0,-999
18/10/2022 00:43:28,2,130,700,3,0,-999
18/10/2022 00:43:44,2,130,700,3,0,-999
18/10/2022 00:44:00,2,130,700,3,0,-999
18/10/2022 00:44:16,2,130,700,3,0,-999
18/10/2022 00:44:32,2,130,700,3,0,-999
18/10/2022 00:44:48,2,130,700,3,0,-999
18/10/2022 00:45:04,2,130,700,3,0,-999
18/10/2022 00:45:20,2,130,700,3,0,-999
18/10/2022 00:45:36,2,130,700,3,0,-999
18/10/2022 00:45:52,2,130,700,3,0,-999
18/10/2022 00:46:08,2,130,700,3,0,-999
18/10/2022 00:46:24,2,140,700,3,0,-999
18/10/2022 00:46:40,2,140,700,3,0,-999
18/10/2022 00:46:56,2,140,700,3,0,-999
18/10/2022 00:47:12,2,140,700,3,0,-999
18/10/2022 00:47:28,2,140,700,3,0,-999
18/10/2022 00:47:44,2,140,700,3,0,-999
18/10/2022 00:48:00,2,140,700,3,0,-999
18/10/2022 00:48:16,2,140,700,3,0,-999
18/10/2022 00:48:32,2,140,700,3,0,-999
18/10/2022 00:48:48,2,140,700,3,0,-999
18/10/2022 00:49:04,2,140,700,3,0,-999
18/10/2022 00:49:20,2,140,700,3,0,-999
18/10/2022 00:49:36,2,140,700,3,0,-999
18/10/2022 00:49:52,2,140,700,3,0,-999
18/10/2022 00:50:08,2,140,700,3,0,-999
18/10/2022 00:50:24,2,140,700,3,0,-999
18/10/2022 00:50:40,2,150,700,3,0,-999
18/10/2022 00:50:56,2,150,700,3,0,-999
18/10/2022 00:51:12,2,150,700,3,0,-999
18/10/2022 00:51:28,2,150,700,3,0,-999
18/10/2022 00:51:44,2,150,700,3,0,-999
18/10/2022 00:52:00,2,150,700,3,0,-999
18/10/2022 00:52:16,2,150,700,3,0,-999
18/10/2022 00:52:32,2,150,700,3,0,-999
18/10/2022 00:52:48,2,150,700,3,0,-999
18/10/2022 00:53:04,2,150,700,3,0,-999
18/10/2022 00:53:20,2,150,700,3,0,-999
18/10/2022 00:53:36,2,150,700,3,0,-999
18/10/2022 00:53:52,2,150,700,3,0,-999
18/10/2022 00:54:08,2,150,700,3,0,-999
18/10/2022 00:54:24,2,150,700,3,0,-999
18/10/2022 00:54:40,2,140,700,3,0,-999
18/10/2022 00:54:56,2,140,700,3,0,-999
18/10/2022 00:55:12,2,140,700,3,0,-999
18/10/2022 00:55:28,2,140,700,3,0,-999
18/10/2022 00:55:44,2,140,700,3,0,-999
18/10/2022 00:56:00,2,140,700,3,0,-999
18/10/2022 00:56:16,2,140,700,3,0,-999
18/10/2022 00:56:32,2,140,700,3,0,-999
18/10/2022 00:56:48,2,140,700,3,0,-999
18/10/2022 00:57:04,2,140,700,3,0,-999
18/10/2022 00:57:20,2,140,700,3,0,-999
18/10/2022 00:57:36,2,140,700,3,0,-999
18/10/2022 00:57:52,2,140,700,3,0,-999
18/10/2022 00:58:08,2,140,700,3,0,-999
18/10/2022 00:58:24,2,140,700,3,0,-999
18/10/2022 00:58:40,2,140,700,3,0,-999
18/10/2022 00:58:56,2,140,700,3,0,-999
18/10/2022 00:59:12,2,140,700,3,0,-999
18/10/2022 00:59:28,2,140,700,3,0,-999
18/10/2022 00:59:44,2,140,700,3,0,-999
18/10/2022 01:00:00,2,140,120,3,0,-999
18/10/2022 01:00:16,2,140,120,3,0,-999
18/10/2022 01:00:32,2,140,120,3,0,-999
18/10/2022 01:00:48,2,140,120,3,0,-999
18/10/2022 01:01:04,2,140,120,3,0,-999
18/10/2022 01:01:20,2,140,120,3,0,-999
18/10/2022 01:01:36,2,140,120,3,0,-999
18/10/2022 01:01:52,2,140,120,3,0,-999
18/10/2022 01:02:08,2,140,120,3,0,-999
18/10/2022 01:02:24,2,140,120,3,0,-999
18/10/2022 01:02:40,2,140,120,3,0,-999
18/10/2022 01:02:56,2,140,120,3,0,-999
18/10/2022 01:03:12,2,140,120,3,0,-999
18/10/2022 01:03:28,2,140,120,3,0,-999
18/10/2022 01:03:44,2,140,120,3,0,-999
18/10/2022 01:04:00,2,140,120,3,0,-999
18/10/2022 01:04:16,2,140,120,3,0,-999
18/10/2022 01:04:32,2,140,120,3,0,-999
18/10/2022 01:04:48,2,140,120,3,0,-999
18/10/2022 01:05:04,2,140,120,3,0,-999
18/10/2022 01:05:20,2,140,120,3,0,-999
18/10/2022 01:05:36,2,130,120,3,0,-999
18/10/2022 01:05:52,2,130,120,3,0,-999
18/10/2022 01:06:08,2,130,120,3,0,-999
18/10/2022 01:06:24,2,130,120,3,0,-999
18/10/2022 01:06:40,2,130,120,3,0,-999
18/10/2022 01:06:56,2,130,120,3,0,-999
18/10/2022 01:07:12,2,130,120,3,0,-999
18/10/2022 01:07:28,2,140,120,3,0,-999
18/10/2022 01:07:44,2,140,120,3,0,-999
18/10/2022 01:08:00,2,140,120,3,0,-999
18/10/2022 01:08:16,2,140,120,3,0,-999
18/10/2022 01:08:32,2,140,120,3,0,-999
18/10/2022 01:08:48,2,140,120,3,0,-999
18/10/2022 01:09:04,2,140,120,3,0,-999
18/10/2022 01:09:20,2,140,120,3,0,-999
18/10/2022 01:09:36,2,140,120,3,0,-999
18/10/2022 01:09:52,2,140,120,3,0,-999
18/10/2022 01:10:08,2,140,120,3,0,-999
18/10/2022 01:10:24,2,140,120,3,0,-999
18/10/2022 01:10:40,2,140,120,3,0,-999
18/10/2022 01:10:56,2,140,120,3,0,-999
18/10/2022 01:11:12,2,140,120,3,0,-999
18/10/2022 01:11:28,2,140,120,3,0,-999
18/10/2022 01:11:44,2,140,120,3,0,-999
18/10/2022 01:12:00,2,140,120,3,0,-999
18/10/2022 01:12:16,2,140,120,3,0,-999
18/10/2022 01:12:32,2,140,120,3,0,-999
18/10/2022 01:12:48,2,140,120,3,0,-999
18/10/2022 01:13:04,2,140,120,3,0,-999
18/10/2022 01:13:20,2,140,120,3,0,-999
18/10/2022 01:13:36,2,140,120,3,0,-999
18/10/2022 01:13:52,2,140,120,3,0,-999
18/10/2022 01:14:08,2,140,120,3,0,-999
18/10/2022 01:14:24,2,130,120,3,0,-999
18/10/2022 01:14:40,2,130,120,3,0,-999
18/10/2022 01:14:56,2,130,120,3,0,-999
18/10/2022 01:15:12,2,130,120,3,0,-999
18/10/2022 01:15:28,2,130,120,3,0,-999
18/10/2022 01:15:44,2,130,120,3,0,-999
18/10/2022 01:16:00,2,130,120,3,0,-999
18/10/2022 01:16:16,2,130,120,3,0,-999
18/10/2022 01:16:32,2,130,120,3,0,-999
18/10/2022 01:16:48,2,130,120,3,0,-999
18/10/2022 01:17:04,2,130,120,3,0,-999
18/10/2022 01:17:20,2,130,120,3,0,-999
18/10/2022 01:17:36,2,130,120,3,0,-999
18/10/2022 01:17:52,2,120,120,3,0,-999
18/10/2022 01:18:08,2,120,120,3,0,-999
18/10/2022 01:18:24,2,120,120,3,0,-999
18/10/2022 01:18:40,2,130,120,3,0,-999
18/10/2022 01:18:56,2,130,120,3,0,-999
18/10/2022 01:19:12,2,130,120,3,0,-999
18/10/2022 01:19:28,2,130,120,3,0,-999
18/10/2022 01:19:44,2,130,120,3,0,-999
18/10/2022 01:20:00,2,130,120,3,0,-999
18/10/2022 01:20:16,2,130,120,3,0,-999
18/10/2022 01:20:32,2,130,120,3,0,-999
18/10/2022 01:20:48,2,130,120,3,0,-999
18/10/2022 01:21:04,2,130,120,3,0,-999
18/10/2022 01:21:20,2,120,120,3,0,-999
18/10/2022 01:21:36,2,120,120,3,0,-999
18/10/2022 01:21:52,2,120,120,3,0,-999
18/10/2022 01:22:08,2,120,120,3,0,-999
18/10/2022 01:22:24,2,120,120,3,0,-999
18/10/2022 01:22:40,2,120,120,3,0,-999
18/10/2022 01:22:56,2,120,120,3,0,-999
18/10/2022 01:23:12,2,110,120,3,0,-999
18/10/2022 01:23:28,2,110,120,3,0,-999
18/10/2022 01:23:44,2,110,120,3,0,-999
18/10/2022 01:24:00,2,110,120,3,0,-999
18/10/2022 01:24:16,2,110,120,3,0,-999
18/10/2022 01:24:32,2,110,120,3,0,-999
18/10/2022 01:24:48,2,110,120,3,0,-999
18/10/2022 01:25:04,2,110,120,3,0,-999
18/10/2022 01:25:20,2,110,120,3,0,-999
18/10/2022 01:25:36,2,110,120,3,0,-999
18/10/2022 01:25:52,2,110,120,3,0,-999
18/10/2022 01:26:08,2,110,120,3,0,-999
18/10/2022 01:26:24,2,120,120,3,0,-999
18/10/2022 01:26:40,2,120,120,3,0,-999
18/10/2022 01:26:56,2,110,120,3,0,-999
18/10/2022 01:27:12,2,110,120,3,0,-999
18/10/2022 01:27:28,2,110,120,3,0,-999
18/10/2022 01:27:44,2,110,120,3,0,-999
18/10/2022 01:28:00,2,110,120,3,0,-999
18/10/2022 01:28:16,2,110,120,3,0,-999
18/10/2022 01:28:32,2,110,120,3,0,-999
18/10/2022 01:28:48,2,110,120,3,0,-999
18/10/2022 01:29:04,2,110,120,3,0,-999
18/10/2022 01:29:20,2,110,120,3,0,-999
18/10/2022 01:29:36,2,110,120,3,0,-999
18/10/2022 01:29:52,2,110,120,3,0,-999
18/10/2022 01:30:08,2,120,120,3,0,-999
18/10/2022 01:30:24,2,120,120,3,0,-999
18/10/2022 01:30:40,2,120,120,3,0,-999
18/10/2022 01:30:56,2,120,120,3,0,-999
18/10/2022 01:31:12,2,120,120,3,0,-999
18/10/2022 01:31:28,2,120,120,3,0,-999
18/10/2022 01:31:44,2,120,120,3,0,-999
18/10/2022 01:32:00,2,120,120,3,0,-999
18/10/2022 01:32:16,2,120,120,3,0,-999
18/10/2022 01:32:32,2,120,120,3,0,-999
18/10/2022 01:32:48,2,120,120,3,0,-999
18/10/2022 01:33:04,2,120,120,3,0,-999
18/10/2022 01:33:20,2,120,120,3,0,-999
18/10/2022 01:33:36,2,120,120,3,0,-999
18/10/2022 01:33:52,2,110,120,3,0,-999
18/10/2022 01:34:08,2,110,120,3,0,-999
18/10/2022 01:34:24,2,110,120,3,0,-999
18/10/2022 01:34:40,2,110,120,3,0,-999
18/10/2022 01:34:56,2,110,120,3,0,-999
18/10/2022 01:35:12,2,110,120,3,0,-999
18/10/2022 01:35:28,2,110,120,3,0,-999
18/10/2022 01:35:44,2,110,120,3,0,-999
18/10/2022 01:36:00,2,110,120,3,0,-999
18/10/2022 01:36:16,2,110,120,3,0,-999
18/10/2022 01:36:32,2,110,120,3,0,-999
18/10/2022 01:36:48,2,110,120,3,0,-999
18/10/2022 01:37:04,2,10,120,3,0,-999
18/10/2022 01:37:20,2,120,120,3,0,-999
18/10/2022 01:37:36,2,120,120,3,0,-999
18/10/2022 01:37:52,2,120,120,3,0,-999
18/10/2022 01:38:08,2,120,120,3,0,-999
18/10/2022 01:38:24,2,10,120,3,0,-999
18/10/2022 01:38:40,2,120,120,3,0,-999
18/10/2022 01:38:56,2,120,120,3,0,-999
18/10/2022 01:39:12,2,120,120,3,0,-999
18/10/2022 01:39:28,2,120,120,3,0,-999
18/10/2022 01:39:44,2,120,120,3,0,-999
18/10/2022 01:40:00,2,120,120,3,0,-999
18/10/2022 01:40:16,2,120,120,3,0,-999
18/10/2022 01:40:32,2,120,120,3,0,-999
18/10/2022 01:40:48,2,120,120,3,0,-999
18/10/2022 01:41:04,2,120,120,3,0,-999
18/10/2022 01:41:20,2,120,120,3,0,-999
18/10/2022 01:41:36,2,120,120,3,0,-999
18/10/2022 01:41:52,2,120,120,3,0,-999
18/10/2022 01:42:08,2,120,120,3,0,-999
18/10/2022 01:42:24,2,120,120,3,0,-999
18/10/2022 01:42:40,2,120,120,3,0,-999
18/10/2022 01:42:56,2,120,120,3,0,-999
18/10/2022 01:43:12,2,120,120,3,0,-999
18/10/2022 01:43:28,2,120,120,3,0,-999
18/10/2022 01:43:44,2,120,120,3,0,-999
18/10/2022 01:44:00,2,120,120,3,0,-999
18/10/2022 01:44:16,2,120,120,3,0,-999
18/10/2022 01:44:32,2,120,120,3,0,-999
18/10/2022 01:44:48,2,120,120,3,0,-999
18/10/2022 01:45:04,2,120,120,3,0,-999
18/10/2022 01:45:20,2,120,120,3,0,-999
18/10/2022 01:45:36,2,120,120,3,0,-999
18/10/2022 01:45:52,2,120,120,3,0,-999
18/10/2022 01:46:08,2,130,120,3,0,-999
18/10/2022 01:46:24,2,130,120,3,0,-999
18/10/2022 01:46:40,2,130,120,3,0,-999
18/10/2022 01:46:56,2,130,120,3,0,-999
18/10/2022 01:47:12,2,140,120,3,0,-999
18/10/2022 01:47:28,2,140,120,3,0,-999
18/10/2022 01:47:44,2,140,120,3,0,-999
18/10/2022 01:48:00,2,140,120,3,0,-999
18/10/2022 01:48:16,2,140,120,3,0,-999
18/10/2022 01:48:32,2,140,120,3,0,-999
18/10/2022 01:48:48,2,140,120,3,0,-999
18/10/2022 01:49:04,2,140,120,3,0,-999
18/10/2022 01:49:20,2,140,120,3,0,-999
18/10/2022 01:49:36,2,140,120,3,0,-999
18/10/2022 01:49:52,2,140,120,3,0,-999
18/10/2022 01:50:08,2,140,120,3,0,-999
18/10/2022 01:50:24,2,140,120,3,0,-999
18/10/2022 01:50:40,2,140,120,3,0,-999
18/10/2022 01:50:56,2,140,120,3,0,-999
18/10/2022 01:51:12,2,140,120,3,0,-999
18/10/2022 01:51:28,2,140,120,3,0,-999
18/10/2022 01:51:44,2,140,120,3,0,-999
18/10/2022 01:52:00,2,130,120,3,0,-999
18/10/2022 01:52:16,2,130,120,3,0,-999
18/10/2022 01:52:32,2,130,120,3,0,-999
18/10/2022 01:52:48,2,130,120,3,0,-999
18/10/2022 01:53:04,2,130,120,3,0,-999
18/10/2022 01:53:20,2,130,120,3,0,-999
18/10/2022 01:53:36,2,130,120,3,0,-999
18/10/2022 01:53:52,2,130,120,3,0,-999
18/10/2022 01:54:08,2,130,120,3,0,-999
18/10/2022 01:54:24,2,140,120,3,0,-999
18/10/2022 01:54:40,2,130,120,3,0,-999
18/10/2022 01:54:56,2,140,120,3,0,-999
18/10/2022 01:55:12,2,130,120,3,0,-999
18/10/2022 01:55:28,2,130,120,3,0,-999
18/10/2022 01:55:44,2,130,120,3,0,-999
18/10/2022 01:56:00,2,130,120,3,0,-999
18/10/2022 01:56:16,2,130,120,3,0,-999
18/10/2022 01:56:32,2,130,120,3,0,-999
18/10/2022 01:56:48,2,130,120,3,0,-999
18/10/2022 01:57:04,2,140,120,3,0,-999
18/10/2022 01:57:20,2,140,120,3,0,-999
18/10/2022 01:57:36,2,140,120,3,0,-999
18/10/2022 01:57:52,2,140,120,3,0,-999
18/10/2022 01:58:08,2,140,120,3,0,-999
18/10/2022 01:58:24,2,140,120,3,0,-999
18/10/2022 01:58:40,2,140,120,3,0,-999
18/10/2022 01:58:56,2,150,120,3,0,-999
18/10/2022 01:59:12,2,150,120,3,0,-999
18/10/2022 01:59:28,2,150,120,3,0,-999
18/10/2022 01:59:44,2,150,120,3,0,-999
18/10/2022 02:00:00,3,150,130,3,0,-999
18/10/2022 02:00:16,3,140,130,3,0,-999
18/10/2022 02:00:32,3,140,130,3,0,-999
18/10/2022 02:00:48,3,140,130,3,0,-999
18/10/2022 02:01:04,3,140,130,3,0,-999
18/10/2022 02:01:20,3,140,130,3,0,-999
18/10/2022 02:01:36,3,130,130,3,0,-999
18/10/2022 02:01:52,3,130,130,3,0,-999
18/10/2022 02:02:08,3,130,130,3,0,-999
18/10/2022 02:02:24,3,130,130,3,0,-999
18/10/2022 02:02:40,3,130,130,3,0,-999
18/10/2022 02:02:56,3,140,130,3,0,-999
18/10/2022 02:03:12,3,140,130,3,0,-999
18/10/2022 02:03:28,3,140,130,3,0,-999
18/10/2022 02:03:44,3,140,130,3,0,-999
18/10/2022 02:04:00,3,140,130,3,0,-999
18/10/2022 02:04:16,3,140,130,3,0,-999
18/10/2022 02:04:32,3,140,130,3,0,-999
18/10/2022 02:04:48,3,140,130,3,0,-999
18/10/2022 02:05:04,3,150,130,3,0,-999
18/10/2022 02:05:20,3,150,130,3,0,-999
18/10/2022 02:05:36,3,140,130,3,0,-999
18/10/2022 02:05:52,3,140,130,3,0,-999
18/10/2022 02:06:08,3,140,130,3,0,-999
18/10/2022 02:06:24,3,140,130,3,0,-999
18/10/2022 02:06:40,3,140,130,3,0,-999
18/10/2022 02:06:56,3,140,130,3,0,-999
18/10/2022 02:07:12,3,140,130,3,0,-999
18/10/2022 02:07:28,3,140,130,3,0,-999
18/10/2022 02:07:44,3,140,130,3,0,-999
18/10/2022 02:08:00,3,140,130,3,0,-999
18/10/2022 02:08:16,3,140,130,3,0,-999
18/10/2022 02:08:32,3,140,130,3,0,-999
18/10/2022 02:08:48,3,140,130,3,0,-999
18/10/2022 02:09:04,3,140,130,3,0,-999
18/10/2022 02:09:20,3,140,130,3,0,-999
18/10/2022 02:09:36,3,140,130,3,0,-999
18/10/2022 02:09:52,3,140,130,3,0,-999
18/10/2022 02:10:08,3,140,130,3,0,-999
18/10/2022 02:10:24,3,140,130,3,0,-999
18/10/2022 02:10:40,3,140,130,3,0,-999
18/10/2022 02:10:56,3,140,130,3,0,-999
18/10/2022 02:11:12,3,140,130,3,0,-999
18/10/2022 02:11:28,3,140,130,3,0,-999
18/10/2022 02:11:44,3,150,130,3,0,-999
18/10/2022 02:12:00,3,780,130,3,1,720
18/10/2022 02:12:16,3,780,130,3,1,720
18/10/2022 02:12:32,3,780,130,3,1,730
18/10/2022 02:12:48,3,780,130,3,1,730
18/10/2022 02:13:04,3,440,130,3,0,-999
18/10/2022 02:13:20,3,450,130,3,0,-999
18/10/2022 02:13:36,3,450,130,3,0,-999
18/10/2022 02:13:52,3,60,130,3,0,-999
18/10/2022 02:14:08,3,10,130,3,0,-999
18/10/2022 02:14:24,3,110,130,3,0,-999
18/10/2022 02:14:40,3,100,130,3,0,-999
18/10/2022 02:14:56,3,90,130,3,0,-999
18/10/2022 02:15:12,3,90,130,3,0,-999
18/10/2022 02:15:28,3,40,130,3,0,-999
18/10/2022 02:15:44,3,130,130,3,0,-999
18/10/2022 02:16:00,3,130,130,3,0,-999
18/10/2022 02:16:16,3,130,130,3,0,-999
18/10/2022 02:16:32,3,130,130,3,0,-999
18/10/2022 02:16:48,3,810,130,3,1,770
18/10/2022 02:17:04,3,810,130,3,1,770
18/10/2022 02:17:20,3,810,130,3,1,760
18/10/2022 02:17:36,3,810,130,3,1,760
18/10/2022 02:17:52,3,810,130,3,1,770
18/10/2022 02:18:08,3,810,130,3,1,770
18/10/2022 02:18:24,3,810,130,3,1,770
18/10/2022 02:18:40,3,690,130,3,0,-999
18/10/2022 02:18:56,3,690,130,3,0,-999
18/10/2022 02:19:12,3,40,130,3,0,-999
18/10/2022 02:19:28,3,40,130,3,0,-999
18/10/2022 02:19:44,3,70,130,3,0,-999
18/10/2022 02:20:00,3,70,130,3,0,-999
18/10/2022 02:20:16,3,50,130,3,0,-999
18/10/2022 02:20:32,3,60,130,3,0,-999
18/10/2022 02:20:48,3,60,130,3,0,-999
18/10/2022 02:21:04,3,60,130,3,0,-999
18/10/2022 02:21:20,3,120,130,3,0,-999
18/10/2022 02:21:36,3,120,130,3,0,-999
18/10/2022 02:21:52,3,110,130,3,0,-999
18/10/2022 02:22:08,3,110,130,3,0,-999
18/10/2022 02:22:24,3,110,130,3,0,-999
18/10/2022 02:22:40,3,100,130,3,0,-999
18/10/2022 02:22:56,3,100,130,3,0,-999
18/10/2022 02:23:12,3,100,130,3,0,-999
18/10/2022 02:23:28,3,100,130,3,0,-999
18/10/2022 02:23:44,3,100,130,3,0,-999
18/10/2022 02:24:00,3,100,130,3,0,-999
18/10/2022 02:24:16,3,100,130,3,0,-999
18/10/2022 02:24:32,3,100,130,3,0,-999
18/10/2022 02:24:48,3,90,130,3,0,-999
18/10/2022 02:25:04,3,90,130,3,0,-999
18/10/2022 02:25:20,3,60,130,3,0,-999
18/10/2022 02:25:36,3,30,130,3,0,-999
18/10/2022 02:25:52,3,30,130,3,0,-999
18/10/2022 02:26:08,3,10,130,3,0,-999
18/10/2022 02:26:24,3,30,130,3,0,-999
18/10/2022 02:26:40,3,790,130,3,0,-999
18/10/2022 02:26:56,3,830,130,3,1,1880
18/10/2022 02:27:12,3,830,130,3,1,1880
18/10/2022 02:27:28,3,810,130,3,1,1860
18/10/2022 02:27:44,3,810,130,3,1,1860
18/10/2022 02:28:00,3,810,130,3,1,1860
18/10/2022 02:28:16,3,790,130,3,0,-999
18/10/2022 02:28:32,3,790,130,3,0,-999
18/10/2022 02:28:48,3,800,130,3,1,1860
18/10/2022 02:29:04,3,800,130,3,1,1860
18/10/2022 02:29:20,3,800,130,3,1,1880
18/10/2022 02:29:36,3,800,130,3,1,1880
18/10/2022 02:29:52,3,800,130,3,1,1870
18/10/2022 02:30:08,3,800,130,3,1,1870
18/10/2022 02:30:24,3,800,130,3,1,1870
18/10/2022 02:30:40,3,800,130,3,1,1850
18/10/2022 02:30:56,3,800,130,3,1,1850
18/10/2022 02:31:12,3,800,130,3,1,1860
18/10/2022 02:31:28,3,800,130,3,1,1860
18/10/2022 02:31:44,3,800,130,3,1,1840
18/10/2022 02:32:00,3,800,130,3,1,1840
18/10/2022 02:32:16,3,800,130,3,1,1850
18/10/2022 02:32:32,3,800,130,3,1,1850
18/10/2022 02:32:48,3,800,130,3,1,1850
18/10/2022 02:33:04,3,800,130,3,1,1820
18/10/2022 02:33:20,3,800,130,3,1,1820
18/10/2022 02:33:36,3,800,130,3,1,1830
18/10/2022 02:33:52,3,800,130,3,1,1830
18/10/2022 02:34:08,3,790,130,3,0,-999
18/10/2022 02:34:24,3,790,130,3,0,-999
18/10/2022 02:34:40,3,790,130,3,0,-999
18/10/2022 02:34:56,3,790,130,3,0,-999
18/10/2022 02:35:12,3,790,130,3,0,-999
18/10/2022 02:35:28,3,790,130,3,0,-999
18/10/2022 02:35:44,3,790,130,3,0,-999
18/10/2022 02:36:00,3,790,130,3,0,-999
18/10/2022 02:36:16,3,800,130,3,0,-999
18/10/2022 02:36:32,3,800,130,3,0,-999
18/10/2022 02:36:48,3,800,130,3,0,-999
18/10/2022 02:37:04,3,800,130,3,0,-999
18/10/2022 02:37:20,3,800,130,3,0,-999
18/10/2022 02:37:36,3,800,130,3,0,-999
18/10/2022 02:37:52,3,800,130,3,0,-999
18/10/2022 02:38:08,3,790,130,3,0,-999
18/10/2022 02:38:24,3,790,130,3,0,-999
18/10/2022 02:38:40,3,790,130,3,0,-999
18/10/2022 02:38:56,3,790,130,3,0,-999
18/10/2022 02:39:12,3,790,130,3,0,-999
18/10/2022 02:39:28,3,790,130,3,1,8640
18/10/2022 02:39:44,3,800,130,3,1,8640
18/10/2022 02:40:00,3,800,130,3,1,8640
18/10/2022 02:40:16,3,800,130,3,1,8640
18/10/2022 02:40:32,3,800,130,3,1,8640
18/10/2022 02:40:48,3,800,130,3,0,-999
18/10/2022 02:41:04,3,800,130,3,0,-999
18/10/2022 02:41:20,3,800,130,3,0,-999
18/10/2022 02:41:36,3,800,130,3,0,-999
18/10/2022 02:41:52,3,800,130,3,0,-999
18/10/2022 02:42:08,3,810,130,3,0,-999
18/10/2022 02:42:24,3,810,130,3,0,-999
18/10/2022 02:42:40,3,810,130,3,0,-999
18/10/2022 02:42:56,3,810,130,3,0,-999
18/10/2022 02:43:12,3,810,130,3,0,-999
18/10/2022 02:43:28,3,820,130,3,0,-999
18/10/2022 02:43:44,3,820,130,3,0,-999
18/10/2022 02:44:00,3,820,130,3,0,-999
18/10/2022 02:44:16,3,830,130,3,0,-999
18/10/2022 02:44:32,3,830,130,3,0,-999
18/10/2022 02:44:48,3,830,130,3,0,-999
18/10/2022 02:45:04,3,830,130,3,0,-999
18/10/2022 02:45:20,3,840,130,3,0,-999
18/10/2022 02:45:36,3,840,130,3,0,-999
18/10/2022 02:45:52,3,840,130,3,0,-999
18/10/2022 02:46:08,3,850,130,3,0,-999
18/10/2022 02:46:24,3,850,130,3,0,-999
18/10/2022 02:46:40,3,860,130,3,0,-999
18/10/2022 02:46:56,3,860,130,3,0,-999
18/10/2022 02:47:12,3,860,130,3,0,-999
18/10/2022 02:47:28,3,860,130,3,0,-999
18/10/2022 02:47:44,3,860,130,3,0,-999
18/10/2022 02:48:00,3,860,130,3,0,-999
18/10/2022 02:48:16,3,860,130,3,0,-999
18/10/2022 02:48:32,3,860,130,3,0,-999
18/10/2022 02:48:48,3,860,130,3,0,-999
18/10/2022 02:49:04,3,860,130,3,0,-999
18/10/2022 02:49:20,3,860,130,3,0,-999
18/10/2022 02:49:36,3,850,130,3,0,-999
18/10/2022 02:49:52,3,850,130,3,0,-999
18/10/2022 02:50:08,3,850,130,3,0,-999
18/10/2022 02:50:24,3,850,130,3,0,-999
18/10/2022 02:50:40,3,850,130,3,0,-999
18/10/2022 02:50:56,3,850,130,3,0,-999
18/10/2022 02:51:12,3,850,130,3,0,-999
18/10/2022 02:51:28,3,850,130,3,0,-999
18/10/2022 02:51:44,3,850,130,3,0,-999
18/10/2022 02:52:00,3,850,130,3,0,-999
18/10/2022 02:52:16,3,850,130,3,0,-999
18/10/2022 02:52:32,3,850,130,3,0,-999
18/10/2022 02:52:48,3,850,130,3,0,-999
18/10/2022 02:53:04,3,850,130,3,0,-999
18/10/2022 02:53:20,3,850,130,3,0,-999
18/10/2022 02:53:36,3,850,130,3,0,-999
18/10/2022 02:53:52,3,850,130,3,0,-999
18/10/2022 02:54:08,3,820,130,3,0,-999
18/10/2022 02:54:24,3,860,130,3,0,-999
18/10/2022 02:54:40,3,860,130,3,0,-999
18/10/2022 02:54:56,3,860,130,3,0,-999
18/10/2022 02:55:12,3,870,130,3,1,1820
18/10/2022 02:55:28,3,870,130,3,1,1820
18/10/2022 02:55:44,3,870,130,3,1,1820
18/10/2022 02:56:00,3,880,130,3,1,1820
18/10/2022 02:56:16,3,880,130,3,1,1810
18/10/2022 02:56:32,3,880,130,3,1,1810
18/10/2022 02:56:48,3,880,130,3,1,1810
18/10/2022 02:57:04,3,880,130,3,1,1810
18/10/2022 02:57:20,3,880,130,3,1,1810
18/10/2022 02:57:36,3,880,130,3,1,1810
18/10/2022 02:57:52,3,880,130,3,1,1810
18/10/2022 02:58:08,3,880,130,3,1,1810
18/10/2022 02:58:24,3,880,130,3,1,1810
18/10/2022 02:58:40,3,880,130,3,1,1810
18/10/2022 02:58:56,3,880,130,3,1,1810
18/10/2022 02:59:12,3,880,130,3,1,1810
18/10/2022 02:59:28,3,880,130,3,1,1810
18/10/2022 02:59:44,3,880,130,3,1,1810
18/10/2022 03:00:00,2,880,810,3,1,1810
18/10/2022 03:00:16,2,880,810,3,1,1810
18/10/2022 03:00:32,2,880,810,3,1,1810
18/10/2022 03:00:48,2,880,810,3,1,1810
18/10/2022 03:01:04,2,890,810,3,1,1800
18/10/2022 03:01:20,2,890,810,3,1,1800
18/10/2022 03:01:36,2,890,810,3,1,1800
18/10/2022 03:01:52,2,890,810,3,1,1800
18/10/2022 03:02:08,2,890,810,3,1,1800
18/10/2022 03:02:24,2,870,810,3,0,-999
18/10/2022 03:02:40,2,870,810,3,0,-999
18/10/2022 03:02:56,2,870,810,3,0,-999
18/10/2022 03:03:12,2,870,810,3,0,-999
18/10/2022 03:03:28,2,870,810,3,0,-999
18/10/2022 03:03:44,2,870,810,3,0,-999
18/10/2022 03:04:00,2,870,810,3,0,-999
18/10/2022 03:04:16,2,870,810,3,0,-999
18/10/2022 03:04:32,2,870,810,3,0,-999
18/10/2022 03:04:48,2,900,810,3,1,1800
18/10/2022 03:05:04,2,910,810,3,1,1800
18/10/2022 03:05:20,2,910,810,3,1,1800
18/10/2022 03:05:36,2,910,810,3,1,1800
18/10/2022 03:05:52,2,910,810,3,1,1800
18/10/2022 03:06:08,2,910,810,3,1,1800
18/10/2022 03:06:24,2,910,810,3,1,1800
18/10/2022 03:06:40,2,840,810,3,0,-999
18/10/2022 03:06:56,2,840,810,3,0,-999
18/10/2022 03:07:12,2,910,810,3,1,1770
18/10/2022 03:07:28,2,910,810,3,1,1770
18/10/2022 03:07:44,2,830,810,3,0,-999
18/10/2022 03:08:00,2,830,810,3,0,-999
18/10/2022 03:08:16,2,910,810,3,1,650
18/10/2022 03:08:32,2,910,810,3,1,650
18/10/2022 03:08:48,2,900,810,3,1,650
18/10/2022 03:09:04,2,900,810,3,1,710
18/10/2022 03:09:20,2,890,810,3,1,710
18/10/2022 03:09:36,2,460,810,3,0,-999
18/10/2022 03:09:52,2,460,810,3,0,-999
18/10/2022 03:10:08,2,840,810,3,1,1790
18/10/2022 03:10:24,2,840,810,3,1,1790
18/10/2022 03:10:40,2,840,810,3,1,1790
18/10/2022 03:10:56,2,840,810,3,1,1790
18/10/2022 03:11:12,2,840,810,3,1,1790
18/10/2022 03:11:28,2,840,810,3,1,1790
18/10/2022 03:11:44,2,840,810,3,1,1790
18/10/2022 03:12:00,2,840,810,3,1,1790
18/10/2022 03:12:16,2,840,810,3,1,1790
18/10/2022 03:12:32,2,840,810,3,1,1780
18/10/2022 03:12:48,2,840,810,3,1,1780
18/10/2022 03:13:04,2,840,810,3,1,1770
18/10/2022 03:13:20,2,840,810,3,1,1770
18/10/2022 03:13:36,2,840,810,3,1,1770
18/10/2022 03:13:52,2,840,810,3,1,1760
18/10/2022 03:14:08,2,810,810,3,1,1760
18/10/2022 03:14:24,2,810,810,3,1,1730
18/10/2022 03:14:40,2,810,810,3,1,1730
18/10/2022 03:14:56,2,810,810,3,1,1720
18/10/2022 03:15:12,2,810,810,3,1,1720
18/10/2022 03:15:28,2,810,810,3,1,1750
18/10/2022 03:15:44,2,810,810,3,1,1750
18/10/2022 03:16:00,2,810,810,3,1,1750
18/10/2022 03:16:16,2,820,810,3,1,1740
18/10/2022 03:16:32,2,820,810,3,1,1740
18/10/2022 03:16:48,2,240,810,3,0,-999
18/10/2022 03:17:04,2,250,810,3,0,-999
18/10/2022 03:17:20,2,820,810,3,1,1740
18/10/2022 03:17:36,2,820,810,3,1,1740
18/10/2022 03:17:52,2,820,810,3,1,1750
18/10/2022 03:18:08,2,830,810,3,1,1750
18/10/2022 03:18:24,2,830,810,3,1,1750
18/10/2022 03:18:40,2,830,810,3,1,1750
18/10/2022 03:18:56,2,840,810,3,1,1750
18/10/2022 03:19:12,2,840,810,3,1,1740
18/10/2022 03:19:28,2,840,810,3,1,1740
18/10/2022 03:19:44,2,850,810,3,1,1730
18/10/2022 03:20:00,2,850,810,3,1,1730
18/10/2022 03:20:16,2,850,810,3,1,1750
18/10/2022 03:20:32,2,850,810,3,1,1750
18/10/2022 03:20:48,2,850,810,3,1,1750
18/10/2022 03:21:04,2,850,810,3,1,1750
18/10/2022 03:21:20,2,860,810,3,1,1750
18/10/2022 03:21:36,2,240,810,3,0,-999
18/10/2022 03:21:52,2,240,810,3,0,-999
18/10/2022 03:22:08,2,240,810,3,0,-999
18/10/2022 03:22:24,2,240,810,3,0,-999
18/10/2022 03:22:40,2,240,810,3,0,-999
18/10/2022 03:22:56,2,240,810,3,0,-999
18/10/2022 03:23:12,2,240,810,3,0,-999
18/10/2022 03:23:28,2,240,810,3,0,-999
18/10/2022 03:23:44,2,240,810,3,0,-999
18/10/2022 03:24:00,2,240,810,3,0,-999
18/10/2022 03:24:16,2,240,810,3,0,-999
18/10/2022 03:24:32,2,240,810,3,0,-999
18/10/2022 03:24:48,2,240,810,3,0,-999
18/10/2022 03:25:04,2,240,810,3,0,-999
18/10/2022 03:25:20,2,240,810,3,0,-999
18/10/2022 03:25:36,2,240,810,3,0,-999
18/10/2022 03:25:52,2,240,810,3,0,-999
18/10/2022 03:26:08,2,230,810,3,0,-999
18/10/2022 03:26:24,2,230,810,3,0,-999
18/10/2022 03:26:40,2,230,810,3,0,-999
18/10/2022 03:26:56,2,230,810,3,0,-999
18/10/2022 03:27:12,2,230,810,3,0,-999
18/10/2022 03:27:28,2,230,810,3,0,-999
18/10/2022 03:27:44,2,220,810,3,0,-999
18/10/2022 03:28:00,2,220,810,3,0,-999
18/10/2022 03:28:16,2,220,810,3,0,-999
18/10/2022 03:28:32,2,220,810,3,0,-999
18/10/2022 03:28:48,2,220,810,3,0,-999
18/10/2022 03:29:04,2,220,810,3,0,-999
18/10/2022 03:29:20,2,900,810,3,1,1750
18/10/2022 03:29:36,2,900,810,3,1,1750
18/10/2022 03:29:52,2,900,810,3,1,1740
18/10/2022 03:30:08,2,900,810,3,1,1740
18/10/2022 03:30:24,2,900,810,3,1,1740
18/10/2022 03:30:40,2,900,810,3,1,1770
18/10/2022 03:30:56,2,900,810,3,1,1770
18/10/2022 03:31:12,2,900,810,3,1,1750
18/10/2022 03:31:28,2,900,810,3,1,1750
18/10/2022 03:31:44,2,900,810,3,1,1760
18/10/2022 03:32:00,2,900,810,3,1,1760
18/10/2022 03:32:16,2,210,810,3,0,-999
18/10/2022 03:32:32,2,210,810,3,0,-999
18/10/2022 03:32:48,2,210,810,3,0,-999
18/10/2022 03:33:04,2,210,810,3,0,-999
18/10/2022 03:33:20,2,210,810,3,0,-999
18/10/2022 03:33:36,2,200,810,3,0,-999
18/10/2022 03:33:52,2,200,810,3,0,-999
18/10/2022 03:34:08,2,200,810,3,0,-999
18/10/2022 03:34:24,2,170,810,3,0,-999
18/10/2022 03:34:40,2,170,810,3,0,-999
18/10/2022 03:34:56,2,160,810,3,0,-999
18/10/2022 03:35:12,2,160,810,3,0,-999
18/10/2022 03:35:28,2,150,810,3,0,-999
18/10/2022 03:35:44,2,150,810,3,0,-999
18/10/2022 03:36:00,2,140,810,3,0,-999
18/10/2022 03:36:16,2,140,810,3,0,-999
18/10/2022 03:36:32,2,130,810,3,0,-999
18/10/2022 03:36:48,2,130,810,3,0,-999
18/10/2022 03:37:04,2,120,810,3,0,-999
18/10/2022 03:37:20,2,110,810,3,0,-999
18/10/2022 03:37:36,2,110,810,3,0,-999
18/10/2022 03:37:52,2,90,810,3,0,-999
18/10/2022 03:38:08,2,90,810,3,0,-999
18/10/2022 03:38:24,2,80,810,3,0,-999
18/10/2022 03:38:40,2,70,810,3,0,-999
18/10/2022 03:38:56,2,60,810,3,0,-999
18/10/2022 03:39:12,2,60,810,3,0,-999
18/10/2022 03:39:28,2,60,810,3,0,-999
18/10/2022 03:39:44,2,60,810,3,0,-999
18/10/2022 03:40:00,2,60,810,3,0,-999
18/10/2022 03:40:16,2,60,810,3,0,-999
18/10/2022 03:40:32,2,60,810,3,0,-999
18/10/2022 03:40:48,2,10,810,3,0,-999
18/10/2022 03:41:04,2,60,810,3,0,-999
18/10/2022 03:41:20,2,60,810,3,0,-999
18/10/2022 03:41:36,2,60,810,3,0,-999
18/10/2022 03:41:52,2,60,810,3,0,-999
18/10/2022 03:42:08,2,60,810,3,0,-999
18/10/2022 03:42:24,2,60,810,3,0,-999
18/10/2022 03:42:40,2,60,810,3,0,-999
18/10/2022 03:42:56,2,60,810,3,0,-999
18/10/2022 03:43:12,2,60,810,3,0,-999
18/10/2022 03:43:28,2,60,810,3,0,-999
18/10/2022 03:43:44,2,60,810,3,0,-999
18/10/2022 03:44:00,2,60,810,3,0,-999
18/10/2022 03:44:16,2,60,810,3,0,-999
18/10/2022 03:44:32,2,60,810,3,0,-999
18/10/2022 03:44:48,2,60,810,3,0,-999
18/10/2022 03:45:04,2,60,810,3,0,-999
18/10/2022 03:45:20,2,60,810,3,0,-999
18/10/2022 03:45:36,2,60,810,3,0,-999
18/10/2022 03:45:52,2,60,810,3,0,-999
18/10/2022 03:46:08,2,50,810,3,0,-999
18/10/2022 03:46:24,2,50,810,3,0,-999
18/10/2022 03:46:40,2,50,810,3,0,-999
18/10/2022 03:46:56,2,50,810,3,0,-999
18/10/2022 03:47:12,2,50,810,3,0,-999
18/10/2022 03:47:28,2,50,810,3,0,-999
18/10/2022 03:47:44,2,50,810,3,0,-999
18/10/2022 03:48:00,2,10,810,3,0,-999
18/10/2022 03:48:16,2,40,810,3,0,-999
18/10/2022 03:48:32,2,40,810,3,0,-999
18/10/2022 03:48:48,2,40,810,3,0,-999
18/10/2022 03:49:04,2,790,810,3,0,-999
18/10/2022 03:49:20,2,790,810,3,0,-999
18/10/2022 03:49:36,2,790,810,3,0,-999
18/10/2022 03:49:52,2,890,810,3,0,-999
18/10/2022 03:50:08,2,790,810,3,0,-999
18/10/2022 03:50:24,2,790,810,3,0,-999
18/10/2022 03:50:40,2,790,810,3,0,-999
18/10/2022 03:50:56,2,800,810,3,0,-999
18/10/2022 03:51:12,2,800,810,3,0,-999
18/10/2022 03:51:28,2,800,810,3,0,-999
18/10/2022 03:51:44,2,800,810,3,0,-999
18/10/2022 03:52:00,2,800,810,3,0,-999
18/10/2022 03:52:16,2,800,810,3,0,-999
18/10/2022 03:52:32,2,800,810,3,0,-999
18/10/2022 03:52:48,2,800,810,3,0,-999
18/10/2022 03:53:04,2,800,810,3,0,-999
18/10/2022 03:53:20,2,800,810,3,0,-999
18/10/2022 03:53:36,2,800,810,3,0,-999
18/10/2022 03:53:52,2,800,810,3,0,-999
18/10/2022 03:54:08,2,800,810,3,0,-999
18/10/2022 03:54:24,2,800,810,3,0,-999
18/10/2022 03:54:40,2,800,810,3,0,-999
18/10/2022 03:54:56,2,800,810,3,0,-999
18/10/2022 03:55:12,2,790,810,3,0,-999
18/10/2022 03:55:28,2,790,810,3,0,-999
18/10/2022 03:55:44,2,790,810,3,0,-999
18/10/2022 03:56:00,2,790,810,3,0,-999
18/10/2022 03:56:16,2,790,810,3,0,-999
18/10/2022 03:56:32,2,790,810,3,0,-999
18/10/2022 03:56:48,2,780,810,3,0,-999
18/10/2022 03:57:04,2,780,810,3,0,-999
18/10/2022 03:57:20,2,780,810,3,0,-999
18/10/2022 03:57:36,2,780,810,3,0,-999
18/10/2022 03:57:52,2,770,810,3,0,-999
18/10/2022 03:58:08,2,770,810,3,0,-999
18/10/2022 03:58:24,2,770,810,3,0,-999
18/10/2022 03:58:40,2,770,810,3,0,-999
18/10/2022 03:58:56,2,770,810,3,0,-999
18/10/2022 03:59:12,2,770,810,3,0,-999
18/10/2022 03:59:28,2,770,810,3,0,-999
18/10/2022 03:59:44,2,770,810,3,0,-999
18/10/2022 04:00:00,2,770,840,3,0,-999
18/10/2022 04:00:16,2,770,840,3,0,-999
18/10/2022 04:00:32,2,770,840,3,0,-999
18/10/2022 04:00:48,2,770,840,3,0,-999
18/10/2022 04:01:04,2,760,840,3,0,-999
18/10/2022 04:01:20,2,760,840,3,0,-999
18/10/2022 04:01:36,2,760,840,3,0,-999
18/10/2022 04:01:52,2,760,840,3,0,-999
18/10/2022 04:02:08,2,760,840,3,0,-999
18/10/2022 04:02:24,2,750,840,3,0,-999
18/10/2022 04:02:40,2,750,840,3,0,-999
18/10/2022 04:02:56,2,750,840,3,0,-999
18/10/2022 04:03:12,2,750,840,3,0,-999
18/10/2022 04:03:28,2,740,840,3,0,-999
18/10/2022 04:03:44,2,740,840,3,0,-999
18/10/2022 04:04:00,2,740,840,3,0,-999
18/10/2022 04:04:16,2,740,840,3,0,-999
18/10/2022 04:04:32,2,740,840,3,0,-999
18/10/2022 04:04:48,2,740,840,3,0,-999
18/10/2022 04:05:04,2,740,840,3,0,-999
18/10/2022 04:05:20,2,740,840,3,0,-999
18/10/2022 04:05:36,2,740,840,3,0,-999
18/10/2022 04:05:52,2,740,840,3,0,-999
18/10/2022 04:06:08,2,740,840,3,0,-999
18/10/2022 04:06:24,2,740,840,3,0,-999
18/10/2022 04:06:40,2,740,840,3,0,-999
18/10/2022 04:06:56,2,740,840,3,0,-999
18/10/2022 04:07:12,2,750,840,3,0,-999
18/10/2022 04:07:28,2,750,840,3,0,-999
18/10/2022 04:07:44,2,750,840,3,0,-999
18/10/2022 04:08:00,2,750,840,3,0,-999
18/10/2022 04:08:16,2,10,840,3,0,-999
18/10/2022 04:08:32,2,10,840,3,0,-999
18/10/2022 04:08:48,2,10,840,3,0,-999
18/10/2022 04:09:04,2,10,840,3,0,-999
18/10/2022 04:09:20,2,40,840,3,0,-999
18/10/2022 04:09:36,2,40,840,3,0,-999
18/10/2022 04:09:52,2,40,840,3,0,-999
18/10/2022 04:10:08,2,40,840,3,0,-999
18/10/2022 04:10:24,2,40,840,3,0,-999
18/10/2022 04:10:40,2,50,840,3,0,-999
18/10/2022 04:10:56,2,50,840,3,0,-999
18/10/2022 04:11:12,2,10,840,3,0,-999
18/10/2022 04:11:28,2,50,840,3,0,-999
18/10/2022 04:11:44,2,50,840,3,0,-999
18/10/2022 04:12:00,2,50,840,3,0,-999
18/10/2022 04:12:16,2,60,840,3,0,-999
18/10/2022 04:12:32,2,60,840,3,0,-999
18/10/2022 04:12:48,2,60,840,3,0,-999
18/10/2022 04:13:04,2,60,840,3,0,-999
18/10/2022 04:13:20,2,60,840,3,0,-999
18/10/2022 04:13:36,2,10,840,3,0,-999
18/10/2022 04:13:52,2,760,840,3,1,660
18/10/2022 04:14:08,2,760,840,3,1,660
18/10/2022 04:14:24,2,760,840,3,1,660
18/10/2022 04:14:40,2,760,840,3,1,660
18/10/2022 04:14:56,2,760,840,3,1,660
18/10/2022 04:15:12,2,760,840,3,1,660
18/10/2022 04:15:28,2,760,840,3,1,660
18/10/2022 04:15:44,2,760,840,3,1,660
18/10/2022 04:16:00,2,760,840,3,1,660
18/10/2022 04:16:16,2,750,840,3,1,660
18/10/2022 04:16:32,2,750,840,3,1,660
18/10/2022 04:16:48,2,750,840,3,1,650
18/10/2022 04:17:04,2,750,840,3,1,650
18/10/2022 04:17:20,2,750,840,3,1,660
18/10/2022 04:17:36,2,750,840,3,1,660
18/10/2022 04:17:52,2,400,840,3,0,-999
18/10/2022 04:18:08,2,390,840,3,0,-999
18/10/2022 04:18:24,2,390,840,3,0,-999
18/10/2022 04:18:40,2,120,840,3,0,-999
18/10/2022 04:18:56,2,120,840,3,0,-999
18/10/2022 04:19:12,2,120,840,3,0,-999
18/10/2022 04:19:28,2,130,840,3,0,-999
18/10/2022 04:19:44,2,120,840,3,0,-999
18/10/2022 04:20:00,2,120,840,3,0,-999
18/10/2022 04:20:16,2,110,840,3,0,-999
18/10/2022 04:20:32,2,80,840,3,0,-999
18/10/2022 04:20:48,2,80,840,3,0,-999
18/10/2022 04:21:04,2,80,840,3,0,-999
18/10/2022 04:21:20,2,90,840,3,0,-999
18/10/2022 04:21:36,2,90,840,3,0,-999
18/10/2022 04:21:52,2,90,840,3,0,-999
18/10/2022 04:22:08,2,90,840,3,0,-999
18/10/2022 04:22:24,2,100,840,3,0,-999
18/10/2022 04:22:40,2,100,840,3,0,-999
18/10/2022 04:22:56,2,100,840,3,0,-999
18/10/2022 04:23:12,2,110,840,3,0,-999
18/10/2022 04:23:28,2,110,840,3,0,-999
18/10/2022 04:23:44,2,110,840,3,0,-999
18/10/2022 04:24:00,2,120,840,3,0,-999
18/10/2022 04:24:16,2,120,840,3,0,-999
18/10/2022 04:24:32,2,120,840,3,0,-999
18/10/2022 04:24:48,2,130,840,3,0,-999
18/10/2022 04:25:04,2,790,840,3,1,1680
18/10/2022 04:25:20,2,790,840,3,1,1680
18/10/2022 04:25:36,2,790,840,3,1,1680
18/10/2022 04:25:52,2,790,840,3,1,1670
18/10/2022 04:26:08,2,780,840,3,1,1670
18/10/2022 04:26:24,2,780,840,3,1,1670
18/10/2022 04:26:40,2,780,840,3,1,1670
18/10/2022 04:26:56,2,200,840,3,0,-999
18/10/2022 04:27:12,2,210,840,3,0,-999
18/10/2022 04:27:28,2,220,840,3,0,-999
18/10/2022 04:27:44,2,230,840,3,0,-999
18/10/2022 04:28:00,2,240,840,3,0,-999
18/10/2022 04:28:16,2,780,840,3,1,1660
18/10/2022 04:28:32,2,780,840,3,1,1660
18/10/2022 04:28:48,2,780,840,3,2,700
18/10/2022 04:29:04,2,780,840,3,2,700
18/10/2022 04:29:20,2,780,840,3,2,720
18/10/2022 04:29:36,2,780,840,3,2,720
18/10/2022 04:29:52,2,780,840,3,2,730
18/10/2022 04:30:08,2,780,840,3,2,730
18/10/2022 04:30:24,2,780,840,3,2,730
18/10/2022 04:30:40,2,790,840,3,2,690
18/10/2022 04:30:56,2,790,840,3,2,690
18/10/2022 04:31:12,2,800,840,3,1,720
18/10/2022 04:31:28,2,800,840,3,1,720
18/10/2022 04:31:44,2,800,840,3,2,730
18/10/2022 04:32:00,2,800,840,3,2,730
18/10/2022 04:32:16,2,830,840,3,2,720
18/10/2022 04:32:32,2,830,840,3,2,720
18/10/2022 04:32:48,2,830,840,3,2,720
18/10/2022 04:33:04,2,830,840,3,2,740
18/10/2022 04:33:20,2,830,840,3,2,740
18/10/2022 04:33:36,2,830,840,3,2,720
18/10/2022 04:33:52,2,830,840,3,2,720
18/10/2022 04:34:08,2,840,840,3,2,730
18/10/2022 04:34:24,2,840,840,3,2,730
18/10/2022 04:34:40,2,840,840,3,2,740
18/10/2022 04:34:56,2,840,840,3,2,740
18/10/2022 04:35:12,2,840,840,3,2,740
18/10/2022 04:35:28,2,840,840,3,2,720
18/10/2022 04:35:44,2,840,840,3,2,720
18/10/2022 04:36:00,2,840,840,3,1,730
18/10/2022 04:36:16,2,840,840,3,1,730
18/10/2022 04:36:32,2,840,840,3,2,730
18/10/2022 04:36:48,2,850,840,3,2,730
18/10/2022 04:37:04,2,850,840,3,2,740
18/10/2022 04:37:20,2,850,840,3,2,740
18/10/2022 04:37:36,2,850,840,3,2,740
18/10/2022 04:37:52,2,870,840,3,2,740
18/10/2022 04:38:08,2,870,840,3,2,740
18/10/2022 04:38:24,2,880,840,3,2,750
18/10/2022 04:38:40,2,880,840,3,2,750
18/10/2022 04:38:56,2,880,840,3,2,750
18/10/2022 04:39:12,2,880,840,3,2,750
18/10/2022 04:39:28,2,880,840,3,2,760
18/10/2022 04:39:44,2,880,840,3,2,760
18/10/2022 04:40:00,2,880,840,3,2,760
18/10/2022 04:40:16,2,870,840,3,2,740
18/10/2022 04:40:32,2,870,840,3,2,740
18/10/2022 04:40:48,2,870,840,3,2,750
18/10/2022 04:41:04,2,870,840,3,2,750
18/10/2022 04:41:20,2,860,840,3,2,760
18/10/2022 04:41:36,2,860,840,3,2,760
18/10/2022 04:41:52,2,860,840,3,2,750
18/10/2022 04:42:08,2,860,840,3,2,750
18/10/2022 04:42:24,2,860,840,3,2,750
18/10/2022 04:42:40,2,860,840,3,2,800
18/10/2022 04:42:56,2,860,840,3,2,800
18/10/2022 04:43:12,2,860,840,3,2,770
18/10/2022 04:43:28,2,860,840,3,2,770
18/10/2022 04:43:44,2,860,840,3,1,1680
18/10/2022 04:44:00,2,860,840,3,1,1680
18/10/2022 04:44:16,2,860,840,3,2,750
18/10/2022 04:44:32,2,860,840,3,2,750
18/10/2022 04:44:48,2,860,840,3,2,750
18/10/2022 04:45:04,2,860,840,3,2,750
18/10/2022 04:45:20,2,860,840,3,2,750
18/10/2022 04:45:36,2,870,840,3,1,740
18/10/2022 04:45:52,2,870,840,3,1,740
18/10/2022 04:46:08,2,870,840,3,1,740
18/10/2022 04:46:24,2,870,840,3,1,740
18/10/2022 04:46:40,2,870,840,3,1,760
18/10/2022 04:46:56,2,870,840,3,1,760
18/10/2022 04:47:12,2,870,840,3,1,760
18/10/2022 04:47:28,2,880,840,3,1,760
18/10/2022 04:47:44,2,880,840,3,1,760
18/10/2022 04:48:00,2,890,840,3,1,780
18/10/2022 04:48:16,2,890,840,3,1,780
18/10/2022 04:48:32,2,900,840,3,1,820
18/10/2022 04:48:48,2,900,840,3,1,820
18/10/2022 04:49:04,2,910,840,3,1,850
18/10/2022 04:49:20,2,910,840,3,1,850
18/10/2022 04:49:36,2,910,840,3,1,850
18/10/2022 04:49:52,2,940,840,3,2,810
18/10/2022 04:50:08,2,940,840,3,2,810
18/10/2022 04:50:24,2,950,840,3,2,860
18/10/2022 04:50:40,2,950,840,3,2,860
18/10/2022 04:50:56,2,960,840,3,1,880
18/10/2022 04:51:12,2,960,840,3,1,880
18/10/2022 04:51:28,2,960,840,3,1,910
18/10/2022 04:51:44,2,960,840,3,1,910
18/10/2022 04:52:00,2,960,840,3,1,910
18/10/2022 04:52:16,2,1010,840,3,2,920
18/10/2022 04:52:32,2,1010,840,3,2,920
18/10/2022 04:52:48,2,1010,840,3,2,770
18/10/2022 04:53:04,2,1010,840,3,2,770
18/10/2022 04:53:20,2,1010,840,3,2,860
18/10/2022 04:53:36,2,1010,840,3,2,860
18/10/2022 04:53:52,2,1010,840,3,2,850
18/10/2022 04:54:08,2,1010,840,3,2,850
18/10/2022 04:54:24,2,1010,840,3,2,850
18/10/2022 04:54:40,2,1010,840,3,2,830
18/10/2022 04:54:56,2,1010,840,3,2,830
18/10/2022 04:55:12,2,1010,840,3,2,820
18/10/2022 04:55:28,2,990,840,3,2,820
18/10/2022 04:55:44,2,990,840,3,1,1680
18/10/2022 04:56:00,2,990,840,3,1,1680
18/10/2022 04:56:16,2,990,840,3,1,1680
18/10/2022 04:56:32,2,990,840,3,1,1680
18/10/2022 04:56:48,2,990,840,3,1,1680
18/10/2022 04:57:04,2,1010,840,3,1,1680
18/10/2022 04:57:20,2,1010,840,3,1,1680
18/10/2022 04:57:36,2,1010,840,3,1,1680
18/10/2022 04:57:52,2,1020,840,3,1,1680
18/10/2022 04:58:08,2,730,840,3,1,1660
18/10/2022 04:58:24,2,730,840,3,1,1660
18/10/2022 04:58:40,2,730,840,3,1,1660
18/10/2022 04:58:56,2,730,840,3,1,1660
18/10/2022 04:59:12,2,720,840,3,1,1660
18/10/2022 04:59:28,2,720,840,3,1,1670
18/10/2022 04:59:44,2,720,840,3,1,1670
18/10/2022 05:00:00,1,720,780,3,1,1670
18/10/2022 05:00:16,1,720,780,3,1,1670
18/10/2022 05:00:32,1,720,780,3,1,1780
18/10/2022 05:00:48,1,720,780,3,1,1780
18/10/2022 05:01:04,1,720,780,3,1,1730
18/10/2022 05:01:20,1,720,780,3,1,1730
18/10/2022 05:01:36,1,720,780,3,1,1730
18/10/2022 05:01:52,1,720,780,3,1,1760
18/10/2022 05:02:08,1,720,780,3,1,1760
18/10/2022 05:02:24,1,730,780,3,1,1730
18/10/2022 05:02:40,1,730,780,3,1,1730
18/10/2022 05:02:56,1,730,780,3,1,1710
18/10/2022 05:03:12,1,740,780,3,1,1710
18/10/2022 05:03:28,1,740,780,3,1,1700
18/10/2022 05:03:44,1,740,780,3,1,1700
18/10/2022 05:04:00,1,740,780,3,1,1700
18/10/2022 05:04:16,1,750,780,3,1,1680
18/10/2022 05:04:32,1,750,780,3,1,1680
18/10/2022 05:04:48,1,750,780,3,1,1700
18/10/2022 05:05:04,1,760,780,3,1,1700
18/10/2022 05:05:20,1,760,780,3,1,1700
18/10/2022 05:05:36,1,770,780,3,1,1700
18/10/2022 05:05:52,1,770,780,3,1,1690
18/10/2022 05:06:08,1,770,780,3,1,1690
18/10/2022 05:06:24,1,780,780,3,1,1690
18/10/2022 05:06:40,1,780,780,3,1,1790
18/10/2022 05:06:56,1,780,780,3,1,1790
18/10/2022 05:07:12,1,780,780,3,1,1710
18/10/2022 05:07:28,1,780,780,3,1,1710
18/10/2022 05:07:44,1,780,780,3,1,1680
18/10/2022 05:08:00,1,780,780,3,1,1680
18/10/2022 05:08:16,1,780,780,3,1,1650
18/10/2022 05:08:32,1,780,780,3,1,1650
18/10/2022 05:08:48,1,780,780,3,1,1650
18/10/2022 05:09:04,1,780,780,3,2,1660
18/10/2022 05:09:20,1,780,780,3,2,1660
18/10/2022 05:09:36,1,780,780,3,2,1680
18/10/2022 05:09:52,1,780,780,3,2,1680
18/10/2022 05:10:08,1,780,780,3,1,1670
18/10/2022 05:10:24,1,780,780,3,1,1670
18/10/2022 05:10:40,1,780,780,3,1,1640
18/10/2022 05:10:56,1,790,780,3,1,1640
18/10/2022 05:11:12,1,790,780,3,1,1640
18/10/2022 05:11:28,1,790,780,3,1,1630
18/10/2022 05:11:44,1,790,780,3,1,1630
18/10/2022 05:12:00,1,790,780,3,2,1620
18/10/2022 05:12:16,1,790,780,3,2,1620
18/10/2022 05:12:32,1,790,780,3,1,1660
18/10/2022 05:12:48,1,790,780,3,1,1660
18/10/2022 05:13:04,1,790,780,3,1,1640
18/10/2022 05:13:20,1,790,780,3,1,1640
18/10/2022 05:13:36,1,790,780,3,1,1640
18/10/2022 05:13:52,1,790,780,3,1,1680
18/10/2022 05:14:08,1,790,780,3,1,1680
18/10/2022 05:14:24,1,790,780,3,1,1650
18/10/2022 05:14:40,1,790,780,3,1,1650
18/10/2022 05:14:56,1,790,780,3,1,1660
18/10/2022 05:15:12,1,790,780,3,1,1660
18/10/2022 05:15:28,1,790,780,3,1,1640
18/10/2022 05:15:44,1,790,780,3,1,1640
18/10/2022 05:16:00,1,790,780,3,1,1640
18/10/2022 05:16:16,1,790,780,3,1,1650
18/10/2022 05:16:32,1,790,780,3,1,1650
18/10/2022 05:16:48,1,790,780,3,1,1640
18/10/2022 05:17:04,1,790,780,3,1,1640
18/10/2022 05:17:20,1,790,780,3,1,1630
18/10/2022 05:17:36,1,790,780,3,1,1630
18/10/2022 05:17:52,1,790,780,3,1,1630
18/10/2022 05:18:08,1,790,780,3,1,1630
18/10/2022 05:18:24,1,790,780,3,1,1630
18/10/2022 05:18:40,1,790,780,3,1,1620
18/10/2022 05:18:56,1,790,780,3,1,1620
18/10/2022 05:19:12,1,790,780,3,1,1610
18/10/2022 05:19:28,1,780,780,3,1,1610
18/10/2022 05:19:44,1,780,780,3,1,1600
18/10/2022 05:20:00,1,780,780,3,1,1600
18/10/2022 05:20:16,1,780,780,3,1,1600
18/10/2022 05:20:32,1,780,780,3,1,1600
18/10/2022 05:20:48,1,780,780,3,1,1600
18/10/2022 05:21:04,1,780,780,3,1,1580
18/10/2022 05:21:20,1,780,780,3,1,1580
18/10/2022 05:21:36,1,780,780,3,1,1570
18/10/2022 05:21:52,1,780,780,3,1,1570
18/10/2022 05:22:08,1,780,780,3,1,1550
18/10/2022 05:22:24,1,770,780,3,1,1550
18/10/2022 05:22:40,1,770,780,3,1,1550
18/10/2022 05:22:56,1,770,780,3,1,1550
18/10/2022 05:23:12,1,770,780,3,1,1550
18/10/2022 05:23:28,1,770,780,3,1,1540
18/10/2022 05:23:44,1,770,780,3,1,1540
18/10/2022 05:24:00,1,770,780,3,1,1530
18/10/2022 05:24:16,1,770,780,3,1,1530
18/10/2022 05:24:32,1,770,780,3,1,1550
18/10/2022 05:24:48,1,770,780,3,1,1550
18/10/2022 05:25:04,1,770,780,3,1,1550
18/10/2022 05:25:20,1,770,780,3,1,1550
18/10/2022 05:25:36,1,770,780,3,1,1550
18/10/2022 05:25:52,1,770,780,3,1,1540
18/10/2022 05:26:08,1,770,780,3,1,1540
18/10/2022 05:26:24,1,770,780,3,1,1530
18/10/2022 05:26:40,1,770,780,3,1,1530
18/10/2022 05:26:56,1,770,780,3,1,1540
18/10/2022 05:27:12,1,770,780,3,1,1540
18/10/2022 05:27:28,1,770,780,3,1,1520
18/10/2022 05:27:44,1,770,780,3,1,1520
18/10/2022 05:28:00,1,770,780,3,1,1520
18/10/2022 05:28:16,1,770,780,3,1,1550
18/10/2022 05:28:32,1,770,780,3,1,1550
18/10/2022 05:28:48,1,770,780,3,1,1520
18/10/2022 05:29:04,1,770,780,3,1,1520
18/10/2022 05:29:20,1,770,780,3,2,1560
18/10/2022 05:29:36,1,770,780,3,2,1560
18/10/2022 05:29:52,1,770,780,3,2,1610
18/10/2022 05:30:08,1,770,780,3,2,1610
18/10/2022 05:30:24,1,770,780,3,2,1610
18/10/2022 05:30:40,1,770,780,3,1,1610
18/10/2022 05:30:56,1,770,780,3,1,1610
18/10/2022 05:31:12,1,770,780,3,1,1600
18/10/2022 05:31:28,1,290,780,3,1,1600
18/10/2022 05:31:44,1,290,780,3,1,1540
18/10/2022 05:32:00,1,290,780,3,1,1540
18/10/2022 05:32:16,1,290,780,3,1,1530
18/10/2022 05:32:32,1,290,780,3,1,1530
18/10/2022 05:32:48,1,300,780,3,1,1530
18/10/2022 05:33:04,1,300,780,3,1,1540
18/10/2022 05:33:20,1,300,780,3,1,1540
18/10/2022 05:33:36,1,300,780,3,2,1620
18/10/2022 05:33:52,1,300,780,3,2,1620
18/10/2022 05:34:08,1,300,780,3,2,1570
18/10/2022 05:34:24,1,300,780,3,2,1570
18/10/2022 05:34:40,1,310,780,3,2,1580
18/10/2022 05:34:56,1,310,780,3,2,1580
18/10/2022 05:35:12,1,310,780,3,2,1580
18/10/2022 05:35:28,1,320,780,3,1,1840
18/10/2022 05:35:44,1,330,780,3,1,1840
18/10/2022 05:36:00,1,330,780,3,1,1830
18/10/2022 05:36:16,1,330,780,3,1,1830
18/10/2022 05:36:32,1,330,780,3,2,1540
18/10/2022 05:36:48,1,340,780,3,2,1540
18/10/2022 05:37:04,1,340,780,3,2,1530
18/10/2022 05:37:20,1,340,780,3,2,1530
18/10/2022 05:37:36,1,340,780,3,2,1530
18/10/2022 05:37:52,1,340,780,3,2,1530
18/10/2022 05:38:08,1,340,780,3,2,1530
18/10/2022 05:38:24,1,350,780,3,1,1820
18/10/2022 05:38:40,1,350,780,3,1,1820
18/10/2022 05:38:56,1,350,780,3,2,1560
18/10/2022 05:39:12,1,350,780,3,2,1560
18/10/2022 05:39:28,1,350,780,3,1,1830
18/10/2022 05:39:44,1,350,780,3,1,1830
18/10/2022 05:40:00,1,350,780,3,1,1830
18/10/2022 05:40:16,1,350,780,3,1,1520
18/10/2022 05:40:32,1,350,780,3,1,1520
18/10/2022 05:40:48,1,350,780,3,1,1530
18/10/2022 05:41:04,1,350,780,3,1,1530
18/10/2022 05:41:20,1,900,780,3,1,1530
18/10/2022 05:41:36,1,900,780,3,1,1530
18/10/2022 05:41:52,1,910,780,3,1,1530
18/10/2022 05:42:08,1,910,780,3,1,1530
18/10/2022 05:42:24,1,910,780,3,1,1530
18/10/2022 05:42:40,1,920,780,3,1,1520
18/10/2022 05:42:56,1,920,780,3,1,1520
18/10/2022 05:43:12,1,920,780,3,1,1520
18/10/2022 05:43:28,1,930,780,3,1,1520
18/10/2022 05:43:44,1,930,780,3,1,1510
18/10/2022 05:44:00,1,930,780,3,1,1510
18/10/2022 05:44:16,1,930,780,3,1,1510
18/10/2022 05:44:32,1,930,780,3,1,1510
18/10/2022 05:44:48,1,930,780,3,1,1510
18/10/2022 05:45:04,1,930,780,3,2,870
18/10/2022 05:45:20,1,930,780,3,2,870
18/10/2022 05:45:36,1,930,780,3,2,940
18/10/2022 05:45:52,1,940,780,3,2,940
18/10/2022 05:46:08,1,940,780,3,2,730
18/10/2022 05:46:24,1,940,780,3,2,730
18/10/2022 05:46:40,1,940,780,3,1,770
18/10/2022 05:46:56,1,940,780,3,1,770
18/10/2022 05:47:12,1,340,780,3,1,770
18/10/2022 05:47:28,1,340,780,3,3,720
18/10/2022 05:47:44,1,340,780,3,3,720
18/10/2022 05:48:00,1,340,780,3,2,710
18/10/2022 05:48:16,1,340,780,3,2,710
18/10/2022 05:48:32,1,340,780,3,1,720
18/10/2022 05:48:48,1,340,780,3,1,720
18/10/2022 05:49:04,1,340,780,3,2,800
18/10/2022 05:49:20,1,340,780,3,2,800
18/10/2022 05:49:36,1,340,780,3,2,800
18/10/2022 05:49:52,1,920,780,3,1,1510
18/10/2022 05:50:08,1,920,780,3,1,1510
18/10/2022 05:50:24,1,920,780,3,1,1500
18/10/2022 05:50:40,1,920,780,3,1,1500
18/10/2022 05:50:56,1,920,780,3,2,1510
18/10/2022 05:51:12,1,920,780,3,2,1510
18/10/2022 05:51:28,1,920,780,3,1,1520
18/10/2022 05:51:44,1,920,780,3,1,1520
18/10/2022 05:52:00,1,920,780,3,1,1520
18/10/2022 05:52:16,1,920,780,3,1,1540
18/10/2022 05:52:32,1,920,780,3,1,1540
18/10/2022 05:52:48,1,920,780,3,1,1540
18/10/2022 05:53:04,1,920,780,3,1,1540
18/10/2022 05:53:20,1,910,780,3,2,750
18/10/2022 05:53:36,1,850,780,3,2,750
18/10/2022 05:53:52,1,850,780,3,2,770
18/10/2022 05:54:08,1,850,780,3,2,770
18/10/2022 05:54:24,1,850,780,3,2,770
18/10/2022 05:54:40,1,850,780,3,2,780
18/10/2022 05:54:56,1,850,780,3,2,780
18/10/2022 05:55:12,1,850,780,3,2,770
18/10/2022 05:55:28,1,850,780,3,2,770
18/10/2022 05:55:44,1,890,780,3,2,900
18/10/2022 05:56:00,1,890,780,3,2,900
18/10/2022 05:56:16,1,890,780,3,3,910
18/10/2022 05:56:32,1,900,780,3,3,910
18/10/2022 05:56:48,1,900,780,3,3,910
18/10/2022 05:57:04,1,950,780,3,2,790
18/10/2022 05:57:20,1,950,780,3,2,790
18/10/2022 05:57:36,1,970,780,3,2,1660
18/10/2022 05:57:52,1,970,780,3,2,1660
18/10/2022 05:58:08,1,1010,780,3,2,1610
18/10/2022 05:58:24,1,1010,780,3,2,1610
18/10/2022 05:58:40,1,1010,780,3,1,1650
18/10/2022 05:58:56,1,1010,780,3,1,1650
18/10/2022 05:59:12,1,1010,780,3,1,1650
18/10/2022 05:59:28,1,1010,780,3,1,1690
18/10/2022 05:59:44,1,1010,780,3,1,1690
18/10/2022 06:00:00,2,1010,780,3,1,1700
18/10/2022 06:00:16,2,1010,780,3,1,1700
18/10/2022 06:00:32,2,1010,780,3,1,1700
18/10/2022 06:00:48,2,1010,780,3,1,1700
18/10/2022 06:01:04,2,1010,780,3,2,810
18/10/2022 06:01:20,2,1010,780,3,2,810
18/10/2022 06:01:36,2,970,780,3,2,810
18/10/2022 06:01:52,2,970,780,3,2,800
18/10/2022 06:02:08,2,970,780,3,2,800
18/10/2022 06:02:24,2,960,780,3,2,810
18/10/2022 06:02:40,2,960,780,3,2,810
18/10/2022 06:02:56,2,960,780,3,2,820
18/10/2022 06:03:12,2,300,780,3,2,820
18/10/2022 06:03:28,2,300,780,3,2,840
18/10/2022 06:03:44,2,300,780,3,2,840
18/10/2022 06:04:00,2,300,780,3,2,840
18/10/2022 06:04:16,2,300,780,3,2,850
18/10/2022 06:04:32,2,300,780,3,2,850
18/10/2022 06:04:48,2,300,780,3,2,880
18/10/2022 06:05:04,2,290,780,3,2,880
18/10/2022 06:05:20,2,290,780,3,1,1860
18/10/2022 06:05:36,2,290,780,3,1,1860
18/10/2022 06:05:52,2,290,780,3,2,1000
18/10/2022 06:06:08,2,290,780,3,2,1000
18/10/2022 06:06:24,2,290,780,3,2,1000
18/10/2022 06:06:40,2,280,780,3,1,990
18/10/2022 06:06:56,2,280,780,3,1,990
18/10/2022 06:07:12,2,280,780,3,1,970
18/10/2022 06:07:28,2,280,780,3,1,970
18/10/2022 06:07:44,2,270,780,3,1,1000
18/10/2022 06:08:00,2,270,780,3,1,1000
18/10/2022 06:08:16,2,270,780,3,1,1000
18/10/2022 06:08:32,2,270,780,3,1,1000
18/10/2022 06:08:48,2,270,780,3,1,1000
18/10/2022 06:09:04,2,270,780,3,1,1000
18/10/2022 06:09:20,2,270,780,3,1,1000
18/10/2022 06:09:36,2,270,780,3,1,1000
18/10/2022 06:09:52,2,270,780,3,1,1000
18/10/2022 06:10:08,2,270,780,3,1,1000
18/10/2022 06:10:24,2,270,780,3,1,1000
18/10/2022 06:10:40,2,270,780,3,1,990
18/10/2022 06:10:56,2,270,780,3,1,990
18/10/2022 06:11:12,2,270,780,3,1,990
18/10/2022 06:11:28,2,270,780,3,1,990
18/10/2022 06:11:44,2,270,780,3,1,990
18/10/2022 06:12:00,2,270,780,3,2,750
18/10/2022 06:12:16,2,270,780,3,2,750
18/10/2022 06:12:32,2,270,780,3,0,-999
18/10/2022 06:12:48,2,270,780,3,0,-999
18/10/2022 06:13:04,2,270,780,3,3,740
18/10/2022 06:13:20,2,270,780,3,3,740
18/10/2022 06:13:36,2,270,780,3,3,740
18/10/2022 06:13:52,2,270,780,3,2,740
18/10/2022 06:14:08,2,270,780,3,2,740
18/10/2022 06:14:24,2,270,780,3,2,740
18/10/2022 06:14:40,2,270,780,3,2,740
18/10/2022 06:14:56,2,270,780,3,3,810
18/10/2022 06:15:12,2,270,780,3,3,810
18/10/2022 06:15:28,2,270,780,3,2,1010
18/10/2022 06:15:44,2,270,780,3,2,1010
18/10/2022 06:16:00,2,270,780,3,2,1010
18/10/2022 06:16:16,2,270,780,3,0,-999
18/10/2022 06:16:32,2,270,780,3,0,-999
18/10/2022 06:16:48,2,270,780,3,2,940
18/10/2022 06:17:04,2,270,780,3,2,940
18/10/2022 06:17:20,2,280,780,3,1,950
18/10/2022 06:17:36,2,280,780,3,1,950
18/10/2022 06:17:52,2,280,780,3,2,950
18/10/2022 06:18:08,2,280,780,3,2,950
18/10/2022 06:18:24,2,280,780,3,2,950
18/10/2022 06:18:40,2,280,780,3,2,1610
18/10/2022 06:18:56,2,280,780,3,2,1610
18/10/2022 06:19:12,2,280,780,3,1,1900
18/10/2022 06:19:28,2,280,780,3,1,1900
18/10/2022 06:19:44,2,1060,780,3,1,1890
18/10/2022 06:20:00,2,1060,780,3,1,1890
18/10/2022 06:20:16,2,1060,780,3,1,1880
18/10/2022 06:20:32,2,800,780,3,1,1880
18/10/2022 06:20:48,2,800,780,3,1,1880
18/10/2022 06:21:04,2,800,780,3,1,1500
18/10/2022 06:21:20,2,850,780,3,1,1500
18/10/2022 06:21:36,2,850,780,3,1,1470
18/10/2022 06:21:52,2,850,780,3,1,1470
18/10/2022 06:22:08,2,860,780,3,1,1440
18/10/2022 06:22:24,2,860,780,3,1,1440
18/10/2022 06:22:40,2,860,780,3,1,1450
18/10/2022 06:22:56,2,870,780,3,1,1450
18/10/2022 06:23:12,2,880,780,3,1,1450
18/10/2022 06:23:28,2,880,780,3,1,1410
18/10/2022 06:23:44,2,880,780,3,1,1410
18/10/2022 06:24:00,2,880,780,3,1,1440
18/10/2022 06:24:16,2,880,780,3,1,1440
18/10/2022 06:24:32,2,880,780,3,1,1870
18/10/2022 06:24:48,2,880,780,3,1,1870
18/10/2022 06:25:04,2,880,780,3,1,1930
18/10/2022 06:25:20,2,880,780,3,1,1930
18/10/2022 06:25:36,2,880,780,3,1,1930
18/10/2022 06:25:52,2,880,780,3,2,1460
18/10/2022 06:26:08,2,880,780,3,2,1460
18/10/2022 06:26:24,2,880,780,3,2,880
18/10/2022 06:26:40,2,880,780,3,2,880
18/10/2022 06:26:56,2,880,780,3,2,720
18/10/2022 06:27:12,2,980,780,3,2,720
18/10/2022 06:27:28,2,1000,780,3,2,720
18/10/2022 06:27:44,2,1000,780,3,2,720
18/10/2022 06:28:00,2,1550,780,3,2,720
18/10/2022 06:28:16,2,1010,780,3,2,880
18/10/2022 06:28:32,2,280,780,3,2,880
18/10/2022 06:28:48,2,270,780,3,2,850
18/10/2022 06:29:04,2,270,780,3,2,850
18/10/2022 06:29:20,2,270,780,3,2,1440
18/10/2022 06:29:36,2,270,780,3,2,1440
18/10/2022 06:29:52,2,270,780,3,1,1550
18/10/2022 06:30:08,2,270,780,3,1,1550
18/10/2022 06:30:24,2,270,780,3,1,1550
18/10/2022 06:30:40,2,270,780,3,2,780
18/10/2022 06:30:56,2,930,780,3,2,780
18/10/2022 06:31:12,2,930,780,3,1,1550
18/10/2022 06:31:28,2,930,780,3,1,1550
18/10/2022 06:31:44,2,930,780,3,1,1520
18/10/2022 06:32:00,2,930,780,3,1,1520
18/10/2022 06:32:16,2,930,780,3,1,1510
18/10/2022 06:32:32,2,930,780,3,1,1510
18/10/2022 06:32:48,2,930,780,3,1,1510
18/10/2022 06:33:04,2,930,780,3,2,910
18/10/2022 06:33:20,2,930,780,3,2,910
18/10/2022 06:33:36,2,930,780,3,1,900
18/10/2022 06:33:52,2,970,780,3,1,900
18/10/2022 06:34:08,2,970,780,3,2,880
18/10/2022 06:34:24,2,970,780,3,2,880
18/10/2022 06:34:40,2,970,780,3,2,860
18/10/2022 06:34:56,2,970,780,3,2,860
18/10/2022 06:35:12,2,970,780,3,2,860
18/10/2022 06:35:28,2,980,780,3,2,860
18/10/2022 06:35:44,2,980,780,3,2,860
18/10/2022 06:36:00,2,980,780,3,2,860
18/10/2022 06:36:16,2,990,780,3,2,860
18/10/2022 06:36:32,2,990,780,3,1,860
18/10/2022 06:36:48,2,990,780,3,1,860
18/10/2022 06:37:04,2,990,780,3,1,860
18/10/2022 06:37:20,2,990,780,3,1,860
18/10/2022 06:37:36,2,990,780,3,1,860
18/10/2022 06:37:52,2,990,780,3,2,900
18/10/2022 06:38:08,2,990,780,3,2,900
18/10/2022 06:38:24,2,1000,780,3,2,900
18/10/2022 06:38:40,2,1000,780,3,2,900
18/10/2022 06:38:56,2,1000,780,3,2,840
18/10/2022 06:39:12,2,1000,780,3,2,840
18/10/2022 06:39:28,2,1000,780,3,2,840
18/10/2022 06:39:44,2,1000,780,3,2,840
18/10/2022 06:40:00,2,1000,780,3,2,840
18/10/2022 06:40:16,2,1010,780,3,1,870
18/10/2022 06:40:32,2,1010,780,3,1,870
18/10/2022 06:40:48,2,1010,780,3,1,920
18/10/2022 06:41:04,2,1010,780,3,1,920
18/10/2022 06:41:20,2,1010,780,3,2,890
18/10/2022 06:41:36,2,1010,780,3,2,890
18/10/2022 06:41:52,2,1010,780,3,1,880
18/10/2022 06:42:08,2,1010,780,3,1,880
18/10/2022 06:42:24,2,1010,780,3,1,880
18/10/2022 06:42:40,2,1010,780,3,2,890
18/10/2022 06:42:56,2,1010,780,3,2,890
18/10/2022 06:43:12,2,1010,780,3,2,920
18/10/2022 06:43:28,2,1010,780,3,2,920
18/10/2022 06:43:44,2,1010,780,3,2,850
18/10/2022 06:44:00,2,1010,780,3,2,850
18/10/2022 06:44:16,2,1010,780,3,2,850
18/10/2022 06:44:32,2,1010,780,3,2,850
18/10/2022 06:44:48,2,1010,780,3,2,850
18/10/2022 06:45:04,2,1010,780,3,2,840
18/10/2022 06:45:20,2,1010,780,3,2,840
18/10/2022 06:45:36,2,990,780,3,1,860
18/10/2022 06:45:52,2,990,780,3,1,860
18/10/2022 06:46:08,2,990,780,3,2,860
18/10/2022 06:46:24,2,990,780,3,2,860
18/10/2022 06:46:40,2,980,780,3,2,850
18/10/2022 06:46:56,2,980,780,3,2,850
18/10/2022 06:47:12,2,980,780,3,2,850
18/10/2022 06:47:28,2,980,780,3,1,870
18/10/2022 06:47:44,2,980,780,3,1,870
18/10/2022 06:48:00,2,980,780,3,1,860
18/10/2022 06:48:16,2,980,780,3,1,860
18/10/2022 06:48:32,2,980,780,3,2,900
18/10/2022 06:48:48,2,980,780,3,2,900
18/10/2022 06:49:04,2,980,780,3,2,1410
18/10/2022 06:49:20,2,980,780,3,2,1410
18/10/2022 06:49:36,2,980,780,3,2,1410
18/10/2022 06:49:52,2,980,780,3,3,860
18/10/2022 06:50:08,2,980,780,3,3,860
18/10/2022 06:50:24,2,980,780,3,1,1700
18/10/2022 06:50:40,2,980,780,3,1,1700
18/10/2022 06:50:56,2,980,780,3,1,1780
18/10/2022 06:51:12,2,980,780,3,1,1780
18/10/2022 06:51:28,2,980,780,3,1,1810
18/10/2022 06:51:44,2,970,780,3,1,1810
18/10/2022 06:52:00,2,970,780,3,1,1810
18/10/2022 06:52:16,2,970,780,3,1,1820
18/10/2022 06:52:32,2,970,780,3,1,1820
18/10/2022 06:52:48,2,950,780,3,1,1800
18/10/2022 06:53:04,2,950,780,3,1,1800
18/10/2022 06:53:20,2,950,780,3,1,1860
18/10/2022 06:53:36,2,950,780,3,1,1860
18/10/2022 06:53:52,2,950,780,3,1,1840
18/10/2022 06:54:08,2,950,780,3,1,1840
18/10/2022 06:54:24,2,950,780,3,1,1840
18/10/2022 06:54:40,2,940,780,3,1,1800
18/10/2022 06:54:56,2,940,780,3,1,1800
18/10/2022 06:55:12,2,930,780,3,1,1780
18/10/2022 06:55:28,2,930,780,3,1,1780
18/10/2022 06:55:44,2,930,780,3,1,1810
18/10/2022 06:56:00,2,920,780,3,1,1810
18/10/2022 06:56:16,2,920,780,3,1,1810
18/10/2022 06:56:32,2,920,780,3,1,1810
18/10/2022 06:56:48,2,910,780,3,1,1810
18/10/2022 06:57:04,2,910,780,3,1,1850
18/10/2022 06:57:20,2,910,780,3,1,1850
18/10/2022 06:57:36,2,900,780,3,1,1860
18/10/2022 06:57:52,2,900,780,3,1,1860
18/10/2022 06:58:08,2,900,780,3,1,1850
18/10/2022 06:58:24,2,900,780,3,1,1850
18/10/2022 06:58:40,2,890,780,3,1,1900
18/10/2022 06:58:56,2,890,780,3,1,1900
18/10/2022 06:59:12,2,890,780,3,1,1900
18/10/2022 06:59:28,2,890,780,3,1,1830
18/10/2022 06:59:44,2,890,780,3,1,1830
18/10/2022 07:00:00,1,890,970,3,1,1820
18/10/2022 07:00:16,1,890,970,3,1,1820
18/10/2022 07:00:32,1,890,970,3,1,1910
18/10/2022 07:00:48,1,890,970,3,1,1910
18/10/2022 07:01:04,1,890,970,3,1,1920
18/10/2022 07:01:20,1,880,970,3,1,1920
18/10/2022 07:01:36,1,880,970,3,1,1920
18/10/2022 07:01:52,1,880,970,3,1,1880
18/10/2022 07:02:08,1,880,970,3,1,1880
18/10/2022 07:02:24,1,870,970,3,1,1850
18/10/2022 07:02:40,1,870,970,3,1,1850
18/10/2022 07:02:56,1,870,970,3,1,1850
18/10/2022 07:03:12,1,870,970,3,1,1850
18/10/2022 07:03:28,1,870,970,3,1,1840
18/10/2022 07:03:44,1,870,970,3,1,1840
18/10/2022 07:04:00,1,870,970,3,1,1840
18/10/2022 07:04:16,1,870,970,3,1,1830
18/10/2022 07:04:32,1,870,970,3,1,1830
18/10/2022 07:04:48,1,870,970,3,1,1920
18/10/2022 07:05:04,1,870,970,3,1,1920
18/10/2022 07:05:20,1,870,970,3,1,1920
18/10/2022 07:05:36,1,870,970,3,1,1920
18/10/2022 07:05:52,1,870,970,3,1,1920
18/10/2022 07:06:08,1,870,970,3,1,1920
18/10/2022 07:06:24,1,870,970,3,1,1920
18/10/2022 07:06:40,1,870,970,3,1,1930
18/10/2022 07:06:56,1,870,970,3,1,1930
18/10/2022 07:07:12,1,870,970,3,1,1920
18/10/2022 07:07:28,1,870,970,3,1,1920
18/10/2022 07:07:44,1,870,970,3,1,1850
18/10/2022 07:08:00,1,880,970,3,1,1850
18/10/2022 07:08:16,1,880,970,3,1,1840
18/10/2022 07:08:32,1,880,970,3,1,1840
18/10/2022 07:08:48,1,890,970,3,1,1840
18/10/2022 07:09:04,1,890,970,3,1,1850
18/10/2022 07:09:20,1,900,970,3,1,1850
18/10/2022 07:09:36,1,900,970,3,2,960
18/10/2022 07:09:52,1,910,970,3,2,960
18/10/2022 07:10:08,1,910,970,3,2,960
18/10/2022 07:10:24,1,910,970,3,2,960
18/10/2022 07:10:40,1,920,970,3,2,980
18/10/2022 07:10:56,1,930,970,3,2,980
18/10/2022 07:11:12,1,930,970,3,2,980
18/10/2022 07:11:28,1,1040,970,3,1,980
18/10/2022 07:11:44,1,1040,970,3,1,980
18/10/2022 07:12:00,1,1060,970,3,1,970
18/10/2022 07:12:16,1,1070,970,3,1,970
18/10/2022 07:12:32,1,1070,970,3,2,960
18/10/2022 07:12:48,1,1070,970,3,2,960
18/10/2022 07:13:04,1,1070,970,3,2,960
18/10/2022 07:13:20,1,1070,970,3,2,960
18/10/2022 07:13:36,1,1070,970,3,2,960
18/10/2022 07:13:52,1,1070,970,3,1,970
18/10/2022 07:14:08,1,1070,970,3,1,970
18/10/2022 07:14:24,1,1070,970,3,2,960
18/10/2022 07:14:40,1,1070,970,3,2,960
18/10/2022 07:14:56,1,1060,970,3,2,960
18/10/2022 07:15:12,1,1060,970,3,2,960
18/10/2022 07:15:28,1,1060,970,3,1,960
18/10/2022 07:15:44,1,1060,970,3,1,960
18/10/2022 07:16:00,1,70,970,3,1,960
18/10/2022 07:16:16,1,70,970,3,1,960
18/10/2022 07:16:32,1,70,970,3,1,960
18/10/2022 07:16:48,1,70,970,3,1,960
18/10/2022 07:17:04,1,70,970,3,1,960
18/10/2022 07:17:20,1,70,970,3,2,960
18/10/2022 07:17:36,1,70,970,3,2,960
18/10/2022 07:17:52,1,70,970,3,2,940
18/10/2022 07:18:08,1,70,970,3,2,940
18/10/2022 07:18:24,1,70,970,3,2,940
18/10/2022 07:18:40,1,70,970,3,1,930
18/10/2022 07:18:56,1,70,970,3,1,930
18/10/2022 07:19:12,1,70,970,3,2,920
18/10/2022 07:19:28,1,70,970,3,2,920
18/10/2022 07:19:44,1,70,970,3,2,920
18/10/2022 07:20:00,1,70,970,3,2,920
18/10/2022 07:20:16,1,60,970,3,2,910
18/10/2022 07:20:32,1,60,970,3,2,910
18/10/2022 07:20:48,1,60,970,3,2,910
18/10/2022 07:21:04,1,60,970,3,2,870
18/10/2022 07:21:20,1,60,970,3,2,870
18/10/2022 07:21:36,1,60,970,3,2,860
18/10/2022 07:21:52,1,60,970,3,2,860
18/10/2022 07:22:08,1,60,970,3,1,860
18/10/2022 07:22:24,1,60,970,3,1,860
18/10/2022 07:22:40,1,60,970,3,1,880
18/10/2022 07:22:56,1,60,970,3,1,880
18/10/2022 07:23:12,1,50,970,3,1,880
18/10/2022 07:23:28,1,50,970,3,1,870
18/10/2022 07:23:44,1,50,970,3,1,870
18/10/2022 07:24:00,1,50,970,3,1,890
18/10/2022 07:24:16,1,50,970,3,1,890
18/10/2022 07:24:32,1,50,970,3,1,890
18/10/2022 07:24:48,1,50,970,3,1,890
18/10/2022 07:25:04,1,50,970,3,1,880
18/10/2022 07:25:20,1,50,970,3,1,880
18/10/2022 07:25:36,1,50,970,3,1,880
18/10/2022 07:25:52,1,50,970,3,1,900
18/10/2022 07:26:08,1,50,970,3,1,900
18/10/2022 07:26:24,1,50,970,3,2,920
18/10/2022 07:26:40,1,60,970,3,2,920
18/10/2022 07:26:56,1,60,970,3,2,910
18/10/2022 07:27:12,1,60,970,3,2,910
18/10/2022 07:27:28,1,60,970,3,1,910
18/10/2022 07:27:44,1,70,970,3,1,910
18/10/2022 07:28:00,1,70,970,3,1,910
18/10/2022 07:28:16,1,70,970,3,1,950
18/10/2022 07:28:32,1,70,970,3,1,950
18/10/2022 07:28:48,1,70,970,3,1,910
18/10/2022 07:29:04,1,70,970,3,1,910
18/10/2022 07:29:20,1,70,970,3,1,910
18/10/2022 07:29:36,1,70,970,3,1,910
18/10/2022 07:29:52,1,70,970,3,1,910
18/10/2022 07:30:08,1,70,970,3,1,910
18/10/2022 07:30:24,1,70,970,3,1,910
18/10/2022 07:30:40,1,70,970,3,1,910
18/10/2022 07:30:56,1,70,970,3,1,910
18/10/2022 07:31:12,1,70,970,3,1,940
18/10/2022 07:31:28,1,70,970,3,1,940
18/10/2022 07:31:44,1,70,970,3,1,1010
18/10/2022 07:32:00,1,70,970,3,1,1010
18/10/2022 07:32:16,1,70,970,3,1,920
18/10/2022 07:32:32,1,70,970,3,1,920
18/10/2022 07:32:48,1,70,970,3,1,920
18/10/2022 07:33:04,1,70,970,3,1,930
18/10/2022 07:33:20,1,70,970,3,1,930
18/10/2022 07:33:36,1,70,970,3,1,960
18/10/2022 07:33:52,1,80,970,3,1,960
18/10/2022 07:34:08,1,80,970,3,1,990
18/10/2022 07:34:24,1,80,970,3,1,990
18/10/2022 07:34:40,1,80,970,3,2,980
18/10/2022 07:34:56,1,80,970,3,2,980
18/10/2022 07:35:12,1,80,970,3,2,980
18/10/2022 07:35:28,1,80,970,3,2,1030
18/10/2022 07:35:44,1,80,970,3,2,1030
18/10/2022 07:36:00,1,80,970,3,1,1830
18/10/2022 07:36:16,1,80,970,3,1,1830
18/10/2022 07:36:32,1,80,970,3,2,1050
18/10/2022 07:36:48,1,80,970,3,2,1050
18/10/2022 07:37:04,1,80,970,3,1,1800
18/10/2022 07:37:20,1,80,970,3,1,1800
18/10/2022 07:37:36,1,80,970,3,1,1800
18/10/2022 07:37:52,1,80,970,3,1,1790
18/10/2022 07:38:08,1,1090,970,3,1,1790
18/10/2022 07:38:24,1,1090,970,3,1,1860
18/10/2022 07:38:40,1,1060,970,3,1,1860
18/10/2022 07:38:56,1,1060,970,3,1,1880
18/10/2022 07:39:12,1,1050,970,3,1,1880
18/10/2022 07:39:28,1,1050,970,3,2,1110
18/10/2022 07:39:44,1,1060,970,3,2,1110
18/10/2022 07:40:00,1,1060,970,3,2,1110
18/10/2022 07:40:16,1,1060,970,3,2,1090
18/10/2022 07:40:32,1,1060,970,3,2,1090
18/10/2022 07:40:48,1,1060,970,3,1,1700
18/10/2022 07:41:04,1,1060,970,3,1,1700
18/10/2022 07:41:20,1,1150,970,3,1,1700
18/10/2022 07:41:36,1,1160,970,3,1,1700
18/10/2022 07:41:52,1,1180,970,3,2,1100
18/10/2022 07:42:08,1,1180,970,3,2,1100
18/10/2022 07:42:24,1,1180,970,3,2,1100
18/10/2022 07:42:40,1,80,970,3,2,1100
18/10/2022 07:42:56,1,70,970,3,2,1100
18/10/2022 07:43:12,1,70,970,3,2,1810
18/10/2022 07:43:28,1,70,970,3,2,1810
18/10/2022 07:43:44,1,1190,970,3,1,1970
18/10/2022 07:44:00,1,1200,970,3,1,1970
18/10/2022 07:44:16,1,1200,970,3,1,2080
18/10/2022 07:44:32,1,1220,970,3,1,2080
18/10/2022 07:44:48,1,1220,970,3,1,2080
18/10/2022 07:45:04,1,70,970,3,2,930
18/10/2022 07:45:20,1,60,970,3,2,930
18/10/2022 07:45:36,1,60,970,3,2,960
18/10/2022 07:45:52,1,60,970,3,2,960
18/10/2022 07:46:08,1,60,970,3,2,930
18/10/2022 07:46:24,1,60,970,3,2,930
18/10/2022 07:46:40,1,60,970,3,2,920
18/10/2022 07:46:56,1,60,970,3,2,920
18/10/2022 07:47:12,1,60,970,3,2,920
18/10/2022 07:47:28,1,60,970,3,2,910
18/10/2022 07:47:44,1,60,970,3,2,910
18/10/2022 07:48:00,1,60,970,3,2,930
18/10/2022 07:48:16,1,60,970,3,2,930
18/10/2022 07:48:32,1,60,970,3,1,940
18/10/2022 07:48:48,1,60,970,3,1,940
18/10/2022 07:49:04,1,60,970,3,1,940
18/10/2022 07:49:20,1,60,970,3,1,940
18/10/2022 07:49:36,1,60,970,3,1,940
18/10/2022 07:49:52,1,60,970,3,1,940
18/10/2022 07:50:08,1,60,970,3,1,940
18/10/2022 07:50:24,1,60,970,3,1,940
18/10/2022 07:50:40,1,60,970,3,1,940
18/10/2022 07:50:56,1,60,970,3,1,920
18/10/2022 07:51:12,1,60,970,3,1,920
18/10/2022 07:51:28,1,60,970,3,1,920
18/10/2022 07:51:44,1,60,970,3,1,920
18/10/2022 07:52:00,1,60,970,3,1,920
18/10/2022 07:52:16,1,60,970,3,1,930
18/10/2022 07:52:32,1,60,970,3,1,930
18/10/2022 07:52:48,1,60,970,3,1,1000
18/10/2022 07:53:04,1,60,970,3,1,1000
18/10/2022 07:53:20,1,50,970,3,0,-999
18/10/2022 07:53:36,1,50,970,3,0,-999
18/10/2022 07:53:52,1,50,970,3,1,900
18/10/2022 07:54:08,1,40,970,3,1,900
18/10/2022 07:54:24,1,40,970,3,1,900
18/10/2022 07:54:40,1,40,970,3,2,900
18/10/2022 07:54:56,1,40,970,3,2,900
18/10/2022 07:55:12,1,40,970,3,2,900
18/10/2022 07:55:28,1,40,970,3,2,900
18/10/2022 07:55:44,1,40,970,3,0,-999
18/10/2022 07:56:00,1,40,970,3,0,-999
18/10/2022 07:56:16,1,40,970,3,0,-999
18/10/2022 07:56:32,1,40,970,3,0,-999
18/10/2022 07:56:48,1,40,970,3,0,-999
18/10/2022 07:57:04,1,50,970,3,0,-999
18/10/2022 07:57:20,1,60,970,3,0,-999
18/10/2022 07:57:36,1,60,970,3,0,-999
18/10/2022 07:57:52,1,60,970,3,0,-999
18/10/2022 07:58:08,1,60,970,3,0,-999
18/10/2022 07:58:24,1,60,970,3,0,-999
18/10/2022 07:58:40,1,1070,970,3,1,900
18/10/2022 07:58:56,1,1070,970,3,1,900
18/10/2022 07:59:12,1,1070,970,3,1,900
18/10/2022 07:59:28,1,1070,970,3,1,920
18/10/2022 07:59:44,1,1050,970,3,1,920
18/10/2022 08:00:00,1,1050,970,3,1,940
18/10/2022 08:00:16,2,1070,60,3,1,940
18/10/2022 08:00:32,2,1080,60,3,1,960
18/10/2022 08:00:48,2,90,60,3,1,960
18/10/2022 08:01:04,2,100,60,3,1,960
18/10/2022 08:01:20,2,100,60,3,1,960
18/10/2022 08:01:36,2,100,60,3,1,960
18/10/2022 08:01:52,2,100,60,3,1,960
18/10/2022 08:02:08,2,100,60,3,1,960
18/10/2022 08:02:24,2,100,60,3,0,-999
18/10/2022 08:02:40,2,100,60,3,0,-999
18/10/2022 08:02:56,2,100,60,3,1,950
18/10/2022 08:03:12,2,100,60,3,1,950
18/10/2022 08:03:28,2,110,60,3,1,940
18/10/2022 08:03:44,2,110,60,3,1,940
18/10/2022 08:04:00,2,110,60,3,1,940
18/10/2022 08:04:16,2,110,60,3,1,960
18/10/2022 08:04:32,2,120,60,3,1,960
18/10/2022 08:04:48,2,120,60,3,1,1030
18/10/2022 08:05:04,2,120,60,3,1,1030
18/10/2022 08:05:20,2,120,60,3,0,-999
18/10/2022 08:05:36,2,940,60,3,0,-999
18/10/2022 08:05:52,2,120,60,3,1,1050
18/10/2022 08:06:08,2,120,60,3,1,1050
18/10/2022 08:06:24,2,120,60,3,1,1050
18/10/2022 08:06:40,2,120,60,3,1,1020
18/10/2022 08:06:56,2,120,60,3,1,1020
18/10/2022 08:07:12,2,100,60,3,0,-999
18/10/2022 08:07:28,2,90,60,3,0,-999
18/10/2022 08:07:44,2,120,60,3,0,-999
18/10/2022 08:08:00,2,120,60,3,0,-999
18/10/2022 08:08:16,2,90,60,3,0,-999
18/10/2022 08:08:32,2,90,60,3,0,-999
18/10/2022 08:08:48,2,90,60,3,0,-999
18/10/2022 08:09:04,2,130,60,3,0,-999
18/10/2022 08:09:20,2,150,60,3,0,-999
18/10/2022 08:09:36,2,170,60,3,0,-999
18/10/2022 08:09:52,2,110,60,3,0,-999
18/10/2022 08:10:08,2,140,60,3,0,-999
18/10/2022 08:10:24,2,170,60,3,0,-999
18/10/2022 08:10:40,2,190,60,3,0,-999
18/10/2022 08:10:56,2,210,60,3,0,-999
18/10/2022 08:11:12,2,230,60,3,0,-999
18/10/2022 08:11:28,2,250,60,3,0,-999
18/10/2022 08:11:44,2,260,60,3,0,-999
18/10/2022 08:12:00,2,1080,60,3,1,1500
18/10/2022 08:12:16,2,1080,60,3,1,1500
18/10/2022 08:12:32,2,1080,60,3,1,1490
18/10/2022 08:12:48,2,1080,60,3,1,1490
18/10/2022 08:13:04,2,1080,60,3,1,1470
18/10/2022 08:13:20,2,1070,60,3,1,1470
18/10/2022 08:13:36,2,1070,60,3,1,1470
18/10/2022 08:13:52,2,1070,60,3,1,1450
18/10/2022 08:14:08,2,1070,60,3,1,1450
18/10/2022 08:14:24,2,1070,60,3,1,1880
18/10/2022 08:14:40,2,1060,60,3,1,1880
18/10/2022 08:14:56,2,1060,60,3,1,1850
18/10/2022 08:15:12,2,1060,60,3,1,1850
18/10/2022 08:15:28,2,1060,60,3,2,1010
18/10/2022 08:15:44,2,1060,60,3,2,1010
18/10/2022 08:16:00,2,1060,60,3,2,1010
18/10/2022 08:16:16,2,1060,60,3,1,1420
18/10/2022 08:16:32,2,1070,60,3,1,1420
18/10/2022 08:16:48,2,1070,60,3,1,1420
18/10/2022 08:17:04,2,1070,60,3,1,1420
18/10/2022 08:17:20,2,1070,60,3,2,1440
18/10/2022 08:17:36,2,1090,60,3,2,1440
18/10/2022 08:17:52,2,1090,60,3,1,1420
18/10/2022 08:18:08,2,1090,60,3,1,1420
18/10/2022 08:18:24,2,1090,60,3,1,1420
18/10/2022 08:18:40,2,1090,60,3,1,1390
18/10/2022 08:18:56,2,1070,60,3,1,1390
18/10/2022 08:19:12,2,1070,60,3,1,1390
18/10/2022 08:19:28,2,1070,60,3,1,1390
18/10/2022 08:19:44,2,1060,60,3,2,1420
18/10/2022 08:20:00,2,1060,60,3,2,1420
18/10/2022 08:20:16,2,1060,60,3,3,850
18/10/2022 08:20:32,2,1060,60,3,3,850
18/10/2022 08:20:48,2,1060,60,3,3,850
18/10/2022 08:21:04,2,1060,60,3,2,850
18/10/2022 08:21:20,2,1050,60,3,2,850
18/10/2022 08:21:36,2,1050,60,3,3,850
18/10/2022 08:21:52,2,1050,60,3,3,850
18/10/2022 08:22:08,2,1030,60,3,2,1460
18/10/2022 08:22:24,2,1030,60,3,2,1460
18/10/2022 08:22:40,2,1020,60,3,1,890
18/10/2022 08:22:56,2,1020,60,3,1,890
18/10/2022 08:23:12,2,1020,60,3,1,890
18/10/2022 08:23:28,2,1020,60,3,2,920
18/10/2022 08:23:44,2,1020,60,3,2,920
18/10/2022 08:24:00,2,1020,60,3,1,1950
18/10/2022 08:24:16,2,1020,60,3,1,1950
18/10/2022 08:24:32,2,1020,60,3,3,700
18/10/2022 08:24:48,2,1030,60,3,3,700
18/10/2022 08:25:04,2,1030,60,3,2,690
18/10/2022 08:25:20,2,1060,60,3,2,690
18/10/2022 08:25:36,2,1060,60,3,2,690
18/10/2022 08:25:52,2,1060,60,3,1,1000
18/10/2022 08:26:08,2,1060,60,3,1,1000
18/10/2022 08:26:24,2,1070,60,3,2,1000
18/10/2022 08:26:40,2,1080,60,3,2,1000
18/10/2022 08:26:56,2,1080,60,3,2,970
18/10/2022 08:27:12,2,1080,60,3,2,970
18/10/2022 08:27:28,2,1080,60,3,1,970
18/10/2022 08:27:44,2,1080,60,3,1,970
18/10/2022 08:28:00,2,680,60,3,1,970
18/10/2022 08:28:16,2,1330,60,3,0,-999
18/10/2022 08:28:32,2,1340,60,3,0,-999
18/10/2022 08:28:48,2,1310,60,3,0,-999
18/10/2022 08:29:04,2,1310,60,3,0,-999
18/10/2022 08:29:20,2,1330,60,3,0,-999
18/10/2022 08:29:36,2,1370,60,3,0,-999
18/10/2022 08:29:52,2,1410,60,3,0,-999
18/10/2022 08:30:08,2,1410,60,3,0,-999
18/10/2022 08:30:24,2,1400,60,3,0,-999
18/10/2022 08:30:40,2,1670,60,3,0,-999
18/10/2022 08:30:56,2,2020,60,3,0,-999
18/10/2022 08:31:12,2,730,60,3,1,1680
18/10/2022 08:31:28,2,730,60,3,1,1680
18/10/2022 08:31:44,2,730,60,3,1,1660
18/10/2022 08:32:00,2,730,60,3,1,1660
18/10/2022 08:32:16,2,730,60,3,1,1640
18/10/2022 08:32:32,2,730,60,3,1,1640
18/10/2022 08:32:48,2,720,60,3,1,1640
18/10/2022 08:33:04,2,720,60,3,1,1660
18/10/2022 08:33:20,2,720,60,3,1,1660
18/10/2022 08:33:36,2,720,60,3,1,1640
18/10/2022 08:33:52,2,720,60,3,1,1640
18/10/2022 08:34:08,2,720,60,3,1,1630
18/10/2022 08:34:24,2,720,60,3,1,1630
18/10/2022 08:34:40,2,720,60,3,1,1610
18/10/2022 08:34:56,2,720,60,3,1,1610
18/10/2022 08:35:12,2,720,60,3,1,1610
18/10/2022 08:35:28,2,720,60,3,1,1600
18/10/2022 08:35:44,2,720,60,3,1,1600
18/10/2022 08:36:00,2,720,60,3,1,1450
18/10/2022 08:36:16,2,720,60,3,1,1450
18/10/2022 08:36:32,2,720,60,3,1,1600
18/10/2022 08:36:48,2,720,60,3,1,1600
18/10/2022 08:37:04,2,720,60,3,1,1560
18/10/2022 08:37:20,2,720,60,3,1,1560
18/10/2022 08:37:36,2,720,60,3,1,1560
18/10/2022 08:37:52,2,720,60,3,1,1530
18/10/2022 08:38:08,2,1010,60,3,1,1530
18/10/2022 08:38:24,2,1010,60,3,1,1550
18/10/2022 08:38:40,2,1000,60,3,1,1550
18/10/2022 08:38:56,2,930,60,3,0,-999
18/10/2022 08:39:12,2,970,60,3,0,-999
18/10/2022 08:39:28,2,1750,60,3,0,-999
18/10/2022 08:39:44,2,1750,60,3,0,-999
18/10/2022 08:40:00,2,1750,60,3,0,-999
18/10/2022 08:40:16,2,990,60,3,2,700
18/10/2022 08:40:32,2,990,60,3,2,700
18/10/2022 08:40:48,2,990,60,3,2,700
18/10/2022 08:41:04,2,990,60,3,2,700
18/10/2022 08:41:20,2,990,60,3,2,710
18/10/2022 08:41:36,2,990,60,3,2,710
18/10/2022 08:41:52,2,990,60,3,2,710
18/10/2022 08:42:08,2,-999,60,3,2,710
18/10/2022 08:42:24,2,-999,60,3,2,710
18/10/2022 08:42:40,2,850,60,3,2,750
18/10/2022 08:42:56,2,850,60,3,2,750
18/10/2022 08:43:12,2,850,60,3,2,750
18/10/2022 08:43:28,2,850,60,3,2,750
18/10/2022 08:43:44,2,850,60,3,2,750
18/10/2022 08:44:00,2,850,60,3,2,750
18/10/2022 08:44:16,2,850,60,3,2,750
18/10/2022 08:44:32,2,850,60,3,2,750
18/10/2022 08:44:48,2,850,60,3,2,750
18/10/2022 08:45:04,2,850,60,3,2,760
18/10/2022 08:45:20,2,850,60,3,2,760
18/10/2022 08:45:36,2,850,60,3,2,790
18/10/2022 08:45:52,2,870,60,3,2,790
18/10/2022 08:46:08,2,870,60,3,1,1400
18/10/2022 08:46:24,2,870,60,3,1,1400
18/10/2022 08:46:40,2,850,60,3,1,1390
18/10/2022 08:46:56,2,850,60,3,1,1390
18/10/2022 08:47:12,2,840,60,3,1,1390
18/10/2022 08:47:28,2,840,60,3,2,770
18/10/2022 08:47:44,2,840,60,3,2,770
18/10/2022 08:48:00,2,840,60,3,1,1430
18/10/2022 08:48:16,2,850,60,3,1,1430
18/10/2022 08:48:32,2,850,60,3,1,1380
18/10/2022 08:48:48,2,850,60,3,1,1380
18/10/2022 08:49:04,2,790,60,3,1,1380
18/10/2022 08:49:20,2,790,60,3,1,1380
18/10/2022 08:49:36,2,790,60,3,1,1380
18/10/2022 08:49:52,2,770,60,3,2,710
18/10/2022 08:50:08,2,770,60,3,2,710
18/10/2022 08:50:24,2,790,60,3,1,1450
18/10/2022 08:50:40,2,790,60,3,1,1450
18/10/2022 08:50:56,2,790,60,3,1,1410
18/10/2022 08:51:12,2,800,60,3,1,1410
18/10/2022 08:51:28,2,800,60,3,1,1450
18/10/2022 08:51:44,2,800,60,3,1,1450
18/10/2022 08:52:00,2,800,60,3,1,1450
18/10/2022 08:52:16,2,800,60,3,1,1410
18/10/2022 08:52:32,2,800,60,3,1,1410
18/10/2022 08:52:48,2,800,60,3,1,1480
18/10/2022 08:53:04,2,800,60,3,1,1480
18/10/2022 08:53:20,2,800,60,3,1,1450
18/10/2022 08:53:36,2,800,60,3,1,1450
18/10/2022 08:53:52,2,800,60,3,1,1480
18/10/2022 08:54:08,2,800,60,3,1,1480
18/10/2022 08:54:24,2,800,60,3,1,1480
18/10/2022 08:54:40,2,800,60,3,1,1490
18/10/2022 08:54:56,2,800,60,3,1,1490
18/10/2022 08:55:12,2,800,60,3,1,1480
18/10/2022 08:55:28,2,750,60,3,1,1480
18/10/2022 08:55:44,2,740,60,3,1,1470
18/10/2022 08:56:00,2,740,60,3,1,1470
18/10/2022 08:56:16,2,740,60,3,1,1460
18/10/2022 08:56:32,2,740,60,3,1,1460
18/10/2022 08:56:48,2,730,60,3,1,1460
18/10/2022 08:57:04,2,730,60,3,1,1460
18/10/2022 08:57:20,2,720,60,3,1,1460
18/10/2022 08:57:36,2,720,60,3,1,1430
18/10/2022 08:57:52,2,720,60,3,1,1430
18/10/2022 08:58:08,2,720,60,3,1,1430
18/10/2022 08:58:24,2,720,60,3,1,1430
18/10/2022 08:58:40,2,720,60,3,1,1460
18/10/2022 08:58:56,2,720,60,3,1,1460
18/10/2022 08:59:12,2,720,60,3,1,1460
18/10/2022 08:59:28,2,720,60,3,1,1490
18/10/2022 08:59:44,2,720,60,3,1,1490
18/10/2022 09:00:00,1,720,750,3,1,1470
18/10/2022 09:00:16,1,720,750,3,1,1470
18/10/2022 09:00:32,1,720,750,3,1,1470
18/10/2022 09:00:48,1,730,750,3,1,1470
18/10/2022 09:01:04,1,730,750,3,1,1480
18/10/2022 09:01:20,1,730,750,3,1,1480
18/10/2022 09:01:36,1,730,750,3,1,1480
18/10/2022 09:01:52,1,730,750,3,1,1510
18/10/2022 09:02:08,1,730,750,3,1,1510
18/10/2022 09:02:24,1,730,750,3,1,1510
18/10/2022 09:02:40,1,730,750,3,1,1510
18/10/2022 09:02:56,1,730,750,3,1,1500
18/10/2022 09:03:12,1,740,750,3,1,1500
18/10/2022 09:03:28,1,740,750,3,1,1500
18/10/2022 09:03:44,1,740,750,3,1,1500
18/10/2022 09:04:00,1,740,750,3,1,1500
18/10/2022 09:04:16,1,750,750,3,1,1490
18/10/2022 09:04:32,1,750,750,3,1,1490
18/10/2022 09:04:48,1,750,750,3,1,1490
18/10/2022 09:05:04,1,760,750,3,1,1490
18/10/2022 09:05:20,1,760,750,3,1,1520
18/10/2022 09:05:36,1,760,750,3,1,1520
18/10/2022 09:05:52,1,760,750,3,1,1550
18/10/2022 09:06:08,1,760,750,3,1,1550
18/10/2022 09:06:24,1,760,750,3,1,1550
18/10/2022 09:06:40,1,760,750,3,1,1430
18/10/2022 09:06:56,1,760,750,3,1,1430
18/10/2022 09:07:12,1,760,750,3,1,1400
18/10/2022 09:07:28,1,760,750,3,1,1400
18/10/2022 09:07:44,1,760,750,3,1,1390
18/10/2022 09:08:00,1,760,750,3,1,1390
18/10/2022 09:08:16,1,760,750,3,2,1430
18/10/2022 09:08:32,1,760,750,3,2,1430
18/10/2022 09:08:48,1,760,750,3,2,1430
18/10/2022 09:09:04,1,760,750,3,2,1370
18/10/2022 09:09:20,1,760,750,3,2,1370
18/10/2022 09:09:36,1,760,750,3,1,1330
18/10/2022 09:09:52,1,760,750,3,1,1330
18/10/2022 09:10:08,1,760,750,3,1,1340
18/10/2022 09:10:24,1,760,750,3,1,1340
18/10/2022 09:10:40,1,760,750,3,2,1340
18/10/2022 09:10:56,1,760,750,3,2,1340
18/10/2022 09:11:12,1,760,750,3,2,1340
18/10/2022 09:11:28,1,760,750,3,1,1700
18/10/2022 09:11:44,1,760,750,3,1,1700
18/10/2022 09:12:00,1,760,750,3,3,650
18/10/2022 09:12:16,1,760,750,3,3,650
18/10/2022 09:12:32,1,760,750,3,2,650
18/10/2022 09:12:48,1,770,750,3,2,650
18/10/2022 09:13:04,1,770,750,3,1,1340
18/10/2022 09:13:20,1,770,750,3,1,1340
18/10/2022 09:13:36,1,770,750,3,1,1340
18/10/2022 09:13:52,1,1630,750,3,0,-999
18/10/2022 09:14:08,1,1630,750,3,0,-999
18/10/2022 09:14:24,1,1600,750,3,0,-999
18/10/2022 09:14:40,1,1600,750,3,0,-999
18/10/2022 09:14:56,1,760,750,3,1,1370
18/10/2022 09:15:12,1,760,750,3,1,1370
18/10/2022 09:15:28,1,1480,750,3,1,1350
18/10/2022 09:15:44,1,1480,750,3,1,1350
18/10/2022 09:16:00,1,1480,750,3,1,1350
18/10/2022 09:16:16,1,1480,750,3,1,1360
18/10/2022 09:16:32,1,730,750,3,1,1360
18/10/2022 09:16:48,1,730,750,3,1,1350
18/10/2022 09:17:04,1,730,750,3,1,1350
18/10/2022 09:17:20,1,730,750,3,2,650
18/10/2022 09:17:36,1,720,750,3,2,650
18/10/2022 09:17:52,1,730,750,3,1,1380
18/10/2022 09:18:08,1,740,750,3,1,1380
18/10/2022 09:18:24,1,740,750,3,1,1380
18/10/2022 09:18:40,1,740,750,3,1,1380
18/10/2022 09:18:56,1,740,750,3,1,1380
18/10/2022 09:19:12,1,740,750,3,2,1380
18/10/2022 09:19:28,1,740,750,3,2,1380
18/10/2022 09:19:44,1,740,750,3,1,1380
18/10/2022 09:20:00,1,740,750,3,1,1380
18/10/2022 09:20:16,1,730,750,3,1,1390
18/10/2022 09:20:32,1,730,750,3,1,1390
18/10/2022 09:20:48,1,730,750,3,1,1390
18/10/2022 09:21:04,1,720,750,3,1,1380
18/10/2022 09:21:20,1,720,750,3,1,1380
18/10/2022 09:21:36,1,720,750,3,1,1370
18/10/2022 09:21:52,1,720,750,3,1,1370
18/10/2022 09:22:08,1,720,750,3,1,1370
18/10/2022 09:22:24,1,720,750,3,1,1370
18/10/2022 09:22:40,1,720,750,3,2,720
18/10/2022 09:22:56,1,720,750,3,2,720
18/10/2022 09:23:12,1,720,750,3,2,720
18/10/2022 09:23:28,1,710,750,3,1,1370
18/10/2022 09:23:44,1,710,750,3,1,1370
18/10/2022 09:24:00,1,710,750,3,1,1380
18/10/2022 09:24:16,1,710,750,3,1,1380
18/10/2022 09:24:32,1,710,750,3,1,1450
18/10/2022 09:24:48,1,710,750,3,1,1450
18/10/2022 09:25:04,1,700,750,3,1,1400
18/10/2022 09:25:20,1,690,750,3,1,1400
18/10/2022 09:25:36,1,690,750,3,1,1400
18/10/2022 09:25:52,1,680,750,3,1,1410
18/10/2022 09:26:08,1,680,750,3,1,1410
18/10/2022 09:26:24,1,680,750,3,2,720
18/10/2022 09:26:40,1,680,750,3,2,720
18/10/2022 09:26:56,1,680,750,3,1,720
18/10/2022 09:27:12,1,680,750,3,1,720
18/10/2022 09:27:28,1,680,750,3,1,720
18/10/2022 09:27:44,1,690,750,3,1,720
18/10/2022 09:28:00,1,690,750,3,1,720
18/10/2022 09:28:16,1,800,750,3,1,710
18/10/2022 09:28:32,1,800,750,3,1,710
18/10/2022 09:28:48,1,800,750,3,1,710
18/10/2022 09:29:04,1,800,750,3,1,710
18/10/2022 09:29:20,1,810,750,3,1,720
18/10/2022 09:29:36,1,810,750,3,1,720
18/10/2022 09:29:52,1,810,750,3,2,740
18/10/2022 09:30:08,1,810,750,3,2,740
18/10/2022 09:30:24,1,810,750,3,2,740
18/10/2022 09:30:40,1,810,750,3,2,800
18/10/2022 09:30:56,1,810,750,3,2,800
18/10/2022 09:31:12,1,830,750,3,1,1350
18/10/2022 09:31:28,1,830,750,3,1,1350
18/10/2022 09:31:44,1,850,750,3,1,1260
18/10/2022 09:32:00,1,850,750,3,1,1260
18/10/2022 09:32:16,1,850,750,3,1,1240
18/10/2022 09:32:32,1,850,750,3,1,1240
18/10/2022 09:32:48,1,920,750,3,1,1240
18/10/2022 09:33:04,1,-999,750,3,2,1180
18/10/2022 09:33:20,1,-999,750,3,2,1180
18/10/2022 09:33:36,1,-999,750,3,1,1220
18/10/2022 09:33:52,1,1470,750,3,1,1220
18/10/2022 09:34:08,1,670,750,3,1,1360
18/10/2022 09:34:24,1,670,750,3,1,1360
18/10/2022 09:34:40,1,670,750,3,1,1360
18/10/2022 09:34:56,1,670,750,3,1,1360
18/10/2022 09:35:12,1,680,750,3,1,1360
18/10/2022 09:35:28,1,680,750,3,3,730
18/10/2022 09:35:44,1,680,750,3,3,730
18/10/2022 09:36:00,1,680,750,3,1,1210
18/10/2022 09:36:16,1,680,750,3,1,1210
18/10/2022 09:36:32,1,690,750,3,1,1150
18/10/2022 09:36:48,1,760,750,3,1,1150
18/10/2022 09:37:04,1,-999,750,3,1,1210
18/10/2022 09:37:20,1,-999,750,3,1,1210
18/10/2022 09:37:36,1,-999,750,3,1,1210
18/10/2022 09:37:52,1,-999,750,3,1,1300
18/10/2022 09:38:08,1,1470,750,3,1,1300
18/10/2022 09:38:24,1,-999,750,3,2,1050
18/10/2022 09:38:40,1,-999,750,3,2,1050
18/10/2022 09:38:56,1,-999,750,3,2,790
18/10/2022 09:39:12,1,-999,750,3,2,790
18/10/2022 09:39:28,1,-999,750,3,3,740
18/10/2022 09:39:44,1,-999,750,3,3,740
18/10/2022 09:40:00,1,-999,750,3,3,740
18/10/2022 09:40:16,1,-999,750,3,3,740
18/10/2022 09:40:32,1,-999,750,3,3,740
18/10/2022 09:40:48,1,-999,750,3,1,770
18/10/2022 09:41:04,1,-999,750,3,1,770
18/10/2022 09:41:20,1,880,750,3,1,750
18/10/2022 09:41:36,1,880,750,3,1,750
18/10/2022 09:41:52,1,890,750,3,1,740
18/10/2022 09:42:08,1,890,750,3,1,740
18/10/2022 09:42:24,1,890,750,3,1,740
18/10/2022 09:42:40,1,890,750,3,1,730
18/10/2022 09:42:56,1,890,750,3,1,730
18/10/2022 09:43:12,1,890,750,3,1,740
18/10/2022 09:43:28,1,890,750,3,1,740
18/10/2022 09:43:44,1,890,750,3,1,850
18/10/2022 09:44:00,1,890,750,3,1,850
18/10/2022 09:44:16,1,890,750,3,1,910
18/10/2022 09:44:32,1,890,750,3,1,910
18/10/2022 09:44:48,1,900,750,3,1,910
18/10/2022 09:45:04,1,900,750,3,1,960
18/10/2022 09:45:20,1,900,750,3,1,960
18/10/2022 09:45:36,1,-999,750,3,2,810
18/10/2022 09:45:52,1,-999,750,3,2,810
18/10/2022 09:46:08,1,-999,750,3,1,740
18/10/2022 09:46:24,1,-999,750,3,1,740
18/10/2022 09:46:40,1,-999,750,3,1,710
18/10/2022 09:46:56,1,-999,750,3,1,710
18/10/2022 09:47:12,1,-999,750,3,1,710
18/10/2022 09:47:28,1,-999,750,3,1,690
18/10/2022 09:47:44,1,-999,750,3,1,690
18/10/2022 09:48:00,1,-999,750,3,1,690
18/10/2022 09:48:16,1,-999,750,3,1,690
18/10/2022 09:48:32,1,-999,750,3,1,670
18/10/2022 09:48:48,1,800,750,3,1,670
18/10/2022 09:49:04,1,800,750,3,1,670
18/10/2022 09:49:20,1,800,750,3,1,670
18/10/2022 09:49:36,1,800,750,3,1,670
18/10/2022 09:49:52,1,800,750,3,1,700
18/10/2022 09:50:08,1,800,750,3,1,700
18/10/2022 09:50:24,1,800,750,3,1,690
18/10/2022 09:50:40,1,800,750,3,1,690
18/10/2022 09:50:56,1,800,750,3,1,700
18/10/2022 09:51:12,1,800,750,3,1,700
18/10/2022 09:51:28,1,800,750,3,1,810
18/10/2022 09:51:44,1,800,750,3,1,810
18/10/2022 09:52:00,1,800,750,3,1,810
18/10/2022 09:52:16,1,800,750,3,2,820
18/10/2022 09:52:32,1,800,750,3,2,820
18/10/2022 09:52:48,1,860,750,3,1,1020
18/10/2022 09:53:04,1,1150,750,3,1,1020
18/10/2022 09:53:20,1,-999,750,3,1,850
18/10/2022 09:53:36,1,-999,750,3,1,850
18/10/2022 09:53:52,1,-999,750,3,1,880
18/10/2022 09:54:08,1,930,750,3,1,880
18/10/2022 09:54:24,1,950,750,3,1,880
18/10/2022 09:54:40,1,950,750,3,1,910
18/10/2022 09:54:56,1,1020,750,3,1,910
18/10/2022 09:55:12,1,1020,750,3,1,960
18/10/2022 09:55:28,1,1020,750,3,1,960
18/10/2022 09:55:44,1,1070,750,3,1,960
18/10/2022 09:56:00,1,1070,750,3,1,960
18/10/2022 09:56:16,1,1100,750,3,1,1000
18/10/2022 09:56:32,1,1100,750,3,1,1000
18/10/2022 09:56:48,1,1100,750,3,1,1000
18/10/2022 09:57:04,1,1090,750,3,2,1000
18/10/2022 09:57:20,1,1090,750,3,2,1000
18/10/2022 09:57:36,1,1090,750,3,1,1380
18/10/2022 09:57:52,1,1100,750,3,1,1380
18/10/2022 09:58:08,1,1100,750,3,2,1480
18/10/2022 09:58:24,1,1100,750,3,2,1480
18/10/2022 09:58:40,1,1120,750,3,2,1400
18/10/2022 09:58:56,1,-999,750,3,2,1400
18/10/2022 09:59:12,1,720,750,3,2,1400
18/10/2022 09:59:28,1,720,750,3,1,1450
18/10/2022 09:59:44,1,710,750,3,1,1450
18/10/2022 10:00:00,2,710,750,3,2,1530
18/10/2022 10:00:16,2,720,750,3,2,1530
18/10/2022 10:00:32,2,720,750,3,1,1850
18/10/2022 10:00:48,2,720,750,3,1,1850
18/10/2022 10:01:04,2,720,750,3,3,1370
18/10/2022 10:01:20,2,730,750,3,3,1370
18/10/2022 10:01:36,2,-999,750,3,3,1370
18/10/2022 10:01:52,2,-999,750,3,2,1360
18/10/2022 10:02:08,2,-999,750,3,2,1360
18/10/2022 10:02:24,2,870,750,3,3,1370
18/10/2022 10:02:40,2,870,750,3,3,1370
18/10/2022 10:02:56,2,870,750,3,1,1610
18/10/2022 10:03:12,2,870,750,3,1,1610
18/10/2022 10:03:28,2,870,750,3,2,790
18/10/2022 10:03:44,2,870,750,3,2,790
18/10/2022 10:04:00,2,880,750,3,2,790
18/10/2022 10:04:16,2,880,750,3,2,800
18/10/2022 10:04:32,2,880,750,3,2,800
18/10/2022 10:04:48,2,880,750,3,2,810
18/10/2022 10:05:04,2,880,750,3,2,810
18/10/2022 10:05:20,2,920,750,3,2,780
18/10/2022 10:05:36,2,920,750,3,2,780
18/10/2022 10:05:52,2,920,750,3,2,820
18/10/2022 10:06:08,2,920,750,3,2,820
18/10/2022 10:06:24,2,920,750,3,2,820
18/10/2022 10:06:40,2,940,750,3,1,740
18/10/2022 10:06:56,2,940,750,3,1,740
18/10/2022 10:07:12,2,940,750,3,1,740
18/10/2022 10:07:28,2,940,750,3,1,740
18/10/2022 10:07:44,2,940,750,3,1,750
18/10/2022 10:08:00,2,940,750,3,1,750
18/10/2022 10:08:16,2,940,750,3,1,810
18/10/2022 10:08:32,2,940,750,3,1,810
18/10/2022 10:08:48,2,940,750,3,1,810
18/10/2022 10:09:04,2,940,750,3,1,760
18/10/2022 10:09:20,2,940,750,3,1,760
18/10/2022 10:09:36,2,940,750,3,2,760
18/10/2022 10:09:52,2,940,750,3,2,760
18/10/2022 10:10:08,2,960,750,3,3,970
18/10/2022 10:10:24,2,960,750,3,3,970
18/10/2022 10:10:40,2,960,750,3,2,750
18/10/2022 10:10:56,2,960,750,3,2,750
18/10/2022 10:11:12,2,960,750,3,2,750
18/10/2022 10:11:28,2,960,750,3,1,750
18/10/2022 10:11:44,2,960,750,3,1,750
18/10/2022 10:12:00,2,960,750,3,1,750
18/10/2022 10:12:16,2,900,750,3,1,750
18/10/2022 10:12:32,2,900,750,3,1,770
18/10/2022 10:12:48,2,900,750,3,1,770
18/10/2022 10:13:04,2,900,750,3,1,810
18/10/2022 10:13:20,2,900,750,3,1,810
18/10/2022 10:13:36,2,900,750,3,1,810
18/10/2022 10:13:52,2,900,750,3,1,1380
18/10/2022 10:14:08,2,930,750,3,1,1380
18/10/2022 10:14:24,2,930,750,3,1,1380
18/10/2022 10:14:40,2,930,750,3,1,1380
18/10/2022 10:14:56,2,950,750,3,1,1360
18/10/2022 10:15:12,2,950,750,3,1,1360
18/10/2022 10:15:28,2,950,750,3,1,1310
18/10/2022 10:15:44,2,950,750,3,1,1310
18/10/2022 10:16:00,2,950,750,3,1,1310
18/10/2022 10:16:16,2,950,750,3,1,1250
18/10/2022 10:16:32,2,950,750,3,1,1250
18/10/2022 10:16:48,2,950,750,3,1,1210
18/10/2022 10:17:04,2,950,750,3,1,1210
18/10/2022 10:17:20,2,960,750,3,1,1190
18/10/2022 10:17:36,2,960,750,3,1,1190
18/10/2022 10:17:52,2,960,750,3,1,1200
18/10/2022 10:18:08,2,950,750,3,1,1200
18/10/2022 10:18:24,2,960,750,3,1,1200
18/10/2022 10:18:40,2,1400,750,3,1,1170
18/10/2022 10:18:56,2,1400,750,3,1,1170
18/10/2022 10:19:12,2,1400,750,3,1,1150
18/10/2022 10:19:28,2,1390,750,3,1,1150
18/10/2022 10:19:44,2,1390,750,3,1,1100
18/10/2022 10:20:00,2,1380,750,3,1,1100
18/10/2022 10:20:16,2,1380,750,3,1,1100
18/10/2022 10:20:32,2,1290,750,3,1,1100
18/10/2022 10:20:48,2,1290,750,3,1,1100
18/10/2022 10:21:04,2,1260,750,3,1,1120
18/10/2022 10:21:20,2,1260,750,3,1,1120
18/10/2022 10:21:36,2,1240,750,3,1,1100
18/10/2022 10:21:52,2,1240,750,3,1,1100
18/10/2022 10:22:08,2,1240,750,3,1,1080
18/10/2022 10:22:24,2,1240,750,3,1,1080
18/10/2022 10:22:40,2,1240,750,3,1,1050
18/10/2022 10:22:56,2,1240,750,3,1,1050
18/10/2022 10:23:12,2,1240,750,3,1,1050
18/10/2022 10:23:28,2,1220,750,3,1,1050
18/10/2022 10:23:44,2,1220,750,3,1,1050
18/10/2022 10:24:00,2,1220,750,3,1,1040
18/10/2022 10:24:16,2,1220,750,3,1,1040
18/10/2022 10:24:32,2,1220,750,3,1,1160
18/10/2022 10:24:48,2,1220,750,3,1,1160
18/10/2022 10:25:04,2,1200,750,3,3,1220
18/10/2022 10:25:20,2,1200,750,3,3,1220
18/10/2022 10:25:36,2,1180,750,3,3,1220
18/10/2022 10:25:52,2,1180,750,3,2,1330
18/10/2022 10:26:08,2,-999,750,3,2,1330
18/10/2022 10:26:24,2,-999,750,3,2,1230
18/10/2022 10:26:40,2,-999,750,3,2,1230
18/10/2022 10:26:56,2,-999,750,3,2,1190
18/10/2022 10:27:12,2,-999,750,3,2,1190
18/10/2022 10:27:28,2,-999,750,3,2,1210
18/10/2022 10:27:44,2,-999,750,3,2,1210
18/10/2022 10:28:00,2,-999,750,3,2,1210
18/10/2022 10:28:16,2,870,750,3,1,1210
18/10/2022 10:28:32,2,870,750,3,1,1210
18/10/2022 10:28:48,2,870,750,3,2,1210
18/10/2022 10:29:04,2,870,750,3,2,1210
18/10/2022 10:29:20,2,1330,750,3,1,1220
18/10/2022 10:29:36,2,1330,750,3,1,1220
18/10/2022 10:29:52,2,1320,750,3,1,1180
18/10/2022 10:30:08,2,1320,750,3,1,1180
18/10/2022 10:30:24,2,1320,750,3,1,1180
18/10/2022 10:30:40,2,1320,750,3,1,1170
18/10/2022 10:30:56,2,1320,750,3,1,1170
18/10/2022 10:31:12,2,1320,750,3,1,1160
18/10/2022 10:31:28,2,1320,750,3,1,1160
18/10/2022 10:31:44,2,1310,750,3,1,1130
18/10/2022 10:32:00,2,1310,750,3,1,1130
18/10/2022 10:32:16,2,1310,750,3,1,1040
18/10/2022 10:32:32,2,1280,750,3,1,1040
18/10/2022 10:32:48,2,1280,750,3,1,1040
18/10/2022 10:33:04,2,1280,750,3,1,960
18/10/2022 10:33:20,2,1280,750,3,1,960
18/10/2022 10:33:36,2,1250,750,3,1,930
18/10/2022 10:33:52,2,1250,750,3,1,930
18/10/2022 10:34:08,2,1250,750,3,1,870
18/10/2022 10:34:24,2,1250,750,3,1,870
18/10/2022 10:34:40,2,1230,750,3,1,880
18/10/2022 10:34:56,2,-999,750,3,1,880
18/10/2022 10:35:12,2,-999,750,3,1,880
18/10/2022 10:35:28,2,-999,750,3,2,920
18/10/2022 10:35:44,2,-999,750,3,2,920
18/10/2022 10:36:00,2,-999,750,3,2,1000
18/10/2022 10:36:16,2,-999,750,3,2,1000
18/10/2022 10:36:32,2,-999,750,3,1,1260
18/10/2022 10:36:48,2,-999,750,3,1,1260
18/10/2022 10:37:04,2,-999,750,3,1,1250
18/10/2022 10:37:20,2,-999,750,3,1,1250
18/10/2022 10:37:36,2,-999,750,3,1,1250
18/10/2022 10:37:52,2,-999,750,3,2,1310
18/10/2022 10:38:08,2,-999,750,3,2,1310
18/10/2022 10:38:24,2,-999,750,3,2,1360
18/10/2022 10:38:40,2,-999,750,3,2,1360
18/10/2022 10:38:56,2,1390,750,3,1,1280
18/10/2022 10:39:12,2,1390,750,3,1,1280
18/10/2022 10:39:28,2,1390,750,3,2,1270
18/10/2022 10:39:44,2,1440,750,3,2,1270
18/10/2022 10:40:00,2,1440,750,3,2,1270
18/10/2022 10:40:16,2,1440,750,3,1,1270
18/10/2022 10:40:32,2,1440,750,3,1,1270
18/10/2022 10:40:48,2,1440,750,3,1,1290
18/10/2022 10:41:04,2,1440,750,3,1,1290
18/10/2022 10:41:20,2,920,750,3,1,1320
18/10/2022 10:41:36,2,930,750,3,1,1320
18/10/2022 10:41:52,2,930,750,3,1,1350
18/10/2022 10:42:08,2,930,750,3,1,1350
18/10/2022 10:42:24,2,930,750,3,1,1350
18/10/2022 10:42:40,2,930,750,3,1,1350
18/10/2022 10:42:56,2,930,750,3,1,1350
18/10/2022 10:43:12,2,930,750,3,1,1310
18/10/2022 10:43:28,2,930,750,3,1,1310
18/10/2022 10:43:44,2,930,750,3,1,1310
18/10/2022 10:44:00,2,930,750,3,1,1310
18/10/2022 10:44:16,2,930,750,3,2,1330
18/10/2022 10:44:32,2,940,750,3,2,1330
18/10/2022 10:44:48,2,940,750,3,2,1330
18/10/2022 10:45:04,2,930,750,3,1,2410
18/10/2022 10:45:20,2,930,750,3,1,2410
18/10/2022 10:45:36,2,930,750,3,2,1880
18/10/2022 10:45:52,2,920,750,3,2,1880
18/10/2022 10:46:08,2,900,750,3,1,1970
18/10/2022 10:46:24,2,900,750,3,1,1970
18/10/2022 10:46:40,2,900,750,3,2,1950
18/10/2022 10:46:56,2,900,750,3,2,1950
18/10/2022 10:47:12,2,890,750,3,2,1950
18/10/2022 10:47:28,2,890,750,3,2,1950
18/10/2022 10:47:44,2,880,750,3,2,1950
18/10/2022 10:48:00,2,-999,750,3,1,1920
18/10/2022 10:48:16,2,-999,750,3,1,1920
18/10/2022 10:48:32,2,880,750,3,1,1880
18/10/2022 10:48:48,2,880,750,3,1,1880
18/10/2022 10:49:04,2,880,750,3,1,1860
18/10/2022 10:49:20,2,880,750,3,1,1860
18/10/2022 10:49:36,2,880,750,3,1,1860
18/10/2022 10:49:52,2,880,750,3,1,1910
18/10/2022 10:50:08,2,880,750,3,1,1910
18/10/2022 10:50:24,2,880,750,3,1,1920
18/10/2022 10:50:40,2,880,750,3,1,1920
18/10/2022 10:50:56,2,900,750,3,1,1950
18/10/2022 10:51:12,2,900,750,3,1,1950
18/10/2022 10:51:28,2,900,750,3,1,1940
18/10/2022 10:51:44,2,900,750,3,1,1940
18/10/2022 10:52:00,2,860,750,3,1,1940
18/10/2022 10:52:16,2,860,750,3,1,1930
18/10/2022 10:52:32,2,860,750,3,1,1930
18/10/2022 10:52:48,2,860,750,3,1,1980
18/10/2022 10:53:04,2,860,750,3,1,1980
18/10/2022 10:53:20,2,860,750,3,1,2120
18/10/2022 10:53:36,2,860,750,3,1,2120
18/10/2022 10:53:52,2,870,750,3,1,2240
18/10/2022 10:54:08,2,870,750,3,1,2240
18/10/2022 10:54:24,2,870,750,3,1,2240
18/10/2022 10:54:40,2,870,750,3,3,1920
18/10/2022 10:54:56,2,870,750,3,3,1920
18/10/2022 10:55:12,2,880,750,3,1,2530
18/10/2022 10:55:28,2,890,750,3,1,2530
18/10/2022 10:55:44,2,900,750,3,1,2380
18/10/2022 10:56:00,2,910,750,3,1,2380
18/10/2022 10:56:16,2,920,750,3,1,2370
18/10/2022 10:56:32,2,930,750,3,1,2370
18/10/2022 10:56:48,2,930,750,3,1,2370
18/10/2022 10:57:04,2,930,750,3,1,2370
18/10/2022 10:57:20,2,940,750,3,1,2370
18/10/2022 10:57:36,2,940,750,3,2,1230
18/10/2022 10:57:52,2,940,750,3,2,1230
18/10/2022 10:58:08,2,940,750,3,2,1230
18/10/2022 10:58:24,2,940,750,3,2,1230
18/10/2022 10:58:40,2,2120,750,3,0,-999
18/10/2022 10:58:56,2,1580,750,3,0,-999
18/10/2022 10:59:12,2,1550,750,3,0,-999
