# Time, Layer_QualityIndex,bl_height,Mean_Layer_Height,n_BL,cloud_stat,cloud_dat
29/12/2022 11:00:00,2,900,660,3,1,850
29/12/2022 11:00:16,2,910,660,3,1,850
29/12/2022 11:00:32,2,910,660,3,1,850
29/12/2022 11:00:48,2,910,660,3,1,850
29/12/2022 11:01:04,2,910,660,3,1,850
29/12/2022 11:01:20,2,910,660,3,1,850
29/12/2022 11:01:36,2,940,660,3,1,850
29/12/2022 11:01:52,2,940,660,3,1,850
29/12/2022 11:02:08,2,950,660,3,1,860
29/12/2022 11:02:24,2,950,660,3,1,860
29/12/2022 11:02:40,2,960,660,3,1,860
29/12/2022 11:02:56,2,960,660,3,1,860
29/12/2022 11:03:12,2,960,660,3,1,860
29/12/2022 11:03:28,2,960,660,3,1,880
29/12/2022 11:03:44,2,960,660,3,1,880
29/12/2022 11:04:00,2,970,660,3,2,640
29/12/2022 11:04:16,2,630,660,3,2,640
29/12/2022 11:04:32,2,630,660,3,2,710
29/12/2022 11:04:48,2,630,660,3,2,710
29/12/2022 11:05:04,2,630,660,3,2,720
29/12/2022 11:05:20,2,630,660,3,2,720
29/12/2022 11:05:36,2,970,660,3,2,720
29/12/2022 11:05:52,2,970,660,3,1,720
29/12/2022 11:06:08,2,740,660,3,1,720
29/12/2022 11:06:24,2,810,660,3,1,700
29/12/2022 11:06:40,2,810,660,3,1,700
29/12/2022 11:06:56,2,780,660,3,1,670
29/12/2022 11:07:12,2,780,660,3,1,670
29/12/2022 11:07:28,2,810,660,3,1,720
29/12/2022 11:07:44,2,810,660,3,1,720
29/12/2022 11:08:00,2,810,660,3,1,720
29/12/2022 11:08:16,2,810,660,3,1,710
29/12/2022 11:08:32,2,810,660,3,1,710
29/12/2022 11:08:48,2,810,660,3,1,690
29/12/2022 11:09:04,2,810,660,3,1,690
29/12/2022 11:09:20,2,810,660,3,1,690
29/12/2022 11:09:36,2,800,660,3,1,690
29/12/2022 11:09:52,2,800,660,3,1,660
29/12/2022 11:10:08,2,800,660,3,1,660
29/12/2022 11:10:24,2,800,660,3,1,660
29/12/2022 11:10:40,2,800,660,3,1,660
29/12/2022 11:10:56,2,800,660,3,1,660
29/12/2022 11:11:12,2,800,660,3,1,640
29/12/2022 11:11:28,2,800,660,3,1,640
29/12/2022 11:11:44,2,800,660,3,1,660
29/12/2022 11:12:00,2,800,660,3,1,660
29/12/2022 11:12:16,2,800,660,3,1,650
29/12/2022 11:12:32,2,790,660,3,1,650
29/12/2022 11:12:48,2,790,660,3,1,650
29/12/2022 11:13:04,2,790,660,3,1,640
29/12/2022 11:13:20,2,790,660,3,1,640
29/12/2022 11:13:36,2,780,660,3,1,640
29/12/2022 11:13:52,2,780,660,3,1,640
29/12/2022 11:14:08,2,780,660,3,1,660
29/12/2022 11:14:24,2,780,660,3,1,660
29/12/2022 11:14:40,2,780,660,3,1,630
29/12/2022 11:14:56,2,780,660,3,1,630
29/12/2022 11:15:12,2,780,660,3,1,630
29/12/2022 11:15:28,2,770,660,3,1,630
29/12/2022 11:15:44,2,770,660,3,1,630
29/12/2022 11:16:00,2,770,660,3,1,650
29/12/2022 11:16:16,2,770,660,3,1,650
29/12/2022 11:16:32,2,770,660,3,1,690
29/12/2022 11:16:48,2,770,660,3,1,690
29/12/2022 11:17:04,2,770,660,3,1,710
29/12/2022 11:17:20,2,780,660,3,1,710
29/12/2022 11:17:36,2,780,660,3,1,710
29/12/2022 11:17:52,2,790,660,3,1,720
29/12/2022 11:18:08,2,790,660,3,1,720
29/12/2022 11:18:24,2,790,660,3,1,850
29/12/2022 11:18:40,2,790,660,3,1,850
29/12/2022 11:18:56,2,790,660,3,1,640
29/12/2022 11:19:12,2,790,660,3,1,640
29/12/2022 11:19:28,2,790,660,3,1,650
29/12/2022 11:19:44,2,790,660,3,1,650
29/12/2022 11:20:00,2,790,660,3,1,650
29/12/2022 11:20:16,2,790,660,3,1,670
29/12/2022 11:20:32,2,790,660,3,1,670
29/12/2022 11:20:48,2,790,660,3,2,720
29/12/2022 11:21:04,2,790,660,3,2,720
29/12/2022 11:21:20,2,790,660,3,1,910
29/12/2022 11:21:36,2,770,660,3,1,910
29/12/2022 11:21:52,2,770,660,3,1,930
29/12/2022 11:22:08,2,770,660,3,1,930
29/12/2022 11:22:24,2,770,660,3,1,930
29/12/2022 11:22:40,2,770,660,3,1,950
29/12/2022 11:22:56,2,770,660,3,1,950
29/12/2022 11:23:12,2,1060,660,3,1,920
29/12/2022 11:23:28,2,1060,660,3,1,920
29/12/2022 11:23:44,2,1060,660,3,1,960
29/12/2022 11:24:00,2,1060,660,3,1,960
29/12/2022 11:24:16,2,1070,660,3,2,650
29/12/2022 11:24:32,2,1070,660,3,2,650
29/12/2022 11:24:48,2,1070,660,3,2,650
29/12/2022 11:25:04,2,1070,660,3,1,870
29/12/2022 11:25:20,2,700,660,3,1,870
29/12/2022 11:25:36,2,700,660,3,1,900
29/12/2022 11:25:52,2,700,660,3,1,900
29/12/2022 11:26:08,2,700,660,3,2,730
29/12/2022 11:26:24,2,700,660,3,2,730
29/12/2022 11:26:40,2,700,660,3,1,970
29/12/2022 11:26:56,2,700,660,3,1,970
29/12/2022 11:27:12,2,710,660,3,1,970
29/12/2022 11:27:28,2,710,660,3,1,1000
29/12/2022 11:27:44,2,710,660,3,1,1000
29/12/2022 11:28:00,2,710,660,3,1,980
29/12/2022 11:28:16,2,710,660,3,1,980
29/12/2022 11:28:32,2,710,660,3,1,990
29/12/2022 11:28:48,2,730,660,3,1,990
29/12/2022 11:29:04,2,90,660,3,0,-999
29/12/2022 11:29:20,2,70,660,3,0,-999
29/12/2022 11:29:36,2,10,660,3,0,-999
29/12/2022 11:29:52,2,730,660,3,1,1000
29/12/2022 11:30:08,2,730,660,3,1,1000
29/12/2022 11:30:24,2,730,660,3,1,920
29/12/2022 11:30:40,2,730,660,3,1,920
29/12/2022 11:30:56,2,730,660,3,1,960
29/12/2022 11:31:12,2,730,660,3,1,960
29/12/2022 11:31:28,2,690,660,3,1,910
29/12/2022 11:31:44,2,690,660,3,1,910
29/12/2022 11:32:00,2,690,660,3,1,910
29/12/2022 11:32:16,2,690,660,3,1,900
29/12/2022 11:32:32,2,690,660,3,1,900
29/12/2022 11:32:48,2,680,660,3,1,900
29/12/2022 11:33:04,2,680,660,3,1,900
29/12/2022 11:33:20,2,630,660,3,1,900
29/12/2022 11:33:36,2,620,660,3,1,900
29/12/2022 11:33:52,2,620,660,3,1,870
29/12/2022 11:34:08,2,620,660,3,1,870
29/12/2022 11:34:24,2,620,660,3,1,870
29/12/2022 11:34:40,2,620,660,3,1,850
29/12/2022 11:34:56,2,620,660,3,1,850
29/12/2022 11:35:12,2,620,660,3,1,800
29/12/2022 11:35:28,2,1000,660,3,1,800
29/12/2022 11:35:44,2,990,660,3,1,810
29/12/2022 11:36:00,2,990,660,3,1,810
29/12/2022 11:36:16,2,990,660,3,1,940
29/12/2022 11:36:32,2,990,660,3,1,940
29/12/2022 11:36:48,2,990,660,3,1,940
29/12/2022 11:37:04,2,990,660,3,1,940
29/12/2022 11:37:20,2,990,660,3,1,940
29/12/2022 11:37:36,2,990,660,3,1,950
29/12/2022 11:37:52,2,990,660,3,1,950
29/12/2022 11:38:08,2,1040,660,3,1,910
29/12/2022 11:38:24,2,1040,660,3,1,910
29/12/2022 11:38:40,2,1040,660,3,1,880
29/12/2022 11:38:56,2,1050,660,3,1,880
29/12/2022 11:39:12,2,1050,660,3,1,880
29/12/2022 11:39:28,2,670,660,3,1,930
29/12/2022 11:39:44,2,670,660,3,1,930
29/12/2022 11:40:00,2,670,660,3,1,900
29/12/2022 11:40:16,2,670,660,3,1,900
29/12/2022 11:40:32,2,670,660,3,1,880
29/12/2022 11:40:48,2,670,660,3,1,880
29/12/2022 11:41:04,2,670,660,3,1,860
29/12/2022 11:41:20,2,660,660,3,1,860
29/12/2022 11:41:36,2,660,660,3,1,860
29/12/2022 11:41:52,2,650,660,3,1,850
29/12/2022 11:42:08,2,660,660,3,1,850
29/12/2022 11:42:24,2,1010,660,3,1,820
29/12/2022 11:42:40,2,1010,660,3,1,820
29/12/2022 11:42:56,2,980,660,3,1,850
29/12/2022 11:43:12,2,980,660,3,1,850
29/12/2022 11:43:28,2,980,660,3,1,750
29/12/2022 11:43:44,2,960,660,3,1,750
29/12/2022 11:44:00,2,960,660,3,1,750
29/12/2022 11:44:16,2,960,660,3,1,740
29/12/2022 11:44:32,2,960,660,3,1,740
29/12/2022 11:44:48,2,960,660,3,1,870
29/12/2022 11:45:04,2,960,660,3,1,870
29/12/2022 11:45:20,2,960,660,3,1,850
29/12/2022 11:45:36,2,960,660,3,1,850
29/12/2022 11:45:52,2,960,660,3,1,840
29/12/2022 11:46:08,2,960,660,3,1,840
29/12/2022 11:46:24,2,960,660,3,1,840
29/12/2022 11:46:40,2,960,660,3,1,850
29/12/2022 11:46:56,2,960,660,3,1,850
29/12/2022 11:47:12,2,960,660,3,1,890
29/12/2022 11:47:28,2,970,660,3,1,890
29/12/2022 11:47:44,2,970,660,3,1,920
29/12/2022 11:48:00,2,970,660,3,1,920
29/12/2022 11:48:16,2,970,660,3,1,930
29/12/2022 11:48:32,2,980,660,3,1,930
29/12/2022 11:48:48,2,980,660,3,1,930
29/12/2022 11:49:04,2,1010,660,3,1,900
29/12/2022 11:49:20,2,1010,660,3,1,900
29/12/2022 11:49:36,2,1020,660,3,1,920
29/12/2022 11:49:52,2,1020,660,3,1,920
29/12/2022 11:50:08,2,1020,660,3,1,900
29/12/2022 11:50:24,2,1020,660,3,1,900
29/12/2022 11:50:40,2,1020,660,3,1,850
29/12/2022 11:50:56,2,1020,660,3,1,850
29/12/2022 11:51:12,2,1020,660,3,1,850
29/12/2022 11:51:28,2,1030,660,3,1,940
29/12/2022 11:51:44,2,1030,660,3,1,940
29/12/2022 11:52:00,2,600,660,3,1,940
29/12/2022 11:52:16,2,600,660,3,1,940
29/12/2022 11:52:32,2,600,660,3,1,950
29/12/2022 11:52:48,2,600,660,3,1,950
29/12/2022 11:53:04,2,600,660,3,1,950
29/12/2022 11:53:20,2,600,660,3,1,950
29/12/2022 11:53:36,2,600,660,3,1,950
29/12/2022 11:53:52,2,600,660,3,1,960
29/12/2022 11:54:08,2,660,660,3,1,960
29/12/2022 11:54:24,2,670,660,3,1,960
29/12/2022 11:54:40,2,670,660,3,1,960
29/12/2022 11:54:56,2,670,660,3,1,960
29/12/2022 11:55:12,2,680,660,3,1,960
29/12/2022 11:55:28,2,680,660,3,1,960
29/12/2022 11:55:44,2,680,660,3,1,960
29/12/2022 11:56:00,2,680,660,3,1,960
29/12/2022 11:56:16,2,680,660,3,1,960
29/12/2022 11:56:32,2,680,660,3,1,960
29/12/2022 11:56:48,2,680,660,3,1,960
29/12/2022 11:57:04,2,690,660,3,1,960
29/12/2022 11:57:20,2,690,660,3,1,1010
29/12/2022 11:57:36,2,690,660,3,1,1010
29/12/2022 11:57:52,2,690,660,3,1,980
29/12/2022 11:58:08,2,690,660,3,1,980
29/12/2022 11:58:24,2,690,660,3,1,980
29/12/2022 11:58:40,2,690,660,3,1,960
29/12/2022 11:58:56,2,690,660,3,1,960
29/12/2022 11:59:12,2,690,660,3,1,960
29/12/2022 11:59:28,2,690,660,3,1,960
29/12/2022 11:59:44,2,690,660,3,1,990
29/12/2022 12:00:00,-999,690,-999,3,1,990
29/12/2022 12:00:16,-999,700,-999,3,1,970
29/12/2022 12:00:32,-999,700,-999,3,1,970
29/12/2022 12:00:48,-999,700,-999,3,1,970
29/12/2022 12:01:04,-999,700,-999,3,1,1010
29/12/2022 12:01:20,-999,700,-999,3,1,1010
29/12/2022 12:01:36,-999,700,-999,3,1,1000
29/12/2022 12:01:52,-999,700,-999,3,1,1000
29/12/2022 12:02:08,-999,700,-999,3,1,960
29/12/2022 12:02:24,-999,700,-999,3,1,960
29/12/2022 12:02:40,-999,700,-999,3,1,960
29/12/2022 12:02:56,-999,700,-999,3,1,960
29/12/2022 12:03:12,-999,700,-999,3,1,960
29/12/2022 12:03:28,-999,700,-999,3,1,970
29/12/2022 12:03:44,-999,700,-999,3,1,970
29/12/2022 12:04:00,-999,700,-999,3,1,970
29/12/2022 12:04:16,-999,700,-999,3,1,970
29/12/2022 12:04:32,-999,700,-999,3,1,990
29/12/2022 12:04:48,-999,700,-999,3,1,990
29/12/2022 12:05:04,-999,700,-999,3,1,1000
29/12/2022 12:05:20,-999,700,-999,3,1,1000
29/12/2022 12:05:36,-999,700,-999,3,1,1000
29/12/2022 12:05:52,-999,700,-999,3,1,1010
29/12/2022 12:06:08,-999,700,-999,3,1,1010
29/12/2022 12:06:24,-999,710,-999,3,1,1020
29/12/2022 12:06:40,-999,710,-999,3,1,1020
29/12/2022 12:06:56,-999,710,-999,3,1,1010
29/12/2022 12:07:12,-999,710,-999,3,1,1010
29/12/2022 12:07:28,-999,710,-999,3,1,970
29/12/2022 12:07:44,-999,710,-999,3,1,970
29/12/2022 12:08:00,-999,710,-999,3,1,970
29/12/2022 12:08:16,-999,710,-999,3,1,970
29/12/2022 12:08:32,-999,710,-999,3,1,970
29/12/2022 12:08:48,-999,710,-999,3,1,990
29/12/2022 12:09:04,-999,710,-999,3,1,990
29/12/2022 12:09:20,-999,710,-999,3,1,980
29/12/2022 12:09:36,-999,710,-999,3,1,980
29/12/2022 12:09:52,-999,710,-999,3,1,990
29/12/2022 12:10:08,-999,710,-999,3,1,990
29/12/2022 12:10:24,-999,710,-999,3,1,990
29/12/2022 12:10:40,-999,700,-999,3,1,970
29/12/2022 12:10:56,-999,1110,-999,3,1,970
29/12/2022 12:11:12,-999,1110,-999,3,1,970
29/12/2022 12:11:28,-999,1100,-999,3,1,970
29/12/2022 12:11:44,-999,1100,-999,3,1,960
29/12/2022 12:12:00,-999,1100,-999,3,1,960
29/12/2022 12:12:16,-999,1100,-999,3,1,920
29/12/2022 12:12:32,-999,1100,-999,3,1,920
29/12/2022 12:12:48,-999,1100,-999,3,1,920
29/12/2022 12:13:04,-999,1080,-999,3,1,930
29/12/2022 12:13:20,-999,1080,-999,3,1,930
29/12/2022 12:13:36,-999,1080,-999,3,1,960
29/12/2022 12:13:52,-999,1080,-999,3,1,960
29/12/2022 12:14:08,-999,1070,-999,3,1,960
29/12/2022 12:14:24,-999,1070,-999,3,1,960
29/12/2022 12:14:40,-999,1070,-999,3,1,950
29/12/2022 12:14:56,-999,1070,-999,3,1,950
29/12/2022 12:15:12,-999,1060,-999,3,1,950
29/12/2022 12:15:28,-999,1060,-999,3,1,950
29/12/2022 12:15:44,-999,1060,-999,3,1,950
29/12/2022 12:16:00,-999,1060,-999,3,1,950
29/12/2022 12:16:16,-999,1060,-999,3,1,950
29/12/2022 12:16:32,-999,1060,-999,3,1,960
29/12/2022 12:16:48,-999,1070,-999,3,1,960
29/12/2022 12:17:04,-999,1070,-999,3,1,970
29/12/2022 12:17:20,-999,1070,-999,3,1,970
29/12/2022 12:17:36,-999,1070,-999,3,1,970
29/12/2022 12:17:52,-999,1070,-999,3,1,970
29/12/2022 12:18:08,-999,1070,-999,3,1,970
29/12/2022 12:18:24,-999,1080,-999,3,1,990
29/12/2022 12:18:40,-999,1080,-999,3,1,990
29/12/2022 12:18:56,-999,1090,-999,3,1,990
29/12/2022 12:19:12,-999,1090,-999,3,1,990
29/12/2022 12:19:28,-999,1090,-999,3,1,1010
29/12/2022 12:19:44,-999,1090,-999,3,1,1010
29/12/2022 12:20:00,-999,1090,-999,3,1,1010
29/12/2022 12:20:16,-999,1110,-999,3,1,1020
29/12/2022 12:20:32,-999,1110,-999,3,1,1020
29/12/2022 12:20:48,-999,1110,-999,3,1,1010
29/12/2022 12:21:04,-999,1110,-999,3,1,1010
29/12/2022 12:21:20,-999,1130,-999,3,1,1030
29/12/2022 12:21:36,-999,1130,-999,3,1,1030
29/12/2022 12:21:52,-999,1140,-999,3,1,1020
29/12/2022 12:22:08,-999,1140,-999,3,1,1020
29/12/2022 12:22:24,-999,1140,-999,3,1,1020
29/12/2022 12:22:40,-999,1140,-999,3,1,1030
29/12/2022 12:22:56,-999,1140,-999,3,1,1030
29/12/2022 12:23:12,-999,1140,-999,3,1,1030
29/12/2022 12:23:28,-999,1140,-999,3,1,1030
29/12/2022 12:23:44,-999,1140,-999,3,1,1030
29/12/2022 12:24:00,-999,1150,-999,3,1,1030
29/12/2022 12:24:16,-999,1150,-999,3,1,1030
29/12/2022 12:24:32,-999,1150,-999,3,1,1030
29/12/2022 12:24:48,-999,1150,-999,3,1,1030
29/12/2022 12:25:04,-999,1150,-999,3,1,1060
29/12/2022 12:25:20,-999,1150,-999,3,1,1060
29/12/2022 12:25:36,-999,1160,-999,3,1,1050
29/12/2022 12:25:52,-999,1160,-999,3,1,1050
29/12/2022 12:26:08,-999,1170,-999,3,1,1040
29/12/2022 12:26:24,-999,1170,-999,3,1,1040
29/12/2022 12:26:40,-999,1190,-999,3,1,1050
29/12/2022 12:26:56,-999,1190,-999,3,1,1050
29/12/2022 12:27:12,-999,1190,-999,3,1,1050
29/12/2022 12:27:28,-999,1190,-999,3,1,1050
29/12/2022 12:27:44,-999,1190,-999,3,1,1050
29/12/2022 12:28:00,-999,1190,-999,3,1,1050
29/12/2022 12:28:16,-999,1190,-999,3,1,1050
29/12/2022 12:28:32,-999,1190,-999,3,1,1060
29/12/2022 12:28:48,-999,1180,-999,3,1,1060
29/12/2022 12:29:04,-999,1180,-999,3,1,1050
29/12/2022 12:29:20,-999,1170,-999,3,1,1050
29/12/2022 12:29:36,-999,1170,-999,3,1,1050
29/12/2022 12:29:52,-999,1170,-999,3,1,1030
29/12/2022 12:30:08,-999,1170,-999,3,1,1030
29/12/2022 12:30:24,-999,1170,-999,3,1,1020
29/12/2022 12:30:40,-999,1170,-999,3,1,1020
29/12/2022 12:30:56,-999,1170,-999,3,1,1040
29/12/2022 12:31:12,-999,1170,-999,3,1,1040
29/12/2022 12:31:28,-999,1170,-999,3,1,1050
29/12/2022 12:31:44,-999,1170,-999,3,1,1050
29/12/2022 12:32:00,-999,1170,-999,3,1,1050
29/12/2022 12:32:16,-999,1170,-999,3,1,1040
29/12/2022 12:32:32,-999,1170,-999,3,1,1040
29/12/2022 12:32:48,-999,1170,-999,3,1,1030
29/12/2022 12:33:04,-999,1170,-999,3,1,1030
29/12/2022 12:33:20,-999,1170,-999,3,1,1060
29/12/2022 12:33:36,-999,1170,-999,3,1,1060
29/12/2022 12:33:52,-999,1170,-999,3,1,1060
29/12/2022 12:34:08,-999,1170,-999,3,1,1060
29/12/2022 12:34:24,-999,1170,-999,3,1,1060
29/12/2022 12:34:40,-999,1170,-999,3,1,1060
29/12/2022 12:34:56,-999,1170,-999,3,1,1060
29/12/2022 12:35:12,-999,1190,-999,3,1,1060
29/12/2022 12:35:28,-999,1190,-999,3,1,1060
29/12/2022 12:35:44,-999,1190,-999,3,1,1060
29/12/2022 12:36:00,-999,1190,-999,3,1,1060
29/12/2022 12:36:16,-999,1190,-999,3,1,1080
29/12/2022 12:36:32,-999,1200,-999,3,1,1080
29/12/2022 12:36:48,-999,1200,-999,3,1,1080
29/12/2022 12:37:04,-999,1190,-999,3,1,1060
29/12/2022 12:37:20,-999,1190,-999,3,1,1060
29/12/2022 12:37:36,-999,1190,-999,3,1,1060
29/12/2022 12:37:52,-999,1190,-999,3,1,1060
29/12/2022 12:38:08,-999,1190,-999,3,1,1060
29/12/2022 12:38:24,-999,1170,-999,3,1,1060
29/12/2022 12:38:40,-999,1170,-999,3,1,1040
29/12/2022 12:38:56,-999,1170,-999,3,1,1040
29/12/2022 12:39:12,-999,1170,-999,3,1,1040
29/12/2022 12:39:28,-999,1160,-999,3,1,1030
29/12/2022 12:39:44,-999,1160,-999,3,1,1030
29/12/2022 12:40:00,-999,1160,-999,3,1,1020
29/12/2022 12:40:16,-999,1160,-999,3,1,1020
29/12/2022 12:40:32,-999,1160,-999,3,1,1070
29/12/2022 12:40:48,-999,1160,-999,3,1,1070
29/12/2022 12:41:04,-999,1160,-999,3,1,1060
29/12/2022 12:41:20,-999,1160,-999,3,1,1060
29/12/2022 12:41:36,-999,1160,-999,3,1,1060
29/12/2022 12:41:52,-999,1160,-999,3,1,1050
29/12/2022 12:42:08,-999,1160,-999,3,1,1050
29/12/2022 12:42:24,-999,1150,-999,3,1,1040
29/12/2022 12:42:40,-999,1150,-999,3,1,1040
29/12/2022 12:42:56,-999,1150,-999,3,1,1050
29/12/2022 12:43:12,-999,1150,-999,3,1,1050
29/12/2022 12:43:28,-999,1150,-999,3,1,1040
29/12/2022 12:43:44,-999,1150,-999,3,1,1040
29/12/2022 12:44:00,-999,1150,-999,3,1,1040
29/12/2022 12:44:16,-999,1150,-999,3,1,970
29/12/2022 12:44:32,-999,1150,-999,3,1,970
29/12/2022 12:44:48,-999,1150,-999,3,1,1030
29/12/2022 12:45:04,-999,1150,-999,3,1,1030
29/12/2022 12:45:20,-999,1150,-999,3,1,1030
29/12/2022 12:45:36,-999,1150,-999,3,1,1030
29/12/2022 12:45:52,-999,1150,-999,3,1,1000
29/12/2022 12:46:08,-999,1140,-999,3,1,1000
29/12/2022 12:46:24,-999,1140,-999,3,1,1000
29/12/2022 12:46:40,-999,1140,-999,3,1,1010
29/12/2022 12:46:56,-999,1140,-999,3,1,1010
29/12/2022 12:47:12,-999,1140,-999,3,1,1020
29/12/2022 12:47:28,-999,1140,-999,3,1,1020
29/12/2022 12:47:44,-999,1140,-999,3,1,1030
29/12/2022 12:48:00,-999,1140,-999,3,1,1030
29/12/2022 12:48:16,-999,1140,-999,3,1,1050
29/12/2022 12:48:32,-999,1140,-999,3,1,1050
29/12/2022 12:48:48,-999,1140,-999,3,1,1050
29/12/2022 12:49:04,-999,1140,-999,3,1,1050
29/12/2022 12:49:20,-999,1140,-999,3,1,1050
29/12/2022 12:49:36,-999,1140,-999,3,1,1050
29/12/2022 12:49:52,-999,1140,-999,3,1,1050
29/12/2022 12:50:08,-999,1160,-999,3,1,1050
29/12/2022 12:50:24,-999,1160,-999,3,1,1050
29/12/2022 12:50:40,-999,1160,-999,3,1,1060
29/12/2022 12:50:56,-999,1160,-999,3,1,1060
29/12/2022 12:51:12,-999,1160,-999,3,1,1060
29/12/2022 12:51:28,-999,1160,-999,3,1,900
29/12/2022 12:51:44,-999,1160,-999,3,1,900
29/12/2022 12:52:00,-999,1160,-999,3,1,1070
29/12/2022 12:52:16,-999,1160,-999,3,1,1070
29/12/2022 12:52:32,-999,1160,-999,3,1,1070
29/12/2022 12:52:48,-999,1160,-999,3,1,1070
29/12/2022 12:53:04,-999,1160,-999,3,1,1080
29/12/2022 12:53:20,-999,1170,-999,3,1,1080
29/12/2022 12:53:36,-999,1170,-999,3,1,1080
29/12/2022 12:53:52,-999,1170,-999,3,2,910
29/12/2022 12:54:08,-999,1170,-999,3,2,910
29/12/2022 12:54:24,-999,1170,-999,3,2,910
29/12/2022 12:54:40,-999,1170,-999,3,2,910
29/12/2022 12:54:56,-999,1170,-999,3,1,1090
29/12/2022 12:55:12,-999,1190,-999,3,1,1090
29/12/2022 12:55:28,-999,1190,-999,3,1,910
29/12/2022 12:55:44,-999,1190,-999,3,1,910
29/12/2022 12:56:00,-999,1190,-999,3,1,910
29/12/2022 12:56:16,-999,1200,-999,3,1,1080
29/12/2022 12:56:32,-999,1200,-999,3,1,1080
29/12/2022 12:56:48,-999,1200,-999,3,1,1110
29/12/2022 12:57:04,-999,1200,-999,3,1,1110
29/12/2022 12:57:20,-999,1210,-999,3,1,1110
29/12/2022 12:57:36,-999,1210,-999,3,1,1110
29/12/2022 12:57:52,-999,1210,-999,3,1,1100
29/12/2022 12:58:08,-999,1210,-999,3,1,1100
29/12/2022 12:58:24,-999,1210,-999,3,1,1100
29/12/2022 12:58:40,-999,1220,-999,3,1,1110
29/12/2022 12:58:56,-999,1220,-999,3,1,1110
29/12/2022 12:59:12,-999,1210,-999,3,1,1080
29/12/2022 12:59:28,-999,780,-999,3,1,1080
29/12/2022 12:59:44,-999,790,-999,3,1,1080
29/12/2022 13:00:00,2,790,1150,3,1,1080
29/12/2022 13:00:16,2,810,1150,3,1,1070
29/12/2022 13:00:32,2,810,1150,3,1,1070
29/12/2022 13:00:48,2,800,1150,3,1,1070
29/12/2022 13:01:04,2,800,1150,3,1,1070
29/12/2022 13:01:20,2,800,1150,3,1,1070
29/12/2022 13:01:36,2,800,1150,3,1,1070
29/12/2022 13:01:52,2,800,1150,3,1,1070
29/12/2022 13:02:08,2,800,1150,3,1,1100
29/12/2022 13:02:24,2,800,1150,3,1,1100
29/12/2022 13:02:40,2,810,1150,3,1,1120
29/12/2022 13:02:56,2,810,1150,3,1,1120
29/12/2022 13:03:12,2,810,1150,3,1,1120
29/12/2022 13:03:28,2,1110,1150,3,1,7440
29/12/2022 13:03:44,2,1120,1150,3,1,7440
29/12/2022 13:04:00,2,810,1150,3,2,1120
29/12/2022 13:04:16,2,810,1150,3,2,1120
29/12/2022 13:04:32,2,820,1150,3,1,1110
29/12/2022 13:04:48,2,820,1150,3,1,1110
29/12/2022 13:05:04,2,820,1150,3,1,1100
29/12/2022 13:05:20,2,820,1150,3,1,1100
29/12/2022 13:05:36,2,820,1150,3,1,1100
29/12/2022 13:05:52,2,820,1150,3,1,1080
29/12/2022 13:06:08,2,820,1150,3,1,1080
29/12/2022 13:06:24,2,820,1150,3,1,1070
29/12/2022 13:06:40,2,820,1150,3,1,1070
29/12/2022 13:06:56,2,820,1150,3,2,1110
29/12/2022 13:07:12,2,820,1150,3,2,1110
29/12/2022 13:07:28,2,810,1150,3,1,1090
29/12/2022 13:07:44,2,810,1150,3,1,1090
29/12/2022 13:08:00,2,810,1150,3,1,1090
29/12/2022 13:08:16,2,800,1150,3,1,1120
29/12/2022 13:08:32,2,800,1150,3,1,1120
29/12/2022 13:08:48,2,780,1150,3,1,1110
29/12/2022 13:09:04,2,780,1150,3,1,1110
29/12/2022 13:09:20,2,780,1150,3,2,810
29/12/2022 13:09:36,2,780,1150,3,2,810
29/12/2022 13:09:52,2,780,1150,3,2,810
29/12/2022 13:10:08,2,800,1150,3,2,810
29/12/2022 13:10:24,2,800,1150,3,2,810
29/12/2022 13:10:40,2,830,1150,3,2,810
29/12/2022 13:10:56,2,830,1150,3,2,810
29/12/2022 13:11:12,2,880,1150,3,1,750
29/12/2022 13:11:28,2,880,1150,3,1,750
29/12/2022 13:11:44,2,880,1150,3,1,740
29/12/2022 13:12:00,2,880,1150,3,1,740
29/12/2022 13:12:16,2,880,1150,3,1,750
29/12/2022 13:12:32,2,880,1150,3,1,750
29/12/2022 13:12:48,2,880,1150,3,1,750
29/12/2022 13:13:04,2,880,1150,3,1,740
29/12/2022 13:13:20,2,880,1150,3,1,740
29/12/2022 13:13:36,2,870,1150,3,1,750
29/12/2022 13:13:52,2,870,1150,3,1,750
29/12/2022 13:14:08,2,870,1150,3,1,760
29/12/2022 13:14:24,2,870,1150,3,1,760
29/12/2022 13:14:40,2,870,1150,3,2,830
29/12/2022 13:14:56,2,870,1150,3,2,830
29/12/2022 13:15:12,2,870,1150,3,2,830
29/12/2022 13:15:28,2,870,1150,3,1,1020
29/12/2022 13:15:44,2,870,1150,3,1,1020
29/12/2022 13:16:00,2,870,1150,3,1,1070
29/12/2022 13:16:16,2,870,1150,3,1,1070
29/12/2022 13:16:32,2,860,1150,3,1,1080
29/12/2022 13:16:48,2,860,1150,3,1,1080
29/12/2022 13:17:04,2,830,1150,3,1,1100
29/12/2022 13:17:20,2,1190,1150,3,1,1100
29/12/2022 13:17:36,2,1190,1150,3,1,1100
29/12/2022 13:17:52,2,800,1150,3,1,1080
29/12/2022 13:18:08,2,800,1150,3,1,1080
29/12/2022 13:18:24,2,800,1150,3,1,1080
29/12/2022 13:18:40,2,800,1150,3,1,1080
29/12/2022 13:18:56,2,800,1150,3,1,1120
29/12/2022 13:19:12,2,800,1150,3,1,1120
29/12/2022 13:19:28,2,1240,1150,3,0,-999
29/12/2022 13:19:44,2,1250,1150,3,0,-999
29/12/2022 13:20:00,2,1250,1150,3,0,-999
29/12/2022 13:20:16,2,810,1150,3,2,1120
29/12/2022 13:20:32,2,810,1150,3,2,1120
29/12/2022 13:20:48,2,810,1150,3,2,1110
29/12/2022 13:21:04,2,810,1150,3,2,1110
29/12/2022 13:21:20,2,810,1150,3,1,1110
29/12/2022 13:21:36,2,810,1150,3,1,1110
29/12/2022 13:21:52,2,1270,1150,3,1,6950
29/12/2022 13:22:08,2,1270,1150,3,1,6950
29/12/2022 13:22:24,2,1270,1150,3,1,6950
29/12/2022 13:22:40,2,1090,1150,3,1,6980
29/12/2022 13:22:56,2,1100,1150,3,1,6980
29/12/2022 13:23:12,2,1170,1150,3,1,6980
29/12/2022 13:23:28,2,1180,1150,3,1,6980
29/12/2022 13:23:44,2,1150,1150,3,1,6960
29/12/2022 13:24:00,2,1150,1150,3,1,6960
29/12/2022 13:24:16,2,800,1150,3,2,1150
29/12/2022 13:24:32,2,800,1150,3,2,1150
29/12/2022 13:24:48,2,800,1150,3,2,1150
29/12/2022 13:25:04,2,790,1150,3,1,1110
29/12/2022 13:25:20,2,790,1150,3,1,1110
29/12/2022 13:25:36,2,790,1150,3,2,1130
29/12/2022 13:25:52,2,790,1150,3,2,1130
29/12/2022 13:26:08,2,790,1150,3,1,1120
29/12/2022 13:26:24,2,780,1150,3,1,1120
29/12/2022 13:26:40,2,780,1150,3,1,1110
29/12/2022 13:26:56,2,780,1150,3,1,1110
29/12/2022 13:27:12,2,780,1150,3,1,1110
29/12/2022 13:27:28,2,780,1150,3,1,1110
29/12/2022 13:27:44,2,780,1150,3,1,1110
29/12/2022 13:28:00,2,780,1150,3,1,1100
29/12/2022 13:28:16,2,780,1150,3,1,1100
29/12/2022 13:28:32,2,780,1150,3,1,1100
29/12/2022 13:28:48,2,780,1150,3,1,1100
29/12/2022 13:29:04,2,770,1150,3,1,1080
29/12/2022 13:29:20,2,770,1150,3,1,1080
29/12/2022 13:29:36,2,770,1150,3,1,1080
29/12/2022 13:29:52,2,770,1150,3,1,1080
29/12/2022 13:30:08,2,770,1150,3,1,1080
29/12/2022 13:30:24,2,770,1150,3,1,1080
29/12/2022 13:30:40,2,770,1150,3,1,1080
29/12/2022 13:30:56,2,770,1150,3,1,1100
29/12/2022 13:31:12,2,770,1150,3,1,1100
29/12/2022 13:31:28,2,770,1150,3,1,1110
29/12/2022 13:31:44,2,770,1150,3,1,1110
29/12/2022 13:32:00,2,770,1150,3,1,1110
29/12/2022 13:32:16,2,770,1150,3,1,1110
29/12/2022 13:32:32,2,770,1150,3,1,1110
29/12/2022 13:32:48,2,770,1150,3,1,1130
29/12/2022 13:33:04,2,770,1150,3,1,1130
29/12/2022 13:33:20,2,770,1150,3,1,1120
29/12/2022 13:33:36,2,760,1150,3,1,1120
29/12/2022 13:33:52,2,760,1150,3,1,1120
29/12/2022 13:34:08,2,760,1150,3,1,1120
29/12/2022 13:34:24,2,760,1150,3,1,1120
29/12/2022 13:34:40,2,760,1150,3,1,1110
29/12/2022 13:34:56,2,760,1150,3,1,1110
29/12/2022 13:35:12,2,760,1150,3,1,1110
29/12/2022 13:35:28,2,760,1150,3,1,1110
29/12/2022 13:35:44,2,760,1150,3,1,1130
29/12/2022 13:36:00,2,760,1150,3,1,1130
29/12/2022 13:36:16,2,760,1150,3,1,1120
29/12/2022 13:36:32,2,760,1150,3,1,1120
29/12/2022 13:36:48,2,760,1150,3,1,1120
29/12/2022 13:37:04,2,760,1150,3,1,1080
29/12/2022 13:37:20,2,760,1150,3,1,1080
29/12/2022 13:37:36,2,760,1150,3,1,1110
29/12/2022 13:37:52,2,760,1150,3,1,1110
29/12/2022 13:38:08,2,760,1150,3,1,1120
29/12/2022 13:38:24,2,760,1150,3,1,1120
29/12/2022 13:38:40,2,760,1150,3,1,1120
29/12/2022 13:38:56,2,760,1150,3,1,1120
29/12/2022 13:39:12,2,760,1150,3,1,1120
29/12/2022 13:39:28,2,750,1150,3,1,1110
29/12/2022 13:39:44,2,750,1150,3,1,1110
29/12/2022 13:40:00,2,1260,1150,3,1,5890
29/12/2022 13:40:16,2,1260,1150,3,1,5890
29/12/2022 13:40:32,2,750,1150,3,2,1110
29/12/2022 13:40:48,2,740,1150,3,2,1110
29/12/2022 13:41:04,2,740,1150,3,2,1160
29/12/2022 13:41:20,2,740,1150,3,2,1160
29/12/2022 13:41:36,2,740,1150,3,2,1160
29/12/2022 13:41:52,2,740,1150,3,1,1160
29/12/2022 13:42:08,2,740,1150,3,1,1160
29/12/2022 13:42:24,2,740,1150,3,1,1130
29/12/2022 13:42:40,2,740,1150,3,1,1130
29/12/2022 13:42:56,2,740,1150,3,1,1120
29/12/2022 13:43:12,2,740,1150,3,1,1120
29/12/2022 13:43:28,2,730,1150,3,1,1090
29/12/2022 13:43:44,2,730,1150,3,1,1090
29/12/2022 13:44:00,2,730,1150,3,1,1090
29/12/2022 13:44:16,2,730,1150,3,1,1090
29/12/2022 13:44:32,2,730,1150,3,1,1090
29/12/2022 13:44:48,2,720,1150,3,1,1060
29/12/2022 13:45:04,2,720,1150,3,1,1060
29/12/2022 13:45:20,2,710,1150,3,1,1060
29/12/2022 13:45:36,2,710,1150,3,1,1060
29/12/2022 13:45:52,2,710,1150,3,1,1060
29/12/2022 13:46:08,2,700,1150,3,1,1060
29/12/2022 13:46:24,2,700,1150,3,1,1060
29/12/2022 13:46:40,2,700,1150,3,1,1090
29/12/2022 13:46:56,2,700,1150,3,1,1090
29/12/2022 13:47:12,2,1230,1150,3,0,-999
29/12/2022 13:47:28,2,1230,1150,3,0,-999
29/12/2022 13:47:44,2,1250,1150,3,0,-999
29/12/2022 13:48:00,2,1250,1150,3,0,-999
29/12/2022 13:48:16,2,1200,1150,3,0,-999
29/12/2022 13:48:32,2,1200,1150,3,0,-999
29/12/2022 13:48:48,2,1200,1150,3,0,-999
29/12/2022 13:49:04,2,1220,1150,3,0,-999
29/12/2022 13:49:20,2,1220,1150,3,0,-999
29/12/2022 13:49:36,2,1270,1150,3,0,-999
29/12/2022 13:49:52,2,1270,1150,3,0,-999
29/12/2022 13:50:08,2,1270,1150,3,1,5840
29/12/2022 13:50:24,2,1270,1150,3,1,5840
29/12/2022 13:50:40,2,1270,1150,3,1,5850
29/12/2022 13:50:56,2,1270,1150,3,1,5850
29/12/2022 13:51:12,2,1270,1150,3,1,5850
29/12/2022 13:51:28,2,680,1150,3,1,1120
29/12/2022 13:51:44,2,680,1150,3,1,1120
29/12/2022 13:52:00,2,670,1150,3,1,1120
29/12/2022 13:52:16,2,670,1150,3,1,1120
29/12/2022 13:52:32,2,670,1150,3,1,1110
29/12/2022 13:52:48,2,670,1150,3,1,1110
29/12/2022 13:53:04,2,670,1150,3,1,1090
29/12/2022 13:53:20,2,670,1150,3,1,1090
29/12/2022 13:53:36,2,670,1150,3,1,1090
29/12/2022 13:53:52,2,670,1150,3,1,1070
29/12/2022 13:54:08,2,670,1150,3,1,1070
29/12/2022 13:54:24,2,670,1150,3,1,1090
29/12/2022 13:54:40,2,670,1150,3,1,1090
29/12/2022 13:54:56,2,1250,1150,3,0,-999
29/12/2022 13:55:12,2,1250,1150,3,0,-999
29/12/2022 13:55:28,2,1190,1150,3,0,-999
29/12/2022 13:55:44,2,1190,1150,3,0,-999
29/12/2022 13:56:00,2,1190,1150,3,0,-999
29/12/2022 13:56:16,2,1210,1150,3,0,-999
29/12/2022 13:56:32,2,1240,1150,3,0,-999
29/12/2022 13:56:48,2,1260,1150,3,0,-999
29/12/2022 13:57:04,2,1270,1150,3,0,-999
29/12/2022 13:57:20,2,1250,1150,3,0,-999
29/12/2022 13:57:36,2,1260,1150,3,0,-999
29/12/2022 13:57:52,2,1260,1150,3,0,-999
29/12/2022 13:58:08,2,1260,1150,3,0,-999
29/12/2022 13:58:24,2,1260,1150,3,0,-999
29/12/2022 13:58:40,2,1260,1150,3,0,-999
29/12/2022 13:58:56,2,1260,1150,3,0,-999
29/12/2022 13:59:12,2,1260,1150,3,1,6620
29/12/2022 13:59:28,2,1260,1150,3,1,6620
29/12/2022 13:59:44,2,1260,1150,3,0,-999
29/12/2022 14:00:00,1,1260,770,3,0,-999
29/12/2022 14:00:16,1,1260,770,3,0,-999
29/12/2022 14:00:32,1,1260,770,3,0,-999
29/12/2022 14:00:48,1,1250,770,3,0,-999
29/12/2022 14:01:04,1,1250,770,3,0,-999
29/12/2022 14:01:20,1,1250,770,3,0,-999
29/12/2022 14:01:36,1,1250,770,3,0,-999
29/12/2022 14:01:52,1,1250,770,3,0,-999
29/12/2022 14:02:08,1,1250,770,3,1,6190
29/12/2022 14:02:24,1,1250,770,3,1,6190
29/12/2022 14:02:40,1,1250,770,3,2,1120
29/12/2022 14:02:56,1,1250,770,3,2,1120
29/12/2022 14:03:12,1,1240,770,3,2,1120
29/12/2022 14:03:28,1,1240,770,3,2,1120
29/12/2022 14:03:44,1,1240,770,3,2,1120
29/12/2022 14:04:00,1,1240,770,3,1,1130
29/12/2022 14:04:16,1,1230,770,3,1,1130
29/12/2022 14:04:32,1,1230,770,3,1,1120
29/12/2022 14:04:48,1,700,770,3,1,1120
29/12/2022 14:05:04,1,700,770,3,1,1120
29/12/2022 14:05:20,1,700,770,3,1,1120
29/12/2022 14:05:36,1,700,770,3,1,1120
29/12/2022 14:05:52,1,700,770,3,1,1120
29/12/2022 14:06:08,1,700,770,3,1,1120
29/12/2022 14:06:24,1,700,770,3,1,1120
29/12/2022 14:06:40,1,710,770,3,1,1120
29/12/2022 14:06:56,1,710,770,3,1,1140
29/12/2022 14:07:12,1,710,770,3,1,1140
29/12/2022 14:07:28,1,710,770,3,1,1130
29/12/2022 14:07:44,1,710,770,3,1,1130
29/12/2022 14:08:00,1,710,770,3,1,1130
29/12/2022 14:08:16,1,710,770,3,1,1130
29/12/2022 14:08:32,1,710,770,3,1,1130
29/12/2022 14:08:48,1,700,770,3,1,1120
29/12/2022 14:09:04,1,700,770,3,1,1120
29/12/2022 14:09:20,1,700,770,3,1,1110
29/12/2022 14:09:36,1,690,770,3,1,1110
29/12/2022 14:09:52,1,690,770,3,1,1100
29/12/2022 14:10:08,1,690,770,3,1,1100
29/12/2022 14:10:24,1,690,770,3,1,1100
29/12/2022 14:10:40,1,1260,770,3,0,-999
29/12/2022 14:10:56,1,1260,770,3,0,-999
29/12/2022 14:11:12,1,1270,770,3,0,-999
29/12/2022 14:11:28,1,1260,770,3,0,-999
29/12/2022 14:11:44,1,690,770,3,1,1150
29/12/2022 14:12:00,1,690,770,3,1,1150
29/12/2022 14:12:16,1,710,770,3,1,6310
29/12/2022 14:12:32,1,700,770,3,1,6310
29/12/2022 14:12:48,1,700,770,3,1,6310
29/12/2022 14:13:04,1,1210,770,3,1,1110
29/12/2022 14:13:20,1,1210,770,3,1,1110
29/12/2022 14:13:36,1,1220,770,3,1,1120
29/12/2022 14:13:52,1,1220,770,3,1,1120
29/12/2022 14:14:08,1,1220,770,3,1,1120
29/12/2022 14:14:24,1,1220,770,3,1,1120
29/12/2022 14:14:40,1,690,770,3,1,1120
29/12/2022 14:14:56,1,690,770,3,1,1120
29/12/2022 14:15:12,1,690,770,3,1,1120
29/12/2022 14:15:28,1,690,770,3,1,1110
29/12/2022 14:15:44,1,690,770,3,1,1110
29/12/2022 14:16:00,1,690,770,3,1,1100
29/12/2022 14:16:16,1,690,770,3,1,1100
29/12/2022 14:16:32,1,690,770,3,1,1090
29/12/2022 14:16:48,1,690,770,3,1,1090
29/12/2022 14:17:04,1,1230,770,3,0,-999
29/12/2022 14:17:20,1,1230,770,3,0,-999
29/12/2022 14:17:36,1,1230,770,3,0,-999
29/12/2022 14:17:52,1,1220,770,3,1,6390
29/12/2022 14:18:08,1,1220,770,3,1,6390
29/12/2022 14:18:24,1,1210,770,3,0,-999
29/12/2022 14:18:40,1,1220,770,3,0,-999
29/12/2022 14:18:56,1,1210,770,3,0,-999
29/12/2022 14:19:12,1,1210,770,3,0,-999
29/12/2022 14:19:28,1,1210,770,3,0,-999
29/12/2022 14:19:44,1,1210,770,3,0,-999
29/12/2022 14:20:00,1,1210,770,3,0,-999
29/12/2022 14:20:16,1,1210,770,3,0,-999
29/12/2022 14:20:32,1,1210,770,3,0,-999
29/12/2022 14:20:48,1,1220,770,3,0,-999
29/12/2022 14:21:04,1,1230,770,3,0,-999
29/12/2022 14:21:20,1,1240,770,3,0,-999
29/12/2022 14:21:36,1,1240,770,3,0,-999
29/12/2022 14:21:52,1,1250,770,3,0,-999
29/12/2022 14:22:08,1,1260,770,3,0,-999
29/12/2022 14:22:24,1,1260,770,3,0,-999
29/12/2022 14:22:40,1,1200,770,3,1,1110
29/12/2022 14:22:56,1,1200,770,3,1,1110
29/12/2022 14:23:12,1,1200,770,3,1,1120
29/12/2022 14:23:28,1,1200,770,3,1,1120
29/12/2022 14:23:44,1,1200,770,3,1,1100
29/12/2022 14:24:00,1,1200,770,3,1,1100
29/12/2022 14:24:16,1,1260,770,3,0,-999
29/12/2022 14:24:32,1,1260,770,3,0,-999
29/12/2022 14:24:48,1,1260,770,3,0,-999
29/12/2022 14:25:04,1,1250,770,3,0,-999
29/12/2022 14:25:20,1,1240,770,3,0,-999
29/12/2022 14:25:36,1,1270,770,3,0,-999
29/12/2022 14:25:52,1,1260,770,3,0,-999
29/12/2022 14:26:08,1,1270,770,3,0,-999
29/12/2022 14:26:24,1,1260,770,3,0,-999
29/12/2022 14:26:40,1,1250,770,3,0,-999
29/12/2022 14:26:56,1,1260,770,3,0,-999
29/12/2022 14:27:12,1,1260,770,3,0,-999
29/12/2022 14:27:28,1,1260,770,3,0,-999
29/12/2022 14:27:44,1,1260,770,3,0,-999
29/12/2022 14:28:00,1,1260,770,3,0,-999
29/12/2022 14:28:16,1,1260,770,3,0,-999
29/12/2022 14:28:32,1,1260,770,3,0,-999
29/12/2022 14:28:48,1,1260,770,3,0,-999
29/12/2022 14:29:04,1,1260,770,3,0,-999
29/12/2022 14:29:20,1,1260,770,3,0,-999
29/12/2022 14:29:36,1,1260,770,3,0,-999
29/12/2022 14:29:52,1,1270,770,3,0,-999
29/12/2022 14:30:08,1,1270,770,3,0,-999
29/12/2022 14:30:24,1,1270,770,3,0,-999
29/12/2022 14:30:40,1,1270,770,3,0,-999
29/12/2022 14:30:56,1,1250,770,3,1,1150
29/12/2022 14:31:12,1,1250,770,3,1,1150
29/12/2022 14:31:28,1,1250,770,3,1,1130
29/12/2022 14:31:44,1,1250,770,3,1,1130
29/12/2022 14:32:00,1,1250,770,3,1,1130
29/12/2022 14:32:16,1,1250,770,3,1,1120
29/12/2022 14:32:32,1,1250,770,3,1,1120
29/12/2022 14:32:48,1,1240,770,3,1,1120
29/12/2022 14:33:04,1,1240,770,3,1,1120
29/12/2022 14:33:20,1,1240,770,3,1,1110
29/12/2022 14:33:36,1,1230,770,3,1,1110
29/12/2022 14:33:52,1,1230,770,3,1,1120
29/12/2022 14:34:08,1,1230,770,3,1,1120
29/12/2022 14:34:24,1,1230,770,3,1,1120
29/12/2022 14:34:40,1,1230,770,3,1,1130
29/12/2022 14:34:56,1,1240,770,3,1,1130
29/12/2022 14:35:12,1,1240,770,3,1,1100
29/12/2022 14:35:28,1,1240,770,3,1,1100
29/12/2022 14:35:44,1,1240,770,3,1,1090
29/12/2022 14:36:00,1,1230,770,3,1,1090
29/12/2022 14:36:16,1,1230,770,3,1,1080
29/12/2022 14:36:32,1,1230,770,3,1,1080
29/12/2022 14:36:48,1,1230,770,3,1,1080
29/12/2022 14:37:04,1,1230,770,3,1,1080
29/12/2022 14:37:20,1,1230,770,3,1,1080
29/12/2022 14:37:36,1,1230,770,3,1,1080
29/12/2022 14:37:52,1,1230,770,3,1,1080
29/12/2022 14:38:08,1,1230,770,3,1,1110
29/12/2022 14:38:24,1,1230,770,3,1,1110
29/12/2022 14:38:40,1,1230,770,3,1,1120
29/12/2022 14:38:56,1,1230,770,3,1,1120
29/12/2022 14:39:12,1,1230,770,3,1,1120
29/12/2022 14:39:28,1,1220,770,3,1,1100
29/12/2022 14:39:44,1,1220,770,3,1,1100
29/12/2022 14:40:00,1,1220,770,3,1,1120
29/12/2022 14:40:16,1,1220,770,3,1,1120
29/12/2022 14:40:32,1,1220,770,3,1,1120
29/12/2022 14:40:48,1,1220,770,3,1,1120
29/12/2022 14:41:04,1,1220,770,3,1,1130
29/12/2022 14:41:20,1,1220,770,3,1,1130
29/12/2022 14:41:36,1,1230,770,3,1,1130
29/12/2022 14:41:52,1,1230,770,3,1,1130
29/12/2022 14:42:08,1,1220,770,3,1,1130
29/12/2022 14:42:24,1,1220,770,3,1,1130
29/12/2022 14:42:40,1,1220,770,3,1,1130
29/12/2022 14:42:56,1,1280,770,3,0,-999
29/12/2022 14:43:12,1,1280,770,3,0,-999
29/12/2022 14:43:28,1,1280,770,3,0,-999
29/12/2022 14:43:44,1,1280,770,3,0,-999
29/12/2022 14:44:00,1,1280,770,3,0,-999
29/12/2022 14:44:16,1,1230,770,3,1,1170
29/12/2022 14:44:32,1,1230,770,3,1,1170
29/12/2022 14:44:48,1,1260,770,3,1,1160
29/12/2022 14:45:04,1,1260,770,3,1,1160
29/12/2022 14:45:20,1,1270,770,3,1,1150
29/12/2022 14:45:36,1,1270,770,3,1,1150
29/12/2022 14:45:52,1,1270,770,3,1,1110
29/12/2022 14:46:08,1,1270,770,3,1,1110
29/12/2022 14:46:24,1,1270,770,3,1,1110
29/12/2022 14:46:40,1,1270,770,3,1,1120
29/12/2022 14:46:56,1,1270,770,3,1,1120
29/12/2022 14:47:12,1,1260,770,3,1,1120
29/12/2022 14:47:28,1,1260,770,3,1,1120
29/12/2022 14:47:44,1,1250,770,3,1,1130
29/12/2022 14:48:00,1,1250,770,3,1,1130
29/12/2022 14:48:16,1,1250,770,3,1,1130
29/12/2022 14:48:32,1,1250,770,3,1,1130
29/12/2022 14:48:48,1,1250,770,3,1,1130
29/12/2022 14:49:04,1,1250,770,3,1,1130
29/12/2022 14:49:20,1,1250,770,3,1,1130
29/12/2022 14:49:36,1,1250,770,3,2,1130
29/12/2022 14:49:52,1,1250,770,3,2,1130
29/12/2022 14:50:08,1,1250,770,3,2,1170
29/12/2022 14:50:24,1,1250,770,3,2,1170
29/12/2022 14:50:40,1,1250,770,3,1,1160
29/12/2022 14:50:56,1,1250,770,3,1,1160
29/12/2022 14:51:12,1,1250,770,3,1,1160
29/12/2022 14:51:28,1,1250,770,3,1,1150
29/12/2022 14:51:44,1,1250,770,3,1,1150
29/12/2022 14:52:00,1,1260,770,3,1,1140
29/12/2022 14:52:16,1,1260,770,3,1,1140
29/12/2022 14:52:32,1,1260,770,3,1,1150
29/12/2022 14:52:48,1,1260,770,3,1,1150
29/12/2022 14:53:04,1,1260,770,3,1,1160
29/12/2022 14:53:20,1,1260,770,3,1,1160
29/12/2022 14:53:36,1,1260,770,3,1,1160
29/12/2022 14:53:52,1,1260,770,3,1,1150
29/12/2022 14:54:08,1,1260,770,3,1,1150
29/12/2022 14:54:24,1,1260,770,3,1,1130
29/12/2022 14:54:40,1,1260,770,3,1,1130
29/12/2022 14:54:56,1,1260,770,3,1,1120
29/12/2022 14:55:12,1,1260,770,3,1,1120
29/12/2022 14:55:28,1,1260,770,3,1,1110
29/12/2022 14:55:44,1,1250,770,3,1,1110
29/12/2022 14:56:00,1,1250,770,3,1,1110
29/12/2022 14:56:16,1,1250,770,3,1,1110
29/12/2022 14:56:32,1,1250,770,3,1,1110
29/12/2022 14:56:48,1,1240,770,3,1,1120
29/12/2022 14:57:04,1,1240,770,3,1,1120
29/12/2022 14:57:20,1,1240,770,3,2,1130
29/12/2022 14:57:36,1,1240,770,3,2,1130
29/12/2022 14:57:52,1,1240,770,3,2,1140
29/12/2022 14:58:08,1,1240,770,3,2,1140
29/12/2022 14:58:24,1,1240,770,3,2,1140
29/12/2022 14:58:40,1,1240,770,3,1,1140
29/12/2022 14:58:56,1,1240,770,3,1,1140
29/12/2022 14:59:12,1,1240,770,3,1,1130
29/12/2022 14:59:28,1,1240,770,3,1,1130
29/12/2022 14:59:44,1,1240,770,3,1,1120
29/12/2022 15:00:00,2,1240,1250,3,1,1120
29/12/2022 15:00:16,2,1240,1250,3,1,1120
29/12/2022 15:00:32,2,1240,1250,3,1,1120
29/12/2022 15:00:48,2,1240,1250,3,1,1120
29/12/2022 15:01:04,2,1240,1250,3,1,1130
29/12/2022 15:01:20,2,1240,1250,3,1,1130
29/12/2022 15:01:36,2,1240,1250,3,1,1110
29/12/2022 15:01:52,2,1240,1250,3,1,1110
29/12/2022 15:02:08,2,1240,1250,3,1,1110
29/12/2022 15:02:24,2,1240,1250,3,1,1110
29/12/2022 15:02:40,2,1240,1250,3,1,1130
29/12/2022 15:02:56,2,1240,1250,3,1,1130
29/12/2022 15:03:12,2,1240,1250,3,1,1130
29/12/2022 15:03:28,2,1240,1250,3,1,1130
29/12/2022 15:03:44,2,1240,1250,3,1,1130
29/12/2022 15:04:00,2,1240,1250,3,1,1160
29/12/2022 15:04:16,2,1240,1250,3,1,1160
29/12/2022 15:04:32,2,1240,1250,3,1,1140
29/12/2022 15:04:48,2,1240,1250,3,1,1140
29/12/2022 15:05:04,2,1300,1250,3,0,-999
29/12/2022 15:05:20,2,1300,1250,3,0,-999
29/12/2022 15:05:36,2,1300,1250,3,0,-999
29/12/2022 15:05:52,2,1240,1250,3,1,1120
29/12/2022 15:06:08,2,1240,1250,3,1,1120
29/12/2022 15:06:24,2,1240,1250,3,1,1130
29/12/2022 15:06:40,2,1240,1250,3,1,1130
29/12/2022 15:06:56,2,1240,1250,3,1,1140
29/12/2022 15:07:12,2,1240,1250,3,1,1140
29/12/2022 15:07:28,2,1240,1250,3,1,1160
29/12/2022 15:07:44,2,1240,1250,3,1,1160
29/12/2022 15:08:00,2,1240,1250,3,1,1160
29/12/2022 15:08:16,2,1240,1250,3,1,1150
29/12/2022 15:08:32,2,1250,1250,3,1,1150
29/12/2022 15:08:48,2,1250,1250,3,1,1120
29/12/2022 15:09:04,2,1240,1250,3,1,1120
29/12/2022 15:09:20,2,1240,1250,3,1,1110
29/12/2022 15:09:36,2,1240,1250,3,1,1110
29/12/2022 15:09:52,2,1240,1250,3,1,1120
29/12/2022 15:10:08,2,1240,1250,3,1,1120
29/12/2022 15:10:24,2,1240,1250,3,1,1120
29/12/2022 15:10:40,2,1230,1250,3,1,1120
29/12/2022 15:10:56,2,1230,1250,3,1,1120
29/12/2022 15:11:12,2,1230,1250,3,1,1110
29/12/2022 15:11:28,2,1230,1250,3,1,1110
29/12/2022 15:11:44,2,1230,1250,3,1,1120
29/12/2022 15:12:00,2,1230,1250,3,1,1120
29/12/2022 15:12:16,2,1230,1250,3,1,1110
29/12/2022 15:12:32,2,1220,1250,3,1,1110
29/12/2022 15:12:48,2,1220,1250,3,1,1110
29/12/2022 15:13:04,2,630,1250,3,1,1110
29/12/2022 15:13:20,2,630,1250,3,1,1110
29/12/2022 15:13:36,2,630,1250,3,1,1120
29/12/2022 15:13:52,2,630,1250,3,1,1120
29/12/2022 15:14:08,2,630,1250,3,1,1110
29/12/2022 15:14:24,2,630,1250,3,1,1110
29/12/2022 15:14:40,2,630,1250,3,1,1100
29/12/2022 15:14:56,2,630,1250,3,1,1100
29/12/2022 15:15:12,2,630,1250,3,1,1100
29/12/2022 15:15:28,2,630,1250,3,1,1110
29/12/2022 15:15:44,2,630,1250,3,1,1110
29/12/2022 15:16:00,2,630,1250,3,1,1120
29/12/2022 15:16:16,2,630,1250,3,1,1120
29/12/2022 15:16:32,2,630,1250,3,1,1120
29/12/2022 15:16:48,2,620,1250,3,1,1120
29/12/2022 15:17:04,2,620,1250,3,1,1120
29/12/2022 15:17:20,2,620,1250,3,1,1120
29/12/2022 15:17:36,2,620,1250,3,1,1120
29/12/2022 15:17:52,2,620,1250,3,1,1120
29/12/2022 15:18:08,2,620,1250,3,1,1120
29/12/2022 15:18:24,2,620,1250,3,1,1130
29/12/2022 15:18:40,2,620,1250,3,1,1130
29/12/2022 15:18:56,2,620,1250,3,1,1150
29/12/2022 15:19:12,2,620,1250,3,1,1150
29/12/2022 15:19:28,2,620,1250,3,1,1120
29/12/2022 15:19:44,2,620,1250,3,1,1120
29/12/2022 15:20:00,2,620,1250,3,1,1120
29/12/2022 15:20:16,2,1260,1250,3,0,-999
29/12/2022 15:20:32,2,1260,1250,3,0,-999
29/12/2022 15:20:48,2,1230,1250,3,0,-999
29/12/2022 15:21:04,2,1230,1250,3,0,-999
29/12/2022 15:21:20,2,1250,1250,3,0,-999
29/12/2022 15:21:36,2,1250,1250,3,0,-999
29/12/2022 15:21:52,2,1240,1250,3,0,-999
29/12/2022 15:22:08,2,1240,1250,3,0,-999
29/12/2022 15:22:24,2,1240,1250,3,0,-999
29/12/2022 15:22:40,2,1230,1250,3,0,-999
29/12/2022 15:22:56,2,1230,1250,3,0,-999
29/12/2022 15:23:12,2,1240,1250,3,0,-999
29/12/2022 15:23:28,2,1240,1250,3,0,-999
29/12/2022 15:23:44,2,1240,1250,3,0,-999
29/12/2022 15:24:00,2,1230,1250,3,0,-999
29/12/2022 15:24:16,2,1230,1250,3,0,-999
29/12/2022 15:24:32,2,1230,1250,3,0,-999
29/12/2022 15:24:48,2,1230,1250,3,0,-999
29/12/2022 15:25:04,2,1230,1250,3,0,-999
29/12/2022 15:25:20,2,1220,1250,3,0,-999
29/12/2022 15:25:36,2,1220,1250,3,1,5940
29/12/2022 15:25:52,2,1220,1250,3,1,5940
29/12/2022 15:26:08,2,1220,1250,3,0,-999
29/12/2022 15:26:24,2,1210,1250,3,0,-999
29/12/2022 15:26:40,2,1210,1250,3,0,-999
29/12/2022 15:26:56,2,1210,1250,3,0,-999
29/12/2022 15:27:12,2,1210,1250,3,0,-999
29/12/2022 15:27:28,2,1210,1250,3,0,-999
29/12/2022 15:27:44,2,1200,1250,3,0,-999
29/12/2022 15:28:00,2,1200,1250,3,1,6080
29/12/2022 15:28:16,2,1200,1250,3,1,6080
29/12/2022 15:28:32,2,1200,1250,3,1,6300
29/12/2022 15:28:48,2,1200,1250,3,1,6300
29/12/2022 15:29:04,2,1200,1250,3,0,-999
29/12/2022 15:29:20,2,1200,1250,3,0,-999
29/12/2022 15:29:36,2,1200,1250,3,0,-999
29/12/2022 15:29:52,2,1190,1250,3,0,-999
29/12/2022 15:30:08,2,1190,1250,3,0,-999
29/12/2022 15:30:24,2,1190,1250,3,0,-999
29/12/2022 15:30:40,2,1190,1250,3,0,-999
29/12/2022 15:30:56,2,1190,1250,3,1,6120
29/12/2022 15:31:12,2,1200,1250,3,1,6120
29/12/2022 15:31:28,2,1200,1250,3,0,-999
29/12/2022 15:31:44,2,1190,1250,3,0,-999
29/12/2022 15:32:00,2,1190,1250,3,0,-999
29/12/2022 15:32:16,2,1200,1250,3,2,5790
29/12/2022 15:32:32,2,1200,1250,3,2,5790
29/12/2022 15:32:48,2,1200,1250,3,2,5850
29/12/2022 15:33:04,2,1200,1250,3,2,5850
29/12/2022 15:33:20,2,1210,1250,3,2,5800
29/12/2022 15:33:36,2,1210,1250,3,2,5800
29/12/2022 15:33:52,2,1210,1250,3,1,5790
29/12/2022 15:34:08,2,1220,1250,3,1,5790
29/12/2022 15:34:24,2,1220,1250,3,1,5790
29/12/2022 15:34:40,2,1220,1250,3,1,5750
29/12/2022 15:34:56,2,1220,1250,3,1,5750
29/12/2022 15:35:12,2,1220,1250,3,0,-999
29/12/2022 15:35:28,2,1230,1250,3,0,-999
29/12/2022 15:35:44,2,1230,1250,3,2,5540
29/12/2022 15:36:00,2,1230,1250,3,2,5540
29/12/2022 15:36:16,2,1230,1250,3,1,5490
29/12/2022 15:36:32,2,1230,1250,3,1,5490
29/12/2022 15:36:48,2,1220,1250,3,1,5490
29/12/2022 15:37:04,2,1220,1250,3,2,5340
29/12/2022 15:37:20,2,1220,1250,3,2,5340
29/12/2022 15:37:36,2,1220,1250,3,2,5340
29/12/2022 15:37:52,2,1220,1250,3,2,5340
29/12/2022 15:38:08,2,1210,1250,3,2,5380
29/12/2022 15:38:24,2,1220,1250,3,2,5380
29/12/2022 15:38:40,2,1220,1250,3,1,5380
29/12/2022 15:38:56,2,1220,1250,3,1,5380
29/12/2022 15:39:12,2,1220,1250,3,1,5380
29/12/2022 15:39:28,2,1230,1250,3,2,5330
29/12/2022 15:39:44,2,1230,1250,3,2,5330
29/12/2022 15:40:00,2,1230,1250,3,1,5520
29/12/2022 15:40:16,2,1230,1250,3,1,5520
29/12/2022 15:40:32,2,1230,1250,3,1,5580
29/12/2022 15:40:48,2,1230,1250,3,1,5580
29/12/2022 15:41:04,2,1230,1250,3,1,5710
29/12/2022 15:41:20,2,1230,1250,3,1,5710
29/12/2022 15:41:36,2,1240,1250,3,1,5710
29/12/2022 15:41:52,2,1240,1250,3,1,5660
29/12/2022 15:42:08,2,1240,1250,3,1,5660
29/12/2022 15:42:24,2,1240,1250,3,0,-999
29/12/2022 15:42:40,2,1240,1250,3,0,-999
29/12/2022 15:42:56,2,1240,1250,3,1,5640
29/12/2022 15:43:12,2,1240,1250,3,1,5640
29/12/2022 15:43:28,2,1230,1250,3,2,5540
29/12/2022 15:43:44,2,1230,1250,3,2,5540
29/12/2022 15:44:00,2,1230,1250,3,2,5540
29/12/2022 15:44:16,2,1230,1250,3,1,5440
29/12/2022 15:44:32,2,1240,1250,3,1,5440
29/12/2022 15:44:48,2,1230,1250,3,2,5450
29/12/2022 15:45:04,2,1220,1250,3,2,5450
29/12/2022 15:45:20,2,1210,1250,3,2,5340
29/12/2022 15:45:36,2,1210,1250,3,2,5340
29/12/2022 15:45:52,2,1200,1250,3,1,5440
29/12/2022 15:46:08,2,1190,1250,3,1,5440
29/12/2022 15:46:24,2,1180,1250,3,1,5440
29/12/2022 15:46:40,2,1170,1250,3,2,5510
29/12/2022 15:46:56,2,1160,1250,3,2,5510
29/12/2022 15:47:12,2,1210,1250,3,1,3910
29/12/2022 15:47:28,2,470,1250,3,1,3910
29/12/2022 15:47:44,2,470,1250,3,1,3920
29/12/2022 15:48:00,2,470,1250,3,1,3920
29/12/2022 15:48:16,2,470,1250,3,1,3930
29/12/2022 15:48:32,2,470,1250,3,1,3930
29/12/2022 15:48:48,2,470,1250,3,1,3930
29/12/2022 15:49:04,2,470,1250,3,1,3930
29/12/2022 15:49:20,2,470,1250,3,1,3930
29/12/2022 15:49:36,2,470,1250,3,1,3920
29/12/2022 15:49:52,2,470,1250,3,1,3920
29/12/2022 15:50:08,2,470,1250,3,1,3900
29/12/2022 15:50:24,2,470,1250,3,1,3900
29/12/2022 15:50:40,2,480,1250,3,1,3920
29/12/2022 15:50:56,2,480,1250,3,1,3920
29/12/2022 15:51:12,2,480,1250,3,1,3920
29/12/2022 15:51:28,2,1050,1250,3,0,-999
29/12/2022 15:51:44,2,1060,1250,3,0,-999
29/12/2022 15:52:00,2,1040,1250,3,0,-999
29/12/2022 15:52:16,2,1050,1250,3,0,-999
29/12/2022 15:52:32,2,1150,1250,3,1,3920
29/12/2022 15:52:48,2,1150,1250,3,1,3920
29/12/2022 15:53:04,2,1150,1250,3,1,3930
29/12/2022 15:53:20,2,1150,1250,3,1,3930
29/12/2022 15:53:36,2,1150,1250,3,1,3930
29/12/2022 15:53:52,2,1150,1250,3,1,3940
29/12/2022 15:54:08,2,1150,1250,3,1,3940
29/12/2022 15:54:24,2,1150,1250,3,1,3940
29/12/2022 15:54:40,2,1150,1250,3,1,3940
29/12/2022 15:54:56,2,1150,1250,3,1,3930
29/12/2022 15:55:12,2,1150,1250,3,1,3930
29/12/2022 15:55:28,2,1150,1250,3,1,3910
29/12/2022 15:55:44,2,1150,1250,3,1,3910
29/12/2022 15:56:00,2,1150,1250,3,1,3910
29/12/2022 15:56:16,2,1110,1250,3,0,-999
29/12/2022 15:56:32,2,1110,1250,3,0,-999
29/12/2022 15:56:48,2,1110,1250,3,1,5770
29/12/2022 15:57:04,2,1110,1250,3,1,5770
29/12/2022 15:57:20,2,1120,1250,3,0,-999
29/12/2022 15:57:36,2,1120,1250,3,0,-999
29/12/2022 15:57:52,2,1120,1250,3,0,-999
29/12/2022 15:58:08,2,1120,1250,3,0,-999
29/12/2022 15:58:24,2,1120,1250,3,0,-999
29/12/2022 15:58:40,2,1120,1250,3,0,-999
29/12/2022 15:58:56,2,1100,1250,3,0,-999
29/12/2022 15:59:12,2,1110,1250,3,0,-999
29/12/2022 15:59:28,2,1110,1250,3,0,-999
29/12/2022 15:59:44,2,1110,1250,3,0,-999
29/12/2022 16:00:00,2,1110,1220,3,0,-999
29/12/2022 16:00:16,2,1110,1220,3,0,-999
29/12/2022 16:00:32,2,1120,1220,3,0,-999
29/12/2022 16:00:48,2,1130,1220,3,0,-999
29/12/2022 16:01:04,2,1130,1220,3,0,-999
29/12/2022 16:01:20,2,1130,1220,3,0,-999
29/12/2022 16:01:36,2,1130,1220,3,0,-999
29/12/2022 16:01:52,2,1130,1220,3,0,-999
29/12/2022 16:02:08,2,1130,1220,3,0,-999
29/12/2022 16:02:24,2,1130,1220,3,0,-999
29/12/2022 16:02:40,2,1130,1220,3,1,5800
29/12/2022 16:02:56,2,1130,1220,3,1,5800
29/12/2022 16:03:12,2,1130,1220,3,1,5800
29/12/2022 16:03:28,2,1130,1220,3,0,-999
29/12/2022 16:03:44,2,1130,1220,3,0,-999
29/12/2022 16:04:00,2,1130,1220,3,0,-999
29/12/2022 16:04:16,2,1120,1220,3,0,-999
29/12/2022 16:04:32,2,1120,1220,3,0,-999
29/12/2022 16:04:48,2,1120,1220,3,0,-999
29/12/2022 16:05:04,2,1120,1220,3,0,-999
29/12/2022 16:05:20,2,1120,1220,3,0,-999
29/12/2022 16:05:36,2,1120,1220,3,0,-999
29/12/2022 16:05:52,2,1120,1220,3,0,-999
29/12/2022 16:06:08,2,1120,1220,3,0,-999
29/12/2022 16:06:24,2,1120,1220,3,0,-999
29/12/2022 16:06:40,2,1120,1220,3,0,-999
29/12/2022 16:06:56,2,1120,1220,3,1,5810
29/12/2022 16:07:12,2,1120,1220,3,1,5810
29/12/2022 16:07:28,2,1120,1220,3,0,-999
29/12/2022 16:07:44,2,1120,1220,3,0,-999
29/12/2022 16:08:00,2,1120,1220,3,0,-999
29/12/2022 16:08:16,2,1120,1220,3,1,5700
29/12/2022 16:08:32,2,1120,1220,3,1,5700
29/12/2022 16:08:48,2,1120,1220,3,0,-999
29/12/2022 16:09:04,2,1120,1220,3,0,-999
29/12/2022 16:09:20,2,1110,1220,3,0,-999
29/12/2022 16:09:36,2,1110,1220,3,0,-999
29/12/2022 16:09:52,2,1110,1220,3,0,-999
29/12/2022 16:10:08,2,1110,1220,3,0,-999
29/12/2022 16:10:24,2,1110,1220,3,0,-999
29/12/2022 16:10:40,2,1110,1220,3,1,5700
29/12/2022 16:10:56,2,1110,1220,3,1,5700
29/12/2022 16:11:12,2,1110,1220,3,1,5660
29/12/2022 16:11:28,2,1110,1220,3,1,5660
29/12/2022 16:11:44,2,1110,1220,3,2,5640
29/12/2022 16:12:00,2,1110,1220,3,2,5640
29/12/2022 16:12:16,2,1100,1220,3,1,5550
29/12/2022 16:12:32,2,1100,1220,3,1,5550
29/12/2022 16:12:48,2,1100,1220,3,1,5550
29/12/2022 16:13:04,2,1090,1220,3,2,5440
29/12/2022 16:13:20,2,1090,1220,3,2,5440
29/12/2022 16:13:36,2,1090,1220,3,3,5370
29/12/2022 16:13:52,2,1080,1220,3,3,5370
29/12/2022 16:14:08,2,1080,1220,3,2,5300
29/12/2022 16:14:24,2,1070,1220,3,2,5300
29/12/2022 16:14:40,2,1070,1220,3,2,5400
29/12/2022 16:14:56,2,1070,1220,3,2,5400
29/12/2022 16:15:12,2,1060,1220,3,2,5400
29/12/2022 16:15:28,2,1060,1220,3,2,5330
29/12/2022 16:15:44,2,1060,1220,3,2,5330
29/12/2022 16:16:00,2,1050,1220,3,2,5170
29/12/2022 16:16:16,2,1050,1220,3,2,5170
29/12/2022 16:16:32,2,1040,1220,3,2,5080
29/12/2022 16:16:48,2,1040,1220,3,2,5080
29/12/2022 16:17:04,2,1040,1220,3,2,5140
29/12/2022 16:17:20,2,1030,1220,3,2,5140
29/12/2022 16:17:36,2,1030,1220,3,2,5140
29/12/2022 16:17:52,2,1020,1220,3,1,5140
29/12/2022 16:18:08,2,1020,1220,3,1,5140
29/12/2022 16:18:24,2,1010,1220,3,2,5170
29/12/2022 16:18:40,2,1010,1220,3,2,5170
29/12/2022 16:18:56,2,1000,1220,3,0,-999
29/12/2022 16:19:12,2,1000,1220,3,0,-999
29/12/2022 16:19:28,2,990,1220,3,1,5340
29/12/2022 16:19:44,2,990,1220,3,1,5340
29/12/2022 16:20:00,2,980,1220,3,1,5340
29/12/2022 16:20:16,2,980,1220,3,1,5450
29/12/2022 16:20:32,2,980,1220,3,1,5450
29/12/2022 16:20:48,2,970,1220,3,0,-999
29/12/2022 16:21:04,2,970,1220,3,0,-999
29/12/2022 16:21:20,2,960,1220,3,0,-999
29/12/2022 16:21:36,2,960,1220,3,0,-999
29/12/2022 16:21:52,2,960,1220,3,0,-999
29/12/2022 16:22:08,2,950,1220,3,0,-999
29/12/2022 16:22:24,2,950,1220,3,0,-999
29/12/2022 16:22:40,2,940,1220,3,0,-999
29/12/2022 16:22:56,2,940,1220,3,0,-999
29/12/2022 16:23:12,2,940,1220,3,0,-999
29/12/2022 16:23:28,2,940,1220,3,0,-999
29/12/2022 16:23:44,2,940,1220,3,0,-999
29/12/2022 16:24:00,2,930,1220,3,0,-999
29/12/2022 16:24:16,2,930,1220,3,0,-999
29/12/2022 16:24:32,2,930,1220,3,0,-999
29/12/2022 16:24:48,2,930,1220,3,0,-999
29/12/2022 16:25:04,2,920,1220,3,0,-999
29/12/2022 16:25:20,2,920,1220,3,0,-999
29/12/2022 16:25:36,2,920,1220,3,0,-999
29/12/2022 16:25:52,2,910,1220,3,0,-999
29/12/2022 16:26:08,2,910,1220,3,0,-999
29/12/2022 16:26:24,2,910,1220,3,0,-999
29/12/2022 16:26:40,2,910,1220,3,0,-999
29/12/2022 16:26:56,2,910,1220,3,0,-999
29/12/2022 16:27:12,2,910,1220,3,0,-999
29/12/2022 16:27:28,2,910,1220,3,0,-999
29/12/2022 16:27:44,2,910,1220,3,0,-999
29/12/2022 16:28:00,2,910,1220,3,0,-999
29/12/2022 16:28:16,2,910,1220,3,0,-999
29/12/2022 16:28:32,2,900,1220,3,0,-999
29/12/2022 16:28:48,2,900,1220,3,0,-999
29/12/2022 16:29:04,2,900,1220,3,0,-999
29/12/2022 16:29:20,2,900,1220,3,0,-999
29/12/2022 16:29:36,2,900,1220,3,0,-999
29/12/2022 16:29:52,2,900,1220,3,0,-999
29/12/2022 16:30:08,2,890,1220,3,0,-999
29/12/2022 16:30:24,2,890,1220,3,1,5390
29/12/2022 16:30:40,2,890,1220,3,1,5390
29/12/2022 16:30:56,2,890,1220,3,2,5160
29/12/2022 16:31:12,2,890,1220,3,2,5160
29/12/2022 16:31:28,2,890,1220,3,1,5220
29/12/2022 16:31:44,2,890,1220,3,1,5220
29/12/2022 16:32:00,2,890,1220,3,1,5220
29/12/2022 16:32:16,2,890,1220,3,1,5240
29/12/2022 16:32:32,2,890,1220,3,1,5240
29/12/2022 16:32:48,2,890,1220,3,2,5180
29/12/2022 16:33:04,2,890,1220,3,2,5180
29/12/2022 16:33:20,2,890,1220,3,2,5230
29/12/2022 16:33:36,2,880,1220,3,2,5230
29/12/2022 16:33:52,2,880,1220,3,1,5160
29/12/2022 16:34:08,2,880,1220,3,1,5160
29/12/2022 16:34:24,2,880,1220,3,1,5160
29/12/2022 16:34:40,2,880,1220,3,1,5280
29/12/2022 16:34:56,2,880,1220,3,1,5280
29/12/2022 16:35:12,2,870,1220,3,2,5180
29/12/2022 16:35:28,2,870,1220,3,2,5180
29/12/2022 16:35:44,2,870,1220,3,2,5050
29/12/2022 16:36:00,2,870,1220,3,2,5050
29/12/2022 16:36:16,2,870,1220,3,1,5180
29/12/2022 16:36:32,2,870,1220,3,1,5180
29/12/2022 16:36:48,2,870,1220,3,1,5180
29/12/2022 16:37:04,2,870,1220,3,0,-999
29/12/2022 16:37:20,2,860,1220,3,0,-999
29/12/2022 16:37:36,2,860,1220,3,0,-999
29/12/2022 16:37:52,2,860,1220,3,0,-999
29/12/2022 16:38:08,2,860,1220,3,1,5470
29/12/2022 16:38:24,2,860,1220,3,1,5470
29/12/2022 16:38:40,2,860,1220,3,0,-999
29/12/2022 16:38:56,2,860,1220,3,0,-999
29/12/2022 16:39:12,2,860,1220,3,0,-999
29/12/2022 16:39:28,2,860,1220,3,0,-999
29/12/2022 16:39:44,2,860,1220,3,0,-999
29/12/2022 16:40:00,2,860,1220,3,0,-999
29/12/2022 16:40:16,2,860,1220,3,0,-999
29/12/2022 16:40:32,2,860,1220,3,0,-999
29/12/2022 16:40:48,2,860,1220,3,0,-999
29/12/2022 16:41:04,2,860,1220,3,0,-999
29/12/2022 16:41:20,2,860,1220,3,0,-999
29/12/2022 16:41:36,2,870,1220,3,0,-999
29/12/2022 16:41:52,2,870,1220,3,1,4990
29/12/2022 16:42:08,2,870,1220,3,1,4990
29/12/2022 16:42:24,2,870,1220,3,1,4860
29/12/2022 16:42:40,2,870,1220,3,1,4860
29/12/2022 16:42:56,2,870,1220,3,1,4830
29/12/2022 16:43:12,2,870,1220,3,1,4830
29/12/2022 16:43:28,2,870,1220,3,1,4850
29/12/2022 16:43:44,2,880,1220,3,1,4850
29/12/2022 16:44:00,2,880,1220,3,1,4850
29/12/2022 16:44:16,2,880,1220,3,1,4850
29/12/2022 16:44:32,2,880,1220,3,1,4850
29/12/2022 16:44:48,2,880,1220,3,1,4900
29/12/2022 16:45:04,2,880,1220,3,1,4900
29/12/2022 16:45:20,2,890,1220,3,1,4990
29/12/2022 16:45:36,2,890,1220,3,1,4990
29/12/2022 16:45:52,2,890,1220,3,1,5060
29/12/2022 16:46:08,2,890,1220,3,1,5060
29/12/2022 16:46:24,2,890,1220,3,1,5060
29/12/2022 16:46:40,2,890,1220,3,1,4950
29/12/2022 16:46:56,2,890,1220,3,1,4950
29/12/2022 16:47:12,2,900,1220,3,1,4800
29/12/2022 16:47:28,2,900,1220,3,1,4800
29/12/2022 16:47:44,2,900,1220,3,1,4800
29/12/2022 16:48:00,2,900,1220,3,1,4800
29/12/2022 16:48:16,2,900,1220,3,1,4800
29/12/2022 16:48:32,2,900,1220,3,1,4800
29/12/2022 16:48:48,2,910,1220,3,1,4800
29/12/2022 16:49:04,2,910,1220,3,1,5100
29/12/2022 16:49:20,2,910,1220,3,1,5100
29/12/2022 16:49:36,2,910,1220,3,2,5140
29/12/2022 16:49:52,2,910,1220,3,2,5140
29/12/2022 16:50:08,2,910,1220,3,2,5100
29/12/2022 16:50:24,2,920,1220,3,2,5100
29/12/2022 16:50:40,2,920,1220,3,1,5030
29/12/2022 16:50:56,2,920,1220,3,1,5030
29/12/2022 16:51:12,2,920,1220,3,1,5030
29/12/2022 16:51:28,2,920,1220,3,2,5020
29/12/2022 16:51:44,2,920,1220,3,2,5020
29/12/2022 16:52:00,2,920,1220,3,2,4920
29/12/2022 16:52:16,2,920,1220,3,2,4920
29/12/2022 16:52:32,2,920,1220,3,2,5100
29/12/2022 16:52:48,2,920,1220,3,2,5100
29/12/2022 16:53:04,2,920,1220,3,2,4870
29/12/2022 16:53:20,2,920,1220,3,2,4870
29/12/2022 16:53:36,2,920,1220,3,2,4870
29/12/2022 16:53:52,2,920,1220,3,2,4820
29/12/2022 16:54:08,2,920,1220,3,2,4820
29/12/2022 16:54:24,2,920,1220,3,2,4880
29/12/2022 16:54:40,2,920,1220,3,2,4880
29/12/2022 16:54:56,2,920,1220,3,2,4900
29/12/2022 16:55:12,2,920,1220,3,2,4900
29/12/2022 16:55:28,2,920,1220,3,1,4790
29/12/2022 16:55:44,2,920,1220,3,1,4790
29/12/2022 16:56:00,2,910,1220,3,1,4790
29/12/2022 16:56:16,2,910,1220,3,2,4730
29/12/2022 16:56:32,2,910,1220,3,2,4730
29/12/2022 16:56:48,2,910,1220,3,2,4790
29/12/2022 16:57:04,2,720,1220,3,2,4790
29/12/2022 16:57:20,2,710,1220,3,2,4850
29/12/2022 16:57:36,2,490,1220,3,2,4850
29/12/2022 16:57:52,2,490,1220,3,1,4920
29/12/2022 16:58:08,2,490,1220,3,1,4920
29/12/2022 16:58:24,2,490,1220,3,1,4920
29/12/2022 16:58:40,2,480,1220,3,1,4860
29/12/2022 16:58:56,2,480,1220,3,1,4860
29/12/2022 16:59:12,2,480,1220,3,1,4910
29/12/2022 16:59:28,2,480,1220,3,1,4910
29/12/2022 16:59:44,2,480,1220,3,2,4880
29/12/2022 17:00:00,2,480,910,3,2,4880
29/12/2022 17:00:16,2,480,910,3,2,4850
29/12/2022 17:00:32,2,480,910,3,2,4850
29/12/2022 17:00:48,2,480,910,3,2,4850
29/12/2022 17:01:04,2,480,910,3,2,4800
29/12/2022 17:01:20,2,480,910,3,2,4800
29/12/2022 17:01:36,2,480,910,3,2,4910
29/12/2022 17:01:52,2,480,910,3,2,4910
29/12/2022 17:02:08,2,480,910,3,2,4760
29/12/2022 17:02:24,2,490,910,3,2,4760
29/12/2022 17:02:40,2,490,910,3,1,5010
29/12/2022 17:02:56,2,490,910,3,1,5010
29/12/2022 17:03:12,2,490,910,3,1,5010
29/12/2022 17:03:28,2,890,910,3,1,5140
29/12/2022 17:03:44,2,880,910,3,1,5140
29/12/2022 17:04:00,2,880,910,3,2,4750
29/12/2022 17:04:16,2,880,910,3,2,4750
29/12/2022 17:04:32,2,880,910,3,2,4880
29/12/2022 17:04:48,2,880,910,3,2,4880
29/12/2022 17:05:04,2,880,910,3,2,4830
29/12/2022 17:05:20,2,880,910,3,2,4830
29/12/2022 17:05:36,2,880,910,3,2,4830
29/12/2022 17:05:52,2,880,910,3,2,4870
29/12/2022 17:06:08,2,880,910,3,2,4870
29/12/2022 17:06:24,2,880,910,3,2,4890
29/12/2022 17:06:40,2,880,910,3,2,4890
29/12/2022 17:06:56,2,880,910,3,1,4880
29/12/2022 17:07:12,2,880,910,3,1,4880
29/12/2022 17:07:28,2,880,910,3,2,4820
29/12/2022 17:07:44,2,880,910,3,2,4820
29/12/2022 17:08:00,2,880,910,3,2,4820
29/12/2022 17:08:16,2,880,910,3,1,4870
29/12/2022 17:08:32,2,880,910,3,1,4870
29/12/2022 17:08:48,2,880,910,3,1,4910
29/12/2022 17:09:04,2,880,910,3,1,4910
29/12/2022 17:09:20,2,880,910,3,2,4820
29/12/2022 17:09:36,2,880,910,3,2,4820
29/12/2022 17:09:52,2,880,910,3,2,4630
29/12/2022 17:10:08,2,880,910,3,2,4630
29/12/2022 17:10:24,2,880,910,3,2,4630
29/12/2022 17:10:40,2,880,910,3,3,4600
29/12/2022 17:10:56,2,880,910,3,3,4600
29/12/2022 17:11:12,2,880,910,3,2,4650
29/12/2022 17:11:28,2,890,910,3,2,4650
29/12/2022 17:11:44,2,890,910,3,3,4750
29/12/2022 17:12:00,2,880,910,3,3,4750
29/12/2022 17:12:16,2,890,910,3,2,4560
29/12/2022 17:12:32,2,890,910,3,2,4560
29/12/2022 17:12:48,2,890,910,3,2,4560
29/12/2022 17:13:04,2,890,910,3,3,4620
29/12/2022 17:13:20,2,890,910,3,3,4620
29/12/2022 17:13:36,2,890,910,3,2,4990
29/12/2022 17:13:52,2,890,910,3,2,4990
29/12/2022 17:14:08,2,890,910,3,1,5080
29/12/2022 17:14:24,2,890,910,3,1,5080
29/12/2022 17:14:40,2,890,910,3,0,-999
29/12/2022 17:14:56,2,890,910,3,0,-999
29/12/2022 17:15:12,2,890,910,3,0,-999
29/12/2022 17:15:28,2,890,910,3,0,-999
29/12/2022 17:15:44,2,890,910,3,0,-999
29/12/2022 17:16:00,2,890,910,3,1,5390
29/12/2022 17:16:16,2,890,910,3,1,5390
29/12/2022 17:16:32,2,890,910,3,1,5340
29/12/2022 17:16:48,2,890,910,3,1,5340
29/12/2022 17:17:04,2,890,910,3,2,5230
29/12/2022 17:17:20,2,890,910,3,2,5230
29/12/2022 17:17:36,2,890,910,3,2,5230
29/12/2022 17:17:52,2,890,910,3,1,5160
29/12/2022 17:18:08,2,890,910,3,1,5160
29/12/2022 17:18:24,2,890,910,3,2,5330
29/12/2022 17:18:40,2,890,910,3,2,5330
29/12/2022 17:18:56,2,890,910,3,2,5030
29/12/2022 17:19:12,2,890,910,3,2,5030
29/12/2022 17:19:28,2,890,910,3,0,-999
29/12/2022 17:19:44,2,890,910,3,0,-999
29/12/2022 17:20:00,2,890,910,3,0,-999
29/12/2022 17:20:16,2,890,910,3,0,-999
29/12/2022 17:20:32,2,890,910,3,0,-999
29/12/2022 17:20:48,2,890,910,3,1,5250
29/12/2022 17:21:04,2,890,910,3,1,5250
29/12/2022 17:21:20,2,890,910,3,1,5210
29/12/2022 17:21:36,2,890,910,3,1,5210
29/12/2022 17:21:52,2,890,910,3,0,-999
29/12/2022 17:22:08,2,890,910,3,0,-999
29/12/2022 17:22:24,2,890,910,3,0,-999
29/12/2022 17:22:40,2,890,910,3,0,-999
29/12/2022 17:22:56,2,890,910,3,0,-999
29/12/2022 17:23:12,2,890,910,3,0,-999
29/12/2022 17:23:28,2,890,910,3,0,-999
29/12/2022 17:23:44,2,890,910,3,0,-999
29/12/2022 17:24:00,2,890,910,3,0,-999
29/12/2022 17:24:16,2,890,910,3,0,-999
29/12/2022 17:24:32,2,890,910,3,0,-999
29/12/2022 17:24:48,2,890,910,3,0,-999
29/12/2022 17:25:04,2,890,910,3,0,-999
29/12/2022 17:25:20,2,890,910,3,0,-999
29/12/2022 17:25:36,2,890,910,3,0,-999
29/12/2022 17:25:52,2,880,910,3,0,-999
29/12/2022 17:26:08,2,880,910,3,0,-999
29/12/2022 17:26:24,2,880,910,3,0,-999
29/12/2022 17:26:40,2,880,910,3,0,-999
29/12/2022 17:26:56,2,880,910,3,0,-999
29/12/2022 17:27:12,2,880,910,3,0,-999
29/12/2022 17:27:28,2,880,910,3,0,-999
29/12/2022 17:27:44,2,870,910,3,0,-999
29/12/2022 17:28:00,2,870,910,3,0,-999
29/12/2022 17:28:16,2,870,910,3,0,-999
29/12/2022 17:28:32,2,870,910,3,1,4060
29/12/2022 17:28:48,2,870,910,3,1,4060
29/12/2022 17:29:04,2,870,910,3,1,4060
29/12/2022 17:29:20,2,870,910,3,1,4060
29/12/2022 17:29:36,2,870,910,3,1,4060
29/12/2022 17:29:52,2,870,910,3,0,-999
29/12/2022 17:30:08,2,870,910,3,0,-999
29/12/2022 17:30:24,2,870,910,3,0,-999
29/12/2022 17:30:40,2,870,910,3,0,-999
29/12/2022 17:30:56,2,870,910,3,0,-999
29/12/2022 17:31:12,2,870,910,3,0,-999
29/12/2022 17:31:28,2,870,910,3,0,-999
29/12/2022 17:31:44,2,870,910,3,0,-999
29/12/2022 17:32:00,2,870,910,3,0,-999
29/12/2022 17:32:16,2,870,910,3,0,-999
29/12/2022 17:32:32,2,870,910,3,0,-999
29/12/2022 17:32:48,2,870,910,3,0,-999
29/12/2022 17:33:04,2,870,910,3,0,-999
29/12/2022 17:33:20,2,870,910,3,1,5460
29/12/2022 17:33:36,2,870,910,3,1,5460
29/12/2022 17:33:52,2,870,910,3,0,-999
29/12/2022 17:34:08,2,870,910,3,0,-999
29/12/2022 17:34:24,2,870,910,3,0,-999
29/12/2022 17:34:40,2,870,910,3,0,-999
29/12/2022 17:34:56,2,870,910,3,0,-999
29/12/2022 17:35:12,2,870,910,3,0,-999
29/12/2022 17:35:28,2,870,910,3,0,-999
29/12/2022 17:35:44,2,870,910,3,0,-999
29/12/2022 17:36:00,2,870,910,3,0,-999
29/12/2022 17:36:16,2,870,910,3,1,5110
29/12/2022 17:36:32,2,870,910,3,1,5110
29/12/2022 17:36:48,2,870,910,3,1,5110
29/12/2022 17:37:04,2,870,910,3,1,5130
29/12/2022 17:37:20,2,870,910,3,1,5130
29/12/2022 17:37:36,2,870,910,3,0,-999
29/12/2022 17:37:52,2,880,910,3,0,-999
29/12/2022 17:38:08,2,880,910,3,2,5150
29/12/2022 17:38:24,2,880,910,3,2,5150
29/12/2022 17:38:40,2,880,910,3,2,5440
29/12/2022 17:38:56,2,880,910,3,2,5440
29/12/2022 17:39:12,2,880,910,3,2,5440
29/12/2022 17:39:28,2,880,910,3,1,5340
29/12/2022 17:39:44,2,880,910,3,1,5340
29/12/2022 17:40:00,2,890,910,3,0,-999
29/12/2022 17:40:16,2,890,910,3,0,-999
29/12/2022 17:40:32,2,890,910,3,2,5160
29/12/2022 17:40:48,2,890,910,3,2,5160
29/12/2022 17:41:04,2,890,910,3,2,5430
29/12/2022 17:41:20,2,890,910,3,2,5430
29/12/2022 17:41:36,2,890,910,3,2,5430
29/12/2022 17:41:52,2,900,910,3,1,5460
29/12/2022 17:42:08,2,900,910,3,1,5460
29/12/2022 17:42:24,2,900,910,3,2,5310
29/12/2022 17:42:40,2,900,910,3,2,5310
29/12/2022 17:42:56,2,900,910,3,2,5290
29/12/2022 17:43:12,2,900,910,3,2,5290
29/12/2022 17:43:28,2,900,910,3,2,5070
29/12/2022 17:43:44,2,900,910,3,2,5070
29/12/2022 17:44:00,2,900,910,3,2,5070
29/12/2022 17:44:16,2,900,910,3,1,5340
29/12/2022 17:44:32,2,900,910,3,1,5340
29/12/2022 17:44:48,2,900,910,3,1,5310
29/12/2022 17:45:04,2,900,910,3,1,5310
29/12/2022 17:45:20,2,900,910,3,2,4980
29/12/2022 17:45:36,2,900,910,3,2,4980
29/12/2022 17:45:52,2,900,910,3,2,5060
29/12/2022 17:46:08,2,900,910,3,2,5060
29/12/2022 17:46:24,2,900,910,3,2,5060
29/12/2022 17:46:40,2,900,910,3,1,4900
29/12/2022 17:46:56,2,900,910,3,1,4900
29/12/2022 17:47:12,2,900,910,3,2,4870
29/12/2022 17:47:28,2,900,910,3,2,4870
29/12/2022 17:47:44,2,900,910,3,2,4820
29/12/2022 17:48:00,2,900,910,3,2,4820
29/12/2022 17:48:16,2,900,910,3,2,5020
29/12/2022 17:48:32,2,910,910,3,2,5020
29/12/2022 17:48:48,2,910,910,3,2,5020
29/12/2022 17:49:04,2,910,910,3,2,5130
29/12/2022 17:49:20,2,910,910,3,2,5130
29/12/2022 17:49:36,2,910,910,3,2,4970
29/12/2022 17:49:52,2,910,910,3,2,4970
29/12/2022 17:50:08,2,910,910,3,3,4890
29/12/2022 17:50:24,2,910,910,3,3,4890
29/12/2022 17:50:40,2,910,910,3,2,4840
29/12/2022 17:50:56,2,910,910,3,2,4840
29/12/2022 17:51:12,2,910,910,3,2,4840
29/12/2022 17:51:28,2,910,910,3,3,4860
29/12/2022 17:51:44,2,920,910,3,3,4860
29/12/2022 17:52:00,2,920,910,3,2,5090
29/12/2022 17:52:16,2,920,910,3,2,5090
29/12/2022 17:52:32,2,920,910,3,3,5000
29/12/2022 17:52:48,2,920,910,3,3,5000
29/12/2022 17:53:04,2,920,910,3,2,4910
29/12/2022 17:53:20,2,930,910,3,2,4910
29/12/2022 17:53:36,2,930,910,3,2,4910
29/12/2022 17:53:52,2,930,910,3,1,5060
29/12/2022 17:54:08,2,930,910,3,1,5060
29/12/2022 17:54:24,2,930,910,3,2,4960
29/12/2022 17:54:40,2,930,910,3,2,4960
29/12/2022 17:54:56,2,930,910,3,2,4890
29/12/2022 17:55:12,2,930,910,3,2,4890
29/12/2022 17:55:28,2,930,910,3,3,4930
29/12/2022 17:55:44,2,930,910,3,3,4930
29/12/2022 17:56:00,2,940,910,3,3,4930
29/12/2022 17:56:16,2,940,910,3,2,5080
29/12/2022 17:56:32,2,940,910,3,2,5080
29/12/2022 17:56:48,2,940,910,3,2,5150
29/12/2022 17:57:04,2,940,910,3,2,5150
29/12/2022 17:57:20,2,940,910,3,1,4980
29/12/2022 17:57:36,2,940,910,3,1,4980
29/12/2022 17:57:52,2,940,910,3,1,4910
29/12/2022 17:58:08,2,950,910,3,1,4910
29/12/2022 17:58:24,2,950,910,3,1,4910
29/12/2022 17:58:40,2,950,910,3,2,4790
29/12/2022 17:58:56,2,950,910,3,2,4790
29/12/2022 17:59:12,2,950,910,3,2,4690
29/12/2022 17:59:28,2,950,910,3,2,4690
29/12/2022 17:59:44,2,950,910,3,2,4720
29/12/2022 18:00:00,3,950,890,3,2,4720
29/12/2022 18:00:16,3,960,890,3,2,4590
29/12/2022 18:00:32,3,960,890,3,2,4590
29/12/2022 18:00:48,3,960,890,3,2,4590
29/12/2022 18:01:04,3,960,890,3,1,4940
29/12/2022 18:01:20,3,960,890,3,1,4940
29/12/2022 18:01:36,3,960,890,3,2,4670
29/12/2022 18:01:52,3,970,890,3,2,4670
29/12/2022 18:02:08,3,970,890,3,2,4600
29/12/2022 18:02:24,3,970,890,3,2,4600
29/12/2022 18:02:40,3,970,890,3,2,4580
29/12/2022 18:02:56,3,970,890,3,2,4580
29/12/2022 18:03:12,3,980,890,3,2,4580
29/12/2022 18:03:28,3,980,890,3,3,4560
29/12/2022 18:03:44,3,980,890,3,3,4560
29/12/2022 18:04:00,3,980,890,3,1,4770
29/12/2022 18:04:16,3,980,890,3,1,4770
29/12/2022 18:04:32,3,980,890,3,3,4520
29/12/2022 18:04:48,3,990,890,3,3,4520
29/12/2022 18:05:04,3,990,890,3,3,4530
29/12/2022 18:05:20,3,990,890,3,3,4530
29/12/2022 18:05:36,3,990,890,3,3,4530
29/12/2022 18:05:52,3,990,890,3,2,4440
29/12/2022 18:06:08,3,990,890,3,2,4440
29/12/2022 18:06:24,3,990,890,3,2,4520
29/12/2022 18:06:40,3,990,890,3,2,4520
29/12/2022 18:06:56,3,990,890,3,2,4470
29/12/2022 18:07:12,3,990,890,3,2,4470
29/12/2022 18:07:28,3,990,890,3,2,4720
29/12/2022 18:07:44,3,980,890,3,2,4720
29/12/2022 18:08:00,3,980,890,3,2,4720
29/12/2022 18:08:16,3,990,890,3,2,4370
29/12/2022 18:08:32,3,990,890,3,2,4370
29/12/2022 18:08:48,3,970,890,3,2,4300
29/12/2022 18:09:04,3,970,890,3,2,4300
29/12/2022 18:09:20,3,920,890,3,2,4400
29/12/2022 18:09:36,3,920,890,3,2,4400
29/12/2022 18:09:52,3,970,890,3,2,4360
29/12/2022 18:10:08,3,970,890,3,2,4360
29/12/2022 18:10:24,3,970,890,3,2,4360
29/12/2022 18:10:40,3,930,890,3,2,4370
29/12/2022 18:10:56,3,930,890,3,2,4370
29/12/2022 18:11:12,3,920,890,3,3,4520
29/12/2022 18:11:28,3,920,890,3,3,4520
29/12/2022 18:11:44,3,910,890,3,2,4550
29/12/2022 18:12:00,3,910,890,3,2,4550
29/12/2022 18:12:16,3,-999,890,3,2,4540
29/12/2022 18:12:32,3,-999,890,3,2,4540
29/12/2022 18:12:48,3,-999,890,3,2,4540
29/12/2022 18:13:04,3,-999,890,3,2,4640
29/12/2022 18:13:20,3,-999,890,3,2,4640
29/12/2022 18:13:36,3,-999,890,3,1,4660
29/12/2022 18:13:52,3,-999,890,3,1,4660
29/12/2022 18:14:08,3,-999,890,3,2,4600
29/12/2022 18:14:24,3,-999,890,3,2,4600
29/12/2022 18:14:40,3,-999,890,3,1,4570
29/12/2022 18:14:56,3,-999,890,3,1,4570
29/12/2022 18:15:12,3,-999,890,3,1,4570
29/12/2022 18:15:28,3,930,890,3,2,4560
29/12/2022 18:15:44,3,930,890,3,2,4560
29/12/2022 18:16:00,3,950,890,3,2,4550
29/12/2022 18:16:16,3,950,890,3,2,4550
29/12/2022 18:16:32,3,930,890,3,2,4570
29/12/2022 18:16:48,3,930,890,3,2,4570
29/12/2022 18:17:04,3,-999,890,3,1,4840
29/12/2022 18:17:20,3,-999,890,3,1,4840
29/12/2022 18:17:36,3,-999,890,3,1,4840
29/12/2022 18:17:52,3,-999,890,3,2,4550
29/12/2022 18:18:08,3,-999,890,3,2,4550
29/12/2022 18:18:24,3,900,890,3,2,4650
29/12/2022 18:18:40,3,900,890,3,2,4650
29/12/2022 18:18:56,3,-999,890,3,2,4640
29/12/2022 18:19:12,3,-999,890,3,2,4640
29/12/2022 18:19:28,3,880,890,3,2,4690
29/12/2022 18:19:44,3,880,890,3,2,4690
29/12/2022 18:20:00,3,880,890,3,2,4690
29/12/2022 18:20:16,3,-999,890,3,2,4490
29/12/2022 18:20:32,3,-999,890,3,2,4490
29/12/2022 18:20:48,3,760,890,3,2,4450
29/12/2022 18:21:04,3,760,890,3,2,4450
29/12/2022 18:21:20,3,-999,890,3,1,4640
29/12/2022 18:21:36,3,-999,890,3,1,4640
29/12/2022 18:21:52,3,-999,890,3,1,4640
29/12/2022 18:22:08,3,-999,890,3,1,4640
29/12/2022 18:22:24,3,-999,890,3,1,4640
29/12/2022 18:22:40,3,-999,890,3,1,4630
29/12/2022 18:22:56,3,-999,890,3,1,4630
29/12/2022 18:23:12,3,-999,890,3,1,4610
29/12/2022 18:23:28,3,-999,890,3,1,4610
29/12/2022 18:23:44,3,-999,890,3,1,4590
29/12/2022 18:24:00,3,-999,890,3,1,4590
29/12/2022 18:24:16,3,10,890,3,2,4430
29/12/2022 18:24:32,3,700,890,3,2,4430
29/12/2022 18:24:48,3,700,890,3,2,4430
29/12/2022 18:25:04,3,10,890,3,2,4430
29/12/2022 18:25:20,3,680,890,3,2,4430
29/12/2022 18:25:36,3,-999,890,3,1,4610
29/12/2022 18:25:52,3,-999,890,3,1,4610
29/12/2022 18:26:08,3,920,890,3,1,4440
29/12/2022 18:26:24,3,920,890,3,1,4440
29/12/2022 18:26:40,3,870,890,3,2,4430
29/12/2022 18:26:56,3,870,890,3,2,4430
29/12/2022 18:27:12,3,870,890,3,2,4430
29/12/2022 18:27:28,3,960,890,3,2,4140
29/12/2022 18:27:44,3,960,890,3,2,4140
29/12/2022 18:28:00,3,970,890,3,1,4130
29/12/2022 18:28:16,3,970,890,3,1,4130
29/12/2022 18:28:32,3,920,890,3,1,4170
29/12/2022 18:28:48,3,920,890,3,1,4170
29/12/2022 18:29:04,3,950,890,3,2,4270
29/12/2022 18:29:20,3,950,890,3,2,4270
29/12/2022 18:29:36,3,960,890,3,2,4270
29/12/2022 18:29:52,3,990,890,3,1,4330
29/12/2022 18:30:08,3,990,890,3,1,4330
29/12/2022 18:30:24,3,960,890,3,1,4310
29/12/2022 18:30:40,3,970,890,3,1,4310
29/12/2022 18:30:56,3,130,890,3,2,4270
29/12/2022 18:31:12,3,130,890,3,2,4270
29/12/2022 18:31:28,3,160,890,3,2,4160
29/12/2022 18:31:44,3,160,890,3,2,4160
29/12/2022 18:32:00,3,160,890,3,2,4160
29/12/2022 18:32:16,3,120,890,3,2,4220
29/12/2022 18:32:32,3,120,890,3,2,4220
29/12/2022 18:32:48,3,150,890,3,2,4220
29/12/2022 18:33:04,3,150,890,3,2,4220
29/12/2022 18:33:20,3,160,890,3,2,4210
29/12/2022 18:33:36,3,160,890,3,2,4210
29/12/2022 18:33:52,3,160,890,3,2,4210
29/12/2022 18:34:08,3,160,890,3,2,4210
29/12/2022 18:34:24,3,160,890,3,2,4210
29/12/2022 18:34:40,3,170,890,3,2,4130
29/12/2022 18:34:56,3,170,890,3,2,4130
29/12/2022 18:35:12,3,170,890,3,2,4120
29/12/2022 18:35:28,3,170,890,3,2,4120
29/12/2022 18:35:44,3,160,890,3,2,4150
29/12/2022 18:36:00,3,160,890,3,2,4150
29/12/2022 18:36:16,3,160,890,3,2,4120
29/12/2022 18:36:32,3,160,890,3,2,4120
29/12/2022 18:36:48,3,160,890,3,2,4120
29/12/2022 18:37:04,3,1290,890,3,2,4080
29/12/2022 18:37:20,3,1290,890,3,2,4080
29/12/2022 18:37:36,3,120,890,3,2,4110
29/12/2022 18:37:52,3,120,890,3,2,4110
29/12/2022 18:38:08,3,150,890,3,1,4180
29/12/2022 18:38:24,3,150,890,3,1,4180
29/12/2022 18:38:40,3,100,890,3,1,4140
29/12/2022 18:38:56,3,100,890,3,1,4140
29/12/2022 18:39:12,3,100,890,3,1,4140
29/12/2022 18:39:28,3,690,890,3,1,4130
29/12/2022 18:39:44,3,660,890,3,1,4130
29/12/2022 18:40:00,3,980,890,3,1,4150
29/12/2022 18:40:16,3,980,890,3,1,4150
29/12/2022 18:40:32,3,990,890,3,1,4150
29/12/2022 18:40:48,3,990,890,3,1,4150
29/12/2022 18:41:04,3,210,890,3,1,4160
29/12/2022 18:41:20,3,830,890,3,1,4160
29/12/2022 18:41:36,3,830,890,3,1,4160
29/12/2022 18:41:52,3,110,890,3,2,4150
29/12/2022 18:42:08,3,110,890,3,2,4150
29/12/2022 18:42:24,3,160,890,3,2,4040
29/12/2022 18:42:40,3,160,890,3,2,4040
29/12/2022 18:42:56,3,160,890,3,2,4030
29/12/2022 18:43:12,3,170,890,3,2,4030
29/12/2022 18:43:28,3,650,890,3,2,3990
29/12/2022 18:43:44,3,650,890,3,2,3990
29/12/2022 18:44:00,3,650,890,3,2,3990
29/12/2022 18:44:16,3,650,890,3,2,3930
29/12/2022 18:44:32,3,650,890,3,2,3930
29/12/2022 18:44:48,3,650,890,3,2,3900
29/12/2022 18:45:04,3,660,890,3,2,3900
29/12/2022 18:45:20,3,660,890,3,2,3890
29/12/2022 18:45:36,3,660,890,3,2,3890
29/12/2022 18:45:52,3,660,890,3,2,3950
29/12/2022 18:46:08,3,660,890,3,2,3950
29/12/2022 18:46:24,3,660,890,3,2,3950
29/12/2022 18:46:40,3,170,890,3,2,4020
29/12/2022 18:46:56,3,170,890,3,2,4020
29/12/2022 18:47:12,3,660,890,3,1,3980
29/12/2022 18:47:28,3,660,890,3,1,3980
29/12/2022 18:47:44,3,660,890,3,1,3960
29/12/2022 18:48:00,3,660,890,3,1,3960
29/12/2022 18:48:16,3,660,890,3,2,3990
29/12/2022 18:48:32,3,660,890,3,2,3990
29/12/2022 18:48:48,3,670,890,3,2,3990
29/12/2022 18:49:04,3,670,890,3,1,3950
29/12/2022 18:49:20,3,670,890,3,1,3950
29/12/2022 18:49:36,3,670,890,3,1,3870
29/12/2022 18:49:52,3,670,890,3,1,3870
29/12/2022 18:50:08,3,160,890,3,1,4280
29/12/2022 18:50:24,3,160,890,3,1,4280
29/12/2022 18:50:40,3,-999,890,3,1,4290
29/12/2022 18:50:56,3,-999,890,3,1,4290
29/12/2022 18:51:12,3,-999,890,3,1,4290
29/12/2022 18:51:28,3,-999,890,3,1,4350
29/12/2022 18:51:44,3,-999,890,3,1,4350
29/12/2022 18:52:00,3,-999,890,3,1,4360
29/12/2022 18:52:16,3,-999,890,3,1,4360
29/12/2022 18:52:32,3,670,890,3,2,3960
29/12/2022 18:52:48,3,670,890,3,2,3960
29/12/2022 18:53:04,3,670,890,3,2,3960
29/12/2022 18:53:20,3,680,890,3,2,3960
29/12/2022 18:53:36,3,680,890,3,2,3960
29/12/2022 18:53:52,3,680,890,3,2,3890
29/12/2022 18:54:08,3,680,890,3,2,3890
29/12/2022 18:54:24,3,680,890,3,2,3920
29/12/2022 18:54:40,3,680,890,3,2,3920
29/12/2022 18:54:56,3,680,890,3,2,3950
29/12/2022 18:55:12,3,680,890,3,2,3950
29/12/2022 18:55:28,3,680,890,3,2,3950
29/12/2022 18:55:44,3,680,890,3,2,3950
29/12/2022 18:56:00,3,680,890,3,2,3950
29/12/2022 18:56:16,3,680,890,3,1,3910
29/12/2022 18:56:32,3,680,890,3,1,3910
29/12/2022 18:56:48,3,680,890,3,2,3890
29/12/2022 18:57:04,3,680,890,3,2,3890
29/12/2022 18:57:20,3,680,890,3,2,3860
29/12/2022 18:57:36,3,680,890,3,2,3860
29/12/2022 18:57:52,3,680,890,3,2,3860
29/12/2022 18:58:08,3,680,890,3,1,3870
29/12/2022 18:58:24,3,680,890,3,1,3870
29/12/2022 18:58:40,3,680,890,3,2,3870
29/12/2022 18:58:56,3,680,890,3,2,3870
29/12/2022 18:59:12,3,680,890,3,2,3900
29/12/2022 18:59:28,3,680,890,3,2,3900
29/12/2022 18:59:44,3,680,890,3,2,3860
29/12/2022 19:00:00,1,680,960,3,2,3860
29/12/2022 19:00:16,1,680,960,3,2,3840
29/12/2022 19:00:32,1,680,960,3,2,3840
29/12/2022 19:00:48,1,680,960,3,2,3840
29/12/2022 19:01:04,1,680,960,3,3,3900
29/12/2022 19:01:20,1,680,960,3,3,3900
29/12/2022 19:01:36,1,680,960,3,2,3950
29/12/2022 19:01:52,1,680,960,3,2,3950
29/12/2022 19:02:08,1,680,960,3,2,3930
29/12/2022 19:02:24,1,680,960,3,2,3930
29/12/2022 19:02:40,1,680,960,3,2,3890
29/12/2022 19:02:56,1,670,960,3,2,3890
29/12/2022 19:03:12,1,670,960,3,2,3890
29/12/2022 19:03:28,1,670,960,3,2,3840
29/12/2022 19:03:44,1,670,960,3,2,3840
29/12/2022 19:04:00,1,670,960,3,2,3860
29/12/2022 19:04:16,1,670,960,3,2,3860
29/12/2022 19:04:32,1,670,960,3,2,3850
29/12/2022 19:04:48,1,670,960,3,2,3850
29/12/2022 19:05:04,1,670,960,3,2,3820
29/12/2022 19:05:20,1,670,960,3,2,3820
29/12/2022 19:05:36,1,670,960,3,2,3820
29/12/2022 19:05:52,1,660,960,3,2,3830
29/12/2022 19:06:08,1,660,960,3,2,3830
29/12/2022 19:06:24,1,-999,960,3,2,4140
29/12/2022 19:06:40,1,-999,960,3,2,4140
29/12/2022 19:06:56,1,-999,960,3,2,3840
29/12/2022 19:07:12,1,-999,960,3,2,3840
29/12/2022 19:07:28,1,660,960,3,2,3880
29/12/2022 19:07:44,1,660,960,3,2,3880
29/12/2022 19:08:00,1,660,960,3,2,3880
29/12/2022 19:08:16,1,-999,960,3,2,3970
29/12/2022 19:08:32,1,-999,960,3,2,3970
29/12/2022 19:08:48,1,1300,960,3,1,4140
29/12/2022 19:09:04,1,1290,960,3,1,4140
29/12/2022 19:09:20,1,1290,960,3,1,4040
29/12/2022 19:09:36,1,1290,960,3,1,4040
29/12/2022 19:09:52,1,660,960,3,1,3970
29/12/2022 19:10:08,1,660,960,3,1,3970
29/12/2022 19:10:24,1,660,960,3,1,3970
29/12/2022 19:10:40,1,660,960,3,2,3940
29/12/2022 19:10:56,1,660,960,3,2,3940
29/12/2022 19:11:12,1,660,960,3,1,3960
29/12/2022 19:11:28,1,660,960,3,1,3960
29/12/2022 19:11:44,1,660,960,3,1,3930
29/12/2022 19:12:00,1,670,960,3,1,3930
29/12/2022 19:12:16,1,670,960,3,3,3870
29/12/2022 19:12:32,1,670,960,3,3,3870
29/12/2022 19:12:48,1,670,960,3,3,3870
29/12/2022 19:13:04,1,1270,960,3,2,4190
29/12/2022 19:13:20,1,1260,960,3,2,4190
29/12/2022 19:13:36,1,140,960,3,2,4170
29/12/2022 19:13:52,1,140,960,3,2,4170
29/12/2022 19:14:08,1,130,960,3,2,4150
29/12/2022 19:14:24,1,130,960,3,2,4150
29/12/2022 19:14:40,1,140,960,3,3,4110
29/12/2022 19:14:56,1,140,960,3,3,4110
29/12/2022 19:15:12,1,140,960,3,3,4110
29/12/2022 19:15:28,1,140,960,3,2,4150
29/12/2022 19:15:44,1,140,960,3,2,4150
29/12/2022 19:16:00,1,1230,960,3,2,4500
29/12/2022 19:16:16,1,1220,960,3,2,4500
29/12/2022 19:16:32,1,1210,960,3,1,4660
29/12/2022 19:16:48,1,660,960,3,1,4660
29/12/2022 19:17:04,1,-999,960,3,1,4670
29/12/2022 19:17:20,1,-999,960,3,1,4670
29/12/2022 19:17:36,1,-999,960,3,1,4670
29/12/2022 19:17:52,1,660,960,3,1,4610
29/12/2022 19:18:08,1,660,960,3,1,4610
29/12/2022 19:18:24,1,100,960,3,2,4590
29/12/2022 19:18:40,1,100,960,3,2,4590
29/12/2022 19:18:56,1,680,960,3,1,4590
29/12/2022 19:19:12,1,690,960,3,1,4590
29/12/2022 19:19:28,1,690,960,3,1,4590
29/12/2022 19:19:44,1,690,960,3,1,4590
29/12/2022 19:20:00,1,690,960,3,1,4590
29/12/2022 19:20:16,1,680,960,3,1,4590
29/12/2022 19:20:32,1,670,960,3,1,4590
29/12/2022 19:20:48,1,90,960,3,2,4470
29/12/2022 19:21:04,1,80,960,3,2,4470
29/12/2022 19:21:20,1,70,960,3,2,4480
29/12/2022 19:21:36,1,680,960,3,2,4480
29/12/2022 19:21:52,1,60,960,3,2,4330
29/12/2022 19:22:08,1,690,960,3,2,4330
29/12/2022 19:22:24,1,50,960,3,2,4330
29/12/2022 19:22:40,1,40,960,3,2,4370
29/12/2022 19:22:56,1,690,960,3,2,4370
29/12/2022 19:23:12,1,690,960,3,1,4520
29/12/2022 19:23:28,1,690,960,3,1,4520
29/12/2022 19:23:44,1,690,960,3,1,4480
29/12/2022 19:24:00,1,690,960,3,1,4480
29/12/2022 19:24:16,1,690,960,3,1,4480
29/12/2022 19:24:32,1,700,960,3,1,4480
29/12/2022 19:24:48,1,700,960,3,1,4480
29/12/2022 19:25:04,1,700,960,3,1,4480
29/12/2022 19:25:20,1,710,960,3,1,4480
29/12/2022 19:25:36,1,720,960,3,1,4460
29/12/2022 19:25:52,1,720,960,3,1,4460
29/12/2022 19:26:08,1,730,960,3,1,4470
29/12/2022 19:26:24,1,730,960,3,1,4470
29/12/2022 19:26:40,1,730,960,3,1,4450
29/12/2022 19:26:56,1,730,960,3,1,4450
29/12/2022 19:27:12,1,740,960,3,1,4450
29/12/2022 19:27:28,1,740,960,3,1,4450
29/12/2022 19:27:44,1,740,960,3,1,4450
29/12/2022 19:28:00,1,740,960,3,1,4510
29/12/2022 19:28:16,1,750,960,3,1,4510
29/12/2022 19:28:32,1,750,960,3,1,4480
29/12/2022 19:28:48,1,750,960,3,1,4480
29/12/2022 19:29:04,1,760,960,3,1,4480
29/12/2022 19:29:20,1,760,960,3,1,4480
29/12/2022 19:29:36,1,770,960,3,1,4480
29/12/2022 19:29:52,1,770,960,3,1,4490
29/12/2022 19:30:08,1,770,960,3,1,4490
29/12/2022 19:30:24,1,780,960,3,1,4500
29/12/2022 19:30:40,1,780,960,3,1,4500
29/12/2022 19:30:56,1,780,960,3,1,4490
29/12/2022 19:31:12,1,780,960,3,1,4490
29/12/2022 19:31:28,1,790,960,3,1,4460
29/12/2022 19:31:44,1,790,960,3,1,4460
29/12/2022 19:32:00,1,790,960,3,1,4460
29/12/2022 19:32:16,1,790,960,3,1,4440
29/12/2022 19:32:32,1,790,960,3,1,4440
29/12/2022 19:32:48,1,800,960,3,1,4420
29/12/2022 19:33:04,1,800,960,3,1,4420
29/12/2022 19:33:20,1,800,960,3,1,4400
29/12/2022 19:33:36,1,800,960,3,1,4400
29/12/2022 19:33:52,1,800,960,3,1,4400
29/12/2022 19:34:08,1,800,960,3,1,4400
29/12/2022 19:34:24,1,800,960,3,1,4400
29/12/2022 19:34:40,1,800,960,3,1,4440
29/12/2022 19:34:56,1,810,960,3,1,4440
29/12/2022 19:35:12,1,810,960,3,1,4410
29/12/2022 19:35:28,1,810,960,3,1,4410
29/12/2022 19:35:44,1,810,960,3,1,4410
29/12/2022 19:36:00,1,810,960,3,1,4410
29/12/2022 19:36:16,1,820,960,3,1,4470
29/12/2022 19:36:32,1,820,960,3,1,4470
29/12/2022 19:36:48,1,820,960,3,1,4470
29/12/2022 19:37:04,1,820,960,3,1,4480
29/12/2022 19:37:20,1,820,960,3,1,4480
29/12/2022 19:37:36,1,830,960,3,1,4480
29/12/2022 19:37:52,1,830,960,3,1,4480
29/12/2022 19:38:08,1,830,960,3,1,4460
29/12/2022 19:38:24,1,830,960,3,1,4460
29/12/2022 19:38:40,1,830,960,3,1,4460
29/12/2022 19:38:56,1,830,960,3,1,4460
29/12/2022 19:39:12,1,830,960,3,1,4460
29/12/2022 19:39:28,1,830,960,3,1,4450
29/12/2022 19:39:44,1,830,960,3,1,4450
29/12/2022 19:40:00,1,830,960,3,1,4460
29/12/2022 19:40:16,1,830,960,3,1,4460
29/12/2022 19:40:32,1,830,960,3,1,4440
29/12/2022 19:40:48,1,830,960,3,1,4440
29/12/2022 19:41:04,1,830,960,3,1,4440
29/12/2022 19:41:20,1,830,960,3,1,4440
29/12/2022 19:41:36,1,840,960,3,1,4440
29/12/2022 19:41:52,1,840,960,3,1,4440
29/12/2022 19:42:08,1,840,960,3,1,4440
29/12/2022 19:42:24,1,840,960,3,1,4440
29/12/2022 19:42:40,1,840,960,3,1,4440
29/12/2022 19:42:56,1,840,960,3,1,4430
29/12/2022 19:43:12,1,840,960,3,1,4430
29/12/2022 19:43:28,1,840,960,3,1,4430
29/12/2022 19:43:44,1,840,960,3,1,4430
29/12/2022 19:44:00,1,840,960,3,1,4430
29/12/2022 19:44:16,1,830,960,3,1,4410
29/12/2022 19:44:32,1,830,960,3,1,4410
29/12/2022 19:44:48,1,830,960,3,1,4400
29/12/2022 19:45:04,1,830,960,3,1,4400
29/12/2022 19:45:20,1,830,960,3,1,4420
29/12/2022 19:45:36,1,830,960,3,1,4420
29/12/2022 19:45:52,1,830,960,3,1,4400
29/12/2022 19:46:08,1,830,960,3,1,4400
29/12/2022 19:46:24,1,830,960,3,1,4400
29/12/2022 19:46:40,1,830,960,3,1,4390
29/12/2022 19:46:56,1,830,960,3,1,4390
29/12/2022 19:47:12,1,830,960,3,1,4380
29/12/2022 19:47:28,1,830,960,3,1,4380
29/12/2022 19:47:44,1,830,960,3,1,4380
29/12/2022 19:48:00,1,830,960,3,1,4380
29/12/2022 19:48:16,1,820,960,3,1,4390
29/12/2022 19:48:32,1,820,960,3,1,4390
29/12/2022 19:48:48,1,820,960,3,1,4390
29/12/2022 19:49:04,1,820,960,3,1,4390
29/12/2022 19:49:20,1,820,960,3,1,4390
29/12/2022 19:49:36,1,820,960,3,1,4370
29/12/2022 19:49:52,1,820,960,3,1,4370
29/12/2022 19:50:08,1,820,960,3,1,4370
29/12/2022 19:50:24,1,820,960,3,1,4370
29/12/2022 19:50:40,1,820,960,3,1,4370
29/12/2022 19:50:56,1,820,960,3,1,4370
29/12/2022 19:51:12,1,820,960,3,1,4370
29/12/2022 19:51:28,1,820,960,3,1,4370
29/12/2022 19:51:44,1,820,960,3,1,4370
29/12/2022 19:52:00,1,820,960,3,1,4370
29/12/2022 19:52:16,1,820,960,3,1,4370
29/12/2022 19:52:32,1,820,960,3,1,4380
29/12/2022 19:52:48,1,820,960,3,1,4380
29/12/2022 19:53:04,1,820,960,3,1,4370
29/12/2022 19:53:20,1,820,960,3,1,4370
29/12/2022 19:53:36,1,820,960,3,1,4370
29/12/2022 19:53:52,1,820,960,3,1,4370
29/12/2022 19:54:08,1,820,960,3,1,4370
29/12/2022 19:54:24,1,820,960,3,1,4370
29/12/2022 19:54:40,1,820,960,3,1,4370
29/12/2022 19:54:56,1,820,960,3,1,4370
29/12/2022 19:55:12,1,820,960,3,1,4370
29/12/2022 19:55:28,1,820,960,3,1,4370
29/12/2022 19:55:44,1,820,960,3,1,4370
29/12/2022 19:56:00,1,820,960,3,1,4370
29/12/2022 19:56:16,1,820,960,3,1,4400
29/12/2022 19:56:32,1,820,960,3,1,4400
29/12/2022 19:56:48,1,820,960,3,1,4370
29/12/2022 19:57:04,1,820,960,3,1,4370
29/12/2022 19:57:20,1,580,960,3,2,3430
29/12/2022 19:57:36,1,590,960,3,2,3430
29/12/2022 19:57:52,1,590,960,3,2,3430
29/12/2022 19:58:08,1,590,960,3,2,3430
29/12/2022 19:58:24,1,590,960,3,2,3430
29/12/2022 19:58:40,1,590,960,3,2,3430
29/12/2022 19:58:56,1,590,960,3,2,3430
29/12/2022 19:59:12,1,590,960,3,2,3420
29/12/2022 19:59:28,1,600,960,3,2,3420
29/12/2022 19:59:44,1,600,960,3,2,3430
29/12/2022 20:00:00,1,600,960,3,2,3430
29/12/2022 20:00:16,2,770,810,3,1,4450
29/12/2022 20:00:32,2,770,810,3,1,4450
29/12/2022 20:00:48,2,770,810,3,1,4450
29/12/2022 20:01:04,2,600,810,3,2,3440
29/12/2022 20:01:20,2,610,810,3,2,3440
29/12/2022 20:01:36,2,610,810,3,2,3440
29/12/2022 20:01:52,2,610,810,3,2,3440
29/12/2022 20:02:08,2,620,810,3,2,3440
29/12/2022 20:02:24,2,620,810,3,2,3440
29/12/2022 20:02:40,2,620,810,3,2,3440
29/12/2022 20:02:56,2,620,810,3,2,3440
29/12/2022 20:03:12,2,620,810,3,2,3440
29/12/2022 20:03:28,2,620,810,3,2,3450
29/12/2022 20:03:44,2,620,810,3,2,3450
29/12/2022 20:04:00,2,620,810,3,2,3450
29/12/2022 20:04:16,2,620,810,3,2,3450
29/12/2022 20:04:32,2,630,810,3,2,3450
29/12/2022 20:04:48,2,630,810,3,2,3450
29/12/2022 20:05:04,2,830,810,3,1,4370
29/12/2022 20:05:20,2,830,810,3,1,4370
29/12/2022 20:05:36,2,830,810,3,1,4370
29/12/2022 20:05:52,2,830,810,3,1,4370
29/12/2022 20:06:08,2,830,810,3,1,4370
29/12/2022 20:06:24,2,830,810,3,1,4440
29/12/2022 20:06:40,2,830,810,3,1,4440
29/12/2022 20:06:56,2,830,810,3,1,4420
29/12/2022 20:07:12,2,840,810,3,1,4420
29/12/2022 20:07:28,2,840,810,3,1,4420
29/12/2022 20:07:44,2,840,810,3,1,4420
29/12/2022 20:08:00,2,840,810,3,1,4420
29/12/2022 20:08:16,2,840,810,3,1,4400
29/12/2022 20:08:32,2,840,810,3,1,4400
29/12/2022 20:08:48,2,840,810,3,1,4400
29/12/2022 20:09:04,2,340,810,3,1,4400
29/12/2022 20:09:20,2,340,810,3,1,4370
29/12/2022 20:09:36,2,340,810,3,1,4370
29/12/2022 20:09:52,2,340,810,3,1,4370
29/12/2022 20:10:08,2,840,810,3,1,4370
29/12/2022 20:10:24,2,840,810,3,1,4370
29/12/2022 20:10:40,2,840,810,3,2,4360
29/12/2022 20:10:56,2,840,810,3,2,4360
29/12/2022 20:11:12,2,850,810,3,1,4320
29/12/2022 20:11:28,2,850,810,3,1,4320
29/12/2022 20:11:44,2,850,810,3,1,4320
29/12/2022 20:12:00,2,850,810,3,1,4320
29/12/2022 20:12:16,2,860,810,3,1,4290
29/12/2022 20:12:32,2,860,810,3,1,4290
29/12/2022 20:12:48,2,860,810,3,1,4290
29/12/2022 20:13:04,2,860,810,3,1,4290
29/12/2022 20:13:20,2,380,810,3,1,4290
29/12/2022 20:13:36,2,380,810,3,1,4290
29/12/2022 20:13:52,2,380,810,3,1,4290
29/12/2022 20:14:08,2,380,810,3,1,4290
29/12/2022 20:14:24,2,380,810,3,1,4290
29/12/2022 20:14:40,2,380,810,3,1,4290
29/12/2022 20:14:56,2,380,810,3,1,4290
29/12/2022 20:15:12,2,390,810,3,1,4290
29/12/2022 20:15:28,2,390,810,3,1,4290
29/12/2022 20:15:44,2,390,810,3,1,4290
29/12/2022 20:16:00,2,390,810,3,1,4300
29/12/2022 20:16:16,2,390,810,3,1,4300
29/12/2022 20:16:32,2,400,810,3,2,540
29/12/2022 20:16:48,2,400,810,3,2,540
29/12/2022 20:17:04,2,400,810,3,1,4340
29/12/2022 20:17:20,2,890,810,3,1,4340
29/12/2022 20:17:36,2,890,810,3,1,4340
29/12/2022 20:17:52,2,400,810,3,2,430
29/12/2022 20:18:08,2,400,810,3,2,430
29/12/2022 20:18:24,2,400,810,3,2,430
29/12/2022 20:18:40,2,720,810,3,2,430
29/12/2022 20:18:56,2,720,810,3,2,620
29/12/2022 20:19:12,2,720,810,3,2,620
29/12/2022 20:19:28,2,870,810,3,1,4370
29/12/2022 20:19:44,2,880,810,3,1,4370
29/12/2022 20:20:00,2,880,810,3,1,4370
29/12/2022 20:20:16,2,490,810,3,3,420
29/12/2022 20:20:32,2,490,810,3,3,420
29/12/2022 20:20:48,2,490,810,3,2,420
29/12/2022 20:21:04,2,490,810,3,2,420
29/12/2022 20:21:20,2,490,810,3,2,420
29/12/2022 20:21:36,2,490,810,3,2,420
29/12/2022 20:21:52,2,490,810,3,2,540
29/12/2022 20:22:08,2,490,810,3,2,540
29/12/2022 20:22:24,2,490,810,3,2,540
29/12/2022 20:22:40,2,490,810,3,2,440
29/12/2022 20:22:56,2,490,810,3,2,440
29/12/2022 20:23:12,2,490,810,3,2,420
29/12/2022 20:23:28,2,490,810,3,2,420
29/12/2022 20:23:44,2,490,810,3,2,430
29/12/2022 20:24:00,2,500,810,3,2,430
29/12/2022 20:24:16,2,500,810,3,2,430
29/12/2022 20:24:32,2,500,810,3,2,430
29/12/2022 20:24:48,2,500,810,3,2,430
29/12/2022 20:25:04,2,500,810,3,1,430
29/12/2022 20:25:20,2,500,810,3,1,430
29/12/2022 20:25:36,2,500,810,3,3,420
29/12/2022 20:25:52,2,500,810,3,3,420
29/12/2022 20:26:08,2,500,810,3,3,450
29/12/2022 20:26:24,2,500,810,3,3,450
29/12/2022 20:26:40,2,850,810,3,2,4310
29/12/2022 20:26:56,2,850,810,3,2,4310
29/12/2022 20:27:12,2,850,810,3,2,4310
29/12/2022 20:27:28,2,850,810,3,1,4310
29/12/2022 20:27:44,2,850,810,3,1,4310
29/12/2022 20:28:00,2,490,810,3,3,460
29/12/2022 20:28:16,2,490,810,3,3,460
29/12/2022 20:28:32,2,490,810,3,2,440
29/12/2022 20:28:48,2,490,810,3,2,440
29/12/2022 20:29:04,2,490,810,3,1,460
29/12/2022 20:29:20,2,490,810,3,1,460
29/12/2022 20:29:36,2,490,810,3,1,460
29/12/2022 20:29:52,2,490,810,3,3,590
29/12/2022 20:30:08,2,490,810,3,3,590
29/12/2022 20:30:24,2,490,810,3,2,530
29/12/2022 20:30:40,2,490,810,3,2,530
29/12/2022 20:30:56,2,850,810,3,1,4830
29/12/2022 20:31:12,2,840,810,3,1,4830
29/12/2022 20:31:28,2,490,810,3,3,430
29/12/2022 20:31:44,2,490,810,3,3,430
29/12/2022 20:32:00,2,490,810,3,3,430
29/12/2022 20:32:16,2,480,810,3,3,420
29/12/2022 20:32:32,2,480,810,3,3,420
29/12/2022 20:32:48,2,840,810,3,2,4390
29/12/2022 20:33:04,2,840,810,3,2,4390
29/12/2022 20:33:20,2,470,810,3,3,510
29/12/2022 20:33:36,2,470,810,3,3,510
29/12/2022 20:33:52,2,470,810,3,3,440
29/12/2022 20:34:08,2,470,810,3,3,440
29/12/2022 20:34:24,2,470,810,3,3,440
29/12/2022 20:34:40,2,470,810,3,2,620
29/12/2022 20:34:56,2,470,810,3,2,620
29/12/2022 20:35:12,2,470,810,3,2,450
29/12/2022 20:35:28,2,450,810,3,2,450
29/12/2022 20:35:44,2,450,810,3,2,440
29/12/2022 20:36:00,2,450,810,3,2,440
29/12/2022 20:36:16,2,450,810,3,3,410
29/12/2022 20:36:32,2,450,810,3,3,410
29/12/2022 20:36:48,2,450,810,3,3,410
29/12/2022 20:37:04,2,450,810,3,2,400
29/12/2022 20:37:20,2,450,810,3,2,400
29/12/2022 20:37:36,2,450,810,3,1,400
29/12/2022 20:37:52,2,450,810,3,1,400
29/12/2022 20:38:08,2,450,810,3,2,720
29/12/2022 20:38:24,2,450,810,3,2,720
29/12/2022 20:38:40,2,450,810,3,2,710
29/12/2022 20:38:56,2,450,810,3,2,710
29/12/2022 20:39:12,2,450,810,3,2,710
29/12/2022 20:39:28,2,450,810,3,3,380
29/12/2022 20:39:44,2,450,810,3,3,380
29/12/2022 20:40:00,2,450,810,3,3,420
29/12/2022 20:40:16,2,470,810,3,3,420
29/12/2022 20:40:32,2,470,810,3,3,390
29/12/2022 20:40:48,2,480,810,3,3,390
29/12/2022 20:41:04,2,480,810,3,3,420
29/12/2022 20:41:20,2,480,810,3,3,420
29/12/2022 20:41:36,2,480,810,3,3,420
29/12/2022 20:41:52,2,480,810,3,2,400
29/12/2022 20:42:08,2,480,810,3,2,400
29/12/2022 20:42:24,2,480,810,3,2,400
29/12/2022 20:42:40,2,480,810,3,2,400
29/12/2022 20:42:56,2,490,810,3,1,400
29/12/2022 20:43:12,2,490,810,3,1,400
29/12/2022 20:43:28,2,490,810,3,2,400
29/12/2022 20:43:44,2,490,810,3,2,400
29/12/2022 20:44:00,2,490,810,3,2,400
29/12/2022 20:44:16,2,490,810,3,3,490
29/12/2022 20:44:32,2,490,810,3,3,490
29/12/2022 20:44:48,2,490,810,3,3,400
29/12/2022 20:45:04,2,490,810,3,3,400
29/12/2022 20:45:20,2,490,810,3,2,400
29/12/2022 20:45:36,2,490,810,3,2,400
29/12/2022 20:45:52,2,490,810,3,2,420
29/12/2022 20:46:08,2,490,810,3,2,420
29/12/2022 20:46:24,2,490,810,3,2,420
29/12/2022 20:46:40,2,490,810,3,2,400
29/12/2022 20:46:56,2,500,810,3,2,400
29/12/2022 20:47:12,2,500,810,3,2,680
29/12/2022 20:47:28,2,500,810,3,2,680
29/12/2022 20:47:44,2,500,810,3,3,420
29/12/2022 20:48:00,2,490,810,3,3,420
29/12/2022 20:48:16,2,490,810,3,3,400
29/12/2022 20:48:32,2,490,810,3,3,400
29/12/2022 20:48:48,2,490,810,3,3,400
29/12/2022 20:49:04,2,500,810,3,2,400
29/12/2022 20:49:20,2,500,810,3,2,400
29/12/2022 20:49:36,2,500,810,3,2,710
29/12/2022 20:49:52,2,500,810,3,2,710
29/12/2022 20:50:08,2,500,810,3,2,700
29/12/2022 20:50:24,2,500,810,3,2,700
29/12/2022 20:50:40,2,500,810,3,2,410
29/12/2022 20:50:56,2,480,810,3,2,410
29/12/2022 20:51:12,2,480,810,3,2,410
29/12/2022 20:51:28,2,480,810,3,1,640
29/12/2022 20:51:44,2,480,810,3,1,640
29/12/2022 20:52:00,2,480,810,3,2,660
29/12/2022 20:52:16,2,480,810,3,2,660
29/12/2022 20:52:32,2,470,810,3,1,510
29/12/2022 20:52:48,2,750,810,3,1,510
29/12/2022 20:53:04,2,750,810,3,1,520
29/12/2022 20:53:20,2,750,810,3,1,520
29/12/2022 20:53:36,2,750,810,3,1,520
29/12/2022 20:53:52,2,750,810,3,1,670
29/12/2022 20:54:08,2,750,810,3,1,670
29/12/2022 20:54:24,2,750,810,3,1,660
29/12/2022 20:54:40,2,750,810,3,1,660
29/12/2022 20:54:56,2,750,810,3,1,660
29/12/2022 20:55:12,2,740,810,3,1,660
29/12/2022 20:55:28,2,750,810,3,2,410
29/12/2022 20:55:44,2,750,810,3,2,410
29/12/2022 20:56:00,2,750,810,3,2,410
29/12/2022 20:56:16,2,500,810,3,1,680
29/12/2022 20:56:32,2,490,810,3,1,680
29/12/2022 20:56:48,2,490,810,3,2,620
29/12/2022 20:57:04,2,490,810,3,2,620
29/12/2022 20:57:20,2,480,810,3,2,680
29/12/2022 20:57:36,2,480,810,3,2,680
29/12/2022 20:57:52,2,480,810,3,3,390
29/12/2022 20:58:08,2,480,810,3,3,390
29/12/2022 20:58:24,2,480,810,3,3,390
29/12/2022 20:58:40,2,480,810,3,2,690
29/12/2022 20:58:56,2,480,810,3,2,690
29/12/2022 20:59:12,2,480,810,3,2,650
29/12/2022 20:59:28,2,480,810,3,2,650
29/12/2022 20:59:44,2,480,810,3,3,450
29/12/2022 21:00:00,-999,480,-999,3,3,450
29/12/2022 21:00:16,-999,470,-999,3,3,430
29/12/2022 21:00:32,-999,470,-999,3,3,430
29/12/2022 21:00:48,-999,470,-999,3,3,430
29/12/2022 21:01:04,-999,470,-999,3,3,360
29/12/2022 21:01:20,-999,460,-999,3,3,360
29/12/2022 21:01:36,-999,460,-999,3,2,390
29/12/2022 21:01:52,-999,460,-999,3,2,390
29/12/2022 21:02:08,-999,460,-999,3,1,390
29/12/2022 21:02:24,-999,470,-999,3,1,390
29/12/2022 21:02:40,-999,470,-999,3,3,390
29/12/2022 21:02:56,-999,470,-999,3,3,390
29/12/2022 21:03:12,-999,470,-999,3,3,390
29/12/2022 21:03:28,-999,450,-999,3,3,390
29/12/2022 21:03:44,-999,450,-999,3,3,390
29/12/2022 21:04:00,-999,450,-999,3,3,420
29/12/2022 21:04:16,-999,450,-999,3,3,420
29/12/2022 21:04:32,-999,450,-999,3,2,680
29/12/2022 21:04:48,-999,450,-999,3,2,680
29/12/2022 21:05:04,-999,450,-999,3,3,390
29/12/2022 21:05:20,-999,450,-999,3,3,390
29/12/2022 21:05:36,-999,450,-999,3,3,390
29/12/2022 21:05:52,-999,440,-999,3,2,670
29/12/2022 21:06:08,-999,440,-999,3,2,670
29/12/2022 21:06:24,-999,440,-999,3,2,610
29/12/2022 21:06:40,-999,440,-999,3,2,610
29/12/2022 21:06:56,-999,440,-999,3,3,420
29/12/2022 21:07:12,-999,440,-999,3,3,420
29/12/2022 21:07:28,-999,440,-999,3,3,500
29/12/2022 21:07:44,-999,440,-999,3,3,500
29/12/2022 21:08:00,-999,440,-999,3,3,500
29/12/2022 21:08:16,-999,420,-999,3,2,720
29/12/2022 21:08:32,-999,420,-999,3,2,720
29/12/2022 21:08:48,-999,420,-999,3,3,360
29/12/2022 21:09:04,-999,420,-999,3,3,360
29/12/2022 21:09:20,-999,420,-999,3,2,430
29/12/2022 21:09:36,-999,420,-999,3,2,430
29/12/2022 21:09:52,-999,420,-999,3,2,770
29/12/2022 21:10:08,-999,420,-999,3,2,770
29/12/2022 21:10:24,-999,420,-999,3,2,770
29/12/2022 21:10:40,-999,420,-999,3,3,450
29/12/2022 21:10:56,-999,420,-999,3,3,450
29/12/2022 21:11:12,-999,420,-999,3,2,620
29/12/2022 21:11:28,-999,420,-999,3,2,620
29/12/2022 21:11:44,-999,410,-999,3,2,470
29/12/2022 21:12:00,-999,410,-999,3,2,470
29/12/2022 21:12:16,-999,140,-999,3,1,4440
29/12/2022 21:12:32,-999,140,-999,3,1,4440
29/12/2022 21:12:48,-999,140,-999,3,1,4440
29/12/2022 21:13:04,-999,130,-999,3,1,4450
29/12/2022 21:13:20,-999,130,-999,3,1,4450
29/12/2022 21:13:36,-999,120,-999,3,1,4460
29/12/2022 21:13:52,-999,120,-999,3,1,4460
29/12/2022 21:14:08,-999,380,-999,3,2,640
29/12/2022 21:14:24,-999,390,-999,3,2,640
29/12/2022 21:14:40,-999,380,-999,3,2,640
29/12/2022 21:14:56,-999,380,-999,3,2,640
29/12/2022 21:15:12,-999,380,-999,3,2,640
29/12/2022 21:15:28,-999,120,-999,3,1,4450
29/12/2022 21:15:44,-999,120,-999,3,1,4450
29/12/2022 21:16:00,-999,370,-999,3,2,640
29/12/2022 21:16:16,-999,370,-999,3,2,640
29/12/2022 21:16:32,-999,110,-999,3,1,4430
29/12/2022 21:16:48,-999,110,-999,3,1,4430
29/12/2022 21:17:04,-999,110,-999,3,1,4430
29/12/2022 21:17:20,-999,110,-999,3,1,4430
29/12/2022 21:17:36,-999,110,-999,3,1,4430
29/12/2022 21:17:52,-999,110,-999,3,1,4440
29/12/2022 21:18:08,-999,110,-999,3,1,4440
29/12/2022 21:18:24,-999,110,-999,3,1,4430
29/12/2022 21:18:40,-999,110,-999,3,1,4430
29/12/2022 21:18:56,-999,110,-999,3,1,4420
29/12/2022 21:19:12,-999,110,-999,3,1,4420
29/12/2022 21:19:28,-999,110,-999,3,1,4420
29/12/2022 21:19:44,-999,100,-999,3,1,4420
29/12/2022 21:20:00,-999,100,-999,3,1,4420
29/12/2022 21:20:16,-999,100,-999,3,1,4420
29/12/2022 21:20:32,-999,380,-999,3,1,4420
29/12/2022 21:20:48,-999,380,-999,3,1,4410
29/12/2022 21:21:04,-999,380,-999,3,1,4410
29/12/2022 21:21:20,-999,380,-999,3,1,4400
29/12/2022 21:21:36,-999,380,-999,3,1,4400
29/12/2022 21:21:52,-999,380,-999,3,1,4400
29/12/2022 21:22:08,-999,380,-999,3,1,4400
29/12/2022 21:22:24,-999,380,-999,3,1,4400
29/12/2022 21:22:40,-999,380,-999,3,1,4400
29/12/2022 21:22:56,-999,380,-999,3,1,4400
29/12/2022 21:23:12,-999,380,-999,3,1,4400
29/12/2022 21:23:28,-999,380,-999,3,1,4400
29/12/2022 21:23:44,-999,380,-999,3,1,4400
29/12/2022 21:24:00,-999,380,-999,3,1,4400
29/12/2022 21:24:16,-999,380,-999,3,1,4400
29/12/2022 21:24:32,-999,380,-999,3,1,4400
29/12/2022 21:24:48,-999,380,-999,3,1,4400
29/12/2022 21:25:04,-999,380,-999,3,1,4410
29/12/2022 21:25:20,-999,380,-999,3,1,4410
29/12/2022 21:25:36,-999,380,-999,3,1,4400
29/12/2022 21:25:52,-999,380,-999,3,1,4400
29/12/2022 21:26:08,-999,380,-999,3,1,4400
29/12/2022 21:26:24,-999,380,-999,3,1,4400
29/12/2022 21:26:40,-999,380,-999,3,1,4400
29/12/2022 21:26:56,-999,380,-999,3,1,4400
29/12/2022 21:27:12,-999,380,-999,3,1,4400
29/12/2022 21:27:28,-999,380,-999,3,1,4400
29/12/2022 21:27:44,-999,380,-999,3,1,4400
29/12/2022 21:28:00,-999,380,-999,3,1,4390
29/12/2022 21:28:16,-999,380,-999,3,1,4390
29/12/2022 21:28:32,-999,380,-999,3,1,4390
29/12/2022 21:28:48,-999,380,-999,3,1,4390
29/12/2022 21:29:04,-999,380,-999,3,1,4380
29/12/2022 21:29:20,-999,380,-999,3,1,4380
29/12/2022 21:29:36,-999,380,-999,3,1,4380
29/12/2022 21:29:52,-999,380,-999,3,1,4380
29/12/2022 21:30:08,-999,380,-999,3,1,4380
29/12/2022 21:30:24,-999,370,-999,3,1,4380
29/12/2022 21:30:40,-999,370,-999,3,1,4380
29/12/2022 21:30:56,-999,370,-999,3,1,4390
29/12/2022 21:31:12,-999,370,-999,3,1,4390
29/12/2022 21:31:28,-999,370,-999,3,1,4380
29/12/2022 21:31:44,-999,370,-999,3,1,4380
29/12/2022 21:32:00,-999,370,-999,3,1,4380
29/12/2022 21:32:16,-999,370,-999,3,1,4370
29/12/2022 21:32:32,-999,370,-999,3,1,4370
29/12/2022 21:32:48,-999,360,-999,3,1,4370
29/12/2022 21:33:04,-999,360,-999,3,1,4370
29/12/2022 21:33:20,-999,360,-999,3,1,4370
29/12/2022 21:33:36,-999,360,-999,3,1,4370
29/12/2022 21:33:52,-999,360,-999,3,1,4370
29/12/2022 21:34:08,-999,360,-999,3,1,4370
29/12/2022 21:34:24,-999,360,-999,3,1,4370
29/12/2022 21:34:40,-999,360,-999,3,1,4370
29/12/2022 21:34:56,-999,350,-999,3,1,4370
29/12/2022 21:35:12,-999,350,-999,3,1,4370
29/12/2022 21:35:28,-999,350,-999,3,1,4370
29/12/2022 21:35:44,-999,350,-999,3,1,4370
29/12/2022 21:36:00,-999,350,-999,3,1,4370
29/12/2022 21:36:16,-999,350,-999,3,1,4370
29/12/2022 21:36:32,-999,350,-999,3,1,4370
29/12/2022 21:36:48,-999,350,-999,3,1,4370
29/12/2022 21:37:04,-999,350,-999,3,1,4370
29/12/2022 21:37:20,-999,350,-999,3,1,4370
29/12/2022 21:37:36,-999,340,-999,3,1,4380
29/12/2022 21:37:52,-999,340,-999,3,1,4380
29/12/2022 21:38:08,-999,340,-999,3,1,4380
29/12/2022 21:38:24,-999,340,-999,3,1,4380
29/12/2022 21:38:40,-999,340,-999,3,1,4380
29/12/2022 21:38:56,-999,340,-999,3,1,4380
29/12/2022 21:39:12,-999,340,-999,3,1,4380
29/12/2022 21:39:28,-999,340,-999,3,1,4380
29/12/2022 21:39:44,-999,340,-999,3,1,4380
29/12/2022 21:40:00,-999,330,-999,3,1,4380
29/12/2022 21:40:16,-999,330,-999,3,1,4380
29/12/2022 21:40:32,-999,330,-999,3,1,4380
29/12/2022 21:40:48,-999,330,-999,3,1,4380
29/12/2022 21:41:04,-999,330,-999,3,1,4380
29/12/2022 21:41:20,-999,330,-999,3,1,4380
29/12/2022 21:41:36,-999,330,-999,3,1,4380
29/12/2022 21:41:52,-999,330,-999,3,1,4380
29/12/2022 21:42:08,-999,330,-999,3,1,4380
29/12/2022 21:42:24,-999,330,-999,3,1,4380
29/12/2022 21:42:40,-999,330,-999,3,1,4380
29/12/2022 21:42:56,-999,330,-999,3,1,4380
29/12/2022 21:43:12,-999,330,-999,3,1,4380
29/12/2022 21:43:28,-999,330,-999,3,1,4380
29/12/2022 21:43:44,-999,330,-999,3,1,4380
29/12/2022 21:44:00,-999,330,-999,3,1,4380
29/12/2022 21:44:16,-999,330,-999,3,1,4380
29/12/2022 21:44:32,-999,330,-999,3,1,4380
29/12/2022 21:44:48,-999,330,-999,3,1,4380
29/12/2022 21:45:04,-999,330,-999,3,1,4380
29/12/2022 21:45:20,-999,330,-999,3,1,4390
29/12/2022 21:45:36,-999,330,-999,3,1,4390
29/12/2022 21:45:52,-999,330,-999,3,1,4390
29/12/2022 21:46:08,-999,330,-999,3,1,4390
29/12/2022 21:46:24,-999,330,-999,3,1,4390
29/12/2022 21:46:40,-999,330,-999,3,1,4390
29/12/2022 21:46:56,-999,330,-999,3,1,4390
29/12/2022 21:47:12,-999,100,-999,3,1,4390
29/12/2022 21:47:28,-999,90,-999,3,1,4390
29/12/2022 21:47:44,-999,90,-999,3,1,4400
29/12/2022 21:48:00,-999,90,-999,3,1,4400
29/12/2022 21:48:16,-999,90,-999,3,1,4390
29/12/2022 21:48:32,-999,90,-999,3,1,4390
29/12/2022 21:48:48,-999,90,-999,3,1,4390
29/12/2022 21:49:04,-999,90,-999,3,1,4390
29/12/2022 21:49:20,-999,90,-999,3,1,4390
29/12/2022 21:49:36,-999,90,-999,3,1,4390
29/12/2022 21:49:52,-999,90,-999,3,1,4390
29/12/2022 21:50:08,-999,90,-999,3,1,4390
29/12/2022 21:50:24,-999,90,-999,3,1,4390
29/12/2022 21:50:40,-999,90,-999,3,1,4400
29/12/2022 21:50:56,-999,90,-999,3,1,4400
29/12/2022 21:51:12,-999,90,-999,3,1,4400
29/12/2022 21:51:28,-999,90,-999,3,1,4400
29/12/2022 21:51:44,-999,90,-999,3,1,4400
29/12/2022 21:52:00,-999,90,-999,3,1,4400
29/12/2022 21:52:16,-999,80,-999,3,1,4400
29/12/2022 21:52:32,-999,80,-999,3,1,4390
29/12/2022 21:52:48,-999,80,-999,3,1,4390
29/12/2022 21:53:04,-999,80,-999,3,1,4400
29/12/2022 21:53:20,-999,80,-999,3,1,4400
29/12/2022 21:53:36,-999,80,-999,3,1,4400
29/12/2022 21:53:52,-999,70,-999,3,1,4400
29/12/2022 21:54:08,-999,70,-999,3,1,4400
29/12/2022 21:54:24,-999,70,-999,3,1,4400
29/12/2022 21:54:40,-999,70,-999,3,1,4400
29/12/2022 21:54:56,-999,70,-999,3,1,4400
29/12/2022 21:55:12,-999,60,-999,3,1,4400
29/12/2022 21:55:28,-999,60,-999,3,1,4400
29/12/2022 21:55:44,-999,60,-999,3,1,4400
29/12/2022 21:56:00,-999,60,-999,3,1,4400
29/12/2022 21:56:16,-999,310,-999,3,1,4400
29/12/2022 21:56:32,-999,310,-999,3,1,4400
29/12/2022 21:56:48,-999,310,-999,3,1,4400
29/12/2022 21:57:04,-999,310,-999,3,1,4400
29/12/2022 21:57:20,-999,310,-999,3,1,4390
29/12/2022 21:57:36,-999,310,-999,3,1,4390
29/12/2022 21:57:52,-999,310,-999,3,1,4390
29/12/2022 21:58:08,-999,310,-999,3,1,4390
29/12/2022 21:58:24,-999,310,-999,3,1,4390
29/12/2022 21:58:40,-999,310,-999,3,1,4430
29/12/2022 21:58:56,-999,310,-999,3,1,4430
29/12/2022 21:59:12,-999,310,-999,3,1,4430
29/12/2022 21:59:28,-999,310,-999,3,1,4430
29/12/2022 21:59:44,-999,310,-999,3,1,4430
29/12/2022 22:00:00,1,310,370,3,1,4430
29/12/2022 22:00:16,1,310,370,3,1,4420
29/12/2022 22:00:32,1,310,370,3,1,4420
29/12/2022 22:00:48,1,310,370,3,1,4420
29/12/2022 22:01:04,1,310,370,3,1,4400
29/12/2022 22:01:20,1,310,370,3,1,4400
29/12/2022 22:01:36,1,310,370,3,1,4400
29/12/2022 22:01:52,1,310,370,3,1,4400
29/12/2022 22:02:08,1,310,370,3,1,4410
29/12/2022 22:02:24,1,310,370,3,1,4410
29/12/2022 22:02:40,1,310,370,3,1,4410
29/12/2022 22:02:56,1,310,370,3,1,4410
29/12/2022 22:03:12,1,310,370,3,1,4410
29/12/2022 22:03:28,1,310,370,3,1,4410
29/12/2022 22:03:44,1,320,370,3,1,4410
29/12/2022 22:04:00,1,320,370,3,1,4410
29/12/2022 22:04:16,1,320,370,3,1,4410
29/12/2022 22:04:32,1,320,370,3,1,4410
29/12/2022 22:04:48,1,320,370,3,1,4410
29/12/2022 22:05:04,1,320,370,3,1,4420
29/12/2022 22:05:20,1,320,370,3,1,4420
29/12/2022 22:05:36,1,320,370,3,1,4420
29/12/2022 22:05:52,1,330,370,3,1,4420
29/12/2022 22:06:08,1,330,370,3,1,4420
29/12/2022 22:06:24,1,330,370,3,1,4420
29/12/2022 22:06:40,1,330,370,3,1,4420
29/12/2022 22:06:56,1,330,370,3,1,4420
29/12/2022 22:07:12,1,330,370,3,1,4420
29/12/2022 22:07:28,1,340,370,3,1,4420
29/12/2022 22:07:44,1,340,370,3,1,4420
29/12/2022 22:08:00,1,340,370,3,1,4420
29/12/2022 22:08:16,1,340,370,3,1,4420
29/12/2022 22:08:32,1,340,370,3,1,4420
29/12/2022 22:08:48,1,340,370,3,1,4430
29/12/2022 22:09:04,1,340,370,3,1,4430
29/12/2022 22:09:20,1,340,370,3,1,4430
29/12/2022 22:09:36,1,340,370,3,1,4430
29/12/2022 22:09:52,1,340,370,3,1,4440
29/12/2022 22:10:08,1,340,370,3,1,4440
29/12/2022 22:10:24,1,340,370,3,1,4440
29/12/2022 22:10:40,1,340,370,3,1,4430
29/12/2022 22:10:56,1,340,370,3,1,4430
29/12/2022 22:11:12,1,330,370,3,1,4430
29/12/2022 22:11:28,1,330,370,3,1,4430
29/12/2022 22:11:44,1,330,370,3,1,4430
29/12/2022 22:12:00,1,330,370,3,1,4430
29/12/2022 22:12:16,1,330,370,3,1,4440
29/12/2022 22:12:32,1,330,370,3,1,4440
29/12/2022 22:12:48,1,330,370,3,1,4440
29/12/2022 22:13:04,1,330,370,3,1,4450
29/12/2022 22:13:20,1,330,370,3,1,4450
29/12/2022 22:13:36,1,330,370,3,1,4470
29/12/2022 22:13:52,1,330,370,3,1,4470
29/12/2022 22:14:08,1,330,370,3,1,4460
29/12/2022 22:14:24,1,330,370,3,1,4460
29/12/2022 22:14:40,1,330,370,3,1,4480
29/12/2022 22:14:56,1,330,370,3,1,4480
29/12/2022 22:15:12,1,330,370,3,1,4480
29/12/2022 22:15:28,1,330,370,3,1,4500
29/12/2022 22:15:44,1,330,370,3,1,4500
29/12/2022 22:16:00,1,330,370,3,1,4520
29/12/2022 22:16:16,1,330,370,3,1,4520
29/12/2022 22:16:32,1,330,370,3,1,4530
29/12/2022 22:16:48,1,330,370,3,1,4530
29/12/2022 22:17:04,1,330,370,3,1,4530
29/12/2022 22:17:20,1,320,370,3,1,4530
29/12/2022 22:17:36,1,320,370,3,1,4530
29/12/2022 22:17:52,1,320,370,3,1,4550
29/12/2022 22:18:08,1,320,370,3,1,4550
29/12/2022 22:18:24,1,320,370,3,1,4570
29/12/2022 22:18:40,1,320,370,3,1,4570
29/12/2022 22:18:56,1,320,370,3,1,4570
29/12/2022 22:19:12,1,310,370,3,1,4570
29/12/2022 22:19:28,1,310,370,3,1,4520
29/12/2022 22:19:44,1,310,370,3,1,4520
29/12/2022 22:20:00,1,300,370,3,1,4520
29/12/2022 22:20:16,1,300,370,3,1,4510
29/12/2022 22:20:32,1,300,370,3,1,4510
29/12/2022 22:20:48,1,300,370,3,1,4500
29/12/2022 22:21:04,1,290,370,3,1,4500
29/12/2022 22:21:20,1,290,370,3,1,4460
29/12/2022 22:21:36,1,290,370,3,1,4460
29/12/2022 22:21:52,1,290,370,3,1,4470
29/12/2022 22:22:08,1,290,370,3,1,4470
29/12/2022 22:22:24,1,290,370,3,1,4470
29/12/2022 22:22:40,1,290,370,3,1,4450
29/12/2022 22:22:56,1,290,370,3,1,4450
29/12/2022 22:23:12,1,290,370,3,1,4450
29/12/2022 22:23:28,1,290,370,3,1,4450
29/12/2022 22:23:44,1,290,370,3,1,4430
29/12/2022 22:24:00,1,290,370,3,1,4430
29/12/2022 22:24:16,1,290,370,3,1,4430
29/12/2022 22:24:32,1,290,370,3,1,4430
29/12/2022 22:24:48,1,290,370,3,1,4430
29/12/2022 22:25:04,1,290,370,3,2,4400
29/12/2022 22:25:20,1,290,370,3,2,4400
29/12/2022 22:25:36,1,290,370,3,1,4370
29/12/2022 22:25:52,1,290,370,3,1,4370
29/12/2022 22:26:08,1,290,370,3,2,4410
29/12/2022 22:26:24,1,290,370,3,2,4410
29/12/2022 22:26:40,1,290,370,3,2,4410
29/12/2022 22:26:56,1,290,370,3,2,4410
29/12/2022 22:27:12,1,290,370,3,2,4410
29/12/2022 22:27:28,1,290,370,3,1,4430
29/12/2022 22:27:44,1,290,370,3,1,4430
29/12/2022 22:28:00,1,290,370,3,2,4380
29/12/2022 22:28:16,1,290,370,3,2,4380
29/12/2022 22:28:32,1,290,370,3,1,4390
29/12/2022 22:28:48,1,290,370,3,1,4390
29/12/2022 22:29:04,1,290,370,3,1,4370
29/12/2022 22:29:20,1,290,370,3,1,4370
29/12/2022 22:29:36,1,290,370,3,1,4370
29/12/2022 22:29:52,1,290,370,3,1,4360
29/12/2022 22:30:08,1,290,370,3,1,4360
29/12/2022 22:30:24,1,290,370,3,2,4370
29/12/2022 22:30:40,1,290,370,3,2,4370
29/12/2022 22:30:56,1,290,370,3,2,4370
29/12/2022 22:31:12,1,290,370,3,2,4370
29/12/2022 22:31:28,1,290,370,3,2,4370
29/12/2022 22:31:44,1,290,370,3,2,4370
29/12/2022 22:32:00,1,290,370,3,2,4370
29/12/2022 22:32:16,1,290,370,3,2,4360
29/12/2022 22:32:32,1,290,370,3,2,4360
29/12/2022 22:32:48,1,290,370,3,2,4370
29/12/2022 22:33:04,1,290,370,3,2,4370
29/12/2022 22:33:20,1,290,370,3,2,4350
29/12/2022 22:33:36,1,290,370,3,2,4350
29/12/2022 22:33:52,1,290,370,3,2,4370
29/12/2022 22:34:08,1,290,370,3,2,4370
29/12/2022 22:34:24,1,290,370,3,2,4370
29/12/2022 22:34:40,1,290,370,3,1,4370
29/12/2022 22:34:56,1,290,370,3,1,4370
29/12/2022 22:35:12,1,290,370,3,2,4370
29/12/2022 22:35:28,1,290,370,3,2,4370
29/12/2022 22:35:44,1,290,370,3,2,4370
29/12/2022 22:36:00,1,290,370,3,2,4370
29/12/2022 22:36:16,1,290,370,3,1,4370
29/12/2022 22:36:32,1,290,370,3,1,4370
29/12/2022 22:36:48,1,290,370,3,1,4370
29/12/2022 22:37:04,1,290,370,3,2,4370
29/12/2022 22:37:20,1,290,370,3,2,4370
29/12/2022 22:37:36,1,290,370,3,1,4390
29/12/2022 22:37:52,1,290,370,3,1,4390
29/12/2022 22:38:08,1,290,370,3,2,4430
29/12/2022 22:38:24,1,290,370,3,2,4430
29/12/2022 22:38:40,1,290,370,3,1,4420
29/12/2022 22:38:56,1,290,370,3,1,4420
29/12/2022 22:39:12,1,290,370,3,1,4420
29/12/2022 22:39:28,1,290,370,3,2,4440
29/12/2022 22:39:44,1,290,370,3,2,4440
29/12/2022 22:40:00,1,290,370,3,2,4390
29/12/2022 22:40:16,1,290,370,3,2,4390
29/12/2022 22:40:32,1,290,370,3,1,4380
29/12/2022 22:40:48,1,290,370,3,1,4380
29/12/2022 22:41:04,1,290,370,3,2,4440
29/12/2022 22:41:20,1,290,370,3,2,4440
29/12/2022 22:41:36,1,290,370,3,2,4440
29/12/2022 22:41:52,1,-999,370,3,2,4510
29/12/2022 22:42:08,1,-999,370,3,2,4510
29/12/2022 22:42:24,1,-999,370,3,2,4570
29/12/2022 22:42:40,1,-999,370,3,2,4570
29/12/2022 22:42:56,1,290,370,3,2,4570
29/12/2022 22:43:12,1,290,370,3,2,4570
29/12/2022 22:43:28,1,290,370,3,2,4560
29/12/2022 22:43:44,1,290,370,3,2,4560
29/12/2022 22:44:00,1,290,370,3,2,4560
29/12/2022 22:44:16,1,290,370,3,2,4540
29/12/2022 22:44:32,1,290,370,3,2,4540
29/12/2022 22:44:48,1,290,370,3,2,4550
29/12/2022 22:45:04,1,290,370,3,2,4550
29/12/2022 22:45:20,1,280,370,3,2,4640
29/12/2022 22:45:36,1,280,370,3,2,4640
29/12/2022 22:45:52,1,280,370,3,2,4640
29/12/2022 22:46:08,1,280,370,3,2,4640
29/12/2022 22:46:24,1,280,370,3,2,4640
29/12/2022 22:46:40,1,280,370,3,2,4680
29/12/2022 22:46:56,1,280,370,3,2,4680
29/12/2022 22:47:12,1,280,370,3,2,4700
29/12/2022 22:47:28,1,280,370,3,2,4700
29/12/2022 22:47:44,1,280,370,3,1,4930
29/12/2022 22:48:00,1,110,370,3,1,4930
29/12/2022 22:48:16,1,110,370,3,1,5030
29/12/2022 22:48:32,1,110,370,3,1,5030
29/12/2022 22:48:48,1,110,370,3,1,5030
29/12/2022 22:49:04,1,110,370,3,1,4960
29/12/2022 22:49:20,1,110,370,3,1,4960
29/12/2022 22:49:36,1,110,370,3,1,5020
29/12/2022 22:49:52,1,110,370,3,1,5020
29/12/2022 22:50:08,1,120,370,3,1,5190
29/12/2022 22:50:24,1,120,370,3,1,5190
29/12/2022 22:50:40,1,120,370,3,1,5240
29/12/2022 22:50:56,1,120,370,3,1,5240
29/12/2022 22:51:12,1,120,370,3,1,5240
29/12/2022 22:51:28,1,120,370,3,1,5120
29/12/2022 22:51:44,1,120,370,3,1,5120
29/12/2022 22:52:00,1,120,370,3,1,5340
29/12/2022 22:52:16,1,120,370,3,1,5340
29/12/2022 22:52:32,1,120,370,3,1,5120
29/12/2022 22:52:48,1,120,370,3,1,5120
29/12/2022 22:53:04,1,10,370,3,1,5240
29/12/2022 22:53:20,1,120,370,3,1,5240
29/12/2022 22:53:36,1,120,370,3,1,5240
29/12/2022 22:53:52,1,120,370,3,1,5240
29/12/2022 22:54:08,1,120,370,3,1,5240
29/12/2022 22:54:24,1,120,370,3,1,5220
29/12/2022 22:54:40,1,120,370,3,1,5220
29/12/2022 22:54:56,1,120,370,3,1,5310
29/12/2022 22:55:12,1,120,370,3,1,5310
29/12/2022 22:55:28,1,120,370,3,1,5260
29/12/2022 22:55:44,1,120,370,3,1,5260
29/12/2022 22:56:00,1,110,370,3,1,5260
29/12/2022 22:56:16,1,110,370,3,1,5270
29/12/2022 22:56:32,1,110,370,3,1,5270
29/12/2022 22:56:48,1,110,370,3,1,5400
29/12/2022 22:57:04,1,110,370,3,1,5400
29/12/2022 22:57:20,1,110,370,3,1,5520
29/12/2022 22:57:36,1,110,370,3,1,5520
29/12/2022 22:57:52,1,110,370,3,1,5620
29/12/2022 22:58:08,1,110,370,3,1,5620
29/12/2022 22:58:24,1,110,370,3,1,5620
29/12/2022 22:58:40,1,110,370,3,1,5450
29/12/2022 22:58:56,1,110,370,3,1,5450
29/12/2022 22:59:12,1,110,370,3,1,5440
29/12/2022 22:59:28,1,110,370,3,1,5440
29/12/2022 22:59:44,1,110,370,3,2,4700
29/12/2022 23:00:00,2,110,290,3,2,4700
29/12/2022 23:00:16,2,110,290,3,2,4700
29/12/2022 23:00:32,2,110,290,3,1,5600
29/12/2022 23:00:48,2,110,290,3,1,5600
29/12/2022 23:01:04,2,110,290,3,2,5520
29/12/2022 23:01:20,2,110,290,3,2,5520
29/12/2022 23:01:36,2,110,290,3,2,5080
29/12/2022 23:01:52,2,110,290,3,2,5080
29/12/2022 23:02:08,2,110,290,3,1,5070
29/12/2022 23:02:24,2,100,290,3,1,5070
29/12/2022 23:02:40,2,100,290,3,1,5080
29/12/2022 23:02:56,2,100,290,3,1,5080
29/12/2022 23:03:12,2,100,290,3,1,5080
29/12/2022 23:03:28,2,100,290,3,1,5100
29/12/2022 23:03:44,2,100,290,3,1,5100
29/12/2022 23:04:00,2,100,290,3,1,5090
29/12/2022 23:04:16,2,100,290,3,1,5090
29/12/2022 23:04:32,2,100,290,3,1,5120
29/12/2022 23:04:48,2,100,290,3,1,5120
29/12/2022 23:05:04,2,100,290,3,1,5120
29/12/2022 23:05:20,2,100,290,3,1,5120
29/12/2022 23:05:36,2,100,290,3,1,5120
29/12/2022 23:05:52,2,100,290,3,1,5120
29/12/2022 23:06:08,2,100,290,3,1,5120
29/12/2022 23:06:24,2,100,290,3,1,5100
29/12/2022 23:06:40,2,100,290,3,1,5100
29/12/2022 23:06:56,2,100,290,3,1,5090
29/12/2022 23:07:12,2,100,290,3,1,5090
29/12/2022 23:07:28,2,100,290,3,1,5100
29/12/2022 23:07:44,2,100,290,3,1,5100
29/12/2022 23:08:00,2,100,290,3,1,5100
29/12/2022 23:08:16,2,100,290,3,1,5110
29/12/2022 23:08:32,2,100,290,3,1,5110
29/12/2022 23:08:48,2,100,290,3,1,5110
29/12/2022 23:09:04,2,100,290,3,1,5110
29/12/2022 23:09:20,2,100,290,3,1,5190
29/12/2022 23:09:36,2,100,290,3,1,5190
29/12/2022 23:09:52,2,100,290,3,1,5190
29/12/2022 23:10:08,2,100,290,3,1,5190
29/12/2022 23:10:24,2,100,290,3,1,5190
29/12/2022 23:10:40,2,100,290,3,1,5220
29/12/2022 23:10:56,2,100,290,3,1,5220
29/12/2022 23:11:12,2,520,290,3,2,3520
29/12/2022 23:11:28,2,520,290,3,2,3520
29/12/2022 23:11:44,2,520,290,3,1,3520
29/12/2022 23:12:00,2,520,290,3,1,3520
29/12/2022 23:12:16,2,530,290,3,1,3510
29/12/2022 23:12:32,2,530,290,3,1,3510
29/12/2022 23:12:48,2,530,290,3,1,3510
29/12/2022 23:13:04,2,110,290,3,1,5200
29/12/2022 23:13:20,2,110,290,3,1,5200
29/12/2022 23:13:36,2,110,290,3,1,5190
29/12/2022 23:13:52,2,110,290,3,1,5190
29/12/2022 23:14:08,2,110,290,3,1,5190
29/12/2022 23:14:24,2,110,290,3,1,5190
29/12/2022 23:14:40,2,110,290,3,1,5130
29/12/2022 23:14:56,2,120,290,3,1,5130
29/12/2022 23:15:12,2,120,290,3,1,5130
29/12/2022 23:15:28,2,120,290,3,1,5120
29/12/2022 23:15:44,2,120,290,3,1,5120
29/12/2022 23:16:00,2,120,290,3,1,5120
29/12/2022 23:16:16,2,120,290,3,1,5120
29/12/2022 23:16:32,2,120,290,3,3,5120
29/12/2022 23:16:48,2,120,290,3,3,5120
29/12/2022 23:17:04,2,120,290,3,1,5440
29/12/2022 23:17:20,2,120,290,3,1,5440
29/12/2022 23:17:36,2,120,290,3,1,5440
29/12/2022 23:17:52,2,120,290,3,2,5440
29/12/2022 23:18:08,2,130,290,3,2,5440
29/12/2022 23:18:24,2,130,290,3,2,5420
29/12/2022 23:18:40,2,130,290,3,2,5420
29/12/2022 23:18:56,2,130,290,3,2,5420
29/12/2022 23:19:12,2,130,290,3,2,5420
29/12/2022 23:19:28,2,550,290,3,3,3520
29/12/2022 23:19:44,2,550,290,3,3,3520
29/12/2022 23:20:00,2,550,290,3,3,3520
29/12/2022 23:20:16,2,550,290,3,3,1190
29/12/2022 23:20:32,2,550,290,3,3,1190
29/12/2022 23:20:48,2,550,290,3,3,1190
29/12/2022 23:21:04,2,550,290,3,3,1190
29/12/2022 23:21:20,2,550,290,3,3,1170
29/12/2022 23:21:36,2,560,290,3,3,1170
29/12/2022 23:21:52,2,560,290,3,3,1140
29/12/2022 23:22:08,2,560,290,3,3,1140
29/12/2022 23:22:24,2,560,290,3,3,1140
29/12/2022 23:22:40,2,560,290,3,2,1160
29/12/2022 23:22:56,2,560,290,3,2,1160
29/12/2022 23:23:12,2,560,290,3,2,1150
29/12/2022 23:23:28,2,560,290,3,2,1150
29/12/2022 23:23:44,2,560,290,3,2,1140
29/12/2022 23:24:00,2,560,290,3,2,1140
29/12/2022 23:24:16,2,570,290,3,1,1130
29/12/2022 23:24:32,2,570,290,3,1,1130
29/12/2022 23:24:48,2,570,290,3,1,1130
29/12/2022 23:25:04,2,570,290,3,1,1060
29/12/2022 23:25:20,2,570,290,3,1,1060
29/12/2022 23:25:36,2,570,290,3,1,1050
29/12/2022 23:25:52,2,570,290,3,1,1050
29/12/2022 23:26:08,2,580,290,3,1,1080
29/12/2022 23:26:24,2,580,290,3,1,1080
29/12/2022 23:26:40,2,390,290,3,1,1130
29/12/2022 23:26:56,2,390,290,3,1,1130
29/12/2022 23:27:12,2,390,290,3,1,1130
29/12/2022 23:27:28,2,390,290,3,1,1220
29/12/2022 23:27:44,2,390,290,3,1,1220
29/12/2022 23:28:00,2,390,290,3,1,1210
29/12/2022 23:28:16,2,390,290,3,1,1210
29/12/2022 23:28:32,2,390,290,3,1,1200
29/12/2022 23:28:48,2,390,290,3,1,1200
29/12/2022 23:29:04,2,390,290,3,1,1220
29/12/2022 23:29:20,2,390,290,3,1,1220
29/12/2022 23:29:36,2,380,290,3,1,1220
29/12/2022 23:29:52,2,380,290,3,1,1310
29/12/2022 23:30:08,2,380,290,3,1,1310
29/12/2022 23:30:24,2,380,290,3,1,1180
29/12/2022 23:30:40,2,380,290,3,1,1180
29/12/2022 23:30:56,2,380,290,3,1,1200
29/12/2022 23:31:12,2,380,290,3,1,1200
29/12/2022 23:31:28,2,380,290,3,1,1280
29/12/2022 23:31:44,2,380,290,3,1,1280
29/12/2022 23:32:00,2,380,290,3,1,1280
29/12/2022 23:32:16,2,400,290,3,1,1180
29/12/2022 23:32:32,2,420,290,3,1,1180
29/12/2022 23:32:48,2,430,290,3,2,950
29/12/2022 23:33:04,2,430,290,3,2,950
29/12/2022 23:33:20,2,430,290,3,1,890
29/12/2022 23:33:36,2,430,290,3,1,890
29/12/2022 23:33:52,2,430,290,3,3,910
29/12/2022 23:34:08,2,430,290,3,3,910
29/12/2022 23:34:24,2,430,290,3,3,910
29/12/2022 23:34:40,2,430,290,3,3,920
29/12/2022 23:34:56,2,430,290,3,3,920
29/12/2022 23:35:12,2,430,290,3,1,890
29/12/2022 23:35:28,2,430,290,3,1,890
29/12/2022 23:35:44,2,430,290,3,1,860
29/12/2022 23:36:00,2,430,290,3,1,860
29/12/2022 23:36:16,2,430,290,3,1,850
29/12/2022 23:36:32,2,430,290,3,1,850
29/12/2022 23:36:48,2,430,290,3,1,850
29/12/2022 23:37:04,2,430,290,3,2,880
29/12/2022 23:37:20,2,430,290,3,2,880
29/12/2022 23:37:36,2,430,290,3,1,890
29/12/2022 23:37:52,2,430,290,3,1,890
29/12/2022 23:38:08,2,430,290,3,2,400
29/12/2022 23:38:24,2,430,290,3,2,400
29/12/2022 23:38:40,2,430,290,3,1,820
29/12/2022 23:38:56,2,430,290,3,1,820
29/12/2022 23:39:12,2,430,290,3,1,820
29/12/2022 23:39:28,2,430,290,3,1,810
29/12/2022 23:39:44,2,430,290,3,1,810
29/12/2022 23:40:00,2,430,290,3,1,810
29/12/2022 23:40:16,2,430,290,3,1,810
29/12/2022 23:40:32,2,430,290,3,1,820
29/12/2022 23:40:48,2,430,290,3,1,820
29/12/2022 23:41:04,2,430,290,3,2,800
29/12/2022 23:41:20,2,430,290,3,2,800
29/12/2022 23:41:36,2,430,290,3,2,800
29/12/2022 23:41:52,2,430,290,3,2,1160
29/12/2022 23:42:08,2,430,290,3,2,1160
29/12/2022 23:42:24,2,430,290,3,2,1290
29/12/2022 23:42:40,2,430,290,3,2,1290
29/12/2022 23:42:56,2,430,290,3,3,920
29/12/2022 23:43:12,2,430,290,3,3,920
29/12/2022 23:43:28,2,430,290,3,3,910
29/12/2022 23:43:44,2,430,290,3,3,910
29/12/2022 23:44:00,2,430,290,3,3,910
29/12/2022 23:44:16,2,430,290,3,2,1060
29/12/2022 23:44:32,2,430,290,3,2,1060
29/12/2022 23:44:48,2,430,290,3,3,820
29/12/2022 23:45:04,2,430,290,3,3,820
29/12/2022 23:45:20,2,430,290,3,1,1270
29/12/2022 23:45:36,2,430,290,3,1,1270
29/12/2022 23:45:52,2,430,290,3,3,960
29/12/2022 23:46:08,2,430,290,3,3,960
29/12/2022 23:46:24,2,430,290,3,3,960
29/12/2022 23:46:40,2,430,290,3,3,910
29/12/2022 23:46:56,2,430,290,3,3,910
29/12/2022 23:47:12,2,430,290,3,1,880
29/12/2022 23:47:28,2,430,290,3,1,880
29/12/2022 23:47:44,2,430,290,3,3,920
29/12/2022 23:48:00,2,430,290,3,3,920
29/12/2022 23:48:16,2,430,290,3,2,920
29/12/2022 23:48:32,2,430,290,3,2,920
29/12/2022 23:48:48,2,420,290,3,2,920
29/12/2022 23:49:04,2,420,290,3,1,880
29/12/2022 23:49:20,2,420,290,3,1,880
29/12/2022 23:49:36,2,420,290,3,1,850
29/12/2022 23:49:52,2,420,290,3,1,850
29/12/2022 23:50:08,2,420,290,3,2,800
29/12/2022 23:50:24,2,420,290,3,2,800
29/12/2022 23:50:40,2,420,290,3,1,1140
29/12/2022 23:50:56,2,420,290,3,1,1140
29/12/2022 23:51:12,2,420,290,3,1,1140
29/12/2022 23:51:28,2,420,290,3,3,1170
29/12/2022 23:51:44,2,420,290,3,3,1170
29/12/2022 23:52:00,2,420,290,3,2,1040
29/12/2022 23:52:16,2,420,290,3,2,1040
29/12/2022 23:52:32,2,420,290,3,3,1020
29/12/2022 23:52:48,2,420,290,3,3,1020
29/12/2022 23:53:04,2,420,290,3,1,960
29/12/2022 23:53:20,2,410,290,3,1,960
29/12/2022 23:53:36,2,400,290,3,1,960
29/12/2022 23:53:52,2,400,290,3,1,950
29/12/2022 23:54:08,2,400,290,3,1,950
29/12/2022 23:54:24,2,400,290,3,1,930
29/12/2022 23:54:40,2,400,290,3,1,930
29/12/2022 23:54:56,2,400,290,3,1,960
29/12/2022 23:55:12,2,400,290,3,1,960
29/12/2022 23:55:28,2,400,290,3,1,880
29/12/2022 23:55:44,2,400,290,3,1,880
29/12/2022 23:56:00,2,400,290,3,1,880
29/12/2022 23:56:16,2,400,290,3,1,880
29/12/2022 23:56:32,2,400,290,3,1,880
29/12/2022 23:56:48,2,400,290,3,1,920
29/12/2022 23:57:04,2,400,290,3,1,920
29/12/2022 23:57:20,2,400,290,3,1,820
29/12/2022 23:57:36,2,400,290,3,1,820
29/12/2022 23:57:52,2,400,290,3,2,400
29/12/2022 23:58:08,2,410,290,3,2,400
29/12/2022 23:58:24,2,410,290,3,2,400
29/12/2022 23:58:40,2,430,290,3,2,380
29/12/2022 23:58:56,2,430,290,3,2,380
29/12/2022 23:59:12,2,430,290,3,2,360
29/12/2022 23:59:28,2,430,290,3,2,360
29/12/2022 23:59:44,2,450,290,3,2,770
30/12/2022 00:00:00,1,450,430,3,2,770
30/12/2022 00:00:16,1,450,430,3,1,850
30/12/2022 00:00:32,1,450,430,3,1,850
30/12/2022 00:00:48,1,450,430,3,1,850
30/12/2022 00:01:04,1,450,430,3,2,370
30/12/2022 00:01:20,1,450,430,3,2,370
30/12/2022 00:01:36,1,450,430,3,2,390
30/12/2022 00:01:52,1,450,430,3,2,390
30/12/2022 00:02:08,1,460,430,3,1,370
30/12/2022 00:02:24,1,460,430,3,1,370
30/12/2022 00:02:40,1,460,430,3,1,360
30/12/2022 00:02:56,1,460,430,3,1,360
30/12/2022 00:03:12,1,460,430,3,1,360
30/12/2022 00:03:28,1,460,430,3,2,360
30/12/2022 00:03:44,1,460,430,3,2,360
30/12/2022 00:04:00,1,460,430,3,2,390
30/12/2022 00:04:16,1,460,430,3,2,390
30/12/2022 00:04:32,1,460,430,3,1,380
30/12/2022 00:04:48,1,460,430,3,1,380
30/12/2022 00:05:04,1,460,430,3,1,360
30/12/2022 00:05:20,1,460,430,3,1,360
30/12/2022 00:05:36,1,460,430,3,1,360
30/12/2022 00:05:52,1,460,430,3,2,360
30/12/2022 00:06:08,1,460,430,3,2,360
30/12/2022 00:06:24,1,460,430,3,1,740
30/12/2022 00:06:40,1,460,430,3,1,740
30/12/2022 00:06:56,1,460,430,3,2,400
30/12/2022 00:07:12,1,460,430,3,2,400
30/12/2022 00:07:28,1,460,430,3,1,370
30/12/2022 00:07:44,1,460,430,3,1,370
30/12/2022 00:08:00,1,460,430,3,1,370
30/12/2022 00:08:16,1,460,430,3,1,360
30/12/2022 00:08:32,1,460,430,3,1,360
30/12/2022 00:08:48,1,450,430,3,2,350
30/12/2022 00:09:04,1,450,430,3,2,350
30/12/2022 00:09:20,1,450,430,3,2,360
30/12/2022 00:09:36,1,450,430,3,2,360
30/12/2022 00:09:52,1,450,430,3,2,350
30/12/2022 00:10:08,1,450,430,3,2,350
30/12/2022 00:10:24,1,450,430,3,2,350
30/12/2022 00:10:40,1,450,430,3,1,850
30/12/2022 00:10:56,1,450,430,3,1,850
30/12/2022 00:11:12,1,440,430,3,2,730
30/12/2022 00:11:28,1,440,430,3,2,730
30/12/2022 00:11:44,1,440,430,3,1,870
30/12/2022 00:12:00,1,440,430,3,1,870
30/12/2022 00:12:16,1,440,430,3,1,850
30/12/2022 00:12:32,1,440,430,3,1,850
30/12/2022 00:12:48,1,440,430,3,1,850
30/12/2022 00:13:04,1,440,430,3,1,820
30/12/2022 00:13:20,1,440,430,3,1,820
30/12/2022 00:13:36,1,430,430,3,1,810
30/12/2022 00:13:52,1,430,430,3,1,810
30/12/2022 00:14:08,1,420,430,3,2,800
30/12/2022 00:14:24,1,420,430,3,2,800
30/12/2022 00:14:40,1,430,430,3,2,850
30/12/2022 00:14:56,1,430,430,3,2,850
30/12/2022 00:15:12,1,420,430,3,2,850
30/12/2022 00:15:28,1,420,430,3,2,850
30/12/2022 00:15:44,1,420,430,3,2,850
30/12/2022 00:16:00,1,420,430,3,1,840
30/12/2022 00:16:16,1,420,430,3,1,840
30/12/2022 00:16:32,1,420,430,3,1,790
30/12/2022 00:16:48,1,420,430,3,1,790
30/12/2022 00:17:04,1,420,430,3,1,770
30/12/2022 00:17:20,1,400,430,3,1,770
30/12/2022 00:17:36,1,400,430,3,1,770
30/12/2022 00:17:52,1,400,430,3,1,790
30/12/2022 00:18:08,1,390,430,3,1,790
30/12/2022 00:18:24,1,390,430,3,2,790
30/12/2022 00:18:40,1,390,430,3,2,790
30/12/2022 00:18:56,1,390,430,3,2,750
30/12/2022 00:19:12,1,380,430,3,2,750
30/12/2022 00:19:28,1,380,430,3,1,740
30/12/2022 00:19:44,1,380,430,3,1,740
30/12/2022 00:20:00,1,380,430,3,1,740
30/12/2022 00:20:16,1,380,430,3,2,750
30/12/2022 00:20:32,1,380,430,3,2,750
30/12/2022 00:20:48,1,370,430,3,1,720
30/12/2022 00:21:04,1,370,430,3,1,720
30/12/2022 00:21:20,1,370,430,3,2,720
30/12/2022 00:21:36,1,370,430,3,2,720
30/12/2022 00:21:52,1,370,430,3,3,720
30/12/2022 00:22:08,1,370,430,3,3,720
30/12/2022 00:22:24,1,370,430,3,3,720
30/12/2022 00:22:40,1,370,430,3,3,740
30/12/2022 00:22:56,1,370,430,3,3,740
30/12/2022 00:23:12,1,370,430,3,2,720
30/12/2022 00:23:28,1,370,430,3,2,720
30/12/2022 00:23:44,1,360,430,3,2,710
30/12/2022 00:24:00,1,360,430,3,2,710
30/12/2022 00:24:16,1,360,430,3,3,700
30/12/2022 00:24:32,1,360,430,3,3,700
30/12/2022 00:24:48,1,360,430,3,3,700
30/12/2022 00:25:04,1,360,430,3,3,700
30/12/2022 00:25:20,1,360,430,3,3,700
30/12/2022 00:25:36,1,360,430,3,2,960
30/12/2022 00:25:52,1,360,430,3,2,960
30/12/2022 00:26:08,1,360,430,3,2,940
30/12/2022 00:26:24,1,360,430,3,2,940
30/12/2022 00:26:40,1,360,430,3,3,890
30/12/2022 00:26:56,1,360,430,3,3,890
30/12/2022 00:27:12,1,360,430,3,3,890
30/12/2022 00:27:28,1,360,430,3,3,870
30/12/2022 00:27:44,1,360,430,3,3,870
30/12/2022 00:28:00,1,360,430,3,3,900
30/12/2022 00:28:16,1,360,430,3,3,900
30/12/2022 00:28:32,1,360,430,3,2,880
30/12/2022 00:28:48,1,360,430,3,2,880
30/12/2022 00:29:04,1,350,430,3,1,3840
30/12/2022 00:29:20,1,350,430,3,1,3840
30/12/2022 00:29:36,1,350,430,3,1,3840
30/12/2022 00:29:52,1,350,430,3,2,3900
30/12/2022 00:30:08,1,340,430,3,2,3900
30/12/2022 00:30:24,1,340,430,3,3,870
30/12/2022 00:30:40,1,340,430,3,3,870
30/12/2022 00:30:56,1,340,430,3,3,850
30/12/2022 00:31:12,1,340,430,3,3,850
30/12/2022 00:31:28,1,340,430,3,2,1050
30/12/2022 00:31:44,1,340,430,3,2,1050
30/12/2022 00:32:00,1,340,430,3,2,1050
30/12/2022 00:32:16,1,340,430,3,2,1000
30/12/2022 00:32:32,1,340,430,3,2,1000
30/12/2022 00:32:48,1,340,430,3,1,3480
30/12/2022 00:33:04,1,340,430,3,1,3480
30/12/2022 00:33:20,1,340,430,3,1,3460
30/12/2022 00:33:36,1,340,430,3,1,3460
30/12/2022 00:33:52,1,340,430,3,2,1030
30/12/2022 00:34:08,1,340,430,3,2,1030
30/12/2022 00:34:24,1,340,430,3,2,1030
30/12/2022 00:34:40,1,340,430,3,1,3430
30/12/2022 00:34:56,1,340,430,3,1,3430
30/12/2022 00:35:12,1,710,430,3,1,3460
30/12/2022 00:35:28,1,710,430,3,1,3460
30/12/2022 00:35:44,1,710,430,3,1,3490
30/12/2022 00:36:00,1,710,430,3,1,3490
30/12/2022 00:36:16,1,1010,430,3,1,3490
30/12/2022 00:36:32,1,1010,430,3,1,3490
30/12/2022 00:36:48,1,990,430,3,1,3490
30/12/2022 00:37:04,1,980,430,3,1,3520
30/12/2022 00:37:20,1,970,430,3,1,3520
30/12/2022 00:37:36,1,970,430,3,2,870
30/12/2022 00:37:52,1,960,430,3,2,870
30/12/2022 00:38:08,1,960,430,3,1,3500
30/12/2022 00:38:24,1,960,430,3,1,3500
30/12/2022 00:38:40,1,960,430,3,2,850
30/12/2022 00:38:56,1,950,430,3,2,850
30/12/2022 00:39:12,1,950,430,3,2,850
30/12/2022 00:39:28,1,950,430,3,2,850
30/12/2022 00:39:44,1,950,430,3,2,850
30/12/2022 00:40:00,1,950,430,3,2,850
30/12/2022 00:40:16,1,330,430,3,2,850
30/12/2022 00:40:32,1,330,430,3,2,840
30/12/2022 00:40:48,1,330,430,3,2,840
30/12/2022 00:41:04,1,330,430,3,2,760
30/12/2022 00:41:20,1,330,430,3,2,760
30/12/2022 00:41:36,1,330,430,3,2,760
30/12/2022 00:41:52,1,330,430,3,1,750
30/12/2022 00:42:08,1,340,430,3,1,750
30/12/2022 00:42:24,1,340,430,3,1,750
30/12/2022 00:42:40,1,340,430,3,1,750
30/12/2022 00:42:56,1,340,430,3,1,740
30/12/2022 00:43:12,1,340,430,3,1,740
30/12/2022 00:43:28,1,340,430,3,1,740
30/12/2022 00:43:44,1,340,430,3,1,740
30/12/2022 00:44:00,1,340,430,3,1,740
30/12/2022 00:44:16,1,340,430,3,1,740
30/12/2022 00:44:32,1,340,430,3,1,740
30/12/2022 00:44:48,1,340,430,3,1,740
30/12/2022 00:45:04,1,340,430,3,1,740
30/12/2022 00:45:20,1,340,430,3,1,840
30/12/2022 00:45:36,1,340,430,3,1,840
30/12/2022 00:45:52,1,340,430,3,2,750
30/12/2022 00:46:08,1,340,430,3,2,750
30/12/2022 00:46:24,1,330,430,3,2,750
30/12/2022 00:46:40,1,330,430,3,2,760
30/12/2022 00:46:56,1,330,430,3,2,760
30/12/2022 00:47:12,1,330,430,3,2,760
30/12/2022 00:47:28,1,330,430,3,2,760
30/12/2022 00:47:44,1,330,430,3,2,780
30/12/2022 00:48:00,1,330,430,3,2,780
30/12/2022 00:48:16,1,330,430,3,1,3590
30/12/2022 00:48:32,1,330,430,3,1,3590
30/12/2022 00:48:48,1,330,430,3,1,3590
30/12/2022 00:49:04,1,330,430,3,1,3570
30/12/2022 00:49:20,1,330,430,3,1,3570
30/12/2022 00:49:36,1,-999,430,3,1,3640
30/12/2022 00:49:52,1,-999,430,3,1,3640
30/12/2022 00:50:08,1,330,430,3,2,1530
30/12/2022 00:50:24,1,830,430,3,2,1530
30/12/2022 00:50:40,1,830,430,3,2,690
30/12/2022 00:50:56,1,820,430,3,2,690
30/12/2022 00:51:12,1,820,430,3,2,690
30/12/2022 00:51:28,1,820,430,3,2,710
30/12/2022 00:51:44,1,820,430,3,2,710
30/12/2022 00:52:00,1,820,430,3,1,660
30/12/2022 00:52:16,1,820,430,3,1,660
30/12/2022 00:52:32,1,320,430,3,1,650
30/12/2022 00:52:48,1,320,430,3,1,650
30/12/2022 00:53:04,1,320,430,3,1,650
30/12/2022 00:53:20,1,320,430,3,1,650
30/12/2022 00:53:36,1,320,430,3,1,650
30/12/2022 00:53:52,1,320,430,3,1,650
30/12/2022 00:54:08,1,310,430,3,1,650
30/12/2022 00:54:24,1,310,430,3,1,690
30/12/2022 00:54:40,1,310,430,3,1,690
30/12/2022 00:54:56,1,310,430,3,1,700
30/12/2022 00:55:12,1,310,430,3,1,700
30/12/2022 00:55:28,1,310,430,3,1,710
30/12/2022 00:55:44,1,310,430,3,1,710
30/12/2022 00:56:00,1,800,430,3,1,710
30/12/2022 00:56:16,1,800,430,3,1,710
30/12/2022 00:56:32,1,800,430,3,1,710
30/12/2022 00:56:48,1,800,430,3,1,720
30/12/2022 00:57:04,1,800,430,3,1,720
30/12/2022 00:57:20,1,800,430,3,1,760
30/12/2022 00:57:36,1,800,430,3,1,760
30/12/2022 00:57:52,1,800,430,3,1,780
30/12/2022 00:58:08,1,800,430,3,1,780
30/12/2022 00:58:24,1,800,430,3,1,780
30/12/2022 00:58:40,1,830,430,3,1,810
30/12/2022 00:58:56,1,830,430,3,1,810
30/12/2022 00:59:12,1,850,430,3,1,790
30/12/2022 00:59:28,1,400,430,3,1,790
30/12/2022 00:59:44,1,400,430,3,1,790
30/12/2022 01:00:00,1,400,370,3,1,790
30/12/2022 01:00:16,1,400,370,3,1,780
30/12/2022 01:00:32,1,400,370,3,1,780
30/12/2022 01:00:48,1,400,370,3,1,780
30/12/2022 01:01:04,1,400,370,3,1,750
30/12/2022 01:01:20,1,-999,370,3,1,750
30/12/2022 01:01:36,1,-999,370,3,1,740
30/12/2022 01:01:52,1,-999,370,3,1,740
30/12/2022 01:02:08,1,-999,370,3,1,750
30/12/2022 01:02:24,1,-999,370,3,1,750
30/12/2022 01:02:40,1,-999,370,3,1,740
30/12/2022 01:02:56,1,-999,370,3,1,740
30/12/2022 01:03:12,1,-999,370,3,1,740
30/12/2022 01:03:28,1,-999,370,3,1,740
30/12/2022 01:03:44,1,-999,370,3,1,740
30/12/2022 01:04:00,1,-999,370,3,1,740
30/12/2022 01:04:16,1,-999,370,3,1,740
30/12/2022 01:04:32,1,-999,370,3,1,730
30/12/2022 01:04:48,1,-999,370,3,1,730
30/12/2022 01:05:04,1,-999,370,3,1,730
30/12/2022 01:05:20,1,-999,370,3,1,730
30/12/2022 01:05:36,1,-999,370,3,1,730
30/12/2022 01:05:52,1,-999,370,3,1,720
30/12/2022 01:06:08,1,-999,370,3,1,720
30/12/2022 01:06:24,1,-999,370,3,1,710
30/12/2022 01:06:40,1,-999,370,3,1,710
30/12/2022 01:06:56,1,-999,370,3,1,710
30/12/2022 01:07:12,1,-999,370,3,1,710
30/12/2022 01:07:28,1,-999,370,3,1,710
30/12/2022 01:07:44,1,-999,370,3,1,710
30/12/2022 01:08:00,1,-999,370,3,1,710
30/12/2022 01:08:16,1,-999,370,3,1,710
30/12/2022 01:08:32,1,-999,370,3,1,710
30/12/2022 01:08:48,1,-999,370,3,1,700
30/12/2022 01:09:04,1,-999,370,3,1,700
30/12/2022 01:09:20,1,-999,370,3,1,710
30/12/2022 01:09:36,1,-999,370,3,1,710
30/12/2022 01:09:52,1,-999,370,3,1,740
30/12/2022 01:10:08,1,-999,370,3,1,740
30/12/2022 01:10:24,1,-999,370,3,1,740
30/12/2022 01:10:40,1,-999,370,3,1,730
30/12/2022 01:10:56,1,-999,370,3,1,730
30/12/2022 01:11:12,1,-999,370,3,1,720
30/12/2022 01:11:28,1,-999,370,3,1,720
30/12/2022 01:11:44,1,-999,370,3,1,710
30/12/2022 01:12:00,1,-999,370,3,1,710
30/12/2022 01:12:16,1,-999,370,3,2,710
30/12/2022 01:12:32,1,-999,370,3,2,710
30/12/2022 01:12:48,1,-999,370,3,2,710
30/12/2022 01:13:04,1,-999,370,3,3,700
30/12/2022 01:13:20,1,-999,370,3,3,700
30/12/2022 01:13:36,1,-999,370,3,3,2770
30/12/2022 01:13:52,1,-999,370,3,3,2770
30/12/2022 01:14:08,1,-999,370,3,3,3960
30/12/2022 01:14:24,1,-999,370,3,3,3960
30/12/2022 01:14:40,1,40,370,3,2,4520
30/12/2022 01:14:56,1,30,370,3,2,4520
30/12/2022 01:15:12,1,180,370,3,2,4520
30/12/2022 01:15:28,1,180,370,3,2,4480
30/12/2022 01:15:44,1,180,370,3,2,4480
30/12/2022 01:16:00,1,180,370,3,1,4760
30/12/2022 01:16:16,1,180,370,3,1,4760
30/12/2022 01:16:32,1,180,370,3,1,4680
30/12/2022 01:16:48,1,10,370,3,1,4680
30/12/2022 01:17:04,1,10,370,3,2,4600
30/12/2022 01:17:20,1,180,370,3,2,4600
30/12/2022 01:17:36,1,180,370,3,2,4600
30/12/2022 01:17:52,1,180,370,3,2,4490
30/12/2022 01:18:08,1,180,370,3,2,4490
30/12/2022 01:18:24,1,180,370,3,1,4730
30/12/2022 01:18:40,1,180,370,3,1,4730
30/12/2022 01:18:56,1,180,370,3,1,4780
30/12/2022 01:19:12,1,180,370,3,1,4780
30/12/2022 01:19:28,1,180,370,3,1,4750
30/12/2022 01:19:44,1,180,370,3,1,4750
30/12/2022 01:20:00,1,180,370,3,1,4750
30/12/2022 01:20:16,1,180,370,3,1,4760
30/12/2022 01:20:32,1,180,370,3,1,4760
30/12/2022 01:20:48,1,180,370,3,1,4820
30/12/2022 01:21:04,1,170,370,3,1,4820
30/12/2022 01:21:20,1,600,370,3,2,3130
30/12/2022 01:21:36,1,600,370,3,2,3130
30/12/2022 01:21:52,1,600,370,3,2,350
30/12/2022 01:22:08,1,600,370,3,2,350
30/12/2022 01:22:24,1,600,370,3,2,350
30/12/2022 01:22:40,1,600,370,3,3,350
30/12/2022 01:22:56,1,600,370,3,3,350
30/12/2022 01:23:12,1,600,370,3,3,2380
30/12/2022 01:23:28,1,600,370,3,3,2380
30/12/2022 01:23:44,1,640,370,3,3,350
30/12/2022 01:24:00,1,420,370,3,3,350
30/12/2022 01:24:16,1,230,370,3,2,4120
30/12/2022 01:24:32,1,230,370,3,2,4120
30/12/2022 01:24:48,1,230,370,3,2,4120
30/12/2022 01:25:04,1,420,370,3,3,390
30/12/2022 01:25:20,1,430,370,3,3,390
30/12/2022 01:25:36,1,420,370,3,3,360
30/12/2022 01:25:52,1,420,370,3,3,360
30/12/2022 01:26:08,1,420,370,3,3,350
30/12/2022 01:26:24,1,420,370,3,3,350
30/12/2022 01:26:40,1,420,370,3,3,350
30/12/2022 01:26:56,1,420,370,3,3,370
30/12/2022 01:27:12,1,420,370,3,3,370
30/12/2022 01:27:28,1,420,370,3,3,360
30/12/2022 01:27:44,1,420,370,3,3,360
30/12/2022 01:28:00,1,420,370,3,1,350
30/12/2022 01:28:16,1,420,370,3,1,350
30/12/2022 01:28:32,1,420,370,3,3,340
30/12/2022 01:28:48,1,420,370,3,3,340
30/12/2022 01:29:04,1,420,370,3,1,3710
30/12/2022 01:29:20,1,420,370,3,1,3710
30/12/2022 01:29:36,1,420,370,3,1,3710
30/12/2022 01:29:52,1,420,370,3,1,3670
30/12/2022 01:30:08,1,420,370,3,1,3670
30/12/2022 01:30:24,1,420,370,3,1,3670
30/12/2022 01:30:40,1,420,370,3,1,3670
30/12/2022 01:30:56,1,420,370,3,1,3680
30/12/2022 01:31:12,1,420,370,3,1,3680
30/12/2022 01:31:28,1,420,370,3,1,3690
30/12/2022 01:31:44,1,420,370,3,1,3690
30/12/2022 01:32:00,1,420,370,3,1,3690
30/12/2022 01:32:16,1,420,370,3,1,3680
30/12/2022 01:32:32,1,420,370,3,1,3680
30/12/2022 01:32:48,1,420,370,3,1,3630
30/12/2022 01:33:04,1,700,370,3,1,3630
30/12/2022 01:33:20,1,700,370,3,1,3630
30/12/2022 01:33:36,1,700,370,3,1,3630
30/12/2022 01:33:52,1,700,370,3,1,3610
30/12/2022 01:34:08,1,700,370,3,1,3610
30/12/2022 01:34:24,1,700,370,3,1,3610
30/12/2022 01:34:40,1,700,370,3,1,3600
30/12/2022 01:34:56,1,700,370,3,1,3600
30/12/2022 01:35:12,1,700,370,3,1,3600
30/12/2022 01:35:28,1,700,370,3,1,3600
30/12/2022 01:35:44,1,700,370,3,1,3610
30/12/2022 01:36:00,1,700,370,3,1,3610
30/12/2022 01:36:16,1,700,370,3,1,3630
30/12/2022 01:36:32,1,690,370,3,1,3630
30/12/2022 01:36:48,1,690,370,3,1,3630
30/12/2022 01:37:04,1,680,370,3,1,3590
30/12/2022 01:37:20,1,680,370,3,1,3590
30/12/2022 01:37:36,1,670,370,3,1,3580
30/12/2022 01:37:52,1,670,370,3,1,3580
30/12/2022 01:38:08,1,670,370,3,1,3530
30/12/2022 01:38:24,1,660,370,3,1,3530
30/12/2022 01:38:40,1,660,370,3,1,3530
30/12/2022 01:38:56,1,660,370,3,1,3530
30/12/2022 01:39:12,1,660,370,3,1,3530
30/12/2022 01:39:28,1,660,370,3,1,3570
30/12/2022 01:39:44,1,650,370,3,1,3570
30/12/2022 01:40:00,1,650,370,3,1,3520
30/12/2022 01:40:16,1,650,370,3,1,3520
30/12/2022 01:40:32,1,650,370,3,1,3510
30/12/2022 01:40:48,1,650,370,3,1,3510
30/12/2022 01:41:04,1,650,370,3,1,3510
30/12/2022 01:41:20,1,650,370,3,1,3510
30/12/2022 01:41:36,1,650,370,3,1,3510
30/12/2022 01:41:52,1,640,370,3,1,3520
30/12/2022 01:42:08,1,640,370,3,1,3520
30/12/2022 01:42:24,1,640,370,3,1,3520
30/12/2022 01:42:40,1,640,370,3,1,3520
30/12/2022 01:42:56,1,640,370,3,1,3520
30/12/2022 01:43:12,1,640,370,3,1,3520
30/12/2022 01:43:28,1,640,370,3,1,3510
30/12/2022 01:43:44,1,640,370,3,1,3510
30/12/2022 01:44:00,1,640,370,3,1,3510
30/12/2022 01:44:16,1,630,370,3,1,3520
30/12/2022 01:44:32,1,630,370,3,1,3520
30/12/2022 01:44:48,1,630,370,3,1,3540
30/12/2022 01:45:04,1,630,370,3,1,3540
30/12/2022 01:45:20,1,630,370,3,1,3490
30/12/2022 01:45:36,1,630,370,3,1,3490
30/12/2022 01:45:52,1,630,370,3,1,3490
30/12/2022 01:46:08,1,630,370,3,1,3490
30/12/2022 01:46:24,1,630,370,3,1,3490
30/12/2022 01:46:40,1,630,370,3,1,3490
30/12/2022 01:46:56,1,630,370,3,1,3490
30/12/2022 01:47:12,1,630,370,3,1,3480
30/12/2022 01:47:28,1,630,370,3,1,3480
30/12/2022 01:47:44,1,630,370,3,2,1400
30/12/2022 01:48:00,1,630,370,3,2,1400
30/12/2022 01:48:16,1,630,370,3,2,1400
30/12/2022 01:48:32,1,630,370,3,2,1400
30/12/2022 01:48:48,1,630,370,3,2,1400
30/12/2022 01:49:04,1,640,370,3,3,1400
30/12/2022 01:49:20,1,640,370,3,3,1400
30/12/2022 01:49:36,1,650,370,3,1,3600
30/12/2022 01:49:52,1,670,370,3,1,3600
30/12/2022 01:50:08,1,680,370,3,1,3490
30/12/2022 01:50:24,1,690,370,3,1,3490
30/12/2022 01:50:40,1,700,370,3,1,3440
30/12/2022 01:50:56,1,700,370,3,1,3440
30/12/2022 01:51:12,1,700,370,3,1,3440
30/12/2022 01:51:28,1,700,370,3,1,3420
30/12/2022 01:51:44,1,700,370,3,1,3420
30/12/2022 01:52:00,1,700,370,3,1,3570
30/12/2022 01:52:16,1,700,370,3,1,3570
30/12/2022 01:52:32,1,-999,370,3,1,3620
30/12/2022 01:52:48,1,-999,370,3,1,3620
30/12/2022 01:53:04,1,-999,370,3,1,3590
30/12/2022 01:53:20,1,-999,370,3,1,3590
30/12/2022 01:53:36,1,-999,370,3,1,3590
30/12/2022 01:53:52,1,-999,370,3,2,3630
30/12/2022 01:54:08,1,-999,370,3,2,3630
30/12/2022 01:54:24,1,-999,370,3,1,3590
30/12/2022 01:54:40,1,-999,370,3,1,3590
30/12/2022 01:54:56,1,700,370,3,2,3560
30/12/2022 01:55:12,1,700,370,3,2,3560
30/12/2022 01:55:28,1,-999,370,3,1,3990
30/12/2022 01:55:44,1,-999,370,3,1,3990
30/12/2022 01:56:00,1,-999,370,3,1,3990
30/12/2022 01:56:16,1,700,370,3,2,3600
30/12/2022 01:56:32,1,700,370,3,2,3600
30/12/2022 01:56:48,1,700,370,3,2,3600
30/12/2022 01:57:04,1,700,370,3,2,3600
30/12/2022 01:57:20,1,700,370,3,1,3820
30/12/2022 01:57:36,1,700,370,3,1,3820
30/12/2022 01:57:52,1,700,370,3,1,3980
30/12/2022 01:58:08,1,700,370,3,1,3980
30/12/2022 01:58:24,1,700,370,3,1,3980
30/12/2022 01:58:40,1,40,370,3,1,4040
30/12/2022 01:58:56,1,40,370,3,1,4040
30/12/2022 01:59:12,1,700,370,3,2,340
30/12/2022 01:59:28,1,700,370,3,2,340
30/12/2022 01:59:44,1,700,370,3,2,350
30/12/2022 02:00:00,2,700,650,3,2,350
30/12/2022 02:00:16,2,700,650,3,3,340
30/12/2022 02:00:32,2,700,650,3,3,340
30/12/2022 02:00:48,2,700,650,3,3,340
30/12/2022 02:01:04,2,700,650,3,2,360
30/12/2022 02:01:20,2,400,650,3,2,360
30/12/2022 02:01:36,2,400,650,3,3,350
30/12/2022 02:01:52,2,400,650,3,3,350
30/12/2022 02:02:08,2,400,650,3,3,360
30/12/2022 02:02:24,2,400,650,3,3,360
30/12/2022 02:02:40,2,400,650,3,3,340
30/12/2022 02:02:56,2,400,650,3,3,340
30/12/2022 02:03:12,2,400,650,3,3,340
30/12/2022 02:03:28,2,400,650,3,1,350
30/12/2022 02:03:44,2,410,650,3,1,350
30/12/2022 02:04:00,2,410,650,3,1,350
30/12/2022 02:04:16,2,410,650,3,1,350
30/12/2022 02:04:32,2,420,650,3,1,350
30/12/2022 02:04:48,2,420,650,3,1,350
30/12/2022 02:05:04,2,420,650,3,1,350
30/12/2022 02:05:20,2,430,650,3,1,350
30/12/2022 02:05:36,2,430,650,3,1,350
30/12/2022 02:05:52,2,430,650,3,1,340
30/12/2022 02:06:08,2,430,650,3,1,340
30/12/2022 02:06:24,2,430,650,3,1,350
30/12/2022 02:06:40,2,430,650,3,1,350
30/12/2022 02:06:56,2,430,650,3,1,340
30/12/2022 02:07:12,2,430,650,3,1,340
30/12/2022 02:07:28,2,430,650,3,1,340
30/12/2022 02:07:44,2,430,650,3,1,340
30/12/2022 02:08:00,2,430,650,3,1,340
30/12/2022 02:08:16,2,430,650,3,1,350
30/12/2022 02:08:32,2,430,650,3,1,350
30/12/2022 02:08:48,2,430,650,3,1,350
30/12/2022 02:09:04,2,430,650,3,1,350
30/12/2022 02:09:20,2,430,650,3,1,340
30/12/2022 02:09:36,2,430,650,3,1,340
30/12/2022 02:09:52,2,430,650,3,1,330
30/12/2022 02:10:08,2,430,650,3,1,330
30/12/2022 02:10:24,2,430,650,3,1,330
30/12/2022 02:10:40,2,430,650,3,1,320
30/12/2022 02:10:56,2,430,650,3,1,320
30/12/2022 02:11:12,2,430,650,3,1,320
30/12/2022 02:11:28,2,430,650,3,1,320
30/12/2022 02:11:44,2,420,650,3,1,330
30/12/2022 02:12:00,2,420,650,3,1,330
30/12/2022 02:12:16,2,420,650,3,1,340
30/12/2022 02:12:32,2,420,650,3,1,340
30/12/2022 02:12:48,2,420,650,3,1,340
30/12/2022 02:13:04,2,420,650,3,1,340
30/12/2022 02:13:20,2,420,650,3,1,340
30/12/2022 02:13:36,2,420,650,3,1,340
30/12/2022 02:13:52,2,420,650,3,1,340
30/12/2022 02:14:08,2,420,650,3,1,340
30/12/2022 02:14:24,2,420,650,3,1,340
30/12/2022 02:14:40,2,420,650,3,1,330
30/12/2022 02:14:56,2,420,650,3,1,330
30/12/2022 02:15:12,2,420,650,3,1,330
30/12/2022 02:15:28,2,420,650,3,1,330
30/12/2022 02:15:44,2,420,650,3,1,330
30/12/2022 02:16:00,2,420,650,3,1,330
30/12/2022 02:16:16,2,420,650,3,1,330
30/12/2022 02:16:32,2,420,650,3,1,330
30/12/2022 02:16:48,2,420,650,3,1,330
30/12/2022 02:17:04,2,420,650,3,1,330
30/12/2022 02:17:20,2,420,650,3,1,330
30/12/2022 02:17:36,2,420,650,3,1,330
30/12/2022 02:17:52,2,410,650,3,1,320
30/12/2022 02:18:08,2,410,650,3,1,320
30/12/2022 02:18:24,2,410,650,3,1,320
30/12/2022 02:18:40,2,410,650,3,1,320
30/12/2022 02:18:56,2,410,650,3,1,320
30/12/2022 02:19:12,2,410,650,3,1,320
30/12/2022 02:19:28,2,410,650,3,1,320
30/12/2022 02:19:44,2,400,650,3,1,320
30/12/2022 02:20:00,2,400,650,3,1,320
30/12/2022 02:20:16,2,400,650,3,1,320
30/12/2022 02:20:32,2,400,650,3,1,320
30/12/2022 02:20:48,2,400,650,3,1,320
30/12/2022 02:21:04,2,400,650,3,1,320
30/12/2022 02:21:20,2,400,650,3,1,320
30/12/2022 02:21:36,2,400,650,3,1,320
30/12/2022 02:21:52,2,400,650,3,1,320
30/12/2022 02:22:08,2,400,650,3,1,320
30/12/2022 02:22:24,2,400,650,3,1,320
30/12/2022 02:22:40,2,400,650,3,1,320
30/12/2022 02:22:56,2,400,650,3,1,320
30/12/2022 02:23:12,2,400,650,3,1,330
30/12/2022 02:23:28,2,400,650,3,1,330
30/12/2022 02:23:44,2,400,650,3,1,330
30/12/2022 02:24:00,2,400,650,3,1,330
30/12/2022 02:24:16,2,400,650,3,1,320
30/12/2022 02:24:32,2,400,650,3,1,320
30/12/2022 02:24:48,2,400,650,3,1,320
30/12/2022 02:25:04,2,400,650,3,1,320
30/12/2022 02:25:20,2,400,650,3,1,320
30/12/2022 02:25:36,2,400,650,3,1,320
30/12/2022 02:25:52,2,400,650,3,1,320
30/12/2022 02:26:08,2,400,650,3,1,320
30/12/2022 02:26:24,2,400,650,3,1,320
30/12/2022 02:26:40,2,400,650,3,1,320
30/12/2022 02:26:56,2,400,650,3,1,320
30/12/2022 02:27:12,2,400,650,3,1,320
30/12/2022 02:27:28,2,400,650,3,1,320
30/12/2022 02:27:44,2,400,650,3,1,320
30/12/2022 02:28:00,2,400,650,3,1,340
30/12/2022 02:28:16,2,400,650,3,1,340
30/12/2022 02:28:32,2,400,650,3,1,320
30/12/2022 02:28:48,2,400,650,3,1,320
30/12/2022 02:29:04,2,400,650,3,1,320
30/12/2022 02:29:20,2,400,650,3,1,320
30/12/2022 02:29:36,2,400,650,3,1,320
30/12/2022 02:29:52,2,400,650,3,1,330
30/12/2022 02:30:08,2,400,650,3,1,330
30/12/2022 02:30:24,2,400,650,3,1,320
30/12/2022 02:30:40,2,400,650,3,1,320
30/12/2022 02:30:56,2,400,650,3,1,320
30/12/2022 02:31:12,2,400,650,3,1,320
30/12/2022 02:31:28,2,400,650,3,1,320
30/12/2022 02:31:44,2,400,650,3,1,320
30/12/2022 02:32:00,2,400,650,3,1,320
30/12/2022 02:32:16,2,400,650,3,1,320
30/12/2022 02:32:32,2,400,650,3,1,320
30/12/2022 02:32:48,2,400,650,3,1,320
30/12/2022 02:33:04,2,400,650,3,1,320
30/12/2022 02:33:20,2,400,650,3,1,320
30/12/2022 02:33:36,2,390,650,3,1,320
30/12/2022 02:33:52,2,390,650,3,1,320
30/12/2022 02:34:08,2,390,650,3,1,320
30/12/2022 02:34:24,2,390,650,3,1,320
30/12/2022 02:34:40,2,390,650,3,1,320
30/12/2022 02:34:56,2,390,650,3,1,320
30/12/2022 02:35:12,2,390,650,3,1,320
30/12/2022 02:35:28,2,390,650,3,1,320
30/12/2022 02:35:44,2,390,650,3,1,320
30/12/2022 02:36:00,2,390,650,3,1,320
30/12/2022 02:36:16,2,390,650,3,1,320
30/12/2022 02:36:32,2,390,650,3,1,320
30/12/2022 02:36:48,2,390,650,3,1,320
30/12/2022 02:37:04,2,390,650,3,1,320
30/12/2022 02:37:20,2,390,650,3,1,320
30/12/2022 02:37:36,2,400,650,3,1,320
30/12/2022 02:37:52,2,400,650,3,1,320
30/12/2022 02:38:08,2,400,650,3,1,310
30/12/2022 02:38:24,2,400,650,3,1,310
30/12/2022 02:38:40,2,400,650,3,1,320
30/12/2022 02:38:56,2,400,650,3,1,320
30/12/2022 02:39:12,2,400,650,3,1,320
30/12/2022 02:39:28,2,400,650,3,1,320
30/12/2022 02:39:44,2,400,650,3,1,320
30/12/2022 02:40:00,2,400,650,3,1,320
30/12/2022 02:40:16,2,400,650,3,1,320
30/12/2022 02:40:32,2,400,650,3,1,320
30/12/2022 02:40:48,2,400,650,3,1,320
30/12/2022 02:41:04,2,400,650,3,1,340
30/12/2022 02:41:20,2,400,650,3,1,340
30/12/2022 02:41:36,2,400,650,3,1,340
30/12/2022 02:41:52,2,400,650,3,1,330
30/12/2022 02:42:08,2,400,650,3,1,330
30/12/2022 02:42:24,2,400,650,3,1,320
30/12/2022 02:42:40,2,400,650,3,1,320
30/12/2022 02:42:56,2,400,650,3,1,320
30/12/2022 02:43:12,2,400,650,3,1,320
30/12/2022 02:43:28,2,410,650,3,1,340
30/12/2022 02:43:44,2,410,650,3,1,340
30/12/2022 02:44:00,2,410,650,3,1,340
30/12/2022 02:44:16,2,410,650,3,1,330
30/12/2022 02:44:32,2,420,650,3,1,330
30/12/2022 02:44:48,2,420,650,3,1,320
30/12/2022 02:45:04,2,420,650,3,1,320
30/12/2022 02:45:20,2,420,650,3,1,320
30/12/2022 02:45:36,2,410,650,3,1,320
30/12/2022 02:45:52,2,410,650,3,1,330
30/12/2022 02:46:08,2,410,650,3,1,330
30/12/2022 02:46:24,2,410,650,3,1,330
30/12/2022 02:46:40,2,420,650,3,1,330
30/12/2022 02:46:56,2,420,650,3,1,330
30/12/2022 02:47:12,2,420,650,3,1,340
30/12/2022 02:47:28,2,420,650,3,1,340
30/12/2022 02:47:44,2,420,650,3,1,330
30/12/2022 02:48:00,2,420,650,3,1,330
30/12/2022 02:48:16,2,420,650,3,1,330
30/12/2022 02:48:32,2,420,650,3,1,330
30/12/2022 02:48:48,2,420,650,3,1,330
30/12/2022 02:49:04,2,420,650,3,1,330
30/12/2022 02:49:20,2,420,650,3,1,330
30/12/2022 02:49:36,2,420,650,3,1,320
30/12/2022 02:49:52,2,420,650,3,1,320
30/12/2022 02:50:08,2,420,650,3,1,330
30/12/2022 02:50:24,2,420,650,3,1,330
30/12/2022 02:50:40,2,420,650,3,1,330
30/12/2022 02:50:56,2,420,650,3,1,330
30/12/2022 02:51:12,2,420,650,3,1,330
30/12/2022 02:51:28,2,420,650,3,1,330
30/12/2022 02:51:44,2,420,650,3,1,330
30/12/2022 02:52:00,2,410,650,3,1,320
30/12/2022 02:52:16,2,410,650,3,1,320
30/12/2022 02:52:32,2,410,650,3,1,320
30/12/2022 02:52:48,2,400,650,3,1,320
30/12/2022 02:53:04,2,400,650,3,1,320
30/12/2022 02:53:20,2,400,650,3,1,320
30/12/2022 02:53:36,2,400,650,3,1,320
30/12/2022 02:53:52,2,400,650,3,1,320
30/12/2022 02:54:08,2,400,650,3,1,320
30/12/2022 02:54:24,2,400,650,3,1,320
30/12/2022 02:54:40,2,400,650,3,1,320
30/12/2022 02:54:56,2,400,650,3,1,320
30/12/2022 02:55:12,2,400,650,3,1,320
30/12/2022 02:55:28,2,400,650,3,1,320
30/12/2022 02:55:44,2,400,650,3,1,320
30/12/2022 02:56:00,2,390,650,3,1,320
30/12/2022 02:56:16,2,390,650,3,1,320
30/12/2022 02:56:32,2,390,650,3,1,320
30/12/2022 02:56:48,2,390,650,3,1,320
30/12/2022 02:57:04,2,390,650,3,1,320
30/12/2022 02:57:20,2,390,650,3,1,320
30/12/2022 02:57:36,2,400,650,3,1,320
30/12/2022 02:57:52,2,390,650,3,1,320
30/12/2022 02:58:08,2,390,650,3,1,320
30/12/2022 02:58:24,2,390,650,3,1,320
30/12/2022 02:58:40,2,390,650,3,1,320
30/12/2022 02:58:56,2,390,650,3,1,320
30/12/2022 02:59:12,2,390,650,3,1,320
30/12/2022 02:59:28,2,390,650,3,1,320
30/12/2022 02:59:44,2,390,650,3,1,320
30/12/2022 03:00:00,2,400,400,3,1,320
30/12/2022 03:00:16,2,400,400,3,1,320
30/12/2022 03:00:32,2,400,400,3,1,320
30/12/2022 03:00:48,2,400,400,3,1,320
30/12/2022 03:01:04,2,400,400,3,1,320
30/12/2022 03:01:20,2,400,400,3,1,320
30/12/2022 03:01:36,2,400,400,3,1,320
30/12/2022 03:01:52,2,400,400,3,1,320
30/12/2022 03:02:08,2,400,400,3,1,320
30/12/2022 03:02:24,2,400,400,3,1,320
30/12/2022 03:02:40,2,400,400,3,1,320
30/12/2022 03:02:56,2,400,400,3,1,320
30/12/2022 03:03:12,2,400,400,3,1,320
30/12/2022 03:03:28,2,400,400,3,1,320
30/12/2022 03:03:44,2,400,400,3,1,320
30/12/2022 03:04:00,2,400,400,3,1,320
30/12/2022 03:04:16,2,400,400,3,1,320
30/12/2022 03:04:32,2,400,400,3,1,320
30/12/2022 03:04:48,2,400,400,3,1,320
30/12/2022 03:05:04,2,400,400,3,1,320
30/12/2022 03:05:20,2,390,400,3,1,320
30/12/2022 03:05:36,2,390,400,3,1,320
30/12/2022 03:05:52,2,390,400,3,1,320
30/12/2022 03:06:08,2,390,400,3,1,320
30/12/2022 03:06:24,2,390,400,3,1,320
30/12/2022 03:06:40,2,390,400,3,1,320
30/12/2022 03:06:56,2,390,400,3,1,310
30/12/2022 03:07:12,2,390,400,3,1,310
30/12/2022 03:07:28,2,390,400,3,1,310
30/12/2022 03:07:44,2,390,400,3,1,310
30/12/2022 03:08:00,2,390,400,3,1,310
30/12/2022 03:08:16,2,390,400,3,1,320
30/12/2022 03:08:32,2,390,400,3,1,320
30/12/2022 03:08:48,2,390,400,3,1,320
30/12/2022 03:09:04,2,390,400,3,1,320
30/12/2022 03:09:20,2,390,400,3,1,310
30/12/2022 03:09:36,2,390,400,3,1,310
30/12/2022 03:09:52,2,390,400,3,1,310
30/12/2022 03:10:08,2,390,400,3,1,310
30/12/2022 03:10:24,2,380,400,3,1,310
30/12/2022 03:10:40,2,380,400,3,1,310
30/12/2022 03:10:56,2,380,400,3,1,310
30/12/2022 03:11:12,2,380,400,3,1,320
30/12/2022 03:11:28,2,390,400,3,1,320
30/12/2022 03:11:44,2,390,400,3,1,320
30/12/2022 03:12:00,2,390,400,3,1,320
30/12/2022 03:12:16,2,390,400,3,1,320
30/12/2022 03:12:32,2,390,400,3,1,320
30/12/2022 03:12:48,2,390,400,3,1,320
30/12/2022 03:13:04,2,390,400,3,1,310
30/12/2022 03:13:20,2,390,400,3,1,310
30/12/2022 03:13:36,2,390,400,3,1,310
30/12/2022 03:13:52,2,390,400,3,1,310
30/12/2022 03:14:08,2,390,400,3,1,310
30/12/2022 03:14:24,2,390,400,3,1,310
30/12/2022 03:14:40,2,390,400,3,1,310
30/12/2022 03:14:56,2,390,400,3,1,310
30/12/2022 03:15:12,2,390,400,3,1,310
30/12/2022 03:15:28,2,390,400,3,1,310
30/12/2022 03:15:44,2,390,400,3,1,310
30/12/2022 03:16:00,2,390,400,3,1,310
30/12/2022 03:16:16,2,390,400,3,1,310
30/12/2022 03:16:32,2,380,400,3,1,310
30/12/2022 03:16:48,2,380,400,3,1,310
30/12/2022 03:17:04,2,380,400,3,1,310
30/12/2022 03:17:20,2,380,400,3,1,310
30/12/2022 03:17:36,2,380,400,3,1,310
30/12/2022 03:17:52,2,380,400,3,1,300
30/12/2022 03:18:08,2,380,400,3,1,300
30/12/2022 03:18:24,2,380,400,3,1,300
30/12/2022 03:18:40,2,380,400,3,1,300
30/12/2022 03:18:56,2,380,400,3,1,310
30/12/2022 03:19:12,2,380,400,3,1,310
30/12/2022 03:19:28,2,380,400,3,1,310
30/12/2022 03:19:44,2,380,400,3,1,310
30/12/2022 03:20:00,2,380,400,3,1,310
30/12/2022 03:20:16,2,380,400,3,1,310
30/12/2022 03:20:32,2,380,400,3,1,310
30/12/2022 03:20:48,2,380,400,3,1,310
30/12/2022 03:21:04,2,380,400,3,1,310
30/12/2022 03:21:20,2,380,400,3,1,310
30/12/2022 03:21:36,2,380,400,3,1,310
30/12/2022 03:21:52,2,380,400,3,1,310
30/12/2022 03:22:08,2,380,400,3,1,310
30/12/2022 03:22:24,2,380,400,3,1,310
30/12/2022 03:22:40,2,380,400,3,1,310
30/12/2022 03:22:56,2,380,400,3,1,310
30/12/2022 03:23:12,2,380,400,3,1,310
30/12/2022 03:23:28,2,380,400,3,1,310
30/12/2022 03:23:44,2,380,400,3,1,300
30/12/2022 03:24:00,2,380,400,3,1,300
30/12/2022 03:24:16,2,380,400,3,1,300
30/12/2022 03:24:32,2,380,400,3,1,300
30/12/2022 03:24:48,2,380,400,3,1,300
30/12/2022 03:25:04,2,380,400,3,1,300
30/12/2022 03:25:20,2,380,400,3,1,300
30/12/2022 03:25:36,2,380,400,3,1,310
30/12/2022 03:25:52,2,380,400,3,1,310
30/12/2022 03:26:08,2,380,400,3,1,310
30/12/2022 03:26:24,2,380,400,3,1,310
30/12/2022 03:26:40,2,380,400,3,1,320
30/12/2022 03:26:56,2,380,400,3,1,320
30/12/2022 03:27:12,2,380,400,3,1,320
30/12/2022 03:27:28,2,380,400,3,1,320
30/12/2022 03:27:44,2,380,400,3,1,320
30/12/2022 03:28:00,2,380,400,3,1,310
30/12/2022 03:28:16,2,380,400,3,1,310
30/12/2022 03:28:32,2,380,400,3,1,310
30/12/2022 03:28:48,2,380,400,3,1,310
30/12/2022 03:29:04,2,380,400,3,1,310
30/12/2022 03:29:20,2,380,400,3,1,310
30/12/2022 03:29:36,2,380,400,3,1,310
30/12/2022 03:29:52,2,390,400,3,1,310
30/12/2022 03:30:08,2,390,400,3,1,310
30/12/2022 03:30:24,2,390,400,3,1,310
30/12/2022 03:30:40,2,390,400,3,1,310
30/12/2022 03:30:56,2,390,400,3,1,310
30/12/2022 03:31:12,2,390,400,3,1,310
30/12/2022 03:31:28,2,390,400,3,1,310
30/12/2022 03:31:44,2,390,400,3,1,310
30/12/2022 03:32:00,2,390,400,3,1,310
30/12/2022 03:32:16,2,390,400,3,1,310
30/12/2022 03:32:32,2,390,400,3,1,310
30/12/2022 03:32:48,2,390,400,3,1,310
30/12/2022 03:33:04,2,390,400,3,1,310
30/12/2022 03:33:20,2,380,400,3,1,300
30/12/2022 03:33:36,2,380,400,3,1,300
30/12/2022 03:33:52,2,380,400,3,1,320
30/12/2022 03:34:08,2,380,400,3,1,320
30/12/2022 03:34:24,2,380,400,3,1,320
30/12/2022 03:34:40,2,390,400,3,1,310
30/12/2022 03:34:56,2,390,400,3,1,310
30/12/2022 03:35:12,2,380,400,3,1,310
30/12/2022 03:35:28,2,380,400,3,1,310
30/12/2022 03:35:44,2,380,400,3,1,310
30/12/2022 03:36:00,2,380,400,3,1,310
30/12/2022 03:36:16,2,380,400,3,1,300
30/12/2022 03:36:32,2,380,400,3,1,300
30/12/2022 03:36:48,2,380,400,3,1,300
30/12/2022 03:37:04,2,380,400,3,1,300
30/12/2022 03:37:20,2,380,400,3,1,300
30/12/2022 03:37:36,2,380,400,3,1,310
30/12/2022 03:37:52,2,380,400,3,1,310
30/12/2022 03:38:08,2,380,400,3,1,320
30/12/2022 03:38:24,2,380,400,3,1,320
30/12/2022 03:38:40,2,380,400,3,1,310
30/12/2022 03:38:56,2,380,400,3,1,310
30/12/2022 03:39:12,2,380,400,3,1,310
30/12/2022 03:39:28,2,380,400,3,1,320
30/12/2022 03:39:44,2,380,400,3,1,320
30/12/2022 03:40:00,2,390,400,3,1,320
30/12/2022 03:40:16,2,390,400,3,1,320
30/12/2022 03:40:32,2,390,400,3,1,310
30/12/2022 03:40:48,2,390,400,3,1,310
30/12/2022 03:41:04,2,390,400,3,1,330
30/12/2022 03:41:20,2,390,400,3,1,330
30/12/2022 03:41:36,2,390,400,3,1,330
30/12/2022 03:41:52,2,390,400,3,2,340
30/12/2022 03:42:08,2,390,400,3,2,340
30/12/2022 03:42:24,2,390,400,3,1,330
30/12/2022 03:42:40,2,390,400,3,1,330
30/12/2022 03:42:56,2,400,400,3,1,320
30/12/2022 03:43:12,2,400,400,3,1,320
30/12/2022 03:43:28,2,400,400,3,1,320
30/12/2022 03:43:44,2,400,400,3,1,320
30/12/2022 03:44:00,2,400,400,3,1,320
30/12/2022 03:44:16,2,400,400,3,1,320
30/12/2022 03:44:32,2,400,400,3,1,320
30/12/2022 03:44:48,2,400,400,3,2,320
30/12/2022 03:45:04,2,400,400,3,2,320
30/12/2022 03:45:20,2,400,400,3,1,320
30/12/2022 03:45:36,2,400,400,3,1,320
30/12/2022 03:45:52,2,390,400,3,1,310
30/12/2022 03:46:08,2,390,400,3,1,310
30/12/2022 03:46:24,2,390,400,3,1,310
30/12/2022 03:46:40,2,390,400,3,1,310
30/12/2022 03:46:56,2,390,400,3,1,310
30/12/2022 03:47:12,2,390,400,3,1,320
30/12/2022 03:47:28,2,390,400,3,1,320
30/12/2022 03:47:44,2,390,400,3,2,320
30/12/2022 03:48:00,2,390,400,3,2,320
30/12/2022 03:48:16,2,390,400,3,2,330
30/12/2022 03:48:32,2,390,400,3,2,330
30/12/2022 03:48:48,2,390,400,3,2,330
30/12/2022 03:49:04,2,400,400,3,2,340
30/12/2022 03:49:20,2,400,400,3,2,340
30/12/2022 03:49:36,2,400,400,3,2,330
30/12/2022 03:49:52,2,400,400,3,2,330
30/12/2022 03:50:08,2,400,400,3,1,320
30/12/2022 03:50:24,2,400,400,3,1,320
30/12/2022 03:50:40,2,400,400,3,2,320
30/12/2022 03:50:56,2,400,400,3,2,320
30/12/2022 03:51:12,2,400,400,3,2,320
30/12/2022 03:51:28,2,400,400,3,2,320
30/12/2022 03:51:44,2,400,400,3,2,320
30/12/2022 03:52:00,2,400,400,3,2,320
30/12/2022 03:52:16,2,400,400,3,2,320
30/12/2022 03:52:32,2,400,400,3,2,320
30/12/2022 03:52:48,2,400,400,3,2,320
30/12/2022 03:53:04,2,400,400,3,1,310
30/12/2022 03:53:20,2,390,400,3,1,310
30/12/2022 03:53:36,2,390,400,3,1,310
30/12/2022 03:53:52,2,390,400,3,1,310
30/12/2022 03:54:08,2,390,400,3,1,310
30/12/2022 03:54:24,2,390,400,3,1,320
30/12/2022 03:54:40,2,390,400,3,1,320
30/12/2022 03:54:56,2,390,400,3,2,340
30/12/2022 03:55:12,2,390,400,3,2,340
30/12/2022 03:55:28,2,390,400,3,1,320
30/12/2022 03:55:44,2,390,400,3,1,320
30/12/2022 03:56:00,2,390,400,3,1,320
30/12/2022 03:56:16,2,390,400,3,2,340
30/12/2022 03:56:32,2,390,400,3,2,340
30/12/2022 03:56:48,2,400,400,3,2,320
30/12/2022 03:57:04,2,400,400,3,2,320
30/12/2022 03:57:20,2,400,400,3,2,310
30/12/2022 03:57:36,2,400,400,3,2,310
30/12/2022 03:57:52,2,400,400,3,1,310
30/12/2022 03:58:08,2,400,400,3,1,310
30/12/2022 03:58:24,2,400,400,3,1,310
30/12/2022 03:58:40,2,400,400,3,1,310
30/12/2022 03:58:56,2,400,400,3,1,310
30/12/2022 03:59:12,2,390,400,3,1,320
30/12/2022 03:59:28,2,390,400,3,1,320
30/12/2022 03:59:44,2,390,400,3,1,340
30/12/2022 04:00:00,2,390,390,3,1,340
30/12/2022 04:00:16,2,390,390,3,1,310
30/12/2022 04:00:32,2,390,390,3,1,310
30/12/2022 04:00:48,2,390,390,3,1,310
30/12/2022 04:01:04,2,390,390,3,1,320
30/12/2022 04:01:20,2,390,390,3,1,320
30/12/2022 04:01:36,2,390,390,3,1,310
30/12/2022 04:01:52,2,390,390,3,1,310
30/12/2022 04:02:08,2,390,390,3,1,310
30/12/2022 04:02:24,2,390,390,3,1,310
30/12/2022 04:02:40,2,390,390,3,1,320
30/12/2022 04:02:56,2,390,390,3,1,320
30/12/2022 04:03:12,2,390,390,3,1,320
30/12/2022 04:03:28,2,390,390,3,1,310
30/12/2022 04:03:44,2,390,390,3,1,310
30/12/2022 04:04:00,2,390,390,3,2,310
30/12/2022 04:04:16,2,390,390,3,2,310
30/12/2022 04:04:32,2,390,390,3,1,300
30/12/2022 04:04:48,2,380,390,3,1,300
30/12/2022 04:05:04,2,380,390,3,1,300
30/12/2022 04:05:20,2,380,390,3,1,300
30/12/2022 04:05:36,2,380,390,3,1,300
30/12/2022 04:05:52,2,380,390,3,1,300
30/12/2022 04:06:08,2,380,390,3,1,300
30/12/2022 04:06:24,2,380,390,3,1,300
30/12/2022 04:06:40,2,380,390,3,1,300
30/12/2022 04:06:56,2,380,390,3,2,320
30/12/2022 04:07:12,2,380,390,3,2,320
30/12/2022 04:07:28,2,380,390,3,3,320
30/12/2022 04:07:44,2,380,390,3,3,320
30/12/2022 04:08:00,2,380,390,3,3,320
30/12/2022 04:08:16,2,380,390,3,2,330
30/12/2022 04:08:32,2,380,390,3,2,330
30/12/2022 04:08:48,2,380,390,3,2,310
30/12/2022 04:09:04,2,380,390,3,2,310
30/12/2022 04:09:20,2,380,390,3,2,540
30/12/2022 04:09:36,2,380,390,3,2,540
30/12/2022 04:09:52,2,380,390,3,2,530
30/12/2022 04:10:08,2,380,390,3,2,530
30/12/2022 04:10:24,2,380,390,3,2,530
30/12/2022 04:10:40,2,380,390,3,3,310
30/12/2022 04:10:56,2,380,390,3,3,310
30/12/2022 04:11:12,2,380,390,3,3,300
30/12/2022 04:11:28,2,380,390,3,3,300
30/12/2022 04:11:44,2,370,390,3,2,550
30/12/2022 04:12:00,2,370,390,3,2,550
30/12/2022 04:12:16,2,370,390,3,2,320
30/12/2022 04:12:32,2,370,390,3,2,320
30/12/2022 04:12:48,2,370,390,3,2,320
30/12/2022 04:13:04,2,380,390,3,1,550
30/12/2022 04:13:20,2,380,390,3,1,550
30/12/2022 04:13:36,2,380,390,3,3,310
30/12/2022 04:13:52,2,380,390,3,3,310
30/12/2022 04:14:08,2,380,390,3,3,300
30/12/2022 04:14:24,2,380,390,3,3,300
30/12/2022 04:14:40,2,380,390,3,2,550
30/12/2022 04:14:56,2,370,390,3,2,550
30/12/2022 04:15:12,2,370,390,3,2,550
30/12/2022 04:15:28,2,370,390,3,2,550
30/12/2022 04:15:44,2,370,390,3,2,550
30/12/2022 04:16:00,2,370,390,3,2,550
30/12/2022 04:16:16,2,370,390,3,2,550
30/12/2022 04:16:32,2,370,390,3,3,310
30/12/2022 04:16:48,2,370,390,3,3,310
30/12/2022 04:17:04,2,360,390,3,2,560
30/12/2022 04:17:20,2,360,390,3,2,560
30/12/2022 04:17:36,2,360,390,3,2,560
30/12/2022 04:17:52,2,360,390,3,1,560
30/12/2022 04:18:08,2,360,390,3,1,560
30/12/2022 04:18:24,2,360,390,3,1,570
30/12/2022 04:18:40,2,360,390,3,1,570
30/12/2022 04:18:56,2,360,390,3,1,570
30/12/2022 04:19:12,2,360,390,3,1,570
30/12/2022 04:19:28,2,360,390,3,2,340
30/12/2022 04:19:44,2,370,390,3,2,340
30/12/2022 04:20:00,2,370,390,3,2,340
30/12/2022 04:20:16,2,370,390,3,1,560
30/12/2022 04:20:32,2,370,390,3,1,560
30/12/2022 04:20:48,2,370,390,3,1,570
30/12/2022 04:21:04,2,370,390,3,1,570
30/12/2022 04:21:20,2,370,390,3,1,560
30/12/2022 04:21:36,2,370,390,3,1,560
30/12/2022 04:21:52,2,370,390,3,1,560
30/12/2022 04:22:08,2,370,390,3,1,560
30/12/2022 04:22:24,2,370,390,3,1,560
30/12/2022 04:22:40,2,370,390,3,2,340
30/12/2022 04:22:56,2,370,390,3,2,340
30/12/2022 04:23:12,2,360,390,3,2,330
30/12/2022 04:23:28,2,360,390,3,2,330
30/12/2022 04:23:44,2,360,390,3,1,510
30/12/2022 04:24:00,2,360,390,3,1,510
30/12/2022 04:24:16,2,360,390,3,1,490
30/12/2022 04:24:32,2,360,390,3,1,490
30/12/2022 04:24:48,2,360,390,3,1,490
30/12/2022 04:25:04,2,350,390,3,1,500
30/12/2022 04:25:20,2,350,390,3,1,500
30/12/2022 04:25:36,2,350,390,3,1,550
30/12/2022 04:25:52,2,350,390,3,1,550
30/12/2022 04:26:08,2,350,390,3,1,370
30/12/2022 04:26:24,2,350,390,3,1,370
30/12/2022 04:26:40,2,350,390,3,2,310
30/12/2022 04:26:56,2,350,390,3,2,310
30/12/2022 04:27:12,2,350,390,3,2,310
30/12/2022 04:27:28,2,350,390,3,1,310
30/12/2022 04:27:44,2,350,390,3,1,310
30/12/2022 04:28:00,2,350,390,3,1,300
30/12/2022 04:28:16,2,350,390,3,1,300
30/12/2022 04:28:32,2,350,390,3,1,320
30/12/2022 04:28:48,2,350,390,3,1,320
30/12/2022 04:29:04,2,370,390,3,2,310
30/12/2022 04:29:20,2,370,390,3,2,310
30/12/2022 04:29:36,2,-999,390,3,2,310
30/12/2022 04:29:52,2,-999,390,3,1,330
30/12/2022 04:30:08,2,-999,390,3,1,330
30/12/2022 04:30:24,2,-999,390,3,1,310
30/12/2022 04:30:40,2,-999,390,3,1,310
30/12/2022 04:30:56,2,-999,390,3,1,310
30/12/2022 04:31:12,2,-999,390,3,1,310
30/12/2022 04:31:28,2,-999,390,3,1,320
30/12/2022 04:31:44,2,-999,390,3,1,320
30/12/2022 04:32:00,2,-999,390,3,1,320
30/12/2022 04:32:16,2,-999,390,3,1,310
30/12/2022 04:32:32,2,-999,390,3,1,310
30/12/2022 04:32:48,2,-999,390,3,1,300
30/12/2022 04:33:04,2,-999,390,3,1,300
30/12/2022 04:33:20,2,-999,390,3,1,300
30/12/2022 04:33:36,2,-999,390,3,1,300
30/12/2022 04:33:52,2,-999,390,3,1,300
30/12/2022 04:34:08,2,-999,390,3,1,300
30/12/2022 04:34:24,2,-999,390,3,1,300
30/12/2022 04:34:40,2,-999,390,3,1,300
30/12/2022 04:34:56,2,-999,390,3,1,300
30/12/2022 04:35:12,2,-999,390,3,1,300
30/12/2022 04:35:28,2,-999,390,3,1,300
30/12/2022 04:35:44,2,-999,390,3,1,290
30/12/2022 04:36:00,2,-999,390,3,1,290
30/12/2022 04:36:16,2,-999,390,3,1,290
30/12/2022 04:36:32,2,-999,390,3,1,290
30/12/2022 04:36:48,2,-999,390,3,1,290
30/12/2022 04:37:04,2,-999,390,3,1,290
30/12/2022 04:37:20,2,-999,390,3,1,290
30/12/2022 04:37:36,2,-999,390,3,1,300
30/12/2022 04:37:52,2,-999,390,3,1,300
30/12/2022 04:38:08,2,-999,390,3,1,290
30/12/2022 04:38:24,2,-999,390,3,1,290
30/12/2022 04:38:40,2,-999,390,3,1,300
30/12/2022 04:38:56,2,-999,390,3,1,300
30/12/2022 04:39:12,2,-999,390,3,1,300
30/12/2022 04:39:28,2,-999,390,3,1,300
30/12/2022 04:39:44,2,-999,390,3,1,300
30/12/2022 04:40:00,2,-999,390,3,1,290
30/12/2022 04:40:16,2,-999,390,3,1,290
30/12/2022 04:40:32,2,-999,390,3,1,290
30/12/2022 04:40:48,2,-999,390,3,1,290
30/12/2022 04:41:04,2,-999,390,3,1,290
30/12/2022 04:41:20,2,-999,390,3,1,290
30/12/2022 04:41:36,2,-999,390,3,1,290
30/12/2022 04:41:52,2,-999,390,3,1,290
30/12/2022 04:42:08,2,-999,390,3,1,290
30/12/2022 04:42:24,2,-999,390,3,1,300
30/12/2022 04:42:40,2,-999,390,3,1,300
30/12/2022 04:42:56,2,-999,390,3,1,290
30/12/2022 04:43:12,2,-999,390,3,1,290
30/12/2022 04:43:28,2,-999,390,3,1,300
30/12/2022 04:43:44,2,-999,390,3,1,300
30/12/2022 04:44:00,2,-999,390,3,1,300
30/12/2022 04:44:16,2,-999,390,3,1,290
30/12/2022 04:44:32,2,-999,390,3,1,290
30/12/2022 04:44:48,2,-999,390,3,1,280
30/12/2022 04:45:04,2,-999,390,3,1,280
30/12/2022 04:45:20,2,-999,390,3,1,270
30/12/2022 04:45:36,2,-999,390,3,1,270
30/12/2022 04:45:52,2,-999,390,3,1,280
30/12/2022 04:46:08,2,-999,390,3,1,280
30/12/2022 04:46:24,2,-999,390,3,1,280
30/12/2022 04:46:40,2,-999,390,3,1,270
30/12/2022 04:46:56,2,-999,390,3,1,270
30/12/2022 04:47:12,2,-999,390,3,1,280
30/12/2022 04:47:28,2,-999,390,3,1,280
30/12/2022 04:47:44,2,-999,390,3,1,270
30/12/2022 04:48:00,2,-999,390,3,1,270
30/12/2022 04:48:16,2,-999,390,3,1,260
30/12/2022 04:48:32,2,-999,390,3,1,260
30/12/2022 04:48:48,2,-999,390,3,1,260
30/12/2022 04:49:04,2,-999,390,3,1,270
30/12/2022 04:49:20,2,-999,390,3,1,270
30/12/2022 04:49:36,2,-999,390,3,1,260
30/12/2022 04:49:52,2,-999,390,3,1,260
30/12/2022 04:50:08,2,-999,390,3,1,260
30/12/2022 04:50:24,2,-999,390,3,1,260
30/12/2022 04:50:40,2,-999,390,3,1,240
30/12/2022 04:50:56,2,-999,390,3,1,240
30/12/2022 04:51:12,2,-999,390,3,1,240
30/12/2022 04:51:28,2,-999,390,3,1,260
30/12/2022 04:51:44,2,-999,390,3,1,260
30/12/2022 04:52:00,2,-999,390,3,1,240
30/12/2022 04:52:16,2,-999,390,3,1,240
30/12/2022 04:52:32,2,-999,390,3,1,230
30/12/2022 04:52:48,2,-999,390,3,1,230
30/12/2022 04:53:04,2,-999,390,3,1,230
30/12/2022 04:53:20,2,-999,390,3,1,250
30/12/2022 04:53:36,2,-999,390,3,1,250
30/12/2022 04:53:52,2,-999,390,3,2,260
30/12/2022 04:54:08,2,-999,390,3,2,260
30/12/2022 04:54:24,2,-999,390,3,2,290
30/12/2022 04:54:40,2,-999,390,3,2,290
30/12/2022 04:54:56,2,-999,390,3,2,280
30/12/2022 04:55:12,2,-999,390,3,2,280
30/12/2022 04:55:28,2,-999,390,3,2,290
30/12/2022 04:55:44,2,-999,390,3,2,290
30/12/2022 04:56:00,2,-999,390,3,2,290
30/12/2022 04:56:16,2,-999,390,3,1,210
30/12/2022 04:56:32,2,-999,390,3,1,210
30/12/2022 04:56:48,2,-999,390,3,1,210
30/12/2022 04:57:04,2,-999,390,3,1,210
30/12/2022 04:57:20,2,-999,390,3,1,270
30/12/2022 04:57:36,2,-999,390,3,1,270
30/12/2022 04:57:52,2,-999,390,3,2,230
30/12/2022 04:58:08,2,-999,390,3,2,230
30/12/2022 04:58:24,2,-999,390,3,2,230
30/12/2022 04:58:40,2,-999,390,3,2,230
30/12/2022 04:58:56,2,-999,390,3,2,230
30/12/2022 04:59:12,2,-999,390,3,2,250
30/12/2022 04:59:28,2,-999,390,3,2,250
30/12/2022 04:59:44,2,-999,390,3,2,240
30/12/2022 05:00:00,1,-999,380,3,2,240
30/12/2022 05:00:16,1,-999,380,3,2,280
30/12/2022 05:00:32,1,-999,380,3,2,280
30/12/2022 05:00:48,1,-999,380,3,2,280
30/12/2022 05:01:04,1,-999,380,3,1,830
30/12/2022 05:01:20,1,-999,380,3,1,830
30/12/2022 05:01:36,1,-999,380,3,2,260
30/12/2022 05:01:52,1,-999,380,3,2,260
30/12/2022 05:02:08,1,-999,380,3,2,250
30/12/2022 05:02:24,1,-999,380,3,2,250
30/12/2022 05:02:40,1,-999,380,3,1,270
30/12/2022 05:02:56,1,-999,380,3,1,270
30/12/2022 05:03:12,1,-999,380,3,1,270
30/12/2022 05:03:28,1,-999,380,3,1,190
30/12/2022 05:03:44,1,-999,380,3,1,190
30/12/2022 05:04:00,1,-999,380,3,1,190
30/12/2022 05:04:16,1,-999,380,3,1,190
30/12/2022 05:04:32,1,-999,380,3,1,280
30/12/2022 05:04:48,1,-999,380,3,1,280
30/12/2022 05:05:04,1,-999,380,3,1,280
30/12/2022 05:05:20,1,-999,380,3,1,280
30/12/2022 05:05:36,1,-999,380,3,1,280
30/12/2022 05:05:52,1,-999,380,3,1,240
30/12/2022 05:06:08,1,-999,380,3,1,240
30/12/2022 05:06:24,1,-999,380,3,1,270
30/12/2022 05:06:40,1,-999,380,3,1,270
30/12/2022 05:06:56,1,-999,380,3,1,250
30/12/2022 05:07:12,1,-999,380,3,1,250
30/12/2022 05:07:28,1,-999,380,3,1,240
30/12/2022 05:07:44,1,-999,380,3,1,240
30/12/2022 05:08:00,1,-999,380,3,1,240
30/12/2022 05:08:16,1,-999,380,3,1,240
30/12/2022 05:08:32,1,-999,380,3,1,240
30/12/2022 05:08:48,1,-999,380,3,1,240
30/12/2022 05:09:04,1,-999,380,3,1,240
30/12/2022 05:09:20,1,-999,380,3,1,250
30/12/2022 05:09:36,1,-999,380,3,1,250
30/12/2022 05:09:52,1,-999,380,3,1,240
30/12/2022 05:10:08,1,-999,380,3,1,240
30/12/2022 05:10:24,1,-999,380,3,1,240
30/12/2022 05:10:40,1,-999,380,3,1,240
30/12/2022 05:10:56,1,-999,380,3,1,240
30/12/2022 05:11:12,1,-999,380,3,1,230
30/12/2022 05:11:28,1,-999,380,3,1,230
30/12/2022 05:11:44,1,-999,380,3,1,230
30/12/2022 05:12:00,1,-999,380,3,1,230
30/12/2022 05:12:16,1,-999,380,3,1,230
30/12/2022 05:12:32,1,-999,380,3,1,230
30/12/2022 05:12:48,1,-999,380,3,1,230
30/12/2022 05:13:04,1,-999,380,3,1,240
30/12/2022 05:13:20,1,-999,380,3,1,240
30/12/2022 05:13:36,1,-999,380,3,1,230
30/12/2022 05:13:52,1,-999,380,3,1,230
30/12/2022 05:14:08,1,-999,380,3,1,230
30/12/2022 05:14:24,1,-999,380,3,1,230
30/12/2022 05:14:40,1,-999,380,3,1,230
30/12/2022 05:14:56,1,-999,380,3,1,240
30/12/2022 05:15:12,1,-999,380,3,1,240
30/12/2022 05:15:28,1,-999,380,3,1,210
30/12/2022 05:15:44,1,-999,380,3,1,210
30/12/2022 05:16:00,1,-999,380,3,1,190
30/12/2022 05:16:16,1,-999,380,3,1,190
30/12/2022 05:16:32,1,-999,380,3,1,190
30/12/2022 05:16:48,1,-999,380,3,1,190
30/12/2022 05:17:04,1,-999,380,3,1,210
30/12/2022 05:17:20,1,-999,380,3,1,210
30/12/2022 05:17:36,1,-999,380,3,1,210
30/12/2022 05:17:52,1,-999,380,3,1,210
30/12/2022 05:18:08,1,-999,380,3,1,210
30/12/2022 05:18:24,1,-999,380,3,1,260
30/12/2022 05:18:40,1,-999,380,3,1,260
30/12/2022 05:18:56,1,-999,380,3,1,240
30/12/2022 05:19:12,1,-999,380,3,1,240
30/12/2022 05:19:28,1,-999,380,3,1,210
30/12/2022 05:19:44,1,-999,380,3,1,210
30/12/2022 05:20:00,1,-999,380,3,1,210
30/12/2022 05:20:16,1,-999,380,3,1,230
30/12/2022 05:20:32,1,-999,380,3,1,230
30/12/2022 05:20:48,1,-999,380,3,1,210
30/12/2022 05:21:04,1,-999,380,3,1,210
30/12/2022 05:21:20,1,-999,380,3,1,230
30/12/2022 05:21:36,1,-999,380,3,1,230
30/12/2022 05:21:52,1,-999,380,3,1,260
30/12/2022 05:22:08,1,-999,380,3,1,260
30/12/2022 05:22:24,1,-999,380,3,1,260
30/12/2022 05:22:40,1,-999,380,3,1,210
30/12/2022 05:22:56,1,-999,380,3,1,210
30/12/2022 05:23:12,1,-999,380,3,1,210
30/12/2022 05:23:28,1,-999,380,3,1,210
30/12/2022 05:23:44,1,-999,380,3,1,210
30/12/2022 05:24:00,1,-999,380,3,1,210
30/12/2022 05:24:16,1,-999,380,3,1,240
30/12/2022 05:24:32,1,-999,380,3,1,240
30/12/2022 05:24:48,1,-999,380,3,1,240
30/12/2022 05:25:04,1,-999,380,3,1,250
30/12/2022 05:25:20,1,-999,380,3,1,250
30/12/2022 05:25:36,1,-999,380,3,1,210
30/12/2022 05:25:52,1,-999,380,3,1,210
30/12/2022 05:26:08,1,-999,380,3,1,190
30/12/2022 05:26:24,1,-999,380,3,1,190
30/12/2022 05:26:40,1,-999,380,3,1,180
30/12/2022 05:26:56,1,-999,380,3,1,180
30/12/2022 05:27:12,1,-999,380,3,1,180
30/12/2022 05:27:28,1,-999,380,3,1,190
30/12/2022 05:27:44,1,-999,380,3,1,190
30/12/2022 05:28:00,1,-999,380,3,1,190
30/12/2022 05:28:16,1,-999,380,3,1,190
30/12/2022 05:28:32,1,-999,380,3,1,200
30/12/2022 05:28:48,1,-999,380,3,1,200
30/12/2022 05:29:04,1,-999,380,3,1,190
30/12/2022 05:29:20,1,-999,380,3,1,190
30/12/2022 05:29:36,1,-999,380,3,1,190
30/12/2022 05:29:52,1,-999,380,3,1,200
30/12/2022 05:30:08,1,-999,380,3,1,200
30/12/2022 05:30:24,1,-999,380,3,1,170
30/12/2022 05:30:40,1,-999,380,3,1,170
30/12/2022 05:30:56,1,-999,380,3,1,160
30/12/2022 05:31:12,1,-999,380,3,1,160
30/12/2022 05:31:28,1,-999,380,3,1,180
30/12/2022 05:31:44,1,-999,380,3,1,180
30/12/2022 05:32:00,1,-999,380,3,1,180
30/12/2022 05:32:16,1,-999,380,3,1,170
30/12/2022 05:32:32,1,-999,380,3,1,170
30/12/2022 05:32:48,1,-999,380,3,1,210
30/12/2022 05:33:04,1,-999,380,3,1,210
30/12/2022 05:33:20,1,-999,380,3,1,200
30/12/2022 05:33:36,1,-999,380,3,1,200
30/12/2022 05:33:52,1,-999,380,3,1,190
30/12/2022 05:34:08,1,-999,380,3,1,190
30/12/2022 05:34:24,1,-999,380,3,1,190
30/12/2022 05:34:40,1,-999,380,3,1,180
30/12/2022 05:34:56,1,-999,380,3,1,180
30/12/2022 05:35:12,1,-999,380,3,1,140
30/12/2022 05:35:28,1,-999,380,3,1,140
30/12/2022 05:35:44,1,-999,380,3,1,180
30/12/2022 05:36:00,1,-999,380,3,1,180
30/12/2022 05:36:16,1,-999,380,3,1,150
30/12/2022 05:36:32,1,-999,380,3,1,150
30/12/2022 05:36:48,1,-999,380,3,1,150
30/12/2022 05:37:04,1,-999,380,3,1,200
30/12/2022 05:37:20,1,-999,380,3,1,200
30/12/2022 05:37:36,1,-999,380,3,1,200
30/12/2022 05:37:52,1,-999,380,3,1,200
30/12/2022 05:38:08,1,-999,380,3,1,190
30/12/2022 05:38:24,1,-999,380,3,1,190
30/12/2022 05:38:40,1,-999,380,3,1,170
30/12/2022 05:38:56,1,-999,380,3,1,170
30/12/2022 05:39:12,1,-999,380,3,1,170
30/12/2022 05:39:28,1,-999,380,3,1,160
30/12/2022 05:39:44,1,-999,380,3,1,160
30/12/2022 05:40:00,1,-999,380,3,1,180
30/12/2022 05:40:16,1,-999,380,3,1,180
30/12/2022 05:40:32,1,-999,380,3,2,200
30/12/2022 05:40:48,1,-999,380,3,2,200
30/12/2022 05:41:04,1,-999,380,3,1,190
30/12/2022 05:41:20,1,-999,380,3,1,190
30/12/2022 05:41:36,1,-999,380,3,1,190
30/12/2022 05:41:52,1,-999,380,3,1,170
30/12/2022 05:42:08,1,-999,380,3,1,170
30/12/2022 05:42:24,1,-999,380,3,1,230
30/12/2022 05:42:40,1,-999,380,3,1,230
30/12/2022 05:42:56,1,-999,380,3,1,170
30/12/2022 05:43:12,1,-999,380,3,1,170
30/12/2022 05:43:28,1,-999,380,3,1,180
30/12/2022 05:43:44,1,-999,380,3,1,180
30/12/2022 05:44:00,1,-999,380,3,1,180
30/12/2022 05:44:16,1,-999,380,3,1,160
30/12/2022 05:44:32,1,-999,380,3,1,160
30/12/2022 05:44:48,1,-999,380,3,1,200
30/12/2022 05:45:04,1,-999,380,3,1,200
30/12/2022 05:45:20,1,-999,380,3,1,240
30/12/2022 05:45:36,1,-999,380,3,1,240
30/12/2022 05:45:52,1,-999,380,3,1,200
30/12/2022 05:46:08,1,-999,380,3,1,200
30/12/2022 05:46:24,1,-999,380,3,1,200
30/12/2022 05:46:40,1,-999,380,3,1,190
30/12/2022 05:46:56,1,-999,380,3,1,190
30/12/2022 05:47:12,1,-999,380,3,1,180
30/12/2022 05:47:28,1,-999,380,3,1,180
30/12/2022 05:47:44,1,-999,380,3,1,190
30/12/2022 05:48:00,1,-999,380,3,1,190
30/12/2022 05:48:16,1,-999,380,3,1,160
30/12/2022 05:48:32,1,-999,380,3,1,160
30/12/2022 05:48:48,1,-999,380,3,1,160
30/12/2022 05:49:04,1,-999,380,3,1,190
30/12/2022 05:49:20,1,-999,380,3,1,190
30/12/2022 05:49:36,1,-999,380,3,1,170
30/12/2022 05:49:52,1,-999,380,3,1,170
30/12/2022 05:50:08,1,-999,380,3,1,200
30/12/2022 05:50:24,1,-999,380,3,1,200
30/12/2022 05:50:40,1,-999,380,3,1,210
30/12/2022 05:50:56,1,-999,380,3,1,210
30/12/2022 05:51:12,1,-999,380,3,1,210
30/12/2022 05:51:28,1,-999,380,3,1,200
30/12/2022 05:51:44,1,-999,380,3,1,200
30/12/2022 05:52:00,1,-999,380,3,1,200
30/12/2022 05:52:16,1,-999,380,3,1,200
30/12/2022 05:52:32,1,-999,380,3,1,180
30/12/2022 05:52:48,1,-999,380,3,1,180
30/12/2022 05:53:04,1,-999,380,3,1,140
30/12/2022 05:53:20,1,-999,380,3,1,140
30/12/2022 05:53:36,1,-999,380,3,1,140
30/12/2022 05:53:52,1,-999,380,3,1,170
30/12/2022 05:54:08,1,-999,380,3,1,170
30/12/2022 05:54:24,1,-999,380,3,1,190
30/12/2022 05:54:40,1,-999,380,3,1,190
30/12/2022 05:54:56,1,-999,380,3,1,170
30/12/2022 05:55:12,1,-999,380,3,1,170
30/12/2022 05:55:28,1,-999,380,3,1,180
30/12/2022 05:55:44,1,-999,380,3,1,180
30/12/2022 05:56:00,1,-999,380,3,1,180
30/12/2022 05:56:16,1,-999,380,3,1,170
30/12/2022 05:56:32,1,-999,380,3,1,170
30/12/2022 05:56:48,1,-999,380,3,1,170
30/12/2022 05:57:04,1,-999,380,3,1,170
30/12/2022 05:57:20,1,-999,380,3,1,160
30/12/2022 05:57:36,1,-999,380,3,1,160
30/12/2022 05:57:52,1,-999,380,3,2,170
30/12/2022 05:58:08,1,-999,380,3,2,170
30/12/2022 05:58:24,1,-999,380,3,2,170
30/12/2022 05:58:40,1,-999,380,3,2,190
30/12/2022 05:58:56,1,-999,380,3,2,190
30/12/2022 05:59:12,1,-999,380,3,1,160
30/12/2022 05:59:28,1,-999,380,3,1,160
30/12/2022 05:59:44,1,-999,380,3,2,190
30/12/2022 06:00:00,-999,-999,-999,3,2,190
30/12/2022 06:00:16,-999,-999,-999,3,3,210
30/12/2022 06:00:32,-999,-999,-999,3,3,210
30/12/2022 06:00:48,-999,-999,-999,3,3,210
30/12/2022 06:01:04,-999,-999,-999,3,2,210
30/12/2022 06:01:20,-999,-999,-999,3,2,210
30/12/2022 06:01:36,-999,-999,-999,3,3,140
30/12/2022 06:01:52,-999,-999,-999,3,3,140
30/12/2022 06:02:08,-999,-999,-999,3,2,160
30/12/2022 06:02:24,-999,-999,-999,3,2,160
30/12/2022 06:02:40,-999,-999,-999,3,2,180
30/12/2022 06:02:56,-999,-999,-999,3,2,180
30/12/2022 06:03:12,-999,-999,-999,3,2,180
30/12/2022 06:03:28,-999,-999,-999,3,2,180
30/12/2022 06:03:44,-999,-999,-999,3,2,180
30/12/2022 06:04:00,-999,-999,-999,3,1,170
30/12/2022 06:04:16,-999,-999,-999,3,1,170
30/12/2022 06:04:32,-999,-999,-999,3,2,180
30/12/2022 06:04:48,-999,-999,-999,3,2,180
30/12/2022 06:05:04,-999,-999,-999,3,2,190
30/12/2022 06:05:20,-999,-999,-999,3,2,190
30/12/2022 06:05:36,-999,-999,-999,3,2,190
30/12/2022 06:05:52,-999,-999,-999,3,2,300
30/12/2022 06:06:08,-999,-999,-999,3,2,300
30/12/2022 06:06:24,-999,-999,-999,3,2,210
30/12/2022 06:06:40,-999,-999,-999,3,2,210
30/12/2022 06:06:56,-999,-999,-999,3,2,210
30/12/2022 06:07:12,-999,-999,-999,3,2,210
30/12/2022 06:07:28,-999,-999,-999,3,2,270
30/12/2022 06:07:44,-999,-999,-999,3,2,270
30/12/2022 06:08:00,-999,-999,-999,3,2,270
30/12/2022 06:08:16,-999,-999,-999,3,1,180
30/12/2022 06:08:32,-999,-999,-999,3,1,180
30/12/2022 06:08:48,-999,-999,-999,3,2,160
30/12/2022 06:09:04,-999,-999,-999,3,2,160
30/12/2022 06:09:20,-999,-999,-999,3,2,200
30/12/2022 06:09:36,-999,-999,-999,3,2,200
30/12/2022 06:09:52,-999,-999,-999,3,2,170
30/12/2022 06:10:08,-999,-999,-999,3,2,170
30/12/2022 06:10:24,-999,-999,-999,3,2,170
30/12/2022 06:10:40,-999,-999,-999,3,2,190
30/12/2022 06:10:56,-999,-999,-999,3,2,190
30/12/2022 06:11:12,-999,-999,-999,3,1,670
30/12/2022 06:11:28,-999,-999,-999,3,1,670
30/12/2022 06:11:44,-999,-999,-999,3,2,190
30/12/2022 06:12:00,-999,-999,-999,3,2,190
30/12/2022 06:12:16,-999,-999,-999,3,2,210
30/12/2022 06:12:32,-999,-999,-999,3,2,210
30/12/2022 06:12:48,-999,-999,-999,3,2,210
30/12/2022 06:13:04,-999,-999,-999,3,2,150
30/12/2022 06:13:20,-999,-999,-999,3,2,150
30/12/2022 06:13:36,-999,-999,-999,3,2,200
30/12/2022 06:13:52,-999,-999,-999,3,2,200
30/12/2022 06:14:08,-999,-999,-999,3,1,190
30/12/2022 06:14:24,-999,-999,-999,3,1,190
30/12/2022 06:14:40,-999,-999,-999,3,2,190
30/12/2022 06:14:56,-999,-999,-999,3,2,190
30/12/2022 06:15:12,-999,-999,-999,3,2,190
30/12/2022 06:15:28,-999,-999,-999,3,2,160
30/12/2022 06:15:44,-999,-999,-999,3,2,160
30/12/2022 06:16:00,-999,-999,-999,3,3,140
30/12/2022 06:16:16,-999,-999,-999,3,3,140
30/12/2022 06:16:32,-999,-999,-999,3,3,150
30/12/2022 06:16:48,-999,-999,-999,3,3,150
30/12/2022 06:17:04,-999,-999,-999,3,2,150
30/12/2022 06:17:20,-999,-999,-999,3,2,150
30/12/2022 06:17:36,-999,-999,-999,3,2,150
30/12/2022 06:17:52,-999,-999,-999,3,2,140
30/12/2022 06:18:08,-999,-999,-999,3,2,140
30/12/2022 06:18:24,-999,-999,-999,3,2,190
30/12/2022 06:18:40,-999,-999,-999,3,2,190
30/12/2022 06:18:56,-999,-999,-999,3,2,210
30/12/2022 06:19:12,-999,-999,-999,3,2,210
30/12/2022 06:19:28,-999,-999,-999,3,3,160
30/12/2022 06:19:44,-999,-999,-999,3,3,160
30/12/2022 06:20:00,-999,-999,-999,3,3,160
30/12/2022 06:20:16,-999,-999,-999,3,1,210
30/12/2022 06:20:32,-999,-999,-999,3,1,210
30/12/2022 06:20:48,-999,-999,-999,3,2,230
30/12/2022 06:21:04,-999,-999,-999,3,2,230
30/12/2022 06:21:20,-999,-999,-999,3,2,210
30/12/2022 06:21:36,-999,-999,-999,3,2,210
30/12/2022 06:21:52,-999,-999,-999,3,3,210
30/12/2022 06:22:08,-999,-999,-999,3,3,210
30/12/2022 06:22:24,-999,-999,-999,3,3,210
30/12/2022 06:22:40,-999,-999,-999,3,3,190
30/12/2022 06:22:56,-999,-999,-999,3,3,190
30/12/2022 06:23:12,-999,-999,-999,3,2,170
30/12/2022 06:23:28,-999,-999,-999,3,2,170
30/12/2022 06:23:44,-999,-999,-999,3,3,210
30/12/2022 06:24:00,-999,-999,-999,3,3,210
30/12/2022 06:24:16,-999,-999,-999,3,3,210
30/12/2022 06:24:32,-999,-999,-999,3,3,210
30/12/2022 06:24:48,-999,-999,-999,3,3,210
30/12/2022 06:25:04,-999,-999,-999,3,1,780
30/12/2022 06:25:20,-999,-999,-999,3,1,780
30/12/2022 06:25:36,-999,-999,-999,3,2,210
30/12/2022 06:25:52,-999,-999,-999,3,2,210
30/12/2022 06:26:08,-999,-999,-999,3,2,180
30/12/2022 06:26:24,-999,-999,-999,3,2,180
30/12/2022 06:26:40,-999,-999,-999,3,3,160
30/12/2022 06:26:56,-999,-999,-999,3,3,160
30/12/2022 06:27:12,-999,-999,-999,3,3,160
30/12/2022 06:27:28,-999,-999,-999,3,1,170
30/12/2022 06:27:44,-999,-999,-999,3,1,170
30/12/2022 06:28:00,-999,-999,-999,3,3,170
30/12/2022 06:28:16,-999,-999,-999,3,3,170
30/12/2022 06:28:32,-999,-999,-999,3,3,200
30/12/2022 06:28:48,-999,-999,-999,3,3,200
30/12/2022 06:29:04,-999,-999,-999,3,3,210
30/12/2022 06:29:20,-999,-999,-999,3,3,210
30/12/2022 06:29:36,-999,-999,-999,3,3,210
30/12/2022 06:29:52,-999,-999,-999,3,2,200
30/12/2022 06:30:08,-999,-999,-999,3,2,200
30/12/2022 06:30:24,-999,-999,-999,3,2,180
30/12/2022 06:30:40,-999,-999,-999,3,2,180
30/12/2022 06:30:56,-999,-999,-999,3,2,160
30/12/2022 06:31:12,-999,-999,-999,3,2,160
30/12/2022 06:31:28,-999,-999,-999,3,2,150
30/12/2022 06:31:44,-999,-999,-999,3,2,150
30/12/2022 06:32:00,-999,-999,-999,3,2,150
30/12/2022 06:32:16,-999,-999,-999,3,2,150
30/12/2022 06:32:32,-999,-999,-999,3,2,150
30/12/2022 06:32:48,-999,-999,-999,3,3,140
30/12/2022 06:33:04,-999,-999,-999,3,3,140
30/12/2022 06:33:20,-999,-999,-999,3,2,130
30/12/2022 06:33:36,-999,-999,-999,3,2,130
30/12/2022 06:33:52,-999,-999,-999,3,2,170
30/12/2022 06:34:08,-999,-999,-999,3,2,170
30/12/2022 06:34:24,-999,-999,-999,3,2,170
30/12/2022 06:34:40,-999,-999,-999,3,1,160
30/12/2022 06:34:56,-999,-999,-999,3,1,160
30/12/2022 06:35:12,-999,-999,-999,3,1,150
30/12/2022 06:35:28,-999,-999,-999,3,1,150
30/12/2022 06:35:44,-999,-999,-999,3,1,150
30/12/2022 06:36:00,-999,-999,-999,3,1,150
30/12/2022 06:36:16,-999,-999,-999,3,1,140
30/12/2022 06:36:32,-999,-999,-999,3,1,140
30/12/2022 06:36:48,-999,-999,-999,3,1,140
30/12/2022 06:37:04,-999,-999,-999,3,2,180
30/12/2022 06:37:20,-999,-999,-999,3,2,180
30/12/2022 06:37:36,-999,-999,-999,3,2,170
30/12/2022 06:37:52,-999,-999,-999,3,2,170
30/12/2022 06:38:08,-999,-999,-999,3,1,160
30/12/2022 06:38:24,-999,-999,-999,3,1,160
30/12/2022 06:38:40,-999,-999,-999,3,3,140
30/12/2022 06:38:56,-999,-999,-999,3,3,140
30/12/2022 06:39:12,-999,-999,-999,3,3,140
30/12/2022 06:39:28,-999,-999,-999,3,2,130
30/12/2022 06:39:44,-999,-999,-999,3,2,130
30/12/2022 06:40:00,-999,-999,-999,3,2,150
30/12/2022 06:40:16,-999,-999,-999,3,2,150
30/12/2022 06:40:32,-999,-999,-999,3,3,160
30/12/2022 06:40:48,-999,-999,-999,3,3,160
30/12/2022 06:41:04,-999,-999,-999,3,2,180
30/12/2022 06:41:20,-999,-999,-999,3,2,180
30/12/2022 06:41:36,-999,-999,-999,3,2,180
30/12/2022 06:41:52,-999,-999,-999,3,1,140
30/12/2022 06:42:08,-999,-999,-999,3,1,140
30/12/2022 06:42:24,-999,-999,-999,3,3,140
30/12/2022 06:42:40,-999,-999,-999,3,3,140
30/12/2022 06:42:56,-999,-999,-999,3,2,150
30/12/2022 06:43:12,-999,-999,-999,3,2,150
30/12/2022 06:43:28,-999,-999,-999,3,1,130
30/12/2022 06:43:44,-999,-999,-999,3,1,130
30/12/2022 06:44:00,-999,-999,-999,3,1,130
30/12/2022 06:44:16,-999,-999,-999,3,2,120
30/12/2022 06:44:32,-999,-999,-999,3,2,120
30/12/2022 06:44:48,-999,-999,-999,3,2,180
30/12/2022 06:45:04,-999,-999,-999,3,2,180
30/12/2022 06:45:20,-999,-999,-999,3,2,140
30/12/2022 06:45:36,-999,-999,-999,3,2,140
30/12/2022 06:45:52,-999,-999,-999,3,2,170
30/12/2022 06:46:08,-999,-999,-999,3,2,170
30/12/2022 06:46:24,-999,-999,-999,3,2,170
30/12/2022 06:46:40,-999,-999,-999,3,1,160
30/12/2022 06:46:56,-999,-999,-999,3,1,160
30/12/2022 06:47:12,-999,-999,-999,3,1,160
30/12/2022 06:47:28,-999,-999,-999,3,1,160
30/12/2022 06:47:44,-999,-999,-999,3,1,150
30/12/2022 06:48:00,-999,-999,-999,3,1,150
30/12/2022 06:48:16,-999,-999,-999,3,1,150
30/12/2022 06:48:32,-999,-999,-999,3,3,130
30/12/2022 06:48:48,-999,-999,-999,3,3,130
30/12/2022 06:49:04,-999,-999,-999,3,2,140
30/12/2022 06:49:20,-999,-999,-999,3,2,140
30/12/2022 06:49:36,-999,-999,-999,3,1,160
30/12/2022 06:49:52,-999,-999,-999,3,1,160
30/12/2022 06:50:08,-999,-999,-999,3,2,160
30/12/2022 06:50:24,-999,-999,-999,3,2,160
30/12/2022 06:50:40,-999,-999,-999,3,2,130
30/12/2022 06:50:56,-999,-999,-999,3,2,130
30/12/2022 06:51:12,-999,-999,-999,3,2,130
30/12/2022 06:51:28,-999,-999,-999,3,2,140
30/12/2022 06:51:44,-999,-999,-999,3,2,140
30/12/2022 06:52:00,-999,-999,-999,3,1,150
30/12/2022 06:52:16,-999,-999,-999,3,1,150
30/12/2022 06:52:32,-999,-999,-999,3,2,120
30/12/2022 06:52:48,-999,-999,-999,3,2,120
30/12/2022 06:53:04,-999,-999,-999,3,2,170
30/12/2022 06:53:20,-999,-999,-999,3,2,170
30/12/2022 06:53:36,-999,-999,-999,3,2,170
30/12/2022 06:53:52,-999,-999,-999,3,2,170
30/12/2022 06:54:08,-999,-999,-999,3,2,170
30/12/2022 06:54:24,-999,-999,-999,3,2,130
30/12/2022 06:54:40,-999,-999,-999,3,2,130
30/12/2022 06:54:56,-999,-999,-999,3,1,140
30/12/2022 06:55:12,-999,-999,-999,3,1,140
30/12/2022 06:55:28,-999,-999,-999,3,1,140
30/12/2022 06:55:44,-999,-999,-999,3,1,140
30/12/2022 06:56:00,-999,-999,-999,3,1,140
30/12/2022 06:56:16,-999,-999,-999,3,1,130
30/12/2022 06:56:32,-999,-999,-999,3,1,130
30/12/2022 06:56:48,-999,-999,-999,3,1,130
30/12/2022 06:57:04,-999,-999,-999,3,1,130
30/12/2022 06:57:20,-999,-999,-999,3,2,150
30/12/2022 06:57:36,-999,-999,-999,3,2,150
30/12/2022 06:57:52,-999,-999,-999,3,2,190
30/12/2022 06:58:08,-999,-999,-999,3,2,190
30/12/2022 06:58:24,-999,-999,-999,3,2,190
30/12/2022 06:58:40,-999,-999,-999,3,2,160
30/12/2022 06:58:56,-999,-999,-999,3,2,160
30/12/2022 06:59:12,-999,-999,-999,3,1,150
30/12/2022 06:59:28,-999,-999,-999,3,1,150
30/12/2022 06:59:44,-999,-999,-999,3,2,140
30/12/2022 07:00:00,-999,-999,-999,3,2,140
30/12/2022 07:00:16,-999,-999,-999,3,2,130
30/12/2022 07:00:32,-999,-999,-999,3,2,130
30/12/2022 07:00:48,-999,-999,-999,3,2,130
30/12/2022 07:01:04,-999,-999,-999,3,1,860
30/12/2022 07:01:20,-999,-999,-999,3,1,860
30/12/2022 07:01:36,-999,-999,-999,3,2,170
30/12/2022 07:01:52,-999,-999,-999,3,2,170
30/12/2022 07:02:08,-999,-999,-999,3,3,120
30/12/2022 07:02:24,-999,-999,-999,3,3,120
30/12/2022 07:02:40,-999,-999,-999,3,2,130
30/12/2022 07:02:56,-999,-999,-999,3,2,130
30/12/2022 07:03:12,-999,-999,-999,3,2,130
30/12/2022 07:03:28,-999,-999,-999,3,1,750
30/12/2022 07:03:44,-999,-999,-999,3,1,750
30/12/2022 07:04:00,-999,-999,-999,3,1,560
30/12/2022 07:04:16,-999,-999,-999,3,1,560
30/12/2022 07:04:32,-999,-999,-999,3,2,140
30/12/2022 07:04:48,-999,-999,-999,3,2,140
30/12/2022 07:05:04,-999,-999,-999,3,2,130
30/12/2022 07:05:20,-999,-999,-999,3,2,130
30/12/2022 07:05:36,-999,-999,-999,3,2,130
30/12/2022 07:05:52,-999,-999,-999,3,3,110
30/12/2022 07:06:08,-999,-999,-999,3,3,110
30/12/2022 07:06:24,-999,-999,-999,3,2,120
30/12/2022 07:06:40,-999,-999,-999,3,2,120
30/12/2022 07:06:56,-999,-999,-999,3,3,110
30/12/2022 07:07:12,-999,-999,-999,3,3,110
30/12/2022 07:07:28,-999,-999,-999,3,3,150
30/12/2022 07:07:44,-999,-999,-999,3,3,150
30/12/2022 07:08:00,-999,-999,-999,3,3,150
30/12/2022 07:08:16,-999,170,-999,3,1,1560
30/12/2022 07:08:32,-999,170,-999,3,1,1560
30/12/2022 07:08:48,-999,170,-999,3,1,1560
30/12/2022 07:09:04,-999,150,-999,3,1,1560
30/12/2022 07:09:20,-999,150,-999,3,1,1530
30/12/2022 07:09:36,-999,150,-999,3,1,1530
30/12/2022 07:09:52,-999,-999,-999,3,1,1390
30/12/2022 07:10:08,-999,-999,-999,3,1,1390
30/12/2022 07:10:24,-999,-999,-999,3,1,1390
30/12/2022 07:10:40,-999,-999,-999,3,1,1360
30/12/2022 07:10:56,-999,-999,-999,3,1,1360
30/12/2022 07:11:12,-999,170,-999,3,1,1380
30/12/2022 07:11:28,-999,170,-999,3,1,1380
30/12/2022 07:11:44,-999,170,-999,3,1,1360
30/12/2022 07:12:00,-999,-999,-999,3,1,1360
30/12/2022 07:12:16,-999,-999,-999,3,1,1380
30/12/2022 07:12:32,-999,-999,-999,3,1,1380
30/12/2022 07:12:48,-999,-999,-999,3,1,1380
30/12/2022 07:13:04,-999,-999,-999,3,3,650
30/12/2022 07:13:20,-999,-999,-999,3,3,650
30/12/2022 07:13:36,-999,-999,-999,3,2,170
30/12/2022 07:13:52,-999,-999,-999,3,2,170
30/12/2022 07:14:08,-999,-999,-999,3,1,150
30/12/2022 07:14:24,-999,-999,-999,3,1,150
30/12/2022 07:14:40,-999,-999,-999,3,1,130
30/12/2022 07:14:56,-999,-999,-999,3,1,130
30/12/2022 07:15:12,-999,-999,-999,3,1,130
30/12/2022 07:15:28,-999,-999,-999,3,1,130
30/12/2022 07:15:44,-999,-999,-999,3,1,130
30/12/2022 07:16:00,-999,-999,-999,3,2,120
30/12/2022 07:16:16,-999,-999,-999,3,2,120
30/12/2022 07:16:32,-999,-999,-999,3,2,120
30/12/2022 07:16:48,-999,-999,-999,3,2,120
30/12/2022 07:17:04,-999,-999,-999,3,1,410
30/12/2022 07:17:20,-999,-999,-999,3,1,410
30/12/2022 07:17:36,-999,-999,-999,3,1,410
30/12/2022 07:17:52,-999,-999,-999,3,1,390
30/12/2022 07:18:08,-999,-999,-999,3,1,390
30/12/2022 07:18:24,-999,-999,-999,3,2,110
30/12/2022 07:18:40,-999,-999,-999,3,2,110
30/12/2022 07:18:56,-999,-999,-999,3,2,110
30/12/2022 07:19:12,-999,-999,-999,3,2,110
30/12/2022 07:19:28,-999,-999,-999,3,2,110
30/12/2022 07:19:44,-999,-999,-999,3,2,110
30/12/2022 07:20:00,-999,-999,-999,3,2,110
30/12/2022 07:20:16,-999,-999,-999,3,2,110
30/12/2022 07:20:32,-999,-999,-999,3,2,110
30/12/2022 07:20:48,-999,-999,-999,3,1,650
30/12/2022 07:21:04,-999,-999,-999,3,1,650
30/12/2022 07:21:20,-999,-999,-999,3,1,470
30/12/2022 07:21:36,-999,-999,-999,3,1,470
30/12/2022 07:21:52,-999,-999,-999,3,1,320
30/12/2022 07:22:08,-999,-999,-999,3,1,320
30/12/2022 07:22:24,-999,-999,-999,3,1,320
30/12/2022 07:22:40,-999,-999,-999,3,1,260
30/12/2022 07:22:56,-999,-999,-999,3,1,260
30/12/2022 07:23:12,-999,-999,-999,3,1,200
30/12/2022 07:23:28,-999,-999,-999,3,1,200
30/12/2022 07:23:44,-999,-999,-999,3,1,170
30/12/2022 07:24:00,-999,-999,-999,3,1,170
30/12/2022 07:24:16,-999,-999,-999,3,2,170
30/12/2022 07:24:32,-999,-999,-999,3,2,170
30/12/2022 07:24:48,-999,-999,-999,3,2,170
30/12/2022 07:25:04,-999,-999,-999,3,1,180
30/12/2022 07:25:20,-999,-999,-999,3,1,180
30/12/2022 07:25:36,-999,-999,-999,3,1,170
30/12/2022 07:25:52,-999,-999,-999,3,1,170
30/12/2022 07:26:08,-999,-999,-999,3,1,160
30/12/2022 07:26:24,-999,-999,-999,3,1,160
30/12/2022 07:26:40,-999,-999,-999,3,1,180
30/12/2022 07:26:56,-999,-999,-999,3,1,180
30/12/2022 07:27:12,-999,-999,-999,3,1,180
30/12/2022 07:27:28,-999,-999,-999,3,2,130
30/12/2022 07:27:44,-999,-999,-999,3,2,130
30/12/2022 07:28:00,-999,-999,-999,3,2,130
30/12/2022 07:28:16,-999,-999,-999,3,2,130
30/12/2022 07:28:32,-999,-999,-999,3,1,780
30/12/2022 07:28:48,-999,-999,-999,3,1,780
30/12/2022 07:29:04,-999,-999,-999,3,1,800
