# Time, Layer_QualityIndex,bl_height,Mean_Layer_Height,n_BL,cloud_stat,cloud_dat
22/12/2022 11:00:00,2,1850,1850,3,0,-999
22/12/2022 11:00:16,2,1840,1850,3,0,-999
22/12/2022 11:00:32,2,1830,1850,3,0,-999
22/12/2022 11:00:48,2,1820,1850,3,0,-999
22/12/2022 11:01:04,2,1810,1850,3,0,-999
22/12/2022 11:01:20,2,1820,1850,3,0,-999
22/12/2022 11:01:36,2,1840,1850,3,0,-999
22/12/2022 11:01:52,2,1850,1850,3,0,-999
22/12/2022 11:02:08,2,1860,1850,3,0,-999
22/12/2022 11:02:24,2,1890,1850,3,0,-999
22/12/2022 11:02:40,2,1940,1850,3,0,-999
22/12/2022 11:02:56,2,1990,1850,3,0,-999
22/12/2022 11:03:12,2,1940,1850,3,0,-999
22/12/2022 11:03:28,2,1900,1850,3,0,-999
22/12/2022 11:03:44,2,1870,1850,3,0,-999
22/12/2022 11:04:00,2,1830,1850,3,0,-999
22/12/2022 11:04:16,2,1840,1850,3,0,-999
22/12/2022 11:04:32,2,1850,1850,3,0,-999
22/12/2022 11:04:48,2,1860,1850,3,0,-999
22/12/2022 11:05:04,2,1840,1850,3,0,-999
22/12/2022 11:05:20,2,1820,1850,3,0,-999
22/12/2022 11:05:36,2,1840,1850,3,0,-999
22/12/2022 11:05:52,2,1870,1850,3,0,-999
22/12/2022 11:06:08,2,1900,1850,3,0,-999
22/12/2022 11:06:24,2,1950,1850,3,0,-999
22/12/2022 11:06:40,2,1960,1850,3,0,-999
22/12/2022 11:06:56,2,1980,1850,3,0,-999
22/12/2022 11:07:12,2,1990,1850,3,0,-999
22/12/2022 11:07:28,2,2000,1850,3,0,-999
22/12/2022 11:07:44,2,2000,1850,3,0,-999
22/12/2022 11:08:00,2,2060,1850,3,0,-999
22/12/2022 11:08:16,2,2140,1850,3,0,-999
22/12/2022 11:08:32,2,2120,1850,3,0,-999
22/12/2022 11:08:48,2,2110,1850,3,0,-999
22/12/2022 11:09:04,2,2000,1850,3,0,-999
22/12/2022 11:09:20,2,1920,1850,3,0,-999
22/12/2022 11:09:36,2,1830,1850,3,1,5290
22/12/2022 11:09:52,2,1830,1850,3,1,5290
22/12/2022 11:10:08,2,1830,1850,3,1,5290
22/12/2022 11:10:24,2,1840,1850,3,0,-999
22/12/2022 11:10:40,2,1850,1850,3,0,-999
22/12/2022 11:10:56,2,1850,1850,3,0,-999
22/12/2022 11:11:12,2,1850,1850,3,0,-999
22/12/2022 11:11:28,2,1790,1850,3,0,-999
22/12/2022 11:11:44,2,1740,1850,3,0,-999
22/12/2022 11:12:00,2,1730,1850,3,0,-999
22/12/2022 11:12:16,2,1690,1850,3,0,-999
22/12/2022 11:12:32,2,1660,1850,3,0,-999
22/12/2022 11:12:48,2,1650,1850,3,0,-999
22/12/2022 11:13:04,2,1650,1850,3,0,-999
22/12/2022 11:13:20,2,1650,1850,3,0,-999
22/12/2022 11:13:36,2,1650,1850,3,0,-999
22/12/2022 11:13:52,2,1630,1850,3,0,-999
22/12/2022 11:14:08,2,1620,1850,3,0,-999
22/12/2022 11:14:24,2,1620,1850,3,0,-999
22/12/2022 11:14:40,2,1600,1850,3,0,-999
22/12/2022 11:14:56,2,1590,1850,3,0,-999
22/12/2022 11:15:12,2,1610,1850,3,0,-999
22/12/2022 11:15:28,2,1630,1850,3,0,-999
22/12/2022 11:15:44,2,1630,1850,3,0,-999
22/12/2022 11:16:00,2,1630,1850,3,0,-999
22/12/2022 11:16:16,2,1580,1850,3,1,5770
22/12/2022 11:16:32,2,1540,1850,3,1,5770
22/12/2022 11:16:48,2,1520,1850,3,1,5730
22/12/2022 11:17:04,2,1530,1850,3,1,5730
22/12/2022 11:17:20,2,1550,1850,3,1,5730
22/12/2022 11:17:36,2,1560,1850,3,2,4190
22/12/2022 11:17:52,2,1570,1850,3,2,4190
22/12/2022 11:18:08,2,1580,1850,3,2,4190
22/12/2022 11:18:24,2,1580,1850,3,2,4190
22/12/2022 11:18:40,2,1610,1850,3,1,5690
22/12/2022 11:18:56,2,1650,1850,3,1,5690
22/12/2022 11:19:12,2,1630,1850,3,1,5690
22/12/2022 11:19:28,2,1590,1850,3,1,5690
22/12/2022 11:19:44,2,1570,1850,3,1,5690
22/12/2022 11:20:00,2,1570,1850,3,1,5690
22/12/2022 11:20:16,2,1580,1850,3,1,5690
22/12/2022 11:20:32,2,1570,1850,3,2,5740
22/12/2022 11:20:48,2,1550,1850,3,2,5740
22/12/2022 11:21:04,2,1570,1850,3,3,5770
22/12/2022 11:21:20,2,1580,1850,3,3,5770
22/12/2022 11:21:36,2,1560,1850,3,1,5700
22/12/2022 11:21:52,2,1520,1850,3,1,5700
22/12/2022 11:22:08,2,1490,1850,3,1,5700
22/12/2022 11:22:24,2,1470,1850,3,1,5620
22/12/2022 11:22:40,2,1460,1850,3,1,5620
22/12/2022 11:22:56,2,1450,1850,3,2,4050
22/12/2022 11:23:12,2,1450,1850,3,2,4050
22/12/2022 11:23:28,2,1470,1850,3,1,4050
22/12/2022 11:23:44,2,1480,1850,3,1,4050
22/12/2022 11:24:00,2,1480,1850,3,1,4070
22/12/2022 11:24:16,2,1480,1850,3,1,4070
22/12/2022 11:24:32,2,1480,1850,3,1,4070
22/12/2022 11:24:48,2,1480,1850,3,1,4060
22/12/2022 11:25:04,2,1480,1850,3,1,4060
22/12/2022 11:25:20,2,1490,1850,3,2,4030
22/12/2022 11:25:36,2,1490,1850,3,2,4030
22/12/2022 11:25:52,2,990,1850,3,2,4050
22/12/2022 11:26:08,2,990,1850,3,2,4050
22/12/2022 11:26:24,2,2770,1850,3,1,4020
22/12/2022 11:26:40,2,2770,1850,3,1,4020
22/12/2022 11:26:56,2,2770,1850,3,1,4020
22/12/2022 11:27:12,2,2780,1850,3,1,4020
22/12/2022 11:27:28,2,2780,1850,3,1,4020
22/12/2022 11:27:44,2,2810,1850,3,1,4020
22/12/2022 11:28:00,2,2830,1850,3,1,4020
22/12/2022 11:28:16,2,2800,1850,3,1,4000
22/12/2022 11:28:32,2,2770,1850,3,1,4000
22/12/2022 11:28:48,2,2750,1850,3,1,4000
22/12/2022 11:29:04,2,2740,1850,3,1,4000
22/12/2022 11:29:20,2,2710,1850,3,1,4000
22/12/2022 11:29:36,2,1030,1850,3,1,3980
22/12/2022 11:29:52,2,1020,1850,3,1,3980
22/12/2022 11:30:08,2,1020,1850,3,1,3980
22/12/2022 11:30:24,2,1020,1850,3,1,3980
22/12/2022 11:30:40,2,1460,1850,3,1,4030
22/12/2022 11:30:56,2,1460,1850,3,1,4030
22/12/2022 11:31:12,2,1140,1850,3,1,4010
22/12/2022 11:31:28,2,10,1850,3,1,4010
22/12/2022 11:31:44,2,1180,1850,3,1,4010
22/12/2022 11:32:00,2,10,1850,3,1,4000
22/12/2022 11:32:16,2,10,1850,3,1,4000
22/12/2022 11:32:32,2,1010,1850,3,1,3980
22/12/2022 11:32:48,2,1010,1850,3,1,3980
22/12/2022 11:33:04,2,1010,1850,3,1,3980
22/12/2022 11:33:20,2,1010,1850,3,1,3980
22/12/2022 11:33:36,2,1010,1850,3,1,3980
22/12/2022 11:33:52,2,1010,1850,3,1,3980
22/12/2022 11:34:08,2,1010,1850,3,1,3980
22/12/2022 11:34:24,2,1010,1850,3,1,3970
22/12/2022 11:34:40,2,1010,1850,3,1,3970
22/12/2022 11:34:56,2,1550,1850,3,1,4040
22/12/2022 11:35:12,2,1540,1850,3,1,4040
22/12/2022 11:35:28,2,1590,1850,3,2,4060
22/12/2022 11:35:44,2,1650,1850,3,2,4060
22/12/2022 11:36:00,2,1690,1850,3,1,5640
22/12/2022 11:36:16,2,1740,1850,3,1,5640
22/12/2022 11:36:32,2,1790,1850,3,1,5640
22/12/2022 11:36:48,2,1790,1850,3,0,-999
22/12/2022 11:37:04,2,1800,1850,3,0,-999
22/12/2022 11:37:20,2,1770,1850,3,0,-999
22/12/2022 11:37:36,2,1750,1850,3,0,-999
22/12/2022 11:37:52,2,1000,1850,3,1,3950
22/12/2022 11:38:08,2,1000,1850,3,1,3950
22/12/2022 11:38:24,2,1000,1850,3,1,3950
22/12/2022 11:38:40,2,1000,1850,3,1,3950
22/12/2022 11:38:56,2,1000,1850,3,1,3950
22/12/2022 11:39:12,2,990,1850,3,1,5590
22/12/2022 11:39:28,2,990,1850,3,1,5590
22/12/2022 11:39:44,2,1010,1850,3,3,3960
22/12/2022 11:40:00,2,1010,1850,3,3,3960
22/12/2022 11:40:16,2,1000,1850,3,2,5210
22/12/2022 11:40:32,2,990,1850,3,2,5210
22/12/2022 11:40:48,2,1830,1850,3,2,5230
22/12/2022 11:41:04,2,1840,1850,3,2,5230
22/12/2022 11:41:20,2,1850,1850,3,2,5230
22/12/2022 11:41:36,2,1820,1850,3,1,5230
22/12/2022 11:41:52,2,1810,1850,3,1,5230
22/12/2022 11:42:08,2,1840,1850,3,2,5230
22/12/2022 11:42:24,2,1850,1850,3,2,5230
22/12/2022 11:42:40,2,1840,1850,3,2,5230
22/12/2022 11:42:56,2,1830,1850,3,2,5230
22/12/2022 11:43:12,2,1820,1850,3,1,5110
22/12/2022 11:43:28,2,1810,1850,3,1,5110
22/12/2022 11:43:44,2,1800,1850,3,1,5110
22/12/2022 11:44:00,2,1790,1850,3,1,5100
22/12/2022 11:44:16,2,1770,1850,3,1,5100
22/12/2022 11:44:32,2,840,1850,3,2,4000
22/12/2022 11:44:48,2,840,1850,3,2,4000
22/12/2022 11:45:04,2,940,1850,3,1,4010
22/12/2022 11:45:20,2,940,1850,3,1,4010
22/12/2022 11:45:36,2,890,1850,3,1,4010
22/12/2022 11:45:52,2,880,1850,3,1,4010
22/12/2022 11:46:08,2,880,1850,3,1,4010
22/12/2022 11:46:24,2,850,1850,3,1,4000
22/12/2022 11:46:40,2,850,1850,3,1,4000
22/12/2022 11:46:56,2,2750,1850,3,2,4000
22/12/2022 11:47:12,2,2730,1850,3,2,4000
22/12/2022 11:47:28,2,1000,1850,3,2,3920
22/12/2022 11:47:44,2,1000,1850,3,2,3920
22/12/2022 11:48:00,2,1000,1850,3,3,3930
22/12/2022 11:48:16,2,1000,1850,3,3,3930
22/12/2022 11:48:32,2,1000,1850,3,3,3930
22/12/2022 11:48:48,2,1620,1850,3,2,5260
22/12/2022 11:49:04,2,1610,1850,3,2,5260
22/12/2022 11:49:20,2,1490,1850,3,1,5260
22/12/2022 11:49:36,2,1490,1850,3,1,5260
22/12/2022 11:49:52,2,1550,1850,3,1,5340
22/12/2022 11:50:08,2,1530,1850,3,1,5340
22/12/2022 11:50:24,2,1530,1850,3,1,5340
22/12/2022 11:50:40,2,1530,1850,3,1,5340
22/12/2022 11:50:56,2,1530,1850,3,1,5340
22/12/2022 11:51:12,2,1520,1850,3,1,5360
22/12/2022 11:51:28,2,1520,1850,3,1,5360
22/12/2022 11:51:44,2,1510,1850,3,1,5290
22/12/2022 11:52:00,2,1510,1850,3,1,5290
22/12/2022 11:52:16,2,1510,1850,3,1,5490
22/12/2022 11:52:32,2,1520,1850,3,1,5490
22/12/2022 11:52:48,2,1530,1850,3,1,5510
22/12/2022 11:53:04,2,1510,1850,3,1,5510
22/12/2022 11:53:20,2,1500,1850,3,1,5510
22/12/2022 11:53:36,2,1520,1850,3,2,5520
22/12/2022 11:53:52,2,1540,1850,3,2,5520
22/12/2022 11:54:08,2,1520,1850,3,1,5520
22/12/2022 11:54:24,2,1510,1850,3,1,5520
22/12/2022 11:54:40,2,1500,1850,3,1,5590
22/12/2022 11:54:56,2,1490,1850,3,1,5590
22/12/2022 11:55:12,2,1510,1850,3,1,5480
22/12/2022 11:55:28,2,1540,1850,3,1,5480
22/12/2022 11:55:44,2,1570,1850,3,1,5480
22/12/2022 11:56:00,2,1530,1850,3,1,5410
22/12/2022 11:56:16,2,1490,1850,3,1,5410
22/12/2022 11:56:32,2,1520,1850,3,1,5400
22/12/2022 11:56:48,2,1560,1850,3,1,5400
22/12/2022 11:57:04,2,1570,1850,3,1,5480
22/12/2022 11:57:20,2,1590,1850,3,1,5480
22/12/2022 11:57:36,2,1600,1850,3,1,5550
22/12/2022 11:57:52,2,1620,1850,3,1,5550
22/12/2022 11:58:08,2,1640,1850,3,1,5550
22/12/2022 11:58:24,2,1640,1850,3,1,5550
22/12/2022 11:58:40,2,1640,1850,3,1,5550
22/12/2022 11:58:56,2,1630,1850,3,2,5460
22/12/2022 11:59:12,2,1620,1850,3,2,5460
22/12/2022 11:59:28,2,1580,1850,3,1,5450
22/12/2022 11:59:44,2,1540,1850,3,1,5450
22/12/2022 12:00:00,-999,1550,-999,3,2,5450
22/12/2022 12:00:16,-999,1580,-999,3,2,5450
22/12/2022 12:00:32,-999,1610,-999,3,2,5450
22/12/2022 12:00:48,-999,1630,-999,3,1,5450
22/12/2022 12:01:04,-999,1650,-999,3,1,5450
22/12/2022 12:01:20,-999,1660,-999,3,2,5440
22/12/2022 12:01:36,-999,1670,-999,3,2,5440
22/12/2022 12:01:52,-999,1700,-999,3,1,6410
22/12/2022 12:02:08,-999,1720,-999,3,1,6410
22/12/2022 12:02:24,-999,1750,-999,3,1,6480
22/12/2022 12:02:40,-999,1750,-999,3,1,6480
22/12/2022 12:02:56,-999,1750,-999,3,1,6480
22/12/2022 12:03:12,-999,1750,-999,3,1,6480
22/12/2022 12:03:28,-999,1750,-999,3,1,6480
22/12/2022 12:03:44,-999,1740,-999,3,2,4980
22/12/2022 12:04:00,-999,1730,-999,3,2,4980
22/12/2022 12:04:16,-999,1690,-999,3,1,4980
22/12/2022 12:04:32,-999,1650,-999,3,1,4980
22/12/2022 12:04:48,-999,1610,-999,3,1,4980
22/12/2022 12:05:04,-999,1610,-999,3,1,4980
22/12/2022 12:05:20,-999,1610,-999,3,1,4980
22/12/2022 12:05:36,-999,1610,-999,3,1,4970
22/12/2022 12:05:52,-999,1620,-999,3,1,4970
22/12/2022 12:06:08,-999,1610,-999,3,2,5000
22/12/2022 12:06:24,-999,1600,-999,3,2,5000
22/12/2022 12:06:40,-999,1600,-999,3,2,4940
22/12/2022 12:06:56,-999,1600,-999,3,2,4940
22/12/2022 12:07:12,-999,1570,-999,3,1,4930
22/12/2022 12:07:28,-999,1540,-999,3,1,4930
22/12/2022 12:07:44,-999,1520,-999,3,1,4930
22/12/2022 12:08:00,-999,1510,-999,3,1,4940
22/12/2022 12:08:16,-999,1510,-999,3,1,4940
22/12/2022 12:08:32,-999,1510,-999,3,1,4940
22/12/2022 12:08:48,-999,1520,-999,3,1,4940
22/12/2022 12:09:04,-999,1500,-999,3,1,4930
22/12/2022 12:09:20,-999,1490,-999,3,1,4930
22/12/2022 12:09:36,-999,1080,-999,3,2,3630
22/12/2022 12:09:52,-999,1080,-999,3,2,3630
22/12/2022 12:10:08,-999,1080,-999,3,2,3630
22/12/2022 12:10:24,-999,1090,-999,3,2,3630
22/12/2022 12:10:40,-999,1090,-999,3,2,3630
22/12/2022 12:10:56,-999,1450,-999,3,1,4920
22/12/2022 12:11:12,-999,1440,-999,3,1,4920
22/12/2022 12:11:28,-999,1440,-999,3,1,4920
22/12/2022 12:11:44,-999,1430,-999,3,1,4920
22/12/2022 12:12:00,-999,1220,-999,3,0,-999
22/12/2022 12:12:16,-999,1210,-999,3,0,-999
22/12/2022 12:12:32,-999,1200,-999,3,0,-999
22/12/2022 12:12:48,-999,2310,-999,3,2,4230
22/12/2022 12:13:04,-999,2300,-999,3,2,4230
22/12/2022 12:13:20,-999,2330,-999,3,2,4190
22/12/2022 12:13:36,-999,2370,-999,3,2,4190
22/12/2022 12:13:52,-999,-999,-999,3,2,4200
22/12/2022 12:14:08,-999,-999,-999,3,2,4200
22/12/2022 12:14:24,-999,1130,-999,3,2,3910
22/12/2022 12:14:40,-999,1140,-999,3,2,3910
22/12/2022 12:14:56,-999,1140,-999,3,2,3910
22/12/2022 12:15:12,-999,1140,-999,3,2,3900
22/12/2022 12:15:28,-999,1140,-999,3,2,3900
22/12/2022 12:15:44,-999,-999,-999,3,1,4330
22/12/2022 12:16:00,-999,-999,-999,3,1,4330
22/12/2022 12:16:16,-999,-999,-999,3,2,4340
22/12/2022 12:16:32,-999,-999,-999,3,2,4340
22/12/2022 12:16:48,-999,-999,-999,3,2,4270
22/12/2022 12:17:04,-999,-999,-999,3,2,4270
22/12/2022 12:17:20,-999,-999,-999,3,2,4270
22/12/2022 12:17:36,-999,-999,-999,3,1,4370
22/12/2022 12:17:52,-999,-999,-999,3,1,4370
22/12/2022 12:18:08,-999,-999,-999,3,1,4380
22/12/2022 12:18:24,-999,-999,-999,3,1,4380
22/12/2022 12:18:40,-999,2380,-999,3,1,4400
22/12/2022 12:18:56,-999,2420,-999,3,1,4400
22/12/2022 12:19:12,-999,2410,-999,3,2,4460
22/12/2022 12:19:28,-999,2390,-999,3,2,4460
22/12/2022 12:19:44,-999,2380,-999,3,2,4460
22/12/2022 12:20:00,-999,-999,-999,3,2,4510
22/12/2022 12:20:16,-999,-999,-999,3,2,4510
22/12/2022 12:20:32,-999,1100,-999,3,1,4480
22/12/2022 12:20:48,-999,1110,-999,3,1,4480
22/12/2022 12:21:04,-999,170,-999,3,2,4490
22/12/2022 12:21:20,-999,150,-999,3,2,4490
22/12/2022 12:21:36,-999,-999,-999,3,2,4510
22/12/2022 12:21:52,-999,-999,-999,3,2,4510
22/12/2022 12:22:08,-999,-999,-999,3,2,4510
22/12/2022 12:22:24,-999,-999,-999,3,3,4550
22/12/2022 12:22:40,-999,-999,-999,3,3,4550
22/12/2022 12:22:56,-999,-999,-999,3,3,4430
22/12/2022 12:23:12,-999,-999,-999,3,3,4430
22/12/2022 12:23:28,-999,2470,-999,3,3,4120
22/12/2022 12:23:44,-999,2460,-999,3,3,4120
22/12/2022 12:24:00,-999,1220,-999,3,3,3560
22/12/2022 12:24:16,-999,1210,-999,3,3,3560
22/12/2022 12:24:32,-999,1210,-999,3,3,3560
22/12/2022 12:24:48,-999,1200,-999,3,1,3560
22/12/2022 12:25:04,-999,1200,-999,3,1,3560
22/12/2022 12:25:20,-999,1200,-999,3,1,3570
22/12/2022 12:25:36,-999,1200,-999,3,1,3570
22/12/2022 12:25:52,-999,1190,-999,3,1,3570
22/12/2022 12:26:08,-999,1190,-999,3,1,3570
22/12/2022 12:26:24,-999,1190,-999,3,1,3580
22/12/2022 12:26:40,-999,1190,-999,3,1,3580
22/12/2022 12:26:56,-999,1190,-999,3,1,3580
22/12/2022 12:27:12,-999,1190,-999,3,1,3590
22/12/2022 12:27:28,-999,1190,-999,3,1,3590
22/12/2022 12:27:44,-999,1180,-999,3,1,3580
22/12/2022 12:28:00,-999,1180,-999,3,1,3580
22/12/2022 12:28:16,-999,1180,-999,3,1,3580
22/12/2022 12:28:32,-999,1180,-999,3,1,3580
22/12/2022 12:28:48,-999,1180,-999,3,1,3570
22/12/2022 12:29:04,-999,1180,-999,3,1,3570
22/12/2022 12:29:20,-999,1180,-999,3,1,3570
22/12/2022 12:29:36,-999,1180,-999,3,1,3570
22/12/2022 12:29:52,-999,1180,-999,3,1,3570
22/12/2022 12:30:08,-999,1180,-999,3,1,3570
22/12/2022 12:30:24,-999,1180,-999,3,1,3570
22/12/2022 12:30:40,-999,1180,-999,3,1,3570
22/12/2022 12:30:56,-999,1180,-999,3,1,3570
22/12/2022 12:31:12,-999,1180,-999,3,1,3570
22/12/2022 12:31:28,-999,1180,-999,3,1,3570
22/12/2022 12:31:44,-999,1180,-999,3,1,3570
22/12/2022 12:32:00,-999,1180,-999,3,1,3570
22/12/2022 12:32:16,-999,1180,-999,3,1,3570
22/12/2022 12:32:32,-999,1180,-999,3,1,3570
22/12/2022 12:32:48,-999,1180,-999,3,1,3570
22/12/2022 12:33:04,-999,1180,-999,3,1,3580
22/12/2022 12:33:20,-999,1180,-999,3,1,3580
22/12/2022 12:33:36,-999,1180,-999,3,1,3570
22/12/2022 12:33:52,-999,1180,-999,3,1,3570
22/12/2022 12:34:08,-999,1180,-999,3,1,3570
22/12/2022 12:34:24,-999,1180,-999,3,1,3580
22/12/2022 12:34:40,-999,1180,-999,3,1,3580
22/12/2022 12:34:56,-999,1180,-999,3,1,3570
22/12/2022 12:35:12,-999,1190,-999,3,1,3570
22/12/2022 12:35:28,-999,1190,-999,3,1,3570
22/12/2022 12:35:44,-999,1190,-999,3,1,3570
22/12/2022 12:36:00,-999,1190,-999,3,1,3570
22/12/2022 12:36:16,-999,1190,-999,3,1,3570
22/12/2022 12:36:32,-999,1190,-999,3,1,3570
22/12/2022 12:36:48,-999,1190,-999,3,1,3570
22/12/2022 12:37:04,-999,1190,-999,3,1,3570
22/12/2022 12:37:20,-999,1190,-999,3,1,3570
22/12/2022 12:37:36,-999,1190,-999,3,1,3570
22/12/2022 12:37:52,-999,1190,-999,3,1,3570
22/12/2022 12:38:08,-999,1190,-999,3,1,3570
22/12/2022 12:38:24,-999,1190,-999,3,1,3570
22/12/2022 12:38:40,-999,1190,-999,3,1,3570
22/12/2022 12:38:56,-999,1190,-999,3,1,3570
22/12/2022 12:39:12,-999,1190,-999,3,1,3570
22/12/2022 12:39:28,-999,1190,-999,3,1,3570
22/12/2022 12:39:44,-999,1190,-999,3,1,3560
22/12/2022 12:40:00,-999,1190,-999,3,1,3560
22/12/2022 12:40:16,-999,1190,-999,3,1,3560
22/12/2022 12:40:32,-999,1190,-999,3,1,3560
22/12/2022 12:40:48,-999,1190,-999,3,1,3560
22/12/2022 12:41:04,-999,1190,-999,3,1,3560
22/12/2022 12:41:20,-999,1190,-999,3,1,3560
22/12/2022 12:41:36,-999,1190,-999,3,1,3560
22/12/2022 12:41:52,-999,1190,-999,3,1,3560
22/12/2022 12:42:08,-999,1190,-999,3,1,3550
22/12/2022 12:42:24,-999,1190,-999,3,1,3550
22/12/2022 12:42:40,-999,1190,-999,3,1,3550
22/12/2022 12:42:56,-999,1190,-999,3,1,3550
22/12/2022 12:43:12,-999,1190,-999,3,1,3550
22/12/2022 12:43:28,-999,1190,-999,3,1,3550
22/12/2022 12:43:44,-999,1190,-999,3,1,3550
22/12/2022 12:44:00,-999,1200,-999,3,2,3550
22/12/2022 12:44:16,-999,1200,-999,3,2,3550
22/12/2022 12:44:32,-999,1200,-999,3,2,3840
22/12/2022 12:44:48,-999,1200,-999,3,2,3840
22/12/2022 12:45:04,-999,1200,-999,3,1,3760
22/12/2022 12:45:20,-999,1200,-999,3,1,3760
22/12/2022 12:45:36,-999,1200,-999,3,2,3840
22/12/2022 12:45:52,-999,1200,-999,3,2,3840
22/12/2022 12:46:08,-999,1200,-999,3,2,3840
22/12/2022 12:46:24,-999,1190,-999,3,2,3940
22/12/2022 12:46:40,-999,1190,-999,3,2,3940
22/12/2022 12:46:56,-999,1190,-999,3,2,3800
22/12/2022 12:47:12,-999,1190,-999,3,2,3800
22/12/2022 12:47:28,-999,1190,-999,3,2,3820
22/12/2022 12:47:44,-999,1190,-999,3,2,3820
22/12/2022 12:48:00,-999,1190,-999,3,2,3770
22/12/2022 12:48:16,-999,1190,-999,3,2,3770
22/12/2022 12:48:32,-999,1190,-999,3,2,3770
22/12/2022 12:48:48,-999,1190,-999,3,2,3880
22/12/2022 12:49:04,-999,1190,-999,3,2,3880
22/12/2022 12:49:20,-999,2650,-999,3,1,4160
22/12/2022 12:49:36,-999,2650,-999,3,1,4160
22/12/2022 12:49:52,-999,2660,-999,3,1,4150
22/12/2022 12:50:08,-999,2660,-999,3,1,4150
22/12/2022 12:50:24,-999,2650,-999,3,1,4170
22/12/2022 12:50:40,-999,2650,-999,3,1,4170
22/12/2022 12:50:56,-999,2630,-999,3,1,4170
22/12/2022 12:51:12,-999,2650,-999,3,1,4160
22/12/2022 12:51:28,-999,2660,-999,3,1,4160
22/12/2022 12:51:44,-999,-999,-999,3,2,4160
22/12/2022 12:52:00,-999,-999,-999,3,2,4160
22/12/2022 12:52:16,-999,-999,-999,3,1,4270
22/12/2022 12:52:32,-999,-999,-999,3,1,4270
22/12/2022 12:52:48,-999,-999,-999,3,2,4160
22/12/2022 12:53:04,-999,-999,-999,3,2,4160
22/12/2022 12:53:20,-999,-999,-999,3,2,4160
22/12/2022 12:53:36,-999,2670,-999,3,2,4050
22/12/2022 12:53:52,-999,2670,-999,3,2,4050
22/12/2022 12:54:08,-999,1200,-999,3,2,3990
22/12/2022 12:54:24,-999,1200,-999,3,2,3990
22/12/2022 12:54:40,-999,-999,-999,3,2,4040
22/12/2022 12:54:56,-999,-999,-999,3,2,4040
22/12/2022 12:55:12,-999,-999,-999,3,1,4180
22/12/2022 12:55:28,-999,-999,-999,3,1,4180
22/12/2022 12:55:44,-999,-999,-999,3,1,4180
22/12/2022 12:56:00,-999,2700,-999,3,2,4130
22/12/2022 12:56:16,-999,2690,-999,3,2,4130
22/12/2022 12:56:32,-999,2680,-999,3,2,4030
22/12/2022 12:56:48,-999,2670,-999,3,2,4030
22/12/2022 12:57:04,-999,1200,-999,3,1,3980
22/12/2022 12:57:20,-999,1200,-999,3,1,3980
22/12/2022 12:57:36,-999,-999,-999,3,2,3980
22/12/2022 12:57:52,-999,-999,-999,3,2,3980
22/12/2022 12:58:08,-999,-999,-999,3,2,3980
22/12/2022 12:58:24,-999,1200,-999,3,2,3980
22/12/2022 12:58:40,-999,1200,-999,3,2,3980
22/12/2022 12:58:56,-999,1200,-999,3,3,3770
22/12/2022 12:59:12,-999,1200,-999,3,3,3770
22/12/2022 12:59:28,-999,1200,-999,3,2,3790
22/12/2022 12:59:44,-999,1200,-999,3,2,3790
22/12/2022 13:00:00,-999,1200,-999,3,2,3700
22/12/2022 13:00:16,-999,1200,-999,3,2,3700
22/12/2022 13:00:32,-999,1200,-999,3,2,3700
22/12/2022 13:00:48,-999,1200,-999,3,2,3700
22/12/2022 13:01:04,-999,1200,-999,3,2,3700
22/12/2022 13:01:20,-999,1200,-999,3,1,3940
22/12/2022 13:01:36,-999,1200,-999,3,1,3940
22/12/2022 13:01:52,-999,1200,-999,3,1,3910
22/12/2022 13:02:08,-999,1200,-999,3,1,3910
22/12/2022 13:02:24,-999,1200,-999,3,1,3890
22/12/2022 13:02:40,-999,1200,-999,3,1,3890
22/12/2022 13:02:56,-999,1200,-999,3,1,3890
22/12/2022 13:03:12,-999,1200,-999,3,1,3890
22/12/2022 13:03:28,-999,1200,-999,3,1,3890
22/12/2022 13:03:44,-999,1200,-999,3,1,3860
22/12/2022 13:04:00,-999,1200,-999,3,1,3860
22/12/2022 13:04:16,-999,1200,-999,3,1,3860
22/12/2022 13:04:32,-999,1200,-999,3,1,3860
22/12/2022 13:04:48,-999,1200,-999,3,1,3850
22/12/2022 13:05:04,-999,1200,-999,3,1,3850
22/12/2022 13:05:20,-999,1200,-999,3,1,3850
22/12/2022 13:05:36,-999,1200,-999,3,1,3850
22/12/2022 13:05:52,-999,1200,-999,3,1,3850
22/12/2022 13:06:08,-999,1200,-999,3,1,3910
22/12/2022 13:06:24,-999,1200,-999,3,1,3910
22/12/2022 13:06:40,-999,1200,-999,3,1,3920
22/12/2022 13:06:56,-999,1200,-999,3,1,3920
22/12/2022 13:07:12,-999,1200,-999,3,1,3970
22/12/2022 13:07:28,-999,1200,-999,3,1,3970
22/12/2022 13:07:44,-999,1200,-999,3,1,3970
22/12/2022 13:08:00,-999,1190,-999,3,1,3910
22/12/2022 13:08:16,-999,1190,-999,3,1,3910
22/12/2022 13:08:32,-999,1190,-999,3,1,3900
22/12/2022 13:08:48,-999,1190,-999,3,1,3900
22/12/2022 13:09:04,-999,2600,-999,3,1,4370
22/12/2022 13:09:20,-999,2580,-999,3,1,4370
22/12/2022 13:09:36,-999,2580,-999,3,1,4370
22/12/2022 13:09:52,-999,2590,-999,3,1,4370
22/12/2022 13:10:08,-999,2600,-999,3,1,4370
22/12/2022 13:10:24,-999,1190,-999,3,2,3870
22/12/2022 13:10:40,-999,1190,-999,3,2,3870
22/12/2022 13:10:56,-999,1190,-999,3,1,3820
22/12/2022 13:11:12,-999,1190,-999,3,1,3820
22/12/2022 13:11:28,-999,1190,-999,3,1,3810
22/12/2022 13:11:44,-999,1190,-999,3,1,3810
22/12/2022 13:12:00,-999,1180,-999,3,1,3790
22/12/2022 13:12:16,-999,1180,-999,3,1,3790
22/12/2022 13:12:32,-999,1180,-999,3,1,3790
22/12/2022 13:12:48,-999,1180,-999,3,1,3790
22/12/2022 13:13:04,-999,1180,-999,3,1,3790
22/12/2022 13:13:20,-999,1180,-999,3,1,3780
22/12/2022 13:13:36,-999,1180,-999,3,1,3780
22/12/2022 13:13:52,-999,1180,-999,3,1,3770
22/12/2022 13:14:08,-999,1180,-999,3,1,3770
22/12/2022 13:14:24,-999,1180,-999,3,1,3770
22/12/2022 13:14:40,-999,1180,-999,3,1,3770
22/12/2022 13:14:56,-999,1180,-999,3,1,3770
22/12/2022 13:15:12,-999,1180,-999,3,2,3770
22/12/2022 13:15:28,-999,1180,-999,3,2,3770
22/12/2022 13:15:44,-999,-999,-999,3,1,4170
22/12/2022 13:16:00,-999,-999,-999,3,1,4170
22/12/2022 13:16:16,-999,1180,-999,3,2,3860
22/12/2022 13:16:32,-999,1180,-999,3,2,3860
22/12/2022 13:16:48,-999,1180,-999,3,2,3900
22/12/2022 13:17:04,-999,1180,-999,3,2,3900
22/12/2022 13:17:20,-999,1180,-999,3,2,3900
22/12/2022 13:17:36,-999,1180,-999,3,2,3830
22/12/2022 13:17:52,-999,1180,-999,3,2,3830
22/12/2022 13:18:08,-999,1180,-999,3,1,3780
22/12/2022 13:18:24,-999,1180,-999,3,1,3780
22/12/2022 13:18:40,-999,-999,-999,3,1,3780
22/12/2022 13:18:56,-999,-999,-999,3,1,3780
22/12/2022 13:19:12,-999,1190,-999,3,1,3750
22/12/2022 13:19:28,-999,1190,-999,3,1,3750
22/12/2022 13:19:44,-999,1190,-999,3,1,3750
22/12/2022 13:20:00,-999,1190,-999,3,1,3750
22/12/2022 13:20:16,-999,1190,-999,3,1,3750
22/12/2022 13:20:32,-999,1190,-999,3,1,3750
22/12/2022 13:20:48,-999,1190,-999,3,1,3750
22/12/2022 13:21:04,-999,1190,-999,3,1,3750
22/12/2022 13:21:20,-999,1190,-999,3,1,3750
22/12/2022 13:21:36,-999,1190,-999,3,1,3680
22/12/2022 13:21:52,-999,1190,-999,3,1,3680
22/12/2022 13:22:08,-999,1190,-999,3,1,3680
22/12/2022 13:22:24,-999,1190,-999,3,1,3630
22/12/2022 13:22:40,-999,1190,-999,3,1,3630
22/12/2022 13:22:56,-999,1190,-999,3,1,3690
22/12/2022 13:23:12,-999,1190,-999,3,1,3690
22/12/2022 13:23:28,-999,1190,-999,3,1,3670
22/12/2022 13:23:44,-999,1190,-999,3,1,3670
22/12/2022 13:24:00,-999,1190,-999,3,1,3620
22/12/2022 13:24:16,-999,1190,-999,3,1,3620
22/12/2022 13:24:32,-999,1190,-999,3,1,3620
22/12/2022 13:24:48,-999,1190,-999,3,1,3500
22/12/2022 13:25:04,-999,1190,-999,3,1,3500
22/12/2022 13:25:20,-999,1190,-999,3,1,3470
22/12/2022 13:25:36,-999,1190,-999,3,1,3470
22/12/2022 13:25:52,-999,1190,-999,3,2,3430
22/12/2022 13:26:08,-999,1190,-999,3,2,3430
22/12/2022 13:26:24,-999,1190,-999,3,2,3390
22/12/2022 13:26:40,-999,1190,-999,3,2,3390
22/12/2022 13:26:56,-999,1190,-999,3,2,3390
22/12/2022 13:27:12,-999,1190,-999,3,1,3570
22/12/2022 13:27:28,-999,1190,-999,3,1,3570
22/12/2022 13:27:44,-999,1190,-999,3,2,3210
22/12/2022 13:28:00,-999,1190,-999,3,2,3210
22/12/2022 13:28:16,-999,1190,-999,3,2,3160
22/12/2022 13:28:32,-999,1190,-999,3,2,3160
22/12/2022 13:28:48,-999,1190,-999,3,2,3170
22/12/2022 13:29:04,-999,1190,-999,3,2,3170
22/12/2022 13:29:20,-999,1180,-999,3,2,3170
22/12/2022 13:29:36,-999,1180,-999,3,1,3160
22/12/2022 13:29:52,-999,1170,-999,3,1,3160
22/12/2022 13:30:08,-999,1170,-999,3,1,3120
22/12/2022 13:30:24,-999,1170,-999,3,1,3120
22/12/2022 13:30:40,-999,1170,-999,3,2,2710
22/12/2022 13:30:56,-999,1170,-999,3,2,2710
22/12/2022 13:31:12,-999,1170,-999,3,1,2710
22/12/2022 13:31:28,-999,1170,-999,3,1,2710
22/12/2022 13:31:44,-999,1170,-999,3,1,2710
22/12/2022 13:32:00,-999,-999,-999,3,1,2720
22/12/2022 13:32:16,-999,-999,-999,3,1,2720
22/12/2022 13:32:32,-999,1160,-999,3,1,2720
22/12/2022 13:32:48,-999,1160,-999,3,1,2720
22/12/2022 13:33:04,-999,1160,-999,3,1,2680
22/12/2022 13:33:20,-999,1160,-999,3,1,2680
22/12/2022 13:33:36,-999,-999,-999,3,1,2700
22/12/2022 13:33:52,-999,-999,-999,3,1,2700
22/12/2022 13:34:08,-999,-999,-999,3,1,2700
22/12/2022 13:34:24,-999,3030,-999,3,1,2650
22/12/2022 13:34:40,-999,3030,-999,3,1,2650
22/12/2022 13:34:56,-999,2970,-999,3,1,2640
22/12/2022 13:35:12,-999,2970,-999,3,1,2640
22/12/2022 13:35:28,-999,2970,-999,3,1,2660
22/12/2022 13:35:44,-999,2970,-999,3,1,2660
22/12/2022 13:36:00,-999,2970,-999,3,1,2700
22/12/2022 13:36:16,-999,2950,-999,3,1,2700
22/12/2022 13:36:32,-999,2950,-999,3,1,2700
22/12/2022 13:36:48,-999,2950,-999,3,2,2710
22/12/2022 13:37:04,-999,-999,-999,3,2,2710
22/12/2022 13:37:20,-999,-999,-999,3,3,2590
22/12/2022 13:37:36,-999,-999,-999,3,3,2590
22/12/2022 13:37:52,-999,-999,-999,3,3,2990
22/12/2022 13:38:08,-999,-999,-999,3,3,2990
22/12/2022 13:38:24,-999,-999,-999,3,1,3570
22/12/2022 13:38:40,-999,-999,-999,3,1,3570
22/12/2022 13:38:56,-999,-999,-999,3,1,3570
22/12/2022 13:39:12,-999,-999,-999,3,1,3540
22/12/2022 13:39:28,-999,-999,-999,3,1,3540
22/12/2022 13:39:44,-999,-999,-999,3,1,3520
22/12/2022 13:40:00,-999,-999,-999,3,1,3520
22/12/2022 13:40:16,-999,-999,-999,3,1,3530
22/12/2022 13:40:32,-999,-999,-999,3,1,3530
22/12/2022 13:40:48,-999,-999,-999,3,1,3470
22/12/2022 13:41:04,-999,-999,-999,3,1,3470
22/12/2022 13:41:20,-999,-999,-999,3,1,3470
22/12/2022 13:41:36,-999,-999,-999,3,1,3490
22/12/2022 13:41:52,-999,-999,-999,3,1,3490
22/12/2022 13:42:08,-999,-999,-999,3,1,3510
22/12/2022 13:42:24,-999,-999,-999,3,1,3510
22/12/2022 13:42:40,-999,-999,-999,3,1,3480
22/12/2022 13:42:56,-999,-999,-999,3,1,3480
22/12/2022 13:43:12,-999,-999,-999,3,1,3470
22/12/2022 13:43:28,-999,-999,-999,3,1,3470
22/12/2022 13:43:44,-999,-999,-999,3,1,3470
22/12/2022 13:44:00,-999,-999,-999,3,1,3480
22/12/2022 13:44:16,-999,-999,-999,3,1,3480
22/12/2022 13:44:32,-999,-999,-999,3,1,3490
22/12/2022 13:44:48,-999,-999,-999,3,1,3490
22/12/2022 13:45:04,-999,-999,-999,3,1,3480
22/12/2022 13:45:20,-999,-999,-999,3,1,3480
22/12/2022 13:45:36,-999,850,-999,3,1,3490
22/12/2022 13:45:52,-999,850,-999,3,1,3490
22/12/2022 13:46:08,-999,850,-999,3,1,3490
22/12/2022 13:46:24,-999,850,-999,3,1,3490
22/12/2022 13:46:40,-999,850,-999,3,1,3490
22/12/2022 13:46:56,-999,780,-999,3,1,3480
22/12/2022 13:47:12,-999,780,-999,3,1,3480
22/12/2022 13:47:28,-999,780,-999,3,2,3450
22/12/2022 13:47:44,-999,780,-999,3,2,3450
22/12/2022 13:48:00,-999,780,-999,3,1,3410
22/12/2022 13:48:16,-999,770,-999,3,1,3410
22/12/2022 13:48:32,-999,770,-999,3,1,3410
22/12/2022 13:48:48,-999,740,-999,3,1,3390
22/12/2022 13:49:04,-999,3550,-999,3,1,3390
22/12/2022 13:49:20,-999,3550,-999,3,1,3380
22/12/2022 13:49:36,-999,3550,-999,3,1,3380
22/12/2022 13:49:52,-999,3550,-999,3,1,3370
22/12/2022 13:50:08,-999,3550,-999,3,1,3370
22/12/2022 13:50:24,-999,3550,-999,3,1,3370
22/12/2022 13:50:40,-999,3510,-999,3,1,3370
22/12/2022 13:50:56,-999,3510,-999,3,1,3370
22/12/2022 13:51:12,-999,-999,-999,3,1,3370
22/12/2022 13:51:28,-999,-999,-999,3,1,3370
22/12/2022 13:51:44,-999,3500,-999,3,1,3370
22/12/2022 13:52:00,-999,3500,-999,3,1,3370
22/12/2022 13:52:16,-999,3500,-999,3,1,3370
22/12/2022 13:52:32,-999,3500,-999,3,1,3370
22/12/2022 13:52:48,-999,3500,-999,3,1,3370
22/12/2022 13:53:04,-999,3500,-999,3,1,3370
22/12/2022 13:53:20,-999,3500,-999,3,1,3370
22/12/2022 13:53:36,-999,3500,-999,3,1,3360
22/12/2022 13:53:52,-999,3540,-999,3,1,3360
22/12/2022 13:54:08,-999,3540,-999,3,1,3360
22/12/2022 13:54:24,-999,3560,-999,3,1,3360
22/12/2022 13:54:40,-999,3560,-999,3,1,3410
22/12/2022 13:54:56,-999,3560,-999,3,1,3410
22/12/2022 13:55:12,-999,3570,-999,3,1,3440
22/12/2022 13:55:28,-999,3570,-999,3,1,3440
22/12/2022 13:55:44,-999,3570,-999,3,1,3440
22/12/2022 13:56:00,-999,3570,-999,3,1,3490
22/12/2022 13:56:16,-999,3570,-999,3,1,3490
22/12/2022 13:56:32,-999,3570,-999,3,1,3460
22/12/2022 13:56:48,-999,3570,-999,3,1,3460
22/12/2022 13:57:04,-999,3570,-999,3,1,3360
22/12/2022 13:57:20,-999,3590,-999,3,1,3360
22/12/2022 13:57:36,-999,3590,-999,3,1,3410
22/12/2022 13:57:52,-999,3590,-999,3,1,3410
22/12/2022 13:58:08,-999,3590,-999,3,1,3410
22/12/2022 13:58:24,-999,3600,-999,3,1,3530
22/12/2022 13:58:40,-999,3600,-999,3,1,3530
22/12/2022 13:58:56,-999,3600,-999,3,2,3410
22/12/2022 13:59:12,-999,3600,-999,3,2,3410
22/12/2022 13:59:28,-999,-999,-999,3,1,3390
22/12/2022 13:59:44,-999,-999,-999,3,1,3390
22/12/2022 14:00:00,-999,-999,-999,3,1,3390
22/12/2022 14:00:16,-999,-999,-999,3,1,3390
22/12/2022 14:00:32,-999,-999,-999,3,1,3390
22/12/2022 14:00:48,-999,-999,-999,3,1,3370
22/12/2022 14:01:04,-999,-999,-999,3,1,3370
22/12/2022 14:01:20,-999,-999,-999,3,1,3370
22/12/2022 14:01:36,-999,-999,-999,3,1,3370
22/12/2022 14:01:52,-999,-999,-999,3,1,3360
22/12/2022 14:02:08,-999,-999,-999,3,1,3360
22/12/2022 14:02:24,-999,-999,-999,3,1,3410
22/12/2022 14:02:40,-999,-999,-999,3,1,3410
22/12/2022 14:02:56,-999,-999,-999,3,1,3410
22/12/2022 14:03:12,-999,-999,-999,3,1,3400
22/12/2022 14:03:28,-999,-999,-999,3,1,3400
22/12/2022 14:03:44,-999,-999,-999,3,1,3320
22/12/2022 14:04:00,-999,-999,-999,3,1,3320
22/12/2022 14:04:16,-999,-999,-999,3,1,3320
22/12/2022 14:04:32,-999,-999,-999,3,1,3320
22/12/2022 14:04:48,-999,2380,-999,3,1,3440
22/12/2022 14:05:04,-999,2380,-999,3,1,3440
22/12/2022 14:05:20,-999,2380,-999,3,1,3440
22/12/2022 14:05:36,-999,2380,-999,3,1,3400
22/12/2022 14:05:52,-999,2380,-999,3,1,3400
22/12/2022 14:06:08,-999,2390,-999,3,1,3400
22/12/2022 14:06:24,-999,2390,-999,3,1,3400
22/12/2022 14:06:40,-999,2380,-999,3,3,1880
22/12/2022 14:06:56,-999,2380,-999,3,3,1880
22/12/2022 14:07:12,-999,2380,-999,3,3,1250
22/12/2022 14:07:28,-999,2380,-999,3,3,1250
22/12/2022 14:07:44,-999,-999,-999,3,3,1250
22/12/2022 14:08:00,-999,-999,-999,3,2,1260
22/12/2022 14:08:16,-999,-999,-999,3,2,1260
22/12/2022 14:08:32,-999,-999,-999,3,1,3450
22/12/2022 14:08:48,-999,-999,-999,3,1,3450
22/12/2022 14:09:04,-999,-999,-999,3,1,3330
22/12/2022 14:09:20,-999,-999,-999,3,1,3330
22/12/2022 14:09:36,-999,1730,-999,3,1,3320
22/12/2022 14:09:52,-999,1730,-999,3,1,3320
22/12/2022 14:10:08,-999,1090,-999,3,1,3320
22/12/2022 14:10:24,-999,1090,-999,3,1,3310
22/12/2022 14:10:40,-999,1090,-999,3,1,3310
22/12/2022 14:10:56,-999,1090,-999,3,1,3310
22/12/2022 14:11:12,-999,1090,-999,3,1,3310
22/12/2022 14:11:28,-999,1090,-999,3,2,3310
22/12/2022 14:11:44,-999,1090,-999,3,2,3310
22/12/2022 14:12:00,-999,1090,-999,3,1,3590
22/12/2022 14:12:16,-999,1090,-999,3,1,3590
22/12/2022 14:12:32,-999,1090,-999,3,1,3590
22/12/2022 14:12:48,-999,-999,-999,3,2,3310
22/12/2022 14:13:04,-999,-999,-999,3,2,3310
22/12/2022 14:13:20,-999,-999,-999,3,1,3310
22/12/2022 14:13:36,-999,-999,-999,3,1,3310
22/12/2022 14:13:52,-999,-999,-999,3,1,3310
22/12/2022 14:14:08,-999,-999,-999,3,1,3310
22/12/2022 14:14:24,-999,-999,-999,3,1,3310
22/12/2022 14:14:40,-999,-999,-999,3,1,3310
22/12/2022 14:14:56,-999,-999,-999,3,1,3310
22/12/2022 14:15:12,-999,3430,-999,3,1,3310
22/12/2022 14:15:28,-999,3430,-999,3,1,3310
22/12/2022 14:15:44,-999,3430,-999,3,1,3310
22/12/2022 14:16:00,-999,3440,-999,3,1,3310
22/12/2022 14:16:16,-999,3440,-999,3,1,3310
22/12/2022 14:16:32,-999,3440,-999,3,1,3310
22/12/2022 14:16:48,-999,3440,-999,3,1,3310
22/12/2022 14:17:04,-999,3440,-999,3,1,3310
22/12/2022 14:17:20,-999,3440,-999,3,1,3310
22/12/2022 14:17:36,-999,1590,-999,3,1,3310
22/12/2022 14:17:52,-999,1590,-999,3,1,3310
22/12/2022 14:18:08,-999,1590,-999,3,1,3330
22/12/2022 14:18:24,-999,1590,-999,3,1,3330
22/12/2022 14:18:40,-999,1580,-999,3,1,3330
22/12/2022 14:18:56,-999,1590,-999,3,1,3330
22/12/2022 14:19:12,-999,1590,-999,3,1,3350
22/12/2022 14:19:28,-999,1590,-999,3,1,3350
22/12/2022 14:19:44,-999,1590,-999,3,1,3350
22/12/2022 14:20:00,-999,1590,-999,3,1,3350
22/12/2022 14:20:16,-999,1590,-999,3,1,3350
22/12/2022 14:20:32,-999,1590,-999,3,1,3340
22/12/2022 14:20:48,-999,1580,-999,3,1,3340
22/12/2022 14:21:04,-999,1590,-999,3,1,3330
22/12/2022 14:21:20,-999,1100,-999,3,1,3330
22/12/2022 14:21:36,-999,1100,-999,3,1,3340
22/12/2022 14:21:52,-999,1100,-999,3,1,3340
22/12/2022 14:22:08,-999,1100,-999,3,1,3340
22/12/2022 14:22:24,-999,1100,-999,3,1,3330
22/12/2022 14:22:40,-999,1100,-999,3,1,3330
22/12/2022 14:22:56,-999,1100,-999,3,1,3330
22/12/2022 14:23:12,-999,1100,-999,3,1,3330
22/12/2022 14:23:28,-999,1100,-999,3,1,3320
22/12/2022 14:23:44,-999,1100,-999,3,1,3320
22/12/2022 14:24:00,-999,1100,-999,3,1,3340
22/12/2022 14:24:16,-999,1100,-999,3,1,3340
22/12/2022 14:24:32,-999,1100,-999,3,1,3340
22/12/2022 14:24:48,-999,1100,-999,3,1,3340
22/12/2022 14:25:04,-999,1110,-999,3,1,3340
22/12/2022 14:25:20,-999,1110,-999,3,1,3350
22/12/2022 14:25:36,-999,1120,-999,3,1,3350
22/12/2022 14:25:52,-999,1120,-999,3,1,3360
22/12/2022 14:26:08,-999,1130,-999,3,1,3360
22/12/2022 14:26:24,-999,1130,-999,3,1,3360
22/12/2022 14:26:40,-999,1130,-999,3,1,3360
22/12/2022 14:26:56,-999,1130,-999,3,1,3360
22/12/2022 14:27:12,-999,1130,-999,3,1,3360
22/12/2022 14:27:28,-999,1130,-999,3,1,3360
22/12/2022 14:27:44,-999,1130,-999,3,1,3340
22/12/2022 14:28:00,-999,1130,-999,3,1,3340
22/12/2022 14:28:16,-999,1130,-999,3,1,3350
22/12/2022 14:28:32,-999,1130,-999,3,1,3350
22/12/2022 14:28:48,-999,1130,-999,3,1,3350
22/12/2022 14:29:04,-999,1140,-999,3,1,3350
22/12/2022 14:29:20,-999,1140,-999,3,1,3350
22/12/2022 14:29:36,-999,1140,-999,3,1,3330
22/12/2022 14:29:52,-999,1140,-999,3,1,3330
22/12/2022 14:30:08,-999,1140,-999,3,1,3330
22/12/2022 14:30:24,-999,1140,-999,3,1,3330
22/12/2022 14:30:40,-999,1140,-999,3,1,3330
22/12/2022 14:30:56,-999,1140,-999,3,1,3330
22/12/2022 14:31:12,-999,1130,-999,3,1,3350
22/12/2022 14:31:28,-999,1130,-999,3,1,3350
22/12/2022 14:31:44,-999,1130,-999,3,1,3350
22/12/2022 14:32:00,-999,1130,-999,3,1,3360
22/12/2022 14:32:16,-999,1130,-999,3,1,3360
22/12/2022 14:32:32,-999,1130,-999,3,1,3360
22/12/2022 14:32:48,-999,1130,-999,3,1,3360
22/12/2022 14:33:04,-999,1130,-999,3,1,3340
22/12/2022 14:33:20,-999,1120,-999,3,1,3340
22/12/2022 14:33:36,-999,1120,-999,3,1,3330
22/12/2022 14:33:52,-999,1120,-999,3,1,3330
22/12/2022 14:34:08,-999,1120,-999,3,1,3330
22/12/2022 14:34:24,-999,1120,-999,3,1,3330
22/12/2022 14:34:40,-999,1120,-999,3,1,3330
22/12/2022 14:34:56,-999,1120,-999,3,1,3340
22/12/2022 14:35:12,-999,1120,-999,3,1,3340
22/12/2022 14:35:28,-999,1120,-999,3,1,3340
22/12/2022 14:35:44,-999,1120,-999,3,1,3340
22/12/2022 14:36:00,-999,1120,-999,3,1,3340
22/12/2022 14:36:16,-999,1120,-999,3,1,3340
22/12/2022 14:36:32,-999,1120,-999,3,1,3340
22/12/2022 14:36:48,-999,1120,-999,3,1,3330
22/12/2022 14:37:04,-999,1120,-999,3,1,3330
22/12/2022 14:37:20,-999,1120,-999,3,1,3340
22/12/2022 14:37:36,-999,1120,-999,3,1,3340
22/12/2022 14:37:52,-999,1120,-999,3,1,3350
22/12/2022 14:38:08,-999,1120,-999,3,1,3350
22/12/2022 14:38:24,-999,1120,-999,3,1,3350
22/12/2022 14:38:40,-999,1120,-999,3,1,3350
22/12/2022 14:38:56,-999,1120,-999,3,1,3350
22/12/2022 14:39:12,-999,1120,-999,3,1,3350
22/12/2022 14:39:28,-999,1120,-999,3,1,3350
22/12/2022 14:39:44,-999,1120,-999,3,1,3350
22/12/2022 14:40:00,-999,1110,-999,3,1,3350
22/12/2022 14:40:16,-999,1110,-999,3,1,3360
22/12/2022 14:40:32,-999,1110,-999,3,1,3360
22/12/2022 14:40:48,-999,1110,-999,3,1,3360
22/12/2022 14:41:04,-999,1110,-999,3,1,3360
22/12/2022 14:41:20,-999,1110,-999,3,1,3360
22/12/2022 14:41:36,-999,1110,-999,3,1,3360
22/12/2022 14:41:52,-999,1110,-999,3,1,3360
22/12/2022 14:42:08,-999,1110,-999,3,1,3350
22/12/2022 14:42:24,-999,1110,-999,3,1,3350
22/12/2022 14:42:40,-999,1110,-999,3,1,3340
22/12/2022 14:42:56,-999,1110,-999,3,1,3340
22/12/2022 14:43:12,-999,1110,-999,3,1,3340
22/12/2022 14:43:28,-999,1110,-999,3,1,3340
22/12/2022 14:43:44,-999,1100,-999,3,1,3340
22/12/2022 14:44:00,-999,1100,-999,3,1,3350
22/12/2022 14:44:16,-999,1100,-999,3,1,3350
22/12/2022 14:44:32,-999,1100,-999,3,1,3340
22/12/2022 14:44:48,-999,1090,-999,3,1,3340
22/12/2022 14:45:04,-999,1090,-999,3,1,3330
22/12/2022 14:45:20,-999,1090,-999,3,1,3330
22/12/2022 14:45:36,-999,1090,-999,3,1,3310
22/12/2022 14:45:52,-999,1090,-999,3,1,3310
22/12/2022 14:46:08,-999,1090,-999,3,1,3310
22/12/2022 14:46:24,-999,1090,-999,3,1,3310
22/12/2022 14:46:40,-999,1090,-999,3,1,3310
22/12/2022 14:46:56,-999,1090,-999,3,1,3310
22/12/2022 14:47:12,-999,1100,-999,3,1,3310
22/12/2022 14:47:28,-999,1100,-999,3,1,3310
22/12/2022 14:47:44,-999,1100,-999,3,1,3310
22/12/2022 14:48:00,-999,1100,-999,3,1,3310
22/12/2022 14:48:16,-999,1100,-999,3,1,3310
22/12/2022 14:48:32,-999,1100,-999,3,1,3310
22/12/2022 14:48:48,-999,1100,-999,3,1,3290
22/12/2022 14:49:04,-999,1100,-999,3,1,3290
22/12/2022 14:49:20,-999,1090,-999,3,1,3280
22/12/2022 14:49:36,-999,1090,-999,3,1,3280
22/12/2022 14:49:52,-999,1090,-999,3,1,3310
22/12/2022 14:50:08,-999,1090,-999,3,1,3310
22/12/2022 14:50:24,-999,1090,-999,3,1,3340
22/12/2022 14:50:40,-999,1090,-999,3,1,3340
22/12/2022 14:50:56,-999,1090,-999,3,1,3340
22/12/2022 14:51:12,-999,1090,-999,3,1,3320
22/12/2022 14:51:28,-999,1100,-999,3,1,3320
22/12/2022 14:51:44,-999,1100,-999,3,1,3320
22/12/2022 14:52:00,-999,1100,-999,3,1,3320
22/12/2022 14:52:16,-999,1100,-999,3,1,3320
22/12/2022 14:52:32,-999,1100,-999,3,1,3320
22/12/2022 14:52:48,-999,1100,-999,3,1,3310
22/12/2022 14:53:04,-999,1100,-999,3,1,3310
22/12/2022 14:53:20,-999,1100,-999,3,1,3310
22/12/2022 14:53:36,-999,1100,-999,3,1,3310
22/12/2022 14:53:52,-999,1100,-999,3,1,3310
22/12/2022 14:54:08,-999,1100,-999,3,1,3310
22/12/2022 14:54:24,-999,1100,-999,3,1,3310
22/12/2022 14:54:40,-999,1090,-999,3,1,3300
22/12/2022 14:54:56,-999,1090,-999,3,1,3300
22/12/2022 14:55:12,-999,1090,-999,3,1,3300
22/12/2022 14:55:28,-999,1090,-999,3,1,3300
22/12/2022 14:55:44,-999,1090,-999,3,1,3300
22/12/2022 14:56:00,-999,1090,-999,3,1,3290
22/12/2022 14:56:16,-999,1080,-999,3,1,3290
22/12/2022 14:56:32,-999,1080,-999,3,1,3310
22/12/2022 14:56:48,-999,1080,-999,3,1,3310
22/12/2022 14:57:04,-999,1080,-999,3,1,3330
22/12/2022 14:57:20,-999,1080,-999,3,1,3330
22/12/2022 14:57:36,-999,1080,-999,3,1,3310
22/12/2022 14:57:52,-999,1080,-999,3,1,3310
22/12/2022 14:58:08,-999,1080,-999,3,1,3310
22/12/2022 14:58:24,-999,1080,-999,3,1,3300
22/12/2022 14:58:40,-999,1070,-999,3,1,3300
22/12/2022 14:58:56,-999,1070,-999,3,1,3300
22/12/2022 14:59:12,-999,1070,-999,3,1,3300
22/12/2022 14:59:28,-999,1070,-999,3,1,3290
22/12/2022 14:59:44,-999,1070,-999,3,1,3290
22/12/2022 15:00:00,2,1070,1110,3,1,3290
22/12/2022 15:00:16,2,1070,1110,3,1,3290
22/12/2022 15:00:32,2,1070,1110,3,1,3290
22/12/2022 15:00:48,2,1060,1110,3,1,3310
22/12/2022 15:01:04,2,1050,1110,3,1,3310
22/12/2022 15:01:20,2,1050,1110,3,1,3300
22/12/2022 15:01:36,2,1040,1110,3,1,3300
22/12/2022 15:01:52,2,1040,1110,3,1,3270
22/12/2022 15:02:08,2,1040,1110,3,1,3270
22/12/2022 15:02:24,2,1040,1110,3,1,3280
22/12/2022 15:02:40,2,1040,1110,3,1,3280
22/12/2022 15:02:56,2,1040,1110,3,1,3280
22/12/2022 15:03:12,2,1040,1110,3,1,3250
22/12/2022 15:03:28,2,1040,1110,3,1,3250
22/12/2022 15:03:44,2,1040,1110,3,1,3260
22/12/2022 15:04:00,2,1040,1110,3,1,3260
22/12/2022 15:04:16,2,1030,1110,3,1,3250
22/12/2022 15:04:32,2,1030,1110,3,1,3250
22/12/2022 15:04:48,2,1020,1110,3,1,3240
22/12/2022 15:05:04,2,1020,1110,3,1,3240
22/12/2022 15:05:20,2,1020,1110,3,1,3240
22/12/2022 15:05:36,2,1020,1110,3,1,3240
22/12/2022 15:05:52,2,1020,1110,3,1,3240
22/12/2022 15:06:08,2,1020,1110,3,1,3250
22/12/2022 15:06:24,2,1020,1110,3,1,3250
22/12/2022 15:06:40,2,1020,1110,3,1,3250
22/12/2022 15:06:56,2,1020,1110,3,1,3250
22/12/2022 15:07:12,2,1020,1110,3,1,3240
22/12/2022 15:07:28,2,730,1110,3,1,3240
22/12/2022 15:07:44,2,740,1110,3,1,3240
22/12/2022 15:08:00,2,740,1110,3,1,3240
22/12/2022 15:08:16,2,730,1110,3,1,3240
22/12/2022 15:08:32,2,730,1110,3,1,3240
22/12/2022 15:08:48,2,730,1110,3,1,3240
22/12/2022 15:09:04,2,730,1110,3,1,3240
22/12/2022 15:09:20,2,730,1110,3,1,3240
22/12/2022 15:09:36,2,730,1110,3,1,3240
22/12/2022 15:09:52,2,730,1110,3,1,3240
22/12/2022 15:10:08,2,730,1110,3,1,3240
22/12/2022 15:10:24,2,720,1110,3,1,3240
22/12/2022 15:10:40,2,720,1110,3,1,3240
22/12/2022 15:10:56,2,720,1110,3,1,3240
22/12/2022 15:11:12,2,720,1110,3,1,3240
22/12/2022 15:11:28,2,720,1110,3,1,3240
22/12/2022 15:11:44,2,720,1110,3,1,3240
22/12/2022 15:12:00,2,720,1110,3,1,3240
22/12/2022 15:12:16,2,720,1110,3,1,3240
22/12/2022 15:12:32,2,720,1110,3,1,3240
22/12/2022 15:12:48,2,720,1110,3,1,3260
22/12/2022 15:13:04,2,710,1110,3,1,3260
22/12/2022 15:13:20,2,700,1110,3,1,3250
22/12/2022 15:13:36,2,700,1110,3,1,3250
22/12/2022 15:13:52,2,700,1110,3,1,3250
22/12/2022 15:14:08,2,700,1110,3,1,3250
22/12/2022 15:14:24,2,700,1110,3,1,3250
22/12/2022 15:14:40,2,700,1110,3,1,3250
22/12/2022 15:14:56,2,700,1110,3,1,3250
22/12/2022 15:15:12,2,700,1110,3,1,3270
22/12/2022 15:15:28,2,700,1110,3,1,3270
22/12/2022 15:15:44,2,700,1110,3,1,3290
22/12/2022 15:16:00,2,700,1110,3,1,3290
22/12/2022 15:16:16,2,700,1110,3,1,3280
22/12/2022 15:16:32,2,700,1110,3,1,3280
22/12/2022 15:16:48,2,700,1110,3,1,3250
22/12/2022 15:17:04,2,700,1110,3,1,3250
22/12/2022 15:17:20,2,690,1110,3,1,3250
22/12/2022 15:17:36,2,690,1110,3,1,3250
22/12/2022 15:17:52,2,690,1110,3,1,3250
22/12/2022 15:18:08,2,690,1110,3,1,3240
22/12/2022 15:18:24,2,690,1110,3,1,3240
22/12/2022 15:18:40,2,690,1110,3,1,3240
22/12/2022 15:18:56,2,690,1110,3,1,3240
22/12/2022 15:19:12,2,690,1110,3,1,3220
22/12/2022 15:19:28,2,690,1110,3,1,3220
22/12/2022 15:19:44,2,690,1110,3,1,3220
22/12/2022 15:20:00,2,690,1110,3,1,3230
22/12/2022 15:20:16,2,690,1110,3,1,3230
22/12/2022 15:20:32,2,680,1110,3,1,3220
22/12/2022 15:20:48,2,680,1110,3,1,3220
22/12/2022 15:21:04,2,680,1110,3,1,3210
22/12/2022 15:21:20,2,680,1110,3,1,3210
22/12/2022 15:21:36,2,-999,1110,3,1,3210
22/12/2022 15:21:52,2,-999,1110,3,1,3210
22/12/2022 15:22:08,2,-999,1110,3,1,3210
22/12/2022 15:22:24,2,670,1110,3,1,3210
22/12/2022 15:22:40,2,670,1110,3,1,3210
22/12/2022 15:22:56,2,670,1110,3,1,3230
22/12/2022 15:23:12,2,670,1110,3,1,3230
22/12/2022 15:23:28,2,660,1110,3,1,3210
22/12/2022 15:23:44,2,660,1110,3,1,3210
22/12/2022 15:24:00,2,660,1110,3,1,3240
22/12/2022 15:24:16,2,660,1110,3,1,3240
22/12/2022 15:24:32,2,660,1110,3,1,3240
22/12/2022 15:24:48,2,660,1110,3,1,3240
22/12/2022 15:25:04,2,660,1110,3,1,3240
22/12/2022 15:25:20,2,660,1110,3,1,3240
22/12/2022 15:25:36,2,660,1110,3,1,3240
22/12/2022 15:25:52,2,660,1110,3,1,3220
22/12/2022 15:26:08,2,660,1110,3,1,3220
22/12/2022 15:26:24,2,660,1110,3,1,3210
22/12/2022 15:26:40,2,660,1110,3,1,3210
22/12/2022 15:26:56,2,660,1110,3,1,3210
22/12/2022 15:27:12,2,-999,1110,3,1,3200
22/12/2022 15:27:28,2,-999,1110,3,1,3200
22/12/2022 15:27:44,2,-999,1110,3,1,3200
22/12/2022 15:28:00,2,-999,1110,3,1,3200
22/12/2022 15:28:16,2,-999,1110,3,1,3200
22/12/2022 15:28:32,2,-999,1110,3,1,3200
22/12/2022 15:28:48,2,-999,1110,3,1,3200
22/12/2022 15:29:04,2,-999,1110,3,1,3200
22/12/2022 15:29:20,2,-999,1110,3,1,3200
22/12/2022 15:29:36,2,-999,1110,3,1,3200
22/12/2022 15:29:52,2,-999,1110,3,1,3200
22/12/2022 15:30:08,2,-999,1110,3,1,3190
22/12/2022 15:30:24,2,-999,1110,3,1,3190
22/12/2022 15:30:40,2,-999,1110,3,1,3190
22/12/2022 15:30:56,2,-999,1110,3,1,3190
22/12/2022 15:31:12,2,860,1110,3,1,3190
22/12/2022 15:31:28,2,860,1110,3,1,3190
22/12/2022 15:31:44,2,860,1110,3,1,3190
22/12/2022 15:32:00,2,860,1110,3,1,3190
22/12/2022 15:32:16,2,860,1110,3,1,3190
22/12/2022 15:32:32,2,2740,1110,3,1,3210
22/12/2022 15:32:48,2,2740,1110,3,1,3210
22/12/2022 15:33:04,2,2740,1110,3,2,1350
22/12/2022 15:33:20,2,2740,1110,3,2,1350
22/12/2022 15:33:36,2,2740,1110,3,2,1170
22/12/2022 15:33:52,2,2740,1110,3,2,1170
22/12/2022 15:34:08,2,-999,1110,3,2,1170
22/12/2022 15:34:24,2,-999,1110,3,2,1230
22/12/2022 15:34:40,2,-999,1110,3,2,1230
22/12/2022 15:34:56,2,-999,1110,3,1,3220
22/12/2022 15:35:12,2,-999,1110,3,1,3220
22/12/2022 15:35:28,2,-999,1110,3,1,3230
22/12/2022 15:35:44,2,-999,1110,3,1,3230
22/12/2022 15:36:00,2,-999,1110,3,1,3220
22/12/2022 15:36:16,2,1080,1110,3,1,3220
22/12/2022 15:36:32,2,1080,1110,3,1,3220
22/12/2022 15:36:48,2,1080,1110,3,1,3220
22/12/2022 15:37:04,2,1080,1110,3,1,3220
22/12/2022 15:37:20,2,1080,1110,3,1,3220
22/12/2022 15:37:36,2,1080,1110,3,1,3220
22/12/2022 15:37:52,2,1080,1110,3,1,3210
22/12/2022 15:38:08,2,1080,1110,3,1,3210
22/12/2022 15:38:24,2,1080,1110,3,1,3210
22/12/2022 15:38:40,2,1070,1110,3,1,3210
22/12/2022 15:38:56,2,1070,1110,3,1,3210
22/12/2022 15:39:12,2,1070,1110,3,1,3220
22/12/2022 15:39:28,2,3330,1110,3,1,3220
22/12/2022 15:39:44,2,3340,1110,3,1,3220
22/12/2022 15:40:00,2,3340,1110,3,1,3220
22/12/2022 15:40:16,2,3350,1110,3,1,3210
22/12/2022 15:40:32,2,3350,1110,3,1,3210
22/12/2022 15:40:48,2,3350,1110,3,1,3210
22/12/2022 15:41:04,2,2780,1110,3,1,3210
22/12/2022 15:41:20,2,2770,1110,3,1,3210
22/12/2022 15:41:36,2,2770,1110,3,1,3210
22/12/2022 15:41:52,2,2770,1110,3,1,3210
22/12/2022 15:42:08,2,2770,1110,3,1,3200
22/12/2022 15:42:24,2,2770,1110,3,1,3200
22/12/2022 15:42:40,2,730,1110,3,1,3210
22/12/2022 15:42:56,2,730,1110,3,1,3210
22/12/2022 15:43:12,2,730,1110,3,1,3200
22/12/2022 15:43:28,2,720,1110,3,1,3200
22/12/2022 15:43:44,2,720,1110,3,1,3200
22/12/2022 15:44:00,2,290,1110,3,1,3210
22/12/2022 15:44:16,2,290,1110,3,1,3210
22/12/2022 15:44:32,2,290,1110,3,1,3210
22/12/2022 15:44:48,2,290,1110,3,1,3210
22/12/2022 15:45:04,2,290,1110,3,1,3200
22/12/2022 15:45:20,2,290,1110,3,1,3200
22/12/2022 15:45:36,2,290,1110,3,1,3200
22/12/2022 15:45:52,2,290,1110,3,1,3200
22/12/2022 15:46:08,2,290,1110,3,1,3200
22/12/2022 15:46:24,2,290,1110,3,1,3210
22/12/2022 15:46:40,2,290,1110,3,1,3210
22/12/2022 15:46:56,2,290,1110,3,1,3200
22/12/2022 15:47:12,2,290,1110,3,1,3200
22/12/2022 15:47:28,2,290,1110,3,1,3190
22/12/2022 15:47:44,2,690,1110,3,1,3190
22/12/2022 15:48:00,2,690,1110,3,1,3190
22/12/2022 15:48:16,2,690,1110,3,1,3190
22/12/2022 15:48:32,2,690,1110,3,1,3190
22/12/2022 15:48:48,2,690,1110,3,1,3200
22/12/2022 15:49:04,2,690,1110,3,1,3200
22/12/2022 15:49:20,2,690,1110,3,1,3200
22/12/2022 15:49:36,2,690,1110,3,1,3200
22/12/2022 15:49:52,2,680,1110,3,1,3200
22/12/2022 15:50:08,2,670,1110,3,1,3200
22/12/2022 15:50:24,2,660,1110,3,1,3200
22/12/2022 15:50:40,2,660,1110,3,1,3200
22/12/2022 15:50:56,2,660,1110,3,1,3200
22/12/2022 15:51:12,2,660,1110,3,1,3200
22/12/2022 15:51:28,2,660,1110,3,1,3200
22/12/2022 15:51:44,2,660,1110,3,1,3190
22/12/2022 15:52:00,2,660,1110,3,1,3190
22/12/2022 15:52:16,2,660,1110,3,1,3200
22/12/2022 15:52:32,2,660,1110,3,1,3200
22/12/2022 15:52:48,2,660,1110,3,1,3190
22/12/2022 15:53:04,2,660,1110,3,1,3190
22/12/2022 15:53:20,2,660,1110,3,1,3190
22/12/2022 15:53:36,2,660,1110,3,1,3180
22/12/2022 15:53:52,2,660,1110,3,1,3180
22/12/2022 15:54:08,2,660,1110,3,1,3170
22/12/2022 15:54:24,2,660,1110,3,1,3170
22/12/2022 15:54:40,2,660,1110,3,1,3160
22/12/2022 15:54:56,2,660,1110,3,1,3160
22/12/2022 15:55:12,2,660,1110,3,1,3160
22/12/2022 15:55:28,2,660,1110,3,1,3160
22/12/2022 15:55:44,2,660,1110,3,1,3160
22/12/2022 15:56:00,2,670,1110,3,1,3140
22/12/2022 15:56:16,2,680,1110,3,1,3140
22/12/2022 15:56:32,2,680,1110,3,1,3130
22/12/2022 15:56:48,2,690,1110,3,1,3130
22/12/2022 15:57:04,2,690,1110,3,1,3130
22/12/2022 15:57:20,2,690,1110,3,1,3130
22/12/2022 15:57:36,2,690,1110,3,1,3140
22/12/2022 15:57:52,2,690,1110,3,1,3140
22/12/2022 15:58:08,2,690,1110,3,1,3140
22/12/2022 15:58:24,2,690,1110,3,1,3130
22/12/2022 15:58:40,2,690,1110,3,1,3130
22/12/2022 15:58:56,2,690,1110,3,1,3140
22/12/2022 15:59:12,2,690,1110,3,1,3140
22/12/2022 15:59:28,2,690,1110,3,1,3120
22/12/2022 15:59:44,2,690,1110,3,1,3120
22/12/2022 16:00:00,2,690,1110,3,1,3130
22/12/2022 16:00:16,1,690,690,3,1,3130
22/12/2022 16:00:32,1,690,690,3,1,3130
22/12/2022 16:00:48,1,690,690,3,1,3140
22/12/2022 16:01:04,1,690,690,3,1,3140
22/12/2022 16:01:20,1,690,690,3,1,3150
22/12/2022 16:01:36,1,690,690,3,1,3150
22/12/2022 16:01:52,1,690,690,3,1,3160
22/12/2022 16:02:08,1,690,690,3,1,3160
22/12/2022 16:02:24,1,690,690,3,1,3160
22/12/2022 16:02:40,1,690,690,3,1,3160
22/12/2022 16:02:56,1,690,690,3,1,3160
22/12/2022 16:03:12,1,680,690,3,1,3140
22/12/2022 16:03:28,1,680,690,3,1,3140
22/12/2022 16:03:44,1,680,690,3,1,3140
22/12/2022 16:04:00,1,680,690,3,1,3140
22/12/2022 16:04:16,1,670,690,3,1,3130
22/12/2022 16:04:32,1,670,690,3,1,3130
22/12/2022 16:04:48,1,670,690,3,1,3120
22/12/2022 16:05:04,1,670,690,3,1,3120
22/12/2022 16:05:20,1,670,690,3,1,3120
22/12/2022 16:05:36,1,670,690,3,1,3120
22/12/2022 16:05:52,1,670,690,3,1,3120
22/12/2022 16:06:08,1,670,690,3,1,3120
22/12/2022 16:06:24,1,670,690,3,1,3120
22/12/2022 16:06:40,1,670,690,3,1,3110
22/12/2022 16:06:56,1,670,690,3,1,3110
22/12/2022 16:07:12,1,670,690,3,1,3110
22/12/2022 16:07:28,1,670,690,3,1,3110
22/12/2022 16:07:44,1,670,690,3,1,3110
22/12/2022 16:08:00,1,670,690,3,1,3100
22/12/2022 16:08:16,1,670,690,3,1,3100
22/12/2022 16:08:32,1,670,690,3,1,3090
22/12/2022 16:08:48,1,670,690,3,1,3090
22/12/2022 16:09:04,1,670,690,3,1,3090
22/12/2022 16:09:20,1,670,690,3,1,3090
22/12/2022 16:09:36,1,670,690,3,1,3090
22/12/2022 16:09:52,1,670,690,3,1,3090
22/12/2022 16:10:08,1,670,690,3,1,3090
22/12/2022 16:10:24,1,670,690,3,1,3090
22/12/2022 16:10:40,1,670,690,3,1,3090
22/12/2022 16:10:56,1,670,690,3,1,3100
22/12/2022 16:11:12,1,670,690,3,1,3100
22/12/2022 16:11:28,1,670,690,3,1,3130
22/12/2022 16:11:44,1,670,690,3,1,3130
22/12/2022 16:12:00,1,670,690,3,1,3140
22/12/2022 16:12:16,1,670,690,3,1,3140
22/12/2022 16:12:32,1,670,690,3,1,3140
22/12/2022 16:12:48,1,670,690,3,1,3140
22/12/2022 16:13:04,1,670,690,3,1,3140
22/12/2022 16:13:20,1,670,690,3,1,3130
22/12/2022 16:13:36,1,680,690,3,1,3130
22/12/2022 16:13:52,1,680,690,3,1,3130
22/12/2022 16:14:08,1,680,690,3,1,3130
22/12/2022 16:14:24,1,680,690,3,1,3150
22/12/2022 16:14:40,1,680,690,3,1,3150
22/12/2022 16:14:56,1,680,690,3,1,3150
22/12/2022 16:15:12,1,680,690,3,1,3140
22/12/2022 16:15:28,1,680,690,3,1,3140
22/12/2022 16:15:44,1,680,690,3,1,3190
22/12/2022 16:16:00,1,680,690,3,1,3190
22/12/2022 16:16:16,1,680,690,3,1,3170
22/12/2022 16:16:32,1,680,690,3,1,3170
22/12/2022 16:16:48,1,680,690,3,1,3140
22/12/2022 16:17:04,1,680,690,3,1,3140
22/12/2022 16:17:20,1,680,690,3,1,3140
22/12/2022 16:17:36,1,680,690,3,1,3130
22/12/2022 16:17:52,1,680,690,3,1,3130
22/12/2022 16:18:08,1,680,690,3,1,3130
22/12/2022 16:18:24,1,690,690,3,1,3130
22/12/2022 16:18:40,1,690,690,3,1,3130
22/12/2022 16:18:56,1,690,690,3,1,3130
22/12/2022 16:19:12,1,700,690,3,1,3120
22/12/2022 16:19:28,1,700,690,3,1,3120
22/12/2022 16:19:44,1,700,690,3,1,3120
22/12/2022 16:20:00,1,710,690,3,1,3110
22/12/2022 16:20:16,1,710,690,3,1,3110
22/12/2022 16:20:32,1,720,690,3,1,3110
22/12/2022 16:20:48,1,720,690,3,1,3110
22/12/2022 16:21:04,1,720,690,3,1,3120
22/12/2022 16:21:20,1,720,690,3,1,3120
22/12/2022 16:21:36,1,720,690,3,1,3090
22/12/2022 16:21:52,1,730,690,3,1,3090
22/12/2022 16:22:08,1,730,690,3,1,3090
22/12/2022 16:22:24,1,730,690,3,1,3080
22/12/2022 16:22:40,1,730,690,3,1,3080
22/12/2022 16:22:56,1,730,690,3,1,3080
22/12/2022 16:23:12,1,730,690,3,1,3080
22/12/2022 16:23:28,1,740,690,3,1,3080
22/12/2022 16:23:44,1,740,690,3,1,3080
22/12/2022 16:24:00,1,750,690,3,1,3050
22/12/2022 16:24:16,1,750,690,3,1,3050
22/12/2022 16:24:32,1,760,690,3,1,3050
22/12/2022 16:24:48,1,760,690,3,1,3050
22/12/2022 16:25:04,1,760,690,3,1,3050
22/12/2022 16:25:20,1,760,690,3,1,3070
22/12/2022 16:25:36,1,760,690,3,1,3070
22/12/2022 16:25:52,1,760,690,3,1,3050
22/12/2022 16:26:08,1,760,690,3,1,3050
22/12/2022 16:26:24,1,760,690,3,1,3030
22/12/2022 16:26:40,1,770,690,3,1,3030
22/12/2022 16:26:56,1,770,690,3,1,3030
22/12/2022 16:27:12,1,770,690,3,1,3030
22/12/2022 16:27:28,1,770,690,3,1,3030
22/12/2022 16:27:44,1,770,690,3,1,3090
22/12/2022 16:28:00,1,840,690,3,1,3090
22/12/2022 16:28:16,1,840,690,3,1,3080
22/12/2022 16:28:32,1,840,690,3,1,3080
22/12/2022 16:28:48,1,840,690,3,1,3070
22/12/2022 16:29:04,1,840,690,3,1,3070
22/12/2022 16:29:20,1,840,690,3,1,3070
22/12/2022 16:29:36,1,840,690,3,1,3030
22/12/2022 16:29:52,1,840,690,3,1,3030
22/12/2022 16:30:08,1,840,690,3,1,3020
22/12/2022 16:30:24,1,840,690,3,1,3020
22/12/2022 16:30:40,1,-999,690,3,1,3020
22/12/2022 16:30:56,1,-999,690,3,1,3020
22/12/2022 16:31:12,1,840,690,3,2,1620
22/12/2022 16:31:28,1,830,690,3,2,1620
22/12/2022 16:31:44,1,830,690,3,2,1620
22/12/2022 16:32:00,1,830,690,3,1,1570
22/12/2022 16:32:16,1,830,690,3,1,1570
22/12/2022 16:32:32,1,-999,690,3,1,1510
22/12/2022 16:32:48,1,-999,690,3,1,1510
22/12/2022 16:33:04,1,-999,690,3,1,1450
22/12/2022 16:33:20,1,-999,690,3,1,1450
22/12/2022 16:33:36,1,-999,690,3,2,1420
22/12/2022 16:33:52,1,-999,690,3,2,1420
22/12/2022 16:34:08,1,-999,690,3,2,1420
22/12/2022 16:34:24,1,-999,690,3,1,3250
22/12/2022 16:34:40,1,-999,690,3,1,3250
22/12/2022 16:34:56,1,-999,690,3,2,1590
22/12/2022 16:35:12,1,-999,690,3,2,1590
22/12/2022 16:35:28,1,-999,690,3,1,3050
22/12/2022 16:35:44,1,-999,690,3,1,3050
22/12/2022 16:36:00,1,-999,690,3,1,3040
22/12/2022 16:36:16,1,-999,690,3,1,3040
22/12/2022 16:36:32,1,-999,690,3,1,3040
22/12/2022 16:36:48,1,-999,690,3,1,3060
22/12/2022 16:37:04,1,-999,690,3,1,3060
22/12/2022 16:37:20,1,-999,690,3,1,3060
22/12/2022 16:37:36,1,-999,690,3,1,3060
22/12/2022 16:37:52,1,-999,690,3,1,3080
22/12/2022 16:38:08,1,-999,690,3,1,3080
22/12/2022 16:38:24,1,-999,690,3,1,3070
22/12/2022 16:38:40,1,-999,690,3,1,3070
22/12/2022 16:38:56,1,-999,690,3,1,3070
22/12/2022 16:39:12,1,-999,690,3,2,3090
22/12/2022 16:39:28,1,-999,690,3,2,3090
22/12/2022 16:39:44,1,-999,690,3,2,3390
22/12/2022 16:40:00,1,-999,690,3,2,3390
22/12/2022 16:40:16,1,-999,690,3,3,3250
22/12/2022 16:40:32,1,-999,690,3,3,3250
22/12/2022 16:40:48,1,-999,690,3,1,3520
22/12/2022 16:41:04,1,-999,690,3,1,3520
22/12/2022 16:41:20,1,-999,690,3,1,3520
22/12/2022 16:41:36,1,-999,690,3,1,3550
22/12/2022 16:41:52,1,-999,690,3,1,3550
22/12/2022 16:42:08,1,-999,690,3,2,3160
22/12/2022 16:42:24,1,-999,690,3,2,3160
22/12/2022 16:42:40,1,-999,690,3,2,3100
22/12/2022 16:42:56,1,-999,690,3,2,3100
22/12/2022 16:43:12,1,-999,690,3,1,3240
22/12/2022 16:43:28,1,-999,690,3,1,3240
22/12/2022 16:43:44,1,-999,690,3,1,3240
22/12/2022 16:44:00,1,-999,690,3,2,3070
22/12/2022 16:44:16,1,-999,690,3,2,3070
22/12/2022 16:44:32,1,-999,690,3,2,3040
22/12/2022 16:44:48,1,-999,690,3,2,3040
22/12/2022 16:45:04,1,-999,690,3,1,3040
22/12/2022 16:45:20,1,-999,690,3,1,3040
22/12/2022 16:45:36,1,-999,690,3,1,3030
22/12/2022 16:45:52,1,-999,690,3,1,3030
22/12/2022 16:46:08,1,-999,690,3,1,3030
22/12/2022 16:46:24,1,-999,690,3,2,3040
22/12/2022 16:46:40,1,-999,690,3,2,3040
22/12/2022 16:46:56,1,-999,690,3,3,3070
22/12/2022 16:47:12,1,-999,690,3,3,3070
22/12/2022 16:47:28,1,-999,690,3,1,3480
22/12/2022 16:47:44,1,-999,690,3,1,3480
22/12/2022 16:48:00,1,-999,690,3,1,3520
22/12/2022 16:48:16,1,-999,690,3,1,3520
22/12/2022 16:48:32,1,-999,690,3,1,3520
22/12/2022 16:48:48,1,-999,690,3,1,3520
22/12/2022 16:49:04,1,-999,690,3,1,3520
22/12/2022 16:49:20,1,-999,690,3,1,3480
22/12/2022 16:49:36,1,-999,690,3,1,3480
22/12/2022 16:49:52,1,-999,690,3,1,3050
22/12/2022 16:50:08,1,-999,690,3,1,3050
22/12/2022 16:50:24,1,-999,690,3,1,3040
22/12/2022 16:50:40,1,-999,690,3,1,3040
22/12/2022 16:50:56,1,-999,690,3,1,3040
22/12/2022 16:51:12,1,-999,690,3,1,3020
22/12/2022 16:51:28,1,-999,690,3,1,3020
22/12/2022 16:51:44,1,-999,690,3,1,3050
22/12/2022 16:52:00,1,-999,690,3,1,3050
22/12/2022 16:52:16,1,-999,690,3,1,3040
22/12/2022 16:52:32,1,-999,690,3,1,3040
22/12/2022 16:52:48,1,-999,690,3,1,3040
22/12/2022 16:53:04,1,-999,690,3,1,3040
22/12/2022 16:53:20,1,-999,690,3,1,3040
22/12/2022 16:53:36,1,-999,690,3,1,3030
22/12/2022 16:53:52,1,-999,690,3,1,3030
22/12/2022 16:54:08,1,-999,690,3,2,3030
22/12/2022 16:54:24,1,-999,690,3,2,3030
22/12/2022 16:54:40,1,-999,690,3,1,3100
22/12/2022 16:54:56,1,-999,690,3,1,3100
22/12/2022 16:55:12,1,-999,690,3,1,3050
22/12/2022 16:55:28,1,-999,690,3,1,3050
22/12/2022 16:55:44,1,-999,690,3,1,3050
22/12/2022 16:56:00,1,-999,690,3,2,3070
22/12/2022 16:56:16,1,-999,690,3,2,3070
22/12/2022 16:56:32,1,-999,690,3,2,390
22/12/2022 16:56:48,1,-999,690,3,2,390
22/12/2022 16:57:04,1,-999,690,3,1,3020
22/12/2022 16:57:20,1,-999,690,3,1,3020
22/12/2022 16:57:36,1,-999,690,3,1,3020
22/12/2022 16:57:52,1,-999,690,3,1,3020
22/12/2022 16:58:08,1,390,690,3,1,3020
22/12/2022 16:58:24,1,390,690,3,1,3030
22/12/2022 16:58:40,1,390,690,3,1,3030
22/12/2022 16:58:56,1,390,690,3,1,2940
22/12/2022 16:59:12,1,390,690,3,1,2940
22/12/2022 16:59:28,1,-999,690,3,1,2970
22/12/2022 16:59:44,1,-999,690,3,1,2970
22/12/2022 17:00:00,2,-999,680,3,1,2950
22/12/2022 17:00:16,2,-999,680,3,1,2950
22/12/2022 17:00:32,2,-999,680,3,1,2950
22/12/2022 17:00:48,2,390,680,3,1,2920
22/12/2022 17:01:04,2,390,680,3,1,2920
22/12/2022 17:01:20,2,390,680,3,1,2920
22/12/2022 17:01:36,2,3130,680,3,1,2920
22/12/2022 17:01:52,2,3050,680,3,1,2910
22/12/2022 17:02:08,2,3050,680,3,1,2910
22/12/2022 17:02:24,2,3050,680,3,1,2900
22/12/2022 17:02:40,2,790,680,3,1,2900
22/12/2022 17:02:56,2,790,680,3,1,2900
22/12/2022 17:03:12,2,790,680,3,1,2900
22/12/2022 17:03:28,2,790,680,3,1,2900
22/12/2022 17:03:44,2,3030,680,3,1,2900
22/12/2022 17:04:00,2,3030,680,3,1,2900
22/12/2022 17:04:16,2,3030,680,3,1,2900
22/12/2022 17:04:32,2,3050,680,3,1,2900
22/12/2022 17:04:48,2,3050,680,3,1,2940
22/12/2022 17:05:04,2,3050,680,3,1,2940
22/12/2022 17:05:20,2,3050,680,3,1,2940
22/12/2022 17:05:36,2,3050,680,3,1,2930
22/12/2022 17:05:52,2,3050,680,3,1,2930
22/12/2022 17:06:08,2,3060,680,3,1,2950
22/12/2022 17:06:24,2,3060,680,3,1,2950
22/12/2022 17:06:40,2,3060,680,3,1,2920
22/12/2022 17:06:56,2,3060,680,3,1,2920
22/12/2022 17:07:12,2,3060,680,3,1,2910
22/12/2022 17:07:28,2,3060,680,3,1,2910
22/12/2022 17:07:44,2,3060,680,3,1,2910
22/12/2022 17:08:00,2,3060,680,3,1,2890
22/12/2022 17:08:16,2,3060,680,3,1,2890
22/12/2022 17:08:32,2,3020,680,3,1,2880
22/12/2022 17:08:48,2,3020,680,3,1,2880
22/12/2022 17:09:04,2,1710,680,3,1,2880
22/12/2022 17:09:20,2,1700,680,3,1,2880
22/12/2022 17:09:36,2,1700,680,3,1,2880
22/12/2022 17:09:52,2,1670,680,3,1,2880
22/12/2022 17:10:08,2,1670,680,3,1,2880
22/12/2022 17:10:24,2,1670,680,3,1,2860
22/12/2022 17:10:40,2,1670,680,3,1,2860
22/12/2022 17:10:56,2,1670,680,3,1,2860
22/12/2022 17:11:12,2,1670,680,3,1,2860
22/12/2022 17:11:28,2,1670,680,3,1,2850
22/12/2022 17:11:44,2,1670,680,3,1,2850
22/12/2022 17:12:00,2,1670,680,3,1,2860
22/12/2022 17:12:16,2,1670,680,3,1,2860
22/12/2022 17:12:32,2,1670,680,3,1,2860
22/12/2022 17:12:48,2,1680,680,3,1,2880
22/12/2022 17:13:04,2,1680,680,3,1,2880
22/12/2022 17:13:20,2,1680,680,3,1,2880
22/12/2022 17:13:36,2,1680,680,3,1,2880
22/12/2022 17:13:52,2,1680,680,3,1,2940
22/12/2022 17:14:08,2,1680,680,3,1,2940
22/12/2022 17:14:24,2,1680,680,3,1,2860
22/12/2022 17:14:40,2,1680,680,3,1,2860
22/12/2022 17:14:56,2,1680,680,3,1,2860
22/12/2022 17:15:12,2,1680,680,3,1,2840
22/12/2022 17:15:28,2,1680,680,3,1,2840
22/12/2022 17:15:44,2,1670,680,3,1,2800
22/12/2022 17:16:00,2,1670,680,3,1,2800
22/12/2022 17:16:16,2,1660,680,3,1,2780
22/12/2022 17:16:32,2,1660,680,3,1,2780
22/12/2022 17:16:48,2,1660,680,3,1,2770
22/12/2022 17:17:04,2,1650,680,3,1,2770
22/12/2022 17:17:20,2,1650,680,3,1,2770
22/12/2022 17:17:36,2,1650,680,3,1,2770
22/12/2022 17:17:52,2,1650,680,3,1,2770
22/12/2022 17:18:08,2,1650,680,3,1,2780
22/12/2022 17:18:24,2,1650,680,3,1,2780
22/12/2022 17:18:40,2,1650,680,3,1,2780
22/12/2022 17:18:56,2,2880,680,3,1,2780
22/12/2022 17:19:12,2,2880,680,3,1,2810
22/12/2022 17:19:28,2,2880,680,3,1,2810
22/12/2022 17:19:44,2,2880,680,3,1,2810
22/12/2022 17:20:00,2,760,680,3,1,2890
22/12/2022 17:20:16,2,760,680,3,1,2890
22/12/2022 17:20:32,2,760,680,3,1,2880
22/12/2022 17:20:48,2,760,680,3,1,2880
22/12/2022 17:21:04,2,760,680,3,1,2890
22/12/2022 17:21:20,2,750,680,3,1,2890
22/12/2022 17:21:36,2,750,680,3,1,2870
22/12/2022 17:21:52,2,750,680,3,1,2870
22/12/2022 17:22:08,2,750,680,3,1,2870
22/12/2022 17:22:24,2,750,680,3,1,2850
22/12/2022 17:22:40,2,750,680,3,1,2850
22/12/2022 17:22:56,2,750,680,3,1,2840
22/12/2022 17:23:12,2,750,680,3,1,2840
22/12/2022 17:23:28,2,750,680,3,1,2820
22/12/2022 17:23:44,2,750,680,3,1,2820
22/12/2022 17:24:00,2,750,680,3,1,2800
22/12/2022 17:24:16,2,750,680,3,1,2800
22/12/2022 17:24:32,2,760,680,3,1,2800
22/12/2022 17:24:48,2,760,680,3,1,2810
22/12/2022 17:25:04,2,760,680,3,1,2810
22/12/2022 17:25:20,2,760,680,3,1,2780
22/12/2022 17:25:36,2,760,680,3,1,2780
22/12/2022 17:25:52,2,760,680,3,1,2780
22/12/2022 17:26:08,2,760,680,3,1,2780
22/12/2022 17:26:24,2,760,680,3,1,2780
22/12/2022 17:26:40,2,760,680,3,1,2780
22/12/2022 17:26:56,2,760,680,3,1,2780
22/12/2022 17:27:12,2,770,680,3,1,2770
22/12/2022 17:27:28,2,770,680,3,1,2770
22/12/2022 17:27:44,2,770,680,3,1,2770
22/12/2022 17:28:00,2,770,680,3,1,2770
22/12/2022 17:28:16,2,770,680,3,1,2770
22/12/2022 17:28:32,2,770,680,3,1,2770
22/12/2022 17:28:48,2,770,680,3,1,2800
22/12/2022 17:29:04,2,770,680,3,1,2800
22/12/2022 17:29:20,2,770,680,3,1,2800
22/12/2022 17:29:36,2,770,680,3,1,2810
22/12/2022 17:29:52,2,770,680,3,1,2810
22/12/2022 17:30:08,2,770,680,3,1,2900
22/12/2022 17:30:24,2,770,680,3,1,2900
22/12/2022 17:30:40,2,770,680,3,1,2800
22/12/2022 17:30:56,2,770,680,3,1,2800
22/12/2022 17:31:12,2,770,680,3,1,2770
22/12/2022 17:31:28,2,770,680,3,1,2770
22/12/2022 17:31:44,2,770,680,3,1,2770
22/12/2022 17:32:00,2,770,680,3,1,2750
22/12/2022 17:32:16,2,770,680,3,1,2750
22/12/2022 17:32:32,2,770,680,3,1,2760
22/12/2022 17:32:48,2,770,680,3,1,2760
22/12/2022 17:33:04,2,770,680,3,1,2750
22/12/2022 17:33:20,2,760,680,3,1,2750
22/12/2022 17:33:36,2,760,680,3,1,2720
22/12/2022 17:33:52,2,760,680,3,1,2720
22/12/2022 17:34:08,2,760,680,3,1,2720
22/12/2022 17:34:24,2,760,680,3,1,2710
22/12/2022 17:34:40,2,760,680,3,1,2710
22/12/2022 17:34:56,2,760,680,3,2,2700
22/12/2022 17:35:12,2,760,680,3,2,2700
22/12/2022 17:35:28,2,-999,680,3,2,2720
22/12/2022 17:35:44,2,-999,680,3,2,2720
22/12/2022 17:36:00,2,760,680,3,1,2720
22/12/2022 17:36:16,2,760,680,3,1,2720
22/12/2022 17:36:32,2,760,680,3,1,2720
22/12/2022 17:36:48,2,760,680,3,1,2730
22/12/2022 17:37:04,2,2880,680,3,1,2730
22/12/2022 17:37:20,2,2880,680,3,1,2670
22/12/2022 17:37:36,2,2880,680,3,1,2670
22/12/2022 17:37:52,2,2850,680,3,1,2680
22/12/2022 17:38:08,2,2850,680,3,1,2680
22/12/2022 17:38:24,2,2830,680,3,1,2670
22/12/2022 17:38:40,2,2830,680,3,1,2670
22/12/2022 17:38:56,2,2830,680,3,1,2670
22/12/2022 17:39:12,2,-999,680,3,1,2670
22/12/2022 17:39:28,2,-999,680,3,1,2670
22/12/2022 17:39:44,2,-999,680,3,1,2670
22/12/2022 17:40:00,2,-999,680,3,1,2670
22/12/2022 17:40:16,2,-999,680,3,1,2680
22/12/2022 17:40:32,2,-999,680,3,1,2680
22/12/2022 17:40:48,2,-999,680,3,1,2680
22/12/2022 17:41:04,2,-999,680,3,1,2680
22/12/2022 17:41:20,2,-999,680,3,1,2680
22/12/2022 17:41:36,2,2820,680,3,1,2680
22/12/2022 17:41:52,2,2820,680,3,1,2680
22/12/2022 17:42:08,2,2820,680,3,1,2680
22/12/2022 17:42:24,2,2820,680,3,1,2680
22/12/2022 17:42:40,2,2820,680,3,1,2670
22/12/2022 17:42:56,2,2820,680,3,1,2670
22/12/2022 17:43:12,2,2820,680,3,1,2670
22/12/2022 17:43:28,2,2820,680,3,1,2670
22/12/2022 17:43:44,2,2820,680,3,1,2670
22/12/2022 17:44:00,2,2820,680,3,1,2670
22/12/2022 17:44:16,2,2820,680,3,1,2670
22/12/2022 17:44:32,2,2800,680,3,1,2670
22/12/2022 17:44:48,2,2800,680,3,1,2670
22/12/2022 17:45:04,2,2800,680,3,1,2660
22/12/2022 17:45:20,2,2800,680,3,1,2660
22/12/2022 17:45:36,2,2790,680,3,1,2650
22/12/2022 17:45:52,2,2790,680,3,1,2650
22/12/2022 17:46:08,2,2780,680,3,1,2650
22/12/2022 17:46:24,2,2780,680,3,1,2660
22/12/2022 17:46:40,2,2780,680,3,1,2660
22/12/2022 17:46:56,2,2780,680,3,1,2640
22/12/2022 17:47:12,2,2780,680,3,1,2640
22/12/2022 17:47:28,2,2780,680,3,1,2620
22/12/2022 17:47:44,2,2780,680,3,1,2620
22/12/2022 17:48:00,2,2780,680,3,1,2620
22/12/2022 17:48:16,2,2780,680,3,1,2620
22/12/2022 17:48:32,2,2780,680,3,1,2620
22/12/2022 17:48:48,2,2780,680,3,1,2630
22/12/2022 17:49:04,2,2780,680,3,1,2630
22/12/2022 17:49:20,2,2760,680,3,1,2650
22/12/2022 17:49:36,2,2760,680,3,1,2650
22/12/2022 17:49:52,2,2760,680,3,1,2630
22/12/2022 17:50:08,2,2750,680,3,1,2630
22/12/2022 17:50:24,2,-999,680,3,1,2620
22/12/2022 17:50:40,2,-999,680,3,1,2620
22/12/2022 17:50:56,2,-999,680,3,1,2620
22/12/2022 17:51:12,2,-999,680,3,1,2620
22/12/2022 17:51:28,2,-999,680,3,1,2620
22/12/2022 17:51:44,2,-999,680,3,1,2610
22/12/2022 17:52:00,2,-999,680,3,1,2610
22/12/2022 17:52:16,2,-999,680,3,1,2600
22/12/2022 17:52:32,2,-999,680,3,1,2600
22/12/2022 17:52:48,2,-999,680,3,1,2590
22/12/2022 17:53:04,2,-999,680,3,1,2590
22/12/2022 17:53:20,2,-999,680,3,1,2590
22/12/2022 17:53:36,2,-999,680,3,1,2590
22/12/2022 17:53:52,2,-999,680,3,1,2590
22/12/2022 17:54:08,2,-999,680,3,1,2640
22/12/2022 17:54:24,2,-999,680,3,1,2640
22/12/2022 17:54:40,2,-999,680,3,1,2620
22/12/2022 17:54:56,2,-999,680,3,1,2620
22/12/2022 17:55:12,2,-999,680,3,1,2590
22/12/2022 17:55:28,2,-999,680,3,1,2590
22/12/2022 17:55:44,2,-999,680,3,1,2590
22/12/2022 17:56:00,2,-999,680,3,1,2580
22/12/2022 17:56:16,2,-999,680,3,1,2580
22/12/2022 17:56:32,2,-999,680,3,1,2570
22/12/2022 17:56:48,2,-999,680,3,1,2570
22/12/2022 17:57:04,2,-999,680,3,1,2570
22/12/2022 17:57:20,2,-999,680,3,1,2570
22/12/2022 17:57:36,2,-999,680,3,1,2580
22/12/2022 17:57:52,2,-999,680,3,1,2580
22/12/2022 17:58:08,2,-999,680,3,1,2580
22/12/2022 17:58:24,2,-999,680,3,1,2580
22/12/2022 17:58:40,2,-999,680,3,1,2580
22/12/2022 17:58:56,2,-999,680,3,1,2590
22/12/2022 17:59:12,2,-999,680,3,1,2590
22/12/2022 17:59:28,2,-999,680,3,1,2590
22/12/2022 17:59:44,2,-999,680,3,1,2590
22/12/2022 18:00:00,1,-999,760,3,1,2570
22/12/2022 18:00:16,1,-999,760,3,1,2570
22/12/2022 18:00:32,1,-999,760,3,1,2570
22/12/2022 18:00:48,1,-999,760,3,1,2560
22/12/2022 18:01:04,1,-999,760,3,1,2560
22/12/2022 18:01:20,1,-999,760,3,1,2560
22/12/2022 18:01:36,1,-999,760,3,1,2560
22/12/2022 18:01:52,1,-999,760,3,1,2560
22/12/2022 18:02:08,1,-999,760,3,1,2560
22/12/2022 18:02:24,1,-999,760,3,1,2560
22/12/2022 18:02:40,1,-999,760,3,1,2560
22/12/2022 18:02:56,1,-999,760,3,1,2560
22/12/2022 18:03:12,1,-999,760,3,1,2560
22/12/2022 18:03:28,1,-999,760,3,1,2560
22/12/2022 18:03:44,1,-999,760,3,1,2560
22/12/2022 18:04:00,1,-999,760,3,1,2560
22/12/2022 18:04:16,1,-999,760,3,1,2560
22/12/2022 18:04:32,1,-999,760,3,1,2560
22/12/2022 18:04:48,1,-999,760,3,1,2560
22/12/2022 18:05:04,1,-999,760,3,1,2560
22/12/2022 18:05:20,1,-999,760,3,1,2560
22/12/2022 18:05:36,1,-999,760,3,1,2560
22/12/2022 18:05:52,1,-999,760,3,1,2560
22/12/2022 18:06:08,1,-999,760,3,2,2560
22/12/2022 18:06:24,1,-999,760,3,2,2560
22/12/2022 18:06:40,1,-999,760,3,2,2580
22/12/2022 18:06:56,1,-999,760,3,2,2580
22/12/2022 18:07:12,1,-999,760,3,1,2540
22/12/2022 18:07:28,1,-999,760,3,1,2540
22/12/2022 18:07:44,1,-999,760,3,1,2540
22/12/2022 18:08:00,1,-999,760,3,1,2530
22/12/2022 18:08:16,1,-999,760,3,1,2530
22/12/2022 18:08:32,1,-999,760,3,1,2520
22/12/2022 18:08:48,1,-999,760,3,1,2520
22/12/2022 18:09:04,1,-999,760,3,1,2510
22/12/2022 18:09:20,1,-999,760,3,1,2510
22/12/2022 18:09:36,1,-999,760,3,1,2510
22/12/2022 18:09:52,1,-999,760,3,1,2510
22/12/2022 18:10:08,1,-999,760,3,1,2510
22/12/2022 18:10:24,1,-999,760,3,1,2500
22/12/2022 18:10:40,1,-999,760,3,1,2500
22/12/2022 18:10:56,1,-999,760,3,1,2500
22/12/2022 18:11:12,1,-999,760,3,1,2500
22/12/2022 18:11:28,1,-999,760,3,1,2500
22/12/2022 18:11:44,1,-999,760,3,1,2500
22/12/2022 18:12:00,1,-999,760,3,1,2490
22/12/2022 18:12:16,1,-999,760,3,1,2490
22/12/2022 18:12:32,1,-999,760,3,1,2490
22/12/2022 18:12:48,1,-999,760,3,1,2490
22/12/2022 18:13:04,1,-999,760,3,1,2490
22/12/2022 18:13:20,1,-999,760,3,1,2490
22/12/2022 18:13:36,1,-999,760,3,1,2490
22/12/2022 18:13:52,1,-999,760,3,1,2500
22/12/2022 18:14:08,1,-999,760,3,1,2500
22/12/2022 18:14:24,1,-999,760,3,1,2510
22/12/2022 18:14:40,1,-999,760,3,1,2510
22/12/2022 18:14:56,1,-999,760,3,1,2510
22/12/2022 18:15:12,1,-999,760,3,1,2520
22/12/2022 18:15:28,1,-999,760,3,1,2520
22/12/2022 18:15:44,1,-999,760,3,1,2520
22/12/2022 18:16:00,1,-999,760,3,1,2520
22/12/2022 18:16:16,1,-999,760,3,1,2520
22/12/2022 18:16:32,1,-999,760,3,1,2520
22/12/2022 18:16:48,1,-999,760,3,1,2490
22/12/2022 18:17:04,1,-999,760,3,1,2490
22/12/2022 18:17:20,1,-999,760,3,1,2490
22/12/2022 18:17:36,1,-999,760,3,1,2490
22/12/2022 18:17:52,1,-999,760,3,1,2490
22/12/2022 18:18:08,1,-999,760,3,1,2470
22/12/2022 18:18:24,1,-999,760,3,1,2470
22/12/2022 18:18:40,1,-999,760,3,1,2460
22/12/2022 18:18:56,1,-999,760,3,1,2460
22/12/2022 18:19:12,1,-999,760,3,1,2450
22/12/2022 18:19:28,1,-999,760,3,1,2450
22/12/2022 18:19:44,1,-999,760,3,1,2450
22/12/2022 18:20:00,1,-999,760,3,1,2450
22/12/2022 18:20:16,1,-999,760,3,1,2450
22/12/2022 18:20:32,1,-999,760,3,1,2450
22/12/2022 18:20:48,1,-999,760,3,1,2450
22/12/2022 18:21:04,1,-999,760,3,1,2460
22/12/2022 18:21:20,1,-999,760,3,1,2460
22/12/2022 18:21:36,1,-999,760,3,1,2460
22/12/2022 18:21:52,1,-999,760,3,1,2460
22/12/2022 18:22:08,1,-999,760,3,1,2460
22/12/2022 18:22:24,1,-999,760,3,1,2460
22/12/2022 18:22:40,1,-999,760,3,1,2460
22/12/2022 18:22:56,1,-999,760,3,1,2460
22/12/2022 18:23:12,1,-999,760,3,1,2460
22/12/2022 18:23:28,1,-999,760,3,1,2460
22/12/2022 18:23:44,1,-999,760,3,1,2460
22/12/2022 18:24:00,1,-999,760,3,1,2470
22/12/2022 18:24:16,1,-999,760,3,1,2470
22/12/2022 18:24:32,1,-999,760,3,1,2470
22/12/2022 18:24:48,1,-999,760,3,1,2490
22/12/2022 18:25:04,1,-999,760,3,1,2490
22/12/2022 18:25:20,1,-999,760,3,1,2520
22/12/2022 18:25:36,1,-999,760,3,1,2520
22/12/2022 18:25:52,1,-999,760,3,1,2520
22/12/2022 18:26:08,1,-999,760,3,1,2520
22/12/2022 18:26:24,1,-999,760,3,1,2510
22/12/2022 18:26:40,1,-999,760,3,1,2510
22/12/2022 18:26:56,1,-999,760,3,1,2510
22/12/2022 18:27:12,1,-999,760,3,1,2460
22/12/2022 18:27:28,1,-999,760,3,1,2460
22/12/2022 18:27:44,1,-999,760,3,1,2460
22/12/2022 18:28:00,1,-999,760,3,1,2460
22/12/2022 18:28:16,1,-999,760,3,1,2460
22/12/2022 18:28:32,1,-999,760,3,1,2460
22/12/2022 18:28:48,1,-999,760,3,1,2460
22/12/2022 18:29:04,1,-999,760,3,1,2460
22/12/2022 18:29:20,1,-999,760,3,1,2460
22/12/2022 18:29:36,1,-999,760,3,1,2460
22/12/2022 18:29:52,1,-999,760,3,1,2460
22/12/2022 18:30:08,1,-999,760,3,1,2460
22/12/2022 18:30:24,1,-999,760,3,1,2460
22/12/2022 18:30:40,1,-999,760,3,1,2450
22/12/2022 18:30:56,1,-999,760,3,1,2450
22/12/2022 18:31:12,1,-999,760,3,1,2450
22/12/2022 18:31:28,1,-999,760,3,1,2450
22/12/2022 18:31:44,1,-999,760,3,1,2450
22/12/2022 18:32:00,1,-999,760,3,1,2460
22/12/2022 18:32:16,1,-999,760,3,1,2460
22/12/2022 18:32:32,1,-999,760,3,1,2460
22/12/2022 18:32:48,1,-999,760,3,1,2460
22/12/2022 18:33:04,1,-999,760,3,1,2460
22/12/2022 18:33:20,1,-999,760,3,1,2460
22/12/2022 18:33:36,1,-999,760,3,1,2450
22/12/2022 18:33:52,1,-999,760,3,1,2450
22/12/2022 18:34:08,1,-999,760,3,1,2450
22/12/2022 18:34:24,1,-999,760,3,1,2450
22/12/2022 18:34:40,1,-999,760,3,1,2450
22/12/2022 18:34:56,1,-999,760,3,1,2450
22/12/2022 18:35:12,1,-999,760,3,1,2450
22/12/2022 18:35:28,1,-999,760,3,1,2450
22/12/2022 18:35:44,1,-999,760,3,1,2450
22/12/2022 18:36:00,1,-999,760,3,1,2460
22/12/2022 18:36:16,1,-999,760,3,1,2460
22/12/2022 18:36:32,1,-999,760,3,1,2460
22/12/2022 18:36:48,1,-999,760,3,1,2480
22/12/2022 18:37:04,1,-999,760,3,1,2480
22/12/2022 18:37:20,1,-999,760,3,2,2480
22/12/2022 18:37:36,1,-999,760,3,2,2480
22/12/2022 18:37:52,1,-999,760,3,2,2730
22/12/2022 18:38:08,1,-999,760,3,2,2730
22/12/2022 18:38:24,1,-999,760,3,1,2940
22/12/2022 18:38:40,1,-999,760,3,1,2940
22/12/2022 18:38:56,1,-999,760,3,1,2940
22/12/2022 18:39:12,1,-999,760,3,1,2880
22/12/2022 18:39:28,1,-999,760,3,1,2880
22/12/2022 18:39:44,1,-999,760,3,2,2880
22/12/2022 18:40:00,1,-999,760,3,2,2880
22/12/2022 18:40:16,1,-999,760,3,2,2870
22/12/2022 18:40:32,1,-999,760,3,2,2870
22/12/2022 18:40:48,1,-999,760,3,2,2450
22/12/2022 18:41:04,1,-999,760,3,2,2450
22/12/2022 18:41:20,1,-999,760,3,2,2450
22/12/2022 18:41:36,1,-999,760,3,1,2440
22/12/2022 18:41:52,1,-999,760,3,1,2440
22/12/2022 18:42:08,1,-999,760,3,1,2440
22/12/2022 18:42:24,1,-999,760,3,1,2440
22/12/2022 18:42:40,1,-999,760,3,1,2450
22/12/2022 18:42:56,1,-999,760,3,1,2450
22/12/2022 18:43:12,1,-999,760,3,1,2450
22/12/2022 18:43:28,1,-999,760,3,1,2450
22/12/2022 18:43:44,1,-999,760,3,1,2450
22/12/2022 18:44:00,1,-999,760,3,2,2460
22/12/2022 18:44:16,1,-999,760,3,2,2460
22/12/2022 18:44:32,1,-999,760,3,2,3630
22/12/2022 18:44:48,1,-999,760,3,2,3630
22/12/2022 18:45:04,1,-999,760,3,1,4130
22/12/2022 18:45:20,1,-999,760,3,1,4130
22/12/2022 18:45:36,1,-999,760,3,3,3470
22/12/2022 18:45:52,1,-999,760,3,3,3470
22/12/2022 18:46:08,1,-999,760,3,3,3470
22/12/2022 18:46:24,1,-999,760,3,2,3360
22/12/2022 18:46:40,1,-999,760,3,2,3360
22/12/2022 18:46:56,1,-999,760,3,2,3600
22/12/2022 18:47:12,1,-999,760,3,2,3600
22/12/2022 18:47:28,1,-999,760,3,2,3670
22/12/2022 18:47:44,1,-999,760,3,2,3670
22/12/2022 18:48:00,1,-999,760,3,2,3320
22/12/2022 18:48:16,1,-999,760,3,2,3320
22/12/2022 18:48:32,1,-999,760,3,2,3320
22/12/2022 18:48:48,1,-999,760,3,1,3320
22/12/2022 18:49:04,1,-999,760,3,1,3320
22/12/2022 18:49:20,1,-999,760,3,2,3320
22/12/2022 18:49:36,1,-999,760,3,2,3320
22/12/2022 18:49:52,1,-999,760,3,1,3890
22/12/2022 18:50:08,1,-999,760,3,1,3890
22/12/2022 18:50:24,1,-999,760,3,2,3770
22/12/2022 18:50:40,1,-999,760,3,2,3770
22/12/2022 18:50:56,1,-999,760,3,2,3770
22/12/2022 18:51:12,1,-999,760,3,2,4010
22/12/2022 18:51:28,1,-999,760,3,2,4010
22/12/2022 18:51:44,1,-999,760,3,3,3630
22/12/2022 18:52:00,1,-999,760,3,3,3630
22/12/2022 18:52:16,1,-999,760,3,3,3390
22/12/2022 18:52:32,1,-999,760,3,3,3390
22/12/2022 18:52:48,1,-999,760,3,2,3310
22/12/2022 18:53:04,1,-999,760,3,2,3310
22/12/2022 18:53:20,1,-999,760,3,2,3310
22/12/2022 18:53:36,1,-999,760,3,3,2850
22/12/2022 18:53:52,1,-999,760,3,3,2850
22/12/2022 18:54:08,1,-999,760,3,1,2830
22/12/2022 18:54:24,1,-999,760,3,1,2830
22/12/2022 18:54:40,1,-999,760,3,1,2700
22/12/2022 18:54:56,1,-999,760,3,1,2700
22/12/2022 18:55:12,1,-999,760,3,2,2700
22/12/2022 18:55:28,1,-999,760,3,2,2700
22/12/2022 18:55:44,1,-999,760,3,2,2700
22/12/2022 18:56:00,1,-999,760,3,2,2680
22/12/2022 18:56:16,1,-999,760,3,2,2680
22/12/2022 18:56:32,1,-999,760,3,1,2670
22/12/2022 18:56:48,1,-999,760,3,1,2670
22/12/2022 18:57:04,1,-999,760,3,2,2340
22/12/2022 18:57:20,1,-999,760,3,2,2340
22/12/2022 18:57:36,1,-999,760,3,1,2340
22/12/2022 18:57:52,1,-999,760,3,1,2340
22/12/2022 18:58:08,1,-999,760,3,1,2340
22/12/2022 18:58:24,1,-999,760,3,1,2340
22/12/2022 18:58:40,1,-999,760,3,1,2340
22/12/2022 18:58:56,1,-999,760,3,2,2340
22/12/2022 18:59:12,1,-999,760,3,2,2340
22/12/2022 18:59:28,1,-999,760,3,2,2350
22/12/2022 18:59:44,1,-999,760,3,2,2350
22/12/2022 19:00:00,-999,-999,-999,3,1,2580
22/12/2022 19:00:16,-999,-999,-999,3,1,2580
22/12/2022 19:00:32,-999,-999,-999,3,1,2580
22/12/2022 19:00:48,-999,-999,-999,3,1,2550
22/12/2022 19:01:04,-999,-999,-999,3,1,2550
22/12/2022 19:01:20,-999,-999,-999,3,1,2560
22/12/2022 19:01:36,-999,-999,-999,3,1,2560
22/12/2022 19:01:52,-999,-999,-999,3,1,2540
22/12/2022 19:02:08,-999,-999,-999,3,1,2540
22/12/2022 19:02:24,-999,-999,-999,3,1,2530
22/12/2022 19:02:40,-999,-999,-999,3,1,2530
22/12/2022 19:02:56,-999,-999,-999,3,1,2530
22/12/2022 19:03:12,-999,-999,-999,3,1,2530
22/12/2022 19:03:28,-999,-999,-999,3,1,2530
22/12/2022 19:03:44,-999,-999,-999,3,1,2580
22/12/2022 19:04:00,-999,-999,-999,3,1,2580
22/12/2022 19:04:16,-999,-999,-999,3,1,2630
22/12/2022 19:04:32,-999,-999,-999,3,1,2630
22/12/2022 19:04:48,-999,-999,-999,3,1,2610
22/12/2022 19:05:04,-999,-999,-999,3,1,2610
22/12/2022 19:05:20,-999,-999,-999,3,1,2610
22/12/2022 19:05:36,-999,-999,-999,3,1,2530
22/12/2022 19:05:52,-999,-999,-999,3,1,2530
22/12/2022 19:06:08,-999,-999,-999,3,1,2520
22/12/2022 19:06:24,-999,-999,-999,3,1,2520
22/12/2022 19:06:40,-999,-999,-999,3,1,2590
22/12/2022 19:06:56,-999,-999,-999,3,1,2590
22/12/2022 19:07:12,-999,-999,-999,3,1,2550
22/12/2022 19:07:28,-999,-999,-999,3,1,2550
22/12/2022 19:07:44,-999,-999,-999,3,1,2550
22/12/2022 19:08:00,-999,-999,-999,3,1,2540
22/12/2022 19:08:16,-999,-999,-999,3,1,2540
22/12/2022 19:08:32,-999,-999,-999,3,1,2550
22/12/2022 19:08:48,-999,-999,-999,3,1,2550
22/12/2022 19:09:04,-999,-999,-999,3,1,2540
22/12/2022 19:09:20,-999,-999,-999,3,1,2540
22/12/2022 19:09:36,-999,-999,-999,3,1,2510
22/12/2022 19:09:52,-999,-999,-999,3,1,2510
22/12/2022 19:10:08,-999,-999,-999,3,1,2510
22/12/2022 19:10:24,-999,-999,-999,3,1,2500
22/12/2022 19:10:40,-999,-999,-999,3,1,2500
22/12/2022 19:10:56,-999,-999,-999,3,1,2490
22/12/2022 19:11:12,-999,-999,-999,3,1,2490
22/12/2022 19:11:28,-999,-999,-999,3,1,2490
22/12/2022 19:11:44,-999,-999,-999,3,1,2490
22/12/2022 19:12:00,-999,-999,-999,3,1,2500
22/12/2022 19:12:16,-999,-999,-999,3,1,2500
22/12/2022 19:12:32,-999,-999,-999,3,1,2500
22/12/2022 19:12:48,-999,-999,-999,3,1,2550
22/12/2022 19:13:04,-999,-999,-999,3,1,2550
22/12/2022 19:13:20,-999,-999,-999,3,1,2570
22/12/2022 19:13:36,-999,-999,-999,3,1,2570
22/12/2022 19:13:52,-999,-999,-999,3,1,2540
22/12/2022 19:14:08,-999,-999,-999,3,1,2540
22/12/2022 19:14:24,-999,-999,-999,3,1,2490
22/12/2022 19:14:40,-999,-999,-999,3,1,2490
22/12/2022 19:14:56,-999,-999,-999,3,1,2490
22/12/2022 19:15:12,-999,-999,-999,3,1,2440
22/12/2022 19:15:28,-999,-999,-999,3,1,2440
22/12/2022 19:15:44,-999,-999,-999,3,1,2400
22/12/2022 19:16:00,-999,-999,-999,3,1,2400
22/12/2022 19:16:16,-999,-999,-999,3,1,2410
22/12/2022 19:16:32,-999,-999,-999,3,1,2410
22/12/2022 19:16:48,-999,-999,-999,3,1,2380
22/12/2022 19:17:04,-999,1060,-999,3,1,2380
22/12/2022 19:17:20,-999,1060,-999,3,1,2380
22/12/2022 19:17:36,-999,1060,-999,3,1,2350
22/12/2022 19:17:52,-999,1060,-999,3,1,2350
22/12/2022 19:18:08,-999,1060,-999,3,1,2360
22/12/2022 19:18:24,-999,1060,-999,3,1,2360
22/12/2022 19:18:40,-999,1060,-999,3,1,2360
22/12/2022 19:18:56,-999,1060,-999,3,1,2360
22/12/2022 19:19:12,-999,2530,-999,3,1,2400
22/12/2022 19:19:28,-999,2530,-999,3,1,2400
22/12/2022 19:19:44,-999,2530,-999,3,1,2400
22/12/2022 19:20:00,-999,2530,-999,3,1,2410
22/12/2022 19:20:16,-999,2530,-999,3,1,2410
22/12/2022 19:20:32,-999,2530,-999,3,1,2420
22/12/2022 19:20:48,-999,2530,-999,3,1,2420
22/12/2022 19:21:04,-999,2550,-999,3,1,2400
22/12/2022 19:21:20,-999,2550,-999,3,1,2400
22/12/2022 19:21:36,-999,2580,-999,3,1,2420
22/12/2022 19:21:52,-999,2580,-999,3,1,2420
22/12/2022 19:22:08,-999,1050,-999,3,1,2420
22/12/2022 19:22:24,-999,1050,-999,3,1,2420
22/12/2022 19:22:40,-999,1050,-999,3,1,2420
22/12/2022 19:22:56,-999,1050,-999,3,1,2400
22/12/2022 19:23:12,-999,1050,-999,3,1,2400
22/12/2022 19:23:28,-999,1050,-999,3,1,2400
22/12/2022 19:23:44,-999,1050,-999,3,1,2400
22/12/2022 19:24:00,-999,1050,-999,3,1,2380
22/12/2022 19:24:16,-999,1050,-999,3,1,2380
22/12/2022 19:24:32,-999,1050,-999,3,1,2380
22/12/2022 19:24:48,-999,1060,-999,3,1,2360
22/12/2022 19:25:04,-999,1060,-999,3,1,2360
22/12/2022 19:25:20,-999,1070,-999,3,1,2360
22/12/2022 19:25:36,-999,1070,-999,3,1,2360
22/12/2022 19:25:52,-999,1070,-999,3,1,2340
22/12/2022 19:26:08,-999,1070,-999,3,1,2340
22/12/2022 19:26:24,-999,1070,-999,3,1,2320
22/12/2022 19:26:40,-999,1070,-999,3,1,2320
22/12/2022 19:26:56,-999,1070,-999,3,1,2320
22/12/2022 19:27:12,-999,1070,-999,3,1,2300
22/12/2022 19:27:28,-999,1080,-999,3,1,2300
22/12/2022 19:27:44,-999,1080,-999,3,1,2280
22/12/2022 19:28:00,-999,1080,-999,3,1,2280
22/12/2022 19:28:16,-999,2450,-999,3,1,2280
22/12/2022 19:28:32,-999,520,-999,3,1,2280
22/12/2022 19:28:48,-999,520,-999,3,1,2270
22/12/2022 19:29:04,-999,510,-999,3,1,2270
22/12/2022 19:29:20,-999,510,-999,3,1,2270
22/12/2022 19:29:36,-999,510,-999,3,1,2260
22/12/2022 19:29:52,-999,510,-999,3,1,2260
22/12/2022 19:30:08,-999,510,-999,3,1,2250
22/12/2022 19:30:24,-999,510,-999,3,1,2250
22/12/2022 19:30:40,-999,500,-999,3,1,2250
22/12/2022 19:30:56,-999,500,-999,3,1,2250
22/12/2022 19:31:12,-999,490,-999,3,1,2240
22/12/2022 19:31:28,-999,490,-999,3,1,2240
22/12/2022 19:31:44,-999,490,-999,3,1,2240
22/12/2022 19:32:00,-999,490,-999,3,1,2240
22/12/2022 19:32:16,-999,490,-999,3,1,2240
22/12/2022 19:32:32,-999,490,-999,3,1,2240
22/12/2022 19:32:48,-999,490,-999,3,1,2240
22/12/2022 19:33:04,-999,490,-999,3,1,2250
22/12/2022 19:33:20,-999,490,-999,3,1,2250
22/12/2022 19:33:36,-999,490,-999,3,1,2310
22/12/2022 19:33:52,-999,490,-999,3,1,2310
22/12/2022 19:34:08,-999,490,-999,3,1,2310
22/12/2022 19:34:24,-999,490,-999,3,1,2310
22/12/2022 19:34:40,-999,490,-999,3,1,2310
22/12/2022 19:34:56,-999,490,-999,3,1,2280
22/12/2022 19:35:12,-999,490,-999,3,1,2280
22/12/2022 19:35:28,-999,490,-999,3,1,2280
22/12/2022 19:35:44,-999,490,-999,3,1,2280
22/12/2022 19:36:00,-999,490,-999,3,1,2300
22/12/2022 19:36:16,-999,490,-999,3,1,2300
22/12/2022 19:36:32,-999,490,-999,3,1,2300
22/12/2022 19:36:48,-999,500,-999,3,1,2280
22/12/2022 19:37:04,-999,500,-999,3,1,2280
22/12/2022 19:37:20,-999,500,-999,3,1,2360
22/12/2022 19:37:36,-999,510,-999,3,1,2360
22/12/2022 19:37:52,-999,510,-999,3,1,2310
22/12/2022 19:38:08,-999,520,-999,3,1,2310
22/12/2022 19:38:24,-999,-999,-999,3,2,2320
22/12/2022 19:38:40,-999,-999,-999,3,2,2320
22/12/2022 19:38:56,-999,-999,-999,3,2,2320
22/12/2022 19:39:12,-999,-999,-999,3,1,2460
22/12/2022 19:39:28,-999,-999,-999,3,1,2460
22/12/2022 19:39:44,-999,540,-999,3,1,2460
22/12/2022 19:40:00,-999,540,-999,3,1,2460
22/12/2022 19:40:16,-999,540,-999,3,1,2450
22/12/2022 19:40:32,-999,540,-999,3,1,2450
22/12/2022 19:40:48,-999,540,-999,3,1,2400
22/12/2022 19:41:04,-999,540,-999,3,1,2400
22/12/2022 19:41:20,-999,540,-999,3,1,2400
22/12/2022 19:41:36,-999,540,-999,3,1,2600
22/12/2022 19:41:52,-999,530,-999,3,1,2600
22/12/2022 19:42:08,-999,530,-999,3,2,2450
22/12/2022 19:42:24,-999,530,-999,3,2,2450
22/12/2022 19:42:40,-999,530,-999,3,1,2640
22/12/2022 19:42:56,-999,530,-999,3,1,2640
22/12/2022 19:43:12,-999,530,-999,3,1,2520
22/12/2022 19:43:28,-999,530,-999,3,1,2520
22/12/2022 19:43:44,-999,520,-999,3,1,2520
22/12/2022 19:44:00,-999,520,-999,3,1,2580
22/12/2022 19:44:16,-999,510,-999,3,1,2580
22/12/2022 19:44:32,-999,500,-999,3,1,2580
22/12/2022 19:44:48,-999,500,-999,3,1,2580
22/12/2022 19:45:04,-999,490,-999,3,1,2420
22/12/2022 19:45:20,-999,490,-999,3,1,2420
22/12/2022 19:45:36,-999,480,-999,3,1,2420
22/12/2022 19:45:52,-999,480,-999,3,1,2420
22/12/2022 19:46:08,-999,480,-999,3,1,2420
22/12/2022 19:46:24,-999,470,-999,3,2,2400
22/12/2022 19:46:40,-999,470,-999,3,2,2400
22/12/2022 19:46:56,-999,460,-999,3,2,2370
22/12/2022 19:47:12,-999,460,-999,3,2,2370
22/12/2022 19:47:28,-999,460,-999,3,1,2370
22/12/2022 19:47:44,-999,460,-999,3,1,2370
22/12/2022 19:48:00,-999,460,-999,3,1,2330
22/12/2022 19:48:16,-999,460,-999,3,1,2330
22/12/2022 19:48:32,-999,460,-999,3,1,2330
22/12/2022 19:48:48,-999,460,-999,3,1,2310
22/12/2022 19:49:04,-999,460,-999,3,1,2310
22/12/2022 19:49:20,-999,460,-999,3,1,2300
22/12/2022 19:49:36,-999,460,-999,3,1,2300
22/12/2022 19:49:52,-999,460,-999,3,1,2300
22/12/2022 19:50:08,-999,460,-999,3,1,2300
22/12/2022 19:50:24,-999,460,-999,3,1,2310
22/12/2022 19:50:40,-999,460,-999,3,1,2310
22/12/2022 19:50:56,-999,460,-999,3,1,2310
22/12/2022 19:51:12,-999,460,-999,3,1,2280
22/12/2022 19:51:28,-999,460,-999,3,1,2280
22/12/2022 19:51:44,-999,460,-999,3,2,2310
22/12/2022 19:52:00,-999,460,-999,3,2,2310
22/12/2022 19:52:16,-999,460,-999,3,1,2590
22/12/2022 19:52:32,-999,460,-999,3,1,2590
22/12/2022 19:52:48,-999,460,-999,3,1,2550
22/12/2022 19:53:04,-999,460,-999,3,1,2550
22/12/2022 19:53:20,-999,460,-999,3,1,2550
22/12/2022 19:53:36,-999,460,-999,3,1,2480
22/12/2022 19:53:52,-999,460,-999,3,1,2480
22/12/2022 19:54:08,-999,460,-999,3,1,2600
22/12/2022 19:54:24,-999,460,-999,3,1,2600
22/12/2022 19:54:40,-999,460,-999,3,1,2710
22/12/2022 19:54:56,-999,460,-999,3,1,2710
22/12/2022 19:55:12,-999,460,-999,3,1,2870
22/12/2022 19:55:28,-999,460,-999,3,1,2870
22/12/2022 19:55:44,-999,460,-999,3,1,2870
22/12/2022 19:56:00,-999,460,-999,3,2,2540
22/12/2022 19:56:16,-999,460,-999,3,2,2540
22/12/2022 19:56:32,-999,460,-999,3,1,2730
22/12/2022 19:56:48,-999,460,-999,3,1,2730
22/12/2022 19:57:04,-999,460,-999,3,1,2760
22/12/2022 19:57:20,-999,460,-999,3,1,2760
22/12/2022 19:57:36,-999,460,-999,3,1,2640
22/12/2022 19:57:52,-999,460,-999,3,1,2640
22/12/2022 19:58:08,-999,460,-999,3,1,2640
22/12/2022 19:58:24,-999,460,-999,3,1,2610
22/12/2022 19:58:40,-999,460,-999,3,1,2610
22/12/2022 19:58:56,-999,460,-999,3,1,2600
22/12/2022 19:59:12,-999,460,-999,3,1,2600
22/12/2022 19:59:28,-999,460,-999,3,1,2600
22/12/2022 19:59:44,-999,460,-999,3,1,2600
22/12/2022 20:00:00,2,460,490,3,1,2700
22/12/2022 20:00:16,2,470,490,3,1,2700
22/12/2022 20:00:32,2,470,490,3,1,2700
22/12/2022 20:00:48,2,470,490,3,2,2300
22/12/2022 20:01:04,2,480,490,3,2,2300
22/12/2022 20:01:20,2,490,490,3,1,3090
22/12/2022 20:01:36,2,490,490,3,1,3090
22/12/2022 20:01:52,2,490,490,3,2,2450
22/12/2022 20:02:08,2,490,490,3,2,2450
22/12/2022 20:02:24,2,490,490,3,1,2990
22/12/2022 20:02:40,2,490,490,3,1,2990
22/12/2022 20:02:56,2,490,490,3,1,2990
22/12/2022 20:03:12,2,490,490,3,1,2990
22/12/2022 20:03:28,2,490,490,3,1,2990
22/12/2022 20:03:44,2,480,490,3,1,3080
22/12/2022 20:04:00,2,480,490,3,1,3080
22/12/2022 20:04:16,2,480,490,3,2,2650
22/12/2022 20:04:32,2,480,490,3,2,2650
22/12/2022 20:04:48,2,480,490,3,1,2590
22/12/2022 20:05:04,2,480,490,3,1,2590
22/12/2022 20:05:20,2,480,490,3,1,2590
22/12/2022 20:05:36,2,470,490,3,1,3070
22/12/2022 20:05:52,2,470,490,3,1,3070
22/12/2022 20:06:08,2,460,490,3,1,3080
22/12/2022 20:06:24,2,460,490,3,1,3080
22/12/2022 20:06:40,2,440,490,3,2,2600
22/12/2022 20:06:56,2,440,490,3,2,2600
22/12/2022 20:07:12,2,440,490,3,1,2520
22/12/2022 20:07:28,2,440,490,3,1,2520
22/12/2022 20:07:44,2,440,490,3,1,2520
22/12/2022 20:08:00,2,430,490,3,1,2530
22/12/2022 20:08:16,2,430,490,3,1,2530
22/12/2022 20:08:32,2,430,490,3,1,2560
22/12/2022 20:08:48,2,430,490,3,1,2560
22/12/2022 20:09:04,2,430,490,3,3,2540
22/12/2022 20:09:20,2,430,490,3,3,2540
22/12/2022 20:09:36,2,420,490,3,2,2630
22/12/2022 20:09:52,2,420,490,3,2,2630
22/12/2022 20:10:08,2,410,490,3,2,2630
22/12/2022 20:10:24,2,410,490,3,1,2630
22/12/2022 20:10:40,2,400,490,3,1,2630
22/12/2022 20:10:56,2,400,490,3,1,2750
22/12/2022 20:11:12,2,400,490,3,1,2750
22/12/2022 20:11:28,2,400,490,3,1,2730
22/12/2022 20:11:44,2,400,490,3,1,2730
22/12/2022 20:12:00,2,390,490,3,1,2710
22/12/2022 20:12:16,2,390,490,3,1,2710
22/12/2022 20:12:32,2,380,490,3,1,2710
22/12/2022 20:12:48,2,380,490,3,1,2810
22/12/2022 20:13:04,2,380,490,3,1,2810
22/12/2022 20:13:20,2,380,490,3,2,2860
22/12/2022 20:13:36,2,380,490,3,2,2860
22/12/2022 20:13:52,2,380,490,3,1,2990
22/12/2022 20:14:08,2,380,490,3,1,2990
22/12/2022 20:14:24,2,380,490,3,1,3020
22/12/2022 20:14:40,2,370,490,3,1,3020
22/12/2022 20:14:56,2,370,490,3,1,3020
22/12/2022 20:15:12,2,370,490,3,1,3080
22/12/2022 20:15:28,2,370,490,3,1,3080
22/12/2022 20:15:44,2,360,490,3,1,3130
22/12/2022 20:16:00,2,360,490,3,1,3130
22/12/2022 20:16:16,2,360,490,3,1,3120
22/12/2022 20:16:32,2,350,490,3,1,3120
22/12/2022 20:16:48,2,350,490,3,1,3020
22/12/2022 20:17:04,2,350,490,3,1,3020
22/12/2022 20:17:20,2,350,490,3,1,3020
22/12/2022 20:17:36,2,340,490,3,1,3010
22/12/2022 20:17:52,2,340,490,3,1,3010
22/12/2022 20:18:08,2,330,490,3,1,3060
22/12/2022 20:18:24,2,330,490,3,1,3060
22/12/2022 20:18:40,2,330,490,3,1,3120
22/12/2022 20:18:56,2,330,490,3,1,3120
22/12/2022 20:19:12,2,320,490,3,1,3110
22/12/2022 20:19:28,2,320,490,3,1,3110
22/12/2022 20:19:44,2,320,490,3,1,3110
22/12/2022 20:20:00,2,320,490,3,1,3090
22/12/2022 20:20:16,2,320,490,3,1,3090
22/12/2022 20:20:32,2,310,490,3,1,3080
22/12/2022 20:20:48,2,310,490,3,1,3080
22/12/2022 20:21:04,2,310,490,3,1,3020
22/12/2022 20:21:20,2,310,490,3,1,3020
22/12/2022 20:21:36,2,310,490,3,1,3010
22/12/2022 20:21:52,2,310,490,3,1,3010
22/12/2022 20:22:08,2,310,490,3,1,3010
22/12/2022 20:22:24,2,310,490,3,1,2990
22/12/2022 20:22:40,2,310,490,3,1,2990
22/12/2022 20:22:56,2,310,490,3,1,2980
22/12/2022 20:23:12,2,310,490,3,1,2980
22/12/2022 20:23:28,2,310,490,3,1,2960
22/12/2022 20:23:44,2,310,490,3,1,2960
22/12/2022 20:24:00,2,310,490,3,1,2990
22/12/2022 20:24:16,2,310,490,3,1,2990
22/12/2022 20:24:32,2,310,490,3,1,2990
22/12/2022 20:24:48,2,310,490,3,2,2990
22/12/2022 20:25:04,2,310,490,3,2,2990
22/12/2022 20:25:20,2,310,490,3,1,6750
22/12/2022 20:25:36,2,310,490,3,1,6750
22/12/2022 20:25:52,2,310,490,3,1,6720
22/12/2022 20:26:08,2,310,490,3,1,6720
22/12/2022 20:26:24,2,310,490,3,1,6730
22/12/2022 20:26:40,2,310,490,3,1,6730
22/12/2022 20:26:56,2,310,490,3,1,6730
22/12/2022 20:27:12,2,310,490,3,1,6710
22/12/2022 20:27:28,2,310,490,3,1,6710
22/12/2022 20:27:44,2,310,490,3,1,6720
22/12/2022 20:28:00,2,310,490,3,1,6720
22/12/2022 20:28:16,2,310,490,3,1,6690
22/12/2022 20:28:32,2,310,490,3,1,6690
22/12/2022 20:28:48,2,310,490,3,1,6690
22/12/2022 20:29:04,2,310,490,3,1,6690
22/12/2022 20:29:20,2,310,490,3,1,6690
22/12/2022 20:29:36,2,310,490,3,1,6700
22/12/2022 20:29:52,2,310,490,3,1,6700
22/12/2022 20:30:08,2,310,490,3,1,6720
22/12/2022 20:30:24,2,310,490,3,1,6720
22/12/2022 20:30:40,2,310,490,3,1,6710
22/12/2022 20:30:56,2,310,490,3,1,6710
22/12/2022 20:31:12,2,310,490,3,1,6690
22/12/2022 20:31:28,2,310,490,3,1,6690
22/12/2022 20:31:44,2,310,490,3,1,6690
22/12/2022 20:32:00,2,310,490,3,1,6700
22/12/2022 20:32:16,2,310,490,3,1,6700
22/12/2022 20:32:32,2,310,490,3,2,2410
22/12/2022 20:32:48,2,310,490,3,2,2410
22/12/2022 20:33:04,2,310,490,3,2,2400
22/12/2022 20:33:20,2,310,490,3,2,2400
22/12/2022 20:33:36,2,310,490,3,2,2400
22/12/2022 20:33:52,2,310,490,3,2,2400
22/12/2022 20:34:08,2,310,490,3,2,2400
22/12/2022 20:34:24,2,310,490,3,1,6720
22/12/2022 20:34:40,2,310,490,3,1,6720
22/12/2022 20:34:56,2,310,490,3,1,6650
22/12/2022 20:35:12,2,310,490,3,1,6650
22/12/2022 20:35:28,2,310,490,3,1,6610
22/12/2022 20:35:44,2,310,490,3,1,6610
22/12/2022 20:36:00,2,310,490,3,1,6600
22/12/2022 20:36:16,2,310,490,3,1,6600
22/12/2022 20:36:32,2,310,490,3,1,6600
22/12/2022 20:36:48,2,310,490,3,2,2560
22/12/2022 20:37:04,2,310,490,3,2,2560
22/12/2022 20:37:20,2,310,490,3,1,2560
22/12/2022 20:37:36,2,310,490,3,1,2560
22/12/2022 20:37:52,2,310,490,3,1,2600
22/12/2022 20:38:08,2,310,490,3,1,2600
22/12/2022 20:38:24,2,310,490,3,1,2600
22/12/2022 20:38:40,2,310,490,3,1,2600
22/12/2022 20:38:56,2,310,490,3,1,2600
22/12/2022 20:39:12,2,310,490,3,2,2700
22/12/2022 20:39:28,2,310,490,3,2,2700
22/12/2022 20:39:44,2,320,490,3,1,6640
22/12/2022 20:40:00,2,320,490,3,1,6640
22/12/2022 20:40:16,2,320,490,3,1,6600
22/12/2022 20:40:32,2,320,490,3,1,6600
22/12/2022 20:40:48,2,320,490,3,1,6590
22/12/2022 20:41:04,2,320,490,3,1,6590
22/12/2022 20:41:20,2,320,490,3,1,6590
22/12/2022 20:41:36,2,320,490,3,1,6710
22/12/2022 20:41:52,2,320,490,3,1,6710
22/12/2022 20:42:08,2,320,490,3,1,6650
22/12/2022 20:42:24,2,320,490,3,1,6650
22/12/2022 20:42:40,2,330,490,3,2,6550
22/12/2022 20:42:56,2,330,490,3,2,6550
22/12/2022 20:43:12,2,330,490,3,1,6610
22/12/2022 20:43:28,2,330,490,3,1,6610
22/12/2022 20:43:44,2,330,490,3,1,6610
22/12/2022 20:44:00,2,330,490,3,1,6650
22/12/2022 20:44:16,2,330,490,3,1,6650
22/12/2022 20:44:32,2,330,490,3,1,6650
22/12/2022 20:44:48,2,340,490,3,1,6650
22/12/2022 20:45:04,2,340,490,3,1,6620
22/12/2022 20:45:20,2,340,490,3,1,6620
22/12/2022 20:45:36,2,340,490,3,1,6630
22/12/2022 20:45:52,2,340,490,3,1,6630
22/12/2022 20:46:08,2,340,490,3,1,6630
22/12/2022 20:46:24,2,340,490,3,1,6420
22/12/2022 20:46:40,2,350,490,3,1,6420
22/12/2022 20:46:56,2,350,490,3,1,6600
22/12/2022 20:47:12,2,350,490,3,1,6600
22/12/2022 20:47:28,2,350,490,3,1,6590
22/12/2022 20:47:44,2,350,490,3,1,6590
22/12/2022 20:48:00,2,350,490,3,1,6570
22/12/2022 20:48:16,2,360,490,3,1,6570
22/12/2022 20:48:32,2,360,490,3,1,6570
22/12/2022 20:48:48,2,360,490,3,1,6500
22/12/2022 20:49:04,2,370,490,3,1,6500
22/12/2022 20:49:20,2,370,490,3,1,6520
22/12/2022 20:49:36,2,370,490,3,1,6520
22/12/2022 20:49:52,2,370,490,3,1,6410
22/12/2022 20:50:08,2,380,490,3,1,6410
22/12/2022 20:50:24,2,380,490,3,1,6460
22/12/2022 20:50:40,2,380,490,3,1,6460
22/12/2022 20:50:56,2,380,490,3,1,6460
22/12/2022 20:51:12,2,380,490,3,1,6440
22/12/2022 20:51:28,2,380,490,3,1,6440
22/12/2022 20:51:44,2,380,490,3,1,6230
22/12/2022 20:52:00,2,380,490,3,1,6230
22/12/2022 20:52:16,2,380,490,3,1,6150
22/12/2022 20:52:32,2,380,490,3,1,6150
22/12/2022 20:52:48,2,380,490,3,2,6150
22/12/2022 20:53:04,2,380,490,3,2,6150
22/12/2022 20:53:20,2,390,490,3,2,6150
22/12/2022 20:53:36,2,390,490,3,1,7840
22/12/2022 20:53:52,2,390,490,3,1,7840
22/12/2022 20:54:08,2,390,490,3,1,7850
22/12/2022 20:54:24,2,390,490,3,1,7850
22/12/2022 20:54:40,2,390,490,3,1,7850
22/12/2022 20:54:56,2,390,490,3,1,7850
22/12/2022 20:55:12,2,390,490,3,1,7850
22/12/2022 20:55:28,2,390,490,3,1,7850
22/12/2022 20:55:44,2,390,490,3,1,7850
22/12/2022 20:56:00,2,400,490,3,1,7860
22/12/2022 20:56:16,2,400,490,3,1,7860
22/12/2022 20:56:32,2,400,490,3,1,7860
22/12/2022 20:56:48,2,400,490,3,1,7860
22/12/2022 20:57:04,2,400,490,3,1,7870
22/12/2022 20:57:20,2,400,490,3,1,7870
22/12/2022 20:57:36,2,400,490,3,1,7890
22/12/2022 20:57:52,2,400,490,3,1,7890
22/12/2022 20:58:08,2,400,490,3,1,7890
22/12/2022 20:58:24,2,410,490,3,1,7840
22/12/2022 20:58:40,2,410,490,3,1,7840
22/12/2022 20:58:56,2,410,490,3,1,7820
22/12/2022 20:59:12,2,410,490,3,1,7820
22/12/2022 20:59:28,2,410,490,3,1,7800
22/12/2022 20:59:44,2,410,490,3,1,7800
22/12/2022 21:00:00,3,420,350,3,1,7800
22/12/2022 21:00:16,3,420,350,3,1,7800
22/12/2022 21:00:32,3,420,350,3,1,7800
22/12/2022 21:00:48,3,420,350,3,2,410
22/12/2022 21:01:04,3,420,350,3,2,410
22/12/2022 21:01:20,3,420,350,3,1,7770
22/12/2022 21:01:36,3,420,350,3,1,7770
22/12/2022 21:01:52,3,420,350,3,2,410
22/12/2022 21:02:08,3,420,350,3,2,410
22/12/2022 21:02:24,3,420,350,3,2,2520
22/12/2022 21:02:40,3,420,350,3,2,2520
22/12/2022 21:02:56,3,420,350,3,2,2520
22/12/2022 21:03:12,3,420,350,3,1,2520
22/12/2022 21:03:28,3,420,350,3,1,2520
22/12/2022 21:03:44,3,420,350,3,1,2470
22/12/2022 21:04:00,3,420,350,3,1,2470
22/12/2022 21:04:16,3,420,350,3,2,2460
22/12/2022 21:04:32,3,430,350,3,2,2460
22/12/2022 21:04:48,3,430,350,3,2,2510
22/12/2022 21:05:04,3,430,350,3,2,2510
22/12/2022 21:05:20,3,430,350,3,2,2510
22/12/2022 21:05:36,3,430,350,3,2,2550
22/12/2022 21:05:52,3,430,350,3,2,2550
22/12/2022 21:06:08,3,430,350,3,2,2600
22/12/2022 21:06:24,3,430,350,3,2,2600
22/12/2022 21:06:40,3,430,350,3,1,2560
22/12/2022 21:06:56,3,430,350,3,1,2560
22/12/2022 21:07:12,3,430,350,3,2,2500
22/12/2022 21:07:28,3,430,350,3,2,2500
22/12/2022 21:07:44,3,430,350,3,2,2500
22/12/2022 21:08:00,3,430,350,3,3,2170
22/12/2022 21:08:16,3,430,350,3,3,2170
22/12/2022 21:08:32,3,430,350,3,2,2610
22/12/2022 21:08:48,3,430,350,3,2,2610
22/12/2022 21:09:04,3,430,350,3,2,2600
22/12/2022 21:09:20,3,430,350,3,2,2600
22/12/2022 21:09:36,3,430,350,3,1,2590
22/12/2022 21:09:52,3,430,350,3,1,2590
22/12/2022 21:10:08,3,430,350,3,1,2590
22/12/2022 21:10:24,3,430,350,3,1,2570
22/12/2022 21:10:40,3,430,350,3,1,2570
22/12/2022 21:10:56,3,430,350,3,3,2200
22/12/2022 21:11:12,3,430,350,3,3,2200
22/12/2022 21:11:28,3,430,350,3,1,7730
22/12/2022 21:11:44,3,430,350,3,1,7730
22/12/2022 21:12:00,3,430,350,3,3,2200
22/12/2022 21:12:16,3,430,350,3,3,2200
22/12/2022 21:12:32,3,430,350,3,3,2200
22/12/2022 21:12:48,3,430,350,3,1,2480
22/12/2022 21:13:04,3,430,350,3,1,2480
22/12/2022 21:13:20,3,430,350,3,1,2480
22/12/2022 21:13:36,3,430,350,3,1,2480
22/12/2022 21:13:52,3,430,350,3,1,2500
22/12/2022 21:14:08,3,430,350,3,1,2500
22/12/2022 21:14:24,3,420,350,3,1,2490
22/12/2022 21:14:40,3,420,350,3,1,2490
22/12/2022 21:14:56,3,420,350,3,1,2490
22/12/2022 21:15:12,3,420,350,3,1,2500
22/12/2022 21:15:28,3,420,350,3,1,2500
22/12/2022 21:15:44,3,420,350,3,1,2490
22/12/2022 21:16:00,3,420,350,3,1,2490
22/12/2022 21:16:16,3,420,350,3,1,2500
22/12/2022 21:16:32,3,420,350,3,1,2500
22/12/2022 21:16:48,3,420,350,3,2,2130
22/12/2022 21:17:04,3,420,350,3,2,2130
22/12/2022 21:17:20,3,420,350,3,2,2130
22/12/2022 21:17:36,3,420,350,3,1,2120
22/12/2022 21:17:52,3,420,350,3,1,2120
22/12/2022 21:18:08,3,420,350,3,1,2130
22/12/2022 21:18:24,3,420,350,3,1,2130
22/12/2022 21:18:40,3,420,350,3,1,2130
22/12/2022 21:18:56,3,420,350,3,1,2130
22/12/2022 21:19:12,3,420,350,3,1,2180
22/12/2022 21:19:28,3,420,350,3,1,2180
22/12/2022 21:19:44,3,420,350,3,1,2180
22/12/2022 21:20:00,3,420,350,3,1,2140
22/12/2022 21:20:16,3,430,350,3,1,2140
22/12/2022 21:20:32,3,430,350,3,1,2110
22/12/2022 21:20:48,3,430,350,3,1,2110
22/12/2022 21:21:04,3,430,350,3,1,2090
22/12/2022 21:21:20,3,430,350,3,1,2090
22/12/2022 21:21:36,3,430,350,3,1,2100
22/12/2022 21:21:52,3,430,350,3,1,2100
22/12/2022 21:22:08,3,430,350,3,1,2100
22/12/2022 21:22:24,3,430,350,3,1,2120
22/12/2022 21:22:40,3,430,350,3,1,2120
22/12/2022 21:22:56,3,430,350,3,1,2110
22/12/2022 21:23:12,3,430,350,3,1,2110
22/12/2022 21:23:28,3,430,350,3,1,2100
22/12/2022 21:23:44,3,430,350,3,1,2100
22/12/2022 21:24:00,3,430,350,3,1,2100
22/12/2022 21:24:16,3,440,350,3,1,2100
22/12/2022 21:24:32,3,440,350,3,1,2100
22/12/2022 21:24:48,3,440,350,3,1,2100
22/12/2022 21:25:04,3,440,350,3,1,2100
22/12/2022 21:25:20,3,440,350,3,1,2100
22/12/2022 21:25:36,3,440,350,3,1,2100
22/12/2022 21:25:52,3,440,350,3,1,2100
22/12/2022 21:26:08,3,440,350,3,1,2100
22/12/2022 21:26:24,3,440,350,3,1,2100
22/12/2022 21:26:40,3,440,350,3,1,2100
22/12/2022 21:26:56,3,440,350,3,1,2100
22/12/2022 21:27:12,3,440,350,3,1,2100
22/12/2022 21:27:28,3,440,350,3,1,2100
22/12/2022 21:27:44,3,440,350,3,1,2100
22/12/2022 21:28:00,3,450,350,3,1,2100
22/12/2022 21:28:16,3,450,350,3,1,2100
22/12/2022 21:28:32,3,450,350,3,1,2100
22/12/2022 21:28:48,3,450,350,3,1,2120
22/12/2022 21:29:04,3,450,350,3,1,2120
22/12/2022 21:29:20,3,450,350,3,1,2120
22/12/2022 21:29:36,3,450,350,3,1,2120
22/12/2022 21:29:52,3,450,350,3,1,2120
22/12/2022 21:30:08,3,450,350,3,1,2120
22/12/2022 21:30:24,3,450,350,3,1,2120
22/12/2022 21:30:40,3,450,350,3,1,2130
22/12/2022 21:30:56,3,450,350,3,1,2130
22/12/2022 21:31:12,3,460,350,3,1,2130
22/12/2022 21:31:28,3,460,350,3,1,2130
22/12/2022 21:31:44,3,460,350,3,1,2130
22/12/2022 21:32:00,3,460,350,3,1,2130
22/12/2022 21:32:16,3,460,350,3,1,2130
22/12/2022 21:32:32,3,460,350,3,1,2130
22/12/2022 21:32:48,3,460,350,3,1,2130
22/12/2022 21:33:04,3,460,350,3,1,2130
22/12/2022 21:33:20,3,460,350,3,1,2130
22/12/2022 21:33:36,3,460,350,3,1,2130
22/12/2022 21:33:52,3,460,350,3,1,2130
22/12/2022 21:34:08,3,460,350,3,1,2130
22/12/2022 21:34:24,3,460,350,3,1,2140
22/12/2022 21:34:40,3,460,350,3,1,2140
22/12/2022 21:34:56,3,460,350,3,1,2130
22/12/2022 21:35:12,3,460,350,3,1,2130
22/12/2022 21:35:28,3,460,350,3,1,2130
22/12/2022 21:35:44,3,460,350,3,1,2130
22/12/2022 21:36:00,3,460,350,3,1,2160
22/12/2022 21:36:16,3,460,350,3,1,2160
22/12/2022 21:36:32,3,460,350,3,1,2160
22/12/2022 21:36:48,3,460,350,3,1,2150
22/12/2022 21:37:04,3,470,350,3,1,2150
22/12/2022 21:37:20,3,470,350,3,2,440
22/12/2022 21:37:36,3,470,350,3,2,440
22/12/2022 21:37:52,3,470,350,3,1,2150
22/12/2022 21:38:08,3,470,350,3,1,2150
22/12/2022 21:38:24,3,470,350,3,1,2160
22/12/2022 21:38:40,3,470,350,3,1,2160
22/12/2022 21:38:56,3,470,350,3,1,2160
22/12/2022 21:39:12,3,480,350,3,1,2160
22/12/2022 21:39:28,3,480,350,3,1,2160
22/12/2022 21:39:44,3,490,350,3,1,2160
22/12/2022 21:40:00,3,490,350,3,1,2160
22/12/2022 21:40:16,3,500,350,3,1,2160
22/12/2022 21:40:32,3,500,350,3,1,2160
22/12/2022 21:40:48,3,500,350,3,1,2130
22/12/2022 21:41:04,3,500,350,3,1,2130
22/12/2022 21:41:20,3,490,350,3,1,2130
22/12/2022 21:41:36,3,490,350,3,2,490
22/12/2022 21:41:52,3,500,350,3,2,490
22/12/2022 21:42:08,3,520,350,3,2,460
22/12/2022 21:42:24,3,520,350,3,2,460
22/12/2022 21:42:40,3,520,350,3,2,460
22/12/2022 21:42:56,3,540,350,3,2,460
22/12/2022 21:43:12,3,540,350,3,2,440
22/12/2022 21:43:28,3,550,350,3,2,440
22/12/2022 21:43:44,3,550,350,3,2,440
22/12/2022 21:44:00,3,550,350,3,1,2110
22/12/2022 21:44:16,3,550,350,3,1,2110
22/12/2022 21:44:32,3,560,350,3,2,510
22/12/2022 21:44:48,3,560,350,3,2,510
22/12/2022 21:45:04,3,560,350,3,2,410
22/12/2022 21:45:20,3,560,350,3,2,410
22/12/2022 21:45:36,3,560,350,3,2,500
22/12/2022 21:45:52,3,560,350,3,2,500
22/12/2022 21:46:08,3,560,350,3,2,500
22/12/2022 21:46:24,3,560,350,3,2,480
22/12/2022 21:46:40,3,560,350,3,2,480
22/12/2022 21:46:56,3,560,350,3,2,480
22/12/2022 21:47:12,3,560,350,3,2,480
22/12/2022 21:47:28,3,560,350,3,2,490
22/12/2022 21:47:44,3,580,350,3,2,490
22/12/2022 21:48:00,3,580,350,3,2,460
22/12/2022 21:48:16,3,580,350,3,2,460
22/12/2022 21:48:32,3,560,350,3,2,460
22/12/2022 21:48:48,3,560,350,3,2,490
22/12/2022 21:49:04,3,560,350,3,2,490
22/12/2022 21:49:20,3,560,350,3,2,440
22/12/2022 21:49:36,3,560,350,3,2,440
22/12/2022 21:49:52,3,560,350,3,1,2150
22/12/2022 21:50:08,3,580,350,3,1,2150
22/12/2022 21:50:24,3,580,350,3,2,470
22/12/2022 21:50:40,3,580,350,3,2,470
22/12/2022 21:50:56,3,580,350,3,2,470
22/12/2022 21:51:12,3,560,350,3,2,430
22/12/2022 21:51:28,3,560,350,3,2,430
22/12/2022 21:51:44,3,560,350,3,2,480
22/12/2022 21:52:00,3,560,350,3,2,480
22/12/2022 21:52:16,3,560,350,3,2,450
22/12/2022 21:52:32,3,560,350,3,2,450
22/12/2022 21:52:48,3,560,350,3,2,500
22/12/2022 21:53:04,3,560,350,3,2,500
22/12/2022 21:53:20,3,580,350,3,2,500
22/12/2022 21:53:36,3,580,350,3,1,2130
22/12/2022 21:53:52,3,560,350,3,1,2130
22/12/2022 21:54:08,3,560,350,3,1,2130
22/12/2022 21:54:24,3,550,350,3,1,2130
22/12/2022 21:54:40,3,550,350,3,2,490
22/12/2022 21:54:56,3,550,350,3,2,490
22/12/2022 21:55:12,3,550,350,3,2,450
22/12/2022 21:55:28,3,550,350,3,2,450
22/12/2022 21:55:44,3,550,350,3,2,450
22/12/2022 21:56:00,3,560,350,3,1,2130
22/12/2022 21:56:16,3,560,350,3,1,2130
22/12/2022 21:56:32,3,560,350,3,1,2120
22/12/2022 21:56:48,3,560,350,3,1,2120
22/12/2022 21:57:04,3,550,350,3,1,2080
22/12/2022 21:57:20,3,550,350,3,1,2080
22/12/2022 21:57:36,3,550,350,3,1,2100
22/12/2022 21:57:52,3,550,350,3,1,2100
22/12/2022 21:58:08,3,550,350,3,1,2100
22/12/2022 21:58:24,3,550,350,3,1,2130
22/12/2022 21:58:40,3,550,350,3,1,2130
22/12/2022 21:58:56,3,540,350,3,1,2130
22/12/2022 21:59:12,3,540,350,3,1,2130
22/12/2022 21:59:28,3,540,350,3,1,2140
22/12/2022 21:59:44,3,540,350,3,1,2140
22/12/2022 22:00:00,3,540,350,3,2,420
22/12/2022 22:00:16,2,540,440,3,2,420
22/12/2022 22:00:32,2,540,440,3,2,420
22/12/2022 22:00:48,2,530,440,3,1,2150
22/12/2022 22:01:04,2,530,440,3,1,2150
22/12/2022 22:01:20,2,530,440,3,1,2150
22/12/2022 22:01:36,2,530,440,3,1,2150
22/12/2022 22:01:52,2,530,440,3,1,2140
22/12/2022 22:02:08,2,520,440,3,1,2140
22/12/2022 22:02:24,2,520,440,3,1,2130
22/12/2022 22:02:40,2,520,440,3,1,2130
22/12/2022 22:02:56,2,500,440,3,1,2130
22/12/2022 22:03:12,2,500,440,3,1,2130
22/12/2022 22:03:28,2,500,440,3,1,2130
22/12/2022 22:03:44,2,500,440,3,1,2130
22/12/2022 22:04:00,2,500,440,3,1,2130
22/12/2022 22:04:16,2,510,440,3,1,2120
22/12/2022 22:04:32,2,520,440,3,1,2120
22/12/2022 22:04:48,2,520,440,3,1,2120
22/12/2022 22:05:04,2,520,440,3,1,2120
22/12/2022 22:05:20,2,520,440,3,1,2120
22/12/2022 22:05:36,2,520,440,3,1,2120
22/12/2022 22:05:52,2,520,440,3,1,2120
22/12/2022 22:06:08,2,520,440,3,1,2150
22/12/2022 22:06:24,2,520,440,3,1,2150
22/12/2022 22:06:40,2,530,440,3,1,2150
22/12/2022 22:06:56,2,530,440,3,1,2150
22/12/2022 22:07:12,2,540,440,3,1,2140
22/12/2022 22:07:28,2,550,440,3,1,2140
22/12/2022 22:07:44,2,550,440,3,1,2140
22/12/2022 22:08:00,2,560,440,3,2,2160
22/12/2022 22:08:16,2,570,440,3,2,2160
22/12/2022 22:08:32,2,570,440,3,2,2140
22/12/2022 22:08:48,2,570,440,3,2,2140
22/12/2022 22:09:04,2,570,440,3,1,2150
22/12/2022 22:09:20,2,570,440,3,1,2150
22/12/2022 22:09:36,2,570,440,3,1,2170
22/12/2022 22:09:52,2,570,440,3,1,2170
22/12/2022 22:10:08,2,570,440,3,1,2170
22/12/2022 22:10:24,2,570,440,3,2,2160
22/12/2022 22:10:40,2,570,440,3,2,2160
22/12/2022 22:10:56,2,570,440,3,2,2160
22/12/2022 22:11:12,2,570,440,3,2,2160
22/12/2022 22:11:28,2,570,440,3,2,2170
22/12/2022 22:11:44,2,570,440,3,2,2170
22/12/2022 22:12:00,2,80,440,3,1,5160
22/12/2022 22:12:16,2,80,440,3,1,5160
22/12/2022 22:12:32,2,80,440,3,1,5160
22/12/2022 22:12:48,2,570,440,3,2,2140
22/12/2022 22:13:04,2,570,440,3,2,2140
22/12/2022 22:13:20,2,570,440,3,2,2130
22/12/2022 22:13:36,2,570,440,3,2,2130
22/12/2022 22:13:52,2,580,440,3,1,2140
22/12/2022 22:14:08,2,580,440,3,1,2140
22/12/2022 22:14:24,2,580,440,3,2,2140
22/12/2022 22:14:40,2,580,440,3,2,2140
22/12/2022 22:14:56,2,580,440,3,2,2140
22/12/2022 22:15:12,2,580,440,3,2,2160
22/12/2022 22:15:28,2,580,440,3,2,2160
22/12/2022 22:15:44,2,580,440,3,2,2170
22/12/2022 22:16:00,2,580,440,3,2,2170
22/12/2022 22:16:16,2,100,440,3,1,5110
22/12/2022 22:16:32,2,100,440,3,1,5110
22/12/2022 22:16:48,2,590,440,3,2,2170
22/12/2022 22:17:04,2,590,440,3,2,2170
22/12/2022 22:17:20,2,590,440,3,2,2170
22/12/2022 22:17:36,2,590,440,3,2,2140
22/12/2022 22:17:52,2,590,440,3,2,2140
22/12/2022 22:18:08,2,590,440,3,2,2140
22/12/2022 22:18:24,2,600,440,3,2,2140
22/12/2022 22:18:40,2,600,440,3,2,2160
22/12/2022 22:18:56,2,600,440,3,2,2160
22/12/2022 22:19:12,2,600,440,3,2,2140
22/12/2022 22:19:28,2,600,440,3,2,2140
22/12/2022 22:19:44,2,610,440,3,2,2140
22/12/2022 22:20:00,2,610,440,3,2,2110
22/12/2022 22:20:16,2,610,440,3,2,2110
22/12/2022 22:20:32,2,610,440,3,1,2110
22/12/2022 22:20:48,2,610,440,3,1,2110
22/12/2022 22:21:04,2,620,440,3,2,2180
22/12/2022 22:21:20,2,620,440,3,2,2180
22/12/2022 22:21:36,2,620,440,3,2,2020
22/12/2022 22:21:52,2,620,440,3,2,2020
22/12/2022 22:22:08,2,620,440,3,2,2020
22/12/2022 22:22:24,2,630,440,3,2,2020
22/12/2022 22:22:40,2,630,440,3,2,2020
22/12/2022 22:22:56,2,630,440,3,2,2110
22/12/2022 22:23:12,2,630,440,3,2,2110
22/12/2022 22:23:28,2,640,440,3,2,2090
22/12/2022 22:23:44,2,640,440,3,2,2090
22/12/2022 22:24:00,2,640,440,3,2,2080
22/12/2022 22:24:16,2,660,440,3,2,2080
22/12/2022 22:24:32,2,670,440,3,2,2080
22/12/2022 22:24:48,2,680,440,3,2,1950
22/12/2022 22:25:04,2,680,440,3,2,1950
22/12/2022 22:25:20,2,680,440,3,2,1950
22/12/2022 22:25:36,2,680,440,3,2,1950
22/12/2022 22:25:52,2,690,440,3,2,1960
22/12/2022 22:26:08,2,690,440,3,2,1960
22/12/2022 22:26:24,2,690,440,3,2,1930
22/12/2022 22:26:40,2,690,440,3,2,1930
22/12/2022 22:26:56,2,700,440,3,2,1930
22/12/2022 22:27:12,2,700,440,3,1,1960
22/12/2022 22:27:28,2,700,440,3,1,1960
22/12/2022 22:27:44,2,710,440,3,1,1940
22/12/2022 22:28:00,2,710,440,3,1,1940
22/12/2022 22:28:16,2,710,440,3,1,1930
22/12/2022 22:28:32,2,720,440,3,1,1930
22/12/2022 22:28:48,2,480,440,3,1,1930
22/12/2022 22:29:04,2,470,440,3,1,1930
22/12/2022 22:29:20,2,470,440,3,1,1930
22/12/2022 22:29:36,2,470,440,3,1,1920
22/12/2022 22:29:52,2,470,440,3,1,1920
22/12/2022 22:30:08,2,470,440,3,1,1930
22/12/2022 22:30:24,2,470,440,3,1,1930
22/12/2022 22:30:40,2,460,440,3,1,1920
22/12/2022 22:30:56,2,460,440,3,1,1920
22/12/2022 22:31:12,2,460,440,3,1,1920
22/12/2022 22:31:28,2,460,440,3,1,1920
22/12/2022 22:31:44,2,460,440,3,1,1920
22/12/2022 22:32:00,2,460,440,3,1,1980
22/12/2022 22:32:16,2,460,440,3,1,1980
22/12/2022 22:32:32,2,460,440,3,0,-999
22/12/2022 22:32:48,2,460,440,3,0,-999
22/12/2022 22:33:04,2,460,440,3,1,5250
22/12/2022 22:33:20,2,460,440,3,1,5250
22/12/2022 22:33:36,2,460,440,3,1,5220
22/12/2022 22:33:52,2,460,440,3,1,5220
22/12/2022 22:34:08,2,460,440,3,1,5220
22/12/2022 22:34:24,2,460,440,3,1,5220
22/12/2022 22:34:40,2,460,440,3,1,5220
22/12/2022 22:34:56,2,460,440,3,1,5230
22/12/2022 22:35:12,2,460,440,3,1,5230
22/12/2022 22:35:28,2,460,440,3,1,5220
22/12/2022 22:35:44,2,470,440,3,1,5220
22/12/2022 22:36:00,2,470,440,3,1,1920
22/12/2022 22:36:16,2,470,440,3,1,1920
22/12/2022 22:36:32,2,470,440,3,1,1920
22/12/2022 22:36:48,2,470,440,3,2,1920
22/12/2022 22:37:04,2,470,440,3,2,1920
22/12/2022 22:37:20,2,100,440,3,1,5210
22/12/2022 22:37:36,2,100,440,3,1,5210
22/12/2022 22:37:52,2,100,440,3,1,5210
22/12/2022 22:38:08,2,100,440,3,1,5210
22/12/2022 22:38:24,2,100,440,3,1,5260
22/12/2022 22:38:40,2,100,440,3,1,5260
22/12/2022 22:38:56,2,100,440,3,1,5260
22/12/2022 22:39:12,2,110,440,3,1,5160
22/12/2022 22:39:28,2,110,440,3,1,5160
22/12/2022 22:39:44,2,110,440,3,1,5120
22/12/2022 22:40:00,2,110,440,3,1,5120
22/12/2022 22:40:16,2,110,440,3,1,5110
22/12/2022 22:40:32,2,110,440,3,1,5110
22/12/2022 22:40:48,2,120,440,3,1,5060
22/12/2022 22:41:04,2,120,440,3,1,5060
22/12/2022 22:41:20,2,120,440,3,1,5060
22/12/2022 22:41:36,2,120,440,3,1,5040
22/12/2022 22:41:52,2,120,440,3,1,5040
22/12/2022 22:42:08,2,130,440,3,1,5030
22/12/2022 22:42:24,2,130,440,3,1,5030
22/12/2022 22:42:40,2,650,440,3,2,610
22/12/2022 22:42:56,2,650,440,3,2,610
22/12/2022 22:43:12,2,200,440,3,1,5000
22/12/2022 22:43:28,2,200,440,3,1,5000
22/12/2022 22:43:44,2,200,440,3,1,5000
22/12/2022 22:44:00,2,170,440,3,1,5020
22/12/2022 22:44:16,2,170,440,3,1,5020
22/12/2022 22:44:32,2,160,440,3,1,5020
22/12/2022 22:44:48,2,160,440,3,1,5020
22/12/2022 22:45:04,2,140,440,3,1,5040
22/12/2022 22:45:20,2,140,440,3,1,5040
22/12/2022 22:45:36,2,130,440,3,1,5020
22/12/2022 22:45:52,2,140,440,3,1,5020
22/12/2022 22:46:08,2,140,440,3,1,5020
22/12/2022 22:46:24,2,140,440,3,1,5000
22/12/2022 22:46:40,2,140,440,3,1,5000
22/12/2022 22:46:56,2,140,440,3,1,5010
22/12/2022 22:47:12,2,140,440,3,1,5010
22/12/2022 22:47:28,2,140,440,3,1,5010
22/12/2022 22:47:44,2,140,440,3,1,5010
22/12/2022 22:48:00,2,140,440,3,2,5010
22/12/2022 22:48:16,2,140,440,3,2,5010
22/12/2022 22:48:32,2,140,440,3,2,5010
22/12/2022 22:48:48,2,140,440,3,1,11410
22/12/2022 22:49:04,2,140,440,3,1,11410
22/12/2022 22:49:20,2,140,440,3,1,11350
22/12/2022 22:49:36,2,140,440,3,1,11350
22/12/2022 22:49:52,2,640,440,3,3,1890
22/12/2022 22:50:08,2,640,440,3,3,1890
22/12/2022 22:50:24,2,140,440,3,2,10600
22/12/2022 22:50:40,2,140,440,3,2,10600
22/12/2022 22:50:56,2,140,440,3,2,10600
22/12/2022 22:51:12,2,630,440,3,2,1880
22/12/2022 22:51:28,2,630,440,3,2,1880
22/12/2022 22:51:44,2,630,440,3,2,1870
22/12/2022 22:52:00,2,630,440,3,2,1870
22/12/2022 22:52:16,2,620,440,3,1,1860
22/12/2022 22:52:32,2,620,440,3,1,1860
22/12/2022 22:52:48,2,620,440,3,1,1860
22/12/2022 22:53:04,2,620,440,3,1,1860
22/12/2022 22:53:20,2,620,440,3,1,1860
22/12/2022 22:53:36,2,610,440,3,1,1870
22/12/2022 22:53:52,2,600,440,3,1,1870
22/12/2022 22:54:08,2,600,440,3,1,1860
22/12/2022 22:54:24,2,600,440,3,1,1860
22/12/2022 22:54:40,2,600,440,3,1,1860
22/12/2022 22:54:56,2,600,440,3,1,1860
22/12/2022 22:55:12,2,600,440,3,1,1860
22/12/2022 22:55:28,2,590,440,3,1,1860
22/12/2022 22:55:44,2,590,440,3,1,1860
22/12/2022 22:56:00,2,590,440,3,1,1860
22/12/2022 22:56:16,2,580,440,3,1,1860
22/12/2022 22:56:32,2,580,440,3,1,1870
22/12/2022 22:56:48,2,570,440,3,1,1870
22/12/2022 22:57:04,2,570,440,3,1,1880
22/12/2022 22:57:20,2,560,440,3,1,1880
22/12/2022 22:57:36,2,560,440,3,1,1880
22/12/2022 22:57:52,2,550,440,3,1,1880
22/12/2022 22:58:08,2,540,440,3,1,1880
22/12/2022 22:58:24,2,540,440,3,1,1890
22/12/2022 22:58:40,2,540,440,3,1,1890
22/12/2022 22:58:56,2,540,440,3,1,1870
22/12/2022 22:59:12,2,540,440,3,1,1870
22/12/2022 22:59:28,2,540,440,3,1,1870
22/12/2022 22:59:44,2,540,440,3,1,1870
22/12/2022 23:00:00,2,540,580,3,1,1860
22/12/2022 23:00:16,2,540,580,3,1,1860
22/12/2022 23:00:32,2,540,580,3,1,1860
22/12/2022 23:00:48,2,540,580,3,1,1870
22/12/2022 23:01:04,2,540,580,3,1,1870
22/12/2022 23:01:20,2,540,580,3,1,1840
22/12/2022 23:01:36,2,540,580,3,1,1840
22/12/2022 23:01:52,2,540,580,3,1,1860
22/12/2022 23:02:08,2,540,580,3,1,1860
22/12/2022 23:02:24,2,540,580,3,1,1830
22/12/2022 23:02:40,2,540,580,3,1,1830
22/12/2022 23:02:56,2,540,580,3,1,1830
22/12/2022 23:03:12,2,540,580,3,1,1840
22/12/2022 23:03:28,2,540,580,3,1,1840
22/12/2022 23:03:44,2,540,580,3,1,1850
22/12/2022 23:04:00,2,540,580,3,1,1850
22/12/2022 23:04:16,2,540,580,3,1,1870
22/12/2022 23:04:32,2,540,580,3,1,1870
22/12/2022 23:04:48,2,540,580,3,1,1810
22/12/2022 23:05:04,2,540,580,3,1,1810
22/12/2022 23:05:20,2,540,580,3,1,1810
22/12/2022 23:05:36,2,540,580,3,1,1810
22/12/2022 23:05:52,2,540,580,3,1,1810
22/12/2022 23:06:08,2,540,580,3,1,1810
22/12/2022 23:06:24,2,540,580,3,1,1810
22/12/2022 23:06:40,2,530,580,3,1,1810
22/12/2022 23:06:56,2,530,580,3,1,1810
22/12/2022 23:07:12,2,530,580,3,1,1810
22/12/2022 23:07:28,2,530,580,3,1,1810
22/12/2022 23:07:44,2,530,580,3,1,1810
22/12/2022 23:08:00,2,530,580,3,1,1810
22/12/2022 23:08:16,2,530,580,3,1,1810
22/12/2022 23:08:32,2,530,580,3,1,1810
22/12/2022 23:08:48,2,530,580,3,1,1810
22/12/2022 23:09:04,2,530,580,3,1,1810
22/12/2022 23:09:20,2,530,580,3,1,1810
22/12/2022 23:09:36,2,530,580,3,1,1800
22/12/2022 23:09:52,2,530,580,3,1,1800
22/12/2022 23:10:08,2,530,580,3,1,1800
22/12/2022 23:10:24,2,530,580,3,1,1800
22/12/2022 23:10:40,2,530,580,3,1,1800
22/12/2022 23:10:56,2,530,580,3,1,1800
22/12/2022 23:11:12,2,530,580,3,1,1800
22/12/2022 23:11:28,2,530,580,3,1,1790
22/12/2022 23:11:44,2,530,580,3,1,1790
22/12/2022 23:12:00,2,530,580,3,1,1790
22/12/2022 23:12:16,2,530,580,3,1,1790
22/12/2022 23:12:32,2,530,580,3,1,1790
22/12/2022 23:12:48,2,530,580,3,1,1780
22/12/2022 23:13:04,2,530,580,3,1,1780
22/12/2022 23:13:20,2,530,580,3,1,1780
22/12/2022 23:13:36,2,530,580,3,1,1780
22/12/2022 23:13:52,2,530,580,3,1,1770
22/12/2022 23:14:08,2,530,580,3,1,1770
22/12/2022 23:14:24,2,530,580,3,1,1770
22/12/2022 23:14:40,2,530,580,3,1,1770
22/12/2022 23:14:56,2,530,580,3,1,1770
22/12/2022 23:15:12,2,530,580,3,1,1770
22/12/2022 23:15:28,2,530,580,3,1,1770
22/12/2022 23:15:44,2,530,580,3,1,1770
22/12/2022 23:16:00,2,530,580,3,1,1770
22/12/2022 23:16:16,2,530,580,3,1,1770
22/12/2022 23:16:32,2,530,580,3,1,1770
22/12/2022 23:16:48,2,530,580,3,1,1770
22/12/2022 23:17:04,2,530,580,3,1,1770
22/12/2022 23:17:20,2,530,580,3,1,1770
22/12/2022 23:17:36,2,530,580,3,1,1770
22/12/2022 23:17:52,2,530,580,3,1,1770
22/12/2022 23:18:08,2,530,580,3,1,1770
22/12/2022 23:18:24,2,540,580,3,1,1770
22/12/2022 23:18:40,2,540,580,3,1,1770
22/12/2022 23:18:56,2,540,580,3,1,1770
22/12/2022 23:19:12,2,550,580,3,1,1760
22/12/2022 23:19:28,2,550,580,3,1,1760
22/12/2022 23:19:44,2,550,580,3,1,1760
22/12/2022 23:20:00,2,560,580,3,1,1760
22/12/2022 23:20:16,2,560,580,3,1,1760
22/12/2022 23:20:32,2,560,580,3,1,1770
22/12/2022 23:20:48,2,560,580,3,1,1770
22/12/2022 23:21:04,2,570,580,3,1,1770
22/12/2022 23:21:20,2,570,580,3,1,1770
22/12/2022 23:21:36,2,570,580,3,1,1760
22/12/2022 23:21:52,2,570,580,3,1,1760
22/12/2022 23:22:08,2,570,580,3,1,1760
22/12/2022 23:22:24,2,580,580,3,1,1770
22/12/2022 23:22:40,2,580,580,3,1,1770
22/12/2022 23:22:56,2,580,580,3,1,1800
22/12/2022 23:23:12,2,580,580,3,1,1800
22/12/2022 23:23:28,2,580,580,3,1,1790
22/12/2022 23:23:44,2,580,580,3,1,1790
22/12/2022 23:24:00,2,590,580,3,1,1790
22/12/2022 23:24:16,2,590,580,3,1,1790
22/12/2022 23:24:32,2,590,580,3,1,1790
22/12/2022 23:24:48,2,590,580,3,1,1760
22/12/2022 23:25:04,2,590,580,3,1,1760
22/12/2022 23:25:20,2,590,580,3,1,1760
22/12/2022 23:25:36,2,590,580,3,1,1760
22/12/2022 23:25:52,2,590,580,3,1,1740
22/12/2022 23:26:08,2,590,580,3,1,1740
22/12/2022 23:26:24,2,590,580,3,1,1760
22/12/2022 23:26:40,2,590,580,3,1,1760
22/12/2022 23:26:56,2,590,580,3,1,1760
22/12/2022 23:27:12,2,590,580,3,1,1760
22/12/2022 23:27:28,2,590,580,3,1,1760
22/12/2022 23:27:44,2,590,580,3,1,1770
22/12/2022 23:28:00,2,590,580,3,1,1770
22/12/2022 23:28:16,2,600,580,3,1,1770
22/12/2022 23:28:32,2,600,580,3,1,1770
22/12/2022 23:28:48,2,600,580,3,1,1770
22/12/2022 23:29:04,2,600,580,3,1,1770
22/12/2022 23:29:20,2,600,580,3,1,1770
22/12/2022 23:29:36,2,600,580,3,1,1770
22/12/2022 23:29:52,2,600,580,3,1,1770
22/12/2022 23:30:08,2,600,580,3,1,1780
22/12/2022 23:30:24,2,600,580,3,1,1780
22/12/2022 23:30:40,2,600,580,3,1,1790
22/12/2022 23:30:56,2,590,580,3,1,1790
22/12/2022 23:31:12,2,590,580,3,1,1790
22/12/2022 23:31:28,2,590,580,3,1,1790
22/12/2022 23:31:44,2,590,580,3,1,1790
22/12/2022 23:32:00,2,590,580,3,1,1800
22/12/2022 23:32:16,2,590,580,3,1,1800
22/12/2022 23:32:32,2,590,580,3,1,1800
22/12/2022 23:32:48,2,590,580,3,1,1800
22/12/2022 23:33:04,2,590,580,3,1,1770
22/12/2022 23:33:20,2,590,580,3,1,1770
22/12/2022 23:33:36,2,590,580,3,1,1760
22/12/2022 23:33:52,2,590,580,3,1,1760
22/12/2022 23:34:08,2,590,580,3,1,1760
22/12/2022 23:34:24,2,590,580,3,1,1740
22/12/2022 23:34:40,2,590,580,3,1,1740
22/12/2022 23:34:56,2,590,580,3,1,1760
22/12/2022 23:35:12,2,590,580,3,1,1760
22/12/2022 23:35:28,2,580,580,3,1,1760
22/12/2022 23:35:44,2,580,580,3,1,1760
22/12/2022 23:36:00,2,580,580,3,1,1760
22/12/2022 23:36:16,2,580,580,3,1,1760
22/12/2022 23:36:32,2,580,580,3,1,1760
22/12/2022 23:36:48,2,580,580,3,1,1730
22/12/2022 23:37:04,2,580,580,3,1,1730
22/12/2022 23:37:20,2,570,580,3,1,1720
22/12/2022 23:37:36,2,570,580,3,1,1720
22/12/2022 23:37:52,2,570,580,3,1,1720
22/12/2022 23:38:08,2,570,580,3,1,1720
22/12/2022 23:38:24,2,570,580,3,1,1720
22/12/2022 23:38:40,2,560,580,3,1,1720
22/12/2022 23:38:56,2,560,580,3,1,1720
22/12/2022 23:39:12,2,560,580,3,1,1720
22/12/2022 23:39:28,2,560,580,3,1,1720
22/12/2022 23:39:44,2,550,580,3,1,1720
22/12/2022 23:40:00,2,550,580,3,1,1720
22/12/2022 23:40:16,2,550,580,3,1,1710
22/12/2022 23:40:32,2,550,580,3,1,1710
22/12/2022 23:40:48,2,540,580,3,1,1710
22/12/2022 23:41:04,2,540,580,3,1,1710
22/12/2022 23:41:20,2,540,580,3,1,1710
22/12/2022 23:41:36,2,530,580,3,1,1710
22/12/2022 23:41:52,2,530,580,3,1,1710
22/12/2022 23:42:08,2,530,580,3,1,1730
22/12/2022 23:42:24,2,530,580,3,1,1730
22/12/2022 23:42:40,2,520,580,3,1,1720
22/12/2022 23:42:56,2,520,580,3,1,1720
22/12/2022 23:43:12,2,520,580,3,1,1740
22/12/2022 23:43:28,2,520,580,3,1,1740
22/12/2022 23:43:44,2,510,580,3,1,1740
22/12/2022 23:44:00,2,510,580,3,1,1740
22/12/2022 23:44:16,2,510,580,3,1,1740
22/12/2022 23:44:32,2,510,580,3,1,1740
22/12/2022 23:44:48,2,510,580,3,1,1740
22/12/2022 23:45:04,2,500,580,3,1,1730
22/12/2022 23:45:20,2,500,580,3,1,1730
22/12/2022 23:45:36,2,500,580,3,1,1700
22/12/2022 23:45:52,2,500,580,3,1,1700
22/12/2022 23:46:08,2,500,580,3,1,1700
22/12/2022 23:46:24,2,500,580,3,1,1700
22/12/2022 23:46:40,2,500,580,3,1,1700
22/12/2022 23:46:56,2,500,580,3,1,1690
22/12/2022 23:47:12,2,500,580,3,1,1690
22/12/2022 23:47:28,2,500,580,3,1,1660
22/12/2022 23:47:44,2,500,580,3,1,1660
22/12/2022 23:48:00,2,490,580,3,1,1550
22/12/2022 23:48:16,2,490,580,3,1,1550
22/12/2022 23:48:32,2,490,580,3,1,1550
22/12/2022 23:48:48,2,490,580,3,1,1670
22/12/2022 23:49:04,2,490,580,3,1,1670
22/12/2022 23:49:20,2,490,580,3,1,1660
22/12/2022 23:49:36,2,490,580,3,1,1660
22/12/2022 23:49:52,2,490,580,3,1,1660
22/12/2022 23:50:08,2,490,580,3,1,1660
22/12/2022 23:50:24,2,490,580,3,1,1640
22/12/2022 23:50:40,2,490,580,3,1,1640
22/12/2022 23:50:56,2,490,580,3,1,1640
22/12/2022 23:51:12,2,490,580,3,1,1640
22/12/2022 23:51:28,2,490,580,3,1,1640
22/12/2022 23:51:44,2,490,580,3,1,1640
22/12/2022 23:52:00,2,490,580,3,1,1640
22/12/2022 23:52:16,2,490,580,3,1,1660
22/12/2022 23:52:32,2,490,580,3,1,1660
22/12/2022 23:52:48,2,490,580,3,1,1680
22/12/2022 23:53:04,2,490,580,3,1,1680
22/12/2022 23:53:20,2,490,580,3,1,1680
22/12/2022 23:53:36,2,490,580,3,1,1710
22/12/2022 23:53:52,2,490,580,3,1,1710
22/12/2022 23:54:08,2,490,580,3,1,1760
22/12/2022 23:54:24,2,490,580,3,1,1760
22/12/2022 23:54:40,2,490,580,3,1,1700
22/12/2022 23:54:56,2,490,580,3,1,1700
22/12/2022 23:55:12,2,490,580,3,1,1770
22/12/2022 23:55:28,2,490,580,3,1,1770
22/12/2022 23:55:44,2,490,580,3,1,1770
22/12/2022 23:56:00,2,490,580,3,1,1760
22/12/2022 23:56:16,2,490,580,3,1,1760
22/12/2022 23:56:32,2,490,580,3,1,1700
22/12/2022 23:56:48,2,490,580,3,1,1700
22/12/2022 23:57:04,2,490,580,3,1,1740
22/12/2022 23:57:20,2,490,580,3,1,1740
22/12/2022 23:57:36,2,490,580,3,1,1720
22/12/2022 23:57:52,2,490,580,3,1,1720
22/12/2022 23:58:08,2,490,580,3,1,1720
22/12/2022 23:58:24,2,490,580,3,1,1720
22/12/2022 23:58:40,2,490,580,3,1,1720
22/12/2022 23:58:56,2,490,580,3,1,1720
22/12/2022 23:59:12,2,490,580,3,1,1720
22/12/2022 23:59:28,2,490,580,3,1,1750
22/12/2022 23:59:44,2,490,580,3,1,1750
23/12/2022 00:00:00,3,490,530,3,1,1720
23/12/2022 00:00:16,3,490,530,3,1,1720
23/12/2022 00:00:32,3,490,530,3,1,1720
23/12/2022 00:00:48,3,490,530,3,2,1720
23/12/2022 00:01:04,3,490,530,3,2,1720
23/12/2022 00:01:20,3,490,530,3,1,1730
23/12/2022 00:01:36,3,490,530,3,1,1730
23/12/2022 00:01:52,3,490,530,3,1,1720
23/12/2022 00:02:08,3,490,530,3,1,1720
23/12/2022 00:02:24,3,490,530,3,1,1730
23/12/2022 00:02:40,3,490,530,3,1,1730
23/12/2022 00:02:56,3,490,530,3,1,1730
23/12/2022 00:03:12,3,490,530,3,1,1720
23/12/2022 00:03:28,3,490,530,3,1,1720
23/12/2022 00:03:44,3,490,530,3,1,1720
23/12/2022 00:04:00,3,490,530,3,1,1720
23/12/2022 00:04:16,3,490,530,3,1,1710
23/12/2022 00:04:32,3,490,530,3,1,1710
23/12/2022 00:04:48,3,490,530,3,1,1710
23/12/2022 00:05:04,3,490,530,3,1,1710
23/12/2022 00:05:20,3,490,530,3,1,1710
23/12/2022 00:05:36,3,490,530,3,1,1710
23/12/2022 00:05:52,3,490,530,3,1,1710
23/12/2022 00:06:08,3,490,530,3,1,1700
23/12/2022 00:06:24,3,490,530,3,1,1700
23/12/2022 00:06:40,3,490,530,3,1,1700
23/12/2022 00:06:56,3,490,530,3,1,1700
23/12/2022 00:07:12,3,490,530,3,1,1700
23/12/2022 00:07:28,3,490,530,3,1,1700
23/12/2022 00:07:44,3,490,530,3,1,1700
23/12/2022 00:08:00,3,490,530,3,1,1700
23/12/2022 00:08:16,3,490,530,3,1,1700
23/12/2022 00:08:32,3,490,530,3,1,1700
23/12/2022 00:08:48,3,490,530,3,1,1700
23/12/2022 00:09:04,3,490,530,3,1,1700
23/12/2022 00:09:20,3,490,530,3,1,1700
23/12/2022 00:09:36,3,490,530,3,1,1690
23/12/2022 00:09:52,3,490,530,3,1,1690
23/12/2022 00:10:08,3,490,530,3,1,1690
23/12/2022 00:10:24,3,490,530,3,1,1690
23/12/2022 00:10:40,3,480,530,3,1,1690
23/12/2022 00:10:56,3,480,530,3,1,1690
23/12/2022 00:11:12,3,480,530,3,1,1690
23/12/2022 00:11:28,3,480,530,3,1,1680
23/12/2022 00:11:44,3,480,530,3,1,1680
23/12/2022 00:12:00,3,480,530,3,1,1700
23/12/2022 00:12:16,3,480,530,3,1,1700
23/12/2022 00:12:32,3,480,530,3,1,1700
23/12/2022 00:12:48,3,480,530,3,1,1700
23/12/2022 00:13:04,3,480,530,3,1,1700
23/12/2022 00:13:20,3,480,530,3,1,1700
23/12/2022 00:13:36,3,480,530,3,1,1700
23/12/2022 00:13:52,3,480,530,3,1,1700
23/12/2022 00:14:08,3,480,530,3,1,1700
23/12/2022 00:14:24,3,480,530,3,1,1680
23/12/2022 00:14:40,3,480,530,3,1,1680
23/12/2022 00:14:56,3,480,530,3,1,1680
23/12/2022 00:15:12,3,480,530,3,1,1670
23/12/2022 00:15:28,3,480,530,3,1,1670
23/12/2022 00:15:44,3,480,530,3,1,1700
23/12/2022 00:16:00,3,480,530,3,1,1700
23/12/2022 00:16:16,3,480,530,3,1,1680
23/12/2022 00:16:32,3,480,530,3,1,1680
23/12/2022 00:16:48,3,480,530,3,1,1670
23/12/2022 00:17:04,3,480,530,3,1,1670
23/12/2022 00:17:20,3,480,530,3,1,1670
23/12/2022 00:17:36,3,480,530,3,1,1670
23/12/2022 00:17:52,3,480,530,3,1,1670
23/12/2022 00:18:08,3,480,530,3,1,1690
23/12/2022 00:18:24,3,480,530,3,1,1690
23/12/2022 00:18:40,3,480,530,3,1,1700
23/12/2022 00:18:56,3,480,530,3,1,1700
23/12/2022 00:19:12,3,480,530,3,1,1700
23/12/2022 00:19:28,3,480,530,3,1,1700
23/12/2022 00:19:44,3,480,530,3,1,1700
23/12/2022 00:20:00,3,480,530,3,1,1700
23/12/2022 00:20:16,3,480,530,3,1,1700
23/12/2022 00:20:32,3,480,530,3,1,1690
23/12/2022 00:20:48,3,480,530,3,1,1690
23/12/2022 00:21:04,3,480,530,3,1,1690
23/12/2022 00:21:20,3,470,530,3,1,1690
23/12/2022 00:21:36,3,470,530,3,1,1700
23/12/2022 00:21:52,3,470,530,3,1,1700
23/12/2022 00:22:08,3,470,530,3,1,1700
23/12/2022 00:22:24,3,470,530,3,1,1690
23/12/2022 00:22:40,3,470,530,3,1,1690
23/12/2022 00:22:56,3,470,530,3,1,1690
23/12/2022 00:23:12,3,470,530,3,1,1690
23/12/2022 00:23:28,3,470,530,3,1,1680
23/12/2022 00:23:44,3,470,530,3,1,1680
23/12/2022 00:24:00,3,470,530,3,1,1690
23/12/2022 00:24:16,3,460,530,3,1,1690
23/12/2022 00:24:32,3,460,530,3,1,1690
23/12/2022 00:24:48,3,460,530,3,1,1680
23/12/2022 00:25:04,3,460,530,3,1,1680
23/12/2022 00:25:20,3,460,530,3,1,1670
23/12/2022 00:25:36,3,460,530,3,1,1670
23/12/2022 00:25:52,3,460,530,3,1,1670
23/12/2022 00:26:08,3,460,530,3,1,1670
23/12/2022 00:26:24,3,450,530,3,1,1670
23/12/2022 00:26:40,3,450,530,3,1,1670
23/12/2022 00:26:56,3,450,530,3,1,1670
23/12/2022 00:27:12,3,450,530,3,1,1660
23/12/2022 00:27:28,3,450,530,3,1,1660
23/12/2022 00:27:44,3,440,530,3,1,1660
23/12/2022 00:28:00,3,440,530,3,1,1660
23/12/2022 00:28:16,3,440,530,3,1,1660
23/12/2022 00:28:32,3,440,530,3,1,1660
23/12/2022 00:28:48,3,440,530,3,1,1650
23/12/2022 00:29:04,3,440,530,3,1,1650
23/12/2022 00:29:20,3,430,530,3,1,1650
23/12/2022 00:29:36,3,430,530,3,1,1650
23/12/2022 00:29:52,3,430,530,3,1,1650
23/12/2022 00:30:08,3,430,530,3,1,1640
23/12/2022 00:30:24,3,430,530,3,1,1640
23/12/2022 00:30:40,3,430,530,3,1,1650
23/12/2022 00:30:56,3,430,530,3,1,1650
23/12/2022 00:31:12,3,420,530,3,1,1630
23/12/2022 00:31:28,3,420,530,3,1,1630
23/12/2022 00:31:44,3,420,530,3,1,1630
23/12/2022 00:32:00,3,420,530,3,1,1630
23/12/2022 00:32:16,3,420,530,3,1,1630
23/12/2022 00:32:32,3,420,530,3,1,1650
23/12/2022 00:32:48,3,420,530,3,1,1650
23/12/2022 00:33:04,3,420,530,3,1,1650
23/12/2022 00:33:20,3,410,530,3,1,1650
23/12/2022 00:33:36,3,410,530,3,1,1650
23/12/2022 00:33:52,3,410,530,3,1,1650
23/12/2022 00:34:08,3,410,530,3,1,1650
23/12/2022 00:34:24,3,410,530,3,1,1660
23/12/2022 00:34:40,3,410,530,3,1,1660
23/12/2022 00:34:56,3,400,530,3,1,4030
23/12/2022 00:35:12,3,400,530,3,1,4030
23/12/2022 00:35:28,3,400,530,3,2,2790
23/12/2022 00:35:44,3,400,530,3,2,2790
23/12/2022 00:36:00,3,400,530,3,1,2810
23/12/2022 00:36:16,3,400,530,3,1,2810
23/12/2022 00:36:32,3,400,530,3,1,2810
23/12/2022 00:36:48,3,400,530,3,1,2820
23/12/2022 00:37:04,3,400,530,3,1,2820
23/12/2022 00:37:20,3,400,530,3,1,2800
23/12/2022 00:37:36,3,400,530,3,1,2800
23/12/2022 00:37:52,3,400,530,3,1,2770
23/12/2022 00:38:08,3,400,530,3,1,2770
23/12/2022 00:38:24,3,400,530,3,3,1640
23/12/2022 00:38:40,3,400,530,3,3,1640
23/12/2022 00:38:56,3,400,530,3,3,1640
23/12/2022 00:39:12,3,400,530,3,1,2780
23/12/2022 00:39:28,3,400,530,3,1,2780
23/12/2022 00:39:44,3,400,530,3,1,2800
23/12/2022 00:40:00,3,400,530,3,1,2800
23/12/2022 00:40:16,3,400,530,3,2,2780
23/12/2022 00:40:32,3,400,530,3,2,2780
23/12/2022 00:40:48,3,400,530,3,1,9740
23/12/2022 00:41:04,3,410,530,3,1,9740
23/12/2022 00:41:20,3,410,530,3,1,9740
23/12/2022 00:41:36,3,410,530,3,2,4060
23/12/2022 00:41:52,3,410,530,3,2,4060
23/12/2022 00:42:08,3,410,530,3,2,4050
23/12/2022 00:42:24,3,410,530,3,2,4050
23/12/2022 00:42:40,3,410,530,3,1,9610
23/12/2022 00:42:56,3,410,530,3,1,9610
23/12/2022 00:43:12,3,410,530,3,1,9590
23/12/2022 00:43:28,3,410,530,3,1,9590
23/12/2022 00:43:44,3,410,530,3,1,9590
23/12/2022 00:44:00,3,410,530,3,1,9620
23/12/2022 00:44:16,3,410,530,3,1,9620
23/12/2022 00:44:32,3,410,530,3,1,9520
23/12/2022 00:44:48,3,410,530,3,1,9520
23/12/2022 00:45:04,3,410,530,3,1,10160
23/12/2022 00:45:20,3,410,530,3,1,10160
23/12/2022 00:45:36,3,410,530,3,3,1720
23/12/2022 00:45:52,3,410,530,3,3,1720
23/12/2022 00:46:08,3,410,530,3,3,1720
23/12/2022 00:46:24,3,410,530,3,2,9520
23/12/2022 00:46:40,3,410,530,3,2,9520
23/12/2022 00:46:56,3,410,530,3,2,9730
23/12/2022 00:47:12,3,410,530,3,2,9730
23/12/2022 00:47:28,3,410,530,3,1,9530
23/12/2022 00:47:44,3,410,530,3,1,9530
23/12/2022 00:48:00,3,410,530,3,2,9590
23/12/2022 00:48:16,3,410,530,3,2,9590
23/12/2022 00:48:32,3,420,530,3,2,9590
23/12/2022 00:48:48,3,420,530,3,3,2820
23/12/2022 00:49:04,3,420,530,3,3,2820
23/12/2022 00:49:20,3,420,530,3,1,2820
23/12/2022 00:49:36,3,420,530,3,1,2820
23/12/2022 00:49:52,3,420,530,3,1,9510
23/12/2022 00:50:08,3,420,530,3,1,9510
23/12/2022 00:50:24,3,420,530,3,1,9550
23/12/2022 00:50:40,3,420,530,3,1,9550
23/12/2022 00:50:56,3,420,530,3,1,9550
23/12/2022 00:51:12,3,420,530,3,2,1570
23/12/2022 00:51:28,3,420,530,3,2,1570
23/12/2022 00:51:44,3,420,530,3,1,1570
23/12/2022 00:52:00,3,420,530,3,1,1570
23/12/2022 00:52:16,3,420,530,3,2,1560
23/12/2022 00:52:32,3,420,530,3,2,1560
23/12/2022 00:52:48,3,420,530,3,2,1560
23/12/2022 00:53:04,3,410,530,3,2,1560
23/12/2022 00:53:20,3,410,530,3,2,1560
23/12/2022 00:53:36,3,410,530,3,2,1550
23/12/2022 00:53:52,3,410,530,3,2,1550
23/12/2022 00:54:08,3,410,530,3,0,-999
23/12/2022 00:54:24,3,410,530,3,0,-999
23/12/2022 00:54:40,3,410,530,3,0,-999
23/12/2022 00:54:56,3,400,530,3,0,-999
23/12/2022 00:55:12,3,400,530,3,1,1550
23/12/2022 00:55:28,3,400,530,3,1,1550
23/12/2022 00:55:44,3,400,530,3,1,1550
23/12/2022 00:56:00,3,400,530,3,1,1550
23/12/2022 00:56:16,3,400,530,3,1,1550
23/12/2022 00:56:32,3,400,530,3,1,1540
23/12/2022 00:56:48,3,400,530,3,1,1540
23/12/2022 00:57:04,3,400,530,3,0,-999
23/12/2022 00:57:20,3,400,530,3,0,-999
23/12/2022 00:57:36,3,400,530,3,0,-999
23/12/2022 00:57:52,3,400,530,3,0,-999
23/12/2022 00:58:08,3,400,530,3,0,-999
23/12/2022 00:58:24,3,400,530,3,0,-999
23/12/2022 00:58:40,3,400,530,3,0,-999
23/12/2022 00:58:56,3,400,530,3,0,-999
23/12/2022 00:59:12,3,400,530,3,0,-999
23/12/2022 00:59:28,3,400,530,3,0,-999
23/12/2022 00:59:44,3,400,530,3,0,-999
23/12/2022 01:00:00,3,400,430,3,0,-999
23/12/2022 01:00:16,3,400,430,3,0,-999
23/12/2022 01:00:32,3,400,430,3,0,-999
23/12/2022 01:00:48,3,400,430,3,1,2130
23/12/2022 01:01:04,3,390,430,3,1,2130
23/12/2022 01:01:20,3,390,430,3,1,2250
23/12/2022 01:01:36,3,390,430,3,1,2250
23/12/2022 01:01:52,3,390,430,3,1,1520
23/12/2022 01:02:08,3,390,430,3,1,1520
23/12/2022 01:02:24,3,390,430,3,1,1510
23/12/2022 01:02:40,3,390,430,3,1,1510
23/12/2022 01:02:56,3,390,430,3,1,1510
23/12/2022 01:03:12,3,390,430,3,1,1510
23/12/2022 01:03:28,3,390,430,3,1,1510
23/12/2022 01:03:44,3,390,430,3,1,1520
23/12/2022 01:04:00,3,390,430,3,1,1520
23/12/2022 01:04:16,3,390,430,3,1,1530
23/12/2022 01:04:32,3,390,430,3,1,1530
23/12/2022 01:04:48,3,390,430,3,0,-999
23/12/2022 01:05:04,3,390,430,3,0,-999
23/12/2022 01:05:20,3,390,430,3,0,-999
23/12/2022 01:05:36,3,390,430,3,1,1540
23/12/2022 01:05:52,3,390,430,3,1,1540
23/12/2022 01:06:08,3,390,430,3,0,-999
23/12/2022 01:06:24,3,390,430,3,0,-999
23/12/2022 01:06:40,3,390,430,3,0,-999
23/12/2022 01:06:56,3,390,430,3,0,-999
23/12/2022 01:07:12,3,380,430,3,0,-999
23/12/2022 01:07:28,3,380,430,3,0,-999
23/12/2022 01:07:44,3,380,430,3,0,-999
23/12/2022 01:08:00,3,380,430,3,0,-999
23/12/2022 01:08:16,3,380,430,3,0,-999
23/12/2022 01:08:32,3,380,430,3,1,10970
23/12/2022 01:08:48,3,380,430,3,1,10970
23/12/2022 01:09:04,3,380,430,3,2,10460
23/12/2022 01:09:20,3,380,430,3,2,10460
23/12/2022 01:09:36,3,380,430,3,1,10480
23/12/2022 01:09:52,3,380,430,3,1,10480
23/12/2022 01:10:08,3,380,430,3,1,10480
23/12/2022 01:10:24,3,380,430,3,1,10640
23/12/2022 01:10:40,3,380,430,3,1,10640
23/12/2022 01:10:56,3,380,430,3,1,10330
23/12/2022 01:11:12,3,380,430,3,1,10330
23/12/2022 01:11:28,3,380,430,3,1,10340
23/12/2022 01:11:44,3,380,430,3,1,10340
23/12/2022 01:12:00,3,380,430,3,2,3970
23/12/2022 01:12:16,3,380,430,3,2,3970
23/12/2022 01:12:32,3,380,430,3,2,3970
23/12/2022 01:12:48,3,380,430,3,3,3970
23/12/2022 01:13:04,3,380,430,3,3,3970
23/12/2022 01:13:20,3,380,430,3,3,1450
23/12/2022 01:13:36,3,380,430,3,3,1450
23/12/2022 01:13:52,3,380,430,3,3,2100
23/12/2022 01:14:08,3,380,430,3,3,2100
23/12/2022 01:14:24,3,380,430,3,3,2100
23/12/2022 01:14:40,3,380,430,3,3,2100
23/12/2022 01:14:56,3,370,430,3,3,2100
23/12/2022 01:15:12,3,370,430,3,1,2100
23/12/2022 01:15:28,3,370,430,3,1,2100
23/12/2022 01:15:44,3,370,430,3,1,2090
23/12/2022 01:16:00,3,370,430,3,1,2090
23/12/2022 01:16:16,3,370,430,3,2,2090
23/12/2022 01:16:32,3,370,430,3,2,2090
23/12/2022 01:16:48,3,370,430,3,2,10050
23/12/2022 01:17:04,3,370,430,3,2,10050
23/12/2022 01:17:20,3,370,430,3,2,10050
23/12/2022 01:17:36,3,370,430,3,2,2070
23/12/2022 01:17:52,3,370,430,3,2,2070
23/12/2022 01:18:08,3,370,430,3,1,2070
23/12/2022 01:18:24,3,370,430,3,1,2070
23/12/2022 01:18:40,3,370,430,3,1,2070
23/12/2022 01:18:56,3,370,430,3,1,2070
23/12/2022 01:19:12,3,370,430,3,1,2060
23/12/2022 01:19:28,3,370,430,3,1,2060
23/12/2022 01:19:44,3,370,430,3,1,2060
23/12/2022 01:20:00,3,370,430,3,1,2080
23/12/2022 01:20:16,3,370,430,3,1,2080
23/12/2022 01:20:32,3,370,430,3,1,2070
23/12/2022 01:20:48,3,370,430,3,1,2070
23/12/2022 01:21:04,3,370,430,3,1,2040
23/12/2022 01:21:20,3,370,430,3,1,2040
23/12/2022 01:21:36,3,370,430,3,1,2060
23/12/2022 01:21:52,3,370,430,3,1,2060
23/12/2022 01:22:08,3,370,430,3,1,2060
23/12/2022 01:22:24,3,370,430,3,1,2080
23/12/2022 01:22:40,3,370,430,3,1,2080
23/12/2022 01:22:56,3,370,430,3,1,2040
23/12/2022 01:23:12,3,370,430,3,1,2040
23/12/2022 01:23:28,3,370,430,3,1,2060
23/12/2022 01:23:44,3,370,430,3,1,2060
23/12/2022 01:24:00,3,370,430,3,2,2050
23/12/2022 01:24:16,3,370,430,3,2,2050
23/12/2022 01:24:32,3,370,430,3,2,2050
23/12/2022 01:24:48,3,370,430,3,2,2070
23/12/2022 01:25:04,3,370,430,3,2,2070
23/12/2022 01:25:20,3,370,430,3,2,2070
23/12/2022 01:25:36,3,370,430,3,2,2070
23/12/2022 01:25:52,3,370,430,3,1,4050
23/12/2022 01:26:08,3,370,430,3,1,4050
23/12/2022 01:26:24,3,370,430,3,1,4050
23/12/2022 01:26:40,3,370,430,3,1,4050
23/12/2022 01:26:56,3,370,430,3,1,4050
23/12/2022 01:27:12,3,370,430,3,2,2060
23/12/2022 01:27:28,3,370,430,3,2,2060
23/12/2022 01:27:44,3,370,430,3,1,4040
23/12/2022 01:28:00,3,370,430,3,1,4040
23/12/2022 01:28:16,3,360,430,3,1,4020
23/12/2022 01:28:32,3,360,430,3,1,4020
23/12/2022 01:28:48,3,360,430,3,1,4020
23/12/2022 01:29:04,3,360,430,3,1,4020
23/12/2022 01:29:20,3,360,430,3,1,4020
23/12/2022 01:29:36,3,360,430,3,1,4050
23/12/2022 01:29:52,3,360,430,3,1,4050
23/12/2022 01:30:08,3,360,430,3,1,4030
23/12/2022 01:30:24,3,360,430,3,1,4030
23/12/2022 01:30:40,3,360,430,3,1,4020
23/12/2022 01:30:56,3,360,430,3,1,4020
23/12/2022 01:31:12,3,350,430,3,1,4000
23/12/2022 01:31:28,3,350,430,3,1,4000
23/12/2022 01:31:44,3,350,430,3,1,4000
23/12/2022 01:32:00,3,350,430,3,0,-999
23/12/2022 01:32:16,3,350,430,3,0,-999
23/12/2022 01:32:32,3,350,430,3,0,-999
23/12/2022 01:32:48,3,350,430,3,0,-999
23/12/2022 01:33:04,3,350,430,3,0,-999
23/12/2022 01:33:20,3,350,430,3,0,-999
23/12/2022 01:33:36,3,340,430,3,0,-999
23/12/2022 01:33:52,3,340,430,3,0,-999
23/12/2022 01:34:08,3,340,430,3,0,-999
23/12/2022 01:34:24,3,340,430,3,1,3970
23/12/2022 01:34:40,3,340,430,3,1,3970
23/12/2022 01:34:56,3,340,430,3,1,4010
23/12/2022 01:35:12,3,340,430,3,1,4010
23/12/2022 01:35:28,3,340,430,3,1,3980
23/12/2022 01:35:44,3,340,430,3,1,3980
23/12/2022 01:36:00,3,340,430,3,0,-999
23/12/2022 01:36:16,3,340,430,3,0,-999
23/12/2022 01:36:32,3,330,430,3,0,-999
23/12/2022 01:36:48,3,330,430,3,0,-999
23/12/2022 01:37:04,3,330,430,3,0,-999
23/12/2022 01:37:20,3,330,430,3,0,-999
23/12/2022 01:37:36,3,330,430,3,0,-999
23/12/2022 01:37:52,3,330,430,3,0,-999
23/12/2022 01:38:08,3,330,430,3,0,-999
23/12/2022 01:38:24,3,330,430,3,1,4010
23/12/2022 01:38:40,3,330,430,3,1,4010
23/12/2022 01:38:56,3,330,430,3,1,4010
23/12/2022 01:39:12,3,330,430,3,1,3960
23/12/2022 01:39:28,3,330,430,3,1,3960
23/12/2022 01:39:44,3,330,430,3,1,3970
23/12/2022 01:40:00,3,330,430,3,1,3970
23/12/2022 01:40:16,3,330,430,3,0,-999
23/12/2022 01:40:32,3,330,430,3,0,-999
23/12/2022 01:40:48,3,330,430,3,0,-999
23/12/2022 01:41:04,3,330,430,3,0,-999
23/12/2022 01:41:20,3,330,430,3,0,-999
23/12/2022 01:41:36,3,330,430,3,0,-999
23/12/2022 01:41:52,3,330,430,3,0,-999
23/12/2022 01:42:08,3,330,430,3,0,-999
23/12/2022 01:42:24,3,330,430,3,0,-999
23/12/2022 01:42:40,3,330,430,3,0,-999
23/12/2022 01:42:56,3,330,430,3,0,-999
23/12/2022 01:43:12,3,330,430,3,0,-999
23/12/2022 01:43:28,3,330,430,3,0,-999
23/12/2022 01:43:44,3,330,430,3,0,-999
23/12/2022 01:44:00,3,330,430,3,0,-999
23/12/2022 01:44:16,3,330,430,3,0,-999
23/12/2022 01:44:32,3,330,430,3,1,9860
23/12/2022 01:44:48,3,330,430,3,1,9860
23/12/2022 01:45:04,3,330,430,3,1,9850
23/12/2022 01:45:20,3,330,430,3,1,9850
23/12/2022 01:45:36,3,330,430,3,1,9850
23/12/2022 01:45:52,3,330,430,3,1,9850
23/12/2022 01:46:08,3,330,430,3,1,9850
23/12/2022 01:46:24,3,330,430,3,0,-999
23/12/2022 01:46:40,3,330,430,3,0,-999
23/12/2022 01:46:56,3,330,430,3,1,9820
23/12/2022 01:47:12,3,330,430,3,1,9820
23/12/2022 01:47:28,3,330,430,3,1,9820
23/12/2022 01:47:44,3,330,430,3,1,9820
23/12/2022 01:48:00,3,330,430,3,1,9750
23/12/2022 01:48:16,3,330,430,3,1,9750
23/12/2022 01:48:32,3,330,430,3,1,9750
23/12/2022 01:48:48,3,330,430,3,1,9740
23/12/2022 01:49:04,3,330,430,3,1,9740
23/12/2022 01:49:20,3,330,430,3,1,9740
23/12/2022 01:49:36,3,330,430,3,1,9740
23/12/2022 01:49:52,3,330,430,3,0,-999
23/12/2022 01:50:08,3,330,430,3,0,-999
23/12/2022 01:50:24,3,330,430,3,0,-999
23/12/2022 01:50:40,3,330,430,3,0,-999
23/12/2022 01:50:56,3,330,430,3,0,-999
23/12/2022 01:51:12,3,340,430,3,0,-999
23/12/2022 01:51:28,3,340,430,3,0,-999
23/12/2022 01:51:44,3,340,430,3,0,-999
23/12/2022 01:52:00,3,340,430,3,0,-999
23/12/2022 01:52:16,3,340,430,3,0,-999
23/12/2022 01:52:32,3,340,430,3,0,-999
23/12/2022 01:52:48,3,340,430,3,0,-999
23/12/2022 01:53:04,3,340,430,3,0,-999
23/12/2022 01:53:20,3,340,430,3,0,-999
23/12/2022 01:53:36,3,340,430,3,0,-999
23/12/2022 01:53:52,3,340,430,3,0,-999
23/12/2022 01:54:08,3,340,430,3,0,-999
23/12/2022 01:54:24,3,340,430,3,0,-999
23/12/2022 01:54:40,3,340,430,3,0,-999
23/12/2022 01:54:56,3,340,430,3,0,-999
23/12/2022 01:55:12,3,340,430,3,0,-999
23/12/2022 01:55:28,3,340,430,3,0,-999
23/12/2022 01:55:44,3,340,430,3,0,-999
23/12/2022 01:56:00,3,340,430,3,0,-999
23/12/2022 01:56:16,3,340,430,3,0,-999
23/12/2022 01:56:32,3,340,430,3,0,-999
23/12/2022 01:56:48,3,340,430,3,0,-999
23/12/2022 01:57:04,3,340,430,3,0,-999
23/12/2022 01:57:20,3,340,430,3,0,-999
23/12/2022 01:57:36,3,340,430,3,0,-999
23/12/2022 01:57:52,3,340,430,3,0,-999
23/12/2022 01:58:08,3,340,430,3,0,-999
23/12/2022 01:58:24,3,340,430,3,0,-999
23/12/2022 01:58:40,3,340,430,3,0,-999
23/12/2022 01:58:56,3,340,430,3,0,-999
23/12/2022 01:59:12,3,340,430,3,0,-999
23/12/2022 01:59:28,3,340,430,3,0,-999
23/12/2022 01:59:44,3,340,430,3,0,-999
23/12/2022 02:00:00,3,340,360,3,0,-999
23/12/2022 02:00:16,3,340,360,3,0,-999
23/12/2022 02:00:32,3,340,360,3,0,-999
23/12/2022 02:00:48,3,340,360,3,0,-999
23/12/2022 02:01:04,3,340,360,3,0,-999
23/12/2022 02:01:20,3,340,360,3,0,-999
23/12/2022 02:01:36,3,340,360,3,0,-999
23/12/2022 02:01:52,3,340,360,3,0,-999
23/12/2022 02:02:08,3,340,360,3,0,-999
23/12/2022 02:02:24,3,340,360,3,0,-999
23/12/2022 02:02:40,3,340,360,3,0,-999
23/12/2022 02:02:56,3,340,360,3,0,-999
23/12/2022 02:03:12,3,340,360,3,0,-999
23/12/2022 02:03:28,3,340,360,3,0,-999
23/12/2022 02:03:44,3,340,360,3,0,-999
23/12/2022 02:04:00,3,340,360,3,0,-999
23/12/2022 02:04:16,3,340,360,3,0,-999
23/12/2022 02:04:32,3,340,360,3,0,-999
23/12/2022 02:04:48,3,340,360,3,0,-999
23/12/2022 02:05:04,3,340,360,3,0,-999
23/12/2022 02:05:20,3,340,360,3,0,-999
23/12/2022 02:05:36,3,340,360,3,0,-999
23/12/2022 02:05:52,3,340,360,3,0,-999
23/12/2022 02:06:08,3,340,360,3,0,-999
23/12/2022 02:06:24,3,340,360,3,0,-999
23/12/2022 02:06:40,3,340,360,3,0,-999
23/12/2022 02:06:56,3,340,360,3,0,-999
23/12/2022 02:07:12,3,340,360,3,0,-999
23/12/2022 02:07:28,3,340,360,3,0,-999
23/12/2022 02:07:44,3,340,360,3,0,-999
23/12/2022 02:08:00,3,340,360,3,0,-999
23/12/2022 02:08:16,3,340,360,3,0,-999
23/12/2022 02:08:32,3,340,360,3,0,-999
23/12/2022 02:08:48,3,340,360,3,0,-999
23/12/2022 02:09:04,3,340,360,3,0,-999
23/12/2022 02:09:20,3,340,360,3,0,-999
23/12/2022 02:09:36,3,330,360,3,0,-999
23/12/2022 02:09:52,3,330,360,3,0,-999
23/12/2022 02:10:08,3,330,360,3,0,-999
23/12/2022 02:10:24,3,330,360,3,0,-999
23/12/2022 02:10:40,3,330,360,3,0,-999
23/12/2022 02:10:56,3,330,360,3,0,-999
23/12/2022 02:11:12,3,330,360,3,0,-999
23/12/2022 02:11:28,3,330,360,3,0,-999
23/12/2022 02:11:44,3,330,360,3,0,-999
23/12/2022 02:12:00,3,330,360,3,0,-999
23/12/2022 02:12:16,3,330,360,3,0,-999
23/12/2022 02:12:32,3,330,360,3,0,-999
23/12/2022 02:12:48,3,100,360,3,0,-999
23/12/2022 02:13:04,3,100,360,3,0,-999
23/12/2022 02:13:20,3,100,360,3,0,-999
23/12/2022 02:13:36,3,100,360,3,0,-999
23/12/2022 02:13:52,3,100,360,3,0,-999
23/12/2022 02:14:08,3,100,360,3,0,-999
23/12/2022 02:14:24,3,100,360,3,0,-999
23/12/2022 02:14:40,3,100,360,3,0,-999
23/12/2022 02:14:56,3,100,360,3,0,-999
23/12/2022 02:15:12,3,100,360,3,0,-999
23/12/2022 02:15:28,3,100,360,3,0,-999
23/12/2022 02:15:44,3,100,360,3,0,-999
23/12/2022 02:16:00,3,100,360,3,0,-999
23/12/2022 02:16:16,3,100,360,3,0,-999
23/12/2022 02:16:32,3,100,360,3,0,-999
23/12/2022 02:16:48,3,110,360,3,0,-999
23/12/2022 02:17:04,3,110,360,3,0,-999
23/12/2022 02:17:20,3,110,360,3,0,-999
23/12/2022 02:17:36,3,110,360,3,0,-999
23/12/2022 02:17:52,3,110,360,3,0,-999
23/12/2022 02:18:08,3,110,360,3,0,-999
23/12/2022 02:18:24,3,110,360,3,0,-999
23/12/2022 02:18:40,3,110,360,3,0,-999
23/12/2022 02:18:56,3,110,360,3,0,-999
23/12/2022 02:19:12,3,110,360,3,0,-999
23/12/2022 02:19:28,3,110,360,3,0,-999
23/12/2022 02:19:44,3,110,360,3,0,-999
23/12/2022 02:20:00,3,110,360,3,0,-999
23/12/2022 02:20:16,3,110,360,3,0,-999
23/12/2022 02:20:32,3,110,360,3,0,-999
23/12/2022 02:20:48,3,110,360,3,0,-999
23/12/2022 02:21:04,3,110,360,3,0,-999
23/12/2022 02:21:20,3,110,360,3,0,-999
23/12/2022 02:21:36,3,110,360,3,1,10810
23/12/2022 02:21:52,3,110,360,3,1,10810
23/12/2022 02:22:08,3,110,360,3,1,10810
23/12/2022 02:22:24,3,110,360,3,1,10740
23/12/2022 02:22:40,3,110,360,3,1,10740
23/12/2022 02:22:56,3,110,360,3,1,10740
23/12/2022 02:23:12,3,110,360,3,1,10740
23/12/2022 02:23:28,3,110,360,3,1,10730
23/12/2022 02:23:44,3,110,360,3,1,10730
23/12/2022 02:24:00,3,110,360,3,1,10780
23/12/2022 02:24:16,3,110,360,3,1,10780
23/12/2022 02:24:32,3,110,360,3,1,10780
23/12/2022 02:24:48,3,110,360,3,2,9820
23/12/2022 02:25:04,3,110,360,3,2,9820
23/12/2022 02:25:20,3,110,360,3,1,10780
23/12/2022 02:25:36,3,110,360,3,1,10780
23/12/2022 02:25:52,3,110,360,3,1,10780
23/12/2022 02:26:08,3,110,360,3,1,10780
23/12/2022 02:26:24,3,110,360,3,1,10800
23/12/2022 02:26:40,3,110,360,3,1,10800
23/12/2022 02:26:56,3,110,360,3,1,10800
23/12/2022 02:27:12,3,110,360,3,1,10730
23/12/2022 02:27:28,3,110,360,3,1,10730
23/12/2022 02:27:44,3,110,360,3,1,10730
23/12/2022 02:28:00,3,110,360,3,1,10730
23/12/2022 02:28:16,3,110,360,3,0,-999
23/12/2022 02:28:32,3,110,360,3,0,-999
23/12/2022 02:28:48,3,110,360,3,0,-999
23/12/2022 02:29:04,3,110,360,3,0,-999
23/12/2022 02:29:20,3,110,360,3,0,-999
23/12/2022 02:29:36,3,110,360,3,0,-999
23/12/2022 02:29:52,3,110,360,3,0,-999
23/12/2022 02:30:08,3,110,360,3,0,-999
23/12/2022 02:30:24,3,110,360,3,0,-999
23/12/2022 02:30:40,3,110,360,3,0,-999
23/12/2022 02:30:56,3,110,360,3,0,-999
23/12/2022 02:31:12,3,110,360,3,0,-999
23/12/2022 02:31:28,3,110,360,3,0,-999
23/12/2022 02:31:44,3,110,360,3,0,-999
23/12/2022 02:32:00,3,110,360,3,0,-999
23/12/2022 02:32:16,3,110,360,3,0,-999
23/12/2022 02:32:32,3,110,360,3,0,-999
23/12/2022 02:32:48,3,110,360,3,0,-999
23/12/2022 02:33:04,3,110,360,3,0,-999
23/12/2022 02:33:20,3,110,360,3,0,-999
23/12/2022 02:33:36,3,110,360,3,0,-999
23/12/2022 02:33:52,3,110,360,3,0,-999
23/12/2022 02:34:08,3,110,360,3,0,-999
23/12/2022 02:34:24,3,110,360,3,0,-999
23/12/2022 02:34:40,3,110,360,3,0,-999
23/12/2022 02:34:56,3,110,360,3,0,-999
23/12/2022 02:35:12,3,110,360,3,0,-999
23/12/2022 02:35:28,3,110,360,3,0,-999
23/12/2022 02:35:44,3,110,360,3,0,-999
23/12/2022 02:36:00,3,110,360,3,0,-999
23/12/2022 02:36:16,3,110,360,3,0,-999
23/12/2022 02:36:32,3,110,360,3,0,-999
23/12/2022 02:36:48,3,110,360,3,0,-999
23/12/2022 02:37:04,3,110,360,3,0,-999
23/12/2022 02:37:20,3,110,360,3,0,-999
23/12/2022 02:37:36,3,110,360,3,0,-999
23/12/2022 02:37:52,3,110,360,3,0,-999
23/12/2022 02:38:08,3,110,360,3,0,-999
23/12/2022 02:38:24,3,110,360,3,0,-999
23/12/2022 02:38:40,3,110,360,3,0,-999
23/12/2022 02:38:56,3,110,360,3,0,-999
23/12/2022 02:39:12,3,110,360,3,0,-999
23/12/2022 02:39:28,3,110,360,3,0,-999
23/12/2022 02:39:44,3,110,360,3,0,-999
23/12/2022 02:40:00,3,110,360,3,0,-999
23/12/2022 02:40:16,3,110,360,3,0,-999
23/12/2022 02:40:32,3,110,360,3,0,-999
23/12/2022 02:40:48,3,110,360,3,1,9680
23/12/2022 02:41:04,3,110,360,3,1,9680
23/12/2022 02:41:20,3,110,360,3,1,9680
23/12/2022 02:41:36,3,110,360,3,2,9490
23/12/2022 02:41:52,3,110,360,3,2,9490
23/12/2022 02:42:08,3,110,360,3,1,9610
23/12/2022 02:42:24,3,110,360,3,1,9610
23/12/2022 02:42:40,3,110,360,3,1,9650
23/12/2022 02:42:56,3,110,360,3,1,9650
23/12/2022 02:43:12,3,110,360,3,1,9650
23/12/2022 02:43:28,3,110,360,3,1,9650
23/12/2022 02:43:44,3,110,360,3,1,9650
23/12/2022 02:44:00,3,110,360,3,1,9640
23/12/2022 02:44:16,3,110,360,3,1,9640
23/12/2022 02:44:32,3,110,360,3,1,9650
23/12/2022 02:44:48,3,110,360,3,1,9650
23/12/2022 02:45:04,3,110,360,3,1,9650
23/12/2022 02:45:20,3,110,360,3,1,9650
23/12/2022 02:45:36,3,110,360,3,1,9640
23/12/2022 02:45:52,3,110,360,3,1,9640
23/12/2022 02:46:08,3,110,360,3,1,9640
23/12/2022 02:46:24,3,110,360,3,1,9680
23/12/2022 02:46:40,3,110,360,3,1,9680
23/12/2022 02:46:56,3,110,360,3,0,-999
23/12/2022 02:47:12,3,110,360,3,0,-999
23/12/2022 02:47:28,3,110,360,3,0,-999
23/12/2022 02:47:44,3,110,360,3,0,-999
23/12/2022 02:48:00,3,110,360,3,0,-999
23/12/2022 02:48:16,3,110,360,3,0,-999
23/12/2022 02:48:32,3,120,360,3,0,-999
23/12/2022 02:48:48,3,120,360,3,0,-999
23/12/2022 02:49:04,3,120,360,3,0,-999
23/12/2022 02:49:20,3,120,360,3,0,-999
23/12/2022 02:49:36,3,120,360,3,0,-999
23/12/2022 02:49:52,3,120,360,3,0,-999
23/12/2022 02:50:08,3,120,360,3,0,-999
23/12/2022 02:50:24,3,120,360,3,0,-999
23/12/2022 02:50:40,3,120,360,3,0,-999
23/12/2022 02:50:56,3,120,360,3,0,-999
23/12/2022 02:51:12,3,120,360,3,0,-999
23/12/2022 02:51:28,3,120,360,3,0,-999
23/12/2022 02:51:44,3,120,360,3,0,-999
23/12/2022 02:52:00,3,120,360,3,0,-999
23/12/2022 02:52:16,3,120,360,3,0,-999
23/12/2022 02:52:32,3,120,360,3,0,-999
23/12/2022 02:52:48,3,120,360,3,0,-999
23/12/2022 02:53:04,3,120,360,3,0,-999
23/12/2022 02:53:20,3,120,360,3,0,-999
23/12/2022 02:53:36,3,120,360,3,0,-999
23/12/2022 02:53:52,3,120,360,3,0,-999
23/12/2022 02:54:08,3,120,360,3,0,-999
23/12/2022 02:54:24,3,120,360,3,0,-999
23/12/2022 02:54:40,3,120,360,3,1,2250
23/12/2022 02:54:56,3,120,360,3,1,2250
23/12/2022 02:55:12,3,120,360,3,1,2250
23/12/2022 02:55:28,3,120,360,3,1,2250
23/12/2022 02:55:44,3,120,360,3,1,2250
23/12/2022 02:56:00,3,120,360,3,1,2250
23/12/2022 02:56:16,3,120,360,3,1,2250
23/12/2022 02:56:32,3,120,360,3,1,2240
23/12/2022 02:56:48,3,120,360,3,1,2240
23/12/2022 02:57:04,3,120,360,3,1,2140
23/12/2022 02:57:20,3,120,360,3,1,2140
23/12/2022 02:57:36,3,120,360,3,1,2140
23/12/2022 02:57:52,3,120,360,3,1,2140
23/12/2022 02:58:08,3,120,360,3,1,2140
23/12/2022 02:58:24,3,120,360,3,1,2130
23/12/2022 02:58:40,3,120,360,3,1,2130
23/12/2022 02:58:56,3,110,360,3,1,2150
23/12/2022 02:59:12,3,110,360,3,1,2150
23/12/2022 02:59:28,3,110,360,3,1,2240
23/12/2022 02:59:44,3,110,360,3,1,2240
23/12/2022 03:00:00,2,110,110,3,1,2090
23/12/2022 03:00:16,2,110,110,3,1,2090
23/12/2022 03:00:32,2,110,110,3,1,2090
23/12/2022 03:00:48,2,110,110,3,1,2040
23/12/2022 03:01:04,2,110,110,3,1,2040
23/12/2022 03:01:20,2,110,110,3,1,2000
23/12/2022 03:01:36,2,110,110,3,1,2000
23/12/2022 03:01:52,2,110,110,3,1,1960
23/12/2022 03:02:08,2,110,110,3,1,1960
23/12/2022 03:02:24,2,110,110,3,1,1980
23/12/2022 03:02:40,2,110,110,3,1,1980
23/12/2022 03:02:56,2,110,110,3,1,1980
23/12/2022 03:03:12,2,110,110,3,1,1870
23/12/2022 03:03:28,2,110,110,3,1,1870
23/12/2022 03:03:44,2,100,110,3,1,1870
23/12/2022 03:04:00,2,100,110,3,1,1870
23/12/2022 03:04:16,2,100,110,3,1,1880
23/12/2022 03:04:32,2,100,110,3,1,1880
23/12/2022 03:04:48,2,100,110,3,1,1860
23/12/2022 03:05:04,2,100,110,3,1,1860
23/12/2022 03:05:20,2,100,110,3,1,1860
23/12/2022 03:05:36,2,100,110,3,1,1860
23/12/2022 03:05:52,2,100,110,3,1,1860
23/12/2022 03:06:08,2,100,110,3,1,1880
23/12/2022 03:06:24,2,90,110,3,1,1880
23/12/2022 03:06:40,2,90,110,3,1,1860
23/12/2022 03:06:56,2,90,110,3,1,1860
23/12/2022 03:07:12,2,90,110,3,1,1880
23/12/2022 03:07:28,2,90,110,3,1,1880
23/12/2022 03:07:44,2,90,110,3,1,1880
23/12/2022 03:08:00,2,90,110,3,1,1890
23/12/2022 03:08:16,2,90,110,3,1,1890
23/12/2022 03:08:32,2,80,110,3,1,1880
23/12/2022 03:08:48,2,80,110,3,1,1880
23/12/2022 03:09:04,2,80,110,3,1,1890
23/12/2022 03:09:20,2,80,110,3,1,1890
23/12/2022 03:09:36,2,80,110,3,1,1910
23/12/2022 03:09:52,2,80,110,3,1,1910
23/12/2022 03:10:08,2,80,110,3,1,1910
23/12/2022 03:10:24,2,70,110,3,1,1880
23/12/2022 03:10:40,2,70,110,3,1,1880
23/12/2022 03:10:56,2,70,110,3,1,1890
23/12/2022 03:11:12,2,70,110,3,1,1890
23/12/2022 03:11:28,2,70,110,3,1,1920
23/12/2022 03:11:44,2,70,110,3,1,1920
23/12/2022 03:12:00,2,70,110,3,1,1930
23/12/2022 03:12:16,2,440,110,3,1,1930
23/12/2022 03:12:32,2,440,110,3,1,1930
23/12/2022 03:12:48,2,440,110,3,1,1920
23/12/2022 03:13:04,2,440,110,3,1,1920
23/12/2022 03:13:20,2,440,110,3,1,1920
23/12/2022 03:13:36,2,440,110,3,1,1920
23/12/2022 03:13:52,2,440,110,3,1,1920
23/12/2022 03:14:08,2,440,110,3,1,1920
23/12/2022 03:14:24,2,440,110,3,1,1920
23/12/2022 03:14:40,2,440,110,3,1,1920
23/12/2022 03:14:56,2,440,110,3,1,1920
23/12/2022 03:15:12,2,440,110,3,1,1930
23/12/2022 03:15:28,2,440,110,3,1,1930
23/12/2022 03:15:44,2,440,110,3,1,1920
23/12/2022 03:16:00,2,440,110,3,1,1920
23/12/2022 03:16:16,2,440,110,3,1,1930
23/12/2022 03:16:32,2,440,110,3,1,1930
23/12/2022 03:16:48,2,440,110,3,1,1940
23/12/2022 03:17:04,2,440,110,3,1,1940
23/12/2022 03:17:20,2,440,110,3,1,1940
23/12/2022 03:17:36,2,440,110,3,1,1940
23/12/2022 03:17:52,2,440,110,3,1,1940
23/12/2022 03:18:08,2,440,110,3,1,1930
23/12/2022 03:18:24,2,440,110,3,1,1930
23/12/2022 03:18:40,2,440,110,3,1,1920
23/12/2022 03:18:56,2,440,110,3,1,1920
23/12/2022 03:19:12,2,440,110,3,1,1920
23/12/2022 03:19:28,2,440,110,3,1,1920
23/12/2022 03:19:44,2,440,110,3,1,1920
23/12/2022 03:20:00,2,440,110,3,1,1930
23/12/2022 03:20:16,2,440,110,3,1,1930
23/12/2022 03:20:32,2,440,110,3,1,1970
23/12/2022 03:20:48,2,440,110,3,1,1970
23/12/2022 03:21:04,2,440,110,3,1,1970
23/12/2022 03:21:20,2,440,110,3,1,1970
23/12/2022 03:21:36,2,440,110,3,1,1960
23/12/2022 03:21:52,2,440,110,3,1,1960
23/12/2022 03:22:08,2,440,110,3,1,1960
23/12/2022 03:22:24,2,440,110,3,1,1940
23/12/2022 03:22:40,2,440,110,3,1,1940
23/12/2022 03:22:56,2,440,110,3,1,1920
23/12/2022 03:23:12,2,440,110,3,1,1920
23/12/2022 03:23:28,2,440,110,3,1,1910
23/12/2022 03:23:44,2,50,110,3,1,1910
23/12/2022 03:24:00,2,60,110,3,1,1900
23/12/2022 03:24:16,2,60,110,3,1,1900
23/12/2022 03:24:32,2,60,110,3,1,1900
23/12/2022 03:24:48,2,60,110,3,1,1880
23/12/2022 03:25:04,2,60,110,3,1,1880
23/12/2022 03:25:20,2,60,110,3,1,1900
23/12/2022 03:25:36,2,60,110,3,1,1900
23/12/2022 03:25:52,2,70,110,3,1,1900
23/12/2022 03:26:08,2,70,110,3,1,1900
23/12/2022 03:26:24,2,70,110,3,1,1910
23/12/2022 03:26:40,2,70,110,3,1,1910
23/12/2022 03:26:56,2,70,110,3,1,1910
23/12/2022 03:27:12,2,70,110,3,1,1910
23/12/2022 03:27:28,2,70,110,3,1,1910
23/12/2022 03:27:44,2,70,110,3,1,1910
23/12/2022 03:28:00,2,70,110,3,1,1910
23/12/2022 03:28:16,2,70,110,3,1,1950
23/12/2022 03:28:32,2,70,110,3,1,1950
23/12/2022 03:28:48,2,70,110,3,2,1950
23/12/2022 03:29:04,2,70,110,3,2,1950
23/12/2022 03:29:20,2,60,110,3,2,1950
23/12/2022 03:29:36,2,60,110,3,2,1980
23/12/2022 03:29:52,2,60,110,3,2,1980
23/12/2022 03:30:08,2,60,110,3,1,2020
23/12/2022 03:30:24,2,60,110,3,1,2020
23/12/2022 03:30:40,2,50,110,3,2,1920
23/12/2022 03:30:56,2,50,110,3,2,1920
23/12/2022 03:31:12,2,50,110,3,1,1920
23/12/2022 03:31:28,2,50,110,3,1,1920
23/12/2022 03:31:44,2,470,110,3,1,1920
23/12/2022 03:32:00,2,480,110,3,1,1900
23/12/2022 03:32:16,2,480,110,3,1,1900
23/12/2022 03:32:32,2,480,110,3,1,1900
23/12/2022 03:32:48,2,480,110,3,1,1900
23/12/2022 03:33:04,2,480,110,3,1,1900
23/12/2022 03:33:20,2,480,110,3,1,1900
23/12/2022 03:33:36,2,480,110,3,1,1910
23/12/2022 03:33:52,2,480,110,3,1,1910
23/12/2022 03:34:08,2,480,110,3,1,1910
23/12/2022 03:34:24,2,480,110,3,1,1950
23/12/2022 03:34:40,2,490,110,3,1,1950
23/12/2022 03:34:56,2,490,110,3,1,2350
23/12/2022 03:35:12,2,490,110,3,1,2350
23/12/2022 03:35:28,2,490,110,3,0,-999
23/12/2022 03:35:44,2,490,110,3,0,-999
23/12/2022 03:36:00,2,280,110,3,0,-999
23/12/2022 03:36:16,2,280,110,3,0,-999
23/12/2022 03:36:32,2,280,110,3,0,-999
23/12/2022 03:36:48,2,280,110,3,0,-999
23/12/2022 03:37:04,2,290,110,3,0,-999
23/12/2022 03:37:20,2,280,110,3,0,-999
23/12/2022 03:37:36,2,290,110,3,0,-999
23/12/2022 03:37:52,2,280,110,3,0,-999
23/12/2022 03:38:08,2,280,110,3,0,-999
23/12/2022 03:38:24,2,280,110,3,0,-999
23/12/2022 03:38:40,2,280,110,3,0,-999
23/12/2022 03:38:56,2,280,110,3,0,-999
23/12/2022 03:39:12,2,280,110,3,0,-999
23/12/2022 03:39:28,2,280,110,3,0,-999
23/12/2022 03:39:44,2,270,110,3,0,-999
23/12/2022 03:40:00,2,270,110,3,0,-999
23/12/2022 03:40:16,2,270,110,3,0,-999
23/12/2022 03:40:32,2,270,110,3,0,-999
23/12/2022 03:40:48,2,230,110,3,1,1970
23/12/2022 03:41:04,2,230,110,3,1,1970
23/12/2022 03:41:20,2,230,110,3,1,1970
23/12/2022 03:41:36,2,230,110,3,1,1950
23/12/2022 03:41:52,2,230,110,3,1,1950
23/12/2022 03:42:08,2,230,110,3,1,1930
23/12/2022 03:42:24,2,230,110,3,1,1930
23/12/2022 03:42:40,2,230,110,3,1,1970
23/12/2022 03:42:56,2,230,110,3,1,1970
23/12/2022 03:43:12,2,230,110,3,1,1960
23/12/2022 03:43:28,2,230,110,3,1,1960
23/12/2022 03:43:44,2,230,110,3,1,1960
23/12/2022 03:44:00,2,230,110,3,1,1940
23/12/2022 03:44:16,2,230,110,3,1,1940
23/12/2022 03:44:32,2,230,110,3,1,1980
23/12/2022 03:44:48,2,230,110,3,1,1980
23/12/2022 03:45:04,2,230,110,3,1,2020
23/12/2022 03:45:20,2,230,110,3,1,2020
23/12/2022 03:45:36,2,220,110,3,1,5310
23/12/2022 03:45:52,2,220,110,3,1,5310
23/12/2022 03:46:08,2,220,110,3,1,5310
23/12/2022 03:46:24,2,220,110,3,1,5160
23/12/2022 03:46:40,2,220,110,3,1,5160
23/12/2022 03:46:56,2,220,110,3,1,5300
23/12/2022 03:47:12,2,220,110,3,1,5300
23/12/2022 03:47:28,2,220,110,3,1,5310
23/12/2022 03:47:44,2,220,110,3,1,5310
23/12/2022 03:48:00,2,220,110,3,3,1860
23/12/2022 03:48:16,2,220,110,3,3,1860
23/12/2022 03:48:32,2,220,110,3,3,1860
23/12/2022 03:48:48,2,220,110,3,2,1840
23/12/2022 03:49:04,2,220,110,3,2,1840
23/12/2022 03:49:20,2,220,110,3,2,1840
23/12/2022 03:49:36,2,220,110,3,2,1840
23/12/2022 03:49:52,2,220,110,3,1,1840
23/12/2022 03:50:08,2,220,110,3,1,1840
23/12/2022 03:50:24,2,220,110,3,1,1950
23/12/2022 03:50:40,2,220,110,3,1,1950
23/12/2022 03:50:56,2,220,110,3,1,1950
23/12/2022 03:51:12,2,220,110,3,1,2000
23/12/2022 03:51:28,2,220,110,3,1,2000
23/12/2022 03:51:44,2,220,110,3,1,1950
23/12/2022 03:52:00,2,220,110,3,1,1950
23/12/2022 03:52:16,2,220,110,3,1,1920
23/12/2022 03:52:32,2,220,110,3,1,1920
23/12/2022 03:52:48,2,220,110,3,1,1920
23/12/2022 03:53:04,2,220,110,3,1,1920
23/12/2022 03:53:20,2,220,110,3,1,1920
23/12/2022 03:53:36,2,220,110,3,1,1880
23/12/2022 03:53:52,2,220,110,3,1,1880
23/12/2022 03:54:08,2,220,110,3,1,1860
23/12/2022 03:54:24,2,220,110,3,1,1860
23/12/2022 03:54:40,2,220,110,3,1,1830
23/12/2022 03:54:56,2,220,110,3,1,1830
23/12/2022 03:55:12,2,220,110,3,1,1820
23/12/2022 03:55:28,2,220,110,3,1,1820
23/12/2022 03:55:44,2,220,110,3,1,1820
23/12/2022 03:56:00,2,220,110,3,1,1810
23/12/2022 03:56:16,2,220,110,3,1,1810
23/12/2022 03:56:32,2,220,110,3,1,1850
23/12/2022 03:56:48,2,220,110,3,1,1850
23/12/2022 03:57:04,2,220,110,3,1,1890
23/12/2022 03:57:20,2,220,110,3,1,1890
23/12/2022 03:57:36,2,220,110,3,2,1880
23/12/2022 03:57:52,2,220,110,3,2,1880
23/12/2022 03:58:08,2,220,110,3,2,1880
23/12/2022 03:58:24,2,220,110,3,1,1850
23/12/2022 03:58:40,2,220,110,3,1,1850
23/12/2022 03:58:56,2,220,110,3,1,1830
23/12/2022 03:59:12,2,220,110,3,1,1830
23/12/2022 03:59:28,2,220,110,3,1,1830
23/12/2022 03:59:44,2,220,110,3,1,1830
23/12/2022 04:00:00,1,220,220,3,1,1860
23/12/2022 04:00:16,1,220,220,3,1,1860
23/12/2022 04:00:32,1,220,220,3,1,1860
23/12/2022 04:00:48,1,220,220,3,1,1870
23/12/2022 04:01:04,1,220,220,3,1,1870
23/12/2022 04:01:20,1,220,220,3,1,1880
23/12/2022 04:01:36,1,220,220,3,1,1880
23/12/2022 04:01:52,1,220,220,3,2,2000
23/12/2022 04:02:08,1,220,220,3,2,2000
23/12/2022 04:02:24,1,220,220,3,3,2130
23/12/2022 04:02:40,1,220,220,3,3,2130
23/12/2022 04:02:56,1,220,220,3,3,2130
23/12/2022 04:03:12,1,220,220,3,2,2030
23/12/2022 04:03:28,1,220,220,3,2,2030
23/12/2022 04:03:44,1,220,220,3,2,2030
23/12/2022 04:04:00,1,220,220,3,2,2030
23/12/2022 04:04:16,1,220,220,3,1,4590
23/12/2022 04:04:32,1,220,220,3,1,4590
23/12/2022 04:04:48,1,220,220,3,1,4560
23/12/2022 04:05:04,1,220,220,3,1,4560
23/12/2022 04:05:20,1,220,220,3,1,4560
23/12/2022 04:05:36,1,220,220,3,1,4560
23/12/2022 04:05:52,1,220,220,3,1,4560
23/12/2022 04:06:08,1,220,220,3,1,4560
23/12/2022 04:06:24,1,220,220,3,1,4560
23/12/2022 04:06:40,1,220,220,3,2,4560
23/12/2022 04:06:56,1,220,220,3,2,4560
23/12/2022 04:07:12,1,220,220,3,1,5050
23/12/2022 04:07:28,1,220,220,3,1,5050
23/12/2022 04:07:44,1,220,220,3,1,5050
23/12/2022 04:08:00,1,220,220,3,3,4660
23/12/2022 04:08:16,1,220,220,3,3,4660
23/12/2022 04:08:32,1,220,220,3,2,4640
23/12/2022 04:08:48,1,220,220,3,2,4640
23/12/2022 04:09:04,1,220,220,3,2,4640
23/12/2022 04:09:20,1,220,220,3,2,4640
23/12/2022 04:09:36,1,220,220,3,2,4930
23/12/2022 04:09:52,1,220,220,3,2,4930
23/12/2022 04:10:08,1,220,220,3,2,4930
23/12/2022 04:10:24,1,220,220,3,3,2620
23/12/2022 04:10:40,1,220,220,3,3,2620
23/12/2022 04:10:56,1,220,220,3,2,4880
23/12/2022 04:11:12,1,220,220,3,2,4880
23/12/2022 04:11:28,1,220,220,3,2,4900
23/12/2022 04:11:44,1,220,220,3,2,4900
23/12/2022 04:12:00,1,220,220,3,1,4800
23/12/2022 04:12:16,1,220,220,3,1,4800
23/12/2022 04:12:32,1,220,220,3,1,4800
23/12/2022 04:12:48,1,220,220,3,2,4580
23/12/2022 04:13:04,1,220,220,3,2,4580
23/12/2022 04:13:20,1,220,220,3,1,4770
23/12/2022 04:13:36,1,220,220,3,1,4770
23/12/2022 04:13:52,1,220,220,3,2,4750
23/12/2022 04:14:08,1,220,220,3,2,4750
23/12/2022 04:14:24,1,220,220,3,2,4760
23/12/2022 04:14:40,1,220,220,3,2,4760
23/12/2022 04:14:56,1,220,220,3,2,4760
23/12/2022 04:15:12,1,220,220,3,1,4760
23/12/2022 04:15:28,1,220,220,3,1,4760
23/12/2022 04:15:44,1,230,220,3,2,4800
23/12/2022 04:16:00,1,230,220,3,2,4800
23/12/2022 04:16:16,1,230,220,3,2,5430
23/12/2022 04:16:32,1,230,220,3,2,5430
23/12/2022 04:16:48,1,230,220,3,1,5430
23/12/2022 04:17:04,1,230,220,3,1,5430
23/12/2022 04:17:20,1,230,220,3,1,5430
23/12/2022 04:17:36,1,230,220,3,1,5440
23/12/2022 04:17:52,1,230,220,3,1,5440
23/12/2022 04:18:08,1,230,220,3,1,5470
23/12/2022 04:18:24,1,230,220,3,1,5470
23/12/2022 04:18:40,1,230,220,3,2,2630
23/12/2022 04:18:56,1,230,220,3,2,2630
23/12/2022 04:19:12,1,230,220,3,3,2630
23/12/2022 04:19:28,1,230,220,3,3,2630
23/12/2022 04:19:44,1,230,220,3,3,2630
23/12/2022 04:20:00,1,240,220,3,2,4700
23/12/2022 04:20:16,1,240,220,3,2,4700
23/12/2022 04:20:32,1,240,220,3,3,4460
23/12/2022 04:20:48,1,240,220,3,3,4460
23/12/2022 04:21:04,1,240,220,3,1,4680
23/12/2022 04:21:20,1,240,220,3,1,4680
23/12/2022 04:21:36,1,240,220,3,1,4670
23/12/2022 04:21:52,1,240,220,3,1,4670
23/12/2022 04:22:08,1,240,220,3,1,4670
23/12/2022 04:22:24,1,240,220,3,2,4410
23/12/2022 04:22:40,1,240,220,3,2,4410
23/12/2022 04:22:56,1,240,220,3,1,4410
23/12/2022 04:23:12,1,240,220,3,1,4410
23/12/2022 04:23:28,1,270,220,3,1,4450
23/12/2022 04:23:44,1,270,220,3,1,4450
23/12/2022 04:24:00,1,270,220,3,1,4420
23/12/2022 04:24:16,1,270,220,3,1,4420
23/12/2022 04:24:32,1,270,220,3,1,4420
23/12/2022 04:24:48,1,270,220,3,1,4390
23/12/2022 04:25:04,1,270,220,3,1,4390
23/12/2022 04:25:20,1,270,220,3,1,4390
23/12/2022 04:25:36,1,270,220,3,1,4390
23/12/2022 04:25:52,1,270,220,3,1,4430
23/12/2022 04:26:08,1,270,220,3,1,4430
23/12/2022 04:26:24,1,270,220,3,1,4380
23/12/2022 04:26:40,1,270,220,3,1,4380
23/12/2022 04:26:56,1,270,220,3,1,4380
23/12/2022 04:27:12,1,270,220,3,1,4390
23/12/2022 04:27:28,1,270,220,3,1,4390
23/12/2022 04:27:44,1,270,220,3,1,4400
23/12/2022 04:28:00,1,270,220,3,1,4400
23/12/2022 04:28:16,1,270,220,3,1,4400
23/12/2022 04:28:32,1,270,220,3,1,4400
23/12/2022 04:28:48,1,270,220,3,1,4430
23/12/2022 04:29:04,1,270,220,3,1,4430
23/12/2022 04:29:20,1,270,220,3,1,4430
23/12/2022 04:29:36,1,270,220,3,1,4450
23/12/2022 04:29:52,1,270,220,3,1,4450
23/12/2022 04:30:08,1,270,220,3,1,4480
23/12/2022 04:30:24,1,270,220,3,1,4480
23/12/2022 04:30:40,1,270,220,3,1,4510
23/12/2022 04:30:56,1,270,220,3,1,4510
23/12/2022 04:31:12,1,270,220,3,1,4500
23/12/2022 04:31:28,1,270,220,3,1,4500
23/12/2022 04:31:44,1,270,220,3,1,4500
23/12/2022 04:32:00,1,270,220,3,1,4500
23/12/2022 04:32:16,1,270,220,3,1,4500
23/12/2022 04:32:32,1,270,220,3,1,4510
23/12/2022 04:32:48,1,270,220,3,1,4510
23/12/2022 04:33:04,1,270,220,3,1,4530
23/12/2022 04:33:20,1,270,220,3,1,4530
23/12/2022 04:33:36,1,270,220,3,1,4550
23/12/2022 04:33:52,1,270,220,3,1,4550
23/12/2022 04:34:08,1,270,220,3,1,4550
23/12/2022 04:34:24,1,270,220,3,1,4570
23/12/2022 04:34:40,1,270,220,3,1,4570
23/12/2022 04:34:56,1,270,220,3,1,4590
23/12/2022 04:35:12,1,270,220,3,1,4590
23/12/2022 04:35:28,1,270,220,3,1,4560
23/12/2022 04:35:44,1,260,220,3,1,4560
23/12/2022 04:36:00,1,260,220,3,1,4550
23/12/2022 04:36:16,1,260,220,3,1,4550
23/12/2022 04:36:32,1,260,220,3,1,4550
23/12/2022 04:36:48,1,260,220,3,1,4510
23/12/2022 04:37:04,1,260,220,3,1,4510
23/12/2022 04:37:20,1,260,220,3,1,4520
23/12/2022 04:37:36,1,260,220,3,1,4520
23/12/2022 04:37:52,1,260,220,3,1,4570
23/12/2022 04:38:08,1,260,220,3,1,4570
23/12/2022 04:38:24,1,260,220,3,1,4520
23/12/2022 04:38:40,1,260,220,3,1,4520
23/12/2022 04:38:56,1,260,220,3,1,4520
23/12/2022 04:39:12,1,260,220,3,1,4520
23/12/2022 04:39:28,1,260,220,3,1,4520
23/12/2022 04:39:44,1,260,220,3,1,4580
23/12/2022 04:40:00,1,260,220,3,1,4580
23/12/2022 04:40:16,1,260,220,3,1,4590
23/12/2022 04:40:32,1,260,220,3,1,4590
23/12/2022 04:40:48,1,260,220,3,1,4570
23/12/2022 04:41:04,1,260,220,3,1,4570
23/12/2022 04:41:20,1,260,220,3,1,4570
23/12/2022 04:41:36,1,260,220,3,1,4540
23/12/2022 04:41:52,1,260,220,3,1,4540
23/12/2022 04:42:08,1,490,220,3,1,4480
23/12/2022 04:42:24,1,260,220,3,1,4480
23/12/2022 04:42:40,1,260,220,3,1,4450
23/12/2022 04:42:56,1,260,220,3,1,4450
23/12/2022 04:43:12,1,260,220,3,1,4390
23/12/2022 04:43:28,1,260,220,3,1,4390
23/12/2022 04:43:44,1,260,220,3,1,4390
23/12/2022 04:44:00,1,260,220,3,1,4390
23/12/2022 04:44:16,1,260,220,3,1,4390
23/12/2022 04:44:32,1,260,220,3,1,4380
23/12/2022 04:44:48,1,260,220,3,1,4380
23/12/2022 04:45:04,1,260,220,3,1,4370
23/12/2022 04:45:20,1,260,220,3,1,4370
23/12/2022 04:45:36,1,260,220,3,1,4360
23/12/2022 04:45:52,1,260,220,3,1,4360
23/12/2022 04:46:08,1,260,220,3,1,4360
23/12/2022 04:46:24,1,260,220,3,1,4360
23/12/2022 04:46:40,1,270,220,3,1,4360
23/12/2022 04:46:56,1,270,220,3,1,4360
23/12/2022 04:47:12,1,270,220,3,1,4360
23/12/2022 04:47:28,1,270,220,3,1,4330
23/12/2022 04:47:44,1,270,220,3,1,4330
23/12/2022 04:48:00,1,270,220,3,1,4350
23/12/2022 04:48:16,1,270,220,3,1,4350
23/12/2022 04:48:32,1,270,220,3,1,4350
23/12/2022 04:48:48,1,270,220,3,1,4340
23/12/2022 04:49:04,1,460,220,3,1,4340
23/12/2022 04:49:20,1,460,220,3,1,4290
23/12/2022 04:49:36,1,460,220,3,1,4290
23/12/2022 04:49:52,1,460,220,3,1,4280
23/12/2022 04:50:08,1,460,220,3,1,4280
23/12/2022 04:50:24,1,460,220,3,1,4280
23/12/2022 04:50:40,1,460,220,3,1,4280
23/12/2022 04:50:56,1,460,220,3,1,4280
23/12/2022 04:51:12,1,460,220,3,1,4270
23/12/2022 04:51:28,1,460,220,3,1,4270
23/12/2022 04:51:44,1,450,220,3,2,2070
23/12/2022 04:52:00,1,450,220,3,2,2070
23/12/2022 04:52:16,1,450,220,3,1,4270
23/12/2022 04:52:32,1,450,220,3,1,4270
23/12/2022 04:52:48,1,450,220,3,1,4260
23/12/2022 04:53:04,1,450,220,3,1,4260
23/12/2022 04:53:20,1,450,220,3,1,4260
23/12/2022 04:53:36,1,450,220,3,1,4250
23/12/2022 04:53:52,1,450,220,3,1,4250
23/12/2022 04:54:08,1,450,220,3,1,4240
23/12/2022 04:54:24,1,450,220,3,1,4240
23/12/2022 04:54:40,1,440,220,3,1,4260
23/12/2022 04:54:56,1,440,220,3,1,4260
23/12/2022 04:55:12,1,440,220,3,1,4260
23/12/2022 04:55:28,1,440,220,3,1,4260
23/12/2022 04:55:44,1,440,220,3,1,4260
23/12/2022 04:56:00,1,440,220,3,1,4260
23/12/2022 04:56:16,1,440,220,3,1,4260
23/12/2022 04:56:32,1,440,220,3,1,4240
23/12/2022 04:56:48,1,440,220,3,1,4240
23/12/2022 04:57:04,1,440,220,3,1,4240
23/12/2022 04:57:20,1,440,220,3,1,4240
23/12/2022 04:57:36,1,440,220,3,1,4240
23/12/2022 04:57:52,1,440,220,3,1,4240
23/12/2022 04:58:08,1,440,220,3,1,4240
23/12/2022 04:58:24,1,440,220,3,2,2010
23/12/2022 04:58:40,1,440,220,3,2,2010
23/12/2022 04:58:56,1,440,220,3,2,2010
23/12/2022 04:59:12,1,440,220,3,2,2010
23/12/2022 04:59:28,1,410,220,3,2,2010
23/12/2022 04:59:44,1,410,220,3,2,2010
23/12/2022 05:00:00,2,410,270,3,2,2010
23/12/2022 05:00:16,2,410,270,3,2,2010
23/12/2022 05:00:32,2,410,270,3,2,2010
23/12/2022 05:00:48,2,410,270,3,2,2020
23/12/2022 05:01:04,2,410,270,3,2,2020
23/12/2022 05:01:20,2,410,270,3,2,2020
23/12/2022 05:01:36,2,210,270,3,2,2020
23/12/2022 05:01:52,2,210,270,3,2,2020
23/12/2022 05:02:08,2,210,270,3,2,2020
23/12/2022 05:02:24,2,210,270,3,2,2060
23/12/2022 05:02:40,2,210,270,3,2,2060
23/12/2022 05:02:56,2,210,270,3,2,2060
23/12/2022 05:03:12,2,210,270,3,1,4200
23/12/2022 05:03:28,2,220,270,3,1,4200
23/12/2022 05:03:44,2,220,270,3,2,2080
23/12/2022 05:04:00,2,220,270,3,2,2080
23/12/2022 05:04:16,2,220,270,3,2,2080
23/12/2022 05:04:32,2,220,270,3,2,2080
23/12/2022 05:04:48,2,220,270,3,2,2060
23/12/2022 05:05:04,2,220,270,3,2,2060
23/12/2022 05:05:20,2,220,270,3,2,2060
23/12/2022 05:05:36,2,220,270,3,2,2090
23/12/2022 05:05:52,2,220,270,3,2,2090
23/12/2022 05:06:08,2,220,270,3,2,2080
23/12/2022 05:06:24,2,220,270,3,2,2080
23/12/2022 05:06:40,2,220,270,3,2,2090
23/12/2022 05:06:56,2,220,270,3,2,2090
23/12/2022 05:07:12,2,220,270,3,2,2170
23/12/2022 05:07:28,2,220,270,3,2,2170
23/12/2022 05:07:44,2,220,270,3,2,2170
23/12/2022 05:08:00,2,220,270,3,1,4270
23/12/2022 05:08:16,2,220,270,3,1,4270
23/12/2022 05:08:32,2,220,270,3,2,2170
23/12/2022 05:08:48,2,220,270,3,2,2170
23/12/2022 05:09:04,2,220,270,3,1,2120
23/12/2022 05:09:20,2,220,270,3,1,2120
23/12/2022 05:09:36,2,220,270,3,1,2180
23/12/2022 05:09:52,2,220,270,3,1,2180
23/12/2022 05:10:08,2,220,270,3,1,2180
23/12/2022 05:10:24,2,220,270,3,2,2160
23/12/2022 05:10:40,2,220,270,3,2,2160
23/12/2022 05:10:56,2,220,270,3,1,2130
23/12/2022 05:11:12,2,220,270,3,1,2130
23/12/2022 05:11:28,2,220,270,3,2,2060
23/12/2022 05:11:44,2,220,270,3,2,2060
23/12/2022 05:12:00,2,220,270,3,2,2050
23/12/2022 05:12:16,2,220,270,3,2,2050
23/12/2022 05:12:32,2,220,270,3,2,2050
23/12/2022 05:12:48,2,220,270,3,2,2180
23/12/2022 05:13:04,2,220,270,3,2,2180
23/12/2022 05:13:20,2,220,270,3,2,2180
23/12/2022 05:13:36,2,220,270,3,2,2180
23/12/2022 05:13:52,2,220,270,3,3,2230
23/12/2022 05:14:08,2,220,270,3,3,2230
23/12/2022 05:14:24,2,220,270,3,1,2240
23/12/2022 05:14:40,2,220,270,3,1,2240
23/12/2022 05:14:56,2,220,270,3,1,2240
23/12/2022 05:15:12,2,220,270,3,1,2170
23/12/2022 05:15:28,2,220,270,3,1,2170
23/12/2022 05:15:44,2,220,270,3,3,2190
23/12/2022 05:16:00,2,220,270,3,3,2190
23/12/2022 05:16:16,2,220,270,3,1,2830
23/12/2022 05:16:32,2,220,270,3,1,2830
23/12/2022 05:16:48,2,220,270,3,2,2220
23/12/2022 05:17:04,2,220,270,3,2,2220
23/12/2022 05:17:20,2,220,270,3,2,2220
23/12/2022 05:17:36,2,210,270,3,2,2100
23/12/2022 05:17:52,2,210,270,3,2,2100
23/12/2022 05:18:08,2,210,270,3,1,2100
23/12/2022 05:18:24,2,210,270,3,1,2100
23/12/2022 05:18:40,2,210,270,3,2,2240
23/12/2022 05:18:56,2,210,270,3,2,2240
23/12/2022 05:19:12,2,210,270,3,1,2990
23/12/2022 05:19:28,2,210,270,3,1,2990
23/12/2022 05:19:44,2,210,270,3,1,2990
23/12/2022 05:20:00,2,210,270,3,2,2890
23/12/2022 05:20:16,2,210,270,3,2,2890
23/12/2022 05:20:32,2,210,270,3,2,2280
23/12/2022 05:20:48,2,210,270,3,2,2280
23/12/2022 05:21:04,2,200,270,3,1,2140
23/12/2022 05:21:20,2,200,270,3,1,2140
23/12/2022 05:21:36,2,200,270,3,2,2130
23/12/2022 05:21:52,2,200,270,3,2,2130
23/12/2022 05:22:08,2,200,270,3,2,2130
23/12/2022 05:22:24,2,200,270,3,1,3010
23/12/2022 05:22:40,2,190,270,3,1,3010
23/12/2022 05:22:56,2,190,270,3,1,3080
23/12/2022 05:23:12,2,190,270,3,1,3080
23/12/2022 05:23:28,2,190,270,3,1,3020
23/12/2022 05:23:44,2,190,270,3,1,3020
23/12/2022 05:24:00,2,190,270,3,1,2950
23/12/2022 05:24:16,2,190,270,3,1,2950
23/12/2022 05:24:32,2,190,270,3,1,2950
23/12/2022 05:24:48,2,150,270,3,1,3030
23/12/2022 05:25:04,2,140,270,3,1,3030
23/12/2022 05:25:20,2,140,270,3,1,3010
23/12/2022 05:25:36,2,140,270,3,1,3010
23/12/2022 05:25:52,2,140,270,3,2,3030
23/12/2022 05:26:08,2,140,270,3,2,3030
23/12/2022 05:26:24,2,140,270,3,2,3040
23/12/2022 05:26:40,2,140,270,3,2,3040
23/12/2022 05:26:56,2,140,270,3,2,3040
23/12/2022 05:27:12,2,140,270,3,2,3060
23/12/2022 05:27:28,2,140,270,3,2,3060
23/12/2022 05:27:44,2,140,270,3,2,3080
23/12/2022 05:28:00,2,140,270,3,2,3080
23/12/2022 05:28:16,2,140,270,3,2,3060
23/12/2022 05:28:32,2,140,270,3,2,3060
23/12/2022 05:28:48,2,140,270,3,2,3020
23/12/2022 05:29:04,2,140,270,3,2,3020
23/12/2022 05:29:20,2,140,270,3,2,3020
23/12/2022 05:29:36,2,140,270,3,2,2990
23/12/2022 05:29:52,2,140,270,3,2,2990
23/12/2022 05:30:08,2,140,270,3,1,4530
23/12/2022 05:30:24,2,140,270,3,1,4530
23/12/2022 05:30:40,2,140,270,3,1,4350
23/12/2022 05:30:56,2,140,270,3,1,4350
23/12/2022 05:31:12,2,140,270,3,1,4490
23/12/2022 05:31:28,2,140,270,3,1,4490
23/12/2022 05:31:44,2,140,270,3,1,4490
23/12/2022 05:32:00,2,140,270,3,2,1900
23/12/2022 05:32:16,2,140,270,3,2,1900
23/12/2022 05:32:32,2,150,270,3,2,1900
23/12/2022 05:32:48,2,150,270,3,2,1900
23/12/2022 05:33:04,2,150,270,3,1,1870
23/12/2022 05:33:20,2,150,270,3,1,1870
23/12/2022 05:33:36,2,160,270,3,1,1880
23/12/2022 05:33:52,2,160,270,3,1,1880
23/12/2022 05:34:08,2,160,270,3,1,1880
23/12/2022 05:34:24,2,160,270,3,1,1890
23/12/2022 05:34:40,2,160,270,3,1,1890
23/12/2022 05:34:56,2,160,270,3,1,1870
23/12/2022 05:35:12,2,170,270,3,1,1870
23/12/2022 05:35:28,2,170,270,3,1,1870
23/12/2022 05:35:44,2,170,270,3,1,1870
23/12/2022 05:36:00,2,170,270,3,1,1860
23/12/2022 05:36:16,2,170,270,3,1,1860
23/12/2022 05:36:32,2,170,270,3,1,1860
23/12/2022 05:36:48,2,170,270,3,1,1850
23/12/2022 05:37:04,2,170,270,3,1,1850
23/12/2022 05:37:20,2,170,270,3,1,1850
23/12/2022 05:37:36,2,170,270,3,1,1850
23/12/2022 05:37:52,2,170,270,3,1,1840
23/12/2022 05:38:08,2,170,270,3,1,1840
23/12/2022 05:38:24,2,170,270,3,1,1840
23/12/2022 05:38:40,2,180,270,3,1,1840
23/12/2022 05:38:56,2,180,270,3,1,1840
23/12/2022 05:39:12,2,180,270,3,1,1820
23/12/2022 05:39:28,2,180,270,3,1,1820
23/12/2022 05:39:44,2,180,270,3,1,1820
23/12/2022 05:40:00,2,180,270,3,1,1820
23/12/2022 05:40:16,2,180,270,3,1,1820
23/12/2022 05:40:32,2,180,270,3,1,1820
23/12/2022 05:40:48,2,180,270,3,1,1830
23/12/2022 05:41:04,2,180,270,3,1,1830
23/12/2022 05:41:20,2,180,270,3,1,1830
23/12/2022 05:41:36,2,180,270,3,1,1830
23/12/2022 05:41:52,2,190,270,3,1,1830
23/12/2022 05:42:08,2,190,270,3,1,1840
23/12/2022 05:42:24,2,190,270,3,1,1840
23/12/2022 05:42:40,2,190,270,3,1,1840
23/12/2022 05:42:56,2,190,270,3,1,1840
23/12/2022 05:43:12,2,190,270,3,1,1860
23/12/2022 05:43:28,2,190,270,3,1,1860
23/12/2022 05:43:44,2,190,270,3,1,1860
23/12/2022 05:44:00,2,190,270,3,2,1850
23/12/2022 05:44:16,2,190,270,3,2,1850
23/12/2022 05:44:32,2,190,270,3,2,1860
23/12/2022 05:44:48,2,190,270,3,2,1860
23/12/2022 05:45:04,2,190,270,3,2,1850
23/12/2022 05:45:20,2,190,270,3,2,1850
23/12/2022 05:45:36,2,190,270,3,1,1860
23/12/2022 05:45:52,2,190,270,3,1,1860
23/12/2022 05:46:08,2,190,270,3,1,1860
23/12/2022 05:46:24,2,190,270,3,1,1840
23/12/2022 05:46:40,2,190,270,3,1,1840
23/12/2022 05:46:56,2,190,270,3,1,1820
23/12/2022 05:47:12,2,190,270,3,1,1820
23/12/2022 05:47:28,2,190,270,3,1,1820
23/12/2022 05:47:44,2,190,270,3,1,1820
23/12/2022 05:48:00,2,190,270,3,1,1820
23/12/2022 05:48:16,2,190,270,3,1,1820
23/12/2022 05:48:32,2,190,270,3,1,1820
23/12/2022 05:48:48,2,190,270,3,1,1810
23/12/2022 05:49:04,2,190,270,3,1,1810
23/12/2022 05:49:20,2,190,270,3,1,1820
23/12/2022 05:49:36,2,190,270,3,1,1820
23/12/2022 05:49:52,2,190,270,3,1,1810
23/12/2022 05:50:08,2,190,270,3,1,1810
23/12/2022 05:50:24,2,190,270,3,1,1790
23/12/2022 05:50:40,2,190,270,3,1,1790
23/12/2022 05:50:56,2,190,270,3,1,1790
23/12/2022 05:51:12,2,190,270,3,1,1790
23/12/2022 05:51:28,2,190,270,3,1,1790
23/12/2022 05:51:44,2,190,270,3,1,1830
23/12/2022 05:52:00,2,190,270,3,1,1830
23/12/2022 05:52:16,2,190,270,3,2,1840
23/12/2022 05:52:32,2,190,270,3,2,1840
23/12/2022 05:52:48,2,190,270,3,2,1830
23/12/2022 05:53:04,2,190,270,3,2,1830
23/12/2022 05:53:20,2,190,270,3,2,1830
23/12/2022 05:53:36,2,190,270,3,1,1820
23/12/2022 05:53:52,2,190,270,3,1,1820
23/12/2022 05:54:08,2,190,270,3,1,1830
23/12/2022 05:54:24,2,190,270,3,1,1830
23/12/2022 05:54:40,2,190,270,3,1,1820
23/12/2022 05:54:56,2,190,270,3,1,1820
23/12/2022 05:55:12,2,190,270,3,1,1830
23/12/2022 05:55:28,2,190,270,3,1,1830
23/12/2022 05:55:44,2,190,270,3,1,1830
23/12/2022 05:56:00,2,190,270,3,1,1830
23/12/2022 05:56:16,2,190,270,3,1,1830
23/12/2022 05:56:32,2,190,270,3,1,3040
23/12/2022 05:56:48,2,190,270,3,1,3040
23/12/2022 05:57:04,2,190,270,3,1,2980
23/12/2022 05:57:20,2,190,270,3,1,2980
23/12/2022 05:57:36,2,190,270,3,1,2950
23/12/2022 05:57:52,2,190,270,3,1,2950
23/12/2022 05:58:08,2,190,270,3,1,2950
23/12/2022 05:58:24,2,190,270,3,1,3060
23/12/2022 05:58:40,2,190,270,3,1,3060
23/12/2022 05:58:56,2,190,270,3,0,-999
23/12/2022 05:59:12,2,190,270,3,0,-999
23/12/2022 05:59:28,2,190,270,3,0,-999
23/12/2022 05:59:44,2,190,270,3,0,-999
23/12/2022 06:00:00,3,190,190,3,0,-999
23/12/2022 06:00:16,3,190,190,3,0,-999
23/12/2022 06:00:32,3,190,190,3,0,-999
23/12/2022 06:00:48,3,190,190,3,0,-999
23/12/2022 06:01:04,3,190,190,3,0,-999
23/12/2022 06:01:20,3,190,190,3,0,-999
23/12/2022 06:01:36,3,190,190,3,0,-999
23/12/2022 06:01:52,3,190,190,3,0,-999
23/12/2022 06:02:08,3,190,190,3,0,-999
23/12/2022 06:02:24,3,180,190,3,0,-999
23/12/2022 06:02:40,3,180,190,3,0,-999
23/12/2022 06:02:56,3,180,190,3,0,-999
23/12/2022 06:03:12,3,180,190,3,0,-999
23/12/2022 06:03:28,3,180,190,3,0,-999
23/12/2022 06:03:44,3,180,190,3,0,-999
23/12/2022 06:04:00,3,180,190,3,0,-999
23/12/2022 06:04:16,3,180,190,3,0,-999
23/12/2022 06:04:32,3,180,190,3,0,-999
23/12/2022 06:04:48,3,180,190,3,0,-999
23/12/2022 06:05:04,3,180,190,3,0,-999
23/12/2022 06:05:20,3,180,190,3,0,-999
23/12/2022 06:05:36,3,190,190,3,0,-999
23/12/2022 06:05:52,3,190,190,3,0,-999
23/12/2022 06:06:08,3,190,190,3,0,-999
23/12/2022 06:06:24,3,190,190,3,0,-999
23/12/2022 06:06:40,3,190,190,3,0,-999
23/12/2022 06:06:56,3,190,190,3,0,-999
23/12/2022 06:07:12,3,190,190,3,0,-999
23/12/2022 06:07:28,3,190,190,3,0,-999
23/12/2022 06:07:44,3,190,190,3,0,-999
23/12/2022 06:08:00,3,190,190,3,0,-999
23/12/2022 06:08:16,3,190,190,3,0,-999
23/12/2022 06:08:32,3,190,190,3,0,-999
23/12/2022 06:08:48,3,190,190,3,0,-999
23/12/2022 06:09:04,3,190,190,3,0,-999
23/12/2022 06:09:20,3,190,190,3,0,-999
23/12/2022 06:09:36,3,190,190,3,0,-999
23/12/2022 06:09:52,3,190,190,3,0,-999
23/12/2022 06:10:08,3,190,190,3,0,-999
23/12/2022 06:10:24,3,190,190,3,0,-999
23/12/2022 06:10:40,3,190,190,3,0,-999
23/12/2022 06:10:56,3,200,190,3,0,-999
23/12/2022 06:11:12,3,200,190,3,0,-999
23/12/2022 06:11:28,3,200,190,3,0,-999
23/12/2022 06:11:44,3,200,190,3,0,-999
23/12/2022 06:12:00,3,200,190,3,0,-999
23/12/2022 06:12:16,3,200,190,3,0,-999
23/12/2022 06:12:32,3,200,190,3,0,-999
23/12/2022 06:12:48,3,200,190,3,0,-999
23/12/2022 06:13:04,3,200,190,3,0,-999
23/12/2022 06:13:20,3,200,190,3,0,-999
23/12/2022 06:13:36,3,200,190,3,0,-999
23/12/2022 06:13:52,3,200,190,3,0,-999
23/12/2022 06:14:08,3,200,190,3,0,-999
23/12/2022 06:14:24,3,200,190,3,0,-999
23/12/2022 06:14:40,3,200,190,3,0,-999
23/12/2022 06:14:56,3,200,190,3,0,-999
23/12/2022 06:15:12,3,200,190,3,0,-999
23/12/2022 06:15:28,3,200,190,3,0,-999
23/12/2022 06:15:44,3,200,190,3,0,-999
23/12/2022 06:16:00,3,200,190,3,0,-999
23/12/2022 06:16:16,3,200,190,3,0,-999
23/12/2022 06:16:32,3,200,190,3,0,-999
23/12/2022 06:16:48,3,200,190,3,0,-999
23/12/2022 06:17:04,3,200,190,3,0,-999
23/12/2022 06:17:20,3,200,190,3,0,-999
23/12/2022 06:17:36,3,210,190,3,0,-999
23/12/2022 06:17:52,3,210,190,3,0,-999
23/12/2022 06:18:08,3,210,190,3,0,-999
23/12/2022 06:18:24,3,210,190,3,0,-999
23/12/2022 06:18:40,3,210,190,3,0,-999
23/12/2022 06:18:56,3,210,190,3,0,-999
23/12/2022 06:19:12,3,210,190,3,0,-999
23/12/2022 06:19:28,3,210,190,3,0,-999
23/12/2022 06:19:44,3,210,190,3,0,-999
23/12/2022 06:20:00,3,210,190,3,0,-999
23/12/2022 06:20:16,3,210,190,3,0,-999
23/12/2022 06:20:32,3,210,190,3,0,-999
23/12/2022 06:20:48,3,210,190,3,0,-999
23/12/2022 06:21:04,3,210,190,3,0,-999
23/12/2022 06:21:20,3,210,190,3,0,-999
23/12/2022 06:21:36,3,210,190,3,0,-999
23/12/2022 06:21:52,3,210,190,3,0,-999
23/12/2022 06:22:08,3,210,190,3,0,-999
23/12/2022 06:22:24,3,210,190,3,0,-999
23/12/2022 06:22:40,3,210,190,3,0,-999
23/12/2022 06:22:56,3,210,190,3,0,-999
23/12/2022 06:23:12,3,210,190,3,0,-999
23/12/2022 06:23:28,3,210,190,3,0,-999
23/12/2022 06:23:44,3,210,190,3,0,-999
23/12/2022 06:24:00,3,210,190,3,0,-999
23/12/2022 06:24:16,3,210,190,3,0,-999
23/12/2022 06:24:32,3,210,190,3,0,-999
23/12/2022 06:24:48,3,210,190,3,0,-999
23/12/2022 06:25:04,3,210,190,3,0,-999
23/12/2022 06:25:20,3,210,190,3,0,-999
23/12/2022 06:25:36,3,210,190,3,0,-999
23/12/2022 06:25:52,3,210,190,3,0,-999
23/12/2022 06:26:08,3,210,190,3,0,-999
23/12/2022 06:26:24,3,210,190,3,0,-999
23/12/2022 06:26:40,3,210,190,3,0,-999
23/12/2022 06:26:56,3,210,190,3,0,-999
23/12/2022 06:27:12,3,210,190,3,0,-999
23/12/2022 06:27:28,3,210,190,3,0,-999
23/12/2022 06:27:44,3,210,190,3,0,-999
23/12/2022 06:28:00,3,210,190,3,0,-999
23/12/2022 06:28:16,3,210,190,3,0,-999
23/12/2022 06:28:32,3,210,190,3,0,-999
23/12/2022 06:28:48,3,210,190,3,0,-999
23/12/2022 06:29:04,3,210,190,3,0,-999
23/12/2022 06:29:20,3,210,190,3,0,-999
23/12/2022 06:29:36,3,210,190,3,0,-999
23/12/2022 06:29:52,3,210,190,3,0,-999
23/12/2022 06:30:08,3,210,190,3,0,-999
23/12/2022 06:30:24,3,210,190,3,0,-999
23/12/2022 06:30:40,3,210,190,3,0,-999
23/12/2022 06:30:56,3,210,190,3,0,-999
23/12/2022 06:31:12,3,210,190,3,0,-999
23/12/2022 06:31:28,3,210,190,3,0,-999
23/12/2022 06:31:44,3,210,190,3,0,-999
23/12/2022 06:32:00,3,210,190,3,0,-999
23/12/2022 06:32:16,3,210,190,3,0,-999
23/12/2022 06:32:32,3,210,190,3,0,-999
23/12/2022 06:32:48,3,210,190,3,0,-999
23/12/2022 06:33:04,3,210,190,3,0,-999
23/12/2022 06:33:20,3,210,190,3,0,-999
23/12/2022 06:33:36,3,210,190,3,0,-999
23/12/2022 06:33:52,3,210,190,3,0,-999
23/12/2022 06:34:08,3,210,190,3,0,-999
23/12/2022 06:34:24,3,210,190,3,0,-999
23/12/2022 06:34:40,3,210,190,3,0,-999
23/12/2022 06:34:56,3,210,190,3,1,2130
23/12/2022 06:35:12,3,210,190,3,1,2130
23/12/2022 06:35:28,3,210,190,3,1,2130
23/12/2022 06:35:44,3,210,190,3,1,2130
23/12/2022 06:36:00,3,210,190,3,0,-999
23/12/2022 06:36:16,3,210,190,3,0,-999
23/12/2022 06:36:32,3,210,190,3,0,-999
23/12/2022 06:36:48,3,210,190,3,1,2080
23/12/2022 06:37:04,3,210,190,3,1,2080
23/12/2022 06:37:20,3,210,190,3,1,2060
23/12/2022 06:37:36,3,210,190,3,1,2060
23/12/2022 06:37:52,3,210,190,3,1,2050
23/12/2022 06:38:08,3,210,190,3,1,2050
23/12/2022 06:38:24,3,220,190,3,1,2050
23/12/2022 06:38:40,3,220,190,3,1,2050
23/12/2022 06:38:56,3,220,190,3,1,2050
23/12/2022 06:39:12,3,220,190,3,1,2070
23/12/2022 06:39:28,3,220,190,3,1,2070
23/12/2022 06:39:44,3,220,190,3,1,2070
23/12/2022 06:40:00,3,220,190,3,1,2070
23/12/2022 06:40:16,3,220,190,3,1,2070
23/12/2022 06:40:32,3,220,190,3,1,2070
23/12/2022 06:40:48,3,220,190,3,1,2070
23/12/2022 06:41:04,3,220,190,3,1,2070
23/12/2022 06:41:20,3,220,190,3,1,2070
23/12/2022 06:41:36,3,230,190,3,1,2160
23/12/2022 06:41:52,3,230,190,3,1,2160
23/12/2022 06:42:08,3,2190,190,3,1,2120
23/12/2022 06:42:24,3,2190,190,3,1,2120
23/12/2022 06:42:40,3,50,190,3,1,2080
23/12/2022 06:42:56,3,50,190,3,1,2080
23/12/2022 06:43:12,3,50,190,3,1,2140
23/12/2022 06:43:28,3,50,190,3,1,2140
23/12/2022 06:43:44,3,50,190,3,1,2140
23/12/2022 06:44:00,3,50,190,3,1,2150
23/12/2022 06:44:16,3,50,190,3,1,2150
23/12/2022 06:44:32,3,60,190,3,1,2150
23/12/2022 06:44:48,3,60,190,3,1,2150
23/12/2022 06:45:04,3,60,190,3,1,2180
23/12/2022 06:45:20,3,60,190,3,1,2180
23/12/2022 06:45:36,3,60,190,3,1,2130
23/12/2022 06:45:52,3,70,190,3,1,2130
23/12/2022 06:46:08,3,70,190,3,1,2130
23/12/2022 06:46:24,3,70,190,3,1,2130
23/12/2022 06:46:40,3,70,190,3,1,2130
23/12/2022 06:46:56,3,70,190,3,1,2130
23/12/2022 06:47:12,3,70,190,3,1,2130
23/12/2022 06:47:28,3,70,190,3,1,2130
23/12/2022 06:47:44,3,70,190,3,1,2130
23/12/2022 06:48:00,3,70,190,3,1,2190
23/12/2022 06:48:16,3,70,190,3,1,2190
23/12/2022 06:48:32,3,70,190,3,1,2190
23/12/2022 06:48:48,3,70,190,3,1,2070
23/12/2022 06:49:04,3,80,190,3,1,2070
23/12/2022 06:49:20,3,80,190,3,1,2080
23/12/2022 06:49:36,3,80,190,3,1,2080
23/12/2022 06:49:52,3,80,190,3,1,2120
23/12/2022 06:50:08,3,2350,190,3,1,2120
23/12/2022 06:50:24,3,230,190,3,1,2090
23/12/2022 06:50:40,3,230,190,3,1,2090
23/12/2022 06:50:56,3,230,190,3,1,2090
23/12/2022 06:51:12,3,230,190,3,1,2100
23/12/2022 06:51:28,3,230,190,3,1,2100
23/12/2022 06:51:44,3,230,190,3,1,2100
23/12/2022 06:52:00,3,230,190,3,1,2100
23/12/2022 06:52:16,3,230,190,3,3,2150
23/12/2022 06:52:32,3,230,190,3,3,2150
23/12/2022 06:52:48,3,230,190,3,2,2170
23/12/2022 06:53:04,3,230,190,3,2,2170
23/12/2022 06:53:20,3,230,190,3,2,2170
23/12/2022 06:53:36,3,230,190,3,2,2170
23/12/2022 06:53:52,3,230,190,3,2,2170
23/12/2022 06:54:08,3,230,190,3,1,2730
23/12/2022 06:54:24,3,230,190,3,1,2730
23/12/2022 06:54:40,3,230,190,3,2,2220
23/12/2022 06:54:56,3,230,190,3,2,2220
23/12/2022 06:55:12,3,230,190,3,1,2370
23/12/2022 06:55:28,3,230,190,3,1,2370
23/12/2022 06:55:44,3,230,190,3,1,2370
23/12/2022 06:56:00,3,220,190,3,1,2250
23/12/2022 06:56:16,3,220,190,3,1,2250
23/12/2022 06:56:32,3,220,190,3,1,2350
23/12/2022 06:56:48,3,220,190,3,1,2350
23/12/2022 06:57:04,3,220,190,3,1,2190
23/12/2022 06:57:20,3,220,190,3,1,2190
23/12/2022 06:57:36,3,220,190,3,2,2190
23/12/2022 06:57:52,3,220,190,3,2,2190
23/12/2022 06:58:08,3,220,190,3,2,2190
23/12/2022 06:58:24,3,220,190,3,1,2510
23/12/2022 06:58:40,3,220,190,3,1,2510
23/12/2022 06:58:56,3,220,190,3,2,2260
23/12/2022 06:59:12,3,220,190,3,2,2260
23/12/2022 06:59:28,3,220,190,3,1,2310
23/12/2022 06:59:44,3,220,190,3,1,2310
23/12/2022 07:00:00,3,220,210,3,1,2340
23/12/2022 07:00:16,3,220,210,3,1,2340
23/12/2022 07:00:32,3,220,210,3,1,2340
23/12/2022 07:00:48,3,220,210,3,1,2350
23/12/2022 07:01:04,3,220,210,3,1,2350
23/12/2022 07:01:20,3,220,210,3,2,2250
23/12/2022 07:01:36,3,220,210,3,2,2250
23/12/2022 07:01:52,3,220,210,3,1,2240
23/12/2022 07:02:08,3,220,210,3,1,2240
23/12/2022 07:02:24,3,220,210,3,1,2230
23/12/2022 07:02:40,3,220,210,3,1,2230
23/12/2022 07:02:56,3,220,210,3,1,2230
23/12/2022 07:03:12,3,220,210,3,1,2670
23/12/2022 07:03:28,3,220,210,3,1,2670
23/12/2022 07:03:44,3,220,210,3,1,2390
23/12/2022 07:04:00,3,220,210,3,1,2390
23/12/2022 07:04:16,3,220,210,3,2,2250
23/12/2022 07:04:32,3,220,210,3,2,2250
23/12/2022 07:04:48,3,220,210,3,1,2300
23/12/2022 07:05:04,3,210,210,3,1,2300
23/12/2022 07:05:20,3,210,210,3,1,2300
23/12/2022 07:05:36,3,210,210,3,1,2350
23/12/2022 07:05:52,3,210,210,3,1,2350
23/12/2022 07:06:08,3,210,210,3,2,2130
23/12/2022 07:06:24,3,210,210,3,2,2130
23/12/2022 07:06:40,3,210,210,3,1,2230
23/12/2022 07:06:56,3,210,210,3,1,2230
23/12/2022 07:07:12,3,210,210,3,1,1920
23/12/2022 07:07:28,3,210,210,3,1,1920
23/12/2022 07:07:44,3,210,210,3,1,1920
23/12/2022 07:08:00,3,210,210,3,1,1870
23/12/2022 07:08:16,3,210,210,3,1,1870
23/12/2022 07:08:32,3,210,210,3,2,1920
23/12/2022 07:08:48,3,210,210,3,2,1920
23/12/2022 07:09:04,3,210,210,3,2,2120
23/12/2022 07:09:20,3,210,210,3,2,2120
23/12/2022 07:09:36,3,210,210,3,1,2290
23/12/2022 07:09:52,3,210,210,3,1,2290
23/12/2022 07:10:08,3,210,210,3,1,2290
23/12/2022 07:10:24,3,210,210,3,2,1920
23/12/2022 07:10:40,3,210,210,3,2,1920
23/12/2022 07:10:56,3,210,210,3,3,1920
23/12/2022 07:11:12,3,210,210,3,3,1920
23/12/2022 07:11:28,3,220,210,3,2,1980
23/12/2022 07:11:44,3,220,210,3,2,1980
23/12/2022 07:12:00,3,220,210,3,1,2220
23/12/2022 07:12:16,3,220,210,3,1,2220
23/12/2022 07:12:32,3,220,210,3,1,2220
23/12/2022 07:12:48,3,220,210,3,1,2240
23/12/2022 07:13:04,3,220,210,3,1,2240
23/12/2022 07:13:20,3,220,210,3,1,2240
23/12/2022 07:13:36,3,220,210,3,1,2240
23/12/2022 07:13:52,3,220,210,3,1,2280
23/12/2022 07:14:08,3,220,210,3,1,2280
23/12/2022 07:14:24,3,220,210,3,1,2240
23/12/2022 07:14:40,3,220,210,3,1,2240
23/12/2022 07:14:56,3,220,210,3,1,2240
23/12/2022 07:15:12,3,220,210,3,1,2240
23/12/2022 07:15:28,3,230,210,3,1,2240
23/12/2022 07:15:44,3,230,210,3,1,2210
23/12/2022 07:16:00,3,230,210,3,1,2210
23/12/2022 07:16:16,3,230,210,3,2,2250
23/12/2022 07:16:32,3,230,210,3,2,2250
23/12/2022 07:16:48,3,230,210,3,2,2400
23/12/2022 07:17:04,3,230,210,3,2,2400
23/12/2022 07:17:20,3,230,210,3,2,2400
23/12/2022 07:17:36,3,240,210,3,2,2210
23/12/2022 07:17:52,3,240,210,3,2,2210
23/12/2022 07:18:08,3,240,210,3,1,2220
23/12/2022 07:18:24,3,240,210,3,1,2220
23/12/2022 07:18:40,3,240,210,3,1,2210
23/12/2022 07:18:56,3,240,210,3,1,2210
23/12/2022 07:19:12,3,240,210,3,1,2200
23/12/2022 07:19:28,3,250,210,3,1,2200
23/12/2022 07:19:44,3,250,210,3,1,2200
23/12/2022 07:20:00,3,250,210,3,2,2240
23/12/2022 07:20:16,3,250,210,3,2,2240
23/12/2022 07:20:32,3,250,210,3,1,2460
23/12/2022 07:20:48,3,250,210,3,1,2460
23/12/2022 07:21:04,3,260,210,3,1,2380
23/12/2022 07:21:20,3,260,210,3,1,2380
23/12/2022 07:21:36,3,260,210,3,1,2230
23/12/2022 07:21:52,3,260,210,3,1,2230
23/12/2022 07:22:08,3,260,210,3,1,2230
23/12/2022 07:22:24,3,260,210,3,1,2230
23/12/2022 07:22:40,3,260,210,3,1,2230
23/12/2022 07:22:56,3,260,210,3,2,1840
23/12/2022 07:23:12,3,270,210,3,2,1840
23/12/2022 07:23:28,3,270,210,3,1,1810
23/12/2022 07:23:44,3,270,210,3,1,1810
23/12/2022 07:24:00,3,270,210,3,1,1810
23/12/2022 07:24:16,3,270,210,3,1,1810
23/12/2022 07:24:32,3,270,210,3,1,1810
23/12/2022 07:24:48,3,270,210,3,1,1800
23/12/2022 07:25:04,3,270,210,3,1,1800
23/12/2022 07:25:20,3,270,210,3,1,1780
23/12/2022 07:25:36,3,270,210,3,1,1780
23/12/2022 07:25:52,3,270,210,3,1,1760
23/12/2022 07:26:08,3,270,210,3,1,1760
23/12/2022 07:26:24,3,270,210,3,2,1750
23/12/2022 07:26:40,3,270,210,3,2,1750
23/12/2022 07:26:56,3,270,210,3,2,1750
23/12/2022 07:27:12,3,270,210,3,2,1750
23/12/2022 07:27:28,3,270,210,3,2,1750
23/12/2022 07:27:44,3,270,210,3,2,1740
23/12/2022 07:28:00,3,270,210,3,2,1740
23/12/2022 07:28:16,3,280,210,3,1,1730
23/12/2022 07:28:32,3,280,210,3,1,1730
23/12/2022 07:28:48,3,280,210,3,1,1720
23/12/2022 07:29:04,3,280,210,3,1,1720
23/12/2022 07:29:20,3,280,210,3,1,1720
23/12/2022 07:29:36,3,280,210,3,1,1730
23/12/2022 07:29:52,3,280,210,3,1,1730
23/12/2022 07:30:08,3,280,210,3,1,1720
23/12/2022 07:30:24,3,280,210,3,1,1720
23/12/2022 07:30:40,3,280,210,3,1,1710
23/12/2022 07:30:56,3,280,210,3,1,1710
23/12/2022 07:31:12,3,280,210,3,1,1710
23/12/2022 07:31:28,3,280,210,3,1,1710
23/12/2022 07:31:44,3,280,210,3,1,1710
23/12/2022 07:32:00,3,280,210,3,1,1710
23/12/2022 07:32:16,3,280,210,3,1,1710
23/12/2022 07:32:32,3,280,210,3,2,1700
23/12/2022 07:32:48,3,280,210,3,2,1700
23/12/2022 07:33:04,3,280,210,3,2,1700
23/12/2022 07:33:20,3,280,210,3,2,1700
23/12/2022 07:33:36,3,280,210,3,3,1690
23/12/2022 07:33:52,3,280,210,3,3,1690
23/12/2022 07:34:08,3,280,210,3,3,1690
23/12/2022 07:34:24,3,280,210,3,2,1700
23/12/2022 07:34:40,3,280,210,3,2,1700
23/12/2022 07:34:56,3,280,210,3,2,1750
23/12/2022 07:35:12,3,280,210,3,2,1750
23/12/2022 07:35:28,3,280,210,3,1,1730
23/12/2022 07:35:44,3,280,210,3,1,1730
23/12/2022 07:36:00,3,280,210,3,1,1730
23/12/2022 07:36:16,3,280,210,3,1,1730
23/12/2022 07:36:32,3,280,210,3,1,1730
23/12/2022 07:36:48,3,280,210,3,1,1720
23/12/2022 07:37:04,3,280,210,3,1,1720
23/12/2022 07:37:20,3,280,210,3,1,1710
23/12/2022 07:37:36,3,280,210,3,1,1710
23/12/2022 07:37:52,3,280,210,3,1,1730
23/12/2022 07:38:08,3,280,210,3,1,1730
23/12/2022 07:38:24,3,280,210,3,2,1710
23/12/2022 07:38:40,3,280,210,3,2,1710
23/12/2022 07:38:56,3,280,210,3,2,1710
23/12/2022 07:39:12,3,280,210,3,1,1710
23/12/2022 07:39:28,3,280,210,3,1,1710
23/12/2022 07:39:44,3,280,210,3,2,1730
23/12/2022 07:40:00,3,280,210,3,2,1730
23/12/2022 07:40:16,3,280,210,3,2,1700
23/12/2022 07:40:32,3,280,210,3,2,1700
23/12/2022 07:40:48,3,280,210,3,1,2560
23/12/2022 07:41:04,3,280,210,3,1,2560
23/12/2022 07:41:20,3,280,210,3,1,2560
23/12/2022 07:41:36,3,280,210,3,1,2600
23/12/2022 07:41:52,3,280,210,3,1,2600
23/12/2022 07:42:08,3,280,210,3,0,-999
23/12/2022 07:42:24,3,270,210,3,0,-999
23/12/2022 07:42:40,3,270,210,3,1,2580
23/12/2022 07:42:56,3,270,210,3,1,2580
23/12/2022 07:43:12,3,270,210,3,2,1790
23/12/2022 07:43:28,3,270,210,3,2,1790
23/12/2022 07:43:44,3,270,210,3,2,1790
23/12/2022 07:44:00,3,270,210,3,2,1770
23/12/2022 07:44:16,3,270,210,3,2,1770
23/12/2022 07:44:32,3,270,210,3,1,1750
23/12/2022 07:44:48,3,270,210,3,1,1750
23/12/2022 07:45:04,3,270,210,3,1,1760
23/12/2022 07:45:20,3,270,210,3,1,1760
23/12/2022 07:45:36,3,260,210,3,1,1760
23/12/2022 07:45:52,3,260,210,3,1,1760
23/12/2022 07:46:08,3,260,210,3,1,1760
23/12/2022 07:46:24,3,260,210,3,1,1740
23/12/2022 07:46:40,3,260,210,3,1,1740
23/12/2022 07:46:56,3,260,210,3,1,1710
23/12/2022 07:47:12,3,260,210,3,1,1710
23/12/2022 07:47:28,3,260,210,3,1,1710
23/12/2022 07:47:44,3,260,210,3,1,1710
23/12/2022 07:48:00,3,260,210,3,1,1700
23/12/2022 07:48:16,3,260,210,3,1,1700
23/12/2022 07:48:32,3,260,210,3,1,1700
23/12/2022 07:48:48,3,260,210,3,1,1700
23/12/2022 07:49:04,3,260,210,3,1,1700
23/12/2022 07:49:20,3,260,210,3,1,1700
23/12/2022 07:49:36,3,260,210,3,1,1700
23/12/2022 07:49:52,3,260,210,3,1,1700
23/12/2022 07:50:08,3,260,210,3,1,1700
23/12/2022 07:50:24,3,260,210,3,1,1690
23/12/2022 07:50:40,3,260,210,3,1,1690
23/12/2022 07:50:56,3,260,210,3,1,1690
23/12/2022 07:51:12,3,260,210,3,1,1700
23/12/2022 07:51:28,3,260,210,3,1,1700
23/12/2022 07:51:44,3,260,210,3,1,1670
23/12/2022 07:52:00,3,260,210,3,1,1670
23/12/2022 07:52:16,3,260,210,3,1,1670
23/12/2022 07:52:32,3,260,210,3,1,1670
23/12/2022 07:52:48,3,260,210,3,1,1680
23/12/2022 07:53:04,3,260,210,3,1,1680
23/12/2022 07:53:20,3,260,210,3,1,1680
23/12/2022 07:53:36,3,260,210,3,1,1700
23/12/2022 07:53:52,3,260,210,3,1,1700
23/12/2022 07:54:08,3,260,210,3,1,1700
23/12/2022 07:54:24,3,260,210,3,1,1700
23/12/2022 07:54:40,3,260,210,3,1,1700
23/12/2022 07:54:56,3,260,210,3,1,1700
23/12/2022 07:55:12,3,260,210,3,1,1690
23/12/2022 07:55:28,3,260,210,3,1,1690
23/12/2022 07:55:44,3,260,210,3,1,1690
23/12/2022 07:56:00,3,260,210,3,1,1720
23/12/2022 07:56:16,3,260,210,3,1,1720
23/12/2022 07:56:32,3,260,210,3,1,1710
23/12/2022 07:56:48,3,260,210,3,1,1710
23/12/2022 07:57:04,3,260,210,3,1,1710
23/12/2022 07:57:20,3,270,210,3,1,1710
23/12/2022 07:57:36,3,270,210,3,1,1700
23/12/2022 07:57:52,3,270,210,3,1,1700
23/12/2022 07:58:08,3,270,210,3,1,1700
23/12/2022 07:58:24,3,270,210,3,1,1720
23/12/2022 07:58:40,3,270,210,3,1,1720
23/12/2022 07:58:56,3,270,210,3,1,1760
23/12/2022 07:59:12,3,270,210,3,1,1760
23/12/2022 07:59:28,3,270,210,3,2,1770
23/12/2022 07:59:44,3,270,210,3,2,1770
23/12/2022 08:00:00,3,270,260,3,2,1780
23/12/2022 08:00:16,3,270,260,3,2,1780
23/12/2022 08:00:32,3,270,260,3,2,1780
23/12/2022 08:00:48,3,270,260,3,2,1780
23/12/2022 08:01:04,3,270,260,3,2,1780
23/12/2022 08:01:20,3,270,260,3,2,1760
23/12/2022 08:01:36,3,270,260,3,2,1760
23/12/2022 08:01:52,3,270,260,3,2,1730
23/12/2022 08:02:08,3,270,260,3,2,1730
23/12/2022 08:02:24,3,270,260,3,1,1720
23/12/2022 08:02:40,3,270,260,3,1,1720
23/12/2022 08:02:56,3,270,260,3,1,1720
23/12/2022 08:03:12,3,270,260,3,1,1720
23/12/2022 08:03:28,3,270,260,3,1,1720
23/12/2022 08:03:44,3,270,260,3,1,1720
23/12/2022 08:04:00,3,270,260,3,1,1720
23/12/2022 08:04:16,3,270,260,3,1,1720
23/12/2022 08:04:32,3,270,260,3,1,1720
23/12/2022 08:04:48,3,270,260,3,1,1760
23/12/2022 08:05:04,3,270,260,3,1,1760
23/12/2022 08:05:20,3,270,260,3,1,1760
23/12/2022 08:05:36,3,270,260,3,1,1750
23/12/2022 08:05:52,3,270,260,3,1,1750
23/12/2022 08:06:08,3,270,260,3,1,1760
23/12/2022 08:06:24,3,280,260,3,1,1760
23/12/2022 08:06:40,3,280,260,3,2,1750
23/12/2022 08:06:56,3,280,260,3,2,1750
23/12/2022 08:07:12,3,280,260,3,2,1750
23/12/2022 08:07:28,3,280,260,3,2,1750
23/12/2022 08:07:44,3,280,260,3,2,1750
23/12/2022 08:08:00,3,280,260,3,1,1750
23/12/2022 08:08:16,3,280,260,3,1,1750
23/12/2022 08:08:32,3,280,260,3,1,1760
23/12/2022 08:08:48,3,280,260,3,1,1760
23/12/2022 08:09:04,3,280,260,3,1,1760
23/12/2022 08:09:20,3,280,260,3,1,1760
23/12/2022 08:09:36,3,280,260,3,1,1720
23/12/2022 08:09:52,3,280,260,3,1,1720
23/12/2022 08:10:08,3,280,260,3,1,1720
23/12/2022 08:10:24,3,280,260,3,1,1710
23/12/2022 08:10:40,3,280,260,3,1,1710
23/12/2022 08:10:56,3,280,260,3,1,1720
23/12/2022 08:11:12,3,280,260,3,1,1720
23/12/2022 08:11:28,3,280,260,3,1,1730
23/12/2022 08:11:44,3,290,260,3,1,1730
23/12/2022 08:12:00,3,290,260,3,1,1760
23/12/2022 08:12:16,3,290,260,3,1,1760
23/12/2022 08:12:32,3,290,260,3,1,1760
23/12/2022 08:12:48,3,290,260,3,1,1750
23/12/2022 08:13:04,3,290,260,3,1,1750
23/12/2022 08:13:20,3,290,260,3,1,1750
23/12/2022 08:13:36,3,300,260,3,1,1750
23/12/2022 08:13:52,3,300,260,3,1,1740
23/12/2022 08:14:08,3,300,260,3,1,1740
23/12/2022 08:14:24,3,300,260,3,1,1740
23/12/2022 08:14:40,3,310,260,3,1,1740
23/12/2022 08:14:56,3,310,260,3,1,1740
23/12/2022 08:15:12,3,310,260,3,1,1760
23/12/2022 08:15:28,3,320,260,3,1,1760
23/12/2022 08:15:44,3,320,260,3,1,1760
23/12/2022 08:16:00,3,320,260,3,1,1760
23/12/2022 08:16:16,3,320,260,3,1,1760
23/12/2022 08:16:32,3,320,260,3,1,1760
23/12/2022 08:16:48,3,320,260,3,1,1730
23/12/2022 08:17:04,3,320,260,3,1,1730
23/12/2022 08:17:20,3,320,260,3,1,1730
23/12/2022 08:17:36,3,330,260,3,1,1720
23/12/2022 08:17:52,3,330,260,3,1,1720
23/12/2022 08:18:08,3,330,260,3,1,1760
23/12/2022 08:18:24,3,330,260,3,1,1760
23/12/2022 08:18:40,3,330,260,3,1,1750
23/12/2022 08:18:56,3,330,260,3,1,1750
23/12/2022 08:19:12,3,330,260,3,1,1760
23/12/2022 08:19:28,3,330,260,3,1,1760
23/12/2022 08:19:44,3,330,260,3,1,1760
23/12/2022 08:20:00,3,330,260,3,1,1770
23/12/2022 08:20:16,3,330,260,3,1,1770
23/12/2022 08:20:32,3,330,260,3,1,1760
23/12/2022 08:20:48,3,330,260,3,1,1760
23/12/2022 08:21:04,3,330,260,3,1,1760
23/12/2022 08:21:20,3,330,260,3,1,1760
23/12/2022 08:21:36,3,330,260,3,1,1760
23/12/2022 08:21:52,3,330,260,3,1,1760
23/12/2022 08:22:08,3,330,260,3,1,1760
23/12/2022 08:22:24,3,330,260,3,1,1770
23/12/2022 08:22:40,3,330,260,3,1,1770
23/12/2022 08:22:56,3,330,260,3,1,1750
23/12/2022 08:23:12,3,340,260,3,1,1750
23/12/2022 08:23:28,3,340,260,3,1,1750
23/12/2022 08:23:44,3,340,260,3,1,1750
23/12/2022 08:24:00,3,340,260,3,1,1740
23/12/2022 08:24:16,3,340,260,3,1,1740
23/12/2022 08:24:32,3,340,260,3,1,1740
23/12/2022 08:24:48,3,340,260,3,1,1760
23/12/2022 08:25:04,3,340,260,3,1,1760
23/12/2022 08:25:20,3,340,260,3,1,1750
23/12/2022 08:25:36,3,340,260,3,1,1750
23/12/2022 08:25:52,3,340,260,3,1,1740
23/12/2022 08:26:08,3,340,260,3,1,1740
23/12/2022 08:26:24,3,350,260,3,1,1740
23/12/2022 08:26:40,3,350,260,3,1,1740
23/12/2022 08:26:56,3,350,260,3,1,1740
23/12/2022 08:27:12,3,350,260,3,1,1760
23/12/2022 08:27:28,3,350,260,3,1,1760
23/12/2022 08:27:44,3,350,260,3,1,1770
23/12/2022 08:28:00,3,350,260,3,1,1770
23/12/2022 08:28:16,3,350,260,3,1,1770
23/12/2022 08:28:32,3,340,260,3,1,1770
23/12/2022 08:28:48,3,340,260,3,1,1730
23/12/2022 08:29:04,3,340,260,3,1,1730
23/12/2022 08:29:20,3,340,260,3,1,1730
23/12/2022 08:29:36,3,340,260,3,1,1720
23/12/2022 08:29:52,3,340,260,3,1,1720
23/12/2022 08:30:08,3,340,260,3,1,1750
23/12/2022 08:30:24,3,340,260,3,1,1750
23/12/2022 08:30:40,3,340,260,3,1,1770
23/12/2022 08:30:56,3,340,260,3,1,1770
23/12/2022 08:31:12,3,340,260,3,1,1780
23/12/2022 08:31:28,3,340,260,3,1,1780
23/12/2022 08:31:44,3,340,260,3,1,1780
23/12/2022 08:32:00,3,340,260,3,1,1770
23/12/2022 08:32:16,3,340,260,3,1,1770
23/12/2022 08:32:32,3,340,260,3,1,1760
23/12/2022 08:32:48,3,340,260,3,1,1760
23/12/2022 08:33:04,3,340,260,3,1,1750
23/12/2022 08:33:20,3,340,260,3,1,1750
23/12/2022 08:33:36,3,340,260,3,1,1770
23/12/2022 08:33:52,3,340,260,3,1,1770
23/12/2022 08:34:08,3,340,260,3,1,1770
23/12/2022 08:34:24,3,340,260,3,0,-999
23/12/2022 08:34:40,3,340,260,3,0,-999
23/12/2022 08:34:56,3,340,260,3,0,-999
23/12/2022 08:35:12,3,340,260,3,0,-999
23/12/2022 08:35:28,3,340,260,3,0,-999
23/12/2022 08:35:44,3,340,260,3,0,-999
23/12/2022 08:36:00,3,340,260,3,0,-999
23/12/2022 08:36:16,3,340,260,3,0,-999
23/12/2022 08:36:32,3,340,260,3,0,-999
23/12/2022 08:36:48,3,340,260,3,0,-999
23/12/2022 08:37:04,3,340,260,3,0,-999
23/12/2022 08:37:20,3,340,260,3,0,-999
23/12/2022 08:37:36,3,340,260,3,0,-999
23/12/2022 08:37:52,3,340,260,3,0,-999
23/12/2022 08:38:08,3,340,260,3,0,-999
23/12/2022 08:38:24,3,340,260,3,0,-999
23/12/2022 08:38:40,3,340,260,3,0,-999
23/12/2022 08:38:56,3,340,260,3,0,-999
23/12/2022 08:39:12,3,340,260,3,0,-999
23/12/2022 08:39:28,3,340,260,3,0,-999
23/12/2022 08:39:44,3,340,260,3,0,-999
23/12/2022 08:40:00,3,340,260,3,0,-999
23/12/2022 08:40:16,3,340,260,3,0,-999
23/12/2022 08:40:32,3,340,260,3,0,-999
23/12/2022 08:40:48,3,340,260,3,0,-999
23/12/2022 08:41:04,3,340,260,3,0,-999
23/12/2022 08:41:20,3,340,260,3,0,-999
23/12/2022 08:41:36,3,340,260,3,0,-999
23/12/2022 08:41:52,3,340,260,3,0,-999
23/12/2022 08:42:08,3,340,260,3,0,-999
23/12/2022 08:42:24,3,340,260,3,0,-999
23/12/2022 08:42:40,3,340,260,3,0,-999
23/12/2022 08:42:56,3,340,260,3,0,-999
23/12/2022 08:43:12,3,340,260,3,0,-999
23/12/2022 08:43:28,3,340,260,3,0,-999
23/12/2022 08:43:44,3,340,260,3,0,-999
23/12/2022 08:44:00,3,340,260,3,0,-999
23/12/2022 08:44:16,3,340,260,3,0,-999
23/12/2022 08:44:32,3,340,260,3,0,-999
23/12/2022 08:44:48,3,340,260,3,0,-999
23/12/2022 08:45:04,3,340,260,3,0,-999
23/12/2022 08:45:20,3,340,260,3,0,-999
23/12/2022 08:45:36,3,340,260,3,0,-999
23/12/2022 08:45:52,3,340,260,3,0,-999
23/12/2022 08:46:08,3,340,260,3,0,-999
23/12/2022 08:46:24,3,340,260,3,0,-999
23/12/2022 08:46:40,3,340,260,3,0,-999
23/12/2022 08:46:56,3,340,260,3,0,-999
23/12/2022 08:47:12,3,340,260,3,0,-999
23/12/2022 08:47:28,3,340,260,3,0,-999
23/12/2022 08:47:44,3,340,260,3,0,-999
23/12/2022 08:48:00,3,350,260,3,0,-999
23/12/2022 08:48:16,3,350,260,3,0,-999
23/12/2022 08:48:32,3,350,260,3,0,-999
23/12/2022 08:48:48,3,350,260,3,0,-999
23/12/2022 08:49:04,3,350,260,3,0,-999
