# Time, Layer_QualityIndex,bl_height,Mean_Layer_Height,n_BL,cloud_stat,cloud_dat
06/05/2021 10:00:00,-999,-999,-999,3,1,570
06/05/2021 10:00:16,-999,-999,-999,3,2,500
06/05/2021 10:00:32,-999,-999,-999,3,2,500
06/05/2021 10:00:48,-999,-999,-999,3,1,1290
06/05/2021 10:01:04,-999,-999,-999,3,1,1290
06/05/2021 10:01:20,-999,-999,-999,3,2,570
06/05/2021 10:01:36,-999,-999,-999,3,2,570
06/05/2021 10:01:52,-999,-999,-999,3,2,570
06/05/2021 10:02:08,-999,-999,-999,3,2,520
06/05/2021 10:02:24,-999,-999,-999,3,2,520
06/05/2021 10:02:40,-999,-999,-999,3,2,520
06/05/2021 10:02:56,-999,-999,-999,3,2,520
06/05/2021 10:03:12,-999,-999,-999,3,3,510
06/05/2021 10:03:28,-999,-999,-999,3,3,510
06/05/2021 10:03:44,-999,-999,-999,3,2,530
06/05/2021 10:04:00,-999,-999,-999,3,2,530
06/05/2021 10:04:16,-999,-999,-999,3,2,530
06/05/2021 10:04:32,-999,-999,-999,3,2,540
06/05/2021 10:04:48,-999,-999,-999,3,2,540
06/05/2021 10:05:04,-999,-999,-999,3,1,1320
06/05/2021 10:05:20,-999,-999,-999,3,1,1320
06/05/2021 10:05:36,-999,-999,-999,3,1,500
06/05/2021 10:05:52,-999,-999,-999,3,1,500
06/05/2021 10:06:08,-999,-999,-999,3,2,540
06/05/2021 10:06:24,-999,-999,-999,3,2,540
06/05/2021 10:06:40,-999,-999,-999,3,2,540
06/05/2021 10:06:56,-999,-999,-999,3,2,500
06/05/2021 10:07:12,-999,-999,-999,3,2,500
06/05/2021 10:07:28,-999,-999,-999,3,1,490
06/05/2021 10:07:44,-999,-999,-999,3,1,490
06/05/2021 10:08:00,-999,-999,-999,3,2,470
06/05/2021 10:08:16,-999,-999,-999,3,2,470
06/05/2021 10:08:32,-999,-999,-999,3,2,1340
06/05/2021 10:08:48,-999,-999,-999,3,2,1340
06/05/2021 10:09:04,-999,-999,-999,3,2,1340
06/05/2021 10:09:20,-999,-999,-999,3,2,460
06/05/2021 10:09:36,-999,-999,-999,3,2,460
06/05/2021 10:09:52,-999,-999,-999,3,2,510
06/05/2021 10:10:08,-999,-999,-999,3,2,510
06/05/2021 10:10:24,-999,-999,-999,3,1,470
06/05/2021 10:10:40,-999,-999,-999,3,1,470
06/05/2021 10:10:56,-999,-999,-999,3,1,470
06/05/2021 10:11:12,-999,-999,-999,3,1,470
06/05/2021 10:11:28,-999,-999,-999,3,1,470
06/05/2021 10:11:44,-999,-999,-999,3,1,460
06/05/2021 10:12:00,-999,-999,-999,3,1,460
06/05/2021 10:12:16,-999,-999,-999,3,2,420
06/05/2021 10:12:32,-999,-999,-999,3,2,420
06/05/2021 10:12:48,-999,-999,-999,3,2,430
06/05/2021 10:13:04,-999,-999,-999,3,2,430
06/05/2021 10:13:20,-999,-999,-999,3,1,490
06/05/2021 10:13:36,-999,-999,-999,3,1,490
06/05/2021 10:13:52,-999,-999,-999,3,1,490
06/05/2021 10:14:08,-999,-999,-999,3,2,360
06/05/2021 10:14:24,-999,-999,-999,3,2,360
06/05/2021 10:14:40,-999,-999,-999,3,1,620
06/05/2021 10:14:56,-999,-999,-999,3,1,620
06/05/2021 10:15:12,-999,-999,-999,3,2,470
06/05/2021 10:15:28,-999,-999,-999,3,2,470
06/05/2021 10:15:44,-999,-999,-999,3,2,500
06/05/2021 10:16:00,-999,-999,-999,3,2,500
06/05/2021 10:16:16,-999,-999,-999,3,2,500
06/05/2021 10:16:32,-999,-999,-999,3,1,520
06/05/2021 10:16:48,-999,-999,-999,3,1,520
06/05/2021 10:17:04,-999,-999,-999,3,2,480
06/05/2021 10:17:20,-999,-999,-999,3,2,480
06/05/2021 10:17:36,-999,-999,-999,3,2,510
06/05/2021 10:17:52,-999,-999,-999,3,2,510
06/05/2021 10:18:08,-999,-999,-999,3,1,500
06/05/2021 10:18:24,-999,-999,-999,3,1,500
06/05/2021 10:18:40,-999,-999,-999,3,1,500
06/05/2021 10:18:56,-999,-999,-999,3,1,470
06/05/2021 10:19:12,-999,-999,-999,3,1,470
06/05/2021 10:19:28,-999,-999,-999,3,2,470
06/05/2021 10:19:44,-999,-999,-999,3,2,470
06/05/2021 10:20:00,-999,-999,-999,3,2,480
06/05/2021 10:20:16,-999,-999,-999,3,2,480
06/05/2021 10:20:32,-999,-999,-999,3,1,420
06/05/2021 10:20:48,-999,-999,-999,3,1,420
06/05/2021 10:21:04,-999,-999,-999,3,1,420
06/05/2021 10:21:20,-999,-999,-999,3,2,420
06/05/2021 10:21:36,-999,-999,-999,3,2,420
06/05/2021 10:21:52,-999,-999,-999,3,1,500
06/05/2021 10:22:08,-999,-999,-999,3,1,500
06/05/2021 10:22:24,-999,-999,-999,3,2,460
06/05/2021 10:22:40,-999,-999,-999,3,2,460
06/05/2021 10:22:56,-999,-999,-999,3,2,540
06/05/2021 10:23:12,-999,-999,-999,3,2,540
06/05/2021 10:23:28,-999,-999,-999,3,2,540
06/05/2021 10:23:44,-999,-999,-999,3,2,460
06/05/2021 10:24:00,-999,-999,-999,3,2,460
06/05/2021 10:24:16,-999,-999,-999,3,3,440
06/05/2021 10:24:32,-999,-999,-999,3,3,440
06/05/2021 10:24:48,-999,-999,-999,3,2,480
06/05/2021 10:25:04,-999,-999,-999,3,2,480
06/05/2021 10:25:20,-999,-999,-999,3,1,480
06/05/2021 10:25:36,-999,-999,-999,3,1,480
06/05/2021 10:25:52,-999,-999,-999,3,1,480
06/05/2021 10:26:08,-999,-999,-999,3,2,510
06/05/2021 10:26:24,-999,-999,-999,3,2,510
06/05/2021 10:26:40,-999,-999,-999,3,2,560
06/05/2021 10:26:56,-999,-999,-999,3,2,560
06/05/2021 10:27:12,-999,-999,-999,3,1,600
06/05/2021 10:27:28,-999,-999,-999,3,1,600
06/05/2021 10:27:44,-999,-999,-999,3,1,630
06/05/2021 10:28:00,-999,-999,-999,3,1,630
06/05/2021 10:28:16,-999,-999,-999,3,1,630
06/05/2021 10:28:32,-999,-999,-999,3,1,730
06/05/2021 10:28:48,-999,-999,-999,3,1,730
06/05/2021 10:29:04,-999,-999,-999,3,1,600
06/05/2021 10:29:20,-999,-999,-999,3,1,600
06/05/2021 10:29:36,-999,-999,-999,3,1,530
06/05/2021 10:29:52,-999,-999,-999,3,1,530
06/05/2021 10:30:08,-999,-999,-999,3,2,560
06/05/2021 10:30:24,-999,-999,-999,3,2,560
06/05/2021 10:30:40,-999,-999,-999,3,2,560
06/05/2021 10:30:56,-999,-999,-999,3,2,490
06/05/2021 10:31:12,-999,-999,-999,3,2,490
06/05/2021 10:31:28,-999,-999,-999,3,2,570
06/05/2021 10:31:44,-999,-999,-999,3,2,570
06/05/2021 10:32:00,-999,-999,-999,3,2,520
06/05/2021 10:32:16,-999,-999,-999,3,2,520
06/05/2021 10:32:32,-999,-999,-999,3,2,500
06/05/2021 10:32:48,-999,-999,-999,3,2,500
06/05/2021 10:33:04,-999,-999,-999,3,2,500
06/05/2021 10:33:20,-999,-999,-999,3,2,570
06/05/2021 10:33:36,-999,-999,-999,3,2,570
06/05/2021 10:33:52,-999,-999,-999,3,3,490
06/05/2021 10:34:08,-999,-999,-999,3,3,490
06/05/2021 10:34:24,-999,-999,-999,3,2,1040
06/05/2021 10:34:40,-999,-999,-999,3,2,1040
06/05/2021 10:34:56,-999,-999,-999,3,2,470
06/05/2021 10:35:12,-999,-999,-999,3,2,470
06/05/2021 10:35:28,-999,-999,-999,3,2,470
06/05/2021 10:35:44,-999,-999,-999,3,2,1150
06/05/2021 10:36:00,-999,-999,-999,3,2,1150
06/05/2021 10:36:16,-999,-999,-999,3,1,500
06/05/2021 10:36:32,-999,-999,-999,3,1,500
06/05/2021 10:36:48,-999,-999,-999,3,2,510
06/05/2021 10:37:04,-999,-999,-999,3,2,510
06/05/2021 10:37:20,-999,-999,-999,3,2,420
06/05/2021 10:37:36,-999,-999,-999,3,2,420
06/05/2021 10:37:52,-999,-999,-999,3,2,420
06/05/2021 10:38:08,-999,-999,-999,3,1,530
06/05/2021 10:38:24,-999,-999,-999,3,1,530
06/05/2021 10:38:40,-999,-999,-999,3,2,570
06/05/2021 10:38:56,-999,-999,-999,3,2,570
06/05/2021 10:39:12,-999,-999,-999,3,2,510
06/05/2021 10:39:28,-999,-999,-999,3,2,510
06/05/2021 10:39:44,-999,-999,-999,3,1,500
06/05/2021 10:40:00,-999,-999,-999,3,1,500
06/05/2021 10:40:16,-999,-999,-999,3,1,500
06/05/2021 10:40:32,-999,-999,-999,3,1,520
06/05/2021 10:40:48,-999,-999,-999,3,1,520
06/05/2021 10:41:04,-999,-999,-999,3,1,520
06/05/2021 10:41:20,-999,-999,-999,3,1,520
06/05/2021 10:41:36,-999,-999,-999,3,1,520
06/05/2021 10:41:52,-999,-999,-999,3,1,520
06/05/2021 10:42:08,-999,-999,-999,3,1,500
06/05/2021 10:42:24,-999,-999,-999,3,1,500
06/05/2021 10:42:40,-999,-999,-999,3,1,500
06/05/2021 10:42:56,-999,-999,-999,3,2,500
06/05/2021 10:43:12,-999,-999,-999,3,2,500
06/05/2021 10:43:28,-999,-999,-999,3,2,500
06/05/2021 10:43:44,-999,-999,-999,3,2,500
06/05/2021 10:44:00,-999,-999,-999,3,2,560
06/05/2021 10:44:16,-999,-999,-999,3,2,560
06/05/2021 10:44:32,-999,-999,-999,3,2,560
06/05/2021 10:44:48,-999,-999,-999,3,2,560
06/05/2021 10:45:04,-999,-999,-999,3,2,560
06/05/2021 10:45:20,-999,-999,-999,3,2,560
06/05/2021 10:45:36,-999,-999,-999,3,2,560
06/05/2021 10:45:52,-999,-999,-999,3,3,540
06/05/2021 10:46:08,-999,-999,-999,3,3,540
06/05/2021 10:46:24,-999,-999,-999,3,2,560
06/05/2021 10:46:40,-999,-999,-999,3,2,560
06/05/2021 10:46:56,-999,-999,-999,3,2,570
06/05/2021 10:47:12,-999,-999,-999,3,2,570
06/05/2021 10:47:28,-999,-999,-999,3,2,570
06/05/2021 10:47:44,-999,-999,-999,3,2,570
06/05/2021 10:48:00,-999,-999,-999,3,2,570
06/05/2021 10:48:16,-999,-999,-999,3,2,630
06/05/2021 10:48:32,-999,-999,-999,3,2,630
06/05/2021 10:48:48,-999,-999,-999,3,2,600
06/05/2021 10:49:04,-999,-999,-999,3,2,600
06/05/2021 10:49:20,-999,-999,-999,3,1,590
06/05/2021 10:49:36,-999,-999,-999,3,1,590
06/05/2021 10:49:52,-999,-999,-999,3,1,590
06/05/2021 10:50:08,-999,-999,-999,3,1,610
06/05/2021 10:50:24,-999,-999,-999,3,1,610
06/05/2021 10:50:40,-999,-999,-999,3,1,590
06/05/2021 10:50:56,-999,-999,-999,3,1,590
06/05/2021 10:51:12,-999,-999,-999,3,1,600
06/05/2021 10:51:28,-999,-999,-999,3,1,600
06/05/2021 10:51:44,-999,-999,-999,3,1,580
06/05/2021 10:52:00,-999,-999,-999,3,1,580
06/05/2021 10:52:16,-999,-999,-999,3,1,580
06/05/2021 10:52:32,-999,-999,-999,3,1,580
06/05/2021 10:52:48,-999,-999,-999,3,1,580
06/05/2021 10:53:04,-999,-999,-999,3,1,530
06/05/2021 10:53:20,-999,-999,-999,3,1,530
06/05/2021 10:53:36,-999,-999,-999,3,1,530
06/05/2021 10:53:52,-999,-999,-999,3,1,530
06/05/2021 10:54:08,-999,-999,-999,3,1,590
06/05/2021 10:54:24,-999,-999,-999,3,1,590
06/05/2021 10:54:40,-999,-999,-999,3,1,590
06/05/2021 10:54:56,-999,-999,-999,3,2,520
06/05/2021 10:55:12,-999,-999,-999,3,2,520
06/05/2021 10:55:28,-999,-999,-999,3,1,610
06/05/2021 10:55:44,-999,-999,-999,3,1,610
06/05/2021 10:56:00,-999,-999,-999,3,1,550
06/05/2021 10:56:16,-999,-999,-999,3,1,550
06/05/2021 10:56:32,-999,-999,-999,3,1,520
06/05/2021 10:56:48,-999,-999,-999,3,1,520
06/05/2021 10:57:04,-999,-999,-999,3,1,520
06/05/2021 10:57:20,-999,-999,-999,3,1,550
06/05/2021 10:57:36,-999,-999,-999,3,1,550
06/05/2021 10:57:52,-999,-999,-999,3,1,540
06/05/2021 10:58:08,-999,-999,-999,3,1,540
06/05/2021 10:58:24,-999,-999,-999,3,1,610
06/05/2021 10:58:40,-999,-999,-999,3,1,610
06/05/2021 10:58:56,-999,-999,-999,3,1,580
06/05/2021 10:59:12,-999,-999,-999,3,1,580
06/05/2021 10:59:28,-999,-999,-999,3,1,580
06/05/2021 10:59:44,-999,-999,-999,3,1,570
06/05/2021 11:00:00,-999,-999,-999,3,1,570
06/05/2021 11:00:16,-999,-999,-999,3,1,610
06/05/2021 11:00:32,-999,-999,-999,3,1,610
06/05/2021 11:00:48,-999,-999,-999,3,1,580
06/05/2021 11:01:04,-999,-999,-999,3,1,580
06/05/2021 11:01:20,-999,-999,-999,3,1,600
06/05/2021 11:01:36,-999,-999,-999,3,1,600
06/05/2021 11:01:52,-999,-999,-999,3,1,600
06/05/2021 11:02:08,-999,-999,-999,3,1,630
06/05/2021 11:02:24,-999,-999,-999,3,1,630
06/05/2021 11:02:40,-999,-999,-999,3,2,610
06/05/2021 11:02:56,-999,-999,-999,3,2,610
06/05/2021 11:03:12,-999,-999,-999,3,2,540
06/05/2021 11:03:28,-999,-999,-999,3,2,540
06/05/2021 11:03:44,-999,-999,-999,3,1,540
06/05/2021 11:04:00,-999,-999,-999,3,1,540
06/05/2021 11:04:16,-999,-999,-999,3,1,540
06/05/2021 11:04:32,-999,-999,-999,3,1,540
06/05/2021 11:04:48,-999,-999,-999,3,1,540
06/05/2021 11:05:04,-999,-999,-999,3,1,540
06/05/2021 11:05:20,-999,-999,-999,3,1,540
06/05/2021 11:05:36,-999,-999,-999,3,2,540
06/05/2021 11:05:52,-999,-999,-999,3,2,540
06/05/2021 11:06:08,-999,-999,-999,3,1,540
06/05/2021 11:06:24,-999,-999,-999,3,1,540
06/05/2021 11:06:40,-999,-999,-999,3,1,540
06/05/2021 11:06:56,-999,-999,-999,3,1,520
06/05/2021 11:07:12,-999,-999,-999,3,1,520
06/05/2021 11:07:28,-999,-999,-999,3,1,500
06/05/2021 11:07:44,-999,-999,-999,3,1,500
06/05/2021 11:08:00,-999,-999,-999,3,1,480
06/05/2021 11:08:16,-999,-999,-999,3,1,480
06/05/2021 11:08:32,-999,-999,-999,3,2,460
06/05/2021 11:08:48,-999,-999,-999,3,2,460
06/05/2021 11:09:04,-999,-999,-999,3,2,460
06/05/2021 11:09:20,-999,-999,-999,3,2,510
06/05/2021 11:09:36,-999,-999,-999,3,2,510
06/05/2021 11:09:52,-999,-999,-999,3,3,700
06/05/2021 11:10:08,-999,-999,-999,3,3,700
06/05/2021 11:10:24,-999,-999,-999,3,3,490
06/05/2021 11:10:40,-999,-999,-999,3,3,490
06/05/2021 11:10:56,-999,-999,-999,3,1,560
06/05/2021 11:11:12,-999,-999,-999,3,1,560
06/05/2021 11:11:28,-999,-999,-999,3,1,560
06/05/2021 11:11:44,-999,-999,-999,3,1,530
06/05/2021 11:12:00,-999,-999,-999,3,1,530
06/05/2021 11:12:16,-999,-999,-999,3,1,540
06/05/2021 11:12:32,-999,-999,-999,3,1,540
06/05/2021 11:12:48,-999,-999,-999,3,1,560
06/05/2021 11:13:04,-999,-999,-999,3,1,560
06/05/2021 11:13:20,-999,-999,-999,3,1,580
06/05/2021 11:13:36,-999,-999,-999,3,1,580
06/05/2021 11:13:52,-999,-999,-999,3,1,580
06/05/2021 11:14:08,-999,-999,-999,3,1,630
06/05/2021 11:14:24,-999,-999,-999,3,1,630
06/05/2021 11:14:40,-999,-999,-999,3,2,490
06/05/2021 11:14:56,-999,-999,-999,3,2,490
06/05/2021 11:15:12,-999,-999,-999,3,2,490
06/05/2021 11:15:28,-999,-999,-999,3,2,490
06/05/2021 11:15:44,-999,-999,-999,3,3,440
06/05/2021 11:16:00,-999,-999,-999,3,3,440
06/05/2021 11:16:16,-999,-999,-999,3,3,440
06/05/2021 11:16:32,-999,-999,-999,3,2,460
06/05/2021 11:16:48,-999,-999,-999,3,2,460
06/05/2021 11:17:04,-999,-999,-999,3,2,450
06/05/2021 11:17:20,-999,-999,-999,3,2,450
06/05/2021 11:17:36,-999,-999,-999,3,2,650
06/05/2021 11:17:52,-999,-999,-999,3,2,650
06/05/2021 11:18:08,-999,-999,-999,3,2,670
06/05/2021 11:18:24,-999,-999,-999,3,2,670
06/05/2021 11:18:40,-999,-999,-999,3,2,670
06/05/2021 11:18:56,-999,-999,-999,3,3,480
06/05/2021 11:19:12,-999,-999,-999,3,3,480
06/05/2021 11:19:28,-999,-999,-999,3,2,420
06/05/2021 11:19:44,-999,-999,-999,3,2,420
06/05/2021 11:20:00,-999,-999,-999,3,2,840
06/05/2021 11:20:16,-999,-999,-999,3,2,840
06/05/2021 11:20:32,-999,-999,-999,3,1,740
06/05/2021 11:20:48,-999,-999,-999,3,1,740
06/05/2021 11:21:04,-999,-999,-999,3,1,740
06/05/2021 12:10:08,-999,-999,-999,3,1,370
06/05/2021 12:10:24,-999,-999,-999,3,1,370
06/05/2021 12:10:40,-999,-999,-999,3,1,370
06/05/2021 12:10:56,-999,-999,-999,3,1,370
06/05/2021 12:11:12,-999,-999,-999,3,2,370
06/05/2021 12:11:28,-999,-999,-999,3,2,370
06/05/2021 12:11:44,-999,-999,-999,3,2,370
06/05/2021 12:12:00,-999,-999,-999,3,2,560
06/05/2021 12:12:16,-999,-999,-999,3,2,560
06/05/2021 12:12:32,-999,-999,-999,3,2,350
06/05/2021 12:12:48,-999,-999,-999,3,2,350
06/05/2021 12:13:04,-999,-999,-999,3,3,560
06/05/2021 12:13:20,-999,-999,-999,3,3,560
06/05/2021 12:13:36,-999,-999,-999,3,2,400
06/05/2021 12:13:52,-999,-999,-999,3,2,400
06/05/2021 12:14:08,-999,-999,-999,3,2,400
06/05/2021 12:14:24,-999,-999,-999,3,1,380
06/05/2021 12:14:40,-999,-999,-999,3,1,380
06/05/2021 12:14:56,-999,-999,-999,3,1,420
06/05/2021 12:15:12,-999,-999,-999,3,1,420
06/05/2021 12:15:28,-999,-999,-999,3,2,2030
06/05/2021 12:15:44,-999,-999,-999,3,2,2030
06/05/2021 12:16:00,-999,-999,-999,3,2,2030
06/05/2021 12:16:16,-999,-999,-999,3,2,2030
06/05/2021 12:16:32,-999,-999,-999,3,2,2030
06/05/2021 12:16:48,-999,-999,-999,3,1,540
06/05/2021 12:17:04,-999,-999,-999,3,1,540
06/05/2021 12:17:20,-999,-999,-999,3,3,410
06/05/2021 12:17:36,-999,-999,-999,3,3,410
06/05/2021 12:17:52,-999,-999,-999,3,2,480
06/05/2021 12:18:08,-999,-999,-999,3,2,480
06/05/2021 12:18:24,-999,-999,-999,3,1,470
06/05/2021 12:18:40,-999,-999,-999,3,1,470
06/05/2021 12:18:56,-999,-999,-999,3,1,470
06/05/2021 12:19:12,-999,-999,-999,3,1,560
06/05/2021 12:19:28,-999,-999,-999,3,1,560
06/05/2021 12:19:44,-999,-999,-999,3,1,580
06/05/2021 12:20:00,-999,-999,-999,3,1,580
06/05/2021 12:20:16,-999,-999,-999,3,1,560
06/05/2021 12:20:32,-999,-999,-999,3,1,560
06/05/2021 12:20:48,-999,-999,-999,3,2,630
06/05/2021 12:21:04,-999,-999,-999,3,2,630
06/05/2021 12:21:20,-999,-999,-999,3,2,630
06/05/2021 12:21:36,-999,-999,-999,3,1,900
06/05/2021 12:21:52,-999,-999,-999,3,1,900
06/05/2021 12:22:08,-999,-999,-999,3,3,440
06/05/2021 12:22:24,-999,-999,-999,3,3,440
06/05/2021 12:22:40,-999,-999,-999,3,2,460
06/05/2021 12:22:56,-999,-999,-999,3,2,460
06/05/2021 12:23:12,-999,-999,-999,3,1,700
06/05/2021 12:23:28,-999,-999,-999,3,1,700
06/05/2021 12:23:44,-999,-999,-999,3,1,700
06/05/2021 12:24:00,-999,-999,-999,3,2,300
06/05/2021 12:24:16,-999,-999,-999,3,2,300
06/05/2021 12:24:32,-999,-999,-999,3,1,390
06/05/2021 12:24:48,-999,-999,-999,3,1,390
06/05/2021 12:25:04,-999,-999,-999,3,2,360
06/05/2021 12:25:20,-999,-999,-999,3,2,360
06/05/2021 12:25:36,-999,-999,-999,3,2,290
06/05/2021 12:25:52,-999,-999,-999,3,2,290
06/05/2021 12:26:08,-999,-999,-999,3,2,290
06/05/2021 12:26:24,-999,-999,-999,3,2,360
06/05/2021 12:26:40,-999,-999,-999,3,2,360
06/05/2021 12:26:56,-999,-999,-999,3,2,430
06/05/2021 12:27:12,-999,-999,-999,3,2,430
06/05/2021 12:27:28,-999,-999,-999,3,1,320
06/05/2021 12:27:44,-999,-999,-999,3,1,320
06/05/2021 12:28:00,-999,-999,-999,3,3,320
06/05/2021 12:28:16,-999,-999,-999,3,3,320
06/05/2021 12:28:32,-999,-999,-999,3,3,320
06/05/2021 12:28:48,-999,-999,-999,3,2,330
06/05/2021 12:29:04,-999,-999,-999,3,2,330
06/05/2021 12:29:20,-999,-999,-999,3,3,310
06/05/2021 12:29:36,-999,-999,-999,3,3,310
06/05/2021 12:29:52,-999,-999,-999,3,3,360
06/05/2021 12:30:08,-999,-999,-999,3,3,360
06/05/2021 12:30:24,-999,-999,-999,3,1,550
06/05/2021 12:30:40,-999,-999,-999,3,1,550
06/05/2021 12:30:56,-999,-999,-999,3,1,550
06/05/2021 12:31:12,-999,-999,-999,3,2,280
06/05/2021 12:31:28,-999,-999,-999,3,2,280
06/05/2021 12:31:44,-999,-999,-999,3,3,310
06/05/2021 12:32:00,-999,-999,-999,3,3,310
06/05/2021 12:32:16,-999,-999,-999,3,1,640
06/05/2021 12:32:32,-999,-999,-999,3,1,640
06/05/2021 12:32:48,-999,-999,-999,3,1,790
06/05/2021 12:33:04,-999,-999,-999,3,1,790
06/05/2021 12:33:20,-999,-999,-999,3,1,790
06/05/2021 12:33:36,-999,-999,-999,3,2,780
06/05/2021 12:33:52,-999,-999,-999,3,2,780
06/05/2021 12:34:08,-999,-999,-999,3,2,860
06/05/2021 12:34:24,-999,-999,-999,3,2,860
06/05/2021 12:34:40,-999,-999,-999,3,1,980
06/05/2021 12:34:56,-999,-999,-999,3,1,980
06/05/2021 12:35:12,-999,-999,-999,3,2,690
06/05/2021 12:35:28,-999,-999,-999,3,2,690
06/05/2021 12:35:44,-999,-999,-999,3,2,690
06/05/2021 12:36:00,-999,-999,-999,3,2,320
06/05/2021 12:36:16,-999,-999,-999,3,2,320
06/05/2021 12:36:32,-999,-999,-999,3,1,810
06/05/2021 12:36:48,-999,-999,-999,3,1,810
06/05/2021 12:37:04,-999,-999,-999,3,1,710
06/05/2021 12:37:20,-999,-999,-999,3,1,710
06/05/2021 12:37:36,-999,-999,-999,3,2,320
06/05/2021 12:37:52,-999,-999,-999,3,2,320
06/05/2021 12:38:08,-999,-999,-999,3,2,320
06/05/2021 12:38:24,-999,-999,-999,3,1,610
06/05/2021 12:38:40,-999,-999,-999,3,1,610
06/05/2021 12:38:56,-999,-999,-999,3,3,380
06/05/2021 12:39:12,-999,-999,-999,3,3,380
06/05/2021 12:39:28,-999,-999,-999,3,3,640
06/05/2021 12:39:44,-999,-999,-999,3,3,640
06/05/2021 12:40:00,-999,-999,-999,3,1,660
06/05/2021 12:40:16,-999,-999,-999,3,1,660
06/05/2021 12:40:32,-999,-999,-999,3,1,660
06/05/2021 12:40:48,-999,-999,-999,3,1,580
06/05/2021 12:41:04,-999,-999,-999,3,1,580
06/05/2021 12:41:20,-999,-999,-999,3,2,570
06/05/2021 12:41:36,-999,-999,-999,3,2,570
06/05/2021 12:41:52,-999,-999,-999,3,2,290
06/05/2021 12:42:08,-999,-999,-999,3,2,290
06/05/2021 12:42:24,-999,-999,-999,3,2,970
06/05/2021 12:42:40,-999,-999,-999,3,2,970
06/05/2021 12:42:56,-999,-999,-999,3,2,970
06/05/2021 12:43:12,-999,-999,-999,3,2,850
06/05/2021 12:43:28,-999,-999,-999,3,2,850
06/05/2021 12:43:44,-999,-999,-999,3,2,350
06/05/2021 12:44:00,-999,-999,-999,3,2,350
06/05/2021 12:44:16,-999,-999,-999,3,3,350
06/05/2021 12:44:32,-999,-999,-999,3,3,350
06/05/2021 12:44:48,-999,-999,-999,3,2,720
06/05/2021 12:45:04,-999,-999,-999,3,2,720
06/05/2021 12:45:20,-999,-999,-999,3,2,720
06/05/2021 12:45:36,-999,-999,-999,3,2,700
06/05/2021 12:45:52,-999,-999,-999,3,2,700
06/05/2021 12:46:08,-999,-999,-999,3,3,300
06/05/2021 12:46:24,-999,-999,-999,3,3,300
06/05/2021 12:46:40,-999,-999,-999,3,3,330
06/05/2021 12:46:56,-999,-999,-999,3,3,330
06/05/2021 12:47:12,-999,-999,-999,3,2,320
06/05/2021 12:47:28,-999,-999,-999,3,2,320
06/05/2021 12:47:44,-999,-999,-999,3,2,320
06/05/2021 12:48:00,-999,-999,-999,3,3,710
06/05/2021 12:48:16,-999,-999,-999,3,3,710
06/05/2021 12:48:32,-999,-999,-999,3,1,660
06/05/2021 12:48:48,-999,-999,-999,3,1,660
06/05/2021 12:49:04,-999,-999,-999,3,2,320
06/05/2021 12:49:20,-999,-999,-999,3,2,320
06/05/2021 12:49:36,-999,-999,-999,3,2,330
06/05/2021 12:49:52,-999,-999,-999,3,2,330
06/05/2021 12:50:08,-999,-999,-999,3,2,330
06/05/2021 12:50:24,-999,-999,-999,3,2,360
06/05/2021 12:50:40,-999,-999,-999,3,2,360
06/05/2021 12:50:56,-999,-999,-999,3,2,320
06/05/2021 12:51:12,-999,-999,-999,3,2,320
06/05/2021 12:51:28,-999,-999,-999,3,1,670
06/05/2021 12:51:44,-999,-999,-999,3,1,670
06/05/2021 12:52:00,-999,-999,-999,3,2,700
06/05/2021 12:52:16,-999,-999,-999,3,2,700
06/05/2021 12:52:32,-999,-999,-999,3,2,700
06/05/2021 12:52:48,-999,-999,-999,3,1,340
06/05/2021 12:53:04,-999,-999,-999,3,1,340
06/05/2021 12:53:20,-999,-999,-999,3,2,390
06/05/2021 12:53:36,-999,-999,-999,3,2,390
06/05/2021 12:53:52,-999,-999,-999,3,1,670
06/05/2021 12:54:08,-999,-999,-999,3,1,670
06/05/2021 12:54:24,-999,-999,-999,3,1,680
06/05/2021 12:54:40,-999,-999,-999,3,1,680
06/05/2021 12:54:56,-999,-999,-999,3,1,680
06/05/2021 12:55:12,-999,-999,-999,3,1,760
06/05/2021 12:55:28,-999,-999,-999,3,1,760
06/05/2021 12:55:44,-999,-999,-999,3,2,310
06/05/2021 12:56:00,-999,-999,-999,3,2,310
06/05/2021 12:56:16,-999,-999,-999,3,2,670
06/05/2021 12:56:32,-999,-999,-999,3,2,670
06/05/2021 12:56:48,-999,-999,-999,3,1,680
06/05/2021 12:57:04,-999,-999,-999,3,1,680
06/05/2021 12:57:20,-999,-999,-999,3,1,680
06/05/2021 12:57:36,-999,-999,-999,3,1,820
06/05/2021 12:57:52,-999,-999,-999,3,1,820
06/05/2021 12:58:08,-999,-999,-999,3,3,550
06/05/2021 12:58:24,-999,-999,-999,3,3,550
06/05/2021 12:58:40,-999,-999,-999,3,2,690
06/05/2021 12:58:56,-999,-999,-999,3,2,690
06/05/2021 12:59:12,-999,-999,-999,3,1,680
06/05/2021 12:59:28,-999,-999,-999,3,1,680
06/05/2021 12:59:44,-999,-999,-999,3,1,680
06/05/2021 13:00:00,-999,-999,-999,3,1,690
06/05/2021 13:00:16,-999,-999,-999,3,1,690
06/05/2021 13:00:32,-999,-999,-999,3,1,670
06/05/2021 13:00:48,-999,-999,-999,3,1,670
06/05/2021 13:01:04,-999,-999,-999,3,1,630
06/05/2021 13:01:20,-999,-999,-999,3,1,630
06/05/2021 13:01:36,-999,-999,-999,3,2,350
06/05/2021 13:01:52,-999,-999,-999,3,2,350
06/05/2021 13:02:08,-999,-999,-999,3,2,350
06/05/2021 13:02:24,-999,-999,-999,3,2,350
06/05/2021 13:02:40,-999,-999,-999,3,2,350
06/05/2021 13:02:56,-999,-999,-999,3,2,320
06/05/2021 13:03:12,-999,-999,-999,3,2,320
06/05/2021 13:03:28,-999,-999,-999,3,2,330
06/05/2021 13:03:44,-999,-999,-999,3,2,330
06/05/2021 13:04:00,-999,-999,-999,3,1,520
06/05/2021 13:04:16,-999,-999,-999,3,1,520
06/05/2021 13:04:32,-999,-999,-999,3,1,520
06/05/2021 13:04:48,-999,-999,-999,3,1,540
06/05/2021 13:05:04,-999,-999,-999,3,1,540
06/05/2021 13:05:20,-999,-999,-999,3,1,560
06/05/2021 13:05:36,-999,-999,-999,3,1,560
06/05/2021 13:05:52,-999,-999,-999,3,1,510
06/05/2021 13:06:08,-999,-999,-999,3,1,510
06/05/2021 13:06:24,-999,-999,-999,3,2,530
06/05/2021 13:06:40,-999,-999,-999,3,2,530
06/05/2021 13:06:56,-999,-999,-999,3,2,530
06/05/2021 13:07:12,-999,-999,-999,3,2,480
06/05/2021 13:07:28,-999,-999,-999,3,2,480
06/05/2021 13:07:44,-999,-999,-999,3,1,460
06/05/2021 13:08:00,-999,-999,-999,3,1,460
06/05/2021 13:08:16,-999,-999,-999,3,1,540
06/05/2021 13:08:32,-999,-999,-999,3,1,540
06/05/2021 13:08:48,-999,-999,-999,3,2,410
06/05/2021 13:09:04,-999,-999,-999,3,2,410
06/05/2021 13:09:20,-999,-999,-999,3,2,410
06/05/2021 13:09:36,-999,-999,-999,3,2,400
06/05/2021 13:09:52,-999,-999,-999,3,2,400
06/05/2021 13:10:08,-999,-999,-999,3,3,560
06/05/2021 13:10:24,-999,-999,-999,3,3,560
06/05/2021 13:10:40,-999,-999,-999,3,1,570
06/05/2021 13:10:56,-999,-999,-999,3,1,570
06/05/2021 13:11:12,-999,-999,-999,3,2,400
06/05/2021 13:11:28,-999,-999,-999,3,2,400
06/05/2021 13:11:44,-999,-999,-999,3,2,400
06/05/2021 13:12:00,-999,-999,-999,3,2,390
06/05/2021 13:12:16,-999,-999,-999,3,2,390
06/05/2021 13:12:32,-999,-999,-999,3,1,360
06/05/2021 13:12:48,-999,-999,-999,3,1,360
06/05/2021 13:13:04,-999,-999,-999,3,1,360
06/05/2021 13:13:20,-999,-999,-999,3,1,360
06/05/2021 13:13:36,-999,-999,-999,3,1,360
06/05/2021 13:13:52,-999,-999,-999,3,1,360
06/05/2021 13:14:08,-999,-999,-999,3,1,360
06/05/2021 13:14:24,-999,-999,-999,3,2,340
06/05/2021 13:14:40,-999,-999,-999,3,2,340
06/05/2021 13:14:56,-999,-999,-999,3,1,340
06/05/2021 13:15:12,-999,-999,-999,3,1,340
06/05/2021 13:15:28,-999,-999,-999,3,3,360
06/05/2021 13:15:44,-999,-999,-999,3,3,360
06/05/2021 13:16:00,-999,-999,-999,3,2,550
06/05/2021 13:16:16,-999,-999,-999,3,2,550
06/05/2021 13:16:32,-999,-999,-999,3,2,550
06/05/2021 13:16:48,-999,-999,-999,3,1,1860
06/05/2021 13:17:04,-999,-999,-999,3,1,1860
06/05/2021 13:17:20,-999,-999,-999,3,2,340
06/05/2021 13:17:36,-999,-999,-999,3,2,340
06/05/2021 13:17:52,-999,-999,-999,3,3,390
06/05/2021 13:18:08,-999,-999,-999,3,3,390
06/05/2021 13:18:24,-999,-999,-999,3,3,350
06/05/2021 13:18:40,-999,-999,-999,3,3,350
06/05/2021 13:18:56,-999,-999,-999,3,3,350
06/05/2021 13:19:12,-999,-999,-999,3,2,330
06/05/2021 13:19:28,-999,-999,-999,3,2,330
06/05/2021 13:19:44,-999,-999,-999,3,2,340
06/05/2021 13:20:00,-999,-999,-999,3,2,340
06/05/2021 13:20:16,-999,-999,-999,3,2,1800
06/05/2021 13:20:32,-999,-999,-999,3,2,1800
06/05/2021 13:20:48,-999,-999,-999,3,3,360
06/05/2021 13:21:04,-999,-999,-999,3,3,360
06/05/2021 13:21:20,-999,-999,-999,3,3,360
06/05/2021 13:21:36,-999,-999,-999,3,3,300
06/05/2021 13:21:52,-999,-999,-999,3,3,300
06/05/2021 13:22:08,-999,-999,-999,3,2,1740
06/05/2021 13:22:24,-999,-999,-999,3,2,1740
06/05/2021 13:22:40,-999,-999,-999,3,3,1190
06/05/2021 13:22:56,-999,-999,-999,3,3,1190
06/05/2021 13:23:12,-999,-999,-999,3,1,300
06/05/2021 13:23:28,-999,-999,-999,3,1,300
06/05/2021 13:23:44,-999,-999,-999,3,1,300
06/05/2021 13:24:00,-999,-999,-999,3,2,2430
06/05/2021 13:24:16,-999,-999,-999,3,2,2430
06/05/2021 13:24:32,-999,-999,-999,3,2,580
06/05/2021 13:24:48,-999,-999,-999,3,2,580
06/05/2021 13:25:04,-999,-999,-999,3,3,270
06/05/2021 13:25:20,-999,-999,-999,3,3,270
06/05/2021 13:25:36,-999,-999,-999,3,1,360
06/05/2021 13:25:52,-999,-999,-999,3,1,360
06/05/2021 13:26:08,-999,-999,-999,3,1,360
06/05/2021 13:26:24,-999,-999,-999,3,1,390
06/05/2021 13:26:40,-999,-999,-999,3,1,390
06/05/2021 13:26:56,-999,-999,-999,3,1,320
06/05/2021 13:27:12,-999,-999,-999,3,1,320
06/05/2021 13:27:28,-999,-999,-999,3,3,280
06/05/2021 13:27:44,-999,-999,-999,3,3,280
06/05/2021 13:28:00,-999,-999,-999,3,2,270
06/05/2021 13:28:16,-999,-999,-999,3,2,270
06/05/2021 13:28:32,-999,-999,-999,3,2,270
06/05/2021 13:28:48,-999,-999,-999,3,3,350
06/05/2021 13:29:04,-999,-999,-999,3,3,350
06/05/2021 13:29:20,-999,-999,-999,3,3,360
06/05/2021 13:29:36,-999,-999,-999,3,3,360
06/05/2021 13:29:52,-999,-999,-999,3,3,1240
06/05/2021 13:30:08,-999,-999,-999,3,3,1240
06/05/2021 13:30:24,-999,-999,-999,3,3,1440
06/05/2021 13:30:40,-999,-999,-999,3,3,1440
06/05/2021 13:30:56,-999,-999,-999,3,3,1440
06/05/2021 13:31:12,-999,-999,-999,3,3,1530
06/05/2021 13:31:28,-999,-999,-999,3,3,1530
06/05/2021 13:31:44,-999,-999,-999,3,1,3930
06/05/2021 13:32:00,-999,-999,-999,3,1,3930
06/05/2021 13:32:16,-999,3060,-999,3,0,-999
06/05/2021 13:32:32,-999,3570,-999,3,0,-999
06/05/2021 13:32:48,-999,3700,-999,3,0,-999
06/05/2021 13:33:04,-999,3050,-999,3,0,-999
06/05/2021 13:33:20,-999,3040,-999,3,0,-999
06/05/2021 13:33:36,-999,80,-999,3,1,1170
06/05/2021 13:33:52,-999,80,-999,3,1,1170
06/05/2021 13:34:08,-999,80,-999,3,2,560
06/05/2021 13:34:24,-999,80,-999,3,2,560
06/05/2021 13:34:40,-999,80,-999,3,2,770
06/05/2021 13:34:56,-999,80,-999,3,2,770
06/05/2021 13:35:12,-999,80,-999,3,2,580
06/05/2021 13:35:28,-999,80,-999,3,2,580
06/05/2021 13:35:44,-999,70,-999,3,2,580
06/05/2021 13:36:00,-999,70,-999,3,3,480
06/05/2021 13:36:16,-999,70,-999,3,3,480
06/05/2021 13:36:32,-999,70,-999,3,3,600
06/05/2021 13:36:48,-999,70,-999,3,3,600
06/05/2021 13:37:04,-999,70,-999,3,1,550
06/05/2021 13:37:20,-999,70,-999,3,1,550
06/05/2021 13:37:36,-999,70,-999,3,1,510
06/05/2021 13:37:52,-999,70,-999,3,1,510
06/05/2021 13:38:08,-999,70,-999,3,1,510
06/05/2021 13:38:24,-999,70,-999,3,1,490
06/05/2021 13:38:40,-999,70,-999,3,1,490
06/05/2021 13:38:56,-999,70,-999,3,3,440
06/05/2021 13:39:12,-999,70,-999,3,3,440
06/05/2021 13:39:28,-999,70,-999,3,2,420
06/05/2021 13:39:44,-999,70,-999,3,2,420
06/05/2021 13:40:00,-999,-999,-999,3,2,480
06/05/2021 13:40:16,-999,-999,-999,3,2,480
06/05/2021 13:40:32,-999,-999,-999,3,2,480
06/05/2021 13:40:48,-999,-999,-999,3,2,500
06/05/2021 13:41:04,-999,-999,-999,3,2,500
06/05/2021 13:41:20,-999,-999,-999,3,2,460
06/05/2021 13:41:36,-999,-999,-999,3,2,460
06/05/2021 13:41:52,-999,-999,-999,3,3,400
06/05/2021 13:42:08,-999,-999,-999,3,3,400
06/05/2021 13:42:24,-999,-999,-999,3,2,390
06/05/2021 13:42:40,-999,-999,-999,3,2,390
06/05/2021 13:42:56,-999,-999,-999,3,2,390
06/05/2021 13:43:12,-999,-999,-999,3,1,360
06/05/2021 13:43:28,-999,-999,-999,3,1,360
06/05/2021 13:43:44,-999,-999,-999,3,1,390
06/05/2021 13:44:00,-999,-999,-999,3,1,390
06/05/2021 13:44:16,-999,-999,-999,3,1,350
06/05/2021 13:44:32,-999,-999,-999,3,1,350
06/05/2021 13:44:48,-999,480,-999,3,3,350
06/05/2021 13:45:04,-999,480,-999,3,3,350
06/05/2021 13:45:20,-999,470,-999,3,3,350
06/05/2021 13:45:36,-999,470,-999,3,1,340
06/05/2021 13:45:52,-999,470,-999,3,1,340
06/05/2021 13:46:08,-999,470,-999,3,1,350
06/05/2021 13:46:24,-999,470,-999,3,1,350
06/05/2021 13:46:40,-999,470,-999,3,1,340
06/05/2021 13:46:56,-999,460,-999,3,1,340
06/05/2021 13:47:12,-999,-999,-999,3,1,320
06/05/2021 13:47:28,-999,-999,-999,3,1,320
06/05/2021 13:47:44,-999,-999,-999,3,1,320
06/05/2021 13:48:00,-999,-999,-999,3,1,270
06/05/2021 13:48:16,-999,-999,-999,3,1,270
06/05/2021 13:48:32,-999,-999,-999,3,2,270
06/05/2021 13:48:48,-999,-999,-999,3,2,270
06/05/2021 13:49:04,-999,-999,-999,3,2,280
06/05/2021 13:49:20,-999,-999,-999,3,2,280
06/05/2021 13:49:36,-999,-999,-999,3,2,1180
06/05/2021 13:49:52,-999,-999,-999,3,2,1180
06/05/2021 13:50:08,-999,-999,-999,3,2,1180
06/05/2021 13:50:24,-999,-999,-999,3,2,1350
06/05/2021 13:50:40,-999,-999,-999,3,2,1350
06/05/2021 13:50:56,-999,-999,-999,3,2,1640
06/05/2021 13:51:12,-999,-999,-999,3,2,1640
06/05/2021 13:51:28,-999,-999,-999,3,2,1190
06/05/2021 13:51:44,-999,-999,-999,3,2,1190
06/05/2021 13:52:00,-999,-999,-999,3,3,1240
06/05/2021 13:52:16,-999,-999,-999,3,3,1240
06/05/2021 13:52:32,-999,-999,-999,3,3,1240
06/05/2021 13:52:48,-999,-999,-999,3,1,1240
06/05/2021 13:53:04,-999,-999,-999,3,1,1240
06/05/2021 13:53:20,-999,-999,-999,3,1,1270
06/05/2021 13:53:36,-999,-999,-999,3,1,1270
06/05/2021 13:53:52,-999,-999,-999,3,1,1310
06/05/2021 13:54:08,-999,-999,-999,3,1,1310
06/05/2021 13:54:24,-999,-999,-999,3,1,1340
06/05/2021 13:54:40,-999,-999,-999,3,1,1340
06/05/2021 13:54:56,-999,-999,-999,3,1,1340
06/05/2021 13:55:12,-999,-999,-999,3,1,1370
06/05/2021 13:55:28,-999,-999,-999,3,1,1370
06/05/2021 13:55:44,-999,-999,-999,3,1,1390
06/05/2021 13:56:00,-999,-999,-999,3,1,1390
06/05/2021 13:56:16,-999,-999,-999,3,2,1610
06/05/2021 13:56:32,-999,-999,-999,3,2,1610
06/05/2021 13:56:48,-999,-999,-999,3,1,2600
06/05/2021 13:57:04,-999,-999,-999,3,1,2600
06/05/2021 13:57:20,-999,-999,-999,3,1,2600
06/05/2021 13:57:36,-999,-999,-999,3,1,1530
06/05/2021 13:57:52,-999,-999,-999,3,1,1530
06/05/2021 13:58:08,-999,-999,-999,3,2,1590
06/05/2021 13:58:24,-999,-999,-999,3,2,1590
06/05/2021 13:58:40,-999,-999,-999,3,3,1570
06/05/2021 13:58:56,-999,-999,-999,3,3,1570
06/05/2021 13:59:12,-999,-999,-999,3,1,2400
06/05/2021 13:59:28,-999,-999,-999,3,1,2400
06/05/2021 13:59:44,-999,-999,-999,3,1,2400
06/05/2021 14:00:00,-999,-999,-999,3,2,1620
06/05/2021 14:00:16,-999,-999,-999,3,2,1620
06/05/2021 14:00:32,-999,-999,-999,3,2,980
06/05/2021 14:00:48,-999,-999,-999,3,2,980
06/05/2021 14:01:04,-999,-999,-999,3,2,1000
06/05/2021 14:01:20,-999,-999,-999,3,2,1000
06/05/2021 14:01:36,-999,-999,-999,3,1,940
06/05/2021 14:01:52,-999,-999,-999,3,1,940
06/05/2021 14:02:08,-999,-999,-999,3,1,940
06/05/2021 14:02:24,-999,-999,-999,3,1,930
06/05/2021 14:02:40,-999,-999,-999,3,1,930
06/05/2021 14:02:56,-999,-999,-999,3,3,380
06/05/2021 14:03:12,-999,-999,-999,3,3,380
06/05/2021 14:03:28,-999,-999,-999,3,2,1060
06/05/2021 14:03:44,-999,-999,-999,3,2,1060
06/05/2021 14:04:00,-999,-999,-999,3,3,770
06/05/2021 14:04:16,-999,-999,-999,3,3,770
06/05/2021 14:04:32,-999,-999,-999,3,3,770
06/05/2021 14:04:48,-999,-999,-999,3,2,780
06/05/2021 14:05:04,-999,-999,-999,3,2,780
06/05/2021 14:05:20,-999,-999,-999,3,2,800
06/05/2021 14:05:36,-999,-999,-999,3,2,800
06/05/2021 14:05:52,-999,-999,-999,3,1,800
06/05/2021 14:06:08,-999,-999,-999,3,1,800
06/05/2021 14:06:24,-999,-999,-999,3,2,810
06/05/2021 14:06:40,-999,-999,-999,3,2,810
06/05/2021 14:06:56,-999,-999,-999,3,2,810
06/05/2021 14:07:12,-999,-999,-999,3,2,850
06/05/2021 14:07:28,-999,-999,-999,3,2,850
06/05/2021 14:07:44,-999,-999,-999,3,1,1340
06/05/2021 14:08:00,-999,-999,-999,3,1,1340
06/05/2021 14:08:16,-999,-999,-999,3,2,1360
06/05/2021 14:08:32,-999,-999,-999,3,2,1360
06/05/2021 14:08:48,-999,-999,-999,3,2,1370
06/05/2021 14:09:04,-999,-999,-999,3,2,1370
06/05/2021 14:09:20,-999,-999,-999,3,2,1370
06/05/2021 14:09:36,-999,-999,-999,3,2,1420
06/05/2021 14:09:52,-999,-999,-999,3,2,1420
06/05/2021 14:10:08,-999,-999,-999,3,1,1420
06/05/2021 14:10:24,-999,-999,-999,3,1,1420
06/05/2021 14:10:40,-999,-999,-999,3,2,350
06/05/2021 14:10:56,-999,-999,-999,3,2,350
06/05/2021 14:11:12,-999,-999,-999,3,1,1490
06/05/2021 14:11:28,-999,-999,-999,3,1,1490
06/05/2021 14:11:44,-999,-999,-999,3,1,1490
06/05/2021 14:12:00,-999,-999,-999,3,1,1550
06/05/2021 14:12:16,-999,-999,-999,3,1,1550
06/05/2021 14:12:32,-999,-999,-999,3,2,1510
06/05/2021 14:12:48,-999,-999,-999,3,2,1510
06/05/2021 14:13:04,-999,-999,-999,3,1,1560
06/05/2021 14:13:20,-999,-999,-999,3,1,1560
06/05/2021 14:13:36,-999,-999,-999,3,2,310
06/05/2021 14:13:52,-999,-999,-999,3,2,310
06/05/2021 14:14:08,-999,-999,-999,3,2,310
06/05/2021 14:14:24,-999,-999,-999,3,2,300
06/05/2021 14:14:40,-999,-999,-999,3,2,300
06/05/2021 14:14:56,-999,-999,-999,3,2,1500
06/05/2021 14:15:12,-999,-999,-999,3,2,1500
06/05/2021 14:15:28,-999,-999,-999,3,3,320
06/05/2021 14:15:44,-999,-999,-999,3,3,320
06/05/2021 14:16:00,-999,-999,-999,3,1,1530
06/05/2021 14:16:16,-999,-999,-999,3,1,1530
06/05/2021 14:16:32,-999,-999,-999,3,1,1530
06/05/2021 14:16:48,-999,-999,-999,3,2,1600
06/05/2021 14:17:04,-999,-999,-999,3,2,1600
06/05/2021 14:17:20,-999,-999,-999,3,1,1600
06/05/2021 14:17:36,-999,1160,-999,3,1,1600
06/05/2021 14:17:52,-999,1160,-999,3,1,1560
06/05/2021 14:18:08,-999,330,-999,3,1,1560
06/05/2021 14:18:24,-999,330,-999,3,2,1560
06/05/2021 14:18:40,-999,330,-999,3,2,1560
06/05/2021 14:18:56,-999,330,-999,3,2,1560
06/05/2021 14:19:12,-999,330,-999,3,1,1580
06/05/2021 14:19:28,-999,330,-999,3,1,1580
06/05/2021 14:19:44,-999,330,-999,3,2,270
06/05/2021 14:20:00,-999,330,-999,3,2,270
06/05/2021 14:20:16,-999,330,-999,3,2,1660
06/05/2021 14:20:32,-999,330,-999,3,2,1660
06/05/2021 14:20:48,-999,330,-999,3,1,1670
06/05/2021 14:21:04,-999,310,-999,3,1,1670
06/05/2021 14:21:20,-999,310,-999,3,1,1670
06/05/2021 14:21:36,-999,310,-999,3,1,1760
06/05/2021 14:21:52,-999,310,-999,3,1,1760
06/05/2021 14:22:08,-999,310,-999,3,2,1890
06/05/2021 14:22:24,-999,310,-999,3,2,1890
06/05/2021 14:22:40,-999,310,-999,3,2,1960
06/05/2021 14:22:56,-999,310,-999,3,2,1960
06/05/2021 14:23:12,-999,310,-999,3,1,1900
06/05/2021 14:23:28,-999,310,-999,3,1,1900
06/05/2021 14:23:44,-999,310,-999,3,1,1900
06/05/2021 14:24:00,-999,310,-999,3,1,1900
06/05/2021 14:24:16,-999,310,-999,3,1,1900
06/05/2021 14:24:32,-999,310,-999,3,1,1960
06/05/2021 14:24:48,-999,310,-999,3,1,1960
06/05/2021 14:25:04,-999,310,-999,3,1,2000
06/05/2021 14:25:20,-999,310,-999,3,1,2000
06/05/2021 14:25:36,-999,310,-999,3,2,2010
06/05/2021 14:25:52,-999,310,-999,3,2,2010
06/05/2021 14:26:08,-999,310,-999,3,2,2010
06/05/2021 14:26:24,-999,300,-999,3,2,1980
06/05/2021 14:26:40,-999,300,-999,3,2,1980
06/05/2021 14:26:56,-999,300,-999,3,0,-999
06/05/2021 14:27:12,-999,300,-999,3,0,-999
06/05/2021 14:27:28,-999,300,-999,3,0,-999
06/05/2021 14:27:44,-999,300,-999,3,0,-999
06/05/2021 14:28:00,-999,300,-999,3,0,-999
06/05/2021 14:28:16,-999,300,-999,3,0,-999
06/05/2021 14:28:32,-999,300,-999,3,0,-999
06/05/2021 14:28:48,-999,300,-999,3,0,-999
06/05/2021 14:29:04,-999,310,-999,3,0,-999
06/05/2021 14:29:20,-999,310,-999,3,0,-999
06/05/2021 14:29:36,-999,310,-999,3,0,-999
06/05/2021 14:29:52,-999,310,-999,3,0,-999
06/05/2021 14:30:08,-999,310,-999,3,0,-999
06/05/2021 14:30:24,-999,310,-999,3,1,3890
06/05/2021 14:30:40,-999,310,-999,3,1,3890
06/05/2021 14:30:56,-999,310,-999,3,1,3890
06/05/2021 14:31:12,-999,310,-999,3,1,3880
06/05/2021 14:31:28,-999,310,-999,3,1,3880
06/05/2021 14:31:44,-999,310,-999,3,1,3950
06/05/2021 14:32:00,-999,310,-999,3,1,3950
06/05/2021 14:32:16,-999,310,-999,3,1,3930
06/05/2021 14:32:32,-999,310,-999,3,1,3930
06/05/2021 14:32:48,-999,320,-999,3,1,3930
06/05/2021 14:33:04,-999,320,-999,3,1,3930
06/05/2021 14:33:20,-999,320,-999,3,1,3930
06/05/2021 14:33:36,-999,320,-999,3,1,3930
06/05/2021 14:33:52,-999,320,-999,3,1,3930
06/05/2021 14:34:08,-999,320,-999,3,1,3960
06/05/2021 14:34:24,-999,320,-999,3,1,3960
06/05/2021 14:34:40,-999,320,-999,3,1,3900
06/05/2021 14:34:56,-999,320,-999,3,1,3900
06/05/2021 14:35:12,-999,330,-999,3,1,3920
06/05/2021 14:35:28,-999,330,-999,3,1,3920
06/05/2021 14:35:44,-999,330,-999,3,1,3920
06/05/2021 14:36:00,-999,330,-999,3,1,3930
06/05/2021 14:36:16,-999,330,-999,3,1,3930
06/05/2021 14:36:32,-999,330,-999,3,1,3910
06/05/2021 14:36:48,-999,330,-999,3,1,3910
06/05/2021 14:37:04,-999,330,-999,3,1,3910
06/05/2021 14:37:20,-999,330,-999,3,1,3910
06/05/2021 14:37:36,-999,330,-999,3,1,3960
06/05/2021 14:37:52,-999,330,-999,3,1,3960
06/05/2021 14:38:08,-999,330,-999,3,1,3960
06/05/2021 14:38:24,-999,330,-999,3,1,3970
06/05/2021 14:38:40,-999,340,-999,3,1,3970
06/05/2021 14:38:56,-999,340,-999,3,2,3970
06/05/2021 14:39:12,-999,340,-999,3,2,3970
06/05/2021 14:39:28,-999,340,-999,3,1,4330
06/05/2021 14:39:44,-999,340,-999,3,1,4330
06/05/2021 14:40:00,-999,340,-999,3,1,4320
06/05/2021 14:40:16,-999,340,-999,3,1,4320
06/05/2021 14:40:32,-999,350,-999,3,1,4320
06/05/2021 14:40:48,-999,350,-999,3,1,4340
06/05/2021 14:41:04,-999,350,-999,3,1,4340
06/05/2021 14:41:20,-999,350,-999,3,1,4340
06/05/2021 14:41:36,-999,350,-999,3,1,4340
06/05/2021 14:41:52,-999,350,-999,3,2,2750
06/05/2021 14:42:08,-999,350,-999,3,2,2750
06/05/2021 14:42:24,-999,350,-999,3,2,2750
06/05/2021 14:42:40,-999,350,-999,3,2,2750
06/05/2021 14:42:56,-999,350,-999,3,2,2750
06/05/2021 14:43:12,-999,350,-999,3,1,2750
06/05/2021 14:43:28,-999,350,-999,3,1,2750
06/05/2021 14:43:44,-999,350,-999,3,3,500
06/05/2021 14:44:00,-999,350,-999,3,3,500
06/05/2021 14:44:16,-999,350,-999,3,2,2670
06/05/2021 14:44:32,-999,350,-999,3,2,2670
06/05/2021 14:44:48,-999,350,-999,3,2,2680
06/05/2021 14:45:04,-999,350,-999,3,2,2680
06/05/2021 14:45:20,-999,350,-999,3,2,2680
06/05/2021 14:45:36,-999,350,-999,3,2,2690
06/05/2021 14:45:52,-999,310,-999,3,2,2690
06/05/2021 14:46:08,-999,310,-999,3,3,840
06/05/2021 14:46:24,-999,300,-999,3,3,840
06/05/2021 14:46:40,-999,300,-999,3,2,2660
06/05/2021 14:46:56,-999,300,-999,3,2,2660
06/05/2021 14:47:12,-999,620,-999,3,1,4280
06/05/2021 14:47:28,-999,620,-999,3,1,4280
06/05/2021 14:47:44,-999,620,-999,3,1,4280
06/05/2021 14:48:00,-999,620,-999,3,1,4270
06/05/2021 14:48:16,-999,620,-999,3,1,4270
06/05/2021 14:48:32,-999,620,-999,3,1,4280
06/05/2021 14:48:48,-999,630,-999,3,1,4280
06/05/2021 14:49:04,-999,380,-999,3,2,450
06/05/2021 14:49:20,-999,380,-999,3,2,450
06/05/2021 14:49:36,-999,380,-999,3,2,520
06/05/2021 14:49:52,-999,380,-999,3,2,520
06/05/2021 14:50:08,-999,380,-999,3,2,520
06/05/2021 14:50:24,-999,700,-999,3,1,4170
06/05/2021 14:50:40,-999,700,-999,3,1,4170
06/05/2021 14:50:56,-999,-999,-999,3,2,510
06/05/2021 14:51:12,-999,-999,-999,3,2,510
06/05/2021 14:51:28,-999,-999,-999,3,2,480
06/05/2021 14:51:44,-999,-999,-999,3,2,480
06/05/2021 14:52:00,-999,-999,-999,3,2,520
06/05/2021 14:52:16,-999,-999,-999,3,2,520
06/05/2021 14:52:32,-999,-999,-999,3,2,520
06/05/2021 14:52:48,-999,-999,-999,3,2,440
06/05/2021 14:53:04,-999,-999,-999,3,2,440
06/05/2021 14:53:20,-999,-999,-999,3,2,420
06/05/2021 14:53:36,-999,-999,-999,3,2,420
06/05/2021 14:53:52,-999,-999,-999,3,2,500
06/05/2021 14:54:08,-999,-999,-999,3,2,500
06/05/2021 14:54:24,-999,-999,-999,3,2,440
06/05/2021 14:54:40,-999,-999,-999,3,2,440
06/05/2021 14:54:56,-999,-999,-999,3,2,440
06/05/2021 14:55:12,-999,-999,-999,3,3,390
06/05/2021 14:55:28,-999,-999,-999,3,3,390
06/05/2021 14:55:44,-999,-999,-999,3,3,370
06/05/2021 14:56:00,-999,-999,-999,3,3,370
06/05/2021 14:56:16,-999,-999,-999,3,3,400
06/05/2021 14:56:32,-999,-999,-999,3,3,400
06/05/2021 14:56:48,-999,-999,-999,3,3,370
06/05/2021 14:57:04,-999,-999,-999,3,3,370
06/05/2021 14:57:20,-999,-999,-999,3,3,370
06/05/2021 14:57:36,-999,-999,-999,3,3,500
06/05/2021 14:57:52,-999,-999,-999,3,3,500
06/05/2021 14:58:08,-999,-999,-999,3,2,500
06/05/2021 14:58:24,-999,-999,-999,3,2,500
06/05/2021 14:58:40,-999,-999,-999,3,2,710
06/05/2021 14:58:56,-999,-999,-999,3,2,710
06/05/2021 14:59:12,-999,-999,-999,3,2,500
06/05/2021 14:59:28,-999,-999,-999,3,2,500
06/05/2021 14:59:44,-999,-999,-999,3,2,500
06/05/2021 15:00:00,2,-999,320,3,2,380
06/05/2021 15:00:16,2,-999,320,3,2,380
06/05/2021 15:00:32,2,-999,320,3,2,470
06/05/2021 15:00:48,2,-999,320,3,2,470
06/05/2021 15:01:04,2,-999,320,3,2,390
06/05/2021 15:01:20,2,-999,320,3,2,390
06/05/2021 15:01:36,2,-999,320,3,2,450
06/05/2021 15:01:52,2,-999,320,3,2,450
06/05/2021 15:02:08,2,-999,320,3,2,450
06/05/2021 15:02:24,2,-999,320,3,2,430
06/05/2021 15:02:40,2,-999,320,3,2,430
06/05/2021 15:02:56,2,-999,320,3,3,370
06/05/2021 15:03:12,2,-999,320,3,3,370
06/05/2021 15:03:28,2,-999,320,3,3,360
06/05/2021 15:03:44,2,-999,320,3,3,360
06/05/2021 15:04:00,2,-999,320,3,2,450
06/05/2021 15:04:16,2,-999,320,3,2,450
06/05/2021 15:04:32,2,-999,320,3,2,450
06/05/2021 15:04:48,2,-999,320,3,2,460
06/05/2021 15:05:04,2,-999,320,3,2,460
06/05/2021 15:05:20,2,-999,320,3,3,470
06/05/2021 15:05:36,2,-999,320,3,3,470
06/05/2021 15:05:52,2,-999,320,3,2,510
06/05/2021 15:06:08,2,-999,320,3,2,510
06/05/2021 15:06:24,2,-999,320,3,2,380
06/05/2021 15:06:40,2,-999,320,3,2,380
06/05/2021 15:06:56,2,-999,320,3,2,380
06/05/2021 15:07:12,2,-999,320,3,1,470
06/05/2021 15:07:28,2,-999,320,3,1,470
06/05/2021 15:07:44,2,-999,320,3,2,560
06/05/2021 15:08:00,2,-999,320,3,2,560
06/05/2021 15:08:16,2,-999,320,3,3,390
06/05/2021 15:08:32,2,-999,320,3,3,390
06/05/2021 15:08:48,2,-999,320,3,3,420
06/05/2021 15:09:04,2,-999,320,3,3,420
06/05/2021 15:09:20,2,-999,320,3,3,420
06/05/2021 15:09:36,2,-999,320,3,2,470
06/05/2021 15:09:52,2,-999,320,3,2,470
06/05/2021 15:10:08,2,-999,320,3,2,480
06/05/2021 15:10:24,2,-999,320,3,2,480
06/05/2021 15:10:40,2,-999,320,3,2,450
06/05/2021 15:10:56,2,-999,320,3,2,450
06/05/2021 15:11:12,2,-999,320,3,2,460
06/05/2021 15:11:28,2,-999,320,3,2,460
06/05/2021 15:11:44,2,-999,320,3,2,460
06/05/2021 15:12:00,2,-999,320,3,2,590
06/05/2021 15:12:16,2,-999,320,3,2,590
06/05/2021 15:12:32,2,-999,320,3,3,500
06/05/2021 15:12:48,2,-999,320,3,3,500
06/05/2021 15:13:04,2,-999,320,3,3,480
06/05/2021 15:13:20,2,-999,320,3,3,480
06/05/2021 15:13:36,2,-999,320,3,3,470
06/05/2021 15:13:52,2,-999,320,3,3,470
06/05/2021 15:14:08,2,-999,320,3,3,470
06/05/2021 15:14:24,2,-999,320,3,2,450
06/05/2021 15:14:40,2,-999,320,3,2,450
06/05/2021 15:14:56,2,-999,320,3,2,490
06/05/2021 15:15:12,2,-999,320,3,2,490
06/05/2021 15:15:28,2,-999,320,3,2,510
06/05/2021 15:15:44,2,-999,320,3,2,510
06/05/2021 15:16:00,2,-999,320,3,2,660
06/05/2021 15:16:16,2,-999,320,3,2,660
06/05/2021 15:16:32,2,-999,320,3,2,660
06/05/2021 15:16:48,2,-999,320,3,2,280
06/05/2021 15:17:04,2,-999,320,3,2,280
06/05/2021 15:17:20,2,-999,320,3,2,490
06/05/2021 15:17:36,2,-999,320,3,2,490
06/05/2021 15:17:52,2,-999,320,3,2,340
06/05/2021 15:18:08,2,-999,320,3,2,340
06/05/2021 15:18:24,2,-999,320,3,3,440
06/05/2021 15:18:40,2,-999,320,3,3,440
06/05/2021 15:18:56,2,-999,320,3,3,440
06/05/2021 15:19:12,2,-999,320,3,3,300
06/05/2021 15:19:28,2,-999,320,3,3,300
06/05/2021 15:19:44,2,630,320,3,1,5370
06/05/2021 15:20:00,2,630,320,3,1,5370
06/05/2021 15:20:16,2,-999,320,3,2,440
06/05/2021 15:20:32,2,-999,320,3,2,440
06/05/2021 15:20:48,2,-999,320,3,2,590
06/05/2021 15:21:04,2,-999,320,3,2,590
06/05/2021 15:21:20,2,-999,320,3,2,590
06/05/2021 15:21:36,2,620,320,3,1,5410
06/05/2021 15:21:52,2,610,320,3,1,5410
06/05/2021 15:22:08,2,600,320,3,1,5490
06/05/2021 15:22:24,2,600,320,3,1,5490
06/05/2021 15:22:40,2,-999,320,3,3,360
06/05/2021 15:22:56,2,-999,320,3,3,360
06/05/2021 15:23:12,2,-999,320,3,3,530
06/05/2021 15:23:28,2,-999,320,3,3,530
06/05/2021 15:23:44,2,-999,320,3,3,530
06/05/2021 15:24:00,2,-999,320,3,3,480
06/05/2021 15:24:16,2,-999,320,3,3,480
06/05/2021 15:24:32,2,-999,320,3,3,430
06/05/2021 15:24:48,2,-999,320,3,3,430
06/05/2021 15:25:04,2,-999,320,3,3,470
06/05/2021 15:25:20,2,-999,320,3,3,470
06/05/2021 15:25:36,2,-999,320,3,3,500
06/05/2021 15:25:52,2,-999,320,3,3,500
06/05/2021 15:26:08,2,-999,320,3,3,500
06/05/2021 15:26:24,2,-999,320,3,1,490
06/05/2021 15:26:40,2,-999,320,3,1,490
06/05/2021 15:26:56,2,-999,320,3,1,470
06/05/2021 15:27:12,2,-999,320,3,1,470
06/05/2021 15:27:28,2,-999,320,3,3,540
06/05/2021 15:27:44,2,-999,320,3,3,540
06/05/2021 15:28:00,2,-999,320,3,3,650
06/05/2021 15:28:16,2,-999,320,3,3,650
06/05/2021 15:28:32,2,-999,320,3,3,650
06/05/2021 15:28:48,2,-999,320,3,2,550
06/05/2021 15:29:04,2,-999,320,3,2,550
06/05/2021 15:29:20,2,-999,320,3,2,610
06/05/2021 15:29:36,2,-999,320,3,2,610
06/05/2021 15:29:52,2,-999,320,3,1,460
06/05/2021 15:30:08,2,-999,320,3,1,460
06/05/2021 15:30:24,2,-999,320,3,1,440
06/05/2021 15:30:40,2,-999,320,3,1,440
06/05/2021 15:30:56,2,-999,320,3,1,440
06/05/2021 15:31:12,2,-999,320,3,1,440
06/05/2021 15:31:28,2,-999,320,3,1,440
06/05/2021 15:31:44,2,-999,320,3,1,480
06/05/2021 15:32:00,2,-999,320,3,1,480
06/05/2021 15:32:16,2,-999,320,3,1,450
06/05/2021 15:32:32,2,-999,320,3,1,450
06/05/2021 15:32:48,2,-999,320,3,1,490
06/05/2021 15:33:04,2,-999,320,3,1,490
06/05/2021 15:33:20,2,-999,320,3,1,490
06/05/2021 15:33:36,2,-999,320,3,1,510
06/05/2021 15:33:52,2,-999,320,3,1,510
06/05/2021 15:34:08,2,-999,320,3,2,630
06/05/2021 15:34:24,2,-999,320,3,2,630
06/05/2021 15:34:40,2,-999,320,3,3,570
06/05/2021 15:34:56,2,-999,320,3,3,570
06/05/2021 15:35:12,2,-999,320,3,2,710
06/05/2021 15:35:28,2,-999,320,3,2,710
06/05/2021 15:35:44,2,-999,320,3,2,710
06/05/2021 15:36:00,2,-999,320,3,3,590
06/05/2021 15:36:16,2,-999,320,3,3,590
06/05/2021 15:36:32,2,-999,320,3,2,550
06/05/2021 15:36:48,2,-999,320,3,2,550
06/05/2021 15:37:04,2,-999,320,3,2,450
06/05/2021 15:37:20,2,-999,320,3,2,450
06/05/2021 15:37:36,2,-999,320,3,1,450
06/05/2021 15:37:52,2,-999,320,3,1,450
06/05/2021 15:38:08,2,-999,320,3,1,450
06/05/2021 15:38:24,2,-999,320,3,1,480
06/05/2021 15:38:40,2,-999,320,3,1,480
06/05/2021 15:38:56,2,-999,320,3,3,430
06/05/2021 15:39:12,2,-999,320,3,3,430
06/05/2021 15:39:28,2,-999,320,3,3,640
06/05/2021 15:39:44,2,-999,320,3,3,640
06/05/2021 15:40:00,2,-999,320,3,1,450
06/05/2021 15:40:16,2,-999,320,3,1,450
06/05/2021 15:40:32,2,-999,320,3,1,450
06/05/2021 15:40:48,2,-999,320,3,2,440
06/05/2021 15:41:04,2,-999,320,3,2,440
06/05/2021 15:41:20,2,-999,320,3,2,510
06/05/2021 15:41:36,2,-999,320,3,2,510
06/05/2021 15:41:52,2,-999,320,3,3,450
06/05/2021 15:42:08,2,-999,320,3,3,450
06/05/2021 15:42:24,2,-999,320,3,2,950
06/05/2021 15:42:40,2,-999,320,3,2,950
06/05/2021 15:42:56,2,-999,320,3,2,950
06/05/2021 15:43:12,2,-999,320,3,2,560
06/05/2021 15:43:28,2,-999,320,3,2,560
06/05/2021 15:43:44,2,-999,320,3,2,480
06/05/2021 15:44:00,2,-999,320,3,2,480
06/05/2021 15:44:16,2,-999,320,3,1,420
06/05/2021 15:44:32,2,-999,320,3,1,420
06/05/2021 15:44:48,2,-999,320,3,1,370
06/05/2021 15:45:04,2,-999,320,3,1,370
06/05/2021 15:45:20,2,-999,320,3,1,370
06/05/2021 15:45:36,2,-999,320,3,2,420
06/05/2021 15:45:52,2,-999,320,3,2,420
06/05/2021 15:46:08,2,-999,320,3,2,440
06/05/2021 15:46:24,2,-999,320,3,2,440
06/05/2021 15:46:40,2,-999,320,3,2,720
06/05/2021 15:46:56,2,-999,320,3,2,720
06/05/2021 15:47:12,2,-999,320,3,3,520
06/05/2021 15:47:28,2,-999,320,3,3,520
06/05/2021 15:47:44,2,-999,320,3,3,520
06/05/2021 15:48:00,2,-999,320,3,2,490
06/05/2021 15:48:16,2,-999,320,3,2,490
06/05/2021 15:48:32,2,-999,320,3,2,460
06/05/2021 15:48:48,2,-999,320,3,2,460
06/05/2021 15:49:04,2,-999,320,3,3,820
06/05/2021 15:49:20,2,-999,320,3,3,820
06/05/2021 15:49:36,2,-999,320,3,2,710
06/05/2021 15:49:52,2,-999,320,3,2,710
06/05/2021 15:50:08,2,-999,320,3,2,710
06/05/2021 15:50:24,2,-999,320,3,3,480
06/05/2021 15:50:40,2,-999,320,3,3,480
06/05/2021 15:50:56,2,-999,320,3,3,420
06/05/2021 15:51:12,2,-999,320,3,3,420
06/05/2021 15:51:28,2,-999,320,3,3,480
06/05/2021 15:51:44,2,-999,320,3,3,480
06/05/2021 15:52:00,2,-999,320,3,3,440
06/05/2021 15:52:16,2,-999,320,3,3,440
06/05/2021 15:52:32,2,-999,320,3,3,440
06/05/2021 15:52:48,2,-999,320,3,2,440
06/05/2021 15:53:04,2,-999,320,3,2,440
06/05/2021 15:53:20,2,-999,320,3,3,430
06/05/2021 15:53:36,2,-999,320,3,3,430
06/05/2021 15:53:52,2,-999,320,3,3,530
06/05/2021 15:54:08,2,-999,320,3,3,530
06/05/2021 15:54:24,2,-999,320,3,3,570
06/05/2021 15:54:40,2,-999,320,3,3,570
06/05/2021 15:54:56,2,-999,320,3,3,570
06/05/2021 15:55:12,2,-999,320,3,2,540
06/05/2021 15:55:28,2,-999,320,3,2,540
06/05/2021 15:55:44,2,-999,320,3,1,480
06/05/2021 15:56:00,2,-999,320,3,1,480
06/05/2021 15:56:16,2,-999,320,3,1,490
06/05/2021 15:56:32,2,-999,320,3,1,490
06/05/2021 15:56:48,2,-999,320,3,2,470
06/05/2021 15:57:04,2,-999,320,3,2,470
06/05/2021 15:57:20,2,-999,320,3,2,470
06/05/2021 15:57:36,2,-999,320,3,2,420
06/05/2021 15:57:52,2,-999,320,3,2,420
06/05/2021 15:58:08,2,-999,320,3,3,430
06/05/2021 15:58:24,2,-999,320,3,3,430
06/05/2021 15:58:40,2,-999,320,3,3,390
06/05/2021 15:58:56,2,-999,320,3,3,390
06/05/2021 15:59:12,2,-999,320,3,3,600
06/05/2021 15:59:28,2,-999,320,3,3,600
06/05/2021 15:59:44,2,-999,320,3,3,600
06/05/2021 16:00:00,-999,-999,-999,3,3,440
06/05/2021 16:00:16,-999,-999,-999,3,3,440
06/05/2021 16:00:32,-999,-999,-999,3,3,460
06/05/2021 16:00:48,-999,-999,-999,3,3,460
06/05/2021 16:01:04,-999,-999,-999,3,3,440
06/05/2021 16:01:20,-999,-999,-999,3,3,440
06/05/2021 16:01:36,-999,-999,-999,3,3,470
06/05/2021 16:01:52,-999,-999,-999,3,3,470
06/05/2021 16:02:08,-999,-999,-999,3,3,470
06/05/2021 16:02:24,-999,-999,-999,3,1,450
06/05/2021 16:02:40,-999,-999,-999,3,1,450
06/05/2021 16:02:56,-999,-999,-999,3,2,450
06/05/2021 16:03:12,-999,-999,-999,3,2,450
06/05/2021 16:03:28,-999,-999,-999,3,2,490
06/05/2021 16:03:44,-999,-999,-999,3,2,490
06/05/2021 16:04:00,-999,-999,-999,3,2,470
06/05/2021 16:04:16,-999,-999,-999,3,2,470
06/05/2021 16:04:32,-999,-999,-999,3,2,470
06/05/2021 16:04:48,-999,-999,-999,3,2,480
06/05/2021 16:05:04,-999,-999,-999,3,2,480
06/05/2021 16:05:20,-999,-999,-999,3,2,530
06/05/2021 16:05:36,-999,-999,-999,3,2,530
06/05/2021 16:05:52,-999,-999,-999,3,3,470
06/05/2021 16:06:08,-999,-999,-999,3,3,470
06/05/2021 16:06:24,-999,-999,-999,3,2,470
06/05/2021 16:06:40,-999,-999,-999,3,2,470
06/05/2021 16:06:56,-999,-999,-999,3,2,470
06/05/2021 16:07:12,-999,-999,-999,3,3,440
06/05/2021 16:07:28,-999,-999,-999,3,3,440
06/05/2021 16:07:44,-999,-999,-999,3,3,640
06/05/2021 16:08:00,-999,-999,-999,3,3,640
06/05/2021 16:08:16,-999,-999,-999,3,2,630
06/05/2021 16:08:32,-999,-999,-999,3,2,630
06/05/2021 16:08:48,-999,-999,-999,3,3,760
06/05/2021 16:09:04,-999,-999,-999,3,3,760
06/05/2021 16:09:20,-999,-999,-999,3,3,760
06/05/2021 16:09:36,-999,-999,-999,3,2,560
06/05/2021 16:09:52,-999,-999,-999,3,2,560
06/05/2021 16:10:08,-999,-999,-999,3,2,650
06/05/2021 16:10:24,-999,-999,-999,3,2,650
06/05/2021 16:10:40,-999,-999,-999,3,2,480
06/05/2021 16:10:56,-999,-999,-999,3,2,480
06/05/2021 16:11:12,-999,-999,-999,3,2,470
06/05/2021 16:11:28,-999,-999,-999,3,2,470
06/05/2021 16:11:44,-999,-999,-999,3,2,470
06/05/2021 16:12:00,-999,-999,-999,3,1,430
06/05/2021 16:12:16,-999,-999,-999,3,1,430
06/05/2021 16:12:32,-999,-999,-999,3,2,420
06/05/2021 16:12:48,-999,-999,-999,3,2,420
06/05/2021 16:13:04,-999,-999,-999,3,2,470
06/05/2021 16:13:20,-999,-999,-999,3,2,470
06/05/2021 16:13:36,-999,-999,-999,3,2,850
06/05/2021 16:13:52,-999,-999,-999,3,2,850
06/05/2021 16:14:08,-999,-999,-999,3,2,850
06/05/2021 16:14:24,-999,-999,-999,3,3,450
06/05/2021 16:14:40,-999,-999,-999,3,3,450
06/05/2021 16:14:56,-999,-999,-999,3,2,440
06/05/2021 16:15:12,-999,-999,-999,3,2,440
06/05/2021 16:15:28,-999,-999,-999,3,3,390
06/05/2021 16:15:44,-999,-999,-999,3,3,390
06/05/2021 16:16:00,-999,-999,-999,3,3,720
06/05/2021 16:16:16,-999,-999,-999,3,3,720
06/05/2021 16:16:32,-999,-999,-999,3,3,720
06/05/2021 16:16:48,-999,-999,-999,3,2,650
06/05/2021 16:17:04,-999,-999,-999,3,2,650
06/05/2021 16:17:20,-999,-999,-999,3,2,410
06/05/2021 16:17:36,-999,-999,-999,3,2,410
06/05/2021 16:17:52,-999,-999,-999,3,2,610
06/05/2021 16:18:08,-999,-999,-999,3,2,610
06/05/2021 16:18:24,-999,-999,-999,3,3,520
06/05/2021 16:18:40,-999,-999,-999,3,3,520
06/05/2021 16:18:56,-999,-999,-999,3,3,520
06/05/2021 16:19:12,-999,-999,-999,3,2,440
06/05/2021 16:19:28,-999,-999,-999,3,2,440
06/05/2021 16:19:44,-999,-999,-999,3,3,430
06/05/2021 16:20:00,-999,-999,-999,3,3,430
06/05/2021 16:20:16,-999,-999,-999,3,2,580
06/05/2021 16:20:32,-999,-999,-999,3,2,580
06/05/2021 16:20:48,-999,-999,-999,3,3,380
06/05/2021 16:21:04,-999,-999,-999,3,3,380
06/05/2021 16:21:20,-999,-999,-999,3,3,380
06/05/2021 16:21:36,-999,-999,-999,3,2,420
06/05/2021 16:21:52,-999,-999,-999,3,2,420
06/05/2021 16:22:08,-999,-999,-999,3,2,460
06/05/2021 16:22:24,-999,-999,-999,3,2,460
06/05/2021 16:22:40,-999,-999,-999,3,2,450
06/05/2021 16:22:56,-999,-999,-999,3,2,450
06/05/2021 16:23:12,-999,-999,-999,3,2,410
06/05/2021 16:23:28,-999,-999,-999,3,2,410
06/05/2021 16:23:44,-999,-999,-999,3,2,410
06/05/2021 16:24:00,-999,-999,-999,3,3,500
06/05/2021 16:24:16,-999,-999,-999,3,3,500
06/05/2021 16:24:32,-999,-999,-999,3,2,450
06/05/2021 16:24:48,-999,-999,-999,3,2,450
06/05/2021 16:25:04,-999,-999,-999,3,2,450
06/05/2021 16:25:20,-999,-999,-999,3,2,450
06/05/2021 16:25:36,-999,-999,-999,3,3,420
06/05/2021 16:25:52,-999,-999,-999,3,3,420
06/05/2021 16:26:08,-999,-999,-999,3,3,420
06/05/2021 16:26:24,-999,-999,-999,3,3,420
06/05/2021 16:26:40,-999,-999,-999,3,3,420
06/05/2021 16:26:56,-999,-999,-999,3,1,910
06/05/2021 16:27:12,-999,-999,-999,3,1,910
06/05/2021 16:27:28,-999,-999,-999,3,3,510
06/05/2021 16:27:44,-999,-999,-999,3,3,510
06/05/2021 16:28:00,-999,-999,-999,3,1,450
06/05/2021 16:28:16,-999,-999,-999,3,1,450
06/05/2021 16:28:32,-999,-999,-999,3,1,450
06/05/2021 16:28:48,-999,-999,-999,3,2,410
06/05/2021 16:29:04,-999,-999,-999,3,2,410
06/05/2021 16:29:20,-999,-999,-999,3,2,460
06/05/2021 16:29:36,-999,-999,-999,3,2,460
06/05/2021 16:29:52,-999,-999,-999,3,3,430
06/05/2021 16:30:08,-999,-999,-999,3,3,430
06/05/2021 16:30:24,-999,-999,-999,3,2,450
06/05/2021 16:30:40,-999,-999,-999,3,2,450
06/05/2021 16:30:56,-999,-999,-999,3,2,450
06/05/2021 16:31:12,-999,-999,-999,3,3,450
06/05/2021 16:31:28,-999,-999,-999,3,3,450
06/05/2021 16:31:44,-999,-999,-999,3,3,490
06/05/2021 16:32:00,-999,-999,-999,3,3,490
06/05/2021 16:32:16,-999,-999,-999,3,1,760
06/05/2021 16:32:32,-999,-999,-999,3,1,760
06/05/2021 16:32:48,-999,-999,-999,3,2,470
06/05/2021 16:33:04,-999,-999,-999,3,2,470
06/05/2021 16:33:20,-999,-999,-999,3,2,470
06/05/2021 16:33:36,-999,-999,-999,3,2,460
06/05/2021 16:33:52,-999,-999,-999,3,2,460
06/05/2021 16:34:08,-999,-999,-999,3,2,470
06/05/2021 16:34:24,-999,-999,-999,3,2,470
06/05/2021 16:34:40,-999,-999,-999,3,2,500
06/05/2021 16:34:56,-999,-999,-999,3,2,500
06/05/2021 16:35:12,-999,-999,-999,3,1,470
06/05/2021 16:35:28,-999,-999,-999,3,1,470
06/05/2021 16:35:44,-999,-999,-999,3,1,470
06/05/2021 16:36:00,-999,-999,-999,3,2,470
06/05/2021 16:36:16,-999,-999,-999,3,2,470
06/05/2021 16:36:32,-999,-999,-999,3,1,470
06/05/2021 16:36:48,-999,-999,-999,3,1,470
06/05/2021 16:37:04,-999,-999,-999,3,2,540
06/05/2021 16:37:20,-999,-999,-999,3,2,540
06/05/2021 16:37:36,-999,-999,-999,3,1,790
06/05/2021 16:37:52,-999,-999,-999,3,1,790
06/05/2021 16:38:08,-999,-999,-999,3,1,790
06/05/2021 16:38:24,-999,-999,-999,3,2,590
06/05/2021 16:38:40,-999,-999,-999,3,2,590
06/05/2021 16:38:56,-999,-999,-999,3,1,590
06/05/2021 16:39:12,-999,-999,-999,3,1,590
06/05/2021 16:39:28,-999,-999,-999,3,3,530
06/05/2021 16:39:44,-999,-999,-999,3,3,530
06/05/2021 16:40:00,-999,-999,-999,3,3,440
06/05/2021 16:40:16,-999,-999,-999,3,3,440
06/05/2021 16:40:32,-999,-999,-999,3,3,440
06/05/2021 16:40:48,-999,-999,-999,3,2,430
06/05/2021 16:41:04,-999,-999,-999,3,2,430
06/05/2021 16:41:20,-999,-999,-999,3,1,360
06/05/2021 16:41:36,-999,-999,-999,3,1,360
06/05/2021 16:41:52,-999,-999,-999,3,3,400
06/05/2021 16:42:08,-999,-999,-999,3,3,400
06/05/2021 16:42:24,-999,-999,-999,3,2,380
06/05/2021 16:42:40,-999,-999,-999,3,2,380
06/05/2021 16:42:56,-999,-999,-999,3,2,380
06/05/2021 16:43:12,-999,-999,-999,3,2,520
06/05/2021 16:43:28,-999,-999,-999,3,2,520
06/05/2021 16:43:44,-999,-999,-999,3,3,540
06/05/2021 16:44:00,-999,-999,-999,3,3,540
06/05/2021 16:44:16,-999,-999,-999,3,1,430
06/05/2021 16:44:32,-999,-999,-999,3,1,430
06/05/2021 16:44:48,-999,-999,-999,3,2,460
06/05/2021 16:45:04,-999,-999,-999,3,2,460
06/05/2021 16:45:20,-999,-999,-999,3,2,460
06/05/2021 16:45:36,-999,-999,-999,3,3,820
06/05/2021 16:45:52,-999,-999,-999,3,3,820
06/05/2021 16:46:08,-999,-999,-999,3,3,530
06/05/2021 16:46:24,-999,-999,-999,3,3,530
06/05/2021 16:46:40,-999,-999,-999,3,2,450
06/05/2021 16:46:56,-999,-999,-999,3,2,450
06/05/2021 16:47:12,-999,-999,-999,3,3,500
06/05/2021 16:47:28,-999,-999,-999,3,3,500
06/05/2021 16:47:44,-999,-999,-999,3,3,500
06/05/2021 16:48:00,-999,560,-999,3,1,500
06/05/2021 16:48:16,-999,560,-999,3,1,500
06/05/2021 16:48:32,-999,560,-999,3,2,460
06/05/2021 16:48:48,-999,560,-999,3,2,460
06/05/2021 16:49:04,-999,560,-999,3,1,2260
06/05/2021 16:49:20,-999,560,-999,3,1,2260
06/05/2021 16:49:36,-999,560,-999,3,1,2240
06/05/2021 16:49:52,-999,560,-999,3,1,2240
06/05/2021 16:50:08,-999,550,-999,3,1,2240
06/05/2021 16:50:24,-999,550,-999,3,1,2280
06/05/2021 16:50:40,-999,540,-999,3,1,2280
06/05/2021 16:50:56,-999,600,-999,3,0,-999
06/05/2021 16:51:12,-999,580,-999,3,0,-999
06/05/2021 16:51:28,-999,660,-999,3,0,-999
06/05/2021 16:51:44,-999,650,-999,3,0,-999
06/05/2021 16:52:00,-999,450,-999,3,1,2420
06/05/2021 16:52:16,-999,450,-999,3,1,2420
06/05/2021 16:52:32,-999,450,-999,3,1,2420
06/05/2021 16:52:48,-999,450,-999,3,2,2320
06/05/2021 16:53:04,-999,450,-999,3,2,2320
06/05/2021 16:53:20,-999,450,-999,3,2,550
06/05/2021 16:53:36,-999,350,-999,3,2,550
06/05/2021 16:53:52,-999,350,-999,3,2,560
06/05/2021 16:54:08,-999,340,-999,3,2,560
06/05/2021 16:54:24,-999,330,-999,3,2,550
06/05/2021 16:54:40,-999,330,-999,3,2,550
06/05/2021 16:54:56,-999,330,-999,3,2,550
06/05/2021 16:55:12,-999,330,-999,3,1,540
06/05/2021 16:55:28,-999,330,-999,3,1,540
06/05/2021 16:55:44,-999,330,-999,3,1,540
06/05/2021 16:56:00,-999,600,-999,3,1,540
06/05/2021 16:56:16,-999,610,-999,3,1,530
06/05/2021 16:56:32,-999,610,-999,3,1,530
06/05/2021 16:56:48,-999,610,-999,3,1,500
06/05/2021 16:57:04,-999,610,-999,3,1,500
06/05/2021 16:57:20,-999,610,-999,3,1,500
06/05/2021 16:57:36,-999,600,-999,3,1,520
06/05/2021 16:57:52,-999,600,-999,3,1,520
06/05/2021 16:58:08,-999,600,-999,3,1,530
06/05/2021 16:58:24,-999,600,-999,3,1,530
06/05/2021 16:58:40,-999,600,-999,3,1,480
06/05/2021 16:58:56,-999,600,-999,3,1,480
06/05/2021 16:59:12,-999,600,-999,3,1,450
06/05/2021 16:59:28,-999,590,-999,3,1,450
06/05/2021 16:59:44,-999,590,-999,3,1,450
06/05/2021 17:00:00,-999,580,-999,3,1,460
06/05/2021 17:00:16,1,580,600,3,1,460
06/05/2021 17:00:32,1,580,600,3,1,540
06/05/2021 17:00:48,1,580,600,3,1,540
06/05/2021 17:01:04,1,580,600,3,1,520
06/05/2021 17:01:20,1,580,600,3,1,520
06/05/2021 17:01:36,1,540,600,3,0,-999
06/05/2021 17:01:52,1,530,600,3,0,-999
06/05/2021 17:02:08,1,540,600,3,0,-999
06/05/2021 17:02:24,1,610,600,3,0,-999
06/05/2021 17:02:40,1,560,600,3,0,-999
06/05/2021 17:02:56,1,560,600,3,1,490
06/05/2021 17:03:12,1,560,600,3,1,490
06/05/2021 17:03:28,1,540,600,3,0,-999
06/05/2021 17:03:44,1,540,600,3,0,-999
06/05/2021 17:04:00,1,560,600,3,1,530
06/05/2021 17:04:16,1,570,600,3,1,530
06/05/2021 17:04:32,1,570,600,3,1,530
06/05/2021 17:04:48,1,570,600,3,1,500
06/05/2021 17:05:04,1,570,600,3,1,500
06/05/2021 17:05:20,1,570,600,3,1,550
06/05/2021 17:05:36,1,570,600,3,1,550
06/05/2021 17:05:52,1,580,600,3,1,520
06/05/2021 17:06:08,1,580,600,3,1,520
06/05/2021 17:06:24,1,580,600,3,1,540
06/05/2021 17:06:40,1,630,600,3,1,540
06/05/2021 17:06:56,1,630,600,3,1,540
06/05/2021 17:07:12,1,630,600,3,1,550
06/05/2021 17:07:28,1,630,600,3,1,550
06/05/2021 17:07:44,1,630,600,3,1,530
06/05/2021 17:08:00,1,630,600,3,1,530
06/05/2021 17:08:16,1,630,600,3,1,480
06/05/2021 17:08:32,1,630,600,3,1,480
06/05/2021 17:08:48,1,630,600,3,1,530
06/05/2021 17:09:04,1,630,600,3,1,530
06/05/2021 17:09:20,1,630,600,3,1,530
06/05/2021 17:09:36,1,620,600,3,1,490
06/05/2021 17:09:52,1,620,600,3,1,490
06/05/2021 17:10:08,1,620,600,3,1,450
06/05/2021 17:10:24,1,620,600,3,1,450
06/05/2021 17:10:40,1,620,600,3,2,530
06/05/2021 17:10:56,1,620,600,3,2,530
06/05/2021 17:11:12,1,620,600,3,2,550
06/05/2021 17:11:28,1,620,600,3,2,550
06/05/2021 17:11:44,1,620,600,3,2,550
06/05/2021 17:12:00,1,620,600,3,1,490
06/05/2021 17:12:16,1,620,600,3,1,490
06/05/2021 17:12:32,1,620,600,3,3,460
06/05/2021 17:12:48,1,620,600,3,3,460
06/05/2021 17:13:04,1,-999,600,3,2,470
06/05/2021 17:13:20,1,-999,600,3,2,470
06/05/2021 17:13:36,1,-999,600,3,3,440
06/05/2021 17:13:52,1,-999,600,3,3,440
06/05/2021 17:14:08,1,-999,600,3,3,440
06/05/2021 17:14:24,1,-999,600,3,1,500
06/05/2021 17:14:40,1,-999,600,3,1,500
06/05/2021 17:14:56,1,-999,600,3,1,460
06/05/2021 17:15:12,1,-999,600,3,1,460
06/05/2021 17:15:28,1,-999,600,3,1,430
06/05/2021 17:15:44,1,-999,600,3,1,430
06/05/2021 17:16:00,1,-999,600,3,1,560
06/05/2021 17:16:16,1,-999,600,3,1,560
06/05/2021 17:16:32,1,-999,600,3,1,560
06/05/2021 17:16:48,1,-999,600,3,1,470
06/05/2021 17:17:04,1,-999,600,3,1,470
06/05/2021 17:17:20,1,-999,600,3,1,500
06/05/2021 17:17:36,1,-999,600,3,1,500
06/05/2021 17:17:52,1,-999,600,3,1,480
06/05/2021 17:18:08,1,-999,600,3,1,480
06/05/2021 17:18:24,1,-999,600,3,2,430
06/05/2021 17:18:40,1,-999,600,3,2,430
06/05/2021 17:18:56,1,-999,600,3,2,430
06/05/2021 17:19:12,1,-999,600,3,1,460
06/05/2021 17:19:28,1,-999,600,3,1,460
06/05/2021 17:19:44,1,-999,600,3,2,450
06/05/2021 17:20:00,1,-999,600,3,2,450
06/05/2021 17:20:16,1,10,600,3,0,-999
06/05/2021 17:20:32,1,10,600,3,0,-999
06/05/2021 17:20:48,1,10,600,3,0,-999
06/05/2021 17:21:04,1,10,600,3,0,-999
06/05/2021 17:21:20,1,10,600,3,0,-999
06/05/2021 17:21:36,1,10,600,3,0,-999
06/05/2021 17:21:52,1,10,600,3,0,-999
06/05/2021 17:22:08,1,10,600,3,0,-999
06/05/2021 17:22:24,1,10,600,3,0,-999
06/05/2021 17:22:40,1,600,600,3,1,520
06/05/2021 17:22:56,1,600,600,3,1,520
06/05/2021 17:23:12,1,-999,600,3,2,460
06/05/2021 17:23:28,1,-999,600,3,2,460
06/05/2021 17:23:44,1,-999,600,3,2,460
06/05/2021 17:24:00,1,240,600,3,0,-999
06/05/2021 17:24:16,1,240,600,3,0,-999
06/05/2021 17:24:32,1,-999,600,3,1,450
06/05/2021 17:24:48,1,-999,600,3,1,450
06/05/2021 17:25:04,1,-999,600,3,1,490
06/05/2021 17:25:20,1,-999,600,3,1,490
06/05/2021 17:25:36,1,-999,600,3,1,460
06/05/2021 17:25:52,1,-999,600,3,1,460
06/05/2021 17:26:08,1,-999,600,3,1,460
06/05/2021 17:26:24,1,-999,600,3,1,710
06/05/2021 17:26:40,1,-999,600,3,1,710
06/05/2021 17:26:56,1,190,600,3,0,-999
06/05/2021 17:27:12,1,190,600,3,0,-999
06/05/2021 17:27:28,1,220,600,3,0,-999
06/05/2021 17:27:44,1,220,600,3,0,-999
06/05/2021 17:28:00,1,230,600,3,0,-999
06/05/2021 17:28:16,1,230,600,3,0,-999
06/05/2021 17:28:32,1,230,600,3,0,-999
06/05/2021 17:28:48,1,260,600,3,0,-999
06/05/2021 17:29:04,1,260,600,3,0,-999
06/05/2021 17:29:20,1,150,600,3,0,-999
06/05/2021 17:29:36,1,150,600,3,0,-999
06/05/2021 17:29:52,1,1030,600,3,1,710
06/05/2021 17:30:08,1,1030,600,3,1,710
06/05/2021 17:30:24,1,1030,600,3,1,720
06/05/2021 17:30:40,1,1030,600,3,1,720
06/05/2021 17:30:56,1,1030,600,3,1,720
06/05/2021 17:31:12,1,10,600,3,0,-999
06/05/2021 17:31:28,1,10,600,3,0,-999
06/05/2021 17:31:44,1,-999,600,3,1,550
06/05/2021 17:32:00,1,-999,600,3,1,550
06/05/2021 17:32:16,1,220,600,3,0,-999
06/05/2021 17:32:32,1,270,600,3,0,-999
06/05/2021 17:32:48,1,-999,600,3,1,510
06/05/2021 17:33:04,1,-999,600,3,1,510
06/05/2021 17:33:20,1,-999,600,3,1,510
06/05/2021 17:33:36,1,-999,600,3,1,560
06/05/2021 17:33:52,1,-999,600,3,1,560
06/05/2021 17:34:08,1,-999,600,3,1,720
06/05/2021 17:34:24,1,-999,600,3,1,720
06/05/2021 17:34:40,1,-999,600,3,3,450
06/05/2021 17:34:56,1,-999,600,3,3,450
06/05/2021 17:35:12,1,-999,600,3,2,510
06/05/2021 17:35:28,1,-999,600,3,2,510
06/05/2021 17:35:44,1,-999,600,3,2,510
06/05/2021 17:36:00,1,-999,600,3,3,470
06/05/2021 17:36:16,1,-999,600,3,3,470
06/05/2021 17:36:32,1,-999,600,3,1,470
06/05/2021 17:36:48,1,-999,600,3,1,470
06/05/2021 17:37:04,1,-999,600,3,1,480
06/05/2021 17:37:20,1,-999,600,3,1,480
06/05/2021 17:37:36,1,-999,600,3,1,450
06/05/2021 17:37:52,1,-999,600,3,1,450
06/05/2021 17:38:08,1,-999,600,3,1,450
06/05/2021 17:38:24,1,-999,600,3,2,440
06/05/2021 17:38:40,1,-999,600,3,2,440
06/05/2021 17:38:56,1,-999,600,3,1,880
06/05/2021 17:39:12,1,-999,600,3,1,880
06/05/2021 17:39:28,1,540,600,3,2,480
06/05/2021 17:39:44,1,540,600,3,2,480
06/05/2021 17:40:00,1,540,600,3,2,460
06/05/2021 17:40:16,1,540,600,3,2,460
06/05/2021 17:40:32,1,560,600,3,2,460
06/05/2021 17:40:48,1,560,600,3,2,980
06/05/2021 17:41:04,1,540,600,3,2,980
06/05/2021 17:41:20,1,540,600,3,3,470
06/05/2021 17:41:36,1,540,600,3,3,470
06/05/2021 17:41:52,1,540,600,3,2,830
06/05/2021 17:42:08,1,550,600,3,2,830
06/05/2021 17:42:24,1,550,600,3,2,480
06/05/2021 17:42:40,1,550,600,3,2,480
06/05/2021 17:42:56,1,550,600,3,2,480
06/05/2021 17:43:12,1,550,600,3,3,430
06/05/2021 17:43:28,1,540,600,3,3,430
06/05/2021 17:43:44,1,540,600,3,2,490
06/05/2021 17:44:00,1,530,600,3,2,490
06/05/2021 17:44:16,1,530,600,3,2,490
06/05/2021 17:44:32,1,530,600,3,2,490
06/05/2021 17:44:48,1,530,600,3,2,420
06/05/2021 17:45:04,1,530,600,3,2,420
06/05/2021 17:45:20,1,520,600,3,2,420
06/05/2021 17:45:36,1,520,600,3,1,870
06/05/2021 17:45:52,1,520,600,3,1,870
06/05/2021 17:46:08,1,520,600,3,2,550
06/05/2021 17:46:24,1,520,600,3,2,550
06/05/2021 17:46:40,1,500,600,3,1,480
06/05/2021 17:46:56,1,-999,600,3,1,480
06/05/2021 17:47:12,1,-999,600,3,1,450
06/05/2021 17:47:28,1,-999,600,3,1,450
06/05/2021 17:47:44,1,-999,600,3,1,450
06/05/2021 17:48:00,1,-999,600,3,1,490
06/05/2021 17:48:16,1,-999,600,3,1,490
06/05/2021 17:48:32,1,-999,600,3,1,460
06/05/2021 17:48:48,1,-999,600,3,1,460
06/05/2021 17:49:04,1,-999,600,3,2,430
06/05/2021 17:49:20,1,-999,600,3,2,430
06/05/2021 17:49:36,1,-999,600,3,2,420
06/05/2021 17:49:52,1,-999,600,3,2,420
06/05/2021 17:50:08,1,-999,600,3,2,420
06/05/2021 17:50:24,1,-999,600,3,2,510
06/05/2021 17:50:40,1,-999,600,3,2,510
06/05/2021 17:50:56,1,-999,600,3,2,460
06/05/2021 17:51:12,1,-999,600,3,2,460
06/05/2021 17:51:28,1,-999,600,3,2,560
06/05/2021 17:51:44,1,-999,600,3,2,560
06/05/2021 17:52:00,1,-999,600,3,1,470
06/05/2021 17:52:16,1,-999,600,3,1,470
06/05/2021 17:52:32,1,-999,600,3,1,470
06/05/2021 17:52:48,1,-999,600,3,2,410
06/05/2021 17:53:04,1,-999,600,3,2,410
06/05/2021 17:53:20,1,-999,600,3,1,410
06/05/2021 17:53:36,1,-999,600,3,1,410
06/05/2021 17:53:52,1,-999,600,3,1,400
06/05/2021 17:54:08,1,-999,600,3,1,400
06/05/2021 17:54:24,1,-999,600,3,1,400
06/05/2021 17:54:40,1,-999,600,3,1,400
06/05/2021 17:54:56,1,-999,600,3,1,400
06/05/2021 17:55:12,1,-999,600,3,1,410
06/05/2021 17:55:28,1,-999,600,3,1,410
06/05/2021 17:55:44,1,-999,600,3,1,410
06/05/2021 17:56:00,1,-999,600,3,1,410
06/05/2021 17:56:16,1,-999,600,3,1,400
06/05/2021 17:56:32,1,-999,600,3,1,400
06/05/2021 17:56:48,1,-999,600,3,1,390
06/05/2021 17:57:04,1,-999,600,3,1,390
06/05/2021 17:57:20,1,-999,600,3,1,390
06/05/2021 17:57:36,1,-999,600,3,1,430
06/05/2021 17:57:52,1,-999,600,3,1,430
06/05/2021 17:58:08,1,-999,600,3,2,420
06/05/2021 17:58:24,1,-999,600,3,2,420
06/05/2021 17:58:40,1,-999,600,3,2,450
06/05/2021 17:58:56,1,-999,600,3,2,450
06/05/2021 17:59:12,1,-999,600,3,1,530
06/05/2021 17:59:28,1,-999,600,3,1,530
06/05/2021 17:59:44,1,-999,600,3,1,530
06/05/2021 18:00:00,2,-999,570,3,1,470
06/05/2021 18:00:16,2,-999,570,3,1,470
06/05/2021 18:00:32,2,-999,570,3,1,390
06/05/2021 18:00:48,2,-999,570,3,1,390
06/05/2021 18:01:04,2,-999,570,3,1,390
06/05/2021 18:01:20,2,-999,570,3,1,390
06/05/2021 18:01:36,2,-999,570,3,2,460
06/05/2021 18:01:52,2,-999,570,3,2,460
06/05/2021 18:02:08,2,-999,570,3,2,460
06/05/2021 18:02:24,2,-999,570,3,1,400
06/05/2021 18:02:40,2,-999,570,3,1,400
06/05/2021 18:02:56,2,-999,570,3,1,370
06/05/2021 18:03:12,2,-999,570,3,1,370
06/05/2021 18:03:28,2,-999,570,3,1,350
06/05/2021 18:03:44,2,-999,570,3,1,350
06/05/2021 18:04:00,2,-999,570,3,2,380
06/05/2021 18:04:16,2,-999,570,3,2,380
06/05/2021 18:04:32,2,-999,570,3,2,380
06/05/2021 18:04:48,2,-999,570,3,2,380
06/05/2021 18:05:04,2,-999,570,3,2,380
06/05/2021 18:05:20,2,-999,570,3,1,750
06/05/2021 18:05:36,2,-999,570,3,1,750
06/05/2021 18:05:52,2,-999,570,3,1,730
06/05/2021 18:06:08,2,-999,570,3,1,730
06/05/2021 18:06:24,2,-999,570,3,2,390
06/05/2021 18:06:40,2,-999,570,3,2,390
06/05/2021 18:06:56,2,-999,570,3,2,390
06/05/2021 18:07:12,2,-999,570,3,2,530
06/05/2021 18:07:28,2,-999,570,3,2,530
06/05/2021 18:07:44,2,-999,570,3,2,450
06/05/2021 18:08:00,2,-999,570,3,2,450
06/05/2021 18:08:16,2,-999,570,3,2,420
06/05/2021 18:08:32,2,-999,570,3,2,420
06/05/2021 18:08:48,2,-999,570,3,1,410
06/05/2021 18:09:04,2,-999,570,3,1,410
06/05/2021 18:09:20,2,-999,570,3,1,410
06/05/2021 18:09:36,2,-999,570,3,2,400
06/05/2021 18:09:52,2,-999,570,3,2,400
06/05/2021 18:10:08,2,-999,570,3,2,370
06/05/2021 18:10:24,2,-999,570,3,2,370
06/05/2021 18:10:40,2,-999,570,3,1,390
06/05/2021 18:10:56,2,-999,570,3,1,390
06/05/2021 18:11:12,2,-999,570,3,3,450
06/05/2021 18:11:28,2,-999,570,3,3,450
06/05/2021 18:11:44,2,-999,570,3,3,450
06/05/2021 18:12:00,2,-999,570,3,2,380
06/05/2021 18:12:16,2,-999,570,3,2,380
06/05/2021 18:12:32,2,-999,570,3,1,420
06/05/2021 18:12:48,2,-999,570,3,1,420
06/05/2021 18:13:04,2,-999,570,3,1,480
06/05/2021 18:13:20,2,-999,570,3,1,480
06/05/2021 18:13:36,2,-999,570,3,2,480
06/05/2021 18:13:52,2,-999,570,3,2,480
06/05/2021 18:14:08,2,-999,570,3,2,480
06/05/2021 18:14:24,2,-999,570,3,1,460
06/05/2021 18:14:40,2,-999,570,3,1,460
06/05/2021 18:14:56,2,-999,570,3,1,410
06/05/2021 18:15:12,2,-999,570,3,1,410
06/05/2021 18:15:28,2,-999,570,3,1,380
06/05/2021 18:15:44,2,-999,570,3,1,380
06/05/2021 18:16:00,2,-999,570,3,1,340
06/05/2021 18:16:16,2,-999,570,3,1,340
06/05/2021 18:16:32,2,-999,570,3,1,340
06/05/2021 18:16:48,2,-999,570,3,1,370
06/05/2021 18:17:04,2,-999,570,3,1,370
06/05/2021 18:17:20,2,-999,570,3,2,360
06/05/2021 18:17:36,2,-999,570,3,2,360
06/05/2021 18:17:52,2,-999,570,3,1,560
06/05/2021 18:18:08,2,-999,570,3,1,560
06/05/2021 18:18:24,2,-999,570,3,2,400
06/05/2021 18:18:40,2,-999,570,3,2,400
06/05/2021 18:18:56,2,-999,570,3,2,400
06/05/2021 18:19:12,2,-999,570,3,1,460
06/05/2021 18:19:28,2,-999,570,3,1,460
06/05/2021 18:19:44,2,-999,570,3,1,600
06/05/2021 18:20:00,2,-999,570,3,1,600
06/05/2021 18:20:16,2,-999,570,3,1,560
06/05/2021 18:20:32,2,-999,570,3,1,560
06/05/2021 18:20:48,2,-999,570,3,1,600
06/05/2021 18:21:04,2,-999,570,3,1,600
06/05/2021 18:21:20,2,-999,570,3,1,600
06/05/2021 18:21:36,2,-999,570,3,1,640
06/05/2021 18:21:52,2,-999,570,3,1,640
06/05/2021 18:22:08,2,-999,570,3,1,560
06/05/2021 18:22:24,2,-999,570,3,1,560
06/05/2021 18:22:40,2,-999,570,3,1,620
06/05/2021 18:22:56,2,-999,570,3,1,620
06/05/2021 18:23:12,2,10,570,3,0,-999
06/05/2021 18:23:28,2,10,570,3,0,-999
06/05/2021 18:23:44,2,10,570,3,0,-999
06/05/2021 18:24:00,2,730,570,3,1,650
06/05/2021 18:24:16,2,730,570,3,1,650
06/05/2021 18:24:32,2,10,570,3,0,-999
06/05/2021 18:24:48,2,10,570,3,0,-999
06/05/2021 18:25:04,2,10,570,3,0,-999
06/05/2021 18:25:20,2,10,570,3,0,-999
06/05/2021 18:25:36,2,10,570,3,0,-999
06/05/2021 18:25:52,2,10,570,3,0,-999
06/05/2021 18:26:08,2,10,570,3,0,-999
06/05/2021 18:26:24,2,10,570,3,0,-999
06/05/2021 18:26:40,2,10,570,3,0,-999
06/05/2021 18:26:56,2,10,570,3,0,-999
06/05/2021 18:27:12,2,10,570,3,0,-999
06/05/2021 18:27:28,2,700,570,3,2,530
06/05/2021 18:27:44,2,700,570,3,2,530
06/05/2021 18:28:00,2,700,570,3,1,450
06/05/2021 18:28:16,2,690,570,3,1,450
06/05/2021 18:28:32,2,700,570,3,1,450
06/05/2021 18:28:48,2,700,570,3,1,610
06/05/2021 18:29:04,2,700,570,3,1,610
06/05/2021 18:29:20,2,-999,570,3,1,570
06/05/2021 18:29:36,2,-999,570,3,1,570
06/05/2021 18:29:52,2,-999,570,3,2,610
06/05/2021 18:30:08,2,-999,570,3,2,610
06/05/2021 18:30:24,2,-999,570,3,1,540
06/05/2021 18:30:40,2,-999,570,3,1,540
06/05/2021 18:30:56,2,-999,570,3,1,540
06/05/2021 18:31:12,2,-999,570,3,2,550
06/05/2021 18:31:28,2,-999,570,3,2,550
06/05/2021 18:31:44,2,-999,570,3,2,550
06/05/2021 18:32:00,2,-999,570,3,2,550
06/05/2021 18:32:16,2,-999,570,3,2,490
06/05/2021 18:32:32,2,-999,570,3,2,490
06/05/2021 18:32:48,2,-999,570,3,3,470
06/05/2021 18:33:04,2,-999,570,3,3,470
06/05/2021 18:33:20,2,-999,570,3,3,470
06/05/2021 18:33:36,2,-999,570,3,1,600
06/05/2021 18:33:52,2,-999,570,3,1,600
06/05/2021 18:34:08,2,-999,570,3,1,430
06/05/2021 18:34:24,2,-999,570,3,1,430
06/05/2021 18:34:40,2,-999,570,3,1,420
06/05/2021 18:34:56,2,-999,570,3,1,420
06/05/2021 18:35:12,2,-999,570,3,1,420
06/05/2021 18:35:28,2,-999,570,3,1,420
06/05/2021 18:35:44,2,-999,570,3,1,420
06/05/2021 18:36:00,2,-999,570,3,2,400
06/05/2021 18:36:16,2,-999,570,3,2,400
06/05/2021 18:36:32,2,-999,570,3,2,460
06/05/2021 18:36:48,2,-999,570,3,2,460
06/05/2021 18:37:04,2,-999,570,3,1,380
06/05/2021 18:37:20,2,-999,570,3,1,380
06/05/2021 18:37:36,2,-999,570,3,1,370
06/05/2021 18:37:52,2,-999,570,3,1,370
06/05/2021 18:38:08,2,-999,570,3,1,370
06/05/2021 18:38:24,2,-999,570,3,3,390
06/05/2021 18:38:40,2,-999,570,3,3,390
06/05/2021 18:38:56,2,-999,570,3,2,360
06/05/2021 18:39:12,2,-999,570,3,2,360
06/05/2021 18:39:28,2,-999,570,3,3,370
06/05/2021 18:39:44,2,-999,570,3,3,370
06/05/2021 18:40:00,2,-999,570,3,1,800
06/05/2021 18:40:16,2,-999,570,3,1,800
06/05/2021 18:40:32,2,-999,570,3,1,800
06/05/2021 18:40:48,2,-999,570,3,2,400
06/05/2021 18:41:04,2,-999,570,3,2,400
06/05/2021 18:41:20,2,-999,570,3,2,360
06/05/2021 18:41:36,2,-999,570,3,2,360
06/05/2021 18:41:52,2,-999,570,3,2,340
06/05/2021 18:42:08,2,-999,570,3,2,340
06/05/2021 18:42:24,2,-999,570,3,3,400
06/05/2021 18:42:40,2,-999,570,3,3,400
06/05/2021 18:42:56,2,-999,570,3,3,400
06/05/2021 18:43:12,2,-999,570,3,2,320
06/05/2021 18:43:28,2,-999,570,3,2,320
06/05/2021 18:43:44,2,-999,570,3,2,410
06/05/2021 18:44:00,2,-999,570,3,2,410
06/05/2021 18:44:16,2,-999,570,3,1,380
06/05/2021 18:44:32,2,-999,570,3,1,380
06/05/2021 18:44:48,2,-999,570,3,3,550
06/05/2021 18:45:04,2,-999,570,3,3,550
06/05/2021 18:45:20,2,-999,570,3,3,550
06/05/2021 18:45:36,2,-999,570,3,2,690
06/05/2021 18:45:52,2,-999,570,3,2,690
06/05/2021 18:46:08,2,-999,570,3,1,790
06/05/2021 18:46:24,2,-999,570,3,1,790
06/05/2021 18:46:40,2,-999,570,3,1,780
06/05/2021 18:46:56,2,-999,570,3,1,780
06/05/2021 18:47:12,2,-999,570,3,1,840
06/05/2021 18:47:28,2,-999,570,3,1,840
06/05/2021 18:47:44,2,-999,570,3,1,840
06/05/2021 18:48:00,2,-999,570,3,1,870
06/05/2021 18:48:16,2,-999,570,3,1,870
06/05/2021 18:48:32,2,-999,570,3,1,910
06/05/2021 18:48:48,2,-999,570,3,1,910
06/05/2021 18:49:04,2,-999,570,3,1,910
06/05/2021 18:49:20,2,-999,570,3,1,910
06/05/2021 18:49:36,2,-999,570,3,1,960
06/05/2021 18:49:52,2,-999,570,3,1,960
06/05/2021 18:50:08,2,-999,570,3,1,960
06/05/2021 18:50:24,2,-999,570,3,1,990
06/05/2021 18:50:40,2,-999,570,3,1,990
06/05/2021 18:50:56,2,-999,570,3,1,1030
06/05/2021 18:51:12,2,-999,570,3,1,1030
06/05/2021 18:51:28,2,-999,570,3,1,1070
06/05/2021 18:51:44,2,-999,570,3,1,1070
06/05/2021 18:52:00,2,-999,570,3,1,1090
06/05/2021 18:52:16,2,-999,570,3,1,1090
06/05/2021 18:52:32,2,-999,570,3,1,1090
06/05/2021 18:52:48,2,-999,570,3,2,450
06/05/2021 18:53:04,2,-999,570,3,2,450
06/05/2021 18:53:20,2,-999,570,3,2,460
06/05/2021 18:53:36,2,-999,570,3,2,460
06/05/2021 18:53:52,2,-999,570,3,1,430
06/05/2021 18:54:08,2,-999,570,3,1,430
06/05/2021 18:54:24,2,-999,570,3,3,430
06/05/2021 18:54:40,2,-999,570,3,3,430
06/05/2021 18:54:56,2,-999,570,3,3,430
06/05/2021 18:55:12,2,-999,570,3,2,390
06/05/2021 18:55:28,2,-999,570,3,2,390
06/05/2021 18:55:44,2,-999,570,3,1,410
06/05/2021 18:56:00,2,-999,570,3,1,410
06/05/2021 18:56:16,2,-999,570,3,1,390
06/05/2021 18:56:32,2,-999,570,3,1,390
06/05/2021 18:56:48,2,-999,570,3,2,390
06/05/2021 18:57:04,2,-999,570,3,2,390
06/05/2021 18:57:20,2,-999,570,3,2,390
06/05/2021 18:57:36,2,-999,570,3,1,530
06/05/2021 18:57:52,2,-999,570,3,1,530
06/05/2021 18:58:08,2,-999,570,3,1,470
06/05/2021 18:58:24,2,-999,570,3,1,470
06/05/2021 18:58:40,2,-999,570,3,1,500
06/05/2021 18:58:56,2,-999,570,3,1,500
06/05/2021 18:59:12,2,-999,570,3,3,440
06/05/2021 18:59:28,2,-999,570,3,3,440
06/05/2021 18:59:44,2,-999,570,3,3,440
06/05/2021 19:00:00,2,-999,10,3,1,1070
06/05/2021 19:00:16,2,-999,10,3,1,1070
06/05/2021 19:00:32,2,-999,10,3,1,960
06/05/2021 19:00:48,2,-999,10,3,1,960
06/05/2021 19:01:04,2,-999,10,3,1,940
06/05/2021 19:01:20,2,-999,10,3,1,940
06/05/2021 19:01:36,2,-999,10,3,2,540
06/05/2021 19:01:52,2,-999,10,3,2,540
06/05/2021 19:02:08,2,-999,10,3,2,540
06/05/2021 19:02:24,2,-999,10,3,1,390
06/05/2021 19:02:40,2,-999,10,3,1,390
06/05/2021 19:02:56,2,-999,10,3,3,400
06/05/2021 19:03:12,2,-999,10,3,3,400
06/05/2021 19:03:28,2,-999,10,3,1,380
06/05/2021 19:03:44,2,-999,10,3,1,380
06/05/2021 19:04:00,2,-999,10,3,1,350
06/05/2021 19:04:16,2,-999,10,3,1,350
06/05/2021 19:04:32,2,-999,10,3,1,350
06/05/2021 19:04:48,2,-999,10,3,3,350
06/05/2021 19:05:04,2,-999,10,3,3,350
06/05/2021 19:05:20,2,-999,10,3,2,1790
06/05/2021 19:05:36,2,-999,10,3,2,1790
06/05/2021 19:05:52,2,-999,10,3,2,1600
06/05/2021 19:06:08,2,-999,10,3,2,1600
06/05/2021 19:06:24,2,-999,10,3,2,1580
06/05/2021 19:06:40,2,-999,10,3,2,1580
06/05/2021 19:06:56,2,-999,10,3,2,1580
06/05/2021 19:07:12,2,-999,10,3,2,2010
06/05/2021 19:07:28,2,-999,10,3,2,2010
06/05/2021 19:07:44,2,-999,10,3,2,2020
06/05/2021 19:08:00,2,-999,10,3,2,2020
06/05/2021 19:08:16,2,-999,10,3,2,430
06/05/2021 19:08:32,2,-999,10,3,2,430
06/05/2021 19:08:48,2,-999,10,3,2,360
06/05/2021 19:09:04,2,-999,10,3,2,360
06/05/2021 19:09:20,2,-999,10,3,2,360
06/05/2021 19:09:36,2,-999,10,3,1,340
06/05/2021 19:09:52,2,-999,10,3,1,340
06/05/2021 19:10:08,2,-999,10,3,2,370
06/05/2021 19:10:24,2,-999,10,3,2,370
06/05/2021 19:10:40,2,-999,10,3,3,1090
06/05/2021 19:10:56,2,-999,10,3,3,1090
06/05/2021 19:11:12,2,-999,10,3,3,500
06/05/2021 19:11:28,2,-999,10,3,3,500
06/05/2021 19:11:44,2,-999,10,3,3,500
06/05/2021 19:12:00,2,-999,10,3,1,2340
06/05/2021 19:12:16,2,-999,10,3,1,2340
06/05/2021 19:12:32,2,-999,10,3,2,2060
06/05/2021 19:12:48,2,-999,10,3,2,2060
06/05/2021 19:13:04,2,-999,10,3,1,2040
06/05/2021 19:13:20,2,-999,10,3,1,2040
06/05/2021 19:13:36,2,-999,10,3,2,1880
06/05/2021 19:13:52,2,280,10,3,2,1880
06/05/2021 19:14:08,2,280,10,3,2,1880
06/05/2021 19:14:24,2,280,10,3,2,2000
06/05/2021 19:14:40,2,280,10,3,2,2000
06/05/2021 19:14:56,2,280,10,3,1,2040
06/05/2021 19:15:12,2,280,10,3,1,2040
06/05/2021 19:15:28,2,280,10,3,2,2140
06/05/2021 19:15:44,2,280,10,3,2,2140
06/05/2021 19:16:00,2,270,10,3,1,2270
06/05/2021 19:16:16,2,270,10,3,1,2270
06/05/2021 19:16:32,2,270,10,3,1,2270
06/05/2021 19:16:48,2,270,10,3,1,2460
06/05/2021 19:17:04,2,270,10,3,1,2460
06/05/2021 19:17:20,2,270,10,3,2,2190
06/05/2021 19:17:36,2,270,10,3,2,2190
06/05/2021 19:17:52,2,260,10,3,2,2250
06/05/2021 19:18:08,2,260,10,3,2,2250
06/05/2021 19:18:24,2,260,10,3,1,2250
06/05/2021 19:18:40,2,250,10,3,1,2250
06/05/2021 19:18:56,2,250,10,3,1,2250
06/05/2021 19:19:12,2,250,10,3,1,2160
06/05/2021 19:19:28,2,250,10,3,1,2160
06/05/2021 19:19:44,2,240,10,3,1,2200
06/05/2021 19:20:00,2,240,10,3,1,2200
06/05/2021 19:20:16,2,240,10,3,2,2130
06/05/2021 19:20:32,2,240,10,3,2,2130
06/05/2021 19:20:48,2,240,10,3,2,2010
06/05/2021 19:21:04,2,240,10,3,2,2010
06/05/2021 19:21:20,2,230,10,3,2,2010
06/05/2021 19:21:36,2,230,10,3,3,1470
06/05/2021 19:21:52,2,230,10,3,3,1470
06/05/2021 19:22:08,2,230,10,3,2,1820
06/05/2021 19:22:24,2,230,10,3,2,1820
06/05/2021 19:22:40,2,230,10,3,2,1820
06/05/2021 19:22:56,2,230,10,3,2,1820
06/05/2021 19:23:12,2,230,10,3,2,1930
06/05/2021 19:23:28,2,230,10,3,2,1930
06/05/2021 19:23:44,2,230,10,3,2,1930
06/05/2021 19:24:00,2,230,10,3,1,1940
06/05/2021 19:24:16,2,220,10,3,1,1940
06/05/2021 19:24:32,2,220,10,3,2,1960
06/05/2021 19:24:48,2,220,10,3,2,1960
06/05/2021 19:25:04,2,220,10,3,1,2220
06/05/2021 19:25:20,2,220,10,3,1,2220
06/05/2021 19:25:36,2,220,10,3,1,2340
06/05/2021 19:25:52,2,220,10,3,1,2340
06/05/2021 19:26:08,2,220,10,3,1,2340
06/05/2021 19:26:24,2,220,10,3,1,2290
06/05/2021 19:26:40,2,220,10,3,1,2290
06/05/2021 19:26:56,2,220,10,3,1,2280
06/05/2021 19:27:12,2,220,10,3,1,2280
06/05/2021 19:27:28,2,210,10,3,1,2210
06/05/2021 19:27:44,2,210,10,3,1,2210
06/05/2021 19:28:00,2,210,10,3,1,2150
06/05/2021 19:28:16,2,210,10,3,1,2150
06/05/2021 19:28:32,2,210,10,3,1,2150
06/05/2021 19:28:48,2,210,10,3,1,2100
06/05/2021 19:29:04,2,210,10,3,1,2100
06/05/2021 19:29:20,2,210,10,3,1,2050
06/05/2021 19:29:36,2,210,10,3,1,2050
06/05/2021 19:29:52,2,210,10,3,2,910
06/05/2021 19:30:08,2,210,10,3,2,910
06/05/2021 19:30:24,2,200,10,3,2,590
06/05/2021 19:30:40,2,200,10,3,2,590
06/05/2021 19:30:56,2,190,10,3,2,590
06/05/2021 19:31:12,2,190,10,3,3,680
06/05/2021 19:31:28,2,180,10,3,3,680
06/05/2021 19:31:44,2,180,10,3,2,650
06/05/2021 19:32:00,2,180,10,3,2,650
06/05/2021 19:32:16,2,170,10,3,2,920
06/05/2021 19:32:32,2,170,10,3,2,920
06/05/2021 19:32:48,2,170,10,3,1,2340
06/05/2021 19:33:04,2,170,10,3,1,2340
06/05/2021 19:33:20,2,160,10,3,1,2340
06/05/2021 19:33:36,2,160,10,3,1,2360
06/05/2021 19:33:52,2,160,10,3,1,2360
06/05/2021 19:34:08,2,160,10,3,1,2410
06/05/2021 19:34:24,2,150,10,3,1,2410
06/05/2021 19:34:40,2,150,10,3,1,2360
06/05/2021 19:34:56,2,150,10,3,1,2360
06/05/2021 19:35:12,2,150,10,3,2,490
06/05/2021 19:35:28,2,150,10,3,2,490
06/05/2021 19:35:44,2,150,10,3,2,490
06/05/2021 19:36:00,2,150,10,3,2,480
06/05/2021 19:36:16,2,150,10,3,2,480
06/05/2021 19:36:32,2,140,10,3,1,2380
06/05/2021 19:36:48,2,140,10,3,1,2380
06/05/2021 19:37:04,2,140,10,3,1,2390
06/05/2021 19:37:20,2,140,10,3,1,2390
06/05/2021 19:37:36,2,130,10,3,1,2400
06/05/2021 19:37:52,2,130,10,3,1,2400
06/05/2021 19:38:08,2,130,10,3,1,2400
06/05/2021 19:38:24,2,130,10,3,1,2400
06/05/2021 19:38:40,2,130,10,3,1,2400
06/05/2021 19:38:56,2,130,10,3,1,2450
06/05/2021 19:39:12,2,130,10,3,1,2450
06/05/2021 19:39:28,2,130,10,3,1,2510
06/05/2021 19:39:44,2,130,10,3,1,2510
06/05/2021 19:40:00,2,130,10,3,1,2550
06/05/2021 19:40:16,2,130,10,3,1,2550
06/05/2021 19:40:32,2,130,10,3,1,2550
06/05/2021 19:40:48,2,120,10,3,1,2570
06/05/2021 19:41:04,2,120,10,3,1,2570
06/05/2021 19:41:20,2,120,10,3,2,2600
06/05/2021 19:41:36,2,120,10,3,2,2600
06/05/2021 19:41:52,2,120,10,3,1,2860
06/05/2021 19:42:08,2,120,10,3,1,2860
06/05/2021 19:42:24,2,120,10,3,1,2850
06/05/2021 19:42:40,2,120,10,3,1,2850
06/05/2021 19:42:56,2,120,10,3,1,2850
06/05/2021 19:43:12,2,120,10,3,1,2820
06/05/2021 19:43:28,2,120,10,3,1,2820
06/05/2021 19:43:44,2,120,10,3,1,2710
06/05/2021 19:44:00,2,120,10,3,1,2710
06/05/2021 19:44:16,2,110,10,3,1,2730
06/05/2021 19:44:32,2,110,10,3,1,2730
06/05/2021 19:44:48,2,110,10,3,1,2760
06/05/2021 19:45:04,2,110,10,3,1,2760
06/05/2021 19:45:20,2,500,10,3,1,2760
06/05/2021 19:45:36,2,490,10,3,1,2780
06/05/2021 19:45:52,2,490,10,3,1,2780
06/05/2021 19:46:08,2,490,10,3,1,2830
06/05/2021 19:46:24,2,490,10,3,1,2830
06/05/2021 19:46:40,2,490,10,3,1,2800
06/05/2021 19:46:56,2,490,10,3,1,2800
06/05/2021 19:47:12,2,490,10,3,2,470
06/05/2021 19:47:28,2,490,10,3,2,470
06/05/2021 19:47:44,2,490,10,3,2,470
06/05/2021 19:48:00,2,490,10,3,2,480
06/05/2021 19:48:16,2,490,10,3,2,480
06/05/2021 19:48:32,2,490,10,3,1,460
06/05/2021 19:48:48,2,-999,10,3,1,460
06/05/2021 19:49:04,2,-999,10,3,1,450
06/05/2021 19:49:20,2,-999,10,3,1,450
06/05/2021 19:49:36,2,-999,10,3,1,440
06/05/2021 19:49:52,2,-999,10,3,1,440
06/05/2021 19:50:08,2,-999,10,3,1,440
06/05/2021 19:50:24,2,-999,10,3,1,450
06/05/2021 19:50:40,2,-999,10,3,1,450
06/05/2021 19:50:56,2,-999,10,3,2,440
06/05/2021 19:51:12,2,-999,10,3,2,440
06/05/2021 19:51:28,2,-999,10,3,2,480
06/05/2021 19:51:44,2,-999,10,3,2,480
06/05/2021 19:52:00,2,-999,10,3,2,420
06/05/2021 19:52:16,2,-999,10,3,2,420
06/05/2021 19:52:32,2,-999,10,3,2,420
06/05/2021 19:52:48,2,-999,10,3,2,450
06/05/2021 19:53:04,2,-999,10,3,2,450
06/05/2021 19:53:20,2,-999,10,3,1,630
06/05/2021 19:53:36,2,-999,10,3,1,630
06/05/2021 19:53:52,2,-999,10,3,1,530
06/05/2021 19:54:08,2,-999,10,3,1,530
06/05/2021 19:54:24,2,-999,10,3,1,430
06/05/2021 19:54:40,2,-999,10,3,1,430
06/05/2021 19:54:56,2,-999,10,3,1,430
06/05/2021 19:55:12,2,-999,10,3,2,490
06/05/2021 19:55:28,2,-999,10,3,2,490
06/05/2021 19:55:44,2,-999,10,3,1,410
06/05/2021 19:56:00,2,-999,10,3,1,410
06/05/2021 19:56:16,2,-999,10,3,1,390
06/05/2021 19:56:32,2,-999,10,3,1,390
06/05/2021 19:56:48,2,-999,10,3,1,420
06/05/2021 19:57:04,2,-999,10,3,1,420
06/05/2021 19:57:20,2,-999,10,3,1,420
06/05/2021 19:57:36,2,-999,10,3,2,410
06/05/2021 19:57:52,2,-999,10,3,2,410
06/05/2021 19:58:08,2,-999,10,3,1,460
06/05/2021 19:58:24,2,-999,10,3,1,460
06/05/2021 19:58:40,2,-999,10,3,2,460
06/05/2021 19:58:56,2,-999,10,3,2,460
06/05/2021 19:59:12,2,-999,10,3,2,420
06/05/2021 19:59:28,2,-999,10,3,2,420
06/05/2021 19:59:44,2,-999,10,3,2,420
06/05/2021 20:00:00,2,-999,220,3,1,750
06/05/2021 20:00:16,2,-999,220,3,1,750
06/05/2021 20:00:32,2,-999,220,3,3,470
06/05/2021 20:00:48,2,-999,220,3,3,470
06/05/2021 20:01:04,2,-999,220,3,1,380
06/05/2021 20:01:20,2,-999,220,3,1,380
06/05/2021 20:01:36,2,-999,220,3,1,370
06/05/2021 20:01:52,2,-999,220,3,1,370
06/05/2021 20:02:08,2,-999,220,3,1,370
06/05/2021 20:02:24,2,-999,220,3,1,410
06/05/2021 20:02:40,2,-999,220,3,1,410
06/05/2021 20:02:56,2,470,220,3,0,-999
06/05/2021 20:03:12,2,470,220,3,0,-999
06/05/2021 20:03:28,2,480,220,3,0,-999
06/05/2021 20:03:44,2,480,220,3,0,-999
06/05/2021 20:04:00,2,470,220,3,0,-999
06/05/2021 20:04:16,2,470,220,3,0,-999
06/05/2021 20:04:32,2,470,220,3,0,-999
06/05/2021 20:04:48,2,440,220,3,0,-999
06/05/2021 20:05:04,2,440,220,3,0,-999
06/05/2021 20:05:20,2,450,220,3,1,440
06/05/2021 20:05:36,2,450,220,3,1,440
06/05/2021 20:05:52,2,60,220,3,0,-999
06/05/2021 20:06:08,2,60,220,3,0,-999
06/05/2021 20:06:24,2,450,220,3,4,780
06/05/2021 20:06:40,2,450,220,3,4,780
06/05/2021 20:06:56,2,460,220,3,4,780
06/05/2021 20:07:12,2,460,220,3,1,530
06/05/2021 20:07:28,2,460,220,3,1,530
06/05/2021 20:07:44,2,-999,220,3,1,430
06/05/2021 20:08:00,2,-999,220,3,1,430
06/05/2021 20:08:16,2,-999,220,3,1,410
06/05/2021 20:08:32,2,-999,220,3,1,410
06/05/2021 20:08:48,2,500,220,3,0,-999
06/05/2021 20:09:04,2,500,220,3,0,-999
06/05/2021 20:09:20,2,500,220,3,0,-999
06/05/2021 20:09:36,2,30,220,3,0,-999
06/05/2021 20:09:52,2,490,220,3,0,-999
06/05/2021 20:10:08,2,40,220,3,0,-999
06/05/2021 20:10:24,2,40,220,3,0,-999
06/05/2021 20:10:40,2,10,220,3,0,-999
06/05/2021 20:10:56,2,10,220,3,0,-999
06/05/2021 20:11:12,2,70,220,3,0,-999
06/05/2021 20:11:28,2,100,220,3,0,-999
06/05/2021 20:11:44,2,100,220,3,0,-999
06/05/2021 20:12:00,2,100,220,3,0,-999
06/05/2021 20:12:16,2,100,220,3,0,-999
06/05/2021 20:12:32,2,100,220,3,0,-999
06/05/2021 20:12:48,2,100,220,3,0,-999
06/05/2021 20:13:04,2,540,220,3,1,420
06/05/2021 20:13:20,2,540,220,3,1,420
06/05/2021 20:13:36,2,40,220,3,0,-999
06/05/2021 20:13:52,2,40,220,3,0,-999
06/05/2021 20:14:08,2,40,220,3,0,-999
06/05/2021 20:14:24,2,550,220,3,1,610
06/05/2021 20:14:40,2,540,220,3,1,610
06/05/2021 20:14:56,2,90,220,3,0,-999
06/05/2021 20:15:12,2,90,220,3,0,-999
06/05/2021 20:15:28,2,40,220,3,0,-999
06/05/2021 20:15:44,2,40,220,3,0,-999
06/05/2021 20:16:00,2,1670,220,3,1,520
06/05/2021 20:16:16,2,1670,220,3,1,520
06/05/2021 20:16:32,2,-999,220,3,1,520
06/05/2021 20:16:48,2,60,220,3,0,-999
06/05/2021 20:17:04,2,60,220,3,0,-999
06/05/2021 20:17:20,2,40,220,3,0,-999
06/05/2021 20:17:36,2,40,220,3,0,-999
06/05/2021 20:17:52,2,30,220,3,0,-999
06/05/2021 20:18:08,2,520,220,3,0,-999
06/05/2021 20:18:24,2,1700,220,3,1,410
06/05/2021 20:18:40,2,1700,220,3,1,410
06/05/2021 20:18:56,2,1700,220,3,1,410
06/05/2021 20:19:12,2,490,220,3,0,-999
06/05/2021 20:19:28,2,600,220,3,0,-999
06/05/2021 20:19:44,2,610,220,3,0,-999
06/05/2021 20:20:00,2,610,220,3,0,-999
06/05/2021 20:20:16,2,1700,220,3,1,1560
06/05/2021 20:20:32,2,1710,220,3,1,1560
06/05/2021 20:20:48,2,580,220,3,0,-999
06/05/2021 20:21:04,2,580,220,3,0,-999
06/05/2021 20:21:20,2,570,220,3,0,-999
06/05/2021 20:21:36,2,580,220,3,0,-999
06/05/2021 20:21:52,2,50,220,3,0,-999
06/05/2021 20:22:08,2,50,220,3,0,-999
06/05/2021 20:22:24,2,40,220,3,0,-999
06/05/2021 20:22:40,2,40,220,3,0,-999
06/05/2021 20:22:56,2,40,220,3,0,-999
06/05/2021 20:23:12,2,30,220,3,0,-999
06/05/2021 20:23:28,2,30,220,3,0,-999
06/05/2021 20:23:44,2,30,220,3,0,-999
06/05/2021 20:24:00,2,540,220,3,1,530
06/05/2021 20:24:16,2,540,220,3,1,530
06/05/2021 20:24:32,2,540,220,3,1,510
06/05/2021 20:24:48,2,540,220,3,1,510
06/05/2021 20:25:04,2,540,220,3,1,510
06/05/2021 20:25:20,2,540,220,3,1,510
06/05/2021 20:25:36,2,90,220,3,0,-999
06/05/2021 20:25:52,2,90,220,3,0,-999
06/05/2021 20:26:08,2,90,220,3,0,-999
06/05/2021 20:26:24,2,40,220,3,0,-999
06/05/2021 20:26:40,2,40,220,3,0,-999
06/05/2021 20:26:56,2,30,220,3,0,-999
06/05/2021 20:27:12,2,30,220,3,0,-999
06/05/2021 20:27:28,2,20,220,3,0,-999
06/05/2021 20:27:44,2,20,220,3,0,-999
06/05/2021 20:28:00,2,60,220,3,0,-999
06/05/2021 20:28:16,2,560,220,3,0,-999
06/05/2021 20:28:32,2,580,220,3,0,-999
06/05/2021 20:28:48,2,580,220,3,0,-999
06/05/2021 20:29:04,2,580,220,3,0,-999
06/05/2021 20:29:20,2,580,220,3,0,-999
06/05/2021 20:29:36,2,590,220,3,0,-999
06/05/2021 20:29:52,2,50,220,3,0,-999
06/05/2021 20:30:08,2,80,220,3,0,-999
06/05/2021 20:30:24,2,80,220,3,0,-999
06/05/2021 20:30:40,2,90,220,3,0,-999
06/05/2021 20:30:56,2,90,220,3,0,-999
06/05/2021 20:31:12,2,100,220,3,0,-999
06/05/2021 20:31:28,2,100,220,3,0,-999
06/05/2021 20:31:44,2,590,220,3,1,500
06/05/2021 20:32:00,2,590,220,3,1,500
06/05/2021 20:32:16,2,10,220,3,0,-999
06/05/2021 20:32:32,2,10,220,3,0,-999
06/05/2021 20:32:48,2,50,220,3,0,-999
06/05/2021 20:33:04,2,50,220,3,0,-999
06/05/2021 20:33:20,2,50,220,3,0,-999
06/05/2021 20:33:36,2,50,220,3,0,-999
06/05/2021 20:33:52,2,50,220,3,0,-999
06/05/2021 20:34:08,2,570,220,3,1,440
06/05/2021 20:34:24,2,570,220,3,1,440
06/05/2021 20:34:40,2,560,220,3,1,430
06/05/2021 20:34:56,2,560,220,3,1,430
06/05/2021 20:35:12,2,-999,220,3,1,450
06/05/2021 20:35:28,2,-999,220,3,1,450
06/05/2021 20:35:44,2,-999,220,3,1,450
06/05/2021 20:36:00,2,70,220,3,0,-999
06/05/2021 20:36:16,2,70,220,3,0,-999
06/05/2021 20:36:32,2,-999,220,3,2,440
06/05/2021 20:36:48,2,-999,220,3,2,440
06/05/2021 20:37:04,2,-999,220,3,2,470
06/05/2021 20:37:20,2,-999,220,3,2,470
06/05/2021 20:37:36,2,-999,220,3,1,430
06/05/2021 20:37:52,2,-999,220,3,1,430
06/05/2021 20:38:08,2,-999,220,3,1,430
06/05/2021 20:38:24,2,-999,220,3,1,1480
06/05/2021 20:38:40,2,-999,220,3,1,1480
06/05/2021 20:38:56,2,-999,220,3,2,450
06/05/2021 20:39:12,2,-999,220,3,2,450
06/05/2021 20:39:28,2,-999,220,3,2,450
06/05/2021 20:39:44,2,-999,220,3,2,450
06/05/2021 20:40:00,2,-999,220,3,2,520
06/05/2021 20:40:16,2,-999,220,3,2,520
06/05/2021 20:40:32,2,-999,220,3,2,520
06/05/2021 20:40:48,2,-999,220,3,1,500
06/05/2021 20:41:04,2,-999,220,3,1,500
06/05/2021 20:41:20,2,-999,220,3,1,520
06/05/2021 20:41:36,2,-999,220,3,1,520
06/05/2021 20:41:52,2,-999,220,3,3,460
06/05/2021 20:42:08,2,-999,220,3,3,460
06/05/2021 20:42:24,2,-999,220,3,2,680
06/05/2021 20:42:40,2,-999,220,3,2,680
06/05/2021 20:42:56,2,-999,220,3,2,680
06/05/2021 20:43:12,2,-999,220,3,2,450
06/05/2021 20:43:28,2,-999,220,3,2,450
06/05/2021 20:43:44,2,-999,220,3,2,440
06/05/2021 20:44:00,2,-999,220,3,2,440
06/05/2021 20:44:16,2,-999,220,3,1,440
06/05/2021 20:44:32,2,-999,220,3,1,440
06/05/2021 20:44:48,2,-999,220,3,2,430
06/05/2021 20:45:04,2,-999,220,3,2,430
06/05/2021 20:45:20,2,-999,220,3,2,430
06/05/2021 20:45:36,2,-999,220,3,1,470
06/05/2021 20:45:52,2,-999,220,3,1,470
06/05/2021 20:46:08,2,-999,220,3,2,470
06/05/2021 20:46:24,2,-999,220,3,2,470
06/05/2021 20:46:40,2,-999,220,3,2,440
06/05/2021 20:46:56,2,-999,220,3,2,440
06/05/2021 20:47:12,2,-999,220,3,1,410
06/05/2021 20:47:28,2,-999,220,3,1,410
06/05/2021 20:47:44,2,-999,220,3,1,410
06/05/2021 20:48:00,2,-999,220,3,2,430
06/05/2021 20:48:16,2,-999,220,3,2,430
06/05/2021 20:48:32,2,-999,220,3,1,1470
06/05/2021 20:48:48,2,-999,220,3,1,1470
06/05/2021 20:49:04,2,-999,220,3,2,470
06/05/2021 20:49:20,2,-999,220,3,2,470
06/05/2021 20:49:36,2,-999,220,3,1,490
06/05/2021 20:49:52,2,-999,220,3,1,490
06/05/2021 20:50:08,2,-999,220,3,1,490
06/05/2021 20:50:24,2,-999,220,3,1,460
06/05/2021 20:50:40,2,-999,220,3,1,460
06/05/2021 20:50:56,2,-999,220,3,1,500
06/05/2021 20:51:12,2,-999,220,3,1,500
06/05/2021 20:51:28,2,-999,220,3,1,490
06/05/2021 20:51:44,2,-999,220,3,1,490
06/05/2021 20:52:00,2,-999,220,3,1,480
06/05/2021 20:52:16,2,-999,220,3,1,480
06/05/2021 20:52:32,2,-999,220,3,1,480
06/05/2021 20:52:48,2,-999,220,3,2,460
06/05/2021 20:53:04,2,-999,220,3,2,460
06/05/2021 20:53:20,2,-999,220,3,1,520
06/05/2021 20:53:36,2,-999,220,3,1,520
06/05/2021 20:53:52,2,-999,220,3,1,520
06/05/2021 20:54:08,2,-999,220,3,1,520
06/05/2021 20:54:24,2,-999,220,3,1,560
06/05/2021 20:54:40,2,-999,220,3,1,560
06/05/2021 20:54:56,2,-999,220,3,1,560
06/05/2021 20:55:12,2,-999,220,3,1,510
06/05/2021 20:55:28,2,-999,220,3,1,510
06/05/2021 20:55:44,2,-999,220,3,1,470
06/05/2021 20:56:00,2,-999,220,3,1,470
06/05/2021 20:56:16,2,-999,220,3,1,500
06/05/2021 20:56:32,2,-999,220,3,1,500
06/05/2021 20:56:48,2,-999,220,3,1,530
06/05/2021 20:57:04,2,-999,220,3,1,530
06/05/2021 20:57:20,2,-999,220,3,1,530
06/05/2021 20:57:36,2,-999,220,3,1,530
06/05/2021 20:57:52,2,-999,220,3,1,530
06/05/2021 20:58:08,2,-999,220,3,1,470
06/05/2021 20:58:24,2,-999,220,3,1,470
06/05/2021 20:58:40,2,-999,220,3,1,470
06/05/2021 20:58:56,2,-999,220,3,1,470
06/05/2021 20:59:12,2,-999,220,3,2,500
06/05/2021 20:59:28,2,-999,220,3,2,500
06/05/2021 20:59:44,2,-999,220,3,2,500
06/05/2021 21:00:00,2,-999,50,3,1,490
06/05/2021 21:00:16,2,-999,50,3,1,490
06/05/2021 21:00:32,2,-999,50,3,1,500
06/05/2021 21:00:48,2,-999,50,3,1,500
06/05/2021 21:01:04,2,-999,50,3,1,490
06/05/2021 21:01:20,2,-999,50,3,1,490
06/05/2021 21:01:36,2,-999,50,3,1,480
06/05/2021 21:01:52,2,-999,50,3,1,480
06/05/2021 21:02:08,2,-999,50,3,1,480
06/05/2021 21:02:24,2,-999,50,3,2,440
06/05/2021 21:02:40,2,-999,50,3,2,440
06/05/2021 21:02:56,2,-999,50,3,2,430
06/05/2021 21:03:12,2,-999,50,3,2,430
06/05/2021 21:03:28,2,-999,50,3,1,530
06/05/2021 21:03:44,2,-999,50,3,1,530
06/05/2021 21:04:00,2,-999,50,3,2,490
06/05/2021 21:04:16,2,-999,50,3,2,490
06/05/2021 21:04:32,2,-999,50,3,2,490
06/05/2021 21:04:48,2,-999,50,3,1,640
06/05/2021 21:05:04,2,-999,50,3,1,640
06/05/2021 21:05:20,2,-999,50,3,1,660
06/05/2021 21:05:36,2,-999,50,3,1,660
06/05/2021 21:05:52,2,-999,50,3,2,660
06/05/2021 21:06:08,2,-999,50,3,2,660
06/05/2021 21:06:24,2,-999,50,3,1,1050
06/05/2021 21:06:40,2,-999,50,3,1,1050
06/05/2021 21:06:56,2,-999,50,3,1,1050
06/05/2021 21:07:12,2,-999,50,3,2,680
06/05/2021 21:07:28,2,-999,50,3,2,680
06/05/2021 21:07:44,2,-999,50,3,3,510
06/05/2021 21:08:00,2,-999,50,3,3,510
06/05/2021 21:08:16,2,-999,50,3,1,630
06/05/2021 21:08:32,2,-999,50,3,1,630
06/05/2021 21:08:48,2,-999,50,3,1,610
06/05/2021 21:09:04,2,-999,50,3,1,610
06/05/2021 21:09:20,2,-999,50,3,1,610
06/05/2021 21:09:36,2,-999,50,3,2,610
06/05/2021 21:09:52,2,-999,50,3,2,610
06/05/2021 21:10:08,2,-999,50,3,1,580
06/05/2021 21:10:24,2,-999,50,3,1,580
06/05/2021 21:10:40,2,-999,50,3,1,570
06/05/2021 21:10:56,2,-999,50,3,1,570
06/05/2021 21:11:12,2,-999,50,3,1,560
06/05/2021 21:11:28,2,-999,50,3,1,560
06/05/2021 21:11:44,2,-999,50,3,1,560
06/05/2021 21:12:00,2,-999,50,3,1,560
06/05/2021 21:12:16,2,-999,50,3,1,560
06/05/2021 21:12:32,2,-999,50,3,1,560
06/05/2021 21:12:48,2,-999,50,3,1,560
06/05/2021 21:13:04,2,-999,50,3,1,560
06/05/2021 21:13:20,2,-999,50,3,1,560
06/05/2021 21:13:36,2,-999,50,3,2,540
06/05/2021 21:13:52,2,-999,50,3,2,540
06/05/2021 21:14:08,2,-999,50,3,2,540
06/05/2021 21:14:24,2,-999,50,3,1,1440
06/05/2021 21:14:40,2,-999,50,3,1,1440
06/05/2021 21:14:56,2,-999,50,3,2,510
06/05/2021 21:15:12,2,-999,50,3,2,510
06/05/2021 21:15:28,2,-999,50,3,1,1540
06/05/2021 21:15:44,2,-999,50,3,1,1540
06/05/2021 21:16:00,2,-999,50,3,2,560
06/05/2021 21:16:16,2,-999,50,3,2,560
06/05/2021 21:16:32,2,-999,50,3,2,560
06/05/2021 21:16:48,2,560,50,3,0,-999
06/05/2021 21:17:04,2,560,50,3,0,-999
06/05/2021 21:17:20,2,-999,50,3,1,700
06/05/2021 21:17:36,2,-999,50,3,1,700
06/05/2021 21:17:52,2,-999,50,3,1,670
06/05/2021 21:18:08,2,-999,50,3,1,670
06/05/2021 21:18:24,2,-999,50,3,1,650
06/05/2021 21:18:40,2,-999,50,3,1,650
06/05/2021 21:18:56,2,-999,50,3,1,650
06/05/2021 21:19:12,2,-999,50,3,1,700
06/05/2021 21:19:28,2,-999,50,3,1,700
06/05/2021 21:19:44,2,80,50,3,0,-999
06/05/2021 21:20:00,2,80,50,3,0,-999
06/05/2021 21:20:16,2,90,50,3,0,-999
06/05/2021 21:20:32,2,90,50,3,0,-999
06/05/2021 21:20:48,2,50,50,3,0,-999
06/05/2021 21:21:04,2,50,50,3,0,-999
06/05/2021 21:21:20,2,50,50,3,0,-999
06/05/2021 21:21:36,2,-999,50,3,1,410
06/05/2021 21:21:52,2,-999,50,3,1,410
06/05/2021 21:22:08,2,10,50,3,0,-999
06/05/2021 21:22:24,2,10,50,3,0,-999
06/05/2021 21:22:40,2,-999,50,3,0,-999
06/05/2021 21:22:56,2,-999,50,3,0,-999
06/05/2021 21:23:12,2,10,50,3,0,-999
06/05/2021 21:23:28,2,10,50,3,0,-999
06/05/2021 21:23:44,2,10,50,3,0,-999
06/05/2021 21:24:00,2,10,50,3,0,-999
06/05/2021 21:24:16,2,10,50,3,0,-999
06/05/2021 21:24:32,2,-999,50,3,1,360
06/05/2021 21:24:48,2,-999,50,3,1,360
06/05/2021 21:25:04,2,-999,50,3,2,430
06/05/2021 21:25:20,2,-999,50,3,2,430
06/05/2021 21:25:36,2,-999,50,3,2,370
06/05/2021 21:25:52,2,-999,50,3,2,370
06/05/2021 21:26:08,2,-999,50,3,2,370
06/05/2021 21:26:24,2,-999,50,3,3,420
06/05/2021 21:26:40,2,-999,50,3,3,420
06/05/2021 21:26:56,2,-999,50,3,1,650
06/05/2021 21:27:12,2,-999,50,3,1,650
06/05/2021 21:27:28,2,-999,50,3,1,720
06/05/2021 21:27:44,2,-999,50,3,1,720
06/05/2021 21:28:00,2,-999,50,3,2,710
06/05/2021 21:28:16,2,-999,50,3,2,710
06/05/2021 21:28:32,2,-999,50,3,2,710
06/05/2021 21:28:48,2,-999,50,3,2,920
06/05/2021 21:29:04,2,-999,50,3,2,920
06/05/2021 21:29:20,2,-999,50,3,1,1840
06/05/2021 21:29:36,2,-999,50,3,1,1840
06/05/2021 21:29:52,2,-999,50,3,1,1880
06/05/2021 21:30:08,2,-999,50,3,1,1880
06/05/2021 21:30:24,2,-999,50,3,2,1630
06/05/2021 21:30:40,2,-999,50,3,2,1630
06/05/2021 21:30:56,2,820,50,3,2,1630
06/05/2021 21:31:12,2,820,50,3,3,1450
06/05/2021 21:31:28,2,820,50,3,3,1450
06/05/2021 21:31:44,2,820,50,3,1,1350
06/05/2021 21:32:00,2,-999,50,3,1,1350
06/05/2021 21:32:16,2,-999,50,3,2,1620
06/05/2021 21:32:32,2,-999,50,3,2,1620
06/05/2021 21:32:48,2,-999,50,3,2,1440
06/05/2021 21:33:04,2,-999,50,3,2,1440
06/05/2021 21:33:20,2,-999,50,3,2,1440
06/05/2021 21:33:36,2,-999,50,3,1,1910
06/05/2021 21:33:52,2,-999,50,3,1,1910
06/05/2021 21:34:08,2,-999,50,3,1,1940
06/05/2021 21:34:24,2,-999,50,3,1,1940
06/05/2021 21:34:40,2,-999,50,3,2,1870
06/05/2021 21:34:56,2,-999,50,3,2,1870
06/05/2021 21:35:12,2,-999,50,3,2,1900
06/05/2021 21:35:28,2,-999,50,3,2,1900
06/05/2021 21:35:44,2,-999,50,3,2,1900
06/05/2021 21:36:00,2,-999,50,3,2,1970
06/05/2021 21:36:16,2,-999,50,3,2,1970
06/05/2021 21:36:32,2,-999,50,3,1,1970
06/05/2021 21:36:48,2,-999,50,3,1,1970
06/05/2021 21:37:04,2,-999,50,3,1,1930
06/05/2021 21:37:20,2,-999,50,3,1,1930
06/05/2021 21:37:36,2,-999,50,3,2,1750
06/05/2021 21:37:52,2,-999,50,3,2,1750
06/05/2021 21:38:08,2,-999,50,3,2,1750
06/05/2021 21:38:24,2,-999,50,3,1,2050
06/05/2021 21:38:40,2,-999,50,3,1,2050
06/05/2021 21:38:56,2,-999,50,3,2,1770
06/05/2021 21:39:12,2,-999,50,3,2,1770
06/05/2021 21:39:28,2,-999,50,3,2,860
06/05/2021 21:39:44,2,-999,50,3,2,860
06/05/2021 21:40:00,2,-999,50,3,2,1460
06/05/2021 21:40:16,2,-999,50,3,2,1460
06/05/2021 21:40:32,2,-999,50,3,2,1460
06/05/2021 21:40:48,2,-999,50,3,3,1560
06/05/2021 21:41:04,2,-999,50,3,3,1560
06/05/2021 21:41:20,2,-999,50,3,1,2090
06/05/2021 21:41:36,2,-999,50,3,1,2090
06/05/2021 21:41:52,2,-999,50,3,2,790
06/05/2021 21:42:08,2,-999,50,3,2,790
06/05/2021 21:42:24,2,-999,50,3,2,1990
06/05/2021 21:42:40,2,-999,50,3,2,1990
06/05/2021 21:42:56,2,-999,50,3,2,1990
06/05/2021 21:43:12,2,-999,50,3,2,1090
06/05/2021 21:43:28,2,-999,50,3,2,1090
06/05/2021 21:43:44,2,-999,50,3,2,1090
06/05/2021 21:44:00,2,-999,50,3,2,1090
06/05/2021 21:44:16,2,-999,50,3,2,1100
06/05/2021 21:44:32,2,-999,50,3,2,1100
06/05/2021 21:44:48,2,310,50,3,1,2060
06/05/2021 21:45:04,2,310,50,3,1,2060
06/05/2021 21:45:20,2,310,50,3,1,2060
06/05/2021 21:45:36,2,310,50,3,3,600
06/05/2021 21:45:52,2,310,50,3,3,600
06/05/2021 21:46:08,2,310,50,3,1,580
06/05/2021 21:46:24,2,310,50,3,1,580
06/05/2021 21:46:40,2,310,50,3,1,600
06/05/2021 21:46:56,2,310,50,3,1,600
06/05/2021 21:47:12,2,-999,50,3,1,570
06/05/2021 21:47:28,2,-999,50,3,1,570
06/05/2021 21:47:44,2,-999,50,3,1,570
06/05/2021 21:48:00,2,-999,50,3,1,540
06/05/2021 21:48:16,2,-999,50,3,1,540
06/05/2021 21:48:32,2,-999,50,3,1,520
06/05/2021 21:48:48,2,-999,50,3,1,520
06/05/2021 21:49:04,2,-999,50,3,2,520
06/05/2021 21:49:20,2,-999,50,3,2,520
06/05/2021 21:49:36,2,-999,50,3,1,530
06/05/2021 21:49:52,2,-999,50,3,1,530
06/05/2021 21:50:08,2,-999,50,3,1,530
06/05/2021 21:50:24,2,-999,50,3,2,540
06/05/2021 21:50:40,2,-999,50,3,2,540
06/05/2021 21:50:56,2,-999,50,3,2,420
06/05/2021 21:51:12,2,-999,50,3,2,420
06/05/2021 21:51:28,2,-999,50,3,1,320
06/05/2021 21:51:44,2,-999,50,3,1,320
06/05/2021 21:52:00,2,-999,50,3,2,390
06/05/2021 21:52:16,2,-999,50,3,2,390
06/05/2021 21:52:32,2,-999,50,3,2,390
06/05/2021 21:52:48,2,-999,50,3,2,490
06/05/2021 21:53:04,2,-999,50,3,2,490
06/05/2021 21:53:20,2,-999,50,3,2,240
06/05/2021 21:53:36,2,-999,50,3,2,240
06/05/2021 21:53:52,2,-999,50,3,2,230
06/05/2021 21:54:08,2,-999,50,3,2,230
06/05/2021 21:54:24,2,-999,50,3,3,700
06/05/2021 21:54:40,2,-999,50,3,3,700
06/05/2021 21:54:56,2,-999,50,3,3,700
06/05/2021 21:55:12,2,-999,50,3,2,550
06/05/2021 21:55:28,2,-999,50,3,2,550
06/05/2021 21:55:44,2,-999,50,3,3,640
06/05/2021 21:56:00,2,-999,50,3,3,640
06/05/2021 21:56:16,2,-999,50,3,2,300
06/05/2021 21:56:32,2,-999,50,3,2,300
06/05/2021 21:56:48,2,-999,50,3,2,560
06/05/2021 21:57:04,2,-999,50,3,2,560
06/05/2021 21:57:20,2,-999,50,3,2,560
06/05/2021 21:57:36,2,-999,50,3,1,560
06/05/2021 21:57:52,2,-999,50,3,1,560
06/05/2021 21:58:08,2,-999,50,3,2,320
06/05/2021 21:58:24,2,-999,50,3,2,320
06/05/2021 21:58:40,2,-999,50,3,3,310
06/05/2021 21:58:56,2,-999,50,3,3,310
06/05/2021 21:59:12,2,-999,50,3,2,1030
06/05/2021 21:59:28,2,-999,50,3,2,1030
06/05/2021 21:59:44,2,-999,50,3,2,1030
06/05/2021 22:00:00,1,-999,310,3,3,360
06/05/2021 22:00:16,1,-999,310,3,3,360
06/05/2021 22:00:32,1,-999,310,3,2,350
06/05/2021 22:00:48,1,-999,310,3,2,350
06/05/2021 22:01:04,1,-999,310,3,1,390
06/05/2021 22:01:20,1,-999,310,3,1,390
06/05/2021 22:01:36,1,-999,310,3,3,380
06/05/2021 22:01:52,1,-999,310,3,3,380
06/05/2021 22:02:08,1,-999,310,3,3,380
06/05/2021 22:02:24,1,-999,310,3,3,330
06/05/2021 22:02:40,1,-999,310,3,3,330
06/05/2021 22:02:56,1,-999,310,3,2,440
06/05/2021 22:03:12,1,-999,310,3,2,440
06/05/2021 22:03:28,1,-999,310,3,1,390
06/05/2021 22:03:44,1,-999,310,3,1,390
06/05/2021 22:04:00,1,-999,310,3,2,310
06/05/2021 22:04:16,1,-999,310,3,2,310
06/05/2021 22:04:32,1,-999,310,3,2,310
06/05/2021 22:04:48,1,-999,310,3,1,330
06/05/2021 22:05:04,1,-999,310,3,1,330
06/05/2021 22:05:20,1,-999,310,3,1,290
06/05/2021 22:05:36,1,-999,310,3,1,290
06/05/2021 22:05:52,1,-999,310,3,1,310
06/05/2021 22:06:08,1,-999,310,3,1,310
06/05/2021 22:06:24,1,-999,310,3,1,340
06/05/2021 22:06:40,1,-999,310,3,1,340
06/05/2021 22:06:56,1,-999,310,3,1,340
06/05/2021 22:07:12,1,-999,310,3,2,340
06/05/2021 22:07:28,1,-999,310,3,2,340
06/05/2021 22:07:44,1,-999,310,3,1,430
06/05/2021 22:08:00,1,-999,310,3,1,430
06/05/2021 22:08:16,1,-999,310,3,1,440
06/05/2021 22:08:32,1,-999,310,3,1,440
06/05/2021 22:08:48,1,-999,310,3,1,460
06/05/2021 22:09:04,1,-999,310,3,1,460
06/05/2021 22:09:20,1,-999,310,3,1,460
06/05/2021 22:09:36,1,-999,310,3,2,460
06/05/2021 22:09:52,1,-999,310,3,2,460
06/05/2021 22:10:08,1,-999,310,3,2,470
06/05/2021 22:10:24,1,-999,310,3,2,470
06/05/2021 22:10:40,1,-999,310,3,1,460
06/05/2021 22:10:56,1,-999,310,3,1,460
06/05/2021 22:11:12,1,-999,310,3,1,450
06/05/2021 22:11:28,1,-999,310,3,1,450
06/05/2021 22:11:44,1,-999,310,3,1,450
06/05/2021 22:12:00,1,-999,310,3,1,510
06/05/2021 22:12:16,1,-999,310,3,1,510
06/05/2021 22:12:32,1,-999,310,3,1,450
06/05/2021 22:12:48,1,-999,310,3,1,450
06/05/2021 22:13:04,1,-999,310,3,1,460
06/05/2021 22:13:20,1,-999,310,3,1,460
06/05/2021 22:13:36,1,-999,310,3,1,450
06/05/2021 22:13:52,1,-999,310,3,1,450
06/05/2021 22:14:08,1,-999,310,3,1,450
06/05/2021 22:14:24,1,-999,310,3,1,470
06/05/2021 22:14:40,1,-999,310,3,1,470
06/05/2021 22:14:56,1,-999,310,3,2,480
06/05/2021 22:15:12,1,-999,310,3,2,480
06/05/2021 22:15:28,1,-999,310,3,1,500
06/05/2021 22:15:44,1,-999,310,3,1,500
06/05/2021 22:16:00,1,-999,310,3,2,470
06/05/2021 22:16:16,1,-999,310,3,2,470
06/05/2021 22:16:32,1,-999,310,3,2,470
06/05/2021 22:16:48,1,-999,310,3,1,650
06/05/2021 22:17:04,1,-999,310,3,1,650
06/05/2021 22:17:20,1,-999,310,3,2,750
06/05/2021 22:17:36,1,-999,310,3,2,750
06/05/2021 22:17:52,1,-999,310,3,1,1150
06/05/2021 22:18:08,1,-999,310,3,1,1150
06/05/2021 22:18:24,1,-999,310,3,1,1180
06/05/2021 22:18:40,1,-999,310,3,1,1180
06/05/2021 22:18:56,1,-999,310,3,1,1180
06/05/2021 22:19:12,1,-999,310,3,2,850
06/05/2021 22:19:28,1,-999,310,3,2,850
06/05/2021 22:19:44,1,-999,310,3,1,820
06/05/2021 22:20:00,1,250,310,3,1,820
06/05/2021 22:20:16,1,250,310,3,1,860
06/05/2021 22:20:32,1,250,310,3,1,860
06/05/2021 22:20:48,1,240,310,3,2,900
06/05/2021 22:21:04,1,240,310,3,2,900
06/05/2021 22:21:20,1,240,310,3,2,900
06/05/2021 22:21:36,1,240,310,3,1,950
06/05/2021 22:21:52,1,240,310,3,1,950
06/05/2021 22:22:08,1,240,310,3,2,900
06/05/2021 22:22:24,1,240,310,3,2,900
06/05/2021 22:22:40,1,-999,310,3,1,950
06/05/2021 22:22:56,1,-999,310,3,1,950
06/05/2021 22:23:12,1,240,310,3,2,420
06/05/2021 22:23:28,1,240,310,3,2,420
06/05/2021 22:23:44,1,-999,310,3,2,420
06/05/2021 22:24:00,1,-999,310,3,2,410
06/05/2021 22:24:16,1,-999,310,3,2,410
06/05/2021 22:24:32,1,-999,310,3,2,420
06/05/2021 22:24:48,1,-999,310,3,2,420
06/05/2021 22:25:04,1,-999,310,3,1,760
06/05/2021 22:25:20,1,-999,310,3,1,760
06/05/2021 22:25:36,1,-999,310,3,1,750
06/05/2021 22:25:52,1,-999,310,3,1,750
06/05/2021 22:26:08,1,-999,310,3,1,750
06/05/2021 22:26:24,1,-999,310,3,2,300
06/05/2021 22:26:40,1,-999,310,3,2,300
06/05/2021 22:26:56,1,-999,310,3,2,290
06/05/2021 22:27:12,1,-999,310,3,2,290
06/05/2021 22:27:28,1,-999,310,3,2,720
06/05/2021 22:27:44,1,-999,310,3,2,720
06/05/2021 22:28:00,1,-999,310,3,2,720
06/05/2021 22:28:16,1,-999,310,3,2,720
06/05/2021 22:28:32,1,-999,310,3,2,720
06/05/2021 22:28:48,1,-999,310,3,2,700
06/05/2021 22:29:04,1,-999,310,3,2,700
06/05/2021 22:29:20,1,-999,310,3,2,450
06/05/2021 22:29:36,1,-999,310,3,2,450
06/05/2021 22:29:52,1,-999,310,3,2,440
06/05/2021 22:30:08,1,-999,310,3,2,440
06/05/2021 22:30:24,1,-999,310,3,1,470
06/05/2021 22:30:40,1,-999,310,3,1,470
06/05/2021 22:30:56,1,-999,310,3,1,470
06/05/2021 22:31:12,1,-999,310,3,2,940
06/05/2021 22:31:28,1,-999,310,3,2,940
06/05/2021 22:31:44,1,-999,310,3,2,660
06/05/2021 22:32:00,1,-999,310,3,2,660
06/05/2021 22:32:16,1,-999,310,3,2,1100
06/05/2021 22:32:32,1,-999,310,3,2,1100
06/05/2021 22:32:48,1,-999,310,3,1,1230
06/05/2021 22:33:04,1,-999,310,3,1,1230
06/05/2021 22:33:20,1,-999,310,3,1,1230
06/05/2021 22:33:36,1,-999,310,3,3,610
06/05/2021 22:33:52,1,-999,310,3,3,610
06/05/2021 22:34:08,1,-999,310,3,3,480
06/05/2021 22:34:24,1,-999,310,3,3,480
06/05/2021 22:34:40,1,-999,310,3,2,470
06/05/2021 22:34:56,1,-999,310,3,2,470
06/05/2021 22:35:12,1,-999,310,3,2,480
06/05/2021 22:35:28,1,-999,310,3,2,480
06/05/2021 22:35:44,1,-999,310,3,2,480
06/05/2021 22:36:00,1,-999,310,3,2,990
06/05/2021 22:36:16,1,-999,310,3,2,990
06/05/2021 22:36:32,1,-999,310,3,3,820
06/05/2021 22:36:48,1,-999,310,3,3,820
06/05/2021 22:37:04,1,-999,310,3,2,660
06/05/2021 22:37:20,1,-999,310,3,2,660
06/05/2021 22:37:36,1,-999,310,3,2,650
06/05/2021 22:37:52,1,-999,310,3,2,650
06/05/2021 22:38:08,1,-999,310,3,2,650
06/05/2021 22:38:24,1,-999,310,3,2,910
06/05/2021 22:38:40,1,-999,310,3,2,910
06/05/2021 22:38:56,1,-999,310,3,1,1190
06/05/2021 22:39:12,1,-999,310,3,1,1190
06/05/2021 22:39:28,1,-999,310,3,2,960
06/05/2021 22:39:44,1,-999,310,3,2,960
06/05/2021 22:40:00,1,-999,310,3,3,970
06/05/2021 22:40:16,1,-999,310,3,3,970
06/05/2021 22:40:32,1,-999,310,3,3,970
06/05/2021 22:40:48,1,-999,310,3,3,470
06/05/2021 22:41:04,1,-999,310,3,3,470
06/05/2021 22:41:20,1,-999,310,3,2,840
06/05/2021 22:41:36,1,-999,310,3,2,840
06/05/2021 22:41:52,1,-999,310,3,1,830
06/05/2021 22:42:08,1,-999,310,3,1,830
06/05/2021 22:42:24,1,-999,310,3,1,1310
06/05/2021 22:42:40,1,-999,310,3,1,1310
06/05/2021 22:42:56,1,-999,310,3,1,1310
06/05/2021 22:43:12,1,-999,310,3,1,670
06/05/2021 22:43:28,1,-999,310,3,1,670
06/05/2021 22:43:44,1,-999,310,3,2,670
06/05/2021 22:44:00,1,-999,310,3,2,670
06/05/2021 22:44:16,1,-999,310,3,3,690
06/05/2021 22:44:32,1,-999,310,3,3,690
06/05/2021 22:44:48,1,-999,310,3,2,680
06/05/2021 22:45:04,1,-999,310,3,2,680
06/05/2021 22:45:20,1,-999,310,3,2,680
06/05/2021 22:45:36,1,-999,310,3,2,680
06/05/2021 22:45:52,1,-999,310,3,2,680
06/05/2021 22:46:08,1,-999,310,3,2,730
06/05/2021 22:46:24,1,-999,310,3,2,730
06/05/2021 22:46:40,1,-999,310,3,2,1080
06/05/2021 22:46:56,1,-999,310,3,2,1080
06/05/2021 22:47:12,1,-999,310,3,1,690
06/05/2021 22:47:28,1,-999,310,3,1,690
06/05/2021 22:47:44,1,-999,310,3,1,690
06/05/2021 22:48:00,1,-999,310,3,1,690
06/05/2021 22:48:16,1,-999,310,3,1,690
06/05/2021 22:48:32,1,-999,310,3,2,810
06/05/2021 22:48:48,1,-999,310,3,2,810
06/05/2021 22:49:04,1,-999,310,3,2,920
06/05/2021 22:49:20,1,-999,310,3,2,920
06/05/2021 22:49:36,1,-999,310,3,3,680
06/05/2021 22:49:52,1,-999,310,3,3,680
06/05/2021 22:50:08,1,-999,310,3,3,680
06/05/2021 22:50:24,1,-999,310,3,2,950
06/05/2021 22:50:40,1,-999,310,3,2,950
06/05/2021 22:50:56,1,-999,310,3,1,1290
06/05/2021 22:51:12,1,-999,310,3,1,1290
06/05/2021 22:51:28,1,-999,310,3,1,1290
06/05/2021 22:51:44,1,-999,310,3,1,1290
06/05/2021 22:52:00,1,-999,310,3,1,1260
06/05/2021 22:52:16,1,-999,310,3,1,1260
06/05/2021 22:52:32,1,-999,310,3,1,1260
06/05/2021 22:52:48,1,-999,310,3,3,990
06/05/2021 22:53:04,1,-999,310,3,3,990
06/05/2021 22:53:20,1,-999,310,3,2,1080
06/05/2021 22:53:36,1,-999,310,3,2,1080
06/05/2021 22:53:52,1,-999,310,3,1,1330
06/05/2021 22:54:08,1,-999,310,3,1,1330
06/05/2021 22:54:24,1,-999,310,3,1,1340
06/05/2021 22:54:40,1,-999,310,3,1,1340
06/05/2021 22:54:56,1,-999,310,3,1,1340
06/05/2021 22:55:12,1,-999,310,3,2,1360
06/05/2021 22:55:28,1,-999,310,3,2,1360
06/05/2021 22:55:44,1,-999,310,3,3,870
06/05/2021 22:56:00,1,-999,310,3,3,870
06/05/2021 22:56:16,1,-999,310,3,2,1280
06/05/2021 22:56:32,1,-999,310,3,2,1280
06/05/2021 22:56:48,1,-999,310,3,1,1260
06/05/2021 22:57:04,1,-999,310,3,1,1260
06/05/2021 22:57:20,1,-999,310,3,1,1260
06/05/2021 22:57:36,1,-999,310,3,2,1300
06/05/2021 22:57:52,1,-999,310,3,2,1300
06/05/2021 22:58:08,1,-999,310,3,3,750
06/05/2021 22:58:24,1,-999,310,3,3,750
06/05/2021 22:58:40,1,-999,310,3,2,780
06/05/2021 22:58:56,1,-999,310,3,2,780
06/05/2021 22:59:12,1,-999,310,3,2,650
06/05/2021 22:59:28,1,-999,310,3,2,650
06/05/2021 22:59:44,1,-999,310,3,2,650
06/05/2021 23:00:00,1,-999,240,3,1,1040
06/05/2021 23:00:16,1,-999,240,3,1,1040
06/05/2021 23:00:32,1,-999,240,3,2,1140
06/05/2021 23:00:48,1,-999,240,3,2,1140
06/05/2021 23:01:04,1,-999,240,3,3,510
06/05/2021 23:01:20,1,-999,240,3,3,510
06/05/2021 23:01:36,1,-999,240,3,3,1080
06/05/2021 23:01:52,1,-999,240,3,3,1080
06/05/2021 23:02:08,1,-999,240,3,3,1080
06/05/2021 23:02:24,1,-999,240,3,1,1260
06/05/2021 23:02:40,1,-999,240,3,1,1260
06/05/2021 23:02:56,1,-999,240,3,1,1380
06/05/2021 23:03:12,1,-999,240,3,1,1380
06/05/2021 23:03:28,1,-999,240,3,2,1470
06/05/2021 23:03:44,1,-999,240,3,2,1470
06/05/2021 23:04:00,1,-999,240,3,3,1320
06/05/2021 23:04:16,1,-999,240,3,3,1320
06/05/2021 23:04:32,1,-999,240,3,3,1320
06/05/2021 23:04:48,1,-999,240,3,3,480
06/05/2021 23:05:04,1,-999,240,3,3,480
06/05/2021 23:05:20,1,-999,240,3,1,470
06/05/2021 23:05:36,1,-999,240,3,1,470
06/05/2021 23:05:52,1,-999,240,3,3,460
06/05/2021 23:06:08,1,-999,240,3,3,460
06/05/2021 23:06:24,1,-999,240,3,2,530
06/05/2021 23:06:40,1,-999,240,3,2,530
06/05/2021 23:06:56,1,-999,240,3,2,530
06/05/2021 23:07:12,1,-999,240,3,3,610
06/05/2021 23:07:28,1,-999,240,3,3,610
06/05/2021 23:07:44,1,-999,240,3,3,700
06/05/2021 23:08:00,1,-999,240,3,3,700
06/05/2021 23:08:16,1,-999,240,3,1,780
06/05/2021 23:08:32,1,-999,240,3,1,780
06/05/2021 23:08:48,1,-999,240,3,3,460
06/05/2021 23:09:04,1,-999,240,3,3,460
06/05/2021 23:09:20,1,-999,240,3,3,460
06/05/2021 23:09:36,1,-999,240,3,3,450
06/05/2021 23:09:52,1,-999,240,3,3,450
06/05/2021 23:10:08,1,-999,240,3,3,400
06/05/2021 23:10:24,1,-999,240,3,3,400
06/05/2021 23:10:40,1,-999,240,3,2,410
06/05/2021 23:10:56,1,-999,240,3,2,410
06/05/2021 23:11:12,1,-999,240,3,2,810
06/05/2021 23:11:28,1,-999,240,3,2,810
06/05/2021 23:11:44,1,-999,240,3,2,810
06/05/2021 23:12:00,1,-999,240,3,2,570
06/05/2021 23:12:16,1,-999,240,3,2,570
06/05/2021 23:12:32,1,-999,240,3,2,560
06/05/2021 23:12:48,1,-999,240,3,2,560
06/05/2021 23:13:04,1,-999,240,3,2,560
06/05/2021 23:13:20,1,-999,240,3,2,560
06/05/2021 23:13:36,1,-999,240,3,1,590
06/05/2021 23:13:52,1,-999,240,3,1,590
06/05/2021 23:14:08,1,-999,240,3,1,590
06/05/2021 23:14:24,1,-999,240,3,2,660
06/05/2021 23:14:40,1,-999,240,3,2,660
06/05/2021 23:14:56,1,-999,240,3,2,590
06/05/2021 23:15:12,1,-999,240,3,2,590
06/05/2021 23:15:28,1,-999,240,3,2,580
06/05/2021 23:15:44,1,-999,240,3,2,580
06/05/2021 23:16:00,1,-999,240,3,2,510
06/05/2021 23:16:16,1,-999,240,3,2,510
06/05/2021 23:16:32,1,-999,240,3,2,510
06/05/2021 23:16:48,1,-999,240,3,3,560
06/05/2021 23:17:04,1,-999,240,3,3,560
06/05/2021 23:17:20,1,-999,240,3,1,1410
06/05/2021 23:17:36,1,-999,240,3,1,1410
06/05/2021 23:17:52,1,-999,240,3,1,1400
06/05/2021 23:18:08,1,-999,240,3,1,1400
06/05/2021 23:18:24,1,-999,240,3,1,1340
06/05/2021 23:18:40,1,-999,240,3,1,1340
06/05/2021 23:18:56,1,-999,240,3,1,1340
06/05/2021 23:19:12,1,-999,240,3,2,960
06/05/2021 23:19:28,1,-999,240,3,2,960
06/05/2021 23:19:44,1,-999,240,3,2,1080
06/05/2021 23:20:00,1,-999,240,3,2,1080
06/05/2021 23:20:16,1,-999,240,3,2,1020
06/05/2021 23:20:32,1,-999,240,3,2,1020
06/05/2021 23:20:48,1,-999,240,3,2,1020
06/05/2021 23:21:04,1,-999,240,3,2,1020
06/05/2021 23:21:20,1,-999,240,3,2,1020
06/05/2021 23:21:36,1,-999,240,3,1,980
06/05/2021 23:21:52,1,-999,240,3,1,980
06/05/2021 23:22:08,1,-999,240,3,1,990
06/05/2021 23:22:24,1,-999,240,3,1,990
06/05/2021 23:22:40,1,-999,240,3,1,1000
06/05/2021 23:22:56,1,-999,240,3,1,1000
06/05/2021 23:23:12,1,-999,240,3,1,940
06/05/2021 23:23:28,1,-999,240,3,1,940
06/05/2021 23:23:44,1,-999,240,3,1,940
06/05/2021 23:24:00,1,-999,240,3,2,1020
06/05/2021 23:24:16,1,-999,240,3,2,1020
06/05/2021 23:24:32,1,-999,240,3,1,1320
06/05/2021 23:24:48,1,-999,240,3,1,1320
06/05/2021 23:25:04,1,-999,240,3,2,1230
06/05/2021 23:25:20,1,-999,240,3,2,1230
06/05/2021 23:25:36,1,-999,240,3,2,660
06/05/2021 23:25:52,1,-999,240,3,2,660
06/05/2021 23:26:08,1,-999,240,3,2,660
06/05/2021 23:26:24,1,-999,240,3,3,580
06/05/2021 23:26:40,1,-999,240,3,3,580
06/05/2021 23:26:56,1,-999,240,3,2,660
06/05/2021 23:27:12,1,-999,240,3,2,660
06/05/2021 23:27:28,1,-999,240,3,1,1530
06/05/2021 23:27:44,1,-999,240,3,1,1530
06/05/2021 23:28:00,1,-999,240,3,3,360
06/05/2021 23:28:16,1,-999,240,3,3,360
06/05/2021 23:28:32,1,-999,240,3,3,360
06/05/2021 23:28:48,1,-999,240,3,1,480
06/05/2021 23:29:04,1,-999,240,3,1,480
06/05/2021 23:29:20,1,-999,240,3,1,460
06/05/2021 23:29:36,1,-999,240,3,1,460
06/05/2021 23:29:52,1,-999,240,3,1,380
06/05/2021 23:30:08,1,-999,240,3,1,380
06/05/2021 23:30:24,1,-999,240,3,1,320
06/05/2021 23:30:40,1,-999,240,3,1,320
06/05/2021 23:30:56,1,-999,240,3,1,320
06/05/2021 23:31:12,1,-999,240,3,1,520
06/05/2021 23:31:28,1,-999,240,3,1,520
06/05/2021 23:31:44,1,-999,240,3,2,330
06/05/2021 23:32:00,1,-999,240,3,2,330
06/05/2021 23:32:16,1,-999,240,3,1,310
06/05/2021 23:32:32,1,-999,240,3,1,310
06/05/2021 23:32:48,1,-999,240,3,1,220
06/05/2021 23:33:04,1,-999,240,3,1,220
06/05/2021 23:33:20,1,-999,240,3,1,220
06/05/2021 23:33:36,1,-999,240,3,1,170
06/05/2021 23:33:52,1,-999,240,3,1,170
06/05/2021 23:34:08,1,-999,240,3,1,110
06/05/2021 23:34:24,1,-999,240,3,1,110
06/05/2021 23:34:40,1,-999,240,3,1,210
06/05/2021 23:34:56,1,-999,240,3,1,210
06/05/2021 23:35:12,1,-999,240,3,1,380
06/05/2021 23:35:28,1,-999,240,3,1,380
06/05/2021 23:35:44,1,-999,240,3,1,380
06/05/2021 23:36:00,1,-999,240,3,2,380
06/05/2021 23:36:16,1,-999,240,3,2,380
06/05/2021 23:36:32,1,-999,240,3,1,180
06/05/2021 23:36:48,1,-999,240,3,1,180
06/05/2021 23:37:04,1,-999,240,3,2,140
06/05/2021 23:37:20,1,-999,240,3,2,140
06/05/2021 23:37:36,1,-999,240,3,1,1000
06/05/2021 23:37:52,1,-999,240,3,1,1000
06/05/2021 23:38:08,1,-999,240,3,1,1000
06/05/2021 23:38:24,1,-999,240,3,1,840
06/05/2021 23:38:40,1,-999,240,3,1,840
06/05/2021 23:38:56,1,-999,240,3,2,640
06/05/2021 23:39:12,1,-999,240,3,2,640
06/05/2021 23:39:28,1,-999,240,3,1,410
06/05/2021 23:39:44,1,-999,240,3,1,410
06/05/2021 23:40:00,1,-999,240,3,2,120
06/05/2021 23:40:16,1,-999,240,3,2,120
06/05/2021 23:40:32,1,-999,240,3,2,120
06/05/2021 23:40:48,1,-999,240,3,2,330
06/05/2021 23:41:04,1,-999,240,3,2,330
06/05/2021 23:41:20,1,-999,240,3,1,680
06/05/2021 23:41:36,1,-999,240,3,1,680
06/05/2021 23:41:52,1,-999,240,3,2,490
06/05/2021 23:42:08,1,-999,240,3,2,490
06/05/2021 23:42:24,1,-999,240,3,2,90
06/05/2021 23:42:40,1,-999,240,3,2,90
06/05/2021 23:42:56,1,-999,240,3,2,90
06/05/2021 23:43:12,1,-999,240,3,2,120
06/05/2021 23:43:28,1,-999,240,3,2,120
06/05/2021 23:43:44,1,-999,240,3,2,160
06/05/2021 23:44:00,1,-999,240,3,2,160
06/05/2021 23:44:16,1,-999,240,3,1,640
06/05/2021 23:44:32,1,-999,240,3,1,640
06/05/2021 23:44:48,1,-999,240,3,1,570
06/05/2021 23:45:04,1,-999,240,3,1,570
06/05/2021 23:45:20,1,-999,240,3,1,570
06/05/2021 23:45:36,1,-999,240,3,1,500
06/05/2021 23:45:52,1,-999,240,3,1,500
06/05/2021 23:46:08,1,-999,240,3,1,530
06/05/2021 23:46:24,1,-999,240,3,1,530
06/05/2021 23:46:40,1,-999,240,3,1,450
06/05/2021 23:46:56,1,-999,240,3,1,450
06/05/2021 23:47:12,1,-999,240,3,1,460
06/05/2021 23:47:28,1,-999,240,3,1,460
06/05/2021 23:47:44,1,-999,240,3,1,460
06/05/2021 23:48:00,1,-999,240,3,1,350
06/05/2021 23:48:16,1,-999,240,3,1,350
06/05/2021 23:48:32,1,-999,240,3,1,540
06/05/2021 23:48:48,1,-999,240,3,1,540
06/05/2021 23:49:04,1,-999,240,3,1,500
06/05/2021 23:49:20,1,-999,240,3,1,500
06/05/2021 23:49:36,1,-999,240,3,1,640
06/05/2021 23:49:52,1,-999,240,3,1,640
06/05/2021 23:50:08,1,-999,240,3,1,640
06/05/2021 23:50:24,1,-999,240,3,2,740
06/05/2021 23:50:40,1,-999,240,3,2,740
06/05/2021 23:50:56,1,-999,240,3,1,890
06/05/2021 23:51:12,1,-999,240,3,1,890
06/05/2021 23:51:28,1,-999,240,3,1,760
06/05/2021 23:51:44,1,-999,240,3,1,760
06/05/2021 23:52:00,1,-999,240,3,1,700
06/05/2021 23:52:16,1,-999,240,3,1,700
06/05/2021 23:52:32,1,-999,240,3,1,700
06/05/2021 23:52:48,1,-999,240,3,1,860
06/05/2021 23:53:04,1,-999,240,3,1,860
06/05/2021 23:53:20,1,-999,240,3,1,810
06/05/2021 23:53:36,1,-999,240,3,1,810
06/05/2021 23:53:52,1,-999,240,3,1,110
06/05/2021 23:54:08,1,-999,240,3,1,110
06/05/2021 23:54:24,1,-999,240,3,1,1010
06/05/2021 23:54:40,1,-999,240,3,1,1010
06/05/2021 23:54:56,1,-999,240,3,1,1010
06/05/2021 23:55:12,1,-999,240,3,1,1030
06/05/2021 23:55:28,1,-999,240,3,1,1030
06/05/2021 23:55:44,1,-999,240,3,2,730
06/05/2021 23:56:00,1,-999,240,3,2,730
06/05/2021 23:56:16,1,-999,240,3,1,750
06/05/2021 23:56:32,1,-999,240,3,1,750
06/05/2021 23:56:48,1,-999,240,3,1,830
06/05/2021 23:57:04,1,-999,240,3,1,830
06/05/2021 23:57:20,1,-999,240,3,1,830
06/05/2021 23:57:36,1,-999,240,3,1,720
06/05/2021 23:57:52,1,-999,240,3,1,720
06/05/2021 23:58:08,1,-999,240,3,2,790
06/05/2021 23:58:24,1,-999,240,3,2,790
06/05/2021 23:58:40,1,-999,240,3,2,910
06/05/2021 23:58:56,1,-999,240,3,2,910
06/05/2021 23:59:12,1,-999,240,3,1,880
06/05/2021 23:59:28,1,-999,240,3,1,880
06/05/2021 23:59:44,1,-999,240,3,1,880
07/05/2021 00:00:00,-999,-999,-999,3,1,840
07/05/2021 00:00:16,-999,-999,-999,3,1,840
07/05/2021 00:00:32,-999,-999,-999,3,2,640
07/05/2021 00:00:48,-999,-999,-999,3,2,640
07/05/2021 00:01:04,-999,-999,-999,3,1,630
07/05/2021 00:01:20,-999,-999,-999,3,1,630
07/05/2021 00:01:36,-999,-999,-999,3,1,640
07/05/2021 00:01:52,-999,-999,-999,3,1,640
07/05/2021 00:02:08,-999,-999,-999,3,1,640
07/05/2021 00:02:24,-999,-999,-999,3,1,620
07/05/2021 00:02:40,-999,-999,-999,3,1,620
07/05/2021 00:02:56,-999,-999,-999,3,1,610
07/05/2021 00:03:12,-999,-999,-999,3,1,610
07/05/2021 00:03:28,-999,-999,-999,3,1,700
07/05/2021 00:03:44,-999,-999,-999,3,1,700
07/05/2021 00:04:00,-999,-999,-999,3,1,710
07/05/2021 00:04:16,-999,-999,-999,3,1,710
07/05/2021 00:04:32,-999,-999,-999,3,1,710
07/05/2021 00:04:48,-999,-999,-999,3,2,520
07/05/2021 00:05:04,-999,-999,-999,3,2,520
07/05/2021 00:05:20,-999,-999,-999,3,2,510
07/05/2021 00:05:36,-999,-999,-999,3,2,510
07/05/2021 00:05:52,-999,-999,-999,3,1,550
07/05/2021 00:06:08,-999,-999,-999,3,1,550
07/05/2021 00:06:24,-999,-999,-999,3,1,610
07/05/2021 00:06:40,-999,-999,-999,3,1,610
07/05/2021 00:06:56,-999,-999,-999,3,1,610
07/05/2021 00:07:12,-999,-999,-999,3,1,470
07/05/2021 00:07:28,-999,-999,-999,3,1,470
07/05/2021 00:07:44,-999,-999,-999,3,1,340
07/05/2021 00:08:00,-999,-999,-999,3,1,340
07/05/2021 00:08:16,-999,-999,-999,3,1,330
07/05/2021 00:08:32,-999,-999,-999,3,1,330
07/05/2021 00:08:48,-999,-999,-999,3,1,330
07/05/2021 00:09:04,-999,-999,-999,3,1,330
07/05/2021 00:09:20,-999,-999,-999,3,1,330
07/05/2021 00:09:36,-999,-999,-999,3,1,320
07/05/2021 00:09:52,-999,-999,-999,3,1,320
07/05/2021 00:10:08,-999,-999,-999,3,1,320
07/05/2021 00:10:24,-999,-999,-999,3,1,320
07/05/2021 00:10:40,-999,-999,-999,3,1,340
07/05/2021 00:10:56,-999,-999,-999,3,1,340
07/05/2021 00:11:12,-999,-999,-999,3,1,380
07/05/2021 00:11:28,-999,-999,-999,3,1,380
07/05/2021 00:11:44,-999,-999,-999,3,1,380
07/05/2021 00:12:00,-999,-999,-999,3,1,430
07/05/2021 00:12:16,-999,-999,-999,3,1,430
07/05/2021 00:12:32,-999,-999,-999,3,1,360
07/05/2021 00:12:48,-999,-999,-999,3,1,360
07/05/2021 00:13:04,-999,-999,-999,3,1,340
07/05/2021 00:13:20,-999,-999,-999,3,1,340
07/05/2021 00:13:36,-999,-999,-999,3,1,280
07/05/2021 00:13:52,-999,-999,-999,3,1,280
07/05/2021 00:14:08,-999,-999,-999,3,1,280
07/05/2021 00:14:24,-999,-999,-999,3,2,570
07/05/2021 00:14:40,-999,-999,-999,3,2,570
07/05/2021 00:14:56,-999,-999,-999,3,3,80
07/05/2021 00:15:12,-999,-999,-999,3,3,80
07/05/2021 00:15:28,-999,-999,-999,3,3,390
07/05/2021 00:15:44,-999,-999,-999,3,3,390
07/05/2021 00:16:00,-999,-999,-999,3,1,540
07/05/2021 00:16:16,-999,-999,-999,3,1,540
07/05/2021 00:16:32,-999,-999,-999,3,1,540
07/05/2021 00:16:48,-999,-999,-999,3,2,860
07/05/2021 00:17:04,-999,-999,-999,3,2,860
07/05/2021 00:17:20,-999,-999,-999,3,1,1470
07/05/2021 00:17:36,-999,-999,-999,3,1,1470
07/05/2021 00:17:52,-999,-999,-999,3,2,250
07/05/2021 00:18:08,-999,-999,-999,3,2,250
07/05/2021 00:18:24,-999,-999,-999,3,1,340
07/05/2021 00:18:40,-999,-999,-999,3,1,340
07/05/2021 00:18:56,-999,-999,-999,3,1,340
07/05/2021 00:19:12,-999,-999,-999,3,2,430
07/05/2021 00:19:28,-999,-999,-999,3,2,430
07/05/2021 00:19:44,-999,-999,-999,3,1,470
07/05/2021 00:20:00,-999,-999,-999,3,1,470
07/05/2021 00:20:16,-999,-999,-999,3,1,360
07/05/2021 00:20:32,-999,-999,-999,3,1,360
07/05/2021 00:20:48,-999,-999,-999,3,2,340
07/05/2021 00:21:04,-999,-999,-999,3,2,340
07/05/2021 00:21:20,-999,-999,-999,3,2,340
07/05/2021 00:21:36,-999,-999,-999,3,2,310
07/05/2021 00:21:52,-999,-999,-999,3,2,310
07/05/2021 00:22:08,-999,-999,-999,3,3,310
07/05/2021 00:22:24,-999,-999,-999,3,3,310
07/05/2021 00:22:40,-999,-999,-999,3,3,340
07/05/2021 00:22:56,-999,-999,-999,3,3,340
07/05/2021 00:23:12,-999,-999,-999,3,2,260
07/05/2021 00:23:28,-999,-999,-999,3,2,260
07/05/2021 00:23:44,-999,-999,-999,3,2,260
07/05/2021 00:24:00,-999,-999,-999,3,2,570
07/05/2021 00:24:16,-999,-999,-999,3,2,570
07/05/2021 00:24:32,-999,-999,-999,3,2,530
07/05/2021 00:24:48,-999,-999,-999,3,2,530
07/05/2021 00:25:04,-999,-999,-999,3,2,250
07/05/2021 00:25:20,-999,-999,-999,3,2,250
07/05/2021 00:25:36,-999,-999,-999,3,1,270
07/05/2021 00:25:52,-999,-999,-999,3,1,270
07/05/2021 00:26:08,-999,-999,-999,3,1,270
07/05/2021 00:26:24,-999,-999,-999,3,3,280
07/05/2021 00:26:40,-999,-999,-999,3,3,280
07/05/2021 00:26:56,-999,-999,-999,3,2,270
07/05/2021 00:27:12,-999,-999,-999,3,2,270
07/05/2021 00:27:28,-999,-999,-999,3,3,80
07/05/2021 00:27:44,-999,-999,-999,3,3,80
07/05/2021 00:28:00,-999,-999,-999,3,3,70
07/05/2021 00:28:16,-999,-999,-999,3,3,70
07/05/2021 00:28:32,-999,-999,-999,3,3,70
07/05/2021 00:28:48,-999,-999,-999,3,3,200
07/05/2021 00:29:04,-999,-999,-999,3,3,200
07/05/2021 00:29:20,-999,-999,-999,3,1,320
07/05/2021 00:29:36,-999,-999,-999,3,1,320
07/05/2021 00:29:52,-999,-999,-999,3,1,290
07/05/2021 00:30:08,-999,-999,-999,3,1,290
07/05/2021 00:30:24,-999,-999,-999,3,1,280
07/05/2021 00:30:40,-999,-999,-999,3,1,280
07/05/2021 00:30:56,-999,-999,-999,3,1,280
07/05/2021 00:31:12,-999,-999,-999,3,1,270
07/05/2021 00:31:28,-999,-999,-999,3,1,270
07/05/2021 00:31:44,-999,-999,-999,3,1,280
07/05/2021 00:32:00,-999,-999,-999,3,1,280
07/05/2021 00:32:16,-999,-999,-999,3,2,320
07/05/2021 00:32:32,-999,-999,-999,3,2,320
07/05/2021 00:32:48,-999,-999,-999,3,2,250
07/05/2021 00:33:04,-999,-999,-999,3,2,250
07/05/2021 00:33:20,-999,-999,-999,3,2,250
07/05/2021 00:33:36,-999,-999,-999,3,2,290
07/05/2021 00:33:52,-999,-999,-999,3,2,290
07/05/2021 00:34:08,-999,-999,-999,3,3,230
07/05/2021 00:34:24,-999,-999,-999,3,3,230
07/05/2021 00:34:40,-999,-999,-999,3,3,400
07/05/2021 00:34:56,-999,-999,-999,3,3,400
07/05/2021 00:35:12,-999,-999,-999,3,1,340
07/05/2021 00:35:28,-999,-999,-999,3,1,340
07/05/2021 00:35:44,-999,-999,-999,3,1,340
07/05/2021 00:36:00,-999,-999,-999,3,2,290
07/05/2021 00:36:16,-999,-999,-999,3,2,290
07/05/2021 00:36:32,-999,-999,-999,3,2,260
07/05/2021 00:36:48,-999,-999,-999,3,2,260
07/05/2021 00:37:04,-999,-999,-999,3,2,330
07/05/2021 00:37:20,-999,-999,-999,3,2,330
07/05/2021 00:37:36,-999,-999,-999,3,1,310
07/05/2021 00:37:52,-999,-999,-999,3,1,310
07/05/2021 00:38:08,-999,-999,-999,3,1,310
07/05/2021 00:38:24,-999,-999,-999,3,1,280
07/05/2021 00:38:40,-999,-999,-999,3,1,280
07/05/2021 00:38:56,-999,-999,-999,3,2,250
07/05/2021 00:39:12,-999,-999,-999,3,2,250
07/05/2021 00:39:28,-999,-999,-999,3,3,270
07/05/2021 00:39:44,-999,-999,-999,3,3,270
07/05/2021 00:40:00,-999,-999,-999,3,3,280
07/05/2021 00:40:16,-999,-999,-999,3,3,280
07/05/2021 00:40:32,-999,-999,-999,3,3,280
07/05/2021 00:40:48,-999,-999,-999,3,1,270
07/05/2021 00:41:04,-999,-999,-999,3,1,270
07/05/2021 00:41:20,-999,-999,-999,3,2,260
07/05/2021 00:41:36,-999,-999,-999,3,2,260
07/05/2021 00:41:52,-999,-999,-999,3,2,260
07/05/2021 00:42:08,-999,-999,-999,3,2,260
07/05/2021 00:42:24,-999,-999,-999,3,1,250
07/05/2021 00:42:40,-999,-999,-999,3,1,250
07/05/2021 00:42:56,-999,-999,-999,3,1,250
07/05/2021 00:43:12,-999,-999,-999,3,2,1070
07/05/2021 00:43:28,-999,-999,-999,3,2,1070
07/05/2021 00:43:44,-999,-999,-999,3,2,690
07/05/2021 00:44:00,-999,-999,-999,3,2,690
07/05/2021 00:44:16,-999,-999,-999,3,3,270
07/05/2021 00:44:32,-999,-999,-999,3,3,270
07/05/2021 00:44:48,-999,-999,-999,3,3,310
07/05/2021 00:45:04,-999,-999,-999,3,3,310
07/05/2021 00:45:20,-999,-999,-999,3,3,310
07/05/2021 00:45:36,-999,-999,-999,3,3,420
07/05/2021 00:45:52,-999,-999,-999,3,3,420
07/05/2021 00:46:08,-999,-999,-999,3,2,400
07/05/2021 00:46:24,-999,-999,-999,3,2,400
07/05/2021 00:46:40,-999,-999,-999,3,3,410
07/05/2021 00:46:56,-999,-999,-999,3,3,410
07/05/2021 00:47:12,-999,-999,-999,3,2,470
07/05/2021 00:47:28,-999,-999,-999,3,2,470
07/05/2021 00:47:44,-999,-999,-999,3,2,470
07/05/2021 00:48:00,-999,-999,-999,3,3,350
07/05/2021 00:48:16,-999,-999,-999,3,3,350
07/05/2021 00:48:32,-999,-999,-999,3,2,400
07/05/2021 00:48:48,-999,-999,-999,3,2,400
07/05/2021 00:49:04,-999,-999,-999,3,2,260
07/05/2021 00:49:20,-999,-999,-999,3,2,260
07/05/2021 00:49:36,-999,-999,-999,3,1,420
07/05/2021 00:49:52,-999,-999,-999,3,1,420
07/05/2021 00:50:08,-999,-999,-999,3,1,420
07/05/2021 00:50:24,-999,-999,-999,3,2,310
07/05/2021 00:50:40,-999,-999,-999,3,2,310
07/05/2021 00:50:56,-999,-999,-999,3,1,430
07/05/2021 00:51:12,-999,-999,-999,3,1,430
07/05/2021 00:51:28,-999,-999,-999,3,1,440
07/05/2021 00:51:44,-999,-999,-999,3,1,440
07/05/2021 00:52:00,-999,-999,-999,3,2,420
07/05/2021 00:52:16,-999,-999,-999,3,2,420
07/05/2021 00:52:32,-999,-999,-999,3,2,420
07/05/2021 00:52:48,-999,-999,-999,3,2,400
07/05/2021 00:53:04,-999,-999,-999,3,2,400
07/05/2021 00:53:20,-999,-999,-999,3,2,420
07/05/2021 00:53:36,-999,-999,-999,3,2,420
07/05/2021 00:53:52,-999,-999,-999,3,1,410
07/05/2021 00:54:08,-999,-999,-999,3,1,410
07/05/2021 00:54:24,-999,-999,-999,3,1,410
07/05/2021 00:54:40,-999,-999,-999,3,1,410
07/05/2021 00:54:56,-999,-999,-999,3,1,410
07/05/2021 00:55:12,-999,-999,-999,3,1,390
07/05/2021 00:55:28,-999,-999,-999,3,1,390
07/05/2021 00:55:44,-999,-999,-999,3,1,470
07/05/2021 00:56:00,-999,-999,-999,3,1,470
07/05/2021 00:56:16,-999,-999,-999,3,1,440
07/05/2021 00:56:32,-999,-999,-999,3,1,440
07/05/2021 00:56:48,-999,-999,-999,3,2,280
07/05/2021 00:57:04,-999,-999,-999,3,2,280
07/05/2021 00:57:20,-999,-999,-999,3,2,280
07/05/2021 00:57:36,-999,-999,-999,3,3,260
07/05/2021 00:57:52,-999,-999,-999,3,3,260
07/05/2021 00:58:08,-999,-999,-999,3,3,440
07/05/2021 00:58:24,-999,-999,-999,3,3,440
07/05/2021 00:58:40,-999,-999,-999,3,3,270
07/05/2021 00:58:56,-999,-999,-999,3,3,270
07/05/2021 00:59:12,-999,-999,-999,3,2,380
07/05/2021 00:59:28,-999,-999,-999,3,2,380
07/05/2021 00:59:44,-999,-999,-999,3,2,380
07/05/2021 01:00:00,-999,-999,-999,3,3,280
07/05/2021 01:00:16,-999,-999,-999,3,3,280
07/05/2021 01:00:32,-999,-999,-999,3,2,390
07/05/2021 01:00:48,-999,-999,-999,3,2,390
07/05/2021 01:01:04,-999,-999,-999,3,2,300
07/05/2021 01:01:20,-999,-999,-999,3,2,300
07/05/2021 01:01:36,-999,-999,-999,3,1,330
07/05/2021 01:01:52,-999,-999,-999,3,1,330
07/05/2021 01:02:08,-999,-999,-999,3,1,330
07/05/2021 01:02:24,-999,-999,-999,3,1,260
07/05/2021 01:02:40,-999,-999,-999,3,1,260
07/05/2021 01:02:56,-999,-999,-999,3,2,260
07/05/2021 01:03:12,-999,-999,-999,3,2,260
07/05/2021 01:03:28,-999,-999,-999,3,2,230
07/05/2021 01:03:44,-999,-999,-999,3,2,230
07/05/2021 01:04:00,-999,-999,-999,3,2,740
07/05/2021 01:04:16,-999,-999,-999,3,2,740
07/05/2021 01:04:32,-999,-999,-999,3,2,740
07/05/2021 01:04:48,-999,-999,-999,3,2,270
07/05/2021 01:05:04,-999,-999,-999,3,2,270
07/05/2021 01:05:20,-999,-999,-999,3,1,240
07/05/2021 01:05:36,-999,-999,-999,3,1,240
07/05/2021 01:05:52,-999,-999,-999,3,2,220
07/05/2021 01:06:08,-999,-999,-999,3,2,220
07/05/2021 01:06:24,-999,-999,-999,3,3,250
07/05/2021 01:06:40,-999,-999,-999,3,3,250
07/05/2021 01:06:56,-999,-999,-999,3,3,250
07/05/2021 01:07:12,-999,-999,-999,3,2,210
07/05/2021 01:07:28,-999,-999,-999,3,2,210
07/05/2021 01:07:44,-999,-999,-999,3,2,560
07/05/2021 01:08:00,-999,-999,-999,3,2,560
07/05/2021 01:08:16,-999,-999,-999,3,2,290
07/05/2021 01:08:32,-999,-999,-999,3,2,290
07/05/2021 01:08:48,-999,-999,-999,3,1,280
07/05/2021 01:09:04,-999,-999,-999,3,1,280
07/05/2021 01:09:20,-999,-999,-999,3,1,280
07/05/2021 01:09:36,-999,-999,-999,3,2,300
07/05/2021 01:09:52,-999,-999,-999,3,2,300
07/05/2021 01:10:08,-999,-999,-999,3,3,200
07/05/2021 01:10:24,-999,-999,-999,3,3,200
07/05/2021 01:10:40,-999,-999,-999,3,3,290
07/05/2021 01:10:56,-999,-999,-999,3,3,290
07/05/2021 01:11:12,-999,-999,-999,3,1,340
07/05/2021 01:11:28,-999,-999,-999,3,1,340
07/05/2021 01:11:44,-999,-999,-999,3,1,340
07/05/2021 01:12:00,-999,-999,-999,3,2,340
07/05/2021 01:12:16,-999,-999,-999,3,2,340
07/05/2021 01:12:32,-999,-999,-999,3,1,290
07/05/2021 01:12:48,-999,-999,-999,3,1,290
07/05/2021 01:13:04,-999,-999,-999,3,2,270
07/05/2021 01:13:20,-999,-999,-999,3,2,270
07/05/2021 01:13:36,-999,-999,-999,3,2,280
07/05/2021 01:13:52,-999,-999,-999,3,2,280
07/05/2021 01:14:08,-999,-999,-999,3,2,280
07/05/2021 01:14:24,-999,-999,-999,3,2,260
07/05/2021 01:14:40,-999,-999,-999,3,2,260
07/05/2021 01:14:56,-999,-999,-999,3,3,290
07/05/2021 01:15:12,-999,-999,-999,3,3,290
07/05/2021 01:15:28,-999,-999,-999,3,2,780
07/05/2021 01:15:44,-999,-999,-999,3,2,780
07/05/2021 01:16:00,-999,-999,-999,3,1,2570
07/05/2021 01:16:16,-999,-999,-999,3,1,2570
07/05/2021 01:16:32,-999,-999,-999,3,1,2570
07/05/2021 01:16:48,-999,-999,-999,3,4,1810
07/05/2021 01:17:04,-999,-999,-999,3,4,1810
07/05/2021 01:17:20,-999,-999,-999,3,2,1950
07/05/2021 01:17:36,-999,-999,-999,3,2,1950
07/05/2021 01:17:52,-999,-999,-999,3,1,1950
07/05/2021 01:18:08,-999,-999,-999,3,1,1950
07/05/2021 01:18:24,-999,-999,-999,3,3,970
07/05/2021 01:18:40,-999,-999,-999,3,3,970
07/05/2021 01:18:56,-999,-999,-999,3,3,970
07/05/2021 01:19:12,-999,-999,-999,3,2,860
07/05/2021 01:19:28,-999,-999,-999,3,2,860
07/05/2021 01:19:44,-999,-999,-999,3,1,2220
07/05/2021 01:20:00,-999,-999,-999,3,1,2220
07/05/2021 01:20:16,-999,-999,-999,3,2,1340
07/05/2021 01:20:32,-999,-999,-999,3,2,1340
07/05/2021 01:20:48,-999,-999,-999,3,2,1350
07/05/2021 01:21:04,-999,-999,-999,3,2,1350
07/05/2021 01:21:20,-999,-999,-999,3,2,1350
07/05/2021 01:21:36,-999,-999,-999,3,2,1060
07/05/2021 01:21:52,-999,-999,-999,3,2,1060
07/05/2021 01:22:08,-999,-999,-999,3,2,1000
07/05/2021 01:22:24,-999,-999,-999,3,2,1000
07/05/2021 01:22:40,-999,-999,-999,3,2,860
07/05/2021 01:22:56,-999,-999,-999,3,2,860
07/05/2021 01:23:12,-999,-999,-999,3,2,860
07/05/2021 01:23:28,-999,-999,-999,3,2,860
07/05/2021 01:23:44,-999,-999,-999,3,2,860
07/05/2021 01:24:00,-999,-999,-999,3,1,870
07/05/2021 01:24:16,-999,-999,-999,3,1,870
07/05/2021 01:24:32,-999,-999,-999,3,2,860
07/05/2021 01:24:48,-999,-999,-999,3,2,860
07/05/2021 01:25:04,-999,-999,-999,3,2,1020
07/05/2021 01:25:20,-999,-999,-999,3,2,1020
07/05/2021 01:25:36,-999,-999,-999,3,2,1140
07/05/2021 01:25:52,-999,-999,-999,3,2,1140
07/05/2021 01:26:08,-999,-999,-999,3,2,1140
07/05/2021 01:26:24,-999,-999,-999,3,1,1120
07/05/2021 01:26:40,-999,-999,-999,3,1,1120
07/05/2021 01:26:56,-999,-999,-999,3,2,1150
07/05/2021 01:27:12,-999,-999,-999,3,2,1150
07/05/2021 01:27:28,-999,-999,-999,3,2,1150
07/05/2021 01:27:44,-999,-999,-999,3,2,1150
07/05/2021 01:28:00,-999,-999,-999,3,3,1880
07/05/2021 01:28:16,-999,-999,-999,3,3,1880
07/05/2021 01:28:32,-999,-999,-999,3,3,1880
07/05/2021 01:28:48,-999,-999,-999,3,3,990
07/05/2021 01:29:04,-999,-999,-999,3,3,990
07/05/2021 01:29:20,-999,-999,-999,3,1,1000
07/05/2021 01:29:36,-999,-999,-999,3,1,1000
07/05/2021 01:29:52,-999,-999,-999,3,2,1000
07/05/2021 01:30:08,-999,-999,-999,3,2,1000
07/05/2021 01:30:24,-999,-999,-999,3,1,1000
07/05/2021 01:30:40,-999,-999,-999,3,1,1000
07/05/2021 01:30:56,-999,1120,-999,3,1,1000
07/05/2021 01:31:12,-999,570,-999,3,2,520
07/05/2021 01:31:28,-999,570,-999,3,2,520
07/05/2021 01:31:44,-999,590,-999,3,2,570
07/05/2021 01:32:00,-999,590,-999,3,2,570
07/05/2021 01:32:16,-999,590,-999,3,1,750
07/05/2021 01:32:32,-999,570,-999,3,1,750
07/05/2021 01:32:48,-999,570,-999,3,1,580
07/05/2021 01:33:04,-999,570,-999,3,1,580
07/05/2021 01:33:20,-999,590,-999,3,1,580
07/05/2021 01:33:36,-999,620,-999,3,1,540
07/05/2021 01:33:52,-999,-999,-999,3,1,540
07/05/2021 01:34:08,-999,620,-999,3,1,530
07/05/2021 01:34:24,-999,620,-999,3,1,530
07/05/2021 01:34:40,-999,620,-999,3,1,520
07/05/2021 01:34:56,-999,630,-999,3,1,520
07/05/2021 01:35:12,-999,630,-999,3,2,490
07/05/2021 01:35:28,-999,-999,-999,3,2,490
07/05/2021 01:35:44,-999,-999,-999,3,2,490
07/05/2021 01:36:00,-999,-999,-999,3,1,400
07/05/2021 01:36:16,-999,-999,-999,3,1,400
07/05/2021 01:36:32,-999,-999,-999,3,2,360
07/05/2021 01:36:48,-999,-999,-999,3,2,360
07/05/2021 01:37:04,-999,-999,-999,3,2,350
07/05/2021 01:37:20,-999,-999,-999,3,2,350
07/05/2021 01:37:36,-999,-999,-999,3,1,310
07/05/2021 01:37:52,-999,-999,-999,3,1,310
07/05/2021 01:38:08,-999,-999,-999,3,1,310
07/05/2021 01:38:24,-999,-999,-999,3,2,290
07/05/2021 01:38:40,-999,-999,-999,3,2,290
07/05/2021 01:38:56,-999,-999,-999,3,2,300
07/05/2021 01:39:12,-999,-999,-999,3,2,300
07/05/2021 01:39:28,-999,-999,-999,3,2,280
07/05/2021 01:39:44,-999,-999,-999,3,2,280
07/05/2021 01:40:00,-999,-999,-999,3,1,290
07/05/2021 01:40:16,-999,-999,-999,3,1,290
07/05/2021 01:40:32,-999,-999,-999,3,1,290
07/05/2021 01:40:48,-999,-999,-999,3,1,250
07/05/2021 01:41:04,-999,-999,-999,3,1,250
07/05/2021 01:41:20,-999,-999,-999,3,1,250
07/05/2021 01:41:36,-999,-999,-999,3,1,250
07/05/2021 01:41:52,-999,-999,-999,3,2,230
07/05/2021 01:42:08,-999,-999,-999,3,2,230
07/05/2021 01:42:24,-999,-999,-999,3,2,240
07/05/2021 01:42:40,-999,-999,-999,3,2,240
07/05/2021 01:42:56,-999,-999,-999,3,2,240
07/05/2021 01:43:12,-999,-999,-999,3,2,330
07/05/2021 01:43:28,-999,-999,-999,3,2,330
07/05/2021 01:43:44,-999,-999,-999,3,2,210
07/05/2021 01:44:00,-999,-999,-999,3,2,210
07/05/2021 01:44:16,-999,-999,-999,3,2,210
07/05/2021 01:44:32,-999,-999,-999,3,2,210
07/05/2021 01:44:48,-999,-999,-999,3,3,180
07/05/2021 01:45:04,-999,-999,-999,3,3,180
07/05/2021 01:45:20,-999,-999,-999,3,3,180
07/05/2021 01:45:36,-999,-999,-999,3,2,220
07/05/2021 01:45:52,-999,-999,-999,3,2,220
07/05/2021 01:46:08,-999,-999,-999,3,2,710
07/05/2021 01:46:24,-999,-999,-999,3,2,710
07/05/2021 01:46:40,-999,-999,-999,3,3,220
07/05/2021 01:46:56,-999,-999,-999,3,3,220
07/05/2021 01:47:12,-999,-999,-999,3,2,190
07/05/2021 01:47:28,-999,-999,-999,3,2,190
07/05/2021 01:47:44,-999,-999,-999,3,2,190
07/05/2021 01:48:00,-999,-999,-999,3,1,250
07/05/2021 01:48:16,-999,-999,-999,3,1,250
07/05/2021 01:48:32,-999,-999,-999,3,2,300
07/05/2021 01:48:48,-999,-999,-999,3,2,300
07/05/2021 01:49:04,-999,-999,-999,3,3,320
07/05/2021 01:49:20,-999,-999,-999,3,3,320
07/05/2021 01:49:36,-999,-999,-999,3,2,310
07/05/2021 01:49:52,-999,-999,-999,3,2,310
07/05/2021 01:50:08,-999,-999,-999,3,2,310
07/05/2021 01:50:24,-999,-999,-999,3,1,1110
07/05/2021 01:50:40,-999,-999,-999,3,1,1110
07/05/2021 01:50:56,-999,-999,-999,3,2,310
07/05/2021 01:51:12,-999,-999,-999,3,2,310
07/05/2021 01:51:28,-999,-999,-999,3,2,360
07/05/2021 01:51:44,-999,-999,-999,3,2,360
07/05/2021 01:52:00,-999,-999,-999,3,1,1280
07/05/2021 01:52:16,-999,-999,-999,3,1,1280
07/05/2021 01:52:32,-999,-999,-999,3,1,1280
07/05/2021 01:52:48,-999,-999,-999,3,1,1180
07/05/2021 01:53:04,-999,-999,-999,3,1,1180
07/05/2021 01:53:20,-999,-999,-999,3,2,300
07/05/2021 01:53:36,-999,-999,-999,3,2,300
07/05/2021 01:53:52,-999,-999,-999,3,2,280
07/05/2021 01:54:08,-999,-999,-999,3,2,280
07/05/2021 01:54:24,-999,-999,-999,3,1,1220
07/05/2021 01:54:40,-999,-999,-999,3,1,1220
07/05/2021 01:54:56,-999,-999,-999,3,1,1220
07/05/2021 01:55:12,-999,-999,-999,3,1,1250
07/05/2021 01:55:28,-999,-999,-999,3,1,1250
07/05/2021 01:55:44,-999,-999,-999,3,2,510
07/05/2021 01:56:00,-999,-999,-999,3,2,510
07/05/2021 01:56:16,-999,-999,-999,3,1,1320
07/05/2021 01:56:32,-999,-999,-999,3,1,1320
07/05/2021 01:56:48,-999,-999,-999,3,2,440
07/05/2021 01:57:04,-999,-999,-999,3,2,440
07/05/2021 01:57:20,-999,-999,-999,3,2,440
07/05/2021 01:57:36,-999,-999,-999,3,2,430
07/05/2021 01:57:52,-999,-999,-999,3,2,430
07/05/2021 01:58:08,-999,-999,-999,3,1,1350
07/05/2021 01:58:24,-999,-999,-999,3,1,1350
07/05/2021 01:58:40,-999,-999,-999,3,1,1410
07/05/2021 01:58:56,-999,-999,-999,3,1,1410
07/05/2021 01:59:12,-999,-999,-999,3,1,1600
07/05/2021 01:59:28,-999,-999,-999,3,1,1600
07/05/2021 01:59:44,-999,-999,-999,3,1,1600
07/05/2021 02:00:00,1,-999,590,3,2,1120
07/05/2021 02:00:16,1,-999,590,3,2,1120
07/05/2021 02:00:32,1,-999,590,3,2,1230
07/05/2021 02:00:48,1,-999,590,3,2,1230
07/05/2021 02:01:04,1,-999,590,3,1,1620
07/05/2021 02:01:20,1,-999,590,3,1,1620
07/05/2021 02:01:36,1,-999,590,3,1,1760
07/05/2021 02:01:52,1,-999,590,3,1,1760
07/05/2021 02:02:08,1,-999,590,3,1,1760
07/05/2021 02:02:24,1,-999,590,3,3,200
07/05/2021 02:02:40,1,-999,590,3,3,200
07/05/2021 02:02:56,1,-999,590,3,2,1730
07/05/2021 02:03:12,1,-999,590,3,2,1730
07/05/2021 02:03:28,1,-999,590,3,1,1740
07/05/2021 02:03:44,1,-999,590,3,1,1740
07/05/2021 02:04:00,1,-999,590,3,1,1680
07/05/2021 02:04:16,1,-999,590,3,1,1680
07/05/2021 02:04:32,1,150,590,3,1,1680
07/05/2021 02:04:48,1,150,590,3,1,1710
07/05/2021 02:05:04,1,130,590,3,1,1710
07/05/2021 02:05:20,1,130,590,3,1,1740
07/05/2021 02:05:36,1,130,590,3,1,1740
07/05/2021 02:05:52,1,130,590,3,1,1770
07/05/2021 02:06:08,1,130,590,3,1,1770
07/05/2021 02:06:24,1,130,590,3,1,1810
07/05/2021 02:06:40,1,130,590,3,1,1810
07/05/2021 02:06:56,1,130,590,3,1,1810
07/05/2021 02:07:12,1,130,590,3,1,1780
07/05/2021 02:07:28,1,130,590,3,1,1780
07/05/2021 02:07:44,1,130,590,3,1,1710
07/05/2021 02:08:00,1,130,590,3,1,1710
07/05/2021 02:08:16,1,130,590,3,1,1290
07/05/2021 02:08:32,1,130,590,3,1,1290
07/05/2021 02:08:48,1,130,590,3,2,810
07/05/2021 02:09:04,1,130,590,3,2,810
07/05/2021 02:09:20,1,880,590,3,2,810
07/05/2021 02:09:36,1,880,590,3,2,820
07/05/2021 02:09:52,1,880,590,3,2,820
07/05/2021 02:10:08,1,880,590,3,2,680
07/05/2021 02:10:24,1,880,590,3,2,680
07/05/2021 02:10:40,1,880,590,3,3,650
07/05/2021 02:10:56,1,880,590,3,3,650
07/05/2021 02:11:12,1,-999,590,3,1,740
07/05/2021 02:11:28,1,-999,590,3,1,740
07/05/2021 02:11:44,1,-999,590,3,1,740
07/05/2021 02:12:00,1,-999,590,3,1,760
07/05/2021 02:12:16,1,-999,590,3,1,760
07/05/2021 02:12:32,1,-999,590,3,1,930
07/05/2021 02:12:48,1,-999,590,3,1,930
07/05/2021 02:13:04,1,120,590,3,0,-999
07/05/2021 02:13:20,1,10,590,3,0,-999
07/05/2021 02:13:36,1,200,590,3,0,-999
07/05/2021 02:13:52,1,170,590,3,0,-999
07/05/2021 02:14:08,1,150,590,3,0,-999
07/05/2021 02:14:24,1,110,590,3,0,-999
07/05/2021 02:14:40,1,110,590,3,0,-999
07/05/2021 02:14:56,1,640,590,3,0,-999
07/05/2021 02:15:12,1,360,590,3,0,-999
07/05/2021 02:15:28,1,350,590,3,0,-999
07/05/2021 02:15:44,1,670,590,3,0,-999
07/05/2021 02:16:00,1,430,590,3,0,-999
07/05/2021 02:16:16,1,360,590,3,0,-999
07/05/2021 02:16:32,1,300,590,3,0,-999
07/05/2021 02:16:48,1,240,590,3,0,-999
07/05/2021 02:17:04,1,180,590,3,0,-999
07/05/2021 02:17:20,1,130,590,3,0,-999
07/05/2021 02:17:36,1,100,590,3,0,-999
07/05/2021 02:17:52,1,110,590,3,0,-999
07/05/2021 02:18:08,1,190,590,3,0,-999
07/05/2021 02:18:24,1,190,590,3,0,-999
07/05/2021 02:18:40,1,180,590,3,0,-999
07/05/2021 02:18:56,1,180,590,3,0,-999
07/05/2021 02:19:12,1,180,590,3,0,-999
07/05/2021 02:19:28,1,180,590,3,0,-999
07/05/2021 02:19:44,1,170,590,3,0,-999
07/05/2021 02:20:00,1,170,590,3,0,-999
07/05/2021 02:20:16,1,170,590,3,0,-999
07/05/2021 02:20:32,1,170,590,3,0,-999
07/05/2021 02:20:48,1,170,590,3,0,-999
07/05/2021 02:21:04,1,160,590,3,0,-999
07/05/2021 02:21:20,1,160,590,3,0,-999
07/05/2021 02:21:36,1,150,590,3,0,-999
07/05/2021 02:21:52,1,150,590,3,0,-999
07/05/2021 02:22:08,1,130,590,3,0,-999
07/05/2021 02:22:24,1,120,590,3,0,-999
07/05/2021 02:22:40,1,130,590,3,0,-999
07/05/2021 02:22:56,1,140,590,3,0,-999
07/05/2021 02:23:12,1,450,590,3,0,-999
07/05/2021 02:23:28,1,450,590,3,0,-999
07/05/2021 02:23:44,1,450,590,3,0,-999
07/05/2021 02:24:00,1,450,590,3,0,-999
07/05/2021 02:24:16,1,450,590,3,0,-999
07/05/2021 02:24:32,1,450,590,3,0,-999
07/05/2021 02:24:48,1,450,590,3,0,-999
07/05/2021 02:25:04,1,450,590,3,0,-999
07/05/2021 02:25:20,1,450,590,3,0,-999
07/05/2021 02:25:36,1,440,590,3,1,790
07/05/2021 02:25:52,1,440,590,3,1,790
07/05/2021 02:26:08,1,440,590,3,1,790
07/05/2021 02:26:24,1,440,590,3,1,790
07/05/2021 02:26:40,1,440,590,3,1,790
07/05/2021 02:26:56,1,430,590,3,0,-999
07/05/2021 02:27:12,1,430,590,3,0,-999
07/05/2021 02:27:28,1,430,590,3,0,-999
07/05/2021 02:27:44,1,120,590,3,0,-999
07/05/2021 02:28:00,1,120,590,3,0,-999
07/05/2021 02:28:16,1,120,590,3,0,-999
07/05/2021 02:28:32,1,120,590,3,0,-999
07/05/2021 02:28:48,1,850,590,3,1,730
07/05/2021 02:29:04,1,850,590,3,1,730
07/05/2021 02:29:20,1,120,590,3,0,-999
07/05/2021 02:29:36,1,130,590,3,0,-999
07/05/2021 02:29:52,1,160,590,3,0,-999
07/05/2021 02:30:08,1,150,590,3,0,-999
07/05/2021 02:30:24,1,870,590,3,1,730
07/05/2021 02:30:40,1,870,590,3,1,730
07/05/2021 02:30:56,1,870,590,3,1,730
07/05/2021 02:31:12,1,870,590,3,1,740
07/05/2021 02:31:28,1,870,590,3,1,740
07/05/2021 02:31:44,1,870,590,3,1,990
07/05/2021 02:32:00,1,870,590,3,1,990
07/05/2021 02:32:16,1,420,590,3,0,-999
07/05/2021 02:32:32,1,420,590,3,0,-999
07/05/2021 02:32:48,1,90,590,3,0,-999
07/05/2021 02:33:04,1,90,590,3,0,-999
07/05/2021 02:33:20,1,90,590,3,0,-999
07/05/2021 02:33:36,1,90,590,3,0,-999
07/05/2021 02:33:52,1,90,590,3,0,-999
07/05/2021 02:34:08,1,390,590,3,1,950
07/05/2021 02:34:24,1,390,590,3,1,950
07/05/2021 02:34:40,1,120,590,3,0,-999
07/05/2021 02:34:56,1,130,590,3,0,-999
07/05/2021 02:35:12,1,590,590,3,0,-999
07/05/2021 02:35:28,1,590,590,3,0,-999
07/05/2021 02:35:44,1,580,590,3,0,-999
07/05/2021 02:36:00,1,330,590,3,4,940
07/05/2021 02:36:16,1,330,590,3,4,940
07/05/2021 02:36:32,1,580,590,3,0,-999
07/05/2021 02:36:48,1,320,590,3,0,-999
07/05/2021 02:37:04,1,320,590,3,3,260
07/05/2021 02:37:20,1,320,590,3,3,260
07/05/2021 02:37:36,1,320,590,3,3,230
07/05/2021 02:37:52,1,320,590,3,3,230
07/05/2021 02:38:08,1,320,590,3,3,230
07/05/2021 02:38:24,1,320,590,3,3,210
07/05/2021 02:38:40,1,-999,590,3,3,210
07/05/2021 02:38:56,1,-999,590,3,2,350
07/05/2021 02:39:12,1,-999,590,3,2,350
07/05/2021 02:39:28,1,-999,590,3,1,300
07/05/2021 02:39:44,1,-999,590,3,1,300
07/05/2021 02:40:00,1,-999,590,3,2,260
07/05/2021 02:40:16,1,-999,590,3,2,260
07/05/2021 02:40:32,1,-999,590,3,2,260
07/05/2021 02:40:48,1,-999,590,3,2,210
07/05/2021 02:41:04,1,-999,590,3,2,210
07/05/2021 02:41:20,1,-999,590,3,3,190
07/05/2021 02:41:36,1,-999,590,3,3,190
07/05/2021 02:41:52,1,-999,590,3,2,740
07/05/2021 02:42:08,1,-999,590,3,2,740
07/05/2021 02:42:24,1,-999,590,3,2,870
07/05/2021 02:42:40,1,-999,590,3,2,870
07/05/2021 02:42:56,1,-999,590,3,2,870
07/05/2021 02:43:12,1,-999,590,3,2,890
07/05/2021 02:43:28,1,-999,590,3,2,890
07/05/2021 02:43:44,1,-999,590,3,2,320
07/05/2021 02:44:00,1,-999,590,3,2,320
07/05/2021 02:44:16,1,-999,590,3,1,400
07/05/2021 02:44:32,1,-999,590,3,1,400
07/05/2021 02:44:48,1,-999,590,3,2,330
07/05/2021 02:45:04,1,-999,590,3,2,330
07/05/2021 02:45:20,1,-999,590,3,2,330
07/05/2021 02:45:36,1,-999,590,3,1,1080
07/05/2021 02:45:52,1,-999,590,3,1,1080
07/05/2021 02:46:08,1,-999,590,3,2,850
07/05/2021 02:46:24,1,-999,590,3,2,850
07/05/2021 02:46:40,1,-999,590,3,2,870
07/05/2021 02:46:56,1,-999,590,3,2,870
07/05/2021 02:47:12,1,-999,590,3,2,630
07/05/2021 02:47:28,1,-999,590,3,2,630
07/05/2021 02:47:44,1,-999,590,3,2,630
07/05/2021 02:48:00,1,-999,590,3,1,740
07/05/2021 02:48:16,1,-999,590,3,1,740
07/05/2021 02:48:32,1,-999,590,3,2,830
07/05/2021 02:48:48,1,-999,590,3,2,830
07/05/2021 02:49:04,1,-999,590,3,1,1140
07/05/2021 02:49:20,1,-999,590,3,1,1140
07/05/2021 02:49:36,1,-999,590,3,2,830
07/05/2021 02:49:52,1,-999,590,3,2,830
07/05/2021 02:50:08,1,-999,590,3,2,830
07/05/2021 02:50:24,1,-999,590,3,2,570
07/05/2021 02:50:40,1,-999,590,3,2,570
07/05/2021 02:50:56,1,-999,590,3,2,760
07/05/2021 02:51:12,1,-999,590,3,2,760
07/05/2021 02:51:28,1,-999,590,3,2,590
07/05/2021 02:51:44,1,-999,590,3,2,590
07/05/2021 02:52:00,1,-999,590,3,2,620
07/05/2021 02:52:16,1,-999,590,3,2,620
07/05/2021 02:52:32,1,-999,590,3,2,620
07/05/2021 02:52:48,1,-999,590,3,2,860
07/05/2021 02:53:04,1,-999,590,3,2,860
07/05/2021 02:53:20,1,-999,590,3,2,930
07/05/2021 02:53:36,1,-999,590,3,2,930
07/05/2021 02:53:52,1,-999,590,3,2,710
07/05/2021 02:54:08,1,-999,590,3,2,710
07/05/2021 02:54:24,1,-999,590,3,2,640
07/05/2021 02:54:40,1,-999,590,3,2,640
07/05/2021 02:54:56,1,-999,590,3,2,640
07/05/2021 02:55:12,1,-999,590,3,2,620
07/05/2021 02:55:28,1,-999,590,3,2,620
07/05/2021 02:55:44,1,-999,590,3,2,880
07/05/2021 02:56:00,1,-999,590,3,2,880
07/05/2021 02:56:16,1,-999,590,3,1,1220
07/05/2021 02:56:32,1,-999,590,3,1,1220
07/05/2021 02:56:48,1,-999,590,3,1,1070
07/05/2021 02:57:04,1,230,590,3,1,1070
07/05/2021 02:57:20,1,230,590,3,1,1070
07/05/2021 02:57:36,1,230,590,3,2,610
07/05/2021 02:57:52,1,230,590,3,2,610
07/05/2021 02:58:08,1,230,590,3,1,610
07/05/2021 02:58:24,1,230,590,3,1,610
07/05/2021 02:58:40,1,-999,590,3,2,670
07/05/2021 02:58:56,1,-999,590,3,2,670
07/05/2021 02:59:12,1,-999,590,3,1,660
07/05/2021 02:59:28,1,-999,590,3,1,660
07/05/2021 02:59:44,1,-999,590,3,1,660
07/05/2021 03:00:00,1,-999,140,3,1,700
07/05/2021 03:00:16,1,-999,140,3,1,700
07/05/2021 03:00:32,1,-999,140,3,2,740
07/05/2021 03:00:48,1,-999,140,3,2,740
07/05/2021 03:01:04,1,-999,140,3,3,580
07/05/2021 03:01:20,1,-999,140,3,3,580
07/05/2021 03:01:36,1,-999,140,3,1,530
07/05/2021 03:01:52,1,-999,140,3,1,530
07/05/2021 03:02:08,1,-999,140,3,1,530
07/05/2021 03:02:24,1,-999,140,3,1,500
07/05/2021 03:02:40,1,-999,140,3,1,500
07/05/2021 03:02:56,1,-999,140,3,1,500
07/05/2021 03:03:12,1,-999,140,3,1,500
07/05/2021 03:03:28,1,-999,140,3,1,480
07/05/2021 03:03:44,1,-999,140,3,1,480
07/05/2021 03:04:00,1,-999,140,3,2,470
07/05/2021 03:04:16,1,-999,140,3,2,470
07/05/2021 03:04:32,1,-999,140,3,2,470
07/05/2021 03:04:48,1,-999,140,3,2,510
07/05/2021 03:05:04,1,-999,140,3,2,510
07/05/2021 03:05:20,1,-999,140,3,3,380
07/05/2021 03:05:36,1,-999,140,3,3,380
07/05/2021 03:05:52,1,-999,140,3,2,470
07/05/2021 03:06:08,1,-999,140,3,2,470
07/05/2021 03:06:24,1,-999,140,3,2,400
07/05/2021 03:06:40,1,-999,140,3,2,400
07/05/2021 03:06:56,1,-999,140,3,2,400
07/05/2021 03:07:12,1,-999,140,3,1,1380
07/05/2021 03:07:28,1,-999,140,3,1,1380
07/05/2021 03:07:44,1,-999,140,3,2,550
07/05/2021 03:08:00,1,-999,140,3,2,550
07/05/2021 03:08:16,1,-999,140,3,2,560
07/05/2021 03:08:32,1,-999,140,3,2,560
07/05/2021 03:08:48,1,-999,140,3,2,650
07/05/2021 03:09:04,1,-999,140,3,2,650
07/05/2021 03:09:20,1,-999,140,3,2,650
07/05/2021 03:09:36,1,-999,140,3,1,600
07/05/2021 03:09:52,1,-999,140,3,1,600
07/05/2021 03:10:08,1,-999,140,3,1,570
07/05/2021 03:10:24,1,-999,140,3,1,570
07/05/2021 03:10:40,1,-999,140,3,1,530
07/05/2021 03:10:56,1,680,140,3,1,530
07/05/2021 03:11:12,1,680,140,3,1,550
07/05/2021 03:11:28,1,680,140,3,1,550
07/05/2021 03:11:44,1,670,140,3,1,550
07/05/2021 03:12:00,1,90,140,3,1,570
07/05/2021 03:12:16,1,90,140,3,1,570
07/05/2021 03:12:32,1,90,140,3,1,560
07/05/2021 03:12:48,1,90,140,3,1,560
07/05/2021 03:13:04,1,680,140,3,1,590
07/05/2021 03:13:20,1,680,140,3,1,590
07/05/2021 03:13:36,1,670,140,3,1,530
07/05/2021 03:13:52,1,670,140,3,1,530
07/05/2021 03:14:08,1,-999,140,3,1,530
07/05/2021 03:14:24,1,-999,140,3,1,500
07/05/2021 03:14:40,1,-999,140,3,1,500
07/05/2021 03:14:56,1,-999,140,3,3,490
07/05/2021 03:15:12,1,-999,140,3,3,490
07/05/2021 03:15:28,1,-999,140,3,3,380
07/05/2021 03:15:44,1,-999,140,3,3,380
07/05/2021 03:16:00,1,-999,140,3,2,640
07/05/2021 03:16:16,1,-999,140,3,2,640
07/05/2021 03:16:32,1,-999,140,3,2,640
07/05/2021 03:16:48,1,-999,140,3,3,740
07/05/2021 03:17:04,1,-999,140,3,3,740
07/05/2021 03:17:20,1,-999,140,3,3,460
07/05/2021 03:17:36,1,-999,140,3,3,460
07/05/2021 03:17:52,1,-999,140,3,3,480
07/05/2021 03:18:08,1,-999,140,3,3,480
07/05/2021 03:18:24,1,-999,140,3,2,1820
07/05/2021 03:18:40,1,-999,140,3,2,1820
07/05/2021 03:18:56,1,-999,140,3,2,1820
07/05/2021 03:19:12,1,-999,140,3,2,650
07/05/2021 03:19:28,1,90,140,3,2,650
07/05/2021 03:19:44,1,90,140,3,2,680
07/05/2021 03:20:00,1,90,140,3,2,680
07/05/2021 03:20:16,1,90,140,3,1,670
07/05/2021 03:20:32,1,90,140,3,1,670
07/05/2021 03:20:48,1,90,140,3,1,650
07/05/2021 03:21:04,1,90,140,3,1,650
07/05/2021 03:21:20,1,100,140,3,1,650
07/05/2021 03:21:36,1,100,140,3,1,690
07/05/2021 03:21:52,1,100,140,3,1,690
07/05/2021 03:22:08,1,100,140,3,2,720
07/05/2021 03:22:24,1,100,140,3,2,720
07/05/2021 03:22:40,1,100,140,3,3,640
07/05/2021 03:22:56,1,100,140,3,3,640
07/05/2021 03:23:12,1,100,140,3,3,810
07/05/2021 03:23:28,1,100,140,3,3,810
07/05/2021 03:23:44,1,100,140,3,3,810
07/05/2021 03:24:00,1,100,140,3,1,760
07/05/2021 03:24:16,1,100,140,3,1,760
07/05/2021 03:24:32,1,100,140,3,1,560
07/05/2021 03:24:48,1,100,140,3,1,560
07/05/2021 03:25:04,1,100,140,3,2,510
07/05/2021 03:25:20,1,100,140,3,2,510
07/05/2021 03:25:36,1,100,140,3,2,290
07/05/2021 03:25:52,1,-999,140,3,2,290
07/05/2021 03:26:08,1,-999,140,3,2,290
07/05/2021 03:26:24,1,-999,140,3,2,500
07/05/2021 03:26:40,1,-999,140,3,2,500
07/05/2021 03:26:56,1,-999,140,3,1,410
07/05/2021 03:27:12,1,-999,140,3,1,410
07/05/2021 03:27:28,1,-999,140,3,1,480
07/05/2021 03:27:44,1,-999,140,3,1,480
07/05/2021 03:28:00,1,-999,140,3,1,490
07/05/2021 03:28:16,1,-999,140,3,1,490
07/05/2021 03:28:32,1,-999,140,3,1,490
07/05/2021 03:28:48,1,-999,140,3,1,500
07/05/2021 03:29:04,1,-999,140,3,1,500
07/05/2021 03:29:20,1,-999,140,3,3,480
07/05/2021 03:29:36,1,-999,140,3,3,480
07/05/2021 03:29:52,1,-999,140,3,1,490
07/05/2021 03:30:08,1,-999,140,3,1,490
07/05/2021 03:30:24,1,-999,140,3,1,440
07/05/2021 03:30:40,1,-999,140,3,1,440
07/05/2021 03:30:56,1,-999,140,3,1,440
07/05/2021 03:31:12,1,-999,140,3,1,380
07/05/2021 03:31:28,1,-999,140,3,1,380
07/05/2021 03:31:44,1,-999,140,3,1,300
07/05/2021 03:32:00,1,-999,140,3,1,300
07/05/2021 03:32:16,1,-999,140,3,1,280
07/05/2021 03:32:32,1,-999,140,3,1,280
07/05/2021 03:32:48,1,-999,140,3,1,240
07/05/2021 03:33:04,1,-999,140,3,1,240
07/05/2021 03:33:20,1,-999,140,3,1,240
07/05/2021 03:33:36,1,-999,140,3,1,240
07/05/2021 03:33:52,1,-999,140,3,1,240
07/05/2021 03:34:08,1,-999,140,3,1,250
07/05/2021 03:34:24,1,-999,140,3,1,250
07/05/2021 03:34:40,1,-999,140,3,1,240
07/05/2021 03:34:56,1,-999,140,3,1,240
07/05/2021 03:35:12,1,-999,140,3,1,240
07/05/2021 03:35:28,1,-999,140,3,1,240
07/05/2021 03:35:44,1,-999,140,3,1,240
07/05/2021 03:36:00,1,-999,140,3,1,250
07/05/2021 03:36:16,1,-999,140,3,1,250
07/05/2021 03:36:32,1,-999,140,3,1,230
07/05/2021 03:36:48,1,-999,140,3,1,230
07/05/2021 03:37:04,1,-999,140,3,2,240
07/05/2021 03:37:20,1,-999,140,3,2,240
07/05/2021 03:37:36,1,-999,140,3,1,250
07/05/2021 03:37:52,1,-999,140,3,1,250
07/05/2021 03:38:08,1,-999,140,3,1,250
07/05/2021 03:38:24,1,-999,140,3,1,240
07/05/2021 03:38:40,1,-999,140,3,1,240
07/05/2021 03:38:56,1,-999,140,3,1,220
07/05/2021 03:39:12,1,-999,140,3,1,220
07/05/2021 03:39:28,1,-999,140,3,1,210
07/05/2021 03:39:44,1,-999,140,3,1,210
07/05/2021 03:40:00,1,-999,140,3,1,200
07/05/2021 03:40:16,1,-999,140,3,1,200
07/05/2021 03:40:32,1,-999,140,3,1,200
07/05/2021 03:40:48,1,-999,140,3,1,250
07/05/2021 03:41:04,1,-999,140,3,1,250
07/05/2021 03:41:20,1,-999,140,3,1,230
07/05/2021 03:41:36,1,-999,140,3,1,230
07/05/2021 03:41:52,1,-999,140,3,1,210
07/05/2021 03:42:08,1,-999,140,3,1,210
07/05/2021 03:42:24,1,-999,140,3,2,220
07/05/2021 03:42:40,1,-999,140,3,2,220
07/05/2021 03:42:56,1,-999,140,3,2,220
07/05/2021 03:43:12,1,-999,140,3,2,320
07/05/2021 03:43:28,1,-999,140,3,2,320
07/05/2021 03:43:44,1,-999,140,3,2,640
07/05/2021 03:44:00,1,-999,140,3,2,640
07/05/2021 03:44:16,1,-999,140,3,2,180
07/05/2021 03:44:32,1,-999,140,3,2,180
07/05/2021 03:44:48,1,-999,140,3,3,170
07/05/2021 03:45:04,1,-999,140,3,3,170
07/05/2021 03:45:20,1,-999,140,3,3,170
07/05/2021 03:45:36,1,-999,140,3,2,550
07/05/2021 03:45:52,1,-999,140,3,2,550
07/05/2021 03:46:08,1,-999,140,3,1,560
07/05/2021 03:46:24,1,-999,140,3,1,560
07/05/2021 03:46:40,1,-999,140,3,2,570
07/05/2021 03:46:56,1,-999,140,3,2,570
07/05/2021 03:47:12,1,-999,140,3,2,590
07/05/2021 03:47:28,1,-999,140,3,2,590
07/05/2021 03:47:44,1,-999,140,3,2,590
07/05/2021 03:48:00,1,-999,140,3,2,640
07/05/2021 03:48:16,1,-999,140,3,2,640
07/05/2021 03:48:32,1,-999,140,3,3,270
07/05/2021 03:48:48,1,-999,140,3,3,270
07/05/2021 03:49:04,1,-999,140,3,2,590
07/05/2021 03:49:20,1,-999,140,3,2,590
07/05/2021 03:49:36,1,-999,140,3,2,550
07/05/2021 03:49:52,1,-999,140,3,2,550
07/05/2021 03:50:08,1,-999,140,3,2,550
07/05/2021 03:50:24,1,-999,140,3,1,600
07/05/2021 03:50:40,1,-999,140,3,1,600
07/05/2021 03:50:56,1,-999,140,3,1,510
07/05/2021 03:51:12,1,-999,140,3,1,510
07/05/2021 03:51:28,1,-999,140,3,1,510
07/05/2021 03:51:44,1,-999,140,3,1,510
07/05/2021 03:52:00,1,-999,140,3,1,460
07/05/2021 03:52:16,1,-999,140,3,1,460
07/05/2021 03:52:32,1,-999,140,3,1,460
07/05/2021 03:52:48,1,-999,140,3,2,420
07/05/2021 03:53:04,1,-999,140,3,2,420
07/05/2021 03:53:20,1,-999,140,3,1,590
07/05/2021 03:53:36,1,-999,140,3,1,590
07/05/2021 03:53:52,1,-999,140,3,2,210
07/05/2021 03:54:08,1,-999,140,3,2,210
07/05/2021 03:54:24,1,-999,140,3,3,430
07/05/2021 03:54:40,1,-999,140,3,3,430
07/05/2021 03:54:56,1,-999,140,3,3,430
07/05/2021 03:55:12,1,-999,140,3,1,700
07/05/2021 03:55:28,1,-999,140,3,1,700
07/05/2021 03:55:44,1,-999,140,3,3,680
07/05/2021 03:56:00,1,-999,140,3,3,680
07/05/2021 03:56:16,1,-999,140,3,3,290
07/05/2021 03:56:32,1,-999,140,3,3,290
07/05/2021 03:56:48,1,-999,140,3,2,480
07/05/2021 03:57:04,1,-999,140,3,2,480
07/05/2021 03:57:20,1,-999,140,3,2,480
07/05/2021 03:57:36,1,-999,140,3,2,530
07/05/2021 03:57:52,1,-999,140,3,2,530
07/05/2021 03:58:08,1,-999,140,3,3,340
07/05/2021 03:58:24,1,-999,140,3,3,340
07/05/2021 03:58:40,1,-999,140,3,1,480
07/05/2021 03:58:56,1,-999,140,3,1,480
07/05/2021 03:59:12,1,-999,140,3,1,470
07/05/2021 03:59:28,1,-999,140,3,1,470
07/05/2021 03:59:44,1,-999,140,3,1,470
07/05/2021 04:00:00,1,-999,100,3,1,460
07/05/2021 04:00:16,1,580,100,3,1,460
07/05/2021 04:00:32,1,580,100,3,1,490
07/05/2021 04:00:48,1,580,100,3,1,490
07/05/2021 04:01:04,1,580,100,3,1,460
07/05/2021 04:01:20,1,580,100,3,1,460
07/05/2021 04:01:36,1,580,100,3,2,280
07/05/2021 04:01:52,1,580,100,3,2,280
07/05/2021 04:02:08,1,580,100,3,2,280
07/05/2021 04:02:24,1,580,100,3,1,480
07/05/2021 04:02:40,1,580,100,3,1,480
07/05/2021 04:02:56,1,580,100,3,2,510
07/05/2021 04:03:12,1,580,100,3,2,510
07/05/2021 04:03:28,1,580,100,3,2,480
07/05/2021 04:03:44,1,-999,100,3,2,480
07/05/2021 04:04:00,1,-999,100,3,3,300
07/05/2021 04:04:16,1,-999,100,3,3,300
07/05/2021 04:04:32,1,-999,100,3,3,300
07/05/2021 04:04:48,1,-999,100,3,3,230
07/05/2021 04:05:04,1,-999,100,3,3,230
07/05/2021 04:05:20,1,-999,100,3,2,560
07/05/2021 04:05:36,1,-999,100,3,2,560
07/05/2021 04:05:52,1,-999,100,3,1,1260
07/05/2021 04:06:08,1,-999,100,3,1,1260
07/05/2021 04:06:24,1,-999,100,3,2,720
07/05/2021 04:06:40,1,-999,100,3,2,720
07/05/2021 04:06:56,1,-999,100,3,2,720
07/05/2021 04:07:12,1,-999,100,3,1,750
07/05/2021 04:07:28,1,-999,100,3,1,750
07/05/2021 04:07:44,1,-999,100,3,1,710
07/05/2021 04:08:00,1,-999,100,3,1,710
07/05/2021 04:08:16,1,-999,100,3,2,830
07/05/2021 04:08:32,1,-999,100,3,2,830
07/05/2021 04:08:48,1,-999,100,3,1,1290
07/05/2021 04:09:04,1,-999,100,3,1,1290
07/05/2021 04:09:20,1,-999,100,3,1,1290
07/05/2021 04:09:36,1,-999,100,3,1,1300
07/05/2021 04:09:52,1,-999,100,3,1,1300
07/05/2021 04:10:08,1,-999,100,3,1,1300
07/05/2021 04:10:24,1,-999,100,3,1,1300
07/05/2021 04:10:40,1,-999,100,3,2,570
07/05/2021 04:10:56,1,-999,100,3,2,570
07/05/2021 04:11:12,1,-999,100,3,2,580
07/05/2021 04:11:28,1,-999,100,3,2,580
07/05/2021 04:11:44,1,-999,100,3,2,580
07/05/2021 04:12:00,1,-999,100,3,2,580
07/05/2021 04:12:16,1,-999,100,3,2,580
07/05/2021 04:12:32,1,-999,100,3,2,560
07/05/2021 04:12:48,1,-999,100,3,2,560
07/05/2021 04:13:04,1,-999,100,3,3,570
07/05/2021 04:13:20,1,-999,100,3,3,570
07/05/2021 04:13:36,1,-999,100,3,2,830
07/05/2021 04:13:52,1,-999,100,3,2,830
07/05/2021 04:14:08,1,-999,100,3,2,830
07/05/2021 04:14:24,1,-999,100,3,2,870
07/05/2021 04:14:40,1,-999,100,3,2,870
07/05/2021 04:14:56,1,-999,100,3,1,1490
07/05/2021 04:15:12,1,-999,100,3,1,1490
07/05/2021 04:15:28,1,-999,100,3,2,530
07/05/2021 04:15:44,1,-999,100,3,2,530
07/05/2021 04:16:00,1,-999,100,3,1,1530
07/05/2021 04:16:16,1,-999,100,3,1,1530
07/05/2021 04:16:32,1,-999,100,3,1,1530
07/05/2021 04:16:48,1,-999,100,3,1,1400
07/05/2021 04:17:04,1,-999,100,3,1,1400
07/05/2021 04:17:20,1,-999,100,3,1,1410
07/05/2021 04:17:36,1,-999,100,3,1,1410
07/05/2021 04:17:52,1,-999,100,3,1,1350
07/05/2021 04:18:08,1,-999,100,3,1,1350
07/05/2021 04:18:24,1,-999,100,3,1,1340
07/05/2021 04:18:40,1,-999,100,3,1,1340
07/05/2021 04:18:56,1,-999,100,3,1,1340
07/05/2021 04:19:12,1,-999,100,3,1,1300
07/05/2021 04:19:28,1,-999,100,3,1,1300
07/05/2021 04:19:44,1,-999,100,3,1,1340
07/05/2021 04:20:00,1,-999,100,3,1,1340
07/05/2021 04:20:16,1,-999,100,3,2,440
07/05/2021 04:20:32,1,-999,100,3,2,440
07/05/2021 04:20:48,1,-999,100,3,1,440
07/05/2021 04:21:04,1,-999,100,3,1,440
07/05/2021 04:21:20,1,-999,100,3,1,440
07/05/2021 04:21:36,1,-999,100,3,1,430
07/05/2021 04:21:52,1,-999,100,3,1,430
07/05/2021 04:22:08,1,-999,100,3,2,450
07/05/2021 04:22:24,1,-999,100,3,2,450
07/05/2021 04:22:40,1,-999,100,3,2,450
07/05/2021 04:22:56,1,-999,100,3,2,450
07/05/2021 04:23:12,1,-999,100,3,2,270
07/05/2021 04:23:28,1,-999,100,3,2,270
07/05/2021 04:23:44,1,-999,100,3,2,270
07/05/2021 04:24:00,1,-999,100,3,1,310
07/05/2021 04:24:16,1,-999,100,3,1,310
07/05/2021 04:24:32,1,-999,100,3,1,470
07/05/2021 04:24:48,1,-999,100,3,1,470
07/05/2021 04:25:04,1,-999,100,3,2,320
07/05/2021 04:25:20,1,-999,100,3,2,320
07/05/2021 04:25:36,1,-999,100,3,1,500
07/05/2021 04:25:52,1,-999,100,3,1,500
07/05/2021 04:26:08,1,-999,100,3,1,500
07/05/2021 04:26:24,1,-999,100,3,2,330
07/05/2021 04:26:40,1,-999,100,3,2,330
07/05/2021 04:26:56,1,-999,100,3,2,340
07/05/2021 04:27:12,1,-999,100,3,2,340
07/05/2021 04:27:28,1,-999,100,3,1,480
07/05/2021 04:27:44,1,-999,100,3,1,480
07/05/2021 04:28:00,1,-999,100,3,1,470
07/05/2021 04:28:16,1,-999,100,3,1,470
07/05/2021 04:28:32,1,-999,100,3,1,470
07/05/2021 04:28:48,1,-999,100,3,1,490
07/05/2021 04:29:04,1,-999,100,3,1,490
07/05/2021 04:29:20,1,-999,100,3,1,520
07/05/2021 04:29:36,1,-999,100,3,1,520
07/05/2021 04:29:52,1,-999,100,3,1,520
07/05/2021 04:30:08,1,-999,100,3,1,520
07/05/2021 04:30:24,1,-999,100,3,1,530
07/05/2021 04:30:40,1,-999,100,3,1,530
07/05/2021 04:30:56,1,-999,100,3,1,530
07/05/2021 04:31:12,1,-999,100,3,1,520
07/05/2021 04:31:28,1,-999,100,3,1,520
07/05/2021 04:31:44,1,-999,100,3,1,480
07/05/2021 04:32:00,1,-999,100,3,1,480
07/05/2021 04:32:16,1,-999,100,3,2,350
07/05/2021 04:32:32,1,-999,100,3,2,350
07/05/2021 04:32:48,1,-999,100,3,1,300
07/05/2021 04:33:04,1,-999,100,3,1,300
07/05/2021 04:33:20,1,-999,100,3,1,300
07/05/2021 04:33:36,1,-999,100,3,1,320
07/05/2021 04:33:52,1,-999,100,3,1,320
07/05/2021 04:34:08,1,-999,100,3,1,330
07/05/2021 04:34:24,1,-999,100,3,1,330
07/05/2021 04:34:40,1,-999,100,3,2,380
07/05/2021 04:34:56,1,-999,100,3,2,380
07/05/2021 04:35:12,1,-999,100,3,1,590
07/05/2021 04:35:28,1,-999,100,3,1,590
07/05/2021 04:35:44,1,-999,100,3,1,590
07/05/2021 04:36:00,1,-999,100,3,2,580
07/05/2021 04:36:16,1,-999,100,3,2,580
07/05/2021 04:36:32,1,-999,100,3,3,310
07/05/2021 04:36:48,1,-999,100,3,3,310
07/05/2021 04:37:04,1,-999,100,3,1,810
07/05/2021 04:37:20,1,-999,100,3,1,810
07/05/2021 04:37:36,1,-999,100,3,3,340
07/05/2021 04:37:52,1,-999,100,3,3,340
07/05/2021 04:38:08,1,-999,100,3,3,340
07/05/2021 04:38:24,1,-999,100,3,2,580
07/05/2021 04:38:40,1,-999,100,3,2,580
07/05/2021 04:38:56,1,-999,100,3,3,300
07/05/2021 04:39:12,1,-999,100,3,3,300
07/05/2021 04:39:28,1,-999,100,3,3,290
07/05/2021 04:39:44,1,-999,100,3,3,290
07/05/2021 04:40:00,1,-999,100,3,3,260
07/05/2021 04:40:16,1,-999,100,3,3,260
07/05/2021 04:40:32,1,-999,100,3,3,260
07/05/2021 04:40:48,1,-999,100,3,2,420
07/05/2021 04:41:04,1,-999,100,3,2,420
07/05/2021 04:41:20,1,-999,100,3,3,510
07/05/2021 04:41:36,1,-999,100,3,3,510
07/05/2021 04:41:52,1,-999,100,3,3,440
07/05/2021 04:42:08,1,-999,100,3,3,440
07/05/2021 04:42:24,1,-999,100,3,2,400
07/05/2021 04:42:40,1,-999,100,3,2,400
07/05/2021 04:42:56,1,-999,100,3,2,400
07/05/2021 04:43:12,1,-999,100,3,2,350
07/05/2021 04:43:28,1,-999,100,3,2,350
07/05/2021 04:43:44,1,-999,100,3,2,330
07/05/2021 04:44:00,1,-999,100,3,2,330
07/05/2021 04:44:16,1,-999,100,3,2,360
07/05/2021 04:44:32,1,-999,100,3,2,360
07/05/2021 04:44:48,1,-999,100,3,1,410
07/05/2021 04:45:04,1,-999,100,3,1,410
07/05/2021 04:45:20,1,-999,100,3,1,410
07/05/2021 04:45:36,1,-999,100,3,2,350
07/05/2021 04:45:52,1,-999,100,3,2,350
07/05/2021 04:46:08,1,-999,100,3,1,330
07/05/2021 04:46:24,1,-999,100,3,1,330
07/05/2021 04:46:40,1,-999,100,3,1,280
07/05/2021 04:46:56,1,-999,100,3,1,280
07/05/2021 04:47:12,1,-999,100,3,2,240
07/05/2021 04:47:28,1,-999,100,3,2,240
07/05/2021 04:47:44,1,-999,100,3,2,240
07/05/2021 04:48:00,1,-999,100,3,1,250
07/05/2021 04:48:16,1,-999,100,3,1,250
07/05/2021 04:48:32,1,-999,100,3,1,210
07/05/2021 04:48:48,1,-999,100,3,1,210
07/05/2021 04:49:04,1,-999,100,3,1,210
07/05/2021 04:49:20,1,-999,100,3,1,210
07/05/2021 04:49:36,1,-999,100,3,1,180
07/05/2021 04:49:52,1,-999,100,3,1,180
07/05/2021 04:50:08,1,-999,100,3,1,180
07/05/2021 04:50:24,1,-999,100,3,2,240
07/05/2021 04:50:40,1,-999,100,3,2,240
07/05/2021 04:50:56,1,-999,100,3,2,280
07/05/2021 04:51:12,1,-999,100,3,2,280
07/05/2021 04:51:28,1,-999,100,3,3,250
07/05/2021 04:51:44,1,-999,100,3,3,250
07/05/2021 04:52:00,1,-999,100,3,2,220
07/05/2021 04:52:16,1,-999,100,3,2,220
07/05/2021 04:52:32,1,-999,100,3,2,220
07/05/2021 04:52:48,1,-999,100,3,2,180
07/05/2021 04:53:04,1,-999,100,3,2,180
07/05/2021 04:53:20,1,-999,100,3,1,1070
07/05/2021 04:53:36,1,-999,100,3,1,1070
07/05/2021 04:53:52,1,-999,100,3,2,320
07/05/2021 04:54:08,1,-999,100,3,2,320
07/05/2021 04:54:24,1,-999,100,3,1,1050
07/05/2021 04:54:40,1,-999,100,3,1,1050
07/05/2021 04:54:56,1,-999,100,3,1,1050
07/05/2021 04:55:12,1,-999,100,3,2,250
07/05/2021 04:55:28,1,-999,100,3,2,250
07/05/2021 04:55:44,1,-999,100,3,1,1160
07/05/2021 04:56:00,1,-999,100,3,1,1160
07/05/2021 04:56:16,1,-999,100,3,1,1160
07/05/2021 04:56:32,1,-999,100,3,1,1160
07/05/2021 04:56:48,1,-999,100,3,1,1140
07/05/2021 04:57:04,1,-999,100,3,1,1140
07/05/2021 04:57:20,1,-999,100,3,1,1140
07/05/2021 04:57:36,1,-999,100,3,2,710
07/05/2021 04:57:52,1,-999,100,3,2,710
07/05/2021 04:58:08,1,-999,100,3,1,710
07/05/2021 04:58:24,1,-999,100,3,1,710
07/05/2021 04:58:40,1,-999,100,3,2,700
07/05/2021 04:58:56,1,-999,100,3,2,700
07/05/2021 04:59:12,1,-999,100,3,1,1180
07/05/2021 04:59:28,1,-999,100,3,1,1180
07/05/2021 04:59:44,1,-999,100,3,1,1180
07/05/2021 05:00:00,1,-999,580,3,1,1200
07/05/2021 05:00:16,1,-999,580,3,1,1200
07/05/2021 05:00:32,1,-999,580,3,1,1120
07/05/2021 05:00:48,1,-999,580,3,1,1120
07/05/2021 05:01:04,1,-999,580,3,1,1090
07/05/2021 05:01:20,1,-999,580,3,1,1090
07/05/2021 05:01:36,1,-999,580,3,1,1080
07/05/2021 05:01:52,1,-999,580,3,1,1080
07/05/2021 05:02:08,1,-999,580,3,1,1080
07/05/2021 05:02:24,1,-999,580,3,1,1080
07/05/2021 05:02:40,1,-999,580,3,1,1080
07/05/2021 05:02:56,1,-999,580,3,1,1070
07/05/2021 05:03:12,1,-999,580,3,1,1070
07/05/2021 05:03:28,1,-999,580,3,1,1110
07/05/2021 05:03:44,1,-999,580,3,1,1110
07/05/2021 05:04:00,1,-999,580,3,1,1050
07/05/2021 05:04:16,1,-999,580,3,1,1050
07/05/2021 05:04:32,1,-999,580,3,1,1050
07/05/2021 05:04:48,1,-999,580,3,2,1100
07/05/2021 05:05:04,1,-999,580,3,2,1100
07/05/2021 05:05:20,1,-999,580,3,1,1120
07/05/2021 05:05:36,1,-999,580,3,1,1120
07/05/2021 05:05:52,1,-999,580,3,1,1160
07/05/2021 05:06:08,1,-999,580,3,1,1160
07/05/2021 05:06:24,1,-999,580,3,1,1140
07/05/2021 05:06:40,1,-999,580,3,1,1140
07/05/2021 05:06:56,1,-999,580,3,1,1140
07/05/2021 05:07:12,1,-999,580,3,1,1130
07/05/2021 05:07:28,1,-999,580,3,1,1130
07/05/2021 05:07:44,1,-999,580,3,1,1170
07/05/2021 05:08:00,1,-999,580,3,1,1170
07/05/2021 05:08:16,1,-999,580,3,1,1260
07/05/2021 05:08:32,1,-999,580,3,1,1260
07/05/2021 05:08:48,1,-999,580,3,1,1260
07/05/2021 05:09:04,1,-999,580,3,1,1260
07/05/2021 05:09:20,1,-999,580,3,1,1260
07/05/2021 05:09:36,1,380,580,3,1,1290
07/05/2021 05:09:52,1,380,580,3,1,1290
07/05/2021 05:10:08,1,380,580,3,1,1300
07/05/2021 05:10:24,1,380,580,3,1,1300
07/05/2021 05:10:40,1,370,580,3,1,1300
07/05/2021 05:10:56,1,370,580,3,1,1300
07/05/2021 05:11:12,1,370,580,3,1,1310
07/05/2021 05:11:28,1,370,580,3,1,1310
07/05/2021 05:11:44,1,370,580,3,1,1310
07/05/2021 05:12:00,1,370,580,3,1,1290
07/05/2021 05:12:16,1,360,580,3,1,1290
07/05/2021 05:12:32,1,360,580,3,2,680
07/05/2021 05:12:48,1,350,580,3,2,680
07/05/2021 05:13:04,1,350,580,3,3,690
07/05/2021 05:13:20,1,340,580,3,3,690
07/05/2021 05:13:36,1,340,580,3,1,1230
07/05/2021 05:13:52,1,330,580,3,1,1230
07/05/2021 05:14:08,1,330,580,3,1,1230
07/05/2021 05:14:24,1,330,580,3,1,1230
07/05/2021 05:14:40,1,330,580,3,1,1230
07/05/2021 05:14:56,1,330,580,3,1,1160
07/05/2021 05:15:12,1,320,580,3,1,1160
07/05/2021 05:15:28,1,320,580,3,1,1190
07/05/2021 05:15:44,1,320,580,3,1,1190
07/05/2021 05:16:00,1,320,580,3,1,1170
07/05/2021 05:16:16,1,320,580,3,1,1170
07/05/2021 05:16:32,1,320,580,3,1,1170
07/05/2021 05:16:48,1,320,580,3,1,1180
07/05/2021 05:17:04,1,320,580,3,1,1180
07/05/2021 05:17:20,1,320,580,3,1,1220
07/05/2021 05:17:36,1,320,580,3,1,1220
07/05/2021 05:17:52,1,320,580,3,1,1230
07/05/2021 05:18:08,1,320,580,3,1,1230
07/05/2021 05:18:24,1,320,580,3,1,1240
07/05/2021 05:18:40,1,320,580,3,1,1240
07/05/2021 05:18:56,1,320,580,3,1,1240
07/05/2021 05:19:12,1,320,580,3,1,1200
07/05/2021 05:19:28,1,770,580,3,1,1200
07/05/2021 05:19:44,1,770,580,3,2,680
07/05/2021 05:20:00,1,770,580,3,2,680
07/05/2021 05:20:16,1,770,580,3,2,660
07/05/2021 05:20:32,1,770,580,3,2,660
07/05/2021 05:20:48,1,770,580,3,3,650
07/05/2021 05:21:04,1,770,580,3,3,650
07/05/2021 05:21:20,1,770,580,3,3,650
07/05/2021 05:21:36,1,770,580,3,2,830
07/05/2021 05:21:52,1,290,580,3,2,830
07/05/2021 05:22:08,1,290,580,3,2,630
07/05/2021 05:22:24,1,290,580,3,2,630
07/05/2021 05:22:40,1,290,580,3,2,670
07/05/2021 05:22:56,1,290,580,3,2,670
07/05/2021 05:23:12,1,290,580,3,1,630
07/05/2021 05:23:28,1,290,580,3,1,630
07/05/2021 05:23:44,1,770,580,3,1,630
07/05/2021 05:24:00,1,770,580,3,1,630
07/05/2021 05:24:16,1,770,580,3,1,630
07/05/2021 05:24:32,1,770,580,3,3,620
07/05/2021 05:24:48,1,770,580,3,3,620
07/05/2021 05:25:04,1,760,580,3,1,1180
07/05/2021 05:25:20,1,760,580,3,1,1180
07/05/2021 05:25:36,1,760,580,3,3,590
07/05/2021 05:25:52,1,760,580,3,3,590
07/05/2021 05:26:08,1,760,580,3,3,590
07/05/2021 05:26:24,1,760,580,3,2,590
07/05/2021 05:26:40,1,740,580,3,2,590
07/05/2021 05:26:56,1,740,580,3,3,580
07/05/2021 05:27:12,1,740,580,3,3,580
07/05/2021 05:27:28,1,720,580,3,2,560
07/05/2021 05:27:44,1,720,580,3,2,560
07/05/2021 05:28:00,1,-999,580,3,2,560
07/05/2021 05:28:16,1,-999,580,3,2,560
07/05/2021 05:28:32,1,-999,580,3,2,560
07/05/2021 05:28:48,1,-999,580,3,3,560
07/05/2021 05:29:04,1,-999,580,3,3,560
07/05/2021 05:29:20,1,-999,580,3,2,650
07/05/2021 05:29:36,1,-999,580,3,2,650
07/05/2021 05:29:52,1,-999,580,3,2,530
07/05/2021 05:30:08,1,-999,580,3,2,530
07/05/2021 05:30:24,1,-999,580,3,1,530
07/05/2021 05:30:40,1,-999,580,3,1,530
07/05/2021 05:30:56,1,-999,580,3,1,530
07/05/2021 05:31:12,1,-999,580,3,1,530
07/05/2021 05:31:28,1,-999,580,3,1,530
07/05/2021 05:31:44,1,-999,580,3,2,510
07/05/2021 05:32:00,1,620,580,3,2,510
07/05/2021 05:32:16,1,620,580,3,2,900
07/05/2021 05:32:32,1,620,580,3,2,900
07/05/2021 05:32:48,1,620,580,3,1,1830
07/05/2021 05:33:04,1,620,580,3,1,1830
07/05/2021 05:33:20,1,620,580,3,1,1830
07/05/2021 05:33:36,1,600,580,3,2,910
07/05/2021 05:33:52,1,600,580,3,2,910
07/05/2021 05:34:08,1,590,580,3,3,920
07/05/2021 05:34:24,1,590,580,3,3,920
07/05/2021 05:34:40,1,550,580,3,1,1360
07/05/2021 05:34:56,1,550,580,3,1,1360
07/05/2021 05:35:12,1,550,580,3,1,1330
07/05/2021 05:35:28,1,550,580,3,1,1330
07/05/2021 05:35:44,1,550,580,3,1,1330
07/05/2021 05:36:00,1,550,580,3,1,1310
07/05/2021 05:36:16,1,550,580,3,1,1310
07/05/2021 05:36:32,1,550,580,3,1,1320
07/05/2021 05:36:48,1,550,580,3,1,1320
07/05/2021 05:37:04,1,550,580,3,1,1350
07/05/2021 05:37:20,1,550,580,3,1,1350
07/05/2021 05:37:36,1,550,580,3,1,1320
07/05/2021 05:37:52,1,550,580,3,1,1320
07/05/2021 05:38:08,1,550,580,3,1,1320
07/05/2021 05:38:24,1,550,580,3,1,1430
07/05/2021 05:38:40,1,550,580,3,1,1430
07/05/2021 05:38:56,1,550,580,3,2,1300
07/05/2021 05:39:12,1,550,580,3,2,1300
07/05/2021 05:39:28,1,550,580,3,1,1380
07/05/2021 05:39:44,1,550,580,3,1,1380
07/05/2021 05:40:00,1,550,580,3,1,1400
07/05/2021 05:40:16,1,550,580,3,1,1400
07/05/2021 05:40:32,1,550,580,3,1,1400
07/05/2021 05:40:48,1,550,580,3,1,1360
07/05/2021 05:41:04,1,550,580,3,1,1360
07/05/2021 05:41:20,1,550,580,3,1,1370
07/05/2021 05:41:36,1,550,580,3,1,1370
07/05/2021 05:41:52,1,550,580,3,2,1140
07/05/2021 05:42:08,1,1540,580,3,2,1140
07/05/2021 05:42:24,1,-999,580,3,2,940
07/05/2021 05:42:40,1,-999,580,3,2,940
07/05/2021 05:42:56,1,-999,580,3,2,940
07/05/2021 05:43:12,1,-999,580,3,3,490
07/05/2021 05:43:28,1,-999,580,3,3,490
07/05/2021 05:43:44,1,-999,580,3,1,480
07/05/2021 05:44:00,1,-999,580,3,1,480
07/05/2021 05:44:16,1,-999,580,3,2,500
07/05/2021 05:44:32,1,-999,580,3,2,500
07/05/2021 05:44:48,1,-999,580,3,2,550
07/05/2021 05:45:04,1,-999,580,3,2,550
07/05/2021 05:45:20,1,-999,580,3,2,550
07/05/2021 05:45:36,1,-999,580,3,1,610
07/05/2021 05:45:52,1,-999,580,3,1,610
07/05/2021 05:46:08,1,-999,580,3,1,650
07/05/2021 05:46:24,1,-999,580,3,1,650
07/05/2021 05:46:40,1,-999,580,3,2,480
07/05/2021 05:46:56,1,560,580,3,2,480
07/05/2021 05:47:12,1,560,580,3,2,650
07/05/2021 05:47:28,1,560,580,3,2,650
07/05/2021 05:47:44,1,560,580,3,2,650
07/05/2021 05:48:00,1,560,580,3,2,690
07/05/2021 05:48:16,1,530,580,3,2,690
07/05/2021 05:48:32,1,530,580,3,1,570
07/05/2021 05:48:48,1,530,580,3,1,570
07/05/2021 05:49:04,1,520,580,3,1,580
07/05/2021 05:49:20,1,520,580,3,1,580
07/05/2021 05:49:36,1,490,580,3,1,570
07/05/2021 05:49:52,1,490,580,3,1,570
07/05/2021 05:50:08,1,490,580,3,1,570
07/05/2021 05:50:24,1,480,580,3,1,560
07/05/2021 05:50:40,1,480,580,3,1,560
07/05/2021 05:50:56,1,470,580,3,1,410
07/05/2021 05:51:12,1,470,580,3,1,410
07/05/2021 05:51:28,1,450,580,3,1,700
07/05/2021 05:51:44,1,450,580,3,1,700
07/05/2021 05:52:00,1,440,580,3,1,560
07/05/2021 05:52:16,1,440,580,3,1,560
07/05/2021 05:52:32,1,430,580,3,1,560
07/05/2021 05:52:48,1,380,580,3,2,380
07/05/2021 05:53:04,1,380,580,3,2,380
07/05/2021 05:53:20,1,380,580,3,3,360
07/05/2021 05:53:36,1,380,580,3,3,360
07/05/2021 05:53:52,1,370,580,3,2,360
07/05/2021 05:54:08,1,370,580,3,2,360
07/05/2021 05:54:24,1,370,580,3,3,350
07/05/2021 05:54:40,1,360,580,3,3,350
07/05/2021 05:54:56,1,360,580,3,3,350
07/05/2021 05:55:12,1,350,580,3,2,350
07/05/2021 05:55:28,1,350,580,3,2,350
07/05/2021 05:55:44,1,350,580,3,2,340
07/05/2021 05:56:00,1,350,580,3,2,340
07/05/2021 05:56:16,1,340,580,3,1,340
07/05/2021 05:56:32,1,340,580,3,1,340
07/05/2021 05:56:48,1,340,580,3,2,340
07/05/2021 05:57:04,1,340,580,3,2,340
07/05/2021 05:57:20,1,340,580,3,2,340
07/05/2021 05:57:36,1,330,580,3,1,330
07/05/2021 05:57:52,1,330,580,3,1,330
07/05/2021 05:58:08,1,330,580,3,1,320
07/05/2021 05:58:24,1,330,580,3,1,320
07/05/2021 05:58:40,1,330,580,3,2,310
07/05/2021 05:58:56,1,330,580,3,2,310
07/05/2021 05:59:12,1,330,580,3,1,990
07/05/2021 05:59:28,1,320,580,3,1,990
07/05/2021 05:59:44,1,320,580,3,1,990
07/05/2021 06:00:00,1,320,370,3,1,1410
07/05/2021 06:00:16,1,320,370,3,1,1410
07/05/2021 06:00:32,1,320,370,3,1,1430
07/05/2021 06:00:48,1,310,370,3,1,1430
07/05/2021 06:01:04,1,310,370,3,2,1180
07/05/2021 06:01:20,1,300,370,3,2,1180
07/05/2021 06:01:36,1,300,370,3,2,990
07/05/2021 06:01:52,1,300,370,3,2,990
07/05/2021 06:02:08,1,300,370,3,2,990
07/05/2021 06:02:24,1,300,370,3,1,990
07/05/2021 06:02:40,1,300,370,3,1,990
07/05/2021 06:02:56,1,320,370,3,1,930
07/05/2021 06:03:12,1,440,370,3,1,930
07/05/2021 06:03:28,1,440,370,3,1,910
07/05/2021 06:03:44,1,440,370,3,1,910
07/05/2021 06:04:00,1,440,370,3,1,900
07/05/2021 06:04:16,1,440,370,3,1,900
07/05/2021 06:04:32,1,440,370,3,1,900
07/05/2021 06:04:48,1,440,370,3,4,980
07/05/2021 06:05:04,1,440,370,3,4,980
07/05/2021 06:05:20,1,1060,370,3,4,980
07/05/2021 06:05:36,1,1060,370,3,4,980
07/05/2021 06:05:52,1,270,370,3,4,930
07/05/2021 06:06:08,1,270,370,3,4,930
07/05/2021 06:06:24,1,270,370,3,4,930
07/05/2021 06:06:40,1,270,370,3,4,930
07/05/2021 06:06:56,1,270,370,3,4,930
07/05/2021 06:07:12,1,260,370,3,4,750
07/05/2021 06:07:28,1,260,370,3,4,750
07/05/2021 06:07:44,1,260,370,3,1,990
07/05/2021 06:08:00,1,260,370,3,1,990
07/05/2021 06:08:16,1,260,370,3,2,980
07/05/2021 06:08:32,1,260,370,3,2,980
07/05/2021 06:08:48,1,260,370,3,1,1040
07/05/2021 06:09:04,1,260,370,3,1,1040
07/05/2021 06:09:20,1,260,370,3,1,1040
07/05/2021 06:09:36,1,260,370,3,1,1010
07/05/2021 06:09:52,1,260,370,3,1,1010
07/05/2021 06:10:08,1,260,370,3,1,1000
07/05/2021 06:10:24,1,260,370,3,1,1000
07/05/2021 06:10:40,1,260,370,3,2,720
07/05/2021 06:10:56,1,260,370,3,2,720
07/05/2021 06:11:12,1,260,370,3,2,720
07/05/2021 06:11:28,1,260,370,3,2,720
07/05/2021 06:11:44,1,260,370,3,2,720
07/05/2021 06:12:00,1,260,370,3,2,650
07/05/2021 06:12:16,1,-999,370,3,2,650
07/05/2021 06:12:32,1,-999,370,3,2,750
07/05/2021 06:12:48,1,-999,370,3,2,750
07/05/2021 06:13:04,1,-999,370,3,2,750
07/05/2021 06:13:20,1,-999,370,3,2,750
07/05/2021 06:13:36,1,-999,370,3,2,620
07/05/2021 06:13:52,1,-999,370,3,2,620
07/05/2021 06:14:08,1,-999,370,3,2,620
07/05/2021 06:14:24,1,-999,370,3,1,620
07/05/2021 06:14:40,1,-999,370,3,1,620
07/05/2021 06:14:56,1,-999,370,3,1,620
07/05/2021 06:15:12,1,-999,370,3,1,620
07/05/2021 06:15:28,1,-999,370,3,1,610
07/05/2021 06:15:44,1,-999,370,3,1,610
07/05/2021 06:16:00,1,-999,370,3,2,580
07/05/2021 06:16:16,1,-999,370,3,2,580
07/05/2021 06:16:32,1,-999,370,3,2,580
07/05/2021 06:16:48,1,-999,370,3,2,600
07/05/2021 06:17:04,1,-999,370,3,2,600
07/05/2021 06:17:20,1,-999,370,3,3,730
07/05/2021 06:17:36,1,-999,370,3,3,730
07/05/2021 06:17:52,1,-999,370,3,3,650
07/05/2021 06:18:08,1,-999,370,3,3,650
07/05/2021 06:18:24,1,-999,370,3,2,730
07/05/2021 06:18:40,1,-999,370,3,2,730
07/05/2021 06:18:56,1,-999,370,3,2,730
07/05/2021 06:19:12,1,-999,370,3,1,580
07/05/2021 06:19:28,1,-999,370,3,1,580
07/05/2021 06:19:44,1,-999,370,3,1,570
07/05/2021 06:20:00,1,-999,370,3,1,570
07/05/2021 06:20:16,1,-999,370,3,2,760
07/05/2021 06:20:32,1,-999,370,3,2,760
07/05/2021 06:20:48,1,-999,370,3,2,380
07/05/2021 06:21:04,1,-999,370,3,2,380
07/05/2021 06:21:20,1,-999,370,3,2,380
07/05/2021 06:21:36,1,-999,370,3,2,380
07/05/2021 06:21:52,1,-999,370,3,2,380
07/05/2021 06:22:08,1,-999,370,3,1,400
07/05/2021 06:22:24,1,-999,370,3,1,400
07/05/2021 06:22:40,1,-999,370,3,1,400
07/05/2021 06:22:56,1,-999,370,3,1,400
07/05/2021 06:23:12,1,-999,370,3,1,370
07/05/2021 06:23:28,1,-999,370,3,1,370
07/05/2021 06:23:44,1,-999,370,3,1,370
07/05/2021 06:24:00,1,-999,370,3,1,440
07/05/2021 06:24:16,1,-999,370,3,1,440
07/05/2021 06:24:32,1,-999,370,3,2,430
07/05/2021 06:24:48,1,-999,370,3,2,430
07/05/2021 06:25:04,1,-999,370,3,1,380
07/05/2021 06:25:20,1,-999,370,3,1,380
07/05/2021 06:25:36,1,-999,370,3,1,320
07/05/2021 06:25:52,1,-999,370,3,1,320
07/05/2021 06:26:08,1,-999,370,3,1,320
07/05/2021 06:26:24,1,-999,370,3,1,230
07/05/2021 06:26:40,1,-999,370,3,1,230
07/05/2021 06:26:56,1,-999,370,3,1,210
07/05/2021 06:27:12,1,-999,370,3,1,210
07/05/2021 06:27:28,1,-999,370,3,2,210
07/05/2021 06:27:44,1,-999,370,3,2,210
07/05/2021 06:28:00,1,-999,370,3,3,110
07/05/2021 06:28:16,1,-999,370,3,3,110
07/05/2021 06:28:32,1,-999,370,3,3,110
07/05/2021 06:28:48,1,-999,370,3,2,360
07/05/2021 06:29:04,1,-999,370,3,2,360
07/05/2021 06:29:20,1,-999,370,3,2,330
07/05/2021 06:29:36,1,-999,370,3,2,330
07/05/2021 06:29:52,1,-999,370,3,4,560
07/05/2021 06:30:08,1,-999,370,3,4,560
07/05/2021 06:30:24,1,-999,370,3,2,170
07/05/2021 06:30:40,1,-999,370,3,2,170
07/05/2021 06:30:56,1,-999,370,3,2,170
07/05/2021 06:31:12,1,-999,370,3,2,550
07/05/2021 06:31:28,1,-999,370,3,2,550
07/05/2021 06:31:44,1,-999,370,3,3,390
07/05/2021 06:32:00,1,-999,370,3,3,390
07/05/2021 06:32:16,1,-999,370,3,1,1340
07/05/2021 06:32:32,1,-999,370,3,1,1340
07/05/2021 06:32:48,1,-999,370,3,1,1340
07/05/2021 06:33:04,1,-999,370,3,1,1340
07/05/2021 06:33:20,1,-999,370,3,1,1340
07/05/2021 06:33:36,1,-999,370,3,1,1240
07/05/2021 06:33:52,1,-999,370,3,1,1240
07/05/2021 06:34:08,1,-999,370,3,2,1310
07/05/2021 06:34:24,1,-999,370,3,2,1310
07/05/2021 06:34:40,1,-999,370,3,2,790
07/05/2021 06:34:56,1,150,370,3,2,790
07/05/2021 06:35:12,1,150,370,3,2,780
07/05/2021 06:35:28,1,150,370,3,2,780
07/05/2021 06:35:44,1,150,370,3,2,780
07/05/2021 06:36:00,1,-999,370,3,2,800
07/05/2021 06:36:16,1,-999,370,3,2,800
07/05/2021 06:36:32,1,150,370,3,2,850
07/05/2021 06:36:48,1,-999,370,3,2,850
07/05/2021 06:37:04,1,-999,370,3,1,860
07/05/2021 06:37:20,1,-999,370,3,1,860
07/05/2021 06:37:36,1,-999,370,3,2,900
07/05/2021 06:37:52,1,-999,370,3,2,900
07/05/2021 06:38:08,1,-999,370,3,2,900
07/05/2021 06:38:24,1,-999,370,3,2,1290
07/05/2021 06:38:40,1,-999,370,3,2,1290
07/05/2021 06:38:56,1,-999,370,3,2,940
07/05/2021 06:39:12,1,-999,370,3,2,940
07/05/2021 06:39:28,1,1010,370,3,2,900
07/05/2021 06:39:44,1,1010,370,3,2,900
07/05/2021 06:40:00,1,1000,370,3,1,840
07/05/2021 06:40:16,1,1000,370,3,1,840
07/05/2021 06:40:32,1,130,370,3,1,840
07/05/2021 06:40:48,1,130,370,3,1,840
07/05/2021 06:41:04,1,180,370,3,1,840
07/05/2021 06:41:20,1,180,370,3,1,850
07/05/2021 06:41:36,1,180,370,3,1,850
07/05/2021 06:41:52,1,180,370,3,1,860
07/05/2021 06:42:08,1,180,370,3,1,860
07/05/2021 06:42:24,1,180,370,3,1,840
07/05/2021 06:42:40,1,180,370,3,1,840
07/05/2021 06:42:56,1,170,370,3,1,840
07/05/2021 06:43:12,1,170,370,3,1,830
07/05/2021 06:43:28,1,170,370,3,1,830
07/05/2021 06:43:44,1,170,370,3,1,1120
07/05/2021 06:44:00,1,170,370,3,1,1120
07/05/2021 06:44:16,1,170,370,3,1,1110
07/05/2021 06:44:32,1,160,370,3,1,1110
07/05/2021 06:44:48,1,160,370,3,1,1180
07/05/2021 06:45:04,1,160,370,3,1,1180
07/05/2021 06:45:20,1,160,370,3,1,1180
07/05/2021 06:45:36,1,160,370,3,1,1070
07/05/2021 06:45:52,1,160,370,3,1,1070
07/05/2021 06:46:08,1,160,370,3,1,1140
07/05/2021 06:46:24,1,160,370,3,1,1140
07/05/2021 06:46:40,1,150,370,3,3,1110
07/05/2021 06:46:56,1,150,370,3,3,1110
07/05/2021 06:47:12,1,150,370,3,2,1130
07/05/2021 06:47:28,1,150,370,3,2,1130
07/05/2021 06:47:44,1,150,370,3,2,1130
07/05/2021 06:48:00,1,150,370,3,1,1140
07/05/2021 06:48:16,1,150,370,3,1,1140
07/05/2021 06:48:32,1,140,370,3,2,1150
07/05/2021 06:48:48,1,140,370,3,2,1150
07/05/2021 06:49:04,1,140,370,3,3,1150
07/05/2021 06:49:20,1,140,370,3,3,1150
07/05/2021 06:49:36,1,140,370,3,3,1160
07/05/2021 06:49:52,1,140,370,3,3,1160
07/05/2021 06:50:08,1,140,370,3,3,1160
07/05/2021 06:50:24,1,140,370,3,2,1100
07/05/2021 06:50:40,1,140,370,3,2,1100
07/05/2021 06:50:56,1,140,370,3,2,1120
07/05/2021 06:51:12,1,130,370,3,2,1120
07/05/2021 06:51:28,1,130,370,3,2,4380
07/05/2021 06:51:44,1,130,370,3,2,4380
07/05/2021 06:52:00,1,130,370,3,2,1240
07/05/2021 06:52:16,1,130,370,3,2,1240
07/05/2021 06:52:32,1,130,370,3,2,1240
07/05/2021 06:52:48,1,120,370,3,3,740
07/05/2021 06:53:04,1,120,370,3,3,740
07/05/2021 06:53:20,1,120,370,3,1,4320
07/05/2021 06:53:36,1,120,370,3,1,4320
07/05/2021 06:53:52,1,120,370,3,3,1610
07/05/2021 06:54:08,1,120,370,3,3,1610
07/05/2021 06:54:24,1,120,370,3,2,650
07/05/2021 06:54:40,1,120,370,3,2,650
07/05/2021 06:54:56,1,120,370,3,2,650
07/05/2021 06:55:12,1,120,370,3,1,1190
07/05/2021 06:55:28,1,120,370,3,1,1190
07/05/2021 06:55:44,1,120,370,3,3,650
07/05/2021 06:56:00,1,120,370,3,3,650
07/05/2021 06:56:16,1,120,370,3,1,1370
07/05/2021 06:56:32,1,120,370,3,1,1370
07/05/2021 06:56:48,1,120,370,3,2,690
07/05/2021 06:57:04,1,120,370,3,2,690
07/05/2021 06:57:20,1,120,370,3,2,690
07/05/2021 06:57:36,1,120,370,3,2,690
07/05/2021 06:57:52,1,110,370,3,2,690
07/05/2021 06:58:08,1,110,370,3,2,5110
07/05/2021 06:58:24,1,110,370,3,2,5110
07/05/2021 06:58:40,1,110,370,3,2,1230
07/05/2021 06:58:56,1,110,370,3,2,1230
07/05/2021 06:59:12,1,110,370,3,1,1220
07/05/2021 06:59:28,1,110,370,3,1,1220
07/05/2021 06:59:44,1,110,370,3,1,1220
07/05/2021 07:00:00,2,100,150,3,1,1120
07/05/2021 07:00:16,2,100,150,3,1,1120
07/05/2021 07:00:32,2,100,150,3,1,1190
07/05/2021 07:00:48,2,100,150,3,1,1190
07/05/2021 07:01:04,2,100,150,3,1,1090
07/05/2021 07:01:20,2,100,150,3,1,1090
07/05/2021 07:01:36,2,100,150,3,2,570
07/05/2021 07:01:52,2,100,150,3,2,570
07/05/2021 07:02:08,2,100,150,3,2,570
07/05/2021 07:02:24,2,100,150,3,2,600
07/05/2021 07:02:40,2,100,150,3,2,600
07/05/2021 07:02:56,2,100,150,3,1,990
07/05/2021 07:03:12,2,100,150,3,1,990
07/05/2021 07:03:28,2,100,150,3,1,1000
07/05/2021 07:03:44,2,100,150,3,1,1000
07/05/2021 07:04:00,2,100,150,3,1,1000
07/05/2021 07:04:16,2,100,150,3,1,1000
07/05/2021 07:04:32,2,100,150,3,1,1000
07/05/2021 07:04:48,2,100,150,3,1,950
07/05/2021 07:05:04,2,100,150,3,1,950
07/05/2021 07:05:20,2,100,150,3,1,870
07/05/2021 07:05:36,2,100,150,3,1,870
07/05/2021 07:05:52,2,90,150,3,1,920
07/05/2021 07:06:08,2,90,150,3,1,920
07/05/2021 07:06:24,2,90,150,3,1,900
07/05/2021 07:06:40,2,90,150,3,1,900
07/05/2021 07:06:56,2,90,150,3,1,900
07/05/2021 07:07:12,2,90,150,3,1,830
07/05/2021 07:07:28,2,90,150,3,1,830
07/05/2021 07:07:44,2,90,150,3,1,790
07/05/2021 07:08:00,2,90,150,3,1,790
07/05/2021 07:08:16,2,90,150,3,1,780
07/05/2021 07:08:32,2,90,150,3,1,780
07/05/2021 07:08:48,2,90,150,3,1,720
07/05/2021 07:09:04,2,90,150,3,1,720
07/05/2021 07:09:20,2,90,150,3,1,720
07/05/2021 07:09:36,2,90,150,3,2,730
07/05/2021 07:09:52,2,90,150,3,2,730
07/05/2021 07:10:08,2,90,150,3,2,730
07/05/2021 07:10:24,2,90,150,3,2,730
07/05/2021 07:10:40,2,90,150,3,1,1060
07/05/2021 07:10:56,2,90,150,3,1,1060
07/05/2021 07:11:12,2,-999,150,3,1,920
07/05/2021 07:11:28,2,-999,150,3,1,920
07/05/2021 07:11:44,2,-999,150,3,1,920
07/05/2021 07:12:00,2,90,150,3,2,880
07/05/2021 07:12:16,2,90,150,3,2,880
07/05/2021 07:12:32,2,90,150,3,2,860
07/05/2021 07:12:48,2,90,150,3,2,860
07/05/2021 07:13:04,2,90,150,3,1,750
07/05/2021 07:13:20,2,120,150,3,1,750
07/05/2021 07:13:36,2,120,150,3,1,760
07/05/2021 07:13:52,2,150,150,3,1,760
07/05/2021 07:14:08,2,150,150,3,1,760
07/05/2021 07:14:24,2,150,150,3,2,780
07/05/2021 07:14:40,2,150,150,3,2,780
07/05/2021 07:14:56,2,150,150,3,1,790
07/05/2021 07:15:12,2,150,150,3,1,790
07/05/2021 07:15:28,2,150,150,3,2,600
07/05/2021 07:15:44,2,150,150,3,2,600
07/05/2021 07:16:00,2,150,150,3,3,220
07/05/2021 07:16:16,2,150,150,3,3,220
07/05/2021 07:16:32,2,190,150,3,3,220
07/05/2021 07:16:48,2,230,150,3,2,590
07/05/2021 07:17:04,2,230,150,3,2,590
07/05/2021 07:17:20,2,230,150,3,3,610
07/05/2021 07:17:36,2,230,150,3,3,610
07/05/2021 07:17:52,2,920,150,3,2,220
07/05/2021 07:18:08,2,-999,150,3,2,220
07/05/2021 07:18:24,2,-999,150,3,2,550
07/05/2021 07:18:40,2,-999,150,3,2,550
07/05/2021 07:18:56,2,-999,150,3,2,550
07/05/2021 07:19:12,2,-999,150,3,2,590
07/05/2021 07:19:28,2,-999,150,3,2,590
07/05/2021 07:19:44,2,-999,150,3,2,570
07/05/2021 07:20:00,2,-999,150,3,2,570
07/05/2021 07:20:16,2,650,150,3,2,590
07/05/2021 07:20:32,2,180,150,3,2,590
07/05/2021 07:20:48,2,180,150,3,1,1030
07/05/2021 07:21:04,2,180,150,3,1,1030
07/05/2021 07:21:20,2,180,150,3,1,1030
07/05/2021 07:21:36,2,180,150,3,1,810
07/05/2021 07:21:52,2,220,150,3,1,810
07/05/2021 07:22:08,2,220,150,3,1,730
07/05/2021 07:22:24,2,220,150,3,1,730
07/05/2021 07:22:40,2,220,150,3,1,800
07/05/2021 07:22:56,2,220,150,3,1,800
07/05/2021 07:23:12,2,220,150,3,1,790
07/05/2021 07:23:28,2,220,150,3,1,790
07/05/2021 07:23:44,2,220,150,3,1,790
07/05/2021 07:24:00,2,220,150,3,3,540
07/05/2021 07:24:16,2,220,150,3,3,540
07/05/2021 07:24:32,2,220,150,3,1,550
07/05/2021 07:24:48,2,220,150,3,1,550
07/05/2021 07:25:04,2,220,150,3,1,520
07/05/2021 07:25:20,2,220,150,3,1,520
07/05/2021 07:25:36,2,210,150,3,2,530
07/05/2021 07:25:52,2,200,150,3,2,530
07/05/2021 07:26:08,2,200,150,3,2,530
07/05/2021 07:26:24,2,200,150,3,2,420
07/05/2021 07:26:40,2,200,150,3,2,420
07/05/2021 07:26:56,2,200,150,3,2,920
07/05/2021 07:27:12,2,200,150,3,2,920
07/05/2021 07:27:28,2,200,150,3,3,240
07/05/2021 07:27:44,2,200,150,3,3,240
07/05/2021 07:28:00,2,200,150,3,2,520
07/05/2021 07:28:16,2,200,150,3,2,520
07/05/2021 07:28:32,2,200,150,3,2,520
07/05/2021 07:28:48,2,210,150,3,2,540
07/05/2021 07:29:04,2,210,150,3,2,540
07/05/2021 07:29:20,2,210,150,3,1,520
07/05/2021 07:29:36,2,210,150,3,1,520
07/05/2021 07:29:52,2,210,150,3,1,510
07/05/2021 07:30:08,2,210,150,3,1,510
07/05/2021 07:30:24,2,210,150,3,2,520
07/05/2021 07:30:40,2,210,150,3,2,520
07/05/2021 07:30:56,2,630,150,3,2,520
07/05/2021 07:31:12,2,630,150,3,1,540
07/05/2021 07:31:28,2,630,150,3,1,540
07/05/2021 07:31:44,2,630,150,3,1,620
07/05/2021 07:32:00,2,630,150,3,1,620
07/05/2021 07:32:16,2,630,150,3,1,500
07/05/2021 07:32:32,2,630,150,3,1,500
07/05/2021 07:32:48,2,560,150,3,0,-999
07/05/2021 07:33:04,2,560,150,3,0,-999
07/05/2021 07:33:20,2,550,150,3,0,-999
07/05/2021 07:33:36,2,520,150,3,0,-999
07/05/2021 07:33:52,2,520,150,3,0,-999
07/05/2021 07:34:08,2,-999,150,3,1,1100
07/05/2021 07:34:24,2,-999,150,3,1,1100
07/05/2021 07:34:40,2,-999,150,3,1,1070
07/05/2021 07:34:56,2,-999,150,3,1,1070
07/05/2021 07:35:12,2,440,150,3,1,1120
07/05/2021 07:35:28,2,440,150,3,1,1120
07/05/2021 07:35:44,2,440,150,3,1,1120
07/05/2021 07:36:00,2,440,150,3,1,1120
07/05/2021 07:36:16,2,440,150,3,1,1120
07/05/2021 07:36:32,2,420,150,3,1,1130
07/05/2021 07:36:48,2,420,150,3,1,1130
07/05/2021 07:37:04,2,410,150,3,1,1130
07/05/2021 07:37:20,2,410,150,3,1,1130
07/05/2021 07:37:36,2,410,150,3,1,1120
07/05/2021 07:37:52,2,410,150,3,1,1120
07/05/2021 07:38:08,2,420,150,3,1,1120
07/05/2021 07:38:24,2,410,150,3,1,1140
07/05/2021 07:38:40,2,410,150,3,1,1140
07/05/2021 07:38:56,2,410,150,3,1,3850
07/05/2021 07:39:12,2,410,150,3,1,3850
07/05/2021 07:39:28,2,410,150,3,1,3850
07/05/2021 07:39:44,2,410,150,3,1,3850
07/05/2021 07:40:00,2,410,150,3,1,3850
07/05/2021 07:40:16,2,400,150,3,1,3850
07/05/2021 07:40:32,2,400,150,3,1,3850
07/05/2021 07:40:48,2,400,150,3,1,3820
07/05/2021 07:41:04,2,400,150,3,1,3820
07/05/2021 07:41:20,2,400,150,3,0,-999
07/05/2021 07:41:36,2,400,150,3,0,-999
07/05/2021 07:41:52,2,400,150,3,0,-999
07/05/2021 07:42:08,2,390,150,3,0,-999
07/05/2021 07:42:24,2,390,150,3,0,-999
07/05/2021 07:42:40,2,390,150,3,0,-999
07/05/2021 07:42:56,2,390,150,3,0,-999
07/05/2021 07:43:12,2,390,150,3,0,-999
07/05/2021 07:43:28,2,390,150,3,0,-999
07/05/2021 07:43:44,2,380,150,3,0,-999
07/05/2021 07:44:00,2,380,150,3,0,-999
07/05/2021 07:44:16,2,380,150,3,0,-999
07/05/2021 07:44:32,2,380,150,3,0,-999
07/05/2021 07:44:48,2,380,150,3,0,-999
07/05/2021 07:45:04,2,380,150,3,0,-999
07/05/2021 07:45:20,2,380,150,3,0,-999
07/05/2021 07:45:36,2,380,150,3,0,-999
07/05/2021 07:45:52,2,380,150,3,0,-999
07/05/2021 07:46:08,2,380,150,3,0,-999
07/05/2021 07:46:24,2,380,150,3,0,-999
07/05/2021 07:46:40,2,380,150,3,1,3940
07/05/2021 07:46:56,2,380,150,3,1,3940
07/05/2021 07:47:12,2,380,150,3,1,3950
07/05/2021 07:47:28,2,380,150,3,1,3950
07/05/2021 07:47:44,2,380,150,3,1,3950
07/05/2021 07:48:00,2,380,150,3,1,3960
07/05/2021 07:48:16,2,380,150,3,1,3960
07/05/2021 07:48:32,2,380,150,3,1,3960
07/05/2021 07:48:48,2,380,150,3,1,3960
07/05/2021 07:49:04,2,380,150,3,1,3950
07/05/2021 07:49:20,2,380,150,3,1,3950
07/05/2021 07:49:36,2,380,150,3,1,3950
07/05/2021 07:49:52,2,380,150,3,1,3950
07/05/2021 07:50:08,2,380,150,3,1,3950
07/05/2021 07:50:24,2,380,150,3,0,-999
07/05/2021 07:50:40,2,380,150,3,0,-999
07/05/2021 07:50:56,2,380,150,3,0,-999
07/05/2021 07:51:12,2,380,150,3,0,-999
07/05/2021 07:51:28,2,380,150,3,0,-999
07/05/2021 07:51:44,2,380,150,3,0,-999
07/05/2021 07:52:00,2,370,150,3,0,-999
07/05/2021 07:52:16,2,360,150,3,0,-999
07/05/2021 07:52:32,2,330,150,3,0,-999
07/05/2021 07:52:48,2,320,150,3,0,-999
07/05/2021 07:53:04,2,310,150,3,0,-999
07/05/2021 07:53:20,2,300,150,3,1,220
07/05/2021 07:53:36,2,300,150,3,1,220
07/05/2021 07:53:52,2,300,150,3,0,-999
07/05/2021 07:54:08,2,300,150,3,0,-999
07/05/2021 07:54:24,2,300,150,3,0,-999
07/05/2021 07:54:40,2,300,150,3,0,-999
07/05/2021 07:54:56,2,300,150,3,0,-999
07/05/2021 07:55:12,2,300,150,3,0,-999
07/05/2021 07:55:28,2,300,150,3,0,-999
07/05/2021 07:55:44,2,300,150,3,0,-999
07/05/2021 07:56:00,2,300,150,3,0,-999
07/05/2021 07:56:16,2,300,150,3,0,-999
07/05/2021 07:56:32,2,300,150,3,0,-999
07/05/2021 07:56:48,2,300,150,3,0,-999
07/05/2021 07:57:04,2,300,150,3,0,-999
07/05/2021 07:57:20,2,300,150,3,0,-999
07/05/2021 07:57:36,2,300,150,3,0,-999
07/05/2021 07:57:52,2,300,150,3,0,-999
07/05/2021 07:58:08,2,300,150,3,0,-999
07/05/2021 07:58:24,2,280,150,3,0,-999
07/05/2021 07:58:40,2,280,150,3,0,-999
07/05/2021 07:58:56,2,280,150,3,0,-999
07/05/2021 07:59:12,2,280,150,3,0,-999
07/05/2021 07:59:28,2,280,150,3,0,-999
07/05/2021 07:59:44,2,280,150,3,0,-999
07/05/2021 08:00:00,1,280,380,3,0,-999
07/05/2021 08:00:16,1,280,380,3,0,-999
07/05/2021 08:00:32,1,280,380,3,0,-999
07/05/2021 08:00:48,1,280,380,3,0,-999
07/05/2021 08:01:04,1,290,380,3,0,-999
07/05/2021 08:01:20,1,290,380,3,0,-999
07/05/2021 08:01:36,1,290,380,3,0,-999
07/05/2021 08:01:52,1,290,380,3,0,-999
07/05/2021 08:02:08,1,290,380,3,0,-999
07/05/2021 08:02:24,1,290,380,3,1,280
07/05/2021 08:02:40,1,290,380,3,1,280
07/05/2021 08:02:56,1,290,380,3,1,330
07/05/2021 08:03:12,1,290,380,3,1,330
07/05/2021 08:03:28,1,290,380,3,1,330
07/05/2021 08:03:44,1,300,380,3,1,330
07/05/2021 08:04:00,1,300,380,3,1,330
07/05/2021 08:04:16,1,340,380,3,1,330
07/05/2021 08:04:32,1,340,380,3,1,330
07/05/2021 08:04:48,1,370,380,3,1,310
07/05/2021 08:05:04,1,370,380,3,1,310
07/05/2021 08:05:20,1,370,380,3,1,300
07/05/2021 08:05:36,1,370,380,3,1,300
07/05/2021 08:05:52,1,370,380,3,1,290
07/05/2021 08:06:08,1,370,380,3,1,290
07/05/2021 08:06:24,1,70,380,3,0,-999
07/05/2021 08:06:40,1,70,380,3,0,-999
07/05/2021 08:06:56,1,70,380,3,0,-999
07/05/2021 08:07:12,1,70,380,3,0,-999
07/05/2021 08:07:28,1,70,380,3,0,-999
07/05/2021 08:07:44,1,60,380,3,0,-999
07/05/2021 08:08:00,1,60,380,3,0,-999
07/05/2021 08:08:16,1,70,380,3,0,-999
07/05/2021 08:08:32,1,70,380,3,0,-999
07/05/2021 08:08:48,1,40,380,3,0,-999
07/05/2021 08:09:04,1,450,380,3,0,-999
07/05/2021 08:09:20,1,450,380,3,0,-999
07/05/2021 08:09:36,1,450,380,3,0,-999
07/05/2021 08:09:52,1,450,380,3,0,-999
07/05/2021 08:10:08,1,450,380,3,0,-999
07/05/2021 08:10:24,1,310,380,3,0,-999
07/05/2021 08:10:40,1,310,380,3,0,-999
07/05/2021 08:10:56,1,310,380,3,0,-999
07/05/2021 08:11:12,1,310,380,3,0,-999
07/05/2021 08:11:28,1,310,380,3,0,-999
07/05/2021 08:11:44,1,310,380,3,0,-999
07/05/2021 08:12:00,1,320,380,3,0,-999
07/05/2021 08:12:16,1,320,380,3,0,-999
07/05/2021 08:12:32,1,320,380,3,0,-999
07/05/2021 08:12:48,1,320,380,3,0,-999
07/05/2021 08:13:04,1,320,380,3,1,1100
07/05/2021 08:13:20,1,320,380,3,1,1100
07/05/2021 08:13:36,1,320,380,3,1,1110
07/05/2021 08:13:52,1,320,380,3,1,1110
07/05/2021 08:14:08,1,320,380,3,1,1110
07/05/2021 08:14:24,1,320,380,3,1,1110
07/05/2021 08:14:40,1,330,380,3,1,1110
07/05/2021 08:14:56,1,330,380,3,1,1130
07/05/2021 08:15:12,1,330,380,3,1,1130
07/05/2021 08:15:28,1,330,380,3,1,1130
07/05/2021 08:15:44,1,330,380,3,1,1130
07/05/2021 08:16:00,1,330,380,3,0,-999
07/05/2021 08:16:16,1,330,380,3,0,-999
07/05/2021 08:16:32,1,330,380,3,0,-999
07/05/2021 08:16:48,1,330,380,3,0,-999
07/05/2021 08:17:04,1,330,380,3,0,-999
07/05/2021 08:17:20,1,330,380,3,0,-999
07/05/2021 08:17:36,1,330,380,3,0,-999
07/05/2021 08:17:52,1,330,380,3,0,-999
07/05/2021 08:18:08,1,330,380,3,0,-999
07/05/2021 08:18:24,1,330,380,3,0,-999
07/05/2021 08:18:40,1,330,380,3,0,-999
07/05/2021 08:18:56,1,330,380,3,0,-999
07/05/2021 08:19:12,1,330,380,3,0,-999
07/05/2021 08:19:28,1,320,380,3,0,-999
07/05/2021 08:19:44,1,320,380,3,0,-999
07/05/2021 08:20:00,1,320,380,3,0,-999
07/05/2021 08:20:16,1,320,380,3,0,-999
07/05/2021 08:20:32,1,320,380,3,0,-999
07/05/2021 08:20:48,1,320,380,3,0,-999
07/05/2021 08:21:04,1,320,380,3,0,-999
07/05/2021 08:21:20,1,320,380,3,0,-999
07/05/2021 08:21:36,1,320,380,3,0,-999
07/05/2021 08:21:52,1,320,380,3,0,-999
07/05/2021 08:22:08,1,320,380,3,0,-999
07/05/2021 08:22:24,1,320,380,3,0,-999
07/05/2021 08:22:40,1,320,380,3,0,-999
07/05/2021 08:22:56,1,320,380,3,0,-999
07/05/2021 08:23:12,1,320,380,3,0,-999
07/05/2021 08:23:28,1,320,380,3,0,-999
07/05/2021 08:23:44,1,320,380,3,0,-999
07/05/2021 08:24:00,1,320,380,3,0,-999
07/05/2021 08:24:16,1,320,380,3,0,-999
07/05/2021 08:24:32,1,320,380,3,0,-999
07/05/2021 08:24:48,1,320,380,3,0,-999
07/05/2021 08:25:04,1,320,380,3,0,-999
07/05/2021 08:25:20,1,320,380,3,0,-999
07/05/2021 08:25:36,1,320,380,3,0,-999
07/05/2021 08:25:52,1,320,380,3,0,-999
07/05/2021 08:26:08,1,320,380,3,0,-999
07/05/2021 08:26:24,1,320,380,3,0,-999
07/05/2021 08:26:40,1,320,380,3,0,-999
07/05/2021 08:26:56,1,320,380,3,1,300
07/05/2021 08:27:12,1,320,380,3,1,300
07/05/2021 08:27:28,1,320,380,3,1,5310
07/05/2021 08:27:44,1,320,380,3,1,5310
07/05/2021 08:28:00,1,320,380,3,1,5320
07/05/2021 08:28:16,1,320,380,3,1,5320
07/05/2021 08:28:32,1,320,380,3,1,5320
07/05/2021 08:28:48,1,320,380,3,1,5340
07/05/2021 08:29:04,1,320,380,3,1,5340
07/05/2021 08:29:20,1,320,380,3,1,5340
07/05/2021 08:29:36,1,320,380,3,1,5340
07/05/2021 08:29:52,1,320,380,3,1,5360
07/05/2021 08:30:08,1,370,380,3,1,5360
07/05/2021 08:30:24,1,370,380,3,1,5350
07/05/2021 08:30:40,1,370,380,3,1,5350
07/05/2021 08:30:56,1,370,380,3,1,5350
07/05/2021 08:31:12,1,320,380,3,2,1070
07/05/2021 08:31:28,1,320,380,3,2,1070
07/05/2021 08:31:44,1,320,380,3,2,1080
07/05/2021 08:32:00,1,320,380,3,2,1080
07/05/2021 08:32:16,1,320,380,3,2,1080
07/05/2021 08:32:32,1,330,380,3,2,1080
07/05/2021 08:32:48,1,330,380,3,2,1090
07/05/2021 08:33:04,1,330,380,3,2,1090
07/05/2021 08:33:20,1,330,380,3,2,1090
07/05/2021 08:33:36,1,330,380,3,1,5370
07/05/2021 08:33:52,1,330,380,3,1,5370
07/05/2021 08:34:08,1,330,380,3,2,1070
07/05/2021 08:34:24,1,330,380,3,2,1070
07/05/2021 08:34:40,1,330,380,3,2,1050
07/05/2021 08:34:56,1,330,380,3,2,1050
07/05/2021 08:35:12,1,340,380,3,1,1060
07/05/2021 08:35:28,1,340,380,3,1,1060
07/05/2021 08:35:44,1,340,380,3,1,1060
07/05/2021 08:36:00,1,340,380,3,2,1090
07/05/2021 08:36:16,1,340,380,3,2,1090
07/05/2021 08:36:32,1,340,380,3,2,1120
07/05/2021 08:36:48,1,340,380,3,2,1120
07/05/2021 08:37:04,1,340,380,3,2,330
07/05/2021 08:37:20,1,340,380,3,2,330
07/05/2021 08:37:36,1,340,380,3,2,430
07/05/2021 08:37:52,1,340,380,3,2,430
07/05/2021 08:38:08,1,340,380,3,2,430
07/05/2021 08:38:24,1,340,380,3,2,380
07/05/2021 08:38:40,1,-999,380,3,2,380
07/05/2021 08:38:56,1,-999,380,3,2,340
07/05/2021 08:39:12,1,-999,380,3,2,340
07/05/2021 08:39:28,1,-999,380,3,1,1140
07/05/2021 08:39:44,1,-999,380,3,1,1140
07/05/2021 08:40:00,1,-999,380,3,1,1140
07/05/2021 08:40:16,1,-999,380,3,1,1140
07/05/2021 08:40:32,1,-999,380,3,1,1140
07/05/2021 08:40:48,1,-999,380,3,1,1130
07/05/2021 08:41:04,1,-999,380,3,1,1130
07/05/2021 08:41:20,1,-999,380,3,2,430
07/05/2021 08:41:36,1,-999,380,3,2,430
07/05/2021 08:41:52,1,-999,380,3,2,410
07/05/2021 08:42:08,1,-999,380,3,2,410
07/05/2021 08:42:24,1,-999,380,3,2,450
07/05/2021 08:42:40,1,-999,380,3,2,450
07/05/2021 08:42:56,1,-999,380,3,2,450
07/05/2021 08:43:12,1,-999,380,3,2,410
07/05/2021 08:43:28,1,-999,380,3,2,410
07/05/2021 08:43:44,1,-999,380,3,1,1100
07/05/2021 08:44:00,1,-999,380,3,1,1100
07/05/2021 08:44:16,1,-999,380,3,1,1110
07/05/2021 08:44:32,1,-999,380,3,1,1110
07/05/2021 08:44:48,1,-999,380,3,1,1100
07/05/2021 08:45:04,1,-999,380,3,1,1100
07/05/2021 08:45:20,1,-999,380,3,1,1100
07/05/2021 08:45:36,1,-999,380,3,1,1090
07/05/2021 08:45:52,1,1230,380,3,1,1090
07/05/2021 08:46:08,1,360,380,3,1,1070
07/05/2021 08:46:24,1,370,380,3,1,1070
07/05/2021 08:46:40,1,370,380,3,1,1080
07/05/2021 08:46:56,1,370,380,3,1,1080
07/05/2021 08:47:12,1,380,380,3,1,1090
07/05/2021 08:47:28,1,380,380,3,1,1090
07/05/2021 08:47:44,1,390,380,3,1,1090
07/05/2021 08:48:00,1,390,380,3,1,1100
07/05/2021 08:48:16,1,390,380,3,1,1100
07/05/2021 08:48:32,1,400,380,3,1,1100
07/05/2021 08:48:48,1,400,380,3,1,1100
07/05/2021 08:49:04,1,400,380,3,1,1100
07/05/2021 08:49:20,1,410,380,3,1,1100
07/05/2021 08:49:36,1,410,380,3,1,1090
07/05/2021 08:49:52,1,410,380,3,1,1090
07/05/2021 08:50:08,1,410,380,3,1,1090
07/05/2021 08:50:24,1,410,380,3,1,1070
07/05/2021 08:50:40,1,420,380,3,1,1070
07/05/2021 08:50:56,1,420,380,3,2,1070
07/05/2021 08:51:12,1,420,380,3,2,1070
07/05/2021 08:51:28,1,430,380,3,2,1110
07/05/2021 08:51:44,1,430,380,3,2,1110
07/05/2021 08:52:00,1,430,380,3,2,1130
07/05/2021 08:52:16,1,430,380,3,2,1130
07/05/2021 08:52:32,1,430,380,3,2,1130
07/05/2021 08:52:48,1,430,380,3,2,1140
07/05/2021 08:53:04,1,430,380,3,2,1140
07/05/2021 08:53:20,1,430,380,3,1,1150
07/05/2021 08:53:36,1,430,380,3,1,1150
07/05/2021 08:53:52,1,420,380,3,1,1140
07/05/2021 08:54:08,1,420,380,3,1,1140
07/05/2021 08:54:24,1,410,380,3,1,1150
07/05/2021 08:54:40,1,410,380,3,1,1150
07/05/2021 08:54:56,1,410,380,3,1,1150
07/05/2021 08:55:12,1,410,380,3,1,1130
07/05/2021 08:55:28,1,410,380,3,1,1130
07/05/2021 08:55:44,1,410,380,3,1,1120
07/05/2021 08:56:00,1,410,380,3,1,1120
07/05/2021 08:56:16,1,410,380,3,1,1110
07/05/2021 08:56:32,1,420,380,3,1,1110
07/05/2021 08:56:48,1,420,380,3,1,1120
07/05/2021 08:57:04,1,420,380,3,1,1120
07/05/2021 08:57:20,1,420,380,3,1,1120
07/05/2021 08:57:36,1,420,380,3,1,1130
07/05/2021 08:57:52,1,420,380,3,1,1130
07/05/2021 08:58:08,1,420,380,3,1,1120
07/05/2021 08:58:24,1,420,380,3,1,1120
07/05/2021 08:58:40,1,420,380,3,1,1140
07/05/2021 08:58:56,1,420,380,3,1,1140
07/05/2021 08:59:12,1,420,380,3,1,1120
07/05/2021 08:59:28,1,420,380,3,1,1120
07/05/2021 08:59:44,1,420,380,3,1,1120
07/05/2021 09:00:00,2,420,330,3,1,1140
07/05/2021 09:00:16,2,420,330,3,1,1140
07/05/2021 09:00:32,2,420,330,3,1,1150
07/05/2021 09:00:48,2,420,330,3,1,1150
07/05/2021 09:01:04,2,420,330,3,1,1170
07/05/2021 09:01:20,2,420,330,3,1,1170
07/05/2021 09:01:36,2,420,330,3,1,1170
07/05/2021 09:01:52,2,420,330,3,1,1170
07/05/2021 09:02:08,2,420,330,3,1,1170
07/05/2021 09:02:24,2,420,330,3,1,1170
07/05/2021 09:02:40,2,420,330,3,1,1170
07/05/2021 09:02:56,2,390,330,3,2,1160
07/05/2021 09:03:12,2,390,330,3,2,1160
07/05/2021 09:03:28,2,390,330,3,2,1120
07/05/2021 09:03:44,2,390,330,3,2,1120
07/05/2021 09:04:00,2,390,330,3,2,1120
07/05/2021 09:04:16,2,390,330,3,2,1120
07/05/2021 09:04:32,2,390,330,3,2,1120
07/05/2021 09:04:48,2,390,330,3,3,430
07/05/2021 09:05:04,2,390,330,3,3,430
07/05/2021 09:05:20,2,400,330,3,2,1010
07/05/2021 09:05:36,2,400,330,3,2,1010
07/05/2021 09:05:52,2,400,330,3,2,1030
07/05/2021 09:06:08,2,400,330,3,2,1030
07/05/2021 09:06:24,2,400,330,3,2,1040
07/05/2021 09:06:40,2,400,330,3,2,1040
07/05/2021 09:06:56,2,670,330,3,2,1040
07/05/2021 09:07:12,2,670,330,3,2,1040
07/05/2021 09:07:28,2,590,330,3,2,1040
07/05/2021 09:07:44,2,1160,330,3,1,1050
07/05/2021 09:08:00,2,1160,330,3,1,1050
07/05/2021 09:08:16,2,1160,330,3,1,1030
07/05/2021 09:08:32,2,590,330,3,1,1030
07/05/2021 09:08:48,2,650,330,3,1,1030
07/05/2021 09:09:04,2,650,330,3,1,1030
07/05/2021 09:09:20,2,650,330,3,1,1030
07/05/2021 09:09:36,2,640,330,3,1,1020
07/05/2021 09:09:52,2,640,330,3,1,1020
07/05/2021 09:10:08,2,640,330,3,2,1020
07/05/2021 09:10:24,2,640,330,3,2,1020
07/05/2021 09:10:40,2,640,330,3,2,1000
07/05/2021 09:10:56,2,640,330,3,2,1000
07/05/2021 09:11:12,2,640,330,3,2,780
07/05/2021 09:11:28,2,650,330,3,2,780
07/05/2021 09:11:44,2,640,330,3,2,780
07/05/2021 09:12:00,2,640,330,3,2,980
07/05/2021 09:12:16,2,640,330,3,2,980
07/05/2021 09:12:32,2,640,330,3,2,970
07/05/2021 09:12:48,2,1110,330,3,2,970
07/05/2021 09:13:04,2,1110,330,3,2,960
07/05/2021 09:13:20,2,1070,330,3,2,960
07/05/2021 09:13:36,2,1070,330,3,2,960
07/05/2021 09:13:52,2,730,330,3,2,960
07/05/2021 09:14:08,2,730,330,3,2,960
07/05/2021 09:14:24,2,730,330,3,3,740
07/05/2021 09:14:40,2,730,330,3,3,740
07/05/2021 09:14:56,2,730,330,3,3,740
07/05/2021 09:15:12,2,730,330,3,3,740
07/05/2021 09:15:28,2,730,330,3,2,960
07/05/2021 09:15:44,2,730,330,3,2,960
07/05/2021 09:16:00,2,720,330,3,2,1230
07/05/2021 09:16:16,2,720,330,3,2,1230
07/05/2021 09:16:32,2,720,330,3,2,1230
07/05/2021 09:16:48,2,680,330,3,2,650
07/05/2021 09:17:04,2,680,330,3,2,650
07/05/2021 09:17:20,2,680,330,3,1,1010
07/05/2021 09:17:36,2,680,330,3,1,1010
07/05/2021 09:17:52,2,680,330,3,2,580
07/05/2021 09:18:08,2,680,330,3,2,580
07/05/2021 09:18:24,2,680,330,3,1,1290
07/05/2021 09:18:40,2,680,330,3,1,1290
07/05/2021 09:18:56,2,690,330,3,1,1290
07/05/2021 09:19:12,2,680,330,3,2,580
07/05/2021 09:19:28,2,680,330,3,2,580
07/05/2021 09:19:44,2,670,330,3,2,560
07/05/2021 09:20:00,2,670,330,3,2,560
07/05/2021 09:20:16,2,690,330,3,2,610
07/05/2021 09:20:32,2,690,330,3,2,610
07/05/2021 09:20:48,2,690,330,3,2,590
07/05/2021 09:21:04,2,690,330,3,2,590
07/05/2021 09:21:20,2,690,330,3,2,590
07/05/2021 09:21:36,2,690,330,3,1,900
07/05/2021 09:21:52,2,690,330,3,1,900
07/05/2021 09:22:08,2,690,330,3,2,630
07/05/2021 09:22:24,2,690,330,3,2,630
07/05/2021 09:22:40,2,690,330,3,1,560
07/05/2021 09:22:56,2,690,330,3,1,560
07/05/2021 09:23:12,2,690,330,3,2,550
07/05/2021 09:23:28,2,690,330,3,2,550
07/05/2021 09:23:44,2,690,330,3,2,550
07/05/2021 09:24:00,2,690,330,3,2,590
07/05/2021 09:24:16,2,690,330,3,2,590
07/05/2021 09:24:32,2,-999,330,3,1,560
07/05/2021 09:24:48,2,-999,330,3,1,560
07/05/2021 09:25:04,2,-999,330,3,1,520
07/05/2021 09:25:20,2,-999,330,3,1,520
07/05/2021 09:25:36,2,-999,330,3,2,550
07/05/2021 09:25:52,2,-999,330,3,2,550
07/05/2021 09:26:08,2,-999,330,3,2,550
07/05/2021 09:26:24,2,-999,330,3,2,560
07/05/2021 09:26:40,2,-999,330,3,2,560
07/05/2021 09:26:56,2,-999,330,3,2,540
07/05/2021 09:27:12,2,-999,330,3,2,540
07/05/2021 09:27:28,2,-999,330,3,1,540
07/05/2021 09:27:44,2,-999,330,3,1,540
07/05/2021 09:28:00,2,-999,330,3,2,650
07/05/2021 09:28:16,2,-999,330,3,2,650
07/05/2021 09:28:32,2,-999,330,3,2,650
07/05/2021 09:28:48,2,-999,330,3,2,900
07/05/2021 09:29:04,2,-999,330,3,2,900
07/05/2021 09:29:20,2,-999,330,3,1,820
07/05/2021 09:29:36,2,-999,330,3,1,820
07/05/2021 09:29:52,2,-999,330,3,1,830
07/05/2021 09:30:08,2,-999,330,3,1,830
07/05/2021 09:30:24,2,-999,330,3,2,910
07/05/2021 09:30:40,2,-999,330,3,2,910
07/05/2021 09:30:56,2,-999,330,3,2,910
07/05/2021 09:31:12,2,-999,330,3,1,840
07/05/2021 09:31:28,2,-999,330,3,1,840
07/05/2021 09:31:44,2,-999,330,3,2,560
07/05/2021 09:32:00,2,-999,330,3,2,560
07/05/2021 09:32:16,2,-999,330,3,2,550
07/05/2021 09:32:32,2,-999,330,3,2,550
07/05/2021 09:32:48,2,-999,330,3,1,840
07/05/2021 09:33:04,2,-999,330,3,1,840
07/05/2021 09:33:20,2,-999,330,3,1,840
07/05/2021 09:33:36,2,-999,330,3,1,920
07/05/2021 09:33:52,2,-999,330,3,1,920
07/05/2021 09:34:08,2,-999,330,3,1,880
07/05/2021 09:34:24,2,-999,330,3,1,880
07/05/2021 09:34:40,2,-999,330,3,1,880
07/05/2021 09:34:56,2,1040,330,3,1,880
07/05/2021 09:35:12,2,1040,330,3,1,890
07/05/2021 09:35:28,2,1010,330,3,1,890
07/05/2021 09:35:44,2,1010,330,3,1,890
07/05/2021 09:36:00,2,1010,330,3,1,880
07/05/2021 09:36:16,2,1010,330,3,1,880
07/05/2021 09:36:32,2,1010,330,3,1,880
07/05/2021 09:36:48,2,1010,330,3,1,880
07/05/2021 09:37:04,2,440,330,3,1,860
07/05/2021 09:37:20,2,440,330,3,1,860
07/05/2021 09:37:36,2,440,330,3,2,900
07/05/2021 09:37:52,2,350,330,3,2,900
07/05/2021 09:38:08,2,350,330,3,2,900
07/05/2021 09:38:24,2,350,330,3,1,1030
07/05/2021 09:38:40,2,350,330,3,1,1030
07/05/2021 09:38:56,2,350,330,3,1,1140
07/05/2021 09:39:12,2,350,330,3,1,1140
07/05/2021 09:39:28,2,350,330,3,1,1190
07/05/2021 09:39:44,2,350,330,3,1,1190
07/05/2021 09:40:00,2,350,330,3,1,1230
07/05/2021 09:40:16,2,350,330,3,1,1230
07/05/2021 09:40:32,2,350,330,3,1,1230
07/05/2021 09:40:48,2,350,330,3,1,1230
07/05/2021 09:41:04,2,330,330,3,1,1230
07/05/2021 09:41:20,2,330,330,3,1,1220
07/05/2021 09:41:36,2,330,330,3,1,1220
07/05/2021 09:41:52,2,330,330,3,1,1290
07/05/2021 09:42:08,2,310,330,3,1,1290
07/05/2021 09:42:24,2,310,330,3,2,1330
07/05/2021 09:42:40,2,310,330,3,2,1330
07/05/2021 09:42:56,2,310,330,3,2,1330
07/05/2021 09:43:12,2,310,330,3,2,1340
07/05/2021 09:43:28,2,310,330,3,2,1340
07/05/2021 09:43:44,2,310,330,3,1,1660
07/05/2021 09:44:00,2,310,330,3,1,1660
07/05/2021 09:44:16,2,310,330,3,1,1660
07/05/2021 09:44:32,2,310,330,3,1,1660
07/05/2021 09:44:48,2,310,330,3,2,1650
07/05/2021 09:45:04,2,310,330,3,2,1650
07/05/2021 09:45:20,2,310,330,3,2,1650
07/05/2021 09:45:36,2,310,330,3,2,1670
07/05/2021 09:45:52,2,310,330,3,2,1670
07/05/2021 09:46:08,2,310,330,3,2,1670
07/05/2021 09:46:24,2,310,330,3,2,1670
07/05/2021 09:46:40,2,310,330,3,2,1670
07/05/2021 09:46:56,2,310,330,3,2,1670
07/05/2021 09:47:12,2,310,330,3,3,1660
07/05/2021 09:47:28,2,310,330,3,3,1660
07/05/2021 09:47:44,2,310,330,3,3,1660
07/05/2021 09:48:00,2,310,330,3,2,1710
07/05/2021 09:48:16,2,310,330,3,2,1710
07/05/2021 09:48:32,2,310,330,3,1,3120
07/05/2021 09:48:48,2,310,330,3,1,3120
07/05/2021 09:49:04,2,310,330,3,1,3100
07/05/2021 09:49:20,2,310,330,3,1,3100
07/05/2021 09:49:36,2,310,330,3,1,3080
07/05/2021 09:49:52,2,310,330,3,1,3080
07/05/2021 09:50:08,2,310,330,3,1,3080
07/05/2021 09:50:24,2,310,330,3,1,3050
07/05/2021 09:50:40,2,300,330,3,1,3050
07/05/2021 09:50:56,2,300,330,3,1,3020
07/05/2021 09:51:12,2,300,330,3,1,3020
07/05/2021 09:51:28,2,300,330,3,1,2980
07/05/2021 09:51:44,2,300,330,3,1,2980
07/05/2021 09:52:00,2,300,330,3,1,2950
07/05/2021 09:52:16,2,300,330,3,1,2950
07/05/2021 09:52:32,2,820,330,3,1,2950
07/05/2021 09:52:48,2,820,330,3,1,2930
07/05/2021 09:53:04,2,820,330,3,1,2930
07/05/2021 09:53:20,2,820,330,3,1,2840
07/05/2021 09:53:36,2,820,330,3,1,2840
07/05/2021 09:53:52,2,820,330,3,1,2770
07/05/2021 09:54:08,2,820,330,3,1,2770
07/05/2021 09:54:24,2,810,330,3,1,2680
07/05/2021 09:54:40,2,810,330,3,1,2680
07/05/2021 09:54:56,2,800,330,3,1,2680
07/05/2021 09:55:12,2,800,330,3,1,2610
07/05/2021 09:55:28,2,800,330,3,1,2610
07/05/2021 09:55:44,2,800,330,3,1,2640
07/05/2021 09:56:00,2,800,330,3,1,2640
07/05/2021 09:56:16,2,790,330,3,1,2670
07/05/2021 09:56:32,2,790,330,3,1,2670
07/05/2021 09:56:48,2,790,330,3,1,2630
07/05/2021 09:57:04,2,790,330,3,1,2630
07/05/2021 09:57:20,2,790,330,3,1,2630
07/05/2021 09:57:36,2,780,330,3,1,2620
07/05/2021 09:57:52,2,780,330,3,1,2620
07/05/2021 09:58:08,2,780,330,3,1,2650
07/05/2021 09:58:24,2,780,330,3,1,2650
07/05/2021 09:58:40,2,770,330,3,1,2630
07/05/2021 09:58:56,2,770,330,3,1,2630
07/05/2021 09:59:12,2,770,330,3,1,2580
07/05/2021 09:59:28,2,770,330,3,1,2580
07/05/2021 09:59:44,2,770,330,3,1,2580
