# Time, Layer_QualityIndex,bl_height,Mean_Layer_Height,n_BL,cloud_stat,cloud_dat
14/07/2021 13:04:48,-999,-999,-999,3,1,2040
14/07/2021 13:05:04,-999,-999,-999,3,1,2040
14/07/2021 13:05:20,-999,-999,-999,3,1,2040
14/07/2021 13:05:36,-999,-999,-999,3,2,2040
14/07/2021 13:05:52,-999,-999,-999,3,2,2040
14/07/2021 13:06:08,-999,-999,-999,3,2,2070
14/07/2021 13:06:24,-999,-999,-999,3,2,2070
14/07/2021 13:06:40,-999,-999,-999,3,2,2060
14/07/2021 13:06:56,-999,-999,-999,3,2,2060
14/07/2021 13:07:12,-999,-999,-999,3,2,2080
14/07/2021 13:07:28,-999,-999,-999,3,2,2080
14/07/2021 13:07:44,-999,-999,-999,3,2,2080
14/07/2021 13:08:00,-999,-999,-999,3,2,2050
14/07/2021 13:08:16,-999,-999,-999,3,2,2050
14/07/2021 13:08:32,-999,-999,-999,3,2,2000
14/07/2021 13:08:48,-999,-999,-999,3,2,2000
14/07/2021 13:09:04,-999,-999,-999,3,1,2000
14/07/2021 13:09:20,-999,-999,-999,3,1,2000
14/07/2021 13:09:36,-999,-999,-999,3,1,1970
14/07/2021 13:09:52,-999,-999,-999,3,1,1970
14/07/2021 13:10:08,-999,-999,-999,3,1,1970
14/07/2021 13:10:24,-999,-999,-999,3,1,2060
14/07/2021 13:10:40,-999,-999,-999,3,1,2060
14/07/2021 13:10:56,-999,-999,-999,3,1,2190
14/07/2021 13:11:12,-999,-999,-999,3,1,2190
14/07/2021 13:11:28,-999,-999,-999,3,3,1650
14/07/2021 13:11:44,-999,-999,-999,3,3,1650
14/07/2021 13:12:00,-999,-999,-999,3,2,1010
14/07/2021 13:12:16,-999,-999,-999,3,2,1010
14/07/2021 13:12:32,-999,-999,-999,3,2,1010
14/07/2021 13:12:48,-999,-999,-999,3,1,2130
14/07/2021 13:13:04,-999,-999,-999,3,1,2130
14/07/2021 13:13:20,-999,-999,-999,3,1,2090
14/07/2021 13:13:36,-999,-999,-999,3,1,2090
14/07/2021 13:13:52,-999,-999,-999,3,1,2070
14/07/2021 13:14:08,-999,-999,-999,3,1,2070
14/07/2021 13:14:24,-999,-999,-999,3,1,2080
14/07/2021 13:14:40,-999,-999,-999,3,1,2080
14/07/2021 13:14:56,-999,-999,-999,3,1,2080
14/07/2021 13:15:12,-999,-999,-999,3,1,2070
14/07/2021 13:15:28,-999,-999,-999,3,1,2070
14/07/2021 13:15:44,-999,-999,-999,3,1,2040
14/07/2021 13:16:00,-999,-999,-999,3,1,2040
14/07/2021 13:16:16,-999,-999,-999,3,1,2060
14/07/2021 13:16:32,-999,-999,-999,3,1,2060
14/07/2021 13:16:48,-999,-999,-999,3,2,2090
14/07/2021 13:17:04,-999,-999,-999,3,2,2090
14/07/2021 13:17:20,-999,-999,-999,3,2,2090
14/07/2021 13:17:36,-999,-999,-999,3,1,2090
14/07/2021 13:17:52,-999,-999,-999,3,1,2090
14/07/2021 13:18:08,-999,-999,-999,3,1,2080
14/07/2021 13:18:24,-999,-999,-999,3,1,2080
14/07/2021 13:18:40,-999,-999,-999,3,1,2070
14/07/2021 13:18:56,-999,-999,-999,3,1,2070
14/07/2021 13:19:12,-999,-999,-999,3,1,2080
14/07/2021 13:19:28,-999,-999,-999,3,1,2080
14/07/2021 13:19:44,-999,-999,-999,3,1,2080
14/07/2021 13:20:00,-999,-999,-999,3,1,2120
14/07/2021 13:20:16,-999,-999,-999,3,1,2120
14/07/2021 13:20:32,-999,-999,-999,3,1,2080
14/07/2021 13:20:48,-999,-999,-999,3,1,2080
14/07/2021 13:21:04,-999,-999,-999,3,1,2070
14/07/2021 13:21:20,-999,-999,-999,3,1,2070
14/07/2021 13:21:36,-999,-999,-999,3,1,2100
14/07/2021 13:21:52,-999,-999,-999,3,1,2100
14/07/2021 13:22:08,-999,-999,-999,3,1,2100
14/07/2021 13:22:24,-999,-999,-999,3,1,2100
14/07/2021 13:22:40,-999,-999,-999,3,1,2100
14/07/2021 13:22:56,-999,-999,-999,3,1,2060
14/07/2021 13:23:12,-999,-999,-999,3,1,2060
14/07/2021 13:23:28,-999,-999,-999,3,2,2140
14/07/2021 13:23:44,-999,-999,-999,3,2,2140
14/07/2021 13:24:00,-999,-999,-999,3,1,2080
14/07/2021 13:24:16,-999,-999,-999,3,1,2080
14/07/2021 13:24:32,-999,-999,-999,3,1,2080
14/07/2021 13:24:48,-999,-999,-999,3,1,2040
14/07/2021 13:25:04,-999,-999,-999,3,1,2040
14/07/2021 13:25:20,-999,-999,-999,3,1,2040
14/07/2021 13:25:36,-999,-999,-999,3,1,2040
14/07/2021 13:25:52,-999,-999,-999,3,2,2100
14/07/2021 13:26:08,-999,-999,-999,3,2,2100
14/07/2021 13:26:24,-999,-999,-999,3,1,2160
14/07/2021 13:26:40,-999,-999,-999,3,1,2160
14/07/2021 13:26:56,-999,-999,-999,3,1,2160
14/07/2021 13:27:12,-999,-999,-999,3,2,2290
14/07/2021 13:27:28,-999,-999,-999,3,2,2290
14/07/2021 13:27:44,-999,-999,-999,3,2,2240
14/07/2021 13:28:00,-999,-999,-999,3,2,2240
14/07/2021 13:28:16,-999,-999,-999,3,2,2240
14/07/2021 13:28:32,-999,-999,-999,3,2,2240
14/07/2021 13:28:48,-999,-999,-999,3,2,2080
14/07/2021 13:29:04,-999,-999,-999,3,2,2080
14/07/2021 13:29:20,-999,-999,-999,3,2,2080
14/07/2021 13:29:36,-999,-999,-999,3,3,2200
14/07/2021 13:29:52,-999,-999,-999,3,3,2200
14/07/2021 13:30:08,-999,-999,-999,3,3,2150
14/07/2021 13:30:24,-999,-999,-999,3,3,2150
14/07/2021 13:30:40,-999,-999,-999,3,3,2170
14/07/2021 13:30:56,-999,-999,-999,3,3,2170
14/07/2021 13:31:12,-999,-999,-999,3,2,2350
14/07/2021 13:31:28,-999,-999,-999,3,2,2350
14/07/2021 13:31:44,-999,-999,-999,3,2,2350
14/07/2021 13:32:00,-999,2430,-999,3,2,2350
14/07/2021 13:32:16,-999,2430,-999,3,2,2350
14/07/2021 13:32:32,-999,-999,-999,3,1,2860
14/07/2021 13:32:48,-999,-999,-999,3,1,2860
14/07/2021 13:33:04,-999,2430,-999,3,2,2300
14/07/2021 13:33:20,-999,2400,-999,3,2,2300
14/07/2021 13:33:36,-999,690,-999,3,3,2180
14/07/2021 13:33:52,-999,680,-999,3,3,2180
14/07/2021 13:34:08,-999,680,-999,3,3,2180
14/07/2021 13:34:24,-999,680,-999,3,2,1970
14/07/2021 13:34:40,-999,680,-999,3,2,1970
14/07/2021 13:34:56,-999,-999,-999,3,2,1950
14/07/2021 13:35:12,-999,-999,-999,3,2,1950
14/07/2021 13:35:28,-999,-999,-999,3,1,2060
14/07/2021 13:35:44,-999,-999,-999,3,1,2060
14/07/2021 13:36:00,-999,680,-999,3,2,1960
14/07/2021 13:36:16,-999,680,-999,3,2,1960
14/07/2021 13:36:32,-999,680,-999,3,2,1960
14/07/2021 13:36:48,-999,680,-999,3,2,2080
14/07/2021 13:37:04,-999,2400,-999,3,2,2080
14/07/2021 13:37:20,-999,-999,-999,3,1,2030
14/07/2021 13:37:36,-999,-999,-999,3,1,2030
14/07/2021 13:37:52,-999,2490,-999,3,2,1990
14/07/2021 13:38:08,-999,2490,-999,3,2,1990
14/07/2021 13:38:24,-999,-999,-999,3,2,2300
14/07/2021 13:38:40,-999,-999,-999,3,2,2300
14/07/2021 13:38:56,-999,2510,-999,3,2,2300
14/07/2021 13:39:12,-999,-999,-999,3,2,2460
14/07/2021 13:39:28,-999,-999,-999,3,2,2460
14/07/2021 13:39:44,-999,-999,-999,3,2,2550
14/07/2021 13:40:00,-999,-999,-999,3,2,2550
14/07/2021 13:40:16,-999,-999,-999,3,2,2560
14/07/2021 13:40:32,-999,-999,-999,3,2,2560
14/07/2021 13:40:48,-999,-999,-999,3,2,2480
14/07/2021 13:41:04,-999,-999,-999,3,2,2480
14/07/2021 13:41:20,-999,-999,-999,3,2,2480
14/07/2021 13:41:36,-999,-999,-999,3,2,2520
14/07/2021 13:41:52,-999,-999,-999,3,2,2520
14/07/2021 13:42:08,-999,-999,-999,3,1,2860
14/07/2021 13:42:24,-999,-999,-999,3,1,2860
14/07/2021 13:42:40,-999,-999,-999,3,2,2520
14/07/2021 13:42:56,-999,-999,-999,3,2,2520
14/07/2021 13:43:12,-999,-999,-999,3,1,2990
14/07/2021 13:43:28,-999,-999,-999,3,1,2990
14/07/2021 13:43:44,-999,-999,-999,3,1,2990
14/07/2021 13:44:00,-999,-999,-999,3,2,2500
14/07/2021 13:44:16,-999,-999,-999,3,2,2500
14/07/2021 13:44:32,-999,-999,-999,3,2,2510
14/07/2021 13:44:48,-999,-999,-999,3,2,2510
14/07/2021 13:45:04,-999,-999,-999,3,1,2840
14/07/2021 13:45:20,-999,-999,-999,3,1,2840
14/07/2021 13:45:36,-999,-999,-999,3,2,2510
14/07/2021 13:45:52,-999,-999,-999,3,2,2510
14/07/2021 13:46:08,-999,-999,-999,3,2,2510
14/07/2021 13:46:24,-999,-999,-999,3,2,2600
14/07/2021 13:46:40,-999,-999,-999,3,2,2600
14/07/2021 13:46:56,-999,-999,-999,3,2,2550
14/07/2021 13:47:12,-999,-999,-999,3,2,2550
14/07/2021 13:47:28,-999,-999,-999,3,2,2590
14/07/2021 13:47:44,-999,-999,-999,3,2,2590
14/07/2021 13:48:00,-999,-999,-999,3,2,2560
14/07/2021 13:48:16,-999,-999,-999,3,2,2560
14/07/2021 13:48:32,-999,-999,-999,3,2,2560
14/07/2021 13:48:48,-999,-999,-999,3,3,2410
14/07/2021 13:49:04,-999,-999,-999,3,3,2410
14/07/2021 13:49:20,-999,-999,-999,3,1,2860
14/07/2021 13:49:36,-999,-999,-999,3,1,2860
14/07/2021 13:49:52,-999,-999,-999,3,2,2470
14/07/2021 13:50:08,-999,-999,-999,3,2,2470
14/07/2021 13:50:24,-999,-999,-999,3,2,2450
14/07/2021 13:50:40,-999,-999,-999,3,2,2450
14/07/2021 13:50:56,-999,-999,-999,3,2,2450
14/07/2021 13:51:12,-999,-999,-999,3,2,2550
14/07/2021 13:51:28,-999,-999,-999,3,2,2550
14/07/2021 13:51:44,-999,-999,-999,3,2,2490
14/07/2021 13:52:00,-999,-999,-999,3,2,2490
14/07/2021 13:52:16,-999,-999,-999,3,3,2020
14/07/2021 13:52:32,-999,-999,-999,3,3,2020
14/07/2021 13:52:48,-999,-999,-999,3,3,2560
14/07/2021 13:53:04,-999,-999,-999,3,3,2560
14/07/2021 13:53:20,-999,-999,-999,3,3,2560
14/07/2021 13:53:36,-999,-999,-999,3,3,2520
14/07/2021 13:53:52,-999,-999,-999,3,3,2520
14/07/2021 13:54:08,-999,-999,-999,3,2,2460
14/07/2021 13:54:24,-999,-999,-999,3,2,2460
14/07/2021 13:54:40,-999,-999,-999,3,2,2550
14/07/2021 13:54:56,-999,-999,-999,3,2,2550
14/07/2021 13:55:12,-999,-999,-999,3,3,2350
14/07/2021 13:55:28,-999,-999,-999,3,3,2350
14/07/2021 13:55:44,-999,-999,-999,3,3,2350
14/07/2021 13:56:00,-999,-999,-999,3,2,2280
14/07/2021 13:56:16,-999,-999,-999,3,2,2280
14/07/2021 13:56:32,-999,-999,-999,3,2,2500
14/07/2021 13:56:48,-999,-999,-999,3,2,2500
14/07/2021 13:57:04,-999,-999,-999,3,2,2420
14/07/2021 13:57:20,-999,-999,-999,3,2,2420
14/07/2021 13:57:36,-999,-999,-999,3,3,1970
14/07/2021 13:57:52,-999,-999,-999,3,3,1970
14/07/2021 13:58:08,-999,-999,-999,3,3,1970
14/07/2021 13:58:24,-999,-999,-999,3,2,2540
14/07/2021 13:58:40,-999,-999,-999,3,2,2540
14/07/2021 13:58:56,-999,2630,-999,3,2,2560
14/07/2021 13:59:12,-999,2630,-999,3,2,2560
14/07/2021 13:59:28,-999,2630,-999,3,2,2420
14/07/2021 13:59:44,-999,2640,-999,3,2,2420
14/07/2021 14:00:00,-999,2640,-999,3,2,2510
14/07/2021 14:00:16,1,2640,680,3,2,2510
14/07/2021 14:00:32,1,2650,680,3,2,2510
14/07/2021 14:00:48,1,2650,680,3,2,2570
14/07/2021 14:01:04,1,2650,680,3,2,2570
14/07/2021 14:01:20,1,910,680,3,2,2600
14/07/2021 14:01:36,1,910,680,3,2,2600
14/07/2021 14:01:52,1,910,680,3,2,2620
14/07/2021 14:02:08,1,910,680,3,2,2620
14/07/2021 14:02:24,1,910,680,3,2,2650
14/07/2021 14:02:40,1,910,680,3,2,2650
14/07/2021 14:02:56,1,910,680,3,2,2650
14/07/2021 14:03:12,1,910,680,3,2,2470
14/07/2021 14:03:28,1,910,680,3,2,2470
14/07/2021 14:03:44,1,910,680,3,2,2350
14/07/2021 14:04:00,1,910,680,3,2,2350
14/07/2021 14:04:16,1,910,680,3,1,2350
14/07/2021 14:04:32,1,2670,680,3,1,2350
14/07/2021 14:04:48,1,1940,680,3,1,2470
14/07/2021 14:05:04,1,2670,680,3,1,2470
14/07/2021 14:05:20,1,2680,680,3,1,2470
14/07/2021 14:05:36,1,2680,680,3,2,2390
14/07/2021 14:05:52,1,2670,680,3,2,2390
14/07/2021 14:06:08,1,2670,680,3,2,2360
14/07/2021 14:06:24,1,2660,680,3,2,2360
14/07/2021 14:06:40,1,2660,680,3,2,2360
14/07/2021 14:06:56,1,2660,680,3,2,2360
14/07/2021 14:07:12,1,2660,680,3,1,2320
14/07/2021 14:07:28,1,2650,680,3,1,2320
14/07/2021 14:07:44,1,2650,680,3,1,2320
14/07/2021 14:08:00,1,2650,680,3,2,2360
14/07/2021 14:08:16,1,2650,680,3,2,2360
14/07/2021 14:08:32,1,2650,680,3,3,2280
14/07/2021 14:08:48,1,2650,680,3,3,2280
14/07/2021 14:09:04,1,2650,680,3,2,2530
14/07/2021 14:09:20,1,2650,680,3,2,2530
14/07/2021 14:09:36,1,2640,680,3,2,2470
14/07/2021 14:09:52,1,2640,680,3,2,2470
14/07/2021 14:10:08,1,2630,680,3,2,2470
14/07/2021 14:10:24,1,2630,680,3,2,2440
14/07/2021 14:10:40,1,2630,680,3,2,2440
14/07/2021 14:10:56,1,2630,680,3,2,2510
14/07/2021 14:11:12,1,2630,680,3,2,2510
14/07/2021 14:11:28,1,2630,680,3,2,2520
14/07/2021 14:11:44,1,2620,680,3,2,2520
14/07/2021 14:12:00,1,2620,680,3,1,2500
14/07/2021 14:12:16,1,2620,680,3,1,2500
14/07/2021 14:12:32,1,2620,680,3,1,2500
14/07/2021 14:12:48,1,2620,680,3,1,2510
14/07/2021 14:13:04,1,2620,680,3,1,2510
14/07/2021 14:13:20,1,2620,680,3,2,2290
14/07/2021 14:13:36,1,2620,680,3,2,2290
14/07/2021 14:13:52,1,2620,680,3,2,2290
14/07/2021 14:14:08,1,2620,680,3,2,2290
14/07/2021 14:14:24,1,2620,680,3,2,2330
14/07/2021 14:14:40,1,2620,680,3,2,2330
14/07/2021 14:14:56,1,2620,680,3,2,2330
14/07/2021 14:15:12,1,2620,680,3,1,2290
14/07/2021 14:15:28,1,2620,680,3,1,2290
14/07/2021 14:15:44,1,2620,680,3,1,2310
14/07/2021 14:16:00,1,2620,680,3,1,2310
14/07/2021 14:16:16,1,2610,680,3,2,2310
14/07/2021 14:16:32,1,2610,680,3,2,2310
14/07/2021 14:16:48,1,2610,680,3,1,2310
14/07/2021 14:17:04,1,2610,680,3,1,2310
14/07/2021 14:17:20,1,2610,680,3,1,2310
14/07/2021 14:17:36,1,2600,680,3,2,2440
14/07/2021 14:17:52,1,2600,680,3,2,2440
14/07/2021 14:18:08,1,2590,680,3,2,2450
14/07/2021 14:18:24,1,2590,680,3,2,2450
14/07/2021 14:18:40,1,2580,680,3,1,2650
14/07/2021 14:18:56,1,2580,680,3,1,2650
14/07/2021 14:19:12,1,2580,680,3,2,2420
14/07/2021 14:19:28,1,2580,680,3,2,2420
14/07/2021 14:19:44,1,2580,680,3,2,2420
14/07/2021 14:20:00,1,2580,680,3,2,2390
14/07/2021 14:20:16,1,2580,680,3,2,2390
14/07/2021 14:20:32,1,2580,680,3,2,2400
14/07/2021 14:20:48,1,2580,680,3,2,2400
14/07/2021 14:21:04,1,2560,680,3,2,2440
14/07/2021 14:21:20,1,2560,680,3,2,2440
14/07/2021 14:21:36,1,-999,680,3,1,2380
14/07/2021 14:21:52,1,-999,680,3,1,2380
14/07/2021 14:22:08,1,-999,680,3,1,2380
14/07/2021 14:22:24,1,2550,680,3,2,2380
14/07/2021 14:22:40,1,2530,680,3,2,2380
14/07/2021 14:22:56,1,-999,680,3,1,2410
14/07/2021 14:23:12,1,-999,680,3,1,2410
14/07/2021 14:23:28,1,-999,680,3,1,2410
14/07/2021 14:23:44,1,-999,680,3,1,2410
14/07/2021 14:24:00,1,2530,680,3,2,2450
14/07/2021 14:24:16,1,2550,680,3,2,2450
14/07/2021 14:24:32,1,2550,680,3,2,2450
14/07/2021 14:24:48,1,2550,680,3,2,2400
14/07/2021 14:25:04,1,2540,680,3,2,2400
14/07/2021 14:25:20,1,2540,680,3,2,2430
14/07/2021 14:25:36,1,2550,680,3,2,2430
14/07/2021 14:25:52,1,2540,680,3,1,2530
14/07/2021 14:26:08,1,2540,680,3,1,2530
14/07/2021 14:26:24,1,2540,680,3,2,2340
14/07/2021 14:26:40,1,2540,680,3,2,2340
14/07/2021 14:26:56,1,2540,680,3,2,2340
14/07/2021 14:27:12,1,-999,680,3,2,2340
14/07/2021 14:27:28,1,-999,680,3,2,2340
14/07/2021 14:27:44,1,2540,680,3,2,2340
14/07/2021 14:28:00,1,2520,680,3,2,2340
14/07/2021 14:28:16,1,-999,680,3,2,2390
14/07/2021 14:28:32,1,-999,680,3,2,2390
14/07/2021 14:28:48,1,2470,680,3,2,2400
14/07/2021 14:29:04,1,2470,680,3,2,2400
14/07/2021 14:29:20,1,2450,680,3,2,2400
14/07/2021 14:29:36,1,2450,680,3,2,2370
14/07/2021 14:29:52,1,2450,680,3,2,2370
14/07/2021 14:30:08,1,2450,680,3,1,2390
14/07/2021 14:30:24,1,2450,680,3,1,2390
14/07/2021 14:30:40,1,-999,680,3,1,2470
14/07/2021 14:30:56,1,-999,680,3,1,2470
14/07/2021 14:31:12,1,2470,680,3,1,2500
14/07/2021 14:31:28,1,2470,680,3,1,2500
14/07/2021 14:31:44,1,-999,680,3,1,2500
14/07/2021 14:32:00,1,-999,680,3,1,2500
14/07/2021 14:32:16,1,-999,680,3,1,2500
14/07/2021 14:32:32,1,-999,680,3,1,2490
14/07/2021 14:32:48,1,-999,680,3,1,2490
14/07/2021 14:33:04,1,-999,680,3,1,2490
14/07/2021 14:33:20,1,-999,680,3,1,2490
14/07/2021 14:33:36,1,-999,680,3,1,2490
14/07/2021 14:33:52,1,-999,680,3,1,2490
14/07/2021 14:34:08,1,-999,680,3,1,2490
14/07/2021 14:34:24,1,-999,680,3,1,2510
14/07/2021 14:34:40,1,-999,680,3,1,2510
14/07/2021 14:34:56,1,-999,680,3,1,2510
14/07/2021 14:35:12,1,-999,680,3,1,2510
14/07/2021 14:35:28,1,-999,680,3,1,2540
14/07/2021 14:35:44,1,-999,680,3,1,2540
14/07/2021 14:36:00,1,-999,680,3,2,2580
14/07/2021 14:36:16,1,-999,680,3,2,2580
14/07/2021 14:36:32,1,-999,680,3,2,2580
14/07/2021 14:36:48,1,-999,680,3,2,2570
14/07/2021 14:37:04,1,-999,680,3,2,2570
14/07/2021 14:37:20,1,-999,680,3,1,2590
14/07/2021 14:37:36,1,-999,680,3,1,2590
14/07/2021 14:37:52,1,-999,680,3,1,2630
14/07/2021 14:38:08,1,-999,680,3,1,2630
14/07/2021 14:38:24,1,-999,680,3,1,2790
14/07/2021 14:38:40,1,-999,680,3,1,2790
14/07/2021 14:38:56,1,-999,680,3,1,2790
14/07/2021 14:39:12,1,-999,680,3,1,2640
14/07/2021 14:39:28,1,-999,680,3,1,2640
14/07/2021 14:39:44,1,-999,680,3,2,2630
14/07/2021 14:40:00,1,-999,680,3,2,2630
14/07/2021 14:40:16,1,-999,680,3,2,2650
14/07/2021 14:40:32,1,-999,680,3,2,2650
14/07/2021 14:40:48,1,-999,680,3,1,2690
14/07/2021 14:41:04,1,-999,680,3,1,2690
14/07/2021 14:41:20,1,-999,680,3,1,2690
14/07/2021 14:41:36,1,-999,680,3,1,2730
14/07/2021 14:41:52,1,-999,680,3,1,2730
14/07/2021 14:42:08,1,-999,680,3,3,2630
14/07/2021 14:42:24,1,-999,680,3,3,2630
14/07/2021 14:42:40,1,-999,680,3,2,2610
14/07/2021 14:42:56,1,-999,680,3,2,2610
14/07/2021 14:43:12,1,-999,680,3,3,2650
14/07/2021 14:43:28,1,-999,680,3,3,2650
14/07/2021 14:43:44,1,-999,680,3,3,2650
14/07/2021 14:44:00,1,-999,680,3,2,2650
14/07/2021 14:44:16,1,-999,680,3,2,2650
14/07/2021 14:44:32,1,-999,680,3,2,2660
14/07/2021 14:44:48,1,-999,680,3,2,2660
14/07/2021 14:45:04,1,-999,680,3,2,2420
14/07/2021 14:45:20,1,-999,680,3,2,2420
14/07/2021 14:45:36,1,-999,680,3,2,2460
14/07/2021 14:45:52,1,-999,680,3,2,2460
14/07/2021 14:46:08,1,-999,680,3,2,2460
14/07/2021 14:46:24,1,-999,680,3,1,2750
14/07/2021 14:46:40,1,-999,680,3,1,2750
14/07/2021 14:46:56,1,-999,680,3,2,2470
14/07/2021 14:47:12,1,-999,680,3,2,2470
14/07/2021 14:47:28,1,-999,680,3,2,2390
14/07/2021 14:47:44,1,-999,680,3,2,2390
14/07/2021 14:48:00,1,-999,680,3,1,2410
14/07/2021 14:48:16,1,-999,680,3,1,2410
14/07/2021 14:48:32,1,-999,680,3,1,2410
14/07/2021 14:48:48,1,-999,680,3,1,2400
14/07/2021 14:49:04,1,2730,680,3,1,2400
14/07/2021 14:49:20,1,2730,680,3,1,2400
14/07/2021 14:49:36,1,2730,680,3,1,2400
14/07/2021 14:49:52,1,2730,680,3,1,2410
14/07/2021 14:50:08,1,2730,680,3,1,2410
14/07/2021 14:50:24,1,2730,680,3,1,2420
14/07/2021 14:50:40,1,2730,680,3,1,2420
14/07/2021 14:50:56,1,2730,680,3,1,2420
14/07/2021 14:51:12,1,-999,680,3,2,2430
14/07/2021 14:51:28,1,-999,680,3,2,2430
14/07/2021 14:51:44,1,2730,680,3,2,2440
14/07/2021 14:52:00,1,2730,680,3,2,2440
14/07/2021 14:52:16,1,2730,680,3,1,2430
14/07/2021 14:52:32,1,2730,680,3,1,2430
14/07/2021 14:52:48,1,2730,680,3,1,2400
14/07/2021 14:53:04,1,2730,680,3,1,2400
14/07/2021 14:53:20,1,2730,680,3,1,2400
14/07/2021 14:53:36,1,-999,680,3,1,2380
14/07/2021 14:53:52,1,-999,680,3,1,2380
14/07/2021 14:54:08,1,-999,680,3,1,2430
14/07/2021 14:54:24,1,-999,680,3,1,2430
14/07/2021 14:54:40,1,2710,680,3,3,2430
14/07/2021 14:54:56,1,2710,680,3,3,2430
14/07/2021 14:55:12,1,2710,680,3,2,2730
14/07/2021 14:55:28,1,2730,680,3,2,2730
14/07/2021 14:55:44,1,2730,680,3,2,2730
14/07/2021 14:56:00,1,2740,680,3,2,2740
14/07/2021 14:56:16,1,2740,680,3,2,2740
14/07/2021 14:56:32,1,-999,680,3,2,2740
14/07/2021 14:56:48,1,-999,680,3,2,2740
14/07/2021 14:57:04,1,-999,680,3,2,2720
14/07/2021 14:57:20,1,-999,680,3,2,2720
14/07/2021 14:57:36,1,-999,680,3,2,2670
14/07/2021 14:57:52,1,-999,680,3,2,2670
14/07/2021 14:58:08,1,-999,680,3,2,2670
14/07/2021 14:58:24,1,-999,680,3,2,2670
14/07/2021 14:58:40,1,-999,680,3,2,2670
14/07/2021 14:58:56,1,-999,680,3,2,2660
14/07/2021 14:59:12,1,-999,680,3,2,2660
14/07/2021 14:59:28,1,-999,680,3,2,2690
14/07/2021 14:59:44,1,-999,680,3,2,2690
14/07/2021 15:00:00,1,-999,2620,3,2,2640
14/07/2021 15:00:16,1,-999,2620,3,2,2640
14/07/2021 15:00:32,1,-999,2620,3,2,2640
14/07/2021 15:00:48,1,-999,2620,3,2,2630
14/07/2021 15:01:04,1,-999,2620,3,2,2630
14/07/2021 15:01:20,1,-999,2620,3,2,2650
14/07/2021 15:01:36,1,-999,2620,3,2,2650
14/07/2021 15:01:52,1,-999,2620,3,2,2630
14/07/2021 15:02:08,1,-999,2620,3,2,2630
14/07/2021 15:02:24,1,-999,2620,3,2,2590
14/07/2021 15:02:40,1,-999,2620,3,2,2590
14/07/2021 15:02:56,1,-999,2620,3,2,2590
14/07/2021 15:03:12,1,-999,2620,3,2,2540
14/07/2021 15:03:28,1,-999,2620,3,2,2540
14/07/2021 15:03:44,1,-999,2620,3,2,2490
14/07/2021 15:04:00,1,-999,2620,3,2,2490
14/07/2021 15:04:16,1,-999,2620,3,2,2460
14/07/2021 15:04:32,1,-999,2620,3,2,2460
14/07/2021 15:04:48,1,-999,2620,3,2,2500
14/07/2021 15:05:04,1,-999,2620,3,2,2500
14/07/2021 15:05:20,1,-999,2620,3,2,2500
14/07/2021 15:05:36,1,-999,2620,3,2,2560
14/07/2021 15:05:52,1,-999,2620,3,2,2560
14/07/2021 15:06:08,1,-999,2620,3,2,2570
14/07/2021 15:06:24,1,-999,2620,3,2,2570
14/07/2021 15:06:40,1,-999,2620,3,2,2590
14/07/2021 15:06:56,1,-999,2620,3,2,2590
14/07/2021 15:07:12,1,-999,2620,3,2,2590
14/07/2021 15:07:28,1,-999,2620,3,2,2590
14/07/2021 15:07:44,1,-999,2620,3,2,2590
14/07/2021 15:08:00,1,-999,2620,3,2,2610
14/07/2021 15:08:16,1,-999,2620,3,2,2610
14/07/2021 15:08:32,1,-999,2620,3,2,2620
14/07/2021 15:08:48,1,-999,2620,3,2,2620
14/07/2021 15:09:04,1,-999,2620,3,2,2630
14/07/2021 15:09:20,1,-999,2620,3,2,2630
14/07/2021 15:09:36,1,-999,2620,3,2,2630
14/07/2021 15:09:52,1,-999,2620,3,2,2630
14/07/2021 15:10:08,1,-999,2620,3,2,2630
14/07/2021 15:10:24,1,-999,2620,3,2,2660
14/07/2021 15:10:40,1,-999,2620,3,2,2660
14/07/2021 15:10:56,1,-999,2620,3,2,2660
14/07/2021 15:11:12,1,-999,2620,3,2,2660
14/07/2021 15:11:28,1,-999,2620,3,2,2650
14/07/2021 15:11:44,1,-999,2620,3,2,2650
14/07/2021 15:12:00,1,-999,2620,3,2,2650
14/07/2021 15:12:16,1,-999,2620,3,2,2650
14/07/2021 15:12:32,1,-999,2620,3,2,2650
14/07/2021 15:12:48,1,-999,2620,3,2,2650
14/07/2021 15:13:04,1,2770,2620,3,2,2650
14/07/2021 15:13:20,1,2770,2620,3,2,2660
14/07/2021 15:13:36,1,2770,2620,3,2,2660
14/07/2021 15:13:52,1,2770,2620,3,2,2700
14/07/2021 15:14:08,1,2780,2620,3,2,2700
14/07/2021 15:14:24,1,2780,2620,3,2,2720
14/07/2021 15:14:40,1,2780,2620,3,2,2720
14/07/2021 15:14:56,1,2780,2620,3,2,2720
14/07/2021 15:15:12,1,2800,2620,3,2,2510
14/07/2021 15:15:28,1,2800,2620,3,2,2510
14/07/2021 15:15:44,1,2820,2620,3,1,2490
14/07/2021 15:16:00,1,2820,2620,3,1,2490
14/07/2021 15:16:16,1,2820,2620,3,1,2520
14/07/2021 15:16:32,1,2820,2620,3,1,2520
14/07/2021 15:16:48,1,2820,2620,3,2,2580
14/07/2021 15:17:04,1,2860,2620,3,2,2580
14/07/2021 15:17:20,1,2860,2620,3,2,2580
14/07/2021 15:17:36,1,2890,2620,3,2,2740
14/07/2021 15:17:52,1,2890,2620,3,2,2740
14/07/2021 15:18:08,1,2910,2620,3,1,2770
14/07/2021 15:18:24,1,-999,2620,3,1,2770
14/07/2021 15:18:40,1,-999,2620,3,1,2760
14/07/2021 15:18:56,1,-999,2620,3,1,2760
14/07/2021 15:19:12,1,-999,2620,3,1,2880
14/07/2021 15:19:28,1,-999,2620,3,1,2880
14/07/2021 15:19:44,1,-999,2620,3,1,2880
14/07/2021 15:20:00,1,-999,2620,3,1,2930
14/07/2021 15:20:16,1,-999,2620,3,1,2930
14/07/2021 15:20:32,1,-999,2620,3,1,2940
14/07/2021 15:20:48,1,-999,2620,3,1,2940
14/07/2021 15:21:04,1,-999,2620,3,1,2980
14/07/2021 15:21:20,1,-999,2620,3,1,2980
14/07/2021 15:21:36,1,-999,2620,3,2,3020
14/07/2021 15:21:52,1,-999,2620,3,2,3020
14/07/2021 15:22:08,1,-999,2620,3,2,3020
14/07/2021 15:22:24,1,-999,2620,3,2,3320
14/07/2021 15:22:40,1,-999,2620,3,2,3320
14/07/2021 15:22:56,1,-999,2620,3,1,3320
14/07/2021 15:23:12,1,3340,2620,3,1,3320
14/07/2021 15:23:28,1,3380,2620,3,1,3320
14/07/2021 15:23:44,1,3380,2620,3,1,3320
14/07/2021 15:24:00,1,3380,2620,3,3,3210
14/07/2021 15:24:16,1,3380,2620,3,3,3210
14/07/2021 15:24:32,1,3380,2620,3,3,3210
14/07/2021 15:24:48,1,3380,2620,3,2,3350
14/07/2021 15:25:04,1,3380,2620,3,2,3350
14/07/2021 15:25:20,1,-999,2620,3,1,3770
14/07/2021 15:25:36,1,-999,2620,3,1,3770
14/07/2021 15:25:52,1,-999,2620,3,1,3670
14/07/2021 15:26:08,1,-999,2620,3,1,3670
14/07/2021 15:26:24,1,3380,2620,3,2,3220
14/07/2021 15:26:40,1,3380,2620,3,2,3220
14/07/2021 15:26:56,1,3370,2620,3,2,3220
14/07/2021 15:27:12,1,-999,2620,3,1,3620
14/07/2021 15:27:28,1,-999,2620,3,1,3620
14/07/2021 15:27:44,1,2900,2620,3,2,3070
14/07/2021 15:28:00,1,2900,2620,3,2,3070
14/07/2021 15:28:16,1,2920,2620,3,3,3060
14/07/2021 15:28:32,1,2920,2620,3,3,3060
14/07/2021 15:28:48,1,2940,2620,3,1,3130
14/07/2021 15:29:04,1,2940,2620,3,1,3130
14/07/2021 15:29:20,1,2960,2620,3,1,3130
14/07/2021 15:29:36,1,-999,2620,3,2,3140
14/07/2021 15:29:52,1,-999,2620,3,2,3140
14/07/2021 15:30:08,1,-999,2620,3,1,3740
14/07/2021 15:30:24,1,-999,2620,3,1,3740
14/07/2021 15:30:40,1,-999,2620,3,1,3760
14/07/2021 15:30:56,1,-999,2620,3,1,3760
14/07/2021 15:31:12,1,-999,2620,3,1,3750
14/07/2021 15:31:28,1,-999,2620,3,1,3750
14/07/2021 15:31:44,1,-999,2620,3,1,3750
14/07/2021 15:32:00,1,2980,2620,3,1,3820
14/07/2021 15:32:16,1,2980,2620,3,1,3820
14/07/2021 15:32:32,1,2980,2620,3,2,3730
14/07/2021 15:32:48,1,2270,2620,3,2,3730
14/07/2021 15:33:04,1,2240,2620,3,2,3690
14/07/2021 15:33:20,1,2230,2620,3,2,3690
14/07/2021 15:33:36,1,2230,2620,3,3,3400
14/07/2021 15:33:52,1,2230,2620,3,3,3400
14/07/2021 15:34:08,1,2220,2620,3,3,3400
14/07/2021 15:34:24,1,2220,2620,3,3,3190
14/07/2021 15:34:40,1,2220,2620,3,3,3190
14/07/2021 15:34:56,1,2220,2620,3,1,3100
14/07/2021 15:35:12,1,2220,2620,3,1,3100
14/07/2021 15:35:28,1,3040,2620,3,1,3080
14/07/2021 15:35:44,1,3040,2620,3,1,3080
14/07/2021 15:36:00,1,3050,2620,3,1,3160
14/07/2021 15:36:16,1,3050,2620,3,1,3160
14/07/2021 15:36:32,1,3050,2620,3,1,3160
14/07/2021 15:36:48,1,3070,2620,3,1,3190
14/07/2021 15:37:04,1,3070,2620,3,1,3190
14/07/2021 15:37:20,1,3070,2620,3,1,3210
14/07/2021 15:37:36,1,3070,2620,3,1,3210
14/07/2021 15:37:52,1,3100,2620,3,1,3220
14/07/2021 15:38:08,1,3100,2620,3,1,3220
14/07/2021 15:38:24,1,3100,2620,3,1,3130
14/07/2021 15:38:40,1,3100,2620,3,1,3130
14/07/2021 15:38:56,1,3100,2620,3,1,3130
14/07/2021 15:39:12,1,3110,2620,3,1,3090
14/07/2021 15:39:28,1,3110,2620,3,1,3090
14/07/2021 15:39:44,1,3110,2620,3,1,3080
14/07/2021 15:40:00,1,3110,2620,3,1,3080
14/07/2021 15:40:16,1,3110,2620,3,1,3060
14/07/2021 15:40:32,1,3110,2620,3,1,3060
14/07/2021 15:40:48,1,3110,2620,3,1,3040
14/07/2021 15:41:04,1,200,2620,3,1,3040
14/07/2021 15:41:20,1,200,2620,3,1,3040
14/07/2021 15:41:36,1,200,2620,3,1,3050
14/07/2021 15:41:52,1,200,2620,3,1,3050
14/07/2021 15:42:08,1,200,2620,3,1,3110
14/07/2021 15:42:24,1,200,2620,3,1,3110
14/07/2021 15:42:40,1,200,2620,3,1,3120
14/07/2021 15:42:56,1,190,2620,3,1,3120
14/07/2021 15:43:12,1,190,2620,3,1,3140
14/07/2021 15:43:28,1,190,2620,3,1,3140
14/07/2021 15:43:44,1,190,2620,3,1,3140
14/07/2021 15:44:00,1,190,2620,3,1,3140
14/07/2021 15:44:16,1,190,2620,3,1,3140
14/07/2021 15:44:32,1,190,2620,3,1,3150
14/07/2021 15:44:48,1,190,2620,3,1,3150
14/07/2021 15:45:04,1,190,2620,3,1,3130
14/07/2021 15:45:20,1,190,2620,3,1,3130
14/07/2021 15:45:36,1,190,2620,3,1,3100
14/07/2021 15:45:52,1,190,2620,3,1,3100
14/07/2021 15:46:08,1,190,2620,3,1,3100
14/07/2021 15:46:24,1,190,2620,3,1,3020
14/07/2021 15:46:40,1,190,2620,3,1,3020
14/07/2021 15:46:56,1,190,2620,3,1,3020
14/07/2021 15:47:12,1,190,2620,3,1,3020
14/07/2021 15:47:28,1,180,2620,3,1,3050
14/07/2021 15:47:44,1,180,2620,3,1,3050
14/07/2021 15:48:00,1,180,2620,3,1,3180
14/07/2021 15:48:16,1,180,2620,3,1,3180
14/07/2021 15:48:32,1,180,2620,3,1,3180
14/07/2021 15:48:48,1,180,2620,3,1,3180
14/07/2021 15:49:04,1,180,2620,3,1,3180
14/07/2021 15:49:20,1,180,2620,3,1,3140
14/07/2021 15:49:36,1,180,2620,3,1,3140
14/07/2021 15:49:52,1,180,2620,3,1,3100
14/07/2021 15:50:08,1,180,2620,3,1,3100
14/07/2021 15:50:24,1,180,2620,3,1,3120
14/07/2021 15:50:40,1,180,2620,3,1,3120
14/07/2021 15:50:56,1,180,2620,3,1,3120
14/07/2021 15:51:12,1,180,2620,3,1,3160
14/07/2021 15:51:28,1,170,2620,3,1,3160
14/07/2021 15:51:44,1,170,2620,3,2,3140
14/07/2021 15:52:00,1,170,2620,3,2,3140
14/07/2021 15:52:16,1,170,2620,3,1,3100
14/07/2021 15:52:32,1,170,2620,3,1,3100
14/07/2021 15:52:48,1,170,2620,3,1,3120
14/07/2021 15:53:04,1,170,2620,3,1,3120
14/07/2021 15:53:20,1,170,2620,3,1,3120
14/07/2021 15:53:36,1,170,2620,3,2,3110
14/07/2021 15:53:52,1,160,2620,3,2,3110
14/07/2021 15:54:08,1,160,2620,3,1,3010
14/07/2021 15:54:24,1,160,2620,3,1,3010
14/07/2021 15:54:40,1,160,2620,3,1,3010
14/07/2021 15:54:56,1,160,2620,3,1,3010
14/07/2021 15:55:12,1,160,2620,3,1,3050
14/07/2021 15:55:28,1,150,2620,3,1,3050
14/07/2021 15:55:44,1,150,2620,3,1,3050
14/07/2021 15:56:00,1,150,2620,3,1,3050
14/07/2021 15:56:16,1,150,2620,3,1,3050
14/07/2021 15:56:32,1,140,2620,3,1,3100
14/07/2021 15:56:48,1,140,2620,3,1,3100
14/07/2021 15:57:04,1,140,2620,3,1,3050
14/07/2021 15:57:20,1,140,2620,3,1,3050
14/07/2021 15:57:36,1,140,2620,3,1,2920
14/07/2021 15:57:52,1,140,2620,3,1,2920
14/07/2021 15:58:08,1,140,2620,3,1,2920
14/07/2021 15:58:24,1,130,2620,3,1,2920
14/07/2021 15:58:40,1,130,2620,3,1,2920
14/07/2021 15:58:56,1,130,2620,3,1,2960
14/07/2021 15:59:12,1,130,2620,3,1,2960
14/07/2021 15:59:28,1,130,2620,3,1,2910
14/07/2021 15:59:44,1,120,2620,3,1,2910
14/07/2021 16:00:00,1,120,180,3,1,2880
14/07/2021 16:00:16,1,120,180,3,1,2880
14/07/2021 16:00:32,1,120,180,3,1,2880
14/07/2021 16:00:48,1,120,180,3,1,2900
14/07/2021 16:01:04,1,120,180,3,1,2900
14/07/2021 16:01:20,1,120,180,3,1,2950
14/07/2021 16:01:36,1,120,180,3,1,2950
14/07/2021 16:01:52,1,120,180,3,1,3000
14/07/2021 16:02:08,1,110,180,3,1,3000
14/07/2021 16:02:24,1,110,180,3,1,3070
14/07/2021 16:02:40,1,110,180,3,1,3070
14/07/2021 16:02:56,1,110,180,3,1,3070
14/07/2021 16:03:12,1,110,180,3,1,3180
14/07/2021 16:03:28,1,110,180,3,1,3180
14/07/2021 16:03:44,1,110,180,3,1,3160
14/07/2021 16:04:00,1,110,180,3,1,3160
14/07/2021 16:04:16,1,110,180,3,1,3160
14/07/2021 16:04:32,1,100,180,3,1,3160
14/07/2021 16:04:48,1,100,180,3,1,3150
14/07/2021 16:05:04,1,100,180,3,1,3150
14/07/2021 16:05:20,1,100,180,3,1,3150
14/07/2021 16:05:36,1,100,180,3,1,3110
14/07/2021 16:05:52,1,100,180,3,1,3110
14/07/2021 16:06:08,1,100,180,3,1,3160
14/07/2021 16:06:24,1,100,180,3,1,3160
14/07/2021 16:06:40,1,100,180,3,1,3180
14/07/2021 16:06:56,1,100,180,3,1,3180
14/07/2021 16:07:12,1,100,180,3,1,3180
14/07/2021 16:07:28,1,100,180,3,1,3180
14/07/2021 16:07:44,1,100,180,3,1,3180
14/07/2021 16:08:00,1,100,180,3,1,3140
14/07/2021 16:08:16,1,100,180,3,1,3140
14/07/2021 16:08:32,1,100,180,3,1,3140
14/07/2021 16:08:48,1,100,180,3,1,3140
14/07/2021 16:09:04,1,100,180,3,1,3150
14/07/2021 16:09:20,1,100,180,3,1,3150
14/07/2021 16:09:36,1,100,180,3,1,3160
14/07/2021 16:09:52,1,100,180,3,1,3160
14/07/2021 16:10:08,1,100,180,3,1,3160
14/07/2021 16:10:24,1,100,180,3,1,3120
14/07/2021 16:10:40,1,90,180,3,1,3120
14/07/2021 16:10:56,1,90,180,3,1,3100
14/07/2021 16:11:12,1,90,180,3,1,3100
14/07/2021 16:11:28,1,90,180,3,1,3110
14/07/2021 16:11:44,1,90,180,3,1,3110
14/07/2021 16:12:00,1,90,180,3,1,3120
14/07/2021 16:12:16,1,90,180,3,1,3120
14/07/2021 16:12:32,1,90,180,3,1,3120
14/07/2021 16:12:48,1,90,180,3,1,3170
14/07/2021 16:13:04,1,100,180,3,1,3170
14/07/2021 16:13:20,1,100,180,3,1,3160
14/07/2021 16:13:36,1,100,180,3,1,3160
14/07/2021 16:13:52,1,100,180,3,1,3160
14/07/2021 16:14:08,1,100,180,3,1,3160
14/07/2021 16:14:24,1,100,180,3,1,3180
14/07/2021 16:14:40,1,100,180,3,1,3180
14/07/2021 16:14:56,1,100,180,3,1,3180
14/07/2021 16:15:12,1,100,180,3,1,3220
14/07/2021 16:15:28,1,100,180,3,1,3220
14/07/2021 16:15:44,1,100,180,3,1,3300
14/07/2021 16:16:00,1,100,180,3,1,3300
14/07/2021 16:16:16,1,100,180,3,1,3260
14/07/2021 16:16:32,1,110,180,3,1,3260
14/07/2021 16:16:48,1,110,180,3,1,3250
14/07/2021 16:17:04,1,110,180,3,1,3250
14/07/2021 16:17:20,1,110,180,3,1,3250
14/07/2021 16:17:36,1,110,180,3,1,3260
14/07/2021 16:17:52,1,110,180,3,1,3260
14/07/2021 16:18:08,1,120,180,3,1,3300
14/07/2021 16:18:24,1,120,180,3,1,3300
14/07/2021 16:18:40,1,120,180,3,1,3330
14/07/2021 16:18:56,1,120,180,3,1,3330
14/07/2021 16:19:12,1,120,180,3,1,3360
14/07/2021 16:19:28,1,130,180,3,1,3360
14/07/2021 16:19:44,1,130,180,3,1,3360
14/07/2021 16:20:00,1,130,180,3,1,3410
14/07/2021 16:20:16,1,130,180,3,1,3410
14/07/2021 16:20:32,1,130,180,3,1,3440
14/07/2021 16:20:48,1,130,180,3,1,3440
14/07/2021 16:21:04,1,130,180,3,2,3380
14/07/2021 16:21:20,1,130,180,3,2,3380
14/07/2021 16:21:36,1,130,180,3,2,3370
14/07/2021 16:21:52,1,130,180,3,2,3370
14/07/2021 16:22:08,1,130,180,3,2,3370
14/07/2021 16:22:24,1,130,180,3,1,3400
14/07/2021 16:22:40,1,130,180,3,1,3400
14/07/2021 16:22:56,1,130,180,3,2,3490
14/07/2021 16:23:12,1,130,180,3,2,3490
14/07/2021 16:23:28,1,-999,180,3,2,3980
14/07/2021 16:23:44,1,-999,180,3,2,3980
14/07/2021 16:24:00,1,-999,180,3,1,4190
14/07/2021 16:24:16,1,-999,180,3,1,4190
14/07/2021 16:24:32,1,-999,180,3,1,4190
14/07/2021 16:24:48,1,-999,180,3,1,4130
14/07/2021 16:25:04,1,-999,180,3,1,4130
14/07/2021 16:25:20,1,130,180,3,1,3990
14/07/2021 16:25:36,1,130,180,3,1,3990
14/07/2021 16:25:52,1,130,180,3,1,3920
14/07/2021 16:26:08,1,130,180,3,1,3920
14/07/2021 16:26:24,1,130,180,3,1,3780
14/07/2021 16:26:40,1,130,180,3,1,3780
14/07/2021 16:26:56,1,130,180,3,1,3780
14/07/2021 16:27:12,1,130,180,3,1,3540
14/07/2021 16:27:28,1,130,180,3,1,3540
14/07/2021 16:27:44,1,130,180,3,2,3560
14/07/2021 16:28:00,1,130,180,3,2,3560
14/07/2021 16:28:16,1,130,180,3,1,3950
14/07/2021 16:28:32,1,130,180,3,1,3950
14/07/2021 16:28:48,1,130,180,3,1,3940
14/07/2021 16:29:04,1,130,180,3,1,3940
14/07/2021 16:29:20,1,130,180,3,1,3940
14/07/2021 16:29:36,1,130,180,3,1,3930
14/07/2021 16:29:52,1,130,180,3,1,3930
14/07/2021 16:30:08,1,130,180,3,1,3940
14/07/2021 16:30:24,1,130,180,3,1,3940
14/07/2021 16:30:40,1,130,180,3,1,4070
14/07/2021 16:30:56,1,130,180,3,1,4070
14/07/2021 16:31:12,1,130,180,3,2,4090
14/07/2021 16:31:28,1,130,180,3,2,4090
14/07/2021 16:31:44,1,130,180,3,2,4090
14/07/2021 16:32:00,1,130,180,3,2,4070
14/07/2021 16:32:16,1,130,180,3,2,4070
14/07/2021 16:32:32,1,130,180,3,1,4020
14/07/2021 16:32:48,1,130,180,3,1,4020
14/07/2021 16:33:04,1,130,180,3,1,4050
14/07/2021 16:33:20,1,130,180,3,1,4050
14/07/2021 16:33:36,1,130,180,3,1,4030
14/07/2021 16:33:52,1,130,180,3,1,4030
14/07/2021 16:34:08,1,130,180,3,1,4030
14/07/2021 16:34:24,1,130,180,3,1,4050
14/07/2021 16:34:40,1,130,180,3,1,4050
14/07/2021 16:34:56,1,130,180,3,1,4040
14/07/2021 16:35:12,1,130,180,3,1,4040
14/07/2021 16:35:28,1,130,180,3,1,3990
14/07/2021 16:35:44,1,130,180,3,1,3990
14/07/2021 16:36:00,1,130,180,3,2,4270
14/07/2021 16:36:16,1,130,180,3,2,4270
14/07/2021 16:36:32,1,130,180,3,2,4270
14/07/2021 16:36:48,1,130,180,3,1,4310
14/07/2021 16:37:04,1,130,180,3,1,4310
14/07/2021 16:37:20,1,130,180,3,2,4280
14/07/2021 16:37:36,1,130,180,3,2,4280
14/07/2021 16:37:52,1,130,180,3,1,5920
14/07/2021 16:38:08,1,130,180,3,1,5920
14/07/2021 16:38:24,1,130,180,3,1,5950
14/07/2021 16:38:40,1,130,180,3,1,5950
14/07/2021 16:38:56,1,130,180,3,1,5950
14/07/2021 16:39:12,1,130,180,3,1,5910
14/07/2021 16:39:28,1,130,180,3,1,5910
14/07/2021 16:39:44,1,130,180,3,2,3820
14/07/2021 16:40:00,1,130,180,3,2,3820
14/07/2021 16:40:16,1,130,180,3,2,3830
14/07/2021 16:40:32,1,130,180,3,2,3830
14/07/2021 16:40:48,1,130,180,3,3,3830
14/07/2021 16:41:04,1,130,180,3,3,3830
14/07/2021 16:41:20,1,130,180,3,3,3830
14/07/2021 16:41:36,1,130,180,3,2,3860
14/07/2021 16:41:52,1,130,180,3,2,3860
14/07/2021 16:42:08,1,130,180,3,1,3900
14/07/2021 16:42:24,1,130,180,3,1,3900
14/07/2021 16:42:40,1,130,180,3,1,3880
14/07/2021 16:42:56,1,130,180,3,1,3880
14/07/2021 16:43:12,1,130,180,3,2,3840
14/07/2021 16:43:28,1,130,180,3,2,3840
14/07/2021 16:43:44,1,130,180,3,2,3840
14/07/2021 16:44:00,1,130,180,3,2,3830
14/07/2021 16:44:16,1,130,180,3,2,3830
14/07/2021 16:44:32,1,130,180,3,2,6010
14/07/2021 16:44:48,1,130,180,3,2,6010
14/07/2021 16:45:04,1,130,180,3,2,3850
14/07/2021 16:45:20,1,130,180,3,2,3850
14/07/2021 16:45:36,1,130,180,3,2,3810
14/07/2021 16:45:52,1,130,180,3,2,3810
14/07/2021 16:46:08,1,130,180,3,2,3810
14/07/2021 16:46:24,1,130,180,3,1,3780
14/07/2021 16:46:40,1,120,180,3,1,3780
14/07/2021 16:46:56,1,120,180,3,1,3790
14/07/2021 16:47:12,1,120,180,3,1,3790
14/07/2021 16:47:28,1,120,180,3,1,3780
14/07/2021 16:47:44,1,120,180,3,1,3780
14/07/2021 16:48:00,1,120,180,3,1,3820
14/07/2021 16:48:16,1,120,180,3,1,3820
14/07/2021 16:48:32,1,120,180,3,1,3820
14/07/2021 16:48:48,1,120,180,3,1,3850
14/07/2021 16:49:04,1,120,180,3,1,3850
14/07/2021 16:49:20,1,120,180,3,1,3780
14/07/2021 16:49:36,1,120,180,3,1,3780
14/07/2021 16:49:52,1,120,180,3,1,3770
14/07/2021 16:50:08,1,120,180,3,1,3770
14/07/2021 16:50:24,1,120,180,3,1,3770
14/07/2021 16:50:40,1,120,180,3,1,3770
14/07/2021 16:50:56,1,120,180,3,1,3770
14/07/2021 16:51:12,1,120,180,3,1,3750
14/07/2021 16:51:28,1,120,180,3,1,3750
14/07/2021 16:51:44,1,120,180,3,1,3730
14/07/2021 16:52:00,1,120,180,3,1,3730
14/07/2021 16:52:16,1,120,180,3,1,3720
14/07/2021 16:52:32,1,120,180,3,1,3720
14/07/2021 16:52:48,1,120,180,3,1,3710
14/07/2021 16:53:04,1,120,180,3,1,3710
14/07/2021 16:53:20,1,120,180,3,1,3710
14/07/2021 16:53:36,1,120,180,3,1,3700
14/07/2021 16:53:52,1,120,180,3,1,3700
14/07/2021 16:54:08,1,120,180,3,3,3710
14/07/2021 16:54:24,1,120,180,3,3,3710
14/07/2021 16:54:40,1,-999,180,3,1,4820
14/07/2021 16:54:56,1,-999,180,3,1,4820
14/07/2021 16:55:12,1,120,180,3,1,4730
14/07/2021 16:55:28,1,120,180,3,1,4730
14/07/2021 16:55:44,1,120,180,3,1,4730
14/07/2021 16:56:00,1,120,180,3,1,4710
14/07/2021 16:56:16,1,120,180,3,1,4710
14/07/2021 16:56:32,1,120,180,3,3,4130
14/07/2021 16:56:48,1,120,180,3,3,4130
14/07/2021 16:57:04,1,120,180,3,1,4120
14/07/2021 16:57:20,1,120,180,3,1,4120
14/07/2021 16:57:36,1,120,180,3,1,4180
14/07/2021 16:57:52,1,120,180,3,1,4180
14/07/2021 16:58:08,1,120,180,3,1,4180
14/07/2021 16:58:24,1,120,180,3,1,4200
14/07/2021 16:58:40,1,120,180,3,1,4200
14/07/2021 16:58:56,1,120,180,3,2,4250
14/07/2021 16:59:12,1,120,180,3,2,4250
14/07/2021 16:59:28,1,120,180,3,2,4020
14/07/2021 16:59:44,1,120,180,3,2,4020
14/07/2021 17:00:00,3,120,120,3,1,3930
14/07/2021 17:00:16,3,120,120,3,1,3930
14/07/2021 17:00:32,3,120,120,3,1,3930
14/07/2021 17:00:48,3,120,120,3,2,3840
14/07/2021 17:01:04,3,120,120,3,2,3840
14/07/2021 17:01:20,3,-999,120,3,2,4180
14/07/2021 17:01:36,3,-999,120,3,2,4180
14/07/2021 17:01:52,3,-999,120,3,1,4520
14/07/2021 17:02:08,3,-999,120,3,1,4520
14/07/2021 17:02:24,3,-999,120,3,1,4510
14/07/2021 17:02:40,3,-999,120,3,1,4510
14/07/2021 17:02:56,3,-999,120,3,1,4510
14/07/2021 17:03:12,3,120,120,3,1,4510
14/07/2021 17:03:28,3,120,120,3,1,4510
14/07/2021 17:03:44,3,120,120,3,1,4500
14/07/2021 17:04:00,3,120,120,3,1,4500
14/07/2021 17:04:16,3,120,120,3,1,4500
14/07/2021 17:04:32,3,120,120,3,1,4500
14/07/2021 17:04:48,3,120,120,3,1,4490
14/07/2021 17:05:04,3,120,120,3,1,4490
14/07/2021 17:05:20,3,120,120,3,1,4490
14/07/2021 17:05:36,3,120,120,3,1,4480
14/07/2021 17:05:52,3,120,120,3,1,4480
14/07/2021 17:06:08,3,120,120,3,1,4500
14/07/2021 17:06:24,3,120,120,3,1,4500
14/07/2021 17:06:40,3,120,120,3,1,4470
14/07/2021 17:06:56,3,120,120,3,1,4470
14/07/2021 17:07:12,3,120,120,3,1,4650
14/07/2021 17:07:28,3,120,120,3,1,4650
14/07/2021 17:07:44,3,110,120,3,1,4650
14/07/2021 17:08:00,3,110,120,3,2,4460
14/07/2021 17:08:16,3,110,120,3,2,4460
14/07/2021 17:08:32,3,110,120,3,1,4420
14/07/2021 17:08:48,3,1950,120,3,1,4420
14/07/2021 17:09:04,3,1960,120,3,1,4390
14/07/2021 17:09:20,3,1960,120,3,1,4390
14/07/2021 17:09:36,3,1970,120,3,2,4420
14/07/2021 17:09:52,3,1960,120,3,2,4420
14/07/2021 17:10:08,3,1960,120,3,2,4420
14/07/2021 17:10:24,3,1960,120,3,2,4510
14/07/2021 17:10:40,3,10,120,3,2,4510
14/07/2021 17:10:56,3,10,120,3,1,4510
14/07/2021 17:11:12,3,10,120,3,1,4510
14/07/2021 17:11:28,3,10,120,3,1,4440
14/07/2021 17:11:44,3,10,120,3,1,4440
14/07/2021 17:12:00,3,10,120,3,1,4370
14/07/2021 17:12:16,3,10,120,3,1,4370
14/07/2021 17:12:32,3,10,120,3,1,4370
14/07/2021 17:12:48,3,10,120,3,1,4260
14/07/2021 17:13:04,3,10,120,3,1,4260
14/07/2021 17:13:20,3,10,120,3,1,4210
14/07/2021 17:13:36,3,10,120,3,1,4210
14/07/2021 17:13:52,3,10,120,3,1,4240
14/07/2021 17:14:08,3,10,120,3,1,4240
14/07/2021 17:14:24,3,10,120,3,1,4390
14/07/2021 17:14:40,3,10,120,3,1,4390
14/07/2021 17:14:56,3,10,120,3,1,4390
14/07/2021 17:15:12,3,10,120,3,1,4420
14/07/2021 17:15:28,3,10,120,3,1,4420
14/07/2021 17:15:44,3,20,120,3,2,4430
14/07/2021 17:16:00,3,120,120,3,2,4430
14/07/2021 17:16:16,3,280,120,3,1,4720
14/07/2021 17:16:32,3,430,120,3,1,4720
14/07/2021 17:16:48,3,540,120,3,2,4590
14/07/2021 17:17:04,3,650,120,3,2,4590
14/07/2021 17:17:20,3,760,120,3,2,4590
14/07/2021 17:17:36,3,440,120,3,1,4280
14/07/2021 17:17:52,3,150,120,3,1,4280
14/07/2021 17:18:08,3,280,120,3,1,4580
14/07/2021 17:18:24,3,410,120,3,1,4580
14/07/2021 17:18:40,3,520,120,3,2,4180
14/07/2021 17:18:56,3,630,120,3,2,4180
14/07/2021 17:19:12,3,680,120,3,1,4610
14/07/2021 17:19:28,3,670,120,3,1,4610
14/07/2021 17:19:44,3,710,120,3,1,4610
14/07/2021 17:20:00,3,790,120,3,1,4590
14/07/2021 17:20:16,3,870,120,3,1,4590
14/07/2021 17:20:32,3,960,120,3,1,4690
14/07/2021 17:20:48,3,1040,120,3,1,4690
14/07/2021 17:21:04,3,910,120,3,2,4700
14/07/2021 17:21:20,3,770,120,3,2,4700
14/07/2021 17:21:36,3,-999,120,3,2,3300
14/07/2021 17:21:52,3,-999,120,3,2,3300
14/07/2021 17:22:08,3,-999,120,3,2,3300
14/07/2021 17:22:24,3,60,120,3,1,4670
14/07/2021 17:22:40,3,60,120,3,1,4670
14/07/2021 17:22:56,3,1460,120,3,1,4700
14/07/2021 17:23:12,3,1480,120,3,1,4700
14/07/2021 17:23:28,3,1470,120,3,1,4670
14/07/2021 17:23:44,3,1470,120,3,1,4670
14/07/2021 17:24:00,3,10,120,3,1,4640
14/07/2021 17:24:16,3,10,120,3,1,4640
14/07/2021 17:24:32,3,10,120,3,1,4640
14/07/2021 17:24:48,3,-999,120,3,2,3320
14/07/2021 17:25:04,3,-999,120,3,2,3320
14/07/2021 17:25:20,3,-999,120,3,2,3340
14/07/2021 17:25:36,3,-999,120,3,2,3340
14/07/2021 17:25:52,3,-999,120,3,2,3330
14/07/2021 17:26:08,3,-999,120,3,2,3330
14/07/2021 17:26:24,3,1460,120,3,1,4520
14/07/2021 17:26:40,3,1460,120,3,1,4520
14/07/2021 17:26:56,3,1470,120,3,1,4520
14/07/2021 17:27:12,3,-999,120,3,2,3370
14/07/2021 17:27:28,3,-999,120,3,2,3370
14/07/2021 17:27:44,3,-999,120,3,2,3380
14/07/2021 17:28:00,3,-999,120,3,2,3380
14/07/2021 17:28:16,3,-999,120,3,2,3400
14/07/2021 17:28:32,3,-999,120,3,2,3400
14/07/2021 17:28:48,3,1960,120,3,1,4710
14/07/2021 17:29:04,3,1960,120,3,1,4710
14/07/2021 17:29:20,3,1950,120,3,1,4710
14/07/2021 17:29:36,3,180,120,3,2,4690
14/07/2021 17:29:52,3,180,120,3,2,4690
14/07/2021 17:30:08,3,1480,120,3,2,4710
14/07/2021 17:30:24,3,1450,120,3,2,4710
14/07/2021 17:30:40,3,1270,120,3,3,4340
14/07/2021 17:30:56,3,1050,120,3,3,4340
14/07/2021 17:31:12,3,260,120,3,2,4330
14/07/2021 17:31:28,3,540,120,3,2,4330
14/07/2021 17:31:44,3,790,120,3,2,4330
14/07/2021 17:32:00,3,450,120,3,1,4290
14/07/2021 17:32:16,3,260,120,3,1,4290
14/07/2021 17:32:32,3,280,120,3,1,4310
14/07/2021 17:32:48,3,260,120,3,1,4310
14/07/2021 17:33:04,3,280,120,3,2,4310
14/07/2021 17:33:20,3,300,120,3,2,4310
14/07/2021 17:33:36,3,310,120,3,2,4320
14/07/2021 17:33:52,3,310,120,3,2,4320
14/07/2021 17:34:08,3,300,120,3,2,4320
14/07/2021 17:34:24,3,320,120,3,2,4250
14/07/2021 17:34:40,3,330,120,3,2,4250
14/07/2021 17:34:56,3,640,120,3,2,4250
14/07/2021 17:35:12,3,1060,120,3,2,4250
14/07/2021 17:35:28,3,1140,120,3,1,5130
14/07/2021 17:35:44,3,1220,120,3,1,5130
14/07/2021 17:36:00,3,1260,120,3,2,4240
14/07/2021 17:36:16,3,1320,120,3,2,4240
14/07/2021 17:36:32,3,1370,120,3,2,4240
14/07/2021 17:36:48,3,1390,120,3,1,4230
14/07/2021 17:37:04,3,1400,120,3,1,4230
14/07/2021 17:37:20,3,1420,120,3,1,4240
14/07/2021 17:37:36,3,1440,120,3,1,4240
14/07/2021 17:37:52,3,3530,120,3,2,3600
14/07/2021 17:38:08,3,3530,120,3,2,3600
14/07/2021 17:38:24,3,3530,120,3,2,3620
14/07/2021 17:38:40,3,3530,120,3,2,3620
14/07/2021 17:38:56,3,3530,120,3,2,3620
14/07/2021 17:39:12,3,3530,120,3,2,3620
14/07/2021 17:39:28,3,-999,120,3,2,3620
14/07/2021 17:39:44,3,1560,120,3,1,4770
14/07/2021 17:40:00,3,1560,120,3,1,4770
14/07/2021 17:40:16,3,1570,120,3,3,4170
14/07/2021 17:40:32,3,1580,120,3,3,4170
14/07/2021 17:40:48,3,320,120,3,3,4100
14/07/2021 17:41:04,3,310,120,3,3,4100
14/07/2021 17:41:20,3,310,120,3,3,4100
14/07/2021 17:41:36,3,-999,120,3,2,4000
14/07/2021 17:41:52,3,-999,120,3,2,4000
14/07/2021 17:42:08,3,-999,120,3,1,3980
14/07/2021 17:42:24,3,-999,120,3,1,3980
14/07/2021 17:42:40,3,1570,120,3,1,4010
14/07/2021 17:42:56,3,1560,120,3,1,4010
14/07/2021 17:43:12,3,1410,120,3,2,4150
14/07/2021 17:43:28,3,1420,120,3,2,4150
14/07/2021 17:43:44,3,1420,120,3,2,4150
14/07/2021 17:44:00,3,1530,120,3,1,4680
14/07/2021 17:44:16,3,1520,120,3,1,4680
14/07/2021 17:44:32,3,1880,120,3,2,4310
14/07/2021 17:44:48,3,1880,120,3,2,4310
14/07/2021 17:45:04,3,1880,120,3,1,4340
14/07/2021 17:45:20,3,1880,120,3,1,4340
14/07/2021 17:45:36,3,1880,120,3,1,4330
14/07/2021 17:45:52,3,990,120,3,1,4330
14/07/2021 17:46:08,3,870,120,3,1,4330
14/07/2021 17:46:24,3,980,120,3,1,4410
14/07/2021 17:46:40,3,1090,120,3,1,4410
14/07/2021 17:46:56,3,1090,120,3,1,4510
14/07/2021 17:47:12,3,1090,120,3,1,4510
14/07/2021 17:47:28,3,1110,120,3,1,4170
14/07/2021 17:47:44,3,1130,120,3,1,4170
14/07/2021 17:48:00,3,1150,120,3,1,4140
14/07/2021 17:48:16,3,1160,120,3,1,4140
14/07/2021 17:48:32,3,1170,120,3,1,4140
14/07/2021 17:48:48,3,1140,120,3,2,4270
14/07/2021 17:49:04,3,1110,120,3,2,4270
14/07/2021 17:49:20,3,1110,120,3,2,4150
14/07/2021 17:49:36,3,1110,120,3,2,4150
14/07/2021 17:49:52,3,1120,120,3,1,4150
14/07/2021 17:50:08,3,1120,120,3,1,4150
14/07/2021 17:50:24,3,1120,120,3,1,4150
14/07/2021 17:50:40,3,1110,120,3,1,4150
14/07/2021 17:50:56,3,1100,120,3,1,4150
14/07/2021 17:51:12,3,1110,120,3,1,4130
14/07/2021 17:51:28,3,1120,120,3,1,4130
14/07/2021 17:51:44,3,1150,120,3,1,4180
14/07/2021 17:52:00,3,1170,120,3,1,4180
14/07/2021 17:52:16,3,1200,120,3,1,4150
14/07/2021 17:52:32,3,1220,120,3,1,4150
14/07/2021 17:52:48,3,1270,120,3,1,4130
14/07/2021 17:53:04,3,1300,120,3,1,4130
14/07/2021 17:53:20,3,1320,120,3,1,4130
14/07/2021 17:53:36,3,1410,120,3,1,4100
14/07/2021 17:53:52,3,1440,120,3,1,4100
14/07/2021 17:54:08,3,1580,120,3,1,4080
14/07/2021 17:54:24,3,1590,120,3,1,4080
14/07/2021 17:54:40,3,1610,120,3,2,4070
14/07/2021 17:54:56,3,1630,120,3,2,4070
14/07/2021 17:55:12,3,1640,120,3,2,4040
14/07/2021 17:55:28,3,1640,120,3,2,4040
14/07/2021 17:55:44,3,1640,120,3,2,4040
14/07/2021 17:56:00,3,-999,120,3,2,3990
14/07/2021 17:56:16,3,-999,120,3,2,3990
14/07/2021 17:56:32,3,-999,120,3,2,3970
14/07/2021 17:56:48,3,-999,120,3,2,3970
14/07/2021 17:57:04,3,-999,120,3,2,3970
14/07/2021 17:57:20,3,-999,120,3,2,3970
14/07/2021 17:57:36,3,-999,120,3,3,3970
14/07/2021 17:57:52,3,-999,120,3,3,3970
14/07/2021 17:58:08,3,-999,120,3,3,3970
14/07/2021 17:58:24,3,-999,120,3,3,3990
14/07/2021 17:58:40,3,-999,120,3,3,3990
14/07/2021 17:58:56,3,-999,120,3,3,3910
14/07/2021 17:59:12,3,-999,120,3,3,3910
14/07/2021 17:59:28,3,-999,120,3,2,3910
14/07/2021 17:59:44,3,-999,120,3,2,3910
14/07/2021 18:00:00,1,-999,120,3,2,3860
14/07/2021 18:00:16,1,-999,120,3,2,3860
14/07/2021 18:00:32,1,-999,120,3,2,3860
14/07/2021 18:00:48,1,-999,120,3,2,3860
14/07/2021 18:01:04,1,-999,120,3,2,3860
14/07/2021 18:01:20,1,-999,120,3,1,3880
14/07/2021 18:01:36,1,-999,120,3,1,3880
14/07/2021 18:01:52,1,-999,120,3,1,3880
14/07/2021 18:02:08,1,-999,120,3,1,3880
14/07/2021 18:02:24,1,-999,120,3,1,3860
14/07/2021 18:02:40,1,-999,120,3,1,3860
14/07/2021 18:02:56,1,-999,120,3,1,3860
14/07/2021 18:03:12,1,-999,120,3,1,3830
14/07/2021 18:03:28,1,-999,120,3,1,3830
14/07/2021 18:03:44,1,-999,120,3,1,3820
14/07/2021 18:04:00,1,-999,120,3,1,3820
14/07/2021 18:04:16,1,-999,120,3,1,3840
14/07/2021 18:04:32,1,-999,120,3,1,3840
14/07/2021 18:04:48,1,-999,120,3,1,3870
14/07/2021 18:05:04,1,-999,120,3,1,3870
14/07/2021 18:05:20,1,-999,120,3,1,3870
14/07/2021 18:05:36,1,-999,120,3,1,3870
14/07/2021 18:05:52,1,-999,120,3,1,3870
14/07/2021 18:06:08,1,-999,120,3,1,3900
14/07/2021 18:06:24,1,-999,120,3,1,3900
14/07/2021 18:06:40,1,-999,120,3,1,3840
14/07/2021 18:06:56,1,-999,120,3,1,3840
14/07/2021 18:07:12,1,-999,120,3,1,3830
14/07/2021 18:07:28,1,-999,120,3,1,3830
14/07/2021 18:07:44,1,-999,120,3,1,3830
14/07/2021 18:08:00,1,-999,120,3,1,3810
14/07/2021 18:08:16,1,-999,120,3,1,3810
14/07/2021 18:08:32,1,-999,120,3,1,3730
14/07/2021 18:08:48,1,-999,120,3,1,3730
14/07/2021 18:09:04,1,-999,120,3,1,3730
14/07/2021 18:09:20,1,-999,120,3,1,3730
14/07/2021 18:09:36,1,-999,120,3,1,3740
14/07/2021 18:09:52,1,-999,120,3,1,3740
14/07/2021 18:10:08,1,3910,120,3,1,3740
14/07/2021 18:10:24,1,3910,120,3,1,3670
14/07/2021 18:10:40,1,3900,120,3,1,3670
14/07/2021 18:10:56,1,3900,120,3,1,3470
14/07/2021 18:11:12,1,3900,120,3,1,3470
14/07/2021 18:11:28,1,3900,120,3,1,3460
14/07/2021 18:11:44,1,3900,120,3,1,3460
14/07/2021 18:12:00,1,-999,120,3,1,3380
14/07/2021 18:12:16,1,-999,120,3,1,3380
14/07/2021 18:12:32,1,-999,120,3,1,3380
14/07/2021 18:12:48,1,-999,120,3,1,3380
14/07/2021 18:13:04,1,3610,120,3,1,3380
14/07/2021 18:13:20,1,3630,120,3,1,3410
14/07/2021 18:13:36,1,3630,120,3,1,3410
14/07/2021 18:13:52,1,3630,120,3,1,3410
14/07/2021 18:14:08,1,3630,120,3,1,3410
14/07/2021 18:14:24,1,3630,120,3,1,3410
14/07/2021 18:14:40,1,3640,120,3,1,3410
14/07/2021 18:14:56,1,3640,120,3,1,3410
14/07/2021 18:15:12,1,3630,120,3,1,3410
14/07/2021 18:15:28,1,3630,120,3,1,3410
14/07/2021 18:15:44,1,3630,120,3,3,3440
14/07/2021 18:16:00,1,3650,120,3,3,3440
14/07/2021 18:16:16,1,3650,120,3,1,3830
14/07/2021 18:16:32,1,3650,120,3,1,3830
14/07/2021 18:16:48,1,3650,120,3,1,3860
14/07/2021 18:17:04,1,3650,120,3,1,3860
14/07/2021 18:17:20,1,3960,120,3,1,3860
14/07/2021 18:17:36,1,3990,120,3,1,3860
14/07/2021 18:17:52,1,3990,120,3,1,3860
14/07/2021 18:18:08,1,4000,120,3,1,3860
14/07/2021 18:18:24,1,4000,120,3,1,3860
14/07/2021 18:18:40,1,4000,120,3,1,3860
14/07/2021 18:18:56,1,4000,120,3,1,3860
14/07/2021 18:19:12,1,4000,120,3,1,3860
14/07/2021 18:19:28,1,4000,120,3,1,3860
14/07/2021 18:19:44,1,4000,120,3,1,3860
14/07/2021 18:20:00,1,4000,120,3,1,3880
14/07/2021 18:20:16,1,4000,120,3,1,3880
14/07/2021 18:20:32,1,4000,120,3,1,3870
14/07/2021 18:20:48,1,-999,120,3,1,3870
14/07/2021 18:21:04,1,-999,120,3,1,3920
14/07/2021 18:21:20,1,-999,120,3,1,3920
14/07/2021 18:21:36,1,-999,120,3,1,3900
14/07/2021 18:21:52,1,-999,120,3,1,3900
14/07/2021 18:22:08,1,-999,120,3,1,3900
14/07/2021 18:22:24,1,-999,120,3,1,3880
14/07/2021 18:22:40,1,-999,120,3,1,3880
14/07/2021 18:22:56,1,-999,120,3,1,3890
14/07/2021 18:23:12,1,-999,120,3,1,3890
14/07/2021 18:23:28,1,-999,120,3,1,3920
14/07/2021 18:23:44,1,-999,120,3,1,3920
14/07/2021 18:24:00,1,-999,120,3,1,3950
14/07/2021 18:24:16,1,-999,120,3,1,3950
14/07/2021 18:24:32,1,-999,120,3,1,3950
14/07/2021 18:24:48,1,-999,120,3,1,3960
14/07/2021 18:25:04,1,-999,120,3,1,3960
14/07/2021 18:25:20,1,-999,120,3,1,3990
14/07/2021 18:25:36,1,-999,120,3,1,3990
14/07/2021 18:25:52,1,-999,120,3,1,3990
14/07/2021 18:26:08,1,-999,120,3,1,3990
14/07/2021 18:26:24,1,-999,120,3,1,4000
14/07/2021 18:26:40,1,-999,120,3,1,4000
14/07/2021 18:26:56,1,-999,120,3,1,4000
14/07/2021 18:27:12,1,220,120,3,1,4040
14/07/2021 18:27:28,1,220,120,3,1,4040
14/07/2021 18:27:44,1,230,120,3,1,4040
14/07/2021 18:28:00,1,220,120,3,1,4040
14/07/2021 18:28:16,1,230,120,3,1,4050
14/07/2021 18:28:32,1,230,120,3,1,4050
14/07/2021 18:28:48,1,230,120,3,2,4110
14/07/2021 18:29:04,1,230,120,3,2,4110
14/07/2021 18:29:20,1,230,120,3,2,4110
14/07/2021 18:29:36,1,230,120,3,2,4460
14/07/2021 18:29:52,1,230,120,3,2,4460
14/07/2021 18:30:08,1,230,120,3,1,4330
14/07/2021 18:30:24,1,240,120,3,1,4330
14/07/2021 18:30:40,1,240,120,3,2,4200
14/07/2021 18:30:56,1,240,120,3,2,4200
14/07/2021 18:31:12,1,240,120,3,2,4160
14/07/2021 18:31:28,1,240,120,3,2,4160
14/07/2021 18:31:44,1,240,120,3,2,4160
14/07/2021 18:32:00,1,240,120,3,2,4250
14/07/2021 18:32:16,1,240,120,3,2,4250
14/07/2021 18:32:32,1,-999,120,3,3,3500
14/07/2021 18:32:48,1,-999,120,3,3,3500
14/07/2021 18:33:04,1,-999,120,3,2,3510
14/07/2021 18:33:20,1,-999,120,3,2,3510
14/07/2021 18:33:36,1,3670,120,3,1,3480
14/07/2021 18:33:52,1,3670,120,3,1,3480
14/07/2021 18:34:08,1,3670,120,3,1,3480
14/07/2021 18:34:24,1,3670,120,3,1,3540
14/07/2021 18:34:40,1,3670,120,3,1,3540
14/07/2021 18:34:56,1,3720,120,3,1,3550
14/07/2021 18:35:12,1,3720,120,3,1,3550
14/07/2021 18:35:28,1,3720,120,3,1,3550
14/07/2021 18:35:44,1,3720,120,3,1,3550
14/07/2021 18:36:00,1,3740,120,3,1,3570
14/07/2021 18:36:16,1,3740,120,3,1,3570
14/07/2021 18:36:32,1,3750,120,3,1,3570
14/07/2021 18:36:48,1,3750,120,3,2,3050
14/07/2021 18:37:04,1,3750,120,3,2,3050
14/07/2021 18:37:20,1,3770,120,3,1,3130
14/07/2021 18:37:36,1,3770,120,3,1,3130
14/07/2021 18:37:52,1,3770,120,3,1,3230
14/07/2021 18:38:08,1,3770,120,3,1,3230
14/07/2021 18:38:24,1,3770,120,3,1,3290
14/07/2021 18:38:40,1,3770,120,3,1,3290
14/07/2021 18:38:56,1,-999,120,3,1,3290
14/07/2021 18:39:12,1,-999,120,3,1,3350
14/07/2021 18:39:28,1,-999,120,3,1,3350
14/07/2021 18:39:44,1,-999,120,3,1,3380
14/07/2021 18:40:00,1,-999,120,3,1,3380
14/07/2021 18:40:16,1,-999,120,3,1,3360
14/07/2021 18:40:32,1,-999,120,3,1,3360
14/07/2021 18:40:48,1,-999,120,3,1,3500
14/07/2021 18:41:04,1,-999,120,3,1,3500
14/07/2021 18:41:20,1,-999,120,3,1,3500
14/07/2021 18:41:36,1,-999,120,3,1,3610
14/07/2021 18:41:52,1,-999,120,3,1,3610
14/07/2021 18:42:08,1,-999,120,3,1,3610
14/07/2021 18:42:24,1,-999,120,3,1,3610
14/07/2021 18:42:40,1,-999,120,3,1,3580
14/07/2021 18:42:56,1,-999,120,3,1,3580
14/07/2021 18:43:12,1,-999,120,3,1,3550
14/07/2021 18:43:28,1,3780,120,3,1,3550
14/07/2021 18:43:44,1,3780,120,3,1,3550
14/07/2021 18:44:00,1,3780,120,3,1,3530
14/07/2021 18:44:16,1,3770,120,3,1,3530
14/07/2021 18:44:32,1,3780,120,3,1,3530
14/07/2021 18:44:48,1,3780,120,3,1,3530
14/07/2021 18:45:04,1,3770,120,3,1,3560
14/07/2021 18:45:20,1,3770,120,3,1,3560
14/07/2021 18:45:36,1,3770,120,3,2,3580
14/07/2021 18:45:52,1,3770,120,3,2,3580
14/07/2021 18:46:08,1,3770,120,3,2,3580
14/07/2021 18:46:24,1,3770,120,3,1,3990
14/07/2021 18:46:40,1,-999,120,3,1,3990
14/07/2021 18:46:56,1,310,120,3,2,4090
14/07/2021 18:47:12,1,310,120,3,2,4090
14/07/2021 18:47:28,1,320,120,3,1,4370
14/07/2021 18:47:44,1,320,120,3,1,4370
14/07/2021 18:48:00,1,320,120,3,1,4280
14/07/2021 18:48:16,1,320,120,3,1,4280
14/07/2021 18:48:32,1,320,120,3,1,4280
14/07/2021 18:48:48,1,320,120,3,2,4030
14/07/2021 18:49:04,1,320,120,3,2,4030
14/07/2021 18:49:20,1,-999,120,3,1,3950
14/07/2021 18:49:36,1,-999,120,3,1,3950
14/07/2021 18:49:52,1,3210,120,3,1,3850
14/07/2021 18:50:08,1,3210,120,3,1,3850
14/07/2021 18:50:24,1,3210,120,3,1,3830
14/07/2021 18:50:40,1,3210,120,3,1,3830
14/07/2021 18:50:56,1,3210,120,3,1,3830
14/07/2021 18:51:12,1,3210,120,3,1,3810
14/07/2021 18:51:28,1,3210,120,3,1,3810
14/07/2021 18:51:44,1,3210,120,3,1,3750
14/07/2021 18:52:00,1,3210,120,3,1,3750
14/07/2021 18:52:16,1,3210,120,3,1,3730
14/07/2021 18:52:32,1,3210,120,3,1,3730
14/07/2021 18:52:48,1,3210,120,3,2,3740
14/07/2021 18:53:04,1,3210,120,3,2,3740
14/07/2021 18:53:20,1,3210,120,3,2,3740
14/07/2021 18:53:36,1,360,120,3,1,4210
14/07/2021 18:53:52,1,360,120,3,1,4210
14/07/2021 18:54:08,1,370,120,3,1,4180
14/07/2021 18:54:24,1,370,120,3,1,4180
14/07/2021 18:54:40,1,370,120,3,1,4100
14/07/2021 18:54:56,1,370,120,3,1,4100
14/07/2021 18:55:12,1,370,120,3,1,4100
14/07/2021 18:55:28,1,380,120,3,1,4100
14/07/2021 18:55:44,1,380,120,3,1,4100
14/07/2021 18:56:00,1,380,120,3,1,4080
14/07/2021 18:56:16,1,380,120,3,1,4080
14/07/2021 18:56:32,1,-999,120,3,2,3170
14/07/2021 18:56:48,1,-999,120,3,2,3170
14/07/2021 18:57:04,1,-999,120,3,2,3190
14/07/2021 18:57:20,1,-999,120,3,2,3190
14/07/2021 18:57:36,1,-999,120,3,1,3450
14/07/2021 18:57:52,1,-999,120,3,1,3450
14/07/2021 18:58:08,1,-999,120,3,1,3450
14/07/2021 18:58:24,1,-999,120,3,2,3070
14/07/2021 18:58:40,1,-999,120,3,2,3070
14/07/2021 18:58:56,1,-999,120,3,1,3040
14/07/2021 18:59:12,1,-999,120,3,1,3040
14/07/2021 18:59:28,1,-999,120,3,1,2960
14/07/2021 18:59:44,1,-999,120,3,1,2960
14/07/2021 19:00:00,1,-999,3740,3,1,2960
14/07/2021 19:00:16,1,-999,3740,3,1,2960
14/07/2021 19:00:32,1,-999,3740,3,1,2960
14/07/2021 19:00:48,1,3220,3740,3,1,2980
14/07/2021 19:01:04,1,3220,3740,3,1,2980
14/07/2021 19:01:20,1,3220,3740,3,1,3050
14/07/2021 19:01:36,1,3220,3740,3,1,3050
14/07/2021 19:01:52,1,3210,3740,3,1,2990
14/07/2021 19:02:08,1,3210,3740,3,1,2990
14/07/2021 19:02:24,1,3210,3740,3,1,2980
14/07/2021 19:02:40,1,3210,3740,3,1,2980
14/07/2021 19:02:56,1,3180,3740,3,1,2980
14/07/2021 19:03:12,1,3180,3740,3,1,2950
14/07/2021 19:03:28,1,3170,3740,3,1,2950
14/07/2021 19:03:44,1,3170,3740,3,1,2930
14/07/2021 19:04:00,1,3170,3740,3,1,2930
14/07/2021 19:04:16,1,3170,3740,3,1,2920
14/07/2021 19:04:32,1,3170,3740,3,1,2920
14/07/2021 19:04:48,1,3160,3740,3,1,2910
14/07/2021 19:05:04,1,3160,3740,3,1,2910
14/07/2021 19:05:20,1,3160,3740,3,1,2910
14/07/2021 19:05:36,1,3140,3740,3,1,2940
14/07/2021 19:05:52,1,3140,3740,3,1,2940
14/07/2021 19:06:08,1,3140,3740,3,1,2860
14/07/2021 19:06:24,1,3120,3740,3,1,2860
14/07/2021 19:06:40,1,3120,3740,3,1,2920
14/07/2021 19:06:56,1,3120,3740,3,1,2920
14/07/2021 19:07:12,1,3120,3740,3,1,2950
14/07/2021 19:07:28,1,3120,3740,3,1,2950
14/07/2021 19:07:44,1,3140,3740,3,1,2950
14/07/2021 19:08:00,1,3140,3740,3,1,2950
14/07/2021 19:08:16,1,3140,3740,3,1,2950
14/07/2021 19:08:32,1,3160,3740,3,1,2960
14/07/2021 19:08:48,1,3160,3740,3,1,2960
14/07/2021 19:09:04,1,3160,3740,3,2,2990
14/07/2021 19:09:20,1,3160,3740,3,2,2990
14/07/2021 19:09:36,1,3160,3740,3,2,3310
14/07/2021 19:09:52,1,3160,3740,3,2,3310
14/07/2021 19:10:08,1,3160,3740,3,2,3310
14/07/2021 19:10:24,1,3160,3740,3,1,3840
14/07/2021 19:10:40,1,3170,3740,3,1,3840
14/07/2021 19:10:56,1,3170,3740,3,2,3820
14/07/2021 19:11:12,1,3170,3740,3,2,3820
14/07/2021 19:11:28,1,360,3740,3,2,4060
14/07/2021 19:11:44,1,350,3740,3,2,4060
14/07/2021 19:12:00,1,-999,3740,3,2,3830
14/07/2021 19:12:16,1,-999,3740,3,2,3830
14/07/2021 19:12:32,1,-999,3740,3,2,3830
14/07/2021 19:12:48,1,-999,3740,3,1,3790
14/07/2021 19:13:04,1,-999,3740,3,1,3790
14/07/2021 19:13:20,1,-999,3740,3,1,3770
14/07/2021 19:13:36,1,-999,3740,3,1,3770
14/07/2021 19:13:52,1,-999,3740,3,1,3750
14/07/2021 19:14:08,1,-999,3740,3,1,3750
14/07/2021 19:14:24,1,-999,3740,3,1,3760
14/07/2021 19:14:40,1,-999,3740,3,1,3760
14/07/2021 19:14:56,1,3960,3740,3,1,3760
14/07/2021 19:15:12,1,3960,3740,3,1,3760
14/07/2021 19:15:28,1,2770,3740,3,1,3760
14/07/2021 19:15:44,1,2770,3740,3,1,3710
14/07/2021 19:16:00,1,2760,3740,3,1,3710
14/07/2021 19:16:16,1,2760,3740,3,1,3710
14/07/2021 19:16:32,1,2760,3740,3,1,3710
14/07/2021 19:16:48,1,2760,3740,3,2,3350
14/07/2021 19:17:04,1,2760,3740,3,2,3350
14/07/2021 19:17:20,1,2760,3740,3,2,3350
14/07/2021 19:17:36,1,2760,3740,3,2,3350
14/07/2021 19:17:52,1,2760,3740,3,2,3350
14/07/2021 19:18:08,1,-999,3740,3,1,3750
14/07/2021 19:18:24,1,-999,3740,3,1,3750
14/07/2021 19:18:40,1,-999,3740,3,1,3870
14/07/2021 19:18:56,1,-999,3740,3,1,3870
14/07/2021 19:19:12,1,-999,3740,3,1,3820
14/07/2021 19:19:28,1,-999,3740,3,1,3820
14/07/2021 19:19:44,1,-999,3740,3,1,3820
14/07/2021 19:20:00,1,-999,3740,3,1,3840
14/07/2021 19:20:16,1,-999,3740,3,1,3840
14/07/2021 19:20:32,1,-999,3740,3,1,3840
14/07/2021 19:20:48,1,-999,3740,3,1,3840
14/07/2021 19:21:04,1,-999,3740,3,1,3810
14/07/2021 19:21:20,1,3980,3740,3,1,3810
14/07/2021 19:21:36,1,3970,3740,3,1,3780
14/07/2021 19:21:52,1,3970,3740,3,1,3780
14/07/2021 19:22:08,1,3970,3740,3,1,3780
14/07/2021 19:22:24,1,3970,3740,3,1,3760
14/07/2021 19:22:40,1,3970,3740,3,1,3760
14/07/2021 19:22:56,1,3970,3740,3,1,3710
14/07/2021 19:23:12,1,3950,3740,3,1,3710
14/07/2021 19:23:28,1,3950,3740,3,1,3690
14/07/2021 19:23:44,1,3950,3740,3,1,3690
14/07/2021 19:24:00,1,3910,3740,3,1,3710
14/07/2021 19:24:16,1,3910,3740,3,1,3710
14/07/2021 19:24:32,1,3910,3740,3,1,3710
14/07/2021 19:24:48,1,3900,3740,3,1,3680
14/07/2021 19:25:04,1,3900,3740,3,1,3680
14/07/2021 19:25:20,1,3900,3740,3,2,3560
14/07/2021 19:25:36,1,3900,3740,3,2,3560
14/07/2021 19:25:52,1,3900,3740,3,1,3540
14/07/2021 19:26:08,1,3870,3740,3,1,3540
14/07/2021 19:26:24,1,3870,3740,3,1,3650
14/07/2021 19:26:40,1,3870,3740,3,1,3650
14/07/2021 19:26:56,1,3900,3740,3,1,3650
14/07/2021 19:27:12,1,3900,3740,3,1,3800
14/07/2021 19:27:28,1,3870,3740,3,1,3800
14/07/2021 19:27:44,1,3870,3740,3,1,3810
14/07/2021 19:28:00,1,3870,3740,3,1,3810
14/07/2021 19:28:16,1,3870,3740,3,1,3900
14/07/2021 19:28:32,1,-999,3740,3,1,3900
14/07/2021 19:28:48,1,-999,3740,3,1,3880
14/07/2021 19:29:04,1,-999,3740,3,1,3880
14/07/2021 19:29:20,1,-999,3740,3,1,3880
14/07/2021 19:29:36,1,-999,3740,3,1,3880
14/07/2021 19:29:52,1,-999,3740,3,1,3880
14/07/2021 19:30:08,1,-999,3740,3,2,3390
14/07/2021 19:30:24,1,-999,3740,3,2,3390
14/07/2021 19:30:40,1,-999,3740,3,1,3370
14/07/2021 19:30:56,1,-999,3740,3,1,3370
14/07/2021 19:31:12,1,-999,3740,3,2,3430
14/07/2021 19:31:28,1,-999,3740,3,2,3430
14/07/2021 19:31:44,1,-999,3740,3,2,3430
14/07/2021 19:32:00,1,-999,3740,3,1,3370
14/07/2021 19:32:16,1,-999,3740,3,1,3370
14/07/2021 19:32:32,1,-999,3740,3,1,3330
14/07/2021 19:32:48,1,3510,3740,3,1,3330
14/07/2021 19:33:04,1,3510,3740,3,1,3320
14/07/2021 19:33:20,1,3510,3740,3,1,3320
14/07/2021 19:33:36,1,3460,3740,3,2,3320
14/07/2021 19:33:52,1,3460,3740,3,2,3320
14/07/2021 19:34:08,1,3460,3740,3,2,3320
14/07/2021 19:34:24,1,3460,3740,3,2,3320
14/07/2021 19:34:40,1,3460,3740,3,2,3320
14/07/2021 19:34:56,1,310,3740,3,1,4070
14/07/2021 19:35:12,1,310,3740,3,1,4070
14/07/2021 19:35:28,1,310,3740,3,1,4090
14/07/2021 19:35:44,1,310,3740,3,1,4090
14/07/2021 19:36:00,1,300,3740,3,1,4110
14/07/2021 19:36:16,1,300,3740,3,1,4110
14/07/2021 19:36:32,1,300,3740,3,1,4110
14/07/2021 19:36:48,1,300,3740,3,1,4160
14/07/2021 19:37:04,1,300,3740,3,1,4160
14/07/2021 19:37:20,1,300,3740,3,3,4210
14/07/2021 19:37:36,1,300,3740,3,3,4210
14/07/2021 19:37:52,1,290,3740,3,1,4500
14/07/2021 19:38:08,1,290,3740,3,1,4500
14/07/2021 19:38:24,1,290,3740,3,1,4330
14/07/2021 19:38:40,1,290,3740,3,1,4330
14/07/2021 19:38:56,1,290,3740,3,1,4330
14/07/2021 19:39:12,1,290,3740,3,1,4330
14/07/2021 19:39:28,1,290,3740,3,1,4330
14/07/2021 19:39:44,1,290,3740,3,1,4310
14/07/2021 19:40:00,1,290,3740,3,1,4310
14/07/2021 19:40:16,1,290,3740,3,1,4350
14/07/2021 19:40:32,1,290,3740,3,1,4350
14/07/2021 19:40:48,1,290,3740,3,1,4310
14/07/2021 19:41:04,1,290,3740,3,1,4310
14/07/2021 19:41:20,1,290,3740,3,1,4310
14/07/2021 19:41:36,1,290,3740,3,1,4310
14/07/2021 19:41:52,1,290,3740,3,1,4310
14/07/2021 19:42:08,1,290,3740,3,1,4370
14/07/2021 19:42:24,1,290,3740,3,1,4370
14/07/2021 19:42:40,1,290,3740,3,1,4200
14/07/2021 19:42:56,1,290,3740,3,1,4200
14/07/2021 19:43:12,1,290,3740,3,1,4160
14/07/2021 19:43:28,1,290,3740,3,1,4160
14/07/2021 19:43:44,1,290,3740,3,1,4160
14/07/2021 19:44:00,1,290,3740,3,1,4190
14/07/2021 19:44:16,1,290,3740,3,1,4190
14/07/2021 19:44:32,1,290,3740,3,1,4350
14/07/2021 19:44:48,1,290,3740,3,1,4350
14/07/2021 19:45:04,1,290,3740,3,1,4430
14/07/2021 19:45:20,1,290,3740,3,1,4430
14/07/2021 19:45:36,1,-999,3740,3,2,3260
14/07/2021 19:45:52,1,-999,3740,3,2,3260
14/07/2021 19:46:08,1,-999,3740,3,2,3260
14/07/2021 19:46:24,1,-999,3740,3,2,3230
14/07/2021 19:46:40,1,-999,3740,3,2,3230
14/07/2021 19:46:56,1,-999,3740,3,2,3170
14/07/2021 19:47:12,1,-999,3740,3,2,3170
14/07/2021 19:47:28,1,-999,3740,3,2,3200
14/07/2021 19:47:44,1,-999,3740,3,2,3200
14/07/2021 19:48:00,1,-999,3740,3,3,3220
14/07/2021 19:48:16,1,-999,3740,3,3,3220
14/07/2021 19:48:32,1,-999,3740,3,3,3220
14/07/2021 19:48:48,1,3410,3740,3,2,3260
14/07/2021 19:49:04,1,3410,3740,3,2,3260
14/07/2021 19:49:20,1,3410,3740,3,1,3260
14/07/2021 19:49:36,1,3420,3740,3,1,3260
14/07/2021 19:49:52,1,3420,3740,3,2,3290
14/07/2021 19:50:08,1,3420,3740,3,2,3290
14/07/2021 19:50:24,1,3410,3740,3,1,3120
14/07/2021 19:50:40,1,3380,3740,3,1,3120
14/07/2021 19:50:56,1,3380,3740,3,1,3120
14/07/2021 19:51:12,1,3380,3740,3,2,3230
14/07/2021 19:51:28,1,3380,3740,3,2,3230
14/07/2021 19:51:44,1,3380,3740,3,3,3160
14/07/2021 19:52:00,1,3380,3740,3,3,3160
14/07/2021 19:52:16,1,3380,3740,3,3,3150
14/07/2021 19:52:32,1,3380,3740,3,3,3150
14/07/2021 19:52:48,1,-999,3740,3,3,2770
14/07/2021 19:53:04,1,-999,3740,3,3,2770
14/07/2021 19:53:20,1,-999,3740,3,3,2770
14/07/2021 19:53:36,1,-999,3740,3,3,2760
14/07/2021 19:53:52,1,-999,3740,3,3,2760
14/07/2021 19:54:08,1,-999,3740,3,2,2940
14/07/2021 19:54:24,1,-999,3740,3,2,2940
14/07/2021 19:54:40,1,-999,3740,3,1,2930
14/07/2021 19:54:56,1,-999,3740,3,1,2930
14/07/2021 19:55:12,1,-999,3740,3,1,2910
14/07/2021 19:55:28,1,-999,3740,3,1,2910
14/07/2021 19:55:44,1,-999,3740,3,1,2910
14/07/2021 19:56:00,1,-999,3740,3,1,2880
14/07/2021 19:56:16,1,3080,3740,3,1,2880
14/07/2021 19:56:32,1,3080,3740,3,1,2860
14/07/2021 19:56:48,1,3080,3740,3,1,2860
14/07/2021 19:57:04,1,3080,3740,3,1,2880
14/07/2021 19:57:20,1,3080,3740,3,1,2880
14/07/2021 19:57:36,1,3100,3740,3,1,2950
14/07/2021 19:57:52,1,3100,3740,3,1,2950
14/07/2021 19:58:08,1,3100,3740,3,1,2950
14/07/2021 19:58:24,1,3110,3740,3,1,3000
14/07/2021 19:58:40,1,3110,3740,3,1,3000
14/07/2021 19:58:56,1,3110,3740,3,1,3070
14/07/2021 19:59:12,1,3110,3740,3,1,3070
14/07/2021 19:59:28,1,3110,3740,3,1,3110
14/07/2021 19:59:44,1,3130,3740,3,1,3110
14/07/2021 20:00:00,1,3130,290,3,2,3100
14/07/2021 20:00:16,1,-999,290,3,2,3100
14/07/2021 20:00:32,1,-999,290,3,2,3100
14/07/2021 20:00:48,1,-999,290,3,2,3100
14/07/2021 20:01:04,1,-999,290,3,2,3100
14/07/2021 20:01:20,1,320,290,3,1,4720
14/07/2021 20:01:36,1,320,290,3,1,4720
14/07/2021 20:01:52,1,320,290,3,1,4720
14/07/2021 20:02:08,1,320,290,3,1,4720
14/07/2021 20:02:24,1,320,290,3,1,4660
14/07/2021 20:02:40,1,320,290,3,1,4660
14/07/2021 20:02:56,1,320,290,3,1,4660
14/07/2021 20:03:12,1,320,290,3,1,4650
14/07/2021 20:03:28,1,320,290,3,1,4650
14/07/2021 20:03:44,1,320,290,3,1,4640
14/07/2021 20:04:00,1,320,290,3,1,4640
14/07/2021 20:04:16,1,320,290,3,1,4570
14/07/2021 20:04:32,1,320,290,3,1,4570
14/07/2021 20:04:48,1,320,290,3,1,4570
14/07/2021 20:05:04,1,320,290,3,1,4570
14/07/2021 20:05:20,1,320,290,3,1,4570
14/07/2021 20:05:36,1,320,290,3,1,4630
14/07/2021 20:05:52,1,320,290,3,1,4630
14/07/2021 20:06:08,1,-999,290,3,3,3820
14/07/2021 20:06:24,1,-999,290,3,3,3820
14/07/2021 20:06:40,1,-999,290,3,2,3790
14/07/2021 20:06:56,1,-999,290,3,2,3790
14/07/2021 20:07:12,1,320,290,3,2,4120
14/07/2021 20:07:28,1,320,290,3,2,4120
14/07/2021 20:07:44,1,330,290,3,2,4120
14/07/2021 20:08:00,1,330,290,3,1,4670
14/07/2021 20:08:16,1,330,290,3,1,4670
14/07/2021 20:08:32,1,330,290,3,1,4660
14/07/2021 20:08:48,1,330,290,3,1,4660
14/07/2021 20:09:04,1,330,290,3,1,4700
14/07/2021 20:09:20,1,330,290,3,1,4700
14/07/2021 20:09:36,1,330,290,3,2,4050
14/07/2021 20:09:52,1,330,290,3,2,4050
14/07/2021 20:10:08,1,330,290,3,2,4050
14/07/2021 20:10:24,1,330,290,3,1,4670
14/07/2021 20:10:40,1,330,290,3,1,4670
14/07/2021 20:10:56,1,330,290,3,1,4660
14/07/2021 20:11:12,1,330,290,3,1,4660
14/07/2021 20:11:28,1,330,290,3,1,4650
14/07/2021 20:11:44,1,330,290,3,1,4650
14/07/2021 20:12:00,1,330,290,3,1,4620
14/07/2021 20:12:16,1,330,290,3,1,4620
14/07/2021 20:12:32,1,330,290,3,1,4620
14/07/2021 20:12:48,1,330,290,3,1,4580
14/07/2021 20:13:04,1,330,290,3,1,4580
14/07/2021 20:13:20,1,330,290,3,1,4600
14/07/2021 20:13:36,1,330,290,3,1,4600
14/07/2021 20:13:52,1,330,290,3,1,4620
14/07/2021 20:14:08,1,330,290,3,1,4620
14/07/2021 20:14:24,1,330,290,3,1,4590
14/07/2021 20:14:40,1,330,290,3,1,4590
14/07/2021 20:14:56,1,330,290,3,1,4590
14/07/2021 20:15:12,1,330,290,3,1,4510
14/07/2021 20:15:28,1,330,290,3,1,4510
14/07/2021 20:15:44,1,330,290,3,1,4610
14/07/2021 20:16:00,1,330,290,3,1,4610
14/07/2021 20:16:16,1,330,290,3,1,4610
14/07/2021 20:16:32,1,330,290,3,1,4610
14/07/2021 20:16:48,1,330,290,3,1,4600
14/07/2021 20:17:04,1,330,290,3,1,4600
14/07/2021 20:17:20,1,330,290,3,1,4600
14/07/2021 20:17:36,1,330,290,3,1,4600
14/07/2021 20:17:52,1,330,290,3,1,4600
14/07/2021 20:18:08,1,330,290,3,1,4600
14/07/2021 20:18:24,1,330,290,3,1,4600
14/07/2021 20:18:40,1,330,290,3,1,4560
14/07/2021 20:18:56,1,330,290,3,1,4560
14/07/2021 20:19:12,1,330,290,3,1,4530
14/07/2021 20:19:28,1,330,290,3,1,4530
14/07/2021 20:19:44,1,330,290,3,1,4530
14/07/2021 20:20:00,1,-999,290,3,2,2890
14/07/2021 20:20:16,1,-999,290,3,2,2890
14/07/2021 20:20:32,1,-999,290,3,1,2860
14/07/2021 20:20:48,1,-999,290,3,1,2860
14/07/2021 20:21:04,1,-999,290,3,1,2820
14/07/2021 20:21:20,1,-999,290,3,1,2820
14/07/2021 20:21:36,1,-999,290,3,1,2860
14/07/2021 20:21:52,1,-999,290,3,1,2860
14/07/2021 20:22:08,1,-999,290,3,1,2860
14/07/2021 20:22:24,1,3060,290,3,1,2910
14/07/2021 20:22:40,1,3060,290,3,1,2910
14/07/2021 20:22:56,1,3060,290,3,1,2810
14/07/2021 20:23:12,1,3060,290,3,1,2810
14/07/2021 20:23:28,1,3060,290,3,1,2770
14/07/2021 20:23:44,1,3040,290,3,1,2770
14/07/2021 20:24:00,1,3040,290,3,1,2790
14/07/2021 20:24:16,1,3040,290,3,1,2790
14/07/2021 20:24:32,1,3040,290,3,1,2790
14/07/2021 20:24:48,1,3040,290,3,1,2840
14/07/2021 20:25:04,1,3040,290,3,1,2840
14/07/2021 20:25:20,1,3040,290,3,2,2890
14/07/2021 20:25:36,1,3040,290,3,2,2890
14/07/2021 20:25:52,1,3040,290,3,2,2940
14/07/2021 20:26:08,1,3040,290,3,2,2940
14/07/2021 20:26:24,1,3040,290,3,1,2870
14/07/2021 20:26:40,1,3040,290,3,1,2870
14/07/2021 20:26:56,1,3100,290,3,1,2870
14/07/2021 20:27:12,1,3100,290,3,1,2880
14/07/2021 20:27:28,1,3100,290,3,1,2880
14/07/2021 20:27:44,1,3100,290,3,1,2920
14/07/2021 20:28:00,1,3100,290,3,1,2920
14/07/2021 20:28:16,1,3100,290,3,1,2770
14/07/2021 20:28:32,1,3100,290,3,1,2770
14/07/2021 20:28:48,1,3100,290,3,1,2740
14/07/2021 20:29:04,1,3100,290,3,1,2740
14/07/2021 20:29:20,1,3100,290,3,1,2740
14/07/2021 20:29:36,1,3100,290,3,1,2750
14/07/2021 20:29:52,1,-999,290,3,1,2750
14/07/2021 20:30:08,1,3050,290,3,1,2800
14/07/2021 20:30:24,1,3050,290,3,1,2800
14/07/2021 20:30:40,1,3050,290,3,1,2860
14/07/2021 20:30:56,1,3050,290,3,1,2860
14/07/2021 20:31:12,1,3050,290,3,2,2970
14/07/2021 20:31:28,1,3050,290,3,2,2970
14/07/2021 20:31:44,1,-999,290,3,2,2970
14/07/2021 20:32:00,1,-999,290,3,2,3020
14/07/2021 20:32:16,1,-999,290,3,2,3020
14/07/2021 20:32:32,1,-999,290,3,2,3020
14/07/2021 20:32:48,1,-999,290,3,2,3020
14/07/2021 20:33:04,1,340,290,3,1,4440
14/07/2021 20:33:20,1,340,290,3,1,4440
14/07/2021 20:33:36,1,340,290,3,1,4470
14/07/2021 20:33:52,1,340,290,3,1,4470
14/07/2021 20:34:08,1,340,290,3,1,4470
14/07/2021 20:34:24,1,340,290,3,1,4500
14/07/2021 20:34:40,1,340,290,3,1,4500
14/07/2021 20:34:56,1,340,290,3,1,4580
14/07/2021 20:35:12,1,340,290,3,1,4580
14/07/2021 20:35:28,1,340,290,3,1,4630
14/07/2021 20:35:44,1,340,290,3,1,4630
14/07/2021 20:36:00,1,330,290,3,1,4650
14/07/2021 20:36:16,1,330,290,3,1,4650
14/07/2021 20:36:32,1,330,290,3,1,4650
14/07/2021 20:36:48,1,330,290,3,1,4680
14/07/2021 20:37:04,1,330,290,3,1,4680
14/07/2021 20:37:20,1,330,290,3,1,4650
14/07/2021 20:37:36,1,330,290,3,1,4650
14/07/2021 20:37:52,1,330,290,3,1,4730
14/07/2021 20:38:08,1,330,290,3,1,4730
14/07/2021 20:38:24,1,330,290,3,1,4730
14/07/2021 20:38:40,1,330,290,3,1,4730
14/07/2021 20:38:56,1,320,290,3,1,4730
14/07/2021 20:39:12,1,320,290,3,1,4750
14/07/2021 20:39:28,1,320,290,3,1,4750
14/07/2021 20:39:44,1,320,290,3,1,4760
14/07/2021 20:40:00,1,320,290,3,1,4760
14/07/2021 20:40:16,1,320,290,3,1,4810
14/07/2021 20:40:32,1,310,290,3,1,4810
14/07/2021 20:40:48,1,310,290,3,2,4290
14/07/2021 20:41:04,1,310,290,3,2,4290
14/07/2021 20:41:20,1,310,290,3,2,4290
14/07/2021 20:41:36,1,310,290,3,2,4300
14/07/2021 20:41:52,1,310,290,3,2,4300
14/07/2021 20:42:08,1,300,290,3,1,4180
14/07/2021 20:42:24,1,300,290,3,1,4180
14/07/2021 20:42:40,1,-999,290,3,1,3900
14/07/2021 20:42:56,1,-999,290,3,1,3900
14/07/2021 20:43:12,1,-999,290,3,1,3910
14/07/2021 20:43:28,1,-999,290,3,1,3910
14/07/2021 20:43:44,1,-999,290,3,1,3910
14/07/2021 20:44:00,1,-999,290,3,1,3860
14/07/2021 20:44:16,1,-999,290,3,1,3860
14/07/2021 20:44:32,1,-999,290,3,1,3890
14/07/2021 20:44:48,1,-999,290,3,1,3890
14/07/2021 20:45:04,1,270,290,3,2,4020
14/07/2021 20:45:20,1,270,290,3,2,4020
14/07/2021 20:45:36,1,270,290,3,1,4320
14/07/2021 20:45:52,1,270,290,3,1,4320
14/07/2021 20:46:08,1,260,290,3,1,4320
14/07/2021 20:46:24,1,260,290,3,2,4210
14/07/2021 20:46:40,1,260,290,3,2,4210
14/07/2021 20:46:56,1,260,290,3,2,4190
14/07/2021 20:47:12,1,260,290,3,2,4190
14/07/2021 20:47:28,1,260,290,3,2,4100
14/07/2021 20:47:44,1,250,290,3,2,4100
14/07/2021 20:48:00,1,250,290,3,1,4090
14/07/2021 20:48:16,1,250,290,3,1,4090
14/07/2021 20:48:32,1,250,290,3,1,4090
14/07/2021 20:48:48,1,240,290,3,1,4100
14/07/2021 20:49:04,1,240,290,3,1,4100
14/07/2021 20:49:20,1,240,290,3,1,4070
14/07/2021 20:49:36,1,240,290,3,1,4070
14/07/2021 20:49:52,1,240,290,3,2,4070
14/07/2021 20:50:08,1,240,290,3,2,4070
14/07/2021 20:50:24,1,230,290,3,1,4300
14/07/2021 20:50:40,1,230,290,3,1,4300
14/07/2021 20:50:56,1,230,290,3,1,4300
14/07/2021 20:51:12,1,230,290,3,2,4060
14/07/2021 20:51:28,1,230,290,3,2,4060
14/07/2021 20:51:44,1,230,290,3,1,4020
14/07/2021 20:52:00,1,220,290,3,1,4020
14/07/2021 20:52:16,1,220,290,3,1,4020
14/07/2021 20:52:32,1,220,290,3,1,4020
14/07/2021 20:52:48,1,-999,290,3,2,3570
14/07/2021 20:53:04,1,-999,290,3,2,3570
14/07/2021 20:53:20,1,-999,290,3,2,3570
14/07/2021 20:53:36,1,-999,290,3,1,3930
14/07/2021 20:53:52,1,-999,290,3,1,3930
14/07/2021 20:54:08,1,-999,290,3,1,3810
14/07/2021 20:54:24,1,-999,290,3,1,3810
14/07/2021 20:54:40,1,-999,290,3,1,3730
14/07/2021 20:54:56,1,-999,290,3,1,3730
14/07/2021 20:55:12,1,-999,290,3,1,3780
14/07/2021 20:55:28,1,-999,290,3,1,3780
14/07/2021 20:55:44,1,-999,290,3,1,3780
14/07/2021 20:56:00,1,-999,290,3,1,3830
14/07/2021 20:56:16,1,-999,290,3,1,3830
14/07/2021 20:56:32,1,3940,290,3,2,3610
14/07/2021 20:56:48,1,3940,290,3,2,3610
14/07/2021 20:57:04,1,3940,290,3,2,3640
14/07/2021 20:57:20,1,3940,290,3,2,3640
14/07/2021 20:57:36,1,210,290,3,1,4060
14/07/2021 20:57:52,1,210,290,3,1,4060
14/07/2021 20:58:08,1,200,290,3,1,4060
14/07/2021 20:58:24,1,3940,290,3,1,3860
14/07/2021 20:58:40,1,3940,290,3,1,3860
14/07/2021 20:58:56,1,-999,290,3,2,3470
14/07/2021 20:59:12,1,-999,290,3,2,3470
14/07/2021 20:59:28,1,-999,290,3,1,3480
14/07/2021 20:59:44,1,-999,290,3,1,3480
14/07/2021 21:00:00,1,-999,3050,3,1,3470
14/07/2021 21:00:16,1,-999,3050,3,1,3470
14/07/2021 21:00:32,1,-999,3050,3,1,3470
14/07/2021 21:00:48,1,-999,3050,3,2,3470
14/07/2021 21:01:04,1,-999,3050,3,2,3470
14/07/2021 21:01:20,1,-999,3050,3,2,3700
14/07/2021 21:01:36,1,-999,3050,3,2,3700
14/07/2021 21:01:52,1,200,3050,3,1,4080
14/07/2021 21:02:08,1,200,3050,3,1,4080
14/07/2021 21:02:24,1,200,3050,3,1,4130
14/07/2021 21:02:40,1,200,3050,3,1,4130
14/07/2021 21:02:56,1,200,3050,3,1,4130
14/07/2021 21:03:12,1,200,3050,3,1,4170
14/07/2021 21:03:28,1,200,3050,3,1,4170
14/07/2021 21:03:44,1,200,3050,3,1,4060
14/07/2021 21:04:00,1,190,3050,3,1,4060
14/07/2021 21:04:16,1,190,3050,3,1,4050
14/07/2021 21:04:32,1,200,3050,3,1,4050
14/07/2021 21:04:48,1,200,3050,3,1,4100
14/07/2021 21:05:04,1,190,3050,3,1,4100
14/07/2021 21:05:20,1,190,3050,3,1,4100
14/07/2021 21:05:36,1,190,3050,3,1,4130
14/07/2021 21:05:52,1,190,3050,3,1,4130
14/07/2021 21:06:08,1,-999,3050,3,1,3960
14/07/2021 21:06:24,1,-999,3050,3,1,3960
14/07/2021 21:06:40,1,190,3050,3,1,4040
14/07/2021 21:06:56,1,190,3050,3,1,4040
14/07/2021 21:07:12,1,190,3050,3,1,4110
14/07/2021 21:07:28,1,190,3050,3,1,4110
14/07/2021 21:07:44,1,190,3050,3,1,4110
14/07/2021 21:08:00,1,-999,3050,3,1,4000
14/07/2021 21:08:16,1,-999,3050,3,1,4000
14/07/2021 21:08:32,1,-999,3050,3,2,3800
14/07/2021 21:08:48,1,-999,3050,3,2,3800
14/07/2021 21:09:04,1,-999,3050,3,2,3810
14/07/2021 21:09:20,1,-999,3050,3,2,3810
14/07/2021 21:09:36,1,200,3050,3,1,4310
14/07/2021 21:09:52,1,200,3050,3,1,4310
14/07/2021 21:10:08,1,200,3050,3,1,4310
14/07/2021 21:10:24,1,-999,3050,3,2,3840
14/07/2021 21:10:40,1,3920,3050,3,2,3840
14/07/2021 21:10:56,1,3920,3050,3,1,3860
14/07/2021 21:11:12,1,3920,3050,3,1,3860
14/07/2021 21:11:28,1,3920,3050,3,1,3900
14/07/2021 21:11:44,1,3920,3050,3,1,3900
14/07/2021 21:12:00,1,3920,3050,3,1,3930
14/07/2021 21:12:16,1,3920,3050,3,1,3930
14/07/2021 21:12:32,1,3920,3050,3,1,3930
14/07/2021 21:12:48,1,-999,3050,3,1,3960
14/07/2021 21:13:04,1,-999,3050,3,1,3960
14/07/2021 21:13:20,1,-999,3050,3,1,3950
14/07/2021 21:13:36,1,-999,3050,3,1,3950
14/07/2021 21:13:52,1,200,3050,3,1,4020
14/07/2021 21:14:08,1,200,3050,3,1,4020
14/07/2021 21:14:24,1,200,3050,3,1,4110
14/07/2021 21:14:40,1,210,3050,3,1,4110
14/07/2021 21:14:56,1,210,3050,3,1,4110
14/07/2021 21:15:12,1,210,3050,3,2,4100
14/07/2021 21:15:28,1,210,3050,3,2,4100
14/07/2021 21:15:44,1,220,3050,3,1,4220
14/07/2021 21:16:00,1,220,3050,3,1,4220
14/07/2021 21:16:16,1,220,3050,3,1,4220
14/07/2021 21:16:32,1,220,3050,3,1,4220
14/07/2021 21:16:48,1,230,3050,3,1,4210
14/07/2021 21:17:04,1,230,3050,3,1,4210
14/07/2021 21:17:20,1,230,3050,3,1,4210
14/07/2021 21:17:36,1,240,3050,3,1,4290
14/07/2021 21:17:52,1,250,3050,3,1,4290
14/07/2021 21:18:08,1,240,3050,3,1,4250
14/07/2021 21:18:24,1,250,3050,3,1,4250
14/07/2021 21:18:40,1,240,3050,3,1,4250
14/07/2021 21:18:56,1,240,3050,3,1,4250
14/07/2021 21:19:12,1,240,3050,3,1,4270
14/07/2021 21:19:28,1,250,3050,3,1,4270
14/07/2021 21:19:44,1,260,3050,3,1,4270
14/07/2021 21:20:00,1,260,3050,3,1,4290
14/07/2021 21:20:16,1,260,3050,3,1,4290
14/07/2021 21:20:32,1,260,3050,3,1,4320
14/07/2021 21:20:48,1,270,3050,3,1,4320
14/07/2021 21:21:04,1,260,3050,3,1,4310
14/07/2021 21:21:20,1,270,3050,3,1,4310
14/07/2021 21:21:36,1,260,3050,3,1,4340
14/07/2021 21:21:52,1,270,3050,3,1,4340
14/07/2021 21:22:08,1,270,3050,3,1,4340
14/07/2021 21:22:24,1,270,3050,3,1,4330
14/07/2021 21:22:40,1,270,3050,3,1,4330
14/07/2021 21:22:56,1,270,3050,3,1,4340
14/07/2021 21:23:12,1,270,3050,3,1,4340
14/07/2021 21:23:28,1,290,3050,3,1,4360
14/07/2021 21:23:44,1,290,3050,3,1,4360
14/07/2021 21:24:00,1,300,3050,3,1,4370
14/07/2021 21:24:16,1,310,3050,3,1,4370
14/07/2021 21:24:32,1,320,3050,3,1,4370
14/07/2021 21:24:48,1,330,3050,3,1,4360
14/07/2021 21:25:04,1,340,3050,3,1,4360
14/07/2021 21:25:20,1,340,3050,3,1,4380
14/07/2021 21:25:36,1,340,3050,3,1,4380
14/07/2021 21:25:52,1,340,3050,3,1,4370
14/07/2021 21:26:08,1,340,3050,3,1,4370
14/07/2021 21:26:24,1,330,3050,3,1,4380
14/07/2021 21:26:40,1,340,3050,3,1,4380
14/07/2021 21:26:56,1,340,3050,3,1,4380
14/07/2021 21:27:12,1,330,3050,3,1,4380
14/07/2021 21:27:28,1,320,3050,3,1,4380
14/07/2021 21:27:44,1,310,3050,3,1,4390
14/07/2021 21:28:00,1,300,3050,3,1,4390
14/07/2021 21:28:16,1,300,3050,3,1,4410
14/07/2021 21:28:32,1,300,3050,3,1,4410
14/07/2021 21:28:48,1,300,3050,3,1,4410
14/07/2021 21:29:04,1,290,3050,3,1,4410
14/07/2021 21:29:20,1,290,3050,3,1,4410
14/07/2021 21:29:36,1,280,3050,3,1,4400
14/07/2021 21:29:52,1,270,3050,3,1,4400
14/07/2021 21:30:08,1,270,3050,3,0,-999
14/07/2021 21:30:24,1,270,3050,3,0,-999
14/07/2021 21:30:40,1,260,3050,3,0,-999
14/07/2021 21:30:56,1,260,3050,3,0,-999
14/07/2021 21:31:12,1,260,3050,3,0,-999
14/07/2021 21:31:28,1,260,3050,3,0,-999
14/07/2021 21:31:44,1,260,3050,3,0,-999
14/07/2021 21:32:00,1,250,3050,3,0,-999
14/07/2021 21:32:16,1,250,3050,3,0,-999
14/07/2021 21:32:32,1,250,3050,3,0,-999
14/07/2021 21:32:48,1,260,3050,3,0,-999
14/07/2021 21:33:04,1,250,3050,3,0,-999
14/07/2021 21:33:20,1,260,3050,3,0,-999
14/07/2021 21:33:36,1,260,3050,3,1,4490
14/07/2021 21:33:52,1,270,3050,3,1,4490
14/07/2021 21:34:08,1,280,3050,3,1,4490
14/07/2021 21:34:24,1,280,3050,3,1,4490
14/07/2021 21:34:40,1,300,3050,3,1,4490
14/07/2021 21:34:56,1,320,3050,3,1,4490
14/07/2021 21:35:12,1,340,3050,3,1,4490
14/07/2021 21:35:28,1,350,3050,3,1,4500
14/07/2021 21:35:44,1,380,3050,3,1,4500
14/07/2021 21:36:00,1,400,3050,3,1,4480
14/07/2021 21:36:16,1,410,3050,3,1,4480
14/07/2021 21:36:32,1,420,3050,3,1,4480
14/07/2021 21:36:48,1,450,3050,3,1,4600
14/07/2021 21:37:04,1,480,3050,3,1,4600
14/07/2021 21:37:20,1,520,3050,3,1,4600
14/07/2021 21:37:36,1,550,3050,3,1,4600
14/07/2021 21:37:52,1,590,3050,3,1,4600
14/07/2021 21:38:08,1,630,3050,3,1,4600
14/07/2021 21:38:24,1,670,3050,3,1,4600
14/07/2021 21:38:40,1,680,3050,3,1,4600
14/07/2021 21:38:56,1,700,3050,3,1,4600
14/07/2021 21:39:12,1,720,3050,3,1,4600
14/07/2021 21:39:28,1,720,3050,3,1,4600
14/07/2021 21:39:44,1,750,3050,3,1,4600
14/07/2021 21:40:00,1,760,3050,3,1,4600
14/07/2021 21:40:16,1,790,3050,3,1,4600
14/07/2021 21:40:32,1,810,3050,3,1,4600
14/07/2021 21:40:48,1,820,3050,3,1,4600
14/07/2021 21:41:04,1,870,3050,3,1,4600
14/07/2021 21:41:20,1,920,3050,3,1,4600
14/07/2021 21:41:36,1,980,3050,3,1,4600
14/07/2021 21:41:52,1,990,3050,3,1,4600
14/07/2021 21:42:08,1,990,3050,3,0,-999
14/07/2021 21:42:24,1,990,3050,3,0,-999
14/07/2021 21:42:40,1,990,3050,3,0,-999
14/07/2021 21:42:56,1,990,3050,3,0,-999
14/07/2021 21:43:12,1,990,3050,3,0,-999
14/07/2021 21:43:28,1,990,3050,3,0,-999
14/07/2021 21:43:44,1,990,3050,3,0,-999
14/07/2021 21:44:00,1,990,3050,3,0,-999
14/07/2021 21:44:16,1,990,3050,3,0,-999
14/07/2021 21:44:32,1,990,3050,3,0,-999
14/07/2021 21:44:48,1,990,3050,3,0,-999
14/07/2021 21:45:04,1,990,3050,3,0,-999
14/07/2021 21:45:20,1,990,3050,3,0,-999
14/07/2021 21:45:36,1,990,3050,3,0,-999
14/07/2021 21:45:52,1,990,3050,3,0,-999
14/07/2021 21:46:08,1,990,3050,3,0,-999
14/07/2021 21:46:24,1,990,3050,3,0,-999
14/07/2021 21:46:40,1,980,3050,3,0,-999
14/07/2021 21:46:56,1,980,3050,3,0,-999
14/07/2021 21:47:12,1,970,3050,3,0,-999
14/07/2021 21:47:28,1,970,3050,3,0,-999
14/07/2021 21:47:44,1,970,3050,3,0,-999
14/07/2021 21:48:00,1,970,3050,3,0,-999
14/07/2021 21:48:16,1,960,3050,3,0,-999
14/07/2021 21:48:32,1,960,3050,3,0,-999
14/07/2021 21:48:48,1,960,3050,3,0,-999
14/07/2021 21:49:04,1,960,3050,3,0,-999
14/07/2021 21:49:20,1,950,3050,3,0,-999
14/07/2021 21:49:36,1,950,3050,3,0,-999
14/07/2021 21:49:52,1,950,3050,3,0,-999
14/07/2021 21:50:08,1,950,3050,3,0,-999
14/07/2021 21:50:24,1,950,3050,3,0,-999
14/07/2021 21:50:40,1,950,3050,3,0,-999
14/07/2021 21:50:56,1,940,3050,3,0,-999
14/07/2021 21:51:12,1,940,3050,3,0,-999
14/07/2021 21:51:28,1,940,3050,3,0,-999
14/07/2021 21:51:44,1,940,3050,3,0,-999
14/07/2021 21:52:00,1,940,3050,3,0,-999
14/07/2021 21:52:16,1,940,3050,3,0,-999
14/07/2021 21:52:32,1,940,3050,3,0,-999
14/07/2021 21:52:48,1,940,3050,3,0,-999
14/07/2021 21:53:04,1,940,3050,3,0,-999
14/07/2021 21:53:20,1,940,3050,3,0,-999
14/07/2021 21:53:36,1,940,3050,3,0,-999
14/07/2021 21:53:52,1,940,3050,3,0,-999
14/07/2021 21:54:08,1,930,3050,3,0,-999
14/07/2021 21:54:24,1,930,3050,3,0,-999
14/07/2021 21:54:40,1,930,3050,3,0,-999
14/07/2021 21:54:56,1,920,3050,3,0,-999
14/07/2021 21:55:12,1,920,3050,3,0,-999
14/07/2021 21:55:28,1,920,3050,3,0,-999
14/07/2021 21:55:44,1,920,3050,3,0,-999
14/07/2021 21:56:00,1,890,3050,3,0,-999
14/07/2021 21:56:16,1,860,3050,3,0,-999
14/07/2021 21:56:32,1,850,3050,3,0,-999
14/07/2021 21:56:48,1,830,3050,3,0,-999
14/07/2021 21:57:04,1,810,3050,3,0,-999
14/07/2021 21:57:20,1,790,3050,3,0,-999
14/07/2021 21:57:36,1,760,3050,3,0,-999
14/07/2021 21:57:52,1,750,3050,3,0,-999
14/07/2021 21:58:08,1,730,3050,3,0,-999
14/07/2021 21:58:24,1,720,3050,3,0,-999
14/07/2021 21:58:40,1,700,3050,3,0,-999
14/07/2021 21:58:56,1,690,3050,3,0,-999
14/07/2021 21:59:12,1,680,3050,3,0,-999
14/07/2021 21:59:28,1,670,3050,3,0,-999
14/07/2021 21:59:44,1,660,3050,3,0,-999
14/07/2021 22:00:00,2,650,270,3,0,-999
14/07/2021 22:00:16,2,650,270,3,0,-999
14/07/2021 22:00:32,2,640,270,3,0,-999
14/07/2021 22:00:48,2,640,270,3,0,-999
14/07/2021 22:01:04,2,630,270,3,0,-999
14/07/2021 22:01:20,2,620,270,3,0,-999
14/07/2021 22:01:36,2,620,270,3,0,-999
14/07/2021 22:01:52,2,610,270,3,0,-999
14/07/2021 22:02:08,2,610,270,3,0,-999
14/07/2021 22:02:24,2,600,270,3,0,-999
14/07/2021 22:02:40,2,600,270,3,0,-999
14/07/2021 22:02:56,2,590,270,3,0,-999
14/07/2021 22:03:12,2,590,270,3,0,-999
14/07/2021 22:03:28,2,590,270,3,0,-999
14/07/2021 22:03:44,2,580,270,3,0,-999
14/07/2021 22:04:00,2,580,270,3,0,-999
14/07/2021 22:04:16,2,580,270,3,0,-999
14/07/2021 22:04:32,2,570,270,3,0,-999
14/07/2021 22:04:48,2,570,270,3,0,-999
14/07/2021 22:05:04,2,570,270,3,0,-999
14/07/2021 22:05:20,2,570,270,3,0,-999
14/07/2021 22:05:36,2,560,270,3,0,-999
14/07/2021 22:05:52,2,560,270,3,0,-999
14/07/2021 22:06:08,2,560,270,3,0,-999
14/07/2021 22:06:24,2,560,270,3,0,-999
14/07/2021 22:06:40,2,560,270,3,0,-999
14/07/2021 22:06:56,2,560,270,3,0,-999
14/07/2021 22:07:12,2,560,270,3,0,-999
14/07/2021 22:07:28,2,560,270,3,0,-999
14/07/2021 22:07:44,2,560,270,3,0,-999
14/07/2021 22:08:00,2,560,270,3,0,-999
14/07/2021 22:08:16,2,560,270,3,0,-999
14/07/2021 22:08:32,2,560,270,3,0,-999
14/07/2021 22:08:48,2,560,270,3,0,-999
14/07/2021 22:09:04,2,560,270,3,0,-999
14/07/2021 22:09:20,2,560,270,3,0,-999
14/07/2021 22:09:36,2,560,270,3,0,-999
14/07/2021 22:09:52,2,570,270,3,0,-999
14/07/2021 22:10:08,2,570,270,3,0,-999
14/07/2021 22:10:24,2,570,270,3,0,-999
14/07/2021 22:10:40,2,570,270,3,0,-999
14/07/2021 22:10:56,2,570,270,3,0,-999
14/07/2021 22:11:12,2,570,270,3,0,-999
14/07/2021 22:11:28,2,570,270,3,0,-999
14/07/2021 22:11:44,2,580,270,3,0,-999
14/07/2021 22:12:00,2,580,270,3,0,-999
14/07/2021 22:12:16,2,580,270,3,0,-999
14/07/2021 22:12:32,2,590,270,3,0,-999
14/07/2021 22:12:48,2,590,270,3,0,-999
14/07/2021 22:13:04,2,590,270,3,0,-999
14/07/2021 22:13:20,2,590,270,3,0,-999
14/07/2021 22:13:36,2,590,270,3,0,-999
14/07/2021 22:13:52,2,590,270,3,0,-999
14/07/2021 22:14:08,2,590,270,3,0,-999
14/07/2021 22:14:24,2,600,270,3,0,-999
14/07/2021 22:14:40,2,600,270,3,0,-999
14/07/2021 22:14:56,2,600,270,3,0,-999
14/07/2021 22:15:12,2,600,270,3,0,-999
14/07/2021 22:15:28,2,600,270,3,0,-999
14/07/2021 22:15:44,2,600,270,3,0,-999
14/07/2021 22:16:00,2,610,270,3,0,-999
14/07/2021 22:16:16,2,610,270,3,0,-999
14/07/2021 22:16:32,2,610,270,3,0,-999
14/07/2021 22:16:48,2,610,270,3,0,-999
14/07/2021 22:17:04,2,610,270,3,0,-999
14/07/2021 22:17:20,2,610,270,3,0,-999
14/07/2021 22:17:36,2,610,270,3,0,-999
14/07/2021 22:17:52,2,600,270,3,0,-999
14/07/2021 22:18:08,2,600,270,3,0,-999
14/07/2021 22:18:24,2,600,270,3,0,-999
14/07/2021 22:18:40,2,600,270,3,0,-999
14/07/2021 22:18:56,2,600,270,3,0,-999
14/07/2021 22:19:12,2,600,270,3,0,-999
14/07/2021 22:19:28,2,590,270,3,0,-999
14/07/2021 22:19:44,2,590,270,3,0,-999
14/07/2021 22:20:00,2,590,270,3,0,-999
14/07/2021 22:20:16,2,590,270,3,0,-999
14/07/2021 22:20:32,2,580,270,3,0,-999
14/07/2021 22:20:48,2,580,270,3,0,-999
14/07/2021 22:21:04,2,580,270,3,0,-999
14/07/2021 22:21:20,2,570,270,3,0,-999
14/07/2021 22:21:36,2,570,270,3,0,-999
14/07/2021 22:21:52,2,560,270,3,0,-999
14/07/2021 22:22:08,2,560,270,3,0,-999
14/07/2021 22:22:24,2,560,270,3,0,-999
14/07/2021 22:22:40,2,550,270,3,0,-999
14/07/2021 22:22:56,2,550,270,3,0,-999
14/07/2021 22:23:12,2,550,270,3,0,-999
14/07/2021 22:23:28,2,540,270,3,0,-999
14/07/2021 22:23:44,2,540,270,3,0,-999
14/07/2021 22:24:00,2,530,270,3,0,-999
14/07/2021 22:24:16,2,530,270,3,0,-999
14/07/2021 22:24:32,2,530,270,3,0,-999
14/07/2021 22:24:48,2,520,270,3,0,-999
14/07/2021 22:25:04,2,520,270,3,0,-999
14/07/2021 22:25:20,2,520,270,3,0,-999
14/07/2021 22:25:36,2,510,270,3,0,-999
14/07/2021 22:25:52,2,510,270,3,0,-999
14/07/2021 22:26:08,2,510,270,3,0,-999
14/07/2021 22:26:24,2,510,270,3,0,-999
14/07/2021 22:26:40,2,500,270,3,0,-999
14/07/2021 22:26:56,2,500,270,3,0,-999
14/07/2021 22:27:12,2,500,270,3,0,-999
14/07/2021 22:27:28,2,490,270,3,0,-999
14/07/2021 22:27:44,2,490,270,3,0,-999
14/07/2021 22:28:00,2,490,270,3,0,-999
14/07/2021 22:28:16,2,490,270,3,0,-999
14/07/2021 22:28:32,2,480,270,3,0,-999
14/07/2021 22:28:48,2,480,270,3,0,-999
14/07/2021 22:29:04,2,480,270,3,0,-999
14/07/2021 22:29:20,2,480,270,3,0,-999
14/07/2021 22:29:36,2,470,270,3,0,-999
14/07/2021 22:29:52,2,470,270,3,0,-999
14/07/2021 22:30:08,2,470,270,3,0,-999
14/07/2021 22:30:24,2,460,270,3,0,-999
14/07/2021 22:30:40,2,460,270,3,0,-999
14/07/2021 22:30:56,2,460,270,3,0,-999
14/07/2021 22:31:12,2,460,270,3,0,-999
14/07/2021 22:31:28,2,450,270,3,0,-999
14/07/2021 22:31:44,2,450,270,3,0,-999
14/07/2021 22:32:00,2,450,270,3,0,-999
14/07/2021 22:32:16,2,450,270,3,0,-999
14/07/2021 22:32:32,2,450,270,3,0,-999
14/07/2021 22:32:48,2,440,270,3,0,-999
14/07/2021 22:33:04,2,440,270,3,0,-999
14/07/2021 22:33:20,2,440,270,3,0,-999
14/07/2021 22:33:36,2,430,270,3,0,-999
14/07/2021 22:33:52,2,430,270,3,0,-999
14/07/2021 22:34:08,2,430,270,3,0,-999
14/07/2021 22:34:24,2,430,270,3,0,-999
14/07/2021 22:34:40,2,430,270,3,0,-999
14/07/2021 22:34:56,2,420,270,3,0,-999
14/07/2021 22:35:12,2,420,270,3,0,-999
14/07/2021 22:35:28,2,420,270,3,0,-999
14/07/2021 22:35:44,2,420,270,3,0,-999
14/07/2021 22:36:00,2,420,270,3,0,-999
14/07/2021 22:36:16,2,420,270,3,0,-999
14/07/2021 22:36:32,2,420,270,3,0,-999
14/07/2021 22:36:48,2,410,270,3,0,-999
14/07/2021 22:37:04,2,410,270,3,0,-999
14/07/2021 22:37:20,2,410,270,3,0,-999
14/07/2021 22:37:36,2,410,270,3,0,-999
14/07/2021 22:37:52,2,410,270,3,0,-999
14/07/2021 22:38:08,2,410,270,3,0,-999
14/07/2021 22:38:24,2,410,270,3,0,-999
14/07/2021 22:38:40,2,410,270,3,0,-999
14/07/2021 22:38:56,2,400,270,3,0,-999
14/07/2021 22:39:12,2,400,270,3,0,-999
14/07/2021 22:39:28,2,400,270,3,0,-999
14/07/2021 22:39:44,2,400,270,3,0,-999
14/07/2021 22:40:00,2,400,270,3,0,-999
14/07/2021 22:40:16,2,400,270,3,0,-999
14/07/2021 22:40:32,2,400,270,3,0,-999
14/07/2021 22:40:48,2,400,270,3,0,-999
14/07/2021 22:41:04,2,400,270,3,0,-999
14/07/2021 22:41:20,2,390,270,3,0,-999
14/07/2021 22:41:36,2,390,270,3,0,-999
14/07/2021 22:41:52,2,390,270,3,0,-999
14/07/2021 22:42:08,2,390,270,3,0,-999
14/07/2021 22:42:24,2,390,270,3,0,-999
14/07/2021 22:42:40,2,390,270,3,0,-999
14/07/2021 22:42:56,2,390,270,3,0,-999
14/07/2021 22:43:12,2,390,270,3,0,-999
14/07/2021 22:43:28,2,390,270,3,0,-999
14/07/2021 22:43:44,2,390,270,3,0,-999
14/07/2021 22:44:00,2,380,270,3,0,-999
14/07/2021 22:44:16,2,380,270,3,0,-999
14/07/2021 22:44:32,2,380,270,3,0,-999
14/07/2021 22:44:48,2,380,270,3,0,-999
14/07/2021 22:45:04,2,380,270,3,0,-999
14/07/2021 22:45:20,2,380,270,3,0,-999
14/07/2021 22:45:36,2,380,270,3,0,-999
14/07/2021 22:45:52,2,380,270,3,0,-999
14/07/2021 22:46:08,2,380,270,3,0,-999
14/07/2021 22:46:24,2,380,270,3,0,-999
14/07/2021 22:46:40,2,380,270,3,0,-999
14/07/2021 22:46:56,2,370,270,3,0,-999
14/07/2021 22:47:12,2,370,270,3,0,-999
14/07/2021 22:47:28,2,370,270,3,0,-999
14/07/2021 22:47:44,2,370,270,3,0,-999
14/07/2021 22:48:00,2,370,270,3,0,-999
14/07/2021 22:48:16,2,370,270,3,0,-999
14/07/2021 22:48:32,2,370,270,3,0,-999
14/07/2021 22:48:48,2,370,270,3,0,-999
14/07/2021 22:49:04,2,370,270,3,0,-999
14/07/2021 22:49:20,2,360,270,3,0,-999
14/07/2021 22:49:36,2,360,270,3,0,-999
14/07/2021 22:49:52,2,360,270,3,0,-999
14/07/2021 22:50:08,2,360,270,3,0,-999
14/07/2021 22:50:24,2,360,270,3,0,-999
14/07/2021 22:50:40,2,360,270,3,0,-999
14/07/2021 22:50:56,2,360,270,3,0,-999
14/07/2021 22:51:12,2,360,270,3,0,-999
14/07/2021 22:51:28,2,350,270,3,0,-999
14/07/2021 22:51:44,2,350,270,3,0,-999
14/07/2021 22:52:00,2,350,270,3,0,-999
14/07/2021 22:52:16,2,350,270,3,0,-999
14/07/2021 22:52:32,2,350,270,3,0,-999
14/07/2021 22:52:48,2,350,270,3,0,-999
14/07/2021 22:53:04,2,350,270,3,0,-999
14/07/2021 22:53:20,2,350,270,3,0,-999
14/07/2021 22:53:36,2,350,270,3,0,-999
14/07/2021 22:53:52,2,350,270,3,0,-999
14/07/2021 22:54:08,2,340,270,3,0,-999
14/07/2021 22:54:24,2,340,270,3,0,-999
14/07/2021 22:54:40,2,340,270,3,0,-999
14/07/2021 22:54:56,2,340,270,3,0,-999
14/07/2021 22:55:12,2,340,270,3,0,-999
14/07/2021 22:55:28,2,340,270,3,0,-999
14/07/2021 22:55:44,2,340,270,3,0,-999
14/07/2021 22:56:00,2,340,270,3,0,-999
14/07/2021 22:56:16,2,340,270,3,0,-999
14/07/2021 22:56:32,2,330,270,3,0,-999
14/07/2021 22:56:48,2,330,270,3,0,-999
14/07/2021 22:57:04,2,330,270,3,0,-999
14/07/2021 22:57:20,2,330,270,3,0,-999
14/07/2021 22:57:36,2,330,270,3,0,-999
14/07/2021 22:57:52,2,330,270,3,0,-999
14/07/2021 22:58:08,2,330,270,3,0,-999
14/07/2021 22:58:24,2,320,270,3,0,-999
14/07/2021 22:58:40,2,320,270,3,0,-999
14/07/2021 22:58:56,2,320,270,3,0,-999
14/07/2021 22:59:12,2,320,270,3,0,-999
14/07/2021 22:59:28,2,320,270,3,0,-999
14/07/2021 22:59:44,2,310,270,3,0,-999
14/07/2021 23:00:00,-999,310,-999,3,0,-999
14/07/2021 23:00:16,-999,310,-999,3,0,-999
14/07/2021 23:00:32,-999,310,-999,3,0,-999
14/07/2021 23:00:48,-999,310,-999,3,0,-999
14/07/2021 23:01:04,-999,310,-999,3,0,-999
14/07/2021 23:01:20,-999,310,-999,3,0,-999
14/07/2021 23:01:36,-999,300,-999,3,0,-999
14/07/2021 23:01:52,-999,300,-999,3,0,-999
14/07/2021 23:02:08,-999,300,-999,3,0,-999
14/07/2021 23:02:24,-999,300,-999,3,0,-999
14/07/2021 23:02:40,-999,300,-999,3,0,-999
14/07/2021 23:02:56,-999,300,-999,3,0,-999
14/07/2021 23:03:12,-999,300,-999,3,0,-999
14/07/2021 23:03:28,-999,290,-999,3,0,-999
14/07/2021 23:03:44,-999,290,-999,3,0,-999
14/07/2021 23:04:00,-999,290,-999,3,0,-999
14/07/2021 23:04:16,-999,290,-999,3,0,-999
14/07/2021 23:04:32,-999,290,-999,3,0,-999
14/07/2021 23:04:48,-999,280,-999,3,0,-999
14/07/2021 23:05:04,-999,280,-999,3,0,-999
14/07/2021 23:05:20,-999,280,-999,3,0,-999
14/07/2021 23:05:36,-999,280,-999,3,0,-999
14/07/2021 23:05:52,-999,280,-999,3,0,-999
14/07/2021 23:06:08,-999,280,-999,3,0,-999
14/07/2021 23:06:24,-999,270,-999,3,0,-999
14/07/2021 23:06:40,-999,270,-999,3,0,-999
14/07/2021 23:06:56,-999,270,-999,3,0,-999
14/07/2021 23:07:12,-999,270,-999,3,0,-999
14/07/2021 23:07:28,-999,270,-999,3,0,-999
14/07/2021 23:07:44,-999,270,-999,3,0,-999
14/07/2021 23:08:00,-999,270,-999,3,0,-999
14/07/2021 23:08:16,-999,260,-999,3,0,-999
14/07/2021 23:08:32,-999,260,-999,3,0,-999
14/07/2021 23:08:48,-999,260,-999,3,0,-999
14/07/2021 23:09:04,-999,260,-999,3,0,-999
14/07/2021 23:09:20,-999,260,-999,3,0,-999
14/07/2021 23:09:36,-999,260,-999,3,0,-999
14/07/2021 23:09:52,-999,260,-999,3,0,-999
14/07/2021 23:10:08,-999,250,-999,3,0,-999
14/07/2021 23:10:24,-999,250,-999,3,0,-999
14/07/2021 23:10:40,-999,250,-999,3,0,-999
14/07/2021 23:10:56,-999,250,-999,3,0,-999
14/07/2021 23:11:12,-999,250,-999,3,0,-999
14/07/2021 23:11:28,-999,250,-999,3,0,-999
14/07/2021 23:11:44,-999,250,-999,3,0,-999
14/07/2021 23:12:00,-999,250,-999,3,0,-999
14/07/2021 23:12:16,-999,240,-999,3,0,-999
14/07/2021 23:12:32,-999,240,-999,3,0,-999
14/07/2021 23:12:48,-999,240,-999,3,0,-999
14/07/2021 23:13:04,-999,240,-999,3,0,-999
14/07/2021 23:13:20,-999,240,-999,3,0,-999
14/07/2021 23:13:36,-999,240,-999,3,0,-999
14/07/2021 23:13:52,-999,240,-999,3,0,-999
14/07/2021 23:14:08,-999,230,-999,3,0,-999
14/07/2021 23:14:24,-999,230,-999,3,0,-999
14/07/2021 23:14:40,-999,230,-999,3,0,-999
14/07/2021 23:14:56,-999,230,-999,3,0,-999
14/07/2021 23:15:12,-999,230,-999,3,0,-999
14/07/2021 23:15:28,-999,230,-999,3,0,-999
14/07/2021 23:15:44,-999,230,-999,3,0,-999
14/07/2021 23:16:00,-999,220,-999,3,0,-999
14/07/2021 23:16:16,-999,-999,-999,3,1,1720
14/07/2021 23:16:32,-999,-999,-999,3,1,1720
14/07/2021 23:16:48,-999,220,-999,3,0,-999
14/07/2021 23:17:04,-999,220,-999,3,0,-999
14/07/2021 23:17:20,-999,220,-999,3,0,-999
14/07/2021 23:17:36,-999,220,-999,3,0,-999
14/07/2021 23:17:52,-999,220,-999,3,0,-999
14/07/2021 23:18:08,-999,210,-999,3,0,-999
14/07/2021 23:18:24,-999,210,-999,3,0,-999
14/07/2021 23:18:40,-999,210,-999,3,0,-999
14/07/2021 23:18:56,-999,210,-999,3,0,-999
14/07/2021 23:19:12,-999,210,-999,3,0,-999
14/07/2021 23:19:28,-999,210,-999,3,0,-999
14/07/2021 23:19:44,-999,210,-999,3,0,-999
14/07/2021 23:20:00,-999,210,-999,3,0,-999
14/07/2021 23:20:16,-999,210,-999,3,0,-999
14/07/2021 23:20:32,-999,210,-999,3,0,-999
14/07/2021 23:20:48,-999,210,-999,3,0,-999
14/07/2021 23:21:04,-999,210,-999,3,0,-999
14/07/2021 23:21:20,-999,200,-999,3,0,-999
14/07/2021 23:21:36,-999,200,-999,3,0,-999
14/07/2021 23:21:52,-999,200,-999,3,0,-999
14/07/2021 23:22:08,-999,200,-999,3,0,-999
14/07/2021 23:22:24,-999,200,-999,3,0,-999
14/07/2021 23:22:40,-999,200,-999,3,0,-999
14/07/2021 23:22:56,-999,200,-999,3,0,-999
14/07/2021 23:23:12,-999,200,-999,3,0,-999
14/07/2021 23:23:28,-999,200,-999,3,0,-999
14/07/2021 23:23:44,-999,200,-999,3,0,-999
14/07/2021 23:24:00,-999,200,-999,3,0,-999
14/07/2021 23:24:16,-999,200,-999,3,0,-999
14/07/2021 23:24:32,-999,200,-999,3,0,-999
14/07/2021 23:24:48,-999,200,-999,3,0,-999
14/07/2021 23:25:04,-999,200,-999,3,0,-999
14/07/2021 23:25:20,-999,200,-999,3,0,-999
14/07/2021 23:25:36,-999,200,-999,3,0,-999
14/07/2021 23:25:52,-999,200,-999,3,0,-999
14/07/2021 23:26:08,-999,200,-999,3,0,-999
14/07/2021 23:26:24,-999,200,-999,3,0,-999
14/07/2021 23:26:40,-999,200,-999,3,0,-999
14/07/2021 23:26:56,-999,200,-999,3,0,-999
14/07/2021 23:27:12,-999,200,-999,3,0,-999
14/07/2021 23:27:28,-999,200,-999,3,0,-999
14/07/2021 23:27:44,-999,200,-999,3,0,-999
14/07/2021 23:28:00,-999,200,-999,3,0,-999
14/07/2021 23:28:16,-999,200,-999,3,0,-999
14/07/2021 23:28:32,-999,200,-999,3,0,-999
14/07/2021 23:28:48,-999,200,-999,3,0,-999
14/07/2021 23:29:04,-999,200,-999,3,0,-999
14/07/2021 23:29:20,-999,210,-999,3,0,-999
14/07/2021 23:29:36,-999,210,-999,3,0,-999
14/07/2021 23:29:52,-999,210,-999,3,0,-999
14/07/2021 23:30:08,-999,210,-999,3,0,-999
14/07/2021 23:30:24,-999,210,-999,3,0,-999
14/07/2021 23:30:40,-999,210,-999,3,0,-999
14/07/2021 23:30:56,-999,210,-999,3,0,-999
14/07/2021 23:31:12,-999,210,-999,3,0,-999
14/07/2021 23:31:28,-999,210,-999,3,0,-999
14/07/2021 23:31:44,-999,210,-999,3,0,-999
14/07/2021 23:32:00,-999,220,-999,3,0,-999
14/07/2021 23:32:16,-999,210,-999,3,0,-999
14/07/2021 23:32:32,-999,220,-999,3,0,-999
14/07/2021 23:32:48,-999,220,-999,3,0,-999
14/07/2021 23:33:04,-999,220,-999,3,0,-999
14/07/2021 23:33:20,-999,220,-999,3,0,-999
14/07/2021 23:33:36,-999,220,-999,3,0,-999
14/07/2021 23:33:52,-999,220,-999,3,0,-999
14/07/2021 23:34:08,-999,220,-999,3,0,-999
14/07/2021 23:34:24,-999,220,-999,3,0,-999
14/07/2021 23:34:40,-999,220,-999,3,0,-999
14/07/2021 23:34:56,-999,220,-999,3,0,-999
14/07/2021 23:35:12,-999,220,-999,3,0,-999
14/07/2021 23:35:28,-999,220,-999,3,0,-999
14/07/2021 23:35:44,-999,230,-999,3,0,-999
14/07/2021 23:36:00,-999,220,-999,3,0,-999
14/07/2021 23:36:16,-999,220,-999,3,0,-999
14/07/2021 23:36:32,-999,230,-999,3,0,-999
14/07/2021 23:36:48,-999,230,-999,3,0,-999
14/07/2021 23:37:04,-999,230,-999,3,0,-999
14/07/2021 23:37:20,-999,230,-999,3,0,-999
14/07/2021 23:37:36,-999,230,-999,3,0,-999
14/07/2021 23:37:52,-999,230,-999,3,0,-999
14/07/2021 23:38:08,-999,230,-999,3,0,-999
14/07/2021 23:38:24,-999,230,-999,3,0,-999
14/07/2021 23:38:40,-999,230,-999,3,0,-999
14/07/2021 23:38:56,-999,230,-999,3,0,-999
14/07/2021 23:39:12,-999,230,-999,3,0,-999
14/07/2021 23:39:28,-999,230,-999,3,0,-999
14/07/2021 23:39:44,-999,240,-999,3,0,-999
14/07/2021 23:40:00,-999,240,-999,3,0,-999
14/07/2021 23:40:16,-999,240,-999,3,0,-999
14/07/2021 23:40:32,-999,240,-999,3,0,-999
14/07/2021 23:40:48,-999,240,-999,3,0,-999
14/07/2021 23:41:04,-999,240,-999,3,0,-999
14/07/2021 23:41:20,-999,240,-999,3,0,-999
14/07/2021 23:41:36,-999,240,-999,3,0,-999
14/07/2021 23:41:52,-999,240,-999,3,0,-999
14/07/2021 23:42:08,-999,250,-999,3,0,-999
14/07/2021 23:42:24,-999,250,-999,3,0,-999
14/07/2021 23:42:40,-999,250,-999,3,0,-999
14/07/2021 23:42:56,-999,250,-999,3,0,-999
14/07/2021 23:43:12,-999,250,-999,3,0,-999
14/07/2021 23:43:28,-999,250,-999,3,0,-999
14/07/2021 23:43:44,-999,250,-999,3,0,-999
14/07/2021 23:44:00,-999,250,-999,3,0,-999
14/07/2021 23:44:16,-999,250,-999,3,0,-999
14/07/2021 23:44:32,-999,250,-999,3,0,-999
14/07/2021 23:44:48,-999,250,-999,3,0,-999
14/07/2021 23:45:04,-999,250,-999,3,0,-999
14/07/2021 23:45:20,-999,250,-999,3,0,-999
14/07/2021 23:45:36,-999,250,-999,3,0,-999
14/07/2021 23:45:52,-999,250,-999,3,0,-999
14/07/2021 23:46:08,-999,250,-999,3,0,-999
14/07/2021 23:46:24,-999,250,-999,3,0,-999
14/07/2021 23:46:40,-999,250,-999,3,0,-999
14/07/2021 23:46:56,-999,260,-999,3,0,-999
14/07/2021 23:47:12,-999,260,-999,3,0,-999
14/07/2021 23:47:28,-999,260,-999,3,0,-999
14/07/2021 23:47:44,-999,260,-999,3,0,-999
14/07/2021 23:48:00,-999,260,-999,3,0,-999
14/07/2021 23:48:16,-999,260,-999,3,0,-999
14/07/2021 23:48:32,-999,260,-999,3,0,-999
14/07/2021 23:48:48,-999,260,-999,3,0,-999
14/07/2021 23:49:04,-999,260,-999,3,0,-999
14/07/2021 23:49:20,-999,260,-999,3,0,-999
14/07/2021 23:49:36,-999,270,-999,3,0,-999
14/07/2021 23:49:52,-999,260,-999,3,0,-999
14/07/2021 23:50:08,-999,270,-999,3,0,-999
14/07/2021 23:50:24,-999,270,-999,3,0,-999
14/07/2021 23:50:40,-999,270,-999,3,0,-999
14/07/2021 23:50:56,-999,270,-999,3,0,-999
14/07/2021 23:51:12,-999,270,-999,3,0,-999
14/07/2021 23:51:28,-999,270,-999,3,0,-999
14/07/2021 23:51:44,-999,270,-999,3,0,-999
14/07/2021 23:52:00,-999,270,-999,3,0,-999
14/07/2021 23:52:16,-999,270,-999,3,0,-999
14/07/2021 23:52:32,-999,280,-999,3,0,-999
14/07/2021 23:52:48,-999,280,-999,3,0,-999
14/07/2021 23:53:04,-999,280,-999,3,0,-999
14/07/2021 23:53:20,-999,280,-999,3,0,-999
14/07/2021 23:53:36,-999,280,-999,3,0,-999
14/07/2021 23:53:52,-999,280,-999,3,0,-999
14/07/2021 23:54:08,-999,280,-999,3,0,-999
14/07/2021 23:54:24,-999,290,-999,3,0,-999
14/07/2021 23:54:40,-999,290,-999,3,0,-999
14/07/2021 23:54:56,-999,290,-999,3,0,-999
14/07/2021 23:55:12,-999,290,-999,3,0,-999
14/07/2021 23:55:28,-999,290,-999,3,0,-999
14/07/2021 23:55:44,-999,290,-999,3,0,-999
14/07/2021 23:56:00,-999,290,-999,3,0,-999
14/07/2021 23:56:16,-999,290,-999,3,0,-999
14/07/2021 23:56:32,-999,290,-999,3,0,-999
14/07/2021 23:56:48,-999,290,-999,3,0,-999
14/07/2021 23:57:04,-999,300,-999,3,0,-999
14/07/2021 23:57:20,-999,300,-999,3,0,-999
14/07/2021 23:57:36,-999,300,-999,3,0,-999
14/07/2021 23:57:52,-999,300,-999,3,0,-999
14/07/2021 23:58:08,-999,300,-999,3,0,-999
14/07/2021 23:58:24,-999,300,-999,3,0,-999
14/07/2021 23:58:40,-999,310,-999,3,0,-999
14/07/2021 23:58:56,-999,310,-999,3,0,-999
14/07/2021 23:59:12,-999,310,-999,3,0,-999
14/07/2021 23:59:28,-999,310,-999,3,0,-999
14/07/2021 23:59:44,-999,310,-999,3,0,-999
15/07/2021 00:00:00,3,310,200,3,0,-999
15/07/2021 00:00:16,3,310,200,3,0,-999
15/07/2021 00:00:32,3,310,200,3,0,-999
15/07/2021 00:00:48,3,310,200,3,0,-999
15/07/2021 00:01:04,3,310,200,3,0,-999
15/07/2021 00:01:20,3,310,200,3,0,-999
15/07/2021 00:01:36,3,310,200,3,0,-999
15/07/2021 00:01:52,3,310,200,3,0,-999
15/07/2021 00:02:08,3,320,200,3,0,-999
15/07/2021 00:02:24,3,320,200,3,0,-999
15/07/2021 00:02:40,3,320,200,3,0,-999
15/07/2021 00:02:56,3,320,200,3,0,-999
15/07/2021 00:03:12,3,320,200,3,0,-999
15/07/2021 00:03:28,3,320,200,3,0,-999
15/07/2021 00:03:44,3,320,200,3,0,-999
15/07/2021 00:04:00,3,320,200,3,0,-999
15/07/2021 00:04:16,3,320,200,3,0,-999
15/07/2021 00:04:32,3,320,200,3,0,-999
15/07/2021 00:04:48,3,320,200,3,0,-999
15/07/2021 00:05:04,3,320,200,3,0,-999
15/07/2021 00:05:20,3,320,200,3,0,-999
15/07/2021 00:05:36,3,320,200,3,0,-999
15/07/2021 00:05:52,3,320,200,3,0,-999
15/07/2021 00:06:08,3,320,200,3,0,-999
15/07/2021 00:06:24,3,320,200,3,0,-999
15/07/2021 00:06:40,3,320,200,3,0,-999
15/07/2021 00:06:56,3,320,200,3,0,-999
15/07/2021 00:07:12,3,320,200,3,0,-999
15/07/2021 00:07:28,3,320,200,3,0,-999
15/07/2021 00:07:44,3,320,200,3,0,-999
15/07/2021 00:08:00,3,310,200,3,0,-999
15/07/2021 00:08:16,3,310,200,3,0,-999
15/07/2021 00:08:32,3,320,200,3,0,-999
15/07/2021 00:08:48,3,310,200,3,0,-999
15/07/2021 00:09:04,3,310,200,3,0,-999
15/07/2021 00:09:20,3,310,200,3,0,-999
15/07/2021 00:09:36,3,310,200,3,0,-999
15/07/2021 00:09:52,3,310,200,3,0,-999
15/07/2021 00:10:08,3,310,200,3,0,-999
15/07/2021 00:10:24,3,310,200,3,0,-999
15/07/2021 00:10:40,3,310,200,3,0,-999
15/07/2021 00:10:56,3,310,200,3,0,-999
15/07/2021 00:11:12,3,310,200,3,0,-999
15/07/2021 00:11:28,3,310,200,3,0,-999
15/07/2021 00:11:44,3,310,200,3,0,-999
15/07/2021 00:12:00,3,310,200,3,0,-999
15/07/2021 00:12:16,3,310,200,3,0,-999
15/07/2021 00:12:32,3,310,200,3,0,-999
15/07/2021 00:12:48,3,310,200,3,0,-999
15/07/2021 00:13:04,3,310,200,3,0,-999
15/07/2021 00:13:20,3,310,200,3,0,-999
15/07/2021 00:13:36,3,310,200,3,0,-999
15/07/2021 00:13:52,3,310,200,3,0,-999
15/07/2021 00:14:08,3,310,200,3,0,-999
15/07/2021 00:14:24,3,310,200,3,0,-999
15/07/2021 00:14:40,3,310,200,3,0,-999
15/07/2021 00:14:56,3,310,200,3,0,-999
15/07/2021 00:15:12,3,310,200,3,0,-999
15/07/2021 00:15:28,3,310,200,3,0,-999
15/07/2021 00:15:44,3,310,200,3,0,-999
15/07/2021 00:16:00,3,300,200,3,0,-999
15/07/2021 00:16:16,3,300,200,3,0,-999
15/07/2021 00:16:32,3,300,200,3,0,-999
15/07/2021 00:16:48,3,300,200,3,0,-999
15/07/2021 00:17:04,3,300,200,3,0,-999
15/07/2021 00:17:20,3,300,200,3,0,-999
15/07/2021 00:17:36,3,300,200,3,0,-999
15/07/2021 00:17:52,3,300,200,3,0,-999
15/07/2021 00:18:08,3,300,200,3,0,-999
15/07/2021 00:18:24,3,300,200,3,0,-999
15/07/2021 00:18:40,3,300,200,3,0,-999
15/07/2021 00:18:56,3,300,200,3,0,-999
15/07/2021 00:19:12,3,300,200,3,0,-999
15/07/2021 00:19:28,3,300,200,3,0,-999
15/07/2021 00:19:44,3,300,200,3,0,-999
15/07/2021 00:20:00,3,310,200,3,0,-999
15/07/2021 00:20:16,3,310,200,3,0,-999
15/07/2021 00:20:32,3,310,200,3,0,-999
15/07/2021 00:20:48,3,310,200,3,0,-999
15/07/2021 00:21:04,3,310,200,3,0,-999
15/07/2021 00:21:20,3,310,200,3,0,-999
15/07/2021 00:21:36,3,310,200,3,0,-999
15/07/2021 00:21:52,3,310,200,3,0,-999
15/07/2021 00:22:08,3,310,200,3,0,-999
15/07/2021 00:22:24,3,310,200,3,0,-999
15/07/2021 00:22:40,3,310,200,3,0,-999
15/07/2021 00:22:56,3,310,200,3,0,-999
15/07/2021 00:23:12,3,310,200,3,0,-999
15/07/2021 00:23:28,3,310,200,3,0,-999
15/07/2021 00:23:44,3,310,200,3,0,-999
15/07/2021 00:24:00,3,-999,200,3,1,1860
15/07/2021 00:24:16,3,-999,200,3,1,1860
15/07/2021 00:24:32,3,-999,200,3,1,1860
15/07/2021 00:24:48,3,-999,200,3,1,1830
15/07/2021 00:25:04,3,-999,200,3,1,1830
15/07/2021 00:25:20,3,-999,200,3,1,1800
15/07/2021 00:25:36,3,-999,200,3,1,1800
15/07/2021 00:25:52,3,-999,200,3,1,1780
15/07/2021 00:26:08,3,-999,200,3,1,1780
15/07/2021 00:26:24,3,1960,200,3,1,1780
15/07/2021 00:26:40,3,1960,200,3,1,1780
15/07/2021 00:26:56,3,2000,200,3,1,1780
15/07/2021 00:27:12,3,1960,200,3,1,1760
15/07/2021 00:27:28,3,1960,200,3,1,1760
15/07/2021 00:27:44,3,1960,200,3,1,1770
15/07/2021 00:28:00,3,1950,200,3,1,1770
15/07/2021 00:28:16,3,1950,200,3,1,1760
15/07/2021 00:28:32,3,1930,200,3,1,1760
15/07/2021 00:28:48,3,1930,200,3,1,1750
15/07/2021 00:29:04,3,1930,200,3,1,1750
15/07/2021 00:29:20,3,1930,200,3,1,1750
15/07/2021 00:29:36,3,1930,200,3,1,1780
15/07/2021 00:29:52,3,1930,200,3,1,1780
15/07/2021 00:30:08,3,1930,200,3,1,2280
15/07/2021 00:30:24,3,1930,200,3,1,2280
15/07/2021 00:30:40,3,1930,200,3,1,2270
15/07/2021 00:30:56,3,1930,200,3,1,2270
15/07/2021 00:31:12,3,1930,200,3,1,2270
15/07/2021 00:31:28,3,1930,200,3,1,2270
15/07/2021 00:31:44,3,1930,200,3,1,2270
15/07/2021 00:32:00,3,-999,200,3,1,2300
15/07/2021 00:32:16,3,-999,200,3,1,2300
15/07/2021 00:32:32,3,-999,200,3,1,2370
15/07/2021 00:32:48,3,2460,200,3,1,2370
15/07/2021 00:33:04,3,2460,200,3,1,2390
15/07/2021 00:33:20,3,2460,200,3,1,2390
15/07/2021 00:33:36,3,2460,200,3,1,2390
15/07/2021 00:33:52,3,2460,200,3,1,2390
15/07/2021 00:34:08,3,2500,200,3,1,2390
15/07/2021 00:34:24,3,2500,200,3,1,2400
15/07/2021 00:34:40,3,2530,200,3,1,2400
15/07/2021 00:34:56,3,2530,200,3,2,2380
15/07/2021 00:35:12,3,2530,200,3,2,2380
15/07/2021 00:35:28,3,-999,200,3,1,2700
15/07/2021 00:35:44,3,-999,200,3,1,2700
15/07/2021 00:36:00,3,-999,200,3,3,1950
15/07/2021 00:36:16,3,-999,200,3,3,1950
15/07/2021 00:36:32,3,-999,200,3,3,1950
15/07/2021 00:36:48,3,-999,200,3,2,1820
15/07/2021 00:37:04,3,-999,200,3,2,1820
15/07/2021 00:37:20,3,-999,200,3,1,1790
15/07/2021 00:37:36,3,-999,200,3,1,1790
15/07/2021 00:37:52,3,-999,200,3,1,1770
15/07/2021 00:38:08,3,-999,200,3,1,1770
15/07/2021 00:38:24,3,-999,200,3,1,1740
15/07/2021 00:38:40,3,-999,200,3,1,1740
15/07/2021 00:38:56,3,-999,200,3,1,1740
15/07/2021 00:39:12,3,1930,200,3,1,1750
15/07/2021 00:39:28,3,1930,200,3,1,1750
15/07/2021 00:39:44,3,1930,200,3,1,1800
15/07/2021 00:40:00,3,1930,200,3,1,1800
15/07/2021 00:40:16,3,1930,200,3,1,1780
15/07/2021 00:40:32,3,1930,200,3,1,1780
15/07/2021 00:40:48,3,1930,200,3,1,1820
15/07/2021 00:41:04,3,1930,200,3,1,1820
15/07/2021 00:41:20,3,1940,200,3,1,1820
15/07/2021 00:41:36,3,1940,200,3,1,1780
15/07/2021 00:41:52,3,1940,200,3,1,1780
15/07/2021 00:42:08,3,1940,200,3,1,1750
15/07/2021 00:42:24,3,1940,200,3,1,1750
15/07/2021 00:42:40,3,1940,200,3,1,1740
15/07/2021 00:42:56,3,1940,200,3,1,1740
15/07/2021 00:43:12,3,1930,200,3,1,1730
15/07/2021 00:43:28,3,1930,200,3,1,1730
15/07/2021 00:43:44,3,1930,200,3,1,1730
15/07/2021 00:44:00,3,1930,200,3,1,1720
15/07/2021 00:44:16,3,1930,200,3,1,1720
15/07/2021 00:44:32,3,1900,200,3,1,1720
15/07/2021 00:44:48,3,1890,200,3,1,1720
15/07/2021 00:45:04,3,1890,200,3,1,1720
15/07/2021 00:45:20,3,1890,200,3,1,1720
15/07/2021 00:45:36,3,1890,200,3,1,1700
15/07/2021 00:45:52,3,1890,200,3,1,1700
15/07/2021 00:46:08,3,1900,200,3,1,1700
15/07/2021 00:46:24,3,1900,200,3,1,1690
15/07/2021 00:46:40,3,1900,200,3,1,1690
15/07/2021 00:46:56,3,1900,200,3,1,1680
15/07/2021 00:47:12,3,1900,200,3,1,1680
15/07/2021 00:47:28,3,1900,200,3,1,1670
15/07/2021 00:47:44,3,1900,200,3,1,1670
15/07/2021 00:48:00,3,1900,200,3,1,1690
15/07/2021 00:48:16,3,1900,200,3,1,1690
15/07/2021 00:48:32,3,1900,200,3,1,1690
15/07/2021 00:48:48,3,1920,200,3,1,1730
15/07/2021 00:49:04,3,1920,200,3,1,1730
15/07/2021 00:49:20,3,1920,200,3,1,1740
15/07/2021 00:49:36,3,1920,200,3,1,1740
15/07/2021 00:49:52,3,1920,200,3,1,1720
15/07/2021 00:50:08,3,1920,200,3,1,1720
15/07/2021 00:50:24,3,1920,200,3,1,1700
15/07/2021 00:50:40,3,1910,200,3,1,1700
15/07/2021 00:50:56,3,1910,200,3,1,1700
15/07/2021 00:51:12,3,1920,200,3,1,1700
15/07/2021 00:51:28,3,1920,200,3,1,1700
15/07/2021 00:51:44,3,1920,200,3,1,1720
15/07/2021 00:52:00,3,1930,200,3,1,1720
15/07/2021 00:52:16,3,1930,200,3,1,1670
15/07/2021 00:52:32,3,1930,200,3,1,1670
15/07/2021 00:52:48,3,1910,200,3,1,1670
15/07/2021 00:53:04,3,1910,200,3,1,1670
15/07/2021 00:53:20,3,1870,200,3,1,1670
15/07/2021 00:53:36,3,1870,200,3,1,1670
15/07/2021 00:53:52,3,1870,200,3,1,1670
15/07/2021 00:54:08,3,1850,200,3,1,1680
15/07/2021 00:54:24,3,1850,200,3,1,1680
15/07/2021 00:54:40,3,1850,200,3,2,1710
15/07/2021 00:54:56,3,1850,200,3,2,1710
15/07/2021 00:55:12,3,1850,200,3,1,1770
15/07/2021 00:55:28,3,1850,200,3,1,1770
15/07/2021 00:55:44,3,1850,200,3,1,1770
15/07/2021 00:56:00,3,1850,200,3,1,1870
15/07/2021 00:56:16,3,-999,200,3,1,1870
15/07/2021 00:56:32,3,-999,200,3,2,1670
15/07/2021 00:56:48,3,-999,200,3,2,1670
15/07/2021 00:57:04,3,2010,200,3,1,1880
15/07/2021 00:57:20,3,2010,200,3,1,1880
15/07/2021 00:57:36,3,2010,200,3,1,1750
15/07/2021 00:57:52,3,2010,200,3,1,1750
15/07/2021 00:58:08,3,1990,200,3,1,1750
15/07/2021 00:58:24,3,1990,200,3,1,1760
15/07/2021 00:58:40,3,1990,200,3,1,1760
15/07/2021 00:58:56,3,1990,200,3,1,1780
15/07/2021 00:59:12,3,1990,200,3,1,1780
15/07/2021 00:59:28,3,1990,200,3,1,1780
15/07/2021 00:59:44,3,1990,200,3,1,1780
15/07/2021 01:00:00,1,1990,1930,3,1,1800
15/07/2021 01:00:16,1,1990,1930,3,1,1800
15/07/2021 01:00:32,1,1990,1930,3,1,1800
15/07/2021 01:00:48,1,1990,1930,3,1,1840
15/07/2021 01:01:04,1,1990,1930,3,1,1840
15/07/2021 01:01:20,1,1990,1930,3,1,1850
15/07/2021 01:01:36,1,1990,1930,3,1,1850
15/07/2021 01:01:52,1,2020,1930,3,2,1790
15/07/2021 01:02:08,1,2020,1930,3,2,1790
15/07/2021 01:02:24,1,2020,1930,3,1,1690
15/07/2021 01:02:40,1,2020,1930,3,1,1690
15/07/2021 01:02:56,1,2020,1930,3,1,1690
15/07/2021 01:03:12,1,2020,1930,3,1,1710
15/07/2021 01:03:28,1,2020,1930,3,1,1710
15/07/2021 01:03:44,1,2020,1930,3,2,1770
15/07/2021 01:04:00,1,-999,1930,3,2,1770
15/07/2021 01:04:16,1,-999,1930,3,1,1720
15/07/2021 01:04:32,1,1970,1930,3,1,1720
15/07/2021 01:04:48,1,1970,1930,3,2,1730
15/07/2021 01:05:04,1,1970,1930,3,2,1730
15/07/2021 01:05:20,1,1970,1930,3,2,1730
15/07/2021 01:05:36,1,1970,1930,3,1,1960
15/07/2021 01:05:52,1,1970,1930,3,1,1960
15/07/2021 01:06:08,1,1970,1930,3,2,1750
15/07/2021 01:06:24,1,1970,1930,3,2,1750
15/07/2021 01:06:40,1,1970,1930,3,2,1620
15/07/2021 01:06:56,1,1970,1930,3,2,1620
15/07/2021 01:07:12,1,1970,1930,3,1,1640
15/07/2021 01:07:28,1,1970,1930,3,1,1640
15/07/2021 01:07:44,1,1970,1930,3,1,1640
15/07/2021 01:08:00,1,1970,1930,3,1,1610
15/07/2021 01:08:16,1,-999,1930,3,1,1610
15/07/2021 01:08:32,1,-999,1930,3,1,1690
15/07/2021 01:08:48,1,-999,1930,3,1,1690
15/07/2021 01:09:04,1,-999,1930,3,1,1660
15/07/2021 01:09:20,1,-999,1930,3,1,1660
15/07/2021 01:09:36,1,1830,1930,3,1,1650
15/07/2021 01:09:52,1,1810,1930,3,1,1650
15/07/2021 01:10:08,1,1810,1930,3,1,1650
15/07/2021 01:10:24,1,1810,1930,3,1,1650
15/07/2021 01:10:40,1,1810,1930,3,1,1650
15/07/2021 01:10:56,1,1810,1930,3,1,1680
15/07/2021 01:11:12,1,1810,1930,3,1,1680
15/07/2021 01:11:28,1,1810,1930,3,1,1700
15/07/2021 01:11:44,1,1830,1930,3,1,1700
15/07/2021 01:12:00,1,1830,1930,3,1,1680
15/07/2021 01:12:16,1,1850,1930,3,1,1680
15/07/2021 01:12:32,1,1850,1930,3,1,1680
15/07/2021 01:12:48,1,1850,1930,3,1,1740
15/07/2021 01:13:04,1,1850,1930,3,1,1740
15/07/2021 01:13:20,1,1900,1930,3,1,1690
15/07/2021 01:13:36,1,1940,1930,3,1,1690
15/07/2021 01:13:52,1,1940,1930,3,2,1840
15/07/2021 01:14:08,1,1940,1930,3,2,1840
15/07/2021 01:14:24,1,1940,1930,3,1,2090
15/07/2021 01:14:40,1,1940,1930,3,1,2090
15/07/2021 01:14:56,1,-999,1930,3,1,2090
15/07/2021 01:15:12,1,1940,1930,3,2,1740
15/07/2021 01:15:28,1,1940,1930,3,2,1740
15/07/2021 01:15:44,1,1940,1930,3,1,2180
15/07/2021 01:16:00,1,-999,1930,3,1,2180
15/07/2021 01:16:16,1,-999,1930,3,2,1940
15/07/2021 01:16:32,1,-999,1930,3,2,1940
15/07/2021 01:16:48,1,-999,1930,3,2,1910
15/07/2021 01:17:04,1,-999,1930,3,2,1910
15/07/2021 01:17:20,1,-999,1930,3,2,1910
15/07/2021 01:17:36,1,-999,1930,3,1,2450
15/07/2021 01:17:52,1,-999,1930,3,1,2450
15/07/2021 01:18:08,1,-999,1930,3,1,2490
15/07/2021 01:18:24,1,-999,1930,3,1,2490
15/07/2021 01:18:40,1,260,1930,3,0,-999
15/07/2021 01:18:56,1,260,1930,3,0,-999
15/07/2021 01:19:12,1,250,1930,3,0,-999
15/07/2021 01:19:28,1,250,1930,3,0,-999
15/07/2021 01:19:44,1,250,1930,3,0,-999
15/07/2021 01:20:00,1,1540,1930,3,1,1610
15/07/2021 01:20:16,1,1540,1930,3,1,1610
15/07/2021 01:20:32,1,250,1930,3,0,-999
15/07/2021 01:20:48,1,250,1930,3,0,-999
15/07/2021 01:21:04,1,250,1930,3,0,-999
15/07/2021 01:21:20,1,240,1930,3,0,-999
15/07/2021 01:21:36,1,240,1930,3,0,-999
15/07/2021 01:21:52,1,240,1930,3,0,-999
15/07/2021 01:22:08,1,240,1930,3,0,-999
15/07/2021 01:22:24,1,240,1930,3,0,-999
15/07/2021 01:22:40,1,240,1930,3,0,-999
15/07/2021 01:22:56,1,240,1930,3,0,-999
15/07/2021 01:23:12,1,240,1930,3,0,-999
15/07/2021 01:23:28,1,240,1930,3,0,-999
15/07/2021 01:23:44,1,240,1930,3,0,-999
15/07/2021 01:24:00,1,240,1930,3,0,-999
15/07/2021 01:24:16,1,240,1930,3,0,-999
15/07/2021 01:24:32,1,240,1930,3,0,-999
15/07/2021 01:24:48,1,240,1930,3,0,-999
15/07/2021 01:25:04,1,240,1930,3,0,-999
15/07/2021 01:25:20,1,240,1930,3,0,-999
15/07/2021 01:25:36,1,240,1930,3,0,-999
15/07/2021 01:25:52,1,250,1930,3,0,-999
15/07/2021 01:26:08,1,250,1930,3,0,-999
15/07/2021 01:26:24,1,250,1930,3,0,-999
15/07/2021 01:26:40,1,250,1930,3,0,-999
15/07/2021 01:26:56,1,250,1930,3,0,-999
15/07/2021 01:27:12,1,260,1930,3,0,-999
15/07/2021 01:27:28,1,270,1930,3,0,-999
15/07/2021 01:27:44,1,280,1930,3,0,-999
15/07/2021 01:28:00,1,290,1930,3,0,-999
15/07/2021 01:28:16,1,290,1930,3,0,-999
15/07/2021 01:28:32,1,290,1930,3,0,-999
15/07/2021 01:28:48,1,290,1930,3,0,-999
15/07/2021 01:29:04,1,290,1930,3,0,-999
15/07/2021 01:29:20,1,290,1930,3,0,-999
15/07/2021 01:29:36,1,290,1930,3,0,-999
15/07/2021 01:29:52,1,300,1930,3,0,-999
15/07/2021 01:30:08,1,300,1930,3,0,-999
15/07/2021 01:30:24,1,300,1930,3,0,-999
15/07/2021 01:30:40,1,300,1930,3,0,-999
15/07/2021 01:30:56,1,310,1930,3,0,-999
15/07/2021 01:31:12,1,310,1930,3,0,-999
15/07/2021 01:31:28,1,310,1930,3,0,-999
15/07/2021 01:31:44,1,310,1930,3,0,-999
15/07/2021 01:32:00,1,310,1930,3,0,-999
15/07/2021 01:32:16,1,310,1930,3,0,-999
15/07/2021 01:32:32,1,320,1930,3,0,-999
15/07/2021 01:32:48,1,320,1930,3,0,-999
15/07/2021 01:33:04,1,320,1930,3,0,-999
15/07/2021 01:33:20,1,320,1930,3,0,-999
15/07/2021 01:33:36,1,320,1930,3,0,-999
15/07/2021 01:33:52,1,330,1930,3,0,-999
15/07/2021 01:34:08,1,320,1930,3,0,-999
15/07/2021 01:34:24,1,320,1930,3,0,-999
15/07/2021 01:34:40,1,320,1930,3,0,-999
15/07/2021 01:34:56,1,330,1930,3,0,-999
15/07/2021 01:35:12,1,330,1930,3,0,-999
15/07/2021 01:35:28,1,330,1930,3,0,-999
15/07/2021 01:35:44,1,320,1930,3,0,-999
15/07/2021 01:36:00,1,320,1930,3,0,-999
15/07/2021 01:36:16,1,320,1930,3,0,-999
15/07/2021 01:36:32,1,320,1930,3,0,-999
15/07/2021 01:36:48,1,320,1930,3,0,-999
15/07/2021 01:37:04,1,330,1930,3,0,-999
15/07/2021 01:37:20,1,330,1930,3,0,-999
15/07/2021 01:37:36,1,330,1930,3,0,-999
15/07/2021 01:37:52,1,330,1930,3,0,-999
15/07/2021 01:38:08,1,330,1930,3,0,-999
15/07/2021 01:38:24,1,330,1930,3,0,-999
15/07/2021 01:38:40,1,330,1930,3,0,-999
15/07/2021 01:38:56,1,330,1930,3,0,-999
15/07/2021 01:39:12,1,330,1930,3,0,-999
15/07/2021 01:39:28,1,330,1930,3,0,-999
15/07/2021 01:39:44,1,330,1930,3,0,-999
15/07/2021 01:40:00,1,330,1930,3,0,-999
15/07/2021 01:40:16,1,330,1930,3,0,-999
15/07/2021 01:40:32,1,330,1930,3,0,-999
15/07/2021 01:40:48,1,330,1930,3,0,-999
15/07/2021 01:41:04,1,330,1930,3,0,-999
15/07/2021 01:41:20,1,330,1930,3,0,-999
15/07/2021 01:41:36,1,330,1930,3,0,-999
15/07/2021 01:41:52,1,330,1930,3,0,-999
15/07/2021 01:42:08,1,330,1930,3,0,-999
15/07/2021 01:42:24,1,330,1930,3,0,-999
15/07/2021 01:42:40,1,340,1930,3,0,-999
15/07/2021 01:42:56,1,340,1930,3,0,-999
15/07/2021 01:43:12,1,340,1930,3,0,-999
15/07/2021 01:43:28,1,340,1930,3,0,-999
15/07/2021 01:43:44,1,340,1930,3,0,-999
15/07/2021 01:44:00,1,340,1930,3,0,-999
15/07/2021 01:44:16,1,340,1930,3,0,-999
15/07/2021 01:44:32,1,330,1930,3,0,-999
15/07/2021 01:44:48,1,340,1930,3,0,-999
15/07/2021 01:45:04,1,340,1930,3,0,-999
15/07/2021 01:45:20,1,340,1930,3,0,-999
15/07/2021 01:45:36,1,340,1930,3,0,-999
15/07/2021 01:45:52,1,340,1930,3,0,-999
15/07/2021 01:46:08,1,330,1930,3,0,-999
15/07/2021 01:46:24,1,340,1930,3,0,-999
15/07/2021 01:46:40,1,340,1930,3,0,-999
15/07/2021 01:46:56,1,340,1930,3,0,-999
15/07/2021 01:47:12,1,330,1930,3,0,-999
15/07/2021 01:47:28,1,330,1930,3,0,-999
15/07/2021 01:47:44,1,340,1930,3,0,-999
15/07/2021 01:48:00,1,340,1930,3,0,-999
15/07/2021 01:48:16,1,340,1930,3,0,-999
15/07/2021 01:48:32,1,340,1930,3,0,-999
15/07/2021 01:48:48,1,340,1930,3,0,-999
15/07/2021 01:49:04,1,340,1930,3,0,-999
15/07/2021 01:49:20,1,-999,1930,3,1,2190
15/07/2021 01:49:36,1,-999,1930,3,1,2190
15/07/2021 01:49:52,1,-999,1930,3,1,2180
15/07/2021 01:50:08,1,-999,1930,3,1,2180
15/07/2021 01:50:24,1,-999,1930,3,1,2140
15/07/2021 01:50:40,1,-999,1930,3,1,2140
15/07/2021 01:50:56,1,-999,1930,3,1,2140
15/07/2021 01:51:12,1,-999,1930,3,1,2110
15/07/2021 01:51:28,1,-999,1930,3,1,2110
15/07/2021 01:51:44,1,330,1930,3,0,-999
15/07/2021 01:52:00,1,330,1930,3,0,-999
15/07/2021 01:52:16,1,330,1930,3,0,-999
15/07/2021 01:52:32,1,330,1930,3,0,-999
15/07/2021 01:52:48,1,320,1930,3,0,-999
15/07/2021 01:53:04,1,320,1930,3,0,-999
15/07/2021 01:53:20,1,320,1930,3,0,-999
15/07/2021 01:53:36,1,320,1930,3,0,-999
15/07/2021 01:53:52,1,320,1930,3,0,-999
15/07/2021 01:54:08,1,-999,1930,3,1,2190
15/07/2021 01:54:24,1,-999,1930,3,1,2190
15/07/2021 01:54:40,1,310,1930,3,0,-999
15/07/2021 01:54:56,1,310,1930,3,0,-999
15/07/2021 01:55:12,1,-999,1930,3,1,2180
15/07/2021 01:55:28,1,-999,1930,3,1,2180
15/07/2021 01:55:44,1,-999,1930,3,1,2180
15/07/2021 01:56:00,1,-999,1930,3,1,2190
15/07/2021 01:56:16,1,-999,1930,3,1,2190
15/07/2021 01:56:32,1,-999,1930,3,1,2170
15/07/2021 01:56:48,1,-999,1930,3,1,2170
15/07/2021 01:57:04,1,2300,1930,3,1,2130
15/07/2021 01:57:20,1,2300,1930,3,1,2130
15/07/2021 01:57:36,1,2300,1930,3,1,2040
15/07/2021 01:57:52,1,2300,1930,3,1,2040
15/07/2021 01:58:08,1,2290,1930,3,1,2040
15/07/2021 01:58:24,1,2290,1930,3,1,2090
15/07/2021 01:58:40,1,2290,1930,3,1,2090
15/07/2021 01:58:56,1,2290,1930,3,1,2060
15/07/2021 01:59:12,1,2290,1930,3,1,2060
15/07/2021 01:59:28,1,2290,1930,3,1,2070
15/07/2021 01:59:44,1,2290,1930,3,1,2070
15/07/2021 02:00:00,1,2280,240,3,1,2030
15/07/2021 02:00:16,1,2280,240,3,1,2030
15/07/2021 02:00:32,1,2280,240,3,1,2030
15/07/2021 02:00:48,1,2280,240,3,1,2040
15/07/2021 02:01:04,1,2280,240,3,1,2040
15/07/2021 02:01:20,1,2230,240,3,1,2220
15/07/2021 02:01:36,1,2230,240,3,1,2220
15/07/2021 02:01:52,1,2230,240,3,1,2340
15/07/2021 02:02:08,1,2230,240,3,1,2340
15/07/2021 02:02:24,1,2230,240,3,1,3350
15/07/2021 02:02:40,1,-999,240,3,1,3350
15/07/2021 02:02:56,1,-999,240,3,1,3350
15/07/2021 02:03:12,1,250,240,3,0,-999
15/07/2021 02:03:28,1,250,240,3,0,-999
15/07/2021 02:03:44,1,250,240,3,0,-999
15/07/2021 02:04:00,1,250,240,3,0,-999
15/07/2021 02:04:16,1,250,240,3,0,-999
15/07/2021 02:04:32,1,250,240,3,0,-999
15/07/2021 02:04:48,1,240,240,3,0,-999
15/07/2021 02:05:04,1,250,240,3,0,-999
15/07/2021 02:05:20,1,250,240,3,0,-999
15/07/2021 02:05:36,1,250,240,3,0,-999
15/07/2021 02:05:52,1,240,240,3,0,-999
15/07/2021 02:06:08,1,240,240,3,0,-999
15/07/2021 02:06:24,1,240,240,3,0,-999
15/07/2021 02:06:40,1,240,240,3,0,-999
15/07/2021 02:06:56,1,240,240,3,0,-999
15/07/2021 02:07:12,1,240,240,3,0,-999
15/07/2021 02:07:28,1,240,240,3,0,-999
15/07/2021 02:07:44,1,240,240,3,0,-999
15/07/2021 02:08:00,1,-999,240,3,1,2570
15/07/2021 02:08:16,1,-999,240,3,1,2570
15/07/2021 02:08:32,1,-999,240,3,1,2460
15/07/2021 02:08:48,1,-999,240,3,1,2460
15/07/2021 02:09:04,1,-999,240,3,1,2420
15/07/2021 02:09:20,1,-999,240,3,1,2420
15/07/2021 02:09:36,1,-999,240,3,1,2410
15/07/2021 02:09:52,1,-999,240,3,1,2410
15/07/2021 02:10:08,1,-999,240,3,1,2410
15/07/2021 02:10:24,1,240,240,3,0,-999
15/07/2021 02:10:40,1,240,240,3,0,-999
15/07/2021 02:10:56,1,240,240,3,0,-999
15/07/2021 02:11:12,1,240,240,3,0,-999
15/07/2021 02:11:28,1,240,240,3,0,-999
15/07/2021 02:11:44,1,240,240,3,0,-999
15/07/2021 02:12:00,1,240,240,3,0,-999
15/07/2021 02:12:16,1,240,240,3,0,-999
15/07/2021 02:12:32,1,240,240,3,0,-999
15/07/2021 02:12:48,1,240,240,3,0,-999
15/07/2021 02:13:04,1,240,240,3,0,-999
15/07/2021 02:13:20,1,250,240,3,0,-999
15/07/2021 02:13:36,1,250,240,3,0,-999
15/07/2021 02:13:52,1,250,240,3,0,-999
15/07/2021 02:14:08,1,250,240,3,0,-999
15/07/2021 02:14:24,1,250,240,3,0,-999
15/07/2021 02:14:40,1,250,240,3,0,-999
15/07/2021 02:14:56,1,250,240,3,0,-999
15/07/2021 02:15:12,1,250,240,3,0,-999
15/07/2021 02:15:28,1,250,240,3,0,-999
15/07/2021 02:15:44,1,250,240,3,0,-999
15/07/2021 02:16:00,1,250,240,3,0,-999
15/07/2021 02:16:16,1,250,240,3,0,-999
15/07/2021 02:16:32,1,250,240,3,0,-999
15/07/2021 02:16:48,1,250,240,3,0,-999
15/07/2021 02:17:04,1,250,240,3,0,-999
15/07/2021 02:17:20,1,250,240,3,0,-999
15/07/2021 02:17:36,1,250,240,3,0,-999
15/07/2021 02:17:52,1,240,240,3,0,-999
15/07/2021 02:18:08,1,240,240,3,0,-999
15/07/2021 02:18:24,1,240,240,3,0,-999
15/07/2021 02:18:40,1,1760,240,3,1,2830
15/07/2021 02:18:56,1,1760,240,3,1,2830
15/07/2021 02:19:12,1,1760,240,3,1,2840
15/07/2021 02:19:28,1,1760,240,3,1,2840
15/07/2021 02:19:44,1,1760,240,3,1,2840
15/07/2021 02:20:00,1,1760,240,3,1,2850
15/07/2021 02:20:16,1,1760,240,3,1,2850
15/07/2021 02:20:32,1,-999,240,3,1,2850
15/07/2021 02:20:48,1,-999,240,3,1,2850
15/07/2021 02:21:04,1,-999,240,3,1,2850
15/07/2021 02:21:20,1,-999,240,3,1,2850
15/07/2021 02:21:36,1,-999,240,3,1,2820
15/07/2021 02:21:52,1,-999,240,3,1,2820
15/07/2021 02:22:08,1,2950,240,3,1,2820
15/07/2021 02:22:24,1,2950,240,3,1,2810
15/07/2021 02:22:40,1,2960,240,3,1,2810
15/07/2021 02:22:56,1,2950,240,3,1,2820
15/07/2021 02:23:12,1,2950,240,3,1,2820
15/07/2021 02:23:28,1,2950,240,3,1,2790
15/07/2021 02:23:44,1,2950,240,3,1,2790
15/07/2021 02:24:00,1,2950,240,3,1,2800
15/07/2021 02:24:16,1,2950,240,3,1,2800
15/07/2021 02:24:32,1,2950,240,3,1,2800
15/07/2021 02:24:48,1,2950,240,3,1,2820
15/07/2021 02:25:04,1,2950,240,3,1,2820
15/07/2021 02:25:20,1,2950,240,3,1,2820
15/07/2021 02:25:36,1,2950,240,3,1,2820
15/07/2021 02:25:52,1,2930,240,3,2,2050
15/07/2021 02:26:08,1,2930,240,3,2,2050
15/07/2021 02:26:24,1,2930,240,3,2,2040
15/07/2021 02:26:40,1,2930,240,3,2,2040
15/07/2021 02:26:56,1,2930,240,3,2,2040
15/07/2021 02:27:12,1,-999,240,3,2,1940
15/07/2021 02:27:28,1,-999,240,3,2,1940
15/07/2021 02:27:44,1,-999,240,3,1,1910
15/07/2021 02:28:00,1,-999,240,3,1,1910
15/07/2021 02:28:16,1,-999,240,3,1,1910
15/07/2021 02:28:32,1,-999,240,3,1,1910
15/07/2021 02:28:48,1,-999,240,3,1,1830
15/07/2021 02:29:04,1,-999,240,3,1,1830
15/07/2021 02:29:20,1,2030,240,3,1,1830
15/07/2021 02:29:36,1,2030,240,3,1,1830
15/07/2021 02:29:52,1,2040,240,3,1,1830
15/07/2021 02:30:08,1,230,240,3,0,-999
15/07/2021 02:30:24,1,230,240,3,0,-999
15/07/2021 02:30:40,1,2040,240,3,1,1840
15/07/2021 02:30:56,1,2040,240,3,1,1840
15/07/2021 02:31:12,1,2040,240,3,1,1790
15/07/2021 02:31:28,1,2050,240,3,1,1790
15/07/2021 02:31:44,1,2060,240,3,1,1790
15/07/2021 02:32:00,1,240,240,3,0,-999
15/07/2021 02:32:16,1,240,240,3,0,-999
15/07/2021 02:32:32,1,240,240,3,0,-999
15/07/2021 02:32:48,1,240,240,3,0,-999
15/07/2021 02:33:04,1,240,240,3,0,-999
15/07/2021 02:33:20,1,240,240,3,0,-999
15/07/2021 02:33:36,1,240,240,3,0,-999
15/07/2021 02:33:52,1,240,240,3,0,-999
15/07/2021 02:34:08,1,240,240,3,0,-999
15/07/2021 02:34:24,1,240,240,3,0,-999
15/07/2021 02:34:40,1,240,240,3,0,-999
15/07/2021 02:34:56,1,240,240,3,0,-999
15/07/2021 02:35:12,1,240,240,3,0,-999
15/07/2021 02:35:28,1,240,240,3,0,-999
15/07/2021 02:35:44,1,240,240,3,0,-999
15/07/2021 02:36:00,1,240,240,3,0,-999
15/07/2021 02:36:16,1,240,240,3,0,-999
15/07/2021 02:36:32,1,250,240,3,0,-999
15/07/2021 02:36:48,1,240,240,3,0,-999
15/07/2021 02:37:04,1,240,240,3,0,-999
15/07/2021 02:37:20,1,2270,240,3,1,2120
15/07/2021 02:37:36,1,2270,240,3,1,2120
15/07/2021 02:37:52,1,240,240,3,0,-999
15/07/2021 02:38:08,1,250,240,3,0,-999
15/07/2021 02:38:24,1,250,240,3,0,-999
15/07/2021 02:38:40,1,250,240,3,0,-999
15/07/2021 02:38:56,1,250,240,3,0,-999
15/07/2021 02:39:12,1,250,240,3,0,-999
15/07/2021 02:39:28,1,250,240,3,0,-999
15/07/2021 02:39:44,1,-999,240,3,1,2040
15/07/2021 02:40:00,1,-999,240,3,1,2040
15/07/2021 02:40:16,1,-999,240,3,1,2040
15/07/2021 02:40:32,1,2110,240,3,1,2040
15/07/2021 02:40:48,1,250,240,3,0,-999
15/07/2021 02:41:04,1,250,240,3,0,-999
15/07/2021 02:41:20,1,250,240,3,0,-999
15/07/2021 02:41:36,1,250,240,3,0,-999
15/07/2021 02:41:52,1,250,240,3,0,-999
15/07/2021 02:42:08,1,250,240,3,0,-999
15/07/2021 02:42:24,1,250,240,3,0,-999
15/07/2021 02:42:40,1,260,240,3,0,-999
15/07/2021 02:42:56,1,260,240,3,0,-999
15/07/2021 02:43:12,1,260,240,3,0,-999
15/07/2021 02:43:28,1,260,240,3,0,-999
15/07/2021 02:43:44,1,260,240,3,0,-999
15/07/2021 02:44:00,1,260,240,3,0,-999
15/07/2021 02:44:16,1,260,240,3,0,-999
15/07/2021 02:44:32,1,260,240,3,0,-999
15/07/2021 02:44:48,1,260,240,3,0,-999
15/07/2021 02:45:04,1,260,240,3,0,-999
15/07/2021 02:45:20,1,270,240,3,0,-999
15/07/2021 02:45:36,1,270,240,3,0,-999
15/07/2021 02:45:52,1,270,240,3,0,-999
15/07/2021 02:46:08,1,270,240,3,0,-999
15/07/2021 02:46:24,1,270,240,3,0,-999
15/07/2021 02:46:40,1,270,240,3,0,-999
15/07/2021 02:46:56,1,270,240,3,0,-999
15/07/2021 02:47:12,1,270,240,3,0,-999
15/07/2021 02:47:28,1,270,240,3,0,-999
15/07/2021 02:47:44,1,270,240,3,0,-999
15/07/2021 02:48:00,1,2280,240,3,1,2480
15/07/2021 02:48:16,1,2280,240,3,1,2480
15/07/2021 02:48:32,1,2280,240,3,1,2480
15/07/2021 02:48:48,1,2280,240,3,1,2460
15/07/2021 02:49:04,1,2280,240,3,1,2460
15/07/2021 02:49:20,1,2280,240,3,1,2500
15/07/2021 02:49:36,1,2280,240,3,1,2500
15/07/2021 02:49:52,1,280,240,3,0,-999
15/07/2021 02:50:08,1,280,240,3,0,-999
15/07/2021 02:50:24,1,280,240,3,0,-999
15/07/2021 02:50:40,1,280,240,3,0,-999
15/07/2021 02:50:56,1,280,240,3,0,-999
15/07/2021 02:51:12,1,280,240,3,0,-999
15/07/2021 02:51:28,1,280,240,3,0,-999
15/07/2021 02:51:44,1,280,240,3,0,-999
15/07/2021 02:52:00,1,280,240,3,0,-999
15/07/2021 02:52:16,1,280,240,3,0,-999
15/07/2021 02:52:32,1,280,240,3,0,-999
15/07/2021 02:52:48,1,280,240,3,0,-999
15/07/2021 02:53:04,1,280,240,3,0,-999
15/07/2021 02:53:20,1,280,240,3,0,-999
15/07/2021 02:53:36,1,280,240,3,0,-999
15/07/2021 02:53:52,1,280,240,3,0,-999
15/07/2021 02:54:08,1,280,240,3,0,-999
15/07/2021 02:54:24,1,280,240,3,0,-999
15/07/2021 02:54:40,1,280,240,3,0,-999
15/07/2021 02:54:56,1,280,240,3,0,-999
15/07/2021 02:55:12,1,280,240,3,0,-999
15/07/2021 02:55:28,1,280,240,3,0,-999
15/07/2021 02:55:44,1,280,240,3,0,-999
15/07/2021 02:56:00,1,280,240,3,0,-999
15/07/2021 02:56:16,1,280,240,3,0,-999
15/07/2021 02:56:32,1,280,240,3,0,-999
15/07/2021 02:56:48,1,280,240,3,0,-999
15/07/2021 02:57:04,1,280,240,3,0,-999
15/07/2021 02:57:20,1,280,240,3,0,-999
15/07/2021 02:57:36,1,280,240,3,0,-999
15/07/2021 02:57:52,1,280,240,3,0,-999
15/07/2021 02:58:08,1,280,240,3,0,-999
15/07/2021 02:58:24,1,280,240,3,0,-999
15/07/2021 02:58:40,1,280,240,3,0,-999
15/07/2021 02:58:56,1,-999,240,3,1,2000
15/07/2021 02:59:12,1,-999,240,3,1,2000
15/07/2021 02:59:28,1,-999,240,3,1,1990
15/07/2021 02:59:44,1,-999,240,3,1,1990
15/07/2021 03:00:00,2,-999,250,3,1,2010
15/07/2021 03:00:16,2,-999,250,3,1,2010
15/07/2021 03:00:32,2,-999,250,3,1,2010
15/07/2021 03:00:48,2,-999,250,3,1,2010
15/07/2021 03:01:04,2,-999,250,3,1,2010
15/07/2021 03:01:20,2,280,250,3,0,-999
15/07/2021 03:01:36,2,280,250,3,0,-999
15/07/2021 03:01:52,2,2170,250,3,1,2070
15/07/2021 03:02:08,2,2170,250,3,1,2070
15/07/2021 03:02:24,2,2180,250,3,1,2080
15/07/2021 03:02:40,2,2180,250,3,1,2080
15/07/2021 03:02:56,2,2180,250,3,1,2080
15/07/2021 03:03:12,2,2190,250,3,1,2090
15/07/2021 03:03:28,2,2190,250,3,1,2090
15/07/2021 03:03:44,2,2210,250,3,1,2110
15/07/2021 03:04:00,2,2210,250,3,1,2110
15/07/2021 03:04:16,2,2210,250,3,1,2140
15/07/2021 03:04:32,2,2220,250,3,1,2140
15/07/2021 03:04:48,2,2220,250,3,1,2120
15/07/2021 03:05:04,2,2240,250,3,1,2120
15/07/2021 03:05:20,2,2250,250,3,1,2120
15/07/2021 03:05:36,2,2250,250,3,1,2150
15/07/2021 03:05:52,2,2250,250,3,1,2150
15/07/2021 03:06:08,2,2250,250,3,1,1950
15/07/2021 03:06:24,2,2250,250,3,1,1950
15/07/2021 03:06:40,2,2270,250,3,1,1950
15/07/2021 03:06:56,2,2270,250,3,1,1950
15/07/2021 03:07:12,2,2270,250,3,1,2130
15/07/2021 03:07:28,2,2270,250,3,1,2130
15/07/2021 03:07:44,2,2270,250,3,1,2130
15/07/2021 03:08:00,2,2280,250,3,1,2070
15/07/2021 03:08:16,2,2280,250,3,1,2070
15/07/2021 03:08:32,2,2280,250,3,1,2170
15/07/2021 03:08:48,2,2280,250,3,1,2170
15/07/2021 03:09:04,2,2270,250,3,1,1970
15/07/2021 03:09:20,2,2270,250,3,1,1970
15/07/2021 03:09:36,2,2270,250,3,1,1880
15/07/2021 03:09:52,2,2270,250,3,1,1880
15/07/2021 03:10:08,2,2270,250,3,1,1880
15/07/2021 03:10:24,2,2270,250,3,1,2070
15/07/2021 03:10:40,2,2270,250,3,1,2070
15/07/2021 03:10:56,2,2270,250,3,1,2120
15/07/2021 03:11:12,2,2280,250,3,1,2120
15/07/2021 03:11:28,2,2280,250,3,1,1990
15/07/2021 03:11:44,2,2280,250,3,1,1990
15/07/2021 03:12:00,2,2280,250,3,1,2000
15/07/2021 03:12:16,2,2290,250,3,1,2000
15/07/2021 03:12:32,2,2290,250,3,1,2000
15/07/2021 03:12:48,2,2290,250,3,1,2070
15/07/2021 03:13:04,2,2290,250,3,1,2070
15/07/2021 03:13:20,2,2290,250,3,1,2110
15/07/2021 03:13:36,2,2290,250,3,1,2110
15/07/2021 03:13:52,2,2290,250,3,2,1830
15/07/2021 03:14:08,2,2290,250,3,2,1830
15/07/2021 03:14:24,2,2290,250,3,1,1810
15/07/2021 03:14:40,2,2290,250,3,1,1810
15/07/2021 03:14:56,2,-999,250,3,1,1810
15/07/2021 03:15:12,2,-999,250,3,1,1830
15/07/2021 03:15:28,2,-999,250,3,1,1830
15/07/2021 03:15:44,2,-999,250,3,1,1800
15/07/2021 03:16:00,2,-999,250,3,1,1800
15/07/2021 03:16:16,2,-999,250,3,1,1920
15/07/2021 03:16:32,2,2080,250,3,1,1920
15/07/2021 03:16:48,2,2090,250,3,1,1950
15/07/2021 03:17:04,2,2090,250,3,1,1950
15/07/2021 03:17:20,2,2090,250,3,1,1950
15/07/2021 03:17:36,2,2080,250,3,1,1860
15/07/2021 03:17:52,2,2080,250,3,1,1860
15/07/2021 03:18:08,2,2080,250,3,2,1760
15/07/2021 03:18:24,2,2060,250,3,2,1760
15/07/2021 03:18:40,2,2060,250,3,1,1780
15/07/2021 03:18:56,2,2050,250,3,1,1780
15/07/2021 03:19:12,2,2050,250,3,2,1810
15/07/2021 03:19:28,2,2050,250,3,2,1810
15/07/2021 03:19:44,2,2050,250,3,2,1810
15/07/2021 03:20:00,2,2050,250,3,1,2000
15/07/2021 03:20:16,2,2050,250,3,1,2000
15/07/2021 03:20:32,2,2050,250,3,1,2050
15/07/2021 03:20:48,2,2050,250,3,1,2050
15/07/2021 03:21:04,2,2050,250,3,1,1960
15/07/2021 03:21:20,2,2050,250,3,1,1960
15/07/2021 03:21:36,2,-999,250,3,1,1850
15/07/2021 03:21:52,2,-999,250,3,1,1850
15/07/2021 03:22:08,2,-999,250,3,1,1850
15/07/2021 03:22:24,2,-999,250,3,1,2160
15/07/2021 03:22:40,2,-999,250,3,1,2160
15/07/2021 03:22:56,2,2130,250,3,2,1890
15/07/2021 03:23:12,2,2130,250,3,2,1890
15/07/2021 03:23:28,2,2130,250,3,1,1910
15/07/2021 03:23:44,2,2130,250,3,1,1910
15/07/2021 03:24:00,2,2130,250,3,1,1910
15/07/2021 03:24:16,2,2130,250,3,1,1910
15/07/2021 03:24:32,2,2130,250,3,1,1910
15/07/2021 03:24:48,2,2130,250,3,1,1910
15/07/2021 03:25:04,2,2120,250,3,1,1910
15/07/2021 03:25:20,2,2120,250,3,1,2000
15/07/2021 03:25:36,2,2130,250,3,1,2000
15/07/2021 03:25:52,2,2130,250,3,1,1930
15/07/2021 03:26:08,2,2130,250,3,1,1930
15/07/2021 03:26:24,2,2130,250,3,1,1880
15/07/2021 03:26:40,2,2130,250,3,1,1880
15/07/2021 03:26:56,2,2130,250,3,1,1880
15/07/2021 03:27:12,2,2120,250,3,1,1890
15/07/2021 03:27:28,2,2120,250,3,1,1890
15/07/2021 03:27:44,2,2120,250,3,1,1820
15/07/2021 03:28:00,2,-999,250,3,1,1820
15/07/2021 03:28:16,2,-999,250,3,1,1760
15/07/2021 03:28:32,2,2000,250,3,1,1760
15/07/2021 03:28:48,2,2000,250,3,1,1950
15/07/2021 03:29:04,2,2000,250,3,1,1950
15/07/2021 03:29:20,2,2030,250,3,1,1950
15/07/2021 03:29:36,2,2030,250,3,1,1990
15/07/2021 03:29:52,2,2030,250,3,1,1990
15/07/2021 03:30:08,2,2030,250,3,1,2020
15/07/2021 03:30:24,2,2030,250,3,1,2020
15/07/2021 03:30:40,2,2070,250,3,1,2000
15/07/2021 03:30:56,2,2070,250,3,1,2000
15/07/2021 03:31:12,2,2070,250,3,1,2030
15/07/2021 03:31:28,2,2130,250,3,1,2030
15/07/2021 03:31:44,2,2130,250,3,1,2030
15/07/2021 03:32:00,2,2160,250,3,2,1950
15/07/2021 03:32:16,2,2160,250,3,2,1950
15/07/2021 03:32:32,2,2160,250,3,1,1930
15/07/2021 03:32:48,2,2160,250,3,1,1930
15/07/2021 03:33:04,2,2160,250,3,1,1870
15/07/2021 03:33:20,2,2160,250,3,1,1870
15/07/2021 03:33:36,2,2160,250,3,1,1870
15/07/2021 03:33:52,2,2160,250,3,1,1870
15/07/2021 03:34:08,2,2160,250,3,1,1870
15/07/2021 03:34:24,2,2140,250,3,2,1820
15/07/2021 03:34:40,2,-999,250,3,2,1820
15/07/2021 03:34:56,2,-999,250,3,1,2140
15/07/2021 03:35:12,2,-999,250,3,1,2140
15/07/2021 03:35:28,2,-999,250,3,1,2160
15/07/2021 03:35:44,2,-999,250,3,1,2160
15/07/2021 03:36:00,2,-999,250,3,1,2190
15/07/2021 03:36:16,2,-999,250,3,1,2190
15/07/2021 03:36:32,2,2350,250,3,1,2190
15/07/2021 03:36:48,2,2350,250,3,1,2150
15/07/2021 03:37:04,2,2350,250,3,1,2150
15/07/2021 03:37:20,2,2350,250,3,1,2200
15/07/2021 03:37:36,2,2350,250,3,1,2200
15/07/2021 03:37:52,2,2350,250,3,1,2130
15/07/2021 03:38:08,2,2350,250,3,1,2130
15/07/2021 03:38:24,2,2350,250,3,1,2050
15/07/2021 03:38:40,2,2340,250,3,1,2050
15/07/2021 03:38:56,2,2340,250,3,1,2050
15/07/2021 03:39:12,2,2340,250,3,1,2050
15/07/2021 03:39:28,2,2340,250,3,1,2050
15/07/2021 03:39:44,2,2340,250,3,1,2060
15/07/2021 03:40:00,2,2340,250,3,1,2060
15/07/2021 03:40:16,2,2340,250,3,1,2270
15/07/2021 03:40:32,2,2340,250,3,1,2270
15/07/2021 03:40:48,2,2340,250,3,1,2210
15/07/2021 03:41:04,2,2350,250,3,1,2210
15/07/2021 03:41:20,2,2350,250,3,1,2210
15/07/2021 03:41:36,2,2350,250,3,1,2260
15/07/2021 03:41:52,2,2360,250,3,1,2260
15/07/2021 03:42:08,2,2360,250,3,1,2300
15/07/2021 03:42:24,2,2360,250,3,1,2300
15/07/2021 03:42:40,2,2390,250,3,1,2320
15/07/2021 03:42:56,2,90,250,3,1,2320
15/07/2021 03:43:12,2,90,250,3,1,2480
15/07/2021 03:43:28,2,90,250,3,1,2480
15/07/2021 03:43:44,2,90,250,3,1,2480
15/07/2021 03:44:00,2,90,250,3,1,2390
15/07/2021 03:44:16,2,90,250,3,1,2390
15/07/2021 03:44:32,2,90,250,3,1,2350
15/07/2021 03:44:48,2,90,250,3,1,2350
15/07/2021 03:45:04,2,90,250,3,1,2310
15/07/2021 03:45:20,2,90,250,3,1,2310
15/07/2021 03:45:36,2,90,250,3,1,2260
15/07/2021 03:45:52,2,90,250,3,1,2260
15/07/2021 03:46:08,2,90,250,3,1,2260
15/07/2021 03:46:24,2,90,250,3,1,2320
15/07/2021 03:46:40,2,90,250,3,1,2320
15/07/2021 03:46:56,2,90,250,3,1,2350
15/07/2021 03:47:12,2,90,250,3,1,2350
15/07/2021 03:47:28,2,90,250,3,1,2340
15/07/2021 03:47:44,2,90,250,3,1,2340
15/07/2021 03:48:00,2,90,250,3,1,2370
15/07/2021 03:48:16,2,90,250,3,1,2370
15/07/2021 03:48:32,2,80,250,3,1,2370
15/07/2021 03:48:48,2,80,250,3,1,2240
15/07/2021 03:49:04,2,80,250,3,1,2240
15/07/2021 03:49:20,2,80,250,3,1,2270
15/07/2021 03:49:36,2,80,250,3,1,2270
15/07/2021 03:49:52,2,80,250,3,1,2190
15/07/2021 03:50:08,2,80,250,3,1,2190
15/07/2021 03:50:24,2,80,250,3,1,2140
15/07/2021 03:50:40,2,80,250,3,1,2140
15/07/2021 03:50:56,2,80,250,3,1,2140
15/07/2021 03:51:12,2,70,250,3,1,2240
15/07/2021 03:51:28,2,70,250,3,1,2240
15/07/2021 03:51:44,2,70,250,3,1,2300
15/07/2021 03:52:00,2,70,250,3,1,2300
15/07/2021 03:52:16,2,70,250,3,1,2260
15/07/2021 03:52:32,2,70,250,3,1,2260
15/07/2021 03:52:48,2,70,250,3,1,2210
15/07/2021 03:53:04,2,70,250,3,1,2210
15/07/2021 03:53:20,2,60,250,3,1,2210
15/07/2021 03:53:36,2,60,250,3,1,2210
15/07/2021 03:53:52,2,60,250,3,1,2210
15/07/2021 03:54:08,2,60,250,3,1,2260
15/07/2021 03:54:24,2,60,250,3,1,2260
15/07/2021 03:54:40,2,60,250,3,1,2220
15/07/2021 03:54:56,2,60,250,3,1,2220
15/07/2021 03:55:12,2,60,250,3,1,2210
15/07/2021 03:55:28,2,60,250,3,1,2210
15/07/2021 03:55:44,2,50,250,3,1,2210
15/07/2021 03:56:00,2,50,250,3,1,2210
15/07/2021 03:56:16,2,50,250,3,1,2210
15/07/2021 03:56:32,2,50,250,3,1,2150
15/07/2021 03:56:48,2,2420,250,3,1,2150
15/07/2021 03:57:04,2,2430,250,3,1,2140
15/07/2021 03:57:20,2,2430,250,3,1,2140
15/07/2021 03:57:36,2,2430,250,3,1,2240
15/07/2021 03:57:52,2,2430,250,3,1,2240
15/07/2021 03:58:08,2,2430,250,3,1,2240
15/07/2021 03:58:24,2,2430,250,3,1,2260
15/07/2021 03:58:40,2,2440,250,3,1,2260
15/07/2021 03:58:56,2,2440,250,3,1,2270
15/07/2021 03:59:12,2,2440,250,3,1,2270
15/07/2021 03:59:28,2,2450,250,3,1,2260
15/07/2021 03:59:44,2,2450,250,3,1,2260
15/07/2021 04:00:00,1,2450,80,3,1,2280
15/07/2021 04:00:16,1,2440,80,3,1,2280
15/07/2021 04:00:32,1,2440,80,3,1,2280
15/07/2021 04:00:48,1,2440,80,3,1,2250
15/07/2021 04:01:04,1,2440,80,3,1,2250
15/07/2021 04:01:20,1,2440,80,3,1,2190
15/07/2021 04:01:36,1,2440,80,3,1,2190
15/07/2021 04:01:52,1,2430,80,3,1,2140
15/07/2021 04:02:08,1,2430,80,3,1,2140
15/07/2021 04:02:24,1,2430,80,3,1,2170
15/07/2021 04:02:40,1,2410,80,3,1,2170
15/07/2021 04:02:56,1,2410,80,3,1,2170
15/07/2021 04:03:12,1,2380,80,3,1,2170
15/07/2021 04:03:28,1,2380,80,3,1,2170
15/07/2021 04:03:44,1,2380,80,3,1,2200
15/07/2021 04:04:00,1,2380,80,3,1,2200
15/07/2021 04:04:16,1,2380,80,3,1,2200
15/07/2021 04:04:32,1,2380,80,3,1,2200
15/07/2021 04:04:48,1,2380,80,3,1,2210
15/07/2021 04:05:04,1,2380,80,3,1,2210
15/07/2021 04:05:20,1,2380,80,3,1,2210
15/07/2021 04:05:36,1,2400,80,3,1,2250
15/07/2021 04:05:52,1,2400,80,3,1,2250
15/07/2021 04:06:08,1,2430,80,3,1,2220
15/07/2021 04:06:24,1,2430,80,3,1,2220
15/07/2021 04:06:40,1,2430,80,3,1,2160
15/07/2021 04:06:56,1,2430,80,3,1,2160
15/07/2021 04:07:12,1,2430,80,3,1,2110
15/07/2021 04:07:28,1,2430,80,3,1,2110
15/07/2021 04:07:44,1,2430,80,3,1,2110
15/07/2021 04:08:00,1,-999,80,3,1,2090
15/07/2021 04:08:16,1,-999,80,3,1,2090
15/07/2021 04:08:32,1,-999,80,3,1,2080
15/07/2021 04:08:48,1,2320,80,3,1,2080
15/07/2021 04:09:04,1,2330,80,3,1,2240
15/07/2021 04:09:20,1,2330,80,3,1,2240
15/07/2021 04:09:36,1,2330,80,3,1,2250
15/07/2021 04:09:52,1,2330,80,3,1,2250
15/07/2021 04:10:08,1,2330,80,3,1,2250
15/07/2021 04:10:24,1,2330,80,3,1,2270
15/07/2021 04:10:40,1,2330,80,3,1,2270
15/07/2021 04:10:56,1,2350,80,3,1,2150
15/07/2021 04:11:12,1,2350,80,3,1,2150
15/07/2021 04:11:28,1,2350,80,3,1,2100
15/07/2021 04:11:44,1,2350,80,3,1,2100
15/07/2021 04:12:00,1,2350,80,3,1,2060
15/07/2021 04:12:16,1,2350,80,3,1,2060
15/07/2021 04:12:32,1,2350,80,3,1,2060
15/07/2021 04:12:48,1,2350,80,3,1,2050
15/07/2021 04:13:04,1,2350,80,3,1,2050
15/07/2021 04:13:20,1,2320,80,3,1,2080
15/07/2021 04:13:36,1,2320,80,3,1,2080
15/07/2021 04:13:52,1,2320,80,3,1,2190
15/07/2021 04:14:08,1,2320,80,3,1,2190
15/07/2021 04:14:24,1,2310,80,3,1,2130
15/07/2021 04:14:40,1,2310,80,3,1,2130
15/07/2021 04:14:56,1,2270,80,3,1,2130
15/07/2021 04:15:12,1,2270,80,3,1,2100
15/07/2021 04:15:28,1,2260,80,3,1,2100
15/07/2021 04:15:44,1,2260,80,3,1,2090
15/07/2021 04:16:00,1,2270,80,3,1,2090
15/07/2021 04:16:16,1,2270,80,3,2,1670
15/07/2021 04:16:32,1,2270,80,3,2,1670
15/07/2021 04:16:48,1,2290,80,3,1,1740
15/07/2021 04:17:04,1,2290,80,3,1,1740
15/07/2021 04:17:20,1,2290,80,3,1,1740
15/07/2021 04:17:36,1,-999,80,3,2,1790
15/07/2021 04:17:52,1,-999,80,3,2,1790
15/07/2021 04:18:08,1,-999,80,3,1,2210
15/07/2021 04:18:24,1,-999,80,3,1,2210
15/07/2021 04:18:40,1,-999,80,3,1,2190
15/07/2021 04:18:56,1,-999,80,3,1,2190
15/07/2021 04:19:12,1,-999,80,3,1,2110
15/07/2021 04:19:28,1,-999,80,3,1,2110
15/07/2021 04:19:44,1,-999,80,3,1,2110
15/07/2021 04:20:00,1,-999,80,3,1,2040
15/07/2021 04:20:16,1,-999,80,3,1,2040
15/07/2021 04:20:32,1,2300,80,3,1,2190
15/07/2021 04:20:48,1,2300,80,3,1,2190
15/07/2021 04:21:04,1,2300,80,3,2,1900
15/07/2021 04:21:20,1,2300,80,3,2,1900
15/07/2021 04:21:36,1,2300,80,3,2,1860
15/07/2021 04:21:52,1,2270,80,3,2,1860
15/07/2021 04:22:08,1,2270,80,3,2,1860
15/07/2021 04:22:24,1,2260,80,3,1,2110
15/07/2021 04:22:40,1,2260,80,3,1,2110
15/07/2021 04:22:56,1,2260,80,3,1,2150
15/07/2021 04:23:12,1,2260,80,3,1,2150
15/07/2021 04:23:28,1,-999,80,3,1,2180
15/07/2021 04:23:44,1,-999,80,3,1,2180
15/07/2021 04:24:00,1,-999,80,3,1,2180
15/07/2021 04:24:16,1,-999,80,3,1,2180
15/07/2021 04:24:32,1,-999,80,3,1,2180
15/07/2021 04:24:48,1,-999,80,3,1,2200
15/07/2021 04:25:04,1,2360,80,3,1,2200
15/07/2021 04:25:20,1,2360,80,3,1,2190
15/07/2021 04:25:36,1,2360,80,3,1,2190
15/07/2021 04:25:52,1,2380,80,3,1,2260
15/07/2021 04:26:08,1,2380,80,3,1,2260
15/07/2021 04:26:24,1,2390,80,3,1,2260
15/07/2021 04:26:40,1,2390,80,3,1,2260
15/07/2021 04:26:56,1,2390,80,3,1,2260
15/07/2021 04:27:12,1,2380,80,3,2,1820
15/07/2021 04:27:28,1,2380,80,3,2,1820
15/07/2021 04:27:44,1,2390,80,3,3,1860
15/07/2021 04:28:00,1,2390,80,3,3,1860
15/07/2021 04:28:16,1,2390,80,3,1,2220
15/07/2021 04:28:32,1,2390,80,3,1,2220
15/07/2021 04:28:48,1,2390,80,3,2,1900
15/07/2021 04:29:04,1,2390,80,3,2,1900
15/07/2021 04:29:20,1,-999,80,3,2,1900
15/07/2021 04:29:36,1,-999,80,3,1,1940
15/07/2021 04:29:52,1,-999,80,3,1,1940
15/07/2021 04:30:08,1,-999,80,3,2,1960
15/07/2021 04:30:24,1,-999,80,3,2,1960
15/07/2021 04:30:40,1,-999,80,3,2,2010
15/07/2021 04:30:56,1,2250,80,3,2,2010
15/07/2021 04:31:12,1,2250,80,3,1,2030
15/07/2021 04:31:28,1,2250,80,3,1,2030
15/07/2021 04:31:44,1,2250,80,3,1,2030
15/07/2021 04:32:00,1,2250,80,3,1,2060
15/07/2021 04:32:16,1,2250,80,3,1,2060
15/07/2021 04:32:32,1,2230,80,3,1,2050
15/07/2021 04:32:48,1,2230,80,3,1,2050
15/07/2021 04:33:04,1,2250,80,3,1,2070
15/07/2021 04:33:20,1,2250,80,3,1,2070
15/07/2021 04:33:36,1,2270,80,3,1,2210
15/07/2021 04:33:52,1,2270,80,3,1,2210
15/07/2021 04:34:08,1,2280,80,3,1,2210
15/07/2021 04:34:24,1,2280,80,3,1,2100
15/07/2021 04:34:40,1,2280,80,3,1,2100
15/07/2021 04:34:56,1,2310,80,3,1,2120
15/07/2021 04:35:12,1,2310,80,3,1,2120
15/07/2021 04:35:28,1,2310,80,3,1,2000
15/07/2021 04:35:44,1,2310,80,3,1,2000
15/07/2021 04:36:00,1,2310,80,3,1,2040
15/07/2021 04:36:16,1,2310,80,3,1,2040
15/07/2021 04:36:32,1,2310,80,3,1,2040
15/07/2021 04:36:48,1,2310,80,3,1,1990
15/07/2021 04:37:04,1,2310,80,3,1,1990
15/07/2021 04:37:20,1,2260,80,3,1,1990
15/07/2021 04:37:36,1,2260,80,3,1,1990
15/07/2021 04:37:52,1,2250,80,3,2,1980
15/07/2021 04:38:08,1,2250,80,3,2,1980
15/07/2021 04:38:24,1,2250,80,3,1,1930
15/07/2021 04:38:40,1,2250,80,3,1,1930
15/07/2021 04:38:56,1,2230,80,3,1,1930
15/07/2021 04:39:12,1,2230,80,3,1,2230
15/07/2021 04:39:28,1,2230,80,3,1,2230
15/07/2021 04:39:44,1,2230,80,3,2,1940
15/07/2021 04:40:00,1,2230,80,3,2,1940
15/07/2021 04:40:16,1,2230,80,3,1,1930
15/07/2021 04:40:32,1,2230,80,3,1,1930
15/07/2021 04:40:48,1,2230,80,3,1,2170
15/07/2021 04:41:04,1,2250,80,3,1,2170
15/07/2021 04:41:20,1,2250,80,3,1,2170
15/07/2021 04:41:36,1,2250,80,3,1,2140
15/07/2021 04:41:52,1,2250,80,3,1,2140
15/07/2021 04:42:08,1,2290,80,3,1,2140
15/07/2021 04:42:24,1,2290,80,3,1,2140
15/07/2021 04:42:40,1,2290,80,3,1,2150
15/07/2021 04:42:56,1,2290,80,3,1,2150
15/07/2021 04:43:12,1,2290,80,3,1,2180
15/07/2021 04:43:28,1,2290,80,3,1,2180
15/07/2021 04:43:44,1,2290,80,3,1,2180
15/07/2021 04:44:00,1,2320,80,3,1,2210
15/07/2021 04:44:16,1,2320,80,3,1,2210
15/07/2021 04:44:32,1,2330,80,3,1,1870
15/07/2021 04:44:48,1,2330,80,3,1,1870
15/07/2021 04:45:04,1,2340,80,3,1,1870
15/07/2021 04:45:20,1,2340,80,3,1,1870
15/07/2021 04:45:36,1,2340,80,3,1,1890
15/07/2021 04:45:52,1,2390,80,3,1,1890
15/07/2021 04:46:08,1,2390,80,3,1,1890
15/07/2021 04:46:24,1,2390,80,3,1,2080
15/07/2021 04:46:40,1,2390,80,3,1,2080
15/07/2021 04:46:56,1,2410,80,3,2,1830
15/07/2021 04:47:12,1,2410,80,3,2,1830
15/07/2021 04:47:28,1,2410,80,3,1,1850
15/07/2021 04:47:44,1,2410,80,3,1,1850
15/07/2021 04:48:00,1,-999,80,3,1,1760
15/07/2021 04:48:16,1,-999,80,3,1,1760
15/07/2021 04:48:32,1,-999,80,3,1,1760
15/07/2021 04:48:48,1,-999,80,3,1,1750
15/07/2021 04:49:04,1,-999,80,3,1,1750
15/07/2021 04:49:20,1,180,80,3,0,-999
15/07/2021 04:49:36,1,180,80,3,0,-999
15/07/2021 04:49:52,1,180,80,3,0,-999
15/07/2021 04:50:08,1,180,80,3,0,-999
15/07/2021 04:50:24,1,-999,80,3,1,2070
15/07/2021 04:50:40,1,-999,80,3,1,2070
15/07/2021 04:50:56,1,-999,80,3,1,2070
15/07/2021 04:51:12,1,-999,80,3,1,2020
15/07/2021 04:51:28,1,-999,80,3,1,2020
15/07/2021 04:51:44,1,-999,80,3,1,1980
15/07/2021 04:52:00,1,-999,80,3,1,1980
15/07/2021 04:52:16,1,-999,80,3,1,2070
15/07/2021 04:52:32,1,-999,80,3,1,2070
15/07/2021 04:52:48,1,-999,80,3,1,1950
15/07/2021 04:53:04,1,-999,80,3,1,1950
15/07/2021 04:53:20,1,-999,80,3,1,1950
15/07/2021 04:53:36,1,2160,80,3,2,2020
15/07/2021 04:53:52,1,2160,80,3,2,2020
15/07/2021 04:54:08,1,2160,80,3,2,1800
15/07/2021 04:54:24,1,2160,80,3,2,1800
15/07/2021 04:54:40,1,2160,80,3,2,1770
15/07/2021 04:54:56,1,2160,80,3,2,1770
15/07/2021 04:55:12,1,2160,80,3,1,1780
15/07/2021 04:55:28,1,2160,80,3,1,1780
15/07/2021 04:55:44,1,-999,80,3,1,1780
15/07/2021 04:56:00,1,-999,80,3,2,1790
15/07/2021 04:56:16,1,2160,80,3,2,1790
15/07/2021 04:56:32,1,-999,80,3,1,2110
15/07/2021 04:56:48,1,-999,80,3,1,2110
15/07/2021 04:57:04,1,-999,80,3,1,2120
15/07/2021 04:57:20,1,-999,80,3,1,2120
15/07/2021 04:57:36,1,-999,80,3,1,2060
15/07/2021 04:57:52,1,-999,80,3,1,2060
15/07/2021 04:58:08,1,-999,80,3,1,2060
15/07/2021 04:58:24,1,-999,80,3,1,2110
15/07/2021 04:58:40,1,2310,80,3,1,2110
15/07/2021 04:58:56,1,2310,80,3,1,2110
15/07/2021 04:59:12,1,2310,80,3,1,2110
15/07/2021 04:59:28,1,2290,80,3,2,1800
15/07/2021 04:59:44,1,2290,80,3,2,1800
15/07/2021 05:00:00,1,2310,2310,3,1,2200
15/07/2021 05:00:16,1,2310,2310,3,1,2200
15/07/2021 05:00:32,1,2310,2310,3,1,2200
15/07/2021 05:00:48,1,2310,2310,3,1,2160
15/07/2021 05:01:04,1,2310,2310,3,1,2160
15/07/2021 05:01:20,1,2310,2310,3,1,2150
15/07/2021 05:01:36,1,2300,2310,3,1,2150
15/07/2021 05:01:52,1,2300,2310,3,3,1690
15/07/2021 05:02:08,1,2290,2310,3,3,1690
15/07/2021 05:02:24,1,2290,2310,3,1,1920
15/07/2021 05:02:40,1,2290,2310,3,1,1920
15/07/2021 05:02:56,1,2280,2310,3,1,1920
15/07/2021 05:03:12,1,2280,2310,3,2,1940
15/07/2021 05:03:28,1,2240,2310,3,2,1940
15/07/2021 05:03:44,1,2240,2310,3,1,2120
15/07/2021 05:04:00,1,2240,2310,3,1,2120
15/07/2021 05:04:16,1,2240,2310,3,2,1710
15/07/2021 05:04:32,1,2240,2310,3,2,1710
15/07/2021 05:04:48,1,2240,2310,3,1,2090
15/07/2021 05:05:04,1,2240,2310,3,1,2090
15/07/2021 05:05:20,1,2240,2310,3,1,2090
15/07/2021 05:05:36,1,2270,2310,3,1,2100
15/07/2021 05:05:52,1,2270,2310,3,1,2100
15/07/2021 05:06:08,1,2270,2310,3,1,2140
15/07/2021 05:06:24,1,2270,2310,3,1,2140
15/07/2021 05:06:40,1,2270,2310,3,1,2070
15/07/2021 05:06:56,1,2270,2310,3,1,2070
15/07/2021 05:07:12,1,2270,2310,3,1,2110
15/07/2021 05:07:28,1,2280,2310,3,1,2110
15/07/2021 05:07:44,1,2280,2310,3,1,2110
15/07/2021 05:08:00,1,2290,2310,3,1,2100
15/07/2021 05:08:16,1,2290,2310,3,1,2100
15/07/2021 05:08:32,1,2290,2310,3,1,2070
15/07/2021 05:08:48,1,2290,2310,3,1,2070
15/07/2021 05:09:04,1,2300,2310,3,1,2190
15/07/2021 05:09:20,1,2300,2310,3,1,2190
15/07/2021 05:09:36,1,2310,2310,3,1,2250
15/07/2021 05:09:52,1,2310,2310,3,1,2250
15/07/2021 05:10:08,1,2330,2310,3,1,2250
15/07/2021 05:10:24,1,2330,2310,3,1,2260
15/07/2021 05:10:40,1,2330,2310,3,1,2260
15/07/2021 05:10:56,1,2350,2310,3,1,2270
15/07/2021 05:11:12,1,2350,2310,3,1,2270
15/07/2021 05:11:28,1,2370,2310,3,2,1730
15/07/2021 05:11:44,1,2370,2310,3,2,1730
15/07/2021 05:12:00,1,2370,2310,3,1,2170
15/07/2021 05:12:16,1,2370,2310,3,1,2170
15/07/2021 05:12:32,1,2370,2310,3,1,2170
15/07/2021 05:12:48,1,2390,2310,3,2,1710
15/07/2021 05:13:04,1,2390,2310,3,2,1710
15/07/2021 05:13:20,1,2390,2310,3,1,2210
15/07/2021 05:13:36,1,2390,2310,3,1,2210
15/07/2021 05:13:52,1,2380,2310,3,1,2170
15/07/2021 05:14:08,1,2380,2310,3,1,2170
15/07/2021 05:14:24,1,2380,2310,3,1,2220
15/07/2021 05:14:40,1,2380,2310,3,1,2220
15/07/2021 05:14:56,1,2370,2310,3,1,2220
15/07/2021 05:15:12,1,2370,2310,3,2,1670
15/07/2021 05:15:28,1,2380,2310,3,2,1670
15/07/2021 05:15:44,1,2380,2310,3,2,1670
15/07/2021 05:16:00,1,2380,2310,3,2,1670
15/07/2021 05:16:16,1,2380,2310,3,1,1650
15/07/2021 05:16:32,1,2380,2310,3,1,1650
15/07/2021 05:16:48,1,2380,2310,3,1,1650
15/07/2021 05:17:04,1,2380,2310,3,1,1650
15/07/2021 05:17:20,1,-999,2310,3,1,1650
15/07/2021 05:17:36,1,-999,2310,3,2,1810
15/07/2021 05:17:52,1,-999,2310,3,2,1810
15/07/2021 05:18:08,1,-999,2310,3,2,2040
15/07/2021 05:18:24,1,-999,2310,3,2,2040
15/07/2021 05:18:40,1,-999,2310,3,1,2240
15/07/2021 05:18:56,1,-999,2310,3,1,2240
15/07/2021 05:19:12,1,-999,2310,3,1,2200
15/07/2021 05:19:28,1,-999,2310,3,1,2200
15/07/2021 05:19:44,1,-999,2310,3,1,2200
15/07/2021 05:20:00,1,130,2310,3,0,-999
15/07/2021 05:20:16,1,130,2310,3,0,-999
15/07/2021 05:20:32,1,120,2310,3,0,-999
15/07/2021 05:20:48,1,120,2310,3,0,-999
15/07/2021 05:21:04,1,120,2310,3,0,-999
15/07/2021 05:21:20,1,120,2310,3,0,-999
15/07/2021 05:21:36,1,120,2310,3,0,-999
15/07/2021 05:21:52,1,120,2310,3,0,-999
15/07/2021 05:22:08,1,120,2310,3,0,-999
15/07/2021 05:22:24,1,-999,2310,3,1,2620
15/07/2021 05:22:40,1,-999,2310,3,1,2620
15/07/2021 05:22:56,1,-999,2310,3,1,2590
15/07/2021 05:23:12,1,-999,2310,3,1,2590
15/07/2021 05:23:28,1,-999,2310,3,1,2590
15/07/2021 05:23:44,1,-999,2310,3,1,2590
15/07/2021 05:24:00,1,-999,2310,3,1,2530
15/07/2021 05:24:16,1,-999,2310,3,1,2530
15/07/2021 05:24:32,1,-999,2310,3,1,2530
15/07/2021 05:24:48,1,-999,2310,3,1,2500
15/07/2021 05:25:04,1,-999,2310,3,1,2500
15/07/2021 05:25:20,1,2690,2310,3,1,2610
15/07/2021 05:25:36,1,2690,2310,3,1,2610
15/07/2021 05:25:52,1,2690,2310,3,1,2500
15/07/2021 05:26:08,1,2710,2310,3,1,2500
15/07/2021 05:26:24,1,2710,2310,3,2,2490
15/07/2021 05:26:40,1,2710,2310,3,2,2490
15/07/2021 05:26:56,1,2710,2310,3,2,2490
15/07/2021 05:27:12,1,2720,2310,3,1,2650
15/07/2021 05:27:28,1,2720,2310,3,1,2650
15/07/2021 05:27:44,1,2710,2310,3,1,2480
15/07/2021 05:28:00,1,2710,2310,3,1,2480
15/07/2021 05:28:16,1,2710,2310,3,1,2440
15/07/2021 05:28:32,1,2710,2310,3,1,2440
15/07/2021 05:28:48,1,2720,2310,3,1,2610
15/07/2021 05:29:04,1,2720,2310,3,1,2610
15/07/2021 05:29:20,1,2800,2310,3,1,2610
15/07/2021 05:29:36,1,2800,2310,3,1,2630
15/07/2021 05:29:52,1,2800,2310,3,1,2630
15/07/2021 05:30:08,1,2800,2310,3,1,2630
15/07/2021 05:30:24,1,2760,2310,3,1,2630
15/07/2021 05:30:40,1,2760,2310,3,1,2560
15/07/2021 05:30:56,1,2740,2310,3,1,2560
15/07/2021 05:31:12,1,2740,2310,3,1,2440
15/07/2021 05:31:28,1,2730,2310,3,1,2440
15/07/2021 05:31:44,1,2730,2310,3,1,2440
15/07/2021 05:32:00,1,2740,2310,3,1,2660
15/07/2021 05:32:16,1,2740,2310,3,1,2660
15/07/2021 05:32:32,1,2760,2310,3,1,2630
15/07/2021 05:32:48,1,2760,2310,3,1,2630
15/07/2021 05:33:04,1,2760,2310,3,1,2720
15/07/2021 05:33:20,1,2760,2310,3,1,2720
15/07/2021 05:33:36,1,2820,2310,3,1,2710
15/07/2021 05:33:52,1,2830,2310,3,1,2710
15/07/2021 05:34:08,1,2830,2310,3,1,2710
15/07/2021 05:34:24,1,2830,2310,3,2,2230
15/07/2021 05:34:40,1,-999,2310,3,2,2230
15/07/2021 05:34:56,1,2840,2310,3,1,2160
15/07/2021 05:35:12,1,2840,2310,3,1,2160
15/07/2021 05:35:28,1,2840,2310,3,1,2130
15/07/2021 05:35:44,1,2840,2310,3,1,2130
15/07/2021 05:36:00,1,2840,2310,3,2,1990
15/07/2021 05:36:16,1,2840,2310,3,2,1990
15/07/2021 05:36:32,1,-999,2310,3,2,1990
15/07/2021 05:36:48,1,2290,2310,3,1,2060
15/07/2021 05:37:04,1,2290,2310,3,1,2060
15/07/2021 05:37:20,1,2290,2310,3,2,2110
15/07/2021 05:37:36,1,2290,2310,3,2,2110
15/07/2021 05:37:52,1,2290,2310,3,1,2070
15/07/2021 05:38:08,1,2290,2310,3,1,2070
15/07/2021 05:38:24,1,2280,2310,3,2,2020
15/07/2021 05:38:40,1,2280,2310,3,2,2020
15/07/2021 05:38:56,1,2280,2310,3,2,2020
15/07/2021 05:39:12,1,2280,2310,3,2,2250
15/07/2021 05:39:28,1,2280,2310,3,2,2250
15/07/2021 05:39:44,1,2280,2310,3,2,2100
15/07/2021 05:40:00,1,2300,2310,3,2,2100
15/07/2021 05:40:16,1,2300,2310,3,2,2100
15/07/2021 05:40:32,1,2300,2310,3,2,2100
15/07/2021 05:40:48,1,-999,2310,3,2,2000
15/07/2021 05:41:04,1,-999,2310,3,2,2000
15/07/2021 05:41:20,1,-999,2310,3,2,2000
15/07/2021 05:41:36,1,-999,2310,3,1,2600
15/07/2021 05:41:52,1,-999,2310,3,1,2600
15/07/2021 05:42:08,1,-999,2310,3,2,2270
15/07/2021 05:42:24,1,-999,2310,3,2,2270
15/07/2021 05:42:40,1,-999,2310,3,2,1930
15/07/2021 05:42:56,1,-999,2310,3,2,1930
15/07/2021 05:43:12,1,-999,2310,3,1,1910
15/07/2021 05:43:28,1,-999,2310,3,1,1910
15/07/2021 05:43:44,1,2100,2310,3,1,1910
15/07/2021 05:44:00,1,2100,2310,3,1,1820
15/07/2021 05:44:16,1,2100,2310,3,1,1820
15/07/2021 05:44:32,1,2100,2310,3,1,1870
15/07/2021 05:44:48,1,2100,2310,3,1,1870
15/07/2021 05:45:04,1,2080,2310,3,1,1860
15/07/2021 05:45:20,1,2080,2310,3,1,1860
15/07/2021 05:45:36,1,2080,2310,3,2,1860
15/07/2021 05:45:52,1,2080,2310,3,2,1860
15/07/2021 05:46:08,1,2070,2310,3,2,1860
15/07/2021 05:46:24,1,2070,2310,3,1,2710
15/07/2021 05:46:40,1,2070,2310,3,1,2710
15/07/2021 05:46:56,1,2070,2310,3,1,2590
15/07/2021 05:47:12,1,-999,2310,3,1,2590
15/07/2021 05:47:28,1,-999,2310,3,1,2720
15/07/2021 05:47:44,1,-999,2310,3,1,2720
15/07/2021 05:48:00,1,-999,2310,3,1,2540
15/07/2021 05:48:16,1,-999,2310,3,1,2540
15/07/2021 05:48:32,1,-999,2310,3,1,2540
15/07/2021 05:48:48,1,-999,2310,3,1,2520
15/07/2021 05:49:04,1,-999,2310,3,1,2520
15/07/2021 05:49:20,1,-999,2310,3,1,2480
15/07/2021 05:49:36,1,-999,2310,3,1,2480
15/07/2021 05:49:52,1,-999,2310,3,1,2480
15/07/2021 05:50:08,1,2770,2310,3,1,2480
15/07/2021 05:50:24,1,2760,2310,3,1,2580
15/07/2021 05:50:40,1,2740,2310,3,1,2580
15/07/2021 05:50:56,1,2740,2310,3,1,2580
15/07/2021 05:51:12,1,2740,2310,3,1,2610
15/07/2021 05:51:28,1,2740,2310,3,1,2610
15/07/2021 05:51:44,1,2740,2310,3,2,2440
15/07/2021 05:52:00,1,2740,2310,3,2,2440
15/07/2021 05:52:16,1,2720,2310,3,1,2510
15/07/2021 05:52:32,1,2720,2310,3,1,2510
15/07/2021 05:52:48,1,2720,2310,3,1,2500
15/07/2021 05:53:04,1,2720,2310,3,1,2500
15/07/2021 05:53:20,1,2720,2310,3,1,2500
15/07/2021 05:53:36,1,2720,2310,3,1,2620
15/07/2021 05:53:52,1,2740,2310,3,1,2620
15/07/2021 05:54:08,1,2740,2310,3,1,2610
15/07/2021 05:54:24,1,2730,2310,3,1,2610
15/07/2021 05:54:40,1,2730,2310,3,1,2600
15/07/2021 05:54:56,1,2730,2310,3,1,2600
15/07/2021 05:55:12,1,2730,2310,3,2,2120
15/07/2021 05:55:28,1,2730,2310,3,2,2120
15/07/2021 05:55:44,1,2740,2310,3,2,2120
15/07/2021 05:56:00,1,2740,2310,3,2,2090
15/07/2021 05:56:16,1,2740,2310,3,2,2090
15/07/2021 05:56:32,1,2740,2310,3,2,2040
15/07/2021 05:56:48,1,2750,2310,3,2,2040
15/07/2021 05:57:04,1,2750,2310,3,2,2020
15/07/2021 05:57:20,1,2770,2310,3,2,2020
15/07/2021 05:57:36,1,2770,2310,3,1,2550
15/07/2021 05:57:52,1,2770,2310,3,1,2550
15/07/2021 05:58:08,1,2770,2310,3,1,2550
15/07/2021 05:58:24,1,2770,2310,3,2,2040
15/07/2021 05:58:40,1,2110,2310,3,2,2040
15/07/2021 05:58:56,1,2110,2310,3,1,1970
15/07/2021 05:59:12,1,2110,2310,3,1,1970
15/07/2021 05:59:28,1,2110,2310,3,1,1900
15/07/2021 05:59:44,1,2110,2310,3,1,1900
15/07/2021 06:00:00,1,2090,2300,3,1,1860
15/07/2021 06:00:16,1,2090,2300,3,1,1860
15/07/2021 06:00:32,1,2090,2300,3,1,1860
15/07/2021 06:00:48,1,2090,2300,3,1,1820
15/07/2021 06:01:04,1,2090,2300,3,1,1820
15/07/2021 06:01:20,1,2070,2300,3,1,1890
15/07/2021 06:01:36,1,2070,2300,3,1,1890
15/07/2021 06:01:52,1,2040,2300,3,1,1850
15/07/2021 06:02:08,1,2040,2300,3,1,1850
15/07/2021 06:02:24,1,2040,2300,3,1,1860
15/07/2021 06:02:40,1,2020,2300,3,1,1860
15/07/2021 06:02:56,1,2020,2300,3,1,1860
15/07/2021 06:03:12,1,2020,2300,3,2,1880
15/07/2021 06:03:28,1,2020,2300,3,2,1880
15/07/2021 06:03:44,1,2020,2300,3,1,2010
15/07/2021 06:04:00,1,2020,2300,3,1,2010
15/07/2021 06:04:16,1,2020,2300,3,1,1820
15/07/2021 06:04:32,1,2010,2300,3,1,1820
15/07/2021 06:04:48,1,2010,2300,3,1,1820
15/07/2021 06:05:04,1,2010,2300,3,1,1820
15/07/2021 06:05:20,1,2010,2300,3,1,1820
15/07/2021 06:05:36,1,2010,2300,3,2,1900
15/07/2021 06:05:52,1,-999,2300,3,2,1900
15/07/2021 06:06:08,1,-999,2300,3,3,1830
15/07/2021 06:06:24,1,-999,2300,3,3,1830
15/07/2021 06:06:40,1,-999,2300,3,1,2460
15/07/2021 06:06:56,1,-999,2300,3,1,2460
15/07/2021 06:07:12,1,-999,2300,3,1,2360
15/07/2021 06:07:28,1,-999,2300,3,1,2360
15/07/2021 06:07:44,1,-999,2300,3,1,2360
15/07/2021 06:08:00,1,-999,2300,3,2,2080
15/07/2021 06:08:16,1,-999,2300,3,2,2080
15/07/2021 06:08:32,1,-999,2300,3,1,1990
15/07/2021 06:08:48,1,-999,2300,3,1,1990
15/07/2021 06:09:04,1,-999,2300,3,1,1910
15/07/2021 06:09:20,1,-999,2300,3,1,1910
15/07/2021 06:09:36,1,-999,2300,3,1,1900
15/07/2021 06:09:52,1,-999,2300,3,1,1900
15/07/2021 06:10:08,1,-999,2300,3,1,1900
15/07/2021 06:10:24,1,-999,2300,3,2,2020
15/07/2021 06:10:40,1,-999,2300,3,2,2020
15/07/2021 06:10:56,1,-999,2300,3,2,2300
15/07/2021 06:11:12,1,-999,2300,3,2,2300
15/07/2021 06:11:28,1,-999,2300,3,1,2110
15/07/2021 06:11:44,1,-999,2300,3,1,2110
15/07/2021 06:12:00,1,-999,2300,3,1,2090
15/07/2021 06:12:16,1,-999,2300,3,1,2090
15/07/2021 06:12:32,1,-999,2300,3,1,2090
15/07/2021 06:12:48,1,-999,2300,3,1,2320
15/07/2021 06:13:04,1,-999,2300,3,1,2320
15/07/2021 06:13:20,1,-999,2300,3,2,1900
15/07/2021 06:13:36,1,-999,2300,3,2,1900
15/07/2021 06:13:52,1,-999,2300,3,1,2060
15/07/2021 06:14:08,1,-999,2300,3,1,2060
15/07/2021 06:14:24,1,-999,2300,3,1,2100
15/07/2021 06:14:40,1,-999,2300,3,1,2100
15/07/2021 06:14:56,1,2280,2300,3,1,2100
15/07/2021 06:15:12,1,2280,2300,3,1,1990
15/07/2021 06:15:28,1,2190,2300,3,1,1990
15/07/2021 06:15:44,1,2190,2300,3,2,1810
15/07/2021 06:16:00,1,-999,2300,3,2,1810
15/07/2021 06:16:16,1,-999,2300,3,2,2100
15/07/2021 06:16:32,1,-999,2300,3,2,2100
15/07/2021 06:16:48,1,-999,2300,3,2,1910
15/07/2021 06:17:04,1,-999,2300,3,2,1910
15/07/2021 06:17:20,1,-999,2300,3,2,1910
15/07/2021 06:17:36,1,-999,2300,3,2,2030
15/07/2021 06:17:52,1,-999,2300,3,2,2030
15/07/2021 06:18:08,1,-999,2300,3,1,2250
15/07/2021 06:18:24,1,-999,2300,3,1,2250
15/07/2021 06:18:40,1,-999,2300,3,2,2040
15/07/2021 06:18:56,1,2540,2300,3,2,2040
15/07/2021 06:19:12,1,-999,2300,3,1,2210
15/07/2021 06:19:28,1,-999,2300,3,1,2210
15/07/2021 06:19:44,1,-999,2300,3,1,2210
15/07/2021 06:20:00,1,-999,2300,3,1,2340
15/07/2021 06:20:16,1,-999,2300,3,1,2340
15/07/2021 06:20:32,1,-999,2300,3,1,2340
15/07/2021 06:20:48,1,2440,2300,3,1,2340
15/07/2021 06:21:04,1,2440,2300,3,1,2330
15/07/2021 06:21:20,1,2440,2300,3,1,2330
15/07/2021 06:21:36,1,2440,2300,3,2,1740
15/07/2021 06:21:52,1,2480,2300,3,2,1740
15/07/2021 06:22:08,1,2480,2300,3,2,1740
15/07/2021 06:22:24,1,2480,2300,3,2,1730
15/07/2021 06:22:40,1,2480,2300,3,2,1730
15/07/2021 06:22:56,1,2480,2300,3,1,2300
15/07/2021 06:23:12,1,2480,2300,3,1,2300
15/07/2021 06:23:28,1,2480,2300,3,1,2290
15/07/2021 06:23:44,1,2500,2300,3,1,2290
15/07/2021 06:24:00,1,2490,2300,3,1,2250
15/07/2021 06:24:16,1,2490,2300,3,1,2250
15/07/2021 06:24:32,1,2490,2300,3,1,2250
15/07/2021 06:24:48,1,1770,2300,3,1,2200
15/07/2021 06:25:04,1,1770,2300,3,1,2200
15/07/2021 06:25:20,1,1770,2300,3,1,2130
15/07/2021 06:25:36,1,1770,2300,3,1,2130
15/07/2021 06:25:52,1,1740,2300,3,1,2060
15/07/2021 06:26:08,1,2490,2300,3,1,2060
15/07/2021 06:26:24,1,-999,2300,3,1,2090
15/07/2021 06:26:40,1,-999,2300,3,1,2090
15/07/2021 06:26:56,1,-999,2300,3,1,2090
15/07/2021 06:27:12,1,-999,2300,3,1,2090
15/07/2021 06:27:28,1,-999,2300,3,1,2090
15/07/2021 06:27:44,1,2330,2300,3,1,2240
15/07/2021 06:28:00,1,2330,2300,3,1,2240
15/07/2021 06:28:16,1,2330,2300,3,1,2230
15/07/2021 06:28:32,1,2340,2300,3,1,2230
15/07/2021 06:28:48,1,2340,2300,3,1,2230
15/07/2021 06:29:04,1,2340,2300,3,1,2230
15/07/2021 06:29:20,1,2420,2300,3,1,2230
15/07/2021 06:29:36,1,2420,2300,3,1,2250
15/07/2021 06:29:52,1,2430,2300,3,1,2250
15/07/2021 06:30:08,1,2420,2300,3,1,2190
15/07/2021 06:30:24,1,2420,2300,3,1,2190
15/07/2021 06:30:40,1,1740,2300,3,1,2250
15/07/2021 06:30:56,1,1760,2300,3,1,2250
15/07/2021 06:31:12,1,1760,2300,3,1,2260
15/07/2021 06:31:28,1,1760,2300,3,1,2260
15/07/2021 06:31:44,1,1780,2300,3,1,2260
15/07/2021 06:32:00,1,1780,2300,3,1,2240
15/07/2021 06:32:16,1,1780,2300,3,1,2240
15/07/2021 06:32:32,1,1780,2300,3,1,2160
15/07/2021 06:32:48,1,1780,2300,3,1,2160
15/07/2021 06:33:04,1,1780,2300,3,1,2250
15/07/2021 06:33:20,1,1780,2300,3,1,2250
15/07/2021 06:33:36,1,120,2300,3,0,-999
15/07/2021 06:33:52,1,120,2300,3,0,-999
15/07/2021 06:34:08,1,120,2300,3,0,-999
15/07/2021 06:34:24,1,120,2300,3,0,-999
15/07/2021 06:34:40,1,110,2300,3,0,-999
15/07/2021 06:34:56,1,120,2300,3,0,-999
15/07/2021 06:35:12,1,120,2300,3,0,-999
15/07/2021 06:35:28,1,120,2300,3,0,-999
15/07/2021 06:35:44,1,120,2300,3,0,-999
15/07/2021 06:36:00,1,120,2300,3,0,-999
15/07/2021 06:36:16,1,120,2300,3,0,-999
15/07/2021 06:36:32,1,120,2300,3,0,-999
15/07/2021 06:36:48,1,120,2300,3,0,-999
15/07/2021 06:37:04,1,110,2300,3,0,-999
15/07/2021 06:37:20,1,120,2300,3,0,-999
15/07/2021 06:37:36,1,110,2300,3,0,-999
15/07/2021 06:37:52,1,110,2300,3,0,-999
15/07/2021 06:38:08,1,110,2300,3,0,-999
15/07/2021 06:38:24,1,110,2300,3,0,-999
15/07/2021 06:38:40,1,110,2300,3,0,-999
15/07/2021 06:38:56,1,110,2300,3,0,-999
15/07/2021 06:39:12,1,110,2300,3,0,-999
15/07/2021 06:39:28,1,110,2300,3,0,-999
15/07/2021 06:39:44,1,110,2300,3,0,-999
15/07/2021 06:40:00,1,110,2300,3,0,-999
15/07/2021 06:40:16,1,100,2300,3,0,-999
15/07/2021 06:40:32,1,100,2300,3,0,-999
15/07/2021 06:40:48,1,100,2300,3,0,-999
15/07/2021 06:41:04,1,100,2300,3,0,-999
15/07/2021 06:41:20,1,100,2300,3,0,-999
15/07/2021 06:41:36,1,100,2300,3,0,-999
15/07/2021 06:41:52,1,90,2300,3,0,-999
15/07/2021 06:42:08,1,90,2300,3,0,-999
15/07/2021 06:42:24,1,90,2300,3,0,-999
15/07/2021 06:42:40,1,90,2300,3,0,-999
15/07/2021 06:42:56,1,90,2300,3,0,-999
15/07/2021 06:43:12,1,90,2300,3,0,-999
15/07/2021 06:43:28,1,80,2300,3,0,-999
15/07/2021 06:43:44,1,80,2300,3,0,-999
15/07/2021 06:44:00,1,80,2300,3,0,-999
15/07/2021 06:44:16,1,80,2300,3,0,-999
15/07/2021 06:44:32,1,80,2300,3,0,-999
15/07/2021 06:44:48,1,80,2300,3,0,-999
15/07/2021 06:45:04,1,80,2300,3,0,-999
15/07/2021 06:45:20,1,80,2300,3,0,-999
15/07/2021 06:45:36,1,-999,2300,3,1,2910
15/07/2021 06:45:52,1,-999,2300,3,1,2910
15/07/2021 06:46:08,1,-999,2300,3,1,2910
15/07/2021 06:46:24,1,-999,2300,3,1,2910
15/07/2021 06:46:40,1,-999,2300,3,1,2910
15/07/2021 06:46:56,1,-999,2300,3,1,2900
15/07/2021 06:47:12,1,-999,2300,3,1,2900
15/07/2021 06:47:28,1,-999,2300,3,1,2910
15/07/2021 06:47:44,1,3070,2300,3,1,2910
15/07/2021 06:48:00,1,3070,2300,3,1,2900
15/07/2021 06:48:16,1,3070,2300,3,1,2900
15/07/2021 06:48:32,1,3070,2300,3,1,2900
15/07/2021 06:48:48,1,3070,2300,3,1,2880
15/07/2021 06:49:04,1,3050,2300,3,1,2880
15/07/2021 06:49:20,1,3050,2300,3,1,2890
15/07/2021 06:49:36,1,3050,2300,3,1,2890
15/07/2021 06:49:52,1,3050,2300,3,1,2880
15/07/2021 06:50:08,1,3050,2300,3,1,2880
15/07/2021 06:50:24,1,3050,2300,3,1,2860
15/07/2021 06:50:40,1,3020,2300,3,1,2860
15/07/2021 06:50:56,1,3020,2300,3,1,2860
15/07/2021 06:51:12,1,3020,2300,3,1,2860
15/07/2021 06:51:28,1,3020,2300,3,1,2860
15/07/2021 06:51:44,1,3010,2300,3,1,2810
15/07/2021 06:52:00,1,3010,2300,3,1,2810
15/07/2021 06:52:16,1,3010,2300,3,1,2810
15/07/2021 06:52:32,1,2990,2300,3,1,2810
15/07/2021 06:52:48,1,2990,2300,3,1,2820
15/07/2021 06:53:04,1,2980,2300,3,1,2820
15/07/2021 06:53:20,1,2980,2300,3,1,2820
15/07/2021 06:53:36,1,2980,2300,3,1,2830
15/07/2021 06:53:52,1,2950,2300,3,1,2830
15/07/2021 06:54:08,1,70,2300,3,0,-999
15/07/2021 06:54:24,1,70,2300,3,0,-999
15/07/2021 06:54:40,1,70,2300,3,0,-999
15/07/2021 06:54:56,1,70,2300,3,0,-999
15/07/2021 06:55:12,1,2950,2300,3,1,2830
15/07/2021 06:55:28,1,2920,2300,3,1,2830
15/07/2021 06:55:44,1,2920,2300,3,1,2830
15/07/2021 06:56:00,1,2950,2300,3,1,2810
15/07/2021 06:56:16,1,2950,2300,3,1,2810
15/07/2021 06:56:32,1,80,2300,3,0,-999
15/07/2021 06:56:48,1,80,2300,3,0,-999
15/07/2021 06:57:04,1,80,2300,3,0,-999
15/07/2021 06:57:20,1,80,2300,3,0,-999
15/07/2021 06:57:36,1,80,2300,3,0,-999
15/07/2021 06:57:52,1,80,2300,3,0,-999
15/07/2021 06:58:08,1,80,2300,3,0,-999
15/07/2021 06:58:24,1,80,2300,3,0,-999
15/07/2021 06:58:40,1,80,2300,3,0,-999
15/07/2021 06:58:56,1,80,2300,3,0,-999
15/07/2021 06:59:12,1,80,2300,3,0,-999
15/07/2021 06:59:28,1,80,2300,3,0,-999
15/07/2021 06:59:44,1,80,2300,3,0,-999
15/07/2021 07:00:00,1,80,110,3,0,-999
15/07/2021 07:00:16,1,80,110,3,0,-999
15/07/2021 07:00:32,1,80,110,3,0,-999
15/07/2021 07:00:48,1,80,110,3,0,-999
15/07/2021 07:01:04,1,80,110,3,0,-999
15/07/2021 07:01:20,1,80,110,3,0,-999
15/07/2021 07:01:36,1,80,110,3,0,-999
15/07/2021 07:01:52,1,80,110,3,0,-999
15/07/2021 07:02:08,1,80,110,3,0,-999
15/07/2021 07:02:24,1,80,110,3,0,-999
15/07/2021 07:02:40,1,80,110,3,0,-999
15/07/2021 07:02:56,1,80,110,3,0,-999
15/07/2021 07:03:12,1,80,110,3,0,-999
15/07/2021 07:03:28,1,80,110,3,0,-999
15/07/2021 07:03:44,1,80,110,3,0,-999
15/07/2021 07:04:00,1,80,110,3,0,-999
15/07/2021 07:04:16,1,80,110,3,0,-999
15/07/2021 07:04:32,1,80,110,3,0,-999
15/07/2021 07:04:48,1,80,110,3,0,-999
15/07/2021 07:05:04,1,80,110,3,0,-999
15/07/2021 07:05:20,1,80,110,3,0,-999
15/07/2021 07:05:36,1,90,110,3,0,-999
15/07/2021 07:05:52,1,90,110,3,0,-999
15/07/2021 07:06:08,1,90,110,3,0,-999
15/07/2021 07:06:24,1,90,110,3,0,-999
15/07/2021 07:06:40,1,90,110,3,0,-999
15/07/2021 07:06:56,1,90,110,3,0,-999
15/07/2021 07:07:12,1,90,110,3,0,-999
15/07/2021 07:07:28,1,90,110,3,0,-999
15/07/2021 07:07:44,1,90,110,3,0,-999
15/07/2021 07:08:00,1,90,110,3,0,-999
15/07/2021 07:08:16,1,90,110,3,0,-999
15/07/2021 07:08:32,1,90,110,3,0,-999
15/07/2021 07:08:48,1,90,110,3,0,-999
15/07/2021 07:09:04,1,90,110,3,0,-999
15/07/2021 07:09:20,1,90,110,3,0,-999
15/07/2021 07:09:36,1,90,110,3,0,-999
15/07/2021 07:09:52,1,90,110,3,0,-999
15/07/2021 07:10:08,1,90,110,3,0,-999
15/07/2021 07:10:24,1,90,110,3,0,-999
15/07/2021 07:10:40,1,100,110,3,0,-999
15/07/2021 07:10:56,1,100,110,3,0,-999
15/07/2021 07:11:12,1,100,110,3,0,-999
15/07/2021 07:11:28,1,100,110,3,0,-999
15/07/2021 07:11:44,1,100,110,3,0,-999
15/07/2021 07:12:00,1,100,110,3,0,-999
15/07/2021 07:12:16,1,100,110,3,0,-999
15/07/2021 07:12:32,1,100,110,3,0,-999
15/07/2021 07:12:48,1,100,110,3,0,-999
15/07/2021 07:13:04,1,100,110,3,0,-999
15/07/2021 07:13:20,1,100,110,3,0,-999
15/07/2021 07:13:36,1,100,110,3,0,-999
15/07/2021 07:13:52,1,100,110,3,0,-999
15/07/2021 07:14:08,1,100,110,3,0,-999
15/07/2021 07:14:24,1,100,110,3,0,-999
15/07/2021 07:14:40,1,100,110,3,0,-999
15/07/2021 07:14:56,1,100,110,3,0,-999
15/07/2021 07:15:12,1,100,110,3,0,-999
15/07/2021 07:15:28,1,100,110,3,0,-999
15/07/2021 07:15:44,1,100,110,3,0,-999
15/07/2021 07:16:00,1,100,110,3,0,-999
15/07/2021 07:16:16,1,100,110,3,0,-999
15/07/2021 07:16:32,1,100,110,3,0,-999
15/07/2021 07:16:48,1,100,110,3,0,-999
15/07/2021 07:17:04,1,110,110,3,0,-999
15/07/2021 07:17:20,1,110,110,3,0,-999
15/07/2021 07:17:36,1,110,110,3,0,-999
15/07/2021 07:17:52,1,110,110,3,0,-999
15/07/2021 07:18:08,1,110,110,3,0,-999
15/07/2021 07:18:24,1,110,110,3,0,-999
15/07/2021 07:18:40,1,110,110,3,0,-999
15/07/2021 07:18:56,1,110,110,3,0,-999
15/07/2021 07:19:12,1,110,110,3,0,-999
15/07/2021 07:19:28,1,110,110,3,0,-999
15/07/2021 07:19:44,1,110,110,3,0,-999
15/07/2021 07:20:00,1,110,110,3,0,-999
15/07/2021 07:20:16,1,110,110,3,0,-999
15/07/2021 07:20:32,1,110,110,3,0,-999
15/07/2021 07:20:48,1,110,110,3,0,-999
15/07/2021 07:21:04,1,110,110,3,0,-999
15/07/2021 07:21:20,1,110,110,3,0,-999
15/07/2021 07:21:36,1,110,110,3,0,-999
15/07/2021 07:21:52,1,110,110,3,0,-999
15/07/2021 07:22:08,1,110,110,3,0,-999
15/07/2021 07:22:24,1,110,110,3,0,-999
15/07/2021 07:22:40,1,110,110,3,0,-999
15/07/2021 07:22:56,1,110,110,3,0,-999
15/07/2021 07:23:12,1,110,110,3,0,-999
15/07/2021 07:23:28,1,110,110,3,0,-999
15/07/2021 07:23:44,1,110,110,3,0,-999
15/07/2021 07:24:00,1,110,110,3,0,-999
15/07/2021 07:24:16,1,110,110,3,0,-999
15/07/2021 07:24:32,1,110,110,3,0,-999
15/07/2021 07:24:48,1,110,110,3,0,-999
15/07/2021 07:25:04,1,110,110,3,0,-999
15/07/2021 07:25:20,1,110,110,3,0,-999
15/07/2021 07:25:36,1,110,110,3,0,-999
15/07/2021 07:25:52,1,110,110,3,0,-999
15/07/2021 07:26:08,1,110,110,3,0,-999
15/07/2021 07:26:24,1,110,110,3,0,-999
15/07/2021 07:26:40,1,110,110,3,0,-999
15/07/2021 07:26:56,1,110,110,3,0,-999
15/07/2021 07:27:12,1,110,110,3,0,-999
15/07/2021 07:27:28,1,110,110,3,0,-999
15/07/2021 07:27:44,1,120,110,3,0,-999
15/07/2021 07:28:00,1,120,110,3,0,-999
15/07/2021 07:28:16,1,120,110,3,0,-999
15/07/2021 07:28:32,1,120,110,3,0,-999
15/07/2021 07:28:48,1,120,110,3,0,-999
15/07/2021 07:29:04,1,110,110,3,0,-999
15/07/2021 07:29:20,1,110,110,3,0,-999
15/07/2021 07:29:36,1,110,110,3,0,-999
15/07/2021 07:29:52,1,110,110,3,0,-999
15/07/2021 07:30:08,1,110,110,3,0,-999
15/07/2021 07:30:24,1,110,110,3,0,-999
15/07/2021 07:30:40,1,110,110,3,0,-999
15/07/2021 07:30:56,1,110,110,3,0,-999
15/07/2021 07:31:12,1,110,110,3,0,-999
15/07/2021 07:31:28,1,110,110,3,0,-999
15/07/2021 07:31:44,1,110,110,3,0,-999
15/07/2021 07:32:00,1,110,110,3,0,-999
15/07/2021 07:32:16,1,110,110,3,0,-999
15/07/2021 07:32:32,1,110,110,3,0,-999
15/07/2021 07:32:48,1,110,110,3,0,-999
15/07/2021 07:33:04,1,110,110,3,0,-999
15/07/2021 07:33:20,1,110,110,3,0,-999
15/07/2021 07:33:36,1,110,110,3,0,-999
15/07/2021 07:33:52,1,110,110,3,0,-999
15/07/2021 07:34:08,1,110,110,3,0,-999
15/07/2021 07:34:24,1,110,110,3,0,-999
15/07/2021 07:34:40,1,110,110,3,0,-999
15/07/2021 07:34:56,1,-999,110,3,1,3280
15/07/2021 07:35:12,1,-999,110,3,1,3280
15/07/2021 07:35:28,1,-999,110,3,1,3270
15/07/2021 07:35:44,1,-999,110,3,1,3270
15/07/2021 07:36:00,1,100,110,3,0,-999
15/07/2021 07:36:16,1,100,110,3,0,-999
15/07/2021 07:36:32,1,100,110,3,0,-999
15/07/2021 07:36:48,1,100,110,3,0,-999
15/07/2021 07:37:04,1,100,110,3,0,-999
15/07/2021 07:37:20,1,-999,110,3,1,3270
15/07/2021 07:37:36,1,-999,110,3,1,3270
15/07/2021 07:37:52,1,3450,110,3,1,3270
15/07/2021 07:38:08,1,3450,110,3,1,3270
15/07/2021 07:38:24,1,90,110,3,0,-999
15/07/2021 07:38:40,1,90,110,3,0,-999
15/07/2021 07:38:56,1,90,110,3,0,-999
15/07/2021 07:39:12,1,90,110,3,0,-999
15/07/2021 07:39:28,1,90,110,3,0,-999
15/07/2021 07:39:44,1,90,110,3,0,-999
15/07/2021 07:40:00,1,90,110,3,0,-999
15/07/2021 07:40:16,1,3450,110,3,1,3280
15/07/2021 07:40:32,1,3450,110,3,1,3280
15/07/2021 07:40:48,1,3420,110,3,1,3190
15/07/2021 07:41:04,1,3420,110,3,1,3190
15/07/2021 07:41:20,1,3390,110,3,1,3190
15/07/2021 07:41:36,1,-999,110,3,1,3200
15/07/2021 07:41:52,1,-999,110,3,1,3200
15/07/2021 07:42:08,1,-999,110,3,1,3210
15/07/2021 07:42:24,1,3390,110,3,1,3210
15/07/2021 07:42:40,1,3390,110,3,1,3220
15/07/2021 07:42:56,1,3390,110,3,1,3220
15/07/2021 07:43:12,1,3390,110,3,1,3220
15/07/2021 07:43:28,1,3390,110,3,1,3220
15/07/2021 07:43:44,1,3390,110,3,1,3220
15/07/2021 07:44:00,1,3390,110,3,1,3220
15/07/2021 07:44:16,1,3390,110,3,1,3220
15/07/2021 07:44:32,1,3390,110,3,1,3230
15/07/2021 07:44:48,1,-999,110,3,1,3230
15/07/2021 07:45:04,1,-999,110,3,1,3240
15/07/2021 07:45:20,1,-999,110,3,1,3240
15/07/2021 07:45:36,1,-999,110,3,1,3250
15/07/2021 07:45:52,1,-999,110,3,1,3250
15/07/2021 07:46:08,1,-999,110,3,1,3250
15/07/2021 07:46:24,1,-999,110,3,1,3250
15/07/2021 07:46:40,1,-999,110,3,1,3250
15/07/2021 07:46:56,1,-999,110,3,1,3260
15/07/2021 07:47:12,1,3490,110,3,1,3260
15/07/2021 07:47:28,1,3490,110,3,1,3270
15/07/2021 07:47:44,1,3480,110,3,1,3270
15/07/2021 07:48:00,1,3480,110,3,1,3290
15/07/2021 07:48:16,1,3480,110,3,1,3290
15/07/2021 07:48:32,1,3470,110,3,1,3290
15/07/2021 07:48:48,1,3480,110,3,1,3300
15/07/2021 07:49:04,1,3480,110,3,1,3300
15/07/2021 07:49:20,1,3490,110,3,1,3330
15/07/2021 07:49:36,1,3490,110,3,1,3330
15/07/2021 07:49:52,1,3490,110,3,1,3340
15/07/2021 07:50:08,1,3490,110,3,1,3340
15/07/2021 07:50:24,1,3490,110,3,1,3340
15/07/2021 07:50:40,1,3490,110,3,1,3340
15/07/2021 07:50:56,1,3490,110,3,1,3340
15/07/2021 07:51:12,1,3490,110,3,1,3340
15/07/2021 07:51:28,1,3490,110,3,1,3340
15/07/2021 07:51:44,1,3490,110,3,1,3330
15/07/2021 07:52:00,1,3490,110,3,1,3330
15/07/2021 07:52:16,1,3490,110,3,1,3320
15/07/2021 07:52:32,1,3490,110,3,1,3320
15/07/2021 07:52:48,1,3490,110,3,1,3330
15/07/2021 07:53:04,1,3500,110,3,1,3330
15/07/2021 07:53:20,1,3500,110,3,1,3330
15/07/2021 07:53:36,1,3490,110,3,1,3340
15/07/2021 07:53:52,1,3490,110,3,1,3340
15/07/2021 07:54:08,1,3490,110,3,1,3340
15/07/2021 07:54:24,1,3490,110,3,1,3340
15/07/2021 07:54:40,1,3490,110,3,1,3340
15/07/2021 07:54:56,1,3480,110,3,1,3340
15/07/2021 07:55:12,1,3500,110,3,1,3310
15/07/2021 07:55:28,1,3500,110,3,1,3310
15/07/2021 07:55:44,1,3500,110,3,1,3310
15/07/2021 07:56:00,1,3500,110,3,1,3290
15/07/2021 07:56:16,1,3500,110,3,1,3290
15/07/2021 07:56:32,1,3500,110,3,1,3290
15/07/2021 07:56:48,1,3500,110,3,1,3290
15/07/2021 07:57:04,1,3500,110,3,1,3290
15/07/2021 07:57:20,1,3480,110,3,1,3290
15/07/2021 07:57:36,1,3480,110,3,1,3300
15/07/2021 07:57:52,1,3480,110,3,1,3300
15/07/2021 07:58:08,1,3480,110,3,1,3300
15/07/2021 07:58:24,1,3460,110,3,1,3290
15/07/2021 07:58:40,1,3460,110,3,1,3290
15/07/2021 07:58:56,1,3450,110,3,1,3270
15/07/2021 07:59:12,1,3450,110,3,1,3270
15/07/2021 07:59:28,1,3450,110,3,1,3270
15/07/2021 07:59:44,1,3450,110,3,1,3270
15/07/2021 08:00:00,-999,3420,-999,3,1,3260
15/07/2021 08:00:16,-999,3420,-999,3,1,3260
15/07/2021 08:00:32,-999,3410,-999,3,1,3260
15/07/2021 08:00:48,-999,3410,-999,3,1,3260
15/07/2021 08:01:04,-999,3410,-999,3,1,3260
15/07/2021 08:01:20,-999,110,-999,3,0,-999
15/07/2021 08:01:36,-999,110,-999,3,0,-999
15/07/2021 08:01:52,-999,110,-999,3,0,-999
15/07/2021 08:02:08,-999,110,-999,3,0,-999
15/07/2021 08:02:24,-999,110,-999,3,0,-999
15/07/2021 08:02:40,-999,110,-999,3,0,-999
15/07/2021 08:02:56,-999,110,-999,3,0,-999
15/07/2021 08:03:12,-999,110,-999,3,0,-999
15/07/2021 08:03:28,-999,110,-999,3,0,-999
15/07/2021 08:03:44,-999,110,-999,3,0,-999
15/07/2021 08:04:00,-999,110,-999,3,0,-999
15/07/2021 08:04:16,-999,110,-999,3,0,-999
15/07/2021 08:04:32,-999,110,-999,3,0,-999
15/07/2021 08:04:48,-999,120,-999,3,0,-999
15/07/2021 08:05:04,-999,120,-999,3,0,-999
15/07/2021 08:05:20,-999,120,-999,3,0,-999
15/07/2021 08:05:36,-999,120,-999,3,1,3340
15/07/2021 08:05:52,-999,120,-999,3,1,3340
15/07/2021 08:06:08,-999,120,-999,3,1,3320
15/07/2021 08:06:24,-999,120,-999,3,1,3320
15/07/2021 08:06:40,-999,120,-999,3,1,3290
15/07/2021 08:06:56,-999,120,-999,3,1,3290
15/07/2021 08:07:12,-999,120,-999,3,1,3280
15/07/2021 08:07:28,-999,120,-999,3,1,3280
15/07/2021 08:07:44,-999,120,-999,3,1,3280
15/07/2021 08:08:00,-999,120,-999,3,0,-999
15/07/2021 08:08:16,-999,120,-999,3,0,-999
15/07/2021 08:08:32,-999,120,-999,3,0,-999
15/07/2021 08:08:48,-999,120,-999,3,0,-999
15/07/2021 08:09:04,-999,120,-999,3,0,-999
15/07/2021 08:09:20,-999,120,-999,3,0,-999
15/07/2021 08:09:36,-999,120,-999,3,0,-999
15/07/2021 08:09:52,-999,120,-999,3,0,-999
15/07/2021 08:10:08,-999,120,-999,3,0,-999
15/07/2021 08:10:24,-999,120,-999,3,0,-999
15/07/2021 08:10:40,-999,120,-999,3,0,-999
15/07/2021 08:10:56,-999,120,-999,3,0,-999
15/07/2021 08:11:12,-999,120,-999,3,0,-999
15/07/2021 08:11:28,-999,120,-999,3,0,-999
15/07/2021 08:11:44,-999,120,-999,3,0,-999
15/07/2021 08:12:00,-999,120,-999,3,0,-999
15/07/2021 08:12:16,-999,120,-999,3,0,-999
15/07/2021 08:12:32,-999,120,-999,3,0,-999
15/07/2021 08:12:48,-999,120,-999,3,0,-999
15/07/2021 08:13:04,-999,120,-999,3,0,-999
15/07/2021 08:13:20,-999,120,-999,3,0,-999
15/07/2021 08:13:36,-999,120,-999,3,0,-999
15/07/2021 08:13:52,-999,120,-999,3,0,-999
15/07/2021 08:14:08,-999,120,-999,3,0,-999
15/07/2021 08:14:24,-999,120,-999,3,0,-999
15/07/2021 08:14:40,-999,120,-999,3,0,-999
15/07/2021 08:14:56,-999,120,-999,3,0,-999
15/07/2021 08:15:12,-999,120,-999,3,0,-999
15/07/2021 08:15:28,-999,120,-999,3,0,-999
15/07/2021 08:15:44,-999,120,-999,3,0,-999
15/07/2021 08:16:00,-999,120,-999,3,0,-999
15/07/2021 08:16:16,-999,120,-999,3,0,-999
15/07/2021 08:16:32,-999,120,-999,3,0,-999
15/07/2021 08:16:48,-999,120,-999,3,0,-999
15/07/2021 08:17:04,-999,120,-999,3,0,-999
15/07/2021 08:17:20,-999,130,-999,3,0,-999
15/07/2021 08:17:36,-999,130,-999,3,0,-999
15/07/2021 08:17:52,-999,130,-999,3,0,-999
15/07/2021 08:18:08,-999,130,-999,3,0,-999
15/07/2021 08:18:24,-999,130,-999,3,0,-999
15/07/2021 08:18:40,-999,130,-999,3,0,-999
15/07/2021 08:18:56,-999,130,-999,3,0,-999
15/07/2021 08:19:12,-999,130,-999,3,0,-999
15/07/2021 08:19:28,-999,130,-999,3,0,-999
15/07/2021 08:19:44,-999,130,-999,3,0,-999
15/07/2021 08:20:00,-999,130,-999,3,0,-999
15/07/2021 08:20:16,-999,130,-999,3,0,-999
15/07/2021 08:20:32,-999,130,-999,3,0,-999
15/07/2021 08:20:48,-999,120,-999,3,0,-999
15/07/2021 08:21:04,-999,120,-999,3,0,-999
15/07/2021 08:21:20,-999,120,-999,3,0,-999
15/07/2021 08:21:36,-999,120,-999,3,0,-999
15/07/2021 08:21:52,-999,120,-999,3,0,-999
15/07/2021 08:22:08,-999,120,-999,3,0,-999
15/07/2021 08:22:24,-999,120,-999,3,0,-999
15/07/2021 08:22:40,-999,120,-999,3,0,-999
15/07/2021 08:22:56,-999,120,-999,3,0,-999
15/07/2021 08:23:12,-999,120,-999,3,0,-999
15/07/2021 08:23:28,-999,120,-999,3,0,-999
15/07/2021 08:23:44,-999,120,-999,3,0,-999
15/07/2021 08:24:00,-999,110,-999,3,0,-999
15/07/2021 08:24:16,-999,110,-999,3,0,-999
15/07/2021 08:24:32,-999,110,-999,3,0,-999
15/07/2021 08:24:48,-999,110,-999,3,0,-999
15/07/2021 08:25:04,-999,110,-999,3,0,-999
15/07/2021 08:25:20,-999,110,-999,3,0,-999
15/07/2021 08:25:36,-999,110,-999,3,0,-999
15/07/2021 08:25:52,-999,110,-999,3,0,-999
15/07/2021 08:26:08,-999,100,-999,3,0,-999
15/07/2021 08:26:24,-999,100,-999,3,0,-999
15/07/2021 08:26:40,-999,100,-999,3,0,-999
15/07/2021 08:26:56,-999,100,-999,3,0,-999
15/07/2021 08:27:12,-999,100,-999,3,0,-999
15/07/2021 08:27:28,-999,100,-999,3,0,-999
15/07/2021 08:27:44,-999,100,-999,3,0,-999
15/07/2021 08:28:00,-999,100,-999,3,0,-999
15/07/2021 08:28:16,-999,100,-999,3,0,-999
15/07/2021 08:28:32,-999,100,-999,3,0,-999
15/07/2021 08:28:48,-999,100,-999,3,0,-999
15/07/2021 08:29:04,-999,90,-999,3,0,-999
15/07/2021 08:29:20,-999,90,-999,3,0,-999
15/07/2021 08:29:36,-999,90,-999,3,0,-999
15/07/2021 08:29:52,-999,90,-999,3,0,-999
15/07/2021 08:30:08,-999,90,-999,3,0,-999
15/07/2021 08:30:24,-999,90,-999,3,0,-999
15/07/2021 08:30:40,-999,90,-999,3,0,-999
15/07/2021 08:30:56,-999,90,-999,3,0,-999
15/07/2021 08:31:12,-999,90,-999,3,0,-999
15/07/2021 08:31:28,-999,90,-999,3,0,-999
15/07/2021 08:31:44,-999,90,-999,3,0,-999
15/07/2021 08:32:00,-999,90,-999,3,0,-999
15/07/2021 08:32:16,-999,90,-999,3,0,-999
15/07/2021 08:32:32,-999,90,-999,3,0,-999
15/07/2021 08:32:48,-999,90,-999,3,0,-999
15/07/2021 08:33:04,-999,90,-999,3,0,-999
15/07/2021 08:33:20,-999,100,-999,3,0,-999
15/07/2021 08:33:36,-999,100,-999,3,0,-999
15/07/2021 08:33:52,-999,100,-999,3,0,-999
15/07/2021 08:34:08,-999,100,-999,3,0,-999
15/07/2021 08:34:24,-999,100,-999,3,0,-999
15/07/2021 08:34:40,-999,100,-999,3,0,-999
15/07/2021 08:34:56,-999,100,-999,3,0,-999
15/07/2021 08:35:12,-999,100,-999,3,0,-999
15/07/2021 08:35:28,-999,110,-999,3,0,-999
15/07/2021 08:35:44,-999,110,-999,3,0,-999
15/07/2021 08:36:00,-999,110,-999,3,0,-999
15/07/2021 08:36:16,-999,110,-999,3,0,-999
15/07/2021 08:36:32,-999,110,-999,3,0,-999
15/07/2021 08:36:48,-999,110,-999,3,0,-999
15/07/2021 08:37:04,-999,110,-999,3,0,-999
15/07/2021 08:37:20,-999,110,-999,3,0,-999
15/07/2021 08:37:36,-999,110,-999,3,0,-999
15/07/2021 08:37:52,-999,110,-999,3,0,-999
15/07/2021 08:38:08,-999,110,-999,3,0,-999
15/07/2021 08:38:24,-999,110,-999,3,0,-999
15/07/2021 08:38:40,-999,110,-999,3,0,-999
15/07/2021 08:38:56,-999,110,-999,3,0,-999
15/07/2021 08:39:12,-999,110,-999,3,0,-999
15/07/2021 08:39:28,-999,110,-999,3,0,-999
15/07/2021 08:39:44,-999,120,-999,3,0,-999
15/07/2021 08:40:00,-999,120,-999,3,0,-999
15/07/2021 08:40:16,-999,120,-999,3,0,-999
15/07/2021 08:40:32,-999,120,-999,3,0,-999
15/07/2021 08:40:48,-999,120,-999,3,0,-999
15/07/2021 08:41:04,-999,120,-999,3,0,-999
15/07/2021 08:41:20,-999,120,-999,3,0,-999
15/07/2021 08:41:36,-999,120,-999,3,0,-999
15/07/2021 08:41:52,-999,110,-999,3,0,-999
15/07/2021 08:42:08,-999,110,-999,3,0,-999
15/07/2021 08:42:24,-999,110,-999,3,0,-999
15/07/2021 08:42:40,-999,110,-999,3,0,-999
15/07/2021 08:42:56,-999,110,-999,3,0,-999
15/07/2021 08:43:12,-999,110,-999,3,0,-999
15/07/2021 08:43:28,-999,110,-999,3,0,-999
15/07/2021 08:43:44,-999,110,-999,3,0,-999
15/07/2021 08:44:00,-999,110,-999,3,0,-999
15/07/2021 08:44:16,-999,110,-999,3,0,-999
15/07/2021 08:44:32,-999,110,-999,3,0,-999
15/07/2021 08:44:48,-999,110,-999,3,0,-999
15/07/2021 08:45:04,-999,110,-999,3,0,-999
15/07/2021 08:45:20,-999,110,-999,3,0,-999
15/07/2021 08:45:36,-999,110,-999,3,0,-999
15/07/2021 08:45:52,-999,110,-999,3,0,-999
15/07/2021 08:46:08,-999,110,-999,3,0,-999
15/07/2021 08:46:24,-999,110,-999,3,0,-999
15/07/2021 08:46:40,-999,110,-999,3,0,-999
15/07/2021 08:46:56,-999,110,-999,3,0,-999
15/07/2021 08:47:12,-999,110,-999,3,0,-999
15/07/2021 08:47:28,-999,110,-999,3,0,-999
15/07/2021 08:47:44,-999,110,-999,3,0,-999
15/07/2021 08:48:00,-999,110,-999,3,0,-999
15/07/2021 08:48:16,-999,100,-999,3,0,-999
15/07/2021 08:48:32,-999,100,-999,3,0,-999
15/07/2021 08:48:48,-999,100,-999,3,0,-999
15/07/2021 08:49:04,-999,100,-999,3,0,-999
15/07/2021 08:49:20,-999,100,-999,3,0,-999
15/07/2021 08:49:36,-999,100,-999,3,0,-999
15/07/2021 08:49:52,-999,100,-999,3,0,-999
15/07/2021 08:50:08,-999,100,-999,3,0,-999
15/07/2021 08:50:24,-999,100,-999,3,0,-999
15/07/2021 08:50:40,-999,100,-999,3,0,-999
15/07/2021 08:50:56,-999,90,-999,3,0,-999
15/07/2021 08:51:12,-999,90,-999,3,0,-999
15/07/2021 08:51:28,-999,90,-999,3,0,-999
15/07/2021 08:51:44,-999,90,-999,3,0,-999
15/07/2021 08:52:00,-999,90,-999,3,0,-999
15/07/2021 08:52:16,-999,90,-999,3,0,-999
15/07/2021 08:52:32,-999,80,-999,3,0,-999
15/07/2021 08:52:48,-999,80,-999,3,0,-999
15/07/2021 08:53:04,-999,80,-999,3,0,-999
15/07/2021 08:53:20,-999,80,-999,3,0,-999
15/07/2021 08:53:36,-999,80,-999,3,0,-999
15/07/2021 08:53:52,-999,80,-999,3,0,-999
15/07/2021 08:54:08,-999,80,-999,3,0,-999
15/07/2021 08:54:24,-999,80,-999,3,0,-999
15/07/2021 08:54:40,-999,80,-999,3,0,-999
15/07/2021 08:54:56,-999,80,-999,3,0,-999
15/07/2021 08:55:12,-999,80,-999,3,0,-999
15/07/2021 08:55:28,-999,80,-999,3,0,-999
15/07/2021 08:55:44,-999,80,-999,3,0,-999
15/07/2021 08:56:00,-999,80,-999,3,0,-999
15/07/2021 08:56:16,-999,80,-999,3,0,-999
15/07/2021 08:56:32,-999,80,-999,3,0,-999
15/07/2021 08:56:48,-999,80,-999,3,0,-999
15/07/2021 08:57:04,-999,80,-999,3,0,-999
15/07/2021 08:57:20,-999,80,-999,3,0,-999
15/07/2021 08:57:36,-999,80,-999,3,0,-999
15/07/2021 08:57:52,-999,80,-999,3,0,-999
15/07/2021 08:58:08,-999,80,-999,3,0,-999
15/07/2021 08:58:24,-999,80,-999,3,0,-999
15/07/2021 08:58:40,-999,80,-999,3,0,-999
15/07/2021 08:58:56,-999,80,-999,3,0,-999
15/07/2021 08:59:12,-999,80,-999,3,0,-999
15/07/2021 08:59:28,-999,80,-999,3,0,-999
15/07/2021 08:59:44,-999,90,-999,3,0,-999
15/07/2021 09:00:00,-999,90,-999,3,0,-999
15/07/2021 09:00:16,3,90,110,3,0,-999
15/07/2021 09:00:32,3,90,110,3,0,-999
15/07/2021 09:00:48,3,90,110,3,0,-999
15/07/2021 09:01:04,3,90,110,3,0,-999
15/07/2021 09:01:20,3,90,110,3,0,-999
15/07/2021 09:01:36,3,90,110,3,0,-999
15/07/2021 09:01:52,3,90,110,3,0,-999
15/07/2021 09:02:08,3,90,110,3,0,-999
15/07/2021 09:02:24,3,90,110,3,0,-999
15/07/2021 09:02:40,3,90,110,3,0,-999
15/07/2021 09:02:56,3,90,110,3,0,-999
15/07/2021 09:03:12,3,100,110,3,0,-999
15/07/2021 09:03:28,3,100,110,3,0,-999
15/07/2021 09:03:44,3,100,110,3,0,-999
15/07/2021 09:04:00,3,100,110,3,0,-999
15/07/2021 09:04:16,3,100,110,3,0,-999
15/07/2021 09:04:32,3,100,110,3,0,-999
15/07/2021 09:04:48,3,100,110,3,0,-999
15/07/2021 09:05:04,3,100,110,3,0,-999
15/07/2021 09:05:20,3,100,110,3,0,-999
15/07/2021 09:05:36,3,100,110,3,0,-999
15/07/2021 09:05:52,3,100,110,3,0,-999
15/07/2021 09:06:08,3,100,110,3,0,-999
15/07/2021 09:06:24,3,100,110,3,0,-999
15/07/2021 09:06:40,3,90,110,3,0,-999
15/07/2021 09:06:56,3,90,110,3,0,-999
15/07/2021 09:07:12,3,90,110,3,0,-999
15/07/2021 09:07:28,3,90,110,3,0,-999
15/07/2021 09:07:44,3,90,110,3,0,-999
15/07/2021 09:08:00,3,90,110,3,0,-999
15/07/2021 09:08:16,3,90,110,3,0,-999
15/07/2021 09:08:32,3,90,110,3,0,-999
15/07/2021 09:08:48,3,90,110,3,0,-999
15/07/2021 09:09:04,3,90,110,3,0,-999
15/07/2021 09:09:20,3,90,110,3,0,-999
15/07/2021 09:09:36,3,90,110,3,0,-999
15/07/2021 09:09:52,3,90,110,3,0,-999
15/07/2021 09:10:08,3,90,110,3,0,-999
15/07/2021 09:10:24,3,90,110,3,0,-999
15/07/2021 09:10:40,3,90,110,3,0,-999
15/07/2021 09:10:56,3,90,110,3,0,-999
15/07/2021 09:11:12,3,90,110,3,0,-999
15/07/2021 09:11:28,3,90,110,3,0,-999
15/07/2021 09:11:44,3,90,110,3,0,-999
15/07/2021 09:12:00,3,90,110,3,0,-999
15/07/2021 09:12:16,3,90,110,3,0,-999
15/07/2021 09:12:32,3,90,110,3,0,-999
15/07/2021 09:12:48,3,90,110,3,0,-999
15/07/2021 09:13:04,3,90,110,3,0,-999
15/07/2021 09:13:20,3,90,110,3,0,-999
15/07/2021 09:13:36,3,90,110,3,0,-999
15/07/2021 09:13:52,3,90,110,3,0,-999
15/07/2021 09:14:08,3,90,110,3,0,-999
15/07/2021 09:14:24,3,90,110,3,0,-999
15/07/2021 09:14:40,3,90,110,3,0,-999
15/07/2021 09:14:56,3,90,110,3,0,-999
15/07/2021 09:15:12,3,90,110,3,0,-999
15/07/2021 09:15:28,3,90,110,3,0,-999
15/07/2021 09:15:44,3,90,110,3,0,-999
15/07/2021 09:16:00,3,90,110,3,0,-999
15/07/2021 09:16:16,3,90,110,3,0,-999
15/07/2021 09:16:32,3,80,110,3,0,-999
15/07/2021 09:16:48,3,1560,110,3,0,-999
15/07/2021 09:17:04,3,1560,110,3,0,-999
15/07/2021 09:17:20,3,1560,110,3,0,-999
15/07/2021 09:17:36,3,1560,110,3,0,-999
15/07/2021 09:17:52,3,1550,110,3,0,-999
15/07/2021 09:18:08,3,1560,110,3,0,-999
15/07/2021 09:18:24,3,1560,110,3,0,-999
15/07/2021 09:18:40,3,1550,110,3,0,-999
15/07/2021 09:18:56,3,1540,110,3,0,-999
15/07/2021 09:19:12,3,1540,110,3,0,-999
15/07/2021 09:19:28,3,1540,110,3,0,-999
15/07/2021 09:19:44,3,1540,110,3,0,-999
15/07/2021 09:20:00,3,1540,110,3,0,-999
15/07/2021 09:20:16,3,1540,110,3,0,-999
15/07/2021 09:20:32,3,1550,110,3,0,-999
15/07/2021 09:20:48,3,1550,110,3,0,-999
15/07/2021 09:21:04,3,1550,110,3,0,-999
15/07/2021 09:21:20,3,1550,110,3,0,-999
15/07/2021 09:21:36,3,1550,110,3,0,-999
15/07/2021 09:21:52,3,1550,110,3,0,-999
15/07/2021 09:22:08,3,1550,110,3,0,-999
15/07/2021 09:22:24,3,1560,110,3,0,-999
15/07/2021 09:22:40,3,1570,110,3,0,-999
15/07/2021 09:22:56,3,1570,110,3,0,-999
15/07/2021 09:23:12,3,1570,110,3,0,-999
15/07/2021 09:23:28,3,1570,110,3,0,-999
15/07/2021 09:23:44,3,1560,110,3,0,-999
15/07/2021 09:24:00,3,1550,110,3,0,-999
15/07/2021 09:24:16,3,1550,110,3,0,-999
15/07/2021 09:24:32,3,1540,110,3,0,-999
15/07/2021 09:24:48,3,1540,110,3,0,-999
15/07/2021 09:25:04,3,1540,110,3,0,-999
15/07/2021 09:25:20,3,1540,110,3,0,-999
15/07/2021 09:25:36,3,1550,110,3,0,-999
15/07/2021 09:25:52,3,1550,110,3,0,-999
15/07/2021 09:26:08,3,1550,110,3,0,-999
15/07/2021 09:26:24,3,1550,110,3,0,-999
15/07/2021 09:26:40,3,1550,110,3,0,-999
15/07/2021 09:26:56,3,1550,110,3,0,-999
15/07/2021 09:27:12,3,1560,110,3,0,-999
15/07/2021 09:27:28,3,1560,110,3,0,-999
15/07/2021 09:27:44,3,1560,110,3,0,-999
15/07/2021 09:28:00,3,1560,110,3,0,-999
15/07/2021 09:28:16,3,1560,110,3,0,-999
15/07/2021 09:28:32,3,1570,110,3,0,-999
15/07/2021 09:28:48,3,1560,110,3,0,-999
15/07/2021 09:29:04,3,1560,110,3,0,-999
15/07/2021 09:29:20,3,1560,110,3,0,-999
15/07/2021 09:29:36,3,1560,110,3,0,-999
15/07/2021 09:29:52,3,1560,110,3,0,-999
15/07/2021 09:30:08,3,1570,110,3,0,-999
15/07/2021 09:30:24,3,1570,110,3,0,-999
15/07/2021 09:30:40,3,1580,110,3,0,-999
15/07/2021 09:30:56,3,1580,110,3,0,-999
15/07/2021 09:31:12,3,1580,110,3,0,-999
15/07/2021 09:31:28,3,1590,110,3,0,-999
15/07/2021 09:31:44,3,1590,110,3,0,-999
15/07/2021 09:32:00,3,1580,110,3,0,-999
15/07/2021 09:32:16,3,1570,110,3,0,-999
15/07/2021 09:32:32,3,1560,110,3,0,-999
15/07/2021 09:32:48,3,1560,110,3,0,-999
15/07/2021 09:33:04,3,1550,110,3,0,-999
15/07/2021 09:33:20,3,1550,110,3,0,-999
15/07/2021 09:33:36,3,1540,110,3,0,-999
15/07/2021 09:33:52,3,1530,110,3,0,-999
15/07/2021 09:34:08,3,1520,110,3,0,-999
15/07/2021 09:34:24,3,1520,110,3,0,-999
15/07/2021 09:34:40,3,1520,110,3,0,-999
15/07/2021 09:34:56,3,1510,110,3,0,-999
15/07/2021 09:35:12,3,1510,110,3,0,-999
15/07/2021 09:35:28,3,1510,110,3,0,-999
15/07/2021 09:35:44,3,1520,110,3,0,-999
15/07/2021 09:36:00,3,1520,110,3,0,-999
15/07/2021 09:36:16,3,1520,110,3,0,-999
15/07/2021 09:36:32,3,1520,110,3,0,-999
15/07/2021 09:36:48,3,1520,110,3,0,-999
15/07/2021 09:37:04,3,1510,110,3,0,-999
15/07/2021 09:37:20,3,1520,110,3,0,-999
15/07/2021 09:37:36,3,1520,110,3,0,-999
15/07/2021 09:37:52,3,1530,110,3,0,-999
15/07/2021 09:38:08,3,1540,110,3,0,-999
15/07/2021 09:38:24,3,1540,110,3,0,-999
15/07/2021 09:38:40,3,1540,110,3,0,-999
15/07/2021 09:38:56,3,1540,110,3,0,-999
15/07/2021 09:39:12,3,1540,110,3,0,-999
15/07/2021 09:39:28,3,1550,110,3,0,-999
15/07/2021 09:39:44,3,1550,110,3,0,-999
15/07/2021 09:40:00,3,1560,110,3,0,-999
15/07/2021 09:40:16,3,1570,110,3,0,-999
15/07/2021 09:40:32,3,1570,110,3,0,-999
15/07/2021 09:40:48,3,1580,110,3,0,-999
15/07/2021 09:41:04,3,1580,110,3,0,-999
15/07/2021 09:41:20,3,1580,110,3,0,-999
15/07/2021 09:41:36,3,1580,110,3,0,-999
15/07/2021 09:41:52,3,1590,110,3,0,-999
15/07/2021 09:42:08,3,1600,110,3,0,-999
15/07/2021 09:42:24,3,1610,110,3,0,-999
15/07/2021 09:42:40,3,1620,110,3,0,-999
15/07/2021 09:42:56,3,1630,110,3,0,-999
15/07/2021 09:43:12,3,1630,110,3,0,-999
15/07/2021 09:43:28,3,1640,110,3,0,-999
15/07/2021 09:43:44,3,1640,110,3,0,-999
15/07/2021 09:44:00,3,1640,110,3,0,-999
15/07/2021 09:44:16,3,1640,110,3,0,-999
15/07/2021 09:44:32,3,1640,110,3,0,-999
15/07/2021 09:44:48,3,1640,110,3,0,-999
15/07/2021 09:45:04,3,1640,110,3,0,-999
15/07/2021 09:45:20,3,1640,110,3,0,-999
15/07/2021 09:45:36,3,1640,110,3,0,-999
15/07/2021 09:45:52,3,1660,110,3,0,-999
15/07/2021 09:46:08,3,1680,110,3,0,-999
15/07/2021 09:46:24,3,1690,110,3,0,-999
15/07/2021 09:46:40,3,1700,110,3,0,-999
15/07/2021 09:46:56,3,1710,110,3,0,-999
15/07/2021 09:47:12,3,1720,110,3,0,-999
15/07/2021 09:47:28,3,1740,110,3,0,-999
15/07/2021 09:47:44,3,1750,110,3,0,-999
15/07/2021 09:48:00,3,1770,110,3,0,-999
15/07/2021 09:48:16,3,1780,110,3,0,-999
15/07/2021 09:48:32,3,1790,110,3,0,-999
15/07/2021 09:48:48,3,1800,110,3,0,-999
15/07/2021 09:49:04,3,1810,110,3,0,-999
15/07/2021 09:49:20,3,1810,110,3,0,-999
15/07/2021 09:49:36,3,1800,110,3,0,-999
15/07/2021 09:49:52,3,1800,110,3,0,-999
15/07/2021 09:50:08,3,1790,110,3,0,-999
15/07/2021 09:50:24,3,1780,110,3,0,-999
15/07/2021 09:50:40,3,1790,110,3,0,-999
15/07/2021 09:50:56,3,1800,110,3,0,-999
15/07/2021 09:51:12,3,1800,110,3,0,-999
15/07/2021 09:51:28,3,1800,110,3,0,-999
15/07/2021 09:51:44,3,1790,110,3,0,-999
15/07/2021 09:52:00,3,1790,110,3,0,-999
15/07/2021 09:52:16,3,1790,110,3,0,-999
15/07/2021 09:52:32,3,1790,110,3,0,-999
15/07/2021 09:52:48,3,1800,110,3,0,-999
15/07/2021 09:53:04,3,1790,110,3,0,-999
15/07/2021 09:53:20,3,1790,110,3,0,-999
15/07/2021 09:53:36,3,1780,110,3,0,-999
15/07/2021 09:53:52,3,1770,110,3,0,-999
15/07/2021 09:54:08,3,1760,110,3,0,-999
15/07/2021 09:54:24,3,1750,110,3,0,-999
15/07/2021 09:54:40,3,1750,110,3,0,-999
15/07/2021 09:54:56,3,1750,110,3,0,-999
15/07/2021 09:55:12,3,1750,110,3,0,-999
15/07/2021 09:55:28,3,1740,110,3,0,-999
15/07/2021 09:55:44,3,1740,110,3,0,-999
15/07/2021 09:56:00,3,1740,110,3,0,-999
15/07/2021 09:56:16,3,1730,110,3,0,-999
15/07/2021 09:56:32,3,1740,110,3,0,-999
15/07/2021 09:56:48,3,1740,110,3,0,-999
15/07/2021 09:57:04,3,1740,110,3,0,-999
15/07/2021 09:57:20,3,1730,110,3,0,-999
15/07/2021 09:57:36,3,1740,110,3,0,-999
15/07/2021 09:57:52,3,1740,110,3,0,-999
15/07/2021 09:58:08,3,1740,110,3,0,-999
15/07/2021 09:58:24,3,1730,110,3,0,-999
15/07/2021 09:58:40,3,1730,110,3,0,-999
15/07/2021 09:58:56,3,1730,110,3,0,-999
15/07/2021 09:59:12,3,1730,110,3,0,-999
15/07/2021 09:59:28,3,1740,110,3,0,-999
15/07/2021 09:59:44,3,1740,110,3,0,-999
