# Time, Layer_QualityIndex,bl_height,Mean_Layer_Height,n_BL,cloud_stat,cloud_dat
13/10/2022 11:00:00,2,1520,1440,3,2,1240
13/10/2022 11:00:16,2,1520,1440,3,2,1240
13/10/2022 11:00:32,2,1540,1440,3,2,1400
13/10/2022 11:00:48,2,1540,1440,3,2,1400
13/10/2022 11:01:04,2,1540,1440,3,2,1410
13/10/2022 11:01:20,2,1540,1440,3,2,1410
13/10/2022 11:01:36,2,1510,1440,3,2,1440
13/10/2022 11:01:52,2,1510,1440,3,2,1440
13/10/2022 11:02:08,2,1490,1440,3,2,1440
13/10/2022 11:02:24,2,1590,1440,3,1,5010
13/10/2022 11:02:40,2,1590,1440,3,1,5010
13/10/2022 11:02:56,2,1020,1440,3,2,1430
13/10/2022 11:03:12,2,1000,1440,3,2,1430
13/10/2022 11:03:28,2,1000,1440,3,1,1470
13/10/2022 11:03:44,2,1000,1440,3,1,1470
13/10/2022 11:04:00,2,1000,1440,3,1,1410
13/10/2022 11:04:16,2,1000,1440,3,1,1410
13/10/2022 11:04:32,2,1550,1440,3,1,1410
13/10/2022 11:04:48,2,1550,1440,3,1,1400
13/10/2022 11:05:04,2,1540,1440,3,1,1400
13/10/2022 11:05:20,2,1540,1440,3,2,1440
13/10/2022 11:05:36,2,1540,1440,3,2,1440
13/10/2022 11:05:52,2,1540,1440,3,2,1120
13/10/2022 11:06:08,2,1540,1440,3,2,1120
13/10/2022 11:06:24,2,1540,1440,3,2,1150
13/10/2022 11:06:40,2,1540,1440,3,2,1150
13/10/2022 11:06:56,2,1530,1440,3,2,1150
13/10/2022 11:07:12,2,1530,1440,3,2,1240
13/10/2022 11:07:28,2,-999,1440,3,2,1240
13/10/2022 11:07:44,2,1170,1440,3,1,4900
13/10/2022 11:08:00,2,1170,1440,3,1,4900
13/10/2022 11:08:16,2,1420,1440,3,1,4890
13/10/2022 11:08:32,2,1420,1440,3,1,4890
13/10/2022 11:08:48,2,1250,1440,3,1,4860
13/10/2022 11:09:04,2,1240,1440,3,1,4860
13/10/2022 11:09:20,2,1240,1440,3,1,4860
13/10/2022 11:09:36,2,1260,1440,3,1,4860
13/10/2022 11:09:52,2,600,1440,3,1,4860
13/10/2022 11:10:08,2,600,1440,3,1,4850
13/10/2022 11:10:24,2,610,1440,3,1,4850
13/10/2022 11:10:40,2,-999,1440,3,2,1480
13/10/2022 11:10:56,2,-999,1440,3,2,1480
13/10/2022 11:11:12,2,-999,1440,3,2,1390
13/10/2022 11:11:28,2,1560,1440,3,2,1390
13/10/2022 11:11:44,2,1560,1440,3,2,1390
13/10/2022 11:12:00,2,1560,1440,3,1,1330
13/10/2022 11:12:16,2,-999,1440,3,1,1330
13/10/2022 11:12:32,2,-999,1440,3,2,1120
13/10/2022 11:12:48,2,-999,1440,3,2,1120
13/10/2022 11:13:04,2,-999,1440,3,1,1080
13/10/2022 11:13:20,2,-999,1440,3,1,1080
13/10/2022 11:13:36,2,-999,1440,3,2,1080
13/10/2022 11:13:52,2,-999,1440,3,2,1080
13/10/2022 11:14:08,2,-999,1440,3,2,1080
13/10/2022 11:14:24,2,-999,1440,3,3,1130
13/10/2022 11:14:40,2,-999,1440,3,3,1130
13/10/2022 11:14:56,2,-999,1440,3,2,1110
13/10/2022 11:15:12,2,-999,1440,3,2,1110
13/10/2022 11:15:28,2,1550,1440,3,1,4850
13/10/2022 11:15:44,2,1550,1440,3,1,4850
13/10/2022 11:16:00,2,1350,1440,3,1,4850
13/10/2022 11:16:16,2,1350,1440,3,1,4850
13/10/2022 11:16:32,2,1350,1440,3,1,4850
13/10/2022 11:16:48,2,1390,1440,3,1,4850
13/10/2022 11:17:04,2,1390,1440,3,1,4850
13/10/2022 11:17:20,2,1260,1440,3,1,4850
13/10/2022 11:17:36,2,1300,1440,3,1,4850
13/10/2022 11:17:52,2,1220,1440,3,1,4850
13/10/2022 11:18:08,2,690,1440,3,1,4850
13/10/2022 11:18:24,2,1360,1440,3,1,4850
13/10/2022 11:18:40,2,1370,1440,3,1,4850
13/10/2022 11:18:56,2,1330,1440,3,1,4850
13/10/2022 11:19:12,2,1330,1440,3,1,4850
13/10/2022 11:19:28,2,1330,1440,3,1,4850
13/10/2022 11:19:44,2,1320,1440,3,1,4850
13/10/2022 11:20:00,2,1320,1440,3,1,4850
13/10/2022 11:20:16,2,1320,1440,3,1,4840
13/10/2022 11:20:32,2,1330,1440,3,1,4840
13/10/2022 11:20:48,2,1470,1440,3,2,1070
13/10/2022 11:21:04,2,1470,1440,3,2,1070
13/10/2022 11:21:20,2,1470,1440,3,2,1070
13/10/2022 11:21:36,2,-999,1440,3,2,1060
13/10/2022 11:21:52,2,-999,1440,3,2,1060
13/10/2022 11:22:08,2,1330,1440,3,1,4830
13/10/2022 11:22:24,2,1330,1440,3,1,4830
13/10/2022 11:22:40,2,1340,1440,3,1,4830
13/10/2022 11:22:56,2,1340,1440,3,1,4830
13/10/2022 11:23:12,2,1330,1440,3,1,4820
13/10/2022 11:23:28,2,1330,1440,3,1,4820
13/10/2022 11:23:44,2,1330,1440,3,1,4820
13/10/2022 11:24:00,2,1190,1440,3,2,1100
13/10/2022 11:24:16,2,1190,1440,3,2,1100
13/10/2022 11:24:32,2,1200,1440,3,2,1090
13/10/2022 11:24:48,2,1220,1440,3,2,1090
13/10/2022 11:25:04,2,1220,1440,3,2,1100
13/10/2022 11:25:20,2,1230,1440,3,2,1100
13/10/2022 11:25:36,2,1390,1440,3,1,4810
13/10/2022 11:25:52,2,1390,1440,3,1,4810
13/10/2022 11:26:08,2,1390,1440,3,1,4810
13/10/2022 11:26:24,2,1400,1440,3,1,4810
13/10/2022 11:26:40,2,1410,1440,3,1,4810
13/10/2022 11:26:56,2,1390,1440,3,1,4800
13/10/2022 11:27:12,2,1400,1440,3,1,4800
13/10/2022 11:27:28,2,1420,1440,3,1,4810
13/10/2022 11:27:44,2,1420,1440,3,1,4810
13/10/2022 11:28:00,2,1430,1440,3,1,4810
13/10/2022 11:28:16,2,1370,1440,3,1,4810
13/10/2022 11:28:32,2,1380,1440,3,1,4810
13/10/2022 11:28:48,2,1390,1440,3,1,4800
13/10/2022 11:29:04,2,1390,1440,3,1,4800
13/10/2022 11:29:20,2,1400,1440,3,1,4810
13/10/2022 11:29:36,2,1400,1440,3,1,4810
13/10/2022 11:29:52,2,1410,1440,3,1,4800
13/10/2022 11:30:08,2,1410,1440,3,1,4800
13/10/2022 11:30:24,2,1450,1440,3,2,1130
13/10/2022 11:30:40,2,1450,1440,3,2,1130
13/10/2022 11:30:56,2,1450,1440,3,2,1130
13/10/2022 11:31:12,2,1460,1440,3,2,1070
13/10/2022 11:31:28,2,1470,1440,3,2,1070
13/10/2022 11:31:44,2,1400,1440,3,1,4800
13/10/2022 11:32:00,2,1400,1440,3,1,4800
13/10/2022 11:32:16,2,1380,1440,3,1,4800
13/10/2022 11:32:32,2,1390,1440,3,1,4800
13/10/2022 11:32:48,2,1410,1440,3,1,4790
13/10/2022 11:33:04,2,1410,1440,3,1,4790
13/10/2022 11:33:20,2,1410,1440,3,1,4790
13/10/2022 11:33:36,2,1420,1440,3,1,4790
13/10/2022 11:33:52,2,1420,1440,3,1,4790
13/10/2022 11:34:08,2,1430,1440,3,1,4790
13/10/2022 11:34:24,2,1420,1440,3,1,4790
13/10/2022 11:34:40,2,1340,1440,3,2,1110
13/10/2022 11:34:56,2,1340,1440,3,2,1110
13/10/2022 11:35:12,2,1340,1440,3,2,1080
13/10/2022 11:35:28,2,1340,1440,3,2,1080
13/10/2022 11:35:44,2,1340,1440,3,2,1080
13/10/2022 11:36:00,2,1320,1440,3,1,1080
13/10/2022 11:36:16,2,1320,1440,3,1,1080
13/10/2022 11:36:32,2,1340,1440,3,3,1090
13/10/2022 11:36:48,2,1340,1440,3,3,1090
13/10/2022 11:37:04,2,1290,1440,3,2,1360
13/10/2022 11:37:20,2,1290,1440,3,2,1360
13/10/2022 11:37:36,2,1290,1440,3,1,1200
13/10/2022 11:37:52,2,-999,1440,3,1,1200
13/10/2022 11:38:08,2,-999,1440,3,1,1200
13/10/2022 11:38:24,2,-999,1440,3,1,1170
13/10/2022 11:38:40,2,-999,1440,3,1,1170
13/10/2022 11:38:56,2,-999,1440,3,1,1160
13/10/2022 11:39:12,2,-999,1440,3,1,1160
13/10/2022 11:39:28,2,1330,1440,3,1,1170
13/10/2022 11:39:44,2,1330,1440,3,1,1170
13/10/2022 11:40:00,2,1330,1440,3,2,1070
13/10/2022 11:40:16,2,1330,1440,3,2,1070
13/10/2022 11:40:32,2,1330,1440,3,2,1070
13/10/2022 11:40:48,2,1330,1440,3,2,1260
13/10/2022 11:41:04,2,1330,1440,3,2,1260
13/10/2022 11:41:20,2,1330,1440,3,2,1230
13/10/2022 11:41:36,2,1330,1440,3,2,1230
13/10/2022 11:41:52,2,1330,1440,3,1,1180
13/10/2022 11:42:08,2,1330,1440,3,1,1180
13/10/2022 11:42:24,2,1330,1440,3,1,1290
13/10/2022 11:42:40,2,1400,1440,3,1,1290
13/10/2022 11:42:56,2,1400,1440,3,1,1290
13/10/2022 11:43:12,2,1420,1440,3,1,1220
13/10/2022 11:43:28,2,1420,1440,3,1,1220
13/10/2022 11:43:44,2,1420,1440,3,1,1210
13/10/2022 11:44:00,2,1420,1440,3,1,1210
13/10/2022 11:44:16,2,1420,1440,3,1,1200
13/10/2022 11:44:32,2,1420,1440,3,1,1200
13/10/2022 11:44:48,2,1420,1440,3,2,1190
13/10/2022 11:45:04,2,1410,1440,3,2,1190
13/10/2022 11:45:20,2,1410,1440,3,2,1190
13/10/2022 11:45:36,2,1410,1440,3,3,1100
13/10/2022 11:45:52,2,1410,1440,3,3,1100
13/10/2022 11:46:08,2,1420,1440,3,2,1040
13/10/2022 11:46:24,2,1410,1440,3,2,1040
13/10/2022 11:46:40,2,1330,1440,3,1,4750
13/10/2022 11:46:56,2,1330,1440,3,1,4750
13/10/2022 11:47:12,2,1390,1440,3,1,4750
13/10/2022 11:47:28,2,1390,1440,3,1,4750
13/10/2022 11:47:44,2,1390,1440,3,1,4750
13/10/2022 11:48:00,2,1380,1440,3,1,4750
13/10/2022 11:48:16,2,1380,1440,3,1,4750
13/10/2022 11:48:32,2,1410,1440,3,3,1060
13/10/2022 11:48:48,2,1340,1440,3,3,1060
13/10/2022 11:49:04,2,1340,1440,3,2,1330
13/10/2022 11:49:20,2,1420,1440,3,2,1330
13/10/2022 11:49:36,2,1390,1440,3,1,4720
13/10/2022 11:49:52,2,1400,1440,3,1,4720
13/10/2022 11:50:08,2,1410,1440,3,1,4720
13/10/2022 11:50:24,2,1410,1440,3,1,4740
13/10/2022 11:50:40,2,1410,1440,3,1,4740
13/10/2022 11:50:56,2,1420,1440,3,2,1360
13/10/2022 11:51:12,2,1420,1440,3,2,1360
13/10/2022 11:51:28,2,1400,1440,3,2,1360
13/10/2022 11:51:44,2,1400,1440,3,2,1360
13/10/2022 11:52:00,2,1400,1440,3,2,1360
13/10/2022 11:52:16,2,1420,1440,3,2,1360
13/10/2022 11:52:32,2,1420,1440,3,2,1360
13/10/2022 11:52:48,2,1430,1440,3,2,1320
13/10/2022 11:53:04,2,1430,1440,3,2,1320
13/10/2022 11:53:20,2,1430,1440,3,1,1250
13/10/2022 11:53:36,2,1430,1440,3,1,1250
13/10/2022 11:53:52,2,1430,1440,3,2,1250
13/10/2022 11:54:08,2,1430,1440,3,2,1250
13/10/2022 11:54:24,2,1430,1440,3,2,1340
13/10/2022 11:54:40,2,1420,1440,3,2,1340
13/10/2022 11:54:56,2,1420,1440,3,2,1340
13/10/2022 11:55:12,2,1390,1440,3,1,4670
13/10/2022 11:55:28,2,1390,1440,3,1,4670
13/10/2022 11:55:44,2,1360,1440,3,1,4670
13/10/2022 11:56:00,2,1360,1440,3,1,4670
13/10/2022 11:56:16,2,1330,1440,3,1,4660
13/10/2022 11:56:32,2,1330,1440,3,1,4660
13/10/2022 11:56:48,2,1260,1440,3,1,4660
13/10/2022 11:57:04,2,1260,1440,3,1,4660
13/10/2022 11:57:20,2,1260,1440,3,1,4660
13/10/2022 11:57:36,2,-999,1440,3,2,1170
13/10/2022 11:57:52,2,-999,1440,3,2,1170
13/10/2022 11:58:08,2,1300,1440,3,2,1230
13/10/2022 11:58:24,2,1300,1440,3,2,1230
13/10/2022 11:58:40,2,1370,1440,3,1,4630
13/10/2022 11:58:56,2,1370,1440,3,1,4630
13/10/2022 11:59:12,2,1360,1440,3,1,4620
13/10/2022 11:59:28,2,1360,1440,3,1,4620
13/10/2022 11:59:44,2,1360,1440,3,1,4620
13/10/2022 12:00:00,2,1380,1390,3,1,4620
13/10/2022 12:00:16,2,1390,1390,3,1,4620
13/10/2022 12:00:32,2,1300,1390,3,2,1150
13/10/2022 12:00:48,2,1310,1390,3,2,1150
13/10/2022 12:01:04,2,1310,1390,3,2,1050
13/10/2022 12:01:20,2,1310,1390,3,2,1050
13/10/2022 12:01:36,2,1310,1390,3,2,1020
13/10/2022 12:01:52,2,1310,1390,3,2,1020
13/10/2022 12:02:08,2,1300,1390,3,2,1020
13/10/2022 12:02:24,2,1290,1390,3,2,1090
13/10/2022 12:02:40,2,1290,1390,3,2,1090
13/10/2022 12:02:56,2,1230,1390,3,2,1040
13/10/2022 12:03:12,2,1230,1390,3,2,1040
13/10/2022 12:03:28,2,1230,1390,3,2,990
13/10/2022 12:03:44,2,1230,1390,3,2,990
13/10/2022 12:04:00,2,1230,1390,3,1,1150
13/10/2022 12:04:16,2,1230,1390,3,1,1150
13/10/2022 12:04:32,2,1230,1390,3,1,1150
13/10/2022 12:04:48,2,1230,1390,3,1,1020
13/10/2022 12:05:04,2,1230,1390,3,1,1020
13/10/2022 12:05:20,2,1230,1390,3,2,990
13/10/2022 12:05:36,2,1230,1390,3,2,990
13/10/2022 12:05:52,2,1240,1390,3,2,1010
13/10/2022 12:06:08,2,1240,1390,3,2,1010
13/10/2022 12:06:24,2,1240,1390,3,2,1030
13/10/2022 12:06:40,2,1240,1390,3,2,1030
13/10/2022 12:06:56,2,1240,1390,3,2,1030
13/10/2022 12:07:12,2,1240,1390,3,1,1020
13/10/2022 12:07:28,2,1240,1390,3,1,1020
13/10/2022 12:07:44,2,1230,1390,3,1,1020
13/10/2022 12:08:00,2,1230,1390,3,1,1020
13/10/2022 12:08:16,2,1220,1390,3,1,1030
13/10/2022 12:08:32,2,1220,1390,3,1,1030
13/10/2022 12:08:48,2,1220,1390,3,2,1070
13/10/2022 12:09:04,2,1220,1390,3,2,1070
13/10/2022 12:09:20,2,1220,1390,3,2,1070
13/10/2022 12:09:36,2,1220,1390,3,1,1100
13/10/2022 12:09:52,2,1220,1390,3,1,1100
13/10/2022 12:10:08,2,1220,1390,3,1,1060
13/10/2022 12:10:24,2,1220,1390,3,1,1060
13/10/2022 12:10:40,2,1220,1390,3,1,1030
13/10/2022 12:10:56,2,1210,1390,3,1,1030
13/10/2022 12:11:12,2,1210,1390,3,1,1020
13/10/2022 12:11:28,2,1210,1390,3,1,1020
13/10/2022 12:11:44,2,1210,1390,3,1,1020
13/10/2022 12:12:00,2,1260,1390,3,2,990
13/10/2022 12:12:16,2,1260,1390,3,2,990
13/10/2022 12:12:32,2,1270,1390,3,2,1090
13/10/2022 12:12:48,2,1260,1390,3,2,1090
13/10/2022 12:13:04,2,1260,1390,3,2,1080
13/10/2022 12:13:20,2,1230,1390,3,2,1080
13/10/2022 12:13:36,2,1230,1390,3,3,1020
13/10/2022 12:13:52,2,1230,1390,3,3,1020
13/10/2022 12:14:08,2,1230,1390,3,3,1020
13/10/2022 12:14:24,2,1230,1390,3,2,1030
13/10/2022 12:14:40,2,1260,1390,3,2,1030
13/10/2022 12:14:56,2,1260,1390,3,2,1310
13/10/2022 12:15:12,2,1260,1390,3,2,1310
13/10/2022 12:15:28,2,1260,1390,3,2,1050
13/10/2022 12:15:44,2,1260,1390,3,2,1050
13/10/2022 12:16:00,2,1260,1390,3,3,1030
13/10/2022 12:16:16,2,1260,1390,3,3,1030
13/10/2022 12:16:32,2,1230,1390,3,3,1030
13/10/2022 12:16:48,2,1230,1390,3,3,1010
13/10/2022 12:17:04,2,1230,1390,3,3,1010
13/10/2022 12:17:20,2,1230,1390,3,2,1270
13/10/2022 12:17:36,2,1230,1390,3,2,1270
13/10/2022 12:17:52,2,1370,1390,3,1,4440
13/10/2022 12:18:08,2,1380,1390,3,1,4440
13/10/2022 12:18:24,2,1360,1390,3,1,4440
13/10/2022 12:18:40,2,1360,1390,3,1,4440
13/10/2022 12:18:56,2,1360,1390,3,1,4440
13/10/2022 12:19:12,2,1300,1390,3,1,4420
13/10/2022 12:19:28,2,1310,1390,3,1,4420
13/10/2022 12:19:44,2,-999,1390,3,2,1020
13/10/2022 12:20:00,2,-999,1390,3,2,1020
13/10/2022 12:20:16,2,-999,1390,3,1,1000
13/10/2022 12:20:32,2,-999,1390,3,1,1000
13/10/2022 12:20:48,2,-999,1390,3,2,1000
13/10/2022 12:21:04,2,-999,1390,3,2,1000
13/10/2022 12:21:20,2,-999,1390,3,2,1000
13/10/2022 12:21:36,2,1290,1390,3,1,4400
13/10/2022 12:21:52,2,1300,1390,3,1,4400
13/10/2022 12:22:08,2,1300,1390,3,1,4380
13/10/2022 12:22:24,2,1310,1390,3,1,4380
13/10/2022 12:22:40,2,1320,1390,3,1,4380
13/10/2022 12:22:56,2,1320,1390,3,1,4380
13/10/2022 12:23:12,2,1230,1390,3,2,1270
13/10/2022 12:23:28,2,1230,1390,3,2,1270
13/10/2022 12:23:44,2,1300,1390,3,2,1270
13/10/2022 12:24:00,2,1300,1390,3,2,1190
13/10/2022 12:24:16,2,1300,1390,3,2,1190
13/10/2022 12:24:32,2,1300,1390,3,2,1040
13/10/2022 12:24:48,2,1300,1390,3,2,1040
13/10/2022 12:25:04,2,1300,1390,3,2,1030
13/10/2022 12:25:20,2,1300,1390,3,2,1030
13/10/2022 12:25:36,2,-999,1390,3,1,1010
13/10/2022 12:25:52,2,-999,1390,3,1,1010
13/10/2022 12:26:08,2,-999,1390,3,1,1010
13/10/2022 12:26:24,2,-999,1390,3,1,1000
13/10/2022 12:26:40,2,-999,1390,3,1,1000
13/10/2022 12:26:56,2,1150,1390,3,2,1020
13/10/2022 12:27:12,2,1160,1390,3,2,1020
13/10/2022 12:27:28,2,1160,1390,3,3,1040
13/10/2022 12:27:44,2,1160,1390,3,3,1040
13/10/2022 12:28:00,2,1160,1390,3,1,1010
13/10/2022 12:28:16,2,1160,1390,3,1,1010
13/10/2022 12:28:32,2,1160,1390,3,1,1010
13/10/2022 12:28:48,2,1160,1390,3,1,980
13/10/2022 12:29:04,2,1150,1390,3,1,980
13/10/2022 12:29:20,2,1150,1390,3,1,1010
13/10/2022 12:29:36,2,1190,1390,3,1,1010
13/10/2022 12:29:52,2,1190,1390,3,2,1040
13/10/2022 12:30:08,2,1230,1390,3,2,1040
13/10/2022 12:30:24,2,1230,1390,3,2,1060
13/10/2022 12:30:40,2,1230,1390,3,2,1060
13/10/2022 12:30:56,2,1230,1390,3,2,1060
13/10/2022 12:31:12,2,1270,1390,3,3,1040
13/10/2022 12:31:28,2,1270,1390,3,3,1040
13/10/2022 12:31:44,2,1270,1390,3,3,1150
13/10/2022 12:32:00,2,1270,1390,3,3,1150
13/10/2022 12:32:16,2,1270,1390,3,1,1040
13/10/2022 12:32:32,2,1270,1390,3,1,1040
13/10/2022 12:32:48,2,1270,1390,3,1,1020
13/10/2022 12:33:04,2,1270,1390,3,1,1020
13/10/2022 12:33:20,2,1270,1390,3,1,1020
13/10/2022 12:33:36,2,1270,1390,3,1,1040
13/10/2022 12:33:52,2,1270,1390,3,1,1040
13/10/2022 12:34:08,2,1250,1390,3,1,1040
13/10/2022 12:34:24,2,1250,1390,3,1,1040
13/10/2022 12:34:40,2,1220,1390,3,3,1060
13/10/2022 12:34:56,2,1220,1390,3,3,1060
13/10/2022 12:35:12,2,-999,1390,3,2,1120
13/10/2022 12:35:28,2,-999,1390,3,2,1120
13/10/2022 12:35:44,2,-999,1390,3,2,1120
13/10/2022 12:36:00,2,-999,1390,3,2,1230
13/10/2022 12:36:16,2,-999,1390,3,2,1230
13/10/2022 12:36:32,2,-999,1390,3,1,1190
13/10/2022 12:36:48,2,1390,1390,3,1,1190
13/10/2022 12:37:04,2,1390,1390,3,1,1060
13/10/2022 12:37:20,2,1330,1390,3,1,1060
13/10/2022 12:37:36,2,1390,1390,3,1,1050
13/10/2022 12:37:52,2,1390,1390,3,1,1050
13/10/2022 12:38:08,2,1390,1390,3,1,1050
13/10/2022 12:38:24,2,1390,1390,3,1,1030
13/10/2022 12:38:40,2,-999,1390,3,1,1030
13/10/2022 12:38:56,2,-999,1390,3,2,1090
13/10/2022 12:39:12,2,-999,1390,3,2,1090
13/10/2022 12:39:28,2,-999,1390,3,3,1180
13/10/2022 12:39:44,2,-999,1390,3,3,1180
13/10/2022 12:40:00,2,1280,1390,3,1,1050
13/10/2022 12:40:16,2,1280,1390,3,1,1050
13/10/2022 12:40:32,2,1260,1390,3,1,1050
13/10/2022 12:40:48,2,1260,1390,3,1,1010
13/10/2022 12:41:04,2,1190,1390,3,1,1010
13/10/2022 12:41:20,2,1190,1390,3,2,1100
13/10/2022 12:41:36,2,1260,1390,3,2,1100
13/10/2022 12:41:52,2,1260,1390,3,2,1060
13/10/2022 12:42:08,2,1260,1390,3,2,1060
13/10/2022 12:42:24,2,1260,1390,3,2,1060
13/10/2022 12:42:40,2,1260,1390,3,2,1060
13/10/2022 12:42:56,2,1180,1390,3,2,1060
13/10/2022 12:43:12,2,1340,1390,3,1,4160
13/10/2022 12:43:28,2,1340,1390,3,1,4160
13/10/2022 12:43:44,2,1180,1390,3,2,1260
13/10/2022 12:44:00,2,-999,1390,3,2,1260
13/10/2022 12:44:16,2,-999,1390,3,2,1240
13/10/2022 12:44:32,2,-999,1390,3,2,1240
13/10/2022 12:44:48,2,-999,1390,3,2,1160
13/10/2022 12:45:04,2,-999,1390,3,2,1160
13/10/2022 12:45:20,2,1370,1390,3,2,1160
13/10/2022 12:45:36,2,1370,1390,3,1,1080
13/10/2022 12:45:52,2,1370,1390,3,1,1080
13/10/2022 12:46:08,2,1370,1390,3,2,1060
13/10/2022 12:46:24,2,1370,1390,3,2,1060
13/10/2022 12:46:40,2,1370,1390,3,1,1030
13/10/2022 12:46:56,2,1370,1390,3,1,1030
13/10/2022 12:47:12,2,1370,1390,3,2,1020
13/10/2022 12:47:28,2,1370,1390,3,2,1020
13/10/2022 12:47:44,2,-999,1390,3,2,1020
13/10/2022 12:48:00,2,-999,1390,3,2,1200
13/10/2022 12:48:16,2,-999,1390,3,2,1200
13/10/2022 12:48:32,2,1370,1390,3,2,1200
13/10/2022 12:48:48,2,-999,1390,3,2,1200
13/10/2022 12:49:04,2,-999,1390,3,2,1180
13/10/2022 12:49:20,2,-999,1390,3,2,1180
13/10/2022 12:49:36,2,1380,1390,3,1,1180
13/10/2022 12:49:52,2,1380,1390,3,1,1180
13/10/2022 12:50:08,2,1380,1390,3,1,1180
13/10/2022 12:50:24,2,1380,1390,3,1,1080
13/10/2022 12:50:40,2,1380,1390,3,1,1080
13/10/2022 12:50:56,2,1380,1390,3,1,970
13/10/2022 12:51:12,2,1380,1390,3,1,970
13/10/2022 12:51:28,2,1380,1390,3,2,1210
13/10/2022 12:51:44,2,1380,1390,3,2,1210
13/10/2022 12:52:00,2,1380,1390,3,2,1150
13/10/2022 12:52:16,2,1380,1390,3,2,1150
13/10/2022 12:52:32,2,1370,1390,3,2,1150
13/10/2022 12:52:48,2,1370,1390,3,1,1090
13/10/2022 12:53:04,2,1360,1390,3,1,1090
13/10/2022 12:53:20,2,1360,1390,3,3,1010
13/10/2022 12:53:36,2,1270,1390,3,3,1010
13/10/2022 12:53:52,2,1270,1390,3,2,1280
13/10/2022 12:54:08,2,-999,1390,3,2,1280
13/10/2022 12:54:24,2,1360,1390,3,2,1170
13/10/2022 12:54:40,2,1360,1390,3,2,1170
13/10/2022 12:54:56,2,1360,1390,3,2,1170
13/10/2022 12:55:12,2,1360,1390,3,2,1030
13/10/2022 12:55:28,2,1360,1390,3,2,1030
13/10/2022 12:55:44,2,1360,1390,3,2,970
13/10/2022 12:56:00,2,-999,1390,3,2,970
13/10/2022 12:56:16,2,1380,1390,3,1,4030
13/10/2022 12:56:32,2,1380,1390,3,1,4030
13/10/2022 12:56:48,2,10,1390,3,1,4010
13/10/2022 12:57:04,2,10,1390,3,1,4010
13/10/2022 12:57:20,2,10,1390,3,1,4010
13/10/2022 12:57:36,2,10,1390,3,1,4020
13/10/2022 12:57:52,2,10,1390,3,1,4020
13/10/2022 12:58:08,2,1320,1390,3,1,4020
13/10/2022 12:58:24,2,1310,1390,3,1,4020
13/10/2022 12:58:40,2,1420,1390,3,2,1160
13/10/2022 12:58:56,2,1420,1390,3,2,1160
13/10/2022 12:59:12,2,1290,1390,3,1,4030
13/10/2022 12:59:28,2,1310,1390,3,1,4030
13/10/2022 12:59:44,2,10,1390,3,1,4030
13/10/2022 13:00:00,1,1360,1270,3,2,1230
13/10/2022 13:00:16,1,1360,1270,3,2,1230
13/10/2022 13:00:32,1,1390,1270,3,1,4030
13/10/2022 13:00:48,1,1400,1270,3,1,4030
13/10/2022 13:01:04,1,1340,1270,3,1,4020
13/10/2022 13:01:20,1,1340,1270,3,1,4020
13/10/2022 13:01:36,1,1370,1270,3,2,1330
13/10/2022 13:01:52,1,1370,1270,3,2,1330
13/10/2022 13:02:08,1,1370,1270,3,2,1330
13/10/2022 13:02:24,1,1370,1270,3,2,1330
13/10/2022 13:02:40,1,1370,1270,3,2,1330
13/10/2022 13:02:56,1,1370,1270,3,2,1040
13/10/2022 13:03:12,1,1370,1270,3,2,1040
13/10/2022 13:03:28,1,1370,1270,3,2,1030
13/10/2022 13:03:44,1,1370,1270,3,2,1030
13/10/2022 13:04:00,1,1380,1270,3,1,1140
13/10/2022 13:04:16,1,1380,1270,3,1,1140
13/10/2022 13:04:32,1,1390,1270,3,1,1140
13/10/2022 13:04:48,1,1390,1270,3,1,1080
13/10/2022 13:05:04,1,1390,1270,3,1,1080
13/10/2022 13:05:20,1,1390,1270,3,1,1000
13/10/2022 13:05:36,1,1390,1270,3,1,1000
13/10/2022 13:05:52,1,-999,1270,3,2,1030
13/10/2022 13:06:08,1,-999,1270,3,2,1030
13/10/2022 13:06:24,1,-999,1270,3,2,1020
13/10/2022 13:06:40,1,-999,1270,3,2,1020
13/10/2022 13:06:56,1,1230,1270,3,2,1020
13/10/2022 13:07:12,1,1230,1270,3,1,1260
13/10/2022 13:07:28,1,1230,1270,3,1,1260
13/10/2022 13:07:44,1,-999,1270,3,2,1320
13/10/2022 13:08:00,1,-999,1270,3,2,1320
13/10/2022 13:08:16,1,1230,1270,3,2,1060
13/10/2022 13:08:32,1,1230,1270,3,2,1060
13/10/2022 13:08:48,1,-999,1270,3,2,1090
13/10/2022 13:09:04,1,-999,1270,3,2,1090
13/10/2022 13:09:20,1,-999,1270,3,2,1090
13/10/2022 13:09:36,1,-999,1270,3,2,1050
13/10/2022 13:09:52,1,-999,1270,3,2,1050
13/10/2022 13:10:08,1,-999,1270,3,2,940
13/10/2022 13:10:24,1,-999,1270,3,2,940
13/10/2022 13:10:40,1,-999,1270,3,2,1290
13/10/2022 13:10:56,1,-999,1270,3,2,1290
13/10/2022 13:11:12,1,-999,1270,3,3,990
13/10/2022 13:11:28,1,1410,1270,3,3,990
13/10/2022 13:11:44,1,1410,1270,3,3,990
13/10/2022 13:12:00,1,-999,1270,3,2,990
13/10/2022 13:12:16,1,-999,1270,3,2,990
13/10/2022 13:12:32,1,-999,1270,3,1,910
13/10/2022 13:12:48,1,-999,1270,3,1,910
13/10/2022 13:13:04,1,1140,1270,3,1,910
13/10/2022 13:13:20,1,1140,1270,3,1,910
13/10/2022 13:13:36,1,1140,1270,3,3,1040
13/10/2022 13:13:52,1,1100,1270,3,3,1040
13/10/2022 13:14:08,1,1100,1270,3,3,1040
13/10/2022 13:14:24,1,1100,1270,3,3,1060
13/10/2022 13:14:40,1,1100,1270,3,3,1060
13/10/2022 13:14:56,1,1100,1270,3,2,1170
13/10/2022 13:15:12,1,-999,1270,3,2,1170
13/10/2022 13:15:28,1,-999,1270,3,2,1300
13/10/2022 13:15:44,1,-999,1270,3,2,1300
13/10/2022 13:16:00,1,-999,1270,3,2,1330
13/10/2022 13:16:16,1,-999,1270,3,2,1330
13/10/2022 13:16:32,1,-999,1270,3,2,1330
13/10/2022 13:16:48,1,1440,1270,3,2,1320
13/10/2022 13:17:04,1,1420,1270,3,2,1320
13/10/2022 13:17:20,1,1430,1270,3,2,1290
13/10/2022 13:17:36,1,1430,1270,3,2,1290
13/10/2022 13:17:52,1,1420,1270,3,2,1330
13/10/2022 13:18:08,1,1420,1270,3,2,1330
13/10/2022 13:18:24,1,140,1270,3,1,4010
13/10/2022 13:18:40,1,130,1270,3,1,4010
13/10/2022 13:18:56,1,130,1270,3,1,4010
13/10/2022 13:19:12,1,1420,1270,3,2,1180
13/10/2022 13:19:28,1,1420,1270,3,2,1180
13/10/2022 13:19:44,1,1420,1270,3,1,1170
13/10/2022 13:20:00,1,1410,1270,3,1,1170
13/10/2022 13:20:16,1,1410,1270,3,2,1210
13/10/2022 13:20:32,1,1410,1270,3,2,1210
13/10/2022 13:20:48,1,1410,1270,3,2,1040
13/10/2022 13:21:04,1,1410,1270,3,2,1040
13/10/2022 13:21:20,1,1410,1270,3,2,1040
13/10/2022 13:21:36,1,1410,1270,3,2,1020
13/10/2022 13:21:52,1,1410,1270,3,2,1020
13/10/2022 13:22:08,1,1380,1270,3,3,990
13/10/2022 13:22:24,1,1380,1270,3,3,990
13/10/2022 13:22:40,1,1380,1270,3,3,1060
13/10/2022 13:22:56,1,1380,1270,3,3,1060
13/10/2022 13:23:12,1,1380,1270,3,1,1040
13/10/2022 13:23:28,1,1380,1270,3,1,1040
13/10/2022 13:23:44,1,-999,1270,3,1,1040
13/10/2022 13:24:00,1,-999,1270,3,1,1000
13/10/2022 13:24:16,1,-999,1270,3,1,1000
13/10/2022 13:24:32,1,1260,1270,3,3,1040
13/10/2022 13:24:48,1,1260,1270,3,3,1040
13/10/2022 13:25:04,1,1230,1270,3,1,990
13/10/2022 13:25:20,1,1230,1270,3,1,990
13/10/2022 13:25:36,1,1230,1270,3,1,3970
13/10/2022 13:25:52,1,1260,1270,3,1,3970
13/10/2022 13:26:08,1,1260,1270,3,1,3970
13/10/2022 13:26:24,1,1260,1270,3,2,1220
13/10/2022 13:26:40,1,1260,1270,3,2,1220
13/10/2022 13:26:56,1,1260,1270,3,2,1350
13/10/2022 13:27:12,1,-999,1270,3,2,1350
13/10/2022 13:27:28,1,-999,1270,3,2,1060
13/10/2022 13:27:44,1,-999,1270,3,2,1060
13/10/2022 13:28:00,1,-999,1270,3,2,1050
13/10/2022 13:28:16,1,-999,1270,3,2,1050
13/10/2022 13:28:32,1,1210,1270,3,2,1050
13/10/2022 13:28:48,1,-999,1270,3,2,1280
13/10/2022 13:29:04,1,-999,1270,3,2,1280
13/10/2022 13:29:20,1,-999,1270,3,3,1060
13/10/2022 13:29:36,1,-999,1270,3,3,1060
13/10/2022 13:29:52,1,-999,1270,3,1,1050
13/10/2022 13:30:08,1,-999,1270,3,1,1050
13/10/2022 13:30:24,1,1300,1270,3,2,1060
13/10/2022 13:30:40,1,1250,1270,3,2,1060
13/10/2022 13:30:56,1,1250,1270,3,2,1060
13/10/2022 13:31:12,1,1250,1270,3,2,1000
13/10/2022 13:31:28,1,1250,1270,3,2,1000
13/10/2022 13:31:44,1,1250,1270,3,1,980
13/10/2022 13:32:00,1,1250,1270,3,1,980
13/10/2022 13:32:16,1,1250,1270,3,1,1010
13/10/2022 13:32:32,1,1250,1270,3,1,1010
13/10/2022 13:32:48,1,1250,1270,3,2,1060
13/10/2022 13:33:04,1,1250,1270,3,2,1060
13/10/2022 13:33:20,1,1250,1270,3,2,1060
13/10/2022 13:33:36,1,1250,1270,3,2,1040
13/10/2022 13:33:52,1,1220,1270,3,2,1040
13/10/2022 13:34:08,1,1220,1270,3,2,1250
13/10/2022 13:34:24,1,1220,1270,3,2,1250
13/10/2022 13:34:40,1,1200,1270,3,3,1020
13/10/2022 13:34:56,1,1200,1270,3,3,1020
13/10/2022 13:35:12,1,1180,1270,3,1,1010
13/10/2022 13:35:28,1,1180,1270,3,1,1010
13/10/2022 13:35:44,1,1180,1270,3,1,1010
13/10/2022 13:36:00,1,1180,1270,3,1,3980
13/10/2022 13:36:16,1,1180,1270,3,1,3980
13/10/2022 13:36:32,1,1180,1270,3,2,1040
13/10/2022 13:36:48,1,1180,1270,3,2,1040
13/10/2022 13:37:04,1,1180,1270,3,2,1010
13/10/2022 13:37:20,1,1160,1270,3,2,1010
13/10/2022 13:37:36,1,1160,1270,3,2,1020
13/10/2022 13:37:52,1,1160,1270,3,2,1020
13/10/2022 13:38:08,1,1180,1270,3,2,1020
13/10/2022 13:38:24,1,1160,1270,3,2,1000
13/10/2022 13:38:40,1,1160,1270,3,2,1000
13/10/2022 13:38:56,1,1180,1270,3,2,1010
13/10/2022 13:39:12,1,1180,1270,3,2,1010
13/10/2022 13:39:28,1,1180,1270,3,2,1060
13/10/2022 13:39:44,1,1180,1270,3,2,1060
13/10/2022 13:40:00,1,1180,1270,3,2,1060
13/10/2022 13:40:16,1,1180,1270,3,2,1060
13/10/2022 13:40:32,1,1210,1270,3,2,1060
13/10/2022 13:40:48,1,1210,1270,3,2,1060
13/10/2022 13:41:04,1,1210,1270,3,2,1060
13/10/2022 13:41:20,1,1250,1270,3,2,1110
13/10/2022 13:41:36,1,1250,1270,3,2,1110
13/10/2022 13:41:52,1,1250,1270,3,2,1060
13/10/2022 13:42:08,1,1250,1270,3,2,1060
13/10/2022 13:42:24,1,1250,1270,3,2,1000
13/10/2022 13:42:40,1,1250,1270,3,2,1000
13/10/2022 13:42:56,1,1250,1270,3,2,1000
13/10/2022 13:43:12,1,1250,1270,3,2,1000
13/10/2022 13:43:28,1,1250,1270,3,2,1000
13/10/2022 13:43:44,1,1250,1270,3,2,1080
13/10/2022 13:44:00,1,1250,1270,3,2,1080
13/10/2022 13:44:16,1,1250,1270,3,1,3980
13/10/2022 13:44:32,1,1250,1270,3,1,3980
13/10/2022 13:44:48,1,1250,1270,3,1,3990
13/10/2022 13:45:04,1,1250,1270,3,1,3990
13/10/2022 13:45:20,1,1250,1270,3,1,3990
13/10/2022 13:45:36,1,10,1270,3,1,4000
13/10/2022 13:45:52,1,10,1270,3,1,4000
13/10/2022 13:46:08,1,790,1270,3,1,4000
13/10/2022 13:46:24,1,780,1270,3,1,4000
13/10/2022 13:46:40,1,1250,1270,3,2,1170
13/10/2022 13:46:56,1,1250,1270,3,2,1170
13/10/2022 13:47:12,1,1260,1270,3,2,1100
13/10/2022 13:47:28,1,1260,1270,3,2,1100
13/10/2022 13:47:44,1,1290,1270,3,2,1100
13/10/2022 13:48:00,1,1290,1270,3,1,1040
13/10/2022 13:48:16,1,1290,1270,3,1,1040
13/10/2022 13:48:32,1,1290,1270,3,3,1000
13/10/2022 13:48:48,1,1290,1270,3,3,1000
13/10/2022 13:49:04,1,1260,1270,3,2,1050
13/10/2022 13:49:20,1,1260,1270,3,2,1050
13/10/2022 13:49:36,1,1260,1270,3,2,960
13/10/2022 13:49:52,1,1260,1270,3,2,960
13/10/2022 13:50:08,1,1260,1270,3,2,960
13/10/2022 13:50:24,1,1210,1270,3,1,950
13/10/2022 13:50:40,1,1210,1270,3,1,950
13/10/2022 13:50:56,1,1170,1270,3,1,950
13/10/2022 13:51:12,1,1170,1270,3,1,950
13/10/2022 13:51:28,1,1170,1270,3,2,920
13/10/2022 13:51:44,1,1160,1270,3,2,920
13/10/2022 13:52:00,1,1160,1270,3,1,3980
13/10/2022 13:52:16,1,1160,1270,3,1,3980
13/10/2022 13:52:32,1,-999,1270,3,1,3980
13/10/2022 13:52:48,1,-999,1270,3,2,1100
13/10/2022 13:53:04,1,-999,1270,3,2,1100
13/10/2022 13:53:20,1,-999,1270,3,1,1000
13/10/2022 13:53:36,1,-999,1270,3,1,1000
13/10/2022 13:53:52,1,-999,1270,3,2,980
13/10/2022 13:54:08,1,-999,1270,3,2,980
13/10/2022 13:54:24,1,-999,1270,3,2,1070
13/10/2022 13:54:40,1,-999,1270,3,2,1070
13/10/2022 13:54:56,1,-999,1270,3,2,1070
13/10/2022 13:55:12,1,-999,1270,3,2,1060
13/10/2022 13:55:28,1,-999,1270,3,2,1060
13/10/2022 13:55:44,1,1230,1270,3,2,1010
13/10/2022 13:56:00,1,1230,1270,3,2,1010
13/10/2022 13:56:16,1,1230,1270,3,2,940
13/10/2022 13:56:32,1,1200,1270,3,2,940
13/10/2022 13:56:48,1,1200,1270,3,2,1160
13/10/2022 13:57:04,1,1200,1270,3,2,1160
13/10/2022 13:57:20,1,1230,1270,3,2,1160
13/10/2022 13:57:36,1,1230,1270,3,1,3960
13/10/2022 13:57:52,1,1230,1270,3,1,3960
13/10/2022 13:58:08,1,1240,1270,3,1,3970
13/10/2022 13:58:24,1,1240,1270,3,1,3970
13/10/2022 13:58:40,1,1260,1270,3,1,3970
13/10/2022 13:58:56,1,1260,1270,3,1,3970
13/10/2022 13:59:12,1,1260,1270,3,1,3960
13/10/2022 13:59:28,1,1270,1270,3,1,3960
13/10/2022 13:59:44,1,1270,1270,3,1,3960
13/10/2022 14:00:00,1,1270,1250,3,2,960
13/10/2022 14:00:16,1,1270,1250,3,2,960
13/10/2022 14:00:32,1,1270,1250,3,3,950
13/10/2022 14:00:48,1,1270,1250,3,3,950
13/10/2022 14:01:04,1,1270,1250,3,2,940
13/10/2022 14:01:20,1,1270,1250,3,2,940
13/10/2022 14:01:36,1,1270,1250,3,1,3950
13/10/2022 14:01:52,1,1220,1250,3,1,3950
13/10/2022 14:02:08,1,1220,1250,3,1,3950
13/10/2022 14:02:24,1,1210,1250,3,1,3940
13/10/2022 14:02:40,1,1210,1250,3,1,3940
13/10/2022 14:02:56,1,1210,1250,3,1,3930
13/10/2022 14:03:12,1,1210,1250,3,1,3930
13/10/2022 14:03:28,1,1200,1250,3,2,1010
13/10/2022 14:03:44,1,1180,1250,3,2,1010
13/10/2022 14:04:00,1,1180,1250,3,2,960
13/10/2022 14:04:16,1,1150,1250,3,2,960
13/10/2022 14:04:32,1,1150,1250,3,2,960
13/10/2022 14:04:48,1,1150,1250,3,2,1080
13/10/2022 14:05:04,1,1150,1250,3,2,1080
13/10/2022 14:05:20,1,1200,1250,3,2,1070
13/10/2022 14:05:36,1,1200,1250,3,2,1070
13/10/2022 14:05:52,1,1200,1250,3,2,1080
13/10/2022 14:06:08,1,1200,1250,3,2,1080
13/10/2022 14:06:24,1,1200,1250,3,3,880
13/10/2022 14:06:40,1,1240,1250,3,3,880
13/10/2022 14:06:56,1,-999,1250,3,3,880
13/10/2022 14:07:12,1,-999,1250,3,2,880
13/10/2022 14:07:28,1,-999,1250,3,2,880
13/10/2022 14:07:44,1,1240,1250,3,1,3880
13/10/2022 14:08:00,1,1240,1250,3,1,3880
13/10/2022 14:08:16,1,1240,1250,3,2,940
13/10/2022 14:08:32,1,1280,1250,3,2,940
13/10/2022 14:08:48,1,1280,1250,3,2,1200
13/10/2022 14:09:04,1,1290,1250,3,2,1200
13/10/2022 14:09:20,1,1290,1250,3,2,1200
13/10/2022 14:09:36,1,1290,1250,3,2,1160
13/10/2022 14:09:52,1,1290,1250,3,2,1160
13/10/2022 14:10:08,1,1290,1250,3,2,1160
13/10/2022 14:10:24,1,1290,1250,3,2,1160
13/10/2022 14:10:40,1,1280,1250,3,1,3880
13/10/2022 14:10:56,1,1280,1250,3,1,3880
13/10/2022 14:11:12,1,1280,1250,3,1,3900
13/10/2022 14:11:28,1,1280,1250,3,1,3900
13/10/2022 14:11:44,1,1290,1250,3,1,3900
13/10/2022 14:12:00,1,1290,1250,3,1,3910
13/10/2022 14:12:16,1,1290,1250,3,1,3910
13/10/2022 14:12:32,1,1290,1250,3,2,3900
13/10/2022 14:12:48,1,1270,1250,3,2,3900
13/10/2022 14:13:04,1,1270,1250,3,3,1060
13/10/2022 14:13:20,1,1270,1250,3,3,1060
13/10/2022 14:13:36,1,1270,1250,3,2,1010
13/10/2022 14:13:52,1,1270,1250,3,2,1010
13/10/2022 14:14:08,1,1260,1250,3,2,1010
13/10/2022 14:14:24,1,1220,1250,3,1,990
13/10/2022 14:14:40,1,1220,1250,3,1,990
13/10/2022 14:14:56,1,1230,1250,3,2,1060
13/10/2022 14:15:12,1,1230,1250,3,2,1060
13/10/2022 14:15:28,1,1220,1250,3,1,1020
13/10/2022 14:15:44,1,1220,1250,3,1,1020
13/10/2022 14:16:00,1,1220,1250,3,1,1000
13/10/2022 14:16:16,1,1210,1250,3,1,1000
13/10/2022 14:16:32,1,1210,1250,3,1,1000
13/10/2022 14:16:48,1,1210,1250,3,2,1030
13/10/2022 14:17:04,1,1210,1250,3,2,1030
13/10/2022 14:17:20,1,1210,1250,3,1,1110
13/10/2022 14:17:36,1,1210,1250,3,1,1110
13/10/2022 14:17:52,1,1210,1250,3,1,1100
13/10/2022 14:18:08,1,1210,1250,3,1,1100
13/10/2022 14:18:24,1,1210,1250,3,2,1130
13/10/2022 14:18:40,1,1230,1250,3,2,1130
13/10/2022 14:18:56,1,-999,1250,3,2,1130
13/10/2022 14:19:12,1,-999,1250,3,3,1060
13/10/2022 14:19:28,1,1330,1250,3,3,1060
13/10/2022 14:19:44,1,1330,1250,3,2,1170
13/10/2022 14:20:00,1,1330,1250,3,2,1170
13/10/2022 14:20:16,1,1320,1250,3,1,4300
13/10/2022 14:20:32,1,1320,1250,3,1,4300
13/10/2022 14:20:48,1,1320,1250,3,2,910
13/10/2022 14:21:04,1,1320,1250,3,2,910
13/10/2022 14:21:20,1,1320,1250,3,2,910
13/10/2022 14:21:36,1,1320,1250,3,3,890
13/10/2022 14:21:52,1,1320,1250,3,3,890
13/10/2022 14:22:08,1,1400,1250,3,1,4270
13/10/2022 14:22:24,1,1390,1250,3,1,4270
13/10/2022 14:22:40,1,1320,1250,3,2,920
13/10/2022 14:22:56,1,1320,1250,3,2,920
13/10/2022 14:23:12,1,1320,1250,3,2,910
13/10/2022 14:23:28,1,-999,1250,3,2,910
13/10/2022 14:23:44,1,-999,1250,3,2,910
13/10/2022 14:24:00,1,1080,1250,3,2,960
13/10/2022 14:24:16,1,1080,1250,3,2,960
13/10/2022 14:24:32,1,1080,1250,3,2,930
13/10/2022 14:24:48,1,1080,1250,3,2,930
13/10/2022 14:25:04,1,1120,1250,3,2,920
13/10/2022 14:25:20,1,1120,1250,3,2,920
13/10/2022 14:25:36,1,1140,1250,3,2,1160
13/10/2022 14:25:52,1,1140,1250,3,2,1160
13/10/2022 14:26:08,1,1140,1250,3,2,1160
13/10/2022 14:26:24,1,1270,1250,3,2,4690
13/10/2022 14:26:40,1,1270,1250,3,2,4690
13/10/2022 14:26:56,1,1280,1250,3,2,4710
13/10/2022 14:27:12,1,1280,1250,3,2,4710
13/10/2022 14:27:28,1,1270,1250,3,2,1170
13/10/2022 14:27:44,1,1270,1250,3,2,1170
13/10/2022 14:28:00,1,1280,1250,3,2,1150
13/10/2022 14:28:16,1,1280,1250,3,2,1150
13/10/2022 14:28:32,1,1280,1250,3,2,1150
13/10/2022 14:28:48,1,1280,1250,3,2,1090
13/10/2022 14:29:04,1,1280,1250,3,2,1090
13/10/2022 14:29:20,1,1280,1250,3,2,1170
13/10/2022 14:29:36,1,1280,1250,3,2,1170
13/10/2022 14:29:52,1,1280,1250,3,2,1180
13/10/2022 14:30:08,1,1290,1250,3,2,1180
13/10/2022 14:30:24,1,1290,1250,3,2,1180
13/10/2022 14:30:40,1,1290,1250,3,2,1180
13/10/2022 14:30:56,1,1290,1250,3,2,1180
13/10/2022 14:31:12,1,1290,1250,3,2,1120
13/10/2022 14:31:28,1,1290,1250,3,2,1120
13/10/2022 14:31:44,1,1290,1250,3,2,1100
13/10/2022 14:32:00,1,1290,1250,3,2,1100
13/10/2022 14:32:16,1,1310,1250,3,1,4450
13/10/2022 14:32:32,1,1310,1250,3,1,4450
13/10/2022 14:32:48,1,1320,1250,3,1,4450
13/10/2022 14:33:04,1,1310,1250,3,1,4450
13/10/2022 14:33:20,1,1310,1250,3,1,4450
13/10/2022 14:33:36,1,1320,1250,3,1,4460
13/10/2022 14:33:52,1,1270,1250,3,1,4460
13/10/2022 14:34:08,1,1280,1250,3,1,4460
13/10/2022 14:34:24,1,1280,1250,3,1,4460
13/10/2022 14:34:40,1,1270,1250,3,1,4470
13/10/2022 14:34:56,1,1260,1250,3,1,4470
13/10/2022 14:35:12,1,1290,1250,3,2,900
13/10/2022 14:35:28,1,1290,1250,3,2,900
13/10/2022 14:35:44,1,1290,1250,3,2,900
13/10/2022 14:36:00,1,1310,1250,3,3,940
13/10/2022 14:36:16,1,1320,1250,3,3,940
13/10/2022 14:36:32,1,1300,1250,3,2,1210
13/10/2022 14:36:48,1,1300,1250,3,2,1210
13/10/2022 14:37:04,1,1300,1250,3,2,1250
13/10/2022 14:37:20,1,1300,1250,3,2,1250
13/10/2022 14:37:36,1,1300,1250,3,2,1200
13/10/2022 14:37:52,1,-999,1250,3,2,1200
13/10/2022 14:38:08,1,-999,1250,3,2,1200
13/10/2022 14:38:24,1,1350,1250,3,3,1290
13/10/2022 14:38:40,1,1350,1250,3,3,1290
13/10/2022 14:38:56,1,1230,1250,3,1,5280
13/10/2022 14:39:12,1,1310,1250,3,1,5280
13/10/2022 14:39:28,1,1360,1250,3,1,5290
13/10/2022 14:39:44,1,1360,1250,3,1,5290
13/10/2022 14:40:00,1,1350,1250,3,2,1230
13/10/2022 14:40:16,1,1330,1250,3,2,1230
13/10/2022 14:40:32,1,1330,1250,3,2,1230
13/10/2022 14:40:48,1,1310,1250,3,1,5270
13/10/2022 14:41:04,1,1310,1250,3,1,5270
13/10/2022 14:41:20,1,1330,1250,3,2,1200
13/10/2022 14:41:36,1,1330,1250,3,2,1200
13/10/2022 14:41:52,1,1310,1250,3,1,5210
13/10/2022 14:42:08,1,1310,1250,3,1,5210
13/10/2022 14:42:24,1,1320,1250,3,2,1230
13/10/2022 14:42:40,1,1310,1250,3,2,1230
13/10/2022 14:42:56,1,1310,1250,3,2,1230
13/10/2022 14:43:12,1,1320,1250,3,1,5280
13/10/2022 14:43:28,1,1320,1250,3,1,5280
13/10/2022 14:43:44,1,1290,1250,3,1,5280
13/10/2022 14:44:00,1,1300,1250,3,1,5280
13/10/2022 14:44:16,1,1290,1250,3,2,5310
13/10/2022 14:44:32,1,1290,1250,3,2,5310
13/10/2022 14:44:48,1,1310,1250,3,2,960
13/10/2022 14:45:04,1,1310,1250,3,2,960
13/10/2022 14:45:20,1,1310,1250,3,2,960
13/10/2022 14:45:36,1,1330,1250,3,1,6190
13/10/2022 14:45:52,1,1300,1250,3,1,6190
13/10/2022 14:46:08,1,1310,1250,3,1,6150
13/10/2022 14:46:24,1,1310,1250,3,1,6150
13/10/2022 14:46:40,1,1310,1250,3,1,6130
13/10/2022 14:46:56,1,1310,1250,3,1,6130
13/10/2022 14:47:12,1,1310,1250,3,2,6130
13/10/2022 14:47:28,1,1310,1250,3,2,6130
13/10/2022 14:47:44,1,1300,1250,3,2,6130
13/10/2022 14:48:00,1,1300,1250,3,1,6490
13/10/2022 14:48:16,1,1290,1250,3,1,6490
13/10/2022 14:48:32,1,1290,1250,3,1,6480
13/10/2022 14:48:48,1,1290,1250,3,1,6480
13/10/2022 14:49:04,1,1320,1250,3,2,3930
13/10/2022 14:49:20,1,1320,1250,3,2,3930
13/10/2022 14:49:36,1,1310,1250,3,2,3930
13/10/2022 14:49:52,1,1310,1250,3,2,3930
13/10/2022 14:50:08,1,1290,1250,3,2,3930
13/10/2022 14:50:24,1,1290,1250,3,1,3950
13/10/2022 14:50:40,1,1290,1250,3,1,3950
13/10/2022 14:50:56,1,1290,1250,3,1,3950
13/10/2022 14:51:12,1,1290,1250,3,1,3950
13/10/2022 14:51:28,1,1290,1250,3,1,3960
13/10/2022 14:51:44,1,1290,1250,3,1,3960
13/10/2022 14:52:00,1,1290,1250,3,1,3960
13/10/2022 14:52:16,1,1290,1250,3,1,3960
13/10/2022 14:52:32,1,1290,1250,3,1,3960
13/10/2022 14:52:48,1,1290,1250,3,1,3950
13/10/2022 14:53:04,1,1290,1250,3,1,3950
13/10/2022 14:53:20,1,1290,1250,3,1,3940
13/10/2022 14:53:36,1,1290,1250,3,1,3940
13/10/2022 14:53:52,1,1290,1250,3,1,3940
13/10/2022 14:54:08,1,1290,1250,3,1,3940
13/10/2022 14:54:24,1,1290,1250,3,1,3930
13/10/2022 14:54:40,1,1290,1250,3,1,3930
13/10/2022 14:54:56,1,1300,1250,3,1,3930
13/10/2022 14:55:12,1,1300,1250,3,1,3900
13/10/2022 14:55:28,1,1300,1250,3,1,3900
13/10/2022 14:55:44,1,1300,1250,3,1,3890
13/10/2022 14:56:00,1,1300,1250,3,1,3890
13/10/2022 14:56:16,1,1310,1250,3,1,3890
13/10/2022 14:56:32,1,1310,1250,3,1,3890
13/10/2022 14:56:48,1,1310,1250,3,1,3880
13/10/2022 14:57:04,1,1310,1250,3,1,3880
13/10/2022 14:57:20,1,1310,1250,3,1,3880
13/10/2022 14:57:36,1,1320,1250,3,1,3860
13/10/2022 14:57:52,1,1320,1250,3,1,3860
13/10/2022 14:58:08,1,1320,1250,3,1,3840
13/10/2022 14:58:24,1,1320,1250,3,1,3840
13/10/2022 14:58:40,1,1330,1250,3,1,3840
13/10/2022 14:58:56,1,1330,1250,3,1,3840
13/10/2022 14:59:12,1,1330,1250,3,1,3840
13/10/2022 14:59:28,1,1330,1250,3,1,3840
13/10/2022 14:59:44,1,1340,1250,3,1,3840
13/10/2022 15:00:00,2,1340,1290,3,2,1230
13/10/2022 15:00:16,2,1340,1290,3,2,1230
13/10/2022 15:00:32,2,1340,1290,3,2,1220
13/10/2022 15:00:48,2,1340,1290,3,2,1220
13/10/2022 15:01:04,2,1340,1290,3,1,3830
13/10/2022 15:01:20,2,1340,1290,3,1,3830
13/10/2022 15:01:36,2,1340,1290,3,1,3830
13/10/2022 15:01:52,2,1340,1290,3,1,3830
13/10/2022 15:02:08,2,1340,1290,3,1,3830
13/10/2022 15:02:24,2,1340,1290,3,1,3830
13/10/2022 15:02:40,2,1350,1290,3,1,3830
13/10/2022 15:02:56,2,1350,1290,3,1,3830
13/10/2022 15:03:12,2,1350,1290,3,1,3830
13/10/2022 15:03:28,2,1350,1290,3,1,3840
13/10/2022 15:03:44,2,1360,1290,3,1,3840
13/10/2022 15:04:00,2,1360,1290,3,1,3850
13/10/2022 15:04:16,2,1370,1290,3,1,3850
13/10/2022 15:04:32,2,1370,1290,3,1,3850
13/10/2022 15:04:48,2,1380,1290,3,1,3850
13/10/2022 15:05:04,2,1380,1290,3,1,3850
13/10/2022 15:05:20,2,1380,1290,3,1,3850
13/10/2022 15:05:36,2,1380,1290,3,1,3850
13/10/2022 15:05:52,2,1380,1290,3,1,3850
13/10/2022 15:06:08,2,1380,1290,3,1,3850
13/10/2022 15:06:24,2,1380,1290,3,1,3860
13/10/2022 15:06:40,2,1380,1290,3,1,3860
13/10/2022 15:06:56,2,1380,1290,3,1,3860
13/10/2022 15:07:12,2,1380,1290,3,1,3850
13/10/2022 15:07:28,2,1380,1290,3,1,3850
13/10/2022 15:07:44,2,1380,1290,3,1,3860
13/10/2022 15:08:00,2,1380,1290,3,1,3860
13/10/2022 15:08:16,2,1380,1290,3,1,3840
13/10/2022 15:08:32,2,1380,1290,3,1,3840
13/10/2022 15:08:48,2,1380,1290,3,1,3830
13/10/2022 15:09:04,2,1380,1290,3,1,3830
13/10/2022 15:09:20,2,1380,1290,3,1,3830
13/10/2022 15:09:36,2,1380,1290,3,2,1080
13/10/2022 15:09:52,2,1380,1290,3,2,1080
13/10/2022 15:10:08,2,1380,1290,3,2,1130
13/10/2022 15:10:24,2,1380,1290,3,2,1130
13/10/2022 15:10:40,2,1380,1290,3,3,1130
13/10/2022 15:10:56,2,1380,1290,3,3,1130
13/10/2022 15:11:12,2,1380,1290,3,1,1160
13/10/2022 15:11:28,2,1380,1290,3,1,1160
13/10/2022 15:11:44,2,1330,1290,3,1,1160
13/10/2022 15:12:00,2,1270,1290,3,2,1160
13/10/2022 15:12:16,2,1270,1290,3,2,1160
13/10/2022 15:12:32,2,1270,1290,3,2,1150
13/10/2022 15:12:48,2,1270,1290,3,2,1150
13/10/2022 15:13:04,2,1270,1290,3,2,1080
13/10/2022 15:13:20,2,1270,1290,3,2,1080
13/10/2022 15:13:36,2,1260,1290,3,1,1100
13/10/2022 15:13:52,2,1260,1290,3,1,1100
13/10/2022 15:14:08,2,1260,1290,3,1,1100
13/10/2022 15:14:24,2,1260,1290,3,2,1110
13/10/2022 15:14:40,2,1260,1290,3,2,1110
13/10/2022 15:14:56,2,1260,1290,3,2,1100
13/10/2022 15:15:12,2,1260,1290,3,2,1100
13/10/2022 15:15:28,2,1250,1290,3,2,1000
13/10/2022 15:15:44,2,1250,1290,3,2,1000
13/10/2022 15:16:00,2,1250,1290,3,2,1160
13/10/2022 15:16:16,2,1260,1290,3,2,1160
13/10/2022 15:16:32,2,1260,1290,3,2,1160
13/10/2022 15:16:48,2,1250,1290,3,2,1010
13/10/2022 15:17:04,2,1250,1290,3,2,1010
13/10/2022 15:17:20,2,1250,1290,3,1,1000
13/10/2022 15:17:36,2,1250,1290,3,1,1000
13/10/2022 15:17:52,2,1250,1290,3,1,1010
13/10/2022 15:18:08,2,1230,1290,3,1,1010
13/10/2022 15:18:24,2,1230,1290,3,1,1000
13/10/2022 15:18:40,2,1160,1290,3,1,1000
13/10/2022 15:18:56,2,1160,1290,3,1,1000
13/10/2022 15:19:12,2,1160,1290,3,2,1040
13/10/2022 15:19:28,2,1160,1290,3,2,1040
13/10/2022 15:19:44,2,1300,1290,3,1,4700
13/10/2022 15:20:00,2,1300,1290,3,1,4700
13/10/2022 15:20:16,2,1230,1290,3,2,1080
13/10/2022 15:20:32,2,1230,1290,3,2,1080
13/10/2022 15:20:48,2,1230,1290,3,1,1050
13/10/2022 15:21:04,2,-999,1290,3,1,1050
13/10/2022 15:21:20,2,1290,1290,3,1,1050
13/10/2022 15:21:36,2,1290,1290,3,1,1190
13/10/2022 15:21:52,2,1290,1290,3,1,1190
13/10/2022 15:22:08,2,1290,1290,3,1,1120
13/10/2022 15:22:24,2,1290,1290,3,1,1120
13/10/2022 15:22:40,2,1290,1290,3,1,1190
13/10/2022 15:22:56,2,1300,1290,3,1,1190
13/10/2022 15:23:12,2,1300,1290,3,1,1150
13/10/2022 15:23:28,2,1300,1290,3,1,1150
13/10/2022 15:23:44,2,1300,1290,3,1,1150
13/10/2022 15:24:00,2,1380,1290,3,0,-999
13/10/2022 15:24:16,2,1380,1290,3,0,-999
13/10/2022 15:24:32,2,1330,1290,3,1,1140
13/10/2022 15:24:48,2,1330,1290,3,1,1140
13/10/2022 15:25:04,2,1330,1290,3,1,1080
13/10/2022 15:25:20,2,1330,1290,3,1,1080
13/10/2022 15:25:36,2,1300,1290,3,1,1000
13/10/2022 15:25:52,2,1300,1290,3,1,1000
13/10/2022 15:26:08,2,1300,1290,3,1,1000
13/10/2022 15:26:24,2,1290,1290,3,2,990
13/10/2022 15:26:40,2,1290,1290,3,2,990
13/10/2022 15:26:56,2,1270,1290,3,1,1090
13/10/2022 15:27:12,2,1270,1290,3,1,1090
13/10/2022 15:27:28,2,1230,1290,3,1,1010
13/10/2022 15:27:44,2,1230,1290,3,1,1010
13/10/2022 15:28:00,2,1230,1290,3,1,1000
13/10/2022 15:28:16,2,1230,1290,3,1,1000
13/10/2022 15:28:32,2,1200,1290,3,1,1000
13/10/2022 15:28:48,2,1200,1290,3,2,990
13/10/2022 15:29:04,2,1200,1290,3,2,990
13/10/2022 15:29:20,2,1240,1290,3,0,-999
13/10/2022 15:29:36,2,1240,1290,3,0,-999
13/10/2022 15:29:52,2,1270,1290,3,0,-999
13/10/2022 15:30:08,2,1270,1290,3,0,-999
13/10/2022 15:30:24,2,1230,1290,3,1,1070
13/10/2022 15:30:40,2,1250,1290,3,1,1070
13/10/2022 15:30:56,2,1250,1290,3,1,1070
13/10/2022 15:31:12,2,1220,1290,3,1,1010
13/10/2022 15:31:28,2,1220,1290,3,1,1010
13/10/2022 15:31:44,2,1220,1290,3,1,1010
13/10/2022 15:32:00,2,1220,1290,3,1,1010
13/10/2022 15:32:16,2,1240,1290,3,2,1050
13/10/2022 15:32:32,2,1240,1290,3,2,1050
13/10/2022 15:32:48,2,1240,1290,3,2,1100
13/10/2022 15:33:04,2,1220,1290,3,2,1100
13/10/2022 15:33:20,2,1220,1290,3,2,1100
13/10/2022 15:33:36,2,1220,1290,3,2,970
13/10/2022 15:33:52,2,1220,1290,3,2,970
13/10/2022 15:34:08,2,1220,1290,3,2,1000
13/10/2022 15:34:24,2,1220,1290,3,2,1000
13/10/2022 15:34:40,2,1200,1290,3,2,1000
13/10/2022 15:34:56,2,1200,1290,3,2,1000
13/10/2022 15:35:12,2,1200,1290,3,1,1010
13/10/2022 15:35:28,2,1200,1290,3,1,1010
13/10/2022 15:35:44,2,1200,1290,3,1,1010
13/10/2022 15:36:00,2,1200,1290,3,2,1050
13/10/2022 15:36:16,2,1200,1290,3,2,1050
13/10/2022 15:36:32,2,1200,1290,3,2,990
13/10/2022 15:36:48,2,1170,1290,3,2,990
13/10/2022 15:37:04,2,1170,1290,3,2,1010
13/10/2022 15:37:20,2,1170,1290,3,2,1010
13/10/2022 15:37:36,2,1170,1290,3,2,1150
13/10/2022 15:37:52,2,1170,1290,3,2,1150
13/10/2022 15:38:08,2,1200,1290,3,2,1150
13/10/2022 15:38:24,2,1200,1290,3,2,1060
13/10/2022 15:38:40,2,1220,1290,3,2,1060
13/10/2022 15:38:56,2,1220,1290,3,2,1000
13/10/2022 15:39:12,2,1190,1290,3,2,1000
13/10/2022 15:39:28,2,1290,1290,3,1,4740
13/10/2022 15:39:44,2,1290,1290,3,1,4740
13/10/2022 15:40:00,2,1260,1290,3,2,1150
13/10/2022 15:40:16,2,1260,1290,3,2,1150
13/10/2022 15:40:32,2,1260,1290,3,2,1150
13/10/2022 15:40:48,2,1260,1290,3,2,1150
13/10/2022 15:41:04,2,1260,1290,3,2,1150
13/10/2022 15:41:20,2,1210,1290,3,1,4710
13/10/2022 15:41:36,2,1210,1290,3,1,4710
13/10/2022 15:41:52,2,1220,1290,3,1,4710
13/10/2022 15:42:08,2,1220,1290,3,1,4710
13/10/2022 15:42:24,2,1180,1290,3,1,4730
13/10/2022 15:42:40,2,1180,1290,3,1,4730
13/10/2022 15:42:56,2,1180,1290,3,1,4730
13/10/2022 15:43:12,2,1180,1290,3,1,4750
13/10/2022 15:43:28,2,1170,1290,3,1,4750
13/10/2022 15:43:44,2,1180,1290,3,1,4750
13/10/2022 15:44:00,2,1180,1290,3,1,4750
13/10/2022 15:44:16,2,1190,1290,3,1,4770
13/10/2022 15:44:32,2,1190,1290,3,1,4770
13/10/2022 15:44:48,2,1190,1290,3,1,4770
13/10/2022 15:45:04,2,1180,1290,3,1,4770
13/10/2022 15:45:20,2,1180,1290,3,1,4770
13/10/2022 15:45:36,2,1170,1290,3,1,4770
13/10/2022 15:45:52,2,1160,1290,3,1,4770
13/10/2022 15:46:08,2,1160,1290,3,2,1010
13/10/2022 15:46:24,2,1160,1290,3,2,1010
13/10/2022 15:46:40,2,1150,1290,3,2,1010
13/10/2022 15:46:56,2,1150,1290,3,2,1010
13/10/2022 15:47:12,2,1160,1290,3,1,4710
13/10/2022 15:47:28,2,1170,1290,3,1,4710
13/10/2022 15:47:44,2,1170,1290,3,1,4710
13/10/2022 15:48:00,2,1180,1290,3,1,4720
13/10/2022 15:48:16,2,1180,1290,3,1,4720
13/10/2022 15:48:32,2,1150,1290,3,2,1100
13/10/2022 15:48:48,2,1150,1290,3,2,1100
13/10/2022 15:49:04,2,1190,1290,3,1,4720
13/10/2022 15:49:20,2,1190,1290,3,1,4720
13/10/2022 15:49:36,2,1180,1290,3,1,4720
13/10/2022 15:49:52,2,1180,1290,3,1,4720
13/10/2022 15:50:08,2,1180,1290,3,1,4720
13/10/2022 15:50:24,2,1190,1290,3,1,4710
13/10/2022 15:50:40,2,1190,1290,3,1,4710
13/10/2022 15:50:56,2,1170,1290,3,2,1040
13/10/2022 15:51:12,2,1170,1290,3,2,1040
13/10/2022 15:51:28,2,1170,1290,3,2,960
13/10/2022 15:51:44,2,1170,1290,3,2,960
13/10/2022 15:52:00,2,1160,1290,3,2,960
13/10/2022 15:52:16,2,1150,1290,3,2,960
13/10/2022 15:52:32,2,1150,1290,3,2,960
13/10/2022 15:52:48,2,1160,1290,3,1,4700
13/10/2022 15:53:04,2,1160,1290,3,1,4700
13/10/2022 15:53:20,2,1170,1290,3,1,4700
13/10/2022 15:53:36,2,1170,1290,3,1,4700
13/10/2022 15:53:52,2,1170,1290,3,1,4700
13/10/2022 15:54:08,2,1170,1290,3,1,4700
13/10/2022 15:54:24,2,1160,1290,3,1,4700
13/10/2022 15:54:40,2,1160,1290,3,1,4700
13/10/2022 15:54:56,2,1160,1290,3,1,4700
13/10/2022 15:55:12,2,1160,1290,3,1,4700
13/10/2022 15:55:28,2,1170,1290,3,1,4700
13/10/2022 15:55:44,2,1170,1290,3,1,4700
13/10/2022 15:56:00,2,1170,1290,3,1,4700
13/10/2022 15:56:16,2,1170,1290,3,1,4700
13/10/2022 15:56:32,2,1170,1290,3,1,4700
13/10/2022 15:56:48,2,1170,1290,3,1,4700
13/10/2022 15:57:04,2,1170,1290,3,1,4700
13/10/2022 15:57:20,2,1170,1290,3,1,4700
13/10/2022 15:57:36,2,1140,1290,3,2,1000
13/10/2022 15:57:52,2,1140,1290,3,2,1000
13/10/2022 15:58:08,2,1140,1290,3,2,1010
13/10/2022 15:58:24,2,1140,1290,3,2,1010
13/10/2022 15:58:40,2,1140,1290,3,1,4660
13/10/2022 15:58:56,2,1140,1290,3,1,4660
13/10/2022 15:59:12,2,1160,1290,3,1,4670
13/10/2022 15:59:28,2,1160,1290,3,1,4670
13/10/2022 15:59:44,2,1160,1290,3,1,4670
13/10/2022 16:00:00,2,1140,1220,3,2,1040
13/10/2022 16:00:16,2,1120,1220,3,2,1040
13/10/2022 16:00:32,2,1110,1220,3,1,4700
13/10/2022 16:00:48,2,1120,1220,3,1,4700
13/10/2022 16:01:04,2,1100,1220,3,1,4780
13/10/2022 16:01:20,2,1090,1220,3,1,4780
13/10/2022 16:01:36,2,1100,1220,3,1,4810
13/10/2022 16:01:52,2,1100,1220,3,1,4810
13/10/2022 16:02:08,2,1100,1220,3,1,4810
13/10/2022 16:02:24,2,1110,1220,3,1,4820
13/10/2022 16:02:40,2,1110,1220,3,1,4820
13/10/2022 16:02:56,2,1160,1220,3,1,4820
13/10/2022 16:03:12,2,1170,1220,3,1,4820
13/10/2022 16:03:28,2,1170,1220,3,1,4850
13/10/2022 16:03:44,2,1170,1220,3,1,4850
13/10/2022 16:04:00,2,1170,1220,3,1,4860
13/10/2022 16:04:16,2,1160,1220,3,1,4860
13/10/2022 16:04:32,2,1160,1220,3,1,4860
13/10/2022 16:04:48,2,1160,1220,3,1,4880
13/10/2022 16:05:04,2,1160,1220,3,1,4880
13/10/2022 16:05:20,2,1160,1220,3,1,4910
13/10/2022 16:05:36,2,1160,1220,3,1,4910
13/10/2022 16:05:52,2,1150,1220,3,1,4890
13/10/2022 16:06:08,2,1150,1220,3,1,4890
13/10/2022 16:06:24,2,1150,1220,3,1,4890
13/10/2022 16:06:40,2,1150,1220,3,1,4890
13/10/2022 16:06:56,2,1150,1220,3,1,4890
13/10/2022 16:07:12,2,1150,1220,3,1,4750
13/10/2022 16:07:28,2,1150,1220,3,1,4750
13/10/2022 16:07:44,2,1150,1220,3,1,4720
13/10/2022 16:08:00,2,1150,1220,3,1,4720
13/10/2022 16:08:16,2,1140,1220,3,1,4720
13/10/2022 16:08:32,2,1140,1220,3,1,4720
13/10/2022 16:08:48,2,1140,1220,3,1,4650
13/10/2022 16:09:04,2,1140,1220,3,1,4650
13/10/2022 16:09:20,2,1140,1220,3,1,4650
13/10/2022 16:09:36,2,1140,1220,3,1,4600
13/10/2022 16:09:52,2,1140,1220,3,1,4600
13/10/2022 16:10:08,2,1140,1220,3,1,4590
13/10/2022 16:10:24,2,1140,1220,3,1,4590
13/10/2022 16:10:40,2,1130,1220,3,1,4590
13/10/2022 16:10:56,2,1130,1220,3,1,4590
13/10/2022 16:11:12,2,1120,1220,3,1,4590
13/10/2022 16:11:28,2,1130,1220,3,1,4590
13/10/2022 16:11:44,2,1130,1220,3,1,4590
13/10/2022 16:12:00,2,1130,1220,3,1,4600
13/10/2022 16:12:16,2,1130,1220,3,1,4600
13/10/2022 16:12:32,2,1130,1220,3,1,4600
13/10/2022 16:12:48,2,1140,1220,3,1,4600
13/10/2022 16:13:04,2,1140,1220,3,1,4600
13/10/2022 16:13:20,2,1140,1220,3,1,4600
13/10/2022 16:13:36,2,1140,1220,3,1,4600
13/10/2022 16:13:52,2,1140,1220,3,1,4600
13/10/2022 16:14:08,2,1140,1220,3,1,4600
13/10/2022 16:14:24,2,1140,1220,3,1,4600
13/10/2022 16:14:40,2,1140,1220,3,1,4600
13/10/2022 16:14:56,2,1140,1220,3,1,4620
13/10/2022 16:15:12,2,1150,1220,3,1,4620
13/10/2022 16:15:28,2,1150,1220,3,1,4700
13/10/2022 16:15:44,2,1150,1220,3,1,4700
13/10/2022 16:16:00,2,1150,1220,3,1,4700
13/10/2022 16:16:16,2,1150,1220,3,1,4700
13/10/2022 16:16:32,2,1150,1220,3,1,4700
13/10/2022 16:16:48,2,1150,1220,3,1,4620
13/10/2022 16:17:04,2,1150,1220,3,1,4620
13/10/2022 16:17:20,2,1150,1220,3,1,4650
13/10/2022 16:17:36,2,1150,1220,3,1,4650
13/10/2022 16:17:52,2,1150,1220,3,1,4730
13/10/2022 16:18:08,2,1160,1220,3,1,4730
13/10/2022 16:18:24,2,1160,1220,3,1,4750
13/10/2022 16:18:40,2,1160,1220,3,1,4750
13/10/2022 16:18:56,2,1160,1220,3,1,4750
13/10/2022 16:19:12,2,1160,1220,3,1,4720
13/10/2022 16:19:28,2,1160,1220,3,1,4720
13/10/2022 16:19:44,2,1160,1220,3,1,4720
13/10/2022 16:20:00,2,1160,1220,3,1,4720
13/10/2022 16:20:16,2,1160,1220,3,1,4710
13/10/2022 16:20:32,2,1160,1220,3,1,4710
13/10/2022 16:20:48,2,1160,1220,3,1,4610
13/10/2022 16:21:04,2,1160,1220,3,1,4610
13/10/2022 16:21:20,2,1160,1220,3,1,4610
13/10/2022 16:21:36,2,1160,1220,3,1,4670
13/10/2022 16:21:52,2,1160,1220,3,1,4670
13/10/2022 16:22:08,2,1170,1220,3,1,4680
13/10/2022 16:22:24,2,1170,1220,3,1,4680
13/10/2022 16:22:40,2,1170,1220,3,1,4720
13/10/2022 16:22:56,2,1170,1220,3,1,4720
13/10/2022 16:23:12,2,1170,1220,3,1,4770
13/10/2022 16:23:28,2,1170,1220,3,1,4770
13/10/2022 16:23:44,2,1170,1220,3,1,4770
13/10/2022 16:24:00,2,1160,1220,3,1,4740
13/10/2022 16:24:16,2,1160,1220,3,1,4740
13/10/2022 16:24:32,2,1160,1220,3,1,4780
13/10/2022 16:24:48,2,1160,1220,3,1,4780
13/10/2022 16:25:04,2,1160,1220,3,1,4780
13/10/2022 16:25:20,2,1160,1220,3,1,4780
13/10/2022 16:25:36,2,1160,1220,3,1,4780
13/10/2022 16:25:52,2,1160,1220,3,1,4780
13/10/2022 16:26:08,2,1160,1220,3,1,4780
13/10/2022 16:26:24,2,1160,1220,3,1,4790
13/10/2022 16:26:40,2,1160,1220,3,1,4790
13/10/2022 16:26:56,2,1150,1220,3,1,4800
13/10/2022 16:27:12,2,1150,1220,3,1,4800
13/10/2022 16:27:28,2,1150,1220,3,1,4830
13/10/2022 16:27:44,2,1150,1220,3,1,4830
13/10/2022 16:28:00,2,1150,1220,3,1,4850
13/10/2022 16:28:16,2,1150,1220,3,1,4850
13/10/2022 16:28:32,2,1150,1220,3,1,4850
13/10/2022 16:28:48,2,1150,1220,3,1,4870
13/10/2022 16:29:04,2,1150,1220,3,1,4870
13/10/2022 16:29:20,2,1150,1220,3,1,4870
13/10/2022 16:29:36,2,1150,1220,3,1,4870
13/10/2022 16:29:52,2,1140,1220,3,1,4870
13/10/2022 16:30:08,2,1140,1220,3,1,4870
13/10/2022 16:30:24,2,1140,1220,3,1,4890
13/10/2022 16:30:40,2,1140,1220,3,1,4890
13/10/2022 16:30:56,2,1140,1220,3,1,4890
13/10/2022 16:31:12,2,1140,1220,3,1,4890
13/10/2022 16:31:28,2,1140,1220,3,1,4890
13/10/2022 16:31:44,2,1140,1220,3,1,4880
13/10/2022 16:32:00,2,1130,1220,3,1,4880
13/10/2022 16:32:16,2,1140,1220,3,1,4910
13/10/2022 16:32:32,2,1140,1220,3,1,4910
13/10/2022 16:32:48,2,1140,1220,3,1,4930
13/10/2022 16:33:04,2,1140,1220,3,1,4930
13/10/2022 16:33:20,2,1140,1220,3,1,4930
13/10/2022 16:33:36,2,1140,1220,3,2,4580
13/10/2022 16:33:52,2,1140,1220,3,2,4580
13/10/2022 16:34:08,2,1140,1220,3,1,4870
13/10/2022 16:34:24,2,1140,1220,3,1,4870
13/10/2022 16:34:40,2,1140,1220,3,1,4870
13/10/2022 16:34:56,2,1140,1220,3,1,4870
13/10/2022 16:35:12,2,1140,1220,3,1,4880
13/10/2022 16:35:28,2,1130,1220,3,1,4880
13/10/2022 16:35:44,2,1130,1220,3,1,4880
13/10/2022 16:36:00,2,1130,1220,3,1,4880
13/10/2022 16:36:16,2,1130,1220,3,1,4880
13/10/2022 16:36:32,2,1130,1220,3,1,4880
13/10/2022 16:36:48,2,1130,1220,3,1,4880
13/10/2022 16:37:04,2,1130,1220,3,1,4890
13/10/2022 16:37:20,2,1130,1220,3,1,4890
13/10/2022 16:37:36,2,1130,1220,3,1,4900
13/10/2022 16:37:52,2,1130,1220,3,1,4900
13/10/2022 16:38:08,2,1130,1220,3,1,4900
13/10/2022 16:38:24,2,1130,1220,3,1,4910
13/10/2022 16:38:40,2,1140,1220,3,1,4910
13/10/2022 16:38:56,2,1140,1220,3,0,-999
13/10/2022 16:39:12,2,1140,1220,3,0,-999
13/10/2022 16:39:28,2,1140,1220,3,0,-999
13/10/2022 16:39:44,2,1140,1220,3,0,-999
13/10/2022 16:40:00,2,1140,1220,3,0,-999
13/10/2022 16:40:16,2,1140,1220,3,0,-999
13/10/2022 16:40:32,2,1140,1220,3,0,-999
13/10/2022 16:40:48,2,1140,1220,3,0,-999
13/10/2022 16:41:04,2,1140,1220,3,0,-999
13/10/2022 16:41:20,2,1140,1220,3,0,-999
13/10/2022 16:41:36,2,1130,1220,3,0,-999
13/10/2022 16:41:52,2,1130,1220,3,0,-999
13/10/2022 16:42:08,2,1130,1220,3,0,-999
13/10/2022 16:42:24,2,1130,1220,3,0,-999
13/10/2022 16:42:40,2,1130,1220,3,0,-999
13/10/2022 16:42:56,2,1130,1220,3,0,-999
13/10/2022 16:43:12,2,1130,1220,3,0,-999
13/10/2022 16:43:28,2,1130,1220,3,0,-999
13/10/2022 16:43:44,2,1130,1220,3,0,-999
13/10/2022 16:44:00,2,1130,1220,3,0,-999
13/10/2022 16:44:16,2,1130,1220,3,0,-999
13/10/2022 16:44:32,2,1120,1220,3,0,-999
13/10/2022 16:44:48,2,1120,1220,3,0,-999
13/10/2022 16:45:04,2,1120,1220,3,0,-999
13/10/2022 16:45:20,2,1120,1220,3,0,-999
13/10/2022 16:45:36,2,1120,1220,3,0,-999
13/10/2022 16:45:52,2,1120,1220,3,0,-999
13/10/2022 16:46:08,2,1120,1220,3,0,-999
13/10/2022 16:46:24,2,1120,1220,3,0,-999
13/10/2022 16:46:40,2,1110,1220,3,0,-999
13/10/2022 16:46:56,2,1110,1220,3,0,-999
13/10/2022 16:47:12,2,1110,1220,3,0,-999
13/10/2022 16:47:28,2,1100,1220,3,0,-999
13/10/2022 16:47:44,2,1100,1220,3,0,-999
13/10/2022 16:48:00,2,1100,1220,3,0,-999
13/10/2022 16:48:16,2,1090,1220,3,0,-999
13/10/2022 16:48:32,2,1090,1220,3,0,-999
13/10/2022 16:48:48,2,1090,1220,3,0,-999
13/10/2022 16:49:04,2,1080,1220,3,0,-999
13/10/2022 16:49:20,2,1080,1220,3,0,-999
13/10/2022 16:49:36,2,1080,1220,3,0,-999
13/10/2022 16:49:52,2,1080,1220,3,0,-999
13/10/2022 16:50:08,2,1070,1220,3,0,-999
13/10/2022 16:50:24,2,1070,1220,3,0,-999
13/10/2022 16:50:40,2,1070,1220,3,0,-999
13/10/2022 16:50:56,2,1070,1220,3,0,-999
13/10/2022 16:51:12,2,1060,1220,3,0,-999
13/10/2022 16:51:28,2,1060,1220,3,0,-999
13/10/2022 16:51:44,2,1060,1220,3,0,-999
13/10/2022 16:52:00,2,1060,1220,3,0,-999
13/10/2022 16:52:16,2,1060,1220,3,0,-999
13/10/2022 16:52:32,2,1060,1220,3,0,-999
13/10/2022 16:52:48,2,1030,1220,3,1,960
13/10/2022 16:53:04,2,1030,1220,3,1,960
13/10/2022 16:53:20,2,1030,1220,3,1,950
13/10/2022 16:53:36,2,1030,1220,3,1,950
13/10/2022 16:53:52,2,1080,1220,3,0,-999
13/10/2022 16:54:08,2,1080,1220,3,0,-999
13/10/2022 16:54:24,2,1100,1220,3,0,-999
13/10/2022 16:54:40,2,1100,1220,3,0,-999
13/10/2022 16:54:56,2,1100,1220,3,0,-999
13/10/2022 16:55:12,2,1090,1220,3,0,-999
13/10/2022 16:55:28,2,1090,1220,3,0,-999
13/10/2022 16:55:44,2,1110,1220,3,0,-999
13/10/2022 16:56:00,2,1110,1220,3,0,-999
13/10/2022 16:56:16,2,1110,1220,3,0,-999
13/10/2022 16:56:32,2,1050,1220,3,0,-999
13/10/2022 16:56:48,2,1050,1220,3,0,-999
13/10/2022 16:57:04,2,1050,1220,3,0,-999
13/10/2022 16:57:20,2,1050,1220,3,0,-999
13/10/2022 16:57:36,2,1050,1220,3,0,-999
13/10/2022 16:57:52,2,1060,1220,3,0,-999
13/10/2022 16:58:08,2,1060,1220,3,0,-999
13/10/2022 16:58:24,2,1060,1220,3,0,-999
13/10/2022 16:58:40,2,1060,1220,3,0,-999
13/10/2022 16:58:56,2,1060,1220,3,0,-999
13/10/2022 16:59:12,2,1060,1220,3,1,7530
13/10/2022 16:59:28,2,1060,1220,3,1,7530
13/10/2022 16:59:44,2,1070,1220,3,1,7530
13/10/2022 17:00:00,3,1070,1140,3,1,7440
13/10/2022 17:00:16,3,1070,1140,3,1,7440
13/10/2022 17:00:32,3,1080,1140,3,1,7430
13/10/2022 17:00:48,3,1080,1140,3,1,7430
13/10/2022 17:01:04,3,1080,1140,3,1,7430
13/10/2022 17:01:20,3,1080,1140,3,1,7430
13/10/2022 17:01:36,3,1090,1140,3,1,7430
13/10/2022 17:01:52,3,1090,1140,3,1,7430
13/10/2022 17:02:08,3,1100,1140,3,1,7430
13/10/2022 17:02:24,3,1100,1140,3,0,-999
13/10/2022 17:02:40,3,1100,1140,3,0,-999
13/10/2022 17:02:56,3,1110,1140,3,0,-999
13/10/2022 17:03:12,3,1110,1140,3,0,-999
13/10/2022 17:03:28,3,1120,1140,3,0,-999
13/10/2022 17:03:44,3,1120,1140,3,0,-999
13/10/2022 17:04:00,3,1130,1140,3,0,-999
13/10/2022 17:04:16,3,1130,1140,3,0,-999
13/10/2022 17:04:32,3,1130,1140,3,0,-999
13/10/2022 17:04:48,3,1140,1140,3,0,-999
13/10/2022 17:05:04,3,1140,1140,3,0,-999
13/10/2022 17:05:20,3,1140,1140,3,0,-999
13/10/2022 17:05:36,3,1150,1140,3,0,-999
13/10/2022 17:05:52,3,1150,1140,3,0,-999
13/10/2022 17:06:08,3,1150,1140,3,0,-999
13/10/2022 17:06:24,3,1160,1140,3,0,-999
13/10/2022 17:06:40,3,1160,1140,3,0,-999
13/10/2022 17:06:56,3,1160,1140,3,0,-999
13/10/2022 17:07:12,3,1160,1140,3,0,-999
13/10/2022 17:07:28,3,1160,1140,3,0,-999
13/10/2022 17:07:44,3,1170,1140,3,0,-999
13/10/2022 17:08:00,3,1170,1140,3,0,-999
13/10/2022 17:08:16,3,1170,1140,3,0,-999
13/10/2022 17:08:32,3,1170,1140,3,0,-999
13/10/2022 17:08:48,3,1170,1140,3,0,-999
13/10/2022 17:09:04,3,1170,1140,3,0,-999
13/10/2022 17:09:20,3,1170,1140,3,0,-999
13/10/2022 17:09:36,3,1170,1140,3,0,-999
13/10/2022 17:09:52,3,1180,1140,3,0,-999
13/10/2022 17:10:08,3,1180,1140,3,0,-999
13/10/2022 17:10:24,3,1180,1140,3,0,-999
13/10/2022 17:10:40,3,1180,1140,3,0,-999
13/10/2022 17:10:56,3,1180,1140,3,0,-999
13/10/2022 17:11:12,3,1180,1140,3,0,-999
13/10/2022 17:11:28,3,1180,1140,3,0,-999
13/10/2022 17:11:44,3,1180,1140,3,0,-999
13/10/2022 17:12:00,3,1180,1140,3,0,-999
13/10/2022 17:12:16,3,1180,1140,3,0,-999
13/10/2022 17:12:32,3,1180,1140,3,0,-999
13/10/2022 17:12:48,3,1190,1140,3,0,-999
13/10/2022 17:13:04,3,1190,1140,3,0,-999
13/10/2022 17:13:20,3,1180,1140,3,0,-999
13/10/2022 17:13:36,3,1180,1140,3,0,-999
13/10/2022 17:13:52,3,1180,1140,3,0,-999
13/10/2022 17:14:08,3,1180,1140,3,0,-999
13/10/2022 17:14:24,3,1180,1140,3,0,-999
13/10/2022 17:14:40,3,1180,1140,3,0,-999
13/10/2022 17:14:56,3,1180,1140,3,0,-999
13/10/2022 17:15:12,3,1180,1140,3,0,-999
13/10/2022 17:15:28,3,1180,1140,3,0,-999
13/10/2022 17:15:44,3,1180,1140,3,0,-999
13/10/2022 17:16:00,3,1180,1140,3,0,-999
13/10/2022 17:16:16,3,1180,1140,3,0,-999
13/10/2022 17:16:32,3,1170,1140,3,0,-999
13/10/2022 17:16:48,3,1170,1140,3,2,4800
13/10/2022 17:17:04,3,1170,1140,3,2,4800
13/10/2022 17:17:20,3,1160,1140,3,1,4920
13/10/2022 17:17:36,3,1160,1140,3,1,4920
13/10/2022 17:17:52,3,1160,1140,3,2,4790
13/10/2022 17:18:08,3,1160,1140,3,2,4790
13/10/2022 17:18:24,3,1160,1140,3,1,5120
13/10/2022 17:18:40,3,1150,1140,3,1,5120
13/10/2022 17:18:56,3,1150,1140,3,1,5120
13/10/2022 17:19:12,3,1150,1140,3,0,-999
13/10/2022 17:19:28,3,1150,1140,3,0,-999
13/10/2022 17:19:44,3,1150,1140,3,2,4980
13/10/2022 17:20:00,3,1140,1140,3,2,4980
13/10/2022 17:20:16,3,1140,1140,3,2,4890
13/10/2022 17:20:32,3,1140,1140,3,2,4890
13/10/2022 17:20:48,3,1140,1140,3,1,4830
13/10/2022 17:21:04,3,1140,1140,3,1,4830
13/10/2022 17:21:20,3,1140,1140,3,1,4830
13/10/2022 17:21:36,3,1140,1140,3,2,4840
13/10/2022 17:21:52,3,1140,1140,3,2,4840
13/10/2022 17:22:08,3,1140,1140,3,2,4830
13/10/2022 17:22:24,3,1140,1140,3,2,4830
13/10/2022 17:22:40,3,1130,1140,3,2,4890
13/10/2022 17:22:56,3,1130,1140,3,2,4890
13/10/2022 17:23:12,3,1130,1140,3,2,4770
13/10/2022 17:23:28,3,1130,1140,3,2,4770
13/10/2022 17:23:44,3,1130,1140,3,2,4770
13/10/2022 17:24:00,3,1130,1140,3,2,4870
13/10/2022 17:24:16,3,1120,1140,3,2,4870
13/10/2022 17:24:32,3,1120,1140,3,1,5020
13/10/2022 17:24:48,3,1120,1140,3,1,5020
13/10/2022 17:25:04,3,1120,1140,3,2,4970
13/10/2022 17:25:20,3,1120,1140,3,2,4970
13/10/2022 17:25:36,3,1120,1140,3,2,4990
13/10/2022 17:25:52,3,1120,1140,3,2,4990
13/10/2022 17:26:08,3,1120,1140,3,2,4990
13/10/2022 17:26:24,3,1120,1140,3,1,4950
13/10/2022 17:26:40,3,1120,1140,3,1,4950
13/10/2022 17:26:56,3,1120,1140,3,1,5150
13/10/2022 17:27:12,3,1120,1140,3,1,5150
13/10/2022 17:27:28,3,1120,1140,3,1,5170
13/10/2022 17:27:44,3,1120,1140,3,1,5170
13/10/2022 17:28:00,3,1130,1140,3,3,920
13/10/2022 17:28:16,3,1130,1140,3,3,920
13/10/2022 17:28:32,3,1130,1140,3,3,920
13/10/2022 17:28:48,3,1120,1140,3,2,910
13/10/2022 17:29:04,3,1120,1140,3,2,910
13/10/2022 17:29:20,3,1120,1140,3,2,930
13/10/2022 17:29:36,3,1120,1140,3,2,930
13/10/2022 17:29:52,3,1100,1140,3,2,5230
13/10/2022 17:30:08,3,1100,1140,3,2,5230
13/10/2022 17:30:24,3,1110,1140,3,2,5300
13/10/2022 17:30:40,3,1110,1140,3,2,5300
13/10/2022 17:30:56,3,1110,1140,3,2,5300
13/10/2022 17:31:12,3,1030,1140,3,2,880
13/10/2022 17:31:28,3,1030,1140,3,2,880
13/10/2022 17:31:44,3,1030,1140,3,1,930
13/10/2022 17:32:00,3,1030,1140,3,1,930
13/10/2022 17:32:16,3,1100,1140,3,2,5040
13/10/2022 17:32:32,3,1100,1140,3,2,5040
13/10/2022 17:32:48,3,1070,1140,3,2,5030
13/10/2022 17:33:04,3,1060,1140,3,2,5030
13/10/2022 17:33:20,3,1060,1140,3,2,5030
13/10/2022 17:33:36,3,1090,1140,3,2,5050
13/10/2022 17:33:52,3,1090,1140,3,2,5050
13/10/2022 17:34:08,3,1070,1140,3,2,5050
13/10/2022 17:34:24,3,1070,1140,3,2,5050
13/10/2022 17:34:40,3,1070,1140,3,1,5150
13/10/2022 17:34:56,3,1100,1140,3,1,5150
13/10/2022 17:35:12,3,1100,1140,3,2,5150
13/10/2022 17:35:28,3,1100,1140,3,2,5150
13/10/2022 17:35:44,3,1100,1140,3,2,5150
13/10/2022 17:36:00,3,1100,1140,3,1,5440
13/10/2022 17:36:16,3,1100,1140,3,1,5440
13/10/2022 17:36:32,3,1090,1140,3,1,5330
13/10/2022 17:36:48,3,1090,1140,3,1,5330
13/10/2022 17:37:04,3,1090,1140,3,0,-999
13/10/2022 17:37:20,3,1090,1140,3,0,-999
13/10/2022 17:37:36,3,1080,1140,3,2,5230
13/10/2022 17:37:52,3,1080,1140,3,2,5230
13/10/2022 17:38:08,3,1080,1140,3,2,5230
13/10/2022 17:38:24,3,1080,1140,3,2,5230
13/10/2022 17:38:40,3,1070,1140,3,2,5230
13/10/2022 17:38:56,3,1070,1140,3,1,5290
13/10/2022 17:39:12,3,1070,1140,3,1,5290
13/10/2022 17:39:28,3,1070,1140,3,0,-999
13/10/2022 17:39:44,3,1060,1140,3,0,-999
13/10/2022 17:40:00,3,1060,1140,3,0,-999
13/10/2022 17:40:16,3,1050,1140,3,0,-999
13/10/2022 17:40:32,3,1050,1140,3,0,-999
13/10/2022 17:40:48,3,1050,1140,3,0,-999
13/10/2022 17:41:04,3,1040,1140,3,0,-999
13/10/2022 17:41:20,3,1040,1140,3,2,5440
13/10/2022 17:41:36,3,1040,1140,3,2,5440
13/10/2022 17:41:52,3,1050,1140,3,1,5670
13/10/2022 17:42:08,3,1050,1140,3,1,5670
13/10/2022 17:42:24,3,1050,1140,3,0,-999
13/10/2022 17:42:40,3,1060,1140,3,0,-999
13/10/2022 17:42:56,3,1060,1140,3,0,-999
13/10/2022 17:43:12,3,1060,1140,3,0,-999
13/10/2022 17:43:28,3,1060,1140,3,0,-999
13/10/2022 17:43:44,3,1060,1140,3,0,-999
13/10/2022 17:44:00,3,1060,1140,3,0,-999
13/10/2022 17:44:16,3,1060,1140,3,0,-999
13/10/2022 17:44:32,3,1060,1140,3,0,-999
13/10/2022 17:44:48,3,1060,1140,3,0,-999
13/10/2022 17:45:04,3,1060,1140,3,0,-999
13/10/2022 17:45:20,3,1060,1140,3,0,-999
13/10/2022 17:45:36,3,1060,1140,3,0,-999
13/10/2022 17:45:52,3,1060,1140,3,0,-999
13/10/2022 17:46:08,3,1060,1140,3,0,-999
13/10/2022 17:46:24,3,1060,1140,3,0,-999
13/10/2022 17:46:40,3,1060,1140,3,0,-999
13/10/2022 17:46:56,3,1060,1140,3,0,-999
13/10/2022 17:47:12,3,1060,1140,3,0,-999
13/10/2022 17:47:28,3,1060,1140,3,0,-999
13/10/2022 17:47:44,3,1060,1140,3,0,-999
13/10/2022 17:48:00,3,1060,1140,3,0,-999
13/10/2022 17:48:16,3,1060,1140,3,0,-999
13/10/2022 17:48:32,3,1060,1140,3,0,-999
13/10/2022 17:48:48,3,1060,1140,3,0,-999
13/10/2022 17:49:04,3,1060,1140,3,0,-999
13/10/2022 17:49:20,3,1050,1140,3,0,-999
13/10/2022 17:49:36,3,1050,1140,3,0,-999
13/10/2022 17:49:52,3,1050,1140,3,0,-999
13/10/2022 17:50:08,3,1050,1140,3,0,-999
13/10/2022 17:50:24,3,1050,1140,3,1,8470
13/10/2022 17:50:40,3,1050,1140,3,1,8470
13/10/2022 17:50:56,3,1040,1140,3,0,-999
13/10/2022 17:51:12,3,1040,1140,3,0,-999
13/10/2022 17:51:28,3,1040,1140,3,0,-999
13/10/2022 17:51:44,3,1040,1140,3,0,-999
13/10/2022 17:52:00,3,1040,1140,3,0,-999
13/10/2022 17:52:16,3,1040,1140,3,0,-999
13/10/2022 17:52:32,3,1040,1140,3,0,-999
13/10/2022 17:52:48,3,1040,1140,3,0,-999
13/10/2022 17:53:04,3,1040,1140,3,0,-999
13/10/2022 17:53:20,3,1040,1140,3,0,-999
13/10/2022 17:53:36,3,1040,1140,3,0,-999
13/10/2022 17:53:52,3,1040,1140,3,0,-999
13/10/2022 17:54:08,3,1040,1140,3,0,-999
13/10/2022 17:54:24,3,1040,1140,3,0,-999
13/10/2022 17:54:40,3,1040,1140,3,0,-999
13/10/2022 17:54:56,3,1040,1140,3,0,-999
13/10/2022 17:55:12,3,1040,1140,3,0,-999
13/10/2022 17:55:28,3,1030,1140,3,0,-999
13/10/2022 17:55:44,3,1030,1140,3,1,8830
13/10/2022 17:56:00,3,1030,1140,3,1,8830
13/10/2022 17:56:16,3,1020,1140,3,0,-999
13/10/2022 17:56:32,3,1020,1140,3,0,-999
13/10/2022 17:56:48,3,1020,1140,3,0,-999
13/10/2022 17:57:04,3,1010,1140,3,0,-999
13/10/2022 17:57:20,3,1010,1140,3,0,-999
13/10/2022 17:57:36,3,1010,1140,3,0,-999
13/10/2022 17:57:52,3,1010,1140,3,0,-999
13/10/2022 17:58:08,3,1010,1140,3,0,-999
13/10/2022 17:58:24,3,1010,1140,3,0,-999
13/10/2022 17:58:40,3,1010,1140,3,0,-999
13/10/2022 17:58:56,3,1010,1140,3,0,-999
13/10/2022 17:59:12,3,1010,1140,3,0,-999
13/10/2022 17:59:28,3,1010,1140,3,0,-999
13/10/2022 17:59:44,3,1010,1140,3,0,-999
13/10/2022 18:00:00,3,1010,1100,3,1,8950
13/10/2022 18:00:16,3,1010,1100,3,1,8950
13/10/2022 18:00:32,3,1010,1100,3,0,-999
13/10/2022 18:00:48,3,1000,1100,3,0,-999
13/10/2022 18:01:04,3,1000,1100,3,1,8540
13/10/2022 18:01:20,3,1000,1100,3,1,8540
13/10/2022 18:01:36,3,790,1100,3,2,800
13/10/2022 18:01:52,3,790,1100,3,2,800
13/10/2022 18:02:08,3,790,1100,3,2,800
13/10/2022 18:02:24,3,1010,1100,3,1,8510
13/10/2022 18:02:40,3,1010,1100,3,1,8510
13/10/2022 18:02:56,3,1000,1100,3,1,8430
13/10/2022 18:03:12,3,1000,1100,3,1,8430
13/10/2022 18:03:28,3,1010,1100,3,1,8380
13/10/2022 18:03:44,3,1000,1100,3,1,8380
13/10/2022 18:04:00,3,990,1100,3,1,8350
13/10/2022 18:04:16,3,990,1100,3,1,8350
13/10/2022 18:04:32,3,990,1100,3,1,8350
13/10/2022 18:04:48,3,990,1100,3,1,8220
13/10/2022 18:05:04,3,980,1100,3,1,8220
13/10/2022 18:05:20,3,980,1100,3,2,8230
13/10/2022 18:05:36,3,980,1100,3,2,8230
13/10/2022 18:05:52,3,970,1100,3,1,8200
13/10/2022 18:06:08,3,970,1100,3,1,8200
13/10/2022 18:06:24,3,970,1100,3,1,8110
13/10/2022 18:06:40,3,970,1100,3,1,8110
13/10/2022 18:06:56,3,970,1100,3,1,8110
13/10/2022 18:07:12,3,960,1100,3,1,8100
13/10/2022 18:07:28,3,960,1100,3,1,8100
13/10/2022 18:07:44,3,960,1100,3,1,8100
13/10/2022 18:08:00,3,960,1100,3,1,8100
13/10/2022 18:08:16,3,950,1100,3,0,-999
13/10/2022 18:08:32,3,950,1100,3,0,-999
13/10/2022 18:08:48,3,950,1100,3,0,-999
13/10/2022 18:09:04,3,950,1100,3,0,-999
13/10/2022 18:09:20,3,950,1100,3,0,-999
13/10/2022 18:09:36,3,950,1100,3,0,-999
13/10/2022 18:09:52,3,950,1100,3,0,-999
13/10/2022 18:10:08,3,950,1100,3,0,-999
13/10/2022 18:10:24,3,950,1100,3,0,-999
13/10/2022 18:10:40,3,940,1100,3,0,-999
13/10/2022 18:10:56,3,940,1100,3,0,-999
13/10/2022 18:11:12,3,940,1100,3,0,-999
13/10/2022 18:11:28,3,940,1100,3,0,-999
13/10/2022 18:11:44,3,940,1100,3,0,-999
13/10/2022 18:12:00,3,760,1100,3,1,730
13/10/2022 18:12:16,3,760,1100,3,1,730
13/10/2022 18:12:32,3,910,1100,3,0,-999
13/10/2022 18:12:48,3,910,1100,3,0,-999
13/10/2022 18:13:04,3,890,1100,3,0,-999
13/10/2022 18:13:20,3,890,1100,3,0,-999
13/10/2022 18:13:36,3,900,1100,3,0,-999
13/10/2022 18:13:52,3,900,1100,3,0,-999
13/10/2022 18:14:08,3,890,1100,3,0,-999
13/10/2022 18:14:24,3,890,1100,3,0,-999
13/10/2022 18:14:40,3,880,1100,3,0,-999
13/10/2022 18:14:56,3,880,1100,3,0,-999
13/10/2022 18:15:12,3,910,1100,3,0,-999
13/10/2022 18:15:28,3,910,1100,3,0,-999
13/10/2022 18:15:44,3,910,1100,3,0,-999
13/10/2022 18:16:00,3,910,1100,3,0,-999
13/10/2022 18:16:16,3,910,1100,3,0,-999
13/10/2022 18:16:32,3,910,1100,3,0,-999
13/10/2022 18:16:48,3,900,1100,3,0,-999
13/10/2022 18:17:04,3,900,1100,3,0,-999
13/10/2022 18:17:20,3,900,1100,3,0,-999
13/10/2022 18:17:36,3,900,1100,3,0,-999
13/10/2022 18:17:52,3,900,1100,3,0,-999
13/10/2022 18:18:08,3,900,1100,3,0,-999
13/10/2022 18:18:24,3,890,1100,3,0,-999
13/10/2022 18:18:40,3,890,1100,3,0,-999
13/10/2022 18:18:56,3,890,1100,3,0,-999
13/10/2022 18:19:12,3,890,1100,3,0,-999
13/10/2022 18:19:28,3,890,1100,3,0,-999
13/10/2022 18:19:44,3,730,1100,3,1,650
13/10/2022 18:20:00,3,730,1100,3,1,650
13/10/2022 18:20:16,3,730,1100,3,1,710
13/10/2022 18:20:32,3,730,1100,3,1,710
13/10/2022 18:20:48,3,730,1100,3,1,620
13/10/2022 18:21:04,3,730,1100,3,1,620
13/10/2022 18:21:20,3,730,1100,3,1,620
13/10/2022 18:21:36,3,750,1100,3,1,660
13/10/2022 18:21:52,3,750,1100,3,1,660
13/10/2022 18:22:08,3,760,1100,3,1,730
13/10/2022 18:22:24,3,760,1100,3,1,730
13/10/2022 18:22:40,3,760,1100,3,1,620
13/10/2022 18:22:56,3,760,1100,3,1,620
13/10/2022 18:23:12,3,760,1100,3,1,610
13/10/2022 18:23:28,3,760,1100,3,1,610
13/10/2022 18:23:44,3,760,1100,3,1,610
13/10/2022 18:24:00,3,880,1100,3,0,-999
13/10/2022 18:24:16,3,880,1100,3,0,-999
13/10/2022 18:24:32,3,760,1100,3,1,640
13/10/2022 18:24:48,3,770,1100,3,1,640
13/10/2022 18:25:04,3,770,1100,3,1,780
13/10/2022 18:25:20,3,790,1100,3,1,780
13/10/2022 18:25:36,3,770,1100,3,1,640
13/10/2022 18:25:52,3,770,1100,3,1,640
13/10/2022 18:26:08,3,760,1100,3,1,640
13/10/2022 18:26:24,3,760,1100,3,1,620
13/10/2022 18:26:40,3,750,1100,3,1,620
13/10/2022 18:26:56,3,750,1100,3,1,640
13/10/2022 18:27:12,3,770,1100,3,1,640
13/10/2022 18:27:28,3,770,1100,3,1,640
13/10/2022 18:27:44,3,770,1100,3,1,640
13/10/2022 18:28:00,3,750,1100,3,2,630
13/10/2022 18:28:16,3,750,1100,3,2,630
13/10/2022 18:28:32,3,750,1100,3,2,630
13/10/2022 18:28:48,3,750,1100,3,2,660
13/10/2022 18:29:04,3,750,1100,3,2,660
13/10/2022 18:29:20,3,750,1100,3,2,670
13/10/2022 18:29:36,3,750,1100,3,2,670
13/10/2022 18:29:52,3,750,1100,3,2,680
13/10/2022 18:30:08,3,780,1100,3,2,680
13/10/2022 18:30:24,3,840,1100,3,1,7220
13/10/2022 18:30:40,3,840,1100,3,1,7220
13/10/2022 18:30:56,3,840,1100,3,1,7220
13/10/2022 18:31:12,3,790,1100,3,1,680
13/10/2022 18:31:28,3,790,1100,3,1,680
13/10/2022 18:31:44,3,790,1100,3,1,700
13/10/2022 18:32:00,3,790,1100,3,1,700
13/10/2022 18:32:16,3,790,1100,3,3,640
13/10/2022 18:32:32,3,790,1100,3,3,640
13/10/2022 18:32:48,3,790,1100,3,1,610
13/10/2022 18:33:04,3,790,1100,3,1,610
13/10/2022 18:33:20,3,790,1100,3,1,610
13/10/2022 18:33:36,3,790,1100,3,1,590
13/10/2022 18:33:52,3,790,1100,3,1,590
13/10/2022 18:34:08,3,860,1100,3,0,-999
13/10/2022 18:34:24,3,860,1100,3,0,-999
13/10/2022 18:34:40,3,850,1100,3,1,7700
13/10/2022 18:34:56,3,830,1100,3,1,7700
13/10/2022 18:35:12,3,830,1100,3,0,-999
13/10/2022 18:35:28,3,830,1100,3,0,-999
13/10/2022 18:35:44,3,830,1100,3,0,-999
13/10/2022 18:36:00,3,850,1100,3,0,-999
13/10/2022 18:36:16,3,860,1100,3,0,-999
13/10/2022 18:36:32,3,770,1100,3,2,600
13/10/2022 18:36:48,3,770,1100,3,2,600
13/10/2022 18:37:04,3,770,1100,3,1,690
13/10/2022 18:37:20,3,780,1100,3,1,690
13/10/2022 18:37:36,3,860,1100,3,1,7600
13/10/2022 18:37:52,3,860,1100,3,1,7600
13/10/2022 18:38:08,3,860,1100,3,1,7600
13/10/2022 18:38:24,3,860,1100,3,1,7160
13/10/2022 18:38:40,3,860,1100,3,1,7160
13/10/2022 18:38:56,3,800,1100,3,2,610
13/10/2022 18:39:12,3,800,1100,3,2,610
13/10/2022 18:39:28,3,800,1100,3,2,610
13/10/2022 18:39:44,3,800,1100,3,2,610
13/10/2022 18:40:00,3,800,1100,3,2,600
13/10/2022 18:40:16,3,770,1100,3,2,600
13/10/2022 18:40:32,3,770,1100,3,2,600
13/10/2022 18:40:48,3,850,1100,3,0,-999
13/10/2022 18:41:04,3,850,1100,3,0,-999
13/10/2022 18:41:20,3,840,1100,3,0,-999
13/10/2022 18:41:36,3,840,1100,3,0,-999
13/10/2022 18:41:52,3,780,1100,3,1,640
13/10/2022 18:42:08,3,780,1100,3,1,640
13/10/2022 18:42:24,3,780,1100,3,1,650
13/10/2022 18:42:40,3,780,1100,3,1,650
13/10/2022 18:42:56,3,780,1100,3,1,650
13/10/2022 18:43:12,3,830,1100,3,0,-999
13/10/2022 18:43:28,3,830,1100,3,0,-999
13/10/2022 18:43:44,3,780,1100,3,2,630
13/10/2022 18:44:00,3,780,1100,3,2,630
13/10/2022 18:44:16,3,780,1100,3,1,620
13/10/2022 18:44:32,3,780,1100,3,1,620
13/10/2022 18:44:48,3,780,1100,3,2,640
13/10/2022 18:45:04,3,770,1100,3,2,640
13/10/2022 18:45:20,3,770,1100,3,2,640
13/10/2022 18:45:36,3,770,1100,3,2,640
13/10/2022 18:45:52,3,770,1100,3,2,640
13/10/2022 18:46:08,3,770,1100,3,2,640
13/10/2022 18:46:24,3,770,1100,3,2,640
13/10/2022 18:46:40,3,770,1100,3,2,640
13/10/2022 18:46:56,3,770,1100,3,2,640
13/10/2022 18:47:12,3,770,1100,3,2,630
13/10/2022 18:47:28,3,770,1100,3,2,630
13/10/2022 18:47:44,3,770,1100,3,2,630
13/10/2022 18:48:00,3,770,1100,3,1,640
13/10/2022 18:48:16,3,770,1100,3,1,640
13/10/2022 18:48:32,3,770,1100,3,1,640
13/10/2022 18:48:48,3,770,1100,3,1,640
13/10/2022 18:49:04,3,770,1100,3,1,690
13/10/2022 18:49:20,3,770,1100,3,1,690
13/10/2022 18:49:36,3,770,1100,3,1,670
13/10/2022 18:49:52,3,770,1100,3,1,670
13/10/2022 18:50:08,3,770,1100,3,1,670
13/10/2022 18:50:24,3,770,1100,3,3,630
13/10/2022 18:50:40,3,750,1100,3,3,630
13/10/2022 18:50:56,3,750,1100,3,1,590
13/10/2022 18:51:12,3,770,1100,3,1,590
13/10/2022 18:51:28,3,830,1100,3,2,5210
13/10/2022 18:51:44,3,830,1100,3,2,5210
13/10/2022 18:52:00,3,770,1100,3,2,640
13/10/2022 18:52:16,3,770,1100,3,2,640
13/10/2022 18:52:32,3,770,1100,3,2,640
13/10/2022 18:52:48,3,790,1100,3,1,5220
13/10/2022 18:53:04,3,790,1100,3,1,5220
13/10/2022 18:53:20,3,770,1100,3,3,610
13/10/2022 18:53:36,3,770,1100,3,3,610
13/10/2022 18:53:52,3,780,1100,3,1,4630
13/10/2022 18:54:08,3,780,1100,3,1,4630
13/10/2022 18:54:24,3,770,1100,3,3,610
13/10/2022 18:54:40,3,770,1100,3,3,610
13/10/2022 18:54:56,3,770,1100,3,3,610
13/10/2022 18:55:12,3,760,1100,3,2,4530
13/10/2022 18:55:28,3,760,1100,3,2,4530
13/10/2022 18:55:44,3,750,1100,3,1,4480
13/10/2022 18:56:00,3,750,1100,3,1,4480
13/10/2022 18:56:16,3,750,1100,3,2,4470
13/10/2022 18:56:32,3,760,1100,3,2,4470
13/10/2022 18:56:48,3,740,1100,3,2,4440
13/10/2022 18:57:04,3,740,1100,3,2,4440
13/10/2022 18:57:20,3,730,1100,3,2,4440
13/10/2022 18:57:36,3,760,1100,3,2,4450
13/10/2022 18:57:52,3,760,1100,3,2,4450
13/10/2022 18:58:08,3,700,1100,3,3,4450
13/10/2022 18:58:24,3,700,1100,3,3,4450
13/10/2022 18:58:40,3,730,1100,3,2,4470
13/10/2022 18:58:56,3,730,1100,3,2,4470
13/10/2022 18:59:12,3,690,1100,3,1,4420
13/10/2022 18:59:28,3,680,1100,3,1,4420
13/10/2022 18:59:44,3,680,1100,3,1,4420
13/10/2022 19:00:00,2,690,830,3,1,4430
13/10/2022 19:00:16,2,690,830,3,1,4430
13/10/2022 19:00:32,2,570,830,3,3,620
13/10/2022 19:00:48,2,570,830,3,3,620
13/10/2022 19:01:04,2,-999,830,3,3,620
13/10/2022 19:01:20,2,-999,830,3,3,620
13/10/2022 19:01:36,2,-999,830,3,1,4540
13/10/2022 19:01:52,2,-999,830,3,1,4540
13/10/2022 19:02:08,2,-999,830,3,1,4540
13/10/2022 19:02:24,2,750,830,3,2,4600
13/10/2022 19:02:40,2,750,830,3,2,4600
13/10/2022 19:02:56,2,790,830,3,2,4610
13/10/2022 19:03:12,2,790,830,3,2,4610
13/10/2022 19:03:28,2,590,830,3,2,670
13/10/2022 19:03:44,2,690,830,3,2,670
13/10/2022 19:04:00,2,760,830,3,2,4610
13/10/2022 19:04:16,2,760,830,3,2,4610
13/10/2022 19:04:32,2,760,830,3,2,4610
13/10/2022 19:04:48,2,780,830,3,2,4680
13/10/2022 19:05:04,2,810,830,3,2,4680
13/10/2022 19:05:20,2,-999,830,3,2,4690
13/10/2022 19:05:36,2,-999,830,3,2,4690
13/10/2022 19:05:52,2,790,830,3,2,4790
13/10/2022 19:06:08,2,790,830,3,2,4790
13/10/2022 19:06:24,2,800,830,3,2,4790
13/10/2022 19:06:40,2,790,830,3,2,4790
13/10/2022 19:06:56,2,790,830,3,2,4790
13/10/2022 19:07:12,2,800,830,3,2,4800
13/10/2022 19:07:28,2,810,830,3,2,4800
13/10/2022 19:07:44,2,820,830,3,2,4740
13/10/2022 19:08:00,2,820,830,3,2,4740
13/10/2022 19:08:16,2,820,830,3,2,4730
13/10/2022 19:08:32,2,820,830,3,2,4730
13/10/2022 19:08:48,2,820,830,3,2,4710
13/10/2022 19:09:04,2,820,830,3,2,4710
13/10/2022 19:09:20,2,820,830,3,2,4710
13/10/2022 19:09:36,2,810,830,3,2,4640
13/10/2022 19:09:52,2,810,830,3,2,4640
13/10/2022 19:10:08,2,670,830,3,2,640
13/10/2022 19:10:24,2,670,830,3,2,640
13/10/2022 19:10:40,2,800,830,3,1,4540
13/10/2022 19:10:56,2,800,830,3,1,4540
13/10/2022 19:11:12,2,810,830,3,1,4590
13/10/2022 19:11:28,2,810,830,3,1,4590
13/10/2022 19:11:44,2,810,830,3,1,4590
13/10/2022 19:12:00,2,810,830,3,2,4720
13/10/2022 19:12:16,2,810,830,3,2,4720
13/10/2022 19:12:32,2,800,830,3,2,4820
13/10/2022 19:12:48,2,800,830,3,2,4820
13/10/2022 19:13:04,2,670,830,3,2,640
13/10/2022 19:13:20,2,670,830,3,2,640
13/10/2022 19:13:36,2,770,830,3,1,5220
13/10/2022 19:13:52,2,770,830,3,1,5220
13/10/2022 19:14:08,2,770,830,3,1,5220
13/10/2022 19:14:24,2,770,830,3,1,5230
13/10/2022 19:14:40,2,770,830,3,1,5230
13/10/2022 19:14:56,2,680,830,3,2,640
13/10/2022 19:15:12,2,680,830,3,2,640
13/10/2022 19:15:28,2,780,830,3,1,5180
13/10/2022 19:15:44,2,780,830,3,1,5180
13/10/2022 19:16:00,2,790,830,3,1,5300
13/10/2022 19:16:16,2,790,830,3,1,5300
13/10/2022 19:16:32,2,790,830,3,1,5300
13/10/2022 19:16:48,2,770,830,3,2,5340
13/10/2022 19:17:04,2,770,830,3,2,5340
13/10/2022 19:17:20,2,770,830,3,1,5610
13/10/2022 19:17:36,2,770,830,3,1,5610
13/10/2022 19:17:52,2,770,830,3,1,5700
13/10/2022 19:18:08,2,790,830,3,1,5700
13/10/2022 19:18:24,2,790,830,3,2,5370
13/10/2022 19:18:40,2,790,830,3,2,5370
13/10/2022 19:18:56,2,790,830,3,2,5370
13/10/2022 19:19:12,2,790,830,3,2,5400
13/10/2022 19:19:28,2,790,830,3,2,5400
13/10/2022 19:19:44,2,790,830,3,2,5360
13/10/2022 19:20:00,2,780,830,3,2,5360
13/10/2022 19:20:16,2,670,830,3,3,610
13/10/2022 19:20:32,2,670,830,3,3,610
13/10/2022 19:20:48,2,770,830,3,2,5230
13/10/2022 19:21:04,2,760,830,3,2,5230
13/10/2022 19:21:20,2,760,830,3,2,5230
13/10/2022 19:21:36,2,770,830,3,2,5270
13/10/2022 19:21:52,2,770,830,3,2,5270
13/10/2022 19:22:08,2,750,830,3,2,5310
13/10/2022 19:22:24,2,750,830,3,2,5310
13/10/2022 19:22:40,2,670,830,3,3,620
13/10/2022 19:22:56,2,670,830,3,3,620
13/10/2022 19:23:12,2,670,830,3,3,640
13/10/2022 19:23:28,2,670,830,3,3,640
13/10/2022 19:23:44,2,670,830,3,3,640
13/10/2022 19:24:00,2,670,830,3,3,620
13/10/2022 19:24:16,2,670,830,3,3,620
13/10/2022 19:24:32,2,750,830,3,2,5660
13/10/2022 19:24:48,2,750,830,3,2,5660
13/10/2022 19:25:04,2,680,830,3,3,630
13/10/2022 19:25:20,2,680,830,3,3,630
13/10/2022 19:25:36,2,740,830,3,1,5060
13/10/2022 19:25:52,2,740,830,3,1,5060
13/10/2022 19:26:08,2,740,830,3,1,5060
13/10/2022 19:26:24,2,740,830,3,1,5060
13/10/2022 19:26:40,2,740,830,3,1,5060
13/10/2022 19:26:56,2,690,830,3,2,600
13/10/2022 19:27:12,2,690,830,3,2,600
13/10/2022 19:27:28,2,750,830,3,1,5120
13/10/2022 19:27:44,2,750,830,3,1,5120
13/10/2022 19:28:00,2,750,830,3,1,5120
13/10/2022 19:28:16,2,750,830,3,1,5120
13/10/2022 19:28:32,2,750,830,3,1,5120
13/10/2022 19:28:48,2,750,830,3,1,5170
13/10/2022 19:29:04,2,750,830,3,1,5170
13/10/2022 19:29:20,2,750,830,3,1,5170
13/10/2022 19:29:36,2,750,830,3,1,5170
13/10/2022 19:29:52,2,790,830,3,1,5160
13/10/2022 19:30:08,2,750,830,3,1,5160
13/10/2022 19:30:24,2,760,830,3,1,5160
13/10/2022 19:30:40,2,760,830,3,1,5160
13/10/2022 19:30:56,2,760,830,3,1,5160
13/10/2022 19:31:12,2,660,830,3,2,640
13/10/2022 19:31:28,2,660,830,3,2,640
13/10/2022 19:31:44,2,660,830,3,2,610
13/10/2022 19:32:00,2,660,830,3,2,610
13/10/2022 19:32:16,2,740,830,3,1,5180
13/10/2022 19:32:32,2,740,830,3,1,5180
13/10/2022 19:32:48,2,750,830,3,1,5180
13/10/2022 19:33:04,2,750,830,3,1,5180
13/10/2022 19:33:20,2,750,830,3,1,5180
13/10/2022 19:33:36,2,740,830,3,0,-999
13/10/2022 19:33:52,2,740,830,3,0,-999
13/10/2022 19:34:08,2,690,830,3,2,590
13/10/2022 19:34:24,2,690,830,3,2,590
13/10/2022 19:34:40,2,690,830,3,2,610
13/10/2022 19:34:56,2,690,830,3,2,610
13/10/2022 19:35:12,2,730,830,3,1,7050
13/10/2022 19:35:28,2,730,830,3,1,7050
13/10/2022 19:35:44,2,730,830,3,1,7050
13/10/2022 19:36:00,2,730,830,3,1,7050
13/10/2022 19:36:16,2,730,830,3,1,7050
13/10/2022 19:36:32,2,730,830,3,1,7060
13/10/2022 19:36:48,2,730,830,3,1,7060
13/10/2022 19:37:04,2,740,830,3,0,-999
13/10/2022 19:37:20,2,740,830,3,0,-999
13/10/2022 19:37:36,2,720,830,3,0,-999
13/10/2022 19:37:52,2,750,830,3,0,-999
13/10/2022 19:38:08,2,750,830,3,0,-999
13/10/2022 19:38:24,2,750,830,3,0,-999
13/10/2022 19:38:40,2,750,830,3,0,-999
13/10/2022 19:38:56,2,660,830,3,1,560
13/10/2022 19:39:12,2,660,830,3,1,560
13/10/2022 19:39:28,2,670,830,3,2,610
13/10/2022 19:39:44,2,670,830,3,2,610
13/10/2022 19:40:00,2,720,830,3,1,6420
13/10/2022 19:40:16,2,720,830,3,1,6420
13/10/2022 19:40:32,2,720,830,3,1,6420
13/10/2022 19:40:48,2,670,830,3,2,620
13/10/2022 19:41:04,2,670,830,3,2,620
13/10/2022 19:41:20,2,720,830,3,1,6320
13/10/2022 19:41:36,2,720,830,3,1,6320
13/10/2022 19:41:52,2,660,830,3,2,570
13/10/2022 19:42:08,2,660,830,3,2,570
13/10/2022 19:42:24,2,700,830,3,1,6320
13/10/2022 19:42:40,2,690,830,3,1,6320
13/10/2022 19:42:56,2,690,830,3,1,6320
13/10/2022 19:43:12,2,650,830,3,2,600
13/10/2022 19:43:28,2,650,830,3,2,600
13/10/2022 19:43:44,2,650,830,3,2,590
13/10/2022 19:44:00,2,660,830,3,2,590
13/10/2022 19:44:16,2,690,830,3,1,6330
13/10/2022 19:44:32,2,690,830,3,1,6330
13/10/2022 19:44:48,2,690,830,3,1,6440
13/10/2022 19:45:04,2,690,830,3,1,6440
13/10/2022 19:45:20,2,690,830,3,1,6440
13/10/2022 19:45:36,2,610,830,3,2,590
13/10/2022 19:45:52,2,610,830,3,2,590
13/10/2022 19:46:08,2,690,830,3,1,6440
13/10/2022 19:46:24,2,690,830,3,1,6440
13/10/2022 19:46:40,2,610,830,3,2,580
13/10/2022 19:46:56,2,640,830,3,2,580
13/10/2022 19:47:12,2,710,830,3,2,6640
13/10/2022 19:47:28,2,710,830,3,2,6640
13/10/2022 19:47:44,2,720,830,3,2,6640
13/10/2022 19:48:00,2,640,830,3,2,640
13/10/2022 19:48:16,2,640,830,3,2,640
13/10/2022 19:48:32,2,640,830,3,2,650
13/10/2022 19:48:48,2,640,830,3,2,650
13/10/2022 19:49:04,2,640,830,3,2,580
13/10/2022 19:49:20,2,640,830,3,2,580
13/10/2022 19:49:36,2,710,830,3,1,6900
13/10/2022 19:49:52,2,710,830,3,1,6900
13/10/2022 19:50:08,2,710,830,3,1,6900
13/10/2022 19:50:24,2,680,830,3,2,580
13/10/2022 19:50:40,2,680,830,3,2,580
13/10/2022 19:50:56,2,680,830,3,2,600
13/10/2022 19:51:12,2,680,830,3,2,600
13/10/2022 19:51:28,2,680,830,3,1,6540
13/10/2022 19:51:44,2,680,830,3,1,6540
13/10/2022 19:52:00,2,680,830,3,3,6260
13/10/2022 19:52:16,2,680,830,3,3,6260
13/10/2022 19:52:32,2,680,830,3,3,6260
13/10/2022 19:52:48,2,690,830,3,1,6270
13/10/2022 19:53:04,2,690,830,3,1,6270
13/10/2022 19:53:20,2,690,830,3,1,6260
13/10/2022 19:53:36,2,690,830,3,1,6260
13/10/2022 19:53:52,2,660,830,3,1,6260
13/10/2022 19:54:08,2,670,830,3,1,6260
13/10/2022 19:54:24,2,680,830,3,1,6260
13/10/2022 19:54:40,2,690,830,3,1,6260
13/10/2022 19:54:56,2,690,830,3,1,6260
13/10/2022 19:55:12,2,620,830,3,2,600
13/10/2022 19:55:28,2,630,830,3,2,600
13/10/2022 19:55:44,2,670,830,3,1,6180
13/10/2022 19:56:00,2,670,830,3,1,6180
13/10/2022 19:56:16,2,680,830,3,1,6150
13/10/2022 19:56:32,2,680,830,3,1,6150
13/10/2022 19:56:48,2,670,830,3,1,6140
13/10/2022 19:57:04,2,670,830,3,1,6140
13/10/2022 19:57:20,2,670,830,3,1,6140
13/10/2022 19:57:36,2,670,830,3,2,6110
13/10/2022 19:57:52,2,670,830,3,2,6110
13/10/2022 19:58:08,2,660,830,3,1,6070
13/10/2022 19:58:24,2,680,830,3,1,6070
13/10/2022 19:58:40,2,690,830,3,1,6060
13/10/2022 19:58:56,2,700,830,3,1,6060
13/10/2022 19:59:12,2,690,830,3,1,6060
13/10/2022 19:59:28,2,690,830,3,1,6060
13/10/2022 19:59:44,2,690,830,3,1,6060
13/10/2022 20:00:00,2,660,740,3,1,6060
13/10/2022 20:00:16,2,660,740,3,1,6060
13/10/2022 20:00:32,2,660,740,3,1,5990
13/10/2022 20:00:48,2,660,740,3,1,5990
13/10/2022 20:01:04,2,40,740,3,1,5990
13/10/2022 20:01:20,2,10,740,3,1,5990
13/10/2022 20:01:36,2,650,740,3,1,5980
13/10/2022 20:01:52,2,650,740,3,1,5980
13/10/2022 20:02:08,2,650,740,3,1,5980
13/10/2022 20:02:24,2,660,740,3,1,5820
13/10/2022 20:02:40,2,650,740,3,1,5820
13/10/2022 20:02:56,2,650,740,3,2,5830
13/10/2022 20:03:12,2,650,740,3,2,5830
13/10/2022 20:03:28,2,650,740,3,3,5830
13/10/2022 20:03:44,2,650,740,3,3,5830
13/10/2022 20:04:00,2,640,740,3,3,5820
13/10/2022 20:04:16,2,640,740,3,3,5820
13/10/2022 20:04:32,2,640,740,3,3,5820
13/10/2022 20:04:48,2,640,740,3,1,5870
13/10/2022 20:05:04,2,640,740,3,1,5870
13/10/2022 20:05:20,2,640,740,3,1,5870
13/10/2022 20:05:36,2,640,740,3,1,5870
13/10/2022 20:05:52,2,640,740,3,2,5910
13/10/2022 20:06:08,2,640,740,3,2,5910
13/10/2022 20:06:24,2,640,740,3,2,5920
13/10/2022 20:06:40,2,640,740,3,2,5920
13/10/2022 20:06:56,2,640,740,3,2,5920
13/10/2022 20:07:12,2,640,740,3,1,5970
13/10/2022 20:07:28,2,640,740,3,1,5970
13/10/2022 20:07:44,2,640,740,3,1,5980
13/10/2022 20:08:00,2,640,740,3,1,5980
13/10/2022 20:08:16,2,630,740,3,1,5970
13/10/2022 20:08:32,2,630,740,3,1,5970
13/10/2022 20:08:48,2,630,740,3,1,5990
13/10/2022 20:09:04,2,630,740,3,1,5990
13/10/2022 20:09:20,2,630,740,3,1,5990
13/10/2022 20:09:36,2,630,740,3,1,6040
13/10/2022 20:09:52,2,630,740,3,1,6040
13/10/2022 20:10:08,2,630,740,3,1,6030
13/10/2022 20:10:24,2,630,740,3,1,6030
13/10/2022 20:10:40,2,630,740,3,1,6000
13/10/2022 20:10:56,2,630,740,3,1,6000
13/10/2022 20:11:12,2,630,740,3,1,5960
13/10/2022 20:11:28,2,630,740,3,1,5960
13/10/2022 20:11:44,2,630,740,3,1,5960
13/10/2022 20:12:00,2,630,740,3,2,5520
13/10/2022 20:12:16,2,630,740,3,2,5520
13/10/2022 20:12:32,2,620,740,3,1,5530
13/10/2022 20:12:48,2,620,740,3,1,5530
13/10/2022 20:13:04,2,620,740,3,2,6130
13/10/2022 20:13:20,2,620,740,3,2,6130
13/10/2022 20:13:36,2,610,740,3,2,5660
13/10/2022 20:13:52,2,610,740,3,2,5660
13/10/2022 20:14:08,2,610,740,3,2,5660
13/10/2022 20:14:24,2,610,740,3,3,5660
13/10/2022 20:14:40,2,610,740,3,3,5660
13/10/2022 20:14:56,2,610,740,3,2,6080
13/10/2022 20:15:12,2,610,740,3,2,6080
13/10/2022 20:15:28,2,600,740,3,2,6050
13/10/2022 20:15:44,2,600,740,3,2,6050
13/10/2022 20:16:00,2,600,740,3,1,6010
13/10/2022 20:16:16,2,600,740,3,1,6010
13/10/2022 20:16:32,2,600,740,3,1,6010
13/10/2022 20:16:48,2,600,740,3,1,5960
13/10/2022 20:17:04,2,600,740,3,1,5960
13/10/2022 20:17:20,2,600,740,3,2,5970
13/10/2022 20:17:36,2,600,740,3,2,5970
13/10/2022 20:17:52,2,600,740,3,1,5980
13/10/2022 20:18:08,2,600,740,3,1,5980
13/10/2022 20:18:24,2,600,740,3,1,6030
13/10/2022 20:18:40,2,600,740,3,1,6030
13/10/2022 20:18:56,2,590,740,3,1,6030
13/10/2022 20:19:12,2,590,740,3,1,6080
13/10/2022 20:19:28,2,590,740,3,1,6080
13/10/2022 20:19:44,2,590,740,3,2,6100
13/10/2022 20:20:00,2,590,740,3,2,6100
13/10/2022 20:20:16,2,590,740,3,2,6190
13/10/2022 20:20:32,2,590,740,3,2,6190
13/10/2022 20:20:48,2,590,740,3,3,6250
13/10/2022 20:21:04,2,590,740,3,3,6250
13/10/2022 20:21:20,2,590,740,3,3,6250
13/10/2022 20:21:36,2,590,740,3,3,5870
13/10/2022 20:21:52,2,590,740,3,3,5870
13/10/2022 20:22:08,2,590,740,3,1,5890
13/10/2022 20:22:24,2,590,740,3,1,5890
13/10/2022 20:22:40,2,590,740,3,2,5910
13/10/2022 20:22:56,2,590,740,3,2,5910
13/10/2022 20:23:12,2,590,740,3,2,5980
13/10/2022 20:23:28,2,590,740,3,2,5980
13/10/2022 20:23:44,2,590,740,3,2,5980
13/10/2022 20:24:00,2,590,740,3,1,5990
13/10/2022 20:24:16,2,590,740,3,1,5990
13/10/2022 20:24:32,2,590,740,3,1,6010
13/10/2022 20:24:48,2,590,740,3,1,6010
13/10/2022 20:25:04,2,590,740,3,1,6080
13/10/2022 20:25:20,2,590,740,3,1,6080
13/10/2022 20:25:36,2,590,740,3,1,6080
13/10/2022 20:25:52,2,590,740,3,1,6080
13/10/2022 20:26:08,2,590,740,3,1,6080
13/10/2022 20:26:24,2,590,740,3,1,6080
13/10/2022 20:26:40,2,590,740,3,1,6080
13/10/2022 20:26:56,2,590,740,3,1,6140
13/10/2022 20:27:12,2,590,740,3,1,6140
13/10/2022 20:27:28,2,590,740,3,2,5800
13/10/2022 20:27:44,2,590,740,3,2,5800
13/10/2022 20:28:00,2,570,740,3,2,580
13/10/2022 20:28:16,2,570,740,3,2,580
13/10/2022 20:28:32,2,570,740,3,2,580
13/10/2022 20:28:48,2,570,740,3,2,600
13/10/2022 20:29:04,2,570,740,3,2,600
13/10/2022 20:29:20,2,620,740,3,1,5800
13/10/2022 20:29:36,2,620,740,3,1,5800
13/10/2022 20:29:52,2,620,740,3,2,4560
13/10/2022 20:30:08,2,620,740,3,2,4560
13/10/2022 20:30:24,2,590,740,3,1,4540
13/10/2022 20:30:40,2,590,740,3,1,4540
13/10/2022 20:30:56,2,590,740,3,1,4540
13/10/2022 20:31:12,2,580,740,3,1,4460
13/10/2022 20:31:28,2,570,740,3,1,4460
13/10/2022 20:31:44,2,610,740,3,1,4460
13/10/2022 20:32:00,2,590,740,3,1,4460
13/10/2022 20:32:16,2,590,740,3,1,4480
13/10/2022 20:32:32,2,590,740,3,1,4480
13/10/2022 20:32:48,2,600,740,3,1,4460
13/10/2022 20:33:04,2,600,740,3,1,4460
13/10/2022 20:33:20,2,600,740,3,1,4460
13/10/2022 20:33:36,2,570,740,3,2,580
13/10/2022 20:33:52,2,570,740,3,2,580
13/10/2022 20:34:08,2,560,740,3,1,4460
13/10/2022 20:34:24,2,560,740,3,1,4460
13/10/2022 20:34:40,2,570,740,3,1,4440
13/10/2022 20:34:56,2,570,740,3,1,4440
13/10/2022 20:35:12,2,600,740,3,1,4450
13/10/2022 20:35:28,2,600,740,3,1,4450
13/10/2022 20:35:44,2,600,740,3,1,4450
13/10/2022 20:36:00,2,560,740,3,1,4440
13/10/2022 20:36:16,2,560,740,3,1,4440
13/10/2022 20:36:32,2,590,740,3,1,4420
13/10/2022 20:36:48,2,610,740,3,1,4420
13/10/2022 20:37:04,2,610,740,3,1,4420
13/10/2022 20:37:20,2,610,740,3,1,4420
13/10/2022 20:37:36,2,610,740,3,1,4420
13/10/2022 20:37:52,2,610,740,3,1,4420
13/10/2022 20:38:08,2,610,740,3,1,4420
13/10/2022 20:38:24,2,610,740,3,1,4440
13/10/2022 20:38:40,2,610,740,3,1,4440
13/10/2022 20:38:56,2,620,740,3,1,4430
13/10/2022 20:39:12,2,620,740,3,1,4430
13/10/2022 20:39:28,2,620,740,3,1,4420
13/10/2022 20:39:44,2,620,740,3,1,4420
13/10/2022 20:40:00,2,590,740,3,2,590
13/10/2022 20:40:16,2,590,740,3,2,590
13/10/2022 20:40:32,2,590,740,3,2,590
13/10/2022 20:40:48,2,650,740,3,1,4410
13/10/2022 20:41:04,2,650,740,3,1,4410
13/10/2022 20:41:20,2,600,740,3,2,570
13/10/2022 20:41:36,2,600,740,3,2,570
13/10/2022 20:41:52,2,630,740,3,2,590
13/10/2022 20:42:08,2,630,740,3,2,590
13/10/2022 20:42:24,2,640,740,3,2,570
13/10/2022 20:42:40,2,640,740,3,2,570
13/10/2022 20:42:56,2,650,740,3,2,570
13/10/2022 20:43:12,2,650,740,3,2,580
13/10/2022 20:43:28,2,650,740,3,2,580
13/10/2022 20:43:44,2,610,740,3,1,4400
13/10/2022 20:44:00,2,610,740,3,1,4400
13/10/2022 20:44:16,2,640,740,3,1,4390
13/10/2022 20:44:32,2,650,740,3,1,4390
13/10/2022 20:44:48,2,630,740,3,1,4420
13/10/2022 20:45:04,2,630,740,3,1,4420
13/10/2022 20:45:20,2,630,740,3,1,4420
13/10/2022 20:45:36,2,70,740,3,1,4420
13/10/2022 20:45:52,2,10,740,3,1,4420
13/10/2022 20:46:08,2,630,740,3,2,580
13/10/2022 20:46:24,2,630,740,3,2,580
13/10/2022 20:46:40,2,630,740,3,2,570
13/10/2022 20:46:56,2,630,740,3,2,570
13/10/2022 20:47:12,2,630,740,3,2,570
13/10/2022 20:47:28,2,630,740,3,2,570
13/10/2022 20:47:44,2,630,740,3,2,570
13/10/2022 20:48:00,2,630,740,3,2,570
13/10/2022 20:48:16,2,630,740,3,2,570
13/10/2022 20:48:32,2,630,740,3,2,570
13/10/2022 20:48:48,2,630,740,3,2,570
13/10/2022 20:49:04,2,630,740,3,2,580
13/10/2022 20:49:20,2,640,740,3,2,580
13/10/2022 20:49:36,2,640,740,3,2,570
13/10/2022 20:49:52,2,650,740,3,2,570
13/10/2022 20:50:08,2,650,740,3,2,570
13/10/2022 20:50:24,2,650,740,3,2,580
13/10/2022 20:50:40,2,650,740,3,2,580
13/10/2022 20:50:56,2,70,740,3,1,4370
13/10/2022 20:51:12,2,70,740,3,1,4370
13/10/2022 20:51:28,2,650,740,3,2,590
13/10/2022 20:51:44,2,650,740,3,2,590
13/10/2022 20:52:00,2,650,740,3,2,570
13/10/2022 20:52:16,2,650,740,3,2,570
13/10/2022 20:52:32,2,650,740,3,2,570
13/10/2022 20:52:48,2,650,740,3,2,590
13/10/2022 20:53:04,2,650,740,3,2,590
13/10/2022 20:53:20,2,650,740,3,2,570
13/10/2022 20:53:36,2,650,740,3,2,570
13/10/2022 20:53:52,2,650,740,3,2,550
13/10/2022 20:54:08,2,650,740,3,2,550
13/10/2022 20:54:24,2,650,740,3,2,560
13/10/2022 20:54:40,2,650,740,3,2,560
13/10/2022 20:54:56,2,650,740,3,2,560
13/10/2022 20:55:12,2,660,740,3,2,560
13/10/2022 20:55:28,2,660,740,3,2,560
13/10/2022 20:55:44,2,660,740,3,2,570
13/10/2022 20:56:00,2,660,740,3,2,570
13/10/2022 20:56:16,2,660,740,3,2,570
13/10/2022 20:56:32,2,660,740,3,2,570
13/10/2022 20:56:48,2,90,740,3,1,4310
13/10/2022 20:57:04,2,90,740,3,1,4310
13/10/2022 20:57:20,2,90,740,3,1,4310
13/10/2022 20:57:36,2,660,740,3,2,580
13/10/2022 20:57:52,2,660,740,3,2,580
13/10/2022 20:58:08,2,660,740,3,2,570
13/10/2022 20:58:24,2,660,740,3,2,570
13/10/2022 20:58:40,2,660,740,3,2,550
13/10/2022 20:58:56,2,660,740,3,2,550
13/10/2022 20:59:12,2,660,740,3,2,580
13/10/2022 20:59:28,2,660,740,3,2,580
13/10/2022 20:59:44,2,660,740,3,2,580
13/10/2022 21:00:00,3,660,610,3,2,560
13/10/2022 21:00:16,3,660,610,3,2,560
13/10/2022 21:00:32,3,150,610,3,1,4290
13/10/2022 21:00:48,3,150,610,3,1,4290
13/10/2022 21:01:04,3,660,610,3,2,560
13/10/2022 21:01:20,3,660,610,3,2,560
13/10/2022 21:01:36,3,120,610,3,1,4370
13/10/2022 21:01:52,3,120,610,3,1,4370
13/10/2022 21:02:08,3,120,610,3,1,4370
13/10/2022 21:02:24,3,670,610,3,2,590
13/10/2022 21:02:40,3,670,610,3,2,590
13/10/2022 21:02:56,3,670,610,3,2,580
13/10/2022 21:03:12,3,670,610,3,2,580
13/10/2022 21:03:28,3,110,610,3,1,4380
13/10/2022 21:03:44,3,110,610,3,1,4380
13/10/2022 21:04:00,3,670,610,3,2,530
13/10/2022 21:04:16,3,670,610,3,2,530
13/10/2022 21:04:32,3,670,610,3,2,530
13/10/2022 21:04:48,3,660,610,3,2,530
13/10/2022 21:05:04,3,660,610,3,2,530
13/10/2022 21:05:20,3,660,610,3,2,550
13/10/2022 21:05:36,3,660,610,3,2,550
13/10/2022 21:05:52,3,110,610,3,1,4380
13/10/2022 21:06:08,3,110,610,3,1,4380
13/10/2022 21:06:24,3,650,610,3,2,540
13/10/2022 21:06:40,3,650,610,3,2,540
13/10/2022 21:06:56,3,650,610,3,2,540
13/10/2022 21:07:12,3,650,610,3,2,530
13/10/2022 21:07:28,3,650,610,3,2,530
13/10/2022 21:07:44,3,650,610,3,2,550
13/10/2022 21:08:00,3,660,610,3,2,550
13/10/2022 21:08:16,3,50,610,3,1,4400
13/10/2022 21:08:32,3,10,610,3,1,4400
13/10/2022 21:08:48,3,600,610,3,1,4380
13/10/2022 21:09:04,3,600,610,3,1,4380
13/10/2022 21:09:20,3,600,610,3,1,4380
13/10/2022 21:09:36,3,90,610,3,1,4370
13/10/2022 21:09:52,3,90,610,3,1,4370
13/10/2022 21:10:08,3,70,610,3,1,4380
13/10/2022 21:10:24,3,70,610,3,1,4380
13/10/2022 21:10:40,3,630,610,3,2,560
13/10/2022 21:10:56,3,630,610,3,2,560
13/10/2022 21:11:12,3,90,610,3,1,4380
13/10/2022 21:11:28,3,90,610,3,1,4380
13/10/2022 21:11:44,3,90,610,3,1,4380
13/10/2022 21:12:00,3,630,610,3,2,530
13/10/2022 21:12:16,3,630,610,3,2,530
13/10/2022 21:12:32,3,630,610,3,2,550
13/10/2022 21:12:48,3,630,610,3,2,550
13/10/2022 21:13:04,3,630,610,3,2,530
13/10/2022 21:13:20,3,630,610,3,2,530
13/10/2022 21:13:36,3,630,610,3,2,540
13/10/2022 21:13:52,3,630,610,3,2,540
13/10/2022 21:14:08,3,630,610,3,2,540
13/10/2022 21:14:24,3,630,610,3,2,540
13/10/2022 21:14:40,3,630,610,3,2,540
13/10/2022 21:14:56,3,90,610,3,1,4340
13/10/2022 21:15:12,3,90,610,3,1,4340
13/10/2022 21:15:28,3,630,610,3,2,500
13/10/2022 21:15:44,3,620,610,3,2,500
13/10/2022 21:16:00,3,620,610,3,2,520
13/10/2022 21:16:16,3,610,610,3,2,520
13/10/2022 21:16:32,3,610,610,3,2,520
13/10/2022 21:16:48,3,90,610,3,1,4340
13/10/2022 21:17:04,3,90,610,3,1,4340
13/10/2022 21:17:20,3,610,610,3,2,520
13/10/2022 21:17:36,3,610,610,3,2,520
13/10/2022 21:17:52,3,610,610,3,2,530
13/10/2022 21:18:08,3,610,610,3,2,530
13/10/2022 21:18:24,3,80,610,3,1,4310
13/10/2022 21:18:40,3,80,610,3,1,4310
13/10/2022 21:18:56,3,80,610,3,1,4310
13/10/2022 21:19:12,3,70,610,3,1,4320
13/10/2022 21:19:28,3,70,610,3,1,4320
13/10/2022 21:19:44,3,610,610,3,2,510
13/10/2022 21:20:00,3,610,610,3,2,510
13/10/2022 21:20:16,3,610,610,3,2,510
13/10/2022 21:20:32,3,600,610,3,2,510
13/10/2022 21:20:48,3,590,610,3,1,4340
13/10/2022 21:21:04,3,590,610,3,1,4340
13/10/2022 21:21:20,3,590,610,3,1,4340
13/10/2022 21:21:36,3,590,610,3,2,510
13/10/2022 21:21:52,3,590,610,3,2,510
13/10/2022 21:22:08,3,590,610,3,2,510
13/10/2022 21:22:24,3,590,610,3,2,510
13/10/2022 21:22:40,3,590,610,3,2,570
13/10/2022 21:22:56,3,590,610,3,2,570
13/10/2022 21:23:12,3,70,610,3,1,4310
13/10/2022 21:23:28,3,70,610,3,1,4310
13/10/2022 21:23:44,3,70,610,3,1,4310
13/10/2022 21:24:00,3,40,610,3,1,4310
13/10/2022 21:24:16,3,40,610,3,1,4310
13/10/2022 21:24:32,3,590,610,3,2,530
13/10/2022 21:24:48,3,590,610,3,2,530
13/10/2022 21:25:04,3,590,610,3,2,520
13/10/2022 21:25:20,3,620,610,3,2,520
13/10/2022 21:25:36,3,620,610,3,2,570
13/10/2022 21:25:52,3,630,610,3,2,570
13/10/2022 21:26:08,3,630,610,3,2,570
13/10/2022 21:26:24,3,570,610,3,1,4350
13/10/2022 21:26:40,3,570,610,3,1,4350
13/10/2022 21:26:56,3,50,610,3,1,4340
13/10/2022 21:27:12,3,50,610,3,1,4340
13/10/2022 21:27:28,3,50,610,3,1,4320
13/10/2022 21:27:44,3,50,610,3,1,4320
13/10/2022 21:28:00,3,90,610,3,1,4270
13/10/2022 21:28:16,3,90,610,3,1,4270
13/10/2022 21:28:32,3,90,610,3,1,4270
13/10/2022 21:28:48,3,50,610,3,1,4260
13/10/2022 21:29:04,3,50,610,3,1,4260
13/10/2022 21:29:20,3,50,610,3,1,4270
13/10/2022 21:29:36,3,50,610,3,1,4270
13/10/2022 21:29:52,3,600,610,3,2,490
13/10/2022 21:30:08,3,590,610,3,2,490
13/10/2022 21:30:24,3,600,610,3,2,500
13/10/2022 21:30:40,3,600,610,3,2,500
13/10/2022 21:30:56,3,600,610,3,2,500
13/10/2022 21:31:12,3,600,610,3,2,510
13/10/2022 21:31:28,3,600,610,3,2,510
13/10/2022 21:31:44,3,600,610,3,2,530
13/10/2022 21:32:00,3,600,610,3,2,530
13/10/2022 21:32:16,3,580,610,3,1,4210
13/10/2022 21:32:32,3,580,610,3,1,4210
13/10/2022 21:32:48,3,600,610,3,1,4210
13/10/2022 21:33:04,3,600,610,3,1,4210
13/10/2022 21:33:20,3,600,610,3,1,4210
13/10/2022 21:33:36,3,600,610,3,2,530
13/10/2022 21:33:52,3,600,610,3,2,530
13/10/2022 21:34:08,3,600,610,3,2,540
13/10/2022 21:34:24,3,600,610,3,2,540
13/10/2022 21:34:40,3,600,610,3,2,520
13/10/2022 21:34:56,3,600,610,3,2,520
13/10/2022 21:35:12,3,600,610,3,2,510
13/10/2022 21:35:28,3,600,610,3,2,510
13/10/2022 21:35:44,3,600,610,3,2,510
13/10/2022 21:36:00,3,620,610,3,2,560
13/10/2022 21:36:16,3,620,610,3,2,560
13/10/2022 21:36:32,3,580,610,3,1,4280
13/10/2022 21:36:48,3,580,610,3,1,4280
13/10/2022 21:37:04,3,620,610,3,2,510
13/10/2022 21:37:20,3,620,610,3,2,510
13/10/2022 21:37:36,3,630,610,3,2,530
13/10/2022 21:37:52,3,630,610,3,2,530
13/10/2022 21:38:08,3,630,610,3,2,530
13/10/2022 21:38:24,3,630,610,3,2,500
13/10/2022 21:38:40,3,630,610,3,2,500
13/10/2022 21:38:56,3,630,610,3,2,510
13/10/2022 21:39:12,3,630,610,3,2,510
13/10/2022 21:39:28,3,630,610,3,2,540
13/10/2022 21:39:44,3,630,610,3,2,540
13/10/2022 21:40:00,3,630,610,3,2,510
13/10/2022 21:40:16,3,630,610,3,2,510
13/10/2022 21:40:32,3,630,610,3,2,510
13/10/2022 21:40:48,3,630,610,3,2,480
13/10/2022 21:41:04,3,630,610,3,2,480
13/10/2022 21:41:20,3,630,610,3,2,540
13/10/2022 21:41:36,3,630,610,3,2,540
13/10/2022 21:41:52,3,610,610,3,1,4310
13/10/2022 21:42:08,3,610,610,3,1,4310
13/10/2022 21:42:24,3,560,610,3,1,4340
13/10/2022 21:42:40,3,560,610,3,1,4340
13/10/2022 21:42:56,3,560,610,3,1,4340
13/10/2022 21:43:12,3,610,610,3,2,540
13/10/2022 21:43:28,3,610,610,3,2,540
13/10/2022 21:43:44,3,600,610,3,2,520
13/10/2022 21:44:00,3,600,610,3,2,520
13/10/2022 21:44:16,3,590,610,3,2,510
13/10/2022 21:44:32,3,590,610,3,2,510
13/10/2022 21:44:48,3,590,610,3,2,500
13/10/2022 21:45:04,3,590,610,3,2,500
13/10/2022 21:45:20,3,580,610,3,2,500
13/10/2022 21:45:36,3,580,610,3,2,500
13/10/2022 21:45:52,3,580,610,3,2,500
13/10/2022 21:46:08,3,580,610,3,2,490
13/10/2022 21:46:24,3,590,610,3,2,490
13/10/2022 21:46:40,3,590,610,3,2,540
13/10/2022 21:46:56,3,600,610,3,2,540
13/10/2022 21:47:12,3,590,610,3,2,530
13/10/2022 21:47:28,3,590,610,3,2,530
13/10/2022 21:47:44,3,590,610,3,2,530
13/10/2022 21:48:00,3,590,610,3,2,550
13/10/2022 21:48:16,3,600,610,3,2,550
13/10/2022 21:48:32,3,600,610,3,2,540
13/10/2022 21:48:48,3,610,610,3,2,540
13/10/2022 21:49:04,3,610,610,3,2,530
13/10/2022 21:49:20,3,620,610,3,2,530
13/10/2022 21:49:36,3,610,610,3,2,520
13/10/2022 21:49:52,3,610,610,3,2,520
13/10/2022 21:50:08,3,610,610,3,2,520
13/10/2022 21:50:24,3,610,610,3,2,520
13/10/2022 21:50:40,3,610,610,3,2,520
13/10/2022 21:50:56,3,610,610,3,2,510
13/10/2022 21:51:12,3,610,610,3,2,510
13/10/2022 21:51:28,3,620,610,3,1,4270
13/10/2022 21:51:44,3,620,610,3,1,4270
13/10/2022 21:52:00,3,610,610,3,2,510
13/10/2022 21:52:16,3,610,610,3,2,510
13/10/2022 21:52:32,3,610,610,3,2,510
13/10/2022 21:52:48,3,620,610,3,2,510
13/10/2022 21:53:04,3,620,610,3,2,510
13/10/2022 21:53:20,3,620,610,3,1,520
13/10/2022 21:53:36,3,620,610,3,1,520
13/10/2022 21:53:52,3,620,610,3,1,510
13/10/2022 21:54:08,3,620,610,3,1,510
13/10/2022 21:54:24,3,620,610,3,2,550
13/10/2022 21:54:40,3,620,610,3,2,550
13/10/2022 21:54:56,3,620,610,3,2,550
13/10/2022 21:55:12,3,640,610,3,2,550
13/10/2022 21:55:28,3,640,610,3,2,550
13/10/2022 21:55:44,3,80,610,3,1,4400
13/10/2022 21:56:00,3,80,610,3,1,4400
13/10/2022 21:56:16,3,600,610,3,1,4370
13/10/2022 21:56:32,3,600,610,3,1,4370
13/10/2022 21:56:48,3,640,610,3,2,520
13/10/2022 21:57:04,3,620,610,3,2,520
13/10/2022 21:57:20,3,620,610,3,2,520
13/10/2022 21:57:36,3,620,610,3,2,480
13/10/2022 21:57:52,3,620,610,3,2,480
13/10/2022 21:58:08,3,620,610,3,2,530
13/10/2022 21:58:24,3,620,610,3,2,530
13/10/2022 21:58:40,3,620,610,3,2,530
13/10/2022 21:58:56,3,620,610,3,2,530
13/10/2022 21:59:12,3,620,610,3,2,530
13/10/2022 21:59:28,3,620,610,3,2,530
13/10/2022 21:59:44,3,620,610,3,2,530
13/10/2022 22:00:00,2,620,610,3,2,530
13/10/2022 22:00:16,2,620,610,3,2,530
13/10/2022 22:00:32,2,620,610,3,2,540
13/10/2022 22:00:48,2,620,610,3,2,540
13/10/2022 22:01:04,2,620,610,3,2,520
13/10/2022 22:01:20,2,630,610,3,2,520
13/10/2022 22:01:36,2,630,610,3,1,520
13/10/2022 22:01:52,2,630,610,3,1,520
13/10/2022 22:02:08,2,630,610,3,1,520
13/10/2022 22:02:24,2,100,610,3,1,4400
13/10/2022 22:02:40,2,100,610,3,1,4400
13/10/2022 22:02:56,2,630,610,3,2,480
13/10/2022 22:03:12,2,630,610,3,2,480
13/10/2022 22:03:28,2,630,610,3,2,550
13/10/2022 22:03:44,2,640,610,3,2,550
13/10/2022 22:04:00,2,640,610,3,2,550
13/10/2022 22:04:16,2,640,610,3,2,550
13/10/2022 22:04:32,2,640,610,3,2,550
13/10/2022 22:04:48,2,630,610,3,2,520
13/10/2022 22:05:04,2,630,610,3,2,520
13/10/2022 22:05:20,2,630,610,3,2,520
13/10/2022 22:05:36,2,630,610,3,2,520
13/10/2022 22:05:52,2,640,610,3,2,560
13/10/2022 22:06:08,2,640,610,3,2,560
13/10/2022 22:06:24,2,640,610,3,2,540
13/10/2022 22:06:40,2,630,610,3,2,540
13/10/2022 22:06:56,2,630,610,3,2,540
13/10/2022 22:07:12,2,640,610,3,2,530
13/10/2022 22:07:28,2,640,610,3,2,530
13/10/2022 22:07:44,2,640,610,3,3,540
13/10/2022 22:08:00,2,640,610,3,3,540
13/10/2022 22:08:16,2,640,610,3,2,540
13/10/2022 22:08:32,2,640,610,3,2,540
13/10/2022 22:08:48,2,640,610,3,2,500
13/10/2022 22:09:04,2,640,610,3,2,500
13/10/2022 22:09:20,2,640,610,3,2,500
13/10/2022 22:09:36,2,640,610,3,2,520
13/10/2022 22:09:52,2,630,610,3,2,520
13/10/2022 22:10:08,2,630,610,3,2,530
13/10/2022 22:10:24,2,630,610,3,2,530
13/10/2022 22:10:40,2,630,610,3,2,540
13/10/2022 22:10:56,2,640,610,3,2,540
13/10/2022 22:11:12,2,640,610,3,2,530
13/10/2022 22:11:28,2,640,610,3,2,530
13/10/2022 22:11:44,2,640,610,3,2,530
13/10/2022 22:12:00,2,630,610,3,2,510
13/10/2022 22:12:16,2,630,610,3,2,510
13/10/2022 22:12:32,2,630,610,3,2,530
13/10/2022 22:12:48,2,630,610,3,2,530
13/10/2022 22:13:04,2,630,610,3,2,550
13/10/2022 22:13:20,2,630,610,3,2,550
13/10/2022 22:13:36,2,640,610,3,2,540
13/10/2022 22:13:52,2,640,610,3,2,540
13/10/2022 22:14:08,2,640,610,3,2,540
13/10/2022 22:14:24,2,650,610,3,2,550
13/10/2022 22:14:40,2,650,610,3,2,550
13/10/2022 22:14:56,2,640,610,3,2,520
13/10/2022 22:15:12,2,640,610,3,2,520
13/10/2022 22:15:28,2,650,610,3,2,600
13/10/2022 22:15:44,2,650,610,3,2,600
13/10/2022 22:16:00,2,650,610,3,2,580
13/10/2022 22:16:16,2,650,610,3,2,580
13/10/2022 22:16:32,2,650,610,3,2,580
13/10/2022 22:16:48,2,650,610,3,2,530
13/10/2022 22:17:04,2,650,610,3,2,530
13/10/2022 22:17:20,2,650,610,3,2,570
13/10/2022 22:17:36,2,650,610,3,2,570
13/10/2022 22:17:52,2,670,610,3,2,540
13/10/2022 22:18:08,2,670,610,3,2,540
13/10/2022 22:18:24,2,670,610,3,2,520
13/10/2022 22:18:40,2,670,610,3,2,520
13/10/2022 22:18:56,2,670,610,3,2,520
13/10/2022 22:19:12,2,670,610,3,2,540
13/10/2022 22:19:28,2,670,610,3,2,540
13/10/2022 22:19:44,2,650,610,3,2,570
13/10/2022 22:20:00,2,650,610,3,2,570
13/10/2022 22:20:16,2,650,610,3,2,520
13/10/2022 22:20:32,2,650,610,3,2,520
13/10/2022 22:20:48,2,650,610,3,2,570
13/10/2022 22:21:04,2,660,610,3,2,570
13/10/2022 22:21:20,2,660,610,3,2,570
13/10/2022 22:21:36,2,660,610,3,2,550
13/10/2022 22:21:52,2,660,610,3,2,550
13/10/2022 22:22:08,2,660,610,3,2,530
13/10/2022 22:22:24,2,660,610,3,2,530
13/10/2022 22:22:40,2,660,610,3,1,540
13/10/2022 22:22:56,2,660,610,3,1,540
13/10/2022 22:23:12,2,660,610,3,3,560
13/10/2022 22:23:28,2,660,610,3,3,560
13/10/2022 22:23:44,2,660,610,3,3,560
13/10/2022 22:24:00,2,660,610,3,3,560
13/10/2022 22:24:16,2,660,610,3,3,560
13/10/2022 22:24:32,2,660,610,3,2,570
13/10/2022 22:24:48,2,660,610,3,2,570
13/10/2022 22:25:04,2,660,610,3,1,590
13/10/2022 22:25:20,2,660,610,3,1,590
13/10/2022 22:25:36,2,660,610,3,1,570
13/10/2022 22:25:52,2,670,610,3,1,570
13/10/2022 22:26:08,2,670,610,3,1,570
13/10/2022 22:26:24,2,10,610,3,0,-999
13/10/2022 22:26:40,2,10,610,3,0,-999
13/10/2022 22:26:56,2,690,610,3,1,570
13/10/2022 22:27:12,2,690,610,3,1,570
13/10/2022 22:27:28,2,690,610,3,1,520
13/10/2022 22:27:44,2,690,610,3,1,520
13/10/2022 22:28:00,2,690,610,3,1,530
13/10/2022 22:28:16,2,690,610,3,1,530
13/10/2022 22:28:32,2,690,610,3,1,530
13/10/2022 22:28:48,2,10,610,3,0,-999
13/10/2022 22:29:04,2,10,610,3,0,-999
13/10/2022 22:29:20,2,680,610,3,1,570
13/10/2022 22:29:36,2,680,610,3,1,570
13/10/2022 22:29:52,2,670,610,3,1,530
13/10/2022 22:30:08,2,670,610,3,1,530
13/10/2022 22:30:24,2,10,610,3,0,-999
13/10/2022 22:30:40,2,10,610,3,0,-999
13/10/2022 22:30:56,2,10,610,3,0,-999
13/10/2022 22:31:12,2,10,610,3,0,-999
13/10/2022 22:31:28,2,10,610,3,0,-999
13/10/2022 22:31:44,2,10,610,3,0,-999
13/10/2022 22:32:00,2,10,610,3,0,-999
13/10/2022 22:32:16,2,10,610,3,0,-999
13/10/2022 22:32:32,2,10,610,3,0,-999
13/10/2022 22:32:48,2,660,610,3,1,520
13/10/2022 22:33:04,2,660,610,3,1,520
13/10/2022 22:33:20,2,660,610,3,1,520
13/10/2022 22:33:36,2,660,610,3,1,560
13/10/2022 22:33:52,2,660,610,3,1,560
13/10/2022 22:34:08,2,660,610,3,1,550
13/10/2022 22:34:24,2,660,610,3,1,550
13/10/2022 22:34:40,2,660,610,3,1,560
13/10/2022 22:34:56,2,670,610,3,1,560
13/10/2022 22:35:12,2,10,610,3,0,-999
13/10/2022 22:35:28,2,10,610,3,0,-999
13/10/2022 22:35:44,2,10,610,3,0,-999
13/10/2022 22:36:00,2,10,610,3,0,-999
13/10/2022 22:36:16,2,10,610,3,0,-999
13/10/2022 22:36:32,2,10,610,3,0,-999
13/10/2022 22:36:48,2,10,610,3,0,-999
13/10/2022 22:37:04,2,10,610,3,0,-999
13/10/2022 22:37:20,2,10,610,3,0,-999
13/10/2022 22:37:36,2,670,610,3,1,520
13/10/2022 22:37:52,2,670,610,3,1,520
13/10/2022 22:38:08,2,670,610,3,1,520
13/10/2022 22:38:24,2,670,610,3,1,590
13/10/2022 22:38:40,2,670,610,3,1,590
13/10/2022 22:38:56,2,670,610,3,1,550
13/10/2022 22:39:12,2,670,610,3,1,550
13/10/2022 22:39:28,2,670,610,3,1,580
13/10/2022 22:39:44,2,670,610,3,1,580
13/10/2022 22:40:00,2,10,610,3,0,-999
13/10/2022 22:40:16,2,10,610,3,0,-999
13/10/2022 22:40:32,2,10,610,3,0,-999
13/10/2022 22:40:48,2,10,610,3,0,-999
13/10/2022 22:41:04,2,10,610,3,0,-999
13/10/2022 22:41:20,2,10,610,3,0,-999
13/10/2022 22:41:36,2,10,610,3,0,-999
13/10/2022 22:41:52,2,10,610,3,0,-999
13/10/2022 22:42:08,2,10,610,3,0,-999
13/10/2022 22:42:24,2,10,610,3,0,-999
13/10/2022 22:42:40,2,10,610,3,0,-999
13/10/2022 22:42:56,2,10,610,3,0,-999
13/10/2022 22:43:12,2,10,610,3,0,-999
13/10/2022 22:43:28,2,10,610,3,0,-999
13/10/2022 22:43:44,2,10,610,3,0,-999
13/10/2022 22:44:00,2,10,610,3,0,-999
13/10/2022 22:44:16,2,10,610,3,0,-999
13/10/2022 22:44:32,2,10,610,3,0,-999
13/10/2022 22:44:48,2,10,610,3,0,-999
13/10/2022 22:45:04,2,10,610,3,0,-999
13/10/2022 22:45:20,2,10,610,3,0,-999
13/10/2022 22:45:36,2,10,610,3,0,-999
13/10/2022 22:45:52,2,10,610,3,0,-999
13/10/2022 22:46:08,2,660,610,3,1,570
13/10/2022 22:46:24,2,660,610,3,1,570
13/10/2022 22:46:40,2,10,610,3,0,-999
13/10/2022 22:46:56,2,10,610,3,0,-999
13/10/2022 22:47:12,2,660,610,3,1,610
13/10/2022 22:47:28,2,660,610,3,1,610
13/10/2022 22:47:44,2,660,610,3,1,610
13/10/2022 22:48:00,2,10,610,3,0,-999
13/10/2022 22:48:16,2,10,610,3,0,-999
13/10/2022 22:48:32,2,10,610,3,0,-999
13/10/2022 22:48:48,2,10,610,3,0,-999
13/10/2022 22:49:04,2,10,610,3,0,-999
13/10/2022 22:49:20,2,10,610,3,0,-999
13/10/2022 22:49:36,2,10,610,3,0,-999
13/10/2022 22:49:52,2,10,610,3,0,-999
13/10/2022 22:50:08,2,10,610,3,0,-999
13/10/2022 22:50:24,2,10,610,3,0,-999
13/10/2022 22:50:40,2,10,610,3,0,-999
13/10/2022 22:50:56,2,10,610,3,0,-999
13/10/2022 22:51:12,2,10,610,3,0,-999
13/10/2022 22:51:28,2,10,610,3,0,-999
13/10/2022 22:51:44,2,10,610,3,0,-999
13/10/2022 22:52:00,2,10,610,3,0,-999
13/10/2022 22:52:16,2,10,610,3,0,-999
13/10/2022 22:52:32,2,10,610,3,0,-999
13/10/2022 22:52:48,2,10,610,3,0,-999
13/10/2022 22:53:04,2,10,610,3,0,-999
13/10/2022 22:53:20,2,10,610,3,0,-999
13/10/2022 22:53:36,2,10,610,3,0,-999
13/10/2022 22:53:52,2,670,610,3,1,550
13/10/2022 22:54:08,2,670,610,3,1,550
13/10/2022 22:54:24,2,670,610,3,1,530
13/10/2022 22:54:40,2,670,610,3,1,530
13/10/2022 22:54:56,2,670,610,3,1,530
13/10/2022 22:55:12,2,100,610,3,0,-999
13/10/2022 22:55:28,2,100,610,3,0,-999
13/10/2022 22:55:44,2,660,610,3,1,600
13/10/2022 22:56:00,2,660,610,3,1,600
13/10/2022 22:56:16,2,650,610,3,1,550
13/10/2022 22:56:32,2,650,610,3,1,550
13/10/2022 22:56:48,2,650,610,3,1,550
13/10/2022 22:57:04,2,650,610,3,1,550
13/10/2022 22:57:20,2,650,610,3,1,550
13/10/2022 22:57:36,2,650,610,3,1,550
13/10/2022 22:57:52,2,650,610,3,1,550
13/10/2022 22:58:08,2,650,610,3,1,520
13/10/2022 22:58:24,2,650,610,3,1,520
13/10/2022 22:58:40,2,650,610,3,1,560
13/10/2022 22:58:56,2,650,610,3,1,560
13/10/2022 22:59:12,2,660,610,3,1,550
13/10/2022 22:59:28,2,660,610,3,1,550
13/10/2022 22:59:44,2,670,610,3,1,550
13/10/2022 23:00:00,2,670,650,3,1,570
13/10/2022 23:00:16,2,670,650,3,1,570
13/10/2022 23:00:32,2,670,650,3,1,560
13/10/2022 23:00:48,2,670,650,3,1,560
13/10/2022 23:01:04,2,670,650,3,1,540
13/10/2022 23:01:20,2,660,650,3,1,540
13/10/2022 23:01:36,2,660,650,3,1,520
13/10/2022 23:01:52,2,660,650,3,1,520
13/10/2022 23:02:08,2,660,650,3,1,520
13/10/2022 23:02:24,2,120,650,3,0,-999
13/10/2022 23:02:40,2,120,650,3,0,-999
13/10/2022 23:02:56,2,660,650,3,1,560
13/10/2022 23:03:12,2,660,650,3,1,560
13/10/2022 23:03:28,2,660,650,3,1,560
13/10/2022 23:03:44,2,660,650,3,1,560
13/10/2022 23:04:00,2,660,650,3,1,550
13/10/2022 23:04:16,2,660,650,3,1,550
13/10/2022 23:04:32,2,660,650,3,1,550
13/10/2022 23:04:48,2,660,650,3,1,570
13/10/2022 23:05:04,2,660,650,3,1,570
13/10/2022 23:05:20,2,10,650,3,0,-999
13/10/2022 23:05:36,2,10,650,3,0,-999
13/10/2022 23:05:52,2,660,650,3,1,540
13/10/2022 23:06:08,2,660,650,3,1,540
13/10/2022 23:06:24,2,660,650,3,1,550
13/10/2022 23:06:40,2,660,650,3,1,550
13/10/2022 23:06:56,2,650,650,3,1,550
13/10/2022 23:07:12,2,650,650,3,1,570
13/10/2022 23:07:28,2,660,650,3,1,570
13/10/2022 23:07:44,2,660,650,3,1,560
13/10/2022 23:08:00,2,660,650,3,1,560
13/10/2022 23:08:16,2,50,650,3,0,-999
13/10/2022 23:08:32,2,60,650,3,0,-999
13/10/2022 23:08:48,2,130,650,3,0,-999
13/10/2022 23:09:04,2,130,650,3,0,-999
13/10/2022 23:09:20,2,130,650,3,0,-999
13/10/2022 23:09:36,2,660,650,3,1,580
13/10/2022 23:09:52,2,660,650,3,1,580
13/10/2022 23:10:08,2,100,650,3,0,-999
13/10/2022 23:10:24,2,100,650,3,0,-999
13/10/2022 23:10:40,2,70,650,3,0,-999
13/10/2022 23:10:56,2,70,650,3,0,-999
13/10/2022 23:11:12,2,10,650,3,0,-999
13/10/2022 23:11:28,2,10,650,3,0,-999
13/10/2022 23:11:44,2,10,650,3,0,-999
13/10/2022 23:12:00,2,670,650,3,1,540
13/10/2022 23:12:16,2,670,650,3,1,540
13/10/2022 23:12:32,2,130,650,3,1,10230
13/10/2022 23:12:48,2,130,650,3,1,10230
13/10/2022 23:13:04,2,130,650,3,2,10040
13/10/2022 23:13:20,2,130,650,3,2,10040
13/10/2022 23:13:36,2,660,650,3,2,560
13/10/2022 23:13:52,2,650,650,3,2,560
13/10/2022 23:14:08,2,650,650,3,2,560
13/10/2022 23:14:24,2,110,650,3,2,10320
13/10/2022 23:14:40,2,110,650,3,2,10320
13/10/2022 23:14:56,2,140,650,3,2,4280
13/10/2022 23:15:12,2,140,650,3,2,4280
13/10/2022 23:15:28,2,120,650,3,3,9480
13/10/2022 23:15:44,2,120,650,3,3,9480
13/10/2022 23:16:00,2,660,650,3,3,560
13/10/2022 23:16:16,2,660,650,3,3,560
13/10/2022 23:16:32,2,660,650,3,3,560
13/10/2022 23:16:48,2,660,650,3,3,560
13/10/2022 23:17:04,2,650,650,3,3,560
13/10/2022 23:17:20,2,650,650,3,2,550
13/10/2022 23:17:36,2,660,650,3,2,550
13/10/2022 23:17:52,2,160,650,3,1,9790
13/10/2022 23:18:08,2,160,650,3,1,9790
13/10/2022 23:18:24,2,660,650,3,3,580
13/10/2022 23:18:40,2,660,650,3,3,580
13/10/2022 23:18:56,2,660,650,3,3,580
13/10/2022 23:19:12,2,150,650,3,2,9750
13/10/2022 23:19:28,2,150,650,3,2,9750
13/10/2022 23:19:44,2,100,650,3,1,9710
13/10/2022 23:20:00,2,100,650,3,1,9710
13/10/2022 23:20:16,2,100,650,3,1,9670
13/10/2022 23:20:32,2,100,650,3,1,9670
13/10/2022 23:20:48,2,90,650,3,2,9480
13/10/2022 23:21:04,2,90,650,3,2,9480
13/10/2022 23:21:20,2,90,650,3,2,9480
13/10/2022 23:21:36,2,110,650,3,2,9290
13/10/2022 23:21:52,2,110,650,3,2,9290
13/10/2022 23:22:08,2,670,650,3,2,550
13/10/2022 23:22:24,2,670,650,3,2,550
13/10/2022 23:22:40,2,670,650,3,2,530
13/10/2022 23:22:56,2,670,650,3,2,530
13/10/2022 23:23:12,2,670,650,3,2,600
13/10/2022 23:23:28,2,670,650,3,2,600
13/10/2022 23:23:44,2,670,650,3,2,600
13/10/2022 23:24:00,2,120,650,3,1,8010
13/10/2022 23:24:16,2,120,650,3,1,8010
13/10/2022 23:24:32,2,670,650,3,2,560
13/10/2022 23:24:48,2,670,650,3,2,560
13/10/2022 23:25:04,2,680,650,3,2,640
13/10/2022 23:25:20,2,680,650,3,2,640
13/10/2022 23:25:36,2,690,650,3,1,610
13/10/2022 23:25:52,2,690,650,3,1,610
13/10/2022 23:26:08,2,720,650,3,1,610
13/10/2022 23:26:24,2,720,650,3,2,600
13/10/2022 23:26:40,2,720,650,3,2,600
13/10/2022 23:26:56,2,720,650,3,1,590
13/10/2022 23:27:12,2,720,650,3,1,590
13/10/2022 23:27:28,2,720,650,3,1,590
13/10/2022 23:27:44,2,720,650,3,1,590
13/10/2022 23:28:00,2,720,650,3,1,590
13/10/2022 23:28:16,2,720,650,3,1,590
13/10/2022 23:28:32,2,720,650,3,1,590
13/10/2022 23:28:48,2,720,650,3,1,590
13/10/2022 23:29:04,2,720,650,3,1,590
13/10/2022 23:29:20,2,720,650,3,1,600
13/10/2022 23:29:36,2,720,650,3,1,600
13/10/2022 23:29:52,2,720,650,3,1,610
13/10/2022 23:30:08,2,720,650,3,1,610
13/10/2022 23:30:24,2,720,650,3,1,590
13/10/2022 23:30:40,2,720,650,3,1,590
13/10/2022 23:30:56,2,720,650,3,1,590
13/10/2022 23:31:12,2,720,650,3,1,620
13/10/2022 23:31:28,2,720,650,3,1,620
13/10/2022 23:31:44,2,240,650,3,3,10090
13/10/2022 23:32:00,2,240,650,3,3,10090
13/10/2022 23:32:16,2,720,650,3,2,640
13/10/2022 23:32:32,2,730,650,3,2,640
13/10/2022 23:32:48,2,730,650,3,1,590
13/10/2022 23:33:04,2,730,650,3,1,590
13/10/2022 23:33:20,2,720,650,3,1,590
13/10/2022 23:33:36,2,720,650,3,1,600
13/10/2022 23:33:52,2,720,650,3,1,600
13/10/2022 23:34:08,2,720,650,3,1,610
13/10/2022 23:34:24,2,720,650,3,1,610
13/10/2022 23:34:40,2,720,650,3,1,610
13/10/2022 23:34:56,2,720,650,3,1,610
13/10/2022 23:35:12,2,720,650,3,1,610
13/10/2022 23:35:28,2,720,650,3,1,610
13/10/2022 23:35:44,2,720,650,3,1,610
13/10/2022 23:36:00,2,720,650,3,1,630
13/10/2022 23:36:16,2,720,650,3,1,630
13/10/2022 23:36:32,2,720,650,3,1,610
13/10/2022 23:36:48,2,720,650,3,1,610
13/10/2022 23:37:04,2,720,650,3,1,610
13/10/2022 23:37:20,2,720,650,3,1,610
13/10/2022 23:37:36,2,720,650,3,1,620
13/10/2022 23:37:52,2,720,650,3,1,620
13/10/2022 23:38:08,2,720,650,3,1,620
13/10/2022 23:38:24,2,730,650,3,1,600
13/10/2022 23:38:40,2,730,650,3,1,600
13/10/2022 23:38:56,2,740,650,3,1,630
13/10/2022 23:39:12,2,740,650,3,1,630
13/10/2022 23:39:28,2,740,650,3,1,590
13/10/2022 23:39:44,2,740,650,3,1,590
13/10/2022 23:40:00,2,740,650,3,1,580
13/10/2022 23:40:16,2,730,650,3,1,580
13/10/2022 23:40:32,2,730,650,3,1,580
13/10/2022 23:40:48,2,70,650,3,2,10020
13/10/2022 23:41:04,2,70,650,3,2,10020
13/10/2022 23:41:20,2,730,650,3,2,590
13/10/2022 23:41:36,2,730,650,3,2,590
13/10/2022 23:41:52,2,730,650,3,1,550
13/10/2022 23:42:08,2,730,650,3,1,550
13/10/2022 23:42:24,2,720,650,3,1,570
13/10/2022 23:42:40,2,720,650,3,1,570
13/10/2022 23:42:56,2,720,650,3,1,570
13/10/2022 23:43:12,2,720,650,3,2,600
13/10/2022 23:43:28,2,720,650,3,2,600
13/10/2022 23:43:44,2,720,650,3,1,590
13/10/2022 23:44:00,2,720,650,3,1,590
13/10/2022 23:44:16,2,700,650,3,1,590
13/10/2022 23:44:32,2,700,650,3,1,590
13/10/2022 23:44:48,2,700,650,3,2,590
13/10/2022 23:45:04,2,700,650,3,2,590
13/10/2022 23:45:20,2,700,650,3,2,590
13/10/2022 23:45:36,2,700,650,3,2,640
13/10/2022 23:45:52,2,700,650,3,2,640
13/10/2022 23:46:08,2,700,650,3,2,600
13/10/2022 23:46:24,2,710,650,3,2,600
13/10/2022 23:46:40,2,710,650,3,2,590
13/10/2022 23:46:56,2,720,650,3,2,590
13/10/2022 23:47:12,2,720,650,3,2,650
13/10/2022 23:47:28,2,720,650,3,2,650
13/10/2022 23:47:44,2,720,650,3,2,650
13/10/2022 23:48:00,2,720,650,3,3,630
13/10/2022 23:48:16,2,720,650,3,3,630
13/10/2022 23:48:32,2,720,650,3,1,610
13/10/2022 23:48:48,2,720,650,3,1,610
13/10/2022 23:49:04,2,720,650,3,2,630
13/10/2022 23:49:20,2,720,650,3,2,630
13/10/2022 23:49:36,2,720,650,3,2,600
13/10/2022 23:49:52,2,720,650,3,2,600
13/10/2022 23:50:08,2,720,650,3,2,600
13/10/2022 23:50:24,2,720,650,3,2,630
13/10/2022 23:50:40,2,720,650,3,2,630
13/10/2022 23:50:56,2,720,650,3,3,610
13/10/2022 23:51:12,2,720,650,3,3,610
13/10/2022 23:51:28,2,210,650,3,1,10130
13/10/2022 23:51:44,2,210,650,3,1,10130
13/10/2022 23:52:00,2,720,650,3,2,610
13/10/2022 23:52:16,2,720,650,3,2,610
13/10/2022 23:52:32,2,720,650,3,2,610
13/10/2022 23:52:48,2,720,650,3,3,620
13/10/2022 23:53:04,2,720,650,3,3,620
13/10/2022 23:53:20,2,720,650,3,2,620
13/10/2022 23:53:36,2,720,650,3,2,620
13/10/2022 23:53:52,2,720,650,3,3,580
13/10/2022 23:54:08,2,720,650,3,3,580
13/10/2022 23:54:24,2,720,650,3,2,580
13/10/2022 23:54:40,2,720,650,3,2,580
13/10/2022 23:54:56,2,720,650,3,2,580
13/10/2022 23:55:12,2,720,650,3,2,660
13/10/2022 23:55:28,2,720,650,3,2,660
13/10/2022 23:55:44,2,720,650,3,1,630
13/10/2022 23:56:00,2,720,650,3,1,630
13/10/2022 23:56:16,2,720,650,3,1,610
13/10/2022 23:56:32,2,720,650,3,1,610
13/10/2022 23:56:48,2,720,650,3,2,660
13/10/2022 23:57:04,2,730,650,3,2,660
13/10/2022 23:57:20,2,730,650,3,2,660
13/10/2022 23:57:36,2,740,650,3,1,640
13/10/2022 23:57:52,2,740,650,3,1,640
13/10/2022 23:58:08,2,740,650,3,2,620
13/10/2022 23:58:24,2,740,650,3,2,620
13/10/2022 23:58:40,2,740,650,3,1,600
13/10/2022 23:58:56,2,740,650,3,1,600
13/10/2022 23:59:12,2,740,650,3,3,600
13/10/2022 23:59:28,2,740,650,3,3,600
13/10/2022 23:59:44,2,740,650,3,3,600
14/10/2022 00:00:00,2,730,720,3,3,610
14/10/2022 00:00:16,2,730,720,3,3,610
14/10/2022 00:00:32,2,720,720,3,3,640
14/10/2022 00:00:48,2,720,720,3,3,640
14/10/2022 00:01:04,2,720,720,3,2,630
14/10/2022 00:01:20,2,720,720,3,2,630
14/10/2022 00:01:36,2,720,720,3,2,630
14/10/2022 00:01:52,2,720,720,3,2,630
14/10/2022 00:02:08,2,720,720,3,2,630
14/10/2022 00:02:24,2,720,720,3,2,640
14/10/2022 00:02:40,2,720,720,3,2,640
14/10/2022 00:02:56,2,720,720,3,2,630
14/10/2022 00:03:12,2,720,720,3,2,630
14/10/2022 00:03:28,2,720,720,3,1,660
14/10/2022 00:03:44,2,720,720,3,1,660
14/10/2022 00:04:00,2,720,720,3,1,640
14/10/2022 00:04:16,2,730,720,3,1,640
14/10/2022 00:04:32,2,730,720,3,1,640
14/10/2022 00:04:48,2,740,720,3,1,630
14/10/2022 00:05:04,2,740,720,3,1,630
14/10/2022 00:05:20,2,740,720,3,1,620
14/10/2022 00:05:36,2,740,720,3,1,620
14/10/2022 00:05:52,2,740,720,3,3,650
14/10/2022 00:06:08,2,740,720,3,3,650
14/10/2022 00:06:24,2,740,720,3,2,600
14/10/2022 00:06:40,2,740,720,3,2,600
14/10/2022 00:06:56,2,740,720,3,2,600
14/10/2022 00:07:12,2,740,720,3,2,640
14/10/2022 00:07:28,2,740,720,3,2,640
14/10/2022 00:07:44,2,740,720,3,2,650
14/10/2022 00:08:00,2,740,720,3,2,650
14/10/2022 00:08:16,2,740,720,3,2,640
14/10/2022 00:08:32,2,740,720,3,2,640
14/10/2022 00:08:48,2,740,720,3,2,630
14/10/2022 00:09:04,2,740,720,3,2,630
14/10/2022 00:09:20,2,730,720,3,2,630
14/10/2022 00:09:36,2,730,720,3,2,640
14/10/2022 00:09:52,2,730,720,3,2,640
14/10/2022 00:10:08,2,730,720,3,1,640
14/10/2022 00:10:24,2,730,720,3,1,640
14/10/2022 00:10:40,2,730,720,3,2,640
14/10/2022 00:10:56,2,730,720,3,2,640
14/10/2022 00:11:12,2,730,720,3,2,620
14/10/2022 00:11:28,2,730,720,3,2,620
14/10/2022 00:11:44,2,730,720,3,2,620
14/10/2022 00:12:00,2,730,720,3,1,640
14/10/2022 00:12:16,2,730,720,3,1,640
14/10/2022 00:12:32,2,720,720,3,3,630
14/10/2022 00:12:48,2,720,720,3,3,630
14/10/2022 00:13:04,2,720,720,3,3,590
14/10/2022 00:13:20,2,720,720,3,3,590
14/10/2022 00:13:36,2,140,720,3,3,8970
14/10/2022 00:13:52,2,140,720,3,3,8970
14/10/2022 00:14:08,2,140,720,3,3,8970
14/10/2022 00:14:24,2,720,720,3,3,640
14/10/2022 00:14:40,2,720,720,3,3,640
14/10/2022 00:14:56,2,720,720,3,3,610
14/10/2022 00:15:12,2,720,720,3,3,610
14/10/2022 00:15:28,2,720,720,3,3,620
14/10/2022 00:15:44,2,720,720,3,3,620
14/10/2022 00:16:00,2,720,720,3,2,660
14/10/2022 00:16:16,2,720,720,3,2,660
14/10/2022 00:16:32,2,720,720,3,2,660
14/10/2022 00:16:48,2,720,720,3,2,590
14/10/2022 00:17:04,2,720,720,3,2,590
14/10/2022 00:17:20,2,720,720,3,2,610
14/10/2022 00:17:36,2,720,720,3,2,610
14/10/2022 00:17:52,2,130,720,3,2,9020
14/10/2022 00:18:08,2,130,720,3,2,9020
14/10/2022 00:18:24,2,150,720,3,1,9000
14/10/2022 00:18:40,2,150,720,3,1,9000
14/10/2022 00:18:56,2,150,720,3,1,9000
14/10/2022 00:19:12,2,100,720,3,1,8970
14/10/2022 00:19:28,2,100,720,3,1,8970
14/10/2022 00:19:44,2,710,720,3,3,640
14/10/2022 00:20:00,2,710,720,3,3,640
14/10/2022 00:20:16,2,710,720,3,3,610
14/10/2022 00:20:32,2,710,720,3,3,610
14/10/2022 00:20:48,2,710,720,3,2,640
14/10/2022 00:21:04,2,710,720,3,2,640
14/10/2022 00:21:20,2,710,720,3,2,640
14/10/2022 00:21:36,2,710,720,3,2,620
14/10/2022 00:21:52,2,710,720,3,2,620
14/10/2022 00:22:08,2,710,720,3,2,630
14/10/2022 00:22:24,2,710,720,3,2,630
14/10/2022 00:22:40,2,710,720,3,2,620
14/10/2022 00:22:56,2,710,720,3,2,620
14/10/2022 00:23:12,2,710,720,3,2,630
14/10/2022 00:23:28,2,710,720,3,2,630
14/10/2022 00:23:44,2,710,720,3,2,630
14/10/2022 00:24:00,2,720,720,3,1,620
14/10/2022 00:24:16,2,720,720,3,1,620
14/10/2022 00:24:32,2,720,720,3,2,610
14/10/2022 00:24:48,2,720,720,3,2,610
14/10/2022 00:25:04,2,720,720,3,2,620
14/10/2022 00:25:20,2,720,720,3,2,620
14/10/2022 00:25:36,2,720,720,3,2,630
14/10/2022 00:25:52,2,720,720,3,2,630
14/10/2022 00:26:08,2,720,720,3,2,630
14/10/2022 00:26:24,2,720,720,3,3,620
14/10/2022 00:26:40,2,720,720,3,3,620
14/10/2022 00:26:56,2,720,720,3,3,620
14/10/2022 00:27:12,2,720,720,3,3,620
14/10/2022 00:27:28,2,310,720,3,2,8570
14/10/2022 00:27:44,2,310,720,3,2,8570
14/10/2022 00:28:00,2,720,720,3,3,620
14/10/2022 00:28:16,2,710,720,3,3,620
14/10/2022 00:28:32,2,710,720,3,3,620
14/10/2022 00:28:48,2,210,720,3,3,8810
14/10/2022 00:29:04,2,210,720,3,3,8810
14/10/2022 00:29:20,2,190,720,3,2,8800
14/10/2022 00:29:36,2,190,720,3,2,8800
14/10/2022 00:29:52,2,720,720,3,3,630
14/10/2022 00:30:08,2,720,720,3,3,630
14/10/2022 00:30:24,2,190,720,3,1,10900
14/10/2022 00:30:40,2,190,720,3,1,10900
14/10/2022 00:30:56,2,190,720,3,1,10900
14/10/2022 00:31:12,2,230,720,3,1,10840
14/10/2022 00:31:28,2,230,720,3,1,10840
14/10/2022 00:31:44,2,180,720,3,1,10760
14/10/2022 00:32:00,2,180,720,3,1,10760
14/10/2022 00:32:16,2,140,720,3,2,10760
14/10/2022 00:32:32,2,140,720,3,2,10760
14/10/2022 00:32:48,2,160,720,3,1,10840
14/10/2022 00:33:04,2,160,720,3,1,10840
14/10/2022 00:33:20,2,160,720,3,1,10840
14/10/2022 00:33:36,2,170,720,3,1,10720
14/10/2022 00:33:52,2,170,720,3,1,10720
14/10/2022 00:34:08,2,720,720,3,3,630
14/10/2022 00:34:24,2,710,720,3,3,630
14/10/2022 00:34:40,2,710,720,3,3,600
14/10/2022 00:34:56,2,710,720,3,3,600
14/10/2022 00:35:12,2,700,720,3,2,610
14/10/2022 00:35:28,2,700,720,3,2,610
14/10/2022 00:35:44,2,700,720,3,2,610
14/10/2022 00:36:00,2,100,720,3,1,10780
14/10/2022 00:36:16,2,100,720,3,1,10780
14/10/2022 00:36:32,2,90,720,3,1,10770
14/10/2022 00:36:48,2,90,720,3,1,10770
14/10/2022 00:37:04,2,110,720,3,2,10620
14/10/2022 00:37:20,2,110,720,3,2,10620
14/10/2022 00:37:36,2,90,720,3,2,10520
14/10/2022 00:37:52,2,90,720,3,2,10520
14/10/2022 00:38:08,2,90,720,3,2,10520
14/10/2022 00:38:24,2,100,720,3,1,10680
14/10/2022 00:38:40,2,160,720,3,1,10680
14/10/2022 00:38:56,2,150,720,3,1,10680
14/10/2022 00:39:12,2,150,720,3,1,10680
14/10/2022 00:39:28,2,150,720,3,1,10570
14/10/2022 00:39:44,2,150,720,3,1,10570
14/10/2022 00:40:00,2,140,720,3,1,10570
14/10/2022 00:40:16,2,140,720,3,1,10570
14/10/2022 00:40:32,2,140,720,3,1,10570
14/10/2022 00:40:48,2,140,720,3,2,10420
14/10/2022 00:41:04,2,140,720,3,2,10420
14/10/2022 00:41:20,2,140,720,3,1,10680
14/10/2022 00:41:36,2,150,720,3,1,10680
14/10/2022 00:41:52,2,150,720,3,2,10570
14/10/2022 00:42:08,2,140,720,3,2,10570
14/10/2022 00:42:24,2,140,720,3,1,10590
14/10/2022 00:42:40,2,140,720,3,1,10590
14/10/2022 00:42:56,2,140,720,3,1,10590
14/10/2022 00:43:12,2,140,720,3,2,10430
14/10/2022 00:43:28,2,140,720,3,2,10430
14/10/2022 00:43:44,2,130,720,3,2,10210
14/10/2022 00:44:00,2,130,720,3,2,10210
14/10/2022 00:44:16,2,130,720,3,2,10180
14/10/2022 00:44:32,2,130,720,3,2,10180
14/10/2022 00:44:48,2,130,720,3,2,10300
14/10/2022 00:45:04,2,120,720,3,2,10300
14/10/2022 00:45:20,2,120,720,3,2,10300
14/10/2022 00:45:36,2,120,720,3,3,9830
14/10/2022 00:45:52,2,120,720,3,3,9830
14/10/2022 00:46:08,2,120,720,3,1,9730
14/10/2022 00:46:24,2,110,720,3,1,9730
14/10/2022 00:46:40,2,110,720,3,2,9850
14/10/2022 00:46:56,2,110,720,3,2,9850
14/10/2022 00:47:12,2,680,720,3,3,3330
14/10/2022 00:47:28,2,680,720,3,3,3330
14/10/2022 00:47:44,2,680,720,3,3,3330
14/10/2022 00:48:00,2,680,720,3,1,3330
14/10/2022 00:48:16,2,680,720,3,1,3330
14/10/2022 00:48:32,2,100,720,3,2,9800
14/10/2022 00:48:48,2,90,720,3,2,9800
14/10/2022 00:49:04,2,90,720,3,2,9760
14/10/2022 00:49:20,2,90,720,3,2,9760
14/10/2022 00:49:36,2,90,720,3,1,9610
14/10/2022 00:49:52,2,90,720,3,1,9610
14/10/2022 00:50:08,2,90,720,3,1,9610
14/10/2022 00:50:24,2,90,720,3,2,9610
14/10/2022 00:50:40,2,90,720,3,2,9610
14/10/2022 00:50:56,2,90,720,3,2,9610
14/10/2022 00:51:12,2,90,720,3,2,9610
14/10/2022 00:51:28,2,90,720,3,2,9680
14/10/2022 00:51:44,2,90,720,3,2,9680
14/10/2022 00:52:00,2,10,720,3,2,9680
14/10/2022 00:52:16,2,10,720,3,2,9680
14/10/2022 00:52:32,2,10,720,3,2,9680
14/10/2022 00:52:48,2,660,720,3,1,10070
14/10/2022 00:53:04,2,680,720,3,1,10070
14/10/2022 00:53:20,2,670,720,3,1,10020
14/10/2022 00:53:36,2,670,720,3,1,10020
14/10/2022 00:53:52,2,670,720,3,2,9890
14/10/2022 00:54:08,2,670,720,3,2,9890
14/10/2022 00:54:24,2,670,720,3,1,9830
14/10/2022 00:54:40,2,670,720,3,1,9830
14/10/2022 00:54:56,2,670,720,3,1,9830
14/10/2022 00:55:12,2,660,720,3,2,9830
14/10/2022 00:55:28,2,660,720,3,2,9830
14/10/2022 00:55:44,2,660,720,3,3,9720
14/10/2022 00:56:00,2,660,720,3,3,9720
14/10/2022 00:56:16,2,650,720,3,3,9720
14/10/2022 00:56:32,2,650,720,3,3,9720
14/10/2022 00:56:48,2,650,720,3,2,10400
14/10/2022 00:57:04,2,650,720,3,2,10400
14/10/2022 00:57:20,2,650,720,3,2,10400
14/10/2022 00:57:36,2,650,720,3,2,9620
14/10/2022 00:57:52,2,650,720,3,2,9620
14/10/2022 00:58:08,2,650,720,3,3,9570
14/10/2022 00:58:24,2,650,720,3,3,9570
14/10/2022 00:58:40,2,650,720,3,2,9770
14/10/2022 00:58:56,2,650,720,3,2,9770
14/10/2022 00:59:12,2,650,720,3,2,10390
14/10/2022 00:59:28,2,650,720,3,2,10390
14/10/2022 00:59:44,2,650,720,3,2,10390
14/10/2022 01:00:00,2,650,720,3,1,10430
14/10/2022 01:00:16,2,650,720,3,1,10430
14/10/2022 01:00:32,2,650,720,3,2,10290
14/10/2022 01:00:48,2,650,720,3,2,10290
14/10/2022 01:01:04,2,650,720,3,2,10210
14/10/2022 01:01:20,2,650,720,3,2,10210
14/10/2022 01:01:36,2,650,720,3,2,4800
14/10/2022 01:01:52,2,650,720,3,2,4800
14/10/2022 01:02:08,2,640,720,3,2,4800
14/10/2022 01:02:24,2,640,720,3,3,4790
14/10/2022 01:02:40,2,640,720,3,3,4790
14/10/2022 01:02:56,2,640,720,3,3,9960
14/10/2022 01:03:12,2,640,720,3,3,9960
14/10/2022 01:03:28,2,640,720,3,2,4820
14/10/2022 01:03:44,2,640,720,3,2,4820
14/10/2022 01:04:00,2,640,720,3,1,4810
14/10/2022 01:04:16,2,640,720,3,1,4810
14/10/2022 01:04:32,2,640,720,3,1,4810
14/10/2022 01:04:48,2,640,720,3,1,4790
14/10/2022 01:05:04,2,640,720,3,1,4790
14/10/2022 01:05:20,2,640,720,3,1,4790
14/10/2022 01:05:36,2,640,720,3,1,4790
14/10/2022 01:05:52,2,640,720,3,1,4760
14/10/2022 01:06:08,2,640,720,3,1,4760
14/10/2022 01:06:24,2,640,720,3,2,4760
14/10/2022 01:06:40,2,640,720,3,2,4760
14/10/2022 01:06:56,2,640,720,3,2,4760
14/10/2022 01:07:12,2,640,720,3,2,4760
14/10/2022 01:07:28,2,640,720,3,2,4760
14/10/2022 01:07:44,2,640,720,3,1,4790
14/10/2022 01:08:00,2,640,720,3,1,4790
14/10/2022 01:08:16,2,640,720,3,1,4800
14/10/2022 01:08:32,2,640,720,3,1,4800
14/10/2022 01:08:48,2,640,720,3,1,4810
14/10/2022 01:09:04,2,640,720,3,1,4810
14/10/2022 01:09:20,2,630,720,3,1,4810
14/10/2022 01:09:36,2,630,720,3,1,4760
14/10/2022 01:09:52,2,630,720,3,1,4760
14/10/2022 01:10:08,2,630,720,3,1,4780
14/10/2022 01:10:24,2,630,720,3,1,4780
14/10/2022 01:10:40,2,630,720,3,1,4820
14/10/2022 01:10:56,2,630,720,3,1,4820
14/10/2022 01:11:12,2,630,720,3,1,4740
14/10/2022 01:11:28,2,630,720,3,1,4740
14/10/2022 01:11:44,2,630,720,3,1,4740
14/10/2022 01:12:00,2,630,720,3,1,4700
14/10/2022 01:12:16,2,630,720,3,1,4700
14/10/2022 01:12:32,2,630,720,3,1,4700
14/10/2022 01:12:48,2,620,720,3,1,4700
14/10/2022 01:13:04,2,620,720,3,1,4720
14/10/2022 01:13:20,2,620,720,3,1,4720
14/10/2022 01:13:36,2,620,720,3,1,4720
14/10/2022 01:13:52,2,620,720,3,1,4720
14/10/2022 01:14:08,2,620,720,3,1,4720
14/10/2022 01:14:24,2,620,720,3,1,4760
14/10/2022 01:14:40,2,620,720,3,1,4760
14/10/2022 01:14:56,2,610,720,3,1,4760
14/10/2022 01:15:12,2,610,720,3,1,4760
14/10/2022 01:15:28,2,610,720,3,1,4720
14/10/2022 01:15:44,2,610,720,3,1,4720
14/10/2022 01:16:00,2,610,720,3,1,4750
14/10/2022 01:16:16,2,610,720,3,1,4750
14/10/2022 01:16:32,2,610,720,3,1,4750
14/10/2022 01:16:48,2,610,720,3,1,4700
14/10/2022 01:17:04,2,610,720,3,1,4700
14/10/2022 01:17:20,2,610,720,3,1,4710
14/10/2022 01:17:36,2,600,720,3,1,4710
14/10/2022 01:17:52,2,600,720,3,1,4680
14/10/2022 01:18:08,2,600,720,3,1,4680
14/10/2022 01:18:24,2,600,720,3,1,4710
14/10/2022 01:18:40,2,600,720,3,1,4710
14/10/2022 01:18:56,2,600,720,3,1,4710
14/10/2022 01:19:12,2,590,720,3,1,4700
14/10/2022 01:19:28,2,590,720,3,1,4700
14/10/2022 01:19:44,2,590,720,3,1,4720
14/10/2022 01:20:00,2,590,720,3,1,4720
14/10/2022 01:20:16,2,590,720,3,1,4710
14/10/2022 01:20:32,2,590,720,3,1,4710
14/10/2022 01:20:48,2,590,720,3,1,4680
14/10/2022 01:21:04,2,590,720,3,1,4680
14/10/2022 01:21:20,2,590,720,3,1,4680
14/10/2022 01:21:36,2,590,720,3,1,4630
14/10/2022 01:21:52,2,590,720,3,1,4630
14/10/2022 01:22:08,2,590,720,3,1,4700
14/10/2022 01:22:24,2,590,720,3,1,4700
14/10/2022 01:22:40,2,590,720,3,1,4740
14/10/2022 01:22:56,2,590,720,3,1,4740
14/10/2022 01:23:12,2,590,720,3,1,4620
14/10/2022 01:23:28,2,590,720,3,1,4620
14/10/2022 01:23:44,2,590,720,3,1,4620
14/10/2022 01:24:00,2,590,720,3,1,4640
14/10/2022 01:24:16,2,590,720,3,1,4640
14/10/2022 01:24:32,2,590,720,3,1,4710
14/10/2022 01:24:48,2,590,720,3,1,4710
14/10/2022 01:25:04,2,590,720,3,1,4680
14/10/2022 01:25:20,2,590,720,3,1,4680
14/10/2022 01:25:36,2,600,720,3,1,4730
14/10/2022 01:25:52,2,600,720,3,1,4730
14/10/2022 01:26:08,2,600,720,3,1,4730
14/10/2022 01:26:24,2,600,720,3,1,4700
14/10/2022 01:26:40,2,600,720,3,1,4700
14/10/2022 01:26:56,2,600,720,3,1,4720
14/10/2022 01:27:12,2,600,720,3,1,4720
14/10/2022 01:27:28,2,600,720,3,1,4690
14/10/2022 01:27:44,2,600,720,3,1,4690
14/10/2022 01:28:00,2,600,720,3,1,4690
14/10/2022 01:28:16,2,610,720,3,1,4690
14/10/2022 01:28:32,2,610,720,3,1,4690
14/10/2022 01:28:48,2,610,720,3,1,4700
14/10/2022 01:29:04,2,610,720,3,1,4700
14/10/2022 01:29:20,2,610,720,3,1,4700
14/10/2022 01:29:36,2,620,720,3,1,4700
14/10/2022 01:29:52,2,620,720,3,1,4780
14/10/2022 01:30:08,2,620,720,3,1,4780
14/10/2022 01:30:24,2,620,720,3,1,4740
14/10/2022 01:30:40,2,620,720,3,1,4740
14/10/2022 01:30:56,2,620,720,3,1,4740
14/10/2022 01:31:12,2,620,720,3,1,4770
14/10/2022 01:31:28,2,620,720,3,1,4770
14/10/2022 01:31:44,2,630,720,3,1,4740
14/10/2022 01:32:00,2,630,720,3,1,4740
14/10/2022 01:32:16,2,630,720,3,1,4750
14/10/2022 01:32:32,2,630,720,3,1,4750
14/10/2022 01:32:48,2,630,720,3,1,4770
14/10/2022 01:33:04,2,630,720,3,1,4770
14/10/2022 01:33:20,2,630,720,3,1,4770
14/10/2022 01:33:36,2,630,720,3,1,4790
14/10/2022 01:33:52,2,630,720,3,1,4790
14/10/2022 01:34:08,2,630,720,3,1,4830
14/10/2022 01:34:24,2,630,720,3,1,4830
14/10/2022 01:34:40,2,630,720,3,1,4850
14/10/2022 01:34:56,2,630,720,3,1,4850
14/10/2022 01:35:12,2,630,720,3,1,4810
14/10/2022 01:35:28,2,630,720,3,1,4810
14/10/2022 01:35:44,2,630,720,3,1,4810
14/10/2022 01:36:00,2,630,720,3,1,4820
14/10/2022 01:36:16,2,630,720,3,1,4820
14/10/2022 01:36:32,2,630,720,3,1,4860
14/10/2022 01:36:48,2,630,720,3,1,4860
14/10/2022 01:37:04,2,630,720,3,1,4850
14/10/2022 01:37:20,2,630,720,3,1,4850
14/10/2022 01:37:36,2,630,720,3,1,4840
14/10/2022 01:37:52,2,630,720,3,1,4840
14/10/2022 01:38:08,2,620,720,3,1,4840
14/10/2022 01:38:24,2,630,720,3,1,4840
14/10/2022 01:38:40,2,630,720,3,1,4840
14/10/2022 01:38:56,2,630,720,3,1,4830
14/10/2022 01:39:12,2,630,720,3,1,4830
14/10/2022 01:39:28,2,630,720,3,1,4840
14/10/2022 01:39:44,2,630,720,3,1,4840
14/10/2022 01:40:00,2,630,720,3,1,4780
14/10/2022 01:40:16,2,630,720,3,1,4780
14/10/2022 01:40:32,2,630,720,3,1,4780
14/10/2022 01:40:48,2,630,720,3,1,4790
14/10/2022 01:41:04,2,630,720,3,1,4790
14/10/2022 01:41:20,2,630,720,3,1,4740
14/10/2022 01:41:36,2,630,720,3,1,4740
14/10/2022 01:41:52,2,630,720,3,1,4770
14/10/2022 01:42:08,2,630,720,3,1,4770
14/10/2022 01:42:24,2,620,720,3,1,4820
14/10/2022 01:42:40,2,620,720,3,1,4820
14/10/2022 01:42:56,2,620,720,3,1,4820
14/10/2022 01:43:12,2,620,720,3,1,4790
14/10/2022 01:43:28,2,620,720,3,1,4790
14/10/2022 01:43:44,2,620,720,3,1,4740
14/10/2022 01:44:00,2,620,720,3,1,4740
14/10/2022 01:44:16,2,620,720,3,1,4730
14/10/2022 01:44:32,2,620,720,3,1,4730
14/10/2022 01:44:48,2,620,720,3,1,4800
14/10/2022 01:45:04,2,620,720,3,1,4800
14/10/2022 01:45:20,2,620,720,3,1,4800
14/10/2022 01:45:36,2,610,720,3,1,4700
14/10/2022 01:45:52,2,610,720,3,1,4700
14/10/2022 01:46:08,2,610,720,3,1,4760
14/10/2022 01:46:24,2,610,720,3,1,4760
14/10/2022 01:46:40,2,610,720,3,1,4850
14/10/2022 01:46:56,2,610,720,3,1,4850
14/10/2022 01:47:12,2,610,720,3,1,4840
14/10/2022 01:47:28,2,610,720,3,1,4840
14/10/2022 01:47:44,2,610,720,3,1,4840
14/10/2022 01:48:00,2,610,720,3,2,4870
14/10/2022 01:48:16,2,610,720,3,2,4870
14/10/2022 01:48:32,2,610,720,3,2,6520
14/10/2022 01:48:48,2,610,720,3,2,6520
14/10/2022 01:49:04,2,610,720,3,2,6410
14/10/2022 01:49:20,2,610,720,3,2,6410
14/10/2022 01:49:36,2,610,720,3,2,4790
14/10/2022 01:49:52,2,610,720,3,2,4790
14/10/2022 01:50:08,2,610,720,3,2,4790
14/10/2022 01:50:24,2,610,720,3,1,4790
14/10/2022 01:50:40,2,610,720,3,1,4790
14/10/2022 01:50:56,2,610,720,3,1,4800
14/10/2022 01:51:12,2,610,720,3,1,4800
14/10/2022 01:51:28,2,610,720,3,1,4800
14/10/2022 01:51:44,2,610,720,3,1,4800
14/10/2022 01:52:00,2,610,720,3,2,4820
14/10/2022 01:52:16,2,620,720,3,2,4820
14/10/2022 01:52:32,2,620,720,3,2,4820
14/10/2022 01:52:48,2,620,720,3,2,4850
14/10/2022 01:53:04,2,620,720,3,2,4850
14/10/2022 01:53:20,2,620,720,3,1,4810
14/10/2022 01:53:36,2,620,720,3,1,4810
14/10/2022 01:53:52,2,620,720,3,1,4800
14/10/2022 01:54:08,2,620,720,3,1,4800
14/10/2022 01:54:24,2,620,720,3,1,4800
14/10/2022 01:54:40,2,620,720,3,1,4800
14/10/2022 01:54:56,2,620,720,3,1,4800
14/10/2022 01:55:12,2,620,720,3,1,4880
14/10/2022 01:55:28,2,620,720,3,1,4880
14/10/2022 01:55:44,2,620,720,3,1,4960
14/10/2022 01:56:00,2,620,720,3,1,4960
14/10/2022 01:56:16,2,620,720,3,1,4930
14/10/2022 01:56:32,2,620,720,3,1,4930
14/10/2022 01:56:48,2,620,720,3,1,4760
14/10/2022 01:57:04,2,620,720,3,1,4760
14/10/2022 01:57:20,2,620,720,3,1,4760
14/10/2022 01:57:36,2,610,720,3,1,4710
14/10/2022 01:57:52,2,610,720,3,1,4710
14/10/2022 01:58:08,2,610,720,3,1,4700
14/10/2022 01:58:24,2,610,720,3,1,4700
14/10/2022 01:58:40,2,610,720,3,1,4730
14/10/2022 01:58:56,2,610,720,3,1,4730
14/10/2022 01:59:12,2,610,720,3,1,4730
14/10/2022 01:59:28,2,610,720,3,1,4730
14/10/2022 01:59:44,2,610,720,3,1,4730
14/10/2022 02:00:00,3,610,620,3,1,4750
14/10/2022 02:00:16,3,610,620,3,1,4750
14/10/2022 02:00:32,3,610,620,3,1,4880
14/10/2022 02:00:48,3,610,620,3,1,4880
14/10/2022 02:01:04,3,610,620,3,1,4890
14/10/2022 02:01:20,3,610,620,3,1,4890
14/10/2022 02:01:36,3,610,620,3,3,4920
14/10/2022 02:01:52,3,610,620,3,3,4920
14/10/2022 02:02:08,3,610,620,3,3,4920
14/10/2022 02:02:24,3,610,620,3,2,4850
14/10/2022 02:02:40,3,610,620,3,2,4850
14/10/2022 02:02:56,3,610,620,3,1,4730
14/10/2022 02:03:12,3,610,620,3,1,4730
14/10/2022 02:03:28,3,610,620,3,1,4700
14/10/2022 02:03:44,3,610,620,3,1,4700
14/10/2022 02:04:00,3,610,620,3,1,4700
14/10/2022 02:04:16,3,610,620,3,1,4700
14/10/2022 02:04:32,3,610,620,3,1,4700
14/10/2022 02:04:48,3,610,620,3,1,4670
14/10/2022 02:05:04,3,610,620,3,1,4670
14/10/2022 02:05:20,3,610,620,3,1,4620
14/10/2022 02:05:36,3,610,620,3,1,4620
14/10/2022 02:05:52,3,610,620,3,1,4700
14/10/2022 02:06:08,3,610,620,3,1,4700
14/10/2022 02:06:24,3,610,620,3,1,4670
14/10/2022 02:06:40,3,610,620,3,1,4670
14/10/2022 02:06:56,3,610,620,3,1,4670
14/10/2022 02:07:12,3,610,620,3,1,4590
14/10/2022 02:07:28,3,610,620,3,1,4590
14/10/2022 02:07:44,3,610,620,3,1,4650
14/10/2022 02:08:00,3,610,620,3,1,4650
14/10/2022 02:08:16,3,610,620,3,2,4650
14/10/2022 02:08:32,3,610,620,3,2,4650
14/10/2022 02:08:48,3,610,620,3,2,5910
14/10/2022 02:09:04,3,610,620,3,2,5910
14/10/2022 02:09:20,3,610,620,3,2,5910
14/10/2022 02:09:36,3,610,620,3,3,4720
14/10/2022 02:09:52,3,610,620,3,3,4720
14/10/2022 02:10:08,3,610,620,3,1,4700
14/10/2022 02:10:24,3,610,620,3,1,4700
14/10/2022 02:10:40,3,610,620,3,1,4690
14/10/2022 02:10:56,3,610,620,3,1,4690
14/10/2022 02:11:12,3,610,620,3,3,4660
14/10/2022 02:11:28,3,610,620,3,3,4660
14/10/2022 02:11:44,3,610,620,3,3,4660
14/10/2022 02:12:00,3,620,620,3,2,4660
14/10/2022 02:12:16,3,620,620,3,2,4660
14/10/2022 02:12:32,3,620,620,3,3,4660
14/10/2022 02:12:48,3,620,620,3,3,4660
14/10/2022 02:13:04,3,620,620,3,3,4670
14/10/2022 02:13:20,3,620,620,3,3,4670
14/10/2022 02:13:36,3,620,620,3,2,4580
14/10/2022 02:13:52,3,620,620,3,2,4580
14/10/2022 02:14:08,3,620,620,3,2,4580
14/10/2022 02:14:24,3,620,620,3,1,4520
14/10/2022 02:14:40,3,630,620,3,1,4520
14/10/2022 02:14:56,3,630,620,3,1,4480
14/10/2022 02:15:12,3,630,620,3,1,4480
14/10/2022 02:15:28,3,630,620,3,2,4480
14/10/2022 02:15:44,3,630,620,3,2,4480
14/10/2022 02:16:00,3,630,620,3,1,4590
14/10/2022 02:16:16,3,630,620,3,1,4590
14/10/2022 02:16:32,3,630,620,3,1,4590
14/10/2022 02:16:48,3,630,620,3,2,4580
14/10/2022 02:17:04,3,630,620,3,2,4580
14/10/2022 02:17:20,3,630,620,3,1,5520
14/10/2022 02:17:36,3,630,620,3,1,5520
14/10/2022 02:17:52,3,630,620,3,2,4520
14/10/2022 02:18:08,3,630,620,3,2,4520
14/10/2022 02:18:24,3,630,620,3,1,4490
14/10/2022 02:18:40,3,630,620,3,1,4490
14/10/2022 02:18:56,3,620,620,3,1,4490
14/10/2022 02:19:12,3,620,620,3,3,4530
14/10/2022 02:19:28,3,620,620,3,3,4530
14/10/2022 02:19:44,3,630,620,3,2,4490
14/10/2022 02:20:00,3,630,620,3,2,4490
14/10/2022 02:20:16,3,630,620,3,3,5600
14/10/2022 02:20:32,3,630,620,3,3,5600
14/10/2022 02:20:48,3,630,620,3,2,5600
14/10/2022 02:21:04,3,630,620,3,2,5600
14/10/2022 02:21:20,3,630,620,3,2,5600
14/10/2022 02:21:36,3,630,620,3,1,5550
14/10/2022 02:21:52,3,630,620,3,1,5550
14/10/2022 02:22:08,3,630,620,3,3,5550
14/10/2022 02:22:24,3,630,620,3,3,5550
14/10/2022 02:22:40,3,630,620,3,2,5880
14/10/2022 02:22:56,3,630,620,3,2,5880
14/10/2022 02:23:12,3,630,620,3,2,4500
14/10/2022 02:23:28,3,630,620,3,2,4500
14/10/2022 02:23:44,3,630,620,3,2,4500
14/10/2022 02:24:00,3,630,620,3,3,5210
14/10/2022 02:24:16,3,630,620,3,3,5210
14/10/2022 02:24:32,3,630,620,3,2,4440
14/10/2022 02:24:48,3,630,620,3,2,4440
14/10/2022 02:25:04,3,630,620,3,1,4440
14/10/2022 02:25:20,3,620,620,3,1,4440
14/10/2022 02:25:36,3,620,620,3,1,4430
14/10/2022 02:25:52,3,620,620,3,1,4430
14/10/2022 02:26:08,3,620,620,3,1,4430
14/10/2022 02:26:24,3,620,620,3,1,4430
14/10/2022 02:26:40,3,620,620,3,1,4430
14/10/2022 02:26:56,3,620,620,3,1,4410
14/10/2022 02:27:12,3,620,620,3,1,4410
14/10/2022 02:27:28,3,620,620,3,1,4410
14/10/2022 02:27:44,3,620,620,3,1,4410
14/10/2022 02:28:00,3,620,620,3,1,4420
14/10/2022 02:28:16,3,620,620,3,1,4420
14/10/2022 02:28:32,3,620,620,3,1,4420
14/10/2022 02:28:48,3,620,620,3,1,4410
14/10/2022 02:29:04,3,610,620,3,1,4410
14/10/2022 02:29:20,3,610,620,3,1,4420
14/10/2022 02:29:36,3,610,620,3,1,4420
14/10/2022 02:29:52,3,610,620,3,1,4430
14/10/2022 02:30:08,3,610,620,3,1,4430
14/10/2022 02:30:24,3,610,620,3,1,4440
14/10/2022 02:30:40,3,610,620,3,1,4440
14/10/2022 02:30:56,3,610,620,3,1,4440
14/10/2022 02:31:12,3,610,620,3,1,4440
14/10/2022 02:31:28,3,610,620,3,1,4440
14/10/2022 02:31:44,3,610,620,3,1,4450
14/10/2022 02:32:00,3,610,620,3,1,4450
14/10/2022 02:32:16,3,610,620,3,1,4450
14/10/2022 02:32:32,3,610,620,3,1,4450
14/10/2022 02:32:48,3,610,620,3,1,4440
14/10/2022 02:33:04,3,610,620,3,1,4440
14/10/2022 02:33:20,3,610,620,3,1,4440
14/10/2022 02:33:36,3,610,620,3,1,4440
14/10/2022 02:33:52,3,600,620,3,1,4440
14/10/2022 02:34:08,3,600,620,3,1,4440
14/10/2022 02:34:24,3,600,620,3,1,4440
14/10/2022 02:34:40,3,600,620,3,1,4430
14/10/2022 02:34:56,3,600,620,3,1,4430
14/10/2022 02:35:12,3,600,620,3,1,4420
14/10/2022 02:35:28,3,600,620,3,1,4420
14/10/2022 02:35:44,3,600,620,3,1,4420
14/10/2022 02:36:00,3,590,620,3,1,4420
14/10/2022 02:36:16,3,590,620,3,1,4420
14/10/2022 02:36:32,3,590,620,3,1,4430
14/10/2022 02:36:48,3,590,620,3,1,4430
14/10/2022 02:37:04,3,590,620,3,1,4420
14/10/2022 02:37:20,3,590,620,3,1,4420
14/10/2022 02:37:36,3,590,620,3,1,4440
14/10/2022 02:37:52,3,590,620,3,1,4440
14/10/2022 02:38:08,3,590,620,3,1,4440
14/10/2022 02:38:24,3,590,620,3,1,4440
14/10/2022 02:38:40,3,590,620,3,1,4440
14/10/2022 02:38:56,3,580,620,3,1,4430
14/10/2022 02:39:12,3,580,620,3,1,4430
14/10/2022 02:39:28,3,580,620,3,1,4410
14/10/2022 02:39:44,3,580,620,3,1,4410
14/10/2022 02:40:00,3,580,620,3,1,4430
14/10/2022 02:40:16,3,580,620,3,1,4430
14/10/2022 02:40:32,3,580,620,3,1,4430
14/10/2022 02:40:48,3,580,620,3,1,4450
14/10/2022 02:41:04,3,580,620,3,1,4450
14/10/2022 02:41:20,3,-999,620,3,1,4460
14/10/2022 02:41:36,3,-999,620,3,1,4460
14/10/2022 02:41:52,3,570,620,3,1,4320
14/10/2022 02:42:08,3,570,620,3,1,4320
14/10/2022 02:42:24,3,570,620,3,1,4350
14/10/2022 02:42:40,3,570,620,3,1,4350
14/10/2022 02:42:56,3,570,620,3,1,4350
14/10/2022 02:43:12,3,570,620,3,1,4340
14/10/2022 02:43:28,3,570,620,3,1,4340
14/10/2022 02:43:44,3,570,620,3,1,4340
14/10/2022 02:44:00,3,570,620,3,1,4340
14/10/2022 02:44:16,3,570,620,3,1,4160
14/10/2022 02:44:32,3,570,620,3,1,4160
14/10/2022 02:44:48,3,560,620,3,1,3980
14/10/2022 02:45:04,3,560,620,3,1,3980
14/10/2022 02:45:20,3,560,620,3,1,3980
14/10/2022 02:45:36,3,560,620,3,1,3890
14/10/2022 02:45:52,3,560,620,3,1,3890
14/10/2022 02:46:08,3,560,620,3,2,3660
14/10/2022 02:46:24,3,560,620,3,2,3660
14/10/2022 02:46:40,3,560,620,3,1,3660
14/10/2022 02:46:56,3,560,620,3,1,3660
14/10/2022 02:47:12,3,560,620,3,3,3240
14/10/2022 02:47:28,3,560,620,3,3,3240
14/10/2022 02:47:44,3,560,620,3,3,3240
14/10/2022 02:48:00,3,560,620,3,3,3940
14/10/2022 02:48:16,3,560,620,3,3,3940
14/10/2022 02:48:32,3,560,620,3,1,4380
14/10/2022 02:48:48,3,560,620,3,1,4380
14/10/2022 02:49:04,3,560,620,3,3,3910
14/10/2022 02:49:20,3,560,620,3,3,3910
14/10/2022 02:49:36,3,-999,620,3,1,3930
14/10/2022 02:49:52,3,-999,620,3,1,3930
14/10/2022 02:50:08,3,-999,620,3,1,3930
14/10/2022 02:50:24,3,560,620,3,2,3630
14/10/2022 02:50:40,3,560,620,3,2,3630
14/10/2022 02:50:56,3,560,620,3,1,3460
14/10/2022 02:51:12,3,560,620,3,1,3460
14/10/2022 02:51:28,3,560,620,3,2,2990
14/10/2022 02:51:44,3,560,620,3,2,2990
14/10/2022 02:52:00,3,560,620,3,2,2990
14/10/2022 02:52:16,3,560,620,3,2,2990
14/10/2022 02:52:32,3,560,620,3,2,2990
14/10/2022 02:52:48,3,560,620,3,1,3660
14/10/2022 02:53:04,3,560,620,3,1,3660
14/10/2022 02:53:20,3,-999,620,3,1,3640
14/10/2022 02:53:36,3,-999,620,3,1,3640
14/10/2022 02:53:52,3,560,620,3,2,3810
14/10/2022 02:54:08,3,560,620,3,2,3810
14/10/2022 02:54:24,3,560,620,3,3,3420
14/10/2022 02:54:40,3,560,620,3,3,3420
14/10/2022 02:54:56,3,560,620,3,3,3420
14/10/2022 02:55:12,3,-999,620,3,1,3460
14/10/2022 02:55:28,3,-999,620,3,1,3460
14/10/2022 02:55:44,3,-999,620,3,1,3460
14/10/2022 02:56:00,3,-999,620,3,1,3460
14/10/2022 02:56:16,3,-999,620,3,2,3180
14/10/2022 02:56:32,3,-999,620,3,2,3180
14/10/2022 02:56:48,3,-999,620,3,2,2990
14/10/2022 02:57:04,3,-999,620,3,2,2990
14/10/2022 02:57:20,3,-999,620,3,2,2990
14/10/2022 02:57:36,3,560,620,3,3,3220
14/10/2022 02:57:52,3,560,620,3,3,3220
14/10/2022 02:58:08,3,570,620,3,2,2970
14/10/2022 02:58:24,3,570,620,3,2,2970
14/10/2022 02:58:40,3,-999,620,3,2,2990
14/10/2022 02:58:56,3,-999,620,3,2,2990
14/10/2022 02:59:12,3,570,620,3,3,3310
14/10/2022 02:59:28,3,570,620,3,3,3310
14/10/2022 02:59:44,3,570,620,3,3,3310
14/10/2022 03:00:00,3,570,610,3,3,2930
14/10/2022 03:00:16,3,570,610,3,3,2930
14/10/2022 03:00:32,3,570,610,3,1,2930
14/10/2022 03:00:48,3,570,610,3,1,2930
14/10/2022 03:01:04,3,-999,610,3,3,2930
14/10/2022 03:01:20,3,-999,610,3,3,2930
14/10/2022 03:01:36,3,110,610,3,1,4140
14/10/2022 03:01:52,3,110,610,3,1,4140
14/10/2022 03:02:08,3,120,610,3,1,4140
14/10/2022 03:02:24,3,-999,610,3,1,3930
14/10/2022 03:02:40,3,-999,610,3,1,3930
14/10/2022 03:02:56,3,-999,610,3,2,3630
14/10/2022 03:03:12,3,-999,610,3,2,3630
14/10/2022 03:03:28,3,570,610,3,1,3590
14/10/2022 03:03:44,3,570,610,3,1,3590
14/10/2022 03:04:00,3,-999,610,3,1,3640
14/10/2022 03:04:16,3,-999,610,3,1,3640
14/10/2022 03:04:32,3,-999,610,3,1,3640
14/10/2022 03:04:48,3,570,610,3,1,3610
14/10/2022 03:05:04,3,570,610,3,1,3610
14/10/2022 03:05:20,3,-999,610,3,1,3620
14/10/2022 03:05:36,3,-999,610,3,1,3620
14/10/2022 03:05:52,3,180,610,3,2,4290
14/10/2022 03:06:08,3,180,610,3,2,4290
14/10/2022 03:06:24,3,-999,610,3,3,2810
14/10/2022 03:06:40,3,2980,610,3,3,2810
14/10/2022 03:06:56,3,2980,610,3,3,2810
14/10/2022 03:07:12,3,-999,610,3,1,2810
14/10/2022 03:07:28,3,-999,610,3,1,2810
14/10/2022 03:07:44,3,2980,610,3,1,2820
14/10/2022 03:08:00,3,2980,610,3,1,2820
14/10/2022 03:08:16,3,1000,610,3,1,2820
14/10/2022 03:08:32,3,1000,610,3,1,2820
14/10/2022 03:08:48,3,1000,610,3,1,2820
14/10/2022 03:09:04,3,1000,610,3,1,2820
14/10/2022 03:09:20,3,1000,610,3,1,2820
14/10/2022 03:09:36,3,1000,610,3,1,2830
14/10/2022 03:09:52,3,1000,610,3,1,2830
14/10/2022 03:10:08,3,1000,610,3,1,2840
14/10/2022 03:10:24,3,1000,610,3,1,2840
14/10/2022 03:10:40,3,1000,610,3,1,2850
14/10/2022 03:10:56,3,1000,610,3,1,2850
14/10/2022 03:11:12,3,1000,610,3,1,2850
14/10/2022 03:11:28,3,1000,610,3,1,2850
14/10/2022 03:11:44,3,1000,610,3,1,2850
14/10/2022 03:12:00,3,1000,610,3,3,2850
14/10/2022 03:12:16,3,1000,610,3,3,2850
14/10/2022 03:12:32,3,1000,610,3,2,2850
14/10/2022 03:12:48,3,1000,610,3,2,2850
14/10/2022 03:13:04,3,1000,610,3,1,2860
14/10/2022 03:13:20,3,1000,610,3,1,2860
14/10/2022 03:13:36,3,1000,610,3,1,2870
14/10/2022 03:13:52,3,1000,610,3,1,2870
14/10/2022 03:14:08,3,1000,610,3,1,2870
14/10/2022 03:14:24,3,1000,610,3,1,2870
14/10/2022 03:14:40,3,1000,610,3,1,2870
14/10/2022 03:14:56,3,1000,610,3,2,2890
14/10/2022 03:15:12,3,1000,610,3,2,2890
14/10/2022 03:15:28,3,1000,610,3,1,2890
14/10/2022 03:15:44,3,1000,610,3,1,2890
14/10/2022 03:16:00,3,1000,610,3,1,2960
14/10/2022 03:16:16,3,1000,610,3,1,2960
14/10/2022 03:16:32,3,1000,610,3,1,2960
14/10/2022 03:16:48,3,1000,610,3,2,2990
14/10/2022 03:17:04,3,1010,610,3,2,2990
14/10/2022 03:17:20,3,1010,610,3,3,3060
14/10/2022 03:17:36,3,490,610,3,3,3060
14/10/2022 03:17:52,3,490,610,3,2,2980
14/10/2022 03:18:08,3,490,610,3,2,2980
14/10/2022 03:18:24,3,490,610,3,1,4370
14/10/2022 03:18:40,3,490,610,3,1,4370
14/10/2022 03:18:56,3,490,610,3,1,4370
14/10/2022 03:19:12,3,490,610,3,1,4440
14/10/2022 03:19:28,3,490,610,3,1,4440
14/10/2022 03:19:44,3,490,610,3,1,4410
14/10/2022 03:20:00,3,490,610,3,1,4410
14/10/2022 03:20:16,3,490,610,3,2,4410
14/10/2022 03:20:32,3,490,610,3,2,4410
14/10/2022 03:20:48,3,490,610,3,1,4700
14/10/2022 03:21:04,3,490,610,3,1,4700
14/10/2022 03:21:20,3,490,610,3,1,4700
14/10/2022 03:21:36,3,490,610,3,1,4680
14/10/2022 03:21:52,3,490,610,3,1,4680
14/10/2022 03:22:08,3,490,610,3,1,4890
14/10/2022 03:22:24,3,490,610,3,1,4890
14/10/2022 03:22:40,3,490,610,3,1,5080
14/10/2022 03:22:56,3,490,610,3,1,5080
14/10/2022 03:23:12,3,490,610,3,2,4880
14/10/2022 03:23:28,3,490,610,3,2,4880
14/10/2022 03:23:44,3,490,610,3,2,4880
14/10/2022 03:24:00,3,490,610,3,1,4860
14/10/2022 03:24:16,3,490,610,3,1,4860
14/10/2022 03:24:32,3,490,610,3,1,4850
14/10/2022 03:24:48,3,500,610,3,1,4850
14/10/2022 03:25:04,3,500,610,3,2,4830
14/10/2022 03:25:20,3,500,610,3,2,4830
14/10/2022 03:25:36,3,500,610,3,1,5090
14/10/2022 03:25:52,3,500,610,3,1,5090
14/10/2022 03:26:08,3,500,610,3,1,5090
14/10/2022 03:26:24,3,500,610,3,2,4420
14/10/2022 03:26:40,3,500,610,3,2,4420
14/10/2022 03:26:56,3,500,610,3,1,4990
14/10/2022 03:27:12,3,490,610,3,1,4990
14/10/2022 03:27:28,3,490,610,3,2,4980
14/10/2022 03:27:44,3,490,610,3,2,4980
14/10/2022 03:28:00,3,490,610,3,1,5120
14/10/2022 03:28:16,3,490,610,3,1,5120
14/10/2022 03:28:32,3,490,610,3,1,5120
14/10/2022 03:28:48,3,490,610,3,1,5050
14/10/2022 03:29:04,3,490,610,3,1,5050
14/10/2022 03:29:20,3,490,610,3,1,5050
14/10/2022 03:29:36,3,490,610,3,1,5050
14/10/2022 03:29:52,3,490,610,3,2,4380
14/10/2022 03:30:08,3,490,610,3,2,4380
14/10/2022 03:30:24,3,490,610,3,1,5010
14/10/2022 03:30:40,3,490,610,3,1,5010
14/10/2022 03:30:56,3,490,610,3,1,5010
14/10/2022 03:31:12,3,480,610,3,1,4930
14/10/2022 03:31:28,3,480,610,3,1,4930
14/10/2022 03:31:44,3,480,610,3,1,4910
14/10/2022 03:32:00,3,480,610,3,1,4910
14/10/2022 03:32:16,3,480,610,3,2,4930
14/10/2022 03:32:32,3,480,610,3,2,4930
14/10/2022 03:32:48,3,480,610,3,3,4490
14/10/2022 03:33:04,3,480,610,3,3,4490
14/10/2022 03:33:20,3,480,610,3,3,4490
14/10/2022 03:33:36,3,480,610,3,2,5050
14/10/2022 03:33:52,3,480,610,3,2,5050
14/10/2022 03:34:08,3,480,610,3,1,4930
14/10/2022 03:34:24,3,480,610,3,1,4930
14/10/2022 03:34:40,3,480,610,3,2,4580
14/10/2022 03:34:56,3,470,610,3,2,4580
14/10/2022 03:35:12,3,470,610,3,2,4310
14/10/2022 03:35:28,3,470,610,3,2,4310
14/10/2022 03:35:44,3,470,610,3,2,4310
14/10/2022 03:36:00,3,470,610,3,1,4330
14/10/2022 03:36:16,3,470,610,3,1,4330
14/10/2022 03:36:32,3,470,610,3,2,4370
14/10/2022 03:36:48,3,470,610,3,2,4370
14/10/2022 03:37:04,3,470,610,3,2,4380
14/10/2022 03:37:20,3,470,610,3,2,4380
14/10/2022 03:37:36,3,470,610,3,2,4530
14/10/2022 03:37:52,3,460,610,3,2,4530
14/10/2022 03:38:08,3,460,610,3,2,4530
14/10/2022 03:38:24,3,460,610,3,2,2670
14/10/2022 03:38:40,3,460,610,3,2,2670
14/10/2022 03:38:56,3,460,610,3,1,2670
14/10/2022 03:39:12,3,460,610,3,1,2670
14/10/2022 03:39:28,3,460,610,3,1,2670
14/10/2022 03:39:44,3,450,610,3,1,2670
14/10/2022 03:40:00,3,450,610,3,1,2670
14/10/2022 03:40:16,3,450,610,3,1,2670
14/10/2022 03:40:32,3,450,610,3,1,2670
14/10/2022 03:40:48,3,450,610,3,1,2680
14/10/2022 03:41:04,3,450,610,3,1,2680
14/10/2022 03:41:20,3,450,610,3,2,2680
14/10/2022 03:41:36,3,450,610,3,2,2680
14/10/2022 03:41:52,3,450,610,3,3,2670
14/10/2022 03:42:08,3,440,610,3,3,2670
14/10/2022 03:42:24,3,440,610,3,3,2690
14/10/2022 03:42:40,3,440,610,3,3,2690
14/10/2022 03:42:56,3,440,610,3,3,2690
14/10/2022 03:43:12,3,440,610,3,3,2660
14/10/2022 03:43:28,3,440,610,3,3,2660
14/10/2022 03:43:44,3,440,610,3,1,2680
14/10/2022 03:44:00,3,430,610,3,1,2680
14/10/2022 03:44:16,3,430,610,3,1,2690
14/10/2022 03:44:32,3,430,610,3,1,2690
14/10/2022 03:44:48,3,430,610,3,1,2680
14/10/2022 03:45:04,3,430,610,3,1,2680
14/10/2022 03:45:20,3,430,610,3,1,2680
14/10/2022 03:45:36,3,430,610,3,1,2680
14/10/2022 03:45:52,3,420,610,3,1,2680
14/10/2022 03:46:08,3,420,610,3,1,2690
14/10/2022 03:46:24,3,420,610,3,1,2690
14/10/2022 03:46:40,3,420,610,3,1,2710
14/10/2022 03:46:56,3,420,610,3,1,2710
14/10/2022 03:47:12,3,420,610,3,1,2720
14/10/2022 03:47:28,3,420,610,3,1,2720
14/10/2022 03:47:44,3,420,610,3,1,2720
14/10/2022 03:48:00,3,410,610,3,2,2700
14/10/2022 03:48:16,3,410,610,3,2,2700
14/10/2022 03:48:32,3,410,610,3,2,2680
14/10/2022 03:48:48,3,410,610,3,2,2680
14/10/2022 03:49:04,3,410,610,3,1,2680
14/10/2022 03:49:20,3,410,610,3,1,2680
14/10/2022 03:49:36,3,410,610,3,1,2690
14/10/2022 03:49:52,3,410,610,3,1,2690
14/10/2022 03:50:08,3,410,610,3,1,2690
14/10/2022 03:50:24,3,410,610,3,1,2670
14/10/2022 03:50:40,3,410,610,3,1,2670
14/10/2022 03:50:56,3,400,610,3,1,2650
14/10/2022 03:51:12,3,400,610,3,1,2650
14/10/2022 03:51:28,3,400,610,3,1,2670
14/10/2022 03:51:44,3,400,610,3,1,2670
14/10/2022 03:52:00,3,400,610,3,1,2700
14/10/2022 03:52:16,3,400,610,3,1,2700
14/10/2022 03:52:32,3,400,610,3,1,2700
14/10/2022 03:52:48,3,400,610,3,1,2710
14/10/2022 03:53:04,3,400,610,3,1,2710
14/10/2022 03:53:20,3,400,610,3,1,2670
14/10/2022 03:53:36,3,400,610,3,1,2670
14/10/2022 03:53:52,3,400,610,3,1,2670
14/10/2022 03:54:08,3,400,610,3,1,2670
14/10/2022 03:54:24,3,400,610,3,1,2650
14/10/2022 03:54:40,3,400,610,3,1,2650
14/10/2022 03:54:56,3,400,610,3,1,2650
14/10/2022 03:55:12,3,400,610,3,2,2390
14/10/2022 03:55:28,3,400,610,3,2,2390
14/10/2022 03:55:44,3,390,610,3,1,2650
14/10/2022 03:56:00,3,390,610,3,1,2650
14/10/2022 03:56:16,3,390,610,3,1,2670
14/10/2022 03:56:32,3,390,610,3,1,2670
14/10/2022 03:56:48,3,390,610,3,1,2670
14/10/2022 03:57:04,3,390,610,3,1,2670
14/10/2022 03:57:20,3,390,610,3,1,2670
14/10/2022 03:57:36,3,390,610,3,1,2670
14/10/2022 03:57:52,3,390,610,3,1,2670
14/10/2022 03:58:08,3,390,610,3,1,2670
14/10/2022 03:58:24,3,390,610,3,1,2670
14/10/2022 03:58:40,3,390,610,3,1,2670
14/10/2022 03:58:56,3,390,610,3,1,2670
14/10/2022 03:59:12,3,390,610,3,1,2670
14/10/2022 03:59:28,3,380,610,3,1,2670
14/10/2022 03:59:44,3,380,610,3,1,2670
14/10/2022 04:00:00,2,380,470,3,1,2680
14/10/2022 04:00:16,2,380,470,3,1,2680
14/10/2022 04:00:32,2,380,470,3,1,2680
14/10/2022 04:00:48,2,380,470,3,1,2680
14/10/2022 04:01:04,2,380,470,3,1,2680
14/10/2022 04:01:20,2,380,470,3,1,2680
14/10/2022 04:01:36,2,380,470,3,1,2670
14/10/2022 04:01:52,2,380,470,3,1,2670
14/10/2022 04:02:08,2,380,470,3,1,2670
14/10/2022 04:02:24,2,380,470,3,1,2670
14/10/2022 04:02:40,2,380,470,3,1,2670
14/10/2022 04:02:56,2,380,470,3,1,2670
14/10/2022 04:03:12,2,380,470,3,1,2670
14/10/2022 04:03:28,2,380,470,3,1,2670
14/10/2022 04:03:44,2,380,470,3,1,2670
14/10/2022 04:04:00,2,380,470,3,2,2730
14/10/2022 04:04:16,2,380,470,3,2,2730
14/10/2022 04:04:32,2,380,470,3,2,2730
14/10/2022 04:04:48,2,380,470,3,2,2770
14/10/2022 04:05:04,2,380,470,3,2,2770
14/10/2022 04:05:20,2,380,470,3,1,2720
14/10/2022 04:05:36,2,380,470,3,1,2720
14/10/2022 04:05:52,2,380,470,3,1,2700
14/10/2022 04:06:08,2,380,470,3,1,2700
14/10/2022 04:06:24,2,380,470,3,1,2740
14/10/2022 04:06:40,2,380,470,3,1,2740
14/10/2022 04:06:56,2,380,470,3,1,2740
14/10/2022 04:07:12,2,380,470,3,1,2760
14/10/2022 04:07:28,2,380,470,3,1,2760
14/10/2022 04:07:44,2,380,470,3,1,2810
14/10/2022 04:08:00,2,380,470,3,1,2810
14/10/2022 04:08:16,2,380,470,3,2,2770
14/10/2022 04:08:32,2,380,470,3,2,2770
14/10/2022 04:08:48,2,380,470,3,2,2760
14/10/2022 04:09:04,2,380,470,3,2,2760
14/10/2022 04:09:20,2,380,470,3,2,2760
14/10/2022 04:09:36,2,380,470,3,2,2750
14/10/2022 04:09:52,2,380,470,3,2,2750
14/10/2022 04:10:08,2,380,470,3,2,2730
14/10/2022 04:10:24,2,380,470,3,2,2730
14/10/2022 04:10:40,2,380,470,3,2,2760
14/10/2022 04:10:56,2,380,470,3,2,2760
14/10/2022 04:11:12,2,380,470,3,2,2720
14/10/2022 04:11:28,2,380,470,3,2,2720
14/10/2022 04:11:44,2,380,470,3,2,2720
14/10/2022 04:12:00,2,380,470,3,2,2740
14/10/2022 04:12:16,2,380,470,3,2,2740
14/10/2022 04:12:32,2,380,470,3,1,2740
14/10/2022 04:12:48,2,380,470,3,1,2740
14/10/2022 04:13:04,2,380,470,3,1,2710
14/10/2022 04:13:20,2,380,470,3,1,2710
14/10/2022 04:13:36,2,380,470,3,1,2710
14/10/2022 04:13:52,2,380,470,3,1,2710
14/10/2022 04:14:08,2,380,470,3,1,2710
14/10/2022 04:14:24,2,380,470,3,1,2710
14/10/2022 04:14:40,2,380,470,3,1,2710
14/10/2022 04:14:56,2,380,470,3,2,2260
14/10/2022 04:15:12,2,380,470,3,2,2260
14/10/2022 04:15:28,2,380,470,3,2,2260
14/10/2022 04:15:44,2,380,470,3,2,2260
14/10/2022 04:16:00,2,380,470,3,2,2270
14/10/2022 04:16:16,2,380,470,3,2,2270
14/10/2022 04:16:32,2,380,470,3,2,2270
14/10/2022 04:16:48,2,380,470,3,1,2740
14/10/2022 04:17:04,2,380,470,3,1,2740
14/10/2022 04:17:20,2,380,470,3,1,2740
14/10/2022 04:17:36,2,380,470,3,1,2740
14/10/2022 04:17:52,2,380,470,3,1,2740
14/10/2022 04:18:08,2,380,470,3,1,2740
14/10/2022 04:18:24,2,380,470,3,1,2750
14/10/2022 04:18:40,2,380,470,3,1,2750
14/10/2022 04:18:56,2,380,470,3,1,2750
14/10/2022 04:19:12,2,380,470,3,1,2770
14/10/2022 04:19:28,2,380,470,3,1,2770
14/10/2022 04:19:44,2,380,470,3,1,2760
14/10/2022 04:20:00,2,380,470,3,1,2760
14/10/2022 04:20:16,2,380,470,3,1,2760
14/10/2022 04:20:32,2,380,470,3,1,2760
14/10/2022 04:20:48,2,380,470,3,1,2770
14/10/2022 04:21:04,2,380,470,3,1,2770
14/10/2022 04:21:20,2,370,470,3,1,2770
14/10/2022 04:21:36,2,370,470,3,1,2770
14/10/2022 04:21:52,2,370,470,3,1,2770
14/10/2022 04:22:08,2,370,470,3,3,2230
14/10/2022 04:22:24,2,370,470,3,3,2230
14/10/2022 04:22:40,2,370,470,3,3,2240
14/10/2022 04:22:56,2,370,470,3,3,2240
14/10/2022 04:23:12,2,370,470,3,1,4080
14/10/2022 04:23:28,2,370,470,3,1,4080
14/10/2022 04:23:44,2,370,470,3,1,4080
14/10/2022 04:24:00,2,370,470,3,3,2870
14/10/2022 04:24:16,2,370,470,3,3,2870
14/10/2022 04:24:32,2,370,470,3,2,3750
14/10/2022 04:24:48,2,370,470,3,2,3750
14/10/2022 04:25:04,2,370,470,3,2,1790
14/10/2022 04:25:20,2,370,470,3,2,1790
14/10/2022 04:25:36,2,370,470,3,2,4270
14/10/2022 04:25:52,2,370,470,3,2,4270
14/10/2022 04:26:08,2,370,470,3,2,4270
14/10/2022 04:26:24,2,370,470,3,2,4230
14/10/2022 04:26:40,2,370,470,3,2,4230
14/10/2022 04:26:56,2,370,470,3,3,2810
14/10/2022 04:27:12,2,370,470,3,3,2810
14/10/2022 04:27:28,2,370,470,3,2,2820
14/10/2022 04:27:44,2,370,470,3,2,2820
14/10/2022 04:28:00,2,370,470,3,1,4210
14/10/2022 04:28:16,2,370,470,3,1,4210
14/10/2022 04:28:32,2,370,470,3,1,4210
14/10/2022 04:28:48,2,370,470,3,2,4200
14/10/2022 04:29:04,2,80,470,3,2,4200
14/10/2022 04:29:20,2,-999,470,3,2,2830
14/10/2022 04:29:36,2,-999,470,3,2,2830
14/10/2022 04:29:52,2,380,470,3,2,2820
14/10/2022 04:30:08,2,2450,470,3,2,2820
14/10/2022 04:30:24,2,1160,470,3,3,2840
14/10/2022 04:30:40,2,1160,470,3,3,2840
14/10/2022 04:30:56,2,1160,470,3,3,2840
14/10/2022 04:31:12,2,1160,470,3,2,2260
14/10/2022 04:31:28,2,1160,470,3,2,2260
14/10/2022 04:31:44,2,-999,470,3,1,2280
14/10/2022 04:32:00,2,-999,470,3,1,2280
14/10/2022 04:32:16,2,1160,470,3,1,2290
14/10/2022 04:32:32,2,1160,470,3,1,2290
14/10/2022 04:32:48,2,-999,470,3,2,2310
14/10/2022 04:33:04,2,-999,470,3,2,2310
14/10/2022 04:33:20,2,-999,470,3,2,2310
14/10/2022 04:33:36,2,2310,470,3,2,2280
14/10/2022 04:33:52,2,2390,470,3,2,2280
14/10/2022 04:34:08,2,2390,470,3,1,2180
14/10/2022 04:34:24,2,2400,470,3,1,2180
14/10/2022 04:34:40,2,-999,470,3,2,2220
14/10/2022 04:34:56,2,-999,470,3,2,2220
14/10/2022 04:35:12,2,-999,470,3,2,3630
14/10/2022 04:35:28,2,-999,470,3,2,3630
14/10/2022 04:35:44,2,-999,470,3,2,3630
14/10/2022 04:36:00,2,-999,470,3,2,2220
14/10/2022 04:36:16,2,-999,470,3,2,2220
14/10/2022 04:36:32,2,-999,470,3,2,2230
14/10/2022 04:36:48,2,-999,470,3,2,2230
14/10/2022 04:37:04,2,-999,470,3,2,3860
14/10/2022 04:37:20,2,-999,470,3,2,3860
14/10/2022 04:37:36,2,-999,470,3,1,3830
14/10/2022 04:37:52,2,-999,470,3,1,3830
14/10/2022 04:38:08,2,-999,470,3,1,3830
14/10/2022 04:38:24,2,-999,470,3,1,3800
14/10/2022 04:38:40,2,-999,470,3,1,3800
14/10/2022 04:38:56,2,190,470,3,1,4160
14/10/2022 04:39:12,2,180,470,3,1,4160
14/10/2022 04:39:28,2,150,470,3,1,4170
14/10/2022 04:39:44,2,120,470,3,1,4170
14/10/2022 04:40:00,2,-999,470,3,2,3820
14/10/2022 04:40:16,2,-999,470,3,2,3820
14/10/2022 04:40:32,2,-999,470,3,2,3820
14/10/2022 04:40:48,2,-999,470,3,1,3710
14/10/2022 04:41:04,2,-999,470,3,1,3710
14/10/2022 04:41:20,2,-999,470,3,1,3680
14/10/2022 04:41:36,2,-999,470,3,1,3680
14/10/2022 04:41:52,2,-999,470,3,2,1720
14/10/2022 04:42:08,2,-999,470,3,2,1720
14/10/2022 04:42:24,2,-999,470,3,2,1410
14/10/2022 04:42:40,2,-999,470,3,2,1410
14/10/2022 04:42:56,2,-999,470,3,2,1410
14/10/2022 04:43:12,2,2170,470,3,3,1480
14/10/2022 04:43:28,2,2170,470,3,3,1480
14/10/2022 04:43:44,2,-999,470,3,3,2120
14/10/2022 04:44:00,2,-999,470,3,3,2120
14/10/2022 04:44:16,2,2180,470,3,3,790
14/10/2022 04:44:32,2,-999,470,3,3,790
14/10/2022 04:44:48,2,-999,470,3,2,420
14/10/2022 04:45:04,2,-999,470,3,2,420
14/10/2022 04:45:20,2,-999,470,3,2,420
14/10/2022 04:45:36,2,-999,470,3,2,330
14/10/2022 04:45:52,2,-999,470,3,2,330
14/10/2022 04:46:08,2,-999,470,3,2,310
14/10/2022 04:46:24,2,-999,470,3,2,310
14/10/2022 04:46:40,2,-999,470,3,3,3180
14/10/2022 04:46:56,2,-999,470,3,3,3180
14/10/2022 04:47:12,2,-999,470,3,2,3190
14/10/2022 04:47:28,2,-999,470,3,2,3190
14/10/2022 04:47:44,2,-999,470,3,2,3190
14/10/2022 04:48:00,2,-999,470,3,3,3210
14/10/2022 04:48:16,2,-999,470,3,3,3210
14/10/2022 04:48:32,2,-999,470,3,3,2020
14/10/2022 04:48:48,2,-999,470,3,3,2020
14/10/2022 04:49:04,2,-999,470,3,3,2020
14/10/2022 04:49:20,2,-999,470,3,3,2020
14/10/2022 04:49:36,2,-999,470,3,1,3980
14/10/2022 04:49:52,2,-999,470,3,1,3980
14/10/2022 04:50:08,2,1890,470,3,1,3980
14/10/2022 04:50:24,2,1890,470,3,3,2030
14/10/2022 04:50:40,2,1890,470,3,3,2030
14/10/2022 04:50:56,2,1890,470,3,2,2040
14/10/2022 04:51:12,2,1890,470,3,2,2040
14/10/2022 04:51:28,2,-999,470,3,2,2020
14/10/2022 04:51:44,2,-999,470,3,2,2020
14/10/2022 04:52:00,2,-999,470,3,3,2040
14/10/2022 04:52:16,2,-999,470,3,3,2040
14/10/2022 04:52:32,2,-999,470,3,3,2040
14/10/2022 04:52:48,2,-999,470,3,2,2020
14/10/2022 04:53:04,2,-999,470,3,2,2020
14/10/2022 04:53:20,2,-999,470,3,2,2020
14/10/2022 04:53:36,2,-999,470,3,2,2020
14/10/2022 04:53:52,2,-999,470,3,1,3900
14/10/2022 04:54:08,2,-999,470,3,1,3900
14/10/2022 04:54:24,2,-999,470,3,1,3920
14/10/2022 04:54:40,2,-999,470,3,1,3920
14/10/2022 04:54:56,2,-999,470,3,1,3920
14/10/2022 04:55:12,2,-999,470,3,1,3960
14/10/2022 04:55:28,2,-999,470,3,1,3960
14/10/2022 04:55:44,2,-999,470,3,3,2770
14/10/2022 04:56:00,2,-999,470,3,3,2770
14/10/2022 04:56:16,2,-999,470,3,2,2020
14/10/2022 04:56:32,2,-999,470,3,2,2020
14/10/2022 04:56:48,2,-999,470,3,1,2020
14/10/2022 04:57:04,2,-999,470,3,1,2020
14/10/2022 04:57:20,2,-999,470,3,1,2020
14/10/2022 04:57:36,2,-999,470,3,2,430
14/10/2022 04:57:52,2,-999,470,3,2,430
14/10/2022 04:58:08,2,-999,470,3,2,250
14/10/2022 04:58:24,2,-999,470,3,2,250
14/10/2022 04:58:40,2,-999,470,3,1,2020
14/10/2022 04:58:56,2,-999,470,3,1,2020
14/10/2022 04:59:12,2,-999,470,3,1,2020
14/10/2022 04:59:28,2,-999,470,3,1,2020
14/10/2022 04:59:44,2,-999,470,3,1,2020
14/10/2022 05:00:00,2,2150,380,3,1,2020
14/10/2022 05:00:16,2,2140,380,3,1,2020
14/10/2022 05:00:32,2,2130,380,3,1,2030
14/10/2022 05:00:48,2,2130,380,3,1,2030
14/10/2022 05:01:04,2,290,380,3,1,2020
14/10/2022 05:01:20,2,290,380,3,1,2020
14/10/2022 05:01:36,2,290,380,3,1,1980
14/10/2022 05:01:52,2,300,380,3,1,1980
14/10/2022 05:02:08,2,300,380,3,1,1980
14/10/2022 05:02:24,2,300,380,3,1,2020
14/10/2022 05:02:40,2,300,380,3,1,2020
14/10/2022 05:02:56,2,300,380,3,2,2020
14/10/2022 05:03:12,2,350,380,3,2,2020
14/10/2022 05:03:28,2,350,380,3,2,2020
14/10/2022 05:03:44,2,350,380,3,2,2020
14/10/2022 05:04:00,2,350,380,3,2,2020
14/10/2022 05:04:16,2,350,380,3,2,2020
14/10/2022 05:04:32,2,350,380,3,2,2020
14/10/2022 05:04:48,2,350,380,3,2,2010
14/10/2022 05:05:04,2,350,380,3,2,2010
14/10/2022 05:05:20,2,350,380,3,1,2020
14/10/2022 05:05:36,2,350,380,3,1,2020
14/10/2022 05:05:52,2,350,380,3,1,2010
14/10/2022 05:06:08,2,350,380,3,1,2010
14/10/2022 05:06:24,2,340,380,3,1,2010
14/10/2022 05:06:40,2,340,380,3,1,2010
14/10/2022 05:06:56,2,340,380,3,1,2010
14/10/2022 05:07:12,2,340,380,3,2,2040
14/10/2022 05:07:28,2,340,380,3,2,2040
14/10/2022 05:07:44,2,340,380,3,2,2020
14/10/2022 05:08:00,2,340,380,3,2,2020
14/10/2022 05:08:16,2,340,380,3,2,2020
14/10/2022 05:08:32,2,340,380,3,2,2020
14/10/2022 05:08:48,2,340,380,3,2,2020
14/10/2022 05:09:04,2,340,380,3,2,2020
14/10/2022 05:09:20,2,340,380,3,2,2020
14/10/2022 05:09:36,2,340,380,3,1,3650
14/10/2022 05:09:52,2,330,380,3,1,3650
14/10/2022 05:10:08,2,330,380,3,2,2120
14/10/2022 05:10:24,2,330,380,3,2,2120
14/10/2022 05:10:40,2,330,380,3,1,3620
14/10/2022 05:10:56,2,320,380,3,1,3620
14/10/2022 05:11:12,2,320,380,3,1,3590
14/10/2022 05:11:28,2,320,380,3,1,3590
14/10/2022 05:11:44,2,320,380,3,1,3590
14/10/2022 05:12:00,2,320,380,3,1,3560
14/10/2022 05:12:16,2,320,380,3,1,3560
14/10/2022 05:12:32,2,320,380,3,1,3520
14/10/2022 05:12:48,2,320,380,3,1,3520
14/10/2022 05:13:04,2,320,380,3,1,3510
14/10/2022 05:13:20,2,320,380,3,1,3510
14/10/2022 05:13:36,2,310,380,3,2,2110
14/10/2022 05:13:52,2,310,380,3,2,2110
14/10/2022 05:14:08,2,310,380,3,2,2110
14/10/2022 05:14:24,2,310,380,3,2,2120
14/10/2022 05:14:40,2,310,380,3,2,2120
14/10/2022 05:14:56,2,310,380,3,2,2130
14/10/2022 05:15:12,2,310,380,3,2,2130
14/10/2022 05:15:28,2,310,380,3,1,3270
14/10/2022 05:15:44,2,310,380,3,1,3270
14/10/2022 05:16:00,2,310,380,3,1,3270
14/10/2022 05:16:16,2,310,380,3,1,3270
14/10/2022 05:16:32,2,310,380,3,1,3270
14/10/2022 05:16:48,2,310,380,3,2,2150
14/10/2022 05:17:04,2,310,380,3,2,2150
14/10/2022 05:17:20,2,310,380,3,2,2160
14/10/2022 05:17:36,2,310,380,3,2,2160
14/10/2022 05:17:52,2,310,380,3,1,2150
14/10/2022 05:18:08,2,310,380,3,1,2150
14/10/2022 05:18:24,2,310,380,3,1,2140
14/10/2022 05:18:40,2,310,380,3,1,2140
14/10/2022 05:18:56,2,300,380,3,1,2140
14/10/2022 05:19:12,2,300,380,3,1,2120
14/10/2022 05:19:28,2,300,380,3,1,2120
14/10/2022 05:19:44,2,300,380,3,1,2120
14/10/2022 05:20:00,2,300,380,3,1,2120
14/10/2022 05:20:16,2,300,380,3,1,2150
14/10/2022 05:20:32,2,300,380,3,1,2150
14/10/2022 05:20:48,2,300,380,3,1,2140
14/10/2022 05:21:04,2,300,380,3,1,2140
14/10/2022 05:21:20,2,300,380,3,1,2140
14/10/2022 05:21:36,2,300,380,3,1,2130
14/10/2022 05:21:52,2,300,380,3,1,2130
14/10/2022 05:22:08,2,300,380,3,1,2140
14/10/2022 05:22:24,2,300,380,3,1,2140
14/10/2022 05:22:40,2,300,380,3,1,2140
14/10/2022 05:22:56,2,300,380,3,1,2140
14/10/2022 05:23:12,2,300,380,3,1,2150
14/10/2022 05:23:28,2,300,380,3,1,2150
14/10/2022 05:23:44,2,300,380,3,1,2150
14/10/2022 05:24:00,2,300,380,3,1,2150
14/10/2022 05:24:16,2,290,380,3,1,2150
14/10/2022 05:24:32,2,290,380,3,1,2170
14/10/2022 05:24:48,2,290,380,3,1,2170
14/10/2022 05:25:04,2,290,380,3,1,2160
14/10/2022 05:25:20,2,290,380,3,1,2160
14/10/2022 05:25:36,2,290,380,3,1,2190
14/10/2022 05:25:52,2,290,380,3,1,2190
14/10/2022 05:26:08,2,290,380,3,1,2190
14/10/2022 05:26:24,2,290,380,3,1,2210
14/10/2022 05:26:40,2,290,380,3,1,2210
14/10/2022 05:26:56,2,290,380,3,1,2190
14/10/2022 05:27:12,2,290,380,3,1,2190
14/10/2022 05:27:28,2,290,380,3,1,2240
14/10/2022 05:27:44,2,290,380,3,1,2240
14/10/2022 05:28:00,2,290,380,3,1,2270
14/10/2022 05:28:16,2,290,380,3,1,2270
14/10/2022 05:28:32,2,290,380,3,1,2270
14/10/2022 05:28:48,2,290,380,3,1,2290
14/10/2022 05:29:04,2,290,380,3,1,2290
14/10/2022 05:29:20,2,290,380,3,1,2300
14/10/2022 05:29:36,2,290,380,3,1,2300
14/10/2022 05:29:52,2,290,380,3,1,2410
14/10/2022 05:30:08,2,290,380,3,1,2410
14/10/2022 05:30:24,2,290,380,3,1,2440
14/10/2022 05:30:40,2,290,380,3,1,2440
14/10/2022 05:30:56,2,290,380,3,1,2440
14/10/2022 05:31:12,2,290,380,3,1,2450
14/10/2022 05:31:28,2,290,380,3,1,2450
14/10/2022 05:31:44,2,290,380,3,1,2450
14/10/2022 05:32:00,2,290,380,3,1,2450
14/10/2022 05:32:16,2,290,380,3,1,2450
14/10/2022 05:32:32,2,290,380,3,1,2450
14/10/2022 05:32:48,2,290,380,3,1,2500
14/10/2022 05:33:04,2,290,380,3,1,2500
14/10/2022 05:33:20,2,280,380,3,1,2500
14/10/2022 05:33:36,2,280,380,3,1,2460
14/10/2022 05:33:52,2,280,380,3,1,2460
14/10/2022 05:34:08,2,280,380,3,1,2450
14/10/2022 05:34:24,2,280,380,3,1,2450
14/10/2022 05:34:40,2,280,380,3,1,2440
14/10/2022 05:34:56,2,280,380,3,1,2440
14/10/2022 05:35:12,2,280,380,3,2,2450
14/10/2022 05:35:28,2,1590,380,3,2,2450
14/10/2022 05:35:44,2,1590,380,3,2,2450
14/10/2022 05:36:00,2,1590,380,3,1,2480
14/10/2022 05:36:16,2,1580,380,3,1,2480
14/10/2022 05:36:32,2,1580,380,3,1,2490
14/10/2022 05:36:48,2,1580,380,3,1,2490
14/10/2022 05:37:04,2,1580,380,3,1,2500
14/10/2022 05:37:20,2,1580,380,3,1,2500
14/10/2022 05:37:36,2,1570,380,3,3,2550
14/10/2022 05:37:52,2,1570,380,3,3,2550
14/10/2022 05:38:08,2,1570,380,3,3,2550
14/10/2022 05:38:24,2,1570,380,3,2,2610
14/10/2022 05:38:40,2,1570,380,3,2,2610
14/10/2022 05:38:56,2,1560,380,3,2,2620
14/10/2022 05:39:12,2,1560,380,3,2,2620
14/10/2022 05:39:28,2,1560,380,3,2,2620
14/10/2022 05:39:44,2,1560,380,3,2,2620
14/10/2022 05:40:00,2,1560,380,3,2,2670
14/10/2022 05:40:16,2,1560,380,3,2,2670
14/10/2022 05:40:32,2,1560,380,3,2,2670
14/10/2022 05:40:48,2,1560,380,3,1,3470
14/10/2022 05:41:04,2,1560,380,3,1,3470
14/10/2022 05:41:20,2,1560,380,3,1,3490
14/10/2022 05:41:36,2,1560,380,3,1,3490
14/10/2022 05:41:52,2,1560,380,3,1,3510
14/10/2022 05:42:08,2,1560,380,3,1,3510
14/10/2022 05:42:24,2,1560,380,3,2,3310
14/10/2022 05:42:40,2,1560,380,3,2,3310
14/10/2022 05:42:56,2,1560,380,3,2,3310
14/10/2022 05:43:12,2,1560,380,3,2,2810
14/10/2022 05:43:28,2,1560,380,3,2,2810
14/10/2022 05:43:44,2,1560,380,3,1,3280
14/10/2022 05:44:00,2,1560,380,3,1,3280
14/10/2022 05:44:16,2,1560,380,3,2,3340
14/10/2022 05:44:32,2,1550,380,3,2,3340
14/10/2022 05:44:48,2,1550,380,3,2,3410
14/10/2022 05:45:04,2,1550,380,3,2,3410
14/10/2022 05:45:20,2,1540,380,3,2,3410
14/10/2022 05:45:36,2,1540,380,3,1,3190
14/10/2022 05:45:52,2,1540,380,3,1,3190
14/10/2022 05:46:08,2,1540,380,3,3,3270
14/10/2022 05:46:24,2,1530,380,3,3,3270
14/10/2022 05:46:40,2,1530,380,3,2,3230
14/10/2022 05:46:56,2,1530,380,3,2,3230
14/10/2022 05:47:12,2,1520,380,3,1,3120
14/10/2022 05:47:28,2,1520,380,3,1,3120
14/10/2022 05:47:44,2,1510,380,3,1,3120
14/10/2022 05:48:00,2,1510,380,3,1,3130
14/10/2022 05:48:16,2,1500,380,3,1,3130
14/10/2022 05:48:32,2,1500,380,3,1,3140
14/10/2022 05:48:48,2,1490,380,3,1,3140
14/10/2022 05:49:04,2,1490,380,3,1,3140
14/10/2022 05:49:20,2,1490,380,3,1,3140
14/10/2022 05:49:36,2,1480,380,3,1,3140
14/10/2022 05:49:52,2,1480,380,3,1,3140
14/10/2022 05:50:08,2,1480,380,3,1,3140
14/10/2022 05:50:24,2,1480,380,3,1,3200
14/10/2022 05:50:40,2,1470,380,3,1,3200
14/10/2022 05:50:56,2,1470,380,3,1,3090
14/10/2022 05:51:12,2,1470,380,3,1,3090
14/10/2022 05:51:28,2,1460,380,3,1,3110
14/10/2022 05:51:44,2,1460,380,3,1,3110
14/10/2022 05:52:00,2,1450,380,3,1,3120
14/10/2022 05:52:16,2,1450,380,3,1,3120
14/10/2022 05:52:32,2,1450,380,3,1,3120
14/10/2022 05:52:48,2,1450,380,3,1,3120
14/10/2022 05:53:04,2,1450,380,3,1,3120
14/10/2022 05:53:20,2,1450,380,3,1,3090
14/10/2022 05:53:36,2,1440,380,3,1,3090
14/10/2022 05:53:52,2,1440,380,3,1,3090
14/10/2022 05:54:08,2,1440,380,3,1,3090
14/10/2022 05:54:24,2,-999,380,3,1,3140
14/10/2022 05:54:40,2,-999,380,3,1,3140
14/10/2022 05:54:56,2,-999,380,3,1,3140
14/10/2022 05:55:12,2,-999,380,3,1,3180
14/10/2022 05:55:28,2,-999,380,3,1,3180
14/10/2022 05:55:44,2,1410,380,3,1,3200
14/10/2022 05:56:00,2,1400,380,3,1,3200
14/10/2022 05:56:16,2,1400,380,3,2,2300
14/10/2022 05:56:32,2,3250,380,3,2,2300
14/10/2022 05:56:48,2,-999,380,3,2,1990
14/10/2022 05:57:04,2,-999,380,3,2,1990
14/10/2022 05:57:20,2,-999,380,3,2,1990
14/10/2022 05:57:36,2,-999,380,3,1,3320
14/10/2022 05:57:52,2,-999,380,3,1,3320
14/10/2022 05:58:08,2,-999,380,3,2,2140
14/10/2022 05:58:24,2,-999,380,3,2,2140
14/10/2022 05:58:40,2,-999,380,3,1,3350
14/10/2022 05:58:56,2,-999,380,3,1,3350
14/10/2022 05:59:12,2,-999,380,3,1,3340
14/10/2022 05:59:28,2,-999,380,3,1,3340
14/10/2022 05:59:44,2,-999,380,3,1,3340
14/10/2022 06:00:00,2,-999,310,3,1,3370
14/10/2022 06:00:16,2,-999,310,3,1,3370
14/10/2022 06:00:32,2,-999,310,3,1,3360
14/10/2022 06:00:48,2,-999,310,3,1,3360
14/10/2022 06:01:04,2,-999,310,3,1,3390
14/10/2022 06:01:20,2,-999,310,3,1,3390
14/10/2022 06:01:36,2,-999,310,3,2,3200
14/10/2022 06:01:52,2,-999,310,3,2,3200
14/10/2022 06:02:08,2,-999,310,3,2,3200
14/10/2022 06:02:24,2,-999,310,3,1,3220
14/10/2022 06:02:40,2,-999,310,3,1,3220
14/10/2022 06:02:56,2,-999,310,3,2,1210
14/10/2022 06:03:12,2,-999,310,3,2,1210
14/10/2022 06:03:28,2,-999,310,3,1,3240
14/10/2022 06:03:44,2,-999,310,3,1,3240
14/10/2022 06:04:00,2,-999,310,3,1,3230
14/10/2022 06:04:16,2,-999,310,3,1,3230
14/10/2022 06:04:32,2,-999,310,3,1,3230
14/10/2022 06:04:48,2,-999,310,3,2,3250
14/10/2022 06:05:04,2,-999,310,3,2,3250
14/10/2022 06:05:20,2,-999,310,3,1,3460
14/10/2022 06:05:36,2,-999,310,3,1,3460
14/10/2022 06:05:52,2,-999,310,3,1,3270
14/10/2022 06:06:08,2,-999,310,3,1,3270
14/10/2022 06:06:24,2,-999,310,3,1,3220
14/10/2022 06:06:40,2,-999,310,3,1,3220
14/10/2022 06:06:56,2,-999,310,3,1,3220
14/10/2022 06:07:12,2,-999,310,3,2,3280
14/10/2022 06:07:28,2,-999,310,3,2,3280
14/10/2022 06:07:44,2,370,310,3,1,3460
14/10/2022 06:08:00,2,370,310,3,1,3460
14/10/2022 06:08:16,2,370,310,3,1,3360
14/10/2022 06:08:32,2,370,310,3,1,3360
14/10/2022 06:08:48,2,1160,310,3,2,3410
14/10/2022 06:09:04,2,170,310,3,2,3410
14/10/2022 06:09:20,2,170,310,3,2,3410
14/10/2022 06:09:36,2,170,310,3,2,3220
14/10/2022 06:09:52,2,170,310,3,2,3220
14/10/2022 06:10:08,2,170,310,3,1,3320
14/10/2022 06:10:24,2,170,310,3,1,3320
14/10/2022 06:10:40,2,170,310,3,1,3440
14/10/2022 06:10:56,2,170,310,3,1,3440
14/10/2022 06:11:12,2,170,310,3,1,3520
14/10/2022 06:11:28,2,880,310,3,1,3520
14/10/2022 06:11:44,2,880,310,3,1,3520
14/10/2022 06:12:00,2,880,310,3,1,3440
14/10/2022 06:12:16,2,880,310,3,1,3440
14/10/2022 06:12:32,2,880,310,3,1,3500
14/10/2022 06:12:48,2,880,310,3,1,3500
14/10/2022 06:13:04,2,880,310,3,1,3630
14/10/2022 06:13:20,2,880,310,3,1,3630
14/10/2022 06:13:36,2,880,310,3,1,3620
14/10/2022 06:13:52,2,880,310,3,1,3620
14/10/2022 06:14:08,2,880,310,3,1,3620
14/10/2022 06:14:24,2,880,310,3,1,3680
14/10/2022 06:14:40,2,880,310,3,1,3680
14/10/2022 06:14:56,2,880,310,3,1,3590
14/10/2022 06:15:12,2,880,310,3,1,3590
14/10/2022 06:15:28,2,880,310,3,1,3490
14/10/2022 06:15:44,2,880,310,3,1,3490
14/10/2022 06:16:00,2,880,310,3,1,3490
14/10/2022 06:16:16,2,880,310,3,1,3490
14/10/2022 06:16:32,2,880,310,3,1,3490
14/10/2022 06:16:48,2,880,310,3,1,3490
14/10/2022 06:17:04,2,880,310,3,1,3490
14/10/2022 06:17:20,2,880,310,3,1,3520
14/10/2022 06:17:36,2,880,310,3,1,3520
14/10/2022 06:17:52,2,880,310,3,1,3520
14/10/2022 06:18:08,2,880,310,3,1,3520
14/10/2022 06:18:24,2,880,310,3,1,3560
14/10/2022 06:18:40,2,880,310,3,1,3560
14/10/2022 06:18:56,2,890,310,3,1,3560
14/10/2022 06:19:12,2,890,310,3,2,3600
14/10/2022 06:19:28,2,890,310,3,2,3600
14/10/2022 06:19:44,2,890,310,3,2,3610
14/10/2022 06:20:00,2,890,310,3,2,3610
14/10/2022 06:20:16,2,890,310,3,1,3620
14/10/2022 06:20:32,2,890,310,3,1,3620
14/10/2022 06:20:48,2,890,310,3,1,3630
14/10/2022 06:21:04,2,890,310,3,1,3630
14/10/2022 06:21:20,2,890,310,3,1,3630
14/10/2022 06:21:36,2,890,310,3,1,3630
14/10/2022 06:21:52,2,890,310,3,1,3630
14/10/2022 06:22:08,2,890,310,3,1,3620
14/10/2022 06:22:24,2,890,310,3,1,3620
14/10/2022 06:22:40,2,890,310,3,1,3630
14/10/2022 06:22:56,2,890,310,3,1,3630
14/10/2022 06:23:12,2,890,310,3,1,3640
14/10/2022 06:23:28,2,890,310,3,1,3640
14/10/2022 06:23:44,2,890,310,3,1,3640
14/10/2022 06:24:00,2,890,310,3,1,3630
14/10/2022 06:24:16,2,890,310,3,1,3630
14/10/2022 06:24:32,2,3800,310,3,2,3750
14/10/2022 06:24:48,2,1200,310,3,2,3750
14/10/2022 06:25:04,2,1200,310,3,1,3980
14/10/2022 06:25:20,2,1200,310,3,1,3980
14/10/2022 06:25:36,2,1210,310,3,2,3960
14/10/2022 06:25:52,2,1210,310,3,2,3960
14/10/2022 06:26:08,2,1220,310,3,2,3960
14/10/2022 06:26:24,2,340,310,3,1,4030
14/10/2022 06:26:40,2,350,310,3,1,4030
14/10/2022 06:26:56,2,1230,310,3,2,3760
14/10/2022 06:27:12,2,1230,310,3,2,3760
14/10/2022 06:27:28,2,1230,310,3,1,3730
14/10/2022 06:27:44,2,1230,310,3,1,3730
14/10/2022 06:28:00,2,1230,310,3,1,3730
14/10/2022 06:28:16,2,1230,310,3,1,3730
14/10/2022 06:28:32,2,1230,310,3,1,3730
14/10/2022 06:28:48,2,1220,310,3,1,3740
14/10/2022 06:29:04,2,1210,310,3,1,3740
14/10/2022 06:29:20,2,1210,310,3,1,3840
14/10/2022 06:29:36,2,1210,310,3,1,3840
14/10/2022 06:29:52,2,1210,310,3,2,3920
14/10/2022 06:30:08,2,1190,310,3,2,3920
14/10/2022 06:30:24,2,1160,310,3,2,3740
14/10/2022 06:30:40,2,1140,310,3,2,3740
14/10/2022 06:30:56,2,1140,310,3,2,3740
14/10/2022 06:31:12,2,1140,310,3,2,3730
14/10/2022 06:31:28,2,1140,310,3,2,3730
14/10/2022 06:31:44,2,1140,310,3,2,3780
14/10/2022 06:32:00,2,1140,310,3,2,3780
14/10/2022 06:32:16,2,500,310,3,2,4370
14/10/2022 06:32:32,2,510,310,3,2,4370
14/10/2022 06:32:48,2,510,310,3,1,4350
14/10/2022 06:33:04,2,510,310,3,1,4350
14/10/2022 06:33:20,2,520,310,3,1,4350
14/10/2022 06:33:36,2,520,310,3,3,4370
14/10/2022 06:33:52,2,530,310,3,3,4370
14/10/2022 06:34:08,2,530,310,3,2,5220
14/10/2022 06:34:24,2,540,310,3,2,5220
14/10/2022 06:34:40,2,550,310,3,2,4290
14/10/2022 06:34:56,2,550,310,3,2,4290
14/10/2022 06:35:12,2,560,310,3,2,4270
14/10/2022 06:35:28,2,560,310,3,2,4270
14/10/2022 06:35:44,2,570,310,3,2,4270
14/10/2022 06:36:00,2,570,310,3,2,4260
14/10/2022 06:36:16,2,570,310,3,2,4260
14/10/2022 06:36:32,2,570,310,3,1,4270
14/10/2022 06:36:48,2,570,310,3,1,4270
14/10/2022 06:37:04,2,580,310,3,1,4260
14/10/2022 06:37:20,2,580,310,3,1,4260
14/10/2022 06:37:36,2,1020,310,3,2,3660
14/10/2022 06:37:52,2,1020,310,3,2,3660
14/10/2022 06:38:08,2,1010,310,3,2,3660
14/10/2022 06:38:24,2,960,310,3,2,3600
14/10/2022 06:38:40,2,950,310,3,2,3600
14/10/2022 06:38:56,2,950,310,3,1,3520
14/10/2022 06:39:12,2,940,310,3,1,3520
14/10/2022 06:39:28,2,940,310,3,2,3520
14/10/2022 06:39:44,2,940,310,3,2,3520
14/10/2022 06:40:00,2,930,310,3,1,3980
14/10/2022 06:40:16,2,930,310,3,1,3980
14/10/2022 06:40:32,2,450,310,3,1,3980
14/10/2022 06:40:48,2,450,310,3,1,3650
14/10/2022 06:41:04,2,450,310,3,1,3650
14/10/2022 06:41:20,2,450,310,3,1,3670
14/10/2022 06:41:36,2,450,310,3,1,3670
14/10/2022 06:41:52,2,450,310,3,1,3640
14/10/2022 06:42:08,2,450,310,3,1,3640
14/10/2022 06:42:24,2,450,310,3,1,3680
14/10/2022 06:42:40,2,450,310,3,1,3680
14/10/2022 06:42:56,2,450,310,3,1,3680
14/10/2022 06:43:12,2,450,310,3,1,3680
14/10/2022 06:43:28,2,450,310,3,1,3680
14/10/2022 06:43:44,2,450,310,3,1,3680
14/10/2022 06:44:00,2,450,310,3,1,3680
14/10/2022 06:44:16,2,450,310,3,1,3690
14/10/2022 06:44:32,2,450,310,3,1,3690
14/10/2022 06:44:48,2,450,310,3,1,3700
14/10/2022 06:45:04,2,450,310,3,1,3700
14/10/2022 06:45:20,2,450,310,3,1,3700
14/10/2022 06:45:36,2,450,310,3,1,3840
14/10/2022 06:45:52,2,450,310,3,1,3840
14/10/2022 06:46:08,2,450,310,3,1,3810
14/10/2022 06:46:24,2,450,310,3,1,3810
14/10/2022 06:46:40,2,450,310,3,1,3740
14/10/2022 06:46:56,2,450,310,3,1,3740
14/10/2022 06:47:12,2,450,310,3,1,3740
14/10/2022 06:47:28,2,450,310,3,1,3740
14/10/2022 06:47:44,2,450,310,3,1,3740
14/10/2022 06:48:00,2,-999,310,3,1,3730
14/10/2022 06:48:16,2,-999,310,3,1,3730
14/10/2022 06:48:32,2,450,310,3,1,3730
14/10/2022 06:48:48,2,450,310,3,1,3730
14/10/2022 06:49:04,2,-999,310,3,1,3740
14/10/2022 06:49:20,2,-999,310,3,1,3740
14/10/2022 06:49:36,2,-999,310,3,1,3750
14/10/2022 06:49:52,2,-999,310,3,1,3750
14/10/2022 06:50:08,2,-999,310,3,1,3750
14/10/2022 06:50:24,2,-999,310,3,1,3710
14/10/2022 06:50:40,2,-999,310,3,1,3710
14/10/2022 06:50:56,2,440,310,3,1,3680
14/10/2022 06:51:12,2,440,310,3,1,3680
14/10/2022 06:51:28,2,420,310,3,1,3600
14/10/2022 06:51:44,2,420,310,3,1,3600
14/10/2022 06:52:00,2,420,310,3,1,3440
14/10/2022 06:52:16,2,420,310,3,1,3440
14/10/2022 06:52:32,2,420,310,3,1,3440
14/10/2022 06:52:48,2,420,310,3,1,3440
14/10/2022 06:53:04,2,420,310,3,1,3440
14/10/2022 06:53:20,2,420,310,3,1,3520
14/10/2022 06:53:36,2,420,310,3,1,3520
14/10/2022 06:53:52,2,420,310,3,1,3710
14/10/2022 06:54:08,2,420,310,3,1,3710
14/10/2022 06:54:24,2,420,310,3,1,3700
14/10/2022 06:54:40,2,420,310,3,1,3700
14/10/2022 06:54:56,2,420,310,3,1,3700
14/10/2022 06:55:12,2,420,310,3,1,3690
14/10/2022 06:55:28,2,410,310,3,1,3690
14/10/2022 06:55:44,2,410,310,3,2,3550
14/10/2022 06:56:00,2,410,310,3,2,3550
14/10/2022 06:56:16,2,-999,310,3,1,3820
14/10/2022 06:56:32,2,-999,310,3,1,3820
14/10/2022 06:56:48,2,-999,310,3,1,3820
14/10/2022 06:57:04,2,-999,310,3,1,3820
14/10/2022 06:57:20,2,-999,310,3,1,3820
14/10/2022 06:57:36,2,-999,310,3,1,3840
14/10/2022 06:57:52,2,-999,310,3,1,3840
14/10/2022 06:58:08,2,-999,310,3,1,3840
14/10/2022 06:58:24,2,-999,310,3,1,3840
14/10/2022 06:58:40,2,400,310,3,1,3840
14/10/2022 06:58:56,2,400,310,3,1,3840
14/10/2022 06:59:12,2,380,310,3,1,3850
14/10/2022 06:59:28,2,380,310,3,1,3850
14/10/2022 06:59:44,2,380,310,3,1,3850
14/10/2022 07:00:00,1,380,450,3,2,3630
14/10/2022 07:00:16,1,380,450,3,2,3630
14/10/2022 07:00:32,1,380,450,3,2,3340
14/10/2022 07:00:48,1,380,450,3,2,3340
14/10/2022 07:01:04,1,380,450,3,1,3200
14/10/2022 07:01:20,1,380,450,3,1,3200
14/10/2022 07:01:36,1,380,450,3,1,3200
14/10/2022 07:01:52,1,380,450,3,1,3200
14/10/2022 07:02:08,1,380,450,3,1,3200
14/10/2022 07:02:24,1,-999,450,3,1,3220
14/10/2022 07:02:40,1,-999,450,3,1,3220
14/10/2022 07:02:56,1,380,450,3,2,3200
14/10/2022 07:03:12,1,380,450,3,2,3200
14/10/2022 07:03:28,1,380,450,3,2,3280
14/10/2022 07:03:44,1,380,450,3,2,3280
14/10/2022 07:04:00,1,380,450,3,1,3220
14/10/2022 07:04:16,1,380,450,3,1,3220
14/10/2022 07:04:32,1,3520,450,3,1,3220
14/10/2022 07:04:48,1,3520,450,3,1,3200
14/10/2022 07:05:04,1,3520,450,3,1,3200
14/10/2022 07:05:20,1,3520,450,3,1,3260
14/10/2022 07:05:36,1,3490,450,3,1,3260
14/10/2022 07:05:52,1,3490,450,3,2,3240
14/10/2022 07:06:08,1,3490,450,3,2,3240
14/10/2022 07:06:24,1,3490,450,3,1,3280
14/10/2022 07:06:40,1,3490,450,3,1,3280
14/10/2022 07:06:56,1,3490,450,3,1,3280
14/10/2022 07:07:12,1,-999,450,3,1,3310
14/10/2022 07:07:28,1,-999,450,3,1,3310
14/10/2022 07:07:44,1,3470,450,3,2,3320
14/10/2022 07:08:00,1,3470,450,3,2,3320
14/10/2022 07:08:16,1,3470,450,3,2,3250
14/10/2022 07:08:32,1,3470,450,3,2,3250
14/10/2022 07:08:48,1,3480,450,3,1,3990
14/10/2022 07:09:04,1,3480,450,3,1,3990
14/10/2022 07:09:20,1,3500,450,3,1,3990
14/10/2022 07:09:36,1,3500,450,3,1,3980
14/10/2022 07:09:52,1,3480,450,3,1,3980
14/10/2022 07:10:08,1,3480,450,3,1,3980
14/10/2022 07:10:24,1,3480,450,3,1,3980
14/10/2022 07:10:40,1,3480,450,3,1,3990
14/10/2022 07:10:56,1,3480,450,3,1,3990
14/10/2022 07:11:12,1,10,450,3,1,4120
14/10/2022 07:11:28,1,10,450,3,1,4120
14/10/2022 07:11:44,1,10,450,3,1,4120
14/10/2022 07:12:00,1,10,450,3,1,4120
14/10/2022 07:12:16,1,10,450,3,1,4120
14/10/2022 07:12:32,1,10,450,3,1,4160
14/10/2022 07:12:48,1,10,450,3,1,4160
14/10/2022 07:13:04,1,10,450,3,1,4170
14/10/2022 07:13:20,1,10,450,3,1,4170
14/10/2022 07:13:36,1,10,450,3,1,4190
14/10/2022 07:13:52,1,10,450,3,1,4190
14/10/2022 07:14:08,1,10,450,3,1,4190
14/10/2022 07:14:24,1,10,450,3,1,4170
14/10/2022 07:14:40,1,10,450,3,1,4170
14/10/2022 07:14:56,1,10,450,3,1,4150
14/10/2022 07:15:12,1,10,450,3,1,4150
14/10/2022 07:15:28,1,1770,450,3,2,3240
14/10/2022 07:15:44,1,1770,450,3,2,3240
14/10/2022 07:16:00,1,1770,450,3,2,3240
14/10/2022 07:16:16,1,1770,450,3,2,3240
14/10/2022 07:16:32,1,1770,450,3,2,3240
14/10/2022 07:16:48,1,1770,450,3,1,3510
14/10/2022 07:17:04,1,1770,450,3,1,3510
14/10/2022 07:17:20,1,1770,450,3,1,3700
14/10/2022 07:17:36,1,1770,450,3,1,3700
14/10/2022 07:17:52,1,1770,450,3,1,3780
14/10/2022 07:18:08,1,1770,450,3,1,3780
14/10/2022 07:18:24,1,1770,450,3,1,3630
14/10/2022 07:18:40,1,1760,450,3,1,3630
14/10/2022 07:18:56,1,1760,450,3,1,3630
14/10/2022 07:19:12,1,1750,450,3,2,3370
14/10/2022 07:19:28,1,1750,450,3,2,3370
14/10/2022 07:19:44,1,1750,450,3,1,3390
14/10/2022 07:20:00,1,1750,450,3,1,3390
14/10/2022 07:20:16,1,1750,450,3,2,3410
14/10/2022 07:20:32,1,1750,450,3,2,3410
14/10/2022 07:20:48,1,1750,450,3,1,3660
14/10/2022 07:21:04,1,1750,450,3,1,3660
14/10/2022 07:21:20,1,1750,450,3,1,3660
14/10/2022 07:21:36,1,1750,450,3,1,3490
14/10/2022 07:21:52,1,1750,450,3,1,3490
14/10/2022 07:22:08,1,1750,450,3,2,3280
14/10/2022 07:22:24,1,1750,450,3,2,3280
14/10/2022 07:22:40,1,-999,450,3,1,3210
14/10/2022 07:22:56,1,-999,450,3,1,3210
14/10/2022 07:23:12,1,400,450,3,1,3200
14/10/2022 07:23:28,1,400,450,3,1,3200
14/10/2022 07:23:44,1,400,450,3,1,3200
14/10/2022 07:24:00,1,400,450,3,1,3190
14/10/2022 07:24:16,1,400,450,3,1,3190
14/10/2022 07:24:32,1,400,450,3,1,3190
14/10/2022 07:24:48,1,390,450,3,1,3190
14/10/2022 07:25:04,1,390,450,3,1,3200
14/10/2022 07:25:20,1,390,450,3,1,3200
14/10/2022 07:25:36,1,390,450,3,1,3200
14/10/2022 07:25:52,1,390,450,3,1,3200
14/10/2022 07:26:08,1,390,450,3,1,3200
14/10/2022 07:26:24,1,-999,450,3,1,3210
14/10/2022 07:26:40,1,-999,450,3,1,3210
14/10/2022 07:26:56,1,3470,450,3,2,3300
14/10/2022 07:27:12,1,3470,450,3,2,3300
14/10/2022 07:27:28,1,3470,450,3,2,3310
14/10/2022 07:27:44,1,3470,450,3,2,3310
14/10/2022 07:28:00,1,-999,450,3,1,3550
14/10/2022 07:28:16,1,-999,450,3,1,3550
14/10/2022 07:28:32,1,-999,450,3,1,3550
14/10/2022 07:28:48,1,3470,450,3,2,3340
14/10/2022 07:29:04,1,3470,450,3,2,3340
14/10/2022 07:29:20,1,3470,450,3,2,3340
14/10/2022 07:29:36,1,3480,450,3,2,3340
14/10/2022 07:29:52,1,3480,450,3,2,3350
14/10/2022 07:30:08,1,-999,450,3,2,3350
14/10/2022 07:30:24,1,-999,450,3,2,3330
14/10/2022 07:30:40,1,-999,450,3,2,3330
14/10/2022 07:30:56,1,-999,450,3,2,3330
14/10/2022 07:31:12,1,-999,450,3,2,3330
14/10/2022 07:31:28,1,-999,450,3,2,3330
14/10/2022 07:31:44,1,-999,450,3,2,3350
14/10/2022 07:32:00,1,-999,450,3,2,3350
14/10/2022 07:32:16,1,-999,450,3,2,3440
14/10/2022 07:32:32,1,-999,450,3,2,3440
14/10/2022 07:32:48,1,-999,450,3,2,3390
14/10/2022 07:33:04,1,-999,450,3,2,3390
14/10/2022 07:33:20,1,-999,450,3,2,3390
14/10/2022 07:33:36,1,-999,450,3,2,3350
14/10/2022 07:33:52,1,-999,450,3,2,3350
14/10/2022 07:34:08,1,-999,450,3,2,3360
14/10/2022 07:34:24,1,-999,450,3,2,3360
14/10/2022 07:34:40,1,-999,450,3,2,3380
14/10/2022 07:34:56,1,-999,450,3,2,3380
14/10/2022 07:35:12,1,-999,450,3,2,3410
14/10/2022 07:35:28,1,-999,450,3,2,3410
14/10/2022 07:35:44,1,-999,450,3,2,3410
14/10/2022 07:36:00,1,-999,450,3,2,3460
14/10/2022 07:36:16,1,-999,450,3,2,3460
14/10/2022 07:36:32,1,-999,450,3,3,3260
14/10/2022 07:36:48,1,-999,450,3,3,3260
14/10/2022 07:37:04,1,-999,450,3,2,3240
14/10/2022 07:37:20,1,-999,450,3,2,3240
14/10/2022 07:37:36,1,-999,450,3,1,3840
14/10/2022 07:37:52,1,-999,450,3,1,3840
14/10/2022 07:38:08,1,-999,450,3,1,3840
14/10/2022 07:38:24,1,3500,450,3,3,2450
14/10/2022 07:38:40,1,2830,450,3,3,2450
14/10/2022 07:38:56,1,2830,450,3,3,2560
14/10/2022 07:39:12,1,2810,450,3,3,2560
14/10/2022 07:39:28,1,2810,450,3,2,3460
14/10/2022 07:39:44,1,2840,450,3,2,3460
14/10/2022 07:40:00,1,2840,450,3,3,3240
14/10/2022 07:40:16,1,2840,450,3,3,3240
14/10/2022 07:40:32,1,2840,450,3,3,3240
14/10/2022 07:40:48,1,-999,450,3,2,3400
14/10/2022 07:41:04,1,-999,450,3,2,3400
14/10/2022 07:41:20,1,-999,450,3,2,3450
14/10/2022 07:41:36,1,-999,450,3,2,3450
14/10/2022 07:41:52,1,-999,450,3,2,3430
14/10/2022 07:42:08,1,-999,450,3,2,3430
14/10/2022 07:42:24,1,-999,450,3,1,3410
14/10/2022 07:42:40,1,-999,450,3,1,3410
14/10/2022 07:42:56,1,-999,450,3,1,3410
14/10/2022 07:43:12,1,3760,450,3,2,3410
14/10/2022 07:43:28,1,3760,450,3,2,3410
14/10/2022 07:43:44,1,3760,450,3,2,3290
14/10/2022 07:44:00,1,-999,450,3,2,3290
14/10/2022 07:44:16,1,-999,450,3,2,2870
14/10/2022 07:44:32,1,-999,450,3,2,2870
14/10/2022 07:44:48,1,-999,450,3,2,2850
14/10/2022 07:45:04,1,-999,450,3,2,2850
14/10/2022 07:45:20,1,-999,450,3,2,2850
14/10/2022 07:45:36,1,-999,450,3,1,2690
14/10/2022 07:45:52,1,-999,450,3,1,2690
14/10/2022 07:46:08,1,-999,450,3,2,2280
14/10/2022 07:46:24,1,2860,450,3,2,2280
14/10/2022 07:46:40,1,2860,450,3,2,2310
14/10/2022 07:46:56,1,2860,450,3,2,2310
14/10/2022 07:47:12,1,2860,450,3,2,2370
14/10/2022 07:47:28,1,2860,450,3,2,2370
14/10/2022 07:47:44,1,-999,450,3,2,2370
14/10/2022 07:48:00,1,-999,450,3,2,2670
14/10/2022 07:48:16,1,2860,450,3,2,2670
14/10/2022 07:48:32,1,2860,450,3,1,2550
14/10/2022 07:48:48,1,2860,450,3,1,2550
14/10/2022 07:49:04,1,2920,450,3,2,2560
14/10/2022 07:49:20,1,2920,450,3,2,2560
14/10/2022 07:49:36,1,2920,450,3,1,2560
14/10/2022 07:49:52,1,2920,450,3,1,2560
14/10/2022 07:50:08,1,2920,450,3,1,2560
14/10/2022 07:50:24,1,2920,450,3,2,2660
14/10/2022 07:50:40,1,2920,450,3,2,2660
14/10/2022 07:50:56,1,2920,450,3,1,2540
14/10/2022 07:51:12,1,2920,450,3,1,2540
14/10/2022 07:51:28,1,2920,450,3,2,2620
14/10/2022 07:51:44,1,2920,450,3,2,2620
14/10/2022 07:52:00,1,-999,450,3,1,3380
14/10/2022 07:52:16,1,-999,450,3,1,3380
14/10/2022 07:52:32,1,-999,450,3,1,3380
14/10/2022 07:52:48,1,2920,450,3,1,3840
14/10/2022 07:53:04,1,2920,450,3,1,3840
14/10/2022 07:53:20,1,2920,450,3,2,3850
14/10/2022 07:53:36,1,2920,450,3,2,3850
14/10/2022 07:53:52,1,2910,450,3,2,3870
14/10/2022 07:54:08,1,2910,450,3,2,3870
14/10/2022 07:54:24,1,2910,450,3,1,3730
14/10/2022 07:54:40,1,2910,450,3,1,3730
14/10/2022 07:54:56,1,1300,450,3,1,3730
14/10/2022 07:55:12,1,1300,450,3,1,3670
14/10/2022 07:55:28,1,1300,450,3,1,3670
14/10/2022 07:55:44,1,1300,450,3,1,3670
14/10/2022 07:56:00,1,1300,450,3,1,3670
14/10/2022 07:56:16,1,1300,450,3,1,3660
14/10/2022 07:56:32,1,1300,450,3,1,3660
14/10/2022 07:56:48,1,1310,450,3,1,3630
14/10/2022 07:57:04,1,1310,450,3,1,3630
14/10/2022 07:57:20,1,1310,450,3,1,3630
14/10/2022 07:57:36,1,1310,450,3,1,3720
14/10/2022 07:57:52,1,1310,450,3,1,3720
14/10/2022 07:58:08,1,1310,450,3,1,3730
14/10/2022 07:58:24,1,1310,450,3,1,3730
14/10/2022 07:58:40,1,1310,450,3,1,3740
14/10/2022 07:58:56,1,1310,450,3,1,3740
14/10/2022 07:59:12,1,1310,450,3,1,3840
14/10/2022 07:59:28,1,1310,450,3,1,3840
14/10/2022 07:59:44,1,1310,450,3,1,3840
14/10/2022 08:00:00,1,1310,450,3,1,3830
14/10/2022 08:00:16,1,1310,1770,3,1,3830
14/10/2022 08:00:32,1,1310,1770,3,1,3620
14/10/2022 08:00:48,1,1310,1770,3,1,3620
14/10/2022 08:01:04,1,1310,1770,3,1,3590
14/10/2022 08:01:20,1,1310,1770,3,1,3590
14/10/2022 08:01:36,1,1310,1770,3,1,3560
14/10/2022 08:01:52,1,1310,1770,3,1,3560
14/10/2022 08:02:08,1,1310,1770,3,1,3560
14/10/2022 08:02:24,1,1310,1770,3,1,3560
14/10/2022 08:02:40,1,1310,1770,3,1,3560
14/10/2022 08:02:56,1,1310,1770,3,2,3560
14/10/2022 08:03:12,1,1310,1770,3,2,3560
14/10/2022 08:03:28,1,1310,1770,3,2,3520
14/10/2022 08:03:44,1,1310,1770,3,2,3520
14/10/2022 08:04:00,1,1310,1770,3,1,3520
14/10/2022 08:04:16,1,1310,1770,3,1,3520
14/10/2022 08:04:32,1,1310,1770,3,1,3520
14/10/2022 08:04:48,1,1310,1770,3,1,3610
14/10/2022 08:05:04,1,1310,1770,3,1,3610
14/10/2022 08:05:20,1,1310,1770,3,1,3710
14/10/2022 08:05:36,1,1310,1770,3,1,3710
14/10/2022 08:05:52,1,1310,1770,3,2,3530
14/10/2022 08:06:08,1,3860,1770,3,2,3530
14/10/2022 08:06:24,1,3850,1770,3,1,3530
14/10/2022 08:06:40,1,3850,1770,3,1,3530
14/10/2022 08:06:56,1,3770,1770,3,1,3530
14/10/2022 08:07:12,1,3770,1770,3,1,3570
14/10/2022 08:07:28,1,3770,1770,3,1,3570
14/10/2022 08:07:44,1,3770,1770,3,1,3600
14/10/2022 08:08:00,1,3800,1770,3,1,3600
14/10/2022 08:08:16,1,3800,1770,3,1,3760
14/10/2022 08:08:32,1,3850,1770,3,1,3760
14/10/2022 08:08:48,1,3800,1770,3,2,3760
14/10/2022 08:09:04,1,-999,1770,3,2,3760
14/10/2022 08:09:20,1,3100,1770,3,2,3760
14/10/2022 08:09:36,1,3100,1770,3,1,3920
14/10/2022 08:09:52,1,3110,1770,3,1,3920
14/10/2022 08:10:08,1,3110,1770,3,1,3940
14/10/2022 08:10:24,1,3100,1770,3,1,3940
14/10/2022 08:10:40,1,3100,1770,3,2,3860
14/10/2022 08:10:56,1,3100,1770,3,2,3860
14/10/2022 08:11:12,1,240,1770,3,1,4120
14/10/2022 08:11:28,1,240,1770,3,1,4120
14/10/2022 08:11:44,1,240,1770,3,1,4120
14/10/2022 08:12:00,1,230,1770,3,1,4060
14/10/2022 08:12:16,1,230,1770,3,1,4060
14/10/2022 08:12:32,1,230,1770,3,1,4000
14/10/2022 08:12:48,1,230,1770,3,1,4000
14/10/2022 08:13:04,1,-999,1770,3,1,3960
14/10/2022 08:13:20,1,-999,1770,3,1,3960
14/10/2022 08:13:36,1,3310,1770,3,1,3960
14/10/2022 08:13:52,1,3310,1770,3,1,3960
14/10/2022 08:14:08,1,3310,1770,3,1,3960
14/10/2022 08:14:24,1,3310,1770,3,2,3970
14/10/2022 08:14:40,1,3320,1770,3,2,3970
14/10/2022 08:14:56,1,3320,1770,3,2,3900
14/10/2022 08:15:12,1,3320,1770,3,2,3900
14/10/2022 08:15:28,1,3320,1770,3,1,3900
14/10/2022 08:15:44,1,2680,1770,3,1,3900
14/10/2022 08:16:00,1,2680,1770,3,1,3890
14/10/2022 08:16:16,1,2680,1770,3,1,3890
14/10/2022 08:16:32,1,2680,1770,3,1,3890
14/10/2022 08:16:48,1,2680,1770,3,2,3520
14/10/2022 08:17:04,1,2680,1770,3,2,3520
14/10/2022 08:17:20,1,2680,1770,3,1,3480
14/10/2022 08:17:36,1,2680,1770,3,1,3480
14/10/2022 08:17:52,1,2680,1770,3,1,3490
14/10/2022 08:18:08,1,2680,1770,3,1,3490
14/10/2022 08:18:24,1,-999,1770,3,2,3490
14/10/2022 08:18:40,1,-999,1770,3,2,3490
14/10/2022 08:18:56,1,-999,1770,3,2,3490
14/10/2022 08:19:12,1,1680,1770,3,1,4550
14/10/2022 08:19:28,1,1690,1770,3,1,4550
14/10/2022 08:19:44,1,2920,1770,3,1,4660
14/10/2022 08:20:00,1,2920,1770,3,1,4660
14/10/2022 08:20:16,1,3820,1770,3,3,3700
14/10/2022 08:20:32,1,3820,1770,3,3,3700
14/10/2022 08:20:48,1,3820,1770,3,2,3570
14/10/2022 08:21:04,1,3820,1770,3,2,3570
14/10/2022 08:21:20,1,-999,1770,3,2,3570
14/10/2022 08:21:36,1,-999,1770,3,1,3550
14/10/2022 08:21:52,1,-999,1770,3,1,3550
14/10/2022 08:22:08,1,-999,1770,3,1,3520
14/10/2022 08:22:24,1,-999,1770,3,1,3520
14/10/2022 08:22:40,1,-999,1770,3,2,3570
14/10/2022 08:22:56,1,-999,1770,3,2,3570
14/10/2022 08:23:12,1,2980,1770,3,1,4720
14/10/2022 08:23:28,1,2980,1770,3,1,4720
14/10/2022 08:23:44,1,2980,1770,3,1,4720
14/10/2022 08:24:00,1,2980,1770,3,2,4730
14/10/2022 08:24:16,1,210,1770,3,2,4730
14/10/2022 08:24:32,1,3090,1770,3,1,4890
14/10/2022 08:24:48,1,3070,1770,3,1,4890
14/10/2022 08:25:04,1,2980,1770,3,1,4860
14/10/2022 08:25:20,1,190,1770,3,1,4860
14/10/2022 08:25:36,1,2060,1770,3,1,4950
14/10/2022 08:25:52,1,2060,1770,3,1,4950
14/10/2022 08:26:08,1,2640,1770,3,1,4950
14/10/2022 08:26:24,1,3020,1770,3,2,1630
14/10/2022 08:26:40,1,3020,1770,3,2,1630
14/10/2022 08:26:56,1,3020,1770,3,2,1520
14/10/2022 08:27:12,1,3020,1770,3,2,1520
14/10/2022 08:27:28,1,1360,1770,3,1,5170
14/10/2022 08:27:44,1,1360,1770,3,1,5170
14/10/2022 08:28:00,1,1360,1770,3,1,5250
14/10/2022 08:28:16,1,1360,1770,3,1,5250
14/10/2022 08:28:32,1,1360,1770,3,1,5250
14/10/2022 08:28:48,1,1370,1770,3,1,5310
14/10/2022 08:29:04,1,1360,1770,3,1,5310
14/10/2022 08:29:20,1,1360,1770,3,1,5330
14/10/2022 08:29:36,1,3000,1770,3,1,5330
14/10/2022 08:29:52,1,3000,1770,3,1,5410
14/10/2022 08:30:08,1,2690,1770,3,1,5410
14/10/2022 08:30:24,1,2690,1770,3,1,5440
14/10/2022 08:30:40,1,2460,1770,3,1,5440
14/10/2022 08:30:56,1,2090,1770,3,1,5440
14/10/2022 08:31:12,1,2230,1770,3,1,5440
14/10/2022 08:31:28,1,2200,1770,3,1,5440
14/10/2022 08:31:44,1,2200,1770,3,1,5340
14/10/2022 08:32:00,1,2170,1770,3,1,5340
14/10/2022 08:32:16,1,2160,1770,3,1,5350
14/10/2022 08:32:32,1,2150,1770,3,1,5350
14/10/2022 08:32:48,1,2130,1770,3,1,5490
14/10/2022 08:33:04,1,2130,1770,3,1,5490
14/10/2022 08:33:20,1,2120,1770,3,1,5490
14/10/2022 08:33:36,1,2090,1770,3,1,5460
14/10/2022 08:33:52,1,2060,1770,3,1,5460
14/10/2022 08:34:08,1,2020,1770,3,1,5440
14/10/2022 08:34:24,1,1960,1770,3,1,5440
14/10/2022 08:34:40,1,1970,1770,3,1,5420
14/10/2022 08:34:56,1,1980,1770,3,1,5420
14/10/2022 08:35:12,1,1940,1770,3,1,5420
14/10/2022 08:35:28,1,1890,1770,3,1,5420
14/10/2022 08:35:44,1,1740,1770,3,1,5420
14/10/2022 08:36:00,1,1590,1770,3,1,5430
14/10/2022 08:36:16,1,1470,1770,3,1,5430
14/10/2022 08:36:32,1,1350,1770,3,1,5490
14/10/2022 08:36:48,1,1230,1770,3,1,5490
14/10/2022 08:37:04,1,1180,1770,3,1,5530
14/10/2022 08:37:20,1,1120,1770,3,1,5530
14/10/2022 08:37:36,1,1050,1770,3,1,5510
14/10/2022 08:37:52,1,980,1770,3,1,5510
14/10/2022 08:38:08,1,930,1770,3,1,5510
14/10/2022 08:38:24,1,910,1770,3,1,5530
14/10/2022 08:38:40,1,900,1770,3,1,5530
14/10/2022 08:38:56,1,890,1770,3,1,5620
14/10/2022 08:39:12,1,870,1770,3,1,5620
14/10/2022 08:39:28,1,850,1770,3,1,5630
14/10/2022 08:39:44,1,840,1770,3,1,5630
14/10/2022 08:40:00,1,830,1770,3,1,5630
14/10/2022 08:40:16,1,800,1770,3,1,5630
14/10/2022 08:40:32,1,780,1770,3,1,5630
14/10/2022 08:40:48,1,740,1770,3,1,5500
14/10/2022 08:41:04,1,690,1770,3,1,5500
14/10/2022 08:41:20,1,440,1770,3,1,5510
14/10/2022 08:41:36,1,430,1770,3,1,5510
14/10/2022 08:41:52,1,430,1770,3,1,5530
14/10/2022 08:42:08,1,430,1770,3,1,5530
14/10/2022 08:42:24,1,430,1770,3,1,5550
14/10/2022 08:42:40,1,430,1770,3,1,5550
14/10/2022 08:42:56,1,430,1770,3,1,5550
14/10/2022 08:43:12,1,430,1770,3,1,5550
14/10/2022 08:43:28,1,430,1770,3,1,5550
14/10/2022 08:43:44,1,440,1770,3,1,5570
14/10/2022 08:44:00,1,440,1770,3,1,5570
14/10/2022 08:44:16,1,440,1770,3,2,5590
14/10/2022 08:44:32,1,440,1770,3,2,5590
14/10/2022 08:44:48,1,440,1770,3,1,9090
14/10/2022 08:45:04,1,440,1770,3,1,9090
14/10/2022 08:45:20,1,440,1770,3,1,9090
14/10/2022 08:45:36,1,440,1770,3,1,9100
14/10/2022 08:45:52,1,440,1770,3,1,9100
14/10/2022 08:46:08,1,450,1770,3,3,2920
14/10/2022 08:46:24,1,450,1770,3,3,2920
14/10/2022 08:46:40,1,450,1770,3,1,2900
14/10/2022 08:46:56,1,450,1770,3,1,2900
14/10/2022 08:47:12,1,450,1770,3,1,2900
14/10/2022 08:47:28,1,450,1770,3,1,2900
14/10/2022 08:47:44,1,450,1770,3,1,2900
14/10/2022 08:48:00,1,450,1770,3,1,2850
14/10/2022 08:48:16,1,450,1770,3,1,2850
14/10/2022 08:48:32,1,450,1770,3,1,2820
14/10/2022 08:48:48,1,450,1770,3,1,2820
14/10/2022 08:49:04,1,440,1770,3,1,2770
14/10/2022 08:49:20,1,440,1770,3,1,2770
14/10/2022 08:49:36,1,440,1770,3,1,2800
14/10/2022 08:49:52,1,440,1770,3,1,2800
14/10/2022 08:50:08,1,440,1770,3,1,2800
14/10/2022 08:50:24,1,430,1770,3,1,2750
14/10/2022 08:50:40,1,430,1770,3,1,2750
14/10/2022 08:50:56,1,430,1770,3,1,2710
14/10/2022 08:51:12,1,430,1770,3,1,2710
14/10/2022 08:51:28,1,430,1770,3,1,2710
14/10/2022 08:51:44,1,430,1770,3,1,2710
14/10/2022 08:52:00,1,430,1770,3,1,2690
14/10/2022 08:52:16,1,430,1770,3,1,2690
14/10/2022 08:52:32,1,430,1770,3,1,2690
14/10/2022 08:52:48,1,420,1770,3,1,2680
14/10/2022 08:53:04,1,420,1770,3,1,2680
14/10/2022 08:53:20,1,420,1770,3,1,2680
14/10/2022 08:53:36,1,420,1770,3,1,2680
14/10/2022 08:53:52,1,420,1770,3,1,2650
14/10/2022 08:54:08,1,420,1770,3,1,2650
14/10/2022 08:54:24,1,420,1770,3,1,2650
14/10/2022 08:54:40,1,420,1770,3,1,2650
14/10/2022 08:54:56,1,410,1770,3,1,2650
14/10/2022 08:55:12,1,410,1770,3,1,2640
14/10/2022 08:55:28,1,410,1770,3,1,2640
14/10/2022 08:55:44,1,410,1770,3,1,2620
14/10/2022 08:56:00,1,410,1770,3,1,2620
14/10/2022 08:56:16,1,410,1770,3,1,2610
14/10/2022 08:56:32,1,410,1770,3,1,2610
14/10/2022 08:56:48,1,410,1770,3,2,2600
14/10/2022 08:57:04,1,410,1770,3,2,2600
14/10/2022 08:57:20,1,410,1770,3,2,2600
14/10/2022 08:57:36,1,410,1770,3,2,1650
14/10/2022 08:57:52,1,410,1770,3,2,1650
14/10/2022 08:58:08,1,410,1770,3,2,1680
14/10/2022 08:58:24,1,400,1770,3,2,1680
14/10/2022 08:58:40,1,400,1770,3,1,3020
14/10/2022 08:58:56,1,400,1770,3,1,3020
14/10/2022 08:59:12,1,400,1770,3,1,3010
14/10/2022 08:59:28,1,400,1770,3,1,3010
14/10/2022 08:59:44,1,400,1770,3,1,3010
14/10/2022 09:00:00,1,400,430,3,1,3000
14/10/2022 09:00:16,1,400,430,3,1,3000
14/10/2022 09:00:32,1,400,430,3,1,3000
14/10/2022 09:00:48,1,400,430,3,1,3000
14/10/2022 09:01:04,1,400,430,3,1,2970
14/10/2022 09:01:20,1,400,430,3,1,2970
14/10/2022 09:01:36,1,400,430,3,1,2960
14/10/2022 09:01:52,1,400,430,3,1,2960
14/10/2022 09:02:08,1,400,430,3,1,2960
14/10/2022 09:02:24,1,390,430,3,0,-999
14/10/2022 09:02:40,1,390,430,3,0,-999
14/10/2022 09:02:56,1,390,430,3,0,-999
14/10/2022 09:03:12,1,390,430,3,0,-999
14/10/2022 09:03:28,1,390,430,3,0,-999
14/10/2022 09:03:44,1,390,430,3,0,-999
14/10/2022 09:04:00,1,390,430,3,0,-999
14/10/2022 09:04:16,1,390,430,3,0,-999
14/10/2022 09:04:32,1,390,430,3,0,-999
14/10/2022 09:04:48,1,390,430,3,0,-999
14/10/2022 09:05:04,1,390,430,3,0,-999
14/10/2022 09:05:20,1,390,430,3,0,-999
14/10/2022 09:05:36,1,390,430,3,0,-999
14/10/2022 09:05:52,1,390,430,3,0,-999
14/10/2022 09:06:08,1,390,430,3,0,-999
14/10/2022 09:06:24,1,390,430,3,0,-999
14/10/2022 09:06:40,1,390,430,3,0,-999
14/10/2022 09:06:56,1,390,430,3,0,-999
14/10/2022 09:07:12,1,390,430,3,0,-999
14/10/2022 09:07:28,1,390,430,3,0,-999
14/10/2022 09:07:44,1,390,430,3,0,-999
14/10/2022 09:08:00,1,390,430,3,0,-999
14/10/2022 09:08:16,1,390,430,3,0,-999
14/10/2022 09:08:32,1,400,430,3,0,-999
14/10/2022 09:08:48,1,400,430,3,0,-999
14/10/2022 09:09:04,1,400,430,3,0,-999
14/10/2022 09:09:20,1,400,430,3,0,-999
14/10/2022 09:09:36,1,400,430,3,0,-999
14/10/2022 09:09:52,1,410,430,3,0,-999
14/10/2022 09:10:08,1,410,430,3,0,-999
14/10/2022 09:10:24,1,410,430,3,0,-999
14/10/2022 09:10:40,1,410,430,3,0,-999
14/10/2022 09:10:56,1,410,430,3,0,-999
14/10/2022 09:11:12,1,410,430,3,1,2760
14/10/2022 09:11:28,1,410,430,3,1,2760
14/10/2022 09:11:44,1,410,430,3,1,2760
14/10/2022 09:12:00,1,410,430,3,1,2730
14/10/2022 09:12:16,1,420,430,3,1,2730
14/10/2022 09:12:32,1,430,430,3,1,2720
14/10/2022 09:12:48,1,430,430,3,1,2720
14/10/2022 09:13:04,1,440,430,3,1,2710
14/10/2022 09:13:20,1,450,430,3,1,2710
14/10/2022 09:13:36,1,460,430,3,1,2660
14/10/2022 09:13:52,1,460,430,3,1,2660
14/10/2022 09:14:08,1,460,430,3,1,2660
14/10/2022 09:14:24,1,460,430,3,1,2630
14/10/2022 09:14:40,1,460,430,3,1,2630
14/10/2022 09:14:56,1,460,430,3,1,2630
14/10/2022 09:15:12,1,460,430,3,1,2630
14/10/2022 09:15:28,1,460,430,3,0,-999
14/10/2022 09:15:44,1,470,430,3,0,-999
14/10/2022 09:16:00,1,470,430,3,0,-999
14/10/2022 09:16:16,1,470,430,3,0,-999
14/10/2022 09:16:32,1,470,430,3,0,-999
14/10/2022 09:16:48,1,470,430,3,0,-999
14/10/2022 09:17:04,1,470,430,3,0,-999
14/10/2022 09:17:20,1,470,430,3,0,-999
14/10/2022 09:17:36,1,470,430,3,0,-999
14/10/2022 09:17:52,1,480,430,3,1,1700
14/10/2022 09:18:08,1,480,430,3,1,1700
14/10/2022 09:18:24,1,480,430,3,1,1690
14/10/2022 09:18:40,1,480,430,3,1,1690
14/10/2022 09:18:56,1,480,430,3,1,1690
14/10/2022 09:19:12,1,480,430,3,1,1670
14/10/2022 09:19:28,1,480,430,3,1,1670
14/10/2022 09:19:44,1,480,430,3,1,1600
14/10/2022 09:20:00,1,480,430,3,1,1600
14/10/2022 09:20:16,1,480,430,3,1,1570
14/10/2022 09:20:32,1,480,430,3,1,1570
14/10/2022 09:20:48,1,480,430,3,1,1570
14/10/2022 09:21:04,1,480,430,3,1,1570
14/10/2022 09:21:20,1,480,430,3,1,1570
14/10/2022 09:21:36,1,480,430,3,1,1520
14/10/2022 09:21:52,1,490,430,3,1,1520
14/10/2022 09:22:08,1,490,430,3,1,1490
14/10/2022 09:22:24,1,490,430,3,1,1490
14/10/2022 09:22:40,1,490,430,3,1,1480
14/10/2022 09:22:56,1,500,430,3,1,1480
14/10/2022 09:23:12,1,510,430,3,1,1490
14/10/2022 09:23:28,1,510,430,3,1,1490
14/10/2022 09:23:44,1,510,430,3,1,1490
14/10/2022 09:24:00,1,550,430,3,1,1380
14/10/2022 09:24:16,1,550,430,3,1,1380
14/10/2022 09:24:32,1,550,430,3,1,1360
14/10/2022 09:24:48,1,550,430,3,1,1360
14/10/2022 09:25:04,1,550,430,3,1,1330
14/10/2022 09:25:20,1,550,430,3,1,1330
14/10/2022 09:25:36,1,550,430,3,1,1340
14/10/2022 09:25:52,1,550,430,3,1,1340
14/10/2022 09:26:08,1,550,430,3,1,1340
14/10/2022 09:26:24,1,540,430,3,1,1440
14/10/2022 09:26:40,1,530,430,3,1,1440
14/10/2022 09:26:56,1,530,430,3,1,1490
14/10/2022 09:27:12,1,520,430,3,1,1490
14/10/2022 09:27:28,1,520,430,3,1,1560
14/10/2022 09:27:44,1,520,430,3,1,1560
14/10/2022 09:28:00,1,520,430,3,1,1580
14/10/2022 09:28:16,1,520,430,3,1,1580
14/10/2022 09:28:32,1,520,430,3,1,1580
14/10/2022 09:28:48,1,510,430,3,1,1610
14/10/2022 09:29:04,1,510,430,3,1,1610
14/10/2022 09:29:20,1,510,430,3,1,1620
14/10/2022 09:29:36,1,500,430,3,1,1620
14/10/2022 09:29:52,1,500,430,3,2,1260
14/10/2022 09:30:08,1,500,430,3,2,1260
14/10/2022 09:30:24,1,500,430,3,1,1490
14/10/2022 09:30:40,1,500,430,3,1,1490
14/10/2022 09:30:56,1,1750,430,3,1,1490
14/10/2022 09:31:12,1,1750,430,3,2,1270
14/10/2022 09:31:28,1,1710,430,3,2,1270
14/10/2022 09:31:44,1,1710,430,3,1,1600
14/10/2022 09:32:00,1,1750,430,3,1,1600
14/10/2022 09:32:16,1,-999,430,3,2,1230
14/10/2022 09:32:32,1,-999,430,3,2,1230
14/10/2022 09:32:48,1,-999,430,3,2,1230
14/10/2022 09:33:04,1,1770,430,3,2,1230
14/10/2022 09:33:20,1,1790,430,3,2,1230
14/10/2022 09:33:36,1,-999,430,3,2,1240
14/10/2022 09:33:52,1,-999,430,3,2,1240
14/10/2022 09:34:08,1,-999,430,3,1,1220
14/10/2022 09:34:24,1,-999,430,3,1,1220
14/10/2022 09:34:40,1,-999,430,3,2,1200
14/10/2022 09:34:56,1,-999,430,3,2,1200
14/10/2022 09:35:12,1,-999,430,3,2,1380
14/10/2022 09:35:28,1,-999,430,3,2,1380
14/10/2022 09:35:44,1,-999,430,3,2,1380
14/10/2022 09:36:00,1,-999,430,3,1,1670
14/10/2022 09:36:16,1,-999,430,3,1,1670
14/10/2022 09:36:32,1,-999,430,3,2,1170
14/10/2022 09:36:48,1,-999,430,3,2,1170
14/10/2022 09:37:04,1,1280,430,3,1,1680
14/10/2022 09:37:20,1,1280,430,3,1,1680
14/10/2022 09:37:36,1,1280,430,3,2,1690
14/10/2022 09:37:52,1,-999,430,3,2,1690
14/10/2022 09:38:08,1,-999,430,3,2,1690
14/10/2022 09:38:24,1,-999,430,3,2,1060
14/10/2022 09:38:40,1,-999,430,3,2,1060
14/10/2022 09:38:56,1,-999,430,3,3,1050
14/10/2022 09:39:12,1,-999,430,3,3,1050
14/10/2022 09:39:28,1,1820,430,3,2,1060
14/10/2022 09:39:44,1,510,430,3,2,1060
14/10/2022 09:40:00,1,510,430,3,2,1030
14/10/2022 09:40:16,1,510,430,3,2,1030
14/10/2022 09:40:32,1,510,430,3,2,1030
14/10/2022 09:40:48,1,510,430,3,1,1690
14/10/2022 09:41:04,1,510,430,3,1,1690
14/10/2022 09:41:20,1,510,430,3,1,1710
14/10/2022 09:41:36,1,510,430,3,1,1710
14/10/2022 09:41:52,1,510,430,3,1,1690
14/10/2022 09:42:08,1,510,430,3,1,1690
14/10/2022 09:42:24,1,510,430,3,1,1700
14/10/2022 09:42:40,1,510,430,3,1,1700
14/10/2022 09:42:56,1,510,430,3,1,1700
14/10/2022 09:43:12,1,510,430,3,1,1700
14/10/2022 09:43:28,1,510,430,3,1,1700
14/10/2022 09:43:44,1,510,430,3,2,960
14/10/2022 09:44:00,1,510,430,3,2,960
14/10/2022 09:44:16,1,510,430,3,2,960
14/10/2022 09:44:32,1,510,430,3,2,960
14/10/2022 09:44:48,1,510,430,3,3,960
14/10/2022 09:45:04,1,510,430,3,3,960
14/10/2022 09:45:20,1,510,430,3,3,960
14/10/2022 09:45:36,1,510,430,3,3,960
14/10/2022 09:45:52,1,510,430,3,3,960
14/10/2022 09:46:08,1,510,430,3,2,960
14/10/2022 09:46:24,1,510,430,3,2,960
14/10/2022 09:46:40,1,510,430,3,2,1410
14/10/2022 09:46:56,1,510,430,3,2,1410
14/10/2022 09:47:12,1,510,430,3,1,1820
14/10/2022 09:47:28,1,510,430,3,1,1820
14/10/2022 09:47:44,1,510,430,3,1,1820
14/10/2022 09:48:00,1,510,430,3,1,1860
14/10/2022 09:48:16,1,510,430,3,1,1860
14/10/2022 09:48:32,1,510,430,3,1,1800
14/10/2022 09:48:48,1,510,430,3,1,1800
14/10/2022 09:49:04,1,510,430,3,1,1810
14/10/2022 09:49:20,1,510,430,3,1,1810
14/10/2022 09:49:36,1,510,430,3,1,1840
14/10/2022 09:49:52,1,510,430,3,1,1840
14/10/2022 09:50:08,1,510,430,3,1,1840
14/10/2022 09:50:24,1,510,430,3,2,1940
14/10/2022 09:50:40,1,510,430,3,2,1940
14/10/2022 09:50:56,1,510,430,3,1,2160
14/10/2022 09:51:12,1,510,430,3,1,2160
14/10/2022 09:51:28,1,510,430,3,1,2080
14/10/2022 09:51:44,1,500,430,3,1,2080
14/10/2022 09:52:00,1,500,430,3,1,1800
14/10/2022 09:52:16,1,500,430,3,1,1800
14/10/2022 09:52:32,1,500,430,3,1,1800
14/10/2022 09:52:48,1,850,430,3,1,1810
14/10/2022 09:53:04,1,850,430,3,1,1810
14/10/2022 09:53:20,1,850,430,3,1,1810
14/10/2022 09:53:36,1,850,430,3,1,1810
14/10/2022 09:53:52,1,850,430,3,1,1800
14/10/2022 09:54:08,1,850,430,3,1,1800
14/10/2022 09:54:24,1,850,430,3,1,1830
14/10/2022 09:54:40,1,850,430,3,1,1830
14/10/2022 09:54:56,1,850,430,3,1,1830
14/10/2022 09:55:12,1,850,430,3,1,1880
14/10/2022 09:55:28,1,850,430,3,1,1880
14/10/2022 09:55:44,1,850,430,3,1,1930
14/10/2022 09:56:00,1,850,430,3,1,1930
14/10/2022 09:56:16,1,840,430,3,1,1980
14/10/2022 09:56:32,1,840,430,3,1,1980
14/10/2022 09:56:48,1,840,430,3,1,2130
14/10/2022 09:57:04,1,840,430,3,1,2130
14/10/2022 09:57:20,1,840,430,3,1,2130
14/10/2022 09:57:36,1,840,430,3,1,2040
14/10/2022 09:57:52,1,840,430,3,1,2040
14/10/2022 09:58:08,1,830,430,3,2,2040
14/10/2022 09:58:24,1,830,430,3,2,2040
14/10/2022 09:58:40,1,-999,430,3,1,2580
14/10/2022 09:58:56,1,-999,430,3,1,2580
14/10/2022 09:59:12,1,-999,430,3,1,2520
14/10/2022 09:59:28,1,-999,430,3,1,2520
14/10/2022 09:59:44,1,-999,430,3,1,2520
14/10/2022 10:00:00,2,-999,470,3,1,2620
14/10/2022 10:00:16,2,-999,470,3,1,2620
14/10/2022 10:00:32,2,-999,470,3,1,2570
14/10/2022 10:00:48,2,-999,470,3,1,2570
14/10/2022 10:01:04,2,-999,470,3,1,2570
14/10/2022 10:01:20,2,-999,470,3,1,2570
14/10/2022 10:01:36,2,1640,470,3,0,-999
14/10/2022 10:01:52,2,1680,470,3,0,-999
14/10/2022 10:02:08,2,1680,470,3,0,-999
14/10/2022 10:02:24,2,-999,470,3,1,2450
14/10/2022 10:02:40,2,-999,470,3,1,2450
14/10/2022 10:02:56,2,-999,470,3,1,2450
14/10/2022 10:03:12,2,-999,470,3,1,2450
14/10/2022 10:03:28,2,-999,470,3,2,2260
14/10/2022 10:03:44,2,-999,470,3,2,2260
14/10/2022 10:04:00,2,-999,470,3,1,2470
14/10/2022 10:04:16,2,-999,470,3,1,2470
14/10/2022 10:04:32,2,2620,470,3,1,2470
14/10/2022 10:04:48,2,2620,470,3,1,2390
14/10/2022 10:05:04,2,2620,470,3,1,2390
14/10/2022 10:05:20,2,2620,470,3,1,2300
14/10/2022 10:05:36,2,2620,470,3,1,2300
14/10/2022 10:05:52,2,2610,470,3,1,2380
14/10/2022 10:06:08,2,2560,470,3,1,2380
14/10/2022 10:06:24,2,2560,470,3,1,2300
14/10/2022 10:06:40,2,2560,470,3,1,2300
14/10/2022 10:06:56,2,2560,470,3,1,2300
14/10/2022 10:07:12,2,2560,470,3,1,2340
14/10/2022 10:07:28,2,2560,470,3,1,2340
14/10/2022 10:07:44,2,2560,470,3,1,2130
14/10/2022 10:08:00,2,2560,470,3,1,2130
14/10/2022 10:08:16,2,2560,470,3,1,2610
14/10/2022 10:08:32,2,2500,470,3,1,2610
14/10/2022 10:08:48,2,-999,470,3,1,2590
14/10/2022 10:09:04,2,-999,470,3,1,2590
14/10/2022 10:09:20,2,-999,470,3,1,2590
14/10/2022 10:09:36,2,-999,470,3,1,2560
14/10/2022 10:09:52,2,-999,470,3,1,2560
14/10/2022 10:10:08,2,-999,470,3,1,2560
14/10/2022 10:10:24,2,2720,470,3,1,2560
14/10/2022 10:10:40,2,2720,470,3,1,2440
14/10/2022 10:10:56,2,2720,470,3,1,2440
14/10/2022 10:11:12,2,2720,470,3,2,2110
14/10/2022 10:11:28,2,2720,470,3,2,2110
14/10/2022 10:11:44,2,2720,470,3,2,2110
14/10/2022 10:12:00,2,2720,470,3,2,2020
14/10/2022 10:12:16,2,2720,470,3,2,2020
14/10/2022 10:12:32,2,-999,470,3,1,2000
14/10/2022 10:12:48,2,-999,470,3,1,2000
14/10/2022 10:13:04,2,-999,470,3,1,2020
14/10/2022 10:13:20,2,-999,470,3,1,2020
14/10/2022 10:13:36,2,-999,470,3,1,2020
14/10/2022 10:13:52,2,-999,470,3,1,2020
14/10/2022 10:14:08,2,-999,470,3,1,2020
14/10/2022 10:14:24,2,2250,470,3,1,2020
14/10/2022 10:14:40,2,2280,470,3,1,2020
14/10/2022 10:14:56,2,2280,470,3,1,2030
14/10/2022 10:15:12,2,2280,470,3,1,2030
14/10/2022 10:15:28,2,2250,470,3,1,1990
14/10/2022 10:15:44,2,2240,470,3,1,1990
14/10/2022 10:16:00,2,2240,470,3,1,1950
14/10/2022 10:16:16,2,2240,470,3,1,1950
14/10/2022 10:16:32,2,2240,470,3,1,1950
14/10/2022 10:16:48,2,2240,470,3,1,2010
14/10/2022 10:17:04,2,2240,470,3,1,2010
14/10/2022 10:17:20,2,2230,470,3,1,2020
14/10/2022 10:17:36,2,2230,470,3,1,2020
14/10/2022 10:17:52,2,2210,470,3,1,2030
14/10/2022 10:18:08,2,2210,470,3,1,2030
14/10/2022 10:18:24,2,2210,470,3,2,1170
14/10/2022 10:18:40,2,2210,470,3,2,1170
14/10/2022 10:18:56,2,2210,470,3,2,1170
14/10/2022 10:19:12,2,2200,470,3,1,2030
14/10/2022 10:19:28,2,2200,470,3,1,2030
14/10/2022 10:19:44,2,2200,470,3,1,2020
14/10/2022 10:20:00,2,2200,470,3,1,2020
14/10/2022 10:20:16,2,2210,470,3,1,2030
14/10/2022 10:20:32,2,2230,470,3,1,2030
14/10/2022 10:20:48,2,2230,470,3,1,2060
14/10/2022 10:21:04,2,2230,470,3,1,2060
14/10/2022 10:21:20,2,2230,470,3,1,2060
14/10/2022 10:21:36,2,2250,470,3,1,2010
14/10/2022 10:21:52,2,2250,470,3,1,2010
14/10/2022 10:22:08,2,2250,470,3,1,2000
14/10/2022 10:22:24,2,2250,470,3,1,2000
14/10/2022 10:22:40,2,2250,470,3,1,1970
14/10/2022 10:22:56,2,2250,470,3,1,1970
14/10/2022 10:23:12,2,2250,470,3,1,2010
14/10/2022 10:23:28,2,2250,470,3,1,2010
14/10/2022 10:23:44,2,2250,470,3,1,2010
14/10/2022 10:24:00,2,2240,470,3,1,1960
14/10/2022 10:24:16,2,2240,470,3,1,1960
14/10/2022 10:24:32,2,2250,470,3,1,2010
14/10/2022 10:24:48,2,2250,470,3,1,2010
14/10/2022 10:25:04,2,2250,470,3,1,2030
14/10/2022 10:25:20,2,2250,470,3,1,2030
14/10/2022 10:25:36,2,2250,470,3,1,2020
14/10/2022 10:25:52,2,2250,470,3,1,2020
14/10/2022 10:26:08,2,2250,470,3,1,2020
14/10/2022 10:26:24,2,2250,470,3,1,1980
14/10/2022 10:26:40,2,2250,470,3,1,1980
14/10/2022 10:26:56,2,2250,470,3,1,2210
14/10/2022 10:27:12,2,2250,470,3,1,2210
14/10/2022 10:27:28,2,2250,470,3,1,2210
14/10/2022 10:27:44,2,2270,470,3,1,2210
14/10/2022 10:28:00,2,2270,470,3,1,2020
14/10/2022 10:28:16,2,2270,470,3,1,2020
14/10/2022 10:28:32,2,2310,470,3,1,2020
14/10/2022 10:28:48,2,2310,470,3,2,2000
14/10/2022 10:29:04,2,2310,470,3,2,2000
14/10/2022 10:29:20,2,2310,470,3,1,2200
14/10/2022 10:29:36,2,2310,470,3,1,2200
14/10/2022 10:29:52,2,2310,470,3,1,2200
14/10/2022 10:30:08,2,2310,470,3,1,2200
14/10/2022 10:30:24,2,2310,470,3,1,2220
14/10/2022 10:30:40,2,2310,470,3,1,2220
14/10/2022 10:30:56,2,2310,470,3,1,2220
14/10/2022 10:31:12,2,2310,470,3,1,2310
14/10/2022 10:31:28,2,-999,470,3,1,2310
14/10/2022 10:31:44,2,-999,470,3,1,2290
14/10/2022 10:32:00,2,2500,470,3,1,2290
14/10/2022 10:32:16,2,2500,470,3,1,2230
14/10/2022 10:32:32,2,2490,470,3,1,2230
14/10/2022 10:32:48,2,2490,470,3,1,2230
14/10/2022 10:33:04,2,2490,470,3,1,2230
14/10/2022 10:33:20,2,2490,470,3,1,2230
14/10/2022 10:33:36,2,2490,470,3,1,2190
14/10/2022 10:33:52,2,2490,470,3,1,2190
14/10/2022 10:34:08,2,2490,470,3,1,2200
14/10/2022 10:34:24,2,2480,470,3,1,2200
14/10/2022 10:34:40,2,2480,470,3,1,2200
14/10/2022 10:34:56,2,2460,470,3,1,2200
14/10/2022 10:35:12,2,2460,470,3,1,2190
14/10/2022 10:35:28,2,2450,470,3,1,2190
14/10/2022 10:35:44,2,2450,470,3,1,2190
14/10/2022 10:36:00,2,2420,470,3,1,2220
14/10/2022 10:36:16,2,2420,470,3,1,2220
14/10/2022 10:36:32,2,2420,470,3,1,2220
14/10/2022 10:36:48,2,2420,470,3,1,2220
14/10/2022 10:37:04,2,2420,470,3,1,2250
14/10/2022 10:37:20,2,2420,470,3,1,2250
14/10/2022 10:37:36,2,2420,470,3,1,2250
14/10/2022 10:37:52,2,2420,470,3,1,2250
14/10/2022 10:38:08,2,2420,470,3,1,2250
14/10/2022 10:38:24,2,2440,470,3,1,2350
14/10/2022 10:38:40,2,2440,470,3,1,2350
14/10/2022 10:38:56,2,2440,470,3,1,2220
14/10/2022 10:39:12,2,2440,470,3,1,2220
14/10/2022 10:39:28,2,2440,470,3,1,2220
14/10/2022 10:39:44,2,2440,470,3,1,2220
14/10/2022 10:40:00,2,2440,470,3,1,2220
14/10/2022 10:40:16,2,2440,470,3,1,2220
14/10/2022 10:40:32,2,2440,470,3,1,2220
14/10/2022 10:40:48,2,2440,470,3,1,2170
14/10/2022 10:41:04,2,2440,470,3,1,2170
14/10/2022 10:41:20,2,2440,470,3,1,2180
14/10/2022 10:41:36,2,2440,470,3,1,2180
14/10/2022 10:41:52,2,2470,470,3,1,2220
14/10/2022 10:42:08,2,2470,470,3,1,2220
14/10/2022 10:42:24,2,2470,470,3,1,2210
14/10/2022 10:42:40,2,2470,470,3,1,2210
14/10/2022 10:42:56,2,2470,470,3,1,2210
14/10/2022 10:43:12,2,2470,470,3,1,2210
14/10/2022 10:43:28,2,2470,470,3,1,2210
14/10/2022 10:43:44,2,2470,470,3,1,2250
14/10/2022 10:44:00,2,2470,470,3,1,2250
14/10/2022 10:44:16,2,2470,470,3,1,2270
14/10/2022 10:44:32,2,2470,470,3,1,2270
14/10/2022 10:44:48,2,2470,470,3,1,2240
14/10/2022 10:45:04,2,2470,470,3,1,2240
14/10/2022 10:45:20,2,2430,470,3,1,2240
14/10/2022 10:45:36,2,2430,470,3,1,2180
14/10/2022 10:45:52,2,2370,470,3,1,2180
14/10/2022 10:46:08,2,2370,470,3,1,2170
14/10/2022 10:46:24,2,2370,470,3,1,2170
14/10/2022 10:46:40,2,2370,470,3,1,2170
14/10/2022 10:46:56,2,2340,470,3,1,2170
14/10/2022 10:47:12,2,2370,470,3,1,2180
14/10/2022 10:47:28,2,2370,470,3,1,2180
14/10/2022 10:47:44,2,2370,470,3,1,2180
14/10/2022 10:48:00,2,2370,470,3,1,2160
14/10/2022 10:48:16,2,2370,470,3,1,2160
14/10/2022 10:48:32,2,2370,470,3,1,2200
14/10/2022 10:48:48,2,2370,470,3,1,2200
14/10/2022 10:49:04,2,1170,470,3,0,-999
14/10/2022 10:49:20,2,1150,470,3,0,-999
14/10/2022 10:49:36,2,1150,470,3,0,-999
14/10/2022 10:49:52,2,1130,470,3,0,-999
14/10/2022 10:50:08,2,1110,470,3,0,-999
14/10/2022 10:50:24,2,1110,470,3,0,-999
14/10/2022 10:50:40,2,1120,470,3,0,-999
14/10/2022 10:50:56,2,1110,470,3,0,-999
14/10/2022 10:51:12,2,1120,470,3,0,-999
14/10/2022 10:51:28,2,1090,470,3,0,-999
14/10/2022 10:51:44,2,1100,470,3,0,-999
14/10/2022 10:52:00,2,1120,470,3,0,-999
14/10/2022 10:52:16,2,1120,470,3,0,-999
14/10/2022 10:52:32,2,1120,470,3,0,-999
14/10/2022 10:52:48,2,1130,470,3,0,-999
14/10/2022 10:53:04,2,1140,470,3,0,-999
14/10/2022 10:53:20,2,1150,470,3,0,-999
14/10/2022 10:53:36,2,1160,470,3,0,-999
14/10/2022 10:53:52,2,1160,470,3,0,-999
14/10/2022 10:54:08,2,1150,470,3,0,-999
14/10/2022 10:54:24,2,1150,470,3,0,-999
14/10/2022 10:54:40,2,1150,470,3,0,-999
14/10/2022 10:54:56,2,1150,470,3,0,-999
14/10/2022 10:55:12,2,1150,470,3,0,-999
14/10/2022 10:55:28,2,1140,470,3,0,-999
14/10/2022 10:55:44,2,1140,470,3,0,-999
14/10/2022 10:56:00,2,1130,470,3,0,-999
14/10/2022 10:56:16,2,1140,470,3,0,-999
14/10/2022 10:56:32,2,1150,470,3,0,-999
14/10/2022 10:56:48,2,1160,470,3,0,-999
14/10/2022 10:57:04,2,1170,470,3,0,-999
14/10/2022 10:57:20,2,1180,470,3,0,-999
14/10/2022 10:57:36,2,1170,470,3,0,-999
14/10/2022 10:57:52,2,1170,470,3,0,-999
14/10/2022 10:58:08,2,1160,470,3,0,-999
14/10/2022 10:58:24,2,1160,470,3,0,-999
14/10/2022 10:58:40,2,1170,470,3,0,-999
14/10/2022 10:58:56,2,1190,470,3,0,-999
