# Time, Layer_QualityIndex,bl_height,Mean_Layer_Height,n_BL,cloud_stat,cloud_dat
30/06/2026 10:00:00,-999,-999,-999,3,1,40
30/06/2026 10:00:16,-999,-999,-999,3,1,40
30/06/2026 10:00:32,-999,-999,-999,3,1,40
30/06/2026 10:00:48,-999,-999,-999,3,1,40
30/06/2026 10:01:04,-999,-999,-999,3,1,40
30/06/2026 10:01:20,-999,-999,-999,3,1,40
30/06/2026 10:01:36,-999,-999,-999,3,1,40
30/06/2026 10:01:52,-999,-999,-999,3,1,40
30/06/2026 10:02:08,-999,-999,-999,3,1,40
30/06/2026 10:02:24,-999,-999,-999,3,1,40
30/06/2026 10:02:40,-999,-999,-999,3,1,40
30/06/2026 10:02:56,-999,-999,-999,3,1,40
30/06/2026 10:03:12,-999,-999,-999,3,1,40
30/06/2026 10:03:28,-999,-999,-999,3,1,40
30/06/2026 10:03:44,-999,-999,-999,3,1,40
30/06/2026 10:04:00,-999,-999,-999,3,1,40
30/06/2026 10:04:16,-999,-999,-999,3,1,40
30/06/2026 10:04:32,-999,140,-999,3,0,-999
30/06/2026 10:04:48,-999,140,-999,3,0,-999
30/06/2026 10:05:04,-999,140,-999,3,0,-999
30/06/2026 10:05:20,-999,150,-999,3,0,-999
30/06/2026 10:05:36,-999,160,-999,3,0,-999
30/06/2026 10:05:52,-999,70,-999,3,0,-999
30/06/2026 10:06:08,-999,70,-999,3,0,-999
30/06/2026 10:06:24,-999,-999,-999,3,1,40
30/06/2026 10:06:40,-999,-999,-999,3,1,40
30/06/2026 10:06:56,-999,60,-999,3,1,10120
30/06/2026 10:07:12,-999,60,-999,3,1,10120
30/06/2026 10:07:28,-999,60,-999,3,1,10120
30/06/2026 10:07:44,-999,70,-999,3,1,10120
30/06/2026 10:08:00,-999,70,-999,3,1,10120
30/06/2026 10:08:16,-999,80,-999,3,2,10120
30/06/2026 10:08:32,-999,80,-999,3,2,10120
30/06/2026 10:08:48,-999,150,-999,3,1,10390
30/06/2026 10:09:04,-999,150,-999,3,1,10390
30/06/2026 10:09:20,-999,80,-999,3,2,10380
30/06/2026 10:09:36,-999,80,-999,3,2,10380
30/06/2026 10:09:52,-999,80,-999,3,2,10380
30/06/2026 10:10:08,-999,100,-999,3,1,10370
30/06/2026 10:10:24,-999,110,-999,3,1,10370
30/06/2026 10:10:40,-999,100,-999,3,1,10370
30/06/2026 10:10:56,-999,100,-999,3,1,10370
30/06/2026 10:11:12,-999,100,-999,3,1,10400
30/06/2026 10:11:28,-999,100,-999,3,1,10400
30/06/2026 10:11:44,-999,100,-999,3,1,10400
30/06/2026 10:12:00,-999,100,-999,3,1,10400
30/06/2026 10:12:16,-999,80,-999,3,1,10400
30/06/2026 10:12:32,-999,80,-999,3,1,10400
30/06/2026 10:12:48,-999,80,-999,3,1,10400
30/06/2026 10:13:04,-999,70,-999,3,1,10410
30/06/2026 10:13:20,-999,70,-999,3,1,10410
30/06/2026 10:13:36,-999,70,-999,3,1,10410
30/06/2026 10:13:52,-999,70,-999,3,1,10410
30/06/2026 10:14:08,-999,70,-999,3,1,10400
30/06/2026 10:14:24,-999,70,-999,3,1,10400
30/06/2026 10:14:40,-999,70,-999,3,1,10400
30/06/2026 10:14:56,-999,60,-999,3,1,10430
30/06/2026 10:15:12,-999,60,-999,3,1,10430
30/06/2026 10:15:28,-999,60,-999,3,2,7490
30/06/2026 10:15:44,-999,60,-999,3,2,7490
30/06/2026 10:16:00,-999,60,-999,3,1,7500
30/06/2026 10:16:16,-999,60,-999,3,1,7500
30/06/2026 10:16:32,-999,60,-999,3,1,7510
30/06/2026 10:16:48,-999,60,-999,3,1,7510
30/06/2026 10:17:04,-999,60,-999,3,1,7510
30/06/2026 10:17:20,-999,60,-999,3,1,7500
30/06/2026 10:17:36,-999,60,-999,3,1,7500
30/06/2026 10:17:52,-999,60,-999,3,3,7520
30/06/2026 10:18:08,-999,60,-999,3,3,7520
30/06/2026 10:18:24,-999,70,-999,3,2,10700
30/06/2026 10:18:40,-999,70,-999,3,2,10700
30/06/2026 10:18:56,-999,70,-999,3,1,10690
30/06/2026 10:19:12,-999,70,-999,3,1,10690
30/06/2026 10:19:28,-999,70,-999,3,1,10690
30/06/2026 10:19:44,-999,70,-999,3,1,10500
30/06/2026 10:20:00,-999,70,-999,3,1,10500
30/06/2026 10:20:16,-999,70,-999,3,1,10500
30/06/2026 10:20:32,-999,70,-999,3,1,10500
30/06/2026 10:20:48,-999,70,-999,3,2,10290
30/06/2026 10:21:04,-999,70,-999,3,2,10290
30/06/2026 10:21:20,-999,70,-999,3,1,10140
30/06/2026 10:21:36,-999,70,-999,3,1,10140
30/06/2026 10:21:52,-999,70,-999,3,1,10140
30/06/2026 10:22:08,-999,80,-999,3,1,10140
30/06/2026 10:22:24,-999,80,-999,3,1,10140
30/06/2026 10:22:40,-999,80,-999,3,2,10140
30/06/2026 10:22:56,-999,80,-999,3,2,10140
30/06/2026 10:23:12,-999,80,-999,3,1,10170
30/06/2026 10:23:28,-999,80,-999,3,1,10170
30/06/2026 10:23:44,-999,80,-999,3,1,10100
30/06/2026 10:24:00,-999,80,-999,3,1,10100
30/06/2026 10:24:16,-999,80,-999,3,1,10100
30/06/2026 10:24:32,-999,80,-999,3,1,10100
30/06/2026 10:24:48,-999,80,-999,3,1,10100
30/06/2026 10:25:04,-999,80,-999,3,1,10100
30/06/2026 10:25:20,-999,80,-999,3,1,10100
30/06/2026 10:25:36,-999,80,-999,3,1,10180
30/06/2026 10:25:52,-999,80,-999,3,1,10180
30/06/2026 10:26:08,-999,80,-999,3,1,10170
30/06/2026 10:26:24,-999,80,-999,3,1,10170
30/06/2026 10:26:40,-999,80,-999,3,1,10170
30/06/2026 10:26:56,-999,80,-999,3,1,10170
30/06/2026 10:27:12,-999,80,-999,3,1,10170
30/06/2026 10:27:28,-999,80,-999,3,1,10170
30/06/2026 10:27:44,-999,80,-999,3,1,10170
30/06/2026 10:28:00,-999,90,-999,3,1,10180
30/06/2026 10:28:16,-999,90,-999,3,1,10180
30/06/2026 10:28:32,-999,90,-999,3,1,10160
30/06/2026 10:28:48,-999,90,-999,3,1,10160
30/06/2026 10:29:04,-999,90,-999,3,1,10160
30/06/2026 10:29:20,-999,90,-999,3,1,10260
30/06/2026 10:29:36,-999,90,-999,3,1,10260
30/06/2026 10:29:52,-999,90,-999,3,1,10230
30/06/2026 10:30:08,-999,90,-999,3,1,10230
30/06/2026 10:30:24,-999,90,-999,3,1,10230
30/06/2026 10:30:40,-999,90,-999,3,1,10230
30/06/2026 10:30:56,-999,90,-999,3,1,10230
30/06/2026 10:31:12,-999,90,-999,3,1,10230
30/06/2026 10:31:28,-999,90,-999,3,1,10230
30/06/2026 10:31:44,-999,90,-999,3,1,10230
30/06/2026 10:32:00,-999,90,-999,3,1,10230
30/06/2026 10:32:16,-999,90,-999,3,1,10230
30/06/2026 10:32:32,-999,90,-999,3,1,10230
30/06/2026 10:32:48,-999,90,-999,3,0,-999
30/06/2026 10:33:04,-999,90,-999,3,0,-999
30/06/2026 10:33:20,-999,90,-999,3,0,-999
30/06/2026 10:33:36,-999,90,-999,3,0,-999
30/06/2026 10:33:52,-999,90,-999,3,1,10090
30/06/2026 10:34:08,-999,90,-999,3,1,10090
30/06/2026 10:34:24,-999,90,-999,3,1,10090
30/06/2026 10:34:40,-999,90,-999,3,0,-999
30/06/2026 10:34:56,-999,90,-999,3,0,-999
30/06/2026 10:35:12,-999,90,-999,3,0,-999
30/06/2026 10:35:28,-999,90,-999,3,0,-999
30/06/2026 10:35:44,-999,90,-999,3,1,9180
30/06/2026 10:36:00,-999,90,-999,3,1,9180
30/06/2026 10:36:16,-999,90,-999,3,1,8990
30/06/2026 10:36:32,-999,90,-999,3,1,8990
30/06/2026 10:36:48,-999,90,-999,3,1,8990
30/06/2026 10:37:04,-999,90,-999,3,0,-999
30/06/2026 10:37:20,-999,90,-999,3,0,-999
30/06/2026 10:37:36,-999,90,-999,3,0,-999
30/06/2026 10:37:52,-999,90,-999,3,0,-999
30/06/2026 10:38:08,-999,90,-999,3,2,8980
30/06/2026 10:38:24,-999,90,-999,3,2,8980
30/06/2026 10:38:40,-999,90,-999,3,2,3480
30/06/2026 10:38:56,-999,90,-999,3,2,3480
30/06/2026 10:39:12,-999,90,-999,3,2,3480
30/06/2026 10:39:28,-999,90,-999,3,1,3480
30/06/2026 10:39:44,-999,90,-999,3,1,3480
30/06/2026 10:40:00,-999,90,-999,3,1,3470
30/06/2026 10:40:16,-999,90,-999,3,1,3470
30/06/2026 10:40:32,-999,90,-999,3,1,3450
30/06/2026 10:40:48,-999,90,-999,3,1,3450
30/06/2026 10:41:04,-999,90,-999,3,1,3440
30/06/2026 10:41:20,-999,90,-999,3,1,3440
30/06/2026 10:41:36,-999,90,-999,3,1,3440
30/06/2026 10:41:52,-999,90,-999,3,0,-999
30/06/2026 10:42:08,-999,90,-999,3,0,-999
30/06/2026 10:42:24,-999,90,-999,3,0,-999
30/06/2026 10:42:40,-999,90,-999,3,0,-999
30/06/2026 10:42:56,-999,90,-999,3,1,3460
30/06/2026 10:43:12,-999,90,-999,3,1,3460
30/06/2026 10:43:28,-999,90,-999,3,1,3470
30/06/2026 10:43:44,-999,90,-999,3,1,3470
30/06/2026 10:44:00,-999,90,-999,3,1,3470
30/06/2026 10:44:16,-999,90,-999,3,1,3460
30/06/2026 10:44:32,-999,90,-999,3,1,3460
30/06/2026 10:44:48,-999,90,-999,3,1,3460
30/06/2026 10:45:04,-999,90,-999,3,1,3460
30/06/2026 10:45:20,-999,90,-999,3,1,3460
30/06/2026 10:45:36,-999,90,-999,3,1,3460
30/06/2026 10:45:52,-999,90,-999,3,1,3450
30/06/2026 10:46:08,-999,90,-999,3,1,3450
30/06/2026 10:46:24,-999,90,-999,3,1,3450
30/06/2026 10:46:40,-999,90,-999,3,1,3450
30/06/2026 10:46:56,-999,90,-999,3,1,3450
30/06/2026 10:47:12,-999,90,-999,3,1,3450
30/06/2026 10:47:28,-999,90,-999,3,1,3450
30/06/2026 10:47:44,-999,90,-999,3,1,3460
30/06/2026 10:48:00,-999,90,-999,3,1,3460
30/06/2026 10:48:16,-999,90,-999,3,1,3440
30/06/2026 10:48:32,-999,80,-999,3,1,3440
30/06/2026 10:48:48,-999,80,-999,3,1,3440
30/06/2026 10:49:04,-999,80,-999,3,1,3450
30/06/2026 10:49:20,-999,80,-999,3,1,3450
30/06/2026 10:49:36,-999,80,-999,3,1,3450
30/06/2026 10:49:52,-999,80,-999,3,1,3450
30/06/2026 10:50:08,-999,290,-999,3,1,3460
30/06/2026 10:50:24,-999,290,-999,3,1,3460
30/06/2026 10:50:40,-999,290,-999,3,1,10410
30/06/2026 10:50:56,-999,290,-999,3,1,10410
30/06/2026 10:51:12,-999,290,-999,3,1,10410
30/06/2026 10:51:28,-999,280,-999,3,1,10340
30/06/2026 10:51:44,-999,280,-999,3,1,10340
30/06/2026 10:52:00,-999,280,-999,3,1,10340
30/06/2026 10:52:16,-999,280,-999,3,1,10340
30/06/2026 10:52:32,-999,280,-999,3,1,10510
30/06/2026 10:52:48,-999,280,-999,3,1,10510
30/06/2026 10:53:04,-999,280,-999,3,1,10500
30/06/2026 10:53:20,-999,280,-999,3,1,10500
30/06/2026 10:53:36,-999,280,-999,3,1,10500
30/06/2026 10:53:52,-999,280,-999,3,2,3460
30/06/2026 10:54:08,-999,280,-999,3,2,3460
30/06/2026 10:54:24,-999,270,-999,3,1,3450
30/06/2026 10:54:40,-999,270,-999,3,1,3450
30/06/2026 10:54:56,-999,270,-999,3,1,3430
30/06/2026 10:55:12,-999,270,-999,3,1,3430
30/06/2026 10:55:28,-999,270,-999,3,1,3430
30/06/2026 10:55:44,-999,270,-999,3,1,3430
30/06/2026 10:56:00,-999,270,-999,3,1,3430
30/06/2026 10:56:16,-999,270,-999,3,1,3430
30/06/2026 10:56:32,-999,270,-999,3,1,3430
30/06/2026 10:56:48,-999,260,-999,3,2,3430
30/06/2026 10:57:04,-999,260,-999,3,2,3430
30/06/2026 10:57:20,-999,260,-999,3,2,3420
30/06/2026 10:57:36,-999,260,-999,3,2,3420
30/06/2026 10:57:52,-999,260,-999,3,1,3430
30/06/2026 10:58:08,-999,260,-999,3,1,3430
30/06/2026 10:58:24,-999,260,-999,3,1,3430
30/06/2026 10:58:40,-999,260,-999,3,1,3430
30/06/2026 10:58:56,-999,260,-999,3,1,3430
30/06/2026 10:59:12,-999,250,-999,3,1,3430
30/06/2026 10:59:28,-999,250,-999,3,1,3430
30/06/2026 10:59:44,-999,250,-999,3,1,3440
30/06/2026 11:00:00,-999,250,-999,3,1,3440
30/06/2026 11:00:16,-999,250,-999,3,1,3440
30/06/2026 11:00:32,-999,250,-999,3,1,3440
30/06/2026 11:00:48,-999,250,-999,3,1,3440
30/06/2026 11:01:04,-999,240,-999,3,1,3430
30/06/2026 11:01:20,-999,240,-999,3,1,3430
30/06/2026 11:01:36,-999,240,-999,3,1,3420
30/06/2026 11:01:52,-999,240,-999,3,1,3420
30/06/2026 11:02:08,-999,240,-999,3,1,3420
30/06/2026 11:02:24,-999,240,-999,3,1,3420
30/06/2026 11:02:40,-999,240,-999,3,1,3420
30/06/2026 11:02:56,-999,240,-999,3,1,3420
30/06/2026 11:03:12,-999,240,-999,3,1,3420
30/06/2026 11:03:28,-999,240,-999,3,1,3410
30/06/2026 11:03:44,-999,240,-999,3,1,3410
30/06/2026 11:04:00,-999,230,-999,3,1,3410
30/06/2026 11:04:16,-999,230,-999,3,1,3410
30/06/2026 11:04:32,-999,230,-999,3,1,3410
30/06/2026 11:04:48,-999,230,-999,3,1,3410
30/06/2026 11:05:04,-999,230,-999,3,1,3410
30/06/2026 11:05:20,-999,230,-999,3,1,3410
30/06/2026 11:05:36,-999,230,-999,3,1,3410
30/06/2026 11:05:52,-999,230,-999,3,1,3430
30/06/2026 11:06:08,-999,230,-999,3,1,3430
30/06/2026 11:06:24,-999,230,-999,3,1,3430
30/06/2026 11:06:40,-999,230,-999,3,1,3430
30/06/2026 11:06:56,-999,230,-999,3,1,3430
30/06/2026 11:07:12,-999,230,-999,3,1,3430
30/06/2026 11:07:28,-999,230,-999,3,1,3430
30/06/2026 11:07:44,-999,230,-999,3,1,3430
30/06/2026 11:08:00,-999,230,-999,3,1,3430
30/06/2026 11:08:16,-999,230,-999,3,1,3420
30/06/2026 11:08:32,-999,230,-999,3,1,3420
30/06/2026 11:08:48,-999,230,-999,3,1,3440
30/06/2026 11:09:04,-999,230,-999,3,1,3440
30/06/2026 11:09:20,-999,230,-999,3,1,3420
30/06/2026 11:09:36,-999,230,-999,3,1,3420
30/06/2026 11:09:52,-999,220,-999,3,1,3420
30/06/2026 11:10:08,-999,220,-999,3,1,3420
30/06/2026 11:10:24,-999,220,-999,3,1,3420
30/06/2026 11:10:40,-999,220,-999,3,1,3440
30/06/2026 11:10:56,-999,220,-999,3,1,3440
30/06/2026 11:11:12,-999,210,-999,3,1,3430
30/06/2026 11:11:28,-999,140,-999,3,1,3430
30/06/2026 11:11:44,-999,140,-999,3,1,3440
30/06/2026 11:12:00,-999,130,-999,3,1,3440
30/06/2026 11:12:16,-999,130,-999,3,1,3440
30/06/2026 11:12:32,-999,130,-999,3,1,3430
30/06/2026 11:12:48,-999,130,-999,3,1,3430
30/06/2026 11:13:04,-999,130,-999,3,1,3430
30/06/2026 11:13:20,-999,130,-999,3,1,3430
30/06/2026 11:13:36,-999,130,-999,3,1,3440
30/06/2026 11:13:52,-999,130,-999,3,1,3440
30/06/2026 11:14:08,-999,130,-999,3,1,3430
30/06/2026 11:14:24,-999,130,-999,3,1,3430
30/06/2026 11:14:40,-999,130,-999,3,1,3430
30/06/2026 11:14:56,-999,130,-999,3,1,3440
30/06/2026 11:15:12,-999,130,-999,3,1,3440
30/06/2026 11:15:28,-999,130,-999,3,1,3430
30/06/2026 11:15:44,-999,130,-999,3,1,3430
30/06/2026 11:16:00,-999,140,-999,3,1,3430
30/06/2026 11:16:16,-999,140,-999,3,1,3430
30/06/2026 11:16:32,-999,140,-999,3,1,3420
30/06/2026 11:16:48,-999,140,-999,3,1,3420
30/06/2026 11:17:04,-999,140,-999,3,1,3420
30/06/2026 11:17:20,-999,140,-999,3,1,3420
30/06/2026 11:17:36,-999,140,-999,3,1,3420
30/06/2026 11:17:52,-999,140,-999,3,1,3420
30/06/2026 11:18:08,-999,140,-999,3,1,3420
30/06/2026 11:18:24,-999,150,-999,3,1,3430
30/06/2026 11:18:40,-999,150,-999,3,1,3430
30/06/2026 11:18:56,-999,150,-999,3,1,3420
30/06/2026 11:19:12,-999,150,-999,3,1,3420
30/06/2026 11:19:28,-999,150,-999,3,1,3420
30/06/2026 11:19:44,-999,150,-999,3,1,3400
30/06/2026 11:20:00,-999,150,-999,3,1,3400
30/06/2026 11:20:16,-999,150,-999,3,1,3370
30/06/2026 11:20:32,-999,430,-999,3,1,3370
30/06/2026 11:20:48,-999,420,-999,3,1,3430
30/06/2026 11:21:04,-999,420,-999,3,1,3430
30/06/2026 11:21:20,-999,420,-999,3,1,3430
30/06/2026 11:21:36,-999,420,-999,3,1,3430
30/06/2026 11:21:52,-999,410,-999,3,1,3430
30/06/2026 11:22:08,-999,410,-999,3,1,3420
30/06/2026 11:22:24,-999,410,-999,3,1,3420
30/06/2026 11:22:40,-999,410,-999,3,1,3410
30/06/2026 11:22:56,-999,190,-999,3,1,3410
30/06/2026 11:23:12,-999,190,-999,3,1,3400
30/06/2026 11:23:28,-999,190,-999,3,1,3400
30/06/2026 11:23:44,-999,190,-999,3,1,3380
30/06/2026 11:24:00,-999,190,-999,3,1,3380
30/06/2026 11:24:16,-999,190,-999,3,1,3370
30/06/2026 11:24:32,-999,190,-999,3,1,3370
30/06/2026 11:24:48,-999,190,-999,3,1,3370
30/06/2026 11:25:04,-999,190,-999,3,1,3360
30/06/2026 11:25:20,-999,190,-999,3,1,3360
30/06/2026 11:25:36,-999,190,-999,3,1,3470
30/06/2026 11:25:52,-999,190,-999,3,1,3470
30/06/2026 11:26:08,-999,190,-999,3,1,3490
30/06/2026 11:26:24,-999,190,-999,3,1,3490
30/06/2026 11:26:40,-999,200,-999,3,1,3490
30/06/2026 11:26:56,-999,200,-999,3,1,3480
30/06/2026 11:27:12,-999,200,-999,3,1,3480
30/06/2026 11:27:28,-999,200,-999,3,1,3470
30/06/2026 11:27:44,-999,200,-999,3,1,3470
30/06/2026 11:28:00,-999,200,-999,3,1,3450
30/06/2026 11:28:16,-999,200,-999,3,1,3450
30/06/2026 11:28:32,-999,200,-999,3,1,3470
30/06/2026 11:28:48,-999,210,-999,3,1,3470
30/06/2026 11:29:04,-999,210,-999,3,1,3480
30/06/2026 11:29:20,-999,210,-999,3,1,3480
30/06/2026 11:29:36,-999,210,-999,3,1,3480
30/06/2026 11:29:52,-999,210,-999,3,1,3480
30/06/2026 11:30:08,-999,210,-999,3,1,3480
30/06/2026 11:30:24,-999,210,-999,3,1,3470
30/06/2026 11:30:40,-999,210,-999,3,1,3470
30/06/2026 11:30:56,-999,220,-999,3,1,3460
30/06/2026 11:31:12,-999,220,-999,3,1,3460
30/06/2026 11:31:28,-999,220,-999,3,1,3460
30/06/2026 11:31:44,-999,220,-999,3,1,3460
30/06/2026 11:32:00,-999,220,-999,3,1,3460
30/06/2026 11:32:16,-999,220,-999,3,1,3450
30/06/2026 11:32:32,-999,220,-999,3,1,3450
30/06/2026 11:32:48,-999,220,-999,3,1,3450
30/06/2026 11:33:04,-999,220,-999,3,1,3450
30/06/2026 11:33:20,-999,220,-999,3,1,3450
30/06/2026 11:33:36,-999,220,-999,3,1,3450
30/06/2026 11:33:52,-999,230,-999,3,1,3450
30/06/2026 11:34:08,-999,230,-999,3,1,3450
30/06/2026 11:34:24,-999,230,-999,3,1,3450
30/06/2026 11:34:40,-999,230,-999,3,1,3430
30/06/2026 11:34:56,-999,230,-999,3,1,3430
30/06/2026 11:35:12,-999,230,-999,3,1,3420
30/06/2026 11:35:28,-999,240,-999,3,1,3420
30/06/2026 11:35:44,-999,250,-999,3,0,-999
30/06/2026 11:36:00,-999,250,-999,3,0,-999
30/06/2026 11:36:16,-999,250,-999,3,0,-999
30/06/2026 11:36:32,-999,260,-999,3,0,-999
30/06/2026 11:36:48,-999,270,-999,3,0,-999
30/06/2026 11:37:04,-999,280,-999,3,0,-999
30/06/2026 11:37:20,-999,310,-999,3,0,-999
30/06/2026 11:37:36,-999,310,-999,3,0,-999
30/06/2026 11:37:52,-999,310,-999,3,0,-999
30/06/2026 11:38:08,-999,320,-999,3,0,-999
30/06/2026 11:38:24,-999,320,-999,3,0,-999
30/06/2026 11:38:40,-999,320,-999,3,0,-999
30/06/2026 11:38:56,-999,330,-999,3,0,-999
30/06/2026 11:39:12,-999,340,-999,3,0,-999
30/06/2026 11:39:28,-999,340,-999,3,1,7520
30/06/2026 11:39:44,-999,340,-999,3,1,7520
30/06/2026 11:40:00,-999,340,-999,3,1,7700
30/06/2026 11:40:16,-999,340,-999,3,1,7700
30/06/2026 11:40:32,-999,340,-999,3,2,7360
30/06/2026 11:40:48,-999,340,-999,3,2,7360
30/06/2026 11:41:04,-999,350,-999,3,2,7360
30/06/2026 11:41:20,-999,350,-999,3,1,7260
30/06/2026 11:41:36,-999,350,-999,3,1,7260
30/06/2026 11:41:52,-999,350,-999,3,0,-999
30/06/2026 11:42:08,-999,350,-999,3,0,-999
30/06/2026 11:42:24,-999,350,-999,3,2,7120
30/06/2026 11:42:40,-999,350,-999,3,2,7120
30/06/2026 11:42:56,-999,350,-999,3,2,7200
30/06/2026 11:43:12,-999,350,-999,3,2,7200
30/06/2026 11:43:28,-999,350,-999,3,2,7200
30/06/2026 11:43:44,-999,350,-999,3,2,7190
30/06/2026 11:44:00,-999,350,-999,3,2,7190
30/06/2026 11:44:16,-999,350,-999,3,2,7350
30/06/2026 11:44:32,-999,350,-999,3,2,7350
30/06/2026 11:44:48,-999,350,-999,3,0,-999
30/06/2026 11:45:04,-999,350,-999,3,0,-999
30/06/2026 11:45:20,-999,350,-999,3,0,-999
30/06/2026 11:45:36,-999,350,-999,3,0,-999
30/06/2026 11:45:52,-999,350,-999,3,0,-999
30/06/2026 11:46:08,-999,350,-999,3,0,-999
30/06/2026 11:46:24,-999,350,-999,3,0,-999
30/06/2026 11:46:40,-999,350,-999,3,0,-999
30/06/2026 11:46:56,-999,350,-999,3,0,-999
30/06/2026 11:47:12,-999,350,-999,3,0,-999
30/06/2026 11:47:28,-999,350,-999,3,0,-999
30/06/2026 11:47:44,-999,350,-999,3,0,-999
30/06/2026 11:48:00,-999,350,-999,3,0,-999
30/06/2026 11:48:16,-999,350,-999,3,0,-999
30/06/2026 11:48:32,-999,350,-999,3,0,-999
30/06/2026 11:48:48,-999,350,-999,3,0,-999
30/06/2026 11:49:04,-999,350,-999,3,0,-999
30/06/2026 11:49:20,-999,350,-999,3,0,-999
30/06/2026 11:49:36,-999,350,-999,3,0,-999
30/06/2026 11:49:52,-999,350,-999,3,0,-999
30/06/2026 11:50:08,-999,350,-999,3,0,-999
30/06/2026 11:50:24,-999,350,-999,3,0,-999
30/06/2026 11:50:40,-999,350,-999,3,0,-999
30/06/2026 11:50:56,-999,350,-999,3,0,-999
30/06/2026 11:51:12,-999,350,-999,3,0,-999
30/06/2026 11:51:28,-999,350,-999,3,0,-999
30/06/2026 11:51:44,-999,350,-999,3,0,-999
30/06/2026 11:52:00,-999,350,-999,3,0,-999
30/06/2026 11:52:16,-999,350,-999,3,0,-999
30/06/2026 11:52:32,-999,350,-999,3,0,-999
30/06/2026 11:52:48,-999,350,-999,3,0,-999
30/06/2026 11:53:04,-999,350,-999,3,0,-999
30/06/2026 11:53:20,-999,350,-999,3,0,-999
30/06/2026 11:53:36,-999,350,-999,3,0,-999
30/06/2026 11:53:52,-999,350,-999,3,0,-999
30/06/2026 11:54:08,-999,350,-999,3,0,-999
30/06/2026 11:54:24,-999,350,-999,3,0,-999
30/06/2026 11:54:40,-999,350,-999,3,0,-999
30/06/2026 11:54:56,-999,350,-999,3,0,-999
30/06/2026 11:55:12,-999,350,-999,3,0,-999
30/06/2026 11:55:28,-999,350,-999,3,0,-999
30/06/2026 11:55:44,-999,350,-999,3,0,-999
30/06/2026 11:56:00,-999,350,-999,3,0,-999
30/06/2026 11:56:16,-999,350,-999,3,0,-999
30/06/2026 11:56:32,-999,350,-999,3,0,-999
30/06/2026 11:56:48,-999,350,-999,3,0,-999
30/06/2026 11:57:04,-999,350,-999,3,0,-999
30/06/2026 11:57:20,-999,350,-999,3,0,-999
30/06/2026 11:57:36,-999,350,-999,3,0,-999
30/06/2026 11:57:52,-999,350,-999,3,0,-999
30/06/2026 11:58:08,-999,350,-999,3,0,-999
30/06/2026 11:58:24,-999,350,-999,3,0,-999
30/06/2026 11:58:40,-999,350,-999,3,0,-999
30/06/2026 11:58:56,-999,350,-999,3,0,-999
30/06/2026 11:59:12,-999,350,-999,3,0,-999
30/06/2026 11:59:28,-999,350,-999,3,0,-999
30/06/2026 11:59:44,-999,350,-999,3,1,7450
30/06/2026 12:00:00,2,350,310,3,1,7450
30/06/2026 12:00:16,2,350,310,3,1,7450
30/06/2026 12:00:32,2,350,310,3,0,-999
30/06/2026 12:00:48,2,350,310,3,0,-999
30/06/2026 12:01:04,2,350,310,3,0,-999
30/06/2026 12:01:20,2,350,310,3,0,-999
30/06/2026 12:01:36,2,360,310,3,1,7460
30/06/2026 12:01:52,2,360,310,3,1,7460
30/06/2026 12:02:08,2,360,310,3,1,7480
30/06/2026 12:02:24,2,360,310,3,1,7480
30/06/2026 12:02:40,2,360,310,3,1,7480
30/06/2026 12:02:56,2,360,310,3,1,7100
30/06/2026 12:03:12,2,360,310,3,1,7100
30/06/2026 12:03:28,2,360,310,3,1,7100
30/06/2026 12:03:44,2,360,310,3,1,7100
30/06/2026 12:04:00,2,360,310,3,1,7100
30/06/2026 12:04:16,2,360,310,3,1,7100
30/06/2026 12:04:32,2,360,310,3,0,-999
30/06/2026 12:04:48,2,360,310,3,0,-999
30/06/2026 12:05:04,2,360,310,3,0,-999
30/06/2026 12:05:20,2,360,310,3,0,-999
30/06/2026 12:05:36,2,360,310,3,0,-999
30/06/2026 12:05:52,2,360,310,3,0,-999
30/06/2026 12:06:08,2,360,310,3,0,-999
30/06/2026 12:06:24,2,360,310,3,0,-999
30/06/2026 12:06:40,2,360,310,3,0,-999
30/06/2026 12:06:56,2,360,310,3,0,-999
30/06/2026 12:07:12,2,360,310,3,0,-999
30/06/2026 12:07:28,2,360,310,3,0,-999
30/06/2026 12:07:44,2,360,310,3,0,-999
30/06/2026 12:08:00,2,370,310,3,0,-999
30/06/2026 12:08:16,2,370,310,3,0,-999
30/06/2026 12:08:32,2,370,310,3,0,-999
30/06/2026 12:08:48,2,370,310,3,1,5720
30/06/2026 12:09:04,2,370,310,3,1,5720
30/06/2026 12:09:20,2,370,310,3,1,5660
30/06/2026 12:09:36,2,370,310,3,1,5660
30/06/2026 12:09:52,2,370,310,3,1,5660
30/06/2026 12:10:08,2,370,310,3,1,5680
30/06/2026 12:10:24,2,370,310,3,1,5680
30/06/2026 12:10:40,2,370,310,3,1,5700
30/06/2026 12:10:56,2,370,310,3,1,5700
30/06/2026 12:11:12,2,370,310,3,3,5750
30/06/2026 12:11:28,2,370,310,3,3,5750
30/06/2026 12:11:44,2,370,310,3,2,5650
30/06/2026 12:12:00,2,370,310,3,2,5650
30/06/2026 12:12:16,2,370,310,3,2,5650
30/06/2026 12:12:32,2,370,310,3,1,5660
30/06/2026 12:12:48,2,370,310,3,1,5660
30/06/2026 12:13:04,2,370,310,3,1,5490
30/06/2026 12:13:20,2,370,310,3,1,5490
30/06/2026 12:13:36,2,370,310,3,1,5490
30/06/2026 12:13:52,2,370,310,3,1,5490
30/06/2026 12:14:08,2,370,310,3,1,5580
30/06/2026 12:14:24,2,370,310,3,1,5580
30/06/2026 12:14:40,2,370,310,3,1,5580
30/06/2026 12:14:56,2,370,310,3,1,5720
30/06/2026 12:15:12,2,370,310,3,1,5720
30/06/2026 12:15:28,2,370,310,3,1,5820
30/06/2026 12:15:44,2,370,310,3,1,5820
30/06/2026 12:16:00,2,370,310,3,1,5950
30/06/2026 12:16:16,2,370,310,3,1,5950
30/06/2026 12:16:32,2,370,310,3,1,5970
30/06/2026 12:16:48,2,370,310,3,1,5970
30/06/2026 12:17:04,2,370,310,3,1,5970
30/06/2026 12:17:20,2,370,310,3,1,5980
30/06/2026 12:17:36,2,370,310,3,1,5980
30/06/2026 12:17:52,2,360,310,3,3,5520
30/06/2026 12:18:08,2,360,310,3,3,5520
30/06/2026 12:18:24,2,360,310,3,2,6100
30/06/2026 12:18:40,2,360,310,3,2,6100
30/06/2026 12:18:56,2,360,310,3,2,6180
30/06/2026 12:19:12,2,360,310,3,2,6180
30/06/2026 12:19:28,2,360,310,3,2,6180
30/06/2026 12:19:44,2,360,310,3,1,6310
30/06/2026 12:20:00,2,360,310,3,1,6310
30/06/2026 12:20:16,2,360,310,3,2,6390
30/06/2026 12:20:32,2,360,310,3,2,6390
30/06/2026 12:20:48,2,360,310,3,2,6410
30/06/2026 12:21:04,2,360,310,3,2,6410
30/06/2026 12:21:20,2,360,310,3,2,6480
30/06/2026 12:21:36,2,360,310,3,2,6480
30/06/2026 12:21:52,2,360,310,3,2,6480
30/06/2026 12:22:08,2,360,310,3,3,6560
30/06/2026 12:22:24,2,360,310,3,3,6560
30/06/2026 12:22:40,2,360,310,3,1,6580
30/06/2026 12:22:56,2,360,310,3,1,6580
30/06/2026 12:23:12,2,360,310,3,2,6630
30/06/2026 12:23:28,2,360,310,3,2,6630
30/06/2026 12:23:44,2,360,310,3,2,6590
30/06/2026 12:24:00,2,360,310,3,2,6590
30/06/2026 12:24:16,2,360,310,3,2,6590
30/06/2026 12:24:32,2,360,310,3,2,6780
30/06/2026 12:24:48,2,360,310,3,2,6780
30/06/2026 12:25:04,2,360,310,3,1,6780
30/06/2026 12:25:20,2,360,310,3,1,6780
30/06/2026 12:25:36,2,360,310,3,3,6950
30/06/2026 12:25:52,2,350,310,3,3,6950
30/06/2026 12:26:08,2,350,310,3,2,7040
30/06/2026 12:26:24,2,350,310,3,2,7040
30/06/2026 12:26:40,2,350,310,3,2,7040
30/06/2026 12:26:56,2,350,310,3,2,7070
30/06/2026 12:27:12,2,350,310,3,2,7070
30/06/2026 12:27:28,2,350,310,3,1,7250
30/06/2026 12:27:44,2,350,310,3,1,7250
30/06/2026 12:28:00,2,350,310,3,1,7090
30/06/2026 12:28:16,2,350,310,3,1,7090
30/06/2026 12:28:32,2,350,310,3,1,6770
30/06/2026 12:28:48,2,350,310,3,1,6770
30/06/2026 12:29:04,2,350,310,3,1,6770
30/06/2026 12:29:20,2,350,310,3,1,6800
30/06/2026 12:29:36,2,350,310,3,1,6800
30/06/2026 12:29:52,2,350,310,3,1,6820
30/06/2026 12:30:08,2,350,310,3,1,6820
30/06/2026 12:30:24,2,350,310,3,3,5470
30/06/2026 12:30:40,2,350,310,3,3,5470
30/06/2026 12:30:56,2,350,310,3,3,5690
30/06/2026 12:31:12,2,350,310,3,3,5690
30/06/2026 12:31:28,2,350,310,3,3,5780
30/06/2026 12:31:44,2,350,310,3,3,5780
30/06/2026 12:32:00,2,350,310,3,3,5780
30/06/2026 12:32:16,2,340,310,3,2,6110
30/06/2026 12:32:32,2,340,310,3,2,6110
30/06/2026 12:32:48,2,340,310,3,2,5760
30/06/2026 12:33:04,2,340,310,3,2,5760
30/06/2026 12:33:20,2,340,310,3,2,5810
30/06/2026 12:33:36,2,330,310,3,2,5810
30/06/2026 12:33:52,2,320,310,3,3,6080
30/06/2026 12:34:08,2,320,310,3,3,6080
30/06/2026 12:34:24,2,320,310,3,3,6080
30/06/2026 12:34:40,2,310,310,3,2,6380
30/06/2026 12:34:56,2,310,310,3,2,6380
30/06/2026 12:35:12,2,310,310,3,1,6470
30/06/2026 12:35:28,2,310,310,3,1,6470
30/06/2026 12:35:44,2,300,310,3,2,6370
30/06/2026 12:36:00,2,300,310,3,2,6370
30/06/2026 12:36:16,2,300,310,3,2,6320
30/06/2026 12:36:32,2,300,310,3,2,6320
30/06/2026 12:36:48,2,300,310,3,2,6320
30/06/2026 12:37:04,2,300,310,3,3,6250
30/06/2026 12:37:20,2,300,310,3,3,6250
30/06/2026 12:37:36,2,290,310,3,2,6560
30/06/2026 12:37:52,2,290,310,3,2,6560
30/06/2026 12:38:08,2,290,310,3,2,6880
30/06/2026 12:38:24,2,290,310,3,2,6880
30/06/2026 12:38:40,2,290,310,3,1,6970
30/06/2026 12:38:56,2,290,310,3,1,6970
30/06/2026 12:39:12,2,290,310,3,1,6970
30/06/2026 12:39:28,2,290,310,3,3,6130
30/06/2026 12:39:44,2,290,310,3,3,6130
30/06/2026 12:40:00,2,290,310,3,2,5980
30/06/2026 12:40:16,2,290,310,3,2,5980
30/06/2026 12:40:32,2,290,310,3,3,5060
30/06/2026 12:40:48,2,290,310,3,3,5060
30/06/2026 12:41:04,2,290,310,3,3,5100
30/06/2026 12:41:20,2,280,310,3,3,5100
30/06/2026 12:41:36,2,280,310,3,3,5100
30/06/2026 12:41:52,2,280,310,3,2,5730
30/06/2026 12:42:08,2,280,310,3,2,5730
30/06/2026 12:42:24,2,280,310,3,3,5700
30/06/2026 12:42:40,2,280,310,3,3,5700
30/06/2026 12:42:56,2,280,310,3,1,6190
30/06/2026 12:43:12,2,280,310,3,1,6190
30/06/2026 12:43:28,2,280,310,3,2,6220
30/06/2026 12:43:44,2,280,310,3,2,6220
30/06/2026 12:44:00,2,280,310,3,2,6220
30/06/2026 12:44:16,2,280,310,3,1,6260
30/06/2026 12:44:32,2,280,310,3,1,6260
30/06/2026 12:44:48,2,280,310,3,1,6430
30/06/2026 12:45:04,2,280,310,3,1,6430
30/06/2026 12:45:20,2,290,310,3,1,6420
30/06/2026 12:45:36,2,290,310,3,1,6420
30/06/2026 12:45:52,2,290,310,3,1,6420
30/06/2026 12:46:08,2,290,310,3,1,6330
30/06/2026 12:46:24,2,290,310,3,1,6330
30/06/2026 12:46:40,2,290,310,3,1,6320
30/06/2026 12:46:56,2,290,310,3,1,6320
30/06/2026 12:47:12,2,290,310,3,1,6340
30/06/2026 12:47:28,2,290,310,3,1,6340
30/06/2026 12:47:44,2,290,310,3,1,6400
30/06/2026 12:48:00,2,290,310,3,1,6400
30/06/2026 12:48:16,2,290,310,3,1,6400
30/06/2026 12:48:32,2,290,310,3,1,6450
30/06/2026 12:48:48,2,290,310,3,1,6450
30/06/2026 12:49:04,2,300,310,3,2,5940
30/06/2026 12:49:20,2,300,310,3,2,5940
30/06/2026 12:49:36,2,300,310,3,1,5910
30/06/2026 12:49:52,2,300,310,3,1,5910
30/06/2026 12:50:08,2,310,310,3,1,5990
30/06/2026 12:50:24,2,320,310,3,1,5990
30/06/2026 12:50:40,2,320,310,3,1,5990
30/06/2026 12:50:56,2,410,310,3,2,5990
30/06/2026 12:51:12,2,410,310,3,2,5990
30/06/2026 12:51:28,2,410,310,3,3,6080
30/06/2026 12:51:44,2,410,310,3,3,6080
30/06/2026 12:52:00,2,420,310,3,3,6170
30/06/2026 12:52:16,2,420,310,3,3,6170
30/06/2026 12:52:32,2,420,310,3,2,6000
30/06/2026 12:52:48,2,430,310,3,2,6000
30/06/2026 12:53:04,2,430,310,3,2,6000
30/06/2026 12:53:20,2,430,310,3,2,5690
30/06/2026 12:53:36,2,430,310,3,2,5690
30/06/2026 12:53:52,2,480,310,3,2,5980
30/06/2026 12:54:08,2,490,310,3,2,5980
30/06/2026 12:54:24,2,490,310,3,2,6060
30/06/2026 12:54:40,2,490,310,3,2,6060
30/06/2026 12:54:56,2,500,310,3,2,6020
30/06/2026 12:55:12,2,500,310,3,2,6020
30/06/2026 12:55:28,2,510,310,3,2,6020
30/06/2026 12:55:44,2,510,310,3,2,6330
30/06/2026 12:56:00,2,520,310,3,2,6330
30/06/2026 12:56:16,2,520,310,3,2,5960
30/06/2026 12:56:32,2,510,310,3,2,5960
30/06/2026 12:56:48,2,520,310,3,1,5960
30/06/2026 12:57:04,2,520,310,3,1,5960
30/06/2026 12:57:20,2,520,310,3,2,5960
30/06/2026 12:57:36,2,520,310,3,2,5960
30/06/2026 12:57:52,2,530,310,3,2,5960
30/06/2026 12:58:08,2,540,310,3,1,5980
30/06/2026 12:58:24,2,540,310,3,1,5980
30/06/2026 12:58:40,2,550,310,3,1,5980
30/06/2026 12:58:56,2,450,310,3,1,5980
30/06/2026 12:59:12,2,450,310,3,2,5860
30/06/2026 12:59:28,2,450,310,3,2,5860
30/06/2026 12:59:44,2,450,310,3,2,5770
30/06/2026 13:00:00,3,450,360,3,2,5770
30/06/2026 13:00:16,3,450,360,3,2,5770
30/06/2026 13:00:32,3,450,360,3,3,5680
30/06/2026 13:00:48,3,450,360,3,3,5680
30/06/2026 13:01:04,3,450,360,3,1,5620
30/06/2026 13:01:20,3,450,360,3,1,5620
30/06/2026 13:01:36,3,450,360,3,1,5510
30/06/2026 13:01:52,3,450,360,3,1,5510
30/06/2026 13:02:08,3,440,360,3,2,5420
30/06/2026 13:02:24,3,440,360,3,2,5420
30/06/2026 13:02:40,3,440,360,3,2,5420
30/06/2026 13:02:56,3,440,360,3,1,5500
30/06/2026 13:03:12,3,440,360,3,1,5500
30/06/2026 13:03:28,3,440,360,3,2,5380
30/06/2026 13:03:44,3,440,360,3,2,5380
30/06/2026 13:04:00,3,430,360,3,2,5450
30/06/2026 13:04:16,3,420,360,3,2,5450
30/06/2026 13:04:32,3,410,360,3,2,5470
30/06/2026 13:04:48,3,410,360,3,2,5470
30/06/2026 13:05:04,3,410,360,3,2,5470
30/06/2026 13:05:20,3,410,360,3,2,5610
30/06/2026 13:05:36,3,400,360,3,2,5610
30/06/2026 13:05:52,3,390,360,3,2,5380
30/06/2026 13:06:08,3,390,360,3,2,5380
30/06/2026 13:06:24,3,390,360,3,2,5690
30/06/2026 13:06:40,3,390,360,3,2,5690
30/06/2026 13:06:56,3,390,360,3,1,5390
30/06/2026 13:07:12,3,390,360,3,1,5390
30/06/2026 13:07:28,3,390,360,3,1,5390
30/06/2026 13:07:44,3,390,360,3,2,5620
30/06/2026 13:08:00,3,380,360,3,2,5620
30/06/2026 13:08:16,3,380,360,3,2,5760
30/06/2026 13:08:32,3,380,360,3,2,5760
30/06/2026 13:08:48,3,380,360,3,3,5310
30/06/2026 13:09:04,3,380,360,3,3,5310
30/06/2026 13:09:20,3,380,360,3,1,5440
30/06/2026 13:09:36,3,380,360,3,1,5440
30/06/2026 13:09:52,3,380,360,3,1,5440
30/06/2026 13:10:08,3,380,360,3,1,5420
30/06/2026 13:10:24,3,370,360,3,1,5420
30/06/2026 13:10:40,3,370,360,3,1,5400
30/06/2026 13:10:56,3,370,360,3,1,5400
30/06/2026 13:11:12,3,370,360,3,1,5470
30/06/2026 13:11:28,3,370,360,3,1,5470
30/06/2026 13:11:44,3,370,360,3,1,5590
30/06/2026 13:12:00,3,370,360,3,1,5590
30/06/2026 13:12:16,3,370,360,3,1,5590
30/06/2026 13:12:32,3,370,360,3,1,5650
30/06/2026 13:12:48,3,370,360,3,1,5650
30/06/2026 13:13:04,3,360,360,3,1,5620
30/06/2026 13:13:20,3,360,360,3,1,5620
30/06/2026 13:13:36,3,360,360,3,1,5620
30/06/2026 13:13:52,3,350,360,3,1,5620
30/06/2026 13:14:08,3,350,360,3,1,5720
30/06/2026 13:14:24,3,330,360,3,1,5720
30/06/2026 13:14:40,3,330,360,3,1,5720
30/06/2026 13:14:56,3,320,360,3,2,5640
30/06/2026 13:15:12,3,320,360,3,2,5640
30/06/2026 13:15:28,3,320,360,3,1,5600
30/06/2026 13:15:44,3,320,360,3,1,5600
30/06/2026 13:16:00,3,320,360,3,2,5520
30/06/2026 13:16:16,3,320,360,3,2,5520
30/06/2026 13:16:32,3,320,360,3,1,5600
30/06/2026 13:16:48,3,1970,360,3,1,5600
30/06/2026 13:17:04,3,1930,360,3,1,5600
30/06/2026 13:17:20,3,1930,360,3,1,5750
30/06/2026 13:17:36,3,1940,360,3,1,5750
30/06/2026 13:17:52,3,1890,360,3,2,5930
30/06/2026 13:18:08,3,1870,360,3,2,5930
30/06/2026 13:18:24,3,1920,360,3,3,5210
30/06/2026 13:18:40,3,1910,360,3,3,5210
30/06/2026 13:18:56,3,1910,360,3,2,5530
30/06/2026 13:19:12,3,1920,360,3,2,5530
30/06/2026 13:19:28,3,1870,360,3,2,5530
30/06/2026 13:19:44,3,1880,360,3,2,5330
30/06/2026 13:20:00,3,1890,360,3,2,5330
30/06/2026 13:20:16,3,1890,360,3,2,5390
30/06/2026 13:20:32,3,1870,360,3,2,5390
30/06/2026 13:20:48,3,1800,360,3,2,5510
30/06/2026 13:21:04,3,1820,360,3,2,5510
30/06/2026 13:21:20,3,1750,360,3,2,5640
30/06/2026 13:21:36,3,300,360,3,2,5640
30/06/2026 13:21:52,3,300,360,3,2,5640
30/06/2026 13:22:08,3,300,360,3,1,6030
30/06/2026 13:22:24,3,300,360,3,1,6030
30/06/2026 13:22:40,3,300,360,3,2,5980
30/06/2026 13:22:56,3,300,360,3,2,5980
30/06/2026 13:23:12,3,310,360,3,2,5800
30/06/2026 13:23:28,3,300,360,3,2,5800
30/06/2026 13:23:44,3,1590,360,3,1,5710
30/06/2026 13:24:00,3,1540,360,3,1,5710
30/06/2026 13:24:16,3,1480,360,3,1,5710
30/06/2026 13:24:32,3,1530,360,3,1,5660
30/06/2026 13:24:48,3,1450,360,3,1,5660
30/06/2026 13:25:04,3,1460,360,3,1,5520
30/06/2026 13:25:20,3,1370,360,3,1,5520
30/06/2026 13:25:36,3,1330,360,3,1,5510
30/06/2026 13:25:52,3,1290,360,3,1,5510
30/06/2026 13:26:08,3,1250,360,3,1,5570
30/06/2026 13:26:24,3,1270,360,3,1,5570
30/06/2026 13:26:40,3,1280,360,3,1,5570
30/06/2026 13:26:56,3,1080,360,3,2,5670
30/06/2026 13:27:12,3,1080,360,3,2,5670
30/06/2026 13:27:28,3,1110,360,3,1,5840
30/06/2026 13:27:44,3,1140,360,3,1,5840
30/06/2026 13:28:00,3,1130,360,3,2,5670
30/06/2026 13:28:16,3,1110,360,3,2,5670
30/06/2026 13:28:32,3,1140,360,3,1,5570
30/06/2026 13:28:48,3,1160,360,3,1,5570
30/06/2026 13:29:04,3,1190,360,3,1,5570
30/06/2026 13:29:20,3,1180,360,3,1,5570
30/06/2026 13:29:36,3,1200,360,3,1,5570
30/06/2026 13:29:52,3,1200,360,3,1,5580
30/06/2026 13:30:08,3,1210,360,3,1,5580
30/06/2026 13:30:24,3,1210,360,3,1,5740
30/06/2026 13:30:40,3,1200,360,3,1,5740
30/06/2026 13:30:56,3,1190,360,3,1,5780
30/06/2026 13:31:12,3,1190,360,3,1,5780
30/06/2026 13:31:28,3,1180,360,3,1,5780
30/06/2026 13:31:44,3,1180,360,3,2,5830
30/06/2026 13:32:00,3,1180,360,3,2,5830
30/06/2026 13:32:16,3,1200,360,3,1,6140
30/06/2026 13:32:32,3,1200,360,3,1,6140
30/06/2026 13:32:48,3,1190,360,3,1,6270
30/06/2026 13:33:04,3,1170,360,3,1,6270
30/06/2026 13:33:20,3,430,360,3,1,6250
30/06/2026 13:33:36,3,440,360,3,1,6250
30/06/2026 13:33:52,3,440,360,3,1,6250
30/06/2026 13:34:08,3,440,360,3,2,5720
30/06/2026 13:34:24,3,440,360,3,2,5720
30/06/2026 13:34:40,3,440,360,3,2,5550
30/06/2026 13:34:56,3,440,360,3,2,5550
30/06/2026 13:35:12,3,440,360,3,2,5330
30/06/2026 13:35:28,3,440,360,3,2,5330
30/06/2026 13:35:44,3,440,360,3,2,5140
30/06/2026 13:36:00,3,440,360,3,2,5140
30/06/2026 13:36:16,3,440,360,3,2,5140
30/06/2026 13:36:32,3,430,360,3,2,5170
30/06/2026 13:36:48,3,430,360,3,2,5170
30/06/2026 13:37:04,3,430,360,3,2,5340
30/06/2026 13:37:20,3,430,360,3,2,5340
30/06/2026 13:37:36,3,430,360,3,2,5690
30/06/2026 13:37:52,3,430,360,3,2,5690
30/06/2026 13:38:08,3,440,360,3,1,5660
30/06/2026 13:38:24,3,440,360,3,1,5660
30/06/2026 13:38:40,3,440,360,3,1,5660
30/06/2026 13:38:56,3,440,360,3,1,5610
30/06/2026 13:39:12,3,440,360,3,1,5610
30/06/2026 13:39:28,3,430,360,3,1,5520
30/06/2026 13:39:44,3,430,360,3,1,5520
30/06/2026 13:40:00,3,430,360,3,1,5510
30/06/2026 13:40:16,3,430,360,3,1,5510
30/06/2026 13:40:32,3,490,360,3,1,5500
30/06/2026 13:40:48,3,490,360,3,1,5500
30/06/2026 13:41:04,3,490,360,3,1,5500
30/06/2026 13:41:20,3,490,360,3,2,5660
30/06/2026 13:41:36,3,490,360,3,2,5660
30/06/2026 13:41:52,3,490,360,3,2,5770
30/06/2026 13:42:08,3,490,360,3,2,5770
30/06/2026 13:42:24,3,490,360,3,1,5740
30/06/2026 13:42:40,3,490,360,3,1,5740
30/06/2026 13:42:56,3,490,360,3,1,5720
30/06/2026 13:43:12,3,490,360,3,1,5720
30/06/2026 13:43:28,3,490,360,3,1,5720
30/06/2026 13:43:44,3,490,360,3,2,5690
30/06/2026 13:44:00,3,490,360,3,2,5690
30/06/2026 13:44:16,3,490,360,3,2,5760
30/06/2026 13:44:32,3,490,360,3,2,5760
30/06/2026 13:44:48,3,490,360,3,2,5780
30/06/2026 13:45:04,3,490,360,3,2,5780
30/06/2026 13:45:20,3,490,360,3,2,5820
30/06/2026 13:45:36,3,490,360,3,2,5820
30/06/2026 13:45:52,3,490,360,3,2,5820
30/06/2026 13:46:08,3,490,360,3,2,5620
30/06/2026 13:46:24,3,490,360,3,2,5620
30/06/2026 13:46:40,3,480,360,3,2,5280
30/06/2026 13:46:56,3,480,360,3,2,5280
30/06/2026 13:47:12,3,480,360,3,1,5280
30/06/2026 13:47:28,3,480,360,3,1,5280
30/06/2026 13:47:44,3,480,360,3,1,5280
30/06/2026 13:48:00,3,480,360,3,1,5280
30/06/2026 13:48:16,3,480,360,3,1,5280
30/06/2026 13:48:32,3,480,360,3,2,5310
30/06/2026 13:48:48,3,480,360,3,2,5310
30/06/2026 13:49:04,3,480,360,3,2,5660
30/06/2026 13:49:20,3,480,360,3,2,5660
30/06/2026 13:49:36,3,480,360,3,2,5320
30/06/2026 13:49:52,3,470,360,3,2,5320
30/06/2026 13:50:08,3,470,360,3,2,5670
30/06/2026 13:50:24,3,470,360,3,2,5670
30/06/2026 13:50:40,3,470,360,3,2,5670
30/06/2026 13:50:56,3,470,360,3,2,5520
30/06/2026 13:51:12,3,470,360,3,2,5520
30/06/2026 13:51:28,3,470,360,3,2,5520
30/06/2026 13:51:44,3,460,360,3,2,5520
30/06/2026 13:52:00,3,460,360,3,2,5530
30/06/2026 13:52:16,3,460,360,3,2,5530
30/06/2026 13:52:32,3,460,360,3,3,5370
30/06/2026 13:52:48,3,460,360,3,3,5370
30/06/2026 13:53:04,3,450,360,3,3,5370
30/06/2026 13:53:20,3,440,360,3,2,5410
30/06/2026 13:53:36,3,430,360,3,2,5410
30/06/2026 13:53:52,3,430,360,3,2,5210
30/06/2026 13:54:08,3,430,360,3,2,5210
30/06/2026 13:54:24,3,430,360,3,1,5620
30/06/2026 13:54:40,3,420,360,3,1,5620
30/06/2026 13:54:56,3,420,360,3,1,5640
30/06/2026 13:55:12,3,420,360,3,1,5640
30/06/2026 13:55:28,3,420,360,3,1,5640
30/06/2026 13:55:44,3,410,360,3,1,5670
30/06/2026 13:56:00,3,410,360,3,1,5670
30/06/2026 13:56:16,3,410,360,3,2,5000
30/06/2026 13:56:32,3,410,360,3,2,5000
30/06/2026 13:56:48,3,410,360,3,2,5050
30/06/2026 13:57:04,3,410,360,3,2,5050
30/06/2026 13:57:20,3,410,360,3,1,5370
30/06/2026 13:57:36,3,410,360,3,1,5370
30/06/2026 13:57:52,3,410,360,3,1,5370
30/06/2026 13:58:08,3,410,360,3,1,5380
30/06/2026 13:58:24,3,400,360,3,1,5380
30/06/2026 13:58:40,3,400,360,3,1,5440
30/06/2026 13:58:56,3,400,360,3,1,5440
30/06/2026 13:59:12,3,400,360,3,1,5410
30/06/2026 13:59:28,3,400,360,3,1,5410
30/06/2026 13:59:44,3,400,360,3,1,5420
30/06/2026 14:00:00,2,400,430,3,1,5420
30/06/2026 14:00:16,2,400,430,3,1,5420
30/06/2026 14:00:32,2,400,430,3,1,5460
30/06/2026 14:00:48,2,400,430,3,1,5460
30/06/2026 14:01:04,2,-999,430,3,1,5260
30/06/2026 14:01:20,2,-999,430,3,1,5260
30/06/2026 14:01:36,2,-999,430,3,2,5240
30/06/2026 14:01:52,2,-999,430,3,2,5240
30/06/2026 14:02:08,2,400,430,3,1,5480
30/06/2026 14:02:24,2,340,430,3,1,5480
30/06/2026 14:02:40,2,350,430,3,1,5480
30/06/2026 14:02:56,2,1080,430,3,2,4920
30/06/2026 14:03:12,2,1060,430,3,2,4920
30/06/2026 14:03:28,2,1040,430,3,1,4990
30/06/2026 14:03:44,2,1020,430,3,1,4990
30/06/2026 14:04:00,2,1010,430,3,1,5080
30/06/2026 14:04:16,2,1000,430,3,1,5080
30/06/2026 14:04:32,2,1030,430,3,1,5150
30/06/2026 14:04:48,2,1050,430,3,1,5150
30/06/2026 14:05:04,2,1070,430,3,1,5150
30/06/2026 14:05:20,2,1050,430,3,1,5190
30/06/2026 14:05:36,2,1050,430,3,1,5190
30/06/2026 14:05:52,2,1060,430,3,1,5270
30/06/2026 14:06:08,2,1070,430,3,1,5270
30/06/2026 14:06:24,2,1080,430,3,1,5250
30/06/2026 14:06:40,2,1100,430,3,1,5250
30/06/2026 14:06:56,2,1080,430,3,1,5260
30/06/2026 14:07:12,2,1050,430,3,1,5260
30/06/2026 14:07:28,2,1030,430,3,1,5260
30/06/2026 14:07:44,2,1060,430,3,1,5310
30/06/2026 14:08:00,2,1100,430,3,1,5310
30/06/2026 14:08:16,2,1090,430,3,1,5250
30/06/2026 14:08:32,2,1070,430,3,1,5250
30/06/2026 14:08:48,2,1060,430,3,1,5250
30/06/2026 14:09:04,2,1050,430,3,1,5250
30/06/2026 14:09:20,2,1050,430,3,1,5250
30/06/2026 14:09:36,2,1060,430,3,1,5250
30/06/2026 14:09:52,2,1060,430,3,1,5250
30/06/2026 14:10:08,2,1060,430,3,1,5260
30/06/2026 14:10:24,2,1050,430,3,1,5260
30/06/2026 14:10:40,2,1070,430,3,1,5420
30/06/2026 14:10:56,2,1120,430,3,1,5420
30/06/2026 14:11:12,2,1170,430,3,1,5320
30/06/2026 14:11:28,2,1190,430,3,1,5320
30/06/2026 14:11:44,2,1170,430,3,1,5490
30/06/2026 14:12:00,2,1150,430,3,1,5490
30/06/2026 14:12:16,2,1110,430,3,1,5490
30/06/2026 14:12:32,2,1140,430,3,2,5480
30/06/2026 14:12:48,2,1180,430,3,2,5480
30/06/2026 14:13:04,2,1150,430,3,1,6050
30/06/2026 14:13:20,2,1120,430,3,1,6050
30/06/2026 14:13:36,2,1100,430,3,1,6070
30/06/2026 14:13:52,2,1090,430,3,1,6070
30/06/2026 14:14:08,2,1100,430,3,2,5780
30/06/2026 14:14:24,2,1070,430,3,2,5780
30/06/2026 14:14:40,2,1080,430,3,2,5780
30/06/2026 14:14:56,2,1060,430,3,1,5690
30/06/2026 14:15:12,2,1040,430,3,1,5690
30/06/2026 14:15:28,2,1060,430,3,2,5460
30/06/2026 14:15:44,2,1090,430,3,2,5460
30/06/2026 14:16:00,2,1050,430,3,1,5360
30/06/2026 14:16:16,2,990,430,3,1,5360
30/06/2026 14:16:32,2,1130,430,3,1,5290
30/06/2026 14:16:48,2,1150,430,3,1,5290
30/06/2026 14:17:04,2,390,430,3,1,5290
30/06/2026 14:17:20,2,390,430,3,1,5290
30/06/2026 14:17:36,2,390,430,3,1,5290
30/06/2026 14:17:52,2,390,430,3,1,5290
30/06/2026 14:18:08,2,390,430,3,1,5290
30/06/2026 14:18:24,2,390,430,3,1,5310
30/06/2026 14:18:40,2,390,430,3,1,5310
30/06/2026 14:18:56,2,390,430,3,2,5410
30/06/2026 14:19:12,2,390,430,3,2,5410
30/06/2026 14:19:28,2,390,430,3,2,5410
30/06/2026 14:19:44,2,390,430,3,2,5770
30/06/2026 14:20:00,2,390,430,3,2,5770
30/06/2026 14:20:16,2,390,430,3,3,5780
30/06/2026 14:20:32,2,390,430,3,3,5780
30/06/2026 14:20:48,2,380,430,3,2,5790
30/06/2026 14:21:04,2,380,430,3,2,5790
30/06/2026 14:21:20,2,380,430,3,2,6180
30/06/2026 14:21:36,2,380,430,3,2,6180
30/06/2026 14:21:52,2,380,430,3,2,6180
30/06/2026 14:22:08,2,380,430,3,2,6130
30/06/2026 14:22:24,2,380,430,3,2,6130
30/06/2026 14:22:40,2,380,430,3,3,5740
30/06/2026 14:22:56,2,380,430,3,3,5740
30/06/2026 14:23:12,2,380,430,3,3,5740
30/06/2026 14:23:28,2,380,430,3,3,5740
30/06/2026 14:23:44,2,380,430,3,3,5690
30/06/2026 14:24:00,2,380,430,3,3,5690
30/06/2026 14:24:16,2,380,430,3,3,5690
30/06/2026 14:24:32,2,380,430,3,2,5670
30/06/2026 14:24:48,2,380,430,3,2,5670
30/06/2026 14:25:04,2,380,430,3,2,5830
30/06/2026 14:25:20,2,370,430,3,2,5830
30/06/2026 14:25:36,2,370,430,3,2,5830
30/06/2026 14:25:52,2,370,430,3,2,5830
30/06/2026 14:26:08,2,370,430,3,2,5860
30/06/2026 14:26:24,2,370,430,3,2,5860
30/06/2026 14:26:40,2,370,430,3,2,5860
30/06/2026 14:26:56,2,370,430,3,2,6230
30/06/2026 14:27:12,2,370,430,3,2,6230
30/06/2026 14:27:28,2,370,430,3,2,6350
30/06/2026 14:27:44,2,370,430,3,2,6350
30/06/2026 14:28:00,2,370,430,3,3,6820
30/06/2026 14:28:16,2,370,430,3,3,6820
30/06/2026 14:28:32,2,370,430,3,2,7030
30/06/2026 14:28:48,2,370,430,3,2,7030
30/06/2026 14:29:04,2,370,430,3,2,7030
30/06/2026 14:29:20,2,370,430,3,1,6920
30/06/2026 14:29:36,2,370,430,3,1,6920
30/06/2026 14:29:52,2,370,430,3,2,7100
30/06/2026 14:30:08,2,370,430,3,2,7100
30/06/2026 14:30:24,2,360,430,3,3,6420
30/06/2026 14:30:40,2,360,430,3,3,6420
30/06/2026 14:30:56,2,360,430,3,2,5570
30/06/2026 14:31:12,2,360,430,3,2,5570
30/06/2026 14:31:28,2,360,430,3,2,5570
30/06/2026 14:31:44,2,360,430,3,3,5640
30/06/2026 14:32:00,2,360,430,3,3,5640
30/06/2026 14:32:16,2,360,430,3,2,5850
30/06/2026 14:32:32,2,360,430,3,2,5850
30/06/2026 14:32:48,2,360,430,3,1,6030
30/06/2026 14:33:04,2,360,430,3,1,6030
30/06/2026 14:33:20,2,360,430,3,2,6080
30/06/2026 14:33:36,2,360,430,3,2,6080
30/06/2026 14:33:52,2,360,430,3,2,6080
30/06/2026 14:34:08,2,360,430,3,1,6020
30/06/2026 14:34:24,2,360,430,3,1,6020
30/06/2026 14:34:40,2,360,430,3,1,6020
30/06/2026 14:34:56,2,360,430,3,1,6020
30/06/2026 14:35:12,2,360,430,3,1,6150
30/06/2026 14:35:28,2,360,430,3,1,6150
30/06/2026 14:35:44,2,360,430,3,1,6230
30/06/2026 14:36:00,2,360,430,3,1,6230
30/06/2026 14:36:16,2,360,430,3,1,6230
30/06/2026 14:36:32,2,360,430,3,1,6210
30/06/2026 14:36:48,2,360,430,3,1,6210
30/06/2026 14:37:04,2,360,430,3,1,6220
30/06/2026 14:37:20,2,360,430,3,1,6220
30/06/2026 14:37:36,2,360,430,3,1,6070
30/06/2026 14:37:52,2,360,430,3,1,6070
30/06/2026 14:38:08,2,360,430,3,1,5990
30/06/2026 14:38:24,2,360,430,3,1,5990
30/06/2026 14:38:40,2,360,430,3,1,5990
30/06/2026 14:38:56,2,360,430,3,1,5920
30/06/2026 14:39:12,2,360,430,3,1,5920
30/06/2026 14:39:28,2,360,430,3,1,5840
30/06/2026 14:39:44,2,360,430,3,1,5840
30/06/2026 14:40:00,2,360,430,3,1,5840
30/06/2026 14:40:16,2,360,430,3,1,5840
30/06/2026 14:40:32,2,360,430,3,1,5950
30/06/2026 14:40:48,2,360,430,3,1,5950
30/06/2026 14:41:04,2,360,430,3,1,5950
30/06/2026 14:41:20,2,360,430,3,1,5930
30/06/2026 14:41:36,2,360,430,3,1,5930
30/06/2026 14:41:52,2,360,430,3,1,5870
30/06/2026 14:42:08,2,360,430,3,1,5870
30/06/2026 14:42:24,2,360,430,3,1,5880
30/06/2026 14:42:40,2,360,430,3,1,5880
30/06/2026 14:42:56,2,360,430,3,1,5960
30/06/2026 14:43:12,2,360,430,3,1,5960
30/06/2026 14:43:28,2,360,430,3,1,5960
30/06/2026 14:43:44,2,360,430,3,1,6000
30/06/2026 14:44:00,2,360,430,3,1,6000
30/06/2026 14:44:16,2,360,430,3,1,5960
30/06/2026 14:44:32,2,360,430,3,1,5960
30/06/2026 14:44:48,2,360,430,3,1,5960
30/06/2026 14:45:04,2,360,430,3,1,5960
30/06/2026 14:45:20,2,360,430,3,1,6130
30/06/2026 14:45:36,2,360,430,3,1,6130
30/06/2026 14:45:52,2,360,430,3,1,6130
30/06/2026 14:46:08,2,360,430,3,1,6290
30/06/2026 14:46:24,2,360,430,3,1,6290
30/06/2026 14:46:40,2,360,430,3,1,6240
30/06/2026 14:46:56,2,360,430,3,1,6240
30/06/2026 14:47:12,2,360,430,3,1,6090
30/06/2026 14:47:28,2,360,430,3,1,6090
30/06/2026 14:47:44,2,360,430,3,2,6030
30/06/2026 14:48:00,2,360,430,3,2,6030
30/06/2026 14:48:16,2,360,430,3,2,6030
30/06/2026 14:48:32,2,360,430,3,1,5870
30/06/2026 14:48:48,2,360,430,3,1,5870
30/06/2026 14:49:04,2,360,430,3,1,5750
30/06/2026 14:49:20,2,360,430,3,1,5750
30/06/2026 14:49:36,2,360,430,3,1,5770
30/06/2026 14:49:52,2,360,430,3,1,5770
30/06/2026 14:50:08,2,360,430,3,1,5910
30/06/2026 14:50:24,2,820,430,3,1,5910
30/06/2026 14:50:40,2,820,430,3,1,5910
30/06/2026 14:50:56,2,840,430,3,1,5790
30/06/2026 14:51:12,2,860,430,3,1,5790
30/06/2026 14:51:28,2,860,430,3,1,5720
30/06/2026 14:51:44,2,850,430,3,1,5720
30/06/2026 14:52:00,2,820,430,3,1,5680
30/06/2026 14:52:16,2,800,430,3,1,5680
30/06/2026 14:52:32,2,860,430,3,1,5690
30/06/2026 14:52:48,2,910,430,3,1,5690
30/06/2026 14:53:04,2,960,430,3,1,5690
30/06/2026 14:53:20,2,980,430,3,1,5810
30/06/2026 14:53:36,2,1000,430,3,1,5810
30/06/2026 14:53:52,2,1010,430,3,1,5820
30/06/2026 14:54:08,2,1030,430,3,1,5820
30/06/2026 14:54:24,2,1040,430,3,1,5910
30/06/2026 14:54:40,2,1040,430,3,1,5910
30/06/2026 14:54:56,2,1040,430,3,2,6010
30/06/2026 14:55:12,2,1030,430,3,2,6010
30/06/2026 14:55:28,2,1030,430,3,2,6010
30/06/2026 14:55:44,2,1020,430,3,2,6150
30/06/2026 14:56:00,2,1000,430,3,2,6150
30/06/2026 14:56:16,2,1020,430,3,2,6160
30/06/2026 14:56:32,2,1030,430,3,2,6160
30/06/2026 14:56:48,2,1040,430,3,2,6230
30/06/2026 14:57:04,2,1070,430,3,2,6230
30/06/2026 14:57:20,2,1090,430,3,3,6200
30/06/2026 14:57:36,2,1100,430,3,3,6200
30/06/2026 14:57:52,2,1110,430,3,3,6200
30/06/2026 14:58:08,2,1120,430,3,3,6410
30/06/2026 14:58:24,2,1130,430,3,3,6410
30/06/2026 14:58:40,2,1140,430,3,1,6540
30/06/2026 14:58:56,2,1150,430,3,1,6540
30/06/2026 14:59:12,2,1140,430,3,2,6480
30/06/2026 14:59:28,2,1120,430,3,2,6480
30/06/2026 14:59:44,2,1150,430,3,2,6560
30/06/2026 15:00:00,2,1180,360,3,2,6560
30/06/2026 15:00:16,2,1200,360,3,2,6560
30/06/2026 15:00:32,2,1200,360,3,1,6570
30/06/2026 15:00:48,2,1210,360,3,1,6570
30/06/2026 15:01:04,2,1220,360,3,3,6600
30/06/2026 15:01:20,2,1210,360,3,3,6600
30/06/2026 15:01:36,2,1180,360,3,1,7540
30/06/2026 15:01:52,2,1170,360,3,1,7540
30/06/2026 15:02:08,2,1120,360,3,1,7540
30/06/2026 15:02:24,2,1100,360,3,1,7540
30/06/2026 15:02:40,2,1070,360,3,1,7540
30/06/2026 15:02:56,2,1090,360,3,2,7530
30/06/2026 15:03:12,2,1100,360,3,2,7530
30/06/2026 15:03:28,2,1080,360,3,2,7510
30/06/2026 15:03:44,2,1060,360,3,2,7510
30/06/2026 15:04:00,2,1050,360,3,2,7470
30/06/2026 15:04:16,2,1040,360,3,2,7470
30/06/2026 15:04:32,2,1030,360,3,1,7390
30/06/2026 15:04:48,2,1000,360,3,1,7390
30/06/2026 15:05:04,2,1000,360,3,1,7390
30/06/2026 15:05:20,2,1000,360,3,2,7350
30/06/2026 15:05:36,2,990,360,3,2,7350
30/06/2026 15:05:52,2,980,360,3,1,7300
30/06/2026 15:06:08,2,980,360,3,1,7300
30/06/2026 15:06:24,2,990,360,3,2,6550
30/06/2026 15:06:40,2,990,360,3,2,6550
30/06/2026 15:06:56,2,1000,360,3,2,6560
30/06/2026 15:07:12,2,1030,360,3,2,6560
30/06/2026 15:07:28,2,1000,360,3,2,6560
30/06/2026 15:07:44,2,970,360,3,3,6690
30/06/2026 15:08:00,2,980,360,3,3,6690
30/06/2026 15:08:16,2,970,360,3,3,6490
30/06/2026 15:08:32,2,960,360,3,3,6490
30/06/2026 15:08:48,2,950,360,3,2,6670
30/06/2026 15:09:04,2,950,360,3,2,6670
30/06/2026 15:09:20,2,950,360,3,2,6520
30/06/2026 15:09:36,2,960,360,3,2,6520
30/06/2026 15:09:52,2,960,360,3,2,6520
30/06/2026 15:10:08,2,980,360,3,3,6730
30/06/2026 15:10:24,2,990,360,3,3,6730
30/06/2026 15:10:40,2,1010,360,3,2,6590
30/06/2026 15:10:56,2,1020,360,3,2,6590
30/06/2026 15:11:12,2,1000,360,3,2,6490
30/06/2026 15:11:28,2,980,360,3,2,6490
30/06/2026 15:11:44,2,1010,360,3,1,6570
30/06/2026 15:12:00,2,1000,360,3,1,6570
30/06/2026 15:12:16,2,1000,360,3,1,6570
30/06/2026 15:12:32,2,1000,360,3,2,6320
30/06/2026 15:12:48,2,990,360,3,2,6320
30/06/2026 15:13:04,2,990,360,3,2,6420
30/06/2026 15:13:20,2,990,360,3,2,6420
30/06/2026 15:13:36,2,980,360,3,2,6350
30/06/2026 15:13:52,2,970,360,3,2,6350
30/06/2026 15:14:08,2,980,360,3,2,6210
30/06/2026 15:14:24,2,1000,360,3,2,6210
30/06/2026 15:14:40,2,1020,360,3,2,6210
30/06/2026 15:14:56,2,1000,360,3,1,6430
30/06/2026 15:15:12,2,1010,360,3,1,6430
30/06/2026 15:15:28,2,990,360,3,2,6400
30/06/2026 15:15:44,2,980,360,3,2,6400
30/06/2026 15:16:00,2,940,360,3,2,5960
30/06/2026 15:16:16,2,970,360,3,2,5960
30/06/2026 15:16:32,2,990,360,3,1,5960
30/06/2026 15:16:48,2,1010,360,3,1,5960
30/06/2026 15:17:04,2,1030,360,3,1,5960
30/06/2026 15:17:20,2,1050,360,3,1,5900
30/06/2026 15:17:36,2,1030,360,3,1,5900
30/06/2026 15:17:52,2,1020,360,3,1,5890
30/06/2026 15:18:08,2,1070,360,3,1,5890
30/06/2026 15:18:24,2,1080,360,3,1,5850
30/06/2026 15:18:40,2,1080,360,3,1,5850
30/06/2026 15:18:56,2,1120,360,3,1,5860
30/06/2026 15:19:12,2,1160,360,3,1,5860
30/06/2026 15:19:28,2,1210,360,3,1,5860
30/06/2026 15:19:44,2,1220,360,3,1,5890
30/06/2026 15:20:00,2,1270,360,3,1,5890
30/06/2026 15:20:16,2,1260,360,3,2,5880
30/06/2026 15:20:32,2,1260,360,3,2,5880
30/06/2026 15:20:48,2,1270,360,3,2,5940
30/06/2026 15:21:04,2,1290,360,3,2,5940
30/06/2026 15:21:20,2,1300,360,3,1,5970
30/06/2026 15:21:36,2,1310,360,3,1,5970
30/06/2026 15:21:52,2,1330,360,3,1,5970
30/06/2026 15:22:08,2,1360,360,3,1,5960
30/06/2026 15:22:24,2,1390,360,3,1,5960
30/06/2026 15:22:40,2,1380,360,3,2,5920
30/06/2026 15:22:56,2,1360,360,3,2,5920
30/06/2026 15:23:12,2,1390,360,3,3,6080
30/06/2026 15:23:28,2,1420,360,3,3,6080
30/06/2026 15:23:44,2,1440,360,3,3,5930
30/06/2026 15:24:00,2,1430,360,3,3,5930
30/06/2026 15:24:16,2,1420,360,3,3,5930
30/06/2026 15:24:32,2,1370,360,3,3,5910
30/06/2026 15:24:48,2,1330,360,3,3,5910
30/06/2026 15:25:04,2,1300,360,3,3,5960
30/06/2026 15:25:20,2,1280,360,3,3,5960
30/06/2026 15:25:36,2,1300,360,3,2,6130
30/06/2026 15:25:52,2,1330,360,3,2,6130
30/06/2026 15:26:08,2,1330,360,3,1,6030
30/06/2026 15:26:24,2,1320,360,3,1,6030
30/06/2026 15:26:40,2,1310,360,3,1,6030
30/06/2026 15:26:56,2,1300,360,3,1,6230
30/06/2026 15:27:12,2,1300,360,3,1,6230
30/06/2026 15:27:28,2,1330,360,3,2,6110
30/06/2026 15:27:44,2,1350,360,3,2,6110
30/06/2026 15:28:00,2,1340,360,3,1,6420
30/06/2026 15:28:16,2,1330,360,3,1,6420
30/06/2026 15:28:32,2,1350,360,3,2,6050
30/06/2026 15:28:48,2,1380,360,3,2,6050
30/06/2026 15:29:04,2,1410,360,3,2,6050
30/06/2026 15:29:20,2,1370,360,3,2,6010
30/06/2026 15:29:36,2,1330,360,3,2,6010
30/06/2026 15:29:52,2,1340,360,3,1,6180
30/06/2026 15:30:08,2,1350,360,3,1,6180
30/06/2026 15:30:24,2,1350,360,3,2,6160
30/06/2026 15:30:40,2,1360,360,3,2,6160
30/06/2026 15:30:56,2,1360,360,3,2,6050
30/06/2026 15:31:12,2,1360,360,3,2,6050
30/06/2026 15:31:28,2,1370,360,3,2,6050
30/06/2026 15:31:44,2,1320,360,3,2,6320
30/06/2026 15:32:00,2,1300,360,3,2,6320
30/06/2026 15:32:16,2,1310,360,3,1,6390
30/06/2026 15:32:32,2,1310,360,3,1,6390
30/06/2026 15:32:48,2,1290,360,3,2,6350
30/06/2026 15:33:04,2,1260,360,3,2,6350
30/06/2026 15:33:20,2,1240,360,3,2,6350
30/06/2026 15:33:36,2,1230,360,3,2,6350
30/06/2026 15:33:52,2,1220,360,3,2,6350
30/06/2026 15:34:08,2,1240,360,3,2,6330
30/06/2026 15:34:24,2,1260,360,3,2,6330
30/06/2026 15:34:40,2,1260,360,3,2,6350
30/06/2026 15:34:56,2,1250,360,3,2,6350
30/06/2026 15:35:12,2,1230,360,3,2,6480
30/06/2026 15:35:28,2,1220,360,3,2,6480
30/06/2026 15:35:44,2,1210,360,3,1,6470
30/06/2026 15:36:00,2,1190,360,3,1,6470
30/06/2026 15:36:16,2,1170,360,3,1,6470
30/06/2026 15:36:32,2,1180,360,3,1,6540
30/06/2026 15:36:48,2,1190,360,3,1,6540
30/06/2026 15:37:04,2,1160,360,3,1,6500
30/06/2026 15:37:20,2,1130,360,3,1,6500
30/06/2026 15:37:36,2,1100,360,3,1,6480
30/06/2026 15:37:52,2,1070,360,3,1,6480
30/06/2026 15:38:08,2,1060,360,3,1,6520
30/06/2026 15:38:24,2,1070,360,3,1,6520
30/06/2026 15:38:40,2,1080,360,3,1,6520
30/06/2026 15:38:56,2,1100,360,3,1,6950
30/06/2026 15:39:12,2,1120,360,3,1,6950
30/06/2026 15:39:28,2,1090,360,3,2,6950
30/06/2026 15:39:44,2,1060,360,3,2,6950
30/06/2026 15:40:00,2,1030,360,3,2,6840
30/06/2026 15:40:16,2,1010,360,3,2,6840
30/06/2026 15:40:32,2,1010,360,3,1,6870
30/06/2026 15:40:48,2,1000,360,3,1,6870
30/06/2026 15:41:04,2,990,360,3,1,6870
30/06/2026 15:41:20,2,960,360,3,1,6820
30/06/2026 15:41:36,2,930,360,3,1,6820
30/06/2026 15:41:52,2,950,360,3,2,6840
30/06/2026 15:42:08,2,960,360,3,2,6840
30/06/2026 15:42:24,2,950,360,3,3,6200
30/06/2026 15:42:40,2,940,360,3,3,6200
30/06/2026 15:42:56,2,-999,360,3,2,3910
30/06/2026 15:43:12,2,-999,360,3,2,3910
30/06/2026 15:43:28,2,-999,360,3,2,3910
30/06/2026 15:43:44,2,-999,360,3,1,3880
30/06/2026 15:44:00,2,-999,360,3,1,3880
30/06/2026 15:44:16,2,-999,360,3,3,3870
30/06/2026 15:44:32,2,-999,360,3,3,3870
30/06/2026 15:44:48,2,910,360,3,1,6670
30/06/2026 15:45:04,2,900,360,3,1,6670
30/06/2026 15:45:20,2,900,360,3,3,6700
30/06/2026 15:45:36,2,910,360,3,3,6700
30/06/2026 15:45:52,2,920,360,3,3,6700
30/06/2026 15:46:08,2,930,360,3,2,6730
30/06/2026 15:46:24,2,940,360,3,2,6730
30/06/2026 15:46:40,2,940,360,3,1,7130
30/06/2026 15:46:56,2,940,360,3,1,7130
30/06/2026 15:47:12,2,950,360,3,1,7100
30/06/2026 15:47:28,2,960,360,3,1,7100
30/06/2026 15:47:44,2,970,360,3,3,6970
30/06/2026 15:48:00,2,980,360,3,3,6970
30/06/2026 15:48:16,2,990,360,3,3,6970
30/06/2026 15:48:32,2,970,360,3,2,6950
30/06/2026 15:48:48,2,960,360,3,2,6950
30/06/2026 15:49:04,2,950,360,3,1,7120
30/06/2026 15:49:20,2,940,360,3,1,7120
30/06/2026 15:49:36,2,930,360,3,3,7210
30/06/2026 15:49:52,2,920,360,3,3,7210
30/06/2026 15:50:08,2,920,360,3,2,7500
30/06/2026 15:50:24,2,920,360,3,2,7500
30/06/2026 15:50:40,2,910,360,3,2,7500
30/06/2026 15:50:56,2,920,360,3,1,7900
30/06/2026 15:51:12,2,920,360,3,1,7900
30/06/2026 15:51:28,2,950,360,3,2,6830
30/06/2026 15:51:44,2,980,360,3,2,6830
30/06/2026 15:52:00,2,980,360,3,1,6830
30/06/2026 15:52:16,2,980,360,3,1,6830
30/06/2026 15:52:32,2,980,360,3,1,7780
30/06/2026 15:52:48,2,980,360,3,1,7780
30/06/2026 15:53:04,2,980,360,3,1,7780
30/06/2026 15:53:20,2,1020,360,3,1,7670
30/06/2026 15:53:36,2,1060,360,3,1,7670
30/06/2026 15:53:52,2,1110,360,3,2,6960
30/06/2026 15:54:08,2,1130,360,3,2,6960
30/06/2026 15:54:24,2,1150,360,3,1,6950
30/06/2026 15:54:40,2,1170,360,3,1,6950
30/06/2026 15:54:56,2,1190,360,3,2,6990
30/06/2026 15:55:12,2,1200,360,3,2,6990
30/06/2026 15:55:28,2,1210,360,3,2,6990
30/06/2026 15:55:44,2,1230,360,3,2,7200
30/06/2026 15:56:00,2,1250,360,3,2,7200
30/06/2026 15:56:16,2,1240,360,3,1,7190
30/06/2026 15:56:32,2,1260,360,3,1,7190
30/06/2026 15:56:48,2,1270,360,3,2,6980
30/06/2026 15:57:04,2,1250,360,3,2,6980
30/06/2026 15:57:20,2,1250,360,3,2,6820
30/06/2026 15:57:36,2,1240,360,3,2,6820
30/06/2026 15:57:52,2,1230,360,3,2,6820
30/06/2026 15:58:08,2,1250,360,3,3,6770
30/06/2026 15:58:24,2,1260,360,3,3,6770
30/06/2026 15:58:40,2,1260,360,3,3,6520
30/06/2026 15:58:56,2,1260,360,3,3,6520
30/06/2026 15:59:12,2,1250,360,3,3,6540
30/06/2026 15:59:28,2,1250,360,3,3,6540
30/06/2026 15:59:44,2,1270,360,3,3,6900
30/06/2026 16:00:00,-999,1280,-999,3,3,6900
30/06/2026 16:00:16,-999,1290,-999,3,3,6900
30/06/2026 16:00:32,-999,1290,-999,3,1,6840
30/06/2026 16:00:48,-999,1280,-999,3,1,6840
30/06/2026 16:01:04,-999,1290,-999,3,2,6710
30/06/2026 16:01:20,-999,1300,-999,3,2,6710
30/06/2026 16:01:36,-999,1290,-999,3,2,6780
30/06/2026 16:01:52,-999,1290,-999,3,2,6780
30/06/2026 16:02:08,-999,1280,-999,3,2,6620
30/06/2026 16:02:24,-999,1280,-999,3,2,6620
30/06/2026 16:02:40,-999,1270,-999,3,2,6620
30/06/2026 16:02:56,-999,1260,-999,3,3,6480
30/06/2026 16:03:12,-999,1250,-999,3,3,6480
30/06/2026 16:03:28,-999,1260,-999,3,2,6300
30/06/2026 16:03:44,-999,1290,-999,3,2,6300
30/06/2026 16:04:00,-999,1290,-999,3,2,6210
30/06/2026 16:04:16,-999,1280,-999,3,2,6210
30/06/2026 16:04:32,-999,1290,-999,3,3,6150
30/06/2026 16:04:48,-999,1290,-999,3,3,6150
30/06/2026 16:05:04,-999,1290,-999,3,3,6150
30/06/2026 16:05:20,-999,1270,-999,3,2,6130
30/06/2026 16:05:36,-999,1250,-999,3,2,6130
30/06/2026 16:05:52,-999,1250,-999,3,2,6040
30/06/2026 16:06:08,-999,1240,-999,3,2,6040
30/06/2026 16:06:24,-999,1230,-999,3,1,5950
30/06/2026 16:06:40,-999,1230,-999,3,1,5950
30/06/2026 16:06:56,-999,1230,-999,3,1,5940
30/06/2026 16:07:12,-999,1190,-999,3,1,5940
30/06/2026 16:07:28,-999,1140,-999,3,1,5940
30/06/2026 16:07:44,-999,1120,-999,3,1,5950
30/06/2026 16:08:00,-999,1110,-999,3,1,5950
30/06/2026 16:08:16,-999,1100,-999,3,1,5890
30/06/2026 16:08:32,-999,1100,-999,3,1,5890
30/06/2026 16:08:48,-999,1080,-999,3,1,5810
30/06/2026 16:09:04,-999,1060,-999,3,1,5810
30/06/2026 16:09:20,-999,1050,-999,3,1,5800
30/06/2026 16:09:36,-999,1020,-999,3,1,5800
30/06/2026 16:09:52,-999,1000,-999,3,1,5800
30/06/2026 16:10:08,-999,1010,-999,3,1,5750
30/06/2026 16:10:24,-999,1020,-999,3,1,5750
30/06/2026 16:10:40,-999,1020,-999,3,1,5730
30/06/2026 16:10:56,-999,1030,-999,3,1,5730
30/06/2026 16:11:12,-999,-999,-999,3,3,3540
30/06/2026 16:11:28,-999,-999,-999,3,3,3540
30/06/2026 16:11:44,-999,-999,-999,3,2,3540
30/06/2026 16:12:00,-999,-999,-999,3,2,3540
30/06/2026 16:12:16,-999,-999,-999,3,2,3540
30/06/2026 16:12:32,-999,-999,-999,3,3,3530
30/06/2026 16:12:48,-999,-999,-999,3,3,3530
30/06/2026 16:13:04,-999,-999,-999,3,2,3550
30/06/2026 16:13:20,-999,-999,-999,3,2,3550
30/06/2026 16:13:36,-999,3700,-999,3,1,3550
30/06/2026 16:13:52,-999,3700,-999,3,1,3550
30/06/2026 16:14:08,-999,3700,-999,3,1,3560
30/06/2026 16:14:24,-999,3700,-999,3,1,3560
30/06/2026 16:14:40,-999,3710,-999,3,1,3560
30/06/2026 16:14:56,-999,3710,-999,3,1,3560
30/06/2026 16:15:12,-999,3710,-999,3,1,3560
30/06/2026 16:15:28,-999,3710,-999,3,1,3560
30/06/2026 16:15:44,-999,3710,-999,3,1,3560
30/06/2026 16:16:00,-999,3710,-999,3,1,3560
30/06/2026 16:16:16,-999,3710,-999,3,1,3560
30/06/2026 16:16:32,-999,3710,-999,3,2,3550
30/06/2026 16:16:48,-999,3700,-999,3,2,3550
30/06/2026 16:17:04,-999,3700,-999,3,2,3550
30/06/2026 16:17:20,-999,3710,-999,3,3,3550
30/06/2026 16:17:36,-999,3710,-999,3,3,3550
30/06/2026 16:17:52,-999,3690,-999,3,2,3550
30/06/2026 16:18:08,-999,3690,-999,3,2,3550
30/06/2026 16:18:24,-999,3680,-999,3,2,3550
30/06/2026 16:18:40,-999,3680,-999,3,2,3550
30/06/2026 16:18:56,-999,3680,-999,3,1,3550
30/06/2026 16:19:12,-999,3680,-999,3,1,3550
30/06/2026 16:19:28,-999,3680,-999,3,1,3550
30/06/2026 16:19:44,-999,3690,-999,3,1,3550
30/06/2026 16:20:00,-999,3690,-999,3,1,3550
30/06/2026 16:20:16,-999,3730,-999,3,1,3550
30/06/2026 16:20:32,-999,3730,-999,3,1,3550
30/06/2026 16:20:48,-999,3730,-999,3,1,3530
30/06/2026 16:21:04,-999,3730,-999,3,1,3530
30/06/2026 16:21:20,-999,3690,-999,3,1,3530
30/06/2026 16:21:36,-999,3690,-999,3,1,3530
30/06/2026 16:21:52,-999,3680,-999,3,1,3530
30/06/2026 16:22:08,-999,3680,-999,3,1,3530
30/06/2026 16:22:24,-999,3680,-999,3,1,3530
30/06/2026 16:22:40,-999,3680,-999,3,1,3520
30/06/2026 16:22:56,-999,3680,-999,3,1,3520
30/06/2026 16:23:12,-999,3680,-999,3,1,3520
30/06/2026 16:23:28,-999,3680,-999,3,1,3520
30/06/2026 16:23:44,-999,3680,-999,3,1,3510
30/06/2026 16:24:00,-999,3680,-999,3,1,3510
30/06/2026 16:24:16,-999,3680,-999,3,1,3510
30/06/2026 16:24:32,-999,3680,-999,3,1,3500
30/06/2026 16:24:48,-999,3680,-999,3,1,3500
30/06/2026 16:25:04,-999,3680,-999,3,1,3510
30/06/2026 16:25:20,-999,3690,-999,3,1,3510
30/06/2026 16:25:36,-999,3690,-999,3,1,3520
30/06/2026 16:25:52,-999,3690,-999,3,1,3520
30/06/2026 16:26:08,-999,3690,-999,3,1,3520
30/06/2026 16:26:24,-999,3690,-999,3,1,3520
30/06/2026 16:26:40,-999,3690,-999,3,1,3520
30/06/2026 16:26:56,-999,3690,-999,3,1,3510
30/06/2026 16:27:12,-999,3690,-999,3,1,3510
30/06/2026 16:27:28,-999,3690,-999,3,1,3510
30/06/2026 16:27:44,-999,3690,-999,3,1,3510
30/06/2026 16:28:00,-999,3680,-999,3,1,3510
30/06/2026 16:28:16,-999,3660,-999,3,1,3510
30/06/2026 16:28:32,-999,3660,-999,3,1,3520
30/06/2026 16:28:48,-999,3660,-999,3,1,3520
30/06/2026 16:29:04,-999,3660,-999,3,1,3520
30/06/2026 16:29:20,-999,3660,-999,3,1,3540
30/06/2026 16:29:36,-999,3690,-999,3,1,3540
30/06/2026 16:29:52,-999,3690,-999,3,1,3540
30/06/2026 16:30:08,-999,3690,-999,3,1,3540
30/06/2026 16:30:24,-999,3690,-999,3,1,3540
30/06/2026 16:30:40,-999,3690,-999,3,1,3540
30/06/2026 16:30:56,-999,3690,-999,3,1,3550
30/06/2026 16:31:12,-999,3690,-999,3,1,3550
30/06/2026 16:31:28,-999,3690,-999,3,1,3550
30/06/2026 16:31:44,-999,3690,-999,3,1,3550
30/06/2026 16:32:00,-999,3710,-999,3,1,3550
30/06/2026 16:32:16,-999,3710,-999,3,1,3540
30/06/2026 16:32:32,-999,3710,-999,3,1,3540
30/06/2026 16:32:48,-999,3710,-999,3,1,3540
30/06/2026 16:33:04,-999,3710,-999,3,1,3540
30/06/2026 16:33:20,-999,3670,-999,3,1,3540
30/06/2026 16:33:36,-999,3670,-999,3,1,3540
30/06/2026 16:33:52,-999,3670,-999,3,1,3540
30/06/2026 16:34:08,-999,3670,-999,3,1,3540
30/06/2026 16:34:24,-999,3670,-999,3,1,3540
30/06/2026 16:34:40,-999,3670,-999,3,1,3520
30/06/2026 16:34:56,-999,3670,-999,3,1,3520
30/06/2026 16:35:12,-999,3660,-999,3,1,3520
30/06/2026 16:35:28,-999,3660,-999,3,1,3520
30/06/2026 16:35:44,-999,3650,-999,3,1,3510
30/06/2026 16:36:00,-999,3650,-999,3,1,3510
30/06/2026 16:36:16,-999,3650,-999,3,1,3510
30/06/2026 16:36:32,-999,-999,-999,3,1,3500
30/06/2026 16:36:48,-999,-999,-999,3,1,3500
30/06/2026 16:37:04,-999,-999,-999,3,1,3490
30/06/2026 16:37:20,-999,-999,-999,3,1,3490
30/06/2026 16:37:36,-999,-999,-999,3,1,3490
30/06/2026 16:37:52,-999,3700,-999,3,1,3490
30/06/2026 16:38:08,-999,1250,-999,3,2,7870
30/06/2026 16:38:24,-999,1240,-999,3,2,7870
30/06/2026 16:38:40,-999,1230,-999,3,2,7870
30/06/2026 16:38:56,-999,1230,-999,3,2,7810
30/06/2026 16:39:12,-999,1230,-999,3,2,7810
30/06/2026 16:39:28,-999,1220,-999,3,2,8580
30/06/2026 16:39:44,-999,1220,-999,3,2,8580
30/06/2026 16:40:00,-999,1250,-999,3,3,7730
30/06/2026 16:40:16,-999,1260,-999,3,3,7730
30/06/2026 16:40:32,-999,1250,-999,3,2,5570
30/06/2026 16:40:48,-999,1250,-999,3,2,5570
30/06/2026 16:41:04,-999,1240,-999,3,2,5570
30/06/2026 16:41:20,-999,1230,-999,3,1,5560
30/06/2026 16:41:36,-999,1220,-999,3,1,5560
30/06/2026 16:41:52,-999,970,-999,3,2,4130
30/06/2026 16:42:08,-999,1090,-999,3,2,4130
30/06/2026 16:42:24,-999,1930,-999,3,2,4130
30/06/2026 16:42:40,-999,1930,-999,3,2,4130
30/06/2026 16:42:56,-999,1930,-999,3,2,4110
30/06/2026 16:43:12,-999,1920,-999,3,2,4110
30/06/2026 16:43:28,-999,1910,-999,3,2,4110
30/06/2026 16:43:44,-999,1900,-999,3,2,4090
30/06/2026 16:44:00,-999,1900,-999,3,2,4090
30/06/2026 16:44:16,-999,-999,-999,3,1,3970
30/06/2026 16:44:32,-999,-999,-999,3,1,3970
30/06/2026 16:44:48,-999,-999,-999,3,1,3920
30/06/2026 16:45:04,-999,-999,-999,3,1,3920
30/06/2026 16:45:20,-999,-999,-999,3,1,3920
30/06/2026 16:45:36,-999,-999,-999,3,1,3920
30/06/2026 16:45:52,-999,-999,-999,3,1,3920
30/06/2026 16:46:08,-999,1880,-999,3,3,4010
30/06/2026 16:46:24,-999,1880,-999,3,3,4010
30/06/2026 16:46:40,-999,1880,-999,3,3,4200
30/06/2026 16:46:56,-999,1880,-999,3,3,4200
30/06/2026 16:47:12,-999,1880,-999,3,3,4650
30/06/2026 16:47:28,-999,1880,-999,3,3,4650
30/06/2026 16:47:44,-999,-999,-999,3,3,3540
30/06/2026 16:48:00,-999,-999,-999,3,3,3540
30/06/2026 16:48:16,-999,-999,-999,3,3,3540
30/06/2026 16:48:32,-999,1880,-999,3,3,4080
30/06/2026 16:48:48,-999,1880,-999,3,3,4080
30/06/2026 16:49:04,-999,-999,-999,3,3,3550
30/06/2026 16:49:20,-999,-999,-999,3,3,3550
30/06/2026 16:49:36,-999,-999,-999,3,1,3530
30/06/2026 16:49:52,-999,-999,-999,3,1,3530
30/06/2026 16:50:08,-999,3800,-999,3,1,3620
30/06/2026 16:50:24,-999,3800,-999,3,1,3620
30/06/2026 16:50:40,-999,3800,-999,3,1,3620
30/06/2026 16:50:56,-999,3800,-999,3,1,3740
30/06/2026 16:51:12,-999,3800,-999,3,1,3740
30/06/2026 16:51:28,-999,3800,-999,3,2,3520
30/06/2026 16:51:44,-999,3800,-999,3,2,3520
30/06/2026 16:52:00,-999,3800,-999,3,2,3550
30/06/2026 16:52:16,-999,3800,-999,3,2,3550
30/06/2026 16:52:32,-999,3800,-999,3,1,3720
30/06/2026 16:52:48,-999,3800,-999,3,1,3720
30/06/2026 16:53:04,-999,3800,-999,3,1,3720
30/06/2026 16:53:20,-999,3800,-999,3,1,3730
30/06/2026 16:53:36,-999,3800,-999,3,1,3730
30/06/2026 16:53:52,-999,3800,-999,3,1,3600
30/06/2026 16:54:08,-999,3800,-999,3,1,3600
30/06/2026 16:54:24,-999,3800,-999,3,1,3550
30/06/2026 16:54:40,-999,3800,-999,3,1,3550
30/06/2026 16:54:56,-999,3800,-999,3,1,3520
30/06/2026 16:55:12,-999,3800,-999,3,1,3520
30/06/2026 16:55:28,-999,3800,-999,3,1,3520
30/06/2026 16:55:44,-999,3800,-999,3,1,3510
30/06/2026 16:56:00,-999,3800,-999,3,1,3510
30/06/2026 16:56:16,-999,3790,-999,3,1,3500
30/06/2026 16:56:32,-999,3530,-999,3,1,3500
30/06/2026 16:56:48,-999,3530,-999,3,2,3540
30/06/2026 16:57:04,-999,3530,-999,3,2,3540
30/06/2026 16:57:20,-999,-999,-999,3,1,4300
30/06/2026 16:57:36,-999,-999,-999,3,1,4300
30/06/2026 16:57:52,-999,-999,-999,3,1,4300
30/06/2026 16:58:08,-999,-999,-999,3,1,4350
30/06/2026 16:58:24,-999,-999,-999,3,1,4350
30/06/2026 16:58:40,-999,-999,-999,3,1,4340
30/06/2026 16:58:56,-999,-999,-999,3,1,4340
30/06/2026 16:59:12,-999,-999,-999,3,2,4360
30/06/2026 16:59:28,-999,-999,-999,3,2,4360
30/06/2026 16:59:44,-999,-999,-999,3,2,4320
30/06/2026 17:00:00,2,-999,3690,3,2,4320
30/06/2026 17:00:16,2,-999,3690,3,2,4320
30/06/2026 17:00:32,2,3520,3690,3,2,3460
30/06/2026 17:00:48,2,3520,3690,3,2,3460
30/06/2026 17:01:04,2,3520,3690,3,1,3460
30/06/2026 17:01:20,2,3530,3690,3,1,3460
30/06/2026 17:01:36,2,3520,3690,3,1,3460
30/06/2026 17:01:52,2,3520,3690,3,1,3460
30/06/2026 17:02:08,2,3520,3690,3,1,3450
30/06/2026 17:02:24,2,3520,3690,3,1,3450
30/06/2026 17:02:40,2,3520,3690,3,1,3450
30/06/2026 17:02:56,2,3520,3690,3,1,3450
30/06/2026 17:03:12,2,3520,3690,3,1,3450
30/06/2026 17:03:28,2,3520,3690,3,1,3460
30/06/2026 17:03:44,2,3530,3690,3,1,3460
30/06/2026 17:04:00,2,3530,3690,3,1,3470
30/06/2026 17:04:16,2,3530,3690,3,1,3470
30/06/2026 17:04:32,2,3530,3690,3,1,3470
30/06/2026 17:04:48,2,3540,3690,3,1,3470
30/06/2026 17:05:04,2,3540,3690,3,1,3470
30/06/2026 17:05:20,2,3560,3690,3,1,3480
30/06/2026 17:05:36,2,3560,3690,3,1,3480
30/06/2026 17:05:52,2,3560,3690,3,1,3470
30/06/2026 17:06:08,2,3560,3690,3,1,3470
30/06/2026 17:06:24,2,3560,3690,3,1,3470
30/06/2026 17:06:40,2,3560,3690,3,1,3470
30/06/2026 17:06:56,2,3560,3690,3,1,3490
30/06/2026 17:07:12,2,3560,3690,3,1,3490
30/06/2026 17:07:28,2,3560,3690,3,1,3490
30/06/2026 17:07:44,2,3560,3690,3,1,3500
30/06/2026 17:08:00,2,3560,3690,3,1,3500
30/06/2026 17:08:16,2,3560,3690,3,1,3480
30/06/2026 17:08:32,2,3560,3690,3,1,3480
30/06/2026 17:08:48,2,3600,3690,3,1,3490
30/06/2026 17:09:04,2,3600,3690,3,1,3490
30/06/2026 17:09:20,2,3600,3690,3,1,3490
30/06/2026 17:09:36,2,3600,3690,3,1,3490
30/06/2026 17:09:52,2,3610,3690,3,1,3490
30/06/2026 17:10:08,2,3610,3690,3,1,3490
30/06/2026 17:10:24,2,3610,3690,3,1,3490
30/06/2026 17:10:40,2,3610,3690,3,1,3490
30/06/2026 17:10:56,2,3600,3690,3,1,3490
30/06/2026 17:11:12,2,3600,3690,3,1,3480
30/06/2026 17:11:28,2,3600,3690,3,1,3480
30/06/2026 17:11:44,2,3600,3690,3,1,3480
30/06/2026 17:12:00,2,3560,3690,3,1,3480
30/06/2026 17:12:16,2,3560,3690,3,1,3480
30/06/2026 17:12:32,2,3560,3690,3,1,3490
30/06/2026 17:12:48,2,3560,3690,3,1,3490
30/06/2026 17:13:04,2,3560,3690,3,1,3490
30/06/2026 17:13:20,2,3560,3690,3,1,3490
30/06/2026 17:13:36,2,3560,3690,3,1,3500
30/06/2026 17:13:52,2,3560,3690,3,1,3500
30/06/2026 17:14:08,2,3560,3690,3,1,3510
30/06/2026 17:14:24,2,3570,3690,3,1,3510
30/06/2026 17:14:40,2,3570,3690,3,1,3510
30/06/2026 17:14:56,2,3570,3690,3,1,3530
30/06/2026 17:15:12,2,3570,3690,3,1,3530
30/06/2026 17:15:28,2,3570,3690,3,1,3530
30/06/2026 17:15:44,2,3570,3690,3,1,3530
30/06/2026 17:16:00,2,3570,3690,3,1,3530
30/06/2026 17:16:16,2,3570,3690,3,1,3530
30/06/2026 17:16:32,2,3580,3690,3,1,3540
30/06/2026 17:16:48,2,3580,3690,3,1,3540
30/06/2026 17:17:04,2,3580,3690,3,1,3540
30/06/2026 17:17:20,2,3580,3690,3,1,3530
30/06/2026 17:17:36,2,3580,3690,3,1,3530
30/06/2026 17:17:52,2,3580,3690,3,1,3540
30/06/2026 17:18:08,2,3580,3690,3,1,3540
30/06/2026 17:18:24,2,3600,3690,3,1,3540
30/06/2026 17:18:40,2,3600,3690,3,1,3540
30/06/2026 17:18:56,2,3430,3690,3,1,3350
30/06/2026 17:19:12,2,3400,3690,3,1,3350
30/06/2026 17:19:28,2,3400,3690,3,1,3350
30/06/2026 17:19:44,2,3360,3690,3,1,3360
30/06/2026 17:20:00,2,3360,3690,3,1,3360
30/06/2026 17:20:16,2,3360,3690,3,1,3500
30/06/2026 17:20:32,2,3360,3690,3,1,3500
30/06/2026 17:20:48,2,3360,3690,3,1,3510
30/06/2026 17:21:04,2,3360,3690,3,1,3510
30/06/2026 17:21:20,2,3360,3690,3,1,3500
30/06/2026 17:21:36,2,3360,3690,3,1,3500
30/06/2026 17:21:52,2,3340,3690,3,1,3500
30/06/2026 17:22:08,2,3340,3690,3,1,3500
30/06/2026 17:22:24,2,3520,3690,3,1,3500
30/06/2026 17:22:40,2,3520,3690,3,1,3500
30/06/2026 17:22:56,2,3530,3690,3,1,3500
30/06/2026 17:23:12,2,3530,3690,3,1,3500
30/06/2026 17:23:28,2,3530,3690,3,1,3500
30/06/2026 17:23:44,2,3530,3690,3,1,3540
30/06/2026 17:24:00,2,3530,3690,3,1,3540
30/06/2026 17:24:16,2,3530,3690,3,1,3540
30/06/2026 17:24:32,2,3530,3690,3,1,3500
30/06/2026 17:24:48,2,3530,3690,3,1,3500
30/06/2026 17:25:04,2,3530,3690,3,1,3500
30/06/2026 17:25:20,2,3540,3690,3,1,3500
30/06/2026 17:25:36,2,3250,3690,3,1,3500
30/06/2026 17:25:52,2,3250,3690,3,1,3500
30/06/2026 17:26:08,2,3250,3690,3,2,3560
30/06/2026 17:26:24,2,3300,3690,3,2,3560
30/06/2026 17:26:40,2,3300,3690,3,2,3560
30/06/2026 17:26:56,2,-999,3690,3,1,4020
30/06/2026 17:27:12,2,-999,3690,3,1,4020
30/06/2026 17:27:28,2,-999,3690,3,1,4000
30/06/2026 17:27:44,2,-999,3690,3,1,4000
30/06/2026 17:28:00,2,3100,3690,3,1,3850
30/06/2026 17:28:16,2,3100,3690,3,1,3850
30/06/2026 17:28:32,2,3300,3690,3,1,3770
30/06/2026 17:28:48,2,3240,3690,3,1,3770
30/06/2026 17:29:04,2,3240,3690,3,1,3770
30/06/2026 17:29:20,2,3240,3690,3,1,3730
30/06/2026 17:29:36,2,3200,3690,3,1,3730
30/06/2026 17:29:52,2,3200,3690,3,2,3650
30/06/2026 17:30:08,2,3200,3690,3,2,3650
30/06/2026 17:30:24,2,3200,3690,3,1,3490
30/06/2026 17:30:40,2,3180,3690,3,1,3490
30/06/2026 17:30:56,2,3180,3690,3,1,3440
30/06/2026 17:31:12,2,3180,3690,3,1,3440
30/06/2026 17:31:28,2,3180,3690,3,1,3440
30/06/2026 17:31:44,2,3180,3690,3,2,3320
30/06/2026 17:32:00,2,3180,3690,3,2,3320
30/06/2026 17:32:16,2,3180,3690,3,1,3290
30/06/2026 17:32:32,2,3180,3690,3,1,3290
30/06/2026 17:32:48,2,3180,3690,3,1,3290
30/06/2026 17:33:04,2,3100,3690,3,1,3290
30/06/2026 17:33:20,2,3100,3690,3,1,3250
30/06/2026 17:33:36,2,3090,3690,3,1,3250
30/06/2026 17:33:52,2,3090,3690,3,1,3250
30/06/2026 17:34:08,2,3090,3690,3,1,3180
30/06/2026 17:34:24,2,3090,3690,3,1,3180
30/06/2026 17:34:40,2,3090,3690,3,1,3170
30/06/2026 17:34:56,2,3090,3690,3,1,3170
30/06/2026 17:35:12,2,3090,3690,3,2,3080
30/06/2026 17:35:28,2,3090,3690,3,2,3080
30/06/2026 17:35:44,2,3020,3690,3,1,3020
30/06/2026 17:36:00,2,-999,3690,3,1,3020
30/06/2026 17:36:16,2,3020,3690,3,1,3020
30/06/2026 17:36:32,2,3020,3690,3,1,3060
30/06/2026 17:36:48,2,3020,3690,3,1,3060
30/06/2026 17:37:04,2,3020,3690,3,1,3060
30/06/2026 17:37:20,2,3020,3690,3,1,3060
30/06/2026 17:37:36,2,3020,3690,3,2,2740
30/06/2026 17:37:52,2,2940,3690,3,2,2740
30/06/2026 17:38:08,2,2940,3690,3,1,2890
30/06/2026 17:38:24,2,2930,3690,3,1,2890
30/06/2026 17:38:40,2,2930,3690,3,1,2890
30/06/2026 17:38:56,2,2910,3690,3,1,2580
30/06/2026 17:39:12,2,2910,3690,3,1,2580
30/06/2026 17:39:28,2,2910,3690,3,1,2610
30/06/2026 17:39:44,2,2910,3690,3,1,2610
30/06/2026 17:40:00,2,2910,3690,3,1,2710
30/06/2026 17:40:16,2,2910,3690,3,1,2710
30/06/2026 17:40:32,2,2910,3690,3,1,2850
30/06/2026 17:40:48,2,2910,3690,3,1,2850
30/06/2026 17:41:04,2,2910,3690,3,1,2850
30/06/2026 17:41:20,2,2910,3690,3,1,2840
30/06/2026 17:41:36,2,2910,3690,3,1,2840
30/06/2026 17:41:52,2,2910,3690,3,1,2780
30/06/2026 17:42:08,2,2910,3690,3,1,2780
30/06/2026 17:42:24,2,2930,3690,3,1,2730
30/06/2026 17:42:40,2,2930,3690,3,1,2730
30/06/2026 17:42:56,2,2940,3690,3,2,2640
30/06/2026 17:43:12,2,2940,3690,3,2,2640
30/06/2026 17:43:28,2,2940,3690,3,2,2640
30/06/2026 17:43:44,2,-999,3690,3,1,2730
30/06/2026 17:44:00,2,-999,3690,3,1,2730
30/06/2026 17:44:16,2,2940,3690,3,2,2560
30/06/2026 17:44:32,2,2940,3690,3,2,2560
30/06/2026 17:44:48,2,-999,3690,3,1,2560
30/06/2026 17:45:04,2,-999,3690,3,1,2560
30/06/2026 17:45:20,2,2980,3690,3,2,2720
30/06/2026 17:45:36,2,3010,3690,3,2,2720
30/06/2026 17:45:52,2,3010,3690,3,2,2720
30/06/2026 17:46:08,2,3010,3690,3,1,2580
30/06/2026 17:46:24,2,3010,3690,3,1,2580
30/06/2026 17:46:40,2,3010,3690,3,2,2050
30/06/2026 17:46:56,2,3010,3690,3,2,2050
30/06/2026 17:47:12,2,3010,3690,3,2,1950
30/06/2026 17:47:28,2,-999,3690,3,2,1950
30/06/2026 17:47:44,2,-999,3690,3,2,2200
30/06/2026 17:48:00,2,-999,3690,3,2,2200
30/06/2026 17:48:16,2,2280,3690,3,2,2200
30/06/2026 17:48:32,2,2280,3690,3,2,2200
30/06/2026 17:48:48,2,-999,3690,3,2,2200
30/06/2026 17:49:04,2,-999,3690,3,1,2590
30/06/2026 17:49:20,2,-999,3690,3,1,2590
30/06/2026 17:49:36,2,-999,3690,3,1,2980
30/06/2026 17:49:52,2,-999,3690,3,1,2980
30/06/2026 17:50:08,2,2280,3690,3,3,2150
30/06/2026 17:50:24,2,2280,3690,3,3,2150
30/06/2026 17:50:40,2,2280,3690,3,3,2150
30/06/2026 17:50:56,2,2280,3690,3,1,2100
30/06/2026 17:51:12,2,2920,3690,3,1,2100
30/06/2026 17:51:28,2,2920,3690,3,2,2160
30/06/2026 17:51:44,2,2920,3690,3,2,2160
30/06/2026 17:52:00,2,2920,3690,3,3,2290
30/06/2026 17:52:16,2,-999,3690,3,3,2290
30/06/2026 17:52:32,2,-999,3690,3,3,2480
30/06/2026 17:52:48,2,-999,3690,3,3,2480
30/06/2026 17:53:04,2,-999,3690,3,3,2480
30/06/2026 17:53:20,2,2310,3690,3,1,2840
30/06/2026 17:53:36,2,-999,3690,3,1,2840
30/06/2026 17:53:52,2,-999,3690,3,1,2690
30/06/2026 17:54:08,2,-999,3690,3,1,2690
30/06/2026 17:54:24,2,-999,3690,3,2,2690
30/06/2026 17:54:40,2,-999,3690,3,2,2690
30/06/2026 17:54:56,2,-999,3690,3,2,2370
30/06/2026 17:55:12,2,2980,3690,3,2,2370
30/06/2026 17:55:28,2,2980,3690,3,2,2370
30/06/2026 17:55:44,2,2980,3690,3,2,2220
30/06/2026 17:56:00,2,2940,3690,3,2,2220
30/06/2026 17:56:16,2,2940,3690,3,2,2220
30/06/2026 17:56:32,2,2940,3690,3,2,2220
30/06/2026 17:56:48,2,2940,3690,3,2,1650
30/06/2026 17:57:04,2,2940,3690,3,2,1650
30/06/2026 17:57:20,2,2940,3690,3,2,1920
30/06/2026 17:57:36,2,2940,3690,3,2,1920
30/06/2026 17:57:52,2,2360,3690,3,2,1920
30/06/2026 17:58:08,2,2360,3690,3,3,1880
30/06/2026 17:58:24,2,2360,3690,3,3,1880
30/06/2026 17:58:40,2,2360,3690,3,3,1760
30/06/2026 17:58:56,2,2360,3690,3,3,1760
30/06/2026 17:59:12,2,2360,3690,3,3,2580
30/06/2026 17:59:28,2,2360,3690,3,3,2580
30/06/2026 17:59:44,2,2360,3690,3,2,2780
30/06/2026 18:00:00,1,2360,3560,3,2,2780
30/06/2026 18:00:16,1,2360,3560,3,2,2780
30/06/2026 18:00:32,1,2360,3560,3,3,2150
30/06/2026 18:00:48,1,2360,3560,3,3,2150
30/06/2026 18:01:04,1,2340,3560,3,2,2000
30/06/2026 18:01:20,1,2340,3560,3,2,2000
30/06/2026 18:01:36,1,2340,3560,3,2,2650
30/06/2026 18:01:52,1,-999,3560,3,2,2650
30/06/2026 18:02:08,1,-999,3560,3,1,3000
30/06/2026 18:02:24,1,-999,3560,3,1,3000
30/06/2026 18:02:40,1,-999,3560,3,1,3000
30/06/2026 18:02:56,1,-999,3560,3,1,2980
30/06/2026 18:03:12,1,-999,3560,3,1,2980
30/06/2026 18:03:28,1,-999,3560,3,2,2600
30/06/2026 18:03:44,1,-999,3560,3,2,2600
30/06/2026 18:04:00,1,-999,3560,3,1,3080
30/06/2026 18:04:16,1,-999,3560,3,1,3080
30/06/2026 18:04:32,1,-999,3560,3,2,3060
30/06/2026 18:04:48,1,-999,3560,3,2,3060
30/06/2026 18:05:04,1,-999,3560,3,2,3060
30/06/2026 18:05:20,1,-999,3560,3,1,3050
30/06/2026 18:05:36,1,-999,3560,3,1,3050
30/06/2026 18:05:52,1,-999,3560,3,2,2960
30/06/2026 18:06:08,1,-999,3560,3,2,2960
30/06/2026 18:06:24,1,-999,3560,3,1,2970
30/06/2026 18:06:40,1,3140,3560,3,1,2970
30/06/2026 18:06:56,1,3140,3560,3,1,3030
30/06/2026 18:07:12,1,3150,3560,3,1,3030
30/06/2026 18:07:28,1,3150,3560,3,1,3030
30/06/2026 18:07:44,1,3150,3560,3,1,2880
30/06/2026 18:08:00,1,3150,3560,3,1,2880
30/06/2026 18:08:16,1,3150,3560,3,2,2680
30/06/2026 18:08:32,1,3150,3560,3,2,2680
30/06/2026 18:08:48,1,-999,3560,3,3,2630
30/06/2026 18:09:04,1,-999,3560,3,3,2630
30/06/2026 18:09:20,1,-999,3560,3,1,3070
30/06/2026 18:09:36,1,-999,3560,3,1,3070
30/06/2026 18:09:52,1,-999,3560,3,1,3070
30/06/2026 18:10:08,1,3150,3560,3,1,3080
30/06/2026 18:10:24,1,3150,3560,3,1,3080
30/06/2026 18:10:40,1,3160,3560,3,3,2270
30/06/2026 18:10:56,1,3150,3560,3,3,2270
30/06/2026 18:11:12,1,-999,3560,3,3,2170
30/06/2026 18:11:28,1,-999,3560,3,3,2170
30/06/2026 18:11:44,1,-999,3560,3,2,2200
30/06/2026 18:12:00,1,-999,3560,3,2,2200
30/06/2026 18:12:16,1,-999,3560,3,2,2200
30/06/2026 18:12:32,1,-999,3560,3,2,2570
30/06/2026 18:12:48,1,-999,3560,3,2,2570
30/06/2026 18:13:04,1,-999,3560,3,1,2850
30/06/2026 18:13:20,1,-999,3560,3,1,2850
30/06/2026 18:13:36,1,-999,3560,3,1,2850
30/06/2026 18:13:52,1,-999,3560,3,1,2850
30/06/2026 18:14:08,1,-999,3560,3,1,2880
30/06/2026 18:14:24,1,-999,3560,3,1,2880
30/06/2026 18:14:40,1,-999,3560,3,1,2880
30/06/2026 18:14:56,1,-999,3560,3,1,2880
30/06/2026 18:15:12,1,-999,3560,3,1,2880
30/06/2026 18:15:28,1,-999,3560,3,1,2860
30/06/2026 18:15:44,1,-999,3560,3,1,2860
30/06/2026 18:16:00,1,-999,3560,3,1,2900
30/06/2026 18:16:16,1,-999,3560,3,1,2900
30/06/2026 18:16:32,1,-999,3560,3,1,2900
30/06/2026 18:16:48,1,-999,3560,3,1,2900
30/06/2026 18:17:04,1,-999,3560,3,1,2900
30/06/2026 18:17:20,1,2980,3560,3,1,2780
30/06/2026 18:17:36,1,2980,3560,3,1,2780
30/06/2026 18:17:52,1,-999,3560,3,1,2870
30/06/2026 18:18:08,1,-999,3560,3,1,2870
30/06/2026 18:18:24,1,-999,3560,3,1,2860
30/06/2026 18:18:40,1,-999,3560,3,1,2860
30/06/2026 18:18:56,1,2980,3560,3,1,2810
30/06/2026 18:19:12,1,2980,3560,3,1,2810
30/06/2026 18:19:28,1,1460,3560,3,1,2810
30/06/2026 18:19:44,1,1460,3560,3,2,2800
30/06/2026 18:20:00,1,1460,3560,3,2,2800
30/06/2026 18:20:16,1,2320,3560,3,2,2960
30/06/2026 18:20:32,1,2320,3560,3,2,2960
30/06/2026 18:20:48,1,2320,3560,3,2,2890
30/06/2026 18:21:04,1,2320,3560,3,2,2890
30/06/2026 18:21:20,1,-999,3560,3,1,2850
30/06/2026 18:21:36,1,-999,3560,3,1,2850
30/06/2026 18:21:52,1,-999,3560,3,1,2850
30/06/2026 18:22:08,1,2350,3560,3,2,2590
30/06/2026 18:22:24,1,2350,3560,3,2,2590
30/06/2026 18:22:40,1,2330,3560,3,3,2260
30/06/2026 18:22:56,1,2330,3560,3,3,2260
30/06/2026 18:23:12,1,-999,3560,3,2,2610
30/06/2026 18:23:28,1,-999,3560,3,2,2610
30/06/2026 18:23:44,1,2330,3560,3,1,2810
30/06/2026 18:24:00,1,2330,3560,3,1,2810
30/06/2026 18:24:16,1,2940,3560,3,1,2810
30/06/2026 18:24:32,1,-999,3560,3,1,2830
30/06/2026 18:24:48,1,-999,3560,3,1,2830
30/06/2026 18:25:04,1,2990,3560,3,1,2870
30/06/2026 18:25:20,1,2990,3560,3,1,2870
30/06/2026 18:25:36,1,-999,3560,3,1,2880
30/06/2026 18:25:52,1,-999,3560,3,1,2880
30/06/2026 18:26:08,1,-999,3560,3,1,2840
30/06/2026 18:26:24,1,-999,3560,3,1,2840
30/06/2026 18:26:40,1,-999,3560,3,1,2840
30/06/2026 18:26:56,1,2990,3560,3,2,2580
30/06/2026 18:27:12,1,2990,3560,3,2,2580
30/06/2026 18:27:28,1,-999,3560,3,1,2830
30/06/2026 18:27:44,1,-999,3560,3,1,2830
30/06/2026 18:28:00,1,-999,3560,3,1,2830
30/06/2026 18:28:16,1,-999,3560,3,1,2830
30/06/2026 18:28:32,1,2900,3560,3,2,2570
30/06/2026 18:28:48,1,2900,3560,3,2,2570
30/06/2026 18:29:04,1,2880,3560,3,2,2570
30/06/2026 18:29:20,1,2880,3560,3,2,2270
30/06/2026 18:29:36,1,2880,3560,3,2,2270
30/06/2026 18:29:52,1,2880,3560,3,3,2540
30/06/2026 18:30:08,1,2880,3560,3,3,2540
30/06/2026 18:30:24,1,2880,3560,3,2,3010
30/06/2026 18:30:40,1,2880,3560,3,2,3010
30/06/2026 18:30:56,1,2880,3560,3,2,2980
30/06/2026 18:31:12,1,2880,3560,3,2,2980
30/06/2026 18:31:28,1,2880,3560,3,2,2980
30/06/2026 18:31:44,1,-999,3560,3,1,2990
30/06/2026 18:32:00,1,-999,3560,3,1,2990
30/06/2026 18:32:16,1,-999,3560,3,1,2850
30/06/2026 18:32:32,1,-999,3560,3,1,2850
30/06/2026 18:32:48,1,-999,3560,3,1,2830
30/06/2026 18:33:04,1,-999,3560,3,1,2830
30/06/2026 18:33:20,1,-999,3560,3,2,2180
30/06/2026 18:33:36,1,-999,3560,3,2,2180
30/06/2026 18:33:52,1,2330,3560,3,2,2180
30/06/2026 18:34:08,1,2330,3560,3,1,2120
30/06/2026 18:34:24,1,2330,3560,3,1,2120
30/06/2026 18:34:40,1,2330,3560,3,2,2090
30/06/2026 18:34:56,1,2330,3560,3,2,2090
30/06/2026 18:35:12,1,2330,3560,3,2,2200
30/06/2026 18:35:28,1,2330,3560,3,2,2200
30/06/2026 18:35:44,1,2330,3560,3,2,2840
30/06/2026 18:36:00,1,2330,3560,3,2,2840
30/06/2026 18:36:16,1,2330,3560,3,2,2840
30/06/2026 18:36:32,1,2330,3560,3,3,2650
30/06/2026 18:36:48,1,2330,3560,3,3,2650
30/06/2026 18:37:04,1,2330,3560,3,2,2520
30/06/2026 18:37:20,1,2320,3560,3,2,2520
30/06/2026 18:37:36,1,2320,3560,3,2,2650
30/06/2026 18:37:52,1,2320,3560,3,2,2650
30/06/2026 18:38:08,1,2870,3560,3,2,2640
30/06/2026 18:38:24,1,-999,3560,3,2,2640
30/06/2026 18:38:40,1,-999,3560,3,2,2640
30/06/2026 18:38:56,1,-999,3560,3,3,2730
30/06/2026 18:39:12,1,-999,3560,3,3,2730
30/06/2026 18:39:28,1,-999,3560,3,1,2870
30/06/2026 18:39:44,1,-999,3560,3,1,2870
30/06/2026 18:40:00,1,-999,3560,3,1,2670
30/06/2026 18:40:16,1,-999,3560,3,1,2670
30/06/2026 18:40:32,1,-999,3560,3,2,2930
30/06/2026 18:40:48,1,-999,3560,3,2,2930
30/06/2026 18:41:04,1,-999,3560,3,2,2930
30/06/2026 18:41:20,1,-999,3560,3,3,2790
30/06/2026 18:41:36,1,-999,3560,3,3,2790
30/06/2026 18:41:52,1,-999,3560,3,2,2830
30/06/2026 18:42:08,1,-999,3560,3,2,2830
30/06/2026 18:42:24,1,-999,3560,3,1,2820
30/06/2026 18:42:40,1,-999,3560,3,1,2820
30/06/2026 18:42:56,1,-999,3560,3,2,2830
30/06/2026 18:43:12,1,-999,3560,3,2,2830
30/06/2026 18:43:28,1,2910,3560,3,2,2830
30/06/2026 18:43:44,1,2910,3560,3,1,2830
30/06/2026 18:44:00,1,2910,3560,3,1,2830
30/06/2026 18:44:16,1,2910,3560,3,1,2840
30/06/2026 18:44:32,1,2920,3560,3,1,2840
30/06/2026 18:44:48,1,2920,3560,3,2,2830
30/06/2026 18:45:04,1,2920,3560,3,2,2830
30/06/2026 18:45:20,1,2920,3560,3,1,2830
30/06/2026 18:45:36,1,2920,3560,3,1,2830
30/06/2026 18:45:52,1,2920,3560,3,1,2830
30/06/2026 18:46:08,1,2920,3560,3,2,2850
30/06/2026 18:46:24,1,2920,3560,3,2,2850
30/06/2026 18:46:40,1,2210,3560,3,2,2910
30/06/2026 18:46:56,1,2180,3560,3,2,2910
30/06/2026 18:47:12,1,2180,3560,3,1,2880
30/06/2026 18:47:28,1,2160,3560,3,1,2880
30/06/2026 18:47:44,1,2160,3560,3,2,2540
30/06/2026 18:48:00,1,2160,3560,3,2,2540
30/06/2026 18:48:16,1,2160,3560,3,2,2540
30/06/2026 18:48:32,1,2160,3560,3,1,2890
30/06/2026 18:48:48,1,2150,3560,3,1,2890
30/06/2026 18:49:04,1,2150,3560,3,3,2270
30/06/2026 18:49:20,1,2160,3560,3,3,2270
30/06/2026 18:49:36,1,2160,3560,3,2,2170
30/06/2026 18:49:52,1,2160,3560,3,2,2170
30/06/2026 18:50:08,1,2160,3560,3,3,2540
30/06/2026 18:50:24,1,2160,3560,3,3,2540
30/06/2026 18:50:40,1,2160,3560,3,3,2540
30/06/2026 18:50:56,1,2160,3560,3,1,2750
30/06/2026 18:51:12,1,2910,3560,3,1,2750
30/06/2026 18:51:28,1,2910,3560,3,1,2740
30/06/2026 18:51:44,1,2910,3560,3,1,2740
30/06/2026 18:52:00,1,2910,3560,3,2,2530
30/06/2026 18:52:16,1,2910,3560,3,2,2530
30/06/2026 18:52:32,1,2910,3560,3,1,2530
30/06/2026 18:52:48,1,2880,3560,3,1,2530
30/06/2026 18:53:04,1,2880,3560,3,1,2530
30/06/2026 18:53:20,1,2880,3560,3,2,2520
30/06/2026 18:53:36,1,2880,3560,3,2,2520
30/06/2026 18:53:52,1,2870,3560,3,2,2690
30/06/2026 18:54:08,1,2870,3560,3,2,2690
30/06/2026 18:54:24,1,2870,3560,3,1,2730
30/06/2026 18:54:40,1,2870,3560,3,1,2730
30/06/2026 18:54:56,1,2860,3560,3,2,2690
30/06/2026 18:55:12,1,2860,3560,3,2,2690
30/06/2026 18:55:28,1,2860,3560,3,2,2690
30/06/2026 18:55:44,1,2860,3560,3,2,2690
30/06/2026 18:56:00,1,2860,3560,3,2,2690
30/06/2026 18:56:16,1,2830,3560,3,2,2720
30/06/2026 18:56:32,1,2830,3560,3,2,2720
30/06/2026 18:56:48,1,2830,3560,3,2,2610
30/06/2026 18:57:04,1,2830,3560,3,2,2610
30/06/2026 18:57:20,1,2830,3560,3,2,2720
30/06/2026 18:57:36,1,2830,3560,3,2,2720
30/06/2026 18:57:52,1,2830,3560,3,2,2720
30/06/2026 18:58:08,1,2830,3560,3,1,2550
30/06/2026 18:58:24,1,2830,3560,3,1,2550
30/06/2026 18:58:40,1,2830,3560,3,1,2540
30/06/2026 18:58:56,1,2830,3560,3,1,2540
30/06/2026 18:59:12,1,-999,3560,3,2,2670
30/06/2026 18:59:28,1,-999,3560,3,2,2670
30/06/2026 18:59:44,1,2850,3560,3,2,2570
30/06/2026 19:00:00,1,2850,2880,3,2,2570
30/06/2026 19:00:16,1,2850,2880,3,2,2570
30/06/2026 19:00:32,1,2850,2880,3,1,2520
30/06/2026 19:00:48,1,2850,2880,3,1,2520
30/06/2026 19:01:04,1,2850,2880,3,1,2550
30/06/2026 19:01:20,1,2850,2880,3,1,2550
30/06/2026 19:01:36,1,2860,2880,3,1,2550
30/06/2026 19:01:52,1,2860,2880,3,1,2550
30/06/2026 19:02:08,1,420,2880,3,1,2600
30/06/2026 19:02:24,1,420,2880,3,1,2600
30/06/2026 19:02:40,1,420,2880,3,1,2600
30/06/2026 19:02:56,1,420,2880,3,1,2540
30/06/2026 19:03:12,1,2860,2880,3,1,2540
30/06/2026 19:03:28,1,2860,2880,3,1,2540
30/06/2026 19:03:44,1,2860,2880,3,1,2540
30/06/2026 19:04:00,1,2860,2880,3,1,2530
30/06/2026 19:04:16,1,2860,2880,3,1,2530
30/06/2026 19:04:32,1,2870,2880,3,1,2540
30/06/2026 19:04:48,1,2870,2880,3,1,2540
30/06/2026 19:05:04,1,2870,2880,3,1,2540
30/06/2026 19:05:20,1,2870,2880,3,1,2530
30/06/2026 19:05:36,1,2870,2880,3,1,2530
30/06/2026 19:05:52,1,2870,2880,3,2,2530
30/06/2026 19:06:08,1,2870,2880,3,2,2530
30/06/2026 19:06:24,1,2870,2880,3,2,2530
30/06/2026 19:06:40,1,2870,2880,3,2,2530
30/06/2026 19:06:56,1,2870,2880,3,2,2540
30/06/2026 19:07:12,1,2870,2880,3,2,2540
30/06/2026 19:07:28,1,2870,2880,3,2,2540
30/06/2026 19:07:44,1,2870,2880,3,2,2540
30/06/2026 19:08:00,1,2870,2880,3,2,2540
30/06/2026 19:08:16,1,2870,2880,3,1,2840
30/06/2026 19:08:32,1,2870,2880,3,1,2840
30/06/2026 19:08:48,1,2870,2880,3,1,2850
30/06/2026 19:09:04,1,2890,2880,3,1,2850
30/06/2026 19:09:20,1,2890,2880,3,1,2790
30/06/2026 19:09:36,1,2890,2880,3,1,2790
30/06/2026 19:09:52,1,2890,2880,3,1,2790
30/06/2026 19:10:08,1,2910,2880,3,1,2820
30/06/2026 19:10:24,1,2910,2880,3,1,2820
30/06/2026 19:10:40,1,2910,2880,3,1,2810
30/06/2026 19:10:56,1,2910,2880,3,1,2810
30/06/2026 19:11:12,1,2920,2880,3,1,2880
30/06/2026 19:11:28,1,2920,2880,3,1,2880
30/06/2026 19:11:44,1,-999,2880,3,1,2880
30/06/2026 19:12:00,1,-999,2880,3,1,2880
30/06/2026 19:12:16,1,-999,2880,3,1,2880
30/06/2026 19:12:32,1,-999,2880,3,1,2880
30/06/2026 19:12:48,1,-999,2880,3,1,2880
30/06/2026 19:13:04,1,-999,2880,3,1,2870
30/06/2026 19:13:20,1,-999,2880,3,1,2870
30/06/2026 19:13:36,1,-999,2880,3,1,2850
30/06/2026 19:13:52,1,-999,2880,3,1,2850
30/06/2026 19:14:08,1,2940,2880,3,1,2850
30/06/2026 19:14:24,1,2940,2880,3,1,2850
30/06/2026 19:14:40,1,2940,2880,3,1,2850
30/06/2026 19:14:56,1,2940,2880,3,1,2850
30/06/2026 19:15:12,1,2940,2880,3,1,2850
30/06/2026 19:15:28,1,2940,2880,3,1,2870
30/06/2026 19:15:44,1,2940,2880,3,1,2870
30/06/2026 19:16:00,1,2940,2880,3,1,2860
30/06/2026 19:16:16,1,2940,2880,3,1,2860
30/06/2026 19:16:32,1,2940,2880,3,1,2840
30/06/2026 19:16:48,1,2950,2880,3,1,2840
30/06/2026 19:17:04,1,2950,2880,3,1,2840
30/06/2026 19:17:20,1,2950,2880,3,2,2890
30/06/2026 19:17:36,1,2950,2880,3,2,2890
30/06/2026 19:17:52,1,2960,2880,3,1,2950
30/06/2026 19:18:08,1,2960,2880,3,1,2950
30/06/2026 19:18:24,1,2980,2880,3,2,2830
30/06/2026 19:18:40,1,2980,2880,3,2,2830
30/06/2026 19:18:56,1,-999,2880,3,1,2900
30/06/2026 19:19:12,1,-999,2880,3,1,2900
30/06/2026 19:19:28,1,-999,2880,3,1,2900
30/06/2026 19:19:44,1,2330,2880,3,1,2840
30/06/2026 19:20:00,1,2340,2880,3,1,2840
30/06/2026 19:20:16,1,2340,2880,3,1,2830
30/06/2026 19:20:32,1,2980,2880,3,1,2830
30/06/2026 19:20:48,1,-999,2880,3,1,2780
30/06/2026 19:21:04,1,-999,2880,3,1,2780
30/06/2026 19:21:20,1,2960,2880,3,1,2780
30/06/2026 19:21:36,1,2920,2880,3,1,2780
30/06/2026 19:21:52,1,2920,2880,3,1,2780
30/06/2026 19:22:08,1,2900,2880,3,1,2810
30/06/2026 19:22:24,1,2900,2880,3,1,2810
30/06/2026 19:22:40,1,2900,2880,3,1,2900
30/06/2026 19:22:56,1,2900,2880,3,1,2900
30/06/2026 19:23:12,1,2890,2880,3,1,2760
30/06/2026 19:23:28,1,2890,2880,3,1,2760
30/06/2026 19:23:44,1,2890,2880,3,1,2800
30/06/2026 19:24:00,1,2170,2880,3,1,2800
30/06/2026 19:24:16,1,2170,2880,3,1,2800
30/06/2026 19:24:32,1,2170,2880,3,1,2920
30/06/2026 19:24:48,1,2170,2880,3,1,2920
30/06/2026 19:25:04,1,2170,2880,3,2,2560
30/06/2026 19:25:20,1,2890,2880,3,2,2560
30/06/2026 19:25:36,1,2890,2880,3,2,2540
30/06/2026 19:25:52,1,2890,2880,3,2,2540
30/06/2026 19:26:08,1,2880,2880,3,2,2280
30/06/2026 19:26:24,1,2880,2880,3,2,2280
30/06/2026 19:26:40,1,2880,2880,3,2,2280
30/06/2026 19:26:56,1,-999,2880,3,2,2230
30/06/2026 19:27:12,1,-999,2880,3,2,2230
30/06/2026 19:27:28,1,-999,2880,3,1,2230
30/06/2026 19:27:44,1,-999,2880,3,1,2230
30/06/2026 19:28:00,1,-999,2880,3,2,2280
30/06/2026 19:28:16,1,-999,2880,3,2,2280
30/06/2026 19:28:32,1,-999,2880,3,1,2830
30/06/2026 19:28:48,1,-999,2880,3,1,2830
30/06/2026 19:29:04,1,-999,2880,3,1,2830
30/06/2026 19:29:20,1,-999,2880,3,2,2290
30/06/2026 19:29:36,1,-999,2880,3,2,2290
30/06/2026 19:29:52,1,-999,2880,3,2,2240
30/06/2026 19:30:08,1,-999,2880,3,2,2240
30/06/2026 19:30:24,1,-999,2880,3,2,2430
30/06/2026 19:30:40,1,-999,2880,3,2,2430
30/06/2026 19:30:56,1,-999,2880,3,2,2290
30/06/2026 19:31:12,1,-999,2880,3,2,2290
30/06/2026 19:31:28,1,-999,2880,3,2,2290
30/06/2026 19:31:44,1,-999,2880,3,2,2290
30/06/2026 19:32:00,1,-999,2880,3,2,2290
30/06/2026 19:32:16,1,-999,2880,3,1,2460
30/06/2026 19:32:32,1,-999,2880,3,1,2460
30/06/2026 19:32:48,1,-999,2880,3,2,2330
30/06/2026 19:33:04,1,-999,2880,3,2,2330
30/06/2026 19:33:20,1,-999,2880,3,2,2390
30/06/2026 19:33:36,1,-999,2880,3,2,2390
30/06/2026 19:33:52,1,-999,2880,3,2,2390
30/06/2026 19:34:08,1,-999,2880,3,1,2690
30/06/2026 19:34:24,1,-999,2880,3,1,2690
30/06/2026 19:34:40,1,-999,2880,3,1,2720
30/06/2026 19:34:56,1,-999,2880,3,1,2720
30/06/2026 19:35:12,1,-999,2880,3,1,2720
30/06/2026 19:35:28,1,-999,2880,3,1,2720
30/06/2026 19:35:44,1,-999,2880,3,2,2580
30/06/2026 19:36:00,1,-999,2880,3,2,2580
30/06/2026 19:36:16,1,-999,2880,3,2,2580
30/06/2026 19:36:32,1,-999,2880,3,3,2360
30/06/2026 19:36:48,1,-999,2880,3,3,2360
30/06/2026 19:37:04,1,-999,2880,3,1,2700
30/06/2026 19:37:20,1,-999,2880,3,1,2700
30/06/2026 19:37:36,1,-999,2880,3,2,2310
30/06/2026 19:37:52,1,-999,2880,3,2,2310
30/06/2026 19:38:08,1,-999,2880,3,2,2250
30/06/2026 19:38:24,1,-999,2880,3,2,2250
30/06/2026 19:38:40,1,-999,2880,3,2,2250
30/06/2026 19:38:56,1,-999,2880,3,2,2260
30/06/2026 19:39:12,1,-999,2880,3,2,2260
30/06/2026 19:39:28,1,-999,2880,3,2,2180
30/06/2026 19:39:44,1,-999,2880,3,2,2180
30/06/2026 19:40:00,1,-999,2880,3,1,2620
30/06/2026 19:40:16,1,-999,2880,3,1,2620
30/06/2026 19:40:32,1,-999,2880,3,2,2290
30/06/2026 19:40:48,1,-999,2880,3,2,2290
30/06/2026 19:41:04,1,-999,2880,3,2,2290
30/06/2026 19:41:20,1,-999,2880,3,2,2310
30/06/2026 19:41:36,1,-999,2880,3,2,2310
30/06/2026 19:41:52,1,-999,2880,3,2,2120
30/06/2026 19:42:08,1,-999,2880,3,2,2120
30/06/2026 19:42:24,1,-999,2880,3,1,2610
30/06/2026 19:42:40,1,-999,2880,3,1,2610
30/06/2026 19:42:56,1,-999,2880,3,1,2640
30/06/2026 19:43:12,1,-999,2880,3,1,2640
30/06/2026 19:43:28,1,-999,2880,3,1,2640
30/06/2026 19:43:44,1,-999,2880,3,1,2660
30/06/2026 19:44:00,1,-999,2880,3,1,2660
30/06/2026 19:44:16,1,-999,2880,3,1,2680
30/06/2026 19:44:32,1,-999,2880,3,1,2680
30/06/2026 19:44:48,1,-999,2880,3,1,2700
30/06/2026 19:45:04,1,-999,2880,3,1,2700
30/06/2026 19:45:20,1,-999,2880,3,1,2780
30/06/2026 19:45:36,1,-999,2880,3,1,2780
30/06/2026 19:45:52,1,-999,2880,3,1,2780
30/06/2026 19:46:08,1,-999,2880,3,2,1430
30/06/2026 19:46:24,1,-999,2880,3,2,1430
30/06/2026 19:46:40,1,-999,2880,3,3,1410
30/06/2026 19:46:56,1,-999,2880,3,3,1410
30/06/2026 19:47:12,1,-999,2880,3,1,2610
30/06/2026 19:47:28,1,-999,2880,3,1,2610
30/06/2026 19:47:44,1,-999,2880,3,2,1350
30/06/2026 19:48:00,1,-999,2880,3,2,1350
30/06/2026 19:48:16,1,-999,2880,3,2,1350
30/06/2026 19:48:32,1,-999,2880,3,1,2580
30/06/2026 19:48:48,1,-999,2880,3,1,2580
30/06/2026 19:49:04,1,-999,2880,3,2,1750
30/06/2026 19:49:20,1,-999,2880,3,2,1750
30/06/2026 19:49:36,1,-999,2880,3,2,1170
30/06/2026 19:49:52,1,-999,2880,3,2,1170
30/06/2026 19:50:08,1,-999,2880,3,1,2570
30/06/2026 19:50:24,1,-999,2880,3,1,2570
30/06/2026 19:50:40,1,-999,2880,3,1,2570
30/06/2026 19:50:56,1,-999,2880,3,1,2520
30/06/2026 19:51:12,1,-999,2880,3,1,2520
30/06/2026 19:51:28,1,-999,2880,3,1,2570
30/06/2026 19:51:44,1,-999,2880,3,1,2570
30/06/2026 19:52:00,1,-999,2880,3,1,2580
30/06/2026 19:52:16,1,-999,2880,3,1,2580
30/06/2026 19:52:32,1,-999,2880,3,1,2570
30/06/2026 19:52:48,1,-999,2880,3,1,2570
30/06/2026 19:53:04,1,-999,2880,3,1,2570
30/06/2026 19:53:20,1,-999,2880,3,1,2580
30/06/2026 19:53:36,1,-999,2880,3,1,2580
30/06/2026 19:53:52,1,-999,2880,3,2,1450
30/06/2026 19:54:08,1,-999,2880,3,2,1450
30/06/2026 19:54:24,1,-999,2880,3,3,970
30/06/2026 19:54:40,1,-999,2880,3,3,970
30/06/2026 19:54:56,1,-999,2880,3,2,2060
30/06/2026 19:55:12,1,-999,2880,3,2,2060
30/06/2026 19:55:28,1,-999,2880,3,2,2060
30/06/2026 19:55:44,1,-999,2880,3,1,2620
30/06/2026 19:56:00,1,-999,2880,3,1,2620
30/06/2026 19:56:16,1,-999,2880,3,1,2450
30/06/2026 19:56:32,1,-999,2880,3,1,2450
30/06/2026 19:56:48,1,-999,2880,3,3,2410
30/06/2026 19:57:04,1,-999,2880,3,3,2410
30/06/2026 19:57:20,1,-999,2880,3,1,2650
30/06/2026 19:57:36,1,-999,2880,3,1,2650
30/06/2026 19:57:52,1,-999,2880,3,1,2650
30/06/2026 19:58:08,1,-999,2880,3,1,2660
30/06/2026 19:58:24,1,-999,2880,3,1,2660
30/06/2026 19:58:40,1,-999,2880,3,3,2300
30/06/2026 19:58:56,1,-999,2880,3,3,2300
30/06/2026 19:59:12,1,-999,2880,3,2,2450
30/06/2026 19:59:28,1,-999,2880,3,2,2450
30/06/2026 19:59:44,1,-999,2880,3,1,2550
30/06/2026 20:00:00,2,-999,2890,3,1,2550
30/06/2026 20:00:16,2,-999,2890,3,1,2550
30/06/2026 20:00:32,2,-999,2890,3,1,2510
30/06/2026 20:00:48,2,-999,2890,3,1,2510
30/06/2026 20:01:04,2,-999,2890,3,1,2540
30/06/2026 20:01:20,2,-999,2890,3,1,2540
30/06/2026 20:01:36,2,-999,2890,3,1,2600
30/06/2026 20:01:52,2,-999,2890,3,1,2600
30/06/2026 20:02:08,2,-999,2890,3,1,2630
30/06/2026 20:02:24,2,-999,2890,3,1,2630
30/06/2026 20:02:40,2,-999,2890,3,1,2630
30/06/2026 20:02:56,2,-999,2890,3,1,2640
30/06/2026 20:03:12,2,-999,2890,3,1,2640
30/06/2026 20:03:28,2,-999,2890,3,1,2650
30/06/2026 20:03:44,2,-999,2890,3,1,2650
30/06/2026 20:04:00,2,-999,2890,3,1,2640
30/06/2026 20:04:16,2,-999,2890,3,1,2640
30/06/2026 20:04:32,2,-999,2890,3,1,2630
30/06/2026 20:04:48,2,-999,2890,3,1,2630
30/06/2026 20:05:04,2,-999,2890,3,1,2630
30/06/2026 20:05:20,2,-999,2890,3,1,2630
30/06/2026 20:05:36,2,-999,2890,3,1,2630
30/06/2026 20:05:52,2,-999,2890,3,1,2650
30/06/2026 20:06:08,2,-999,2890,3,1,2650
30/06/2026 20:06:24,2,-999,2890,3,1,2660
30/06/2026 20:06:40,2,-999,2890,3,1,2660
30/06/2026 20:06:56,2,-999,2890,3,1,2660
30/06/2026 20:07:12,2,-999,2890,3,1,2660
30/06/2026 20:07:28,2,-999,2890,3,1,2660
30/06/2026 20:07:44,2,-999,2890,3,1,2660
30/06/2026 20:08:00,2,-999,2890,3,1,2660
30/06/2026 20:08:16,2,-999,2890,3,1,2680
30/06/2026 20:08:32,2,-999,2890,3,1,2680
30/06/2026 20:08:48,2,-999,2890,3,1,2620
30/06/2026 20:09:04,2,-999,2890,3,1,2620
30/06/2026 20:09:20,2,-999,2890,3,1,2620
30/06/2026 20:09:36,2,-999,2890,3,1,2620
30/06/2026 20:09:52,2,-999,2890,3,1,2620
30/06/2026 20:10:08,2,-999,2890,3,1,2580
30/06/2026 20:10:24,2,-999,2890,3,1,2580
30/06/2026 20:10:40,2,-999,2890,3,1,2570
30/06/2026 20:10:56,2,-999,2890,3,1,2570
30/06/2026 20:11:12,2,-999,2890,3,1,2530
30/06/2026 20:11:28,2,-999,2890,3,1,2530
30/06/2026 20:11:44,2,-999,2890,3,1,2400
30/06/2026 20:12:00,2,-999,2890,3,1,2400
30/06/2026 20:12:16,2,-999,2890,3,1,2400
30/06/2026 20:12:32,2,-999,2890,3,1,2420
30/06/2026 20:12:48,2,-999,2890,3,1,2420
30/06/2026 20:13:04,2,-999,2890,3,2,2450
30/06/2026 20:13:20,2,-999,2890,3,2,2450
30/06/2026 20:13:36,2,-999,2890,3,2,2470
30/06/2026 20:13:52,2,-999,2890,3,2,2470
30/06/2026 20:14:08,2,-999,2890,3,3,2580
30/06/2026 20:14:24,2,-999,2890,3,3,2580
30/06/2026 20:14:40,2,-999,2890,3,3,2580
30/06/2026 20:14:56,2,-999,2890,3,1,2700
30/06/2026 20:15:12,2,-999,2890,3,1,2700
30/06/2026 20:15:28,2,-999,2890,3,1,2520
30/06/2026 20:15:44,2,-999,2890,3,1,2520
30/06/2026 20:16:00,2,-999,2890,3,1,2520
30/06/2026 20:16:16,2,-999,2890,3,1,2520
30/06/2026 20:16:32,2,-999,2890,3,1,2530
30/06/2026 20:16:48,2,-999,2890,3,1,2530
30/06/2026 20:17:04,2,-999,2890,3,1,2530
30/06/2026 20:17:20,2,-999,2890,3,2,2270
30/06/2026 20:17:36,2,-999,2890,3,2,2270
30/06/2026 20:17:52,2,-999,2890,3,1,2220
30/06/2026 20:18:08,2,-999,2890,3,1,2220
30/06/2026 20:18:24,2,-999,2890,3,2,2000
30/06/2026 20:18:40,2,-999,2890,3,2,2000
30/06/2026 20:18:56,2,-999,2890,3,1,2670
30/06/2026 20:19:12,2,-999,2890,3,1,2670
30/06/2026 20:19:28,2,-999,2890,3,1,2670
30/06/2026 20:19:44,2,-999,2890,3,1,2630
30/06/2026 20:20:00,2,-999,2890,3,1,2630
30/06/2026 20:20:16,2,-999,2890,3,1,2600
30/06/2026 20:20:32,2,-999,2890,3,1,2600
30/06/2026 20:20:48,2,-999,2890,3,1,2620
30/06/2026 20:21:04,2,-999,2890,3,1,2620
30/06/2026 20:21:20,2,-999,2890,3,2,2010
30/06/2026 20:21:36,2,-999,2890,3,2,2010
30/06/2026 20:21:52,2,-999,2890,3,2,2010
30/06/2026 20:22:08,2,-999,2890,3,1,2600
30/06/2026 20:22:24,2,-999,2890,3,1,2600
30/06/2026 20:22:40,2,-999,2890,3,2,2350
30/06/2026 20:22:56,2,-999,2890,3,2,2350
30/06/2026 20:23:12,2,-999,2890,3,2,2320
30/06/2026 20:23:28,2,-999,2890,3,2,2320
30/06/2026 20:23:44,2,-999,2890,3,1,2310
30/06/2026 20:24:00,2,-999,2890,3,1,2310
30/06/2026 20:24:16,2,-999,2890,3,1,2310
30/06/2026 20:24:32,2,-999,2890,3,2,2310
30/06/2026 20:24:48,2,-999,2890,3,2,2310
30/06/2026 20:25:04,2,-999,2890,3,2,1890
30/06/2026 20:25:20,2,-999,2890,3,2,1890
30/06/2026 20:25:36,2,-999,2890,3,3,1800
30/06/2026 20:25:52,2,-999,2890,3,3,1800
30/06/2026 20:26:08,2,-999,2890,3,3,1780
30/06/2026 20:26:24,2,-999,2890,3,3,1780
30/06/2026 20:26:40,2,-999,2890,3,3,1780
30/06/2026 20:26:56,2,-999,2890,3,3,1260
30/06/2026 20:27:12,2,-999,2890,3,3,1260
30/06/2026 20:27:28,2,-999,2890,3,2,1250
30/06/2026 20:27:44,2,-999,2890,3,2,1250
30/06/2026 20:28:00,2,-999,2890,3,3,2130
30/06/2026 20:28:16,2,-999,2890,3,3,2130
30/06/2026 20:28:32,2,-999,2890,3,1,2120
30/06/2026 20:28:48,2,-999,2890,3,1,2120
30/06/2026 20:29:04,2,-999,2890,3,1,2120
30/06/2026 20:29:20,2,-999,2890,3,1,2180
30/06/2026 20:29:36,2,-999,2890,3,1,2180
30/06/2026 20:29:52,2,-999,2890,3,1,2190
30/06/2026 20:30:08,2,-999,2890,3,1,2190
30/06/2026 20:30:24,2,-999,2890,3,1,2180
30/06/2026 20:30:40,2,-999,2890,3,1,2180
30/06/2026 20:30:56,2,-999,2890,3,2,800
30/06/2026 20:31:12,2,-999,2890,3,2,800
30/06/2026 20:31:28,2,-999,2890,3,2,800
30/06/2026 20:31:44,2,-999,2890,3,2,890
30/06/2026 20:32:00,2,-999,2890,3,2,890
30/06/2026 20:32:16,2,-999,2890,3,2,790
30/06/2026 20:32:32,2,-999,2890,3,2,790
30/06/2026 20:32:48,2,-999,2890,3,2,810
30/06/2026 20:33:04,2,-999,2890,3,2,810
30/06/2026 20:33:20,2,-999,2890,3,1,2630
30/06/2026 20:33:36,2,-999,2890,3,1,2630
30/06/2026 20:33:52,2,-999,2890,3,1,2630
30/06/2026 20:34:08,2,-999,2890,3,1,2640
30/06/2026 20:34:24,2,-999,2890,3,1,2640
30/06/2026 20:34:40,2,-999,2890,3,1,2330
30/06/2026 20:34:56,2,-999,2890,3,1,2330
30/06/2026 20:35:12,2,-999,2890,3,1,820
30/06/2026 20:35:28,2,-999,2890,3,1,820
30/06/2026 20:35:44,2,-999,2890,3,3,720
30/06/2026 20:36:00,2,-999,2890,3,3,720
30/06/2026 20:36:16,2,-999,2890,3,3,720
30/06/2026 20:36:32,2,-999,2890,3,3,780
30/06/2026 20:36:48,2,-999,2890,3,3,780
30/06/2026 20:37:04,2,-999,2890,3,2,1380
30/06/2026 20:37:20,2,-999,2890,3,2,1380
30/06/2026 20:37:36,2,-999,2890,3,3,950
30/06/2026 20:37:52,2,-999,2890,3,3,950
30/06/2026 20:38:08,2,-999,2890,3,2,860
30/06/2026 20:38:24,2,-999,2890,3,2,860
30/06/2026 20:38:40,2,-999,2890,3,2,860
30/06/2026 20:38:56,2,-999,2890,3,1,2510
30/06/2026 20:39:12,2,-999,2890,3,1,2510
30/06/2026 20:39:28,2,-999,2890,3,1,2570
30/06/2026 20:39:44,2,-999,2890,3,1,2570
30/06/2026 20:40:00,2,-999,2890,3,1,2510
30/06/2026 20:40:16,2,-999,2890,3,1,2510
30/06/2026 20:40:32,2,-999,2890,3,1,2460
30/06/2026 20:40:48,2,-999,2890,3,1,2460
30/06/2026 20:41:04,2,-999,2890,3,1,2460
30/06/2026 20:41:20,2,-999,2890,3,1,2140
30/06/2026 20:41:36,2,-999,2890,3,1,2140
30/06/2026 20:41:52,2,-999,2890,3,1,2020
30/06/2026 20:42:08,2,-999,2890,3,1,2020
30/06/2026 20:42:24,2,-999,2890,3,1,2000
30/06/2026 20:42:40,2,-999,2890,3,1,2000
30/06/2026 20:42:56,2,-999,2890,3,1,2310
30/06/2026 20:43:12,2,-999,2890,3,1,2310
30/06/2026 20:43:28,2,-999,2890,3,1,2310
30/06/2026 20:43:44,2,-999,2890,3,2,2340
30/06/2026 20:44:00,2,-999,2890,3,2,2340
30/06/2026 20:44:16,2,-999,2890,3,1,2570
30/06/2026 20:44:32,2,-999,2890,3,1,2570
30/06/2026 20:44:48,2,-999,2890,3,1,2590
30/06/2026 20:45:04,2,-999,2890,3,1,2590
30/06/2026 20:45:20,2,-999,2890,3,1,2630
30/06/2026 20:45:36,2,-999,2890,3,1,2630
30/06/2026 20:45:52,2,-999,2890,3,1,2630
30/06/2026 20:46:08,2,-999,2890,3,2,2400
30/06/2026 20:46:24,2,-999,2890,3,2,2400
30/06/2026 20:46:40,2,-999,2890,3,1,2620
30/06/2026 20:46:56,2,-999,2890,3,1,2620
30/06/2026 20:47:12,2,-999,2890,3,1,2640
30/06/2026 20:47:28,2,-999,2890,3,1,2640
30/06/2026 20:47:44,2,-999,2890,3,1,2700
30/06/2026 20:48:00,2,-999,2890,3,1,2700
30/06/2026 20:48:16,2,-999,2890,3,1,2700
30/06/2026 20:48:32,2,-999,2890,3,2,2320
30/06/2026 20:48:48,2,-999,2890,3,2,2320
30/06/2026 20:49:04,2,-999,2890,3,2,2230
30/06/2026 20:49:20,2,-999,2890,3,2,2230
30/06/2026 20:49:36,2,-999,2890,3,3,1970
30/06/2026 20:49:52,2,-999,2890,3,3,1970
30/06/2026 20:50:08,2,-999,2890,3,3,1160
30/06/2026 20:50:24,2,-999,2890,3,3,1160
30/06/2026 20:50:40,2,-999,2890,3,3,1160
30/06/2026 20:50:56,2,-999,2890,3,3,1150
30/06/2026 20:51:12,2,-999,2890,3,3,1150
30/06/2026 20:51:28,2,-999,2890,3,2,1170
30/06/2026 20:51:44,2,-999,2890,3,2,1170
30/06/2026 20:52:00,2,-999,2890,3,3,1170
30/06/2026 20:52:16,2,-999,2890,3,3,1170
30/06/2026 20:52:32,2,-999,2890,3,3,1160
30/06/2026 20:52:48,2,-999,2890,3,3,1160
30/06/2026 20:53:04,2,-999,2890,3,3,1160
30/06/2026 20:53:20,2,-999,2890,3,3,1270
30/06/2026 20:53:36,2,-999,2890,3,3,1270
30/06/2026 20:53:52,2,-999,2890,3,2,2490
30/06/2026 20:54:08,2,-999,2890,3,2,2490
30/06/2026 20:54:24,2,-999,2890,3,1,2620
30/06/2026 20:54:40,2,-999,2890,3,1,2620
30/06/2026 20:54:56,2,-999,2890,3,1,2710
30/06/2026 20:55:12,2,-999,2890,3,1,2710
30/06/2026 20:55:28,2,-999,2890,3,1,2710
30/06/2026 20:55:44,2,-999,2890,3,2,2380
30/06/2026 20:56:00,2,-999,2890,3,2,2380
30/06/2026 20:56:16,2,-999,2890,3,1,2850
30/06/2026 20:56:32,2,-999,2890,3,1,2850
30/06/2026 20:56:48,2,-999,2890,3,2,2620
30/06/2026 20:57:04,2,-999,2890,3,2,2620
30/06/2026 20:57:20,2,-999,2890,3,1,2670
30/06/2026 20:57:36,2,-999,2890,3,1,2670
30/06/2026 20:57:52,2,-999,2890,3,1,2670
30/06/2026 20:58:08,2,-999,2890,3,1,2680
30/06/2026 20:58:24,2,-999,2890,3,1,2680
30/06/2026 20:58:40,2,-999,2890,3,1,2730
30/06/2026 20:58:56,2,-999,2890,3,1,2730
30/06/2026 20:59:12,2,-999,2890,3,1,2790
30/06/2026 20:59:28,2,-999,2890,3,1,2790
30/06/2026 20:59:44,2,-999,2890,3,1,2840
30/06/2026 21:00:00,-999,-999,-999,3,1,2840
30/06/2026 21:00:16,-999,-999,-999,3,1,2840
30/06/2026 21:00:32,-999,-999,-999,3,1,2740
30/06/2026 21:00:48,-999,-999,-999,3,1,2740
30/06/2026 21:01:04,-999,-999,-999,3,3,2310
30/06/2026 21:01:20,-999,-999,-999,3,3,2310
30/06/2026 21:01:36,-999,-999,-999,3,3,2300
30/06/2026 21:01:52,-999,-999,-999,3,3,2300
30/06/2026 21:02:08,-999,-999,-999,3,3,2360
30/06/2026 21:02:24,-999,-999,-999,3,3,2360
30/06/2026 21:02:40,-999,-999,-999,3,3,2360
30/06/2026 21:02:56,-999,-999,-999,3,2,2810
30/06/2026 21:03:12,-999,-999,-999,3,2,2810
30/06/2026 21:03:28,-999,-999,-999,3,2,3090
30/06/2026 21:03:44,-999,-999,-999,3,2,3090
30/06/2026 21:04:00,-999,-999,-999,3,1,3220
30/06/2026 21:04:16,-999,-999,-999,3,1,3220
30/06/2026 21:04:32,-999,-999,-999,3,2,2800
30/06/2026 21:04:48,-999,-999,-999,3,2,2800
30/06/2026 21:05:04,-999,-999,-999,3,2,2800
30/06/2026 21:05:20,-999,-999,-999,3,2,2340
30/06/2026 21:05:36,-999,-999,-999,3,2,2340
30/06/2026 21:05:52,-999,-999,-999,3,1,2320
30/06/2026 21:06:08,-999,-999,-999,3,1,2320
30/06/2026 21:06:24,-999,-999,-999,3,1,2250
30/06/2026 21:06:40,-999,-999,-999,3,1,2250
30/06/2026 21:06:56,-999,-999,-999,3,1,2240
30/06/2026 21:07:12,-999,-999,-999,3,1,2240
30/06/2026 21:07:28,-999,-999,-999,3,1,2240
30/06/2026 21:07:44,-999,270,-999,3,3,2200
30/06/2026 21:08:00,-999,270,-999,3,3,2200
30/06/2026 21:08:16,-999,270,-999,3,3,2190
30/06/2026 21:08:32,-999,270,-999,3,3,2190
30/06/2026 21:08:48,-999,270,-999,3,1,3520
30/06/2026 21:09:04,-999,270,-999,3,1,3520
30/06/2026 21:09:20,-999,220,-999,3,2,2570
30/06/2026 21:09:36,-999,220,-999,3,2,2570
30/06/2026 21:09:52,-999,220,-999,3,2,2570
30/06/2026 21:10:08,-999,220,-999,3,1,2580
30/06/2026 21:10:24,-999,220,-999,3,1,2580
30/06/2026 21:10:40,-999,220,-999,3,1,2580
30/06/2026 21:10:56,-999,2750,-999,3,1,2580
30/06/2026 21:11:12,-999,2750,-999,3,2,2690
30/06/2026 21:11:28,-999,2750,-999,3,2,2690
30/06/2026 21:11:44,-999,2750,-999,3,2,3230
30/06/2026 21:12:00,-999,2750,-999,3,2,3230
30/06/2026 21:12:16,-999,2770,-999,3,2,3230
30/06/2026 21:12:32,-999,2790,-999,3,1,3230
30/06/2026 21:12:48,-999,2790,-999,3,1,3230
30/06/2026 21:13:04,-999,-999,-999,3,3,2830
30/06/2026 21:13:20,-999,-999,-999,3,3,2830
30/06/2026 21:13:36,-999,-999,-999,3,3,2440
30/06/2026 21:13:52,-999,-999,-999,3,3,2440
30/06/2026 21:14:08,-999,-999,-999,3,2,2420
30/06/2026 21:14:24,-999,-999,-999,3,2,2420
30/06/2026 21:14:40,-999,-999,-999,3,2,2420
30/06/2026 21:14:56,-999,-999,-999,3,1,2430
30/06/2026 21:15:12,-999,-999,-999,3,1,2430
30/06/2026 21:15:28,-999,-999,-999,3,2,2430
30/06/2026 21:15:44,-999,-999,-999,3,2,2430
30/06/2026 21:16:00,-999,-999,-999,3,3,2410
30/06/2026 21:16:16,-999,-999,-999,3,3,2410
30/06/2026 21:16:32,-999,-999,-999,3,2,2580
30/06/2026 21:16:48,-999,-999,-999,3,2,2580
30/06/2026 21:17:04,-999,-999,-999,3,2,2580
30/06/2026 21:17:20,-999,-999,-999,3,1,2420
30/06/2026 21:17:36,-999,-999,-999,3,1,2420
30/06/2026 21:17:52,-999,-999,-999,3,1,2480
30/06/2026 21:18:08,-999,-999,-999,3,1,2480
30/06/2026 21:18:24,-999,2650,-999,3,1,2490
30/06/2026 21:18:40,-999,2650,-999,3,1,2490
30/06/2026 21:18:56,-999,2650,-999,3,1,2480
30/06/2026 21:19:12,-999,2660,-999,3,1,2480
30/06/2026 21:19:28,-999,2660,-999,3,1,2480
30/06/2026 21:19:44,-999,2660,-999,3,1,2480
30/06/2026 21:20:00,-999,2680,-999,3,1,2480
30/06/2026 21:20:16,-999,2680,-999,3,1,2490
30/06/2026 21:20:32,-999,2680,-999,3,1,2490
30/06/2026 21:20:48,-999,2680,-999,3,1,2460
30/06/2026 21:21:04,-999,2680,-999,3,1,2460
30/06/2026 21:21:20,-999,2680,-999,3,1,2430
30/06/2026 21:21:36,-999,2680,-999,3,1,2430
30/06/2026 21:21:52,-999,2680,-999,3,1,2430
30/06/2026 21:22:08,-999,2680,-999,3,1,2420
30/06/2026 21:22:24,-999,2680,-999,3,1,2420
30/06/2026 21:22:40,-999,2660,-999,3,2,2410
30/06/2026 21:22:56,-999,2660,-999,3,2,2410
30/06/2026 21:23:12,-999,2610,-999,3,1,2720
30/06/2026 21:23:28,-999,2610,-999,3,1,2720
30/06/2026 21:23:44,-999,2610,-999,3,1,2750
30/06/2026 21:24:00,-999,2610,-999,3,1,2750
30/06/2026 21:24:16,-999,2610,-999,3,1,2750
30/06/2026 21:24:32,-999,2610,-999,3,1,2770
30/06/2026 21:24:48,-999,-999,-999,3,1,2770
30/06/2026 21:25:04,-999,-999,-999,3,2,2780
30/06/2026 21:25:20,-999,-999,-999,3,2,2780
30/06/2026 21:25:36,-999,-999,-999,3,1,2780
30/06/2026 21:25:52,-999,-999,-999,3,1,2780
30/06/2026 21:26:08,-999,2930,-999,3,1,2740
30/06/2026 21:26:24,-999,2930,-999,3,1,2740
30/06/2026 21:26:40,-999,2930,-999,3,1,2740
30/06/2026 21:26:56,-999,2930,-999,3,1,2730
30/06/2026 21:27:12,-999,2930,-999,3,1,2730
30/06/2026 21:27:28,-999,2930,-999,3,1,2720
30/06/2026 21:27:44,-999,2920,-999,3,1,2720
30/06/2026 21:28:00,-999,2920,-999,3,1,2700
30/06/2026 21:28:16,-999,2910,-999,3,1,2700
30/06/2026 21:28:32,-999,2910,-999,3,1,2660
30/06/2026 21:28:48,-999,2900,-999,3,1,2660
30/06/2026 21:29:04,-999,2900,-999,3,1,2660
30/06/2026 21:29:20,-999,2900,-999,3,1,2630
30/06/2026 21:29:36,-999,2900,-999,3,1,2630
30/06/2026 21:29:52,-999,2900,-999,3,1,2620
30/06/2026 21:30:08,-999,2890,-999,3,1,2620
30/06/2026 21:30:24,-999,2860,-999,3,1,2630
30/06/2026 21:30:40,-999,2860,-999,3,1,2630
30/06/2026 21:30:56,-999,2860,-999,3,1,2620
30/06/2026 21:31:12,-999,2860,-999,3,1,2620
30/06/2026 21:31:28,-999,2860,-999,3,1,2620
30/06/2026 21:31:44,-999,2860,-999,3,1,2610
30/06/2026 21:32:00,-999,2860,-999,3,1,2610
30/06/2026 21:32:16,-999,2860,-999,3,1,2620
30/06/2026 21:32:32,-999,2860,-999,3,1,2620
30/06/2026 21:32:48,-999,2860,-999,3,1,2860
30/06/2026 21:33:04,-999,2860,-999,3,1,2860
30/06/2026 21:33:20,-999,2860,-999,3,1,2980
30/06/2026 21:33:36,-999,2860,-999,3,1,2980
30/06/2026 21:33:52,-999,2860,-999,3,1,2980
30/06/2026 21:34:08,-999,2860,-999,3,1,2950
30/06/2026 21:34:24,-999,-999,-999,3,1,2950
30/06/2026 21:34:40,-999,-999,-999,3,1,2980
30/06/2026 21:34:56,-999,-999,-999,3,1,2980
30/06/2026 21:35:12,-999,-999,-999,3,2,2990
30/06/2026 21:35:28,-999,3210,-999,3,2,2990
30/06/2026 21:35:44,-999,3210,-999,3,3,2560
30/06/2026 21:36:00,-999,3210,-999,3,3,2560
30/06/2026 21:36:16,-999,3210,-999,3,3,2560
30/06/2026 21:36:32,-999,3210,-999,3,1,2580
30/06/2026 21:36:48,-999,3210,-999,3,1,2580
30/06/2026 21:37:04,-999,3210,-999,3,1,2580
30/06/2026 21:37:20,-999,3180,-999,3,1,2580
30/06/2026 21:37:36,-999,3150,-999,3,1,2600
30/06/2026 21:37:52,-999,3150,-999,3,1,2600
30/06/2026 21:38:08,-999,3130,-999,3,1,2590
30/06/2026 21:38:24,-999,3130,-999,3,1,2590
30/06/2026 21:38:40,-999,2740,-999,3,1,2590
30/06/2026 21:38:56,-999,2740,-999,3,1,2530
30/06/2026 21:39:12,-999,2730,-999,3,1,2530
30/06/2026 21:39:28,-999,2730,-999,3,1,2540
30/06/2026 21:39:44,-999,2730,-999,3,1,2540
30/06/2026 21:40:00,-999,2740,-999,3,1,2560
30/06/2026 21:40:16,-999,2740,-999,3,1,2560
30/06/2026 21:40:32,-999,2770,-999,3,1,2520
30/06/2026 21:40:48,-999,2770,-999,3,1,2520
30/06/2026 21:41:04,-999,2770,-999,3,1,2520
30/06/2026 21:41:20,-999,2770,-999,3,1,2510
30/06/2026 21:41:36,-999,2770,-999,3,1,2510
30/06/2026 21:41:52,-999,2770,-999,3,2,2550
30/06/2026 21:42:08,-999,2730,-999,3,2,2550
30/06/2026 21:42:24,-999,2730,-999,3,1,3040
30/06/2026 21:42:40,-999,2730,-999,3,1,3040
30/06/2026 21:42:56,-999,2730,-999,3,2,2670
30/06/2026 21:43:12,-999,2730,-999,3,2,2670
30/06/2026 21:43:28,-999,2730,-999,3,2,2670
30/06/2026 21:43:44,-999,2730,-999,3,2,2510
30/06/2026 21:44:00,-999,2730,-999,3,2,2510
30/06/2026 21:44:16,-999,2730,-999,3,1,3050
30/06/2026 21:44:32,-999,2730,-999,3,1,3050
30/06/2026 21:44:48,-999,2730,-999,3,1,3040
30/06/2026 21:45:04,-999,2730,-999,3,1,3040
30/06/2026 21:45:20,-999,3230,-999,3,1,3030
30/06/2026 21:45:36,-999,3230,-999,3,1,3030
30/06/2026 21:45:52,-999,3230,-999,3,1,3030
30/06/2026 21:46:08,-999,3230,-999,3,2,3000
30/06/2026 21:46:24,-999,3180,-999,3,2,3000
30/06/2026 21:46:40,-999,3180,-999,3,2,3040
30/06/2026 21:46:56,-999,3180,-999,3,2,3040
30/06/2026 21:47:12,-999,3220,-999,3,1,3090
30/06/2026 21:47:28,-999,3220,-999,3,1,3090
30/06/2026 21:47:44,-999,3220,-999,3,2,3100
30/06/2026 21:48:00,-999,3220,-999,3,2,3100
30/06/2026 21:48:16,-999,970,-999,3,2,3100
30/06/2026 21:48:32,-999,980,-999,3,2,3090
30/06/2026 21:48:48,-999,980,-999,3,2,3090
30/06/2026 21:49:04,-999,980,-999,3,1,3060
30/06/2026 21:49:20,-999,980,-999,3,1,3060
30/06/2026 21:49:36,-999,990,-999,3,1,3030
30/06/2026 21:49:52,-999,990,-999,3,1,3030
30/06/2026 21:50:08,-999,990,-999,3,1,3020
30/06/2026 21:50:24,-999,990,-999,3,1,3020
30/06/2026 21:50:40,-999,990,-999,3,1,3020
30/06/2026 21:50:56,-999,990,-999,3,1,3020
30/06/2026 21:51:12,-999,990,-999,3,1,3020
30/06/2026 21:51:28,-999,990,-999,3,1,3020
30/06/2026 21:51:44,-999,1000,-999,3,1,3020
30/06/2026 21:52:00,-999,1000,-999,3,1,3000
30/06/2026 21:52:16,-999,1000,-999,3,1,3000
30/06/2026 21:52:32,-999,1000,-999,3,1,2980
30/06/2026 21:52:48,-999,1010,-999,3,1,2980
30/06/2026 21:53:04,-999,1010,-999,3,1,2980
30/06/2026 21:53:20,-999,1010,-999,3,1,2970
30/06/2026 21:53:36,-999,1010,-999,3,1,2970
30/06/2026 21:53:52,-999,1010,-999,3,1,2960
30/06/2026 21:54:08,-999,1010,-999,3,1,2960
30/06/2026 21:54:24,-999,1010,-999,3,1,2960
30/06/2026 21:54:40,-999,1010,-999,3,1,2960
30/06/2026 21:54:56,-999,1010,-999,3,1,2940
30/06/2026 21:55:12,-999,1010,-999,3,1,2940
30/06/2026 21:55:28,-999,1010,-999,3,1,2940
30/06/2026 21:55:44,-999,1020,-999,3,1,2920
30/06/2026 21:56:00,-999,1020,-999,3,1,2920
30/06/2026 21:56:16,-999,1020,-999,3,1,2910
30/06/2026 21:56:32,-999,1020,-999,3,1,2910
30/06/2026 21:56:48,-999,1020,-999,3,1,2900
30/06/2026 21:57:04,-999,1020,-999,3,1,2900
30/06/2026 21:57:20,-999,1020,-999,3,1,2890
30/06/2026 21:57:36,-999,1020,-999,3,1,2890
30/06/2026 21:57:52,-999,1020,-999,3,1,2890
30/06/2026 21:58:08,-999,1020,-999,3,1,2880
30/06/2026 21:58:24,-999,1020,-999,3,1,2880
30/06/2026 21:58:40,-999,1020,-999,3,1,2890
30/06/2026 21:58:56,-999,1020,-999,3,1,2890
30/06/2026 21:59:12,-999,1020,-999,3,1,2870
30/06/2026 21:59:28,-999,1020,-999,3,1,2870
30/06/2026 21:59:44,-999,1020,-999,3,1,2840
30/06/2026 22:00:00,-999,1020,-999,3,1,2840
30/06/2026 22:00:16,1,1020,1010,3,1,2840
30/06/2026 22:00:32,1,1010,1010,3,1,2820
30/06/2026 22:00:48,1,1010,1010,3,1,2820
30/06/2026 22:01:04,1,1010,1010,3,1,2760
30/06/2026 22:01:20,1,1010,1010,3,1,2760
30/06/2026 22:01:36,1,3100,1010,3,1,2600
30/06/2026 22:01:52,1,3110,1010,3,1,2600
30/06/2026 22:02:08,1,-999,1010,3,1,2670
30/06/2026 22:02:24,1,-999,1010,3,1,2670
30/06/2026 22:02:40,1,-999,1010,3,1,2670
30/06/2026 22:02:56,1,-999,1010,3,1,2770
30/06/2026 22:03:12,1,-999,1010,3,1,2770
30/06/2026 22:03:28,1,-999,1010,3,1,2990
30/06/2026 22:03:44,1,-999,1010,3,1,2990
30/06/2026 22:04:00,1,-999,1010,3,1,2970
30/06/2026 22:04:16,1,-999,1010,3,1,2970
30/06/2026 22:04:32,1,-999,1010,3,1,3010
30/06/2026 22:04:48,1,960,1010,3,1,3010
30/06/2026 22:05:04,1,950,1010,3,1,3010
30/06/2026 22:05:20,1,950,1010,3,1,3010
30/06/2026 22:05:36,1,950,1010,3,1,3010
30/06/2026 22:05:52,1,950,1010,3,1,2980
30/06/2026 22:06:08,1,950,1010,3,1,2980
30/06/2026 22:06:24,1,950,1010,3,1,2940
30/06/2026 22:06:40,1,940,1010,3,1,2940
30/06/2026 22:06:56,1,940,1010,3,1,2910
30/06/2026 22:07:12,1,940,1010,3,1,2910
30/06/2026 22:07:28,1,940,1010,3,1,2910
30/06/2026 22:07:44,1,930,1010,3,1,2850
30/06/2026 22:08:00,1,930,1010,3,1,2850
30/06/2026 22:08:16,1,930,1010,3,1,2810
30/06/2026 22:08:32,1,930,1010,3,1,2810
30/06/2026 22:08:48,1,930,1010,3,1,2750
30/06/2026 22:09:04,1,920,1010,3,1,2750
30/06/2026 22:09:20,1,920,1010,3,1,2700
30/06/2026 22:09:36,1,920,1010,3,1,2700
30/06/2026 22:09:52,1,920,1010,3,1,2700
30/06/2026 22:10:08,1,920,1010,3,1,2770
30/06/2026 22:10:24,1,920,1010,3,1,2770
30/06/2026 22:10:40,1,920,1010,3,1,2850
30/06/2026 22:10:56,1,920,1010,3,1,2850
30/06/2026 22:11:12,1,920,1010,3,1,2890
30/06/2026 22:11:28,1,920,1010,3,1,2890
30/06/2026 22:11:44,1,920,1010,3,1,3050
30/06/2026 22:12:00,1,920,1010,3,1,3050
30/06/2026 22:12:16,1,920,1010,3,1,3050
30/06/2026 22:12:32,1,920,1010,3,1,3090
30/06/2026 22:12:48,1,920,1010,3,1,3090
30/06/2026 22:13:04,1,920,1010,3,1,3140
30/06/2026 22:13:20,1,920,1010,3,1,3140
30/06/2026 22:13:36,1,920,1010,3,2,2950
30/06/2026 22:13:52,1,920,1010,3,2,2950
30/06/2026 22:14:08,1,920,1010,3,1,2930
30/06/2026 22:14:24,1,920,1010,3,1,2930
30/06/2026 22:14:40,1,920,1010,3,1,2930
30/06/2026 22:14:56,1,920,1010,3,1,2960
30/06/2026 22:15:12,1,920,1010,3,1,2960
30/06/2026 22:15:28,1,920,1010,3,1,2990
30/06/2026 22:15:44,1,920,1010,3,1,2990
30/06/2026 22:16:00,1,920,1010,3,1,3000
30/06/2026 22:16:16,1,920,1010,3,1,3000
30/06/2026 22:16:32,1,920,1010,3,1,3040
30/06/2026 22:16:48,1,920,1010,3,1,3040
30/06/2026 22:17:04,1,920,1010,3,1,3040
30/06/2026 22:17:20,1,920,1010,3,1,3080
30/06/2026 22:17:36,1,920,1010,3,1,3080
30/06/2026 22:17:52,1,920,1010,3,1,3100
30/06/2026 22:18:08,1,920,1010,3,1,3100
30/06/2026 22:18:24,1,920,1010,3,1,3120
30/06/2026 22:18:40,1,920,1010,3,1,3120
30/06/2026 22:18:56,1,920,1010,3,1,3130
30/06/2026 22:19:12,1,920,1010,3,1,3130
30/06/2026 22:19:28,1,920,1010,3,1,3130
30/06/2026 22:19:44,1,920,1010,3,1,3310
30/06/2026 22:20:00,1,920,1010,3,1,3310
30/06/2026 22:20:16,1,920,1010,3,1,3130
30/06/2026 22:20:32,1,910,1010,3,1,3130
30/06/2026 22:20:48,1,910,1010,3,1,3110
30/06/2026 22:21:04,1,910,1010,3,1,3110
30/06/2026 22:21:20,1,900,1010,3,1,3060
30/06/2026 22:21:36,1,900,1010,3,1,3060
30/06/2026 22:21:52,1,900,1010,3,1,3060
30/06/2026 22:22:08,1,900,1010,3,1,2920
30/06/2026 22:22:24,1,900,1010,3,1,2920
30/06/2026 22:22:40,1,900,1010,3,2,2950
30/06/2026 22:22:56,1,900,1010,3,2,2950
30/06/2026 22:23:12,1,900,1010,3,1,3000
30/06/2026 22:23:28,1,900,1010,3,1,3000
30/06/2026 22:23:44,1,900,1010,3,1,3110
30/06/2026 22:24:00,1,900,1010,3,1,3110
30/06/2026 22:24:16,1,890,1010,3,1,3110
30/06/2026 22:24:32,1,890,1010,3,1,3100
30/06/2026 22:24:48,1,890,1010,3,1,3100
30/06/2026 22:25:04,1,890,1010,3,1,3090
30/06/2026 22:25:20,1,890,1010,3,1,3090
30/06/2026 22:25:36,1,880,1010,3,1,3120
30/06/2026 22:25:52,1,880,1010,3,1,3120
30/06/2026 22:26:08,1,870,1010,3,1,3100
30/06/2026 22:26:24,1,870,1010,3,1,3100
30/06/2026 22:26:40,1,870,1010,3,1,3100
30/06/2026 22:26:56,1,870,1010,3,2,3100
30/06/2026 22:27:12,1,870,1010,3,2,3100
30/06/2026 22:27:28,1,860,1010,3,2,3110
30/06/2026 22:27:44,1,860,1010,3,2,3110
30/06/2026 22:28:00,1,860,1010,3,2,3150
30/06/2026 22:28:16,1,860,1010,3,2,3150
30/06/2026 22:28:32,1,860,1010,3,2,3180
30/06/2026 22:28:48,1,860,1010,3,2,3180
30/06/2026 22:29:04,1,850,1010,3,2,3180
30/06/2026 22:29:20,1,850,1010,3,1,3220
30/06/2026 22:29:36,1,840,1010,3,1,3220
30/06/2026 22:29:52,1,840,1010,3,2,3220
30/06/2026 22:30:08,1,840,1010,3,2,3220
30/06/2026 22:30:24,1,840,1010,3,2,3220
30/06/2026 22:30:40,1,830,1010,3,2,3220
30/06/2026 22:30:56,1,830,1010,3,2,3200
30/06/2026 22:31:12,1,830,1010,3,2,3200
30/06/2026 22:31:28,1,830,1010,3,2,3200
30/06/2026 22:31:44,1,820,1010,3,1,3820
30/06/2026 22:32:00,1,820,1010,3,1,3820
30/06/2026 22:32:16,1,820,1010,3,1,3860
30/06/2026 22:32:32,1,820,1010,3,1,3860
30/06/2026 22:32:48,1,820,1010,3,1,3890
30/06/2026 22:33:04,1,820,1010,3,1,3890
30/06/2026 22:33:20,1,810,1010,3,1,3920
30/06/2026 22:33:36,1,810,1010,3,1,3920
30/06/2026 22:33:52,1,810,1010,3,1,3920
30/06/2026 22:34:08,1,810,1010,3,2,3190
30/06/2026 22:34:24,1,810,1010,3,2,3190
30/06/2026 22:34:40,1,800,1010,3,3,3190
30/06/2026 22:34:56,1,800,1010,3,3,3190
30/06/2026 22:35:12,1,800,1010,3,2,3220
30/06/2026 22:35:28,1,800,1010,3,2,3220
30/06/2026 22:35:44,1,800,1010,3,1,3230
30/06/2026 22:36:00,1,800,1010,3,1,3230
30/06/2026 22:36:16,1,800,1010,3,1,3230
30/06/2026 22:36:32,1,800,1010,3,2,3270
30/06/2026 22:36:48,1,800,1010,3,2,3270
30/06/2026 22:37:04,1,820,1010,3,1,3650
30/06/2026 22:37:20,1,480,1010,3,1,3650
30/06/2026 22:37:36,1,480,1010,3,1,3620
30/06/2026 22:37:52,1,480,1010,3,1,3620
30/06/2026 22:38:08,1,480,1010,3,1,3590
30/06/2026 22:38:24,1,480,1010,3,1,3590
30/06/2026 22:38:40,1,480,1010,3,1,3590
30/06/2026 22:38:56,1,480,1010,3,1,3580
30/06/2026 22:39:12,1,480,1010,3,1,3580
30/06/2026 22:39:28,1,480,1010,3,1,3780
30/06/2026 22:39:44,1,480,1010,3,1,3780
30/06/2026 22:40:00,1,480,1010,3,1,3760
30/06/2026 22:40:16,1,480,1010,3,1,3760
30/06/2026 22:40:32,1,480,1010,3,1,3770
30/06/2026 22:40:48,1,470,1010,3,1,3770
30/06/2026 22:41:04,1,470,1010,3,1,3770
30/06/2026 22:41:20,1,470,1010,3,1,3760
30/06/2026 22:41:36,1,470,1010,3,1,3760
30/06/2026 22:41:52,1,470,1010,3,1,3750
30/06/2026 22:42:08,1,470,1010,3,1,3750
30/06/2026 22:42:24,1,470,1010,3,1,3750
30/06/2026 22:42:40,1,470,1010,3,1,3750
30/06/2026 22:42:56,1,470,1010,3,1,3790
30/06/2026 22:43:12,1,470,1010,3,1,3790
30/06/2026 22:43:28,1,470,1010,3,1,3790
30/06/2026 22:43:44,1,470,1010,3,1,3810
30/06/2026 22:44:00,1,470,1010,3,1,3810
30/06/2026 22:44:16,1,470,1010,3,1,3820
30/06/2026 22:44:32,1,470,1010,3,1,3820
30/06/2026 22:44:48,1,470,1010,3,1,3820
30/06/2026 22:45:04,1,470,1010,3,1,3820
30/06/2026 22:45:20,1,470,1010,3,1,3820
30/06/2026 22:45:36,1,470,1010,3,1,3820
30/06/2026 22:45:52,1,470,1010,3,1,3820
30/06/2026 22:46:08,1,470,1010,3,1,3830
30/06/2026 22:46:24,1,470,1010,3,1,3830
30/06/2026 22:46:40,1,470,1010,3,1,3850
30/06/2026 22:46:56,1,470,1010,3,1,3850
30/06/2026 22:47:12,1,470,1010,3,1,3840
30/06/2026 22:47:28,1,470,1010,3,1,3840
30/06/2026 22:47:44,1,470,1010,3,2,3140
30/06/2026 22:48:00,1,470,1010,3,2,3140
30/06/2026 22:48:16,1,470,1010,3,2,3140
30/06/2026 22:48:32,1,470,1010,3,2,3140
30/06/2026 22:48:48,1,470,1010,3,2,3140
30/06/2026 22:49:04,1,470,1010,3,2,3140
30/06/2026 22:49:20,1,470,1010,3,2,3140
30/06/2026 22:49:36,1,470,1010,3,2,3150
30/06/2026 22:49:52,1,470,1010,3,2,3150
30/06/2026 22:50:08,1,470,1010,3,2,3160
30/06/2026 22:50:24,1,470,1010,3,2,3160
30/06/2026 22:50:40,1,470,1010,3,2,3160
30/06/2026 22:50:56,1,470,1010,3,1,3850
30/06/2026 22:51:12,1,470,1010,3,1,3850
30/06/2026 22:51:28,1,470,1010,3,1,3860
30/06/2026 22:51:44,1,470,1010,3,1,3860
30/06/2026 22:52:00,1,470,1010,3,2,3260
30/06/2026 22:52:16,1,470,1010,3,2,3260
30/06/2026 22:52:32,1,470,1010,3,2,3250
30/06/2026 22:52:48,1,470,1010,3,2,3250
30/06/2026 22:53:04,1,470,1010,3,2,3250
30/06/2026 22:53:20,1,470,1010,3,1,3920
30/06/2026 22:53:36,1,470,1010,3,1,3920
30/06/2026 22:53:52,1,470,1010,3,1,3920
30/06/2026 22:54:08,1,470,1010,3,1,3920
30/06/2026 22:54:24,1,470,1010,3,2,3550
30/06/2026 22:54:40,1,470,1010,3,2,3550
30/06/2026 22:54:56,1,470,1010,3,1,3460
30/06/2026 22:55:12,1,470,1010,3,1,3460
30/06/2026 22:55:28,1,470,1010,3,1,3460
30/06/2026 22:55:44,1,470,1010,3,1,3420
30/06/2026 22:56:00,1,470,1010,3,1,3420
30/06/2026 22:56:16,1,470,1010,3,1,3450
30/06/2026 22:56:32,1,470,1010,3,1,3450
30/06/2026 22:56:48,1,470,1010,3,2,3470
30/06/2026 22:57:04,1,470,1010,3,2,3470
30/06/2026 22:57:20,1,470,1010,3,2,3360
30/06/2026 22:57:36,1,470,1010,3,2,3360
30/06/2026 22:57:52,1,470,1010,3,2,3360
30/06/2026 22:58:08,1,470,1010,3,1,3400
30/06/2026 22:58:24,1,460,1010,3,1,3400
30/06/2026 22:58:40,1,460,1010,3,1,3380
30/06/2026 22:58:56,1,460,1010,3,1,3380
30/06/2026 22:59:12,1,460,1010,3,1,3370
30/06/2026 22:59:28,1,460,1010,3,1,3370
30/06/2026 22:59:44,1,460,1010,3,1,3370
30/06/2026 23:00:00,1,460,920,3,1,3370
30/06/2026 23:00:16,1,460,920,3,1,3370
30/06/2026 23:00:32,1,460,920,3,2,2750
30/06/2026 23:00:48,1,460,920,3,2,2750
30/06/2026 23:01:04,1,460,920,3,2,2750
30/06/2026 23:01:20,1,460,920,3,2,2750
30/06/2026 23:01:36,1,460,920,3,1,3380
30/06/2026 23:01:52,1,460,920,3,1,3380
30/06/2026 23:02:08,1,460,920,3,1,3380
30/06/2026 23:02:24,1,460,920,3,1,3380
30/06/2026 23:02:40,1,460,920,3,1,3380
30/06/2026 23:02:56,1,460,920,3,1,3390
30/06/2026 23:03:12,1,460,920,3,1,3390
30/06/2026 23:03:28,1,460,920,3,1,3390
30/06/2026 23:03:44,1,460,920,3,1,3390
30/06/2026 23:04:00,1,460,920,3,1,3400
30/06/2026 23:04:16,1,460,920,3,1,3400
30/06/2026 23:04:32,1,450,920,3,1,3410
30/06/2026 23:04:48,1,450,920,3,1,3410
30/06/2026 23:05:04,1,450,920,3,1,3410
30/06/2026 23:05:20,1,450,920,3,2,3460
30/06/2026 23:05:36,1,450,920,3,2,3460
30/06/2026 23:05:52,1,450,920,3,2,3460
30/06/2026 23:06:08,1,450,920,3,2,3460
30/06/2026 23:06:24,1,450,920,3,1,3440
30/06/2026 23:06:40,1,450,920,3,1,3440
30/06/2026 23:06:56,1,440,920,3,1,3460
30/06/2026 23:07:12,1,440,920,3,1,3460
30/06/2026 23:07:28,1,440,920,3,1,3460
30/06/2026 23:07:44,1,440,920,3,1,3480
30/06/2026 23:08:00,1,440,920,3,1,3480
30/06/2026 23:08:16,1,440,920,3,2,3520
30/06/2026 23:08:32,1,440,920,3,2,3520
30/06/2026 23:08:48,1,440,920,3,1,3830
30/06/2026 23:09:04,1,430,920,3,1,3830
30/06/2026 23:09:20,1,430,920,3,2,3490
30/06/2026 23:09:36,1,430,920,3,2,3490
30/06/2026 23:09:52,1,430,920,3,2,3490
30/06/2026 23:10:08,1,430,920,3,1,3470
30/06/2026 23:10:24,1,430,920,3,1,3470
30/06/2026 23:10:40,1,430,920,3,1,3460
30/06/2026 23:10:56,1,430,920,3,1,3460
30/06/2026 23:11:12,1,430,920,3,1,3470
30/06/2026 23:11:28,1,430,920,3,1,3470
30/06/2026 23:11:44,1,430,920,3,2,2980
30/06/2026 23:12:00,1,430,920,3,2,2980
30/06/2026 23:12:16,1,430,920,3,2,2980
30/06/2026 23:12:32,1,430,920,3,2,2970
30/06/2026 23:12:48,1,430,920,3,2,2970
30/06/2026 23:13:04,1,430,920,3,2,2950
30/06/2026 23:13:20,1,430,920,3,2,2950
30/06/2026 23:13:36,1,430,920,3,1,3480
30/06/2026 23:13:52,1,430,920,3,1,3480
30/06/2026 23:14:08,1,430,920,3,1,3500
30/06/2026 23:14:24,1,440,920,3,1,3500
30/06/2026 23:14:40,1,440,920,3,1,3500
30/06/2026 23:14:56,1,440,920,3,1,3540
30/06/2026 23:15:12,1,440,920,3,1,3540
30/06/2026 23:15:28,1,440,920,3,2,2900
30/06/2026 23:15:44,1,440,920,3,2,2900
30/06/2026 23:16:00,1,440,920,3,3,2900
30/06/2026 23:16:16,1,440,920,3,3,2900
30/06/2026 23:16:32,1,440,920,3,1,3800
30/06/2026 23:16:48,1,440,920,3,1,3800
30/06/2026 23:17:04,1,440,920,3,1,3800
30/06/2026 23:17:20,1,440,920,3,1,3780
30/06/2026 23:17:36,1,440,920,3,1,3780
30/06/2026 23:17:52,1,440,920,3,1,3820
30/06/2026 23:18:08,1,450,920,3,1,3820
30/06/2026 23:18:24,1,450,920,3,1,3990
30/06/2026 23:18:40,1,450,920,3,1,3990
30/06/2026 23:18:56,1,450,920,3,1,3990
30/06/2026 23:19:12,1,460,920,3,1,3990
30/06/2026 23:19:28,1,460,920,3,1,3990
30/06/2026 23:19:44,1,460,920,3,2,2910
30/06/2026 23:20:00,1,460,920,3,2,2910
30/06/2026 23:20:16,1,460,920,3,2,2910
30/06/2026 23:20:32,1,460,920,3,2,2910
30/06/2026 23:20:48,1,460,920,3,1,3920
30/06/2026 23:21:04,1,470,920,3,1,3920
30/06/2026 23:21:20,1,470,920,3,1,3920
30/06/2026 23:21:36,1,670,920,3,1,3920
30/06/2026 23:21:52,1,670,920,3,1,3920
30/06/2026 23:22:08,1,660,920,3,1,3930
30/06/2026 23:22:24,1,650,920,3,1,3930
30/06/2026 23:22:40,1,650,920,3,1,3910
30/06/2026 23:22:56,1,650,920,3,1,3910
30/06/2026 23:23:12,1,650,920,3,2,2780
30/06/2026 23:23:28,1,640,920,3,2,2780
30/06/2026 23:23:44,1,630,920,3,2,2840
30/06/2026 23:24:00,1,630,920,3,2,2840
30/06/2026 23:24:16,1,630,920,3,2,2840
30/06/2026 23:24:32,1,630,920,3,2,2880
30/06/2026 23:24:48,1,620,920,3,2,2880
30/06/2026 23:25:04,1,610,920,3,2,2740
30/06/2026 23:25:20,1,610,920,3,2,2740
30/06/2026 23:25:36,1,610,920,3,1,2710
30/06/2026 23:25:52,1,600,920,3,1,2710
30/06/2026 23:26:08,1,600,920,3,1,2660
30/06/2026 23:26:24,1,600,920,3,1,2660
30/06/2026 23:26:40,1,600,920,3,1,2660
30/06/2026 23:26:56,1,590,920,3,1,2640
30/06/2026 23:27:12,1,590,920,3,1,2640
30/06/2026 23:27:28,1,590,920,3,1,2610
30/06/2026 23:27:44,1,580,920,3,1,2610
30/06/2026 23:28:00,1,580,920,3,2,2590
30/06/2026 23:28:16,1,580,920,3,2,2590
30/06/2026 23:28:32,1,580,920,3,1,3340
30/06/2026 23:28:48,1,570,920,3,1,3340
30/06/2026 23:29:04,1,550,920,3,1,3340
30/06/2026 23:29:20,1,520,920,3,2,3340
30/06/2026 23:29:36,1,510,920,3,2,3340
30/06/2026 23:29:52,1,490,920,3,1,3480
30/06/2026 23:30:08,1,490,920,3,1,3480
30/06/2026 23:30:24,1,490,920,3,2,3530
30/06/2026 23:30:40,1,480,920,3,2,3530
30/06/2026 23:30:56,1,480,920,3,2,3270
30/06/2026 23:31:12,1,480,920,3,2,3270
30/06/2026 23:31:28,1,480,920,3,2,3270
30/06/2026 23:31:44,1,480,920,3,2,2740
30/06/2026 23:32:00,1,480,920,3,2,2740
30/06/2026 23:32:16,1,480,920,3,1,3630
30/06/2026 23:32:32,1,480,920,3,1,3630
30/06/2026 23:32:48,1,480,920,3,3,2880
30/06/2026 23:33:04,1,480,920,3,3,2880
30/06/2026 23:33:20,1,480,920,3,2,2590
30/06/2026 23:33:36,1,470,920,3,2,2590
30/06/2026 23:33:52,1,470,920,3,2,2590
30/06/2026 23:34:08,1,470,920,3,2,2600
30/06/2026 23:34:24,1,470,920,3,2,2600
30/06/2026 23:34:40,1,470,920,3,2,2520
30/06/2026 23:34:56,1,470,920,3,2,2520
30/06/2026 23:35:12,1,470,920,3,1,2540
30/06/2026 23:35:28,1,470,920,3,1,2540
30/06/2026 23:35:44,1,470,920,3,1,2590
30/06/2026 23:36:00,1,470,920,3,1,2590
30/06/2026 23:36:16,1,470,920,3,1,2590
30/06/2026 23:36:32,1,470,920,3,2,2710
30/06/2026 23:36:48,1,460,920,3,2,2710
30/06/2026 23:37:04,1,460,920,3,1,3060
30/06/2026 23:37:20,1,460,920,3,1,3060
30/06/2026 23:37:36,1,460,920,3,2,2870
30/06/2026 23:37:52,1,460,920,3,2,2870
30/06/2026 23:38:08,1,460,920,3,1,2640
30/06/2026 23:38:24,1,460,920,3,1,2640
30/06/2026 23:38:40,1,460,920,3,1,2640
30/06/2026 23:38:56,1,460,920,3,1,2640
30/06/2026 23:39:12,1,460,920,3,1,2640
30/06/2026 23:39:28,1,450,920,3,3,2650
30/06/2026 23:39:44,1,450,920,3,3,2650
30/06/2026 23:40:00,1,450,920,3,2,2810
30/06/2026 23:40:16,1,450,920,3,2,2810
30/06/2026 23:40:32,1,450,920,3,2,2320
30/06/2026 23:40:48,1,450,920,3,2,2320
30/06/2026 23:41:04,1,440,920,3,2,2320
30/06/2026 23:41:20,1,440,920,3,1,2310
30/06/2026 23:41:36,1,440,920,3,1,2310
30/06/2026 23:41:52,1,440,920,3,2,2640
30/06/2026 23:42:08,1,440,920,3,2,2640
30/06/2026 23:42:24,1,440,920,3,1,3320
30/06/2026 23:42:40,1,440,920,3,1,3320
30/06/2026 23:42:56,1,440,920,3,1,3210
30/06/2026 23:43:12,1,440,920,3,1,3210
30/06/2026 23:43:28,1,440,920,3,1,3210
30/06/2026 23:43:44,1,430,920,3,1,3320
30/06/2026 23:44:00,1,430,920,3,1,3320
30/06/2026 23:44:16,1,430,920,3,1,3390
30/06/2026 23:44:32,1,430,920,3,1,3390
30/06/2026 23:44:48,1,430,920,3,1,3410
30/06/2026 23:45:04,1,430,920,3,1,3410
30/06/2026 23:45:20,1,430,920,3,1,3370
30/06/2026 23:45:36,1,420,920,3,1,3370
30/06/2026 23:45:52,1,420,920,3,1,3370
30/06/2026 23:46:08,1,420,920,3,1,3370
30/06/2026 23:46:24,1,420,920,3,1,3370
30/06/2026 23:46:40,1,420,920,3,2,3550
30/06/2026 23:46:56,1,420,920,3,2,3550
30/06/2026 23:47:12,1,420,920,3,1,3880
30/06/2026 23:47:28,1,410,920,3,1,3880
30/06/2026 23:47:44,1,410,920,3,1,3830
30/06/2026 23:48:00,1,410,920,3,1,3830
30/06/2026 23:48:16,1,410,920,3,1,3830
30/06/2026 23:48:32,1,410,920,3,1,3880
30/06/2026 23:48:48,1,410,920,3,1,3880
30/06/2026 23:49:04,1,410,920,3,1,3500
30/06/2026 23:49:20,1,400,920,3,1,3500
30/06/2026 23:49:36,1,400,920,3,1,3520
30/06/2026 23:49:52,1,400,920,3,1,3520
30/06/2026 23:50:08,1,400,920,3,1,3510
30/06/2026 23:50:24,1,400,920,3,1,3510
30/06/2026 23:50:40,1,400,920,3,1,3510
30/06/2026 23:50:56,1,390,920,3,1,3500
30/06/2026 23:51:12,1,390,920,3,1,3500
30/06/2026 23:51:28,1,390,920,3,1,3490
30/06/2026 23:51:44,1,390,920,3,1,3490
30/06/2026 23:52:00,1,390,920,3,1,3490
30/06/2026 23:52:16,1,390,920,3,1,3490
30/06/2026 23:52:32,1,380,920,3,1,3530
30/06/2026 23:52:48,1,380,920,3,1,3530
30/06/2026 23:53:04,1,380,920,3,1,3530
30/06/2026 23:53:20,1,380,920,3,1,3520
30/06/2026 23:53:36,1,380,920,3,1,3520
30/06/2026 23:53:52,1,380,920,3,1,3540
30/06/2026 23:54:08,1,370,920,3,1,3540
30/06/2026 23:54:24,1,370,920,3,1,3570
30/06/2026 23:54:40,1,370,920,3,1,3570
30/06/2026 23:54:56,1,370,920,3,0,-999
30/06/2026 23:55:12,1,370,920,3,0,-999
30/06/2026 23:55:28,1,370,920,3,0,-999
30/06/2026 23:55:44,1,370,920,3,0,-999
30/06/2026 23:56:00,1,360,920,3,0,-999
30/06/2026 23:56:16,1,360,920,3,0,-999
30/06/2026 23:56:32,1,360,920,3,0,-999
30/06/2026 23:56:48,1,360,920,3,0,-999
30/06/2026 23:57:04,1,360,920,3,0,-999
30/06/2026 23:57:20,1,360,920,3,0,-999
30/06/2026 23:57:36,1,360,920,3,0,-999
30/06/2026 23:57:52,1,360,920,3,0,-999
30/06/2026 23:58:08,1,350,920,3,0,-999
30/06/2026 23:58:24,1,350,920,3,0,-999
30/06/2026 23:58:40,1,350,920,3,0,-999
30/06/2026 23:58:56,1,350,920,3,0,-999
30/06/2026 23:59:12,1,350,920,3,0,-999
30/06/2026 23:59:28,1,350,920,3,0,-999
30/06/2026 23:59:44,1,340,920,3,0,-999
01/07/2026 00:00:00,2,340,440,3,0,-999
01/07/2026 00:00:16,2,340,440,3,0,-999
01/07/2026 00:00:32,2,340,440,3,0,-999
01/07/2026 00:00:48,2,340,440,3,0,-999
01/07/2026 00:01:04,2,340,440,3,0,-999
01/07/2026 00:01:20,2,330,440,3,0,-999
01/07/2026 00:01:36,2,330,440,3,0,-999
01/07/2026 00:01:52,2,330,440,3,0,-999
01/07/2026 00:02:08,2,330,440,3,0,-999
01/07/2026 00:02:24,2,330,440,3,0,-999
01/07/2026 00:02:40,2,320,440,3,0,-999
01/07/2026 00:02:56,2,320,440,3,0,-999
01/07/2026 00:03:12,2,320,440,3,0,-999
01/07/2026 00:03:28,2,320,440,3,0,-999
01/07/2026 00:03:44,2,320,440,3,0,-999
01/07/2026 00:04:00,2,320,440,3,0,-999
01/07/2026 00:04:16,2,320,440,3,0,-999
01/07/2026 00:04:32,2,310,440,3,0,-999
01/07/2026 00:04:48,2,310,440,3,0,-999
01/07/2026 00:05:04,2,310,440,3,0,-999
01/07/2026 00:05:20,2,310,440,3,0,-999
01/07/2026 00:05:36,2,310,440,3,0,-999
01/07/2026 00:05:52,2,310,440,3,0,-999
01/07/2026 00:06:08,2,310,440,3,0,-999
01/07/2026 00:06:24,2,300,440,3,0,-999
01/07/2026 00:06:40,2,300,440,3,0,-999
01/07/2026 00:06:56,2,300,440,3,0,-999
01/07/2026 00:07:12,2,300,440,3,0,-999
01/07/2026 00:07:28,2,300,440,3,0,-999
01/07/2026 00:07:44,2,300,440,3,0,-999
01/07/2026 00:08:00,2,300,440,3,0,-999
01/07/2026 00:08:16,2,300,440,3,0,-999
01/07/2026 00:08:32,2,290,440,3,0,-999
01/07/2026 00:08:48,2,290,440,3,0,-999
01/07/2026 00:09:04,2,290,440,3,0,-999
01/07/2026 00:09:20,2,290,440,3,0,-999
01/07/2026 00:09:36,2,290,440,3,0,-999
01/07/2026 00:09:52,2,290,440,3,0,-999
01/07/2026 00:10:08,2,290,440,3,0,-999
01/07/2026 00:10:24,2,290,440,3,0,-999
01/07/2026 00:10:40,2,290,440,3,0,-999
01/07/2026 00:10:56,2,290,440,3,0,-999
01/07/2026 00:11:12,2,280,440,3,0,-999
01/07/2026 00:11:28,2,280,440,3,0,-999
01/07/2026 00:11:44,2,280,440,3,0,-999
01/07/2026 00:12:00,2,280,440,3,0,-999
01/07/2026 00:12:16,2,280,440,3,0,-999
01/07/2026 00:12:32,2,280,440,3,0,-999
01/07/2026 00:12:48,2,280,440,3,0,-999
01/07/2026 00:13:04,2,280,440,3,0,-999
01/07/2026 00:13:20,2,280,440,3,0,-999
01/07/2026 00:13:36,2,280,440,3,0,-999
01/07/2026 00:13:52,2,270,440,3,0,-999
01/07/2026 00:14:08,2,270,440,3,0,-999
01/07/2026 00:14:24,2,270,440,3,0,-999
01/07/2026 00:14:40,2,270,440,3,0,-999
01/07/2026 00:14:56,2,270,440,3,0,-999
01/07/2026 00:15:12,2,270,440,3,0,-999
01/07/2026 00:15:28,2,270,440,3,0,-999
01/07/2026 00:15:44,2,270,440,3,0,-999
01/07/2026 00:16:00,2,270,440,3,0,-999
01/07/2026 00:16:16,2,270,440,3,0,-999
01/07/2026 00:16:32,2,270,440,3,0,-999
01/07/2026 00:16:48,2,270,440,3,0,-999
01/07/2026 00:17:04,2,270,440,3,0,-999
01/07/2026 00:17:20,2,270,440,3,0,-999
01/07/2026 00:17:36,2,270,440,3,0,-999
01/07/2026 00:17:52,2,270,440,3,0,-999
01/07/2026 00:18:08,2,270,440,3,0,-999
01/07/2026 00:18:24,2,270,440,3,0,-999
01/07/2026 00:18:40,2,270,440,3,0,-999
01/07/2026 00:18:56,2,260,440,3,0,-999
01/07/2026 00:19:12,2,260,440,3,0,-999
01/07/2026 00:19:28,2,260,440,3,0,-999
01/07/2026 00:19:44,2,260,440,3,0,-999
01/07/2026 00:20:00,2,260,440,3,0,-999
01/07/2026 00:20:16,2,260,440,3,0,-999
01/07/2026 00:20:32,2,260,440,3,0,-999
01/07/2026 00:20:48,2,260,440,3,0,-999
01/07/2026 00:21:04,2,260,440,3,0,-999
01/07/2026 00:21:20,2,260,440,3,0,-999
01/07/2026 00:21:36,2,260,440,3,0,-999
01/07/2026 00:21:52,2,260,440,3,0,-999
01/07/2026 00:22:08,2,260,440,3,0,-999
01/07/2026 00:22:24,2,260,440,3,0,-999
01/07/2026 00:22:40,2,260,440,3,0,-999
01/07/2026 00:22:56,2,260,440,3,0,-999
01/07/2026 00:23:12,2,260,440,3,0,-999
01/07/2026 00:23:28,2,260,440,3,0,-999
01/07/2026 00:23:44,2,260,440,3,0,-999
01/07/2026 00:24:00,2,260,440,3,0,-999
01/07/2026 00:24:16,2,260,440,3,0,-999
01/07/2026 00:24:32,2,260,440,3,0,-999
01/07/2026 00:24:48,2,260,440,3,0,-999
01/07/2026 00:25:04,2,260,440,3,0,-999
01/07/2026 00:25:20,2,260,440,3,0,-999
01/07/2026 00:25:36,2,260,440,3,0,-999
01/07/2026 00:25:52,2,260,440,3,0,-999
01/07/2026 00:26:08,2,260,440,3,0,-999
01/07/2026 00:26:24,2,260,440,3,0,-999
01/07/2026 00:26:40,2,260,440,3,0,-999
01/07/2026 00:26:56,2,260,440,3,0,-999
01/07/2026 00:27:12,2,260,440,3,0,-999
01/07/2026 00:27:28,2,260,440,3,0,-999
01/07/2026 00:27:44,2,260,440,3,0,-999
01/07/2026 00:28:00,2,260,440,3,0,-999
01/07/2026 00:28:16,2,260,440,3,0,-999
01/07/2026 00:28:32,2,260,440,3,0,-999
01/07/2026 00:28:48,2,260,440,3,0,-999
01/07/2026 00:29:04,2,260,440,3,0,-999
01/07/2026 00:29:20,2,260,440,3,0,-999
01/07/2026 00:29:36,2,260,440,3,0,-999
01/07/2026 00:29:52,2,260,440,3,0,-999
01/07/2026 00:30:08,2,270,440,3,0,-999
01/07/2026 00:30:24,2,270,440,3,0,-999
01/07/2026 00:30:40,2,270,440,3,0,-999
01/07/2026 00:30:56,2,270,440,3,0,-999
01/07/2026 00:31:12,2,270,440,3,0,-999
01/07/2026 00:31:28,2,270,440,3,0,-999
01/07/2026 00:31:44,2,270,440,3,0,-999
01/07/2026 00:32:00,2,280,440,3,0,-999
01/07/2026 00:32:16,2,280,440,3,0,-999
01/07/2026 00:32:32,2,280,440,3,0,-999
01/07/2026 00:32:48,2,280,440,3,0,-999
01/07/2026 00:33:04,2,280,440,3,0,-999
01/07/2026 00:33:20,2,280,440,3,0,-999
01/07/2026 00:33:36,2,280,440,3,0,-999
01/07/2026 00:33:52,2,290,440,3,0,-999
01/07/2026 00:34:08,2,290,440,3,0,-999
01/07/2026 00:34:24,2,290,440,3,0,-999
01/07/2026 00:34:40,2,290,440,3,0,-999
01/07/2026 00:34:56,2,290,440,3,0,-999
01/07/2026 00:35:12,2,300,440,3,0,-999
01/07/2026 00:35:28,2,300,440,3,0,-999
01/07/2026 00:35:44,2,300,440,3,0,-999
01/07/2026 00:36:00,2,300,440,3,0,-999
01/07/2026 00:36:16,2,300,440,3,0,-999
01/07/2026 00:36:32,2,300,440,3,0,-999
01/07/2026 00:36:48,2,300,440,3,0,-999
01/07/2026 00:37:04,2,300,440,3,0,-999
01/07/2026 00:37:20,2,300,440,3,0,-999
01/07/2026 00:37:36,2,300,440,3,0,-999
01/07/2026 00:37:52,2,310,440,3,0,-999
01/07/2026 00:38:08,2,310,440,3,0,-999
01/07/2026 00:38:24,2,310,440,3,0,-999
01/07/2026 00:38:40,2,310,440,3,0,-999
01/07/2026 00:38:56,2,310,440,3,0,-999
01/07/2026 00:39:12,2,310,440,3,0,-999
01/07/2026 00:39:28,2,310,440,3,0,-999
01/07/2026 00:39:44,2,310,440,3,0,-999
01/07/2026 00:40:00,2,310,440,3,0,-999
01/07/2026 00:40:16,2,310,440,3,0,-999
01/07/2026 00:40:32,2,310,440,3,0,-999
01/07/2026 00:40:48,2,320,440,3,0,-999
01/07/2026 00:41:04,2,320,440,3,0,-999
01/07/2026 00:41:20,2,320,440,3,0,-999
01/07/2026 00:41:36,2,320,440,3,0,-999
01/07/2026 00:41:52,2,320,440,3,0,-999
01/07/2026 00:42:08,2,320,440,3,0,-999
01/07/2026 00:42:24,2,320,440,3,0,-999
01/07/2026 00:42:40,2,320,440,3,0,-999
01/07/2026 00:42:56,2,320,440,3,0,-999
01/07/2026 00:43:12,2,330,440,3,0,-999
01/07/2026 00:43:28,2,330,440,3,0,-999
01/07/2026 00:43:44,2,330,440,3,0,-999
01/07/2026 00:44:00,2,330,440,3,0,-999
01/07/2026 00:44:16,2,330,440,3,0,-999
01/07/2026 00:44:32,2,330,440,3,0,-999
01/07/2026 00:44:48,2,330,440,3,0,-999
01/07/2026 00:45:04,2,330,440,3,0,-999
01/07/2026 00:45:20,2,330,440,3,0,-999
01/07/2026 00:45:36,2,330,440,3,0,-999
01/07/2026 00:45:52,2,330,440,3,0,-999
01/07/2026 00:46:08,2,330,440,3,0,-999
01/07/2026 00:46:24,2,330,440,3,0,-999
01/07/2026 00:46:40,2,330,440,3,0,-999
01/07/2026 00:46:56,2,330,440,3,0,-999
01/07/2026 00:47:12,2,330,440,3,0,-999
01/07/2026 00:47:28,2,330,440,3,0,-999
01/07/2026 00:47:44,2,330,440,3,0,-999
01/07/2026 00:48:00,2,330,440,3,0,-999
01/07/2026 00:48:16,2,330,440,3,0,-999
01/07/2026 00:48:32,2,330,440,3,0,-999
01/07/2026 00:48:48,2,330,440,3,0,-999
01/07/2026 00:49:04,2,330,440,3,0,-999
01/07/2026 00:49:20,2,330,440,3,0,-999
01/07/2026 00:49:36,2,320,440,3,0,-999
01/07/2026 00:49:52,2,320,440,3,0,-999
01/07/2026 00:50:08,2,320,440,3,0,-999
01/07/2026 00:50:24,2,320,440,3,0,-999
01/07/2026 00:50:40,2,320,440,3,0,-999
01/07/2026 00:50:56,2,320,440,3,0,-999
01/07/2026 00:51:12,2,320,440,3,0,-999
01/07/2026 00:51:28,2,320,440,3,0,-999
01/07/2026 00:51:44,2,320,440,3,0,-999
01/07/2026 00:52:00,2,320,440,3,0,-999
01/07/2026 00:52:16,2,320,440,3,0,-999
01/07/2026 00:52:32,2,320,440,3,0,-999
01/07/2026 00:52:48,2,320,440,3,0,-999
01/07/2026 00:53:04,2,320,440,3,0,-999
01/07/2026 00:53:20,2,320,440,3,0,-999
01/07/2026 00:53:36,2,320,440,3,0,-999
01/07/2026 00:53:52,2,320,440,3,0,-999
01/07/2026 00:54:08,2,320,440,3,0,-999
01/07/2026 00:54:24,2,320,440,3,0,-999
01/07/2026 00:54:40,2,320,440,3,0,-999
01/07/2026 00:54:56,2,320,440,3,0,-999
01/07/2026 00:55:12,2,320,440,3,0,-999
01/07/2026 00:55:28,2,320,440,3,0,-999
01/07/2026 00:55:44,2,320,440,3,0,-999
01/07/2026 00:56:00,2,320,440,3,0,-999
01/07/2026 00:56:16,2,320,440,3,0,-999
01/07/2026 00:56:32,2,320,440,3,0,-999
01/07/2026 00:56:48,2,310,440,3,0,-999
01/07/2026 00:57:04,2,310,440,3,0,-999
01/07/2026 00:57:20,2,310,440,3,0,-999
01/07/2026 00:57:36,2,310,440,3,0,-999
01/07/2026 00:57:52,2,310,440,3,0,-999
01/07/2026 00:58:08,2,310,440,3,0,-999
01/07/2026 00:58:24,2,310,440,3,0,-999
01/07/2026 00:58:40,2,310,440,3,0,-999
01/07/2026 00:58:56,2,310,440,3,0,-999
01/07/2026 00:59:12,2,310,440,3,0,-999
01/07/2026 00:59:28,2,310,440,3,0,-999
01/07/2026 00:59:44,2,310,440,3,0,-999
01/07/2026 01:00:00,3,300,310,3,0,-999
01/07/2026 01:00:16,3,300,310,3,0,-999
01/07/2026 01:00:32,3,300,310,3,0,-999
01/07/2026 01:00:48,3,300,310,3,0,-999
01/07/2026 01:01:04,3,300,310,3,0,-999
01/07/2026 01:01:20,3,300,310,3,0,-999
01/07/2026 01:01:36,3,300,310,3,0,-999
01/07/2026 01:01:52,3,300,310,3,0,-999
01/07/2026 01:02:08,3,300,310,3,0,-999
01/07/2026 01:02:24,3,300,310,3,0,-999
01/07/2026 01:02:40,3,300,310,3,0,-999
01/07/2026 01:02:56,3,300,310,3,0,-999
01/07/2026 01:03:12,3,300,310,3,0,-999
01/07/2026 01:03:28,3,300,310,3,0,-999
01/07/2026 01:03:44,3,300,310,3,0,-999
01/07/2026 01:04:00,3,300,310,3,0,-999
01/07/2026 01:04:16,3,300,310,3,0,-999
01/07/2026 01:04:32,3,300,310,3,0,-999
01/07/2026 01:04:48,3,240,310,3,0,-999
01/07/2026 01:05:04,3,240,310,3,0,-999
01/07/2026 01:05:20,3,240,310,3,0,-999
01/07/2026 01:05:36,3,240,310,3,0,-999
01/07/2026 01:05:52,3,240,310,3,0,-999
01/07/2026 01:06:08,3,240,310,3,0,-999
01/07/2026 01:06:24,3,240,310,3,0,-999
01/07/2026 01:06:40,3,240,310,3,0,-999
01/07/2026 01:06:56,3,230,310,3,0,-999
01/07/2026 01:07:12,3,240,310,3,0,-999
01/07/2026 01:07:28,3,230,310,3,0,-999
01/07/2026 01:07:44,3,230,310,3,0,-999
01/07/2026 01:08:00,3,230,310,3,0,-999
01/07/2026 01:08:16,3,230,310,3,0,-999
01/07/2026 01:08:32,3,230,310,3,0,-999
01/07/2026 01:08:48,3,230,310,3,0,-999
01/07/2026 01:09:04,3,230,310,3,0,-999
01/07/2026 01:09:20,3,230,310,3,0,-999
01/07/2026 01:09:36,3,230,310,3,0,-999
01/07/2026 01:09:52,3,230,310,3,0,-999
01/07/2026 01:10:08,3,230,310,3,0,-999
01/07/2026 01:10:24,3,230,310,3,0,-999
01/07/2026 01:10:40,3,230,310,3,0,-999
01/07/2026 01:10:56,3,230,310,3,0,-999
01/07/2026 01:11:12,3,230,310,3,0,-999
01/07/2026 01:11:28,3,230,310,3,0,-999
01/07/2026 01:11:44,3,230,310,3,0,-999
01/07/2026 01:12:00,3,230,310,3,0,-999
01/07/2026 01:12:16,3,250,310,3,0,-999
01/07/2026 01:12:32,3,250,310,3,0,-999
01/07/2026 01:12:48,3,240,310,3,0,-999
01/07/2026 01:13:04,3,240,310,3,0,-999
01/07/2026 01:13:20,3,240,310,3,0,-999
01/07/2026 01:13:36,3,240,310,3,0,-999
01/07/2026 01:13:52,3,240,310,3,0,-999
01/07/2026 01:14:08,3,240,310,3,0,-999
01/07/2026 01:14:24,3,240,310,3,0,-999
01/07/2026 01:14:40,3,240,310,3,0,-999
01/07/2026 01:14:56,3,240,310,3,0,-999
01/07/2026 01:15:12,3,240,310,3,0,-999
01/07/2026 01:15:28,3,230,310,3,0,-999
01/07/2026 01:15:44,3,230,310,3,0,-999
01/07/2026 01:16:00,3,230,310,3,0,-999
01/07/2026 01:16:16,3,230,310,3,0,-999
01/07/2026 01:16:32,3,230,310,3,0,-999
01/07/2026 01:16:48,3,230,310,3,0,-999
01/07/2026 01:17:04,3,230,310,3,0,-999
01/07/2026 01:17:20,3,230,310,3,0,-999
01/07/2026 01:17:36,3,230,310,3,0,-999
01/07/2026 01:17:52,3,230,310,3,0,-999
01/07/2026 01:18:08,3,220,310,3,0,-999
01/07/2026 01:18:24,3,220,310,3,0,-999
01/07/2026 01:18:40,3,220,310,3,0,-999
01/07/2026 01:18:56,3,220,310,3,0,-999
01/07/2026 01:19:12,3,220,310,3,0,-999
01/07/2026 01:19:28,3,220,310,3,0,-999
01/07/2026 01:19:44,3,220,310,3,0,-999
01/07/2026 01:20:00,3,220,310,3,0,-999
01/07/2026 01:20:16,3,220,310,3,0,-999
01/07/2026 01:20:32,3,220,310,3,0,-999
01/07/2026 01:20:48,3,220,310,3,0,-999
01/07/2026 01:21:04,3,220,310,3,0,-999
01/07/2026 01:21:20,3,210,310,3,0,-999
01/07/2026 01:21:36,3,210,310,3,0,-999
01/07/2026 01:21:52,3,210,310,3,0,-999
01/07/2026 01:22:08,3,210,310,3,0,-999
01/07/2026 01:22:24,3,210,310,3,0,-999
01/07/2026 01:22:40,3,210,310,3,0,-999
01/07/2026 01:22:56,3,210,310,3,0,-999
01/07/2026 01:23:12,3,210,310,3,0,-999
01/07/2026 01:23:28,3,210,310,3,0,-999
01/07/2026 01:23:44,3,210,310,3,0,-999
01/07/2026 01:24:00,3,210,310,3,0,-999
01/07/2026 01:24:16,3,210,310,3,0,-999
01/07/2026 01:24:32,3,210,310,3,0,-999
01/07/2026 01:24:48,3,170,310,3,0,-999
01/07/2026 01:25:04,3,170,310,3,1,9740
01/07/2026 01:25:20,3,170,310,3,1,9740
01/07/2026 01:25:36,3,170,310,3,1,9710
01/07/2026 01:25:52,3,170,310,3,1,9710
01/07/2026 01:26:08,3,160,310,3,1,9720
01/07/2026 01:26:24,3,160,310,3,1,9720
01/07/2026 01:26:40,3,160,310,3,1,9720
01/07/2026 01:26:56,3,160,310,3,1,9730
01/07/2026 01:27:12,3,160,310,3,1,9730
01/07/2026 01:27:28,3,160,310,3,1,9810
01/07/2026 01:27:44,3,160,310,3,1,9810
01/07/2026 01:28:00,3,160,310,3,1,9790
01/07/2026 01:28:16,3,160,310,3,1,9790
01/07/2026 01:28:32,3,160,310,3,1,9790
01/07/2026 01:28:48,3,160,310,3,1,9790
01/07/2026 01:29:04,3,160,310,3,1,9790
01/07/2026 01:29:20,3,160,310,3,1,9830
01/07/2026 01:29:36,3,150,310,3,1,9830
01/07/2026 01:29:52,3,150,310,3,1,9830
01/07/2026 01:30:08,3,160,310,3,1,9830
01/07/2026 01:30:24,3,160,310,3,1,9870
01/07/2026 01:30:40,3,160,310,3,1,9870
01/07/2026 01:30:56,3,160,310,3,1,9910
01/07/2026 01:31:12,3,160,310,3,1,9910
01/07/2026 01:31:28,3,160,310,3,1,9910
01/07/2026 01:31:44,3,160,310,3,1,9920
01/07/2026 01:32:00,3,160,310,3,1,9920
01/07/2026 01:32:16,3,160,310,3,1,9920
01/07/2026 01:32:32,3,160,310,3,1,9920
01/07/2026 01:32:48,3,160,310,3,1,9920
01/07/2026 01:33:04,3,160,310,3,1,9920
01/07/2026 01:33:20,3,160,310,3,1,9920
01/07/2026 01:33:36,3,160,310,3,1,9920
01/07/2026 01:33:52,3,160,310,3,1,9920
01/07/2026 01:34:08,3,160,310,3,1,9900
01/07/2026 01:34:24,3,160,310,3,1,9900
01/07/2026 01:34:40,3,160,310,3,1,9890
01/07/2026 01:34:56,3,170,310,3,1,9890
01/07/2026 01:35:12,3,170,310,3,1,9890
01/07/2026 01:35:28,3,170,310,3,1,9890
01/07/2026 01:35:44,3,170,310,3,1,9890
01/07/2026 01:36:00,3,170,310,3,1,9890
01/07/2026 01:36:16,3,170,310,3,1,9890
01/07/2026 01:36:32,3,170,310,3,1,9900
01/07/2026 01:36:48,3,170,310,3,1,9900
01/07/2026 01:37:04,3,170,310,3,1,9860
01/07/2026 01:37:20,3,170,310,3,1,9860
01/07/2026 01:37:36,3,170,310,3,1,9800
01/07/2026 01:37:52,3,170,310,3,1,9800
01/07/2026 01:38:08,3,170,310,3,1,9800
01/07/2026 01:38:24,3,180,310,3,1,9800
01/07/2026 01:38:40,3,180,310,3,1,9800
01/07/2026 01:38:56,3,180,310,3,1,9800
01/07/2026 01:39:12,3,180,310,3,1,9800
01/07/2026 01:39:28,3,180,310,3,2,9770
01/07/2026 01:39:44,3,180,310,3,2,9770
01/07/2026 01:40:00,3,180,310,3,1,9770
01/07/2026 01:40:16,3,180,310,3,1,9770
01/07/2026 01:40:32,3,180,310,3,1,9770
01/07/2026 01:40:48,3,180,310,3,1,9770
01/07/2026 01:41:04,3,180,310,3,1,9770
01/07/2026 01:41:20,3,180,310,3,1,9770
01/07/2026 01:41:36,3,180,310,3,1,9770
01/07/2026 01:41:52,3,180,310,3,2,9750
01/07/2026 01:42:08,3,180,310,3,2,9750
01/07/2026 01:42:24,3,180,310,3,1,9730
01/07/2026 01:42:40,3,180,310,3,1,9730
01/07/2026 01:42:56,3,180,310,3,1,9710
01/07/2026 01:43:12,3,180,310,3,1,9710
01/07/2026 01:43:28,3,180,310,3,1,9710
01/07/2026 01:43:44,3,180,310,3,1,9690
01/07/2026 01:44:00,3,180,310,3,1,9690
01/07/2026 01:44:16,3,180,310,3,1,9640
01/07/2026 01:44:32,3,180,310,3,1,9640
01/07/2026 01:44:48,3,180,310,3,1,9630
01/07/2026 01:45:04,3,180,310,3,1,9630
01/07/2026 01:45:20,3,180,310,3,1,9620
01/07/2026 01:45:36,3,180,310,3,1,9620
01/07/2026 01:45:52,3,180,310,3,1,9620
01/07/2026 01:46:08,3,180,310,3,1,9620
01/07/2026 01:46:24,3,180,310,3,1,9620
01/07/2026 01:46:40,3,180,310,3,1,9620
01/07/2026 01:46:56,3,180,310,3,1,9620
01/07/2026 01:47:12,3,180,310,3,1,9610
01/07/2026 01:47:28,3,180,310,3,1,9610
01/07/2026 01:47:44,3,180,310,3,1,9610
01/07/2026 01:48:00,3,180,310,3,1,9610
01/07/2026 01:48:16,3,180,310,3,1,9610
01/07/2026 01:48:32,3,180,310,3,1,9610
01/07/2026 01:48:48,3,180,310,3,1,9610
01/07/2026 01:49:04,3,180,310,3,1,9560
01/07/2026 01:49:20,3,170,310,3,1,9560
01/07/2026 01:49:36,3,180,310,3,1,9560
01/07/2026 01:49:52,3,180,310,3,1,9560
01/07/2026 01:50:08,3,180,310,3,1,9550
01/07/2026 01:50:24,3,170,310,3,1,9550
01/07/2026 01:50:40,3,170,310,3,1,9550
01/07/2026 01:50:56,3,170,310,3,1,9520
01/07/2026 01:51:12,3,170,310,3,1,9520
01/07/2026 01:51:28,3,170,310,3,1,9450
01/07/2026 01:51:44,3,170,310,3,1,9450
01/07/2026 01:52:00,3,170,310,3,1,9440
01/07/2026 01:52:16,3,170,310,3,1,9440
01/07/2026 01:52:32,3,170,310,3,1,9430
01/07/2026 01:52:48,3,170,310,3,1,9430
01/07/2026 01:53:04,3,170,310,3,1,9430
01/07/2026 01:53:20,3,170,310,3,1,9400
01/07/2026 01:53:36,3,170,310,3,1,9400
01/07/2026 01:53:52,3,170,310,3,1,9380
01/07/2026 01:54:08,3,170,310,3,1,9380
01/07/2026 01:54:24,3,170,310,3,1,9390
01/07/2026 01:54:40,3,170,310,3,1,9390
01/07/2026 01:54:56,3,170,310,3,1,9440
01/07/2026 01:55:12,3,170,310,3,1,9440
01/07/2026 01:55:28,3,170,310,3,1,9440
01/07/2026 01:55:44,3,170,310,3,1,9330
01/07/2026 01:56:00,3,170,310,3,1,9330
01/07/2026 01:56:16,3,170,310,3,1,9300
01/07/2026 01:56:32,3,170,310,3,1,9300
01/07/2026 01:56:48,3,170,310,3,1,9280
01/07/2026 01:57:04,3,170,310,3,1,9280
01/07/2026 01:57:20,3,170,310,3,1,9190
01/07/2026 01:57:36,3,170,310,3,1,9190
01/07/2026 01:57:52,3,170,310,3,1,9190
01/07/2026 01:58:08,3,170,310,3,1,9190
01/07/2026 01:58:24,3,170,310,3,1,9190
01/07/2026 01:58:40,3,170,310,3,1,9340
01/07/2026 01:58:56,3,170,310,3,1,9340
01/07/2026 01:59:12,3,170,310,3,1,9330
01/07/2026 01:59:28,3,170,310,3,1,9330
01/07/2026 01:59:44,3,170,310,3,2,9300
01/07/2026 02:00:00,2,170,230,3,2,9300
01/07/2026 02:00:16,2,170,230,3,2,9300
01/07/2026 02:00:32,2,170,230,3,2,9300
01/07/2026 02:00:48,2,170,230,3,2,9300
01/07/2026 02:01:04,2,170,230,3,2,9300
01/07/2026 02:01:20,2,170,230,3,2,9300
01/07/2026 02:01:36,2,170,230,3,3,9240
01/07/2026 02:01:52,2,170,230,3,3,9240
01/07/2026 02:02:08,2,170,230,3,1,9240
01/07/2026 02:02:24,2,170,230,3,1,9240
01/07/2026 02:02:40,2,170,230,3,1,9240
01/07/2026 02:02:56,2,170,230,3,1,9500
01/07/2026 02:03:12,2,170,230,3,1,9500
01/07/2026 02:03:28,2,180,230,3,2,9300
01/07/2026 02:03:44,2,180,230,3,2,9300
01/07/2026 02:04:00,2,180,230,3,2,9460
01/07/2026 02:04:16,2,180,230,3,2,9460
01/07/2026 02:04:32,2,180,230,3,1,9470
01/07/2026 02:04:48,2,180,230,3,1,9470
01/07/2026 02:05:04,2,180,230,3,1,9470
01/07/2026 02:05:20,2,180,230,3,2,9490
01/07/2026 02:05:36,2,180,230,3,2,9490
01/07/2026 02:05:52,2,180,230,3,2,9520
01/07/2026 02:06:08,2,190,230,3,2,9520
01/07/2026 02:06:24,2,180,230,3,2,9570
01/07/2026 02:06:40,2,190,230,3,2,9570
01/07/2026 02:06:56,2,190,230,3,1,9710
01/07/2026 02:07:12,2,190,230,3,1,9710
01/07/2026 02:07:28,2,190,230,3,1,9710
01/07/2026 02:07:44,2,190,230,3,1,9470
01/07/2026 02:08:00,2,190,230,3,1,9470
01/07/2026 02:08:16,2,190,230,3,2,9480
01/07/2026 02:08:32,2,200,230,3,2,9480
01/07/2026 02:08:48,2,190,230,3,2,9480
01/07/2026 02:09:04,2,200,230,3,2,9480
01/07/2026 02:09:20,2,200,230,3,1,9440
01/07/2026 02:09:36,2,200,230,3,1,9440
01/07/2026 02:09:52,2,200,230,3,1,9440
01/07/2026 02:10:08,2,200,230,3,2,9470
01/07/2026 02:10:24,2,210,230,3,2,9470
01/07/2026 02:10:40,2,210,230,3,2,9420
01/07/2026 02:10:56,2,210,230,3,2,9420
01/07/2026 02:11:12,2,210,230,3,2,9420
01/07/2026 02:11:28,2,220,230,3,2,9420
01/07/2026 02:11:44,2,220,230,3,2,9570
01/07/2026 02:12:00,2,220,230,3,2,9570
01/07/2026 02:12:16,2,220,230,3,2,9570
01/07/2026 02:12:32,2,230,230,3,2,9540
01/07/2026 02:12:48,2,240,230,3,2,9540
01/07/2026 02:13:04,2,240,230,3,2,9520
01/07/2026 02:13:20,2,240,230,3,2,9520
01/07/2026 02:13:36,2,240,230,3,2,9480
01/07/2026 02:13:52,2,250,230,3,2,9480
01/07/2026 02:14:08,2,250,230,3,2,9510
01/07/2026 02:14:24,2,250,230,3,2,9510
01/07/2026 02:14:40,2,260,230,3,2,9510
01/07/2026 02:14:56,2,260,230,3,2,9040
01/07/2026 02:15:12,2,270,230,3,2,9040
01/07/2026 02:15:28,2,270,230,3,2,9510
01/07/2026 02:15:44,2,270,230,3,2,9510
01/07/2026 02:16:00,2,280,230,3,2,9030
01/07/2026 02:16:16,2,280,230,3,2,9030
01/07/2026 02:16:32,2,290,230,3,2,9600
01/07/2026 02:16:48,2,290,230,3,2,9600
01/07/2026 02:17:04,2,290,230,3,2,9600
01/07/2026 02:17:20,2,290,230,3,2,9540
01/07/2026 02:17:36,2,300,230,3,2,9540
01/07/2026 02:17:52,2,300,230,3,2,9490
01/07/2026 02:18:08,2,300,230,3,2,9490
01/07/2026 02:18:24,2,300,230,3,2,9680
01/07/2026 02:18:40,2,300,230,3,2,9680
01/07/2026 02:18:56,2,300,230,3,1,9500
01/07/2026 02:19:12,2,300,230,3,1,9500
01/07/2026 02:19:28,2,310,230,3,1,9500
01/07/2026 02:19:44,2,310,230,3,2,9680
01/07/2026 02:20:00,2,310,230,3,2,9680
01/07/2026 02:20:16,2,310,230,3,3,9450
01/07/2026 02:20:32,2,320,230,3,3,9450
01/07/2026 02:20:48,2,320,230,3,2,9420
01/07/2026 02:21:04,2,320,230,3,2,9420
01/07/2026 02:21:20,2,320,230,3,1,9520
01/07/2026 02:21:36,2,320,230,3,1,9520
01/07/2026 02:21:52,2,330,230,3,1,9520
01/07/2026 02:22:08,2,330,230,3,2,9540
01/07/2026 02:22:24,2,330,230,3,2,9540
01/07/2026 02:22:40,2,330,230,3,3,9370
01/07/2026 02:22:56,2,340,230,3,3,9370
01/07/2026 02:23:12,2,330,230,3,2,9600
01/07/2026 02:23:28,2,340,230,3,2,9600
01/07/2026 02:23:44,2,340,230,3,2,9360
01/07/2026 02:24:00,2,340,230,3,2,9360
01/07/2026 02:24:16,2,340,230,3,2,9360
01/07/2026 02:24:32,2,340,230,3,2,9340
01/07/2026 02:24:48,2,340,230,3,2,9340
01/07/2026 02:25:04,2,340,230,3,2,9330
01/07/2026 02:25:20,2,340,230,3,2,9330
01/07/2026 02:25:36,2,340,230,3,2,9280
01/07/2026 02:25:52,2,340,230,3,2,9280
01/07/2026 02:26:08,2,340,230,3,2,9330
01/07/2026 02:26:24,2,340,230,3,2,9330
01/07/2026 02:26:40,2,340,230,3,2,9330
01/07/2026 02:26:56,2,340,230,3,2,9170
01/07/2026 02:27:12,2,340,230,3,2,9170
01/07/2026 02:27:28,2,340,230,3,2,9200
01/07/2026 02:27:44,2,340,230,3,2,9200
01/07/2026 02:28:00,2,340,230,3,2,9220
01/07/2026 02:28:16,2,340,230,3,2,9220
01/07/2026 02:28:32,2,340,230,3,2,9280
01/07/2026 02:28:48,2,340,230,3,2,9280
01/07/2026 02:29:04,2,340,230,3,2,9280
01/07/2026 02:29:20,2,340,230,3,2,9110
01/07/2026 02:29:36,2,350,230,3,2,9110
01/07/2026 02:29:52,2,340,230,3,2,9050
01/07/2026 02:30:08,2,340,230,3,2,9050
01/07/2026 02:30:24,2,340,230,3,2,9070
01/07/2026 02:30:40,2,340,230,3,2,9070
01/07/2026 02:30:56,2,350,230,3,2,9070
01/07/2026 02:31:12,2,350,230,3,2,9070
01/07/2026 02:31:28,2,350,230,3,2,9070
01/07/2026 02:31:44,2,350,230,3,2,9090
01/07/2026 02:32:00,2,350,230,3,2,9090
01/07/2026 02:32:16,2,350,230,3,2,9050
01/07/2026 02:32:32,2,360,230,3,2,9050
01/07/2026 02:32:48,2,360,230,3,2,9060
01/07/2026 02:33:04,2,360,230,3,2,9060
01/07/2026 02:33:20,2,370,230,3,2,9000
01/07/2026 02:33:36,2,370,230,3,2,9000
01/07/2026 02:33:52,2,380,230,3,2,9000
01/07/2026 02:34:08,2,380,230,3,2,8990
01/07/2026 02:34:24,2,380,230,3,2,8990
01/07/2026 02:34:40,2,390,230,3,3,9010
01/07/2026 02:34:56,2,390,230,3,3,9010
01/07/2026 02:35:12,2,390,230,3,2,9040
01/07/2026 02:35:28,2,400,230,3,2,9040
01/07/2026 02:35:44,2,400,230,3,2,8990
01/07/2026 02:36:00,2,400,230,3,2,8990
01/07/2026 02:36:16,2,410,230,3,2,8990
01/07/2026 02:36:32,2,410,230,3,2,9000
01/07/2026 02:36:48,2,410,230,3,2,9000
01/07/2026 02:37:04,2,410,230,3,2,8950
01/07/2026 02:37:20,2,420,230,3,2,8950
01/07/2026 02:37:36,2,420,230,3,2,8920
01/07/2026 02:37:52,2,430,230,3,2,8920
01/07/2026 02:38:08,2,430,230,3,2,8920
01/07/2026 02:38:24,2,430,230,3,2,8920
01/07/2026 02:38:40,2,440,230,3,2,8920
01/07/2026 02:38:56,2,440,230,3,2,8850
01/07/2026 02:39:12,2,440,230,3,2,8850
01/07/2026 02:39:28,2,450,230,3,2,8860
01/07/2026 02:39:44,2,450,230,3,2,8860
01/07/2026 02:40:00,2,450,230,3,2,8980
01/07/2026 02:40:16,2,450,230,3,2,8980
01/07/2026 02:40:32,2,460,230,3,2,8940
01/07/2026 02:40:48,2,470,230,3,2,8940
01/07/2026 02:41:04,2,470,230,3,2,8940
01/07/2026 02:41:20,2,470,230,3,2,8940
01/07/2026 02:41:36,2,470,230,3,2,8940
01/07/2026 02:41:52,2,470,230,3,2,8860
01/07/2026 02:42:08,2,480,230,3,2,8860
01/07/2026 02:42:24,2,480,230,3,2,8850
01/07/2026 02:42:40,2,480,230,3,2,8850
01/07/2026 02:42:56,2,480,230,3,2,8850
01/07/2026 02:43:12,2,480,230,3,2,8850
01/07/2026 02:43:28,2,480,230,3,2,8850
01/07/2026 02:43:44,2,480,230,3,3,8450
01/07/2026 02:44:00,2,480,230,3,3,8450
01/07/2026 02:44:16,2,470,230,3,2,8910
01/07/2026 02:44:32,2,480,230,3,2,8910
01/07/2026 02:44:48,2,480,230,3,2,8900
01/07/2026 02:45:04,2,470,230,3,2,8900
01/07/2026 02:45:20,2,470,230,3,2,8920
01/07/2026 02:45:36,2,470,230,3,2,8920
01/07/2026 02:45:52,2,470,230,3,2,8920
01/07/2026 02:46:08,2,470,230,3,2,8940
01/07/2026 02:46:24,2,460,230,3,2,8940
01/07/2026 02:46:40,2,460,230,3,3,8940
01/07/2026 02:46:56,2,460,230,3,3,8940
01/07/2026 02:47:12,2,450,230,3,2,8910
01/07/2026 02:47:28,2,450,230,3,2,8910
01/07/2026 02:47:44,2,440,230,3,2,8850
01/07/2026 02:48:00,2,440,230,3,2,8850
01/07/2026 02:48:16,2,430,230,3,2,8850
01/07/2026 02:48:32,2,430,230,3,2,8860
01/07/2026 02:48:48,2,420,230,3,2,8860
01/07/2026 02:49:04,2,420,230,3,2,8990
01/07/2026 02:49:20,2,420,230,3,2,8990
01/07/2026 02:49:36,2,410,230,3,2,8850
01/07/2026 02:49:52,2,410,230,3,2,8850
01/07/2026 02:50:08,2,410,230,3,2,8900
01/07/2026 02:50:24,2,400,230,3,2,8900
01/07/2026 02:50:40,2,400,230,3,2,8900
01/07/2026 02:50:56,2,390,230,3,2,8880
01/07/2026 02:51:12,2,390,230,3,2,8880
01/07/2026 02:51:28,2,390,230,3,2,8780
01/07/2026 02:51:44,2,380,230,3,2,8780
01/07/2026 02:52:00,2,380,230,3,2,8800
01/07/2026 02:52:16,2,370,230,3,2,8800
01/07/2026 02:52:32,2,370,230,3,1,8850
01/07/2026 02:52:48,2,360,230,3,1,8850
01/07/2026 02:53:04,2,360,230,3,1,8850
01/07/2026 02:53:20,2,360,230,3,2,8840
01/07/2026 02:53:36,2,350,230,3,2,8840
01/07/2026 02:53:52,2,350,230,3,2,8790
01/07/2026 02:54:08,2,350,230,3,2,8790
01/07/2026 02:54:24,2,350,230,3,2,8680
01/07/2026 02:54:40,2,350,230,3,2,8680
01/07/2026 02:54:56,2,340,230,3,2,8640
01/07/2026 02:55:12,2,340,230,3,2,8640
01/07/2026 02:55:28,2,340,230,3,2,8640
01/07/2026 02:55:44,2,340,230,3,2,8640
01/07/2026 02:56:00,2,340,230,3,2,8640
01/07/2026 02:56:16,2,340,230,3,2,8760
01/07/2026 02:56:32,2,340,230,3,2,8760
01/07/2026 02:56:48,2,330,230,3,2,8670
01/07/2026 02:57:04,2,330,230,3,2,8670
01/07/2026 02:57:20,2,330,230,3,2,8600
01/07/2026 02:57:36,2,330,230,3,2,8600
01/07/2026 02:57:52,2,330,230,3,2,8600
01/07/2026 02:58:08,2,330,230,3,3,8610
01/07/2026 02:58:24,2,330,230,3,3,8610
01/07/2026 02:58:40,2,330,230,3,2,8670
01/07/2026 02:58:56,2,330,230,3,2,8670
01/07/2026 02:59:12,2,330,230,3,2,8630
01/07/2026 02:59:28,2,330,230,3,2,8630
01/07/2026 02:59:44,2,330,230,3,2,8560
01/07/2026 03:00:00,-999,330,-999,3,2,8560
01/07/2026 03:00:16,-999,330,-999,3,2,8560
01/07/2026 03:00:32,-999,330,-999,3,2,8550
01/07/2026 03:00:48,-999,330,-999,3,2,8550
01/07/2026 03:01:04,-999,330,-999,3,2,8600
01/07/2026 03:01:20,-999,320,-999,3,2,8600
01/07/2026 03:01:36,-999,320,-999,3,2,8700
01/07/2026 03:01:52,-999,320,-999,3,2,8700
01/07/2026 03:02:08,-999,320,-999,3,2,8610
01/07/2026 03:02:24,-999,320,-999,3,2,8610
01/07/2026 03:02:40,-999,330,-999,3,2,8610
01/07/2026 03:02:56,-999,320,-999,3,2,8610
01/07/2026 03:03:12,-999,320,-999,3,2,8610
01/07/2026 03:03:28,-999,320,-999,3,2,8570
01/07/2026 03:03:44,-999,330,-999,3,2,8570
01/07/2026 03:04:00,-999,330,-999,3,2,8570
01/07/2026 03:04:16,-999,330,-999,3,2,8570
01/07/2026 03:04:32,-999,330,-999,3,2,8600
01/07/2026 03:04:48,-999,330,-999,3,2,8600
01/07/2026 03:05:04,-999,330,-999,3,2,8600
01/07/2026 03:05:20,-999,330,-999,3,2,8530
01/07/2026 03:05:36,-999,330,-999,3,2,8530
01/07/2026 03:05:52,-999,340,-999,3,2,8520
01/07/2026 03:06:08,-999,340,-999,3,2,8520
01/07/2026 03:06:24,-999,350,-999,3,2,8600
01/07/2026 03:06:40,-999,350,-999,3,2,8600
01/07/2026 03:06:56,-999,350,-999,3,1,8800
01/07/2026 03:07:12,-999,350,-999,3,1,8800
01/07/2026 03:07:28,-999,360,-999,3,1,8800
01/07/2026 03:07:44,-999,360,-999,3,2,8610
01/07/2026 03:08:00,-999,360,-999,3,2,8610
01/07/2026 03:08:16,-999,370,-999,3,1,8470
01/07/2026 03:08:32,-999,370,-999,3,1,8470
01/07/2026 03:08:48,-999,370,-999,3,2,8500
01/07/2026 03:09:04,-999,380,-999,3,2,8500
01/07/2026 03:09:20,-999,380,-999,3,2,8510
01/07/2026 03:09:36,-999,390,-999,3,2,8510
01/07/2026 03:09:52,-999,390,-999,3,2,8510
01/07/2026 03:10:08,-999,390,-999,3,2,8520
01/07/2026 03:10:24,-999,400,-999,3,2,8520
01/07/2026 03:10:40,-999,410,-999,3,3,8540
01/07/2026 03:10:56,-999,410,-999,3,3,8540
01/07/2026 03:11:12,-999,420,-999,3,1,8580
01/07/2026 03:11:28,-999,430,-999,3,1,8580
01/07/2026 03:11:44,-999,430,-999,3,2,8470
01/07/2026 03:12:00,-999,440,-999,3,2,8470
01/07/2026 03:12:16,-999,450,-999,3,2,8470
01/07/2026 03:12:32,-999,450,-999,3,3,8620
01/07/2026 03:12:48,-999,450,-999,3,3,8620
01/07/2026 03:13:04,-999,460,-999,3,2,8820
01/07/2026 03:13:20,-999,460,-999,3,2,8820
01/07/2026 03:13:36,-999,460,-999,3,3,8770
01/07/2026 03:13:52,-999,460,-999,3,3,8770
01/07/2026 03:14:08,-999,460,-999,3,2,8840
01/07/2026 03:14:24,-999,470,-999,3,2,8840
01/07/2026 03:14:40,-999,470,-999,3,2,8840
01/07/2026 03:14:56,-999,470,-999,3,2,8650
01/07/2026 03:15:12,-999,470,-999,3,2,8650
01/07/2026 03:15:28,-999,470,-999,3,3,8550
01/07/2026 03:15:44,-999,470,-999,3,3,8550
01/07/2026 03:16:00,-999,470,-999,3,3,8660
01/07/2026 03:16:16,-999,470,-999,3,3,8660
01/07/2026 03:16:32,-999,470,-999,3,3,8410
01/07/2026 03:16:48,-999,470,-999,3,3,8410
01/07/2026 03:17:04,-999,470,-999,3,3,8410
01/07/2026 03:17:20,-999,470,-999,3,2,8660
01/07/2026 03:17:36,-999,460,-999,3,2,8660
01/07/2026 03:17:52,-999,460,-999,3,3,8150
01/07/2026 03:18:08,-999,460,-999,3,3,8150
01/07/2026 03:18:24,-999,470,-999,3,2,8380
01/07/2026 03:18:40,-999,470,-999,3,2,8380
01/07/2026 03:18:56,-999,480,-999,3,2,8560
01/07/2026 03:19:12,-999,490,-999,3,2,8560
01/07/2026 03:19:28,-999,500,-999,3,2,8560
01/07/2026 03:19:44,-999,500,-999,3,2,8810
01/07/2026 03:20:00,-999,500,-999,3,2,8810
01/07/2026 03:20:16,-999,500,-999,3,2,8760
01/07/2026 03:20:32,-999,510,-999,3,2,8760
01/07/2026 03:20:48,-999,510,-999,3,2,8660
01/07/2026 03:21:04,-999,520,-999,3,2,8660
01/07/2026 03:21:20,-999,530,-999,3,2,8680
01/07/2026 03:21:36,-999,540,-999,3,2,8680
01/07/2026 03:21:52,-999,550,-999,3,2,8680
01/07/2026 03:22:08,-999,560,-999,3,2,8760
01/07/2026 03:22:24,-999,550,-999,3,2,8760
01/07/2026 03:22:40,-999,540,-999,3,2,8650
01/07/2026 03:22:56,-999,530,-999,3,2,8650
01/07/2026 03:23:12,-999,530,-999,3,2,8630
01/07/2026 03:23:28,-999,530,-999,3,2,8630
01/07/2026 03:23:44,-999,520,-999,3,2,8790
01/07/2026 03:24:00,-999,500,-999,3,2,8790
01/07/2026 03:24:16,-999,490,-999,3,2,8790
01/07/2026 03:24:32,-999,470,-999,3,1,8700
01/07/2026 03:24:48,-999,460,-999,3,1,8700
01/07/2026 03:25:04,-999,450,-999,3,2,8750
01/07/2026 03:25:20,-999,430,-999,3,2,8750
01/07/2026 03:25:36,-999,420,-999,3,2,8870
01/07/2026 03:25:52,-999,430,-999,3,2,8870
01/07/2026 03:26:08,-999,420,-999,3,1,8790
01/07/2026 03:26:24,-999,410,-999,3,1,8790
01/07/2026 03:26:40,-999,410,-999,3,1,8790
01/07/2026 03:26:56,-999,400,-999,3,2,8850
01/07/2026 03:27:12,-999,400,-999,3,2,8850
01/07/2026 03:27:28,-999,400,-999,3,2,8860
01/07/2026 03:27:44,-999,400,-999,3,2,8860
01/07/2026 03:28:00,-999,400,-999,3,2,8750
01/07/2026 03:28:16,-999,400,-999,3,2,8750
01/07/2026 03:28:32,-999,400,-999,3,2,8680
01/07/2026 03:28:48,-999,400,-999,3,2,8680
01/07/2026 03:29:04,-999,400,-999,3,2,8680
01/07/2026 03:29:20,-999,400,-999,3,2,8520
01/07/2026 03:29:36,-999,400,-999,3,2,8520
01/07/2026 03:29:52,-999,400,-999,3,3,8070
01/07/2026 03:30:08,-999,390,-999,3,3,8070
01/07/2026 03:30:24,-999,390,-999,3,3,8040
01/07/2026 03:30:40,-999,380,-999,3,3,8040
01/07/2026 03:30:56,-999,380,-999,3,2,8830
01/07/2026 03:31:12,-999,390,-999,3,2,8830
01/07/2026 03:31:28,-999,400,-999,3,2,8830
01/07/2026 03:31:44,-999,390,-999,3,2,8820
01/07/2026 03:32:00,-999,400,-999,3,2,8820
01/07/2026 03:32:16,-999,390,-999,3,2,8770
01/07/2026 03:32:32,-999,390,-999,3,2,8770
01/07/2026 03:32:48,-999,380,-999,3,2,8790
01/07/2026 03:33:04,-999,390,-999,3,2,8790
01/07/2026 03:33:20,-999,380,-999,3,2,8750
01/07/2026 03:33:36,-999,380,-999,3,2,8750
01/07/2026 03:33:52,-999,380,-999,3,2,8750
01/07/2026 03:34:08,-999,370,-999,3,2,8760
01/07/2026 03:34:24,-999,370,-999,3,2,8760
01/07/2026 03:34:40,-999,370,-999,3,3,8490
01/07/2026 03:34:56,-999,370,-999,3,3,8490
01/07/2026 03:35:12,-999,360,-999,3,2,8870
01/07/2026 03:35:28,-999,350,-999,3,2,8870
01/07/2026 03:35:44,-999,350,-999,3,2,8890
01/07/2026 03:36:00,-999,350,-999,3,2,8890
01/07/2026 03:36:16,-999,350,-999,3,2,8890
01/07/2026 03:36:32,-999,350,-999,3,3,8460
01/07/2026 03:36:48,-999,350,-999,3,3,8460
01/07/2026 03:37:04,-999,350,-999,3,2,8840
01/07/2026 03:37:20,-999,350,-999,3,2,8840
01/07/2026 03:37:36,-999,360,-999,3,2,8630
01/07/2026 03:37:52,-999,350,-999,3,2,8630
01/07/2026 03:38:08,-999,360,-999,3,2,8620
01/07/2026 03:38:24,-999,360,-999,3,2,8620
01/07/2026 03:38:40,-999,370,-999,3,2,8620
01/07/2026 03:38:56,-999,370,-999,3,2,8610
01/07/2026 03:39:12,-999,370,-999,3,2,8610
01/07/2026 03:39:28,-999,370,-999,3,2,8540
01/07/2026 03:39:44,-999,370,-999,3,2,8540
01/07/2026 03:40:00,-999,380,-999,3,3,8520
01/07/2026 03:40:16,-999,380,-999,3,3,8520
01/07/2026 03:40:32,-999,380,-999,3,2,8470
01/07/2026 03:40:48,-999,380,-999,3,2,8470
01/07/2026 03:41:04,-999,380,-999,3,2,8470
01/07/2026 03:41:20,-999,380,-999,3,2,8480
01/07/2026 03:41:36,-999,390,-999,3,2,8480
01/07/2026 03:41:52,-999,390,-999,3,1,8480
01/07/2026 03:42:08,-999,400,-999,3,1,8480
01/07/2026 03:42:24,-999,410,-999,3,1,8480
01/07/2026 03:42:40,-999,420,-999,3,1,8480
01/07/2026 03:42:56,-999,430,-999,3,2,8500
01/07/2026 03:43:12,-999,450,-999,3,2,8500
01/07/2026 03:43:28,-999,470,-999,3,2,8500
01/07/2026 03:43:44,-999,480,-999,3,2,8430
01/07/2026 03:44:00,-999,490,-999,3,2,8430
01/07/2026 03:44:16,-999,510,-999,3,2,8420
01/07/2026 03:44:32,-999,530,-999,3,2,8420
01/07/2026 03:44:48,-999,540,-999,3,2,8420
01/07/2026 03:45:04,-999,550,-999,3,2,8420
01/07/2026 03:45:20,-999,570,-999,3,3,8500
01/07/2026 03:45:36,-999,580,-999,3,3,8500
01/07/2026 03:45:52,-999,590,-999,3,3,8500
01/07/2026 03:46:08,-999,600,-999,3,2,8610
01/07/2026 03:46:24,-999,610,-999,3,2,8610
01/07/2026 03:46:40,-999,610,-999,3,2,8600
01/07/2026 03:46:56,-999,630,-999,3,2,8600
01/07/2026 03:47:12,-999,640,-999,3,2,8510
01/07/2026 03:47:28,-999,660,-999,3,2,8510
01/07/2026 03:47:44,-999,670,-999,3,2,8470
01/07/2026 03:48:00,-999,680,-999,3,2,8470
01/07/2026 03:48:16,-999,690,-999,3,2,8470
01/07/2026 03:48:32,-999,700,-999,3,2,8520
01/07/2026 03:48:48,-999,700,-999,3,2,8520
01/07/2026 03:49:04,-999,720,-999,3,1,8430
01/07/2026 03:49:20,-999,730,-999,3,1,8430
01/07/2026 03:49:36,-999,750,-999,3,1,8420
01/07/2026 03:49:52,-999,760,-999,3,1,8420
01/07/2026 03:50:08,-999,770,-999,3,1,8330
01/07/2026 03:50:24,-999,770,-999,3,1,8330
01/07/2026 03:50:40,-999,760,-999,3,1,8330
01/07/2026 03:50:56,-999,770,-999,3,2,8350
01/07/2026 03:51:12,-999,760,-999,3,2,8350
01/07/2026 03:51:28,-999,770,-999,3,2,8300
01/07/2026 03:51:44,-999,770,-999,3,2,8300
01/07/2026 03:52:00,-999,770,-999,3,2,8230
01/07/2026 03:52:16,-999,780,-999,3,2,8230
01/07/2026 03:52:32,-999,780,-999,3,2,8210
01/07/2026 03:52:48,-999,760,-999,3,2,8210
01/07/2026 03:53:04,-999,760,-999,3,2,8210
01/07/2026 03:53:20,-999,760,-999,3,2,8120
01/07/2026 03:53:36,-999,750,-999,3,2,8120
01/07/2026 03:53:52,-999,740,-999,3,1,8410
01/07/2026 03:54:08,-999,720,-999,3,1,8410
01/07/2026 03:54:24,-999,710,-999,3,2,8260
01/07/2026 03:54:40,-999,690,-999,3,2,8260
01/07/2026 03:54:56,-999,690,-999,3,1,8210
01/07/2026 03:55:12,-999,660,-999,3,1,8210
01/07/2026 03:55:28,-999,640,-999,3,1,8210
01/07/2026 03:55:44,-999,620,-999,3,2,8210
01/07/2026 03:56:00,-999,600,-999,3,2,8210
01/07/2026 03:56:16,-999,580,-999,3,3,7880
01/07/2026 03:56:32,-999,570,-999,3,3,7880
01/07/2026 03:56:48,-999,550,-999,3,1,8890
01/07/2026 03:57:04,-999,540,-999,3,1,8890
01/07/2026 03:57:20,-999,530,-999,3,2,8740
01/07/2026 03:57:36,-999,520,-999,3,2,8740
01/07/2026 03:57:52,-999,510,-999,3,2,8740
01/07/2026 03:58:08,-999,500,-999,3,2,8580
01/07/2026 03:58:24,-999,490,-999,3,2,8580
01/07/2026 03:58:40,-999,480,-999,3,2,8620
01/07/2026 03:58:56,-999,470,-999,3,2,8620
01/07/2026 03:59:12,-999,470,-999,3,2,8970
01/07/2026 03:59:28,-999,460,-999,3,2,8970
01/07/2026 03:59:44,-999,460,-999,3,2,8990
01/07/2026 04:00:00,2,450,610,3,2,8990
01/07/2026 04:00:16,2,450,610,3,2,8990
01/07/2026 04:00:32,2,450,610,3,2,8340
01/07/2026 04:00:48,2,440,610,3,2,8340
01/07/2026 04:01:04,2,440,610,3,2,8390
01/07/2026 04:01:20,2,430,610,3,2,8390
01/07/2026 04:01:36,2,420,610,3,3,8020
01/07/2026 04:01:52,2,420,610,3,3,8020
01/07/2026 04:02:08,2,410,610,3,3,8170
01/07/2026 04:02:24,2,410,610,3,3,8170
01/07/2026 04:02:40,2,410,610,3,3,8170
01/07/2026 04:02:56,2,400,610,3,1,8660
01/07/2026 04:03:12,2,400,610,3,1,8660
01/07/2026 04:03:28,2,390,610,3,3,7800
01/07/2026 04:03:44,2,390,610,3,3,7800
01/07/2026 04:04:00,2,390,610,3,1,8790
01/07/2026 04:04:16,2,380,610,3,1,8790
01/07/2026 04:04:32,2,380,610,3,2,8820
01/07/2026 04:04:48,2,380,610,3,2,8820
01/07/2026 04:05:04,2,370,610,3,2,8820
01/07/2026 04:05:20,2,360,610,3,2,8840
01/07/2026 04:05:36,2,360,610,3,2,8840
01/07/2026 04:05:52,2,350,610,3,2,8730
01/07/2026 04:06:08,2,350,610,3,2,8730
01/07/2026 04:06:24,2,340,610,3,2,8740
01/07/2026 04:06:40,2,340,610,3,2,8740
01/07/2026 04:06:56,2,330,610,3,1,8850
01/07/2026 04:07:12,2,330,610,3,1,8850
01/07/2026 04:07:28,2,320,610,3,1,8850
01/07/2026 04:07:44,2,310,610,3,2,8410
01/07/2026 04:08:00,2,310,610,3,2,8410
01/07/2026 04:08:16,2,310,610,3,2,8420
01/07/2026 04:08:32,2,310,610,3,2,8420
01/07/2026 04:08:48,2,310,610,3,1,8590
01/07/2026 04:09:04,2,310,610,3,1,8590
01/07/2026 04:09:20,2,310,610,3,2,8360
01/07/2026 04:09:36,2,310,610,3,2,8360
01/07/2026 04:09:52,2,300,610,3,2,8360
01/07/2026 04:10:08,2,300,610,3,1,8520
01/07/2026 04:10:24,2,300,610,3,1,8520
01/07/2026 04:10:40,2,300,610,3,2,8510
01/07/2026 04:10:56,2,290,610,3,2,8510
01/07/2026 04:11:12,2,290,610,3,2,8480
01/07/2026 04:11:28,2,290,610,3,2,8480
01/07/2026 04:11:44,2,290,610,3,2,8600
01/07/2026 04:12:00,2,280,610,3,2,8600
01/07/2026 04:12:16,2,280,610,3,2,8600
01/07/2026 04:12:32,2,280,610,3,3,8430
01/07/2026 04:12:48,2,280,610,3,3,8430
01/07/2026 04:13:04,2,280,610,3,2,8390
01/07/2026 04:13:20,2,270,610,3,2,8390
01/07/2026 04:13:36,2,270,610,3,2,8180
01/07/2026 04:13:52,2,270,610,3,2,8180
01/07/2026 04:14:08,2,270,610,3,1,8180
01/07/2026 04:14:24,2,270,610,3,1,8180
01/07/2026 04:14:40,2,270,610,3,1,8180
01/07/2026 04:14:56,2,270,610,3,1,8190
01/07/2026 04:15:12,2,260,610,3,1,8190
01/07/2026 04:15:28,2,270,610,3,1,8220
01/07/2026 04:15:44,2,270,610,3,1,8220
01/07/2026 04:16:00,2,270,610,3,1,8210
01/07/2026 04:16:16,2,270,610,3,1,8210
01/07/2026 04:16:32,2,280,610,3,1,8220
01/07/2026 04:16:48,2,280,610,3,1,8220
01/07/2026 04:17:04,2,220,610,3,1,8220
01/07/2026 04:17:20,2,280,610,3,1,8200
01/07/2026 04:17:36,2,280,610,3,1,8200
01/07/2026 04:17:52,2,280,610,3,1,8150
01/07/2026 04:18:08,2,280,610,3,1,8150
01/07/2026 04:18:24,2,270,610,3,1,8130
01/07/2026 04:18:40,2,270,610,3,1,8130
01/07/2026 04:18:56,2,270,610,3,1,8120
01/07/2026 04:19:12,2,270,610,3,1,8120
01/07/2026 04:19:28,2,280,610,3,1,8120
01/07/2026 04:19:44,2,280,610,3,1,8140
01/07/2026 04:20:00,2,280,610,3,1,8140
01/07/2026 04:20:16,2,270,610,3,2,9990
01/07/2026 04:20:32,2,270,610,3,2,9990
01/07/2026 04:20:48,2,260,610,3,2,10040
01/07/2026 04:21:04,2,260,610,3,2,10040
01/07/2026 04:21:20,2,270,610,3,2,9910
01/07/2026 04:21:36,2,260,610,3,2,9910
01/07/2026 04:21:52,2,260,610,3,2,9910
01/07/2026 04:22:08,2,240,610,3,1,9810
01/07/2026 04:22:24,2,240,610,3,1,9810
01/07/2026 04:22:40,2,250,610,3,2,9850
01/07/2026 04:22:56,2,250,610,3,2,9850
01/07/2026 04:23:12,2,250,610,3,2,9780
01/07/2026 04:23:28,2,250,610,3,2,9780
01/07/2026 04:23:44,2,260,610,3,2,9620
01/07/2026 04:24:00,2,260,610,3,2,9620
01/07/2026 04:24:16,2,260,610,3,2,9620
01/07/2026 04:24:32,2,260,610,3,2,9520
01/07/2026 04:24:48,2,270,610,3,2,9520
01/07/2026 04:25:04,2,270,610,3,2,9390
01/07/2026 04:25:20,2,270,610,3,2,9390
01/07/2026 04:25:36,2,270,610,3,2,9330
01/07/2026 04:25:52,2,280,610,3,2,9330
01/07/2026 04:26:08,2,280,610,3,2,9340
01/07/2026 04:26:24,2,280,610,3,2,9340
01/07/2026 04:26:40,2,280,610,3,2,9340
01/07/2026 04:26:56,2,290,610,3,2,9410
01/07/2026 04:27:12,2,290,610,3,2,9410
01/07/2026 04:27:28,2,300,610,3,3,9230
01/07/2026 04:27:44,2,300,610,3,3,9230
01/07/2026 04:28:00,2,300,610,3,2,9250
01/07/2026 04:28:16,2,310,610,3,2,9250
01/07/2026 04:28:32,2,310,610,3,2,9300
01/07/2026 04:28:48,2,310,610,3,2,9300
01/07/2026 04:29:04,2,310,610,3,2,9300
01/07/2026 04:29:20,2,310,610,3,2,9340
01/07/2026 04:29:36,2,310,610,3,2,9340
01/07/2026 04:29:52,2,310,610,3,2,8720
01/07/2026 04:30:08,2,300,610,3,2,8720
01/07/2026 04:30:24,2,310,610,3,1,9270
01/07/2026 04:30:40,2,310,610,3,1,9270
01/07/2026 04:30:56,2,310,610,3,2,9180
01/07/2026 04:31:12,2,310,610,3,2,9180
01/07/2026 04:31:28,2,300,610,3,2,9180
01/07/2026 04:31:44,2,310,610,3,2,9040
01/07/2026 04:32:00,2,310,610,3,2,9040
01/07/2026 04:32:16,2,320,610,3,2,9030
01/07/2026 04:32:32,2,340,610,3,2,9030
01/07/2026 04:32:48,2,340,610,3,2,8830
01/07/2026 04:33:04,2,340,610,3,2,8830
01/07/2026 04:33:20,2,350,610,3,2,9010
01/07/2026 04:33:36,2,350,610,3,2,9010
01/07/2026 04:33:52,2,350,610,3,2,9010
01/07/2026 04:34:08,2,360,610,3,2,8930
01/07/2026 04:34:24,2,360,610,3,2,8930
01/07/2026 04:34:40,2,370,610,3,2,8920
01/07/2026 04:34:56,2,370,610,3,2,8920
01/07/2026 04:35:12,2,360,610,3,3,8810
01/07/2026 04:35:28,2,360,610,3,3,8810
01/07/2026 04:35:44,2,360,610,3,2,8680
01/07/2026 04:36:00,2,360,610,3,2,8680
01/07/2026 04:36:16,2,360,610,3,2,8680
01/07/2026 04:36:32,2,360,610,3,2,8610
01/07/2026 04:36:48,2,360,610,3,2,8610
01/07/2026 04:37:04,2,360,610,3,2,8610
01/07/2026 04:37:20,2,370,610,3,2,8610
01/07/2026 04:37:36,2,360,610,3,1,8550
01/07/2026 04:37:52,2,360,610,3,1,8550
01/07/2026 04:38:08,2,360,610,3,2,8200
01/07/2026 04:38:24,2,360,610,3,2,8200
01/07/2026 04:38:40,2,360,610,3,2,8200
01/07/2026 04:38:56,2,360,610,3,3,7940
01/07/2026 04:39:12,2,350,610,3,3,7940
01/07/2026 04:39:28,2,350,610,3,2,7820
01/07/2026 04:39:44,2,340,610,3,2,7820
01/07/2026 04:40:00,2,330,610,3,2,7770
01/07/2026 04:40:16,2,320,610,3,2,7770
01/07/2026 04:40:32,2,320,610,3,2,7820
01/07/2026 04:40:48,2,320,610,3,2,7820
01/07/2026 04:41:04,2,320,610,3,2,7820
01/07/2026 04:41:20,2,320,610,3,2,7630
01/07/2026 04:41:36,2,330,610,3,2,7630
01/07/2026 04:41:52,2,330,610,3,2,7530
01/07/2026 04:42:08,2,330,610,3,2,7530
01/07/2026 04:42:24,2,340,610,3,2,7630
01/07/2026 04:42:40,2,340,610,3,2,7630
01/07/2026 04:42:56,2,350,610,3,2,7660
01/07/2026 04:43:12,2,360,610,3,2,7660
01/07/2026 04:43:28,2,370,610,3,2,7660
01/07/2026 04:43:44,2,370,610,3,2,7530
01/07/2026 04:44:00,2,380,610,3,2,7530
01/07/2026 04:44:16,2,390,610,3,2,7510
01/07/2026 04:44:32,2,400,610,3,2,7510
01/07/2026 04:44:48,2,420,610,3,2,7530
01/07/2026 04:45:04,2,430,610,3,2,7530
01/07/2026 04:45:20,2,450,610,3,2,7540
01/07/2026 04:45:36,2,460,610,3,2,7540
01/07/2026 04:45:52,2,480,610,3,2,7540
01/07/2026 04:46:08,2,510,610,3,2,7580
01/07/2026 04:46:24,2,540,610,3,2,7580
01/07/2026 04:46:40,2,570,610,3,2,7390
01/07/2026 04:46:56,2,610,610,3,2,7390
01/07/2026 04:47:12,2,660,610,3,3,7390
01/07/2026 04:47:28,2,720,610,3,3,7390
01/07/2026 04:47:44,2,780,610,3,1,8140
01/07/2026 04:48:00,2,870,610,3,1,8140
01/07/2026 04:48:16,2,890,610,3,1,8140
01/07/2026 04:48:32,2,900,610,3,2,7170
01/07/2026 04:48:48,2,910,610,3,2,7170
01/07/2026 04:49:04,2,960,610,3,1,8040
01/07/2026 04:49:20,2,990,610,3,1,8040
01/07/2026 04:49:36,2,990,610,3,2,7970
01/07/2026 04:49:52,2,990,610,3,2,7970
01/07/2026 04:50:08,2,990,610,3,2,7870
01/07/2026 04:50:24,2,990,610,3,2,7870
01/07/2026 04:50:40,2,990,610,3,2,7870
01/07/2026 04:50:56,2,990,610,3,1,7870
01/07/2026 04:51:12,2,990,610,3,1,7870
01/07/2026 04:51:28,2,990,610,3,2,7550
01/07/2026 04:51:44,2,990,610,3,2,7550
01/07/2026 04:52:00,2,990,610,3,2,7370
01/07/2026 04:52:16,2,990,610,3,2,7370
01/07/2026 04:52:32,2,990,610,3,1,7430
01/07/2026 04:52:48,2,990,610,3,1,7430
01/07/2026 04:53:04,2,990,610,3,1,7430
01/07/2026 04:53:20,2,990,610,3,1,7350
01/07/2026 04:53:36,2,990,610,3,1,7350
01/07/2026 04:53:52,2,990,610,3,1,7270
01/07/2026 04:54:08,2,990,610,3,1,7270
01/07/2026 04:54:24,2,990,610,3,1,7190
01/07/2026 04:54:40,2,990,610,3,1,7190
01/07/2026 04:54:56,2,990,610,3,2,7110
01/07/2026 04:55:12,2,990,610,3,2,7110
01/07/2026 04:55:28,2,990,610,3,2,7110
01/07/2026 04:55:44,2,990,610,3,2,7070
01/07/2026 04:56:00,2,990,610,3,2,7070
01/07/2026 04:56:16,2,990,610,3,1,7040
01/07/2026 04:56:32,2,990,610,3,1,7040
01/07/2026 04:56:48,2,990,610,3,1,7000
01/07/2026 04:57:04,2,990,610,3,1,7000
01/07/2026 04:57:20,2,990,610,3,2,6980
01/07/2026 04:57:36,2,990,610,3,2,6980
01/07/2026 04:57:52,2,990,610,3,2,6980
01/07/2026 04:58:08,2,990,610,3,2,7070
01/07/2026 04:58:24,2,990,610,3,2,7070
01/07/2026 04:58:40,2,990,610,3,2,6890
01/07/2026 04:58:56,2,990,610,3,2,6890
01/07/2026 04:59:12,2,990,610,3,1,6860
01/07/2026 04:59:28,2,990,610,3,1,6860
01/07/2026 04:59:44,2,990,610,3,1,6690
01/07/2026 05:00:00,3,990,300,3,1,6690
01/07/2026 05:00:16,3,990,300,3,1,6690
01/07/2026 05:00:32,3,990,300,3,1,6740
01/07/2026 05:00:48,3,990,300,3,1,6740
01/07/2026 05:01:04,3,990,300,3,3,6410
01/07/2026 05:01:20,3,990,300,3,3,6410
01/07/2026 05:01:36,3,990,300,3,1,6340
01/07/2026 05:01:52,3,990,300,3,1,6340
01/07/2026 05:02:08,3,990,300,3,2,6320
01/07/2026 05:02:24,3,990,300,3,2,6320
01/07/2026 05:02:40,3,990,300,3,2,6320
01/07/2026 05:02:56,3,990,300,3,3,6940
01/07/2026 05:03:12,3,920,300,3,3,6940
01/07/2026 05:03:28,3,830,300,3,3,7640
01/07/2026 05:03:44,3,770,300,3,3,7640
01/07/2026 05:04:00,3,710,300,3,1,8150
01/07/2026 05:04:16,3,690,300,3,1,8150
01/07/2026 05:04:32,3,670,300,3,1,8090
01/07/2026 05:04:48,3,660,300,3,1,8090
01/07/2026 05:05:04,3,650,300,3,1,8090
01/07/2026 05:05:20,3,640,300,3,1,8080
01/07/2026 05:05:36,3,640,300,3,1,8080
01/07/2026 05:05:52,3,630,300,3,1,8070
01/07/2026 05:06:08,3,630,300,3,1,8070
01/07/2026 05:06:24,3,630,300,3,2,8260
01/07/2026 05:06:40,3,620,300,3,2,8260
01/07/2026 05:06:56,3,620,300,3,1,8260
01/07/2026 05:07:12,3,610,300,3,1,8260
01/07/2026 05:07:28,3,610,300,3,1,8260
01/07/2026 05:07:44,3,610,300,3,3,7860
01/07/2026 05:08:00,3,600,300,3,3,7860
01/07/2026 05:08:16,3,600,300,3,3,7480
01/07/2026 05:08:32,3,600,300,3,3,7480
01/07/2026 05:08:48,3,590,300,3,2,7560
01/07/2026 05:09:04,3,590,300,3,2,7560
01/07/2026 05:09:20,3,590,300,3,2,7100
01/07/2026 05:09:36,3,580,300,3,2,7100
01/07/2026 05:09:52,3,580,300,3,2,7100
01/07/2026 05:10:08,3,570,300,3,2,7100
01/07/2026 05:10:24,3,570,300,3,2,7100
01/07/2026 05:10:40,3,570,300,3,1,7500
01/07/2026 05:10:56,3,560,300,3,1,7500
01/07/2026 05:11:12,3,560,300,3,1,7360
01/07/2026 05:11:28,3,560,300,3,1,7360
01/07/2026 05:11:44,3,550,300,3,2,7060
01/07/2026 05:12:00,3,550,300,3,2,7060
01/07/2026 05:12:16,3,550,300,3,2,7060
01/07/2026 05:12:32,3,540,300,3,2,4110
01/07/2026 05:12:48,3,540,300,3,2,4110
01/07/2026 05:13:04,3,530,300,3,2,4100
01/07/2026 05:13:20,3,530,300,3,2,4100
01/07/2026 05:13:36,3,520,300,3,1,4120
01/07/2026 05:13:52,3,520,300,3,1,4120
01/07/2026 05:14:08,3,510,300,3,1,4140
01/07/2026 05:14:24,3,510,300,3,1,4140
01/07/2026 05:14:40,3,510,300,3,1,4140
01/07/2026 05:14:56,3,500,300,3,1,4150
01/07/2026 05:15:12,3,500,300,3,1,4150
01/07/2026 05:15:28,3,490,300,3,1,4150
01/07/2026 05:15:44,3,490,300,3,1,4150
01/07/2026 05:16:00,3,490,300,3,1,4150
01/07/2026 05:16:16,3,480,300,3,1,4150
01/07/2026 05:16:32,3,480,300,3,1,4150
01/07/2026 05:16:48,3,480,300,3,1,4150
01/07/2026 05:17:04,3,480,300,3,1,4150
01/07/2026 05:17:20,3,470,300,3,1,4160
01/07/2026 05:17:36,3,470,300,3,1,4160
01/07/2026 05:17:52,3,470,300,3,1,4160
01/07/2026 05:18:08,3,470,300,3,1,4160
01/07/2026 05:18:24,3,460,300,3,1,4160
01/07/2026 05:18:40,3,460,300,3,1,4160
01/07/2026 05:18:56,3,460,300,3,1,4180
01/07/2026 05:19:12,3,460,300,3,1,4180
01/07/2026 05:19:28,3,460,300,3,1,4180
01/07/2026 05:19:44,3,460,300,3,1,4190
01/07/2026 05:20:00,3,460,300,3,1,4190
01/07/2026 05:20:16,3,460,300,3,1,4200
01/07/2026 05:20:32,3,460,300,3,1,4200
01/07/2026 05:20:48,3,450,300,3,1,4220
01/07/2026 05:21:04,3,450,300,3,1,4220
01/07/2026 05:21:20,3,450,300,3,1,4230
01/07/2026 05:21:36,3,450,300,3,1,4230
01/07/2026 05:21:52,3,450,300,3,1,4230
01/07/2026 05:22:08,3,450,300,3,1,4230
01/07/2026 05:22:24,3,450,300,3,1,4230
01/07/2026 05:22:40,3,450,300,3,1,4220
01/07/2026 05:22:56,3,450,300,3,1,4220
01/07/2026 05:23:12,3,450,300,3,1,4210
01/07/2026 05:23:28,3,450,300,3,1,4210
01/07/2026 05:23:44,3,440,300,3,1,4280
01/07/2026 05:24:00,3,440,300,3,1,4280
01/07/2026 05:24:16,3,440,300,3,1,4280
01/07/2026 05:24:32,3,440,300,3,1,4330
01/07/2026 05:24:48,3,440,300,3,1,4330
01/07/2026 05:25:04,3,440,300,3,2,4340
01/07/2026 05:25:20,3,440,300,3,2,4340
01/07/2026 05:25:36,3,440,300,3,2,7760
01/07/2026 05:25:52,3,440,300,3,2,7760
01/07/2026 05:26:08,3,440,300,3,2,9540
01/07/2026 05:26:24,3,440,300,3,2,9540
01/07/2026 05:26:40,3,440,300,3,2,9540
01/07/2026 05:26:56,3,440,300,3,2,9120
01/07/2026 05:27:12,3,440,300,3,2,9120
01/07/2026 05:27:28,3,440,300,3,1,9070
01/07/2026 05:27:44,3,450,300,3,1,9070
01/07/2026 05:28:00,3,450,300,3,2,4330
01/07/2026 05:28:16,3,450,300,3,2,4330
01/07/2026 05:28:32,3,450,300,3,1,4340
01/07/2026 05:28:48,3,450,300,3,1,4340
01/07/2026 05:29:04,3,450,300,3,1,4340
01/07/2026 05:29:20,3,450,300,3,1,4340
01/07/2026 05:29:36,3,450,300,3,1,4340
01/07/2026 05:29:52,3,450,300,3,1,4340
01/07/2026 05:30:08,3,450,300,3,1,4340
01/07/2026 05:30:24,3,450,300,3,1,4340
01/07/2026 05:30:40,3,460,300,3,1,4340
01/07/2026 05:30:56,3,460,300,3,2,4350
01/07/2026 05:31:12,3,460,300,3,2,4350
01/07/2026 05:31:28,3,460,300,3,2,4350
01/07/2026 05:31:44,3,460,300,3,3,4370
01/07/2026 05:32:00,3,460,300,3,3,4370
01/07/2026 05:32:16,3,1210,300,3,2,3990
01/07/2026 05:32:32,3,1200,300,3,2,3990
01/07/2026 05:32:48,3,460,300,3,1,4010
01/07/2026 05:33:04,3,460,300,3,1,4010
01/07/2026 05:33:20,3,460,300,3,1,4010
01/07/2026 05:33:36,3,460,300,3,1,4010
01/07/2026 05:33:52,3,470,300,3,1,4010
01/07/2026 05:34:08,3,1190,300,3,2,3970
01/07/2026 05:34:24,3,1190,300,3,2,3970
01/07/2026 05:34:40,3,1190,300,3,1,3950
01/07/2026 05:34:56,3,1190,300,3,1,3950
01/07/2026 05:35:12,3,1190,300,3,1,3950
01/07/2026 05:35:28,3,1190,300,3,1,3950
01/07/2026 05:35:44,3,1190,300,3,1,3920
01/07/2026 05:36:00,3,1190,300,3,1,3920
01/07/2026 05:36:16,3,1190,300,3,1,3920
01/07/2026 05:36:32,3,1180,300,3,1,3930
01/07/2026 05:36:48,3,1180,300,3,1,3930
01/07/2026 05:37:04,3,1180,300,3,1,3900
01/07/2026 05:37:20,3,1180,300,3,1,3900
01/07/2026 05:37:36,3,1180,300,3,1,3910
01/07/2026 05:37:52,3,1180,300,3,1,3910
01/07/2026 05:38:08,3,1180,300,3,1,3910
01/07/2026 05:38:24,3,1180,300,3,1,3910
01/07/2026 05:38:40,3,1180,300,3,1,3910
01/07/2026 05:38:56,3,1180,300,3,1,3890
01/07/2026 05:39:12,3,1180,300,3,1,3890
01/07/2026 05:39:28,3,1180,300,3,1,3860
01/07/2026 05:39:44,3,1170,300,3,1,3860
01/07/2026 05:40:00,3,1170,300,3,2,3880
01/07/2026 05:40:16,3,1170,300,3,2,3880
01/07/2026 05:40:32,3,500,300,3,2,4100
01/07/2026 05:40:48,3,500,300,3,2,4100
01/07/2026 05:41:04,3,510,300,3,2,4100
01/07/2026 05:41:20,3,1170,300,3,2,3940
01/07/2026 05:41:36,3,1160,300,3,2,3940
01/07/2026 05:41:52,3,1160,300,3,1,3920
01/07/2026 05:42:08,3,1160,300,3,1,3920
01/07/2026 05:42:24,3,1160,300,3,1,3930
01/07/2026 05:42:40,3,1160,300,3,1,3930
01/07/2026 05:42:56,3,1160,300,3,1,3970
01/07/2026 05:43:12,3,1160,300,3,1,3970
01/07/2026 05:43:28,3,1160,300,3,1,3970
01/07/2026 05:43:44,3,1160,300,3,1,3960
01/07/2026 05:44:00,3,1160,300,3,1,3960
01/07/2026 05:44:16,3,520,300,3,1,4010
01/07/2026 05:44:32,3,520,300,3,1,4010
01/07/2026 05:44:48,3,520,300,3,1,4020
01/07/2026 05:45:04,3,520,300,3,1,4020
01/07/2026 05:45:20,3,1160,300,3,1,3890
01/07/2026 05:45:36,3,1160,300,3,1,3890
01/07/2026 05:45:52,3,1170,300,3,1,3890
01/07/2026 05:46:08,3,1170,300,3,1,3900
01/07/2026 05:46:24,3,1170,300,3,1,3900
01/07/2026 05:46:40,3,1170,300,3,1,3920
01/07/2026 05:46:56,3,1170,300,3,1,3920
01/07/2026 05:47:12,3,1170,300,3,1,3900
01/07/2026 05:47:28,3,1180,300,3,1,3900
01/07/2026 05:47:44,3,1180,300,3,1,3870
01/07/2026 05:48:00,3,1180,300,3,1,3870
01/07/2026 05:48:16,3,1180,300,3,1,3870
01/07/2026 05:48:32,3,1180,300,3,1,3820
01/07/2026 05:48:48,3,1180,300,3,1,3820
01/07/2026 05:49:04,3,1190,300,3,1,3740
01/07/2026 05:49:20,3,1190,300,3,1,3740
01/07/2026 05:49:36,3,1190,300,3,1,3730
01/07/2026 05:49:52,3,1190,300,3,1,3730
01/07/2026 05:50:08,3,1190,300,3,1,3760
01/07/2026 05:50:24,3,1190,300,3,1,3760
01/07/2026 05:50:40,3,1190,300,3,1,3760
01/07/2026 05:50:56,3,1190,300,3,1,3770
01/07/2026 05:51:12,3,1190,300,3,1,3770
01/07/2026 05:51:28,3,1190,300,3,1,3780
01/07/2026 05:51:44,3,1190,300,3,1,3780
01/07/2026 05:52:00,3,1190,300,3,1,3770
01/07/2026 05:52:16,3,1190,300,3,1,3770
01/07/2026 05:52:32,3,1190,300,3,1,3770
01/07/2026 05:52:48,3,1190,300,3,1,3770
01/07/2026 05:53:04,3,1190,300,3,1,3770
01/07/2026 05:53:20,3,1190,300,3,1,3760
01/07/2026 05:53:36,3,1180,300,3,1,3760
01/07/2026 05:53:52,3,1180,300,3,1,3720
01/07/2026 05:54:08,3,1180,300,3,1,3720
01/07/2026 05:54:24,3,1180,300,3,1,3720
01/07/2026 05:54:40,3,1180,300,3,1,3720
01/07/2026 05:54:56,3,1180,300,3,1,3720
01/07/2026 05:55:12,3,1180,300,3,1,3720
01/07/2026 05:55:28,3,1180,300,3,1,3720
01/07/2026 05:55:44,3,1180,300,3,1,3700
01/07/2026 05:56:00,3,1180,300,3,1,3700
01/07/2026 05:56:16,3,1180,300,3,1,3710
01/07/2026 05:56:32,3,1170,300,3,1,3710
01/07/2026 05:56:48,3,1170,300,3,1,3700
01/07/2026 05:57:04,3,1170,300,3,1,3700
01/07/2026 05:57:20,3,1170,300,3,1,3650
01/07/2026 05:57:36,3,1170,300,3,1,3650
01/07/2026 05:57:52,3,1170,300,3,1,3650
01/07/2026 05:58:08,3,1170,300,3,1,3640
01/07/2026 05:58:24,3,1170,300,3,1,3640
01/07/2026 05:58:40,3,1170,300,3,1,3670
01/07/2026 05:58:56,3,1170,300,3,1,3670
01/07/2026 05:59:12,3,1160,300,3,1,3640
01/07/2026 05:59:28,3,1160,300,3,1,3640
01/07/2026 05:59:44,3,1160,300,3,1,3620
01/07/2026 06:00:00,2,1160,1180,3,1,3620
01/07/2026 06:00:16,2,1160,1180,3,1,3620
01/07/2026 06:00:32,2,1160,1180,3,1,3630
01/07/2026 06:00:48,2,1160,1180,3,1,3630
01/07/2026 06:01:04,2,1150,1180,3,1,3660
01/07/2026 06:01:20,2,1150,1180,3,1,3660
01/07/2026 06:01:36,2,1150,1180,3,1,3640
01/07/2026 06:01:52,2,1140,1180,3,1,3640
01/07/2026 06:02:08,2,1140,1180,3,1,3600
01/07/2026 06:02:24,2,1140,1180,3,1,3600
01/07/2026 06:02:40,2,1140,1180,3,1,3600
01/07/2026 06:02:56,2,1140,1180,3,1,3590
01/07/2026 06:03:12,2,1140,1180,3,1,3590
01/07/2026 06:03:28,2,1130,1180,3,1,3590
01/07/2026 06:03:44,2,1130,1180,3,1,3590
01/07/2026 06:04:00,2,1130,1180,3,1,3580
01/07/2026 06:04:16,2,1130,1180,3,1,3580
01/07/2026 06:04:32,2,1130,1180,3,1,3550
01/07/2026 06:04:48,2,1130,1180,3,1,3550
01/07/2026 06:05:04,2,1130,1180,3,1,3550
01/07/2026 06:05:20,2,1130,1180,3,1,3550
01/07/2026 06:05:36,2,1130,1180,3,1,3550
01/07/2026 06:05:52,2,1130,1180,3,1,3530
01/07/2026 06:06:08,2,1130,1180,3,1,3530
01/07/2026 06:06:24,2,1130,1180,3,1,3520
01/07/2026 06:06:40,2,1130,1180,3,1,3520
01/07/2026 06:06:56,2,1130,1180,3,1,3520
01/07/2026 06:07:12,2,1130,1180,3,1,3520
01/07/2026 06:07:28,2,1130,1180,3,1,3520
01/07/2026 06:07:44,2,1130,1180,3,1,3520
01/07/2026 06:08:00,2,1130,1180,3,1,3520
01/07/2026 06:08:16,2,1130,1180,3,1,3510
01/07/2026 06:08:32,2,1130,1180,3,1,3510
01/07/2026 06:08:48,2,1130,1180,3,1,3510
01/07/2026 06:09:04,2,1130,1180,3,1,3510
01/07/2026 06:09:20,2,1130,1180,3,1,3500
01/07/2026 06:09:36,2,1130,1180,3,1,3500
01/07/2026 06:09:52,2,1130,1180,3,1,3500
01/07/2026 06:10:08,2,1130,1180,3,1,3500
01/07/2026 06:10:24,2,1130,1180,3,1,3500
01/07/2026 06:10:40,2,1130,1180,3,1,3520
01/07/2026 06:10:56,2,1130,1180,3,1,3520
01/07/2026 06:11:12,2,670,1180,3,0,-999
01/07/2026 06:11:28,2,650,1180,3,0,-999
01/07/2026 06:11:44,2,1130,1180,3,1,3380
01/07/2026 06:12:00,2,1130,1180,3,1,3380
01/07/2026 06:12:16,2,1130,1180,3,1,3380
01/07/2026 06:12:32,2,1130,1180,3,1,3350
01/07/2026 06:12:48,2,1130,1180,3,1,3350
01/07/2026 06:13:04,2,1130,1180,3,1,3320
01/07/2026 06:13:20,2,1130,1180,3,1,3320
01/07/2026 06:13:36,2,1130,1180,3,1,3310
01/07/2026 06:13:52,2,1130,1180,3,1,3310
01/07/2026 06:14:08,2,1130,1180,3,1,3290
01/07/2026 06:14:24,2,1130,1180,3,1,3290
01/07/2026 06:14:40,2,1120,1180,3,1,3290
01/07/2026 06:14:56,2,1120,1180,3,1,3300
01/07/2026 06:15:12,2,1120,1180,3,1,3300
01/07/2026 06:15:28,2,1120,1180,3,1,3360
01/07/2026 06:15:44,2,1120,1180,3,1,3360
01/07/2026 06:16:00,2,1120,1180,3,1,3410
01/07/2026 06:16:16,2,1120,1180,3,1,3410
01/07/2026 06:16:32,2,1120,1180,3,1,3270
01/07/2026 06:16:48,2,1120,1180,3,1,3270
01/07/2026 06:17:04,2,1120,1180,3,1,3270
01/07/2026 06:17:20,2,1120,1180,3,1,3250
01/07/2026 06:17:36,2,1120,1180,3,1,3250
01/07/2026 06:17:52,2,1120,1180,3,1,3280
01/07/2026 06:18:08,2,1120,1180,3,1,3280
01/07/2026 06:18:24,2,1110,1180,3,1,3270
01/07/2026 06:18:40,2,1110,1180,3,1,3270
01/07/2026 06:18:56,2,1110,1180,3,1,3250
01/07/2026 06:19:12,2,1110,1180,3,1,3250
01/07/2026 06:19:28,2,1110,1180,3,1,3250
01/07/2026 06:19:44,2,1110,1180,3,1,3230
01/07/2026 06:20:00,2,1110,1180,3,1,3230
01/07/2026 06:20:16,2,1110,1180,3,1,3150
01/07/2026 06:20:32,2,1110,1180,3,1,3150
01/07/2026 06:20:48,2,1110,1180,3,1,3140
01/07/2026 06:21:04,2,1110,1180,3,1,3140
01/07/2026 06:21:20,2,1110,1180,3,1,3160
01/07/2026 06:21:36,2,1110,1180,3,1,3160
01/07/2026 06:21:52,2,1110,1180,3,1,3160
01/07/2026 06:22:08,2,1110,1180,3,1,3430
01/07/2026 06:22:24,2,1110,1180,3,1,3430
01/07/2026 06:22:40,2,1110,1180,3,2,3130
01/07/2026 06:22:56,2,1110,1180,3,2,3130
01/07/2026 06:23:12,2,1110,1180,3,2,3140
01/07/2026 06:23:28,2,1110,1180,3,2,3140
01/07/2026 06:23:44,2,1110,1180,3,1,3160
01/07/2026 06:24:00,2,1120,1180,3,1,3160
01/07/2026 06:24:16,2,1120,1180,3,1,3160
01/07/2026 06:24:32,2,1120,1180,3,1,3180
01/07/2026 06:24:48,2,1120,1180,3,1,3180
01/07/2026 06:25:04,2,1120,1180,3,1,3200
01/07/2026 06:25:20,2,1120,1180,3,1,3200
01/07/2026 06:25:36,2,1120,1180,3,1,3260
01/07/2026 06:25:52,2,1120,1180,3,1,3260
01/07/2026 06:26:08,2,1120,1180,3,1,3330
01/07/2026 06:26:24,2,1120,1180,3,1,3330
01/07/2026 06:26:40,2,1120,1180,3,1,3330
01/07/2026 06:26:56,2,1120,1180,3,1,3490
01/07/2026 06:27:12,2,1120,1180,3,1,3490
01/07/2026 06:27:28,2,1120,1180,3,3,3300
01/07/2026 06:27:44,2,1120,1180,3,3,3300
01/07/2026 06:28:00,2,950,1180,3,1,7530
01/07/2026 06:28:16,2,990,1180,3,1,7530
01/07/2026 06:28:32,2,990,1180,3,1,7520
01/07/2026 06:28:48,2,990,1180,3,1,7520
01/07/2026 06:29:04,2,990,1180,3,1,7520
01/07/2026 06:29:20,2,990,1180,3,1,7510
01/07/2026 06:29:36,2,990,1180,3,1,7510
01/07/2026 06:29:52,2,990,1180,3,1,7510
01/07/2026 06:30:08,2,990,1180,3,1,7510
01/07/2026 06:30:24,2,990,1180,3,1,7490
01/07/2026 06:30:40,2,990,1180,3,1,7490
01/07/2026 06:30:56,2,990,1180,3,1,7490
01/07/2026 06:31:12,2,990,1180,3,1,7490
01/07/2026 06:31:28,2,960,1180,3,1,7490
01/07/2026 06:31:44,2,960,1180,3,1,7500
01/07/2026 06:32:00,2,980,1180,3,1,7500
01/07/2026 06:32:16,2,1120,1180,3,2,3180
01/07/2026 06:32:32,2,1120,1180,3,2,3180
01/07/2026 06:32:48,2,1120,1180,3,2,3180
01/07/2026 06:33:04,2,1120,1180,3,2,3180
01/07/2026 06:33:20,2,1120,1180,3,2,3510
01/07/2026 06:33:36,2,1130,1180,3,2,3510
01/07/2026 06:33:52,2,1130,1180,3,2,3510
01/07/2026 06:34:08,2,1130,1180,3,3,2990
01/07/2026 06:34:24,2,1130,1180,3,3,2990
01/07/2026 06:34:40,2,1130,1180,3,2,3000
01/07/2026 06:34:56,2,1130,1180,3,2,3000
01/07/2026 06:35:12,2,1130,1180,3,1,3000
01/07/2026 06:35:28,2,1130,1180,3,1,3000
01/07/2026 06:35:44,2,1130,1180,3,1,2980
01/07/2026 06:36:00,2,1130,1180,3,1,2980
01/07/2026 06:36:16,2,1130,1180,3,1,2980
01/07/2026 06:36:32,2,1130,1180,3,1,2980
01/07/2026 06:36:48,2,1130,1180,3,1,2980
01/07/2026 06:37:04,2,1120,1180,3,1,3000
01/07/2026 06:37:20,2,1120,1180,3,1,3000
01/07/2026 06:37:36,2,1120,1180,3,2,3240
01/07/2026 06:37:52,2,1120,1180,3,2,3240
01/07/2026 06:38:08,2,1120,1180,3,3,2980
01/07/2026 06:38:24,2,1110,1180,3,3,2980
01/07/2026 06:38:40,2,1110,1180,3,3,2980
01/07/2026 06:38:56,2,1110,1180,3,1,2980
01/07/2026 06:39:12,2,1110,1180,3,1,2980
01/07/2026 06:39:28,2,1110,1180,3,1,2940
01/07/2026 06:39:44,2,1110,1180,3,1,2940
01/07/2026 06:40:00,2,1110,1180,3,1,2940
01/07/2026 06:40:16,2,1110,1180,3,1,2940
01/07/2026 06:40:32,2,1110,1180,3,2,2970
01/07/2026 06:40:48,2,1110,1180,3,2,2970
01/07/2026 06:41:04,2,1110,1180,3,2,2970
01/07/2026 06:41:20,2,1110,1180,3,1,2930
01/07/2026 06:41:36,2,1110,1180,3,1,2930
01/07/2026 06:41:52,2,1110,1180,3,1,2930
01/07/2026 06:42:08,2,1110,1180,3,1,2930
01/07/2026 06:42:24,2,1110,1180,3,2,2960
01/07/2026 06:42:40,2,1110,1180,3,2,2960
01/07/2026 06:42:56,2,1120,1180,3,1,3260
01/07/2026 06:43:12,2,1120,1180,3,1,3260
01/07/2026 06:43:28,2,1120,1180,3,1,3260
01/07/2026 06:43:44,2,1130,1180,3,2,3240
01/07/2026 06:44:00,2,1130,1180,3,2,3240
01/07/2026 06:44:16,2,1130,1180,3,3,3230
01/07/2026 06:44:32,2,1140,1180,3,3,3230
01/07/2026 06:44:48,2,1140,1180,3,2,3250
01/07/2026 06:45:04,2,1140,1180,3,2,3250
01/07/2026 06:45:20,2,1140,1180,3,2,3280
01/07/2026 06:45:36,2,1140,1180,3,2,3280
01/07/2026 06:45:52,2,1140,1180,3,2,3280
01/07/2026 06:46:08,2,1140,1180,3,3,3310
01/07/2026 06:46:24,2,1140,1180,3,3,3310
01/07/2026 06:46:40,2,990,1180,3,2,9210
01/07/2026 06:46:56,2,990,1180,3,2,9210
01/07/2026 06:47:12,2,990,1180,3,1,9500
01/07/2026 06:47:28,2,990,1180,3,1,9500
01/07/2026 06:47:44,2,990,1180,3,2,9260
01/07/2026 06:48:00,2,990,1180,3,2,9260
01/07/2026 06:48:16,2,990,1180,3,2,9260
01/07/2026 06:48:32,2,990,1180,3,2,9070
01/07/2026 06:48:48,2,990,1180,3,2,9070
01/07/2026 06:49:04,2,990,1180,3,2,9160
01/07/2026 06:49:20,2,990,1180,3,2,9160
01/07/2026 06:49:36,2,990,1180,3,2,8880
01/07/2026 06:49:52,2,990,1180,3,2,8880
01/07/2026 06:50:08,2,990,1180,3,3,9210
01/07/2026 06:50:24,2,990,1180,3,3,9210
01/07/2026 06:50:40,2,990,1180,3,3,9210
01/07/2026 06:50:56,2,990,1180,3,2,9170
01/07/2026 06:51:12,2,990,1180,3,2,9170
01/07/2026 06:51:28,2,990,1180,3,2,9820
01/07/2026 06:51:44,2,990,1180,3,2,9820
01/07/2026 06:52:00,2,1150,1180,3,3,3080
01/07/2026 06:52:16,2,1150,1180,3,3,3080
01/07/2026 06:52:32,2,1150,1180,3,3,3080
01/07/2026 06:52:48,2,1140,1180,3,3,3080
01/07/2026 06:53:04,2,1140,1180,3,3,3080
01/07/2026 06:53:20,2,1140,1180,3,2,3100
01/07/2026 06:53:36,2,1140,1180,3,2,3100
01/07/2026 06:53:52,2,1130,1180,3,2,3110
01/07/2026 06:54:08,2,1130,1180,3,2,3110
01/07/2026 06:54:24,2,1130,1180,3,2,3120
01/07/2026 06:54:40,2,1130,1180,3,2,3120
01/07/2026 06:54:56,2,1120,1180,3,3,3120
01/07/2026 06:55:12,2,1120,1180,3,3,3120
01/07/2026 06:55:28,2,1120,1180,3,3,3120
01/07/2026 06:55:44,2,1120,1180,3,2,3120
01/07/2026 06:56:00,2,1120,1180,3,2,3120
01/07/2026 06:56:16,2,1120,1180,3,2,2970
01/07/2026 06:56:32,2,1110,1180,3,2,2970
01/07/2026 06:56:48,2,1110,1180,3,1,2980
01/07/2026 06:57:04,2,1110,1180,3,1,2980
01/07/2026 06:57:20,2,1100,1180,3,1,2970
01/07/2026 06:57:36,2,1100,1180,3,1,2970
01/07/2026 06:57:52,2,1100,1180,3,1,2970
01/07/2026 06:58:08,2,1100,1180,3,1,2980
01/07/2026 06:58:24,2,1100,1180,3,1,2980
01/07/2026 06:58:40,2,1100,1180,3,1,3000
01/07/2026 06:58:56,2,1100,1180,3,1,3000
01/07/2026 06:59:12,2,1100,1180,3,1,3000
01/07/2026 06:59:28,2,1100,1180,3,1,3000
01/07/2026 06:59:44,2,1100,1180,3,2,3000
01/07/2026 07:00:00,2,1100,1120,3,2,3000
01/07/2026 07:00:16,2,1100,1120,3,2,3000
01/07/2026 07:00:32,2,990,1120,3,2,8230
01/07/2026 07:00:48,2,990,1120,3,2,8230
01/07/2026 07:01:04,2,990,1120,3,3,7910
01/07/2026 07:01:20,2,990,1120,3,3,7910
01/07/2026 07:01:36,2,1100,1120,3,2,2630
01/07/2026 07:01:52,2,1100,1120,3,2,2630
01/07/2026 07:02:08,2,1100,1120,3,1,2560
01/07/2026 07:02:24,2,1100,1120,3,1,2560
01/07/2026 07:02:40,2,1100,1120,3,1,2560
01/07/2026 07:02:56,2,1100,1120,3,1,2570
01/07/2026 07:03:12,2,1100,1120,3,1,2570
01/07/2026 07:03:28,2,1100,1120,3,1,2590
01/07/2026 07:03:44,2,1100,1120,3,1,2590
01/07/2026 07:04:00,2,1090,1120,3,1,2660
01/07/2026 07:04:16,2,1090,1120,3,1,2660
01/07/2026 07:04:32,2,1090,1120,3,1,2610
01/07/2026 07:04:48,2,1090,1120,3,1,2610
01/07/2026 07:05:04,2,1090,1120,3,1,2610
01/07/2026 07:05:20,2,1090,1120,3,1,2620
01/07/2026 07:05:36,2,1090,1120,3,1,2620
01/07/2026 07:05:52,2,1090,1120,3,1,2630
01/07/2026 07:06:08,2,1090,1120,3,1,2630
01/07/2026 07:06:24,2,1090,1120,3,1,2640
01/07/2026 07:06:40,2,1100,1120,3,1,2640
01/07/2026 07:06:56,2,1100,1120,3,1,2650
01/07/2026 07:07:12,2,1100,1120,3,1,2650
01/07/2026 07:07:28,2,1100,1120,3,1,2650
01/07/2026 07:07:44,2,2820,1120,3,1,2670
01/07/2026 07:08:00,2,2820,1120,3,1,2670
01/07/2026 07:08:16,2,2820,1120,3,1,2690
01/07/2026 07:08:32,2,2810,1120,3,1,2690
01/07/2026 07:08:48,2,2810,1120,3,1,2700
01/07/2026 07:09:04,2,2810,1120,3,1,2700
01/07/2026 07:09:20,2,2800,1120,3,1,3090
01/07/2026 07:09:36,2,1370,1120,3,1,3090
01/07/2026 07:09:52,2,1370,1120,3,1,3090
01/07/2026 07:10:08,2,1380,1120,3,1,3120
01/07/2026 07:10:24,2,1390,1120,3,1,3120
01/07/2026 07:10:40,2,1390,1120,3,1,3130
01/07/2026 07:10:56,2,1390,1120,3,1,3130
01/07/2026 07:11:12,2,1390,1120,3,1,3120
01/07/2026 07:11:28,2,1390,1120,3,1,3120
01/07/2026 07:11:44,2,1390,1120,3,1,3120
01/07/2026 07:12:00,2,1390,1120,3,1,3120
01/07/2026 07:12:16,2,1400,1120,3,1,3120
01/07/2026 07:12:32,2,1400,1120,3,1,3120
01/07/2026 07:12:48,2,1400,1120,3,1,3120
01/07/2026 07:13:04,2,1400,1120,3,1,3130
01/07/2026 07:13:20,2,1400,1120,3,1,3130
01/07/2026 07:13:36,2,1400,1120,3,2,2750
01/07/2026 07:13:52,2,1400,1120,3,2,2750
01/07/2026 07:14:08,2,1400,1120,3,1,3200
01/07/2026 07:14:24,2,1400,1120,3,1,3200
01/07/2026 07:14:40,2,1410,1120,3,1,3200
01/07/2026 07:14:56,2,460,1120,3,2,6860
01/07/2026 07:15:12,2,460,1120,3,2,6860
01/07/2026 07:15:28,2,460,1120,3,1,6860
01/07/2026 07:15:44,2,450,1120,3,1,6860
01/07/2026 07:16:00,2,1420,1120,3,2,3790
01/07/2026 07:16:16,2,1420,1120,3,2,3790
01/07/2026 07:16:32,2,1420,1120,3,2,3790
01/07/2026 07:16:48,2,1420,1120,3,2,3790
01/07/2026 07:17:04,2,1420,1120,3,2,3790
01/07/2026 07:17:20,2,1420,1120,3,3,2840
01/07/2026 07:17:36,2,1420,1120,3,3,2840
01/07/2026 07:17:52,2,1420,1120,3,1,2840
01/07/2026 07:18:08,2,1420,1120,3,1,2840
01/07/2026 07:18:24,2,1420,1120,3,1,2860
01/07/2026 07:18:40,2,1420,1120,3,1,2860
01/07/2026 07:18:56,2,1420,1120,3,1,2860
01/07/2026 07:19:12,2,1410,1120,3,1,2860
01/07/2026 07:19:28,2,1410,1120,3,1,2860
01/07/2026 07:19:44,2,1410,1120,3,1,2880
01/07/2026 07:20:00,2,1410,1120,3,1,2880
01/07/2026 07:20:16,2,1410,1120,3,2,2910
01/07/2026 07:20:32,2,1410,1120,3,2,2910
01/07/2026 07:20:48,2,1410,1120,3,1,3350
01/07/2026 07:21:04,2,1410,1120,3,1,3350
01/07/2026 07:21:20,2,1410,1120,3,2,2920
01/07/2026 07:21:36,2,1410,1120,3,2,2920
01/07/2026 07:21:52,2,1410,1120,3,2,2920
01/07/2026 07:22:08,2,1410,1120,3,2,2630
01/07/2026 07:22:24,2,1420,1120,3,2,2630
01/07/2026 07:22:40,2,1420,1120,3,1,2650
01/07/2026 07:22:56,2,1420,1120,3,1,2650
01/07/2026 07:23:12,2,1420,1120,3,1,2660
01/07/2026 07:23:28,2,1420,1120,3,1,2660
01/07/2026 07:23:44,2,1420,1120,3,1,2660
01/07/2026 07:24:00,2,1420,1120,3,1,2660
01/07/2026 07:24:16,2,1430,1120,3,1,2660
01/07/2026 07:24:32,2,1430,1120,3,1,2630
01/07/2026 07:24:48,2,1430,1120,3,1,2630
01/07/2026 07:25:04,2,1430,1120,3,1,2620
01/07/2026 07:25:20,2,1430,1120,3,1,2620
01/07/2026 07:25:36,2,1430,1120,3,1,2600
01/07/2026 07:25:52,2,1430,1120,3,1,2600
01/07/2026 07:26:08,2,1430,1120,3,1,2590
01/07/2026 07:26:24,2,1430,1120,3,1,2590
01/07/2026 07:26:40,2,1430,1120,3,1,2590
01/07/2026 07:26:56,2,1430,1120,3,2,2590
01/07/2026 07:27:12,2,1430,1120,3,2,2590
01/07/2026 07:27:28,2,1430,1120,3,2,2590
01/07/2026 07:27:44,2,1430,1120,3,2,2590
01/07/2026 07:28:00,2,1430,1120,3,2,2570
01/07/2026 07:28:16,2,1430,1120,3,2,2570
01/07/2026 07:28:32,2,1430,1120,3,2,3040
01/07/2026 07:28:48,2,1430,1120,3,2,3040
01/07/2026 07:29:04,2,1440,1120,3,2,3040
01/07/2026 07:29:20,2,1440,1120,3,1,3040
01/07/2026 07:29:36,2,1440,1120,3,1,3040
01/07/2026 07:29:52,2,1440,1120,3,2,2650
01/07/2026 07:30:08,2,1460,1120,3,2,2650
01/07/2026 07:30:24,2,1510,1120,3,2,2680
01/07/2026 07:30:40,2,1510,1120,3,2,2680
01/07/2026 07:30:56,2,1520,1120,3,2,2650
01/07/2026 07:31:12,2,1190,1120,3,2,2650
01/07/2026 07:31:28,2,1180,1120,3,2,2650
01/07/2026 07:31:44,2,1180,1120,3,1,2650
01/07/2026 07:32:00,2,1170,1120,3,1,2650
01/07/2026 07:32:16,2,1170,1120,3,1,2670
01/07/2026 07:32:32,2,1160,1120,3,1,2670
01/07/2026 07:32:48,2,1160,1120,3,1,2680
01/07/2026 07:33:04,2,1150,1120,3,1,2680
01/07/2026 07:33:20,2,1140,1120,3,1,2670
01/07/2026 07:33:36,2,1130,1120,3,1,2670
01/07/2026 07:33:52,2,1120,1120,3,1,2670
01/07/2026 07:34:08,2,1090,1120,3,1,2680
01/07/2026 07:34:24,2,1080,1120,3,1,2680
01/07/2026 07:34:40,2,1080,1120,3,1,2680
01/07/2026 07:34:56,2,1070,1120,3,1,2680
01/07/2026 07:35:12,2,1070,1120,3,1,2670
01/07/2026 07:35:28,2,1060,1120,3,1,2670
01/07/2026 07:35:44,2,1060,1120,3,1,2680
01/07/2026 07:36:00,2,1050,1120,3,1,2680
01/07/2026 07:36:16,2,1050,1120,3,1,2680
01/07/2026 07:36:32,2,1050,1120,3,1,2680
01/07/2026 07:36:48,2,1050,1120,3,1,2680
01/07/2026 07:37:04,2,1050,1120,3,1,2660
01/07/2026 07:37:20,2,1050,1120,3,1,2660
01/07/2026 07:37:36,2,1470,1120,3,1,2620
01/07/2026 07:37:52,2,1450,1120,3,1,2620
01/07/2026 07:38:08,2,1430,1120,3,1,2620
01/07/2026 07:38:24,2,1420,1120,3,1,2620
01/07/2026 07:38:40,2,1420,1120,3,1,2620
01/07/2026 07:38:56,2,1410,1120,3,1,2630
01/07/2026 07:39:12,2,1400,1120,3,1,2630
01/07/2026 07:39:28,2,1400,1120,3,1,2640
01/07/2026 07:39:44,2,1400,1120,3,1,2640
01/07/2026 07:40:00,2,1400,1120,3,1,2660
01/07/2026 07:40:16,2,1400,1120,3,1,2660
01/07/2026 07:40:32,2,1400,1120,3,1,2660
01/07/2026 07:40:48,2,1400,1120,3,1,2660
01/07/2026 07:41:04,2,1400,1120,3,1,2660
01/07/2026 07:41:20,2,1400,1120,3,1,2680
01/07/2026 07:41:36,2,1400,1120,3,1,2680
01/07/2026 07:41:52,2,1400,1120,3,1,2690
01/07/2026 07:42:08,2,870,1120,3,1,2690
01/07/2026 07:42:24,2,870,1120,3,1,2660
01/07/2026 07:42:40,2,870,1120,3,1,2660
01/07/2026 07:42:56,2,870,1120,3,1,2650
01/07/2026 07:43:12,2,860,1120,3,1,2650
01/07/2026 07:43:28,2,860,1120,3,1,2650
01/07/2026 07:43:44,2,850,1120,3,1,2760
01/07/2026 07:44:00,2,850,1120,3,1,2760
01/07/2026 07:44:16,2,850,1120,3,1,2820
01/07/2026 07:44:32,2,840,1120,3,1,2820
01/07/2026 07:44:48,2,840,1120,3,1,2840
01/07/2026 07:45:04,2,830,1120,3,1,2840
01/07/2026 07:45:20,2,830,1120,3,2,2830
01/07/2026 07:45:36,2,830,1120,3,2,2830
01/07/2026 07:45:52,2,830,1120,3,2,2830
01/07/2026 07:46:08,2,830,1120,3,1,3210
01/07/2026 07:46:24,2,830,1120,3,1,3210
01/07/2026 07:46:40,2,1370,1120,3,1,3220
01/07/2026 07:46:56,2,1350,1120,3,1,3220
01/07/2026 07:47:12,2,1340,1120,3,1,3240
01/07/2026 07:47:28,2,1340,1120,3,1,3240
01/07/2026 07:47:44,2,1340,1120,3,1,3250
01/07/2026 07:48:00,2,1340,1120,3,1,3250
01/07/2026 07:48:16,2,1340,1120,3,1,3250
01/07/2026 07:48:32,2,1340,1120,3,1,3250
01/07/2026 07:48:48,2,1340,1120,3,1,3250
01/07/2026 07:49:04,2,1340,1120,3,1,3250
01/07/2026 07:49:20,2,1340,1120,3,1,3250
01/07/2026 07:49:36,2,1340,1120,3,1,3260
01/07/2026 07:49:52,2,1340,1120,3,1,3260
01/07/2026 07:50:08,2,1350,1120,3,1,3250
01/07/2026 07:50:24,2,1350,1120,3,1,3250
01/07/2026 07:50:40,2,1350,1120,3,1,3250
01/07/2026 07:50:56,2,1360,1120,3,1,3240
01/07/2026 07:51:12,2,1360,1120,3,1,3240
01/07/2026 07:51:28,2,1360,1120,3,1,3230
01/07/2026 07:51:44,2,3370,1120,3,1,3230
01/07/2026 07:52:00,2,3370,1120,3,1,3220
01/07/2026 07:52:16,2,3370,1120,3,1,3220
01/07/2026 07:52:32,2,690,1120,3,1,8180
01/07/2026 07:52:48,2,680,1120,3,1,8180
01/07/2026 07:53:04,2,670,1120,3,1,8180
01/07/2026 07:53:20,2,1540,1120,3,2,3210
01/07/2026 07:53:36,2,1540,1120,3,2,3210
01/07/2026 07:53:52,2,660,1120,3,1,7560
01/07/2026 07:54:08,2,650,1120,3,1,7560
01/07/2026 07:54:24,2,650,1120,3,1,7590
01/07/2026 07:54:40,2,640,1120,3,1,7590
01/07/2026 07:54:56,2,640,1120,3,0,-999
01/07/2026 07:55:12,2,630,1120,3,0,-999
01/07/2026 07:55:28,2,620,1120,3,0,-999
01/07/2026 07:55:44,2,600,1120,3,1,8420
01/07/2026 07:56:00,2,590,1120,3,1,8420
01/07/2026 07:56:16,2,580,1120,3,1,8160
01/07/2026 07:56:32,2,560,1120,3,1,8160
01/07/2026 07:56:48,2,550,1120,3,0,-999
01/07/2026 07:57:04,2,540,1120,3,0,-999
01/07/2026 07:57:20,2,1540,1120,3,2,3290
01/07/2026 07:57:36,2,1540,1120,3,2,3290
01/07/2026 07:57:52,2,1540,1120,3,2,3290
01/07/2026 07:58:08,2,1540,1120,3,1,3300
01/07/2026 07:58:24,2,1530,1120,3,1,3300
01/07/2026 07:58:40,2,1530,1120,3,1,3320
01/07/2026 07:58:56,2,1530,1120,3,1,3320
01/07/2026 07:59:12,2,1530,1120,3,1,3310
01/07/2026 07:59:28,2,1530,1120,3,1,3310
01/07/2026 07:59:44,2,1530,1120,3,2,3300
01/07/2026 08:00:00,1,1530,1420,3,2,3300
01/07/2026 08:00:16,1,1530,1420,3,2,3300
01/07/2026 08:00:32,1,440,1420,3,2,7130
01/07/2026 08:00:48,1,430,1420,3,2,7130
01/07/2026 08:01:04,1,420,1420,3,2,7200
01/07/2026 08:01:20,1,420,1420,3,2,7200
01/07/2026 08:01:36,1,420,1420,3,2,7470
01/07/2026 08:01:52,1,420,1420,3,2,7470
01/07/2026 08:02:08,1,420,1420,3,2,7430
01/07/2026 08:02:24,1,420,1420,3,2,7430
01/07/2026 08:02:40,1,410,1420,3,2,7430
01/07/2026 08:02:56,1,410,1420,3,2,7320
01/07/2026 08:03:12,1,310,1420,3,2,7320
01/07/2026 08:03:28,1,320,1420,3,1,7320
01/07/2026 08:03:44,1,280,1420,3,1,7320
01/07/2026 08:04:00,1,280,1420,3,1,7310
01/07/2026 08:04:16,1,290,1420,3,1,7310
01/07/2026 08:04:32,1,280,1420,3,2,7330
01/07/2026 08:04:48,1,280,1420,3,2,7330
01/07/2026 08:05:04,1,280,1420,3,2,7330
01/07/2026 08:05:20,1,280,1420,3,3,7060
01/07/2026 08:05:36,1,280,1420,3,3,7060
01/07/2026 08:05:52,1,270,1420,3,3,6910
01/07/2026 08:06:08,1,270,1420,3,3,6910
01/07/2026 08:06:24,1,270,1420,3,3,6890
01/07/2026 08:06:40,1,260,1420,3,3,6890
01/07/2026 08:06:56,1,230,1420,3,2,6870
01/07/2026 08:07:12,1,210,1420,3,2,6870
01/07/2026 08:07:28,1,200,1420,3,2,6870
01/07/2026 08:07:44,1,200,1420,3,3,6910
01/07/2026 08:08:00,1,200,1420,3,3,6910
01/07/2026 08:08:16,1,200,1420,3,1,6970
01/07/2026 08:08:32,1,190,1420,3,1,6970
01/07/2026 08:08:48,1,200,1420,3,2,7000
01/07/2026 08:09:04,1,190,1420,3,2,7000
01/07/2026 08:09:20,1,190,1420,3,2,7040
01/07/2026 08:09:36,1,190,1420,3,2,7040
01/07/2026 08:09:52,1,200,1420,3,2,7040
01/07/2026 08:10:08,1,200,1420,3,2,6830
01/07/2026 08:10:24,1,200,1420,3,2,6830
01/07/2026 08:10:40,1,200,1420,3,2,6690
01/07/2026 08:10:56,1,210,1420,3,2,6690
01/07/2026 08:11:12,1,210,1420,3,3,6820
01/07/2026 08:11:28,1,220,1420,3,3,6820
01/07/2026 08:11:44,1,220,1420,3,1,6890
01/07/2026 08:12:00,1,220,1420,3,1,6890
01/07/2026 08:12:16,1,230,1420,3,1,6890
01/07/2026 08:12:32,1,230,1420,3,1,6900
01/07/2026 08:12:48,1,230,1420,3,1,6900
01/07/2026 08:13:04,1,230,1420,3,1,6910
01/07/2026 08:13:20,1,230,1420,3,1,6910
01/07/2026 08:13:36,1,240,1420,3,1,6910
01/07/2026 08:13:52,1,250,1420,3,1,6910
01/07/2026 08:14:08,1,240,1420,3,2,6900
01/07/2026 08:14:24,1,250,1420,3,2,6900
01/07/2026 08:14:40,1,250,1420,3,2,6900
01/07/2026 08:14:56,1,260,1420,3,1,6880
01/07/2026 08:15:12,1,270,1420,3,1,6880
01/07/2026 08:15:28,1,260,1420,3,1,7170
01/07/2026 08:15:44,1,250,1420,3,1,7170
01/07/2026 08:16:00,1,250,1420,3,1,7170
01/07/2026 08:16:16,1,250,1420,3,1,7170
01/07/2026 08:16:32,1,250,1420,3,1,7150
01/07/2026 08:16:48,1,250,1420,3,1,7150
01/07/2026 08:17:04,1,250,1420,3,1,7150
01/07/2026 08:17:20,1,270,1420,3,1,7160
01/07/2026 08:17:36,1,280,1420,3,1,7160
01/07/2026 08:17:52,1,280,1420,3,1,7140
01/07/2026 08:18:08,1,290,1420,3,1,7140
01/07/2026 08:18:24,1,280,1420,3,1,7140
01/07/2026 08:18:40,1,280,1420,3,1,7140
01/07/2026 08:18:56,1,290,1420,3,1,7140
01/07/2026 08:19:12,1,310,1420,3,1,7140
01/07/2026 08:19:28,1,330,1420,3,1,7140
01/07/2026 08:19:44,1,340,1420,3,1,7130
01/07/2026 08:20:00,1,340,1420,3,1,7130
01/07/2026 08:20:16,1,350,1420,3,1,7120
01/07/2026 08:20:32,1,350,1420,3,1,7120
01/07/2026 08:20:48,1,360,1420,3,2,7100
01/07/2026 08:21:04,1,370,1420,3,2,7100
01/07/2026 08:21:20,1,380,1420,3,1,7100
01/07/2026 08:21:36,1,390,1420,3,1,7100
01/07/2026 08:21:52,1,410,1420,3,1,7100
01/07/2026 08:22:08,1,390,1420,3,2,7140
01/07/2026 08:22:24,1,370,1420,3,2,7140
01/07/2026 08:22:40,1,360,1420,3,2,8310
01/07/2026 08:22:56,1,340,1420,3,2,8310
01/07/2026 08:23:12,1,340,1420,3,2,8580
01/07/2026 08:23:28,1,330,1420,3,2,8580
01/07/2026 08:23:44,1,310,1420,3,2,8610
01/07/2026 08:24:00,1,300,1420,3,2,8610
01/07/2026 08:24:16,1,290,1420,3,2,8610
01/07/2026 08:24:32,1,280,1420,3,3,8230
01/07/2026 08:24:48,1,270,1420,3,3,8230
01/07/2026 08:25:04,1,260,1420,3,1,8260
01/07/2026 08:25:20,1,250,1420,3,1,8260
01/07/2026 08:25:36,1,250,1420,3,1,8250
01/07/2026 08:25:52,1,250,1420,3,1,8250
01/07/2026 08:26:08,1,250,1420,3,1,8320
01/07/2026 08:26:24,1,260,1420,3,1,8320
01/07/2026 08:26:40,1,260,1420,3,1,8320
01/07/2026 08:26:56,1,260,1420,3,2,8250
01/07/2026 08:27:12,1,260,1420,3,2,8250
01/07/2026 08:27:28,1,250,1420,3,1,8230
01/07/2026 08:27:44,1,240,1420,3,1,8230
01/07/2026 08:28:00,1,240,1420,3,2,8230
01/07/2026 08:28:16,1,240,1420,3,2,8230
01/07/2026 08:28:32,1,240,1420,3,2,8220
01/07/2026 08:28:48,1,240,1420,3,2,8220
01/07/2026 08:29:04,1,230,1420,3,2,8220
01/07/2026 08:29:20,1,240,1420,3,3,8230
01/07/2026 08:29:36,1,240,1420,3,3,8230
01/07/2026 08:29:52,1,250,1420,3,1,8530
01/07/2026 08:30:08,1,260,1420,3,1,8530
01/07/2026 08:30:24,1,280,1420,3,1,8530
01/07/2026 08:30:40,1,300,1420,3,1,8530
01/07/2026 08:30:56,1,310,1420,3,1,8530
01/07/2026 08:31:12,1,310,1420,3,1,8530
01/07/2026 08:31:28,1,300,1420,3,1,8530
01/07/2026 08:31:44,1,310,1420,3,2,8540
01/07/2026 08:32:00,1,310,1420,3,2,8540
01/07/2026 08:32:16,1,330,1420,3,1,8530
01/07/2026 08:32:32,1,340,1420,3,1,8530
01/07/2026 08:32:48,1,340,1420,3,1,8490
01/07/2026 08:33:04,1,340,1420,3,1,8490
01/07/2026 08:33:20,1,340,1420,3,1,8540
01/07/2026 08:33:36,1,340,1420,3,1,8540
01/07/2026 08:33:52,1,330,1420,3,1,8540
01/07/2026 08:34:08,1,330,1420,3,1,8570
01/07/2026 08:34:24,1,340,1420,3,1,8570
01/07/2026 08:34:40,1,330,1420,3,1,8560
01/07/2026 08:34:56,1,320,1420,3,1,8560
01/07/2026 08:35:12,1,300,1420,3,1,8570
01/07/2026 08:35:28,1,280,1420,3,1,8570
01/07/2026 08:35:44,1,260,1420,3,1,8580
01/07/2026 08:36:00,1,260,1420,3,1,8580
01/07/2026 08:36:16,1,260,1420,3,1,8580
01/07/2026 08:36:32,1,240,1420,3,1,8620
01/07/2026 08:36:48,1,220,1420,3,1,8620
01/07/2026 08:37:04,1,200,1420,3,1,8640
01/07/2026 08:37:20,1,190,1420,3,1,8640
01/07/2026 08:37:36,1,180,1420,3,1,8690
01/07/2026 08:37:52,1,180,1420,3,1,8690
01/07/2026 08:38:08,1,180,1420,3,1,8680
01/07/2026 08:38:24,1,170,1420,3,1,8680
01/07/2026 08:38:40,1,170,1420,3,1,8680
01/07/2026 08:38:56,1,170,1420,3,2,8660
01/07/2026 08:39:12,1,170,1420,3,2,8660
01/07/2026 08:39:28,1,160,1420,3,2,8680
01/07/2026 08:39:44,1,160,1420,3,2,8680
01/07/2026 08:40:00,1,160,1420,3,2,8500
01/07/2026 08:40:16,1,160,1420,3,2,8500
01/07/2026 08:40:32,1,150,1420,3,1,8540
01/07/2026 08:40:48,1,150,1420,3,1,8540
01/07/2026 08:41:04,1,150,1420,3,1,8540
01/07/2026 08:41:20,1,1350,1420,3,2,1310
01/07/2026 08:41:36,1,1350,1420,3,2,1310
01/07/2026 08:41:52,1,1350,1420,3,1,1310
01/07/2026 08:42:08,1,1350,1420,3,1,1310
01/07/2026 08:42:24,1,1360,1420,3,1,1320
01/07/2026 08:42:40,1,1360,1420,3,1,1320
01/07/2026 08:42:56,1,1360,1420,3,1,1340
01/07/2026 08:43:12,1,1400,1420,3,1,1340
01/07/2026 08:43:28,1,1400,1420,3,1,1340
01/07/2026 08:43:44,1,1420,1420,3,2,1340
01/07/2026 08:44:00,1,1420,1420,3,2,1340
01/07/2026 08:44:16,1,1430,1420,3,2,1340
01/07/2026 08:44:32,1,1430,1420,3,2,1340
01/07/2026 08:44:48,1,1440,1420,3,2,1370
01/07/2026 08:45:04,1,1440,1420,3,2,1370
01/07/2026 08:45:20,1,130,1420,3,2,8210
01/07/2026 08:45:36,1,130,1420,3,2,8210
01/07/2026 08:45:52,1,120,1420,3,2,8210
01/07/2026 08:46:08,1,120,1420,3,2,8130
01/07/2026 08:46:24,1,120,1420,3,2,8130
01/07/2026 08:46:40,1,110,1420,3,0,-999
01/07/2026 08:46:56,1,110,1420,3,0,-999
01/07/2026 08:47:12,1,1470,1420,3,1,1370
01/07/2026 08:47:28,1,1470,1420,3,1,1370
01/07/2026 08:47:44,1,1470,1420,3,1,1370
01/07/2026 08:48:00,1,1470,1420,3,1,1370
01/07/2026 08:48:16,1,1470,1420,3,1,1370
01/07/2026 08:48:32,1,1470,1420,3,1,1350
01/07/2026 08:48:48,1,1470,1420,3,1,1350
01/07/2026 08:49:04,1,1490,1420,3,2,1390
01/07/2026 08:49:20,1,1490,1420,3,2,1390
01/07/2026 08:49:36,1,1480,1420,3,1,1390
01/07/2026 08:49:52,1,1480,1420,3,1,1390
01/07/2026 08:50:08,1,1480,1420,3,1,1370
01/07/2026 08:50:24,1,1480,1420,3,1,1370
01/07/2026 08:50:40,1,1480,1420,3,1,1370
01/07/2026 08:50:56,1,1480,1420,3,1,1360
01/07/2026 08:51:12,1,1480,1420,3,1,1360
01/07/2026 08:51:28,1,1480,1420,3,1,1350
01/07/2026 08:51:44,1,1480,1420,3,1,1350
01/07/2026 08:52:00,1,1490,1420,3,1,1360
01/07/2026 08:52:16,1,1490,1420,3,1,1360
01/07/2026 08:52:32,1,1490,1420,3,1,1360
01/07/2026 08:52:48,1,1490,1420,3,1,1360
01/07/2026 08:53:04,1,1490,1420,3,1,1360
01/07/2026 08:53:20,1,1500,1420,3,1,1400
01/07/2026 08:53:36,1,1500,1420,3,1,1400
01/07/2026 08:53:52,1,1500,1420,3,1,1420
01/07/2026 08:54:08,1,1520,1420,3,1,1420
01/07/2026 08:54:24,1,1520,1420,3,1,1460
01/07/2026 08:54:40,1,1520,1420,3,1,1460
01/07/2026 08:54:56,1,1520,1420,3,1,1410
01/07/2026 08:55:12,1,1530,1420,3,1,1410
01/07/2026 08:55:28,1,1530,1420,3,1,1410
01/07/2026 08:55:44,1,1530,1420,3,1,1410
01/07/2026 08:56:00,1,1530,1420,3,1,1410
01/07/2026 08:56:16,1,1550,1420,3,1,1430
01/07/2026 08:56:32,1,1550,1420,3,1,1430
01/07/2026 08:56:48,1,1550,1420,3,1,1430
01/07/2026 08:57:04,1,1550,1420,3,1,1430
01/07/2026 08:57:20,1,1560,1420,3,1,1430
01/07/2026 08:57:36,1,1560,1420,3,1,1430
01/07/2026 08:57:52,1,1560,1420,3,1,1430
01/07/2026 08:58:08,1,1560,1420,3,1,1450
01/07/2026 08:58:24,1,1560,1420,3,1,1450
01/07/2026 08:58:40,1,140,1420,3,0,-999
01/07/2026 08:58:56,1,160,1420,3,0,-999
01/07/2026 08:59:12,1,190,1420,3,0,-999
01/07/2026 08:59:28,1,210,1420,3,0,-999
01/07/2026 08:59:44,1,260,1420,3,0,-999
01/07/2026 09:00:00,2,310,260,3,0,-999
01/07/2026 09:00:16,2,390,260,3,0,-999
01/07/2026 09:00:32,2,440,260,3,0,-999
01/07/2026 09:00:48,2,460,260,3,0,-999
01/07/2026 09:01:04,2,470,260,3,0,-999
01/07/2026 09:01:20,2,480,260,3,0,-999
01/07/2026 09:01:36,2,560,260,3,0,-999
01/07/2026 09:01:52,2,640,260,3,0,-999
01/07/2026 09:02:08,2,730,260,3,0,-999
01/07/2026 09:02:24,2,810,260,3,0,-999
01/07/2026 09:02:40,2,880,260,3,0,-999
01/07/2026 09:02:56,2,950,260,3,0,-999
01/07/2026 09:03:12,2,990,260,3,0,-999
01/07/2026 09:03:28,2,990,260,3,0,-999
01/07/2026 09:03:44,2,740,260,3,0,-999
01/07/2026 09:04:00,2,660,260,3,0,-999
01/07/2026 09:04:16,2,640,260,3,0,-999
01/07/2026 09:04:32,2,640,260,3,0,-999
01/07/2026 09:04:48,2,630,260,3,0,-999
01/07/2026 09:05:04,2,1480,260,3,0,-999
01/07/2026 09:05:20,2,1470,260,3,0,-999
01/07/2026 09:05:36,2,1450,260,3,0,-999
01/07/2026 09:05:52,2,1450,260,3,0,-999
01/07/2026 09:06:08,2,1440,260,3,0,-999
01/07/2026 09:06:24,2,1430,260,3,1,8470
01/07/2026 09:06:40,2,1430,260,3,1,8470
01/07/2026 09:06:56,2,1410,260,3,1,8420
01/07/2026 09:07:12,2,1400,260,3,1,8420
01/07/2026 09:07:28,2,1390,260,3,1,8420
01/07/2026 09:07:44,2,1390,260,3,2,8370
01/07/2026 09:08:00,2,1390,260,3,2,8370
01/07/2026 09:08:16,2,1390,260,3,2,8350
01/07/2026 09:08:32,2,1390,260,3,2,8350
01/07/2026 09:08:48,2,1380,260,3,0,-999
01/07/2026 09:09:04,2,1380,260,3,0,-999
01/07/2026 09:09:20,2,1370,260,3,1,8430
01/07/2026 09:09:36,2,1370,260,3,1,8430
01/07/2026 09:09:52,2,1360,260,3,1,8430
01/07/2026 09:10:08,2,1350,260,3,0,-999
01/07/2026 09:10:24,2,1340,260,3,0,-999
01/07/2026 09:10:40,2,1340,260,3,1,8150
01/07/2026 09:10:56,2,1340,260,3,1,8150
01/07/2026 09:11:12,2,1340,260,3,1,8160
01/07/2026 09:11:28,2,1340,260,3,1,8160
01/07/2026 09:11:44,2,1340,260,3,1,8070
01/07/2026 09:12:00,2,1340,260,3,1,8070
01/07/2026 09:12:16,2,1340,260,3,1,8070
01/07/2026 09:12:32,2,1340,260,3,2,8070
01/07/2026 09:12:48,2,1330,260,3,2,8070
01/07/2026 09:13:04,2,1330,260,3,1,8070
01/07/2026 09:13:20,2,1330,260,3,1,8070
01/07/2026 09:13:36,2,1330,260,3,1,8040
01/07/2026 09:13:52,2,1330,260,3,1,8040
01/07/2026 09:14:08,2,1320,260,3,2,8050
01/07/2026 09:14:24,2,1320,260,3,2,8050
01/07/2026 09:14:40,2,1320,260,3,2,8050
01/07/2026 09:14:56,2,1320,260,3,2,8040
01/07/2026 09:15:12,2,1310,260,3,2,8040
01/07/2026 09:15:28,2,1300,260,3,2,8000
01/07/2026 09:15:44,2,1290,260,3,2,8000
01/07/2026 09:16:00,2,1280,260,3,1,7990
01/07/2026 09:16:16,2,1270,260,3,1,7990
01/07/2026 09:16:32,2,1260,260,3,2,8000
01/07/2026 09:16:48,2,1250,260,3,2,8000
01/07/2026 09:17:04,2,1240,260,3,2,8000
01/07/2026 09:17:20,2,1240,260,3,2,8230
01/07/2026 09:17:36,2,1240,260,3,2,8230
01/07/2026 09:17:52,2,1230,260,3,2,8370
01/07/2026 09:18:08,2,1220,260,3,2,8370
01/07/2026 09:18:24,2,1210,260,3,2,8000
01/07/2026 09:18:40,2,1200,260,3,2,8000
01/07/2026 09:18:56,2,1200,260,3,1,7990
01/07/2026 09:19:12,2,1200,260,3,1,7990
01/07/2026 09:19:28,2,1210,260,3,1,7990
01/07/2026 09:19:44,2,1200,260,3,1,8000
01/07/2026 09:20:00,2,1190,260,3,1,8000
01/07/2026 09:20:16,2,1170,260,3,2,8000
01/07/2026 09:20:32,2,1160,260,3,2,8000
01/07/2026 09:20:48,2,-999,260,3,3,2570
01/07/2026 09:21:04,2,-999,260,3,3,2570
01/07/2026 09:21:20,2,-999,260,3,1,2580
01/07/2026 09:21:36,2,-999,260,3,1,2580
01/07/2026 09:21:52,2,-999,260,3,1,2580
01/07/2026 09:22:08,2,-999,260,3,1,2480
01/07/2026 09:22:24,2,50,260,3,1,2480
01/07/2026 09:22:40,2,50,260,3,1,2420
01/07/2026 09:22:56,2,50,260,3,1,2420
01/07/2026 09:23:12,2,50,260,3,1,2410
01/07/2026 09:23:28,2,50,260,3,1,2410
01/07/2026 09:23:44,2,60,260,3,1,2550
01/07/2026 09:24:00,2,60,260,3,1,2550
01/07/2026 09:24:16,2,60,260,3,1,2550
01/07/2026 09:24:32,2,60,260,3,1,2540
01/07/2026 09:24:48,2,60,260,3,1,2540
01/07/2026 09:25:04,2,60,260,3,1,2550
01/07/2026 09:25:20,2,60,260,3,1,2550
01/07/2026 09:25:36,2,60,260,3,1,2580
01/07/2026 09:25:52,2,60,260,3,1,2580
01/07/2026 09:26:08,2,60,260,3,1,2580
01/07/2026 09:26:24,2,60,260,3,1,2580
01/07/2026 09:26:40,2,60,260,3,1,2580
01/07/2026 09:26:56,2,60,260,3,1,2580
01/07/2026 09:27:12,2,60,260,3,1,2580
01/07/2026 09:27:28,2,50,260,3,1,2560
01/07/2026 09:27:44,2,50,260,3,1,2560
01/07/2026 09:28:00,2,50,260,3,1,2520
01/07/2026 09:28:16,2,50,260,3,1,2520
01/07/2026 09:28:32,2,50,260,3,1,2530
01/07/2026 09:28:48,2,50,260,3,1,2530
01/07/2026 09:29:04,2,50,260,3,1,2530
01/07/2026 09:29:20,2,50,260,3,0,-999
01/07/2026 09:29:36,2,50,260,3,0,-999
01/07/2026 09:29:52,2,40,260,3,0,-999
01/07/2026 09:30:08,2,40,260,3,0,-999
01/07/2026 09:30:24,2,40,260,3,0,-999
01/07/2026 09:30:40,2,40,260,3,0,-999
01/07/2026 09:30:56,2,40,260,3,0,-999
01/07/2026 09:31:12,2,40,260,3,0,-999
01/07/2026 09:31:28,2,40,260,3,0,-999
01/07/2026 09:31:44,2,40,260,3,0,-999
01/07/2026 09:32:00,2,40,260,3,0,-999
01/07/2026 09:32:16,2,40,260,3,0,-999
01/07/2026 09:32:32,2,40,260,3,0,-999
01/07/2026 09:32:48,2,40,260,3,1,2330
01/07/2026 09:33:04,2,40,260,3,1,2330
01/07/2026 09:33:20,2,50,260,3,1,2370
01/07/2026 09:33:36,2,50,260,3,1,2370
01/07/2026 09:33:52,2,50,260,3,1,2370
01/07/2026 09:34:08,2,50,260,3,0,-999
01/07/2026 09:34:24,2,50,260,3,0,-999
01/07/2026 09:34:40,2,50,260,3,0,-999
01/07/2026 09:34:56,2,50,260,3,0,-999
01/07/2026 09:35:12,2,50,260,3,0,-999
01/07/2026 09:35:28,2,50,260,3,0,-999
01/07/2026 09:35:44,2,50,260,3,1,2550
01/07/2026 09:36:00,2,50,260,3,1,2550
01/07/2026 09:36:16,2,50,260,3,1,2550
01/07/2026 09:36:32,2,50,260,3,1,2530
01/07/2026 09:36:48,2,50,260,3,1,2530
01/07/2026 09:37:04,2,50,260,3,1,2530
01/07/2026 09:37:20,2,50,260,3,1,2530
01/07/2026 09:37:36,2,50,260,3,1,2500
01/07/2026 09:37:52,2,2650,260,3,1,2500
01/07/2026 09:38:08,2,2650,260,3,1,2480
01/07/2026 09:38:24,2,2660,260,3,1,2480
01/07/2026 09:38:40,2,2660,260,3,1,2480
01/07/2026 09:38:56,2,2660,260,3,1,2470
01/07/2026 09:39:12,2,2660,260,3,1,2470
01/07/2026 09:39:28,2,2660,260,3,1,2460
01/07/2026 09:39:44,2,2660,260,3,1,2460
01/07/2026 09:40:00,2,2660,260,3,1,2410
01/07/2026 09:40:16,2,2660,260,3,1,2410
01/07/2026 09:40:32,2,2660,260,3,1,2410
01/07/2026 09:40:48,2,2640,260,3,1,2410
01/07/2026 09:41:04,2,2640,260,3,1,2410
01/07/2026 09:41:20,2,2640,260,3,1,2390
01/07/2026 09:41:36,2,2640,260,3,1,2390
01/07/2026 09:41:52,2,2550,260,3,1,2390
01/07/2026 09:42:08,2,2550,260,3,1,2390
01/07/2026 09:42:24,2,2550,260,3,1,2420
01/07/2026 09:42:40,2,2550,260,3,1,2420
01/07/2026 09:42:56,2,2550,260,3,1,2440
01/07/2026 09:43:12,2,2550,260,3,1,2440
01/07/2026 09:43:28,2,2550,260,3,1,2440
01/07/2026 09:43:44,2,2540,260,3,1,2430
01/07/2026 09:44:00,2,2540,260,3,1,2430
01/07/2026 09:44:16,2,2540,260,3,1,2390
01/07/2026 09:44:32,2,2540,260,3,1,2390
01/07/2026 09:44:48,2,2560,260,3,1,2380
01/07/2026 09:45:04,2,2560,260,3,1,2380
01/07/2026 09:45:20,2,2570,260,3,1,2410
01/07/2026 09:45:36,2,2570,260,3,1,2410
01/07/2026 09:45:52,2,2570,260,3,1,2410
01/07/2026 09:46:08,2,2590,260,3,1,2440
01/07/2026 09:46:24,2,2590,260,3,1,2440
01/07/2026 09:46:40,2,2590,260,3,1,2490
01/07/2026 09:46:56,2,2590,260,3,1,2490
01/07/2026 09:47:12,2,390,260,3,1,6980
01/07/2026 09:47:28,2,390,260,3,1,6980
01/07/2026 09:47:44,2,1320,260,3,1,7010
01/07/2026 09:48:00,2,1360,260,3,1,7010
01/07/2026 09:48:16,2,1390,260,3,1,7010
01/07/2026 09:48:32,2,1200,260,3,1,7330
01/07/2026 09:48:48,2,1230,260,3,1,7330
01/07/2026 09:49:04,2,1100,260,3,1,7390
01/07/2026 09:49:20,2,1090,260,3,1,7390
01/07/2026 09:49:36,2,1300,260,3,0,-999
01/07/2026 09:49:52,2,1470,260,3,0,-999
01/07/2026 09:50:08,2,-999,260,3,1,2560
01/07/2026 09:50:24,2,-999,260,3,1,2560
01/07/2026 09:50:40,2,-999,260,3,1,2560
01/07/2026 09:50:56,2,-999,260,3,1,2540
01/07/2026 09:51:12,2,-999,260,3,1,2540
01/07/2026 09:51:28,2,-999,260,3,1,2530
01/07/2026 09:51:44,2,-999,260,3,1,2530
01/07/2026 09:52:00,2,1080,260,3,0,-999
01/07/2026 09:52:16,2,1090,260,3,0,-999
01/07/2026 09:52:32,2,1300,260,3,0,-999
01/07/2026 09:52:48,2,1340,260,3,0,-999
01/07/2026 09:53:04,2,1380,260,3,0,-999
01/07/2026 09:53:20,2,20,260,3,0,-999
01/07/2026 09:53:36,2,20,260,3,0,-999
01/07/2026 09:53:52,2,1060,260,3,0,-999
01/07/2026 09:54:08,2,1050,260,3,0,-999
01/07/2026 09:54:24,2,1870,260,3,0,-999
01/07/2026 09:54:40,2,1870,260,3,0,-999
01/07/2026 09:54:56,2,-999,260,3,1,2530
01/07/2026 09:55:12,2,-999,260,3,1,2530
01/07/2026 09:55:28,2,-999,260,3,1,2530
01/07/2026 09:55:44,2,-999,260,3,1,2520
01/07/2026 09:56:00,2,-999,260,3,1,2520
01/07/2026 09:56:16,2,-999,260,3,1,2560
01/07/2026 09:56:32,2,2710,260,3,1,2560
01/07/2026 09:56:48,2,290,260,3,0,-999
01/07/2026 09:57:04,2,280,260,3,0,-999
01/07/2026 09:57:20,2,160,260,3,1,7020
01/07/2026 09:57:36,2,160,260,3,1,7020
01/07/2026 09:57:52,2,160,260,3,1,7020
01/07/2026 09:58:08,2,2710,260,3,1,2550
01/07/2026 09:58:24,2,2710,260,3,1,2550
01/07/2026 09:58:40,2,2700,260,3,1,2560
01/07/2026 09:58:56,2,2700,260,3,1,2560
01/07/2026 09:59:12,2,2700,260,3,1,2540
01/07/2026 09:59:28,2,2700,260,3,1,2540
01/07/2026 09:59:44,2,2700,260,3,1,2540
