# Time, Layer_QualityIndex,bl_height,Mean_Layer_Height,n_BL,cloud_stat,cloud_dat
07/07/2026 10:00:00,1,630,640,3,2,530
07/07/2026 10:00:16,1,630,640,3,2,500
07/07/2026 10:00:32,1,640,640,3,2,500
07/07/2026 10:00:48,1,640,640,3,2,500
07/07/2026 10:01:04,1,640,640,3,1,480
07/07/2026 10:01:20,1,640,640,3,1,480
07/07/2026 10:01:36,1,630,640,3,2,520
07/07/2026 10:01:52,1,630,640,3,2,520
07/07/2026 10:02:08,1,630,640,3,2,500
07/07/2026 10:02:24,1,630,640,3,2,500
07/07/2026 10:02:40,1,630,640,3,1,510
07/07/2026 10:02:56,1,620,640,3,1,510
07/07/2026 10:03:12,1,620,640,3,1,510
07/07/2026 10:03:28,1,620,640,3,2,490
07/07/2026 10:03:44,1,620,640,3,2,490
07/07/2026 10:04:00,1,620,640,3,2,530
07/07/2026 10:04:16,1,620,640,3,2,530
07/07/2026 10:04:32,1,620,640,3,2,520
07/07/2026 10:04:48,1,600,640,3,2,520
07/07/2026 10:05:04,1,600,640,3,1,1610
07/07/2026 10:05:20,1,620,640,3,1,1610
07/07/2026 10:05:36,1,600,640,3,1,1610
07/07/2026 10:05:52,1,600,640,3,2,550
07/07/2026 10:06:08,1,620,640,3,2,550
07/07/2026 10:06:24,1,620,640,3,2,550
07/07/2026 10:06:40,1,640,640,3,2,550
07/07/2026 10:06:56,1,630,640,3,2,550
07/07/2026 10:07:12,1,630,640,3,2,550
07/07/2026 10:07:28,1,630,640,3,2,510
07/07/2026 10:07:44,1,630,640,3,2,510
07/07/2026 10:08:00,1,630,640,3,2,510
07/07/2026 10:08:16,1,620,640,3,2,500
07/07/2026 10:08:32,1,620,640,3,2,500
07/07/2026 10:08:48,1,630,640,3,2,490
07/07/2026 10:09:04,1,650,640,3,2,490
07/07/2026 10:09:20,1,630,640,3,2,490
07/07/2026 10:09:36,1,630,640,3,2,490
07/07/2026 10:09:52,1,620,640,3,1,480
07/07/2026 10:10:08,1,620,640,3,1,480
07/07/2026 10:10:24,1,620,640,3,1,480
07/07/2026 10:10:40,1,600,640,3,2,480
07/07/2026 10:10:56,1,600,640,3,2,480
07/07/2026 10:11:12,1,600,640,3,2,500
07/07/2026 10:11:28,1,600,640,3,2,500
07/07/2026 10:11:44,1,600,640,3,2,590
07/07/2026 10:12:00,1,600,640,3,2,590
07/07/2026 10:12:16,1,600,640,3,2,490
07/07/2026 10:12:32,1,600,640,3,2,490
07/07/2026 10:12:48,1,590,640,3,2,490
07/07/2026 10:13:04,1,590,640,3,2,480
07/07/2026 10:13:20,1,590,640,3,2,480
07/07/2026 10:13:36,1,590,640,3,1,1650
07/07/2026 10:13:52,1,590,640,3,1,1650
07/07/2026 10:14:08,1,590,640,3,1,1680
07/07/2026 10:14:24,1,590,640,3,1,1680
07/07/2026 10:14:40,1,620,640,3,2,550
07/07/2026 10:14:56,1,620,640,3,2,550
07/07/2026 10:15:12,1,660,640,3,2,550
07/07/2026 10:15:28,1,730,640,3,2,620
07/07/2026 10:15:44,1,730,640,3,2,620
07/07/2026 10:16:00,1,730,640,3,2,590
07/07/2026 10:16:16,1,730,640,3,2,590
07/07/2026 10:16:32,1,720,640,3,2,520
07/07/2026 10:16:48,1,660,640,3,2,520
07/07/2026 10:17:04,1,660,640,3,2,500
07/07/2026 10:17:20,1,660,640,3,2,500
07/07/2026 10:17:36,1,660,640,3,2,500
07/07/2026 10:17:52,1,640,640,3,2,490
07/07/2026 10:18:08,1,640,640,3,2,490
07/07/2026 10:18:24,1,640,640,3,1,1700
07/07/2026 10:18:40,1,640,640,3,1,1700
07/07/2026 10:18:56,1,600,640,3,1,1680
07/07/2026 10:19:12,1,600,640,3,1,1680
07/07/2026 10:19:28,1,600,640,3,1,1690
07/07/2026 10:19:44,1,600,640,3,1,1690
07/07/2026 10:20:00,1,600,640,3,1,1690
07/07/2026 10:20:16,1,600,640,3,1,1730
07/07/2026 10:20:32,1,600,640,3,1,1730
07/07/2026 10:20:48,1,600,640,3,1,1740
07/07/2026 10:21:04,1,600,640,3,1,1740
07/07/2026 10:21:20,1,650,640,3,1,1740
07/07/2026 10:21:36,1,660,640,3,1,1740
07/07/2026 10:21:52,1,660,640,3,2,520
07/07/2026 10:22:08,1,660,640,3,2,520
07/07/2026 10:22:24,1,660,640,3,2,520
07/07/2026 10:22:40,1,650,640,3,2,510
07/07/2026 10:22:56,1,650,640,3,2,510
07/07/2026 10:23:12,1,660,640,3,1,580
07/07/2026 10:23:28,1,660,640,3,1,580
07/07/2026 10:23:44,1,660,640,3,1,530
07/07/2026 10:24:00,1,660,640,3,1,530
07/07/2026 10:24:16,1,650,640,3,1,570
07/07/2026 10:24:32,1,650,640,3,1,570
07/07/2026 10:24:48,1,650,640,3,1,570
07/07/2026 10:25:04,1,650,640,3,1,1840
07/07/2026 10:25:20,1,640,640,3,1,1840
07/07/2026 10:25:36,1,640,640,3,1,1780
07/07/2026 10:25:52,1,640,640,3,1,1780
07/07/2026 10:26:08,1,640,640,3,1,1710
07/07/2026 10:26:24,1,650,640,3,1,1710
07/07/2026 10:26:40,1,690,640,3,1,1690
07/07/2026 10:26:56,1,690,640,3,1,1690
07/07/2026 10:27:12,1,700,640,3,1,1690
07/07/2026 10:27:28,1,710,640,3,1,1680
07/07/2026 10:27:44,1,710,640,3,1,1680
07/07/2026 10:28:00,1,770,640,3,2,690
07/07/2026 10:28:16,1,770,640,3,2,690
07/07/2026 10:28:32,1,770,640,3,2,650
07/07/2026 10:28:48,1,770,640,3,2,650
07/07/2026 10:29:04,1,740,640,3,1,1680
07/07/2026 10:29:20,1,730,640,3,1,1680
07/07/2026 10:29:36,1,730,640,3,1,1680
07/07/2026 10:29:52,1,710,640,3,1,1720
07/07/2026 10:30:08,1,700,640,3,1,1720
07/07/2026 10:30:24,1,700,640,3,1,1720
07/07/2026 10:30:40,1,660,640,3,1,1720
07/07/2026 10:30:56,1,660,640,3,1,1740
07/07/2026 10:31:12,1,660,640,3,1,1740
07/07/2026 10:31:28,1,630,640,3,1,1720
07/07/2026 10:31:44,1,680,640,3,1,1720
07/07/2026 10:32:00,1,680,640,3,1,1720
07/07/2026 10:32:16,1,1620,640,3,0,-999
07/07/2026 10:32:32,1,1630,640,3,0,-999
07/07/2026 10:32:48,1,680,640,3,1,1720
07/07/2026 10:33:04,1,680,640,3,1,1720
07/07/2026 10:33:20,1,680,640,3,1,1700
07/07/2026 10:33:36,1,690,640,3,1,1700
07/07/2026 10:33:52,1,690,640,3,2,610
07/07/2026 10:34:08,1,710,640,3,2,610
07/07/2026 10:34:24,1,710,640,3,2,610
07/07/2026 10:34:40,1,710,640,3,2,570
07/07/2026 10:34:56,1,710,640,3,2,570
07/07/2026 10:35:12,1,710,640,3,1,540
07/07/2026 10:35:28,1,710,640,3,1,540
07/07/2026 10:35:44,1,710,640,3,1,540
07/07/2026 10:36:00,1,690,640,3,1,540
07/07/2026 10:36:16,1,690,640,3,3,600
07/07/2026 10:36:32,1,710,640,3,3,600
07/07/2026 10:36:48,1,720,640,3,3,600
07/07/2026 10:37:04,1,710,640,3,2,540
07/07/2026 10:37:20,1,680,640,3,2,540
07/07/2026 10:37:36,1,680,640,3,2,550
07/07/2026 10:37:52,1,670,640,3,2,550
07/07/2026 10:38:08,1,670,640,3,1,1360
07/07/2026 10:38:24,1,670,640,3,1,1360
07/07/2026 10:38:40,1,670,640,3,1,1420
07/07/2026 10:38:56,1,670,640,3,1,1420
07/07/2026 10:39:12,1,670,640,3,1,1420
07/07/2026 10:39:28,1,680,640,3,3,580
07/07/2026 10:39:44,1,680,640,3,3,580
07/07/2026 10:40:00,1,680,640,3,1,640
07/07/2026 10:40:16,1,680,640,3,1,640
07/07/2026 10:40:32,1,680,640,3,1,560
07/07/2026 10:40:48,1,680,640,3,1,560
07/07/2026 10:41:04,1,680,640,3,2,540
07/07/2026 10:41:20,1,680,640,3,2,540
07/07/2026 10:41:36,1,680,640,3,2,540
07/07/2026 10:41:52,1,680,640,3,2,540
07/07/2026 10:42:08,1,680,640,3,2,540
07/07/2026 10:42:24,1,670,640,3,2,540
07/07/2026 10:42:40,1,670,640,3,2,540
07/07/2026 10:42:56,1,670,640,3,1,550
07/07/2026 10:43:12,1,670,640,3,1,550
07/07/2026 10:43:28,1,670,640,3,1,550
07/07/2026 10:43:44,1,670,640,3,1,550
07/07/2026 10:44:00,1,670,640,3,1,550
07/07/2026 10:44:16,1,670,640,3,1,590
07/07/2026 10:44:32,1,670,640,3,1,590
07/07/2026 10:44:48,1,670,640,3,1,570
07/07/2026 10:45:04,1,670,640,3,1,570
07/07/2026 10:45:20,1,680,640,3,1,550
07/07/2026 10:45:36,1,680,640,3,1,550
07/07/2026 10:45:52,1,680,640,3,1,540
07/07/2026 10:46:08,1,680,640,3,1,540
07/07/2026 10:46:24,1,680,640,3,1,540
07/07/2026 10:46:40,1,680,640,3,2,550
07/07/2026 10:46:56,1,680,640,3,2,550
07/07/2026 10:47:12,1,680,640,3,1,600
07/07/2026 10:47:28,1,690,640,3,1,600
07/07/2026 10:47:44,1,690,640,3,2,590
07/07/2026 10:48:00,1,700,640,3,2,590
07/07/2026 10:48:16,1,700,640,3,1,630
07/07/2026 10:48:32,1,700,640,3,1,630
07/07/2026 10:48:48,1,700,640,3,1,630
07/07/2026 10:49:04,1,730,640,3,3,620
07/07/2026 10:49:20,1,730,640,3,3,620
07/07/2026 10:49:36,1,730,640,3,3,640
07/07/2026 10:49:52,1,730,640,3,3,640
07/07/2026 10:50:08,1,730,640,3,2,580
07/07/2026 10:50:24,1,730,640,3,2,580
07/07/2026 10:50:40,1,730,640,3,2,570
07/07/2026 10:50:56,1,730,640,3,2,570
07/07/2026 10:51:12,1,730,640,3,2,570
07/07/2026 10:51:28,1,710,640,3,2,590
07/07/2026 10:51:44,1,710,640,3,2,590
07/07/2026 10:52:00,1,710,640,3,2,1070
07/07/2026 10:52:16,1,710,640,3,2,1070
07/07/2026 10:52:32,1,710,640,3,1,1060
07/07/2026 10:52:48,1,710,640,3,1,1060
07/07/2026 10:53:04,1,700,640,3,1,1160
07/07/2026 10:53:20,1,700,640,3,1,1160
07/07/2026 10:53:36,1,1250,640,3,1,1160
07/07/2026 10:53:52,1,1250,640,3,2,1180
07/07/2026 10:54:08,1,1250,640,3,2,1180
07/07/2026 10:54:24,1,1260,640,3,1,1790
07/07/2026 10:54:40,1,1260,640,3,1,1790
07/07/2026 10:54:56,1,1320,640,3,3,700
07/07/2026 10:55:12,1,1320,640,3,3,700
07/07/2026 10:55:28,1,1320,640,3,1,1760
07/07/2026 10:55:44,1,1330,640,3,1,1760
07/07/2026 10:56:00,1,1330,640,3,1,1760
07/07/2026 10:56:16,1,1340,640,3,2,660
07/07/2026 10:56:32,1,1340,640,3,2,660
07/07/2026 10:56:48,1,1340,640,3,3,630
07/07/2026 10:57:04,1,730,640,3,3,630
07/07/2026 10:57:20,1,730,640,3,2,1290
07/07/2026 10:57:36,1,730,640,3,2,1290
07/07/2026 10:57:52,1,750,640,3,3,680
07/07/2026 10:58:08,1,750,640,3,3,680
07/07/2026 10:58:24,1,750,640,3,3,680
07/07/2026 10:58:40,1,730,640,3,2,1280
07/07/2026 10:58:56,1,730,640,3,2,1280
07/07/2026 10:59:12,1,720,640,3,2,1340
07/07/2026 10:59:28,1,730,640,3,2,1340
07/07/2026 10:59:44,1,720,640,3,3,1090
07/07/2026 11:00:00,1,720,670,3,3,1090
07/07/2026 11:00:16,1,1370,720,3,2,1410
07/07/2026 11:00:32,1,1370,720,3,2,1410
07/07/2026 11:00:48,1,1370,720,3,2,1410
07/07/2026 11:01:04,1,1370,720,3,1,1800
07/07/2026 11:01:20,1,-999,720,3,1,1800
07/07/2026 11:01:36,1,-999,720,3,3,1200
07/07/2026 11:01:52,1,-999,720,3,3,1200
07/07/2026 11:02:08,1,-999,720,3,2,1230
07/07/2026 11:02:24,1,-999,720,3,2,1230
07/07/2026 11:02:40,1,-999,720,3,1,1750
07/07/2026 11:02:56,1,-999,720,3,1,1750
07/07/2026 11:03:12,1,1870,720,3,1,1750
07/07/2026 11:03:28,1,1870,720,3,3,1070
07/07/2026 11:03:44,1,-999,720,3,3,1070
07/07/2026 11:04:00,1,-999,720,3,2,1040
07/07/2026 11:04:16,1,750,720,3,2,1040
07/07/2026 11:04:32,1,770,720,3,2,1230
07/07/2026 11:04:48,1,770,720,3,2,1230
07/07/2026 11:05:04,1,770,720,3,3,1090
07/07/2026 11:05:20,1,770,720,3,3,1090
07/07/2026 11:05:36,1,770,720,3,3,1090
07/07/2026 11:05:52,1,750,720,3,2,1190
07/07/2026 11:06:08,1,770,720,3,2,1190
07/07/2026 11:06:24,1,-999,720,3,2,1310
07/07/2026 11:06:40,1,-999,720,3,2,1310
07/07/2026 11:06:56,1,-999,720,3,2,670
07/07/2026 11:07:12,1,780,720,3,2,670
07/07/2026 11:07:28,1,780,720,3,2,660
07/07/2026 11:07:44,1,780,720,3,2,660
07/07/2026 11:08:00,1,780,720,3,2,660
07/07/2026 11:08:16,1,780,720,3,3,660
07/07/2026 11:08:32,1,780,720,3,3,660
07/07/2026 11:08:48,1,770,720,3,3,780
07/07/2026 11:09:04,1,410,720,3,3,780
07/07/2026 11:09:20,1,410,720,3,2,820
07/07/2026 11:09:36,1,410,720,3,2,820
07/07/2026 11:09:52,1,410,720,3,2,1090
07/07/2026 11:10:08,1,410,720,3,2,1090
07/07/2026 11:10:24,1,410,720,3,2,1090
07/07/2026 11:10:40,1,440,720,3,2,1090
07/07/2026 11:10:56,1,440,720,3,2,1090
07/07/2026 11:11:12,1,440,720,3,2,750
07/07/2026 11:11:28,1,770,720,3,2,750
07/07/2026 11:11:44,1,790,720,3,1,670
07/07/2026 11:12:00,1,810,720,3,1,670
07/07/2026 11:12:16,1,810,720,3,1,620
07/07/2026 11:12:32,1,810,720,3,1,620
07/07/2026 11:12:48,1,790,720,3,1,620
07/07/2026 11:13:04,1,790,720,3,2,610
07/07/2026 11:13:20,1,770,720,3,2,610
07/07/2026 11:13:36,1,770,720,3,1,770
07/07/2026 11:13:52,1,770,720,3,1,770
07/07/2026 11:14:08,1,810,720,3,1,700
07/07/2026 11:14:24,1,810,720,3,1,700
07/07/2026 11:14:40,1,820,720,3,1,690
07/07/2026 11:14:56,1,820,720,3,1,690
07/07/2026 11:15:12,1,820,720,3,1,690
07/07/2026 11:15:28,1,820,720,3,2,640
07/07/2026 11:15:44,1,780,720,3,2,640
07/07/2026 11:16:00,1,780,720,3,2,680
07/07/2026 11:16:16,1,820,720,3,2,680
07/07/2026 11:16:32,1,820,720,3,2,630
07/07/2026 11:16:48,1,820,720,3,2,630
07/07/2026 11:17:04,1,820,720,3,3,670
07/07/2026 11:17:20,1,820,720,3,3,670
07/07/2026 11:17:36,1,790,720,3,3,670
07/07/2026 11:17:52,1,790,720,3,2,620
07/07/2026 11:18:08,1,790,720,3,2,620
07/07/2026 11:18:24,1,790,720,3,1,1760
07/07/2026 11:18:40,1,780,720,3,1,1760
07/07/2026 11:18:56,1,780,720,3,1,1740
07/07/2026 11:19:12,1,780,720,3,1,1740
07/07/2026 11:19:28,1,770,720,3,1,1720
07/07/2026 11:19:44,1,770,720,3,1,1720
07/07/2026 11:20:00,1,770,720,3,1,1720
07/07/2026 11:20:16,1,760,720,3,1,1750
07/07/2026 11:20:32,1,760,720,3,1,1750
07/07/2026 11:20:48,1,1050,720,3,1,1780
07/07/2026 11:21:04,1,1050,720,3,1,1780
07/07/2026 11:21:20,1,1050,720,3,1,1800
07/07/2026 11:21:36,1,1050,720,3,1,1800
07/07/2026 11:21:52,1,1050,720,3,1,1820
07/07/2026 11:22:08,1,1050,720,3,1,1820
07/07/2026 11:22:24,1,1050,720,3,1,1820
07/07/2026 11:22:40,1,1000,720,3,1,1750
07/07/2026 11:22:56,1,1000,720,3,1,1750
07/07/2026 11:23:12,1,1000,720,3,1,1710
07/07/2026 11:23:28,1,1000,720,3,1,1710
07/07/2026 11:23:44,1,1000,720,3,2,630
07/07/2026 11:24:00,1,1000,720,3,2,630
07/07/2026 11:24:16,1,1000,720,3,1,620
07/07/2026 11:24:32,1,1000,720,3,1,620
07/07/2026 11:24:48,1,1000,720,3,1,620
07/07/2026 11:25:04,1,1000,720,3,1,660
07/07/2026 11:25:20,1,-999,720,3,1,660
07/07/2026 11:25:36,1,-999,720,3,1,630
07/07/2026 11:25:52,1,-999,720,3,1,630
07/07/2026 11:26:08,1,780,720,3,2,630
07/07/2026 11:26:24,1,780,720,3,2,630
07/07/2026 11:26:40,1,780,720,3,2,690
07/07/2026 11:26:56,1,780,720,3,2,690
07/07/2026 11:27:12,1,780,720,3,2,690
07/07/2026 11:27:28,1,780,720,3,2,670
07/07/2026 11:27:44,1,780,720,3,2,670
07/07/2026 11:28:00,1,780,720,3,3,600
07/07/2026 11:28:16,1,780,720,3,3,600
07/07/2026 11:28:32,1,780,720,3,1,610
07/07/2026 11:28:48,1,780,720,3,1,610
07/07/2026 11:29:04,1,780,720,3,2,610
07/07/2026 11:29:20,1,770,720,3,2,610
07/07/2026 11:29:36,1,770,720,3,2,610
07/07/2026 11:29:52,1,-999,720,3,1,1620
07/07/2026 11:30:08,1,-999,720,3,1,1620
07/07/2026 11:30:24,1,730,720,3,2,590
07/07/2026 11:30:40,1,730,720,3,2,590
07/07/2026 11:30:56,1,730,720,3,3,590
07/07/2026 11:31:12,1,730,720,3,3,590
07/07/2026 11:31:28,1,730,720,3,1,1530
07/07/2026 11:31:44,1,730,720,3,1,1530
07/07/2026 11:32:00,1,730,720,3,1,1530
07/07/2026 11:32:16,1,-999,720,3,1,1590
07/07/2026 11:32:32,1,-999,720,3,1,1590
07/07/2026 11:32:48,1,-999,720,3,2,810
07/07/2026 11:33:04,1,-999,720,3,2,810
07/07/2026 11:33:20,1,890,720,3,3,760
07/07/2026 11:33:36,1,890,720,3,3,760
07/07/2026 11:33:52,1,890,720,3,2,900
07/07/2026 11:34:08,1,900,720,3,2,900
07/07/2026 11:34:24,1,900,720,3,2,900
07/07/2026 11:34:40,1,900,720,3,2,900
07/07/2026 11:34:56,1,900,720,3,2,900
07/07/2026 11:35:12,1,900,720,3,1,1430
07/07/2026 11:35:28,1,910,720,3,1,1430
07/07/2026 11:35:44,1,960,720,3,3,830
07/07/2026 11:36:00,1,-999,720,3,3,830
07/07/2026 11:36:16,1,-999,720,3,2,800
07/07/2026 11:36:32,1,-999,720,3,2,800
07/07/2026 11:36:48,1,-999,720,3,2,800
07/07/2026 11:37:04,1,-999,720,3,2,890
07/07/2026 11:37:20,1,-999,720,3,2,890
07/07/2026 11:37:36,1,-999,720,3,3,890
07/07/2026 11:37:52,1,-999,720,3,3,890
07/07/2026 11:38:08,1,-999,720,3,1,830
07/07/2026 11:38:24,1,-999,720,3,1,830
07/07/2026 11:38:40,1,-999,720,3,1,710
07/07/2026 11:38:56,1,-999,720,3,1,710
07/07/2026 11:39:12,1,-999,720,3,1,710
07/07/2026 11:39:28,1,-999,720,3,1,590
07/07/2026 11:39:44,1,-999,720,3,1,590
07/07/2026 11:40:00,1,-999,720,3,1,580
07/07/2026 11:40:16,1,-999,720,3,1,580
07/07/2026 11:40:32,1,-999,720,3,1,580
07/07/2026 11:40:48,1,-999,720,3,1,580
07/07/2026 11:41:04,1,-999,720,3,1,580
07/07/2026 11:41:20,1,-999,720,3,1,580
07/07/2026 11:41:36,1,-999,720,3,1,580
07/07/2026 11:41:52,1,-999,720,3,1,590
07/07/2026 11:42:08,1,710,720,3,1,590
07/07/2026 11:42:24,1,710,720,3,1,570
07/07/2026 11:42:40,1,710,720,3,1,570
07/07/2026 11:42:56,1,710,720,3,1,570
07/07/2026 11:43:12,1,710,720,3,1,570
07/07/2026 11:43:28,1,700,720,3,2,570
07/07/2026 11:43:44,1,700,720,3,2,570
07/07/2026 11:44:00,1,700,720,3,2,570
07/07/2026 11:44:16,1,670,720,3,2,560
07/07/2026 11:44:32,1,670,720,3,2,560
07/07/2026 11:44:48,1,670,720,3,2,640
07/07/2026 11:45:04,1,670,720,3,2,640
07/07/2026 11:45:20,1,670,720,3,1,580
07/07/2026 11:45:36,1,670,720,3,1,580
07/07/2026 11:45:52,1,670,720,3,1,600
07/07/2026 11:46:08,1,670,720,3,1,600
07/07/2026 11:46:24,1,670,720,3,1,600
07/07/2026 11:46:40,1,710,720,3,2,630
07/07/2026 11:46:56,1,710,720,3,2,630
07/07/2026 11:47:12,1,720,720,3,2,580
07/07/2026 11:47:28,1,720,720,3,2,580
07/07/2026 11:47:44,1,730,720,3,2,590
07/07/2026 11:48:00,1,730,720,3,2,590
07/07/2026 11:48:16,1,740,720,3,2,630
07/07/2026 11:48:32,1,740,720,3,2,630
07/07/2026 11:48:48,1,740,720,3,2,630
07/07/2026 11:49:04,1,740,720,3,1,610
07/07/2026 11:49:20,1,740,720,3,1,610
07/07/2026 11:49:36,1,740,720,3,2,620
07/07/2026 11:49:52,1,740,720,3,2,620
07/07/2026 11:50:08,1,740,720,3,1,600
07/07/2026 11:50:24,1,740,720,3,1,600
07/07/2026 11:50:40,1,750,720,3,2,610
07/07/2026 11:50:56,1,750,720,3,2,610
07/07/2026 11:51:12,1,750,720,3,2,610
07/07/2026 11:51:28,1,750,720,3,1,1620
07/07/2026 11:51:44,1,750,720,3,1,1620
07/07/2026 11:52:00,1,750,720,3,1,1630
07/07/2026 11:52:16,1,750,720,3,1,1630
07/07/2026 11:52:32,1,750,720,3,1,1640
07/07/2026 11:52:48,1,750,720,3,1,1640
07/07/2026 11:53:04,1,750,720,3,1,1650
07/07/2026 11:53:20,1,750,720,3,1,1650
07/07/2026 11:53:36,1,750,720,3,1,1650
07/07/2026 11:53:52,1,750,720,3,2,580
07/07/2026 11:54:08,1,750,720,3,2,580
07/07/2026 11:54:24,1,750,720,3,2,580
07/07/2026 11:54:40,1,720,720,3,2,580
07/07/2026 11:54:56,1,720,720,3,2,560
07/07/2026 11:55:12,1,700,720,3,2,560
07/07/2026 11:55:28,1,720,720,3,2,630
07/07/2026 11:55:44,1,720,720,3,2,630
07/07/2026 11:56:00,1,760,720,3,2,630
07/07/2026 11:56:16,1,760,720,3,2,640
07/07/2026 11:56:32,1,730,720,3,2,640
07/07/2026 11:56:48,1,730,720,3,1,580
07/07/2026 11:57:04,1,700,720,3,1,580
07/07/2026 11:57:20,1,700,720,3,1,1710
07/07/2026 11:57:36,1,700,720,3,1,1710
07/07/2026 11:57:52,1,730,720,3,1,1680
07/07/2026 11:58:08,1,730,720,3,1,1680
07/07/2026 11:58:24,1,760,720,3,1,1680
07/07/2026 11:58:40,1,760,720,3,1,1660
07/07/2026 11:58:56,1,760,720,3,1,1660
07/07/2026 11:59:12,1,760,720,3,2,630
07/07/2026 11:59:28,1,760,720,3,2,630
07/07/2026 11:59:44,1,760,720,3,3,610
07/07/2026 12:00:00,1,750,750,3,3,610
07/07/2026 12:00:16,1,750,750,3,2,590
07/07/2026 12:00:32,1,750,750,3,2,590
07/07/2026 12:00:48,1,750,750,3,2,590
07/07/2026 12:01:04,1,750,750,3,2,660
07/07/2026 12:01:20,1,750,750,3,2,660
07/07/2026 12:01:36,1,750,750,3,2,630
07/07/2026 12:01:52,1,750,750,3,2,630
07/07/2026 12:02:08,1,750,750,3,2,590
07/07/2026 12:02:24,1,750,750,3,2,590
07/07/2026 12:02:40,1,750,750,3,1,600
07/07/2026 12:02:56,1,750,750,3,1,600
07/07/2026 12:03:12,1,740,750,3,1,600
07/07/2026 12:03:28,1,740,750,3,3,640
07/07/2026 12:03:44,1,690,750,3,3,640
07/07/2026 12:04:00,1,690,750,3,1,1630
07/07/2026 12:04:16,1,690,750,3,1,1630
07/07/2026 12:04:32,1,740,750,3,1,1600
07/07/2026 12:04:48,1,740,750,3,1,1600
07/07/2026 12:05:04,1,740,750,3,2,620
07/07/2026 12:05:20,1,740,750,3,2,620
07/07/2026 12:05:36,1,740,750,3,2,620
07/07/2026 12:05:52,1,740,750,3,1,1560
07/07/2026 12:06:08,1,740,750,3,1,1560
07/07/2026 12:06:24,1,740,750,3,1,1540
07/07/2026 12:06:40,1,740,750,3,1,1540
07/07/2026 12:06:56,1,740,750,3,2,630
07/07/2026 12:07:12,1,740,750,3,2,630
07/07/2026 12:07:28,1,740,750,3,1,600
07/07/2026 12:07:44,1,740,750,3,1,600
07/07/2026 12:08:00,1,740,750,3,1,600
07/07/2026 12:08:16,1,740,750,3,2,550
07/07/2026 12:08:32,1,-999,750,3,2,550
07/07/2026 12:08:48,1,-999,750,3,2,550
07/07/2026 12:09:04,1,-999,750,3,2,550
07/07/2026 12:09:20,1,-999,750,3,3,550
07/07/2026 12:09:36,1,-999,750,3,3,550
07/07/2026 12:09:52,1,-999,750,3,2,950
07/07/2026 12:10:08,1,-999,750,3,2,950
07/07/2026 12:10:24,1,-999,750,3,2,950
07/07/2026 12:10:40,1,-999,750,3,1,860
07/07/2026 12:10:56,1,-999,750,3,1,860
07/07/2026 12:11:12,1,-999,750,3,3,570
07/07/2026 12:11:28,1,-999,750,3,3,570
07/07/2026 12:11:44,1,-999,750,3,1,1490
07/07/2026 12:12:00,1,-999,750,3,1,1490
07/07/2026 12:12:16,1,-999,750,3,1,1420
07/07/2026 12:12:32,1,-999,750,3,1,1420
07/07/2026 12:12:48,1,-999,750,3,1,1420
07/07/2026 12:13:04,1,-999,750,3,1,1490
07/07/2026 12:13:20,1,-999,750,3,1,1490
07/07/2026 12:13:36,1,-999,750,3,1,1520
07/07/2026 12:13:52,1,-999,750,3,1,1520
07/07/2026 12:14:08,1,1630,750,3,1,1530
07/07/2026 12:14:24,1,850,750,3,1,1530
07/07/2026 12:14:40,1,850,750,3,1,1560
07/07/2026 12:14:56,1,850,750,3,1,1560
07/07/2026 12:15:12,1,850,750,3,1,1560
07/07/2026 12:15:28,1,850,750,3,1,1560
07/07/2026 12:15:44,1,850,750,3,1,1560
07/07/2026 12:16:00,1,800,750,3,2,1090
07/07/2026 12:16:16,1,800,750,3,2,1090
07/07/2026 12:16:32,1,800,750,3,2,1010
07/07/2026 12:16:48,1,780,750,3,2,1010
07/07/2026 12:17:04,1,780,750,3,2,940
07/07/2026 12:17:20,1,750,750,3,2,940
07/07/2026 12:17:36,1,1690,750,3,2,940
07/07/2026 12:17:52,1,1690,750,3,2,920
07/07/2026 12:18:08,1,730,750,3,2,920
07/07/2026 12:18:24,1,730,750,3,2,870
07/07/2026 12:18:40,1,730,750,3,2,870
07/07/2026 12:18:56,1,730,750,3,1,1700
07/07/2026 12:19:12,1,730,750,3,1,1700
07/07/2026 12:19:28,1,700,750,3,2,610
07/07/2026 12:19:44,1,700,750,3,2,610
07/07/2026 12:20:00,1,700,750,3,2,610
07/07/2026 12:20:16,1,700,750,3,1,1610
07/07/2026 12:20:32,1,690,750,3,1,1610
07/07/2026 12:20:48,1,-999,750,3,2,660
07/07/2026 12:21:04,1,-999,750,3,2,660
07/07/2026 12:21:20,1,-999,750,3,2,640
07/07/2026 12:21:36,1,-999,750,3,2,640
07/07/2026 12:21:52,1,-999,750,3,1,1660
07/07/2026 12:22:08,1,-999,750,3,1,1660
07/07/2026 12:22:24,1,-999,750,3,1,1660
07/07/2026 12:22:40,1,-999,750,3,2,560
07/07/2026 12:22:56,1,-999,750,3,2,560
07/07/2026 12:23:12,1,740,750,3,2,560
07/07/2026 12:23:28,1,740,750,3,2,560
07/07/2026 12:23:44,1,740,750,3,1,1630
07/07/2026 12:24:00,1,740,750,3,1,1630
07/07/2026 12:24:16,1,710,750,3,2,620
07/07/2026 12:24:32,1,710,750,3,2,620
07/07/2026 12:24:48,1,710,750,3,2,620
07/07/2026 12:25:04,1,710,750,3,2,620
07/07/2026 12:25:20,1,710,750,3,2,620
07/07/2026 12:25:36,1,710,750,3,2,640
07/07/2026 12:25:52,1,710,750,3,2,640
07/07/2026 12:26:08,1,710,750,3,2,570
07/07/2026 12:26:24,1,690,750,3,2,570
07/07/2026 12:26:40,1,700,750,3,2,600
07/07/2026 12:26:56,1,700,750,3,2,600
07/07/2026 12:27:12,1,700,750,3,2,600
07/07/2026 12:27:28,1,700,750,3,2,570
07/07/2026 12:27:44,1,700,750,3,2,570
07/07/2026 12:28:00,1,700,750,3,1,1630
07/07/2026 12:28:16,1,700,750,3,1,1630
07/07/2026 12:28:32,1,700,750,3,1,1620
07/07/2026 12:28:48,1,700,750,3,1,1620
07/07/2026 12:29:04,1,700,750,3,1,1610
07/07/2026 12:29:20,1,680,750,3,1,1610
07/07/2026 12:29:36,1,680,750,3,1,1610
07/07/2026 12:29:52,1,680,750,3,1,1570
07/07/2026 12:30:08,1,-999,750,3,1,1570
07/07/2026 12:30:24,1,-999,750,3,1,1490
07/07/2026 12:30:40,1,-999,750,3,1,1490
07/07/2026 12:30:56,1,-999,750,3,1,1470
07/07/2026 12:31:12,1,-999,750,3,1,1470
07/07/2026 12:31:28,1,1680,750,3,1,1550
07/07/2026 12:31:44,1,1680,750,3,1,1550
07/07/2026 12:32:00,1,1680,750,3,1,1550
07/07/2026 12:32:16,1,1680,750,3,1,1530
07/07/2026 12:32:32,1,1680,750,3,1,1530
07/07/2026 12:32:48,1,780,750,3,3,580
07/07/2026 12:33:04,1,1670,750,3,3,580
07/07/2026 12:33:20,1,780,750,3,2,830
07/07/2026 12:33:36,1,780,750,3,2,830
07/07/2026 12:33:52,1,780,750,3,1,1630
07/07/2026 12:34:08,1,780,750,3,1,1630
07/07/2026 12:34:24,1,790,750,3,1,1630
07/07/2026 12:34:40,1,780,750,3,1,1610
07/07/2026 12:34:56,1,780,750,3,1,1610
07/07/2026 12:35:12,1,780,750,3,2,640
07/07/2026 12:35:28,1,780,750,3,2,640
07/07/2026 12:35:44,1,780,750,3,1,1540
07/07/2026 12:36:00,1,780,750,3,1,1540
07/07/2026 12:36:16,1,780,750,3,2,710
07/07/2026 12:36:32,1,780,750,3,2,710
07/07/2026 12:36:48,1,850,750,3,2,710
07/07/2026 12:37:04,1,850,750,3,2,710
07/07/2026 12:37:20,1,850,750,3,2,710
07/07/2026 12:37:36,1,850,750,3,3,700
07/07/2026 12:37:52,1,790,750,3,3,700
07/07/2026 12:38:08,1,790,750,3,2,710
07/07/2026 12:38:24,1,790,750,3,2,710
07/07/2026 12:38:40,1,850,750,3,1,760
07/07/2026 12:38:56,1,850,750,3,1,760
07/07/2026 12:39:12,1,860,750,3,1,760
07/07/2026 12:39:28,1,860,750,3,3,790
07/07/2026 12:39:44,1,860,750,3,3,790
07/07/2026 12:40:00,1,860,750,3,1,1410
07/07/2026 12:40:16,1,860,750,3,1,1410
07/07/2026 12:40:32,1,860,750,3,2,850
07/07/2026 12:40:48,1,880,750,3,2,850
07/07/2026 12:41:04,1,880,750,3,1,1320
07/07/2026 12:41:20,1,880,750,3,1,1320
07/07/2026 12:41:36,1,880,750,3,1,1320
07/07/2026 12:41:52,1,880,750,3,2,810
07/07/2026 12:42:08,1,-999,750,3,2,810
07/07/2026 12:42:24,1,-999,750,3,2,910
07/07/2026 12:42:40,1,-999,750,3,2,910
07/07/2026 12:42:56,1,-999,750,3,2,630
07/07/2026 12:43:12,1,-999,750,3,2,630
07/07/2026 12:43:28,1,-999,750,3,1,590
07/07/2026 12:43:44,1,-999,750,3,1,590
07/07/2026 12:44:00,1,-999,750,3,1,590
07/07/2026 12:44:16,1,-999,750,3,2,580
07/07/2026 12:44:32,1,-999,750,3,2,580
07/07/2026 12:44:48,1,-999,750,3,2,600
07/07/2026 12:45:04,1,-999,750,3,2,600
07/07/2026 12:45:20,1,-999,750,3,2,650
07/07/2026 12:45:36,1,-999,750,3,2,650
07/07/2026 12:45:52,1,-999,750,3,2,630
07/07/2026 12:46:08,1,-999,750,3,2,630
07/07/2026 12:46:24,1,-999,750,3,2,630
07/07/2026 12:46:40,1,-999,750,3,2,410
07/07/2026 12:46:56,1,-999,750,3,2,410
07/07/2026 12:47:12,1,-999,750,3,1,1050
07/07/2026 12:47:28,1,-999,750,3,1,1050
07/07/2026 12:47:44,1,-999,750,3,1,950
07/07/2026 12:48:00,1,-999,750,3,1,950
07/07/2026 12:48:16,1,-999,750,3,2,650
07/07/2026 12:48:32,1,-999,750,3,2,650
07/07/2026 12:48:48,1,-999,750,3,2,650
07/07/2026 12:49:04,1,-999,750,3,2,920
07/07/2026 12:49:20,1,-999,750,3,2,920
07/07/2026 12:49:36,1,-999,750,3,3,650
07/07/2026 12:49:52,1,-999,750,3,3,650
07/07/2026 12:50:08,1,-999,750,3,2,790
07/07/2026 12:50:24,1,-999,750,3,2,790
07/07/2026 12:50:40,1,-999,750,3,2,790
07/07/2026 12:50:56,1,-999,750,3,2,790
07/07/2026 12:51:12,1,-999,750,3,2,790
07/07/2026 12:51:28,1,-999,750,3,1,730
07/07/2026 12:51:44,1,-999,750,3,1,730
07/07/2026 12:52:00,1,-999,750,3,1,700
07/07/2026 12:52:16,1,-999,750,3,1,700
07/07/2026 12:52:32,1,-999,750,3,2,720
07/07/2026 12:52:48,1,-999,750,3,2,720
07/07/2026 12:53:04,1,-999,750,3,1,920
07/07/2026 12:53:20,1,-999,750,3,1,920
07/07/2026 12:53:36,1,-999,750,3,1,920
07/07/2026 12:53:52,1,-999,750,3,2,890
07/07/2026 12:54:08,1,-999,750,3,2,890
07/07/2026 12:54:24,1,-999,750,3,2,750
07/07/2026 12:54:40,1,-999,750,3,2,750
07/07/2026 12:54:56,1,-999,750,3,2,950
07/07/2026 12:55:12,1,-999,750,3,2,950
07/07/2026 12:55:28,1,-999,750,3,2,800
07/07/2026 12:55:44,1,-999,750,3,2,800
07/07/2026 12:56:00,1,-999,750,3,2,800
07/07/2026 12:56:16,1,-999,750,3,2,820
07/07/2026 12:56:32,1,-999,750,3,2,820
07/07/2026 12:56:48,1,-999,750,3,1,710
07/07/2026 12:57:04,1,-999,750,3,1,710
07/07/2026 12:57:20,1,-999,750,3,2,720
07/07/2026 12:57:36,1,-999,750,3,2,720
07/07/2026 12:57:52,1,-999,750,3,2,760
07/07/2026 12:58:08,1,-999,750,3,2,760
07/07/2026 12:58:24,1,870,750,3,2,760
07/07/2026 12:58:40,1,870,750,3,2,830
07/07/2026 12:58:56,1,870,750,3,2,830
07/07/2026 12:59:12,1,870,750,3,2,760
07/07/2026 12:59:28,1,870,750,3,2,760
07/07/2026 12:59:44,1,870,750,3,2,780
07/07/2026 13:00:00,1,870,750,3,2,780
07/07/2026 13:00:16,1,-999,750,3,2,720
07/07/2026 13:00:32,1,-999,750,3,2,720
07/07/2026 13:00:48,1,-999,750,3,2,720
07/07/2026 13:01:04,1,-999,750,3,1,1140
07/07/2026 13:01:20,1,-999,750,3,1,1140
07/07/2026 13:01:36,1,-999,750,3,1,1150
07/07/2026 13:01:52,1,-999,750,3,1,1150
07/07/2026 13:02:08,1,-999,750,3,1,1130
07/07/2026 13:02:24,1,-999,750,3,1,1130
07/07/2026 13:02:40,1,-999,750,3,1,1190
07/07/2026 13:02:56,1,-999,750,3,1,1190
07/07/2026 13:03:12,1,-999,750,3,1,1190
07/07/2026 13:03:28,1,-999,750,3,1,1160
07/07/2026 13:03:44,1,-999,750,3,1,1160
07/07/2026 13:04:00,1,-999,750,3,1,1170
07/07/2026 13:04:16,1,-999,750,3,1,1170
07/07/2026 13:04:32,1,-999,750,3,1,1160
07/07/2026 13:04:48,1,-999,750,3,1,1160
07/07/2026 13:05:04,1,-999,750,3,1,1160
07/07/2026 13:05:20,1,-999,750,3,1,1160
07/07/2026 13:05:36,1,-999,750,3,1,1160
07/07/2026 13:05:52,1,-999,750,3,2,1210
07/07/2026 13:06:08,1,-999,750,3,2,1210
07/07/2026 13:06:24,1,-999,750,3,3,1330
07/07/2026 13:06:40,1,1280,750,3,3,1330
07/07/2026 13:06:56,1,1280,750,3,2,1540
07/07/2026 13:07:12,1,1280,750,3,2,1540
07/07/2026 13:07:28,1,-999,750,3,2,1260
07/07/2026 13:07:44,1,-999,750,3,2,1260
07/07/2026 13:08:00,1,-999,750,3,2,1260
07/07/2026 13:08:16,1,-999,750,3,2,1240
07/07/2026 13:08:32,1,-999,750,3,2,1240
07/07/2026 13:08:48,1,-999,750,3,1,1630
07/07/2026 13:09:04,1,-999,750,3,1,1630
07/07/2026 13:09:20,1,-999,750,3,2,1260
07/07/2026 13:09:36,1,-999,750,3,2,1260
07/07/2026 13:09:52,1,770,750,3,1,1270
07/07/2026 13:10:08,1,770,750,3,1,1270
07/07/2026 13:10:24,1,760,750,3,1,1270
07/07/2026 13:10:40,1,760,750,3,1,1270
07/07/2026 13:10:56,1,760,750,3,1,1270
07/07/2026 13:11:12,1,1390,750,3,1,1270
07/07/2026 13:11:28,1,1390,750,3,1,1270
07/07/2026 13:11:44,1,1390,750,3,1,1690
07/07/2026 13:12:00,1,1390,750,3,1,1690
07/07/2026 13:12:16,1,-999,750,3,1,1630
07/07/2026 13:12:32,1,-999,750,3,1,1630
07/07/2026 13:12:48,1,-999,750,3,1,1630
07/07/2026 13:13:04,1,-999,750,3,2,1330
07/07/2026 13:13:20,1,-999,750,3,2,1330
07/07/2026 13:13:36,1,1390,750,3,1,1330
07/07/2026 13:13:52,1,1390,750,3,1,1330
07/07/2026 13:14:08,1,1840,750,3,1,1330
07/07/2026 13:14:24,1,1840,750,3,1,1330
07/07/2026 13:14:40,1,-999,750,3,2,1370
07/07/2026 13:14:56,1,-999,750,3,2,1370
07/07/2026 13:15:12,1,-999,750,3,2,1370
07/07/2026 13:15:28,1,-999,750,3,1,1370
07/07/2026 13:15:44,1,-999,750,3,1,1370
07/07/2026 13:16:00,1,-999,750,3,2,1360
07/07/2026 13:16:16,1,-999,750,3,2,1360
07/07/2026 13:16:32,1,-999,750,3,1,1430
07/07/2026 13:16:48,1,-999,750,3,1,1430
07/07/2026 13:17:04,1,-999,750,3,1,1600
07/07/2026 13:17:20,1,-999,750,3,1,1600
07/07/2026 13:17:36,1,-999,750,3,1,1600
07/07/2026 13:17:52,1,-999,750,3,1,1640
07/07/2026 13:18:08,1,-999,750,3,1,1640
07/07/2026 13:18:24,1,-999,750,3,1,1670
07/07/2026 13:18:40,1,-999,750,3,1,1670
07/07/2026 13:18:56,1,-999,750,3,1,1680
07/07/2026 13:19:12,1,-999,750,3,1,1680
07/07/2026 13:19:28,1,-999,750,3,1,1670
07/07/2026 13:19:44,1,-999,750,3,1,1670
07/07/2026 13:20:00,1,-999,750,3,1,1670
07/07/2026 13:20:16,1,1750,750,3,1,1610
07/07/2026 13:20:32,1,1750,750,3,1,1610
07/07/2026 13:20:48,1,1750,750,3,1,1480
07/07/2026 13:21:04,1,1750,750,3,1,1480
07/07/2026 13:21:20,1,1790,750,3,1,1480
07/07/2026 13:21:36,1,1790,750,3,1,1480
07/07/2026 13:21:52,1,-999,750,3,1,1460
07/07/2026 13:22:08,1,-999,750,3,1,1460
07/07/2026 13:22:24,1,-999,750,3,1,1460
07/07/2026 13:22:40,1,-999,750,3,1,1490
07/07/2026 13:22:56,1,1650,750,3,1,1490
07/07/2026 13:23:12,1,1650,750,3,2,810
07/07/2026 13:23:28,1,1650,750,3,2,810
07/07/2026 13:23:44,1,-999,750,3,2,780
07/07/2026 13:24:00,1,-999,750,3,2,780
07/07/2026 13:24:16,1,-999,750,3,1,1600
07/07/2026 13:24:32,1,-999,750,3,1,1600
07/07/2026 13:24:48,1,-999,750,3,1,1600
07/07/2026 13:25:04,1,-999,750,3,1,1540
07/07/2026 13:25:20,1,-999,750,3,1,1540
07/07/2026 13:25:36,1,-999,750,3,1,1420
07/07/2026 13:25:52,1,890,750,3,1,1420
07/07/2026 13:26:08,1,850,750,3,1,1490
07/07/2026 13:26:24,1,850,750,3,1,1490
07/07/2026 13:26:40,1,870,750,3,2,740
07/07/2026 13:26:56,1,870,750,3,2,740
07/07/2026 13:27:12,1,870,750,3,2,740
07/07/2026 13:27:28,1,850,750,3,2,720
07/07/2026 13:27:44,1,850,750,3,2,720
07/07/2026 13:28:00,1,850,750,3,1,1570
07/07/2026 13:28:16,1,850,750,3,1,1570
07/07/2026 13:28:32,1,850,750,3,1,1540
07/07/2026 13:28:48,1,850,750,3,1,1540
07/07/2026 13:29:04,1,850,750,3,1,1630
07/07/2026 13:29:20,1,850,750,3,1,1630
07/07/2026 13:29:36,1,840,750,3,1,1630
07/07/2026 13:29:52,1,840,750,3,1,1660
07/07/2026 13:30:08,1,840,750,3,1,1660
07/07/2026 13:30:24,1,840,750,3,2,1470
07/07/2026 13:30:40,1,840,750,3,2,1470
07/07/2026 13:30:56,1,840,750,3,2,830
07/07/2026 13:31:12,1,840,750,3,2,830
07/07/2026 13:31:28,1,840,750,3,1,690
07/07/2026 13:31:44,1,840,750,3,1,690
07/07/2026 13:32:00,1,860,750,3,1,690
07/07/2026 13:32:16,1,860,750,3,2,760
07/07/2026 13:32:32,1,860,750,3,2,760
07/07/2026 13:32:48,1,860,750,3,2,780
07/07/2026 13:33:04,1,880,750,3,2,780
07/07/2026 13:33:20,1,880,750,3,1,1590
07/07/2026 13:33:36,1,880,750,3,1,1590
07/07/2026 13:33:52,1,880,750,3,1,1500
07/07/2026 13:34:08,1,890,750,3,1,1500
07/07/2026 13:34:24,1,890,750,3,1,1500
07/07/2026 13:34:40,1,-999,750,3,2,1490
07/07/2026 13:34:56,1,-999,750,3,2,1490
07/07/2026 13:35:12,1,-999,750,3,2,1480
07/07/2026 13:35:28,1,-999,750,3,2,1480
07/07/2026 13:35:44,1,-999,750,3,1,1680
07/07/2026 13:36:00,1,-999,750,3,1,1680
07/07/2026 13:36:16,1,930,750,3,1,1680
07/07/2026 13:36:32,1,930,750,3,1,1680
07/07/2026 13:36:48,1,940,750,3,1,1680
07/07/2026 13:37:04,1,940,750,3,1,1450
07/07/2026 13:37:20,1,940,750,3,1,1450
07/07/2026 13:37:36,1,940,750,3,1,1400
07/07/2026 13:37:52,1,940,750,3,1,1400
07/07/2026 13:38:08,1,1550,750,3,2,1390
07/07/2026 13:38:24,1,1550,750,3,2,1390
07/07/2026 13:38:40,1,1550,750,3,1,1470
07/07/2026 13:38:56,1,-999,750,3,1,1470
07/07/2026 13:39:12,1,-999,750,3,1,1470
07/07/2026 13:39:28,1,-999,750,3,1,1510
07/07/2026 13:39:44,1,-999,750,3,1,1510
07/07/2026 13:40:00,1,1650,750,3,1,1550
07/07/2026 13:40:16,1,1650,750,3,1,1550
07/07/2026 13:40:32,1,1650,750,3,1,1530
07/07/2026 13:40:48,1,1650,750,3,1,1530
07/07/2026 13:41:04,1,1650,750,3,1,1570
07/07/2026 13:41:20,1,1650,750,3,1,1570
07/07/2026 13:41:36,1,1670,750,3,1,1570
07/07/2026 13:41:52,1,1670,750,3,1,1570
07/07/2026 13:42:08,1,1680,750,3,1,1570
07/07/2026 13:42:24,1,1680,750,3,1,1550
07/07/2026 13:42:40,1,1680,750,3,1,1550
07/07/2026 13:42:56,1,1680,750,3,1,1580
07/07/2026 13:43:12,1,1680,750,3,1,1580
07/07/2026 13:43:28,1,1680,750,3,1,1490
07/07/2026 13:43:44,1,1680,750,3,1,1490
07/07/2026 13:44:00,1,1680,750,3,1,1490
07/07/2026 13:44:16,1,1680,750,3,1,1630
07/07/2026 13:44:32,1,1680,750,3,1,1630
07/07/2026 13:44:48,1,690,750,3,1,1620
07/07/2026 13:45:04,1,690,750,3,1,1620
07/07/2026 13:45:20,1,690,750,3,1,1620
07/07/2026 13:45:36,1,690,750,3,1,1620
07/07/2026 13:45:52,1,690,750,3,2,1500
07/07/2026 13:46:08,1,690,750,3,2,1500
07/07/2026 13:46:24,1,690,750,3,2,1500
07/07/2026 13:46:40,1,690,750,3,1,1520
07/07/2026 13:46:56,1,690,750,3,1,1520
07/07/2026 13:47:12,1,690,750,3,1,1570
07/07/2026 13:47:28,1,690,750,3,1,1570
07/07/2026 13:47:44,1,690,750,3,1,1580
07/07/2026 13:48:00,1,1730,750,3,1,1580
07/07/2026 13:48:16,1,1730,750,3,1,1600
07/07/2026 13:48:32,1,1720,750,3,1,1600
07/07/2026 13:48:48,1,1720,750,3,1,1600
07/07/2026 13:49:04,1,1720,750,3,1,1620
07/07/2026 13:49:20,1,1720,750,3,1,1620
07/07/2026 13:49:36,1,1720,750,3,1,1620
07/07/2026 13:49:52,1,1720,750,3,1,1620
07/07/2026 13:50:08,1,1720,750,3,1,1630
07/07/2026 13:50:24,1,1720,750,3,1,1630
07/07/2026 13:50:40,1,1720,750,3,1,1640
07/07/2026 13:50:56,1,910,750,3,1,1640
07/07/2026 13:51:12,1,910,750,3,1,1640
07/07/2026 13:51:28,1,910,750,3,1,1640
07/07/2026 13:51:44,1,900,750,3,1,1640
07/07/2026 13:52:00,1,900,750,3,1,1650
07/07/2026 13:52:16,1,900,750,3,1,1650
07/07/2026 13:52:32,1,900,750,3,1,1640
07/07/2026 13:52:48,1,900,750,3,1,1640
07/07/2026 13:53:04,1,900,750,3,2,760
07/07/2026 13:53:20,1,890,750,3,2,760
07/07/2026 13:53:36,1,870,750,3,2,760
07/07/2026 13:53:52,1,860,750,3,1,1670
07/07/2026 13:54:08,1,860,750,3,1,1670
07/07/2026 13:54:24,1,860,750,3,1,1710
07/07/2026 13:54:40,1,860,750,3,1,1710
07/07/2026 13:54:56,1,860,750,3,1,1710
07/07/2026 13:55:12,1,860,750,3,1,1710
07/07/2026 13:55:28,1,1820,750,3,1,1670
07/07/2026 13:55:44,1,1820,750,3,1,1670
07/07/2026 13:56:00,1,1820,750,3,1,1670
07/07/2026 13:56:16,1,1840,750,3,1,1680
07/07/2026 13:56:32,1,1840,750,3,1,1680
07/07/2026 13:56:48,1,1840,750,3,1,1700
07/07/2026 13:57:04,1,1840,750,3,1,1700
07/07/2026 13:57:20,1,1840,750,3,1,1730
07/07/2026 13:57:36,1,1840,750,3,1,1730
07/07/2026 13:57:52,1,1840,750,3,1,1700
07/07/2026 13:58:08,1,1840,750,3,1,1700
07/07/2026 13:58:24,1,1840,750,3,1,1700
07/07/2026 13:58:40,1,930,750,3,1,1710
07/07/2026 13:58:56,1,930,750,3,1,1710
07/07/2026 13:59:12,1,930,750,3,1,1720
07/07/2026 13:59:28,1,930,750,3,1,1720
07/07/2026 13:59:44,1,930,750,3,1,1730
07/07/2026 14:00:00,1,930,860,3,1,1730
07/07/2026 14:00:16,1,930,860,3,1,1750
07/07/2026 14:00:32,1,930,860,3,1,1750
07/07/2026 14:00:48,1,920,860,3,1,1750
07/07/2026 14:01:04,1,920,860,3,1,1750
07/07/2026 14:01:20,1,920,860,3,1,1750
07/07/2026 14:01:36,1,920,860,3,1,1750
07/07/2026 14:01:52,1,920,860,3,1,1750
07/07/2026 14:02:08,1,920,860,3,1,1730
07/07/2026 14:02:24,1,920,860,3,1,1730
07/07/2026 14:02:40,1,920,860,3,1,1760
07/07/2026 14:02:56,1,910,860,3,1,1760
07/07/2026 14:03:12,1,910,860,3,1,1760
07/07/2026 14:03:28,1,910,860,3,1,1700
07/07/2026 14:03:44,1,910,860,3,1,1700
07/07/2026 14:04:00,1,910,860,3,1,1670
07/07/2026 14:04:16,1,910,860,3,1,1670
07/07/2026 14:04:32,1,900,860,3,1,1660
07/07/2026 14:04:48,1,900,860,3,1,1660
07/07/2026 14:05:04,1,900,860,3,1,1660
07/07/2026 14:05:20,1,900,860,3,1,1660
07/07/2026 14:05:36,1,900,860,3,1,1660
07/07/2026 14:05:52,1,900,860,3,1,1700
07/07/2026 14:06:08,1,900,860,3,1,1700
07/07/2026 14:06:24,1,900,860,3,1,1710
07/07/2026 14:06:40,1,900,860,3,1,1710
07/07/2026 14:06:56,1,900,860,3,1,1700
07/07/2026 14:07:12,1,900,860,3,1,1700
07/07/2026 14:07:28,1,900,860,3,1,1690
07/07/2026 14:07:44,1,900,860,3,1,1690
07/07/2026 14:08:00,1,900,860,3,1,1690
07/07/2026 14:08:16,1,900,860,3,1,1680
07/07/2026 14:08:32,1,900,860,3,1,1680
07/07/2026 14:08:48,1,900,860,3,1,1670
07/07/2026 14:09:04,1,900,860,3,1,1670
07/07/2026 14:09:20,1,1830,860,3,1,1630
07/07/2026 14:09:36,1,680,860,3,1,1630
07/07/2026 14:09:52,1,680,860,3,1,1630
07/07/2026 14:10:08,1,680,860,3,1,1630
07/07/2026 14:10:24,1,680,860,3,1,1630
07/07/2026 14:10:40,1,690,860,3,1,1670
07/07/2026 14:10:56,1,690,860,3,1,1670
07/07/2026 14:11:12,1,690,860,3,1,1740
07/07/2026 14:11:28,1,700,860,3,1,1740
07/07/2026 14:11:44,1,700,860,3,1,1700
07/07/2026 14:12:00,1,700,860,3,1,1700
07/07/2026 14:12:16,1,700,860,3,1,1700
07/07/2026 14:12:32,1,700,860,3,1,1700
07/07/2026 14:12:48,1,700,860,3,1,1700
07/07/2026 14:13:04,1,700,860,3,1,1680
07/07/2026 14:13:20,1,700,860,3,1,1680
07/07/2026 14:13:36,1,700,860,3,1,1610
07/07/2026 14:13:52,1,700,860,3,1,1610
07/07/2026 14:14:08,1,700,860,3,1,1640
07/07/2026 14:14:24,1,700,860,3,1,1640
07/07/2026 14:14:40,1,700,860,3,1,1620
07/07/2026 14:14:56,1,700,860,3,1,1620
07/07/2026 14:15:12,1,700,860,3,1,1620
07/07/2026 14:15:28,1,700,860,3,1,1520
07/07/2026 14:15:44,1,700,860,3,1,1520
07/07/2026 14:16:00,1,710,860,3,1,1540
07/07/2026 14:16:16,1,710,860,3,1,1540
07/07/2026 14:16:32,1,710,860,3,1,1530
07/07/2026 14:16:48,1,710,860,3,1,1530
07/07/2026 14:17:04,1,720,860,3,1,1540
07/07/2026 14:17:20,1,720,860,3,1,1540
07/07/2026 14:17:36,1,720,860,3,1,1540
07/07/2026 14:17:52,1,720,860,3,1,1570
07/07/2026 14:18:08,1,750,860,3,1,1570
07/07/2026 14:18:24,1,850,860,3,1,1590
07/07/2026 14:18:40,1,850,860,3,1,1590
07/07/2026 14:18:56,1,850,860,3,1,1590
07/07/2026 14:19:12,1,850,860,3,1,1590
07/07/2026 14:19:28,1,850,860,3,1,1610
07/07/2026 14:19:44,1,850,860,3,1,1610
07/07/2026 14:20:00,1,850,860,3,1,1610
07/07/2026 14:20:16,1,850,860,3,1,1560
07/07/2026 14:20:32,1,850,860,3,1,1560
07/07/2026 14:20:48,1,850,860,3,1,1500
07/07/2026 14:21:04,1,850,860,3,1,1500
07/07/2026 14:21:20,1,850,860,3,1,1460
07/07/2026 14:21:36,1,850,860,3,1,1460
07/07/2026 14:21:52,1,850,860,3,1,1500
07/07/2026 14:22:08,1,850,860,3,1,1500
07/07/2026 14:22:24,1,850,860,3,1,1500
07/07/2026 14:22:40,1,850,860,3,1,1510
07/07/2026 14:22:56,1,850,860,3,1,1510
07/07/2026 14:23:12,1,840,860,3,1,1550
07/07/2026 14:23:28,1,840,860,3,1,1550
07/07/2026 14:23:44,1,820,860,3,1,1520
07/07/2026 14:24:00,1,820,860,3,1,1520
07/07/2026 14:24:16,1,820,860,3,1,1470
07/07/2026 14:24:32,1,820,860,3,1,1470
07/07/2026 14:24:48,1,820,860,3,1,1470
07/07/2026 14:25:04,1,820,860,3,1,1470
07/07/2026 14:25:20,1,820,860,3,1,1470
07/07/2026 14:25:36,1,820,860,3,1,1490
07/07/2026 14:25:52,1,820,860,3,1,1490
07/07/2026 14:26:08,1,820,860,3,1,1520
07/07/2026 14:26:24,1,800,860,3,1,1520
07/07/2026 14:26:40,1,800,860,3,1,1530
07/07/2026 14:26:56,1,800,860,3,1,1530
07/07/2026 14:27:12,1,800,860,3,1,1530
07/07/2026 14:27:28,1,800,860,3,1,1510
07/07/2026 14:27:44,1,800,860,3,1,1510
07/07/2026 14:28:00,1,800,860,3,1,1510
07/07/2026 14:28:16,1,790,860,3,1,1510
07/07/2026 14:28:32,1,790,860,3,1,1500
07/07/2026 14:28:48,1,1620,860,3,1,1500
07/07/2026 14:29:04,1,1620,860,3,1,1490
07/07/2026 14:29:20,1,1620,860,3,1,1490
07/07/2026 14:29:36,1,1620,860,3,1,1490
07/07/2026 14:29:52,1,1610,860,3,1,1490
07/07/2026 14:30:08,1,1610,860,3,1,1490
07/07/2026 14:30:24,1,1610,860,3,1,1480
07/07/2026 14:30:40,1,1610,860,3,1,1480
07/07/2026 14:30:56,1,1610,860,3,1,1480
07/07/2026 14:31:12,1,1610,860,3,1,1480
07/07/2026 14:31:28,1,1600,860,3,1,1500
07/07/2026 14:31:44,1,1600,860,3,1,1500
07/07/2026 14:32:00,1,1600,860,3,1,1500
07/07/2026 14:32:16,1,1600,860,3,1,1510
07/07/2026 14:32:32,1,1600,860,3,1,1510
07/07/2026 14:32:48,1,1600,860,3,1,1520
07/07/2026 14:33:04,1,1600,860,3,1,1520
07/07/2026 14:33:20,1,1600,860,3,1,1520
07/07/2026 14:33:36,1,1610,860,3,1,1520
07/07/2026 14:33:52,1,1610,860,3,1,1500
07/07/2026 14:34:08,1,1640,860,3,1,1500
07/07/2026 14:34:24,1,1640,860,3,1,1500
07/07/2026 14:34:40,1,1640,860,3,1,1500
07/07/2026 14:34:56,1,1640,860,3,1,1500
07/07/2026 14:35:12,1,1650,860,3,1,760
07/07/2026 14:35:28,1,1650,860,3,1,760
07/07/2026 14:35:44,1,1650,860,3,1,1510
07/07/2026 14:36:00,1,1650,860,3,1,1510
07/07/2026 14:36:16,1,1650,860,3,1,1620
07/07/2026 14:36:32,1,1650,860,3,1,1620
07/07/2026 14:36:48,1,920,860,3,1,1620
07/07/2026 14:37:04,1,910,860,3,1,650
07/07/2026 14:37:20,1,910,860,3,1,650
07/07/2026 14:37:36,1,910,860,3,1,1650
07/07/2026 14:37:52,1,920,860,3,1,1650
07/07/2026 14:38:08,1,910,860,3,2,680
07/07/2026 14:38:24,1,910,860,3,2,680
07/07/2026 14:38:40,1,910,860,3,1,1570
07/07/2026 14:38:56,1,900,860,3,1,1570
07/07/2026 14:39:12,1,900,860,3,1,1570
07/07/2026 14:39:28,1,890,860,3,2,740
07/07/2026 14:39:44,1,890,860,3,2,740
07/07/2026 14:40:00,1,890,860,3,2,850
07/07/2026 14:40:16,1,890,860,3,2,850
07/07/2026 14:40:32,1,890,860,3,1,870
07/07/2026 14:40:48,1,890,860,3,1,870
07/07/2026 14:41:04,1,890,860,3,3,780
07/07/2026 14:41:20,1,890,860,3,3,780
07/07/2026 14:41:36,1,880,860,3,3,780
07/07/2026 14:41:52,1,880,860,3,1,1620
07/07/2026 14:42:08,1,880,860,3,1,1620
07/07/2026 14:42:24,1,880,860,3,1,1590
07/07/2026 14:42:40,1,880,860,3,1,1590
07/07/2026 14:42:56,1,880,860,3,1,1570
07/07/2026 14:43:12,1,950,860,3,1,1570
07/07/2026 14:43:28,1,950,860,3,1,1590
07/07/2026 14:43:44,1,950,860,3,1,1590
07/07/2026 14:44:00,1,950,860,3,1,1590
07/07/2026 14:44:16,1,950,860,3,2,810
07/07/2026 14:44:32,1,950,860,3,2,810
07/07/2026 14:44:48,1,950,860,3,1,810
07/07/2026 14:45:04,1,950,860,3,1,810
07/07/2026 14:45:20,1,950,860,3,2,770
07/07/2026 14:45:36,1,950,860,3,2,770
07/07/2026 14:45:52,1,950,860,3,3,750
07/07/2026 14:46:08,1,960,860,3,3,750
07/07/2026 14:46:24,1,960,860,3,3,750
07/07/2026 14:46:40,1,960,860,3,3,940
07/07/2026 14:46:56,1,960,860,3,3,940
07/07/2026 14:47:12,1,980,860,3,2,910
07/07/2026 14:47:28,1,980,860,3,2,910
07/07/2026 14:47:44,1,980,860,3,1,920
07/07/2026 14:48:00,1,990,860,3,1,920
07/07/2026 14:48:16,1,990,860,3,1,1650
07/07/2026 14:48:32,1,990,860,3,1,1650
07/07/2026 14:48:48,1,1020,860,3,1,1650
07/07/2026 14:49:04,1,-999,860,3,3,740
07/07/2026 14:49:20,1,-999,860,3,3,740
07/07/2026 14:49:36,1,-999,860,3,2,700
07/07/2026 14:49:52,1,-999,860,3,2,700
07/07/2026 14:50:08,1,-999,860,3,2,730
07/07/2026 14:50:24,1,-999,860,3,2,730
07/07/2026 14:50:40,1,-999,860,3,2,700
07/07/2026 14:50:56,1,-999,860,3,2,700
07/07/2026 14:51:12,1,-999,860,3,2,700
07/07/2026 14:51:28,1,-999,860,3,2,730
07/07/2026 14:51:44,1,-999,860,3,2,730
07/07/2026 14:52:00,1,-999,860,3,1,740
07/07/2026 14:52:16,1,-999,860,3,1,740
07/07/2026 14:52:32,1,-999,860,3,2,700
07/07/2026 14:52:48,1,870,860,3,2,700
07/07/2026 14:53:04,1,870,860,3,2,700
07/07/2026 14:53:20,1,870,860,3,2,700
07/07/2026 14:53:36,1,870,860,3,2,700
07/07/2026 14:53:52,1,870,860,3,1,680
07/07/2026 14:54:08,1,870,860,3,1,680
07/07/2026 14:54:24,1,870,860,3,2,660
07/07/2026 14:54:40,1,870,860,3,2,660
07/07/2026 14:54:56,1,870,860,3,2,700
07/07/2026 14:55:12,1,870,860,3,2,700
07/07/2026 14:55:28,1,870,860,3,2,670
07/07/2026 14:55:44,1,870,860,3,2,670
07/07/2026 14:56:00,1,-999,860,3,2,670
07/07/2026 14:56:16,1,-999,860,3,2,650
07/07/2026 14:56:32,1,-999,860,3,2,650
07/07/2026 14:56:48,1,-999,860,3,1,1370
07/07/2026 14:57:04,1,-999,860,3,1,1370
07/07/2026 14:57:20,1,-999,860,3,1,1510
07/07/2026 14:57:36,1,-999,860,3,1,1510
07/07/2026 14:57:52,1,-999,860,3,1,1520
07/07/2026 14:58:08,1,-999,860,3,1,1520
07/07/2026 14:58:24,1,-999,860,3,1,1520
07/07/2026 14:58:40,1,-999,860,3,1,1550
07/07/2026 14:58:56,1,-999,860,3,1,1550
07/07/2026 14:59:12,1,-999,860,3,1,1580
07/07/2026 14:59:28,1,-999,860,3,1,1580
07/07/2026 14:59:44,1,-999,860,3,1,1630
07/07/2026 15:00:00,1,-999,850,3,1,1630
07/07/2026 15:00:16,1,-999,850,3,2,1200
07/07/2026 15:00:32,1,-999,850,3,2,1200
07/07/2026 15:00:48,1,-999,850,3,2,1200
07/07/2026 15:01:04,1,-999,850,3,3,830
07/07/2026 15:01:20,1,-999,850,3,3,830
07/07/2026 15:01:36,1,-999,850,3,1,1680
07/07/2026 15:01:52,1,-999,850,3,1,1680
07/07/2026 15:02:08,1,-999,850,3,1,1670
07/07/2026 15:02:24,1,-999,850,3,1,1670
07/07/2026 15:02:40,1,1770,850,3,1,1700
07/07/2026 15:02:56,1,1770,850,3,1,1700
07/07/2026 15:03:12,1,1770,850,3,1,1700
07/07/2026 15:03:28,1,1770,850,3,1,1730
07/07/2026 15:03:44,1,1770,850,3,1,1730
07/07/2026 15:04:00,1,920,850,3,1,1730
07/07/2026 15:04:16,1,920,850,3,1,1730
07/07/2026 15:04:32,1,920,850,3,1,1750
07/07/2026 15:04:48,1,920,850,3,1,1750
07/07/2026 15:05:04,1,920,850,3,2,730
07/07/2026 15:05:20,1,890,850,3,2,730
07/07/2026 15:05:36,1,890,850,3,2,730
07/07/2026 15:05:52,1,890,850,3,2,1580
07/07/2026 15:06:08,1,890,850,3,2,1580
07/07/2026 15:06:24,1,890,850,3,1,1610
07/07/2026 15:06:40,1,890,850,3,1,1610
07/07/2026 15:06:56,1,890,850,3,1,1610
07/07/2026 15:07:12,1,-999,850,3,1,1610
07/07/2026 15:07:28,1,-999,850,3,1,1600
07/07/2026 15:07:44,1,-999,850,3,1,1600
07/07/2026 15:08:00,1,-999,850,3,1,1600
07/07/2026 15:08:16,1,-999,850,3,1,1650
07/07/2026 15:08:32,1,-999,850,3,1,1650
07/07/2026 15:08:48,1,1780,850,3,1,1650
07/07/2026 15:09:04,1,1780,850,3,1,1650
07/07/2026 15:09:20,1,1780,850,3,1,1610
07/07/2026 15:09:36,1,1780,850,3,1,1610
07/07/2026 15:09:52,1,1780,850,3,1,1620
07/07/2026 15:10:08,1,1780,850,3,1,1620
07/07/2026 15:10:24,1,1780,850,3,1,1620
07/07/2026 15:10:40,1,1780,850,3,1,1660
07/07/2026 15:10:56,1,920,850,3,1,1660
07/07/2026 15:11:12,1,920,850,3,1,1660
07/07/2026 15:11:28,1,920,850,3,1,1660
07/07/2026 15:11:44,1,920,850,3,1,1610
07/07/2026 15:12:00,1,920,850,3,1,1610
07/07/2026 15:12:16,1,920,850,3,1,1620
07/07/2026 15:12:32,1,920,850,3,1,1620
07/07/2026 15:12:48,1,920,850,3,1,1620
07/07/2026 15:13:04,1,920,850,3,1,1660
07/07/2026 15:13:20,1,920,850,3,1,1660
07/07/2026 15:13:36,1,920,850,3,1,1650
07/07/2026 15:13:52,1,920,850,3,1,1650
07/07/2026 15:14:08,1,920,850,3,1,1620
07/07/2026 15:14:24,1,920,850,3,1,1620
07/07/2026 15:14:40,1,920,850,3,1,1650
07/07/2026 15:14:56,1,920,850,3,1,1650
07/07/2026 15:15:12,1,910,850,3,1,1650
07/07/2026 15:15:28,1,910,850,3,1,1670
07/07/2026 15:15:44,1,910,850,3,1,1670
07/07/2026 15:16:00,1,910,850,3,1,1690
07/07/2026 15:16:16,1,910,850,3,1,1690
07/07/2026 15:16:32,1,910,850,3,1,1710
07/07/2026 15:16:48,1,910,850,3,1,1710
07/07/2026 15:17:04,1,910,850,3,1,1720
07/07/2026 15:17:20,1,910,850,3,1,1720
07/07/2026 15:17:36,1,910,850,3,1,1720
07/07/2026 15:17:52,1,910,850,3,1,1690
07/07/2026 15:18:08,1,910,850,3,1,1690
07/07/2026 15:18:24,1,910,850,3,1,1650
07/07/2026 15:18:40,1,900,850,3,1,1650
07/07/2026 15:18:56,1,900,850,3,1,1710
07/07/2026 15:19:12,1,900,850,3,1,1710
07/07/2026 15:19:28,1,900,850,3,1,1650
07/07/2026 15:19:44,1,900,850,3,1,1650
07/07/2026 15:20:00,1,900,850,3,1,1650
07/07/2026 15:20:16,1,590,850,3,1,1660
07/07/2026 15:20:32,1,590,850,3,1,1660
07/07/2026 15:20:48,1,600,850,3,1,1700
07/07/2026 15:21:04,1,600,850,3,1,1700
07/07/2026 15:21:20,1,600,850,3,1,1700
07/07/2026 15:21:36,1,600,850,3,1,1700
07/07/2026 15:21:52,1,600,850,3,1,1680
07/07/2026 15:22:08,1,610,850,3,1,1680
07/07/2026 15:22:24,1,610,850,3,1,1680
07/07/2026 15:22:40,1,610,850,3,1,1660
07/07/2026 15:22:56,1,610,850,3,1,1660
07/07/2026 15:23:12,1,610,850,3,1,1680
07/07/2026 15:23:28,1,610,850,3,1,1680
07/07/2026 15:23:44,1,610,850,3,1,1690
07/07/2026 15:24:00,1,610,850,3,1,1690
07/07/2026 15:24:16,1,610,850,3,1,1680
07/07/2026 15:24:32,1,610,850,3,1,1680
07/07/2026 15:24:48,1,610,850,3,1,1680
07/07/2026 15:25:04,1,610,850,3,1,1670
07/07/2026 15:25:20,1,610,850,3,1,1670
07/07/2026 15:25:36,1,610,850,3,1,1670
07/07/2026 15:25:52,1,610,850,3,1,1670
07/07/2026 15:26:08,1,610,850,3,1,1660
07/07/2026 15:26:24,1,610,850,3,1,1660
07/07/2026 15:26:40,1,620,850,3,1,1670
07/07/2026 15:26:56,1,620,850,3,1,1670
07/07/2026 15:27:12,1,620,850,3,1,1670
07/07/2026 15:27:28,1,620,850,3,1,1660
07/07/2026 15:27:44,1,620,850,3,1,1660
07/07/2026 15:28:00,1,620,850,3,1,1650
07/07/2026 15:28:16,1,620,850,3,1,1650
07/07/2026 15:28:32,1,620,850,3,1,1650
07/07/2026 15:28:48,1,620,850,3,1,1650
07/07/2026 15:29:04,1,620,850,3,1,1670
07/07/2026 15:29:20,1,620,850,3,1,1670
07/07/2026 15:29:36,1,620,850,3,1,1670
07/07/2026 15:29:52,1,620,850,3,1,1730
07/07/2026 15:30:08,1,620,850,3,1,1730
07/07/2026 15:30:24,1,620,850,3,1,1720
07/07/2026 15:30:40,1,620,850,3,1,1720
07/07/2026 15:30:56,1,620,850,3,1,1720
07/07/2026 15:31:12,1,620,850,3,1,1720
07/07/2026 15:31:28,1,620,850,3,1,1730
07/07/2026 15:31:44,1,620,850,3,1,1730
07/07/2026 15:32:00,1,620,850,3,1,1730
07/07/2026 15:32:16,1,620,850,3,1,1730
07/07/2026 15:32:32,1,620,850,3,1,1730
07/07/2026 15:32:48,1,620,850,3,1,1730
07/07/2026 15:33:04,1,620,850,3,1,1730
07/07/2026 15:33:20,1,620,850,3,1,1730
07/07/2026 15:33:36,1,610,850,3,1,1730
07/07/2026 15:33:52,1,610,850,3,1,1700
07/07/2026 15:34:08,1,610,850,3,1,1700
07/07/2026 15:34:24,1,610,850,3,1,1700
07/07/2026 15:34:40,1,610,850,3,1,1730
07/07/2026 15:34:56,1,610,850,3,1,1730
07/07/2026 15:35:12,1,600,850,3,1,1720
07/07/2026 15:35:28,1,600,850,3,1,1720
07/07/2026 15:35:44,1,600,850,3,1,1710
07/07/2026 15:36:00,1,600,850,3,1,1710
07/07/2026 15:36:16,1,600,850,3,1,1750
07/07/2026 15:36:32,1,600,850,3,1,1750
07/07/2026 15:36:48,1,600,850,3,1,1750
07/07/2026 15:37:04,1,600,850,3,1,1710
07/07/2026 15:37:20,1,600,850,3,1,1710
07/07/2026 15:37:36,1,600,850,3,1,1740
07/07/2026 15:37:52,1,600,850,3,1,1740
07/07/2026 15:38:08,1,600,850,3,1,1760
07/07/2026 15:38:24,1,600,850,3,1,1760
07/07/2026 15:38:40,1,600,850,3,1,1740
07/07/2026 15:38:56,1,600,850,3,1,1740
07/07/2026 15:39:12,1,600,850,3,1,1740
07/07/2026 15:39:28,1,600,850,3,1,1730
07/07/2026 15:39:44,1,600,850,3,1,1730
07/07/2026 15:40:00,1,600,850,3,1,1700
07/07/2026 15:40:16,1,600,850,3,1,1700
07/07/2026 15:40:32,1,590,850,3,1,1730
07/07/2026 15:40:48,1,590,850,3,1,1730
07/07/2026 15:41:04,1,590,850,3,1,1740
07/07/2026 15:41:20,1,580,850,3,1,1740
07/07/2026 15:41:36,1,580,850,3,1,1740
07/07/2026 15:41:52,1,580,850,3,1,1700
07/07/2026 15:42:08,1,570,850,3,1,1700
07/07/2026 15:42:24,1,570,850,3,1,1700
07/07/2026 15:42:40,1,570,850,3,1,1700
07/07/2026 15:42:56,1,560,850,3,1,1650
07/07/2026 15:43:12,1,560,850,3,1,1650
07/07/2026 15:43:28,1,560,850,3,1,1590
07/07/2026 15:43:44,1,550,850,3,1,1590
07/07/2026 15:44:00,1,550,850,3,1,1590
07/07/2026 15:44:16,1,550,850,3,1,1660
07/07/2026 15:44:32,1,540,850,3,1,1660
07/07/2026 15:44:48,1,540,850,3,1,1740
07/07/2026 15:45:04,1,530,850,3,1,1740
07/07/2026 15:45:20,1,520,850,3,1,1730
07/07/2026 15:45:36,1,520,850,3,1,1730
07/07/2026 15:45:52,1,510,850,3,1,1710
07/07/2026 15:46:08,1,510,850,3,1,1710
07/07/2026 15:46:24,1,510,850,3,1,1710
07/07/2026 15:46:40,1,500,850,3,1,1650
07/07/2026 15:46:56,1,500,850,3,1,1650
07/07/2026 15:47:12,1,500,850,3,1,1630
07/07/2026 15:47:28,1,500,850,3,1,1630
07/07/2026 15:47:44,1,-999,850,3,2,1000
07/07/2026 15:48:00,1,-999,850,3,2,1000
07/07/2026 15:48:16,1,490,850,3,1,1030
07/07/2026 15:48:32,1,490,850,3,1,1030
07/07/2026 15:48:48,1,490,850,3,1,1030
07/07/2026 15:49:04,1,490,850,3,1,940
07/07/2026 15:49:20,1,480,850,3,1,940
07/07/2026 15:49:36,1,-999,850,3,2,960
07/07/2026 15:49:52,1,-999,850,3,2,960
07/07/2026 15:50:08,1,-999,850,3,1,1080
07/07/2026 15:50:24,1,-999,850,3,1,1080
07/07/2026 15:50:40,1,-999,850,3,1,1090
07/07/2026 15:50:56,1,-999,850,3,1,1090
07/07/2026 15:51:12,1,-999,850,3,1,1090
07/07/2026 15:51:28,1,-999,850,3,1,1140
07/07/2026 15:51:44,1,-999,850,3,1,1140
07/07/2026 15:52:00,1,-999,850,3,1,1220
07/07/2026 15:52:16,1,-999,850,3,1,1220
07/07/2026 15:52:32,1,-999,850,3,1,1260
07/07/2026 15:52:48,1,-999,850,3,1,1260
07/07/2026 15:53:04,1,-999,850,3,1,1370
07/07/2026 15:53:20,1,-999,850,3,1,1370
07/07/2026 15:53:36,1,-999,850,3,1,1370
07/07/2026 15:53:52,1,-999,850,3,1,1360
07/07/2026 15:54:08,1,-999,850,3,1,1360
07/07/2026 15:54:24,1,-999,850,3,1,1470
07/07/2026 15:54:40,1,-999,850,3,1,1470
07/07/2026 15:54:56,1,-999,850,3,1,1480
07/07/2026 15:55:12,1,-999,850,3,1,1480
07/07/2026 15:55:28,1,-999,850,3,1,1500
07/07/2026 15:55:44,1,-999,850,3,1,1500
07/07/2026 15:56:00,1,-999,850,3,1,1500
07/07/2026 15:56:16,1,-999,850,3,1,1550
07/07/2026 15:56:32,1,-999,850,3,1,1550
07/07/2026 15:56:48,1,-999,850,3,1,1570
07/07/2026 15:57:04,1,-999,850,3,1,1570
07/07/2026 15:57:20,1,-999,850,3,1,1640
07/07/2026 15:57:36,1,-999,850,3,1,1640
07/07/2026 15:57:52,1,-999,850,3,1,1640
07/07/2026 15:58:08,1,1670,850,3,1,1640
07/07/2026 15:58:24,1,1700,850,3,1,1640
07/07/2026 15:58:40,1,1700,850,3,1,1660
07/07/2026 15:58:56,1,1700,850,3,1,1660
07/07/2026 15:59:12,1,-999,850,3,1,1710
07/07/2026 15:59:28,1,-999,850,3,1,1710
07/07/2026 15:59:44,1,-999,850,3,1,1780
07/07/2026 16:00:00,2,-999,600,3,1,1780
07/07/2026 16:00:16,2,-999,600,3,1,1730
07/07/2026 16:00:32,2,-999,600,3,1,1730
07/07/2026 16:00:48,2,-999,600,3,1,1730
07/07/2026 16:01:04,2,850,600,3,2,1720
07/07/2026 16:01:20,2,850,600,3,2,1720
07/07/2026 16:01:36,2,-999,600,3,2,1610
07/07/2026 16:01:52,2,-999,600,3,2,1610
07/07/2026 16:02:08,2,-999,600,3,1,1560
07/07/2026 16:02:24,2,-999,600,3,1,1560
07/07/2026 16:02:40,2,840,600,3,2,1140
07/07/2026 16:02:56,2,840,600,3,2,1140
07/07/2026 16:03:12,2,840,600,3,2,1140
07/07/2026 16:03:28,2,840,600,3,2,1120
07/07/2026 16:03:44,2,-999,600,3,2,1120
07/07/2026 16:04:00,2,-999,600,3,1,1090
07/07/2026 16:04:16,2,-999,600,3,1,1090
07/07/2026 16:04:32,2,-999,600,3,1,1120
07/07/2026 16:04:48,2,-999,600,3,1,1120
07/07/2026 16:05:04,2,-999,600,3,1,1160
07/07/2026 16:05:20,2,-999,600,3,1,1160
07/07/2026 16:05:36,2,-999,600,3,1,1160
07/07/2026 16:05:52,2,-999,600,3,2,1230
07/07/2026 16:06:08,2,-999,600,3,2,1230
07/07/2026 16:06:24,2,-999,600,3,1,1470
07/07/2026 16:06:40,2,-999,600,3,1,1470
07/07/2026 16:06:56,2,-999,600,3,1,1640
07/07/2026 16:07:12,2,-999,600,3,1,1640
07/07/2026 16:07:28,2,-999,600,3,1,1550
07/07/2026 16:07:44,2,-999,600,3,1,1550
07/07/2026 16:08:00,2,-999,600,3,1,1550
07/07/2026 16:08:16,2,-999,600,3,1,1230
07/07/2026 16:08:32,2,-999,600,3,1,1230
07/07/2026 16:08:48,2,-999,600,3,2,1290
07/07/2026 16:09:04,2,-999,600,3,2,1290
07/07/2026 16:09:20,2,-999,600,3,2,1400
07/07/2026 16:09:36,2,-999,600,3,2,1400
07/07/2026 16:09:52,2,-999,600,3,3,1450
07/07/2026 16:10:08,2,-999,600,3,3,1450
07/07/2026 16:10:24,2,-999,600,3,3,1450
07/07/2026 16:10:40,2,-999,600,3,2,1620
07/07/2026 16:10:56,2,-999,600,3,2,1620
07/07/2026 16:11:12,2,-999,600,3,1,1820
07/07/2026 16:11:28,2,-999,600,3,1,1820
07/07/2026 16:11:44,2,-999,600,3,2,1530
07/07/2026 16:12:00,2,-999,600,3,2,1530
07/07/2026 16:12:16,2,-999,600,3,1,1440
07/07/2026 16:12:32,2,1590,600,3,1,1440
07/07/2026 16:12:48,2,1590,600,3,1,1440
07/07/2026 16:13:04,2,1590,600,3,1,1450
07/07/2026 16:13:20,2,1590,600,3,1,1450
07/07/2026 16:13:36,2,1590,600,3,1,1400
07/07/2026 16:13:52,2,1590,600,3,1,1400
07/07/2026 16:14:08,2,1590,600,3,1,1420
07/07/2026 16:14:24,2,1590,600,3,1,1420
07/07/2026 16:14:40,2,1590,600,3,1,1360
07/07/2026 16:14:56,2,1590,600,3,1,1360
07/07/2026 16:15:12,2,1560,600,3,1,1360
07/07/2026 16:15:28,2,1560,600,3,1,1350
07/07/2026 16:15:44,2,1560,600,3,1,1350
07/07/2026 16:16:00,2,1560,600,3,1,1410
07/07/2026 16:16:16,2,1560,600,3,1,1410
07/07/2026 16:16:32,2,1530,600,3,2,1380
07/07/2026 16:16:48,2,1530,600,3,2,1380
07/07/2026 16:17:04,2,1530,600,3,1,1390
07/07/2026 16:17:20,2,1530,600,3,1,1390
07/07/2026 16:17:36,2,1530,600,3,1,1390
07/07/2026 16:17:52,2,1500,600,3,2,1500
07/07/2026 16:18:08,2,1500,600,3,2,1500
07/07/2026 16:18:24,2,1500,600,3,1,1700
07/07/2026 16:18:40,2,-999,600,3,1,1700
07/07/2026 16:18:56,2,-999,600,3,1,1690
07/07/2026 16:19:12,2,-999,600,3,1,1690
07/07/2026 16:19:28,2,-999,600,3,1,1730
07/07/2026 16:19:44,2,-999,600,3,1,1730
07/07/2026 16:20:00,2,-999,600,3,1,1730
07/07/2026 16:20:16,2,1830,600,3,1,1740
07/07/2026 16:20:32,2,1830,600,3,1,1740
07/07/2026 16:20:48,2,1840,600,3,1,1740
07/07/2026 16:21:04,2,1840,600,3,1,1740
07/07/2026 16:21:20,2,1840,600,3,1,1780
07/07/2026 16:21:36,2,1840,600,3,1,1780
07/07/2026 16:21:52,2,1840,600,3,1,1760
07/07/2026 16:22:08,2,1850,600,3,1,1760
07/07/2026 16:22:24,2,1850,600,3,1,1760
07/07/2026 16:22:40,2,1870,600,3,1,1790
07/07/2026 16:22:56,2,1870,600,3,1,1790
07/07/2026 16:23:12,2,1890,600,3,2,1430
07/07/2026 16:23:28,2,1890,600,3,2,1430
07/07/2026 16:23:44,2,1890,600,3,1,1860
07/07/2026 16:24:00,2,1920,600,3,1,1860
07/07/2026 16:24:16,2,630,600,3,1,1860
07/07/2026 16:24:32,2,630,600,3,1,1860
07/07/2026 16:24:48,2,630,600,3,1,1860
07/07/2026 16:25:04,2,630,600,3,1,1860
07/07/2026 16:25:20,2,640,600,3,1,1860
07/07/2026 16:25:36,2,640,600,3,1,1920
07/07/2026 16:25:52,2,650,600,3,1,1920
07/07/2026 16:26:08,2,660,600,3,1,1840
07/07/2026 16:26:24,2,660,600,3,1,1840
07/07/2026 16:26:40,2,660,600,3,1,1860
07/07/2026 16:26:56,2,660,600,3,1,1860
07/07/2026 16:27:12,2,660,600,3,1,1860
07/07/2026 16:27:28,2,660,600,3,1,1850
07/07/2026 16:27:44,2,660,600,3,1,1850
07/07/2026 16:28:00,2,660,600,3,1,1860
07/07/2026 16:28:16,2,660,600,3,1,1860
07/07/2026 16:28:32,2,660,600,3,1,1830
07/07/2026 16:28:48,2,650,600,3,1,1830
07/07/2026 16:29:04,2,650,600,3,1,1810
07/07/2026 16:29:20,2,650,600,3,1,1810
07/07/2026 16:29:36,2,650,600,3,1,1810
07/07/2026 16:29:52,2,650,600,3,1,1810
07/07/2026 16:30:08,2,650,600,3,1,1810
07/07/2026 16:30:24,2,650,600,3,1,1790
07/07/2026 16:30:40,2,650,600,3,1,1790
07/07/2026 16:30:56,2,660,600,3,1,1820
07/07/2026 16:31:12,2,660,600,3,1,1820
07/07/2026 16:31:28,2,660,600,3,1,1790
07/07/2026 16:31:44,2,660,600,3,1,1790
07/07/2026 16:32:00,2,660,600,3,1,1790
07/07/2026 16:32:16,2,660,600,3,1,1760
07/07/2026 16:32:32,2,660,600,3,1,1760
07/07/2026 16:32:48,2,670,600,3,1,1740
07/07/2026 16:33:04,2,670,600,3,1,1740
07/07/2026 16:33:20,2,670,600,3,1,1740
07/07/2026 16:33:36,2,670,600,3,1,1740
07/07/2026 16:33:52,2,670,600,3,1,1760
07/07/2026 16:34:08,2,670,600,3,1,1760
07/07/2026 16:34:24,2,670,600,3,1,1760
07/07/2026 16:34:40,2,670,600,3,1,1730
07/07/2026 16:34:56,2,670,600,3,1,1730
07/07/2026 16:35:12,2,-999,600,3,1,1740
07/07/2026 16:35:28,2,-999,600,3,1,1740
07/07/2026 16:35:44,2,670,600,3,1,1680
07/07/2026 16:36:00,2,670,600,3,1,1680
07/07/2026 16:36:16,2,670,600,3,1,1660
07/07/2026 16:36:32,2,670,600,3,1,1660
07/07/2026 16:36:48,2,670,600,3,1,1660
07/07/2026 16:37:04,2,670,600,3,1,1790
07/07/2026 16:37:20,2,1870,600,3,1,1790
07/07/2026 16:37:36,2,1870,600,3,1,1770
07/07/2026 16:37:52,2,1870,600,3,1,1770
07/07/2026 16:38:08,2,-999,600,3,1,1700
07/07/2026 16:38:24,2,-999,600,3,1,1700
07/07/2026 16:38:40,2,-999,600,3,1,1620
07/07/2026 16:38:56,2,-999,600,3,1,1620
07/07/2026 16:39:12,2,-999,600,3,1,1620
07/07/2026 16:39:28,2,-999,600,3,2,1370
07/07/2026 16:39:44,2,-999,600,3,2,1370
07/07/2026 16:40:00,2,1900,600,3,2,810
07/07/2026 16:40:16,2,1900,600,3,2,810
07/07/2026 16:40:32,2,-999,600,3,1,1420
07/07/2026 16:40:48,2,-999,600,3,1,1420
07/07/2026 16:41:04,2,-999,600,3,2,1200
07/07/2026 16:41:20,2,-999,600,3,2,1200
07/07/2026 16:41:36,2,-999,600,3,2,1200
07/07/2026 16:41:52,2,-999,600,3,1,1180
07/07/2026 16:42:08,2,-999,600,3,1,1180
07/07/2026 16:42:24,2,-999,600,3,1,1150
07/07/2026 16:42:40,2,-999,600,3,1,1150
07/07/2026 16:42:56,2,-999,600,3,1,1160
07/07/2026 16:43:12,2,-999,600,3,1,1160
07/07/2026 16:43:28,2,-999,600,3,2,1240
07/07/2026 16:43:44,2,-999,600,3,2,1240
07/07/2026 16:44:00,2,-999,600,3,2,1240
07/07/2026 16:44:16,2,-999,600,3,2,1230
07/07/2026 16:44:32,2,-999,600,3,2,1230
07/07/2026 16:44:48,2,-999,600,3,1,1720
07/07/2026 16:45:04,2,-999,600,3,1,1720
07/07/2026 16:45:20,2,-999,600,3,2,1310
07/07/2026 16:45:36,2,-999,600,3,2,1310
07/07/2026 16:45:52,2,-999,600,3,2,1320
07/07/2026 16:46:08,2,1350,600,3,2,1320
07/07/2026 16:46:24,2,1350,600,3,2,1320
07/07/2026 16:46:40,2,1350,600,3,2,1530
07/07/2026 16:46:56,2,1350,600,3,2,1530
07/07/2026 16:47:12,2,1350,600,3,2,1530
07/07/2026 16:47:28,2,1350,600,3,2,1530
07/07/2026 16:47:44,2,1350,600,3,1,1730
07/07/2026 16:48:00,2,1350,600,3,1,1730
07/07/2026 16:48:16,2,-999,600,3,1,1550
07/07/2026 16:48:32,2,-999,600,3,1,1550
07/07/2026 16:48:48,2,-999,600,3,1,1550
07/07/2026 16:49:04,2,-999,600,3,1,1540
07/07/2026 16:49:20,2,-999,600,3,1,1540
07/07/2026 16:49:36,2,-999,600,3,1,1390
07/07/2026 16:49:52,2,-999,600,3,1,1390
07/07/2026 16:50:08,2,-999,600,3,1,1530
07/07/2026 16:50:24,2,-999,600,3,1,1530
07/07/2026 16:50:40,2,-999,600,3,1,1330
07/07/2026 16:50:56,2,-999,600,3,1,1330
07/07/2026 16:51:12,2,-999,600,3,1,1330
07/07/2026 16:51:28,2,-999,600,3,1,1240
07/07/2026 16:51:44,2,-999,600,3,1,1240
07/07/2026 16:52:00,2,-999,600,3,1,1250
07/07/2026 16:52:16,2,-999,600,3,1,1250
07/07/2026 16:52:32,2,-999,600,3,1,1280
07/07/2026 16:52:48,2,-999,600,3,1,1280
07/07/2026 16:53:04,2,-999,600,3,2,1060
07/07/2026 16:53:20,2,-999,600,3,2,1060
07/07/2026 16:53:36,2,-999,600,3,2,1060
07/07/2026 16:53:52,2,-999,600,3,1,1010
07/07/2026 16:54:08,2,-999,600,3,1,1010
07/07/2026 16:54:24,2,-999,600,3,1,1050
07/07/2026 16:54:40,2,-999,600,3,1,1050
07/07/2026 16:54:56,2,-999,600,3,2,1170
07/07/2026 16:55:12,2,-999,600,3,2,1170
07/07/2026 16:55:28,2,-999,600,3,2,1150
07/07/2026 16:55:44,2,-999,600,3,2,1150
07/07/2026 16:56:00,2,-999,600,3,2,1150
07/07/2026 16:56:16,2,-999,600,3,1,1150
07/07/2026 16:56:32,2,-999,600,3,1,1150
07/07/2026 16:56:48,2,-999,600,3,1,1200
07/07/2026 16:57:04,2,-999,600,3,1,1200
07/07/2026 16:57:20,2,-999,600,3,1,1280
07/07/2026 16:57:36,2,-999,600,3,1,1280
07/07/2026 16:57:52,2,-999,600,3,2,1090
07/07/2026 16:58:08,2,-999,600,3,2,1090
07/07/2026 16:58:24,2,-999,600,3,2,1090
07/07/2026 16:58:40,2,-999,600,3,2,1080
07/07/2026 16:58:56,2,-999,600,3,2,1080
07/07/2026 16:59:12,2,-999,600,3,2,1060
07/07/2026 16:59:28,2,-999,600,3,2,1060
07/07/2026 16:59:44,2,-999,600,3,2,1050
07/07/2026 17:00:00,1,-999,660,3,2,1050
07/07/2026 17:00:16,1,-999,660,3,1,1020
07/07/2026 17:00:32,1,-999,660,3,1,1020
07/07/2026 17:00:48,1,-999,660,3,1,1020
07/07/2026 17:01:04,1,-999,660,3,2,1090
07/07/2026 17:01:20,1,-999,660,3,2,1090
07/07/2026 17:01:36,1,-999,660,3,2,1100
07/07/2026 17:01:52,1,-999,660,3,2,1100
07/07/2026 17:02:08,1,-999,660,3,1,1310
07/07/2026 17:02:24,1,-999,660,3,1,1310
07/07/2026 17:02:40,1,-999,660,3,1,1270
07/07/2026 17:02:56,1,-999,660,3,1,1270
07/07/2026 17:03:12,1,-999,660,3,1,1270
07/07/2026 17:03:28,1,-999,660,3,1,1330
07/07/2026 17:03:44,1,-999,660,3,1,1330
07/07/2026 17:04:00,1,-999,660,3,2,1300
07/07/2026 17:04:16,1,-999,660,3,2,1300
07/07/2026 17:04:32,1,1440,660,3,2,1370
07/07/2026 17:04:48,1,1440,660,3,2,1370
07/07/2026 17:05:04,1,1430,660,3,2,1570
07/07/2026 17:05:20,1,1430,660,3,2,1570
07/07/2026 17:05:36,1,1430,660,3,2,1570
07/07/2026 17:05:52,1,1430,660,3,2,1260
07/07/2026 17:06:08,1,1430,660,3,2,1260
07/07/2026 17:06:24,1,1430,660,3,1,1690
07/07/2026 17:06:40,1,1430,660,3,1,1690
07/07/2026 17:06:56,1,1420,660,3,1,1800
07/07/2026 17:07:12,1,1420,660,3,1,1800
07/07/2026 17:07:28,1,1420,660,3,1,1760
07/07/2026 17:07:44,1,1410,660,3,1,1760
07/07/2026 17:08:00,1,1410,660,3,1,1760
07/07/2026 17:08:16,1,1920,660,3,1,1750
07/07/2026 17:08:32,1,1920,660,3,1,1750
07/07/2026 17:08:48,1,270,660,3,1,1750
07/07/2026 17:09:04,1,270,660,3,1,1750
07/07/2026 17:09:20,1,270,660,3,1,1740
07/07/2026 17:09:36,1,270,660,3,1,1740
07/07/2026 17:09:52,1,270,660,3,1,1740
07/07/2026 17:10:08,1,270,660,3,1,1740
07/07/2026 17:10:24,1,270,660,3,1,1740
07/07/2026 17:10:40,1,270,660,3,1,1780
07/07/2026 17:10:56,1,270,660,3,1,1780
07/07/2026 17:11:12,1,270,660,3,1,1850
07/07/2026 17:11:28,1,270,660,3,1,1850
07/07/2026 17:11:44,1,270,660,3,1,1870
07/07/2026 17:12:00,1,270,660,3,1,1870
07/07/2026 17:12:16,1,270,660,3,1,1820
07/07/2026 17:12:32,1,270,660,3,1,1820
07/07/2026 17:12:48,1,1940,660,3,1,1820
07/07/2026 17:13:04,1,1970,660,3,2,570
07/07/2026 17:13:20,1,1970,660,3,2,570
07/07/2026 17:13:36,1,1270,660,3,3,580
07/07/2026 17:13:52,1,1270,660,3,3,580
07/07/2026 17:14:08,1,1280,660,3,1,1720
07/07/2026 17:14:24,1,1280,660,3,1,1720
07/07/2026 17:14:40,1,1280,660,3,1,1760
07/07/2026 17:14:56,1,1280,660,3,1,1760
07/07/2026 17:15:12,1,1300,660,3,1,1760
07/07/2026 17:15:28,1,1300,660,3,1,1770
07/07/2026 17:15:44,1,1300,660,3,1,1770
07/07/2026 17:16:00,1,1300,660,3,1,1830
07/07/2026 17:16:16,1,1300,660,3,1,1830
07/07/2026 17:16:32,1,1300,660,3,1,1800
07/07/2026 17:16:48,1,1300,660,3,1,1800
07/07/2026 17:17:04,1,620,660,3,1,1810
07/07/2026 17:17:20,1,620,660,3,1,1810
07/07/2026 17:17:36,1,640,660,3,1,1810
07/07/2026 17:17:52,1,-999,660,3,1,1830
07/07/2026 17:18:08,1,-999,660,3,1,1830
07/07/2026 17:18:24,1,-999,660,3,1,1820
07/07/2026 17:18:40,1,-999,660,3,1,1820
07/07/2026 17:18:56,1,-999,660,3,1,1830
07/07/2026 17:19:12,1,-999,660,3,1,1830
07/07/2026 17:19:28,1,-999,660,3,1,1820
07/07/2026 17:19:44,1,-999,660,3,1,1820
07/07/2026 17:20:00,1,-999,660,3,1,1820
07/07/2026 17:20:16,1,-999,660,3,1,1780
07/07/2026 17:20:32,1,-999,660,3,1,1780
07/07/2026 17:20:48,1,640,660,3,1,1760
07/07/2026 17:21:04,1,-999,660,3,1,1760
07/07/2026 17:21:20,1,-999,660,3,1,1770
07/07/2026 17:21:36,1,-999,660,3,1,1770
07/07/2026 17:21:52,1,-999,660,3,1,1740
07/07/2026 17:22:08,1,-999,660,3,1,1740
07/07/2026 17:22:24,1,-999,660,3,1,1740
07/07/2026 17:22:40,1,-999,660,3,2,1390
07/07/2026 17:22:56,1,-999,660,3,2,1390
07/07/2026 17:23:12,1,-999,660,3,1,1640
07/07/2026 17:23:28,1,-999,660,3,1,1640
07/07/2026 17:23:44,1,480,660,3,2,1310
07/07/2026 17:24:00,1,480,660,3,2,1310
07/07/2026 17:24:16,1,480,660,3,3,1390
07/07/2026 17:24:32,1,480,660,3,3,1390
07/07/2026 17:24:48,1,480,660,3,3,1390
07/07/2026 17:25:04,1,500,660,3,2,1740
07/07/2026 17:25:20,1,500,660,3,2,1740
07/07/2026 17:25:36,1,500,660,3,1,1750
07/07/2026 17:25:52,1,550,660,3,1,1750
07/07/2026 17:26:08,1,1910,660,3,1,1700
07/07/2026 17:26:24,1,1910,660,3,1,1700
07/07/2026 17:26:40,1,1910,660,3,1,1920
07/07/2026 17:26:56,1,640,660,3,1,1920
07/07/2026 17:27:12,1,640,660,3,1,1920
07/07/2026 17:27:28,1,640,660,3,3,980
07/07/2026 17:27:44,1,640,660,3,3,980
07/07/2026 17:28:00,1,640,660,3,1,1530
07/07/2026 17:28:16,1,640,660,3,1,1530
07/07/2026 17:28:32,1,-999,660,3,2,1430
07/07/2026 17:28:48,1,-999,660,3,2,1430
07/07/2026 17:29:04,1,-999,660,3,2,1300
07/07/2026 17:29:20,1,-999,660,3,2,1300
07/07/2026 17:29:36,1,-999,660,3,2,1300
07/07/2026 17:29:52,1,-999,660,3,1,1290
07/07/2026 17:30:08,1,-999,660,3,1,1290
07/07/2026 17:30:24,1,1390,660,3,1,1270
07/07/2026 17:30:40,1,1390,660,3,1,1270
07/07/2026 17:30:56,1,-999,660,3,2,1100
07/07/2026 17:31:12,1,-999,660,3,2,1100
07/07/2026 17:31:28,1,-999,660,3,1,1110
07/07/2026 17:31:44,1,-999,660,3,1,1110
07/07/2026 17:32:00,1,500,660,3,1,1110
07/07/2026 17:32:16,1,500,660,3,1,1120
07/07/2026 17:32:32,1,500,660,3,1,1120
07/07/2026 17:32:48,1,500,660,3,2,740
07/07/2026 17:33:04,1,-999,660,3,2,740
07/07/2026 17:33:20,1,-999,660,3,1,1170
07/07/2026 17:33:36,1,-999,660,3,1,1170
07/07/2026 17:33:52,1,-999,660,3,2,1320
07/07/2026 17:34:08,1,-999,660,3,2,1320
07/07/2026 17:34:24,1,-999,660,3,2,1320
07/07/2026 17:34:40,1,-999,660,3,2,1230
07/07/2026 17:34:56,1,-999,660,3,2,1230
07/07/2026 17:35:12,1,-999,660,3,2,1210
07/07/2026 17:35:28,1,-999,660,3,2,1210
07/07/2026 17:35:44,1,-999,660,3,3,1130
07/07/2026 17:36:00,1,-999,660,3,3,1130
07/07/2026 17:36:16,1,-999,660,3,1,1290
07/07/2026 17:36:32,1,-999,660,3,1,1290
07/07/2026 17:36:48,1,-999,660,3,1,1290
07/07/2026 17:37:04,1,-999,660,3,1,1260
07/07/2026 17:37:20,1,-999,660,3,1,1260
07/07/2026 17:37:36,1,-999,660,3,1,1240
07/07/2026 17:37:52,1,-999,660,3,1,1240
07/07/2026 17:38:08,1,-999,660,3,1,1240
07/07/2026 17:38:24,1,-999,660,3,1,1240
07/07/2026 17:38:40,1,-999,660,3,1,1240
07/07/2026 17:38:56,1,-999,660,3,1,1240
07/07/2026 17:39:12,1,-999,660,3,1,1240
07/07/2026 17:39:28,1,-999,660,3,2,1240
07/07/2026 17:39:44,1,-999,660,3,2,1240
07/07/2026 17:40:00,1,-999,660,3,1,1510
07/07/2026 17:40:16,1,-999,660,3,1,1510
07/07/2026 17:40:32,1,-999,660,3,2,1560
07/07/2026 17:40:48,1,-999,660,3,2,1560
07/07/2026 17:41:04,1,-999,660,3,1,1700
07/07/2026 17:41:20,1,-999,660,3,1,1700
07/07/2026 17:41:36,1,-999,660,3,1,1700
07/07/2026 17:41:52,1,-999,660,3,1,1580
07/07/2026 17:42:08,1,-999,660,3,1,1580
07/07/2026 17:42:24,1,-999,660,3,2,1360
07/07/2026 17:42:40,1,-999,660,3,2,1360
07/07/2026 17:42:56,1,-999,660,3,1,1300
07/07/2026 17:43:12,1,-999,660,3,1,1300
07/07/2026 17:43:28,1,-999,660,3,1,1310
07/07/2026 17:43:44,1,-999,660,3,1,1310
07/07/2026 17:44:00,1,-999,660,3,1,1310
07/07/2026 17:44:16,1,-999,660,3,1,1400
07/07/2026 17:44:32,1,-999,660,3,1,1400
07/07/2026 17:44:48,1,1490,660,3,2,1390
07/07/2026 17:45:04,1,1490,660,3,2,1390
07/07/2026 17:45:20,1,1490,660,3,2,1350
07/07/2026 17:45:36,1,1490,660,3,2,1350
07/07/2026 17:45:52,1,1490,660,3,1,1320
07/07/2026 17:46:08,1,1490,660,3,1,1320
07/07/2026 17:46:24,1,1490,660,3,1,1320
07/07/2026 17:46:40,1,1490,660,3,1,1360
07/07/2026 17:46:56,1,1490,660,3,1,1360
07/07/2026 17:47:12,1,1480,660,3,1,1630
07/07/2026 17:47:28,1,1480,660,3,1,1630
07/07/2026 17:47:44,1,-999,660,3,1,1820
07/07/2026 17:48:00,1,-999,660,3,1,1820
07/07/2026 17:48:16,1,-999,660,3,1,1880
07/07/2026 17:48:32,1,1940,660,3,1,1880
07/07/2026 17:48:48,1,1940,660,3,1,1880
07/07/2026 17:49:04,1,-999,660,3,2,1630
07/07/2026 17:49:20,1,-999,660,3,2,1630
07/07/2026 17:49:36,1,-999,660,3,2,1620
07/07/2026 17:49:52,1,-999,660,3,2,1620
07/07/2026 17:50:08,1,-999,660,3,1,1840
07/07/2026 17:50:24,1,-999,660,3,1,1840
07/07/2026 17:50:40,1,1920,660,3,1,1780
07/07/2026 17:50:56,1,1920,660,3,1,1780
07/07/2026 17:51:12,1,1920,660,3,1,1780
07/07/2026 17:51:28,1,1920,660,3,1,1680
07/07/2026 17:51:44,1,1920,660,3,1,1680
07/07/2026 17:52:00,1,1920,660,3,1,1780
07/07/2026 17:52:16,1,1920,660,3,1,1780
07/07/2026 17:52:32,1,1900,660,3,1,1800
07/07/2026 17:52:48,1,1900,660,3,1,1800
07/07/2026 17:53:04,1,1900,660,3,1,1810
07/07/2026 17:53:20,1,1900,660,3,1,1810
07/07/2026 17:53:36,1,1920,660,3,1,1810
07/07/2026 17:53:52,1,1910,660,3,1,1810
07/07/2026 17:54:08,1,1910,660,3,1,1810
07/07/2026 17:54:24,1,1910,660,3,1,1800
07/07/2026 17:54:40,1,900,660,3,1,1800
07/07/2026 17:54:56,1,900,660,3,1,1800
07/07/2026 17:55:12,1,900,660,3,1,1800
07/07/2026 17:55:28,1,1090,660,3,0,-999
07/07/2026 17:55:44,1,1080,660,3,0,-999
07/07/2026 17:56:00,1,1080,660,3,0,-999
07/07/2026 17:56:16,1,1060,660,3,0,-999
07/07/2026 17:56:32,1,1070,660,3,0,-999
07/07/2026 17:56:48,1,1070,660,3,0,-999
07/07/2026 17:57:04,1,840,660,3,0,-999
07/07/2026 17:57:20,1,830,660,3,0,-999
07/07/2026 17:57:36,1,810,660,3,0,-999
07/07/2026 17:57:52,1,790,660,3,0,-999
07/07/2026 17:58:08,1,750,660,3,0,-999
07/07/2026 17:58:24,1,700,660,3,0,-999
07/07/2026 17:58:40,1,670,660,3,0,-999
07/07/2026 17:58:56,1,640,660,3,0,-999
07/07/2026 17:59:12,1,620,660,3,0,-999
07/07/2026 17:59:28,1,600,660,3,0,-999
07/07/2026 17:59:44,1,600,660,3,0,-999
07/07/2026 18:00:00,1,600,620,3,0,-999
07/07/2026 18:00:16,1,590,620,3,0,-999
07/07/2026 18:00:32,1,590,620,3,0,-999
07/07/2026 18:00:48,1,590,620,3,0,-999
07/07/2026 18:01:04,1,590,620,3,0,-999
07/07/2026 18:01:20,1,590,620,3,0,-999
07/07/2026 18:01:36,1,590,620,3,0,-999
07/07/2026 18:01:52,1,590,620,3,0,-999
07/07/2026 18:02:08,1,580,620,3,0,-999
07/07/2026 18:02:24,1,580,620,3,0,-999
07/07/2026 18:02:40,1,580,620,3,0,-999
07/07/2026 18:02:56,1,580,620,3,0,-999
07/07/2026 18:03:12,1,590,620,3,0,-999
07/07/2026 18:03:28,1,590,620,3,0,-999
07/07/2026 18:03:44,1,590,620,3,0,-999
07/07/2026 18:04:00,1,590,620,3,0,-999
07/07/2026 18:04:16,1,590,620,3,0,-999
07/07/2026 18:04:32,1,530,620,3,1,1900
07/07/2026 18:04:48,1,530,620,3,1,1900
07/07/2026 18:05:04,1,540,620,3,1,1910
07/07/2026 18:05:20,1,540,620,3,1,1910
07/07/2026 18:05:36,1,540,620,3,1,1910
07/07/2026 18:05:52,1,540,620,3,1,1920
07/07/2026 18:06:08,1,540,620,3,1,1920
07/07/2026 18:06:24,1,550,620,3,1,1900
07/07/2026 18:06:40,1,550,620,3,1,1900
07/07/2026 18:06:56,1,550,620,3,1,1870
07/07/2026 18:07:12,1,560,620,3,1,1870
07/07/2026 18:07:28,1,560,620,3,1,1880
07/07/2026 18:07:44,1,570,620,3,1,1880
07/07/2026 18:08:00,1,570,620,3,1,1880
07/07/2026 18:08:16,1,570,620,3,1,1900
07/07/2026 18:08:32,1,570,620,3,1,1900
07/07/2026 18:08:48,1,570,620,3,1,1940
07/07/2026 18:09:04,1,570,620,3,1,1940
07/07/2026 18:09:20,1,570,620,3,1,1950
07/07/2026 18:09:36,1,570,620,3,1,1950
07/07/2026 18:09:52,1,570,620,3,1,1960
07/07/2026 18:10:08,1,570,620,3,1,1960
07/07/2026 18:10:24,1,570,620,3,1,1960
07/07/2026 18:10:40,1,570,620,3,1,1980
07/07/2026 18:10:56,1,570,620,3,1,1980
07/07/2026 18:11:12,1,570,620,3,1,1980
07/07/2026 18:11:28,1,560,620,3,1,1980
07/07/2026 18:11:44,1,560,620,3,1,1980
07/07/2026 18:12:00,1,560,620,3,1,1980
07/07/2026 18:12:16,1,560,620,3,1,1990
07/07/2026 18:12:32,1,560,620,3,1,1990
07/07/2026 18:12:48,1,560,620,3,1,1990
07/07/2026 18:13:04,1,560,620,3,1,1990
07/07/2026 18:13:20,1,560,620,3,1,1990
07/07/2026 18:13:36,1,560,620,3,1,1980
07/07/2026 18:13:52,1,560,620,3,1,1980
07/07/2026 18:14:08,1,560,620,3,1,1970
07/07/2026 18:14:24,1,560,620,3,1,1970
07/07/2026 18:14:40,1,550,620,3,1,1950
07/07/2026 18:14:56,1,550,620,3,1,1950
07/07/2026 18:15:12,1,550,620,3,1,1950
07/07/2026 18:15:28,1,540,620,3,1,1950
07/07/2026 18:15:44,1,540,620,3,1,1950
07/07/2026 18:16:00,1,530,620,3,1,1830
07/07/2026 18:16:16,1,520,620,3,1,1830
07/07/2026 18:16:32,1,520,620,3,1,1860
07/07/2026 18:16:48,1,510,620,3,1,1860
07/07/2026 18:17:04,1,510,620,3,1,1880
07/07/2026 18:17:20,1,500,620,3,1,1880
07/07/2026 18:17:36,1,500,620,3,1,1880
07/07/2026 18:17:52,1,490,620,3,1,1830
07/07/2026 18:18:08,1,490,620,3,1,1830
07/07/2026 18:18:24,1,490,620,3,1,1870
07/07/2026 18:18:40,1,490,620,3,1,1870
07/07/2026 18:18:56,1,480,620,3,1,1880
07/07/2026 18:19:12,1,480,620,3,1,1880
07/07/2026 18:19:28,1,480,620,3,1,1890
07/07/2026 18:19:44,1,470,620,3,1,1890
07/07/2026 18:20:00,1,470,620,3,1,1890
07/07/2026 18:20:16,1,470,620,3,1,1900
07/07/2026 18:20:32,1,470,620,3,1,1900
07/07/2026 18:20:48,1,470,620,3,1,1900
07/07/2026 18:21:04,1,470,620,3,1,1900
07/07/2026 18:21:20,1,460,620,3,1,1890
07/07/2026 18:21:36,1,460,620,3,1,1890
07/07/2026 18:21:52,1,460,620,3,1,1880
07/07/2026 18:22:08,1,460,620,3,1,1880
07/07/2026 18:22:24,1,460,620,3,1,1880
07/07/2026 18:22:40,1,460,620,3,1,1860
07/07/2026 18:22:56,1,460,620,3,1,1860
07/07/2026 18:23:12,1,460,620,3,1,1850
07/07/2026 18:23:28,1,460,620,3,1,1850
07/07/2026 18:23:44,1,460,620,3,1,1820
07/07/2026 18:24:00,1,460,620,3,1,1820
07/07/2026 18:24:16,1,460,620,3,1,1820
07/07/2026 18:24:32,1,460,620,3,1,1820
07/07/2026 18:24:48,1,460,620,3,1,1820
07/07/2026 18:25:04,1,460,620,3,1,1800
07/07/2026 18:25:20,1,460,620,3,1,1800
07/07/2026 18:25:36,1,460,620,3,1,1790
07/07/2026 18:25:52,1,460,620,3,1,1790
07/07/2026 18:26:08,1,450,620,3,1,1880
07/07/2026 18:26:24,1,450,620,3,1,1880
07/07/2026 18:26:40,1,450,620,3,1,1900
07/07/2026 18:26:56,1,450,620,3,1,1900
07/07/2026 18:27:12,1,450,620,3,1,1900
07/07/2026 18:27:28,1,450,620,3,1,1890
07/07/2026 18:27:44,1,450,620,3,1,1890
07/07/2026 18:28:00,1,450,620,3,1,1830
07/07/2026 18:28:16,1,450,620,3,1,1830
07/07/2026 18:28:32,1,450,620,3,1,1830
07/07/2026 18:28:48,1,450,620,3,1,1830
07/07/2026 18:29:04,1,450,620,3,1,1840
07/07/2026 18:29:20,1,450,620,3,1,1840
07/07/2026 18:29:36,1,450,620,3,1,1840
07/07/2026 18:29:52,1,450,620,3,2,1580
07/07/2026 18:30:08,1,450,620,3,2,1580
07/07/2026 18:30:24,1,450,620,3,1,1840
07/07/2026 18:30:40,1,450,620,3,1,1840
07/07/2026 18:30:56,1,450,620,3,1,1850
07/07/2026 18:31:12,1,450,620,3,1,1850
07/07/2026 18:31:28,1,450,620,3,1,1770
07/07/2026 18:31:44,1,450,620,3,1,1770
07/07/2026 18:32:00,1,450,620,3,1,1770
07/07/2026 18:32:16,1,450,620,3,1,1760
07/07/2026 18:32:32,1,450,620,3,1,1760
07/07/2026 18:32:48,1,460,620,3,1,1790
07/07/2026 18:33:04,1,460,620,3,1,1790
07/07/2026 18:33:20,1,460,620,3,1,1780
07/07/2026 18:33:36,1,460,620,3,1,1780
07/07/2026 18:33:52,1,460,620,3,1,1730
07/07/2026 18:34:08,1,460,620,3,1,1730
07/07/2026 18:34:24,1,460,620,3,1,1730
07/07/2026 18:34:40,1,460,620,3,1,1790
07/07/2026 18:34:56,1,470,620,3,1,1790
07/07/2026 18:35:12,1,470,620,3,1,1730
07/07/2026 18:35:28,1,470,620,3,1,1730
07/07/2026 18:35:44,1,470,620,3,1,1730
07/07/2026 18:36:00,1,470,620,3,1,1730
07/07/2026 18:36:16,1,470,620,3,1,1750
07/07/2026 18:36:32,1,470,620,3,1,1750
07/07/2026 18:36:48,1,470,620,3,1,1750
07/07/2026 18:37:04,1,470,620,3,1,1770
07/07/2026 18:37:20,1,480,620,3,1,1770
07/07/2026 18:37:36,1,480,620,3,1,1770
07/07/2026 18:37:52,1,480,620,3,1,1770
07/07/2026 18:38:08,1,480,620,3,1,1770
07/07/2026 18:38:24,1,480,620,3,1,1770
07/07/2026 18:38:40,1,490,620,3,1,1790
07/07/2026 18:38:56,1,490,620,3,1,1790
07/07/2026 18:39:12,1,500,620,3,1,1790
07/07/2026 18:39:28,1,500,620,3,1,1810
07/07/2026 18:39:44,1,510,620,3,1,1810
07/07/2026 18:40:00,1,520,620,3,1,1860
07/07/2026 18:40:16,1,520,620,3,1,1860
07/07/2026 18:40:32,1,530,620,3,1,1870
07/07/2026 18:40:48,1,540,620,3,1,1870
07/07/2026 18:41:04,1,550,620,3,1,1830
07/07/2026 18:41:20,1,560,620,3,1,1830
07/07/2026 18:41:36,1,570,620,3,1,1830
07/07/2026 18:41:52,1,570,620,3,1,1770
07/07/2026 18:42:08,1,580,620,3,1,1770
07/07/2026 18:42:24,1,580,620,3,1,1770
07/07/2026 18:42:40,1,580,620,3,1,1770
07/07/2026 18:42:56,1,590,620,3,1,1830
07/07/2026 18:43:12,1,590,620,3,1,1830
07/07/2026 18:43:28,1,590,620,3,1,1830
07/07/2026 18:43:44,1,590,620,3,1,1830
07/07/2026 18:44:00,1,600,620,3,1,1830
07/07/2026 18:44:16,1,600,620,3,1,1820
07/07/2026 18:44:32,1,600,620,3,1,1820
07/07/2026 18:44:48,1,600,620,3,1,1780
07/07/2026 18:45:04,1,600,620,3,1,1780
07/07/2026 18:45:20,1,600,620,3,1,1770
07/07/2026 18:45:36,1,600,620,3,1,1770
07/07/2026 18:45:52,1,600,620,3,1,1770
07/07/2026 18:46:08,1,600,620,3,1,1770
07/07/2026 18:46:24,1,600,620,3,1,1770
07/07/2026 18:46:40,1,600,620,3,1,1810
07/07/2026 18:46:56,1,600,620,3,1,1810
07/07/2026 18:47:12,1,600,620,3,1,1830
07/07/2026 18:47:28,1,600,620,3,1,1830
07/07/2026 18:47:44,1,600,620,3,1,1840
07/07/2026 18:48:00,1,600,620,3,1,1840
07/07/2026 18:48:16,1,600,620,3,1,1850
07/07/2026 18:48:32,1,600,620,3,1,1850
07/07/2026 18:48:48,1,600,620,3,1,1850
07/07/2026 18:49:04,1,600,620,3,1,1860
07/07/2026 18:49:20,1,600,620,3,1,1860
07/07/2026 18:49:36,1,600,620,3,1,1850
07/07/2026 18:49:52,1,600,620,3,1,1850
07/07/2026 18:50:08,1,600,620,3,1,1850
07/07/2026 18:50:24,1,600,620,3,1,1850
07/07/2026 18:50:40,1,600,620,3,1,1850
07/07/2026 18:50:56,1,600,620,3,1,1850
07/07/2026 18:51:12,1,600,620,3,1,1850
07/07/2026 18:51:28,1,600,620,3,1,1870
07/07/2026 18:51:44,1,600,620,3,1,1870
07/07/2026 18:52:00,1,600,620,3,1,1840
07/07/2026 18:52:16,1,600,620,3,1,1840
07/07/2026 18:52:32,1,600,620,3,1,1880
07/07/2026 18:52:48,1,600,620,3,1,1880
07/07/2026 18:53:04,1,600,620,3,1,1850
07/07/2026 18:53:20,1,600,620,3,1,1850
07/07/2026 18:53:36,1,600,620,3,1,1850
07/07/2026 18:53:52,1,600,620,3,1,1860
07/07/2026 18:54:08,1,600,620,3,1,1860
07/07/2026 18:54:24,1,590,620,3,1,1870
07/07/2026 18:54:40,1,590,620,3,1,1870
07/07/2026 18:54:56,1,590,620,3,1,1870
07/07/2026 18:55:12,1,590,620,3,1,1870
07/07/2026 18:55:28,1,590,620,3,1,1870
07/07/2026 18:55:44,1,590,620,3,1,1870
07/07/2026 18:56:00,1,590,620,3,1,1870
07/07/2026 18:56:16,1,590,620,3,1,1870
07/07/2026 18:56:32,1,590,620,3,1,1870
07/07/2026 18:56:48,1,590,620,3,1,1870
07/07/2026 18:57:04,1,590,620,3,1,1870
07/07/2026 18:57:20,1,590,620,3,1,1880
07/07/2026 18:57:36,1,590,620,3,1,1880
07/07/2026 18:57:52,1,590,620,3,1,1880
07/07/2026 18:58:08,1,590,620,3,1,1880
07/07/2026 18:58:24,1,590,620,3,1,1880
07/07/2026 18:58:40,1,580,620,3,1,1880
07/07/2026 18:58:56,1,580,620,3,1,1880
07/07/2026 18:59:12,1,580,620,3,1,1880
07/07/2026 18:59:28,1,580,620,3,1,1880
07/07/2026 18:59:44,1,580,620,3,1,1880
07/07/2026 19:00:00,3,580,560,3,1,1880
07/07/2026 19:00:16,3,580,560,3,1,1900
07/07/2026 19:00:32,3,580,560,3,1,1900
07/07/2026 19:00:48,3,580,560,3,1,1900
07/07/2026 19:01:04,3,580,560,3,1,1880
07/07/2026 19:01:20,3,580,560,3,1,1880
07/07/2026 19:01:36,3,580,560,3,1,1890
07/07/2026 19:01:52,3,580,560,3,1,1890
07/07/2026 19:02:08,3,580,560,3,1,1880
07/07/2026 19:02:24,3,580,560,3,1,1880
07/07/2026 19:02:40,3,580,560,3,1,1870
07/07/2026 19:02:56,3,580,560,3,1,1870
07/07/2026 19:03:12,3,580,560,3,1,1870
07/07/2026 19:03:28,3,580,560,3,1,1860
07/07/2026 19:03:44,3,580,560,3,1,1860
07/07/2026 19:04:00,3,580,560,3,1,1870
07/07/2026 19:04:16,3,580,560,3,1,1870
07/07/2026 19:04:32,3,580,560,3,1,1870
07/07/2026 19:04:48,3,580,560,3,1,1870
07/07/2026 19:05:04,3,580,560,3,1,1870
07/07/2026 19:05:20,3,580,560,3,1,1870
07/07/2026 19:05:36,3,580,560,3,1,1870
07/07/2026 19:05:52,3,580,560,3,2,1380
07/07/2026 19:06:08,3,590,560,3,2,1380
07/07/2026 19:06:24,3,590,560,3,1,1440
07/07/2026 19:06:40,3,590,560,3,1,1440
07/07/2026 19:06:56,3,590,560,3,2,1500
07/07/2026 19:07:12,3,590,560,3,2,1500
07/07/2026 19:07:28,3,590,560,3,2,1480
07/07/2026 19:07:44,3,590,560,3,2,1480
07/07/2026 19:08:00,3,590,560,3,2,1480
07/07/2026 19:08:16,3,590,560,3,2,1480
07/07/2026 19:08:32,3,590,560,3,2,1480
07/07/2026 19:08:48,3,590,560,3,1,1510
07/07/2026 19:09:04,3,600,560,3,1,1510
07/07/2026 19:09:20,3,600,560,3,1,1650
07/07/2026 19:09:36,3,600,560,3,1,1650
07/07/2026 19:09:52,3,600,560,3,1,1750
07/07/2026 19:10:08,3,600,560,3,1,1750
07/07/2026 19:10:24,3,600,560,3,1,1750
07/07/2026 19:10:40,3,600,560,3,1,1770
07/07/2026 19:10:56,3,600,560,3,1,1770
07/07/2026 19:11:12,3,590,560,3,1,1710
07/07/2026 19:11:28,3,590,560,3,1,1710
07/07/2026 19:11:44,3,590,560,3,1,1830
07/07/2026 19:12:00,3,590,560,3,1,1830
07/07/2026 19:12:16,3,590,560,3,1,1820
07/07/2026 19:12:32,3,590,560,3,1,1820
07/07/2026 19:12:48,3,590,560,3,1,1820
07/07/2026 19:13:04,3,590,560,3,1,1850
07/07/2026 19:13:20,3,590,560,3,1,1850
07/07/2026 19:13:36,3,590,560,3,1,1850
07/07/2026 19:13:52,3,590,560,3,1,1850
07/07/2026 19:14:08,3,590,560,3,1,1830
07/07/2026 19:14:24,3,590,560,3,1,1830
07/07/2026 19:14:40,3,580,560,3,1,1840
07/07/2026 19:14:56,3,580,560,3,1,1840
07/07/2026 19:15:12,3,580,560,3,1,1840
07/07/2026 19:15:28,3,580,560,3,1,1840
07/07/2026 19:15:44,3,580,560,3,1,1840
07/07/2026 19:16:00,3,580,560,3,1,1870
07/07/2026 19:16:16,3,580,560,3,1,1870
07/07/2026 19:16:32,3,580,560,3,1,1880
07/07/2026 19:16:48,3,580,560,3,1,1880
07/07/2026 19:17:04,3,580,560,3,1,1870
07/07/2026 19:17:20,3,580,560,3,1,1870
07/07/2026 19:17:36,3,580,560,3,1,1870
07/07/2026 19:17:52,3,580,560,3,1,1860
07/07/2026 19:18:08,3,580,560,3,1,1860
07/07/2026 19:18:24,3,580,560,3,1,1850
07/07/2026 19:18:40,3,580,560,3,1,1850
07/07/2026 19:18:56,3,580,560,3,1,1860
07/07/2026 19:19:12,3,580,560,3,1,1860
07/07/2026 19:19:28,3,580,560,3,1,1850
07/07/2026 19:19:44,3,580,560,3,1,1850
07/07/2026 19:20:00,3,580,560,3,1,1850
07/07/2026 19:20:16,3,560,560,3,0,-999
07/07/2026 19:20:32,3,560,560,3,0,-999
07/07/2026 19:20:48,3,550,560,3,0,-999
07/07/2026 19:21:04,3,550,560,3,0,-999
07/07/2026 19:21:20,3,550,560,3,0,-999
07/07/2026 19:21:36,3,550,560,3,0,-999
07/07/2026 19:21:52,3,540,560,3,0,-999
07/07/2026 19:22:08,3,540,560,3,0,-999
07/07/2026 19:22:24,3,540,560,3,0,-999
07/07/2026 19:22:40,3,550,560,3,1,1810
07/07/2026 19:22:56,3,540,560,3,1,1810
07/07/2026 19:23:12,3,540,560,3,1,1850
07/07/2026 19:23:28,3,530,560,3,1,1850
07/07/2026 19:23:44,3,520,560,3,1,1890
07/07/2026 19:24:00,3,520,560,3,1,1890
07/07/2026 19:24:16,3,510,560,3,1,1870
07/07/2026 19:24:32,3,510,560,3,1,1870
07/07/2026 19:24:48,3,500,560,3,1,1870
07/07/2026 19:25:04,3,500,560,3,1,1890
07/07/2026 19:25:20,3,500,560,3,1,1890
07/07/2026 19:25:36,3,500,560,3,1,1900
07/07/2026 19:25:52,3,500,560,3,1,1900
07/07/2026 19:26:08,3,500,560,3,1,1900
07/07/2026 19:26:24,3,500,560,3,1,1900
07/07/2026 19:26:40,3,500,560,3,2,940
07/07/2026 19:26:56,3,500,560,3,2,940
07/07/2026 19:27:12,3,510,560,3,2,940
07/07/2026 19:27:28,3,510,560,3,1,1890
07/07/2026 19:27:44,3,510,560,3,1,1890
07/07/2026 19:28:00,3,510,560,3,1,1840
07/07/2026 19:28:16,3,510,560,3,1,1840
07/07/2026 19:28:32,3,510,560,3,1,1840
07/07/2026 19:28:48,3,510,560,3,1,1840
07/07/2026 19:29:04,3,400,560,3,0,-999
07/07/2026 19:29:20,3,400,560,3,0,-999
07/07/2026 19:29:36,3,400,560,3,0,-999
07/07/2026 19:29:52,3,1020,560,3,1,980
07/07/2026 19:30:08,3,1020,560,3,1,980
07/07/2026 19:30:24,3,1020,560,3,1,960
07/07/2026 19:30:40,3,1020,560,3,1,960
07/07/2026 19:30:56,3,1030,560,3,1,900
07/07/2026 19:31:12,3,1030,560,3,1,900
07/07/2026 19:31:28,3,1030,560,3,1,850
07/07/2026 19:31:44,3,1030,560,3,1,850
07/07/2026 19:32:00,3,310,560,3,1,850
07/07/2026 19:32:16,3,310,560,3,1,900
07/07/2026 19:32:32,3,310,560,3,1,900
07/07/2026 19:32:48,3,300,560,3,1,880
07/07/2026 19:33:04,3,310,560,3,1,880
07/07/2026 19:33:20,3,310,560,3,1,1870
07/07/2026 19:33:36,3,310,560,3,1,1870
07/07/2026 19:33:52,3,310,560,3,1,1870
07/07/2026 19:34:08,3,300,560,3,1,1870
07/07/2026 19:34:24,3,300,560,3,1,1870
07/07/2026 19:34:40,3,300,560,3,1,960
07/07/2026 19:34:56,3,300,560,3,1,960
07/07/2026 19:35:12,3,300,560,3,1,1880
07/07/2026 19:35:28,3,1020,560,3,1,1880
07/07/2026 19:35:44,3,870,560,3,0,-999
07/07/2026 19:36:00,3,890,560,3,0,-999
07/07/2026 19:36:16,3,920,560,3,0,-999
07/07/2026 19:36:32,3,920,560,3,0,-999
07/07/2026 19:36:48,3,920,560,3,0,-999
07/07/2026 19:37:04,3,1940,560,3,1,1880
07/07/2026 19:37:20,3,830,560,3,1,1880
07/07/2026 19:37:36,3,830,560,3,1,1890
07/07/2026 19:37:52,3,830,560,3,1,1890
07/07/2026 19:38:08,3,830,560,3,1,1880
07/07/2026 19:38:24,3,830,560,3,1,1880
07/07/2026 19:38:40,3,830,560,3,1,1880
07/07/2026 19:38:56,3,830,560,3,1,1880
07/07/2026 19:39:12,3,830,560,3,1,1880
07/07/2026 19:39:28,3,830,560,3,1,1880
07/07/2026 19:39:44,3,890,560,3,1,1880
07/07/2026 19:40:00,3,890,560,3,1,1890
07/07/2026 19:40:16,3,890,560,3,1,1890
07/07/2026 19:40:32,3,890,560,3,1,1890
07/07/2026 19:40:48,3,890,560,3,1,1890
07/07/2026 19:41:04,3,830,560,3,0,-999
07/07/2026 19:41:20,3,800,560,3,0,-999
07/07/2026 19:41:36,3,780,560,3,0,-999
07/07/2026 19:41:52,3,760,560,3,0,-999
07/07/2026 19:42:08,3,740,560,3,0,-999
07/07/2026 19:42:24,3,740,560,3,0,-999
07/07/2026 19:42:40,3,730,560,3,0,-999
07/07/2026 19:42:56,3,720,560,3,0,-999
07/07/2026 19:43:12,3,720,560,3,0,-999
07/07/2026 19:43:28,3,710,560,3,0,-999
07/07/2026 19:43:44,3,700,560,3,0,-999
07/07/2026 19:44:00,3,680,560,3,0,-999
07/07/2026 19:44:16,3,680,560,3,0,-999
07/07/2026 19:44:32,3,670,560,3,0,-999
07/07/2026 19:44:48,3,770,560,3,1,1910
07/07/2026 19:45:04,3,770,560,3,1,1910
07/07/2026 19:45:20,3,650,560,3,0,-999
07/07/2026 19:45:36,3,650,560,3,0,-999
07/07/2026 19:45:52,3,640,560,3,0,-999
07/07/2026 19:46:08,3,640,560,3,0,-999
07/07/2026 19:46:24,3,630,560,3,0,-999
07/07/2026 19:46:40,3,630,560,3,0,-999
07/07/2026 19:46:56,3,630,560,3,0,-999
07/07/2026 19:47:12,3,620,560,3,0,-999
07/07/2026 19:47:28,3,620,560,3,0,-999
07/07/2026 19:47:44,3,620,560,3,0,-999
07/07/2026 19:48:00,3,610,560,3,0,-999
07/07/2026 19:48:16,3,710,560,3,1,1880
07/07/2026 19:48:32,3,710,560,3,1,1880
07/07/2026 19:48:48,3,700,560,3,1,1880
07/07/2026 19:49:04,3,700,560,3,1,1910
07/07/2026 19:49:20,3,700,560,3,1,1910
07/07/2026 19:49:36,3,690,560,3,1,1930
07/07/2026 19:49:52,3,570,560,3,1,1930
07/07/2026 19:50:08,3,570,560,3,1,1880
07/07/2026 19:50:24,3,570,560,3,1,1880
07/07/2026 19:50:40,3,570,560,3,1,1890
07/07/2026 19:50:56,3,560,560,3,1,1890
07/07/2026 19:51:12,3,560,560,3,1,1890
07/07/2026 19:51:28,3,560,560,3,1,1890
07/07/2026 19:51:44,3,560,560,3,1,1890
07/07/2026 19:52:00,3,560,560,3,1,1900
07/07/2026 19:52:16,3,560,560,3,1,1900
07/07/2026 19:52:32,3,560,560,3,1,1890
07/07/2026 19:52:48,3,560,560,3,1,1890
07/07/2026 19:53:04,3,560,560,3,1,1910
07/07/2026 19:53:20,3,560,560,3,1,1910
07/07/2026 19:53:36,3,560,560,3,1,1910
07/07/2026 19:53:52,3,560,560,3,1,1920
07/07/2026 19:54:08,3,560,560,3,1,1920
07/07/2026 19:54:24,3,550,560,3,1,1910
07/07/2026 19:54:40,3,550,560,3,1,1910
07/07/2026 19:54:56,3,540,560,3,1,1900
07/07/2026 19:55:12,3,540,560,3,1,1900
07/07/2026 19:55:28,3,530,560,3,1,1900
07/07/2026 19:55:44,3,530,560,3,1,1900
07/07/2026 19:56:00,3,530,560,3,1,1900
07/07/2026 19:56:16,3,530,560,3,1,1870
07/07/2026 19:56:32,3,530,560,3,1,1870
07/07/2026 19:56:48,3,530,560,3,1,1870
07/07/2026 19:57:04,3,530,560,3,1,1870
07/07/2026 19:57:20,3,530,560,3,1,1890
07/07/2026 19:57:36,3,530,560,3,1,1890
07/07/2026 19:57:52,3,530,560,3,1,1890
07/07/2026 19:58:08,3,530,560,3,1,1890
07/07/2026 19:58:24,3,530,560,3,1,1890
07/07/2026 19:58:40,3,530,560,3,1,1900
07/07/2026 19:58:56,3,530,560,3,1,1900
07/07/2026 19:59:12,3,530,560,3,1,1900
07/07/2026 19:59:28,3,530,560,3,1,1900
07/07/2026 19:59:44,3,530,560,3,1,1890
07/07/2026 20:00:00,3,530,560,3,1,1890
07/07/2026 20:00:16,2,530,580,3,1,1910
07/07/2026 20:00:32,2,520,580,3,1,1910
07/07/2026 20:00:48,2,520,580,3,1,1910
07/07/2026 20:01:04,2,520,580,3,1,1900
07/07/2026 20:01:20,2,520,580,3,1,1900
07/07/2026 20:01:36,2,520,580,3,1,1910
07/07/2026 20:01:52,2,510,580,3,1,1910
07/07/2026 20:02:08,2,510,580,3,1,1910
07/07/2026 20:02:24,2,500,580,3,1,1910
07/07/2026 20:02:40,2,540,580,3,0,-999
07/07/2026 20:02:56,2,540,580,3,0,-999
07/07/2026 20:03:12,2,540,580,3,0,-999
07/07/2026 20:03:28,2,490,580,3,0,-999
07/07/2026 20:03:44,2,490,580,3,0,-999
07/07/2026 20:04:00,2,490,580,3,0,-999
07/07/2026 20:04:16,2,490,580,3,0,-999
07/07/2026 20:04:32,2,490,580,3,0,-999
07/07/2026 20:04:48,2,480,580,3,0,-999
07/07/2026 20:05:04,2,480,580,3,0,-999
07/07/2026 20:05:20,2,480,580,3,0,-999
07/07/2026 20:05:36,2,480,580,3,0,-999
07/07/2026 20:05:52,2,480,580,3,0,-999
07/07/2026 20:06:08,2,480,580,3,0,-999
07/07/2026 20:06:24,2,480,580,3,0,-999
07/07/2026 20:06:40,2,480,580,3,0,-999
07/07/2026 20:06:56,2,480,580,3,1,1840
07/07/2026 20:07:12,2,480,580,3,1,1840
07/07/2026 20:07:28,2,480,580,3,1,1850
07/07/2026 20:07:44,2,480,580,3,1,1850
07/07/2026 20:08:00,2,480,580,3,1,1850
07/07/2026 20:08:16,2,480,580,3,1,1870
07/07/2026 20:08:32,2,480,580,3,1,1870
07/07/2026 20:08:48,2,480,580,3,1,1880
07/07/2026 20:09:04,2,480,580,3,1,1880
07/07/2026 20:09:20,2,480,580,3,1,1840
07/07/2026 20:09:36,2,480,580,3,1,1840
07/07/2026 20:09:52,2,480,580,3,1,1800
07/07/2026 20:10:08,2,480,580,3,1,1800
07/07/2026 20:10:24,2,480,580,3,1,1800
07/07/2026 20:10:40,2,480,580,3,1,1870
07/07/2026 20:10:56,2,480,580,3,1,1870
07/07/2026 20:11:12,2,480,580,3,1,1840
07/07/2026 20:11:28,2,470,580,3,1,1840
07/07/2026 20:11:44,2,470,580,3,1,1850
07/07/2026 20:12:00,2,470,580,3,1,1850
07/07/2026 20:12:16,2,470,580,3,1,1840
07/07/2026 20:12:32,2,470,580,3,1,1840
07/07/2026 20:12:48,2,470,580,3,1,1840
07/07/2026 20:13:04,2,470,580,3,1,1830
07/07/2026 20:13:20,2,470,580,3,1,1830
07/07/2026 20:13:36,2,470,580,3,1,1810
07/07/2026 20:13:52,2,470,580,3,1,1810
07/07/2026 20:14:08,2,470,580,3,1,1780
07/07/2026 20:14:24,2,470,580,3,1,1780
07/07/2026 20:14:40,2,470,580,3,1,1800
07/07/2026 20:14:56,2,480,580,3,1,1800
07/07/2026 20:15:12,2,480,580,3,1,1800
07/07/2026 20:15:28,2,490,580,3,1,1780
07/07/2026 20:15:44,2,590,580,3,1,1780
07/07/2026 20:16:00,2,590,580,3,1,1780
07/07/2026 20:16:16,2,590,580,3,1,1780
07/07/2026 20:16:32,2,590,580,3,1,1750
07/07/2026 20:16:48,2,590,580,3,1,1750
07/07/2026 20:17:04,2,590,580,3,1,1760
07/07/2026 20:17:20,2,590,580,3,1,1760
07/07/2026 20:17:36,2,590,580,3,1,1760
07/07/2026 20:17:52,2,590,580,3,1,1750
07/07/2026 20:18:08,2,590,580,3,1,1750
07/07/2026 20:18:24,2,580,580,3,1,1700
07/07/2026 20:18:40,2,580,580,3,1,1700
07/07/2026 20:18:56,2,580,580,3,1,1710
07/07/2026 20:19:12,2,580,580,3,1,1710
07/07/2026 20:19:28,2,580,580,3,1,1790
07/07/2026 20:19:44,2,580,580,3,1,1790
07/07/2026 20:20:00,2,570,580,3,1,1790
07/07/2026 20:20:16,2,570,580,3,1,1810
07/07/2026 20:20:32,2,570,580,3,1,1810
07/07/2026 20:20:48,2,560,580,3,1,1790
07/07/2026 20:21:04,2,560,580,3,1,1790
07/07/2026 20:21:20,2,550,580,3,1,1660
07/07/2026 20:21:36,2,550,580,3,1,1660
07/07/2026 20:21:52,2,540,580,3,1,1650
07/07/2026 20:22:08,2,540,580,3,1,1650
07/07/2026 20:22:24,2,530,580,3,1,1650
07/07/2026 20:22:40,2,530,580,3,1,1780
07/07/2026 20:22:56,2,530,580,3,1,1780
07/07/2026 20:23:12,2,520,580,3,1,1780
07/07/2026 20:23:28,2,520,580,3,1,1780
07/07/2026 20:23:44,2,510,580,3,1,1830
07/07/2026 20:24:00,2,510,580,3,1,1830
07/07/2026 20:24:16,2,510,580,3,1,1820
07/07/2026 20:24:32,2,500,580,3,1,1820
07/07/2026 20:24:48,2,500,580,3,1,1820
07/07/2026 20:25:04,2,500,580,3,1,1810
07/07/2026 20:25:20,2,500,580,3,1,1810
07/07/2026 20:25:36,2,490,580,3,1,1810
07/07/2026 20:25:52,2,490,580,3,1,1810
07/07/2026 20:26:08,2,490,580,3,1,1800
07/07/2026 20:26:24,2,490,580,3,1,1800
07/07/2026 20:26:40,2,490,580,3,1,1780
07/07/2026 20:26:56,2,480,580,3,1,1780
07/07/2026 20:27:12,2,480,580,3,1,1780
07/07/2026 20:27:28,2,480,580,3,1,1820
07/07/2026 20:27:44,2,480,580,3,1,1820
07/07/2026 20:28:00,2,480,580,3,1,1870
07/07/2026 20:28:16,2,480,580,3,1,1870
07/07/2026 20:28:32,2,480,580,3,1,1890
07/07/2026 20:28:48,2,480,580,3,1,1890
07/07/2026 20:29:04,2,480,580,3,1,1910
07/07/2026 20:29:20,2,470,580,3,1,1910
07/07/2026 20:29:36,2,470,580,3,1,1910
07/07/2026 20:29:52,2,470,580,3,1,1920
07/07/2026 20:30:08,2,470,580,3,1,1920
07/07/2026 20:30:24,2,470,580,3,1,1900
07/07/2026 20:30:40,2,470,580,3,1,1900
07/07/2026 20:30:56,2,470,580,3,1,1860
07/07/2026 20:31:12,2,470,580,3,1,1860
07/07/2026 20:31:28,2,460,580,3,1,1820
07/07/2026 20:31:44,2,460,580,3,1,1820
07/07/2026 20:32:00,2,450,580,3,1,1820
07/07/2026 20:32:16,2,430,580,3,1,1830
07/07/2026 20:32:32,2,420,580,3,1,1830
07/07/2026 20:32:48,2,410,580,3,1,1790
07/07/2026 20:33:04,2,400,580,3,1,1790
07/07/2026 20:33:20,2,400,580,3,1,1760
07/07/2026 20:33:36,2,390,580,3,1,1760
07/07/2026 20:33:52,2,390,580,3,1,1800
07/07/2026 20:34:08,2,380,580,3,1,1800
07/07/2026 20:34:24,2,380,580,3,1,1800
07/07/2026 20:34:40,2,380,580,3,1,1790
07/07/2026 20:34:56,2,380,580,3,1,1790
07/07/2026 20:35:12,2,370,580,3,1,1790
07/07/2026 20:35:28,2,370,580,3,1,1790
07/07/2026 20:35:44,2,370,580,3,1,1790
07/07/2026 20:36:00,2,370,580,3,1,1790
07/07/2026 20:36:16,2,360,580,3,1,1840
07/07/2026 20:36:32,2,360,580,3,1,1840
07/07/2026 20:36:48,2,360,580,3,1,1840
07/07/2026 20:37:04,2,360,580,3,1,1870
07/07/2026 20:37:20,2,360,580,3,1,1870
07/07/2026 20:37:36,2,360,580,3,1,1870
07/07/2026 20:37:52,2,350,580,3,1,1870
07/07/2026 20:38:08,2,350,580,3,1,1890
07/07/2026 20:38:24,2,350,580,3,1,1890
07/07/2026 20:38:40,2,350,580,3,1,1900
07/07/2026 20:38:56,2,350,580,3,1,1900
07/07/2026 20:39:12,2,340,580,3,1,1900
07/07/2026 20:39:28,2,340,580,3,1,1900
07/07/2026 20:39:44,2,340,580,3,1,1900
07/07/2026 20:40:00,2,340,580,3,1,1900
07/07/2026 20:40:16,2,340,580,3,1,1900
07/07/2026 20:40:32,2,340,580,3,1,1920
07/07/2026 20:40:48,2,340,580,3,1,1920
07/07/2026 20:41:04,2,340,580,3,1,1920
07/07/2026 20:41:20,2,350,580,3,1,1920
07/07/2026 20:41:36,2,350,580,3,1,1920
07/07/2026 20:41:52,2,350,580,3,1,1780
07/07/2026 20:42:08,2,350,580,3,1,1780
07/07/2026 20:42:24,2,350,580,3,2,1530
07/07/2026 20:42:40,2,350,580,3,2,1530
07/07/2026 20:42:56,2,350,580,3,2,1630
07/07/2026 20:43:12,2,360,580,3,2,1630
07/07/2026 20:43:28,2,360,580,3,1,1970
07/07/2026 20:43:44,2,360,580,3,1,1970
07/07/2026 20:44:00,2,360,580,3,1,1970
07/07/2026 20:44:16,2,360,580,3,2,1640
07/07/2026 20:44:32,2,370,580,3,2,1640
07/07/2026 20:44:48,2,370,580,3,1,1520
07/07/2026 20:45:04,2,370,580,3,1,1520
07/07/2026 20:45:20,2,370,580,3,1,1480
07/07/2026 20:45:36,2,370,580,3,1,1480
07/07/2026 20:45:52,2,370,580,3,1,1480
07/07/2026 20:46:08,2,370,580,3,1,1480
07/07/2026 20:46:24,2,370,580,3,1,1480
07/07/2026 20:46:40,2,370,580,3,1,1470
07/07/2026 20:46:56,2,370,580,3,1,1470
07/07/2026 20:47:12,2,370,580,3,1,1470
07/07/2026 20:47:28,2,370,580,3,1,1470
07/07/2026 20:47:44,2,370,580,3,1,1460
07/07/2026 20:48:00,2,370,580,3,1,1460
07/07/2026 20:48:16,2,370,580,3,1,1460
07/07/2026 20:48:32,2,370,580,3,1,1460
07/07/2026 20:48:48,2,370,580,3,1,1460
07/07/2026 20:49:04,2,370,580,3,1,1470
07/07/2026 20:49:20,2,370,580,3,1,1470
07/07/2026 20:49:36,2,360,580,3,1,1470
07/07/2026 20:49:52,2,360,580,3,1,1470
07/07/2026 20:50:08,2,360,580,3,1,1450
07/07/2026 20:50:24,2,360,580,3,1,1450
07/07/2026 20:50:40,2,350,580,3,1,1470
07/07/2026 20:50:56,2,350,580,3,1,1470
07/07/2026 20:51:12,2,350,580,3,1,1470
07/07/2026 20:51:28,2,350,580,3,1,1490
07/07/2026 20:51:44,2,350,580,3,1,1490
07/07/2026 20:52:00,2,340,580,3,1,1460
07/07/2026 20:52:16,2,340,580,3,1,1460
07/07/2026 20:52:32,2,340,580,3,1,1480
07/07/2026 20:52:48,2,340,580,3,1,1480
07/07/2026 20:53:04,2,330,580,3,1,1480
07/07/2026 20:53:20,2,330,580,3,1,1480
07/07/2026 20:53:36,2,330,580,3,1,1480
07/07/2026 20:53:52,2,320,580,3,1,1460
07/07/2026 20:54:08,2,320,580,3,1,1460
07/07/2026 20:54:24,2,320,580,3,2,1460
07/07/2026 20:54:40,2,320,580,3,2,1460
07/07/2026 20:54:56,2,320,580,3,1,1470
07/07/2026 20:55:12,2,320,580,3,1,1470
07/07/2026 20:55:28,2,320,580,3,1,1490
07/07/2026 20:55:44,2,320,580,3,1,1490
07/07/2026 20:56:00,2,320,580,3,1,1490
07/07/2026 20:56:16,2,320,580,3,1,1490
07/07/2026 20:56:32,2,320,580,3,1,1490
07/07/2026 20:56:48,2,320,580,3,1,1490
07/07/2026 20:57:04,2,320,580,3,1,1490
07/07/2026 20:57:20,2,320,580,3,1,1510
07/07/2026 20:57:36,2,310,580,3,1,1510
07/07/2026 20:57:52,2,310,580,3,1,1540
07/07/2026 20:58:08,2,310,580,3,1,1540
07/07/2026 20:58:24,2,310,580,3,1,1540
07/07/2026 20:58:40,2,310,580,3,1,1620
07/07/2026 20:58:56,2,310,580,3,1,1620
07/07/2026 20:59:12,2,310,580,3,1,1520
07/07/2026 20:59:28,2,310,580,3,1,1520
07/07/2026 20:59:44,2,310,580,3,1,1520
07/07/2026 21:00:00,2,310,470,3,1,1520
07/07/2026 21:00:16,2,310,470,3,1,1580
07/07/2026 21:00:32,2,310,470,3,1,1580
07/07/2026 21:00:48,2,310,470,3,1,1580
07/07/2026 21:01:04,2,310,470,3,1,1600
07/07/2026 21:01:20,2,310,470,3,1,1600
07/07/2026 21:01:36,2,1710,470,3,1,1630
07/07/2026 21:01:52,2,1710,470,3,1,1630
07/07/2026 21:02:08,2,1710,470,3,1,1680
07/07/2026 21:02:24,2,1710,470,3,1,1680
07/07/2026 21:02:40,2,1710,470,3,1,1650
07/07/2026 21:02:56,2,1740,470,3,1,1650
07/07/2026 21:03:12,2,1740,470,3,1,1650
07/07/2026 21:03:28,2,1740,470,3,1,1590
07/07/2026 21:03:44,2,1740,470,3,1,1590
07/07/2026 21:04:00,2,1740,470,3,1,1610
07/07/2026 21:04:16,2,1740,470,3,1,1610
07/07/2026 21:04:32,2,810,470,3,2,1650
07/07/2026 21:04:48,2,810,470,3,2,1650
07/07/2026 21:05:04,2,810,470,3,1,1860
07/07/2026 21:05:20,2,810,470,3,1,1860
07/07/2026 21:05:36,2,810,470,3,1,1860
07/07/2026 21:05:52,2,810,470,3,1,1820
07/07/2026 21:06:08,2,800,470,3,1,1820
07/07/2026 21:06:24,2,800,470,3,1,1800
07/07/2026 21:06:40,2,760,470,3,1,1800
07/07/2026 21:06:56,2,760,470,3,1,1890
07/07/2026 21:07:12,2,760,470,3,1,1890
07/07/2026 21:07:28,2,750,470,3,1,1920
07/07/2026 21:07:44,2,740,470,3,1,1920
07/07/2026 21:08:00,2,730,470,3,1,1920
07/07/2026 21:08:16,2,720,470,3,1,1940
07/07/2026 21:08:32,2,720,470,3,1,1940
07/07/2026 21:08:48,2,710,470,3,1,1930
07/07/2026 21:09:04,2,710,470,3,1,1930
07/07/2026 21:09:20,2,710,470,3,1,1980
07/07/2026 21:09:36,2,710,470,3,1,1980
07/07/2026 21:09:52,2,710,470,3,1,1970
07/07/2026 21:10:08,2,710,470,3,1,1970
07/07/2026 21:10:24,2,710,470,3,1,1970
07/07/2026 21:10:40,2,700,470,3,1,1960
07/07/2026 21:10:56,2,700,470,3,1,1960
07/07/2026 21:11:12,2,700,470,3,1,1930
07/07/2026 21:11:28,2,700,470,3,1,1930
07/07/2026 21:11:44,2,700,470,3,1,1930
07/07/2026 21:12:00,2,700,470,3,1,1930
07/07/2026 21:12:16,2,2070,470,3,1,2000
07/07/2026 21:12:32,2,2070,470,3,1,2000
07/07/2026 21:12:48,2,2070,470,3,1,2000
07/07/2026 21:13:04,2,2070,470,3,1,1950
07/07/2026 21:13:20,2,2070,470,3,1,1950
07/07/2026 21:13:36,2,2070,470,3,1,1970
07/07/2026 21:13:52,2,2070,470,3,1,1970
07/07/2026 21:14:08,2,2070,470,3,1,1880
07/07/2026 21:14:24,2,2070,470,3,1,1880
07/07/2026 21:14:40,2,2070,470,3,1,1860
07/07/2026 21:14:56,2,2070,470,3,1,1860
07/07/2026 21:15:12,2,500,470,3,1,1860
07/07/2026 21:15:28,2,500,470,3,1,1870
07/07/2026 21:15:44,2,500,470,3,1,1870
07/07/2026 21:16:00,2,500,470,3,1,1860
07/07/2026 21:16:16,2,500,470,3,1,1860
07/07/2026 21:16:32,2,500,470,3,1,1860
07/07/2026 21:16:48,2,500,470,3,1,1860
07/07/2026 21:17:04,2,500,470,3,2,1720
07/07/2026 21:17:20,2,500,470,3,2,1720
07/07/2026 21:17:36,2,500,470,3,2,1720
07/07/2026 21:17:52,2,500,470,3,1,1900
07/07/2026 21:18:08,2,500,470,3,1,1900
07/07/2026 21:18:24,2,500,470,3,2,1480
07/07/2026 21:18:40,2,500,470,3,2,1480
07/07/2026 21:18:56,2,-999,470,3,1,1890
07/07/2026 21:19:12,2,-999,470,3,1,1890
07/07/2026 21:19:28,2,490,470,3,3,1340
07/07/2026 21:19:44,2,-999,470,3,3,1340
07/07/2026 21:20:00,2,-999,470,3,3,1340
07/07/2026 21:20:16,2,-999,470,3,1,1320
07/07/2026 21:20:32,2,-999,470,3,1,1320
07/07/2026 21:20:48,2,-999,470,3,1,1360
07/07/2026 21:21:04,2,-999,470,3,1,1360
07/07/2026 21:21:20,2,1540,470,3,2,1330
07/07/2026 21:21:36,2,1540,470,3,2,1330
07/07/2026 21:21:52,2,1540,470,3,2,1210
07/07/2026 21:22:08,2,1540,470,3,2,1210
07/07/2026 21:22:24,2,1540,470,3,2,1210
07/07/2026 21:22:40,2,1540,470,3,2,1020
07/07/2026 21:22:56,2,1530,470,3,2,1020
07/07/2026 21:23:12,2,1530,470,3,1,1310
07/07/2026 21:23:28,2,1530,470,3,1,1310
07/07/2026 21:23:44,2,1480,470,3,1,1340
07/07/2026 21:24:00,2,1480,470,3,1,1340
07/07/2026 21:24:16,2,1480,470,3,1,1390
07/07/2026 21:24:32,2,1480,470,3,1,1390
07/07/2026 21:24:48,2,1480,470,3,1,1390
07/07/2026 21:25:04,2,1480,470,3,1,1430
07/07/2026 21:25:20,2,1450,470,3,1,1430
07/07/2026 21:25:36,2,1450,470,3,1,1330
07/07/2026 21:25:52,2,1480,470,3,1,1330
07/07/2026 21:26:08,2,1480,470,3,1,1320
07/07/2026 21:26:24,2,1480,470,3,1,1320
07/07/2026 21:26:40,2,1510,470,3,2,1330
07/07/2026 21:26:56,2,1510,470,3,2,1330
07/07/2026 21:27:12,2,1580,470,3,2,1330
07/07/2026 21:27:28,2,1580,470,3,2,1410
07/07/2026 21:27:44,2,1580,470,3,2,1410
07/07/2026 21:28:00,2,1580,470,3,2,1380
07/07/2026 21:28:16,2,820,470,3,2,1380
07/07/2026 21:28:32,2,820,470,3,1,1720
07/07/2026 21:28:48,2,820,470,3,1,1720
07/07/2026 21:29:04,2,820,470,3,1,1770
07/07/2026 21:29:20,2,820,470,3,1,1770
07/07/2026 21:29:36,2,820,470,3,1,1770
07/07/2026 21:29:52,2,820,470,3,1,1810
07/07/2026 21:30:08,2,820,470,3,1,1810
07/07/2026 21:30:24,2,-999,470,3,1,1860
07/07/2026 21:30:40,2,-999,470,3,1,1860
07/07/2026 21:30:56,2,-999,470,3,1,1860
07/07/2026 21:31:12,2,-999,470,3,1,1860
07/07/2026 21:31:28,2,1990,470,3,1,1860
07/07/2026 21:31:44,2,1990,470,3,1,1860
07/07/2026 21:32:00,2,2000,470,3,1,1860
07/07/2026 21:32:16,2,2000,470,3,1,1870
07/07/2026 21:32:32,2,2000,470,3,1,1870
07/07/2026 21:32:48,2,2010,470,3,1,1900
07/07/2026 21:33:04,2,850,470,3,1,1900
07/07/2026 21:33:20,2,850,470,3,1,1920
07/07/2026 21:33:36,2,850,470,3,1,1920
07/07/2026 21:33:52,2,850,470,3,1,1930
07/07/2026 21:34:08,2,840,470,3,1,1930
07/07/2026 21:34:24,2,840,470,3,1,1930
07/07/2026 21:34:40,2,840,470,3,1,1940
07/07/2026 21:34:56,2,840,470,3,1,1940
07/07/2026 21:35:12,2,840,470,3,1,1970
07/07/2026 21:35:28,2,840,470,3,1,1970
07/07/2026 21:35:44,2,840,470,3,1,1960
07/07/2026 21:36:00,2,840,470,3,1,1960
07/07/2026 21:36:16,2,840,470,3,1,1960
07/07/2026 21:36:32,2,840,470,3,1,1960
07/07/2026 21:36:48,2,840,470,3,1,1960
07/07/2026 21:37:04,2,840,470,3,1,1950
07/07/2026 21:37:20,2,840,470,3,1,1950
07/07/2026 21:37:36,2,840,470,3,1,1950
07/07/2026 21:37:52,2,840,470,3,1,1950
07/07/2026 21:38:08,2,840,470,3,1,1970
07/07/2026 21:38:24,2,840,470,3,1,1970
07/07/2026 21:38:40,2,840,470,3,1,1960
07/07/2026 21:38:56,2,840,470,3,1,1960
07/07/2026 21:39:12,2,840,470,3,1,1960
07/07/2026 21:39:28,2,840,470,3,1,1900
07/07/2026 21:39:44,2,830,470,3,1,1900
07/07/2026 21:40:00,2,830,470,3,1,1890
07/07/2026 21:40:16,2,830,470,3,1,1890
07/07/2026 21:40:32,2,830,470,3,1,1920
07/07/2026 21:40:48,2,830,470,3,1,1920
07/07/2026 21:41:04,2,820,470,3,1,1920
07/07/2026 21:41:20,2,820,470,3,1,1920
07/07/2026 21:41:36,2,820,470,3,1,1920
07/07/2026 21:41:52,2,810,470,3,1,1930
07/07/2026 21:42:08,2,800,470,3,1,1930
07/07/2026 21:42:24,2,800,470,3,1,1920
07/07/2026 21:42:40,2,800,470,3,1,1920
07/07/2026 21:42:56,2,790,470,3,1,1890
07/07/2026 21:43:12,2,790,470,3,1,1890
07/07/2026 21:43:28,2,790,470,3,1,1880
07/07/2026 21:43:44,2,780,470,3,1,1880
07/07/2026 21:44:00,2,780,470,3,1,1880
07/07/2026 21:44:16,2,770,470,3,1,1880
07/07/2026 21:44:32,2,770,470,3,1,1880
07/07/2026 21:44:48,2,760,470,3,1,1930
07/07/2026 21:45:04,2,750,470,3,1,1930
07/07/2026 21:45:20,2,740,470,3,1,1940
07/07/2026 21:45:36,2,730,470,3,1,1940
07/07/2026 21:45:52,2,720,470,3,1,1920
07/07/2026 21:46:08,2,710,470,3,1,1920
07/07/2026 21:46:24,2,710,470,3,1,1920
07/07/2026 21:46:40,2,710,470,3,1,1920
07/07/2026 21:46:56,2,710,470,3,1,1920
07/07/2026 21:47:12,2,640,470,3,0,-999
07/07/2026 21:47:28,2,630,470,3,0,-999
07/07/2026 21:47:44,2,630,470,3,0,-999
07/07/2026 21:48:00,2,630,470,3,0,-999
07/07/2026 21:48:16,2,700,470,3,1,1900
07/07/2026 21:48:32,2,460,470,3,1,1900
07/07/2026 21:48:48,2,450,470,3,1,1900
07/07/2026 21:49:04,2,450,470,3,1,1860
07/07/2026 21:49:20,2,450,470,3,1,1860
07/07/2026 21:49:36,2,610,470,3,0,-999
07/07/2026 21:49:52,2,610,470,3,0,-999
07/07/2026 21:50:08,2,440,470,3,1,1900
07/07/2026 21:50:24,2,440,470,3,1,1900
07/07/2026 21:50:40,2,440,470,3,2,1240
07/07/2026 21:50:56,2,430,470,3,2,1240
07/07/2026 21:51:12,2,430,470,3,2,1240
07/07/2026 21:51:28,2,430,470,3,2,1240
07/07/2026 21:51:44,2,430,470,3,2,1240
07/07/2026 21:52:00,2,420,470,3,1,1940
07/07/2026 21:52:16,2,420,470,3,1,1940
07/07/2026 21:52:32,2,420,470,3,2,1400
07/07/2026 21:52:48,2,420,470,3,2,1400
07/07/2026 21:53:04,2,420,470,3,2,1320
07/07/2026 21:53:20,2,410,470,3,2,1320
07/07/2026 21:53:36,2,410,470,3,2,1320
07/07/2026 21:53:52,2,410,470,3,2,1350
07/07/2026 21:54:08,2,410,470,3,2,1350
07/07/2026 21:54:24,2,410,470,3,1,1820
07/07/2026 21:54:40,2,410,470,3,1,1820
07/07/2026 21:54:56,2,410,470,3,1,1750
07/07/2026 21:55:12,2,410,470,3,1,1750
07/07/2026 21:55:28,2,410,470,3,1,1710
07/07/2026 21:55:44,2,410,470,3,1,1710
07/07/2026 21:56:00,2,410,470,3,1,1710
07/07/2026 21:56:16,2,410,470,3,2,1440
07/07/2026 21:56:32,2,400,470,3,2,1440
07/07/2026 21:56:48,2,400,470,3,2,1600
07/07/2026 21:57:04,2,400,470,3,2,1600
07/07/2026 21:57:20,2,400,470,3,2,1500
07/07/2026 21:57:36,2,400,470,3,2,1500
07/07/2026 21:57:52,2,400,470,3,1,1470
07/07/2026 21:58:08,2,400,470,3,1,1470
07/07/2026 21:58:24,2,400,470,3,1,1470
07/07/2026 21:58:40,2,400,470,3,1,1420
07/07/2026 21:58:56,2,400,470,3,1,1420
07/07/2026 21:59:12,2,400,470,3,1,1510
07/07/2026 21:59:28,2,400,470,3,1,1510
07/07/2026 21:59:44,2,390,470,3,1,1550
07/07/2026 22:00:00,1,390,810,3,1,1550
07/07/2026 22:00:16,1,390,810,3,1,1670
07/07/2026 22:00:32,1,390,810,3,1,1670
07/07/2026 22:00:48,1,390,810,3,1,1670
07/07/2026 22:01:04,1,390,810,3,1,1680
07/07/2026 22:01:20,1,390,810,3,1,1680
07/07/2026 22:01:36,1,390,810,3,1,1670
07/07/2026 22:01:52,1,390,810,3,1,1670
07/07/2026 22:02:08,1,390,810,3,1,1650
07/07/2026 22:02:24,1,390,810,3,1,1650
07/07/2026 22:02:40,1,380,810,3,2,1650
07/07/2026 22:02:56,1,380,810,3,2,1650
07/07/2026 22:03:12,1,380,810,3,2,1650
07/07/2026 22:03:28,1,380,810,3,1,1900
07/07/2026 22:03:44,1,380,810,3,1,1900
07/07/2026 22:04:00,1,380,810,3,1,1920
07/07/2026 22:04:16,1,380,810,3,1,1920
07/07/2026 22:04:32,1,380,810,3,1,1850
07/07/2026 22:04:48,1,380,810,3,1,1850
07/07/2026 22:05:04,1,380,810,3,1,1840
07/07/2026 22:05:20,1,380,810,3,1,1840
07/07/2026 22:05:36,1,380,810,3,1,1840
07/07/2026 22:05:52,1,380,810,3,2,1710
07/07/2026 22:06:08,1,380,810,3,2,1710
07/07/2026 22:06:24,1,380,810,3,1,1890
07/07/2026 22:06:40,1,380,810,3,1,1890
07/07/2026 22:06:56,1,380,810,3,1,1920
07/07/2026 22:07:12,1,380,810,3,1,1920
07/07/2026 22:07:28,1,380,810,3,1,1890
07/07/2026 22:07:44,1,380,810,3,1,1890
07/07/2026 22:08:00,1,380,810,3,1,1890
07/07/2026 22:08:16,1,380,810,3,1,1920
07/07/2026 22:08:32,1,380,810,3,1,1920
07/07/2026 22:08:48,1,380,810,3,1,1890
07/07/2026 22:09:04,1,380,810,3,1,1890
07/07/2026 22:09:20,1,380,810,3,1,1850
07/07/2026 22:09:36,1,380,810,3,1,1850
07/07/2026 22:09:52,1,380,810,3,1,1900
07/07/2026 22:10:08,1,370,810,3,1,1900
07/07/2026 22:10:24,1,370,810,3,1,1900
07/07/2026 22:10:40,1,2010,810,3,2,1510
07/07/2026 22:10:56,1,2010,810,3,2,1510
07/07/2026 22:11:12,1,-999,810,3,1,1520
07/07/2026 22:11:28,1,-999,810,3,1,1520
07/07/2026 22:11:44,1,2010,810,3,1,1510
07/07/2026 22:12:00,1,2010,810,3,1,1510
07/07/2026 22:12:16,1,2010,810,3,2,1500
07/07/2026 22:12:32,1,-999,810,3,2,1500
07/07/2026 22:12:48,1,-999,810,3,2,1500
07/07/2026 22:13:04,1,-999,810,3,1,1920
07/07/2026 22:13:20,1,-999,810,3,1,1920
07/07/2026 22:13:36,1,810,810,3,1,1950
07/07/2026 22:13:52,1,350,810,3,1,1950
07/07/2026 22:14:08,1,340,810,3,1,1920
07/07/2026 22:14:24,1,340,810,3,1,1920
07/07/2026 22:14:40,1,340,810,3,1,1830
07/07/2026 22:14:56,1,340,810,3,1,1830
07/07/2026 22:15:12,1,340,810,3,1,1830
07/07/2026 22:15:28,1,340,810,3,1,1800
07/07/2026 22:15:44,1,790,810,3,1,1800
07/07/2026 22:16:00,1,790,810,3,1,1790
07/07/2026 22:16:16,1,790,810,3,1,1790
07/07/2026 22:16:32,1,760,810,3,1,1750
07/07/2026 22:16:48,1,760,810,3,1,1750
07/07/2026 22:17:04,1,760,810,3,1,1690
07/07/2026 22:17:20,1,760,810,3,1,1690
07/07/2026 22:17:36,1,1870,810,3,1,1690
07/07/2026 22:17:52,1,1870,810,3,1,1670
07/07/2026 22:18:08,1,1870,810,3,1,1670
07/07/2026 22:18:24,1,1860,810,3,1,1510
07/07/2026 22:18:40,1,760,810,3,1,1510
07/07/2026 22:18:56,1,1790,810,3,1,1450
07/07/2026 22:19:12,1,1790,810,3,1,1450
07/07/2026 22:19:28,1,1790,810,3,1,1440
07/07/2026 22:19:44,1,1790,810,3,1,1440
07/07/2026 22:20:00,1,-999,810,3,1,1440
07/07/2026 22:20:16,1,-999,810,3,1,1440
07/07/2026 22:20:32,1,-999,810,3,1,1440
07/07/2026 22:20:48,1,-999,810,3,1,1460
07/07/2026 22:21:04,1,-999,810,3,1,1460
07/07/2026 22:21:20,1,1560,810,3,1,1480
07/07/2026 22:21:36,1,1560,810,3,1,1480
07/07/2026 22:21:52,1,1590,810,3,1,1460
07/07/2026 22:22:08,1,1590,810,3,1,1460
07/07/2026 22:22:24,1,1590,810,3,1,1460
07/07/2026 22:22:40,1,1590,810,3,1,1470
07/07/2026 22:22:56,1,1600,810,3,1,1470
07/07/2026 22:23:12,1,1600,810,3,1,1490
07/07/2026 22:23:28,1,1600,810,3,1,1490
07/07/2026 22:23:44,1,1600,810,3,1,1480
07/07/2026 22:24:00,1,1590,810,3,1,1480
07/07/2026 22:24:16,1,1590,810,3,1,1500
07/07/2026 22:24:32,1,1590,810,3,1,1500
07/07/2026 22:24:48,1,1590,810,3,1,1500
07/07/2026 22:25:04,1,1600,810,3,1,1520
07/07/2026 22:25:20,1,1600,810,3,1,1520
07/07/2026 22:25:36,1,290,810,3,1,1530
07/07/2026 22:25:52,1,290,810,3,1,1530
07/07/2026 22:26:08,1,290,810,3,1,1530
07/07/2026 22:26:24,1,290,810,3,1,1530
07/07/2026 22:26:40,1,290,810,3,1,1540
07/07/2026 22:26:56,1,290,810,3,1,1540
07/07/2026 22:27:12,1,290,810,3,1,1540
07/07/2026 22:27:28,1,290,810,3,1,1560
07/07/2026 22:27:44,1,290,810,3,1,1560
07/07/2026 22:28:00,1,290,810,3,1,1590
07/07/2026 22:28:16,1,290,810,3,1,1590
07/07/2026 22:28:32,1,290,810,3,1,1550
07/07/2026 22:28:48,1,290,810,3,1,1550
07/07/2026 22:29:04,1,290,810,3,1,1530
07/07/2026 22:29:20,1,290,810,3,1,1530
07/07/2026 22:29:36,1,1660,810,3,1,1530
07/07/2026 22:29:52,1,1660,810,3,1,1530
07/07/2026 22:30:08,1,1660,810,3,1,1530
07/07/2026 22:30:24,1,1680,810,3,1,1550
07/07/2026 22:30:40,1,1680,810,3,1,1550
07/07/2026 22:30:56,1,1660,810,3,1,1720
07/07/2026 22:31:12,1,1660,810,3,1,1720
07/07/2026 22:31:28,1,1700,810,3,1,1770
07/07/2026 22:31:44,1,-999,810,3,1,1770
07/07/2026 22:32:00,1,-999,810,3,1,1770
07/07/2026 22:32:16,1,-999,810,3,1,1790
07/07/2026 22:32:32,1,-999,810,3,1,1790
07/07/2026 22:32:48,1,-999,810,3,1,1790
07/07/2026 22:33:04,1,1890,810,3,1,1790
07/07/2026 22:33:20,1,1890,810,3,1,1770
07/07/2026 22:33:36,1,1890,810,3,1,1770
07/07/2026 22:33:52,1,1910,810,3,1,1830
07/07/2026 22:34:08,1,1910,810,3,1,1830
07/07/2026 22:34:24,1,510,810,3,1,1830
07/07/2026 22:34:40,1,510,810,3,1,1900
07/07/2026 22:34:56,1,510,810,3,1,1900
07/07/2026 22:35:12,1,510,810,3,1,1890
07/07/2026 22:35:28,1,510,810,3,1,1890
07/07/2026 22:35:44,1,510,810,3,1,1880
07/07/2026 22:36:00,1,510,810,3,1,1880
07/07/2026 22:36:16,1,510,810,3,1,1910
07/07/2026 22:36:32,1,510,810,3,1,1910
07/07/2026 22:36:48,1,510,810,3,1,1910
07/07/2026 22:37:04,1,510,810,3,1,1950
07/07/2026 22:37:20,1,510,810,3,1,1950
07/07/2026 22:37:36,1,510,810,3,1,1940
07/07/2026 22:37:52,1,510,810,3,1,1940
07/07/2026 22:38:08,1,510,810,3,1,1940
07/07/2026 22:38:24,1,510,810,3,1,1940
07/07/2026 22:38:40,1,510,810,3,1,1930
07/07/2026 22:38:56,1,510,810,3,1,1930
07/07/2026 22:39:12,1,510,810,3,1,1930
07/07/2026 22:39:28,1,510,810,3,1,1910
07/07/2026 22:39:44,1,510,810,3,1,1910
07/07/2026 22:40:00,1,510,810,3,1,1960
07/07/2026 22:40:16,1,510,810,3,1,1960
07/07/2026 22:40:32,1,510,810,3,1,1940
07/07/2026 22:40:48,1,510,810,3,1,1940
07/07/2026 22:41:04,1,510,810,3,1,1970
07/07/2026 22:41:20,1,510,810,3,1,1970
07/07/2026 22:41:36,1,510,810,3,1,1970
07/07/2026 22:41:52,1,510,810,3,1,1950
07/07/2026 22:42:08,1,510,810,3,1,1950
07/07/2026 22:42:24,1,510,810,3,1,1940
07/07/2026 22:42:40,1,510,810,3,1,1940
07/07/2026 22:42:56,1,510,810,3,1,1920
07/07/2026 22:43:12,1,510,810,3,1,1920
07/07/2026 22:43:28,1,510,810,3,1,1920
07/07/2026 22:43:44,1,510,810,3,1,1920
07/07/2026 22:44:00,1,510,810,3,1,1920
07/07/2026 22:44:16,1,510,810,3,1,1940
07/07/2026 22:44:32,1,510,810,3,1,1940
07/07/2026 22:44:48,1,510,810,3,1,1940
07/07/2026 22:45:04,1,310,810,3,1,1940
07/07/2026 22:45:20,1,310,810,3,1,1950
07/07/2026 22:45:36,1,310,810,3,1,1950
07/07/2026 22:45:52,1,320,810,3,1,1930
07/07/2026 22:46:08,1,320,810,3,1,1930
07/07/2026 22:46:24,1,320,810,3,1,1930
07/07/2026 22:46:40,1,320,810,3,1,1920
07/07/2026 22:46:56,1,320,810,3,1,1920
07/07/2026 22:47:12,1,320,810,3,1,1920
07/07/2026 22:47:28,1,320,810,3,1,1920
07/07/2026 22:47:44,1,320,810,3,1,1950
07/07/2026 22:48:00,1,320,810,3,1,1950
07/07/2026 22:48:16,1,330,810,3,1,1940
07/07/2026 22:48:32,1,330,810,3,1,1940
07/07/2026 22:48:48,1,330,810,3,1,1940
07/07/2026 22:49:04,1,340,810,3,1,1890
07/07/2026 22:49:20,1,340,810,3,1,1890
07/07/2026 22:49:36,1,340,810,3,1,1900
07/07/2026 22:49:52,1,340,810,3,1,1900
07/07/2026 22:50:08,1,340,810,3,1,1970
07/07/2026 22:50:24,1,340,810,3,1,1970
07/07/2026 22:50:40,1,340,810,3,1,1960
07/07/2026 22:50:56,1,340,810,3,1,1960
07/07/2026 22:51:12,1,330,810,3,1,1960
07/07/2026 22:51:28,1,330,810,3,1,1940
07/07/2026 22:51:44,1,330,810,3,1,1940
07/07/2026 22:52:00,1,330,810,3,1,1950
07/07/2026 22:52:16,1,330,810,3,1,1950
07/07/2026 22:52:32,1,330,810,3,1,1950
07/07/2026 22:52:48,1,330,810,3,1,1950
07/07/2026 22:53:04,1,330,810,3,1,1950
07/07/2026 22:53:20,1,330,810,3,1,1950
07/07/2026 22:53:36,1,330,810,3,1,1950
07/07/2026 22:53:52,1,330,810,3,0,-999
07/07/2026 22:54:08,1,330,810,3,0,-999
07/07/2026 22:54:24,1,330,810,3,0,-999
07/07/2026 22:54:40,1,330,810,3,0,-999
07/07/2026 22:54:56,1,330,810,3,0,-999
07/07/2026 22:55:12,1,330,810,3,0,-999
07/07/2026 22:55:28,1,330,810,3,0,-999
07/07/2026 22:55:44,1,330,810,3,0,-999
07/07/2026 22:56:00,1,320,810,3,0,-999
07/07/2026 22:56:16,1,320,810,3,0,-999
07/07/2026 22:56:32,1,320,810,3,0,-999
07/07/2026 22:56:48,1,320,810,3,0,-999
07/07/2026 22:57:04,1,320,810,3,0,-999
07/07/2026 22:57:20,1,320,810,3,0,-999
07/07/2026 22:57:36,1,320,810,3,0,-999
07/07/2026 22:57:52,1,320,810,3,0,-999
07/07/2026 22:58:08,1,320,810,3,0,-999
07/07/2026 22:58:24,1,320,810,3,0,-999
07/07/2026 22:58:40,1,320,810,3,0,-999
07/07/2026 22:58:56,1,320,810,3,0,-999
07/07/2026 22:59:12,1,320,810,3,0,-999
07/07/2026 22:59:28,1,320,810,3,0,-999
07/07/2026 22:59:44,1,320,810,3,0,-999
07/07/2026 23:00:00,1,320,380,3,0,-999
07/07/2026 23:00:16,1,320,380,3,0,-999
07/07/2026 23:00:32,1,320,380,3,0,-999
07/07/2026 23:00:48,1,320,380,3,0,-999
07/07/2026 23:01:04,1,320,380,3,0,-999
07/07/2026 23:01:20,1,320,380,3,0,-999
07/07/2026 23:01:36,1,320,380,3,0,-999
07/07/2026 23:01:52,1,320,380,3,0,-999
07/07/2026 23:02:08,1,320,380,3,0,-999
07/07/2026 23:02:24,1,590,380,3,0,-999
07/07/2026 23:02:40,1,600,380,3,0,-999
07/07/2026 23:02:56,1,610,380,3,0,-999
07/07/2026 23:03:12,1,610,380,3,0,-999
07/07/2026 23:03:28,1,620,380,3,0,-999
07/07/2026 23:03:44,1,620,380,3,0,-999
07/07/2026 23:04:00,1,630,380,3,0,-999
07/07/2026 23:04:16,1,630,380,3,0,-999
07/07/2026 23:04:32,1,640,380,3,0,-999
07/07/2026 23:04:48,1,640,380,3,0,-999
07/07/2026 23:05:04,1,690,380,3,1,1950
07/07/2026 23:05:20,1,690,380,3,1,1950
07/07/2026 23:05:36,1,690,380,3,1,1950
07/07/2026 23:05:52,1,690,380,3,1,1960
07/07/2026 23:06:08,1,690,380,3,1,1960
07/07/2026 23:06:24,1,690,380,3,1,1980
07/07/2026 23:06:40,1,690,380,3,1,1980
07/07/2026 23:06:56,1,690,380,3,1,1950
07/07/2026 23:07:12,1,690,380,3,1,1950
07/07/2026 23:07:28,1,690,380,3,1,1960
07/07/2026 23:07:44,1,690,380,3,1,1960
07/07/2026 23:08:00,1,690,380,3,1,1960
07/07/2026 23:08:16,1,690,380,3,1,1970
07/07/2026 23:08:32,1,690,380,3,1,1970
07/07/2026 23:08:48,1,690,380,3,1,1970
07/07/2026 23:09:04,1,690,380,3,1,1970
07/07/2026 23:09:20,1,690,380,3,1,1970
07/07/2026 23:09:36,1,690,380,3,1,1970
07/07/2026 23:09:52,1,690,380,3,1,1980
07/07/2026 23:10:08,1,690,380,3,1,1980
07/07/2026 23:10:24,1,690,380,3,1,1980
07/07/2026 23:10:40,1,690,380,3,1,1970
07/07/2026 23:10:56,1,690,380,3,1,1970
07/07/2026 23:11:12,1,690,380,3,1,1970
07/07/2026 23:11:28,1,690,380,3,1,1970
07/07/2026 23:11:44,1,690,380,3,1,2010
07/07/2026 23:12:00,1,690,380,3,1,2010
07/07/2026 23:12:16,1,690,380,3,1,2000
07/07/2026 23:12:32,1,690,380,3,1,2000
07/07/2026 23:12:48,1,690,380,3,1,2000
07/07/2026 23:13:04,1,690,380,3,1,2030
07/07/2026 23:13:20,1,690,380,3,1,2030
07/07/2026 23:13:36,1,690,380,3,1,2040
07/07/2026 23:13:52,1,690,380,3,1,2040
07/07/2026 23:14:08,1,690,380,3,1,2050
07/07/2026 23:14:24,1,690,380,3,1,2050
07/07/2026 23:14:40,1,690,380,3,1,2050
07/07/2026 23:14:56,1,700,380,3,1,2050
07/07/2026 23:15:12,1,700,380,3,1,2050
07/07/2026 23:15:28,1,700,380,3,1,2050
07/07/2026 23:15:44,1,700,380,3,1,2050
07/07/2026 23:16:00,1,700,380,3,1,2050
07/07/2026 23:16:16,1,700,380,3,1,2050
07/07/2026 23:16:32,1,710,380,3,1,2060
07/07/2026 23:16:48,1,710,380,3,1,2060
07/07/2026 23:17:04,1,710,380,3,1,2060
07/07/2026 23:17:20,1,710,380,3,1,2060
07/07/2026 23:17:36,1,710,380,3,1,2060
07/07/2026 23:17:52,1,720,380,3,1,2050
07/07/2026 23:18:08,1,720,380,3,1,2050
07/07/2026 23:18:24,1,720,380,3,1,2050
07/07/2026 23:18:40,1,720,380,3,1,2050
07/07/2026 23:18:56,1,490,380,3,1,2040
07/07/2026 23:19:12,1,490,380,3,1,2040
07/07/2026 23:19:28,1,490,380,3,1,2030
07/07/2026 23:19:44,1,490,380,3,1,2030
07/07/2026 23:20:00,1,490,380,3,1,2030
07/07/2026 23:20:16,1,490,380,3,1,2020
07/07/2026 23:20:32,1,490,380,3,1,2020
07/07/2026 23:20:48,1,490,380,3,1,2020
07/07/2026 23:21:04,1,490,380,3,1,2020
07/07/2026 23:21:20,1,490,380,3,1,2020
07/07/2026 23:21:36,1,490,380,3,1,2020
07/07/2026 23:21:52,1,490,380,3,1,2030
07/07/2026 23:22:08,1,490,380,3,1,2030
07/07/2026 23:22:24,1,490,380,3,1,2030
07/07/2026 23:22:40,1,490,380,3,1,1980
07/07/2026 23:22:56,1,490,380,3,1,1980
07/07/2026 23:23:12,1,490,380,3,1,1950
07/07/2026 23:23:28,1,500,380,3,1,1950
07/07/2026 23:23:44,1,500,380,3,1,1930
07/07/2026 23:24:00,1,500,380,3,1,1930
07/07/2026 23:24:16,1,500,380,3,1,1940
07/07/2026 23:24:32,1,500,380,3,1,1940
07/07/2026 23:24:48,1,500,380,3,1,1940
07/07/2026 23:25:04,1,500,380,3,1,1940
07/07/2026 23:25:20,1,500,380,3,1,1940
07/07/2026 23:25:36,1,500,380,3,1,1930
07/07/2026 23:25:52,1,500,380,3,1,1930
07/07/2026 23:26:08,1,500,380,3,1,1920
07/07/2026 23:26:24,1,500,380,3,1,1920
07/07/2026 23:26:40,1,500,380,3,1,1920
07/07/2026 23:26:56,1,500,380,3,1,1920
07/07/2026 23:27:12,1,500,380,3,1,1920
07/07/2026 23:27:28,1,500,380,3,1,1950
07/07/2026 23:27:44,1,730,380,3,1,1950
07/07/2026 23:28:00,1,720,380,3,1,1930
07/07/2026 23:28:16,1,720,380,3,1,1930
07/07/2026 23:28:32,1,720,380,3,1,1930
07/07/2026 23:28:48,1,710,380,3,1,1930
07/07/2026 23:29:04,1,640,380,3,0,-999
07/07/2026 23:29:20,1,640,380,3,0,-999
07/07/2026 23:29:36,1,630,380,3,0,-999
07/07/2026 23:29:52,1,630,380,3,0,-999
07/07/2026 23:30:08,1,630,380,3,0,-999
07/07/2026 23:30:24,1,630,380,3,0,-999
07/07/2026 23:30:40,1,620,380,3,0,-999
07/07/2026 23:30:56,1,580,380,3,1,1930
07/07/2026 23:31:12,1,570,380,3,1,1930
07/07/2026 23:31:28,1,570,380,3,1,2060
07/07/2026 23:31:44,1,570,380,3,1,2060
07/07/2026 23:32:00,1,570,380,3,1,2060
07/07/2026 23:32:16,1,570,380,3,1,2020
07/07/2026 23:32:32,1,570,380,3,1,2020
07/07/2026 23:32:48,1,570,380,3,1,2020
07/07/2026 23:33:04,1,570,380,3,1,2020
07/07/2026 23:33:20,1,560,380,3,1,2030
07/07/2026 23:33:36,1,560,380,3,1,2030
07/07/2026 23:33:52,1,550,380,3,1,1920
07/07/2026 23:34:08,1,510,380,3,1,1920
07/07/2026 23:34:24,1,500,380,3,1,1920
07/07/2026 23:34:40,1,490,380,3,1,1920
07/07/2026 23:34:56,1,490,380,3,1,1920
07/07/2026 23:35:12,1,490,380,3,1,1970
07/07/2026 23:35:28,1,480,380,3,1,1970
07/07/2026 23:35:44,1,480,380,3,1,1970
07/07/2026 23:36:00,1,480,380,3,1,1970
07/07/2026 23:36:16,1,480,380,3,0,-999
07/07/2026 23:36:32,1,480,380,3,0,-999
07/07/2026 23:36:48,1,480,380,3,0,-999
07/07/2026 23:37:04,1,480,380,3,1,2030
07/07/2026 23:37:20,1,480,380,3,1,2030
07/07/2026 23:37:36,1,480,380,3,1,2030
07/07/2026 23:37:52,1,480,380,3,1,2030
07/07/2026 23:38:08,1,480,380,3,1,2010
07/07/2026 23:38:24,1,480,380,3,1,2010
07/07/2026 23:38:40,1,480,380,3,1,2010
07/07/2026 23:38:56,1,480,380,3,1,2010
07/07/2026 23:39:12,1,480,380,3,1,2010
07/07/2026 23:39:28,1,480,380,3,1,2010
07/07/2026 23:39:44,1,480,380,3,1,2010
07/07/2026 23:40:00,1,480,380,3,1,2000
07/07/2026 23:40:16,1,480,380,3,1,2000
07/07/2026 23:40:32,1,480,380,3,1,2010
07/07/2026 23:40:48,1,480,380,3,1,2010
07/07/2026 23:41:04,1,480,380,3,0,-999
07/07/2026 23:41:20,1,490,380,3,0,-999
07/07/2026 23:41:36,1,490,380,3,0,-999
07/07/2026 23:41:52,1,490,380,3,0,-999
07/07/2026 23:42:08,1,490,380,3,0,-999
07/07/2026 23:42:24,1,490,380,3,0,-999
07/07/2026 23:42:40,1,490,380,3,0,-999
07/07/2026 23:42:56,1,570,380,3,0,-999
07/07/2026 23:43:12,1,570,380,3,0,-999
07/07/2026 23:43:28,1,570,380,3,0,-999
07/07/2026 23:43:44,1,580,380,3,0,-999
07/07/2026 23:44:00,1,580,380,3,0,-999
07/07/2026 23:44:16,1,590,380,3,0,-999
07/07/2026 23:44:32,1,590,380,3,0,-999
07/07/2026 23:44:48,1,590,380,3,0,-999
07/07/2026 23:45:04,1,600,380,3,0,-999
07/07/2026 23:45:20,1,600,380,3,0,-999
07/07/2026 23:45:36,1,610,380,3,0,-999
07/07/2026 23:45:52,1,610,380,3,0,-999
07/07/2026 23:46:08,1,610,380,3,0,-999
07/07/2026 23:46:24,1,620,380,3,0,-999
07/07/2026 23:46:40,1,580,380,3,1,2070
07/07/2026 23:46:56,1,580,380,3,1,2070
07/07/2026 23:47:12,1,590,380,3,1,2060
07/07/2026 23:47:28,1,590,380,3,1,2060
07/07/2026 23:47:44,1,590,380,3,1,2060
07/07/2026 23:48:00,1,600,380,3,1,2060
07/07/2026 23:48:16,1,600,380,3,1,2040
07/07/2026 23:48:32,1,600,380,3,1,2040
07/07/2026 23:48:48,1,610,380,3,1,2040
07/07/2026 23:49:04,1,610,380,3,1,2050
07/07/2026 23:49:20,1,620,380,3,1,2050
07/07/2026 23:49:36,1,630,380,3,1,2070
07/07/2026 23:49:52,1,630,380,3,1,2070
07/07/2026 23:50:08,1,640,380,3,1,2070
07/07/2026 23:50:24,1,640,380,3,1,2070
07/07/2026 23:50:40,1,640,380,3,1,2070
07/07/2026 23:50:56,1,640,380,3,1,2070
07/07/2026 23:51:12,1,640,380,3,1,2070
07/07/2026 23:51:28,1,640,380,3,1,2060
07/07/2026 23:51:44,1,650,380,3,1,2060
07/07/2026 23:52:00,1,650,380,3,1,2030
07/07/2026 23:52:16,1,650,380,3,1,2030
07/07/2026 23:52:32,1,650,380,3,1,2000
07/07/2026 23:52:48,1,650,380,3,1,2000
07/07/2026 23:53:04,1,650,380,3,1,2040
07/07/2026 23:53:20,1,650,380,3,1,2040
07/07/2026 23:53:36,1,650,380,3,1,2040
07/07/2026 23:53:52,1,650,380,3,0,-999
07/07/2026 23:54:08,1,650,380,3,0,-999
07/07/2026 23:54:24,1,650,380,3,0,-999
07/07/2026 23:54:40,1,650,380,3,0,-999
07/07/2026 23:54:56,1,650,380,3,0,-999
07/07/2026 23:55:12,1,650,380,3,0,-999
07/07/2026 23:55:28,1,650,380,3,1,2030
07/07/2026 23:55:44,1,650,380,3,1,2030
07/07/2026 23:56:00,1,650,380,3,1,2030
07/07/2026 23:56:16,1,650,380,3,1,2070
07/07/2026 23:56:32,1,650,380,3,1,2070
07/07/2026 23:56:48,1,650,380,3,1,2030
07/07/2026 23:57:04,1,650,380,3,1,2030
07/07/2026 23:57:20,1,650,380,3,1,2060
07/07/2026 23:57:36,1,650,380,3,1,2060
07/07/2026 23:57:52,1,650,380,3,1,2050
07/07/2026 23:58:08,1,650,380,3,1,2050
07/07/2026 23:58:24,1,650,380,3,1,2050
07/07/2026 23:58:40,1,630,380,3,0,-999
07/07/2026 23:58:56,1,630,380,3,0,-999
07/07/2026 23:59:12,1,650,380,3,1,2010
07/07/2026 23:59:28,1,660,380,3,1,2010
07/07/2026 23:59:44,1,660,380,3,1,2020
08/07/2026 00:00:00,1,660,380,3,1,2020
08/07/2026 00:00:16,2,340,630,3,1,2080
08/07/2026 00:00:32,2,340,630,3,1,2080
08/07/2026 00:00:48,2,340,630,3,1,2080
08/07/2026 00:01:04,2,340,630,3,0,-999
08/07/2026 00:01:20,2,340,630,3,0,-999
08/07/2026 00:01:36,2,340,630,3,1,2050
08/07/2026 00:01:52,2,340,630,3,1,2050
08/07/2026 00:02:08,2,340,630,3,1,2060
08/07/2026 00:02:24,2,340,630,3,1,2060
08/07/2026 00:02:40,2,340,630,3,1,2040
08/07/2026 00:02:56,2,340,630,3,1,2040
08/07/2026 00:03:12,2,340,630,3,1,2040
08/07/2026 00:03:28,2,340,630,3,1,1990
08/07/2026 00:03:44,2,340,630,3,1,1990
08/07/2026 00:04:00,2,340,630,3,1,2010
08/07/2026 00:04:16,2,340,630,3,1,2010
08/07/2026 00:04:32,2,340,630,3,1,2000
08/07/2026 00:04:48,2,340,630,3,1,2000
08/07/2026 00:05:04,2,340,630,3,1,2000
08/07/2026 00:05:20,2,340,630,3,1,2000
08/07/2026 00:05:36,2,340,630,3,1,2000
08/07/2026 00:05:52,2,340,630,3,1,2010
08/07/2026 00:06:08,2,340,630,3,1,2010
08/07/2026 00:06:24,2,340,630,3,1,1980
08/07/2026 00:06:40,2,340,630,3,1,1980
08/07/2026 00:06:56,2,340,630,3,1,1960
08/07/2026 00:07:12,2,340,630,3,1,1960
08/07/2026 00:07:28,2,340,630,3,1,1940
08/07/2026 00:07:44,2,340,630,3,1,1940
08/07/2026 00:08:00,2,340,630,3,1,1940
08/07/2026 00:08:16,2,340,630,3,0,-999
08/07/2026 00:08:32,2,340,630,3,0,-999
08/07/2026 00:08:48,2,340,630,3,1,2080
08/07/2026 00:09:04,2,340,630,3,1,2080
08/07/2026 00:09:20,2,340,630,3,1,2060
08/07/2026 00:09:36,2,340,630,3,1,2060
08/07/2026 00:09:52,2,340,630,3,0,-999
08/07/2026 00:10:08,2,340,630,3,0,-999
08/07/2026 00:10:24,2,340,630,3,0,-999
08/07/2026 00:10:40,2,340,630,3,1,2060
08/07/2026 00:10:56,2,340,630,3,1,2060
08/07/2026 00:11:12,2,340,630,3,1,2050
08/07/2026 00:11:28,2,340,630,3,1,2050
08/07/2026 00:11:44,2,340,630,3,0,-999
08/07/2026 00:12:00,2,340,630,3,0,-999
08/07/2026 00:12:16,2,340,630,3,1,2010
08/07/2026 00:12:32,2,340,630,3,1,2010
08/07/2026 00:12:48,2,330,630,3,1,2010
08/07/2026 00:13:04,2,330,630,3,1,2020
08/07/2026 00:13:20,2,330,630,3,1,2020
08/07/2026 00:13:36,2,330,630,3,1,2020
08/07/2026 00:13:52,2,330,630,3,1,2020
08/07/2026 00:14:08,2,330,630,3,1,2010
08/07/2026 00:14:24,2,330,630,3,1,2010
08/07/2026 00:14:40,2,330,630,3,1,2010
08/07/2026 00:14:56,2,330,630,3,1,2010
08/07/2026 00:15:12,2,330,630,3,1,2010
08/07/2026 00:15:28,2,330,630,3,1,2010
08/07/2026 00:15:44,2,330,630,3,1,2010
08/07/2026 00:16:00,2,330,630,3,1,2020
08/07/2026 00:16:16,2,330,630,3,1,2020
08/07/2026 00:16:32,2,330,630,3,1,2030
08/07/2026 00:16:48,2,330,630,3,1,2030
08/07/2026 00:17:04,2,320,630,3,1,2020
08/07/2026 00:17:20,2,320,630,3,1,2020
08/07/2026 00:17:36,2,320,630,3,1,2020
08/07/2026 00:17:52,2,320,630,3,1,2010
08/07/2026 00:18:08,2,320,630,3,1,2010
08/07/2026 00:18:24,2,320,630,3,1,1990
08/07/2026 00:18:40,2,320,630,3,1,1990
08/07/2026 00:18:56,2,320,630,3,1,1970
08/07/2026 00:19:12,2,320,630,3,1,1970
08/07/2026 00:19:28,2,310,630,3,1,1940
08/07/2026 00:19:44,2,310,630,3,1,1940
08/07/2026 00:20:00,2,310,630,3,1,1940
08/07/2026 00:20:16,2,310,630,3,1,1940
08/07/2026 00:20:32,2,310,630,3,1,1940
08/07/2026 00:20:48,2,310,630,3,1,1990
08/07/2026 00:21:04,2,310,630,3,1,1990
08/07/2026 00:21:20,2,310,630,3,1,1960
08/07/2026 00:21:36,2,310,630,3,1,1960
08/07/2026 00:21:52,2,310,630,3,1,1940
08/07/2026 00:22:08,2,310,630,3,1,1940
08/07/2026 00:22:24,2,310,630,3,1,1940
08/07/2026 00:22:40,2,310,630,3,1,1930
08/07/2026 00:22:56,2,310,630,3,1,1930
08/07/2026 00:23:12,2,310,630,3,1,1960
08/07/2026 00:23:28,2,310,630,3,1,1960
08/07/2026 00:23:44,2,310,630,3,1,1940
08/07/2026 00:24:00,2,310,630,3,1,1940
08/07/2026 00:24:16,2,310,630,3,1,1830
08/07/2026 00:24:32,2,310,630,3,1,1830
08/07/2026 00:24:48,2,310,630,3,1,1830
08/07/2026 00:25:04,2,310,630,3,1,1830
08/07/2026 00:25:20,2,310,630,3,1,1830
08/07/2026 00:25:36,2,310,630,3,1,1950
08/07/2026 00:25:52,2,310,630,3,1,1950
08/07/2026 00:26:08,2,310,630,3,1,2000
08/07/2026 00:26:24,2,310,630,3,1,2000
08/07/2026 00:26:40,2,310,630,3,1,1970
08/07/2026 00:26:56,2,310,630,3,1,1970
08/07/2026 00:27:12,2,310,630,3,1,1970
08/07/2026 00:27:28,2,310,630,3,1,1900
08/07/2026 00:27:44,2,310,630,3,1,1900
08/07/2026 00:28:00,2,310,630,3,1,1860
08/07/2026 00:28:16,2,310,630,3,1,1860
08/07/2026 00:28:32,2,310,630,3,2,1830
08/07/2026 00:28:48,2,310,630,3,2,1830
08/07/2026 00:29:04,2,-999,630,3,1,2070
08/07/2026 00:29:20,2,-999,630,3,1,2070
08/07/2026 00:29:36,2,-999,630,3,1,2070
08/07/2026 00:29:52,2,310,630,3,2,1820
08/07/2026 00:30:08,2,310,630,3,2,1820
08/07/2026 00:30:24,2,310,630,3,1,2000
08/07/2026 00:30:40,2,310,630,3,1,2000
08/07/2026 00:30:56,2,310,630,3,1,1980
08/07/2026 00:31:12,2,310,630,3,1,1980
08/07/2026 00:31:28,2,310,630,3,1,1950
08/07/2026 00:31:44,2,310,630,3,1,1950
08/07/2026 00:32:00,2,310,630,3,1,1950
08/07/2026 00:32:16,2,320,630,3,1,1920
08/07/2026 00:32:32,2,320,630,3,1,1920
08/07/2026 00:32:48,2,320,630,3,1,1870
08/07/2026 00:33:04,2,320,630,3,1,1870
08/07/2026 00:33:20,2,320,630,3,1,1790
08/07/2026 00:33:36,2,320,630,3,1,1790
08/07/2026 00:33:52,2,320,630,3,1,1760
08/07/2026 00:34:08,2,330,630,3,1,1760
08/07/2026 00:34:24,2,330,630,3,1,1760
08/07/2026 00:34:40,2,330,630,3,1,1710
08/07/2026 00:34:56,2,330,630,3,1,1710
08/07/2026 00:35:12,2,330,630,3,1,1630
08/07/2026 00:35:28,2,330,630,3,1,1630
08/07/2026 00:35:44,2,840,630,3,1,1590
08/07/2026 00:36:00,2,850,630,3,1,1590
08/07/2026 00:36:16,2,850,630,3,1,1560
08/07/2026 00:36:32,2,850,630,3,1,1560
08/07/2026 00:36:48,2,850,630,3,1,1560
08/07/2026 00:37:04,2,850,630,3,1,1560
08/07/2026 00:37:20,2,850,630,3,1,1560
08/07/2026 00:37:36,2,850,630,3,1,1560
08/07/2026 00:37:52,2,850,630,3,1,1560
08/07/2026 00:38:08,2,850,630,3,1,1560
08/07/2026 00:38:24,2,850,630,3,1,1560
08/07/2026 00:38:40,2,840,630,3,1,1550
08/07/2026 00:38:56,2,1670,630,3,1,1550
08/07/2026 00:39:12,2,1670,630,3,1,1550
08/07/2026 00:39:28,2,1670,630,3,1,1540
08/07/2026 00:39:44,2,1670,630,3,1,1540
08/07/2026 00:40:00,2,-999,630,3,1,1490
08/07/2026 00:40:16,2,-999,630,3,1,1490
08/07/2026 00:40:32,2,1670,630,3,2,820
08/07/2026 00:40:48,2,1670,630,3,2,820
08/07/2026 00:41:04,2,1670,630,3,2,840
08/07/2026 00:41:20,2,1670,630,3,2,840
08/07/2026 00:41:36,2,1670,630,3,2,840
08/07/2026 00:41:52,2,1670,630,3,1,1500
08/07/2026 00:42:08,2,950,630,3,1,1500
08/07/2026 00:42:24,2,950,630,3,1,1480
08/07/2026 00:42:40,2,930,630,3,1,1480
08/07/2026 00:42:56,2,930,630,3,2,1110
08/07/2026 00:43:12,2,930,630,3,2,1110
08/07/2026 00:43:28,2,930,630,3,1,1210
08/07/2026 00:43:44,2,930,630,3,1,1210
08/07/2026 00:44:00,2,900,630,3,1,1210
08/07/2026 00:44:16,2,900,630,3,1,1210
08/07/2026 00:44:32,2,900,630,3,1,1210
08/07/2026 00:44:48,2,900,630,3,1,1320
08/07/2026 00:45:04,2,-999,630,3,1,1320
08/07/2026 00:45:20,2,-999,630,3,2,700
08/07/2026 00:45:36,2,-999,630,3,2,700
08/07/2026 00:45:52,2,-999,630,3,2,1170
08/07/2026 00:46:08,2,-999,630,3,2,1170
08/07/2026 00:46:24,2,-999,630,3,2,1170
08/07/2026 00:46:40,2,-999,630,3,2,1100
08/07/2026 00:46:56,2,-999,630,3,2,1100
08/07/2026 00:47:12,2,-999,630,3,1,1120
08/07/2026 00:47:28,2,-999,630,3,1,1120
08/07/2026 00:47:44,2,-999,630,3,1,1230
08/07/2026 00:48:00,2,-999,630,3,1,1230
08/07/2026 00:48:16,2,-999,630,3,1,1300
08/07/2026 00:48:32,2,-999,630,3,1,1300
08/07/2026 00:48:48,2,-999,630,3,1,1300
08/07/2026 00:49:04,2,-999,630,3,1,1300
08/07/2026 00:49:20,2,-999,630,3,1,1300
08/07/2026 00:49:36,2,-999,630,3,1,1310
08/07/2026 00:49:52,2,-999,630,3,1,1310
08/07/2026 00:50:08,2,-999,630,3,1,1280
08/07/2026 00:50:24,2,-999,630,3,1,1280
08/07/2026 00:50:40,2,-999,630,3,1,1260
08/07/2026 00:50:56,2,-999,630,3,1,1260
08/07/2026 00:51:12,2,-999,630,3,1,1260
08/07/2026 00:51:28,2,-999,630,3,1,1350
08/07/2026 00:51:44,2,-999,630,3,1,1350
08/07/2026 00:52:00,2,-999,630,3,1,1330
08/07/2026 00:52:16,2,-999,630,3,1,1330
08/07/2026 00:52:32,2,-999,630,3,1,1270
08/07/2026 00:52:48,2,-999,630,3,1,1270
08/07/2026 00:53:04,2,-999,630,3,1,1250
08/07/2026 00:53:20,2,-999,630,3,1,1250
08/07/2026 00:53:36,2,-999,630,3,1,1250
08/07/2026 00:53:52,2,-999,630,3,1,1250
08/07/2026 00:54:08,2,-999,630,3,1,1250
08/07/2026 00:54:24,2,-999,630,3,2,1260
08/07/2026 00:54:40,2,-999,630,3,2,1260
08/07/2026 00:54:56,2,-999,630,3,1,1490
08/07/2026 00:55:12,2,-999,630,3,1,1490
08/07/2026 00:55:28,2,-999,630,3,1,1440
08/07/2026 00:55:44,2,-999,630,3,1,1440
08/07/2026 00:56:00,2,-999,630,3,1,1440
08/07/2026 00:56:16,2,-999,630,3,1,1450
08/07/2026 00:56:32,2,-999,630,3,1,1450
08/07/2026 00:56:48,2,-999,630,3,2,1320
08/07/2026 00:57:04,2,-999,630,3,2,1320
08/07/2026 00:57:20,2,-999,630,3,1,1330
08/07/2026 00:57:36,2,-999,630,3,1,1330
08/07/2026 00:57:52,2,-999,630,3,1,1160
08/07/2026 00:58:08,2,-999,630,3,1,1160
08/07/2026 00:58:24,2,-999,630,3,1,1160
08/07/2026 00:58:40,2,-999,630,3,1,1160
08/07/2026 00:58:56,2,-999,630,3,1,1160
08/07/2026 00:59:12,2,-999,630,3,1,1160
08/07/2026 00:59:28,2,-999,630,3,1,1160
08/07/2026 00:59:44,2,-999,630,3,1,1140
08/07/2026 01:00:00,2,-999,630,3,1,1140
08/07/2026 01:00:16,2,-999,320,3,1,1290
08/07/2026 01:00:32,2,-999,320,3,1,1290
08/07/2026 01:00:48,2,-999,320,3,1,1290
08/07/2026 01:01:04,2,-999,320,3,2,1300
08/07/2026 01:01:20,2,-999,320,3,2,1300
08/07/2026 01:01:36,2,-999,320,3,2,980
08/07/2026 01:01:52,2,-999,320,3,2,980
08/07/2026 01:02:08,2,-999,320,3,1,1440
08/07/2026 01:02:24,2,-999,320,3,1,1440
08/07/2026 01:02:40,2,-999,320,3,2,1350
08/07/2026 01:02:56,2,-999,320,3,2,1350
08/07/2026 01:03:12,2,-999,320,3,2,1350
08/07/2026 01:03:28,2,-999,320,3,2,1200
08/07/2026 01:03:44,2,-999,320,3,2,1200
08/07/2026 01:04:00,2,-999,320,3,2,1350
08/07/2026 01:04:16,2,-999,320,3,2,1350
08/07/2026 01:04:32,2,-999,320,3,2,1330
08/07/2026 01:04:48,2,-999,320,3,2,1330
08/07/2026 01:05:04,2,-999,320,3,2,1500
08/07/2026 01:05:20,2,-999,320,3,2,1500
08/07/2026 01:05:36,2,-999,320,3,2,1500
08/07/2026 01:05:52,2,-999,320,3,1,1590
08/07/2026 01:06:08,2,-999,320,3,1,1590
08/07/2026 01:06:24,2,-999,320,3,1,1610
08/07/2026 01:06:40,2,-999,320,3,1,1610
08/07/2026 01:06:56,2,-999,320,3,1,1700
08/07/2026 01:07:12,2,-999,320,3,1,1700
08/07/2026 01:07:28,2,-999,320,3,1,1720
08/07/2026 01:07:44,2,-999,320,3,1,1720
08/07/2026 01:08:00,2,-999,320,3,1,1720
08/07/2026 01:08:16,2,-999,320,3,1,1710
08/07/2026 01:08:32,2,-999,320,3,1,1710
08/07/2026 01:08:48,2,-999,320,3,2,1260
08/07/2026 01:09:04,2,-999,320,3,2,1260
08/07/2026 01:09:20,2,-999,320,3,1,1240
08/07/2026 01:09:36,2,-999,320,3,1,1240
08/07/2026 01:09:52,2,-999,320,3,2,1250
08/07/2026 01:10:08,2,-999,320,3,2,1250
08/07/2026 01:10:24,2,920,320,3,2,1250
08/07/2026 01:10:40,2,920,320,3,2,1270
08/07/2026 01:10:56,2,920,320,3,2,1270
08/07/2026 01:11:12,2,920,320,3,1,1310
08/07/2026 01:11:28,2,920,320,3,1,1310
08/07/2026 01:11:44,2,1370,320,3,1,1370
08/07/2026 01:12:00,2,1370,320,3,1,1370
08/07/2026 01:12:16,2,1370,320,3,3,1340
08/07/2026 01:12:32,2,1370,320,3,3,1340
08/07/2026 01:12:48,2,-999,320,3,3,1340
08/07/2026 01:13:04,2,-999,320,3,2,1340
08/07/2026 01:13:20,2,-999,320,3,2,1340
08/07/2026 01:13:36,2,-999,320,3,2,1550
08/07/2026 01:13:52,2,-999,320,3,2,1550
08/07/2026 01:14:08,2,790,320,3,2,1430
08/07/2026 01:14:24,2,790,320,3,2,1430
08/07/2026 01:14:40,2,790,320,3,2,1430
08/07/2026 01:14:56,2,790,320,3,2,1430
08/07/2026 01:15:12,2,790,320,3,2,1430
08/07/2026 01:15:28,2,350,320,3,2,1490
08/07/2026 01:15:44,2,350,320,3,2,1490
08/07/2026 01:16:00,2,350,320,3,2,1480
08/07/2026 01:16:16,2,350,320,3,2,1480
08/07/2026 01:16:32,2,350,320,3,2,1470
08/07/2026 01:16:48,2,350,320,3,2,1470
08/07/2026 01:17:04,2,350,320,3,1,1490
08/07/2026 01:17:20,2,350,320,3,1,1490
08/07/2026 01:17:36,2,690,320,3,1,1490
08/07/2026 01:17:52,2,690,320,3,2,1480
08/07/2026 01:18:08,2,690,320,3,2,1480
08/07/2026 01:18:24,2,690,320,3,1,1990
08/07/2026 01:18:40,2,690,320,3,1,1990
08/07/2026 01:18:56,2,690,320,3,1,1990
08/07/2026 01:19:12,2,690,320,3,1,1990
08/07/2026 01:19:28,2,690,320,3,1,1950
08/07/2026 01:19:44,2,690,320,3,1,1950
08/07/2026 01:20:00,2,690,320,3,1,1950
08/07/2026 01:20:16,2,680,320,3,1,1940
08/07/2026 01:20:32,2,680,320,3,1,1940
08/07/2026 01:20:48,2,680,320,3,1,1940
08/07/2026 01:21:04,2,680,320,3,1,1940
08/07/2026 01:21:20,2,680,320,3,1,1940
08/07/2026 01:21:36,2,680,320,3,1,1940
08/07/2026 01:21:52,2,680,320,3,1,1910
08/07/2026 01:22:08,2,680,320,3,1,1910
08/07/2026 01:22:24,2,680,320,3,1,1910
08/07/2026 01:22:40,2,680,320,3,2,1580
08/07/2026 01:22:56,2,680,320,3,2,1580
08/07/2026 01:23:12,2,680,320,3,1,1570
08/07/2026 01:23:28,2,680,320,3,1,1570
08/07/2026 01:23:44,2,680,320,3,1,1580
08/07/2026 01:24:00,2,680,320,3,1,1580
08/07/2026 01:24:16,2,680,320,3,1,1560
08/07/2026 01:24:32,2,670,320,3,1,1560
08/07/2026 01:24:48,2,670,320,3,1,1560
08/07/2026 01:25:04,2,670,320,3,1,1620
08/07/2026 01:25:20,2,670,320,3,1,1620
08/07/2026 01:25:36,2,670,320,3,1,1630
08/07/2026 01:25:52,2,670,320,3,1,1630
08/07/2026 01:26:08,2,670,320,3,1,1640
08/07/2026 01:26:24,2,670,320,3,1,1640
08/07/2026 01:26:40,2,670,320,3,1,1630
08/07/2026 01:26:56,2,670,320,3,1,1630
08/07/2026 01:27:12,2,670,320,3,1,1630
08/07/2026 01:27:28,2,660,320,3,1,1620
08/07/2026 01:27:44,2,660,320,3,1,1620
08/07/2026 01:28:00,2,660,320,3,1,1650
08/07/2026 01:28:16,2,650,320,3,1,1650
08/07/2026 01:28:32,2,650,320,3,1,1680
08/07/2026 01:28:48,2,650,320,3,1,1680
08/07/2026 01:29:04,2,650,320,3,1,1660
08/07/2026 01:29:20,2,650,320,3,1,1660
08/07/2026 01:29:36,2,650,320,3,1,1660
08/07/2026 01:29:52,2,640,320,3,1,1670
08/07/2026 01:30:08,2,640,320,3,1,1670
08/07/2026 01:30:24,2,630,320,3,1,1690
08/07/2026 01:30:40,2,630,320,3,1,1690
08/07/2026 01:30:56,2,620,320,3,1,1710
08/07/2026 01:31:12,2,610,320,3,1,1710
08/07/2026 01:31:28,2,610,320,3,1,1710
08/07/2026 01:31:44,2,610,320,3,1,1710
08/07/2026 01:32:00,2,600,320,3,1,1710
08/07/2026 01:32:16,2,600,320,3,1,1710
08/07/2026 01:32:32,2,600,320,3,1,1710
08/07/2026 01:32:48,2,600,320,3,1,1740
08/07/2026 01:33:04,2,600,320,3,1,1740
08/07/2026 01:33:20,2,590,320,3,1,1760
08/07/2026 01:33:36,2,590,320,3,1,1760
08/07/2026 01:33:52,2,590,320,3,1,1770
08/07/2026 01:34:08,2,590,320,3,1,1770
08/07/2026 01:34:24,2,590,320,3,1,1770
08/07/2026 01:34:40,2,590,320,3,1,1770
08/07/2026 01:34:56,2,590,320,3,1,1770
08/07/2026 01:35:12,2,590,320,3,1,1780
08/07/2026 01:35:28,2,590,320,3,1,1780
08/07/2026 01:35:44,2,590,320,3,1,1800
08/07/2026 01:36:00,2,590,320,3,1,1800
08/07/2026 01:36:16,2,1860,320,3,1,1780
08/07/2026 01:36:32,2,1880,320,3,1,1780
08/07/2026 01:36:48,2,390,320,3,1,1780
08/07/2026 01:37:04,2,390,320,3,1,1780
08/07/2026 01:37:20,2,390,320,3,1,1780
08/07/2026 01:37:36,2,390,320,3,1,1780
08/07/2026 01:37:52,2,390,320,3,1,1780
08/07/2026 01:38:08,2,390,320,3,1,1780
08/07/2026 01:38:24,2,390,320,3,1,1780
08/07/2026 01:38:40,2,390,320,3,1,1800
08/07/2026 01:38:56,2,390,320,3,1,1800
08/07/2026 01:39:12,2,390,320,3,1,1800
08/07/2026 01:39:28,2,390,320,3,1,1800
08/07/2026 01:39:44,2,390,320,3,1,1800
08/07/2026 01:40:00,2,390,320,3,1,1870
08/07/2026 01:40:16,2,390,320,3,1,1870
08/07/2026 01:40:32,2,390,320,3,1,1900
08/07/2026 01:40:48,2,390,320,3,1,1900
08/07/2026 01:41:04,2,390,320,3,1,1780
08/07/2026 01:41:20,2,390,320,3,1,1780
08/07/2026 01:41:36,2,390,320,3,1,1780
08/07/2026 01:41:52,2,390,320,3,1,1880
08/07/2026 01:42:08,2,390,320,3,1,1880
08/07/2026 01:42:24,2,390,320,3,1,1780
08/07/2026 01:42:40,2,390,320,3,1,1780
08/07/2026 01:42:56,2,380,320,3,1,1790
08/07/2026 01:43:12,2,380,320,3,1,1790
08/07/2026 01:43:28,2,380,320,3,1,1970
08/07/2026 01:43:44,2,380,320,3,1,1970
08/07/2026 01:44:00,2,380,320,3,1,1970
08/07/2026 01:44:16,2,380,320,3,2,1810
08/07/2026 01:44:32,2,380,320,3,2,1810
08/07/2026 01:44:48,2,370,320,3,1,2010
08/07/2026 01:45:04,2,370,320,3,1,2010
08/07/2026 01:45:20,2,370,320,3,2,1820
08/07/2026 01:45:36,2,370,320,3,2,1820
08/07/2026 01:45:52,2,360,320,3,1,1880
08/07/2026 01:46:08,2,360,320,3,1,1880
08/07/2026 01:46:24,2,360,320,3,1,1880
08/07/2026 01:46:40,2,360,320,3,1,1970
08/07/2026 01:46:56,2,360,320,3,1,1970
08/07/2026 01:47:12,2,360,320,3,2,1770
08/07/2026 01:47:28,2,360,320,3,2,1770
08/07/2026 01:47:44,2,360,320,3,1,1780
08/07/2026 01:48:00,2,360,320,3,1,1780
08/07/2026 01:48:16,2,370,320,3,1,1800
08/07/2026 01:48:32,2,370,320,3,1,1800
08/07/2026 01:48:48,2,370,320,3,1,1800
08/07/2026 01:49:04,2,370,320,3,1,1840
08/07/2026 01:49:20,2,370,320,3,1,1840
08/07/2026 01:49:36,2,370,320,3,1,2020
08/07/2026 01:49:52,2,370,320,3,1,2020
08/07/2026 01:50:08,2,690,320,3,1,2010
08/07/2026 01:50:24,2,690,320,3,1,2010
08/07/2026 01:50:40,2,690,320,3,1,1990
08/07/2026 01:50:56,2,690,320,3,1,1990
08/07/2026 01:51:12,2,690,320,3,1,1990
08/07/2026 01:51:28,2,690,320,3,1,2030
08/07/2026 01:51:44,2,690,320,3,1,2030
08/07/2026 01:52:00,2,680,320,3,1,2040
08/07/2026 01:52:16,2,680,320,3,1,2040
08/07/2026 01:52:32,2,680,320,3,1,1970
08/07/2026 01:52:48,2,680,320,3,1,1970
08/07/2026 01:53:04,2,680,320,3,1,2030
08/07/2026 01:53:20,2,680,320,3,1,2030
08/07/2026 01:53:36,2,670,320,3,1,2030
08/07/2026 01:53:52,2,610,320,3,0,-999
08/07/2026 01:54:08,2,610,320,3,0,-999
08/07/2026 01:54:24,2,610,320,3,0,-999
08/07/2026 01:54:40,2,620,320,3,0,-999
08/07/2026 01:54:56,2,620,320,3,0,-999
08/07/2026 01:55:12,2,620,320,3,0,-999
08/07/2026 01:55:28,2,620,320,3,0,-999
08/07/2026 01:55:44,2,620,320,3,0,-999
08/07/2026 01:56:00,2,630,320,3,0,-999
08/07/2026 01:56:16,2,630,320,3,0,-999
08/07/2026 01:56:32,2,630,320,3,0,-999
08/07/2026 01:56:48,2,630,320,3,0,-999
08/07/2026 01:57:04,2,630,320,3,0,-999
08/07/2026 01:57:20,2,620,320,3,0,-999
08/07/2026 01:57:36,2,620,320,3,0,-999
08/07/2026 01:57:52,2,620,320,3,0,-999
08/07/2026 01:58:08,2,620,320,3,0,-999
08/07/2026 01:58:24,2,620,320,3,0,-999
08/07/2026 01:58:40,2,620,320,3,0,-999
08/07/2026 01:58:56,2,630,320,3,0,-999
08/07/2026 01:59:12,2,630,320,3,0,-999
08/07/2026 01:59:28,2,630,320,3,0,-999
08/07/2026 01:59:44,2,630,320,3,0,-999
08/07/2026 02:00:00,2,630,660,3,0,-999
08/07/2026 02:00:16,2,630,660,3,0,-999
08/07/2026 02:00:32,2,640,660,3,0,-999
08/07/2026 02:00:48,2,640,660,3,0,-999
08/07/2026 02:01:04,2,640,660,3,0,-999
08/07/2026 02:01:20,2,640,660,3,0,-999
08/07/2026 02:01:36,2,640,660,3,0,-999
08/07/2026 02:01:52,2,640,660,3,0,-999
08/07/2026 02:02:08,2,640,660,3,0,-999
08/07/2026 02:02:24,2,640,660,3,0,-999
08/07/2026 02:02:40,2,650,660,3,0,-999
08/07/2026 02:02:56,2,650,660,3,0,-999
08/07/2026 02:03:12,2,650,660,3,0,-999
08/07/2026 02:03:28,2,650,660,3,0,-999
08/07/2026 02:03:44,2,650,660,3,0,-999
08/07/2026 02:04:00,2,680,660,3,1,2020
08/07/2026 02:04:16,2,680,660,3,1,2020
08/07/2026 02:04:32,2,680,660,3,1,2020
08/07/2026 02:04:48,2,680,660,3,1,2020
08/07/2026 02:05:04,2,680,660,3,1,1980
08/07/2026 02:05:20,2,680,660,3,1,1980
08/07/2026 02:05:36,2,680,660,3,1,1980
08/07/2026 02:05:52,2,670,660,3,1,1960
08/07/2026 02:06:08,2,670,660,3,1,1960
08/07/2026 02:06:24,2,670,660,3,1,1900
08/07/2026 02:06:40,2,670,660,3,1,1900
08/07/2026 02:06:56,2,670,660,3,1,1900
08/07/2026 02:07:12,2,670,660,3,1,1900
08/07/2026 02:07:28,2,660,660,3,1,1850
08/07/2026 02:07:44,2,660,660,3,1,1850
08/07/2026 02:08:00,2,660,660,3,1,1850
08/07/2026 02:08:16,2,660,660,3,1,1810
08/07/2026 02:08:32,2,660,660,3,1,1810
08/07/2026 02:08:48,2,660,660,3,1,1930
08/07/2026 02:09:04,2,660,660,3,1,1930
08/07/2026 02:09:20,2,660,660,3,1,1880
08/07/2026 02:09:36,2,650,660,3,1,1880
08/07/2026 02:09:52,2,640,660,3,1,1870
08/07/2026 02:10:08,2,630,660,3,1,1870
08/07/2026 02:10:24,2,610,660,3,1,1870
08/07/2026 02:10:40,2,600,660,3,1,1810
08/07/2026 02:10:56,2,590,660,3,1,1810
08/07/2026 02:11:12,2,590,660,3,1,1770
08/07/2026 02:11:28,2,580,660,3,1,1770
08/07/2026 02:11:44,2,580,660,3,1,1780
08/07/2026 02:12:00,2,580,660,3,1,1780
08/07/2026 02:12:16,2,580,660,3,1,1900
08/07/2026 02:12:32,2,580,660,3,1,1900
08/07/2026 02:12:48,2,580,660,3,1,1900
08/07/2026 02:13:04,2,570,660,3,1,1890
08/07/2026 02:13:20,2,570,660,3,1,1890
08/07/2026 02:13:36,2,570,660,3,1,1880
08/07/2026 02:13:52,2,570,660,3,1,1880
08/07/2026 02:14:08,2,570,660,3,1,1860
08/07/2026 02:14:24,2,560,660,3,1,1860
08/07/2026 02:14:40,2,560,660,3,1,1840
08/07/2026 02:14:56,2,560,660,3,1,1840
08/07/2026 02:15:12,2,560,660,3,1,1840
08/07/2026 02:15:28,2,550,660,3,1,1920
08/07/2026 02:15:44,2,550,660,3,1,1920
08/07/2026 02:16:00,2,550,660,3,1,1890
08/07/2026 02:16:16,2,550,660,3,1,1890
08/07/2026 02:16:32,2,550,660,3,1,1950
08/07/2026 02:16:48,2,550,660,3,1,1950
08/07/2026 02:17:04,2,550,660,3,1,1950
08/07/2026 02:17:20,2,550,660,3,1,1950
08/07/2026 02:17:36,2,550,660,3,1,1950
08/07/2026 02:17:52,2,550,660,3,1,1950
08/07/2026 02:18:08,2,550,660,3,1,1950
08/07/2026 02:18:24,2,550,660,3,1,1950
08/07/2026 02:18:40,2,550,660,3,1,1950
08/07/2026 02:18:56,2,550,660,3,1,2010
08/07/2026 02:19:12,2,540,660,3,1,2010
08/07/2026 02:19:28,2,540,660,3,1,1990
08/07/2026 02:19:44,2,540,660,3,1,1990
08/07/2026 02:20:00,2,530,660,3,1,1990
08/07/2026 02:20:16,2,530,660,3,2,1720
08/07/2026 02:20:32,2,530,660,3,2,1720
08/07/2026 02:20:48,2,530,660,3,2,1730
08/07/2026 02:21:04,2,530,660,3,2,1730
08/07/2026 02:21:20,2,530,660,3,2,1740
08/07/2026 02:21:36,2,530,660,3,2,1740
08/07/2026 02:21:52,2,530,660,3,1,1730
08/07/2026 02:22:08,2,530,660,3,1,1730
08/07/2026 02:22:24,2,530,660,3,1,1730
08/07/2026 02:22:40,2,520,660,3,2,1810
08/07/2026 02:22:56,2,520,660,3,2,1810
08/07/2026 02:23:12,2,520,660,3,1,1990
08/07/2026 02:23:28,2,520,660,3,1,1990
08/07/2026 02:23:44,2,500,660,3,0,-999
08/07/2026 02:24:00,2,500,660,3,0,-999
08/07/2026 02:24:16,2,500,660,3,0,-999
08/07/2026 02:24:32,2,500,660,3,0,-999
08/07/2026 02:24:48,2,490,660,3,0,-999
08/07/2026 02:25:04,2,510,660,3,1,1680
08/07/2026 02:25:20,2,500,660,3,1,1680
08/07/2026 02:25:36,2,500,660,3,1,1690
08/07/2026 02:25:52,2,500,660,3,1,1690
08/07/2026 02:26:08,2,500,660,3,1,1790
08/07/2026 02:26:24,2,500,660,3,1,1790
08/07/2026 02:26:40,2,500,660,3,1,1780
08/07/2026 02:26:56,2,490,660,3,1,1780
08/07/2026 02:27:12,2,490,660,3,1,1780
08/07/2026 02:27:28,2,490,660,3,1,1770
08/07/2026 02:27:44,2,490,660,3,1,1770
08/07/2026 02:28:00,2,490,660,3,1,1760
08/07/2026 02:28:16,2,480,660,3,1,1760
08/07/2026 02:28:32,2,480,660,3,1,1670
08/07/2026 02:28:48,2,480,660,3,1,1670
08/07/2026 02:29:04,2,480,660,3,1,1640
08/07/2026 02:29:20,2,480,660,3,1,1640
08/07/2026 02:29:36,2,480,660,3,1,1640
08/07/2026 02:29:52,2,470,660,3,1,1610
08/07/2026 02:30:08,2,470,660,3,1,1610
08/07/2026 02:30:24,2,470,660,3,1,1610
08/07/2026 02:30:40,2,470,660,3,1,1610
08/07/2026 02:30:56,2,470,660,3,1,1580
08/07/2026 02:31:12,2,460,660,3,1,1580
08/07/2026 02:31:28,2,460,660,3,1,1620
08/07/2026 02:31:44,2,460,660,3,1,1620
08/07/2026 02:32:00,2,460,660,3,1,1620
08/07/2026 02:32:16,2,460,660,3,1,1640
08/07/2026 02:32:32,2,450,660,3,1,1640
08/07/2026 02:32:48,2,450,660,3,2,1710
08/07/2026 02:33:04,2,450,660,3,2,1710
08/07/2026 02:33:20,2,450,660,3,1,1920
08/07/2026 02:33:36,2,450,660,3,1,1920
08/07/2026 02:33:52,2,450,660,3,1,1930
08/07/2026 02:34:08,2,450,660,3,1,1930
08/07/2026 02:34:24,2,440,660,3,1,1930
08/07/2026 02:34:40,2,440,660,3,1,1940
08/07/2026 02:34:56,2,440,660,3,1,1940
08/07/2026 02:35:12,2,440,660,3,1,1950
08/07/2026 02:35:28,2,440,660,3,1,1950
08/07/2026 02:35:44,2,440,660,3,1,1960
08/07/2026 02:36:00,2,440,660,3,1,1960
08/07/2026 02:36:16,2,440,660,3,1,1960
08/07/2026 02:36:32,2,440,660,3,1,1960
08/07/2026 02:36:48,2,440,660,3,1,1960
08/07/2026 02:37:04,2,440,660,3,1,1960
08/07/2026 02:37:20,2,440,660,3,1,1960
08/07/2026 02:37:36,2,440,660,3,1,1960
08/07/2026 02:37:52,2,440,660,3,1,1960
08/07/2026 02:38:08,2,440,660,3,1,1960
08/07/2026 02:38:24,2,440,660,3,1,1960
08/07/2026 02:38:40,2,440,660,3,1,1960
08/07/2026 02:38:56,2,440,660,3,1,1960
08/07/2026 02:39:12,2,440,660,3,1,1960
08/07/2026 02:39:28,2,440,660,3,1,1980
08/07/2026 02:39:44,2,440,660,3,1,1980
08/07/2026 02:40:00,2,440,660,3,1,1970
08/07/2026 02:40:16,2,440,660,3,1,1970
08/07/2026 02:40:32,2,440,660,3,1,1950
08/07/2026 02:40:48,2,440,660,3,1,1950
08/07/2026 02:41:04,2,440,660,3,1,1960
08/07/2026 02:41:20,2,440,660,3,1,1960
08/07/2026 02:41:36,2,440,660,3,1,1960
08/07/2026 02:41:52,2,440,660,3,1,1880
08/07/2026 02:42:08,2,440,660,3,1,1880
08/07/2026 02:42:24,2,440,660,3,1,1900
08/07/2026 02:42:40,2,440,660,3,1,1900
08/07/2026 02:42:56,2,440,660,3,1,1860
08/07/2026 02:43:12,2,440,660,3,1,1860
08/07/2026 02:43:28,2,440,660,3,1,1800
08/07/2026 02:43:44,2,440,660,3,1,1800
08/07/2026 02:44:00,2,440,660,3,1,1800
08/07/2026 02:44:16,2,440,660,3,1,1810
08/07/2026 02:44:32,2,440,660,3,1,1810
08/07/2026 02:44:48,2,440,660,3,1,1850
08/07/2026 02:45:04,2,440,660,3,1,1850
08/07/2026 02:45:20,2,440,660,3,1,1850
08/07/2026 02:45:36,2,440,660,3,1,1850
08/07/2026 02:45:52,2,440,660,3,1,1830
08/07/2026 02:46:08,2,430,660,3,1,1830
08/07/2026 02:46:24,2,430,660,3,1,1830
08/07/2026 02:46:40,2,430,660,3,1,1830
08/07/2026 02:46:56,2,430,660,3,1,1830
08/07/2026 02:47:12,2,420,660,3,1,1840
08/07/2026 02:47:28,2,420,660,3,1,1840
08/07/2026 02:47:44,2,410,660,3,1,1830
08/07/2026 02:48:00,2,410,660,3,1,1830
08/07/2026 02:48:16,2,410,660,3,1,1770
08/07/2026 02:48:32,2,400,660,3,1,1770
08/07/2026 02:48:48,2,390,660,3,1,1770
08/07/2026 02:49:04,2,390,660,3,1,1810
08/07/2026 02:49:20,2,380,660,3,1,1810
08/07/2026 02:49:36,2,380,660,3,0,-999
08/07/2026 02:49:52,2,370,660,3,0,-999
08/07/2026 02:50:08,2,370,660,3,0,-999
08/07/2026 02:50:24,2,370,660,3,0,-999
08/07/2026 02:50:40,2,360,660,3,0,-999
08/07/2026 02:50:56,2,360,660,3,0,-999
08/07/2026 02:51:12,2,360,660,3,0,-999
08/07/2026 02:51:28,2,360,660,3,0,-999
08/07/2026 02:51:44,2,350,660,3,0,-999
08/07/2026 02:52:00,2,350,660,3,0,-999
08/07/2026 02:52:16,2,350,660,3,0,-999
08/07/2026 02:52:32,2,350,660,3,0,-999
08/07/2026 02:52:48,2,350,660,3,0,-999
08/07/2026 02:53:04,2,350,660,3,0,-999
08/07/2026 02:53:20,2,350,660,3,0,-999
08/07/2026 02:53:36,2,350,660,3,0,-999
08/07/2026 02:53:52,2,350,660,3,0,-999
08/07/2026 02:54:08,2,350,660,3,0,-999
08/07/2026 02:54:24,2,350,660,3,0,-999
08/07/2026 02:54:40,2,350,660,3,0,-999
08/07/2026 02:54:56,2,350,660,3,0,-999
08/07/2026 02:55:12,2,350,660,3,0,-999
08/07/2026 02:55:28,2,350,660,3,0,-999
08/07/2026 02:55:44,2,350,660,3,0,-999
08/07/2026 02:56:00,2,350,660,3,0,-999
08/07/2026 02:56:16,2,350,660,3,0,-999
08/07/2026 02:56:32,2,350,660,3,0,-999
08/07/2026 02:56:48,2,350,660,3,0,-999
08/07/2026 02:57:04,2,350,660,3,0,-999
08/07/2026 02:57:20,2,350,660,3,0,-999
08/07/2026 02:57:36,2,350,660,3,0,-999
08/07/2026 02:57:52,2,350,660,3,0,-999
08/07/2026 02:58:08,2,350,660,3,0,-999
08/07/2026 02:58:24,2,350,660,3,0,-999
08/07/2026 02:58:40,2,350,660,3,0,-999
08/07/2026 02:58:56,2,350,660,3,0,-999
08/07/2026 02:59:12,2,350,660,3,0,-999
08/07/2026 02:59:28,2,350,660,3,0,-999
08/07/2026 02:59:44,2,350,660,3,0,-999
08/07/2026 03:00:00,2,350,450,3,0,-999
08/07/2026 03:00:16,2,350,450,3,0,-999
08/07/2026 03:00:32,2,350,450,3,0,-999
08/07/2026 03:00:48,2,350,450,3,0,-999
08/07/2026 03:01:04,2,350,450,3,0,-999
08/07/2026 03:01:20,2,350,450,3,0,-999
08/07/2026 03:01:36,2,340,450,3,0,-999
08/07/2026 03:01:52,2,340,450,3,0,-999
08/07/2026 03:02:08,2,340,450,3,0,-999
08/07/2026 03:02:24,2,340,450,3,0,-999
08/07/2026 03:02:40,2,340,450,3,0,-999
08/07/2026 03:02:56,2,340,450,3,0,-999
08/07/2026 03:03:12,2,340,450,3,0,-999
08/07/2026 03:03:28,2,340,450,3,0,-999
08/07/2026 03:03:44,2,340,450,3,0,-999
08/07/2026 03:04:00,2,340,450,3,0,-999
08/07/2026 03:04:16,2,340,450,3,0,-999
08/07/2026 03:04:32,2,340,450,3,0,-999
08/07/2026 03:04:48,2,340,450,3,0,-999
08/07/2026 03:05:04,2,340,450,3,0,-999
08/07/2026 03:05:20,2,340,450,3,0,-999
08/07/2026 03:05:36,2,330,450,3,0,-999
08/07/2026 03:05:52,2,330,450,3,1,2010
08/07/2026 03:06:08,2,330,450,3,1,2010
08/07/2026 03:06:24,2,330,450,3,1,1960
08/07/2026 03:06:40,2,330,450,3,1,1960
08/07/2026 03:06:56,2,330,450,3,1,1930
08/07/2026 03:07:12,2,320,450,3,1,1930
08/07/2026 03:07:28,2,320,450,3,1,1900
08/07/2026 03:07:44,2,320,450,3,1,1900
08/07/2026 03:08:00,2,320,450,3,1,1900
08/07/2026 03:08:16,2,320,450,3,1,1840
08/07/2026 03:08:32,2,320,450,3,1,1840
08/07/2026 03:08:48,2,320,450,3,1,1840
08/07/2026 03:09:04,2,320,450,3,1,1840
08/07/2026 03:09:20,2,320,450,3,1,1770
08/07/2026 03:09:36,2,320,450,3,1,1770
08/07/2026 03:09:52,2,320,450,3,1,1800
08/07/2026 03:10:08,2,320,450,3,1,1800
08/07/2026 03:10:24,2,320,450,3,1,1800
08/07/2026 03:10:40,2,320,450,3,1,1830
08/07/2026 03:10:56,2,320,450,3,1,1830
08/07/2026 03:11:12,2,320,450,3,0,-999
08/07/2026 03:11:28,2,320,450,3,0,-999
08/07/2026 03:11:44,2,320,450,3,1,1780
08/07/2026 03:12:00,2,320,450,3,1,1780
08/07/2026 03:12:16,2,320,450,3,1,1850
08/07/2026 03:12:32,2,320,450,3,1,1850
08/07/2026 03:12:48,2,320,450,3,1,1850
08/07/2026 03:13:04,2,320,450,3,1,1740
08/07/2026 03:13:20,2,320,450,3,1,1740
08/07/2026 03:13:36,2,320,450,3,2,1730
08/07/2026 03:13:52,2,320,450,3,2,1730
08/07/2026 03:14:08,2,320,450,3,1,1950
08/07/2026 03:14:24,2,320,450,3,1,1950
08/07/2026 03:14:40,2,320,450,3,1,1930
08/07/2026 03:14:56,2,320,450,3,1,1930
08/07/2026 03:15:12,2,320,450,3,1,1930
08/07/2026 03:15:28,2,330,450,3,1,1930
08/07/2026 03:15:44,2,330,450,3,1,1930
08/07/2026 03:16:00,2,340,450,3,1,1920
08/07/2026 03:16:16,2,340,450,3,1,1920
08/07/2026 03:16:32,2,350,450,3,1,1880
08/07/2026 03:16:48,2,350,450,3,1,1880
08/07/2026 03:17:04,2,350,450,3,1,1860
08/07/2026 03:17:20,2,350,450,3,1,1860
08/07/2026 03:17:36,2,350,450,3,1,1860
08/07/2026 03:17:52,2,350,450,3,1,1840
08/07/2026 03:18:08,2,350,450,3,1,1840
08/07/2026 03:18:24,2,350,450,3,1,1810
08/07/2026 03:18:40,2,350,450,3,1,1810
08/07/2026 03:18:56,2,350,450,3,1,1820
08/07/2026 03:19:12,2,350,450,3,1,1820
08/07/2026 03:19:28,2,350,450,3,1,1790
08/07/2026 03:19:44,2,350,450,3,1,1790
08/07/2026 03:20:00,2,350,450,3,1,1790
08/07/2026 03:20:16,2,350,450,3,1,1750
08/07/2026 03:20:32,2,350,450,3,1,1750
08/07/2026 03:20:48,2,350,450,3,1,1740
08/07/2026 03:21:04,2,350,450,3,1,1740
08/07/2026 03:21:20,2,340,450,3,1,1690
08/07/2026 03:21:36,2,340,450,3,1,1690
08/07/2026 03:21:52,2,340,450,3,1,1670
08/07/2026 03:22:08,2,330,450,3,1,1670
08/07/2026 03:22:24,2,330,450,3,1,1670
08/07/2026 03:22:40,2,320,450,3,1,1660
08/07/2026 03:22:56,2,320,450,3,1,1660
08/07/2026 03:23:12,2,320,450,3,1,1680
08/07/2026 03:23:28,2,320,450,3,1,1680
08/07/2026 03:23:44,2,310,450,3,1,1650
08/07/2026 03:24:00,2,310,450,3,1,1650
08/07/2026 03:24:16,2,310,450,3,1,1640
08/07/2026 03:24:32,2,310,450,3,1,1640
08/07/2026 03:24:48,2,310,450,3,1,1640
08/07/2026 03:25:04,2,310,450,3,1,1630
08/07/2026 03:25:20,2,300,450,3,1,1630
08/07/2026 03:25:36,2,300,450,3,1,1600
08/07/2026 03:25:52,2,300,450,3,1,1600
08/07/2026 03:26:08,2,300,450,3,1,1570
08/07/2026 03:26:24,2,300,450,3,1,1570
08/07/2026 03:26:40,2,300,450,3,1,1560
08/07/2026 03:26:56,2,300,450,3,1,1560
08/07/2026 03:27:12,2,300,450,3,1,1560
08/07/2026 03:27:28,2,300,450,3,1,1570
08/07/2026 03:27:44,2,300,450,3,1,1570
08/07/2026 03:28:00,2,300,450,3,1,1570
08/07/2026 03:28:16,2,300,450,3,1,1570
08/07/2026 03:28:32,2,300,450,3,1,1560
08/07/2026 03:28:48,2,300,450,3,1,1560
08/07/2026 03:29:04,2,300,450,3,1,1590
08/07/2026 03:29:20,2,300,450,3,1,1590
08/07/2026 03:29:36,2,300,450,3,1,1590
08/07/2026 03:29:52,2,300,450,3,1,1600
08/07/2026 03:30:08,2,300,450,3,1,1600
08/07/2026 03:30:24,2,300,450,3,1,1590
08/07/2026 03:30:40,2,300,450,3,1,1590
08/07/2026 03:30:56,2,290,450,3,1,1580
08/07/2026 03:31:12,2,290,450,3,1,1580
08/07/2026 03:31:28,2,290,450,3,1,1610
08/07/2026 03:31:44,2,290,450,3,1,1610
08/07/2026 03:32:00,2,290,450,3,1,1610
08/07/2026 03:32:16,2,290,450,3,1,1580
08/07/2026 03:32:32,2,290,450,3,1,1580
08/07/2026 03:32:48,2,290,450,3,1,1560
08/07/2026 03:33:04,2,290,450,3,1,1560
08/07/2026 03:33:20,2,290,450,3,1,1560
08/07/2026 03:33:36,2,290,450,3,1,1560
08/07/2026 03:33:52,2,290,450,3,1,1570
08/07/2026 03:34:08,2,300,450,3,1,1570
08/07/2026 03:34:24,2,300,450,3,1,1570
08/07/2026 03:34:40,2,300,450,3,1,1570
08/07/2026 03:34:56,2,300,450,3,1,1570
08/07/2026 03:35:12,2,300,450,3,1,1560
08/07/2026 03:35:28,2,300,450,3,1,1560
08/07/2026 03:35:44,2,300,450,3,1,1560
08/07/2026 03:36:00,2,300,450,3,1,1560
08/07/2026 03:36:16,2,300,450,3,1,1550
08/07/2026 03:36:32,2,300,450,3,1,1550
08/07/2026 03:36:48,2,300,450,3,1,1550
08/07/2026 03:37:04,2,300,450,3,1,1540
08/07/2026 03:37:20,2,300,450,3,1,1540
08/07/2026 03:37:36,2,300,450,3,1,1530
08/07/2026 03:37:52,2,300,450,3,1,1530
08/07/2026 03:38:08,2,300,450,3,1,1500
08/07/2026 03:38:24,2,300,450,3,1,1500
08/07/2026 03:38:40,2,300,450,3,1,1500
08/07/2026 03:38:56,2,300,450,3,1,1500
08/07/2026 03:39:12,2,300,450,3,1,1500
08/07/2026 03:39:28,2,300,450,3,1,1520
08/07/2026 03:39:44,2,300,450,3,1,1520
08/07/2026 03:40:00,2,300,450,3,1,1540
08/07/2026 03:40:16,2,300,450,3,1,1540
08/07/2026 03:40:32,2,300,450,3,1,1540
08/07/2026 03:40:48,2,300,450,3,1,1540
08/07/2026 03:41:04,2,300,450,3,1,1530
08/07/2026 03:41:20,2,300,450,3,1,1530
08/07/2026 03:41:36,2,300,450,3,1,1530
08/07/2026 03:41:52,2,300,450,3,1,1540
08/07/2026 03:42:08,2,300,450,3,1,1540
08/07/2026 03:42:24,2,300,450,3,1,1490
08/07/2026 03:42:40,2,300,450,3,1,1490
08/07/2026 03:42:56,2,300,450,3,1,1490
08/07/2026 03:43:12,2,300,450,3,1,1490
08/07/2026 03:43:28,2,300,450,3,1,1500
08/07/2026 03:43:44,2,300,450,3,1,1500
08/07/2026 03:44:00,2,300,450,3,1,1500
08/07/2026 03:44:16,2,300,450,3,1,1470
08/07/2026 03:44:32,2,300,450,3,1,1470
08/07/2026 03:44:48,2,300,450,3,1,1470
08/07/2026 03:45:04,2,300,450,3,1,1470
08/07/2026 03:45:20,2,300,450,3,1,1460
08/07/2026 03:45:36,2,300,450,3,1,1460
08/07/2026 03:45:52,2,300,450,3,2,1450
08/07/2026 03:46:08,2,290,450,3,2,1450
08/07/2026 03:46:24,2,290,450,3,2,1450
08/07/2026 03:46:40,2,290,450,3,1,1450
08/07/2026 03:46:56,2,290,450,3,1,1450
08/07/2026 03:47:12,2,290,450,3,1,1450
08/07/2026 03:47:28,2,290,450,3,1,1450
08/07/2026 03:47:44,2,290,450,3,1,1440
08/07/2026 03:48:00,2,290,450,3,1,1440
08/07/2026 03:48:16,2,290,450,3,1,1460
08/07/2026 03:48:32,2,290,450,3,1,1460
08/07/2026 03:48:48,2,290,450,3,1,1460
08/07/2026 03:49:04,2,290,450,3,1,1410
08/07/2026 03:49:20,2,290,450,3,1,1410
08/07/2026 03:49:36,2,290,450,3,1,1360
08/07/2026 03:49:52,2,290,450,3,1,1360
08/07/2026 03:50:08,2,290,450,3,2,1330
08/07/2026 03:50:24,2,280,450,3,2,1330
08/07/2026 03:50:40,2,280,450,3,1,1470
08/07/2026 03:50:56,2,280,450,3,1,1470
08/07/2026 03:51:12,2,280,450,3,1,1470
08/07/2026 03:51:28,2,280,450,3,2,1460
08/07/2026 03:51:44,2,1570,450,3,2,1460
08/07/2026 03:52:00,2,1570,450,3,1,1340
08/07/2026 03:52:16,2,1530,450,3,1,1340
08/07/2026 03:52:32,2,1530,450,3,1,1370
08/07/2026 03:52:48,2,280,450,3,1,1370
08/07/2026 03:53:04,2,280,450,3,1,1410
08/07/2026 03:53:20,2,280,450,3,1,1410
08/07/2026 03:53:36,2,280,450,3,1,1410
08/07/2026 03:53:52,2,280,450,3,1,1520
08/07/2026 03:54:08,2,520,450,3,1,1520
08/07/2026 03:54:24,2,520,450,3,1,1580
08/07/2026 03:54:40,2,520,450,3,1,1580
08/07/2026 03:54:56,2,520,450,3,1,1550
08/07/2026 03:55:12,2,520,450,3,1,1550
08/07/2026 03:55:28,2,520,450,3,1,1560
08/07/2026 03:55:44,2,520,450,3,1,1560
08/07/2026 03:56:00,2,520,450,3,1,1560
08/07/2026 03:56:16,2,520,450,3,1,1580
08/07/2026 03:56:32,2,520,450,3,1,1580
08/07/2026 03:56:48,2,770,450,3,1,1590
08/07/2026 03:57:04,2,770,450,3,1,1590
08/07/2026 03:57:20,2,770,450,3,1,1830
08/07/2026 03:57:36,2,770,450,3,1,1830
08/07/2026 03:57:52,2,750,450,3,1,1820
08/07/2026 03:58:08,2,750,450,3,1,1820
08/07/2026 03:58:24,2,740,450,3,1,1820
08/07/2026 03:58:40,2,740,450,3,1,1750
08/07/2026 03:58:56,2,740,450,3,1,1750
08/07/2026 03:59:12,2,740,450,3,1,1600
08/07/2026 03:59:28,2,740,450,3,1,1600
08/07/2026 03:59:44,2,740,450,3,1,1570
08/07/2026 04:00:00,2,740,320,3,1,1570
08/07/2026 04:00:16,2,740,320,3,1,1570
08/07/2026 04:00:32,2,740,320,3,1,1570
08/07/2026 04:00:48,2,720,320,3,1,1570
08/07/2026 04:01:04,2,720,320,3,1,1580
08/07/2026 04:01:20,2,720,320,3,1,1580
08/07/2026 04:01:36,2,720,320,3,1,1580
08/07/2026 04:01:52,2,720,320,3,1,1580
08/07/2026 04:02:08,2,720,320,3,1,1590
08/07/2026 04:02:24,2,720,320,3,1,1590
08/07/2026 04:02:40,2,710,320,3,1,1570
08/07/2026 04:02:56,2,710,320,3,1,1570
08/07/2026 04:03:12,2,710,320,3,1,1570
08/07/2026 04:03:28,2,660,320,3,1,1570
08/07/2026 04:03:44,2,590,320,3,1,1570
08/07/2026 04:04:00,2,580,320,3,2,1600
08/07/2026 04:04:16,2,580,320,3,2,1600
08/07/2026 04:04:32,2,580,320,3,2,1660
08/07/2026 04:04:48,2,580,320,3,2,1660
08/07/2026 04:05:04,2,580,320,3,1,1700
08/07/2026 04:05:20,2,580,320,3,1,1700
08/07/2026 04:05:36,2,580,320,3,1,1700
08/07/2026 04:05:52,2,570,320,3,1,1860
08/07/2026 04:06:08,2,570,320,3,1,1860
08/07/2026 04:06:24,2,560,320,3,1,1860
08/07/2026 04:06:40,2,560,320,3,1,1860
08/07/2026 04:06:56,2,550,320,3,1,1860
08/07/2026 04:07:12,2,550,320,3,1,1860
08/07/2026 04:07:28,2,80,320,3,0,-999
08/07/2026 04:07:44,2,80,320,3,0,-999
08/07/2026 04:08:00,2,80,320,3,0,-999
08/07/2026 04:08:16,2,510,320,3,1,1480
08/07/2026 04:08:32,2,500,320,3,1,1480
08/07/2026 04:08:48,2,500,320,3,1,1660
08/07/2026 04:09:04,2,500,320,3,1,1660
08/07/2026 04:09:20,2,490,320,3,2,1240
08/07/2026 04:09:36,2,490,320,3,2,1240
08/07/2026 04:09:52,2,490,320,3,1,1240
08/07/2026 04:10:08,2,490,320,3,1,1240
08/07/2026 04:10:24,2,490,320,3,1,1240
08/07/2026 04:10:40,2,490,320,3,1,1260
08/07/2026 04:10:56,2,490,320,3,1,1260
08/07/2026 04:11:12,2,480,320,3,1,1270
08/07/2026 04:11:28,2,480,320,3,1,1270
08/07/2026 04:11:44,2,480,320,3,1,1310
08/07/2026 04:12:00,2,480,320,3,1,1310
08/07/2026 04:12:16,2,470,320,3,0,-999
08/07/2026 04:12:32,2,470,320,3,0,-999
08/07/2026 04:12:48,2,470,320,3,0,-999
08/07/2026 04:13:04,2,470,320,3,1,1310
08/07/2026 04:13:20,2,460,320,3,1,1310
08/07/2026 04:13:36,2,460,320,3,1,1280
08/07/2026 04:13:52,2,460,320,3,1,1280
08/07/2026 04:14:08,2,460,320,3,1,1910
08/07/2026 04:14:24,2,450,320,3,1,1910
08/07/2026 04:14:40,2,450,320,3,0,-999
08/07/2026 04:14:56,2,450,320,3,0,-999
08/07/2026 04:15:12,2,450,320,3,0,-999
08/07/2026 04:15:28,2,450,320,3,1,1920
08/07/2026 04:15:44,2,450,320,3,1,1920
08/07/2026 04:16:00,2,450,320,3,0,-999
08/07/2026 04:16:16,2,440,320,3,0,-999
08/07/2026 04:16:32,2,440,320,3,0,-999
08/07/2026 04:16:48,2,440,320,3,0,-999
08/07/2026 04:17:04,2,440,320,3,0,-999
08/07/2026 04:17:20,2,440,320,3,0,-999
08/07/2026 04:17:36,2,440,320,3,0,-999
08/07/2026 04:17:52,2,430,320,3,0,-999
08/07/2026 04:18:08,2,430,320,3,0,-999
08/07/2026 04:18:24,2,430,320,3,1,1280
08/07/2026 04:18:40,2,430,320,3,1,1280
08/07/2026 04:18:56,2,420,320,3,1,1190
08/07/2026 04:19:12,2,420,320,3,1,1190
08/07/2026 04:19:28,2,420,320,3,1,1270
08/07/2026 04:19:44,2,420,320,3,1,1270
08/07/2026 04:20:00,2,420,320,3,1,1270
08/07/2026 04:20:16,2,420,320,3,1,1300
08/07/2026 04:20:32,2,420,320,3,1,1300
08/07/2026 04:20:48,2,420,320,3,1,1280
08/07/2026 04:21:04,2,420,320,3,1,1280
08/07/2026 04:21:20,2,420,320,3,1,1290
08/07/2026 04:21:36,2,420,320,3,1,1290
08/07/2026 04:21:52,2,420,320,3,1,1270
08/07/2026 04:22:08,2,420,320,3,1,1270
08/07/2026 04:22:24,2,420,320,3,1,1270
08/07/2026 04:22:40,2,420,320,3,1,1280
08/07/2026 04:22:56,2,420,320,3,1,1280
08/07/2026 04:23:12,2,420,320,3,1,1290
08/07/2026 04:23:28,2,420,320,3,1,1290
08/07/2026 04:23:44,2,420,320,3,1,1310
08/07/2026 04:24:00,2,420,320,3,1,1310
08/07/2026 04:24:16,2,420,320,3,1,1310
08/07/2026 04:24:32,2,420,320,3,1,1310
08/07/2026 04:24:48,2,420,320,3,1,1310
08/07/2026 04:25:04,2,420,320,3,1,1260
08/07/2026 04:25:20,2,430,320,3,1,1260
08/07/2026 04:25:36,2,440,320,3,1,1270
08/07/2026 04:25:52,2,440,320,3,1,1270
08/07/2026 04:26:08,2,440,320,3,1,1260
08/07/2026 04:26:24,2,450,320,3,1,1260
08/07/2026 04:26:40,2,450,320,3,1,1270
08/07/2026 04:26:56,2,460,320,3,1,1270
08/07/2026 04:27:12,2,460,320,3,1,1270
08/07/2026 04:27:28,2,460,320,3,1,1270
08/07/2026 04:27:44,2,460,320,3,1,1270
08/07/2026 04:28:00,2,460,320,3,1,1300
08/07/2026 04:28:16,2,460,320,3,1,1300
08/07/2026 04:28:32,2,460,320,3,1,1310
08/07/2026 04:28:48,2,460,320,3,1,1310
08/07/2026 04:29:04,2,460,320,3,1,1300
08/07/2026 04:29:20,2,460,320,3,1,1300
08/07/2026 04:29:36,2,460,320,3,1,1300
08/07/2026 04:29:52,2,460,320,3,1,1310
08/07/2026 04:30:08,2,460,320,3,1,1310
08/07/2026 04:30:24,2,460,320,3,1,1320
08/07/2026 04:30:40,2,460,320,3,1,1320
08/07/2026 04:30:56,2,460,320,3,1,1300
08/07/2026 04:31:12,2,460,320,3,1,1300
08/07/2026 04:31:28,2,460,320,3,1,1280
08/07/2026 04:31:44,2,460,320,3,1,1280
08/07/2026 04:32:00,2,460,320,3,1,1280
08/07/2026 04:32:16,2,460,320,3,1,1280
08/07/2026 04:32:32,2,460,320,3,1,1280
08/07/2026 04:32:48,2,460,320,3,1,1280
08/07/2026 04:33:04,2,460,320,3,1,1280
08/07/2026 04:33:20,2,460,320,3,1,1290
08/07/2026 04:33:36,2,450,320,3,1,1290
08/07/2026 04:33:52,2,450,320,3,1,1280
08/07/2026 04:34:08,2,450,320,3,1,1280
08/07/2026 04:34:24,2,450,320,3,1,1280
08/07/2026 04:34:40,2,440,320,3,1,1280
08/07/2026 04:34:56,2,440,320,3,1,1280
08/07/2026 04:35:12,2,440,320,3,1,1290
08/07/2026 04:35:28,2,440,320,3,1,1290
08/07/2026 04:35:44,2,440,320,3,1,1290
08/07/2026 04:36:00,2,430,320,3,1,1290
08/07/2026 04:36:16,2,430,320,3,1,1290
08/07/2026 04:36:32,2,430,320,3,1,1290
08/07/2026 04:36:48,2,430,320,3,1,1290
08/07/2026 04:37:04,2,430,320,3,1,1280
08/07/2026 04:37:20,2,430,320,3,1,1280
08/07/2026 04:37:36,2,430,320,3,1,1290
08/07/2026 04:37:52,2,430,320,3,1,1290
08/07/2026 04:38:08,2,430,320,3,1,1290
08/07/2026 04:38:24,2,420,320,3,1,1290
08/07/2026 04:38:40,2,420,320,3,1,1280
08/07/2026 04:38:56,2,420,320,3,1,1280
08/07/2026 04:39:12,2,420,320,3,1,1280
08/07/2026 04:39:28,2,420,320,3,2,1290
08/07/2026 04:39:44,2,420,320,3,2,1290
08/07/2026 04:40:00,2,420,320,3,2,1290
08/07/2026 04:40:16,2,420,320,3,2,1290
08/07/2026 04:40:32,2,420,320,3,2,1570
08/07/2026 04:40:48,2,420,320,3,2,1570
08/07/2026 04:41:04,2,420,320,3,1,1590
08/07/2026 04:41:20,2,420,320,3,1,1590
08/07/2026 04:41:36,2,420,320,3,1,1590
08/07/2026 04:41:52,2,410,320,3,2,1400
08/07/2026 04:42:08,2,410,320,3,2,1400
08/07/2026 04:42:24,2,410,320,3,1,1350
08/07/2026 04:42:40,2,410,320,3,1,1350
08/07/2026 04:42:56,2,410,320,3,1,1340
08/07/2026 04:43:12,2,410,320,3,1,1340
08/07/2026 04:43:28,2,410,320,3,1,1330
08/07/2026 04:43:44,2,410,320,3,1,1330
08/07/2026 04:44:00,2,410,320,3,1,1330
08/07/2026 04:44:16,2,410,320,3,1,1320
08/07/2026 04:44:32,2,400,320,3,1,1320
08/07/2026 04:44:48,2,400,320,3,1,1330
08/07/2026 04:45:04,2,400,320,3,1,1330
08/07/2026 04:45:20,2,400,320,3,1,1360
08/07/2026 04:45:36,2,400,320,3,1,1360
08/07/2026 04:45:52,2,400,320,3,1,1380
08/07/2026 04:46:08,2,400,320,3,1,1380
08/07/2026 04:46:24,2,400,320,3,1,1380
08/07/2026 04:46:40,2,400,320,3,1,1400
08/07/2026 04:46:56,2,400,320,3,1,1400
08/07/2026 04:47:12,2,400,320,3,1,1420
08/07/2026 04:47:28,2,400,320,3,1,1420
08/07/2026 04:47:44,2,400,320,3,1,1440
08/07/2026 04:48:00,2,400,320,3,1,1440
08/07/2026 04:48:16,2,400,320,3,1,1450
08/07/2026 04:48:32,2,410,320,3,1,1450
08/07/2026 04:48:48,2,410,320,3,1,1450
08/07/2026 04:49:04,2,410,320,3,1,1460
08/07/2026 04:49:20,2,410,320,3,1,1460
08/07/2026 04:49:36,2,410,320,3,1,1520
08/07/2026 04:49:52,2,410,320,3,1,1520
08/07/2026 04:50:08,2,410,320,3,1,1510
08/07/2026 04:50:24,2,410,320,3,1,1510
08/07/2026 04:50:40,2,410,320,3,1,1500
08/07/2026 04:50:56,2,410,320,3,1,1500
08/07/2026 04:51:12,2,410,320,3,1,1500
08/07/2026 04:51:28,2,410,320,3,1,1530
08/07/2026 04:51:44,2,410,320,3,1,1530
08/07/2026 04:52:00,2,420,320,3,1,1560
08/07/2026 04:52:16,2,420,320,3,1,1560
08/07/2026 04:52:32,2,420,320,3,1,1540
08/07/2026 04:52:48,2,420,320,3,1,1540
08/07/2026 04:53:04,2,420,320,3,1,1520
08/07/2026 04:53:20,2,430,320,3,1,1520
08/07/2026 04:53:36,2,430,320,3,1,1520
08/07/2026 04:53:52,2,430,320,3,1,1580
08/07/2026 04:54:08,2,430,320,3,1,1580
08/07/2026 04:54:24,2,440,320,3,1,1490
08/07/2026 04:54:40,2,440,320,3,1,1490
08/07/2026 04:54:56,2,440,320,3,1,1470
08/07/2026 04:55:12,2,440,320,3,1,1470
08/07/2026 04:55:28,2,440,320,3,1,1490
08/07/2026 04:55:44,2,450,320,3,1,1490
08/07/2026 04:56:00,2,450,320,3,1,1490
08/07/2026 04:56:16,2,460,320,3,1,1550
08/07/2026 04:56:32,2,460,320,3,1,1550
08/07/2026 04:56:48,2,460,320,3,1,1560
08/07/2026 04:57:04,2,460,320,3,1,1560
08/07/2026 04:57:20,2,470,320,3,1,1580
08/07/2026 04:57:36,2,470,320,3,1,1580
08/07/2026 04:57:52,2,470,320,3,2,1570
08/07/2026 04:58:08,2,470,320,3,2,1570
08/07/2026 04:58:24,2,480,320,3,2,1570
08/07/2026 04:58:40,2,480,320,3,1,1740
08/07/2026 04:58:56,2,480,320,3,1,1740
08/07/2026 04:59:12,2,480,320,3,1,1750
08/07/2026 04:59:28,2,490,320,3,1,1750
08/07/2026 04:59:44,2,490,320,3,1,1650
08/07/2026 05:00:00,2,500,320,3,1,1650
08/07/2026 05:00:16,3,510,440,3,1,1640
08/07/2026 05:00:32,3,520,440,3,1,1640
08/07/2026 05:00:48,3,540,440,3,1,1640
08/07/2026 05:01:04,3,550,440,3,1,1570
08/07/2026 05:01:20,3,560,440,3,1,1570
08/07/2026 05:01:36,3,560,440,3,1,1540
08/07/2026 05:01:52,3,570,440,3,1,1540
08/07/2026 05:02:08,3,570,440,3,1,1550
08/07/2026 05:02:24,3,580,440,3,1,1550
08/07/2026 05:02:40,3,580,440,3,1,1550
08/07/2026 05:02:56,3,580,440,3,1,1550
08/07/2026 05:03:12,3,580,440,3,1,1550
08/07/2026 05:03:28,3,580,440,3,1,1560
08/07/2026 05:03:44,3,580,440,3,1,1560
08/07/2026 05:04:00,3,590,440,3,1,1560
08/07/2026 05:04:16,3,590,440,3,1,1560
08/07/2026 05:04:32,3,590,440,3,1,1580
08/07/2026 05:04:48,3,600,440,3,1,1580
08/07/2026 05:05:04,3,600,440,3,1,1570
08/07/2026 05:05:20,3,600,440,3,1,1570
08/07/2026 05:05:36,3,600,440,3,1,1570
08/07/2026 05:05:52,3,600,440,3,1,1570
08/07/2026 05:06:08,3,600,440,3,1,1570
08/07/2026 05:06:24,3,600,440,3,1,1580
08/07/2026 05:06:40,3,600,440,3,1,1580
08/07/2026 05:06:56,3,600,440,3,1,1570
08/07/2026 05:07:12,3,600,440,3,1,1570
08/07/2026 05:07:28,3,600,440,3,1,1580
08/07/2026 05:07:44,3,600,440,3,1,1580
08/07/2026 05:08:00,3,600,440,3,1,1580
08/07/2026 05:08:16,3,600,440,3,1,1580
08/07/2026 05:08:32,3,600,440,3,1,1580
08/07/2026 05:08:48,3,600,440,3,1,1540
08/07/2026 05:09:04,3,600,440,3,1,1540
08/07/2026 05:09:20,3,600,440,3,1,1550
08/07/2026 05:09:36,3,600,440,3,1,1550
08/07/2026 05:09:52,3,600,440,3,1,1570
08/07/2026 05:10:08,3,600,440,3,1,1570
08/07/2026 05:10:24,3,600,440,3,1,1570
08/07/2026 05:10:40,3,600,440,3,1,1570
08/07/2026 05:10:56,3,610,440,3,1,1570
08/07/2026 05:11:12,3,610,440,3,1,1560
08/07/2026 05:11:28,3,610,440,3,1,1560
08/07/2026 05:11:44,3,610,440,3,1,1570
08/07/2026 05:12:00,3,610,440,3,1,1570
08/07/2026 05:12:16,3,610,440,3,1,1590
08/07/2026 05:12:32,3,610,440,3,1,1590
08/07/2026 05:12:48,3,610,440,3,1,1590
08/07/2026 05:13:04,3,610,440,3,1,1590
08/07/2026 05:13:20,3,610,440,3,1,1590
08/07/2026 05:13:36,3,610,440,3,1,1590
08/07/2026 05:13:52,3,610,440,3,1,1590
08/07/2026 05:14:08,3,610,440,3,1,1610
08/07/2026 05:14:24,3,600,440,3,1,1610
08/07/2026 05:14:40,3,600,440,3,1,1620
08/07/2026 05:14:56,3,600,440,3,1,1620
08/07/2026 05:15:12,3,600,440,3,1,1620
08/07/2026 05:15:28,3,600,440,3,1,1620
08/07/2026 05:15:44,3,600,440,3,1,1620
08/07/2026 05:16:00,3,600,440,3,1,1630
08/07/2026 05:16:16,3,600,440,3,1,1630
08/07/2026 05:16:32,3,600,440,3,1,1650
08/07/2026 05:16:48,3,600,440,3,1,1650
08/07/2026 05:17:04,3,600,440,3,1,1670
08/07/2026 05:17:20,3,600,440,3,1,1670
08/07/2026 05:17:36,3,600,440,3,1,1670
08/07/2026 05:17:52,3,600,440,3,1,1670
08/07/2026 05:18:08,3,600,440,3,1,1670
08/07/2026 05:18:24,3,600,440,3,1,1650
08/07/2026 05:18:40,3,600,440,3,1,1650
08/07/2026 05:18:56,3,590,440,3,1,1660
08/07/2026 05:19:12,3,590,440,3,1,1660
08/07/2026 05:19:28,3,100,440,3,0,-999
08/07/2026 05:19:44,3,100,440,3,0,-999
08/07/2026 05:20:00,3,100,440,3,0,-999
08/07/2026 05:20:16,3,100,440,3,0,-999
08/07/2026 05:20:32,3,100,440,3,0,-999
08/07/2026 05:20:48,3,100,440,3,0,-999
08/07/2026 05:21:04,3,100,440,3,0,-999
08/07/2026 05:21:20,3,100,440,3,0,-999
08/07/2026 05:21:36,3,100,440,3,0,-999
08/07/2026 05:21:52,3,100,440,3,0,-999
08/07/2026 05:22:08,3,90,440,3,0,-999
08/07/2026 05:22:24,3,90,440,3,0,-999
08/07/2026 05:22:40,3,90,440,3,0,-999
08/07/2026 05:22:56,3,90,440,3,0,-999
08/07/2026 05:23:12,3,100,440,3,0,-999
08/07/2026 05:23:28,3,100,440,3,0,-999
08/07/2026 05:23:44,3,100,440,3,0,-999
08/07/2026 05:24:00,3,100,440,3,0,-999
08/07/2026 05:24:16,3,100,440,3,0,-999
08/07/2026 05:24:32,3,100,440,3,0,-999
08/07/2026 05:24:48,3,100,440,3,0,-999
08/07/2026 05:25:04,3,100,440,3,0,-999
08/07/2026 05:25:20,3,100,440,3,0,-999
08/07/2026 05:25:36,3,100,440,3,0,-999
08/07/2026 05:25:52,3,100,440,3,0,-999
08/07/2026 05:26:08,3,100,440,3,0,-999
08/07/2026 05:26:24,3,100,440,3,0,-999
08/07/2026 05:26:40,3,100,440,3,0,-999
08/07/2026 05:26:56,3,100,440,3,0,-999
08/07/2026 05:27:12,3,100,440,3,0,-999
08/07/2026 05:27:28,3,100,440,3,0,-999
08/07/2026 05:27:44,3,100,440,3,0,-999
08/07/2026 05:28:00,3,100,440,3,0,-999
08/07/2026 05:28:16,3,100,440,3,0,-999
08/07/2026 05:28:32,3,100,440,3,0,-999
08/07/2026 05:28:48,3,100,440,3,0,-999
08/07/2026 05:29:04,3,100,440,3,0,-999
08/07/2026 05:29:20,3,100,440,3,0,-999
08/07/2026 05:29:36,3,100,440,3,0,-999
08/07/2026 05:29:52,3,100,440,3,0,-999
08/07/2026 05:30:08,3,100,440,3,0,-999
08/07/2026 05:30:24,3,100,440,3,0,-999
08/07/2026 05:30:40,3,100,440,3,0,-999
08/07/2026 05:30:56,3,100,440,3,0,-999
08/07/2026 05:31:12,3,100,440,3,0,-999
08/07/2026 05:31:28,3,100,440,3,0,-999
08/07/2026 05:31:44,3,100,440,3,0,-999
08/07/2026 05:32:00,3,100,440,3,0,-999
08/07/2026 05:32:16,3,100,440,3,0,-999
08/07/2026 05:32:32,3,100,440,3,0,-999
08/07/2026 05:32:48,3,100,440,3,0,-999
08/07/2026 05:33:04,3,100,440,3,0,-999
08/07/2026 05:33:20,3,100,440,3,0,-999
08/07/2026 05:33:36,3,100,440,3,0,-999
08/07/2026 05:33:52,3,100,440,3,0,-999
08/07/2026 05:34:08,3,100,440,3,0,-999
08/07/2026 05:34:24,3,100,440,3,0,-999
08/07/2026 05:34:40,3,100,440,3,0,-999
08/07/2026 05:34:56,3,100,440,3,0,-999
08/07/2026 05:35:12,3,100,440,3,0,-999
08/07/2026 05:35:28,3,100,440,3,0,-999
08/07/2026 05:35:44,3,100,440,3,0,-999
08/07/2026 05:36:00,3,100,440,3,0,-999
08/07/2026 05:36:16,3,100,440,3,0,-999
08/07/2026 05:36:32,3,100,440,3,0,-999
08/07/2026 05:36:48,3,90,440,3,0,-999
08/07/2026 05:37:04,3,90,440,3,0,-999
08/07/2026 05:37:20,3,90,440,3,0,-999
08/07/2026 05:37:36,3,90,440,3,0,-999
08/07/2026 05:37:52,3,90,440,3,0,-999
08/07/2026 05:38:08,3,90,440,3,0,-999
08/07/2026 05:38:24,3,90,440,3,0,-999
08/07/2026 05:38:40,3,90,440,3,0,-999
08/07/2026 05:38:56,3,90,440,3,0,-999
08/07/2026 05:39:12,3,490,440,3,0,-999
08/07/2026 05:39:28,3,490,440,3,0,-999
08/07/2026 05:39:44,3,490,440,3,0,-999
08/07/2026 05:40:00,3,490,440,3,0,-999
08/07/2026 05:40:16,3,490,440,3,0,-999
08/07/2026 05:40:32,3,490,440,3,0,-999
08/07/2026 05:40:48,3,490,440,3,0,-999
08/07/2026 05:41:04,3,490,440,3,0,-999
08/07/2026 05:41:20,3,490,440,3,0,-999
08/07/2026 05:41:36,3,490,440,3,0,-999
08/07/2026 05:41:52,3,490,440,3,0,-999
08/07/2026 05:42:08,3,490,440,3,0,-999
08/07/2026 05:42:24,3,490,440,3,0,-999
08/07/2026 05:42:40,3,490,440,3,0,-999
08/07/2026 05:42:56,3,490,440,3,0,-999
08/07/2026 05:43:12,3,490,440,3,0,-999
08/07/2026 05:43:28,3,490,440,3,0,-999
08/07/2026 05:43:44,3,490,440,3,0,-999
08/07/2026 05:44:00,3,490,440,3,0,-999
08/07/2026 05:44:16,3,490,440,3,0,-999
08/07/2026 05:44:32,3,490,440,3,0,-999
08/07/2026 05:44:48,3,490,440,3,0,-999
08/07/2026 05:45:04,3,490,440,3,0,-999
08/07/2026 05:45:20,3,490,440,3,0,-999
08/07/2026 05:45:36,3,100,440,3,0,-999
08/07/2026 05:45:52,3,100,440,3,0,-999
08/07/2026 05:46:08,3,100,440,3,0,-999
08/07/2026 05:46:24,3,100,440,3,0,-999
08/07/2026 05:46:40,3,100,440,3,0,-999
08/07/2026 05:46:56,3,100,440,3,0,-999
08/07/2026 05:47:12,3,100,440,3,0,-999
08/07/2026 05:47:28,3,100,440,3,0,-999
08/07/2026 05:47:44,3,100,440,3,0,-999
08/07/2026 05:48:00,3,100,440,3,0,-999
08/07/2026 05:48:16,3,100,440,3,0,-999
08/07/2026 05:48:32,3,100,440,3,0,-999
08/07/2026 05:48:48,3,100,440,3,0,-999
08/07/2026 05:49:04,3,100,440,3,0,-999
08/07/2026 05:49:20,3,100,440,3,0,-999
08/07/2026 05:49:36,3,100,440,3,0,-999
08/07/2026 05:49:52,3,100,440,3,0,-999
08/07/2026 05:50:08,3,100,440,3,0,-999
08/07/2026 05:50:24,3,100,440,3,0,-999
08/07/2026 05:50:40,3,100,440,3,0,-999
08/07/2026 05:50:56,3,100,440,3,0,-999
08/07/2026 05:51:12,3,100,440,3,0,-999
08/07/2026 05:51:28,3,100,440,3,0,-999
08/07/2026 05:51:44,3,100,440,3,0,-999
08/07/2026 05:52:00,3,100,440,3,0,-999
08/07/2026 05:52:16,3,100,440,3,0,-999
08/07/2026 05:52:32,3,90,440,3,0,-999
08/07/2026 05:52:48,3,90,440,3,0,-999
08/07/2026 05:53:04,3,90,440,3,0,-999
08/07/2026 05:53:20,3,90,440,3,0,-999
08/07/2026 05:53:36,3,90,440,3,0,-999
08/07/2026 05:53:52,3,90,440,3,0,-999
08/07/2026 05:54:08,3,90,440,3,0,-999
08/07/2026 05:54:24,3,90,440,3,0,-999
08/07/2026 05:54:40,3,90,440,3,0,-999
08/07/2026 05:54:56,3,90,440,3,0,-999
08/07/2026 05:55:12,3,90,440,3,0,-999
08/07/2026 05:55:28,3,90,440,3,0,-999
08/07/2026 05:55:44,3,90,440,3,0,-999
08/07/2026 05:56:00,3,90,440,3,0,-999
08/07/2026 05:56:16,3,90,440,3,0,-999
08/07/2026 05:56:32,3,90,440,3,0,-999
08/07/2026 05:56:48,3,90,440,3,0,-999
08/07/2026 05:57:04,3,490,440,3,0,-999
08/07/2026 05:57:20,3,490,440,3,0,-999
08/07/2026 05:57:36,3,490,440,3,0,-999
08/07/2026 05:57:52,3,490,440,3,0,-999
08/07/2026 05:58:08,3,490,440,3,0,-999
08/07/2026 05:58:24,3,490,440,3,0,-999
08/07/2026 05:58:40,3,490,440,3,0,-999
08/07/2026 05:58:56,3,490,440,3,0,-999
08/07/2026 05:59:12,3,490,440,3,0,-999
08/07/2026 05:59:28,3,490,440,3,0,-999
08/07/2026 05:59:44,3,490,440,3,0,-999
08/07/2026 06:00:00,2,490,100,3,0,-999
08/07/2026 06:00:16,2,490,100,3,0,-999
08/07/2026 06:00:32,2,490,100,3,0,-999
08/07/2026 06:00:48,2,490,100,3,0,-999
08/07/2026 06:01:04,2,490,100,3,0,-999
08/07/2026 06:01:20,2,490,100,3,0,-999
08/07/2026 06:01:36,2,490,100,3,0,-999
08/07/2026 06:01:52,2,490,100,3,0,-999
08/07/2026 06:02:08,2,490,100,3,0,-999
08/07/2026 06:02:24,2,490,100,3,0,-999
08/07/2026 06:02:40,2,490,100,3,0,-999
08/07/2026 06:02:56,2,490,100,3,0,-999
08/07/2026 06:03:12,2,490,100,3,0,-999
08/07/2026 06:03:28,2,490,100,3,0,-999
08/07/2026 06:03:44,2,490,100,3,0,-999
08/07/2026 06:04:00,2,490,100,3,0,-999
08/07/2026 06:04:16,2,490,100,3,0,-999
08/07/2026 06:04:32,2,490,100,3,0,-999
08/07/2026 06:04:48,2,490,100,3,0,-999
08/07/2026 06:05:04,2,490,100,3,0,-999
08/07/2026 06:05:20,2,490,100,3,0,-999
08/07/2026 06:05:36,2,490,100,3,0,-999
08/07/2026 06:05:52,2,90,100,3,0,-999
08/07/2026 06:06:08,2,90,100,3,0,-999
08/07/2026 06:06:24,2,90,100,3,0,-999
08/07/2026 06:06:40,2,90,100,3,0,-999
08/07/2026 06:06:56,2,90,100,3,0,-999
08/07/2026 06:07:12,2,90,100,3,0,-999
08/07/2026 06:07:28,2,90,100,3,0,-999
08/07/2026 06:07:44,2,90,100,3,0,-999
08/07/2026 06:08:00,2,90,100,3,0,-999
08/07/2026 06:08:16,2,90,100,3,0,-999
08/07/2026 06:08:32,2,90,100,3,0,-999
08/07/2026 06:08:48,2,90,100,3,0,-999
08/07/2026 06:09:04,2,90,100,3,0,-999
08/07/2026 06:09:20,2,90,100,3,0,-999
08/07/2026 06:09:36,2,90,100,3,0,-999
08/07/2026 06:09:52,2,90,100,3,0,-999
08/07/2026 06:10:08,2,100,100,3,0,-999
08/07/2026 06:10:24,2,100,100,3,0,-999
08/07/2026 06:10:40,2,100,100,3,0,-999
08/07/2026 06:10:56,2,100,100,3,0,-999
08/07/2026 06:11:12,2,100,100,3,0,-999
08/07/2026 06:11:28,2,100,100,3,0,-999
08/07/2026 06:11:44,2,100,100,3,0,-999
08/07/2026 06:12:00,2,100,100,3,0,-999
08/07/2026 06:12:16,2,100,100,3,0,-999
08/07/2026 06:12:32,2,100,100,3,0,-999
08/07/2026 06:12:48,2,100,100,3,0,-999
08/07/2026 06:13:04,2,100,100,3,0,-999
08/07/2026 06:13:20,2,100,100,3,0,-999
08/07/2026 06:13:36,2,100,100,3,0,-999
08/07/2026 06:13:52,2,100,100,3,0,-999
08/07/2026 06:14:08,2,100,100,3,0,-999
08/07/2026 06:14:24,2,100,100,3,0,-999
08/07/2026 06:14:40,2,90,100,3,0,-999
08/07/2026 06:14:56,2,90,100,3,0,-999
08/07/2026 06:15:12,2,90,100,3,0,-999
08/07/2026 06:15:28,2,90,100,3,0,-999
08/07/2026 06:15:44,2,90,100,3,0,-999
08/07/2026 06:16:00,2,90,100,3,0,-999
08/07/2026 06:16:16,2,90,100,3,0,-999
08/07/2026 06:16:32,2,590,100,3,1,530
08/07/2026 06:16:48,2,590,100,3,1,530
08/07/2026 06:17:04,2,590,100,3,1,560
08/07/2026 06:17:20,2,590,100,3,1,560
08/07/2026 06:17:36,2,590,100,3,1,560
08/07/2026 06:17:52,2,590,100,3,1,480
08/07/2026 06:18:08,2,590,100,3,1,480
08/07/2026 06:18:24,2,100,100,3,0,-999
08/07/2026 06:18:40,2,100,100,3,0,-999
08/07/2026 06:18:56,2,590,100,3,1,510
08/07/2026 06:19:12,2,590,100,3,1,510
08/07/2026 06:19:28,2,100,100,3,0,-999
08/07/2026 06:19:44,2,100,100,3,0,-999
08/07/2026 06:20:00,2,100,100,3,0,-999
08/07/2026 06:20:16,2,110,100,3,0,-999
08/07/2026 06:20:32,2,100,100,3,0,-999
08/07/2026 06:20:48,2,100,100,3,0,-999
08/07/2026 06:21:04,2,100,100,3,0,-999
08/07/2026 06:21:20,2,590,100,3,1,480
08/07/2026 06:21:36,2,580,100,3,1,480
08/07/2026 06:21:52,2,10,100,3,0,-999
08/07/2026 06:22:08,2,10,100,3,0,-999
08/07/2026 06:22:24,2,10,100,3,0,-999
08/07/2026 06:22:40,2,580,100,3,1,490
08/07/2026 06:22:56,2,580,100,3,1,490
08/07/2026 06:23:12,2,570,100,3,1,480
08/07/2026 06:23:28,2,570,100,3,1,480
08/07/2026 06:23:44,2,570,100,3,1,490
08/07/2026 06:24:00,2,570,100,3,1,490
08/07/2026 06:24:16,2,570,100,3,1,500
08/07/2026 06:24:32,2,570,100,3,1,500
08/07/2026 06:24:48,2,570,100,3,1,500
08/07/2026 06:25:04,2,570,100,3,1,520
08/07/2026 06:25:20,2,570,100,3,1,520
08/07/2026 06:25:36,2,600,100,3,1,540
08/07/2026 06:25:52,2,600,100,3,1,540
08/07/2026 06:26:08,2,600,100,3,1,500
08/07/2026 06:26:24,2,600,100,3,1,500
08/07/2026 06:26:40,2,600,100,3,1,490
08/07/2026 06:26:56,2,600,100,3,1,490
08/07/2026 06:27:12,2,600,100,3,1,490
08/07/2026 06:27:28,2,600,100,3,1,500
08/07/2026 06:27:44,2,600,100,3,1,500
08/07/2026 06:28:00,2,600,100,3,1,490
08/07/2026 06:28:16,2,600,100,3,1,490
08/07/2026 06:28:32,2,600,100,3,1,560
08/07/2026 06:28:48,2,600,100,3,1,560
08/07/2026 06:29:04,2,110,100,3,0,-999
08/07/2026 06:29:20,2,120,100,3,0,-999
08/07/2026 06:29:36,2,120,100,3,0,-999
08/07/2026 06:29:52,2,120,100,3,0,-999
08/07/2026 06:30:08,2,120,100,3,0,-999
08/07/2026 06:30:24,2,90,100,3,0,-999
08/07/2026 06:30:40,2,90,100,3,0,-999
08/07/2026 06:30:56,2,580,100,3,1,540
08/07/2026 06:31:12,2,580,100,3,1,540
08/07/2026 06:31:28,2,110,100,3,0,-999
08/07/2026 06:31:44,2,110,100,3,0,-999
08/07/2026 06:32:00,2,110,100,3,0,-999
08/07/2026 06:32:16,2,600,100,3,1,550
08/07/2026 06:32:32,2,600,100,3,1,550
08/07/2026 06:32:48,2,600,100,3,1,550
08/07/2026 06:33:04,2,600,100,3,1,550
08/07/2026 06:33:20,2,630,100,3,1,630
08/07/2026 06:33:36,2,630,100,3,1,630
08/07/2026 06:33:52,2,110,100,3,0,-999
08/07/2026 06:34:08,2,120,100,3,0,-999
08/07/2026 06:34:24,2,120,100,3,0,-999
08/07/2026 06:34:40,2,120,100,3,0,-999
08/07/2026 06:34:56,2,120,100,3,0,-999
08/07/2026 06:35:12,2,120,100,3,0,-999
08/07/2026 06:35:28,2,120,100,3,0,-999
08/07/2026 06:35:44,2,110,100,3,0,-999
08/07/2026 06:36:00,2,110,100,3,0,-999
08/07/2026 06:36:16,2,110,100,3,0,-999
08/07/2026 06:36:32,2,110,100,3,0,-999
08/07/2026 06:36:48,2,110,100,3,0,-999
08/07/2026 06:37:04,2,-999,100,3,1,530
08/07/2026 06:37:20,2,620,100,3,1,530
08/07/2026 06:37:36,2,620,100,3,1,530
08/07/2026 06:37:52,2,620,100,3,1,530
08/07/2026 06:38:08,2,130,100,3,0,-999
08/07/2026 06:38:24,2,130,100,3,0,-999
08/07/2026 06:38:40,2,590,100,3,1,540
08/07/2026 06:38:56,2,590,100,3,1,540
08/07/2026 06:39:12,2,590,100,3,1,540
08/07/2026 06:39:28,2,620,100,3,1,540
08/07/2026 06:39:44,2,620,100,3,1,540
08/07/2026 06:40:00,2,620,100,3,1,520
08/07/2026 06:40:16,2,620,100,3,1,520
08/07/2026 06:40:32,2,620,100,3,1,540
08/07/2026 06:40:48,2,620,100,3,1,540
08/07/2026 06:41:04,2,620,100,3,1,550
08/07/2026 06:41:20,2,620,100,3,1,550
08/07/2026 06:41:36,2,620,100,3,1,550
08/07/2026 06:41:52,2,110,100,3,0,-999
08/07/2026 06:42:08,2,110,100,3,0,-999
08/07/2026 06:42:24,2,110,100,3,0,-999
08/07/2026 06:42:40,2,110,100,3,0,-999
08/07/2026 06:42:56,2,110,100,3,0,-999
08/07/2026 06:43:12,2,110,100,3,0,-999
08/07/2026 06:43:28,2,110,100,3,0,-999
08/07/2026 06:43:44,2,110,100,3,0,-999
08/07/2026 06:44:00,2,110,100,3,0,-999
08/07/2026 06:44:16,2,110,100,3,0,-999
08/07/2026 06:44:32,2,110,100,3,0,-999
08/07/2026 06:44:48,2,110,100,3,0,-999
08/07/2026 06:45:04,2,110,100,3,0,-999
08/07/2026 06:45:20,2,110,100,3,0,-999
08/07/2026 06:45:36,2,100,100,3,0,-999
08/07/2026 06:45:52,2,100,100,3,0,-999
08/07/2026 06:46:08,2,100,100,3,0,-999
08/07/2026 06:46:24,2,100,100,3,0,-999
08/07/2026 06:46:40,2,100,100,3,0,-999
08/07/2026 06:46:56,2,100,100,3,0,-999
08/07/2026 06:47:12,2,490,100,3,0,-999
08/07/2026 06:47:28,2,490,100,3,0,-999
08/07/2026 06:47:44,2,490,100,3,0,-999
08/07/2026 06:48:00,2,490,100,3,0,-999
08/07/2026 06:48:16,2,480,100,3,0,-999
08/07/2026 06:48:32,2,480,100,3,0,-999
08/07/2026 06:48:48,2,480,100,3,0,-999
08/07/2026 06:49:04,2,470,100,3,0,-999
08/07/2026 06:49:20,2,470,100,3,0,-999
08/07/2026 06:49:36,2,470,100,3,0,-999
08/07/2026 06:49:52,2,460,100,3,0,-999
08/07/2026 06:50:08,2,460,100,3,0,-999
08/07/2026 06:50:24,2,460,100,3,0,-999
08/07/2026 06:50:40,2,460,100,3,0,-999
08/07/2026 06:50:56,2,450,100,3,0,-999
08/07/2026 06:51:12,2,450,100,3,0,-999
08/07/2026 06:51:28,2,450,100,3,0,-999
08/07/2026 06:51:44,2,440,100,3,0,-999
08/07/2026 06:52:00,2,430,100,3,0,-999
08/07/2026 06:52:16,2,430,100,3,0,-999
08/07/2026 06:52:32,2,420,100,3,0,-999
08/07/2026 06:52:48,2,420,100,3,0,-999
08/07/2026 06:53:04,2,420,100,3,0,-999
08/07/2026 06:53:20,2,420,100,3,0,-999
08/07/2026 06:53:36,2,420,100,3,0,-999
08/07/2026 06:53:52,2,420,100,3,0,-999
08/07/2026 06:54:08,2,420,100,3,0,-999
08/07/2026 06:54:24,2,420,100,3,0,-999
08/07/2026 06:54:40,2,420,100,3,0,-999
08/07/2026 06:54:56,2,420,100,3,0,-999
08/07/2026 06:55:12,2,420,100,3,0,-999
08/07/2026 06:55:28,2,420,100,3,0,-999
08/07/2026 06:55:44,2,420,100,3,0,-999
08/07/2026 06:56:00,2,410,100,3,0,-999
08/07/2026 06:56:16,2,410,100,3,0,-999
08/07/2026 06:56:32,2,410,100,3,0,-999
08/07/2026 06:56:48,2,410,100,3,0,-999
08/07/2026 06:57:04,2,410,100,3,0,-999
08/07/2026 06:57:20,2,410,100,3,0,-999
08/07/2026 06:57:36,2,410,100,3,0,-999
08/07/2026 06:57:52,2,410,100,3,0,-999
08/07/2026 06:58:08,2,410,100,3,0,-999
08/07/2026 06:58:24,2,410,100,3,0,-999
08/07/2026 06:58:40,2,410,100,3,0,-999
08/07/2026 06:58:56,2,410,100,3,0,-999
08/07/2026 06:59:12,2,410,100,3,0,-999
08/07/2026 06:59:28,2,410,100,3,0,-999
08/07/2026 06:59:44,2,400,100,3,0,-999
08/07/2026 07:00:00,2,390,100,3,0,-999
08/07/2026 07:00:16,2,390,100,3,0,-999
08/07/2026 07:00:32,2,390,100,3,0,-999
08/07/2026 07:00:48,2,380,100,3,0,-999
08/07/2026 07:01:04,2,380,100,3,0,-999
08/07/2026 07:01:20,2,380,100,3,0,-999
08/07/2026 07:01:36,2,380,100,3,0,-999
08/07/2026 07:01:52,2,370,100,3,0,-999
08/07/2026 07:02:08,2,370,100,3,0,-999
08/07/2026 07:02:24,2,370,100,3,0,-999
08/07/2026 07:02:40,2,370,100,3,0,-999
08/07/2026 07:02:56,2,370,100,3,0,-999
08/07/2026 07:03:12,2,360,100,3,0,-999
08/07/2026 07:03:28,2,360,100,3,0,-999
08/07/2026 07:03:44,2,360,100,3,0,-999
08/07/2026 07:04:00,2,360,100,3,0,-999
08/07/2026 07:04:16,2,360,100,3,0,-999
08/07/2026 07:04:32,2,360,100,3,0,-999
08/07/2026 07:04:48,2,360,100,3,0,-999
08/07/2026 07:05:04,2,360,100,3,0,-999
08/07/2026 07:05:20,2,360,100,3,0,-999
08/07/2026 07:05:36,2,360,100,3,0,-999
08/07/2026 07:05:52,2,360,100,3,1,1610
08/07/2026 07:06:08,2,360,100,3,1,1610
08/07/2026 07:06:24,2,360,100,3,0,-999
08/07/2026 07:06:40,2,360,100,3,0,-999
08/07/2026 07:06:56,2,360,100,3,0,-999
08/07/2026 07:07:12,2,360,100,3,0,-999
08/07/2026 07:07:28,2,360,100,3,0,-999
08/07/2026 07:07:44,2,360,100,3,0,-999
08/07/2026 07:08:00,2,360,100,3,0,-999
08/07/2026 07:08:16,2,360,100,3,0,-999
08/07/2026 07:08:32,2,360,100,3,0,-999
08/07/2026 07:08:48,2,360,100,3,0,-999
08/07/2026 07:09:04,2,360,100,3,0,-999
08/07/2026 07:09:20,2,360,100,3,0,-999
08/07/2026 07:09:36,2,360,100,3,0,-999
08/07/2026 07:09:52,2,360,100,3,1,1660
08/07/2026 07:10:08,2,360,100,3,1,1660
08/07/2026 07:10:24,2,360,100,3,1,1660
08/07/2026 07:10:40,2,360,100,3,0,-999
08/07/2026 07:10:56,2,360,100,3,0,-999
08/07/2026 07:11:12,2,360,100,3,1,1680
08/07/2026 07:11:28,2,360,100,3,1,1680
08/07/2026 07:11:44,2,370,100,3,1,1650
08/07/2026 07:12:00,2,370,100,3,1,1650
08/07/2026 07:12:16,2,370,100,3,1,1640
08/07/2026 07:12:32,2,370,100,3,1,1640
08/07/2026 07:12:48,2,370,100,3,1,1640
08/07/2026 07:13:04,2,370,100,3,0,-999
08/07/2026 07:13:20,2,370,100,3,0,-999
08/07/2026 07:13:36,2,370,100,3,0,-999
08/07/2026 07:13:52,2,370,100,3,0,-999
08/07/2026 07:14:08,2,370,100,3,0,-999
08/07/2026 07:14:24,2,370,100,3,0,-999
08/07/2026 07:14:40,2,370,100,3,0,-999
08/07/2026 07:14:56,2,370,100,3,0,-999
08/07/2026 07:15:12,2,370,100,3,0,-999
08/07/2026 07:15:28,2,380,100,3,0,-999
08/07/2026 07:15:44,2,380,100,3,0,-999
08/07/2026 07:16:00,2,380,100,3,0,-999
08/07/2026 07:16:16,2,380,100,3,0,-999
08/07/2026 07:16:32,2,380,100,3,0,-999
08/07/2026 07:16:48,2,390,100,3,0,-999
08/07/2026 07:17:04,2,390,100,3,0,-999
08/07/2026 07:17:20,2,390,100,3,0,-999
08/07/2026 07:17:36,2,400,100,3,0,-999
08/07/2026 07:17:52,2,410,100,3,0,-999
08/07/2026 07:18:08,2,410,100,3,0,-999
08/07/2026 07:18:24,2,430,100,3,0,-999
08/07/2026 07:18:40,2,450,100,3,0,-999
08/07/2026 07:18:56,2,460,100,3,0,-999
08/07/2026 07:19:12,2,470,100,3,0,-999
08/07/2026 07:19:28,2,470,100,3,0,-999
08/07/2026 07:19:44,2,480,100,3,0,-999
08/07/2026 07:20:00,2,480,100,3,0,-999
08/07/2026 07:20:16,2,480,100,3,0,-999
08/07/2026 07:20:32,2,480,100,3,0,-999
08/07/2026 07:20:48,2,490,100,3,0,-999
08/07/2026 07:21:04,2,490,100,3,0,-999
08/07/2026 07:21:20,2,100,100,3,0,-999
08/07/2026 07:21:36,2,100,100,3,0,-999
08/07/2026 07:21:52,2,100,100,3,0,-999
08/07/2026 07:22:08,2,100,100,3,0,-999
08/07/2026 07:22:24,2,100,100,3,0,-999
08/07/2026 07:22:40,2,100,100,3,0,-999
08/07/2026 07:22:56,2,100,100,3,0,-999
08/07/2026 07:23:12,2,100,100,3,0,-999
08/07/2026 07:23:28,2,100,100,3,0,-999
08/07/2026 07:23:44,2,100,100,3,0,-999
08/07/2026 07:24:00,2,100,100,3,0,-999
08/07/2026 07:24:16,2,100,100,3,0,-999
08/07/2026 07:24:32,2,100,100,3,0,-999
08/07/2026 07:24:48,2,100,100,3,0,-999
08/07/2026 07:25:04,2,100,100,3,0,-999
08/07/2026 07:25:20,2,100,100,3,0,-999
08/07/2026 07:25:36,2,100,100,3,0,-999
08/07/2026 07:25:52,2,100,100,3,0,-999
08/07/2026 07:26:08,2,100,100,3,0,-999
08/07/2026 07:26:24,2,100,100,3,0,-999
08/07/2026 07:26:40,2,100,100,3,0,-999
08/07/2026 07:26:56,2,100,100,3,0,-999
08/07/2026 07:27:12,2,100,100,3,0,-999
08/07/2026 07:27:28,2,530,100,3,1,1590
08/07/2026 07:27:44,2,530,100,3,1,1590
08/07/2026 07:28:00,2,530,100,3,1,1650
08/07/2026 07:28:16,2,530,100,3,1,1650
08/07/2026 07:28:32,2,530,100,3,1,1670
08/07/2026 07:28:48,2,530,100,3,1,1670
08/07/2026 07:29:04,2,530,100,3,1,1620
08/07/2026 07:29:20,2,530,100,3,1,1620
08/07/2026 07:29:36,2,530,100,3,1,1620
08/07/2026 07:29:52,2,530,100,3,1,1610
08/07/2026 07:30:08,2,530,100,3,1,1610
08/07/2026 07:30:24,2,530,100,3,1,1560
08/07/2026 07:30:40,2,530,100,3,1,1560
08/07/2026 07:30:56,2,520,100,3,1,1550
08/07/2026 07:31:12,2,520,100,3,1,1550
08/07/2026 07:31:28,2,520,100,3,1,1540
08/07/2026 07:31:44,2,520,100,3,1,1540
08/07/2026 07:32:00,2,520,100,3,1,1540
08/07/2026 07:32:16,2,520,100,3,1,1520
08/07/2026 07:32:32,2,520,100,3,1,1520
08/07/2026 07:32:48,2,520,100,3,1,1510
08/07/2026 07:33:04,2,520,100,3,1,1510
08/07/2026 07:33:20,2,510,100,3,1,1550
08/07/2026 07:33:36,2,510,100,3,1,1550
08/07/2026 07:33:52,2,510,100,3,1,1500
08/07/2026 07:34:08,2,510,100,3,1,1500
08/07/2026 07:34:24,2,510,100,3,1,1500
08/07/2026 07:34:40,2,500,100,3,1,1440
08/07/2026 07:34:56,2,500,100,3,1,1440
08/07/2026 07:35:12,2,500,100,3,1,1350
08/07/2026 07:35:28,2,500,100,3,1,1350
08/07/2026 07:35:44,2,490,100,3,1,1350
08/07/2026 07:36:00,2,490,100,3,1,1350
08/07/2026 07:36:16,2,490,100,3,1,1320
08/07/2026 07:36:32,2,480,100,3,1,1320
08/07/2026 07:36:48,2,480,100,3,1,1320
08/07/2026 07:37:04,2,470,100,3,1,1320
08/07/2026 07:37:20,2,470,100,3,1,1320
08/07/2026 07:37:36,2,470,100,3,1,1360
08/07/2026 07:37:52,2,470,100,3,1,1360
08/07/2026 07:38:08,2,460,100,3,1,1350
08/07/2026 07:38:24,2,450,100,3,1,1350
08/07/2026 07:38:40,2,440,100,3,1,1300
08/07/2026 07:38:56,2,430,100,3,1,1300
08/07/2026 07:39:12,2,420,100,3,1,1300
08/07/2026 07:39:28,2,420,100,3,1,1260
08/07/2026 07:39:44,2,420,100,3,1,1260
08/07/2026 07:40:00,2,410,100,3,1,1220
08/07/2026 07:40:16,2,410,100,3,1,1220
08/07/2026 07:40:32,2,410,100,3,1,1140
08/07/2026 07:40:48,2,410,100,3,1,1140
08/07/2026 07:41:04,2,-999,100,3,2,1130
08/07/2026 07:41:20,2,-999,100,3,2,1130
08/07/2026 07:41:36,2,-999,100,3,2,1130
08/07/2026 07:41:52,2,410,100,3,1,1120
08/07/2026 07:42:08,2,410,100,3,1,1120
08/07/2026 07:42:24,2,410,100,3,2,1070
08/07/2026 07:42:40,2,410,100,3,2,1070
08/07/2026 07:42:56,2,410,100,3,1,1030
08/07/2026 07:43:12,2,-999,100,3,1,1030
08/07/2026 07:43:28,2,-999,100,3,1,870
08/07/2026 07:43:44,2,-999,100,3,1,870
08/07/2026 07:44:00,2,-999,100,3,1,870
08/07/2026 07:44:16,2,-999,100,3,1,880
08/07/2026 07:44:32,2,-999,100,3,1,880
08/07/2026 07:44:48,2,-999,100,3,1,970
08/07/2026 07:45:04,2,-999,100,3,1,970
08/07/2026 07:45:20,2,-999,100,3,1,960
08/07/2026 07:45:36,2,-999,100,3,1,960
08/07/2026 07:45:52,2,-999,100,3,1,1040
08/07/2026 07:46:08,2,-999,100,3,1,1040
08/07/2026 07:46:24,2,-999,100,3,1,1040
08/07/2026 07:46:40,2,-999,100,3,2,920
08/07/2026 07:46:56,2,-999,100,3,2,920
08/07/2026 07:47:12,2,-999,100,3,1,930
08/07/2026 07:47:28,2,-999,100,3,1,930
08/07/2026 07:47:44,2,-999,100,3,1,900
08/07/2026 07:48:00,2,-999,100,3,1,900
08/07/2026 07:48:16,2,-999,100,3,2,910
08/07/2026 07:48:32,2,-999,100,3,2,910
08/07/2026 07:48:48,2,1060,100,3,2,910
08/07/2026 07:49:04,2,1030,100,3,2,880
08/07/2026 07:49:20,2,1030,100,3,2,880
08/07/2026 07:49:36,2,1030,100,3,1,920
08/07/2026 07:49:52,2,1030,100,3,1,920
08/07/2026 07:50:08,2,320,100,3,1,1070
08/07/2026 07:50:24,2,320,100,3,1,1070
08/07/2026 07:50:40,2,350,100,3,2,1090
08/07/2026 07:50:56,2,350,100,3,2,1090
08/07/2026 07:51:12,2,350,100,3,2,1090
08/07/2026 07:51:28,2,350,100,3,2,1090
08/07/2026 07:51:44,2,350,100,3,2,1090
08/07/2026 07:52:00,2,350,100,3,2,1120
08/07/2026 07:52:16,2,350,100,3,2,1120
08/07/2026 07:52:32,2,360,100,3,2,1150
08/07/2026 07:52:48,2,360,100,3,2,1150
08/07/2026 07:53:04,2,360,100,3,1,1250
08/07/2026 07:53:20,2,360,100,3,1,1250
08/07/2026 07:53:36,2,360,100,3,1,1250
08/07/2026 07:53:52,2,360,100,3,1,1300
08/07/2026 07:54:08,2,360,100,3,1,1300
08/07/2026 07:54:24,2,370,100,3,1,1340
08/07/2026 07:54:40,2,370,100,3,1,1340
08/07/2026 07:54:56,2,370,100,3,1,1360
08/07/2026 07:55:12,2,370,100,3,1,1360
08/07/2026 07:55:28,2,370,100,3,1,1400
08/07/2026 07:55:44,2,370,100,3,1,1400
08/07/2026 07:56:00,2,370,100,3,1,1400
08/07/2026 07:56:16,2,370,100,3,1,1300
08/07/2026 07:56:32,2,450,100,3,1,1300
08/07/2026 07:56:48,2,470,100,3,1,1340
08/07/2026 07:57:04,2,470,100,3,1,1340
08/07/2026 07:57:20,2,470,100,3,1,1300
08/07/2026 07:57:36,2,470,100,3,1,1300
08/07/2026 07:57:52,2,470,100,3,1,1300
08/07/2026 07:58:08,2,470,100,3,1,1300
08/07/2026 07:58:24,2,470,100,3,1,1300
08/07/2026 07:58:40,2,470,100,3,1,1250
08/07/2026 07:58:56,2,470,100,3,1,1250
08/07/2026 07:59:12,2,460,100,3,1,1220
08/07/2026 07:59:28,2,460,100,3,1,1220
08/07/2026 07:59:44,2,450,100,3,1,1230
08/07/2026 08:00:00,2,450,380,3,1,1230
08/07/2026 08:00:16,2,440,380,3,1,1250
08/07/2026 08:00:32,2,440,380,3,1,1250
08/07/2026 08:00:48,2,440,380,3,1,1250
08/07/2026 08:01:04,2,430,380,3,1,1230
08/07/2026 08:01:20,2,420,380,3,1,1230
08/07/2026 08:01:36,2,410,380,3,1,1190
08/07/2026 08:01:52,2,410,380,3,1,1190
08/07/2026 08:02:08,2,410,380,3,1,1120
08/07/2026 08:02:24,2,360,380,3,1,1120
08/07/2026 08:02:40,2,360,380,3,2,630
08/07/2026 08:02:56,2,360,380,3,2,630
08/07/2026 08:03:12,2,1330,380,3,2,630
08/07/2026 08:03:28,2,1330,380,3,3,640
08/07/2026 08:03:44,2,-999,380,3,3,640
08/07/2026 08:04:00,2,-999,380,3,1,570
08/07/2026 08:04:16,2,-999,380,3,1,570
08/07/2026 08:04:32,2,-999,380,3,3,630
08/07/2026 08:04:48,2,-999,380,3,3,630
08/07/2026 08:05:04,2,-999,380,3,2,1070
08/07/2026 08:05:20,2,-999,380,3,2,1070
08/07/2026 08:05:36,2,-999,380,3,2,1070
08/07/2026 08:05:52,2,-999,380,3,1,1180
08/07/2026 08:06:08,2,-999,380,3,1,1180
08/07/2026 08:06:24,2,-999,380,3,1,1170
08/07/2026 08:06:40,2,-999,380,3,1,1170
08/07/2026 08:06:56,2,-999,380,3,1,1130
08/07/2026 08:07:12,2,-999,380,3,1,1130
08/07/2026 08:07:28,2,-999,380,3,1,1190
08/07/2026 08:07:44,2,-999,380,3,1,1190
08/07/2026 08:08:00,2,-999,380,3,1,1190
08/07/2026 08:08:16,2,-999,380,3,1,1140
08/07/2026 08:08:32,2,-999,380,3,1,1140
08/07/2026 08:08:48,2,-999,380,3,1,1160
08/07/2026 08:09:04,2,-999,380,3,1,1160
08/07/2026 08:09:20,2,-999,380,3,2,1080
08/07/2026 08:09:36,2,1280,380,3,2,1080
08/07/2026 08:09:52,2,1280,380,3,2,1010
08/07/2026 08:10:08,2,1280,380,3,2,1010
08/07/2026 08:10:24,2,1280,380,3,2,1010
08/07/2026 08:10:40,2,1280,380,3,2,980
08/07/2026 08:10:56,2,320,380,3,2,980
08/07/2026 08:11:12,2,320,380,3,2,1010
08/07/2026 08:11:28,2,320,380,3,2,1010
08/07/2026 08:11:44,2,320,380,3,1,1020
08/07/2026 08:12:00,2,320,380,3,1,1020
08/07/2026 08:12:16,2,320,380,3,1,1120
08/07/2026 08:12:32,2,320,380,3,1,1120
08/07/2026 08:12:48,2,320,380,3,1,1120
08/07/2026 08:13:04,2,240,380,3,1,1180
08/07/2026 08:13:20,2,240,380,3,1,1180
08/07/2026 08:13:36,2,240,380,3,1,1040
08/07/2026 08:13:52,2,240,380,3,1,1040
08/07/2026 08:14:08,2,240,380,3,1,1170
08/07/2026 08:14:24,2,240,380,3,1,1170
08/07/2026 08:14:40,2,240,380,3,2,1230
08/07/2026 08:14:56,2,240,380,3,2,1230
08/07/2026 08:15:12,2,240,380,3,2,1230
08/07/2026 08:15:28,2,240,380,3,1,1520
08/07/2026 08:15:44,2,240,380,3,1,1520
08/07/2026 08:16:00,2,240,380,3,1,1530
08/07/2026 08:16:16,2,290,380,3,1,1530
08/07/2026 08:16:32,2,290,380,3,1,1480
08/07/2026 08:16:48,2,290,380,3,1,1480
08/07/2026 08:17:04,2,300,380,3,2,1030
08/07/2026 08:17:20,2,300,380,3,2,1030
08/07/2026 08:17:36,2,350,380,3,2,1030
08/07/2026 08:17:52,2,360,380,3,1,1020
08/07/2026 08:18:08,2,360,380,3,1,1020
08/07/2026 08:18:24,2,370,380,3,2,1090
08/07/2026 08:18:40,2,370,380,3,2,1090
08/07/2026 08:18:56,2,370,380,3,2,1120
08/07/2026 08:19:12,2,370,380,3,2,1120
08/07/2026 08:19:28,2,370,380,3,2,1120
08/07/2026 08:19:44,2,370,380,3,2,1120
08/07/2026 08:20:00,2,370,380,3,2,1120
08/07/2026 08:20:16,2,370,380,3,1,1490
08/07/2026 08:20:32,2,370,380,3,1,1490
08/07/2026 08:20:48,2,370,380,3,2,1320
08/07/2026 08:21:04,2,370,380,3,2,1320
08/07/2026 08:21:20,2,370,380,3,1,1530
08/07/2026 08:21:36,2,370,380,3,1,1530
08/07/2026 08:21:52,2,370,380,3,1,1540
08/07/2026 08:22:08,2,370,380,3,1,1540
08/07/2026 08:22:24,2,370,380,3,1,1540
08/07/2026 08:22:40,2,370,380,3,1,1550
08/07/2026 08:22:56,2,370,380,3,1,1550
08/07/2026 08:23:12,2,370,380,3,2,1310
08/07/2026 08:23:28,2,370,380,3,2,1310
08/07/2026 08:23:44,2,360,380,3,1,1640
08/07/2026 08:24:00,2,360,380,3,1,1640
08/07/2026 08:24:16,2,360,380,3,1,1650
08/07/2026 08:24:32,2,360,380,3,1,1650
08/07/2026 08:24:48,2,350,380,3,1,1650
08/07/2026 08:25:04,2,350,380,3,1,1680
08/07/2026 08:25:20,2,350,380,3,1,1680
08/07/2026 08:25:36,2,350,380,3,2,1180
08/07/2026 08:25:52,2,350,380,3,2,1180
08/07/2026 08:26:08,2,350,380,3,1,1680
08/07/2026 08:26:24,2,350,380,3,1,1680
08/07/2026 08:26:40,2,350,380,3,1,1680
08/07/2026 08:26:56,2,350,380,3,1,1680
08/07/2026 08:27:12,2,350,380,3,1,1680
08/07/2026 08:27:28,2,350,380,3,1,1690
08/07/2026 08:27:44,2,350,380,3,1,1690
08/07/2026 08:28:00,2,340,380,3,1,1830
08/07/2026 08:28:16,2,340,380,3,1,1830
08/07/2026 08:28:32,2,340,380,3,1,1750
08/07/2026 08:28:48,2,340,380,3,1,1750
08/07/2026 08:29:04,2,340,380,3,1,1690
08/07/2026 08:29:20,2,340,380,3,1,1690
08/07/2026 08:29:36,2,340,380,3,1,1690
08/07/2026 08:29:52,2,340,380,3,1,1690
08/07/2026 08:30:08,2,340,380,3,1,1690
08/07/2026 08:30:24,2,340,380,3,1,1580
08/07/2026 08:30:40,2,340,380,3,1,1580
08/07/2026 08:30:56,2,340,380,3,1,1630
08/07/2026 08:31:12,2,340,380,3,1,1630
08/07/2026 08:31:28,2,340,380,3,1,1550
08/07/2026 08:31:44,2,340,380,3,1,1550
08/07/2026 08:32:00,2,340,380,3,1,1550
08/07/2026 08:32:16,2,340,380,3,1,1510
08/07/2026 08:32:32,2,340,380,3,1,1510
08/07/2026 08:32:48,2,340,380,3,1,1510
08/07/2026 08:33:04,2,340,380,3,1,1510
08/07/2026 08:33:20,2,340,380,3,1,1360
08/07/2026 08:33:36,2,340,380,3,1,1360
08/07/2026 08:33:52,2,340,380,3,2,1350
08/07/2026 08:34:08,2,340,380,3,2,1350
08/07/2026 08:34:24,2,340,380,3,2,1350
08/07/2026 08:34:40,2,330,380,3,1,1550
08/07/2026 08:34:56,2,330,380,3,1,1550
08/07/2026 08:35:12,2,330,380,3,3,940
08/07/2026 08:35:28,2,330,380,3,3,940
08/07/2026 08:35:44,2,330,380,3,2,1330
08/07/2026 08:36:00,2,330,380,3,2,1330
08/07/2026 08:36:16,2,330,380,3,1,1450
08/07/2026 08:36:32,2,330,380,3,1,1450
08/07/2026 08:36:48,2,330,380,3,1,1450
08/07/2026 08:37:04,2,320,380,3,2,1270
08/07/2026 08:37:20,2,320,380,3,2,1270
08/07/2026 08:37:36,2,320,380,3,1,1250
08/07/2026 08:37:52,2,320,380,3,1,1250
08/07/2026 08:38:08,2,320,380,3,2,1140
08/07/2026 08:38:24,2,320,380,3,2,1140
08/07/2026 08:38:40,2,320,380,3,1,1120
08/07/2026 08:38:56,2,320,380,3,1,1120
08/07/2026 08:39:12,2,320,380,3,1,1120
08/07/2026 08:39:28,2,320,380,3,2,1060
08/07/2026 08:39:44,2,320,380,3,2,1060
08/07/2026 08:40:00,2,320,380,3,2,1070
08/07/2026 08:40:16,2,320,380,3,2,1070
08/07/2026 08:40:32,2,320,380,3,1,1030
08/07/2026 08:40:48,2,320,380,3,1,1030
08/07/2026 08:41:04,2,320,380,3,1,1100
08/07/2026 08:41:20,2,320,380,3,1,1100
08/07/2026 08:41:36,2,320,380,3,1,1100
08/07/2026 08:41:52,2,320,380,3,1,1030
08/07/2026 08:42:08,2,320,380,3,1,1030
08/07/2026 08:42:24,2,320,380,3,1,1050
08/07/2026 08:42:40,2,320,380,3,1,1050
08/07/2026 08:42:56,2,320,380,3,1,1070
08/07/2026 08:43:12,2,320,380,3,1,1070
08/07/2026 08:43:28,2,320,380,3,1,1050
08/07/2026 08:43:44,2,320,380,3,1,1050
08/07/2026 08:44:00,2,320,380,3,1,1050
08/07/2026 08:44:16,2,320,380,3,1,1040
08/07/2026 08:44:32,2,310,380,3,1,1040
08/07/2026 08:44:48,2,310,380,3,1,1040
08/07/2026 08:45:04,2,310,380,3,1,1040
08/07/2026 08:45:20,2,310,380,3,1,1010
08/07/2026 08:45:36,2,310,380,3,1,1010
08/07/2026 08:45:52,2,310,380,3,1,1000
08/07/2026 08:46:08,2,310,380,3,1,1000
08/07/2026 08:46:24,2,310,380,3,1,1000
08/07/2026 08:46:40,2,310,380,3,1,1020
08/07/2026 08:46:56,2,320,380,3,1,1020
08/07/2026 08:47:12,2,320,380,3,1,990
08/07/2026 08:47:28,2,320,380,3,1,990
08/07/2026 08:47:44,2,320,380,3,1,990
08/07/2026 08:48:00,2,320,380,3,1,990
08/07/2026 08:48:16,2,320,380,3,1,960
08/07/2026 08:48:32,2,320,380,3,1,960
08/07/2026 08:48:48,2,320,380,3,1,960
08/07/2026 08:49:04,2,320,380,3,1,930
08/07/2026 08:49:20,2,320,380,3,1,930
08/07/2026 08:49:36,2,320,380,3,1,840
08/07/2026 08:49:52,2,320,380,3,1,840
08/07/2026 08:50:08,2,320,380,3,1,920
08/07/2026 08:50:24,2,320,380,3,1,920
08/07/2026 08:50:40,2,330,380,3,1,940
08/07/2026 08:50:56,2,330,380,3,1,940
08/07/2026 08:51:12,2,1080,380,3,1,940
08/07/2026 08:51:28,2,1040,380,3,2,1060
08/07/2026 08:51:44,2,1040,380,3,2,1060
08/07/2026 08:52:00,2,1040,380,3,2,610
08/07/2026 08:52:16,2,1040,380,3,2,610
08/07/2026 08:52:32,2,-999,380,3,3,650
08/07/2026 08:52:48,2,-999,380,3,3,650
08/07/2026 08:53:04,2,-999,380,3,2,930
08/07/2026 08:53:20,2,-999,380,3,2,930
08/07/2026 08:53:36,2,-999,380,3,2,930
08/07/2026 08:53:52,2,-999,380,3,1,780
08/07/2026 08:54:08,2,800,380,3,1,780
08/07/2026 08:54:24,2,800,380,3,2,1020
08/07/2026 08:54:40,2,-999,380,3,2,1020
08/07/2026 08:54:56,2,-999,380,3,2,1030
08/07/2026 08:55:12,2,-999,380,3,2,1030
08/07/2026 08:55:28,2,120,380,3,2,1040
08/07/2026 08:55:44,2,120,380,3,2,1040
08/07/2026 08:56:00,2,1140,380,3,2,1040
08/07/2026 08:56:16,2,130,380,3,1,1120
08/07/2026 08:56:32,2,130,380,3,1,1120
08/07/2026 08:56:48,2,130,380,3,1,1260
08/07/2026 08:57:04,2,130,380,3,1,1260
08/07/2026 08:57:20,2,130,380,3,1,1350
08/07/2026 08:57:36,2,130,380,3,1,1350
08/07/2026 08:57:52,2,130,380,3,2,1190
08/07/2026 08:58:08,2,130,380,3,2,1190
08/07/2026 08:58:24,2,120,380,3,2,1190
08/07/2026 08:58:40,2,120,380,3,1,1210
08/07/2026 08:58:56,2,120,380,3,1,1210
08/07/2026 08:59:12,2,120,380,3,1,1220
08/07/2026 08:59:28,2,120,380,3,1,1220
08/07/2026 08:59:44,2,120,380,3,1,1290
08/07/2026 09:00:00,2,120,330,3,1,1290
08/07/2026 09:00:16,2,120,330,3,1,1340
08/07/2026 09:00:32,2,120,330,3,1,1340
08/07/2026 09:00:48,2,120,330,3,1,1340
08/07/2026 09:01:04,2,120,330,3,1,1380
08/07/2026 09:01:20,2,120,330,3,1,1380
08/07/2026 09:01:36,2,120,330,3,2,1380
08/07/2026 09:01:52,2,120,330,3,2,1380
08/07/2026 09:02:08,2,120,330,3,1,1900
08/07/2026 09:02:24,2,120,330,3,1,1900
08/07/2026 09:02:40,2,120,330,3,1,1850
08/07/2026 09:02:56,2,120,330,3,1,1850
08/07/2026 09:03:12,2,120,330,3,1,1850
08/07/2026 09:03:28,2,120,330,3,1,1810
08/07/2026 09:03:44,2,120,330,3,1,1810
08/07/2026 09:04:00,2,120,330,3,1,1750
08/07/2026 09:04:16,2,120,330,3,1,1750
08/07/2026 09:04:32,2,120,330,3,1,1700
08/07/2026 09:04:48,2,120,330,3,1,1700
08/07/2026 09:05:04,2,120,330,3,1,1640
08/07/2026 09:05:20,2,120,330,3,1,1640
08/07/2026 09:05:36,2,120,330,3,1,1640
08/07/2026 09:05:52,2,120,330,3,1,1620
08/07/2026 09:06:08,2,120,330,3,1,1620
08/07/2026 09:06:24,2,120,330,3,1,1660
08/07/2026 09:06:40,2,120,330,3,1,1660
08/07/2026 09:06:56,2,120,330,3,1,1650
08/07/2026 09:07:12,2,120,330,3,1,1650
08/07/2026 09:07:28,2,120,330,3,1,1690
08/07/2026 09:07:44,2,120,330,3,1,1690
08/07/2026 09:08:00,2,120,330,3,1,1690
08/07/2026 09:08:16,2,120,330,3,1,1660
08/07/2026 09:08:32,2,120,330,3,1,1660
08/07/2026 09:08:48,2,120,330,3,1,1640
08/07/2026 09:09:04,2,120,330,3,1,1640
08/07/2026 09:09:20,2,120,330,3,1,1690
08/07/2026 09:09:36,2,120,330,3,1,1690
08/07/2026 09:09:52,2,120,330,3,1,1740
08/07/2026 09:10:08,2,120,330,3,1,1740
08/07/2026 09:10:24,2,120,330,3,1,1740
08/07/2026 09:10:40,2,110,330,3,1,1780
08/07/2026 09:10:56,2,110,330,3,1,1780
08/07/2026 09:11:12,2,110,330,3,1,1780
08/07/2026 09:11:28,2,110,330,3,1,1780
08/07/2026 09:11:44,2,100,330,3,1,1810
08/07/2026 09:12:00,2,100,330,3,1,1810
08/07/2026 09:12:16,2,1030,330,3,1,1870
08/07/2026 09:12:32,2,1030,330,3,1,1870
08/07/2026 09:12:48,2,1020,330,3,1,1870
08/07/2026 09:13:04,2,1020,330,3,2,1110
08/07/2026 09:13:20,2,1020,330,3,2,1110
08/07/2026 09:13:36,2,1030,330,3,2,1100
08/07/2026 09:13:52,2,1030,330,3,2,1100
08/07/2026 09:14:08,2,1030,330,3,1,1040
08/07/2026 09:14:24,2,-999,330,3,1,1040
08/07/2026 09:14:40,2,-999,330,3,2,980
08/07/2026 09:14:56,2,-999,330,3,2,980
08/07/2026 09:15:12,2,120,330,3,2,980
08/07/2026 09:15:28,2,120,330,3,2,960
08/07/2026 09:15:44,2,120,330,3,2,960
08/07/2026 09:16:00,2,120,330,3,1,970
08/07/2026 09:16:16,2,120,330,3,1,970
08/07/2026 09:16:32,2,120,330,3,2,940
08/07/2026 09:16:48,2,120,330,3,2,940
08/07/2026 09:17:04,2,120,330,3,2,1040
08/07/2026 09:17:20,2,120,330,3,2,1040
08/07/2026 09:17:36,2,120,330,3,2,1040
08/07/2026 09:17:52,2,120,330,3,2,980
08/07/2026 09:18:08,2,120,330,3,2,980
08/07/2026 09:18:24,2,130,330,3,2,920
08/07/2026 09:18:40,2,130,330,3,2,920
08/07/2026 09:18:56,2,130,330,3,2,1120
08/07/2026 09:19:12,2,130,330,3,2,1120
08/07/2026 09:19:28,2,130,330,3,1,1070
08/07/2026 09:19:44,2,130,330,3,1,1070
08/07/2026 09:20:00,2,140,330,3,1,1070
08/07/2026 09:20:16,2,140,330,3,1,980
08/07/2026 09:20:32,2,140,330,3,1,980
08/07/2026 09:20:48,2,140,330,3,1,1040
08/07/2026 09:21:04,2,140,330,3,1,1040
08/07/2026 09:21:20,2,140,330,3,1,1080
08/07/2026 09:21:36,2,140,330,3,1,1080
08/07/2026 09:21:52,2,140,330,3,2,900
08/07/2026 09:22:08,2,140,330,3,2,900
08/07/2026 09:22:24,2,140,330,3,2,900
08/07/2026 09:22:40,2,140,330,3,1,900
08/07/2026 09:22:56,2,140,330,3,1,900
08/07/2026 09:23:12,2,140,330,3,1,1010
08/07/2026 09:23:28,2,140,330,3,1,1010
08/07/2026 09:23:44,2,140,330,3,1,1050
08/07/2026 09:24:00,2,140,330,3,1,1050
08/07/2026 09:24:16,2,140,330,3,1,910
08/07/2026 09:24:32,2,140,330,3,1,910
08/07/2026 09:24:48,2,140,330,3,1,910
08/07/2026 09:25:04,2,140,330,3,1,970
08/07/2026 09:25:20,2,140,330,3,1,970
08/07/2026 09:25:36,2,140,330,3,2,910
08/07/2026 09:25:52,2,160,330,3,2,910
08/07/2026 09:26:08,2,160,330,3,1,910
08/07/2026 09:26:24,2,160,330,3,1,910
08/07/2026 09:26:40,2,160,330,3,1,970
08/07/2026 09:26:56,2,160,330,3,1,970
08/07/2026 09:27:12,2,160,330,3,1,970
08/07/2026 09:27:28,2,160,330,3,1,1080
08/07/2026 09:27:44,2,160,330,3,1,1080
08/07/2026 09:28:00,2,160,330,3,1,1110
08/07/2026 09:28:16,2,150,330,3,1,1110
08/07/2026 09:28:32,2,150,330,3,1,1200
08/07/2026 09:28:48,2,150,330,3,1,1200
08/07/2026 09:29:04,2,150,330,3,1,1240
08/07/2026 09:29:20,2,150,330,3,1,1240
08/07/2026 09:29:36,2,150,330,3,1,1240
08/07/2026 09:29:52,2,150,330,3,1,1210
08/07/2026 09:30:08,2,150,330,3,1,1210
08/07/2026 09:30:24,2,150,330,3,1,1300
08/07/2026 09:30:40,2,150,330,3,1,1300
08/07/2026 09:30:56,2,150,330,3,1,1270
08/07/2026 09:31:12,2,150,330,3,1,1270
08/07/2026 09:31:28,2,150,330,3,1,1250
08/07/2026 09:31:44,2,150,330,3,1,1250
08/07/2026 09:32:00,2,150,330,3,1,1250
08/07/2026 09:32:16,2,150,330,3,1,1240
08/07/2026 09:32:32,2,150,330,3,1,1240
08/07/2026 09:32:48,2,140,330,3,1,1270
08/07/2026 09:33:04,2,140,330,3,1,1270
08/07/2026 09:33:20,2,140,330,3,1,1240
08/07/2026 09:33:36,2,140,330,3,1,1240
08/07/2026 09:33:52,2,140,330,3,1,1240
08/07/2026 09:34:08,2,140,330,3,1,1240
08/07/2026 09:34:24,2,140,330,3,1,1240
08/07/2026 09:34:40,2,140,330,3,1,1270
08/07/2026 09:34:56,2,140,330,3,1,1270
08/07/2026 09:35:12,2,140,330,3,0,-999
08/07/2026 09:35:28,2,140,330,3,0,-999
08/07/2026 09:35:44,2,140,330,3,1,1290
08/07/2026 09:36:00,2,140,330,3,1,1290
08/07/2026 09:36:16,2,140,330,3,1,1250
08/07/2026 09:36:32,2,150,330,3,1,1250
08/07/2026 09:36:48,2,150,330,3,1,1250
08/07/2026 09:37:04,2,150,330,3,0,-999
08/07/2026 09:37:20,2,150,330,3,0,-999
08/07/2026 09:37:36,2,150,330,3,1,1370
08/07/2026 09:37:52,2,150,330,3,1,1370
08/07/2026 09:38:08,2,150,330,3,1,1380
08/07/2026 09:38:24,2,150,330,3,1,1380
08/07/2026 09:38:40,2,150,330,3,1,1450
08/07/2026 09:38:56,2,150,330,3,1,1450
08/07/2026 09:39:12,2,150,330,3,1,1450
08/07/2026 09:39:28,2,150,330,3,1,1390
08/07/2026 09:39:44,2,150,330,3,1,1390
08/07/2026 09:40:00,2,150,330,3,1,1410
08/07/2026 09:40:16,2,140,330,3,1,1410
08/07/2026 09:40:32,2,140,330,3,1,1500
08/07/2026 09:40:48,2,140,330,3,1,1500
08/07/2026 09:41:04,2,140,330,3,1,1500
08/07/2026 09:41:20,2,140,330,3,1,1500
08/07/2026 09:41:36,2,140,330,3,1,1500
08/07/2026 09:41:52,2,140,330,3,1,1360
08/07/2026 09:42:08,2,140,330,3,1,1360
08/07/2026 09:42:24,2,140,330,3,1,1370
08/07/2026 09:42:40,2,140,330,3,1,1370
08/07/2026 09:42:56,2,140,330,3,1,1520
08/07/2026 09:43:12,2,140,330,3,1,1520
08/07/2026 09:43:28,2,140,330,3,1,1440
08/07/2026 09:43:44,2,140,330,3,1,1440
08/07/2026 09:44:00,2,140,330,3,1,1440
08/07/2026 09:44:16,2,140,330,3,1,1460
08/07/2026 09:44:32,2,140,330,3,1,1460
08/07/2026 09:44:48,2,140,330,3,2,1080
08/07/2026 09:45:04,2,140,330,3,2,1080
08/07/2026 09:45:20,2,130,330,3,1,1100
08/07/2026 09:45:36,2,130,330,3,1,1100
08/07/2026 09:45:52,2,130,330,3,1,1150
08/07/2026 09:46:08,2,130,330,3,1,1150
08/07/2026 09:46:24,2,130,330,3,1,1150
08/07/2026 09:46:40,2,130,330,3,1,1180
08/07/2026 09:46:56,2,130,330,3,1,1180
08/07/2026 09:47:12,2,130,330,3,0,-999
08/07/2026 09:47:28,2,130,330,3,0,-999
08/07/2026 09:47:44,2,130,330,3,0,-999
08/07/2026 09:48:00,2,130,330,3,0,-999
08/07/2026 09:48:16,2,130,330,3,1,1000
08/07/2026 09:48:32,2,130,330,3,1,1000
08/07/2026 09:48:48,2,130,330,3,1,1000
08/07/2026 09:49:04,2,130,330,3,1,1030
08/07/2026 09:49:20,2,130,330,3,1,1030
08/07/2026 09:49:36,2,130,330,3,1,1070
08/07/2026 09:49:52,2,130,330,3,1,1070
08/07/2026 09:50:08,2,130,330,3,1,1040
08/07/2026 09:50:24,2,130,330,3,1,1040
08/07/2026 09:50:40,2,130,330,3,1,990
08/07/2026 09:50:56,2,130,330,3,1,990
08/07/2026 09:51:12,2,130,330,3,1,990
08/07/2026 09:51:28,2,130,330,3,1,1000
08/07/2026 09:51:44,2,130,330,3,1,1000
08/07/2026 09:52:00,2,130,330,3,1,990
08/07/2026 09:52:16,2,140,330,3,1,990
08/07/2026 09:52:32,2,140,330,3,1,980
08/07/2026 09:52:48,2,140,330,3,1,980
08/07/2026 09:53:04,2,150,330,3,1,990
08/07/2026 09:53:20,2,160,330,3,1,990
08/07/2026 09:53:36,2,160,330,3,1,990
08/07/2026 09:53:52,2,170,330,3,1,970
08/07/2026 09:54:08,2,170,330,3,1,970
08/07/2026 09:54:24,2,170,330,3,1,870
08/07/2026 09:54:40,2,170,330,3,1,870
08/07/2026 09:54:56,2,170,330,3,1,1010
08/07/2026 09:55:12,2,170,330,3,1,1010
08/07/2026 09:55:28,2,180,330,3,1,830
08/07/2026 09:55:44,2,180,330,3,1,830
08/07/2026 09:56:00,2,180,330,3,1,830
08/07/2026 09:56:16,2,180,330,3,0,-999
08/07/2026 09:56:32,2,180,330,3,0,-999
08/07/2026 09:56:48,2,180,330,3,0,-999
08/07/2026 09:57:04,2,180,330,3,0,-999
08/07/2026 09:57:20,2,180,330,3,0,-999
08/07/2026 09:57:36,2,180,330,3,0,-999
08/07/2026 09:57:52,2,210,330,3,0,-999
08/07/2026 09:58:08,2,90,330,3,0,-999
08/07/2026 09:58:24,2,210,330,3,0,-999
08/07/2026 09:58:40,2,1220,330,3,0,-999
08/07/2026 09:58:56,2,1170,330,3,0,-999
08/07/2026 09:59:12,2,1120,330,3,1,840
08/07/2026 09:59:28,2,1120,330,3,1,840
08/07/2026 09:59:44,2,1120,330,3,1,850
