# Time, Layer_QualityIndex,bl_height,Mean_Layer_Height,n_BL,cloud_stat,cloud_dat
14/01/2026 11:00:00,1,1580,1590,3,1,1470
14/01/2026 11:00:16,1,1580,1590,3,1,1460
14/01/2026 11:00:32,1,1580,1590,3,1,1460
14/01/2026 11:00:48,1,1580,1590,3,1,1500
14/01/2026 11:01:04,1,1580,1590,3,1,1500
14/01/2026 11:01:20,1,1580,1590,3,1,1500
14/01/2026 11:01:36,1,1590,1590,3,1,1530
14/01/2026 11:01:52,1,1590,1590,3,1,1530
14/01/2026 11:02:08,1,1590,1590,3,1,1550
14/01/2026 11:02:24,1,1590,1590,3,1,1550
14/01/2026 11:02:40,1,1630,1590,3,1,1570
14/01/2026 11:02:56,1,1630,1590,3,1,1570
14/01/2026 11:03:12,1,1630,1590,3,1,1590
14/01/2026 11:03:28,1,1660,1590,3,1,1590
14/01/2026 11:03:44,1,1660,1590,3,1,1590
14/01/2026 11:04:00,1,1110,1590,3,1,1610
14/01/2026 11:04:16,1,1120,1590,3,1,1610
14/01/2026 11:04:32,1,1140,1590,3,1,1630
14/01/2026 11:04:48,1,1140,1590,3,1,1630
14/01/2026 11:05:04,1,1140,1590,3,1,1640
14/01/2026 11:05:20,1,1140,1590,3,1,1640
14/01/2026 11:05:36,1,1590,1590,3,0,-999
14/01/2026 11:05:52,1,1590,1590,3,0,-999
14/01/2026 11:06:08,1,1580,1590,3,0,-999
14/01/2026 11:06:24,1,1510,1590,3,0,-999
14/01/2026 11:06:40,1,1510,1590,3,0,-999
14/01/2026 11:06:56,1,1510,1590,3,0,-999
14/01/2026 11:07:12,1,1510,1590,3,0,-999
14/01/2026 11:07:28,1,1490,1590,3,0,-999
14/01/2026 11:07:44,1,1470,1590,3,0,-999
14/01/2026 11:08:00,1,1470,1590,3,0,-999
14/01/2026 11:08:16,1,1430,1590,3,0,-999
14/01/2026 11:08:32,1,1450,1590,3,0,-999
14/01/2026 11:08:48,1,1480,1590,3,0,-999
14/01/2026 11:09:04,1,1490,1590,3,0,-999
14/01/2026 11:09:20,1,1170,1590,3,1,3470
14/01/2026 11:09:36,1,1170,1590,3,1,3470
14/01/2026 11:09:52,1,10,1590,3,0,-999
14/01/2026 11:10:08,1,1580,1590,3,0,-999
14/01/2026 11:10:24,1,1170,1590,3,1,3470
14/01/2026 11:10:40,1,1170,1590,3,1,3470
14/01/2026 11:10:56,1,1170,1590,3,1,3470
14/01/2026 11:11:12,1,1170,1590,3,2,2420
14/01/2026 11:11:28,1,1170,1590,3,2,2420
14/01/2026 11:11:44,1,1170,1590,3,2,1550
14/01/2026 11:12:00,1,1170,1590,3,2,1550
14/01/2026 11:12:16,1,1170,1590,3,2,1450
14/01/2026 11:12:32,1,1170,1590,3,2,1450
14/01/2026 11:12:48,1,1160,1590,3,1,1440
14/01/2026 11:13:04,1,1160,1590,3,1,1440
14/01/2026 11:13:20,1,1150,1590,3,1,1440
14/01/2026 11:13:36,1,1150,1590,3,1,1460
14/01/2026 11:13:52,1,1650,1590,3,1,1460
14/01/2026 11:14:08,1,1650,1590,3,1,1480
14/01/2026 11:14:24,1,1650,1590,3,1,1480
14/01/2026 11:14:40,1,1630,1590,3,1,1460
14/01/2026 11:14:56,1,1630,1590,3,1,1460
14/01/2026 11:15:12,1,1610,1590,3,1,1380
14/01/2026 11:15:28,1,1610,1590,3,1,1380
14/01/2026 11:15:44,1,1610,1590,3,1,1380
14/01/2026 11:16:00,1,1600,1590,3,1,1390
14/01/2026 11:16:16,1,1600,1590,3,1,1390
14/01/2026 11:16:32,1,1570,1590,3,1,1310
14/01/2026 11:16:48,1,1530,1590,3,1,1310
14/01/2026 11:17:04,1,1530,1590,3,1,1310
14/01/2026 11:17:20,1,1530,1590,3,1,1310
14/01/2026 11:17:36,1,1520,1590,3,1,1290
14/01/2026 11:17:52,1,1520,1590,3,1,1290
14/01/2026 11:18:08,1,1520,1590,3,1,1290
14/01/2026 11:18:24,1,1470,1590,3,1,1270
14/01/2026 11:18:40,1,1470,1590,3,1,1270
14/01/2026 11:18:56,1,1440,1590,3,1,1230
14/01/2026 11:19:12,1,1440,1590,3,1,1230
14/01/2026 11:19:28,1,1420,1590,3,1,1220
14/01/2026 11:19:44,1,1420,1590,3,1,1220
14/01/2026 11:20:00,1,1420,1590,3,1,1220
14/01/2026 11:20:16,1,1390,1590,3,1,1220
14/01/2026 11:20:32,1,1390,1590,3,1,1220
14/01/2026 11:20:48,1,1380,1590,3,1,1230
14/01/2026 11:21:04,1,1380,1590,3,1,1230
14/01/2026 11:21:20,1,1380,1590,3,1,1270
14/01/2026 11:21:36,1,1380,1590,3,1,1270
14/01/2026 11:21:52,1,1380,1590,3,1,1290
14/01/2026 11:22:08,1,1370,1590,3,1,1290
14/01/2026 11:22:24,1,1370,1590,3,2,1260
14/01/2026 11:22:40,1,1370,1590,3,2,1260
14/01/2026 11:22:56,1,1340,1590,3,2,1260
14/01/2026 11:23:12,1,-999,1590,3,1,1440
14/01/2026 11:23:28,1,-999,1590,3,1,1440
14/01/2026 11:23:44,1,-999,1590,3,1,1290
14/01/2026 11:24:00,1,1540,1590,3,1,1290
14/01/2026 11:24:16,1,1540,1590,3,1,1260
14/01/2026 11:24:32,1,1490,1590,3,1,1260
14/01/2026 11:24:48,1,1490,1590,3,1,1250
14/01/2026 11:25:04,1,1490,1590,3,1,1250
14/01/2026 11:25:20,1,1490,1590,3,1,1250
14/01/2026 11:25:36,1,1490,1590,3,1,1260
14/01/2026 11:25:52,1,-999,1590,3,1,1260
14/01/2026 11:26:08,1,1390,1590,3,1,1270
14/01/2026 11:26:24,1,1390,1590,3,1,1270
14/01/2026 11:26:40,1,1390,1590,3,1,1280
14/01/2026 11:26:56,1,1390,1590,3,1,1280
14/01/2026 11:27:12,1,1400,1590,3,1,1270
14/01/2026 11:27:28,1,1400,1590,3,1,1270
14/01/2026 11:27:44,1,1400,1590,3,1,1270
14/01/2026 11:28:00,1,1400,1590,3,1,1270
14/01/2026 11:28:16,1,1400,1590,3,1,1270
14/01/2026 11:28:32,1,1410,1590,3,1,1320
14/01/2026 11:28:48,1,1410,1590,3,1,1320
14/01/2026 11:29:04,1,1410,1590,3,1,1350
14/01/2026 11:29:20,1,1410,1590,3,1,1350
14/01/2026 11:29:36,1,1410,1590,3,1,1370
14/01/2026 11:29:52,1,1420,1590,3,1,1370
14/01/2026 11:30:08,1,1420,1590,3,1,1370
14/01/2026 11:30:24,1,1450,1590,3,1,1400
14/01/2026 11:30:40,1,1450,1590,3,1,1400
14/01/2026 11:30:56,1,1470,1590,3,1,1420
14/01/2026 11:31:12,1,1470,1590,3,1,1420
14/01/2026 11:31:28,1,1500,1590,3,1,1520
14/01/2026 11:31:44,1,1500,1590,3,1,1520
14/01/2026 11:32:00,1,1500,1590,3,1,1570
14/01/2026 11:32:16,1,1530,1590,3,1,1570
14/01/2026 11:32:32,1,1530,1590,3,1,1570
14/01/2026 11:32:48,1,1600,1590,3,1,1570
14/01/2026 11:33:04,1,1600,1590,3,1,1570
14/01/2026 11:33:20,1,1630,1590,3,1,1570
14/01/2026 11:33:36,1,1630,1590,3,1,1570
14/01/2026 11:33:52,1,1660,1590,3,1,1400
14/01/2026 11:34:08,1,1660,1590,3,1,1400
14/01/2026 11:34:24,1,1660,1590,3,1,1390
14/01/2026 11:34:40,1,1660,1590,3,1,1390
14/01/2026 11:34:56,1,1660,1590,3,1,1390
14/01/2026 11:35:12,1,1660,1590,3,1,1420
14/01/2026 11:35:28,1,1660,1590,3,1,1420
14/01/2026 11:35:44,1,1660,1590,3,2,880
14/01/2026 11:36:00,1,1660,1590,3,2,880
14/01/2026 11:36:16,1,1660,1590,3,1,1440
14/01/2026 11:36:32,1,1660,1590,3,1,1440
14/01/2026 11:36:48,1,1660,1590,3,1,1520
14/01/2026 11:37:04,1,1660,1590,3,1,1520
14/01/2026 11:37:20,1,1650,1590,3,1,1520
14/01/2026 11:37:36,1,1650,1590,3,2,880
14/01/2026 11:37:52,1,1650,1590,3,2,880
14/01/2026 11:38:08,1,1650,1590,3,2,880
14/01/2026 11:38:24,1,1650,1590,3,2,880
14/01/2026 11:38:40,1,1650,1590,3,1,1540
14/01/2026 11:38:56,1,1650,1590,3,1,1540
14/01/2026 11:39:12,1,1650,1590,3,2,850
14/01/2026 11:39:28,1,960,1590,3,2,850
14/01/2026 11:39:28,1,960,1590,3,2,850
14/01/2026 11:39:44,1,940,1590,3,2,850
14/01/2026 11:40:00,1,940,1590,3,2,860
14/01/2026 11:40:16,1,960,1590,3,2,860
14/01/2026 11:40:32,1,960,1590,3,2,950
14/01/2026 11:40:48,1,970,1590,3,2,950
14/01/2026 11:41:04,1,970,1590,3,1,1550
14/01/2026 11:41:20,1,970,1590,3,1,1550
14/01/2026 11:41:36,1,1650,1590,3,1,1560
14/01/2026 11:41:52,1,1650,1590,3,1,1560
14/01/2026 11:42:08,1,1650,1590,3,1,1560
14/01/2026 11:42:24,1,1660,1590,3,1,1570
14/01/2026 11:42:40,1,1660,1590,3,1,1570
14/01/2026 11:42:56,1,1660,1590,3,1,1560
14/01/2026 11:43:12,1,1660,1590,3,1,1560
14/01/2026 11:43:28,1,1660,1590,3,2,900
14/01/2026 11:43:44,1,1660,1590,3,2,900
14/01/2026 11:44:00,1,1660,1590,3,3,890
14/01/2026 11:44:16,1,1660,1590,3,3,890
14/01/2026 11:44:32,1,1660,1590,3,3,890
14/01/2026 11:44:48,1,1660,1590,3,2,1030
14/01/2026 11:45:04,1,1660,1590,3,2,1030
14/01/2026 11:45:20,1,1660,1590,3,2,1020
14/01/2026 11:45:36,1,1660,1590,3,2,1020
14/01/2026 11:45:52,1,1660,1590,3,2,1010
14/01/2026 11:46:08,1,1660,1590,3,2,1010
14/01/2026 11:46:24,1,1660,1590,3,1,1560
14/01/2026 11:46:40,1,1670,1590,3,1,1560
14/01/2026 11:46:56,1,1670,1590,3,1,1560
14/01/2026 11:47:12,1,1670,1590,3,1,980
14/01/2026 11:47:28,1,1670,1590,3,1,980
14/01/2026 11:47:44,1,1670,1590,3,1,900
14/01/2026 11:48:00,1,1670,1590,3,1,900
14/01/2026 11:48:16,1,1100,1590,3,2,950
14/01/2026 11:48:32,1,1100,1590,3,2,950
14/01/2026 11:48:48,1,1100,1590,3,1,930
14/01/2026 11:49:04,1,1100,1590,3,1,930
14/01/2026 11:49:20,1,1090,1590,3,1,930
14/01/2026 11:49:36,1,1090,1590,3,1,960
14/01/2026 11:49:52,1,1050,1590,3,1,960
14/01/2026 11:50:08,1,1050,1590,3,1,1150
14/01/2026 11:50:24,1,1050,1590,3,1,1150
14/01/2026 11:50:40,1,1050,1590,3,1,1160
14/01/2026 11:50:56,1,1050,1590,3,1,1160
14/01/2026 11:51:12,1,1050,1590,3,1,1120
14/01/2026 11:51:28,1,-999,1590,3,1,1120
14/01/2026 11:51:44,1,-999,1590,3,1,1120
14/01/2026 11:52:00,1,1420,1590,3,0,-999
14/01/2026 11:52:16,1,1430,1590,3,0,-999
14/01/2026 11:52:32,1,1470,1590,3,0,-999
14/01/2026 11:52:48,1,1270,1590,3,0,-999
14/01/2026 11:53:04,1,1220,1590,3,0,-999
14/01/2026 11:53:20,1,1550,1590,3,0,-999
14/01/2026 11:53:36,1,1550,1590,3,0,-999
14/01/2026 11:53:52,1,1560,1590,3,0,-999
14/01/2026 11:54:08,1,1560,1590,3,0,-999
14/01/2026 11:54:24,1,1560,1590,3,0,-999
14/01/2026 11:54:40,1,1560,1590,3,0,-999
14/01/2026 11:54:56,1,1560,1590,3,0,-999
14/01/2026 11:55:12,1,1550,1590,3,0,-999
14/01/2026 11:55:28,1,810,1590,3,1,850
14/01/2026 11:55:44,1,810,1590,3,1,850
14/01/2026 11:56:00,1,810,1590,3,1,860
14/01/2026 11:56:16,1,810,1590,3,1,860
14/01/2026 11:56:32,1,1650,1590,3,1,860
14/01/2026 11:56:48,1,1640,1590,3,2,870
14/01/2026 11:57:04,1,1640,1590,3,2,870
14/01/2026 11:57:20,1,1640,1590,3,1,1490
14/01/2026 11:57:36,1,1630,1590,3,1,1490
14/01/2026 11:57:52,1,1630,1590,3,1,1510
14/01/2026 11:58:08,1,1630,1590,3,1,1510
14/01/2026 11:58:24,1,1630,1590,3,1,1380
14/01/2026 11:58:40,1,1630,1590,3,1,1380
14/01/2026 11:58:56,1,1630,1590,3,1,1380
14/01/2026 11:59:12,1,1530,1590,3,0,-999
14/01/2026 11:59:28,1,1530,1590,3,0,-999
14/01/2026 11:59:44,1,1520,1590,3,0,-999
14/01/2026 12:00:00,-999,1550,-999,3,0,-999
14/01/2026 12:00:16,-999,1450,-999,3,0,-999
14/01/2026 12:00:32,-999,1450,-999,3,0,-999
14/01/2026 12:00:48,-999,1470,-999,3,0,-999
14/01/2026 12:01:04,-999,1490,-999,3,0,-999
14/01/2026 12:01:20,-999,1500,-999,3,0,-999
14/01/2026 12:01:36,-999,1490,-999,3,0,-999
14/01/2026 12:01:52,-999,1540,-999,3,0,-999
14/01/2026 12:02:08,-999,1490,-999,3,1,1040
14/01/2026 12:02:24,-999,1500,-999,3,1,1040
14/01/2026 12:02:40,-999,1510,-999,3,0,-999
14/01/2026 12:02:56,-999,1510,-999,3,0,-999
14/01/2026 12:03:12,-999,-999,-999,3,1,990
14/01/2026 12:03:28,-999,-999,-999,3,1,990
14/01/2026 12:03:44,-999,1600,-999,3,1,990
14/01/2026 12:04:00,-999,1600,-999,3,1,870
14/01/2026 12:04:16,-999,1600,-999,3,1,870
14/01/2026 12:04:32,-999,1550,-999,3,1,870
14/01/2026 12:04:48,-999,1550,-999,3,1,870
14/01/2026 12:05:04,-999,1600,-999,3,2,890
14/01/2026 12:05:20,-999,1100,-999,3,2,890
14/01/2026 12:05:36,-999,1140,-999,3,1,1100
14/01/2026 12:05:52,-999,1140,-999,3,1,1100
14/01/2026 12:06:08,-999,1600,-999,3,1,1100
14/01/2026 12:06:24,-999,1600,-999,3,1,1120
14/01/2026 12:06:40,-999,1600,-999,3,1,1120
14/01/2026 12:06:56,-999,1600,-999,3,2,1140
14/01/2026 12:07:12,-999,1620,-999,3,2,1140
14/01/2026 12:07:28,-999,1620,-999,3,1,1550
14/01/2026 12:07:44,-999,1660,-999,3,1,1550
14/01/2026 12:08:00,-999,1660,-999,3,1,1510
14/01/2026 12:08:16,-999,1660,-999,3,1,1510
14/01/2026 12:08:32,-999,1670,-999,3,1,1510
14/01/2026 12:08:48,-999,1670,-999,3,1,1500
14/01/2026 12:09:04,-999,1670,-999,3,1,1500
14/01/2026 12:09:20,-999,1670,-999,3,1,1520
14/01/2026 12:09:36,-999,1670,-999,3,1,1520
14/01/2026 12:09:52,-999,1670,-999,3,2,870
14/01/2026 12:10:08,-999,1670,-999,3,2,870
14/01/2026 12:10:24,-999,1060,-999,3,1,1510
14/01/2026 12:10:40,-999,1060,-999,3,1,1510
14/01/2026 12:10:56,-999,1060,-999,3,1,1510
14/01/2026 12:11:12,-999,1060,-999,3,2,910
14/01/2026 12:11:28,-999,1060,-999,3,2,910
14/01/2026 12:11:44,-999,1060,-999,3,1,1520
14/01/2026 12:12:00,-999,1060,-999,3,1,1520
14/01/2026 12:12:16,-999,1060,-999,3,1,1530
14/01/2026 12:12:32,-999,1060,-999,3,1,1530
14/01/2026 12:12:48,-999,1060,-999,3,2,1520
14/01/2026 12:13:04,-999,1650,-999,3,2,1520
14/01/2026 12:13:20,-999,1650,-999,3,2,1520
14/01/2026 12:13:36,-999,1640,-999,3,1,2860
14/01/2026 12:13:52,-999,1620,-999,3,1,2860
14/01/2026 12:14:08,-999,1620,-999,3,2,1520
14/01/2026 12:14:24,-999,1620,-999,3,2,1520
14/01/2026 12:14:40,-999,1610,-999,3,3,890
14/01/2026 12:14:56,-999,1610,-999,3,3,890
14/01/2026 12:15:12,-999,1610,-999,3,2,860
14/01/2026 12:15:28,-999,1610,-999,3,2,860
14/01/2026 12:15:44,-999,1610,-999,3,2,860
14/01/2026 12:16:00,-999,1610,-999,3,2,1150
14/01/2026 12:16:16,-999,1610,-999,3,2,1150
14/01/2026 12:16:32,-999,1610,-999,3,1,1410
14/01/2026 12:16:48,-999,1610,-999,3,1,1410
14/01/2026 12:17:04,-999,1610,-999,3,2,1210
14/01/2026 12:17:20,-999,1590,-999,3,2,1210
14/01/2026 12:17:36,-999,1590,-999,3,2,910
14/01/2026 12:17:52,-999,1590,-999,3,2,910
14/01/2026 12:18:08,-999,1590,-999,3,2,910
14/01/2026 12:18:24,-999,1610,-999,3,1,1320
14/01/2026 12:18:40,-999,1610,-999,3,1,1320
14/01/2026 12:18:56,-999,1610,-999,3,3,860
14/01/2026 12:19:12,-999,1610,-999,3,3,860
14/01/2026 12:19:28,-999,1580,-999,3,2,860
14/01/2026 12:19:44,-999,1580,-999,3,2,860
14/01/2026 12:20:00,-999,1580,-999,3,1,1450
14/01/2026 12:20:16,-999,1580,-999,3,1,1450
14/01/2026 12:20:32,-999,1580,-999,3,1,1450
14/01/2026 12:20:48,-999,1580,-999,3,1,1510
14/01/2026 12:21:04,-999,1580,-999,3,1,1510
14/01/2026 12:21:20,-999,1590,-999,3,1,1430
14/01/2026 12:21:36,-999,1590,-999,3,1,1430
14/01/2026 12:21:52,-999,1590,-999,3,1,1360
14/01/2026 12:22:08,-999,1590,-999,3,1,1360
14/01/2026 12:22:24,-999,1590,-999,3,2,890
14/01/2026 12:22:40,-999,1580,-999,3,2,890
14/01/2026 12:22:56,-999,1580,-999,3,2,890
14/01/2026 12:23:12,-999,1590,-999,3,2,900
14/01/2026 12:23:28,-999,1590,-999,3,2,900
14/01/2026 12:23:44,-999,1590,-999,3,2,840
14/01/2026 12:24:00,-999,1590,-999,3,2,840
14/01/2026 12:24:16,-999,1590,-999,3,3,840
14/01/2026 12:24:32,-999,1590,-999,3,3,840
14/01/2026 12:24:48,-999,1590,-999,3,1,1620
14/01/2026 12:25:04,-999,-999,-999,3,1,1620
14/01/2026 12:25:20,-999,920,-999,3,1,1620
14/01/2026 12:25:36,-999,920,-999,3,2,1610
14/01/2026 12:25:52,-999,920,-999,3,2,1610
14/01/2026 12:26:08,-999,920,-999,3,2,1530
14/01/2026 12:26:24,-999,-999,-999,3,2,1530
14/01/2026 12:26:40,-999,1700,-999,3,1,1530
14/01/2026 12:26:56,-999,1700,-999,3,1,1530
14/01/2026 12:27:12,-999,1700,-999,3,2,890
14/01/2026 12:27:28,-999,-999,-999,3,2,890
14/01/2026 12:27:44,-999,-999,-999,3,2,890
14/01/2026 12:28:00,-999,-999,-999,3,2,1040
14/01/2026 12:28:16,-999,-999,-999,3,2,1040
14/01/2026 12:28:32,-999,-999,-999,3,2,890
14/01/2026 12:28:48,-999,-999,-999,3,2,890
14/01/2026 12:29:04,-999,-999,-999,3,1,920
14/01/2026 12:29:20,-999,1060,-999,3,1,920
14/01/2026 12:29:36,-999,1060,-999,3,3,930
14/01/2026 12:29:52,-999,1060,-999,3,3,930
14/01/2026 12:30:08,-999,1060,-999,3,3,930
14/01/2026 12:30:24,-999,1060,-999,3,1,910
14/01/2026 12:30:40,-999,1060,-999,3,1,910
14/01/2026 12:30:56,-999,1060,-999,3,2,940
14/01/2026 12:31:12,-999,1060,-999,3,2,940
14/01/2026 12:31:28,-999,1070,-999,3,1,1610
14/01/2026 12:31:44,-999,1070,-999,3,1,1610
14/01/2026 12:32:00,-999,1070,-999,3,1,1600
14/01/2026 12:32:16,-999,1070,-999,3,1,1600
14/01/2026 12:32:32,-999,1070,-999,3,1,1600
14/01/2026 12:32:48,-999,1660,-999,3,0,-999
14/01/2026 12:33:04,-999,1660,-999,3,0,-999
14/01/2026 12:33:20,-999,1590,-999,3,0,-999
14/01/2026 12:33:36,-999,1580,-999,3,0,-999
14/01/2026 12:33:52,-999,1660,-999,3,0,-999
14/01/2026 12:34:08,-999,1590,-999,3,0,-999
14/01/2026 12:34:24,-999,1780,-999,3,0,-999
14/01/2026 12:34:40,-999,1760,-999,3,0,-999
14/01/2026 12:34:56,-999,1750,-999,3,0,-999
14/01/2026 12:35:12,-999,1210,-999,3,1,1650
14/01/2026 12:35:28,-999,1210,-999,3,1,1650
14/01/2026 12:35:44,-999,1210,-999,3,1,1600
14/01/2026 12:36:00,-999,1210,-999,3,1,1600
14/01/2026 12:36:16,-999,1210,-999,3,1,1560
14/01/2026 12:36:32,-999,1210,-999,3,1,1560
14/01/2026 12:36:48,-999,1210,-999,3,1,1570
14/01/2026 12:37:04,-999,1210,-999,3,1,1570
14/01/2026 12:37:20,-999,1200,-999,3,1,1570
14/01/2026 12:37:36,-999,1710,-999,3,1,1610
14/01/2026 12:37:52,-999,1730,-999,3,1,1610
14/01/2026 12:38:08,-999,1730,-999,3,1,1610
14/01/2026 12:38:24,-999,770,-999,3,1,1610
14/01/2026 12:38:40,-999,770,-999,3,2,950
14/01/2026 12:38:56,-999,770,-999,3,2,950
14/01/2026 12:39:12,-999,770,-999,3,1,1590
14/01/2026 12:39:28,-999,770,-999,3,1,1590
14/01/2026 12:39:44,-999,770,-999,3,1,1590
14/01/2026 12:40:00,-999,770,-999,3,1,2830
14/01/2026 12:40:16,-999,1700,-999,3,1,2830
14/01/2026 12:40:32,-999,10,-999,3,0,-999
14/01/2026 12:40:48,-999,50,-999,3,0,-999
14/01/2026 12:41:04,-999,1700,-999,3,2,1580
14/01/2026 12:41:20,-999,1700,-999,3,2,1580
14/01/2026 12:41:36,-999,1690,-999,3,3,900
14/01/2026 12:41:52,-999,1690,-999,3,3,900
14/01/2026 12:42:08,-999,1060,-999,3,3,900
14/01/2026 12:42:24,-999,1060,-999,3,2,880
14/01/2026 12:42:40,-999,1070,-999,3,2,880
14/01/2026 12:42:56,-999,1070,-999,3,2,880
14/01/2026 12:43:12,-999,1060,-999,3,2,880
14/01/2026 12:43:28,-999,1070,-999,3,1,960
14/01/2026 12:43:44,-999,1070,-999,3,1,960
14/01/2026 12:44:00,-999,1070,-999,3,1,1410
14/01/2026 12:44:16,-999,1070,-999,3,1,1410
14/01/2026 12:44:32,-999,1070,-999,3,1,1410
14/01/2026 12:44:48,-999,1070,-999,3,1,1380
14/01/2026 12:45:04,-999,1070,-999,3,1,1380
14/01/2026 12:45:20,-999,1070,-999,3,1,1260
14/01/2026 12:45:36,-999,1070,-999,3,1,1260
14/01/2026 12:45:52,-999,1070,-999,3,1,1300
14/01/2026 12:46:08,-999,1070,-999,3,1,1300
14/01/2026 12:46:24,-999,1570,-999,3,1,1380
14/01/2026 12:46:40,-999,1560,-999,3,1,1380
14/01/2026 12:46:56,-999,1550,-999,3,1,1380
14/01/2026 12:47:12,-999,1550,-999,3,1,1490
14/01/2026 12:47:28,-999,1550,-999,3,1,1490
14/01/2026 12:47:44,-999,1550,-999,3,1,900
14/01/2026 12:48:00,-999,1550,-999,3,1,900
14/01/2026 12:48:16,-999,1550,-999,3,1,1470
14/01/2026 12:48:32,-999,1550,-999,3,1,1470
14/01/2026 12:48:48,-999,1560,-999,3,1,1490
14/01/2026 12:49:04,-999,1560,-999,3,1,1490
14/01/2026 12:49:20,-999,740,-999,3,1,1490
14/01/2026 12:49:36,-999,1580,-999,3,2,890
14/01/2026 12:49:52,-999,1580,-999,3,2,890
14/01/2026 12:50:08,-999,1580,-999,3,1,1510
14/01/2026 12:50:24,-999,1600,-999,3,1,1510
14/01/2026 12:50:40,-999,1600,-999,3,1,1500
14/01/2026 12:50:56,-999,1630,-999,3,1,1500
14/01/2026 12:51:12,-999,1630,-999,3,2,910
14/01/2026 12:51:28,-999,1630,-999,3,2,910
14/01/2026 12:51:44,-999,990,-999,3,2,910
14/01/2026 12:52:00,-999,990,-999,3,1,880
14/01/2026 12:52:16,-999,990,-999,3,1,880
14/01/2026 12:52:32,-999,990,-999,3,1,890
14/01/2026 12:52:48,-999,990,-999,3,1,890
14/01/2026 12:53:04,-999,990,-999,3,1,880
14/01/2026 12:53:20,-999,990,-999,3,1,880
14/01/2026 12:53:36,-999,990,-999,3,1,870
14/01/2026 12:53:52,-999,990,-999,3,1,870
14/01/2026 12:54:08,-999,990,-999,3,1,870
14/01/2026 12:54:24,-999,990,-999,3,1,900
14/01/2026 12:54:40,-999,990,-999,3,1,900
14/01/2026 12:54:56,-999,990,-999,3,2,900
14/01/2026 12:55:12,-999,1000,-999,3,2,900
14/01/2026 12:55:28,-999,1000,-999,3,2,900
14/01/2026 12:55:44,-999,1070,-999,3,2,900
14/01/2026 12:56:00,-999,1070,-999,3,1,900
14/01/2026 12:56:16,-999,1070,-999,3,1,900
14/01/2026 12:56:32,-999,1070,-999,3,1,900
14/01/2026 12:56:48,-999,1070,-999,3,1,890
14/01/2026 12:57:04,-999,1040,-999,3,1,890
14/01/2026 12:57:20,-999,1040,-999,3,1,900
14/01/2026 12:57:36,-999,1090,-999,3,1,900
14/01/2026 12:57:52,-999,1400,-999,3,0,-999
14/01/2026 12:58:08,-999,1400,-999,3,0,-999
14/01/2026 12:58:24,-999,1090,-999,3,1,940
14/01/2026 12:58:40,-999,1060,-999,3,1,940
14/01/2026 12:58:56,-999,1050,-999,3,1,940
14/01/2026 12:59:12,-999,1420,-999,3,0,-999
14/01/2026 12:59:28,-999,1430,-999,3,0,-999
14/01/2026 12:59:44,-999,1440,-999,3,0,-999
14/01/2026 13:00:00,1,1440,1590,3,0,-999
14/01/2026 13:00:16,1,1450,1590,3,0,-999
14/01/2026 13:00:32,1,1440,1590,3,0,-999
14/01/2026 13:00:48,1,1460,1590,3,1,890
14/01/2026 13:01:04,1,1460,1590,3,1,890
14/01/2026 13:01:20,1,1470,1590,3,1,890
14/01/2026 13:01:36,1,1470,1590,3,1,890
14/01/2026 13:01:52,1,1470,1590,3,1,890
14/01/2026 13:02:08,1,1470,1590,3,1,890
14/01/2026 13:02:24,1,1470,1590,3,1,890
14/01/2026 13:02:40,1,1000,1590,3,1,910
14/01/2026 13:02:56,1,1000,1590,3,1,910
14/01/2026 13:03:12,1,1000,1590,3,1,910
14/01/2026 13:03:28,1,1000,1590,3,1,910
14/01/2026 13:03:44,1,1000,1590,3,1,910
14/01/2026 13:04:00,1,1000,1590,3,2,910
14/01/2026 13:04:16,1,1000,1590,3,2,910
14/01/2026 13:04:32,1,1010,1590,3,1,910
14/01/2026 13:04:48,1,1010,1590,3,1,910
14/01/2026 13:05:04,1,1040,1590,3,2,930
14/01/2026 13:05:20,1,1040,1590,3,2,930
14/01/2026 13:05:36,1,1040,1590,3,1,930
14/01/2026 13:05:52,1,1050,1590,3,1,930
14/01/2026 13:06:08,1,1050,1590,3,1,930
14/01/2026 13:06:24,1,1050,1590,3,2,930
14/01/2026 13:06:40,1,1050,1590,3,2,930
14/01/2026 13:06:56,1,1050,1590,3,1,1430
14/01/2026 13:07:12,1,1060,1590,3,1,1430
14/01/2026 13:07:28,1,1060,1590,3,2,970
14/01/2026 13:07:44,1,1060,1590,3,2,970
14/01/2026 13:08:00,1,1060,1590,3,2,1090
14/01/2026 13:08:16,1,1060,1590,3,2,1090
14/01/2026 13:08:32,1,1060,1590,3,2,1090
14/01/2026 13:08:48,1,1060,1590,3,1,1320
14/01/2026 13:09:04,1,1060,1590,3,1,1320
14/01/2026 13:09:20,1,1060,1590,3,1,1330
14/01/2026 13:09:36,1,1060,1590,3,1,1330
14/01/2026 13:09:52,1,1530,1590,3,1,1350
14/01/2026 13:10:08,1,1530,1590,3,1,1350
14/01/2026 13:10:24,1,1520,1590,3,1,1350
14/01/2026 13:10:40,1,1520,1590,3,1,1350
14/01/2026 13:10:56,1,1520,1590,3,1,1350
14/01/2026 13:11:12,1,1520,1590,3,1,1410
14/01/2026 13:11:28,1,1520,1590,3,1,1410
14/01/2026 13:11:44,1,1460,1590,3,1,1550
14/01/2026 13:12:00,1,-999,1590,3,1,1550
14/01/2026 13:12:16,1,-999,1590,3,2,1370
14/01/2026 13:12:32,1,-999,1590,3,2,1370
14/01/2026 13:12:48,1,-999,1590,3,1,1390
14/01/2026 13:13:04,1,1600,1590,3,1,1390
14/01/2026 13:13:20,1,1600,1590,3,1,1390
14/01/2026 13:13:36,1,1600,1590,3,1,1360
14/01/2026 13:13:52,1,1010,1590,3,1,1360
14/01/2026 13:14:08,1,1010,1590,3,1,1370
14/01/2026 13:14:24,1,1010,1590,3,1,1370
14/01/2026 13:14:40,1,1010,1590,3,1,1360
14/01/2026 13:14:56,1,1010,1590,3,1,1360
14/01/2026 13:15:12,1,1010,1590,3,1,1360
14/01/2026 13:15:28,1,1010,1590,3,1,1360
14/01/2026 13:15:44,1,1010,1590,3,1,1360
14/01/2026 13:16:00,1,1010,1590,3,1,1360
14/01/2026 13:16:16,1,1010,1590,3,1,1360
14/01/2026 13:16:32,1,1010,1590,3,1,1340
14/01/2026 13:16:48,1,1010,1590,3,1,1340
14/01/2026 13:17:04,1,1010,1590,3,2,1060
14/01/2026 13:17:20,1,1010,1590,3,2,1060
14/01/2026 13:17:36,1,1010,1590,3,2,1080
14/01/2026 13:17:52,1,1500,1590,3,2,1080
14/01/2026 13:18:08,1,1500,1590,3,2,1080
14/01/2026 13:18:24,1,1500,1590,3,1,1340
14/01/2026 13:18:40,1,1500,1590,3,1,1340
14/01/2026 13:18:56,1,1500,1590,3,1,1250
14/01/2026 13:19:12,1,1500,1590,3,1,1250
14/01/2026 13:19:28,1,1500,1590,3,1,1250
14/01/2026 13:19:44,1,1500,1590,3,1,1250
14/01/2026 13:20:00,1,-999,1590,3,1,1200
14/01/2026 13:20:16,1,-999,1590,3,1,1200
14/01/2026 13:20:32,1,-999,1590,3,1,1200
14/01/2026 13:20:48,1,-999,1590,3,1,1190
14/01/2026 13:21:04,1,-999,1590,3,1,1190
14/01/2026 13:21:20,1,1350,1590,3,1,1140
14/01/2026 13:21:36,1,1350,1590,3,1,1140
14/01/2026 13:21:52,1,1350,1590,3,1,1160
14/01/2026 13:22:08,1,1370,1590,3,1,1160
14/01/2026 13:22:24,1,1350,1590,3,1,1150
14/01/2026 13:22:40,1,1350,1590,3,1,1150
14/01/2026 13:22:56,1,1350,1590,3,1,1150
14/01/2026 13:23:12,1,1340,1590,3,1,1160
14/01/2026 13:23:28,1,1340,1590,3,1,1160
14/01/2026 13:23:44,1,1320,1590,3,1,1160
14/01/2026 13:24:00,1,1320,1590,3,1,1160
14/01/2026 13:24:16,1,1320,1590,3,1,1160
14/01/2026 13:24:32,1,1320,1590,3,1,1160
14/01/2026 13:24:48,1,1320,1590,3,1,1190
14/01/2026 13:25:04,1,1320,1590,3,1,1190
14/01/2026 13:25:20,1,1320,1590,3,1,1190
14/01/2026 13:25:36,1,1300,1590,3,1,1140
14/01/2026 13:25:52,1,1300,1590,3,1,1140
14/01/2026 13:26:08,1,1280,1590,3,1,1130
14/01/2026 13:26:24,1,1280,1590,3,1,1130
14/01/2026 13:26:40,1,1300,1590,3,1,1130
14/01/2026 13:26:56,1,1300,1590,3,1,1130
14/01/2026 13:27:12,1,1320,1590,3,1,1220
14/01/2026 13:27:28,1,1320,1590,3,1,1220
14/01/2026 13:27:44,1,1320,1590,3,1,1220
14/01/2026 13:28:00,1,1320,1590,3,1,1290
14/01/2026 13:28:16,1,1320,1590,3,1,1290
14/01/2026 13:28:32,1,1320,1590,3,1,1320
14/01/2026 13:28:48,1,1340,1590,3,1,1320
14/01/2026 13:29:04,1,-999,1590,3,1,1410
14/01/2026 13:29:20,1,-999,1590,3,1,1410
14/01/2026 13:29:36,1,-999,1590,3,1,1360
14/01/2026 13:29:52,1,1470,1590,3,1,1360
14/01/2026 13:30:08,1,1470,1590,3,1,1360
14/01/2026 13:30:24,1,1470,1590,3,1,1320
14/01/2026 13:30:40,1,1470,1590,3,1,1320
14/01/2026 13:30:56,1,1470,1590,3,1,1250
14/01/2026 13:31:12,1,1470,1590,3,1,1250
14/01/2026 13:31:28,1,1470,1590,3,2,1180
14/01/2026 13:31:44,1,1470,1590,3,2,1180
14/01/2026 13:32:00,1,1470,1590,3,1,1330
14/01/2026 13:32:16,1,1470,1590,3,1,1330
14/01/2026 13:32:32,1,1470,1590,3,1,1330
14/01/2026 13:32:48,1,1470,1590,3,1,1220
14/01/2026 13:33:04,1,1470,1590,3,1,1220
14/01/2026 13:33:20,1,1470,1590,3,1,1380
14/01/2026 13:33:36,1,1470,1590,3,1,1380
14/01/2026 13:33:52,1,1470,1590,3,1,1460
14/01/2026 13:34:08,1,1470,1590,3,1,1460
14/01/2026 13:34:24,1,1470,1590,3,1,1440
14/01/2026 13:34:40,1,1480,1590,3,1,1440
14/01/2026 13:34:56,1,1480,1590,3,1,1440
14/01/2026 13:35:12,1,1550,1590,3,1,1450
14/01/2026 13:35:28,1,1550,1590,3,1,1450
14/01/2026 13:35:44,1,1550,1590,3,1,1560
14/01/2026 13:36:00,1,1550,1590,3,1,1560
14/01/2026 13:36:16,1,1490,1590,3,0,-999
14/01/2026 13:36:32,1,640,1590,3,0,-999
14/01/2026 13:36:48,1,1600,1590,3,1,1050
14/01/2026 13:37:04,1,1630,1590,3,1,1050
14/01/2026 13:37:20,1,1120,1590,3,1,1050
14/01/2026 13:37:36,1,1120,1590,3,2,1070
14/01/2026 13:37:52,1,1120,1590,3,2,1070
14/01/2026 13:38:08,1,1150,1590,3,2,940
14/01/2026 13:38:24,1,1150,1590,3,2,940
14/01/2026 13:38:40,1,1150,1590,3,2,1170
14/01/2026 13:38:56,1,1150,1590,3,2,1170
14/01/2026 13:39:12,1,1150,1590,3,2,910
14/01/2026 13:39:28,1,1680,1590,3,2,910
14/01/2026 13:39:44,1,1680,1590,3,2,910
14/01/2026 13:40:00,1,1680,1590,3,1,910
14/01/2026 13:40:16,1,1120,1590,3,1,910
14/01/2026 13:40:32,1,1120,1590,3,3,920
14/01/2026 13:40:48,1,-999,1590,3,3,920
14/01/2026 13:41:04,1,-999,1590,3,3,1180
14/01/2026 13:41:20,1,-999,1590,3,3,1180
14/01/2026 13:41:36,1,-999,1590,3,2,920
14/01/2026 13:41:52,1,-999,1590,3,2,920
14/01/2026 13:42:08,1,1040,1590,3,2,920
14/01/2026 13:42:24,1,1040,1590,3,1,910
14/01/2026 13:42:40,1,1040,1590,3,1,910
14/01/2026 13:42:56,1,1040,1590,3,2,940
14/01/2026 13:43:12,1,1040,1590,3,2,940
14/01/2026 13:43:28,1,1040,1590,3,1,1250
14/01/2026 13:43:44,1,1040,1590,3,1,1250
14/01/2026 13:44:00,1,1040,1590,3,2,960
14/01/2026 13:44:16,1,1040,1590,3,2,960
14/01/2026 13:44:32,1,-999,1590,3,2,960
14/01/2026 13:44:48,1,1100,1590,3,1,940
14/01/2026 13:45:04,1,1100,1590,3,1,940
14/01/2026 13:45:20,1,1100,1590,3,1,940
14/01/2026 13:45:36,1,1100,1590,3,1,940
14/01/2026 13:45:52,1,1100,1590,3,2,980
14/01/2026 13:46:08,1,1130,1590,3,2,980
14/01/2026 13:46:24,1,1130,1590,3,1,1100
14/01/2026 13:46:40,1,1140,1590,3,1,1100
14/01/2026 13:46:56,1,1140,1590,3,1,1100
14/01/2026 13:47:12,1,-999,1590,3,1,1110
14/01/2026 13:47:28,1,1230,1590,3,1,1110
14/01/2026 13:47:44,1,1140,1590,3,2,930
14/01/2026 13:48:00,1,-999,1590,3,2,930
14/01/2026 13:48:16,1,-999,1590,3,1,940
14/01/2026 13:48:32,1,-999,1590,3,1,940
14/01/2026 13:48:48,1,-999,1590,3,1,940
14/01/2026 13:49:04,1,-999,1590,3,1,940
14/01/2026 13:49:20,1,-999,1590,3,1,940
14/01/2026 13:49:36,1,-999,1590,3,1,1050
14/01/2026 13:49:52,1,-999,1590,3,1,1050
14/01/2026 13:50:08,1,-999,1590,3,1,1200
14/01/2026 13:50:24,1,-999,1590,3,1,1200
14/01/2026 13:50:40,1,-999,1590,3,2,950
14/01/2026 13:50:56,1,-999,1590,3,2,950
14/01/2026 13:51:12,1,1050,1590,3,2,970
14/01/2026 13:51:28,1,1050,1590,3,2,970
14/01/2026 13:51:44,1,1050,1590,3,2,970
14/01/2026 13:52:00,1,1080,1590,3,2,950
14/01/2026 13:52:16,1,1080,1590,3,2,950
14/01/2026 13:52:32,1,1070,1590,3,2,940
14/01/2026 13:52:48,1,1070,1590,3,2,940
14/01/2026 13:53:04,1,1050,1590,3,2,960
14/01/2026 13:53:20,1,1050,1590,3,2,960
14/01/2026 13:53:36,1,1050,1590,3,2,1000
14/01/2026 13:53:52,1,1050,1590,3,2,1000
14/01/2026 13:54:08,1,1050,1590,3,2,1000
14/01/2026 13:54:24,1,1050,1590,3,2,980
14/01/2026 13:54:40,1,1050,1590,3,2,980
14/01/2026 13:54:56,1,1060,1590,3,2,1010
14/01/2026 13:55:12,1,1060,1590,3,2,1010
14/01/2026 13:55:28,1,1070,1590,3,1,1010
14/01/2026 13:55:44,1,1070,1590,3,1,1010
14/01/2026 13:56:00,1,1070,1590,3,1,960
14/01/2026 13:56:16,1,1070,1590,3,1,960
14/01/2026 13:56:32,1,1090,1590,3,1,960
14/01/2026 13:56:48,1,1090,1590,3,1,940
14/01/2026 13:57:04,1,1090,1590,3,1,940
14/01/2026 13:57:20,1,1110,1590,3,2,960
14/01/2026 13:57:36,1,1110,1590,3,2,960
14/01/2026 13:57:52,1,1110,1590,3,1,980
14/01/2026 13:58:08,1,1110,1590,3,1,980
14/01/2026 13:58:24,1,1110,1590,3,2,1070
14/01/2026 13:58:40,1,1110,1590,3,2,1070
14/01/2026 13:58:56,1,1180,1590,3,2,1070
14/01/2026 13:59:12,1,1180,1590,3,1,1080
14/01/2026 13:59:28,1,1180,1590,3,1,1080
14/01/2026 13:59:44,1,-999,1590,3,1,1080
14/01/2026 14:00:00,1,-999,1060,3,1,1080
14/01/2026 14:00:16,1,1400,1060,3,1,1280
14/01/2026 14:00:32,1,1400,1060,3,1,1280
14/01/2026 14:00:48,1,1400,1060,3,1,1320
14/01/2026 14:01:04,1,1400,1060,3,1,1320
14/01/2026 14:01:20,1,1440,1060,3,1,1320
14/01/2026 14:01:36,1,1460,1060,3,1,1380
14/01/2026 14:01:52,1,1460,1060,3,1,1380
14/01/2026 14:02:08,1,1520,1060,3,0,-999
14/01/2026 14:02:24,1,1520,1060,3,0,-999
14/01/2026 14:02:40,1,1490,1060,3,0,-999
14/01/2026 14:02:56,1,1490,1060,3,0,-999
14/01/2026 14:03:12,1,1490,1060,3,1,950
14/01/2026 14:03:28,1,1490,1060,3,1,950
14/01/2026 14:03:44,1,1550,1060,3,1,950
14/01/2026 14:04:00,1,1550,1060,3,1,960
14/01/2026 14:04:16,1,1550,1060,3,1,960
14/01/2026 14:04:32,1,1550,1060,3,1,1170
14/01/2026 14:04:48,1,1570,1060,3,1,1170
14/01/2026 14:05:04,1,1570,1060,3,2,950
14/01/2026 14:05:20,1,1570,1060,3,2,950
14/01/2026 14:05:36,1,1240,1060,3,0,-999
14/01/2026 14:05:52,1,1240,1060,3,0,-999
14/01/2026 14:06:08,1,1240,1060,3,0,-999
14/01/2026 14:06:24,1,1260,1060,3,0,-999
14/01/2026 14:06:40,1,1260,1060,3,0,-999
14/01/2026 14:06:56,1,1080,1060,3,1,970
14/01/2026 14:07:12,1,1090,1060,3,1,970
14/01/2026 14:07:28,1,1090,1060,3,1,1030
14/01/2026 14:07:44,1,1090,1060,3,1,1030
14/01/2026 14:08:00,1,1340,1060,3,0,-999
14/01/2026 14:08:16,1,1320,1060,3,0,-999
14/01/2026 14:08:32,1,1330,1060,3,0,-999
14/01/2026 14:08:48,1,1090,1060,3,1,980
14/01/2026 14:09:04,1,1090,1060,3,1,980
14/01/2026 14:09:20,1,1090,1060,3,1,960
14/01/2026 14:09:36,1,1090,1060,3,1,960
14/01/2026 14:09:52,1,1090,1060,3,1,960
14/01/2026 14:10:08,1,1090,1060,3,1,960
14/01/2026 14:10:24,1,1100,1060,3,2,990
14/01/2026 14:10:40,1,1100,1060,3,2,990
14/01/2026 14:10:56,1,1120,1060,3,2,990
14/01/2026 14:11:12,1,1120,1060,3,1,1030
14/01/2026 14:11:28,1,1120,1060,3,1,1030
14/01/2026 14:11:44,1,1430,1060,3,0,-999
14/01/2026 14:12:00,1,1430,1060,3,0,-999
14/01/2026 14:12:16,1,1340,1060,3,0,-999
14/01/2026 14:12:32,1,1340,1060,3,0,-999
14/01/2026 14:12:48,1,1380,1060,3,0,-999
14/01/2026 14:13:04,1,1380,1060,3,0,-999
14/01/2026 14:13:20,1,1380,1060,3,0,-999
14/01/2026 14:13:36,1,1430,1060,3,0,-999
14/01/2026 14:13:52,1,1300,1060,3,0,-999
14/01/2026 14:14:08,1,1300,1060,3,0,-999
14/01/2026 14:14:24,1,1310,1060,3,0,-999
14/01/2026 14:14:40,1,1460,1060,3,1,980
14/01/2026 14:14:56,1,1490,1060,3,1,980
14/01/2026 14:15:12,1,1490,1060,3,1,1020
14/01/2026 14:15:28,1,1490,1060,3,1,1020
14/01/2026 14:15:44,1,1510,1060,3,1,1020
14/01/2026 14:16:00,1,1320,1060,3,0,-999
14/01/2026 14:16:16,1,1340,1060,3,0,-999
14/01/2026 14:16:32,1,1190,1060,3,1,1030
14/01/2026 14:16:48,1,1190,1060,3,1,1030
14/01/2026 14:17:04,1,1390,1060,3,0,-999
14/01/2026 14:17:20,1,1390,1060,3,0,-999
14/01/2026 14:17:36,1,1380,1060,3,0,-999
14/01/2026 14:17:52,1,1380,1060,3,0,-999
14/01/2026 14:18:08,1,1380,1060,3,0,-999
14/01/2026 14:18:24,1,1390,1060,3,0,-999
14/01/2026 14:18:40,1,1400,1060,3,0,-999
14/01/2026 14:18:56,1,1400,1060,3,0,-999
14/01/2026 14:19:12,1,1410,1060,3,0,-999
14/01/2026 14:19:28,1,1410,1060,3,0,-999
14/01/2026 14:19:44,1,1410,1060,3,0,-999
14/01/2026 14:20:00,1,1410,1060,3,0,-999
14/01/2026 14:20:16,1,1410,1060,3,0,-999
14/01/2026 14:20:32,1,1420,1060,3,0,-999
14/01/2026 14:20:48,1,1420,1060,3,1,1000
14/01/2026 14:21:04,1,1450,1060,3,1,1000
14/01/2026 14:21:20,1,1450,1060,3,1,1000
14/01/2026 14:21:36,1,1450,1060,3,1,1000
14/01/2026 14:21:52,1,1340,1060,3,0,-999
14/01/2026 14:22:08,1,1340,1060,3,0,-999
14/01/2026 14:22:24,1,1430,1060,3,0,-999
14/01/2026 14:22:40,1,1440,1060,3,0,-999
14/01/2026 14:22:56,1,1450,1060,3,0,-999
14/01/2026 14:23:12,1,-999,1060,3,2,990
14/01/2026 14:23:28,1,1180,1060,3,2,990
14/01/2026 14:23:44,1,1180,1060,3,1,1080
14/01/2026 14:24:00,1,1180,1060,3,1,1080
14/01/2026 14:24:16,1,1430,1060,3,0,-999
14/01/2026 14:24:32,1,1440,1060,3,0,-999
14/01/2026 14:24:48,1,1450,1060,3,0,-999
14/01/2026 14:25:04,1,1450,1060,3,0,-999
14/01/2026 14:25:20,1,1460,1060,3,0,-999
14/01/2026 14:25:36,1,1420,1060,3,0,-999
14/01/2026 14:25:52,1,1430,1060,3,0,-999
14/01/2026 14:26:08,1,1490,1060,3,0,-999
14/01/2026 14:26:24,1,1500,1060,3,0,-999
14/01/2026 14:26:40,1,1500,1060,3,0,-999
14/01/2026 14:26:56,1,1520,1060,3,0,-999
14/01/2026 14:27:12,1,1520,1060,3,0,-999
14/01/2026 14:27:28,1,1510,1060,3,0,-999
14/01/2026 14:27:44,1,1510,1060,3,0,-999
14/01/2026 14:28:00,1,1510,1060,3,0,-999
14/01/2026 14:28:16,1,1510,1060,3,0,-999
14/01/2026 14:28:32,1,1510,1060,3,0,-999
14/01/2026 14:28:48,1,1510,1060,3,0,-999
14/01/2026 14:29:04,1,1510,1060,3,0,-999
14/01/2026 14:29:20,1,1520,1060,3,0,-999
14/01/2026 14:29:36,1,1530,1060,3,0,-999
14/01/2026 14:29:52,1,1540,1060,3,0,-999
14/01/2026 14:30:08,1,1540,1060,3,0,-999
14/01/2026 14:30:24,1,1540,1060,3,0,-999
14/01/2026 14:30:40,1,1550,1060,3,0,-999
14/01/2026 14:30:56,1,1550,1060,3,0,-999
14/01/2026 14:31:12,1,1550,1060,3,0,-999
14/01/2026 14:31:28,1,1490,1060,3,2,960
14/01/2026 14:31:44,1,1490,1060,3,2,960
14/01/2026 14:32:00,1,1490,1060,3,2,980
14/01/2026 14:32:16,1,1520,1060,3,2,980
14/01/2026 14:32:32,1,1520,1060,3,2,980
14/01/2026 14:32:48,1,1520,1060,3,1,1400
14/01/2026 14:33:04,1,1520,1060,3,1,1400
14/01/2026 14:33:20,1,1540,1060,3,1,960
14/01/2026 14:33:36,1,1540,1060,3,1,960
14/01/2026 14:33:52,1,1540,1060,3,2,980
14/01/2026 14:34:08,1,1540,1060,3,2,980
14/01/2026 14:34:24,1,1570,1060,3,2,1070
14/01/2026 14:34:40,1,1570,1060,3,2,1070
14/01/2026 14:34:56,1,1570,1060,3,2,1070
14/01/2026 14:35:12,1,1560,1060,3,0,-999
14/01/2026 14:35:28,1,1560,1060,3,0,-999
14/01/2026 14:35:44,1,1520,1060,3,0,-999
14/01/2026 14:36:00,1,1510,1060,3,0,-999
14/01/2026 14:36:16,1,-999,1060,3,1,940
14/01/2026 14:36:32,1,-999,1060,3,1,940
14/01/2026 14:36:48,1,-999,1060,3,1,960
14/01/2026 14:37:04,1,-999,1060,3,1,960
14/01/2026 14:37:20,1,-999,1060,3,1,960
14/01/2026 14:37:36,1,-999,1060,3,1,940
14/01/2026 14:37:52,1,-999,1060,3,1,940
14/01/2026 14:38:08,1,-999,1060,3,1,960
14/01/2026 14:38:24,1,-999,1060,3,1,960
14/01/2026 14:38:40,1,1100,1060,3,1,940
14/01/2026 14:38:56,1,1100,1060,3,1,940
14/01/2026 14:39:12,1,1100,1060,3,1,950
14/01/2026 14:39:28,1,1100,1060,3,1,950
14/01/2026 14:39:44,1,1080,1060,3,1,950
14/01/2026 14:40:00,1,1080,1060,3,1,1270
14/01/2026 14:40:16,1,1080,1060,3,1,1270
14/01/2026 14:40:32,1,1100,1060,3,1,930
14/01/2026 14:40:48,1,1100,1060,3,1,930
14/01/2026 14:41:04,1,1100,1060,3,1,1030
14/01/2026 14:41:20,1,1100,1060,3,1,1030
14/01/2026 14:41:36,1,1080,1060,3,1,930
14/01/2026 14:41:52,1,1080,1060,3,1,930
14/01/2026 14:42:08,1,1080,1060,3,1,930
14/01/2026 14:42:24,1,1080,1060,3,1,1080
14/01/2026 14:42:40,1,1080,1060,3,1,1080
14/01/2026 14:42:56,1,1120,1060,3,1,950
14/01/2026 14:43:12,1,1120,1060,3,1,950
14/01/2026 14:43:28,1,1120,1060,3,1,930
14/01/2026 14:43:44,1,1120,1060,3,1,930
14/01/2026 14:44:00,1,1110,1060,3,2,940
14/01/2026 14:44:16,1,1110,1060,3,2,940
14/01/2026 14:44:32,1,1090,1060,3,2,940
14/01/2026 14:44:48,1,1090,1060,3,2,940
14/01/2026 14:45:04,1,1060,1060,3,2,940
14/01/2026 14:45:20,1,1060,1060,3,1,980
14/01/2026 14:45:36,1,1080,1060,3,1,980
14/01/2026 14:45:52,1,1080,1060,3,1,1180
14/01/2026 14:46:08,1,1080,1060,3,1,1180
14/01/2026 14:46:24,1,1080,1060,3,1,1220
14/01/2026 14:46:40,1,1080,1060,3,1,1220
14/01/2026 14:46:56,1,1080,1060,3,1,1220
14/01/2026 14:47:12,1,1080,1060,3,1,940
14/01/2026 14:47:28,1,1080,1060,3,1,940
14/01/2026 14:47:44,1,1080,1060,3,3,980
14/01/2026 14:48:00,1,1080,1060,3,3,980
14/01/2026 14:48:16,1,1440,1060,3,1,4310
14/01/2026 14:48:32,1,1440,1060,3,1,4310
14/01/2026 14:48:48,1,1440,1060,3,1,1180
14/01/2026 14:49:04,1,1440,1060,3,1,1180
14/01/2026 14:49:20,1,1420,1060,3,1,1180
14/01/2026 14:49:36,1,1420,1060,3,1,1220
14/01/2026 14:49:52,1,1380,1060,3,1,1220
14/01/2026 14:50:08,1,1310,1060,3,0,-999
14/01/2026 14:50:24,1,1300,1060,3,0,-999
14/01/2026 14:50:40,1,1330,1060,3,0,-999
14/01/2026 14:50:56,1,1340,1060,3,0,-999
14/01/2026 14:51:12,1,1400,1060,3,1,1040
14/01/2026 14:51:28,1,1380,1060,3,1,1040
14/01/2026 14:51:44,1,1380,1060,3,1,1040
14/01/2026 14:52:00,1,1310,1060,3,2,910
14/01/2026 14:52:16,1,1300,1060,3,2,910
14/01/2026 14:52:32,1,1300,1060,3,1,890
14/01/2026 14:52:48,1,-999,1060,3,1,890
14/01/2026 14:53:04,1,-999,1060,3,2,930
14/01/2026 14:53:20,1,-999,1060,3,2,930
14/01/2026 14:53:36,1,-999,1060,3,2,910
14/01/2026 14:53:52,1,-999,1060,3,2,910
14/01/2026 14:54:08,1,-999,1060,3,2,910
14/01/2026 14:54:24,1,-999,1060,3,2,930
14/01/2026 14:54:40,1,1080,1060,3,2,930
14/01/2026 14:54:56,1,1080,1060,3,1,960
14/01/2026 14:55:12,1,1080,1060,3,1,960
14/01/2026 14:55:28,1,1080,1060,3,1,1010
14/01/2026 14:55:44,1,1080,1060,3,1,1010
14/01/2026 14:56:00,1,1080,1060,3,1,1070
14/01/2026 14:56:16,1,1080,1060,3,1,1070
14/01/2026 14:56:32,1,1080,1060,3,1,1070
14/01/2026 14:56:48,1,1080,1060,3,1,1130
14/01/2026 14:57:04,1,-999,1060,3,1,1130
14/01/2026 14:57:20,1,-999,1060,3,2,1000
14/01/2026 14:57:36,1,1240,1060,3,2,1000
14/01/2026 14:57:52,1,1240,1060,3,1,1000
14/01/2026 14:58:08,1,1230,1060,3,1,1000
14/01/2026 14:58:24,1,1210,1060,3,2,890
14/01/2026 14:58:40,1,1210,1060,3,2,890
14/01/2026 14:58:56,1,1210,1060,3,2,890
14/01/2026 14:59:12,1,1230,1060,3,2,930
14/01/2026 14:59:28,1,1230,1060,3,2,930
14/01/2026 14:59:44,1,1240,1060,3,1,1430
14/01/2026 15:00:00,1,-999,1440,3,1,1430
14/01/2026 15:00:16,1,-999,1440,3,1,1250
14/01/2026 15:00:32,1,-999,1440,3,1,1250
14/01/2026 15:00:48,1,-999,1440,3,1,1220
14/01/2026 15:01:04,1,-999,1440,3,1,1220
14/01/2026 15:01:20,1,1520,1440,3,1,1220
14/01/2026 15:01:36,1,1520,1440,3,1,1340
14/01/2026 15:01:52,1,1520,1440,3,1,1340
14/01/2026 15:02:08,1,1520,1440,3,1,1350
14/01/2026 15:02:24,1,1520,1440,3,1,1350
14/01/2026 15:02:40,1,1520,1440,3,1,1340
14/01/2026 15:02:56,1,1520,1440,3,1,1340
14/01/2026 15:03:12,1,1490,1440,3,1,1330
14/01/2026 15:03:28,1,1490,1440,3,1,1330
14/01/2026 15:03:44,1,850,1440,3,1,1330
14/01/2026 15:04:00,1,850,1440,3,1,1330
14/01/2026 15:04:16,1,830,1440,3,1,1330
14/01/2026 15:04:32,1,1460,1440,3,0,-999
14/01/2026 15:04:48,1,1450,1440,3,0,-999
14/01/2026 15:05:04,1,1480,1440,3,1,1000
14/01/2026 15:05:20,1,1480,1440,3,1,1000
14/01/2026 15:05:36,1,1480,1440,3,2,1160
14/01/2026 15:05:52,1,1470,1440,3,2,1160
14/01/2026 15:06:08,1,1470,1440,3,2,1160
14/01/2026 15:06:24,1,1460,1440,3,1,1160
14/01/2026 15:06:40,1,1460,1440,3,1,1160
14/01/2026 15:06:56,1,1460,1440,3,2,920
14/01/2026 15:07:12,1,1420,1440,3,2,920
14/01/2026 15:07:28,1,1420,1440,3,1,960
14/01/2026 15:07:44,1,1420,1440,3,1,960
14/01/2026 15:08:00,1,1420,1440,3,1,990
14/01/2026 15:08:16,1,1420,1440,3,1,990
14/01/2026 15:08:32,1,1420,1440,3,1,990
14/01/2026 15:08:48,1,1420,1440,3,1,1280
14/01/2026 15:09:04,1,1420,1440,3,1,1280
14/01/2026 15:09:20,1,1420,1440,3,2,910
14/01/2026 15:09:36,1,1420,1440,3,2,910
14/01/2026 15:09:52,1,1420,1440,3,1,910
14/01/2026 15:10:08,1,1420,1440,3,1,910
14/01/2026 15:10:24,1,1310,1440,3,0,-999
14/01/2026 15:10:40,1,1310,1440,3,0,-999
14/01/2026 15:10:56,1,1320,1440,3,0,-999
14/01/2026 15:11:12,1,1460,1440,3,1,1400
14/01/2026 15:11:28,1,1460,1440,3,1,1400
14/01/2026 15:11:44,1,1000,1440,3,2,1050
14/01/2026 15:12:00,1,1000,1440,3,2,1050
14/01/2026 15:12:16,1,1000,1440,3,2,980
14/01/2026 15:12:32,1,1000,1440,3,2,980
14/01/2026 15:12:48,1,1000,1440,3,1,980
14/01/2026 15:13:04,1,1000,1440,3,1,980
14/01/2026 15:13:20,1,1460,1440,3,1,980
14/01/2026 15:13:36,1,1460,1440,3,2,1120
14/01/2026 15:13:52,1,1460,1440,3,2,1120
14/01/2026 15:14:08,1,1460,1440,3,1,1310
14/01/2026 15:14:24,1,1460,1440,3,1,1310
14/01/2026 15:14:40,1,-999,1440,3,1,1140
14/01/2026 15:14:56,1,-999,1440,3,1,1140
14/01/2026 15:15:12,1,-999,1440,3,1,1280
14/01/2026 15:15:28,1,-999,1440,3,1,1280
14/01/2026 15:15:44,1,-999,1440,3,1,1280
14/01/2026 15:16:00,1,-999,1440,3,2,1210
14/01/2026 15:16:16,1,-999,1440,3,2,1210
14/01/2026 15:16:32,1,1440,1440,3,1,1200
14/01/2026 15:16:48,1,1440,1440,3,1,1200
14/01/2026 15:17:04,1,1360,1440,3,0,-999
14/01/2026 15:17:20,1,1360,1440,3,0,-999
14/01/2026 15:17:36,1,1360,1440,3,0,-999
14/01/2026 15:17:52,1,1370,1440,3,0,-999
14/01/2026 15:18:08,1,1370,1440,3,0,-999
14/01/2026 15:18:24,1,1310,1440,3,0,-999
14/01/2026 15:18:40,1,1310,1440,3,0,-999
14/01/2026 15:18:56,1,1470,1440,3,0,-999
14/01/2026 15:19:12,1,1370,1440,3,0,-999
14/01/2026 15:19:28,1,1470,1440,3,0,-999
14/01/2026 15:19:44,1,1480,1440,3,0,-999
14/01/2026 15:20:00,1,1490,1440,3,0,-999
14/01/2026 15:20:16,1,1490,1440,3,0,-999
14/01/2026 15:20:32,1,1490,1440,3,0,-999
14/01/2026 15:20:48,1,1570,1440,3,1,1310
14/01/2026 15:21:04,1,1540,1440,3,1,1310
14/01/2026 15:21:20,1,1540,1440,3,1,1230
14/01/2026 15:21:36,1,840,1440,3,1,1230
14/01/2026 15:21:52,1,840,1440,3,1,1220
14/01/2026 15:22:08,1,840,1440,3,1,1220
14/01/2026 15:22:24,1,1340,1440,3,0,-999
14/01/2026 15:22:40,1,1340,1440,3,0,-999
14/01/2026 15:22:56,1,1340,1440,3,0,-999
14/01/2026 15:23:12,1,850,1440,3,1,1470
14/01/2026 15:23:28,1,850,1440,3,1,1470
14/01/2026 15:23:44,1,850,1440,3,1,1500
14/01/2026 15:24:00,1,850,1440,3,1,1500
14/01/2026 15:24:16,1,1430,1440,3,0,-999
14/01/2026 15:24:32,1,1430,1440,3,0,-999
14/01/2026 15:24:48,1,1300,1440,3,0,-999
14/01/2026 15:25:04,1,1370,1440,3,0,-999
14/01/2026 15:25:20,1,1360,1440,3,0,-999
14/01/2026 15:25:36,1,1330,1440,3,0,-999
14/01/2026 15:25:52,1,1330,1440,3,0,-999
14/01/2026 15:26:08,1,1330,1440,3,0,-999
14/01/2026 15:26:24,1,1360,1440,3,0,-999
14/01/2026 15:26:40,1,1360,1440,3,0,-999
14/01/2026 15:26:56,1,1510,1440,3,0,-999
14/01/2026 15:27:12,1,1410,1440,3,0,-999
14/01/2026 15:27:28,1,1400,1440,3,0,-999
14/01/2026 15:27:44,1,1400,1440,3,0,-999
14/01/2026 15:28:00,1,1390,1440,3,0,-999
14/01/2026 15:28:16,1,1380,1440,3,0,-999
14/01/2026 15:28:32,1,1370,1440,3,0,-999
14/01/2026 15:28:48,1,1370,1440,3,0,-999
14/01/2026 15:29:04,1,1370,1440,3,0,-999
14/01/2026 15:29:20,1,1370,1440,3,0,-999
14/01/2026 15:29:36,1,1370,1440,3,0,-999
14/01/2026 15:29:52,1,1370,1440,3,0,-999
14/01/2026 15:30:08,1,1370,1440,3,0,-999
14/01/2026 15:30:24,1,1360,1440,3,0,-999
14/01/2026 15:30:40,1,1350,1440,3,0,-999
14/01/2026 15:30:56,1,1350,1440,3,0,-999
14/01/2026 15:31:12,1,1350,1440,3,0,-999
14/01/2026 15:31:28,1,1350,1440,3,0,-999
14/01/2026 15:31:44,1,1340,1440,3,0,-999
14/01/2026 15:32:00,1,1340,1440,3,0,-999
14/01/2026 15:32:16,1,1340,1440,3,0,-999
14/01/2026 15:32:32,1,1340,1440,3,0,-999
14/01/2026 15:32:48,1,1330,1440,3,0,-999
14/01/2026 15:33:04,1,1330,1440,3,0,-999
14/01/2026 15:33:20,1,1320,1440,3,0,-999
14/01/2026 15:33:36,1,1310,1440,3,0,-999
14/01/2026 15:33:52,1,1310,1440,3,0,-999
14/01/2026 15:34:08,1,1300,1440,3,0,-999
14/01/2026 15:34:24,1,1300,1440,3,0,-999
14/01/2026 15:34:40,1,1300,1440,3,0,-999
14/01/2026 15:34:56,1,1300,1440,3,0,-999
14/01/2026 15:35:12,1,1300,1440,3,0,-999
14/01/2026 15:35:28,1,1310,1440,3,0,-999
14/01/2026 15:35:44,1,1310,1440,3,0,-999
14/01/2026 15:36:00,1,1300,1440,3,0,-999
14/01/2026 15:36:16,1,1300,1440,3,0,-999
14/01/2026 15:36:32,1,1300,1440,3,0,-999
14/01/2026 15:36:48,1,920,1440,3,1,950
14/01/2026 15:37:04,1,920,1440,3,1,950
14/01/2026 15:37:20,1,930,1440,3,1,950
14/01/2026 15:37:36,1,930,1440,3,1,970
14/01/2026 15:37:52,1,930,1440,3,1,970
14/01/2026 15:38:08,1,1320,1440,3,0,-999
14/01/2026 15:38:24,1,1320,1440,3,0,-999
14/01/2026 15:38:40,1,1310,1440,3,0,-999
14/01/2026 15:38:56,1,1310,1440,3,0,-999
14/01/2026 15:39:12,1,1320,1440,3,0,-999
14/01/2026 15:39:28,1,1320,1440,3,0,-999
14/01/2026 15:39:44,1,1320,1440,3,0,-999
14/01/2026 15:40:00,1,1300,1440,3,0,-999
14/01/2026 15:40:16,1,1300,1440,3,0,-999
14/01/2026 15:40:32,1,1310,1440,3,0,-999
14/01/2026 15:40:48,1,1270,1440,3,0,-999
14/01/2026 15:41:04,1,1150,1440,3,1,980
14/01/2026 15:41:20,1,1150,1440,3,1,980
14/01/2026 15:41:36,1,1260,1440,3,0,-999
14/01/2026 15:41:52,1,1260,1440,3,0,-999
14/01/2026 15:42:08,1,1260,1440,3,0,-999
14/01/2026 15:42:24,1,1200,1440,3,0,-999
14/01/2026 15:42:40,1,1200,1440,3,0,-999
14/01/2026 15:42:56,1,1270,1440,3,0,-999
14/01/2026 15:43:12,1,1270,1440,3,0,-999
14/01/2026 15:43:28,1,1250,1440,3,0,-999
14/01/2026 15:43:44,1,1250,1440,3,0,-999
14/01/2026 15:44:00,1,1230,1440,3,0,-999
14/01/2026 15:44:16,1,1270,1440,3,0,-999
14/01/2026 15:44:32,1,1270,1440,3,0,-999
14/01/2026 15:44:48,1,1270,1440,3,0,-999
14/01/2026 15:45:04,1,1260,1440,3,0,-999
14/01/2026 15:45:20,1,1260,1440,3,0,-999
14/01/2026 15:45:36,1,1260,1440,3,0,-999
14/01/2026 15:45:52,1,1260,1440,3,0,-999
14/01/2026 15:46:08,1,1260,1440,3,0,-999
14/01/2026 15:46:24,1,1260,1440,3,0,-999
14/01/2026 15:46:40,1,1260,1440,3,0,-999
14/01/2026 15:46:56,1,1260,1440,3,0,-999
14/01/2026 15:47:12,1,1260,1440,3,0,-999
14/01/2026 15:47:28,1,1270,1440,3,0,-999
14/01/2026 15:47:44,1,1390,1440,3,1,900
14/01/2026 15:48:00,1,1390,1440,3,1,900
14/01/2026 15:48:16,1,1390,1440,3,1,920
14/01/2026 15:48:32,1,1390,1440,3,1,920
14/01/2026 15:48:48,1,1380,1440,3,1,1170
14/01/2026 15:49:04,1,1380,1440,3,1,1170
14/01/2026 15:49:20,1,1380,1440,3,1,1170
14/01/2026 15:49:36,1,1380,1440,3,1,1220
14/01/2026 15:49:52,1,1380,1440,3,1,1220
14/01/2026 15:50:08,1,1380,1440,3,1,1240
14/01/2026 15:50:24,1,1370,1440,3,1,1240
14/01/2026 15:50:40,1,1240,1440,3,0,-999
14/01/2026 15:50:56,1,1240,1440,3,0,-999
14/01/2026 15:51:12,1,1370,1440,3,1,1050
14/01/2026 15:51:28,1,1370,1440,3,1,1050
14/01/2026 15:51:44,1,1370,1440,3,1,1050
14/01/2026 15:52:00,1,1370,1440,3,1,1090
14/01/2026 15:52:16,1,1370,1440,3,1,1090
14/01/2026 15:52:32,1,1370,1440,3,2,970
14/01/2026 15:52:48,1,-999,1440,3,2,970
14/01/2026 15:53:04,1,-999,1440,3,1,980
14/01/2026 15:53:20,1,-999,1440,3,1,980
14/01/2026 15:53:36,1,-999,1440,3,1,990
14/01/2026 15:53:52,1,-999,1440,3,1,990
14/01/2026 15:54:08,1,1170,1440,3,1,990
14/01/2026 15:54:24,1,1270,1440,3,0,-999
14/01/2026 15:54:40,1,1260,1440,3,0,-999
14/01/2026 15:54:56,1,1170,1440,3,1,1080
14/01/2026 15:55:12,1,1170,1440,3,1,1080
14/01/2026 15:55:28,1,1150,1440,3,1,1040
14/01/2026 15:55:44,1,1150,1440,3,1,1040
14/01/2026 15:56:00,1,1270,1440,3,0,-999
14/01/2026 15:56:16,1,1270,1440,3,0,-999
14/01/2026 15:56:32,1,1270,1440,3,0,-999
14/01/2026 15:56:48,1,1140,1440,3,1,900
14/01/2026 15:57:04,1,1140,1440,3,1,900
14/01/2026 15:57:20,1,1140,1440,3,1,890
14/01/2026 15:57:36,1,1110,1440,3,1,890
14/01/2026 15:57:52,1,1070,1440,3,1,910
14/01/2026 15:58:08,1,1070,1440,3,1,910
14/01/2026 15:58:24,1,1070,1440,3,1,900
14/01/2026 15:58:40,1,1070,1440,3,1,900
14/01/2026 15:58:56,1,1070,1440,3,1,900
14/01/2026 15:59:12,1,1240,1440,3,0,-999
14/01/2026 15:59:28,1,1240,1440,3,0,-999
14/01/2026 15:59:44,1,1070,1440,3,1,970
14/01/2026 16:00:00,2,1070,1330,3,1,970
14/01/2026 16:00:16,2,1070,1330,3,1,980
14/01/2026 16:00:32,2,1060,1330,3,1,980
14/01/2026 16:00:48,2,1240,1330,3,0,-999
14/01/2026 16:01:04,2,1240,1330,3,0,-999
14/01/2026 16:01:20,2,1240,1330,3,0,-999
14/01/2026 16:01:36,2,1070,1330,3,1,890
14/01/2026 16:01:52,2,1070,1330,3,1,890
14/01/2026 16:02:08,2,1070,1330,3,1,900
14/01/2026 16:02:24,2,1070,1330,3,1,900
14/01/2026 16:02:40,2,1070,1330,3,1,910
14/01/2026 16:02:56,2,1070,1330,3,1,910
14/01/2026 16:03:12,2,1070,1330,3,1,920
14/01/2026 16:03:28,2,1070,1330,3,1,920
14/01/2026 16:03:44,2,1070,1330,3,1,920
14/01/2026 16:04:00,2,1070,1330,3,1,910
14/01/2026 16:04:16,2,1070,1330,3,1,910
14/01/2026 16:04:32,2,1070,1330,3,1,920
14/01/2026 16:04:48,2,1070,1330,3,1,920
14/01/2026 16:05:04,2,1290,1330,3,0,-999
14/01/2026 16:05:20,2,1300,1330,3,0,-999
14/01/2026 16:05:36,2,1070,1330,3,1,1020
14/01/2026 16:05:52,2,1070,1330,3,1,1020
14/01/2026 16:06:08,2,1080,1330,3,1,1020
14/01/2026 16:06:24,2,1310,1330,3,0,-999
14/01/2026 16:06:40,2,1320,1330,3,0,-999
14/01/2026 16:06:56,2,1330,1330,3,0,-999
14/01/2026 16:07:12,2,1330,1330,3,0,-999
14/01/2026 16:07:28,2,1320,1330,3,0,-999
14/01/2026 16:07:44,2,1330,1330,3,0,-999
14/01/2026 16:08:00,2,1310,1330,3,0,-999
14/01/2026 16:08:16,2,1310,1330,3,0,-999
14/01/2026 16:08:32,2,1320,1330,3,0,-999
14/01/2026 16:08:48,2,1180,1330,3,2,890
14/01/2026 16:09:04,2,-999,1330,3,2,890
14/01/2026 16:09:20,2,1350,1330,3,1,4940
14/01/2026 16:09:36,2,1360,1330,3,1,4940
14/01/2026 16:09:52,2,1390,1330,3,1,4940
14/01/2026 16:10:08,2,1430,1330,3,1,4940
14/01/2026 16:10:24,2,1510,1330,3,2,1320
14/01/2026 16:10:40,2,1510,1330,3,2,1320
14/01/2026 16:10:56,2,1510,1330,3,2,1320
14/01/2026 16:11:12,2,970,1330,3,2,1350
14/01/2026 16:11:28,2,970,1330,3,2,1350
14/01/2026 16:11:44,2,970,1330,3,2,1550
14/01/2026 16:12:00,2,970,1330,3,2,1550
14/01/2026 16:12:16,2,1000,1330,3,2,1380
14/01/2026 16:12:32,2,1000,1330,3,2,1380
14/01/2026 16:12:48,2,1000,1330,3,2,1610
14/01/2026 16:13:04,2,1000,1330,3,2,1610
14/01/2026 16:13:20,2,1000,1330,3,2,1610
14/01/2026 16:13:36,2,1000,1330,3,2,1620
14/01/2026 16:13:52,2,1000,1330,3,2,1620
14/01/2026 16:14:08,2,1000,1330,3,2,1650
14/01/2026 16:14:24,2,1000,1330,3,2,1650
14/01/2026 16:14:40,2,1010,1330,3,1,2220
14/01/2026 16:14:56,2,1020,1330,3,1,2220
14/01/2026 16:15:12,2,1020,1330,3,1,2250
14/01/2026 16:15:28,2,1040,1330,3,1,2250
14/01/2026 16:15:44,2,1040,1330,3,1,2250
14/01/2026 16:16:00,2,1040,1330,3,1,2270
14/01/2026 16:16:16,2,1040,1330,3,1,2270
14/01/2026 16:16:32,2,1040,1330,3,2,2300
14/01/2026 16:16:48,2,1040,1330,3,2,2300
14/01/2026 16:17:04,2,1050,1330,3,2,1270
14/01/2026 16:17:20,2,1050,1330,3,2,1270
14/01/2026 16:17:36,2,1050,1330,3,1,1270
14/01/2026 16:17:52,2,1050,1330,3,1,1270
14/01/2026 16:18:08,2,1050,1330,3,1,1270
14/01/2026 16:18:24,2,1580,1330,3,1,4900
14/01/2026 16:18:40,2,1570,1330,3,1,4900
14/01/2026 16:18:56,2,1510,1330,3,1,4780
14/01/2026 16:19:12,2,1520,1330,3,1,4780
14/01/2026 16:19:28,2,1580,1330,3,1,4760
14/01/2026 16:19:44,2,1580,1330,3,1,4760
14/01/2026 16:20:00,2,1470,1330,3,1,4750
14/01/2026 16:20:16,2,1480,1330,3,1,4750
14/01/2026 16:20:32,2,1470,1330,3,1,4750
14/01/2026 16:20:48,2,1060,1330,3,2,860
14/01/2026 16:21:04,2,1040,1330,3,2,860
14/01/2026 16:21:20,2,1040,1330,3,2,870
14/01/2026 16:21:36,2,1040,1330,3,2,870
14/01/2026 16:21:52,2,1040,1330,3,2,1390
14/01/2026 16:22:08,2,1060,1330,3,2,1390
14/01/2026 16:22:24,2,1650,1330,3,3,1400
14/01/2026 16:22:40,2,1650,1330,3,3,1400
14/01/2026 16:22:56,2,-999,1330,3,3,1400
14/01/2026 16:23:12,2,1540,1330,3,1,5020
14/01/2026 16:23:28,2,1540,1330,3,1,5020
14/01/2026 16:23:44,2,1560,1330,3,1,5110
14/01/2026 16:24:00,2,1560,1330,3,1,5110
14/01/2026 16:24:16,2,1610,1330,3,2,4760
14/01/2026 16:24:32,2,1590,1330,3,2,4760
14/01/2026 16:24:48,2,1630,1330,3,1,4760
14/01/2026 16:25:04,2,1640,1330,3,1,4760
14/01/2026 16:25:20,2,1640,1330,3,1,4760
14/01/2026 16:25:36,2,1650,1330,3,1,4760
14/01/2026 16:25:52,2,1650,1330,3,1,4760
14/01/2026 16:26:08,2,1560,1330,3,2,2120
14/01/2026 16:26:24,2,1580,1330,3,2,2120
14/01/2026 16:26:40,2,1710,1330,3,1,4740
14/01/2026 16:26:56,2,1640,1330,3,1,4740
14/01/2026 16:27:12,2,1500,1330,3,1,4740
14/01/2026 16:27:28,2,1500,1330,3,1,4740
14/01/2026 16:27:44,2,1490,1330,3,1,4740
14/01/2026 16:28:00,2,1460,1330,3,1,4750
14/01/2026 16:28:16,2,1460,1330,3,1,4750
14/01/2026 16:28:32,2,1460,1330,3,1,4730
14/01/2026 16:28:48,2,1460,1330,3,1,4730
14/01/2026 16:29:04,2,1460,1330,3,1,4730
14/01/2026 16:29:20,2,1480,1330,3,1,4730
14/01/2026 16:29:36,2,1480,1330,3,1,4820
14/01/2026 16:29:52,2,1480,1330,3,1,4820
14/01/2026 16:30:08,2,1490,1330,3,1,4820
14/01/2026 16:30:24,2,1490,1330,3,1,4860
14/01/2026 16:30:40,2,1490,1330,3,1,4860
14/01/2026 16:30:56,2,1490,1330,3,1,4890
14/01/2026 16:31:12,2,1480,1330,3,1,4890
14/01/2026 16:31:28,2,1480,1330,3,1,4890
14/01/2026 16:31:44,2,1480,1330,3,1,4890
14/01/2026 16:32:00,2,1470,1330,3,1,4820
14/01/2026 16:32:16,2,1470,1330,3,1,4820
14/01/2026 16:32:32,2,1470,1330,3,1,4820
14/01/2026 16:32:48,2,1470,1330,3,1,4830
14/01/2026 16:33:04,2,1460,1330,3,1,4830
14/01/2026 16:33:20,2,1460,1330,3,1,4970
14/01/2026 16:33:36,2,1460,1330,3,1,4970
14/01/2026 16:33:52,2,1460,1330,3,1,4940
14/01/2026 16:34:08,2,1470,1330,3,1,4940
14/01/2026 16:34:24,2,1490,1330,3,1,4470
14/01/2026 16:34:40,2,1500,1330,3,1,4470
14/01/2026 16:34:56,2,1520,1330,3,1,4470
14/01/2026 16:35:12,2,1530,1330,3,1,4880
14/01/2026 16:35:28,2,1540,1330,3,1,4880
14/01/2026 16:35:44,2,1460,1330,3,2,2050
14/01/2026 16:36:00,2,1460,1330,3,2,2050
14/01/2026 16:36:16,2,1460,1330,3,1,2060
14/01/2026 16:36:32,2,1460,1330,3,1,2060
14/01/2026 16:36:48,2,1460,1330,3,1,2050
14/01/2026 16:37:04,2,1460,1330,3,1,2050
14/01/2026 16:37:20,2,1460,1330,3,1,2050
14/01/2026 16:37:36,2,1460,1330,3,2,900
14/01/2026 16:37:52,2,1460,1330,3,2,900
14/01/2026 16:38:08,2,1460,1330,3,1,870
14/01/2026 16:38:24,2,1450,1330,3,1,870
14/01/2026 16:38:40,2,1450,1330,3,2,870
14/01/2026 16:38:56,2,1450,1330,3,2,870
14/01/2026 16:39:12,2,1450,1330,3,1,2050
14/01/2026 16:39:28,2,1450,1330,3,1,2050
14/01/2026 16:39:44,2,1450,1330,3,1,2050
14/01/2026 16:40:00,2,1420,1330,3,1,2050
14/01/2026 16:40:16,2,1420,1330,3,1,2050
14/01/2026 16:40:32,2,-999,1330,3,1,2060
14/01/2026 16:40:48,2,-999,1330,3,1,2060
14/01/2026 16:41:04,2,-999,1330,3,1,2070
14/01/2026 16:41:20,2,-999,1330,3,1,2070
14/01/2026 16:41:36,2,-999,1330,3,1,2070
14/01/2026 16:41:52,2,-999,1330,3,1,2070
14/01/2026 16:42:08,2,2150,1330,3,1,2070
14/01/2026 16:42:24,2,2150,1330,3,2,890
14/01/2026 16:42:40,2,2150,1330,3,2,890
14/01/2026 16:42:56,2,2150,1330,3,2,1020
14/01/2026 16:43:12,2,2150,1330,3,2,1020
14/01/2026 16:43:28,2,1120,1330,3,2,1020
14/01/2026 16:43:44,2,1120,1330,3,2,1020
14/01/2026 16:44:00,2,1080,1330,3,1,2040
14/01/2026 16:44:16,2,1080,1330,3,1,2040
14/01/2026 16:44:32,2,1060,1330,3,1,2040
14/01/2026 16:44:48,2,1060,1330,3,2,900
14/01/2026 16:45:04,2,1060,1330,3,2,900
14/01/2026 16:45:20,2,1060,1330,3,1,2050
14/01/2026 16:45:36,2,1080,1330,3,1,2050
14/01/2026 16:45:52,2,1080,1330,3,3,880
14/01/2026 16:46:08,2,1080,1330,3,3,880
14/01/2026 16:46:24,2,1060,1330,3,2,880
14/01/2026 16:46:40,2,1060,1330,3,2,880
14/01/2026 16:46:56,2,1060,1330,3,2,880
14/01/2026 16:47:12,2,1290,1330,3,1,4350
14/01/2026 16:47:28,2,1290,1330,3,1,4350
14/01/2026 16:47:44,2,1050,1330,3,2,830
14/01/2026 16:48:00,2,1010,1330,3,2,830
14/01/2026 16:48:16,2,1010,1330,3,2,910
14/01/2026 16:48:32,2,1010,1330,3,2,910
14/01/2026 16:48:48,2,1000,1330,3,3,1230
14/01/2026 16:49:04,2,1000,1330,3,3,1230
14/01/2026 16:49:20,2,1000,1330,3,3,1230
14/01/2026 16:49:36,2,1000,1330,3,2,1130
14/01/2026 16:49:52,2,990,1330,3,2,1130
14/01/2026 16:50:08,2,-999,1330,3,1,1150
14/01/2026 16:50:24,2,-999,1330,3,1,1150
14/01/2026 16:50:40,2,1280,1330,3,2,1160
14/01/2026 16:50:56,2,1280,1330,3,2,1160
14/01/2026 16:51:12,2,1300,1330,3,2,1300
14/01/2026 16:51:28,2,1300,1330,3,2,1300
14/01/2026 16:51:44,2,1300,1330,3,2,1300
14/01/2026 16:52:00,2,1310,1330,3,2,840
14/01/2026 16:52:16,2,1310,1330,3,2,840
14/01/2026 16:52:32,2,1310,1330,3,3,850
14/01/2026 16:52:48,2,1310,1330,3,3,850
14/01/2026 16:53:04,2,1310,1330,3,3,980
14/01/2026 16:53:20,2,1300,1330,3,3,980
14/01/2026 16:53:36,2,1310,1330,3,3,850
14/01/2026 16:53:52,2,-999,1330,3,3,850
14/01/2026 16:54:08,2,-999,1330,3,3,850
14/01/2026 16:54:24,2,990,1330,3,2,880
14/01/2026 16:54:40,2,1000,1330,3,2,880
14/01/2026 16:54:56,2,990,1330,3,2,820
14/01/2026 16:55:12,2,990,1330,3,2,820
14/01/2026 16:55:28,2,940,1330,3,2,820
14/01/2026 16:55:44,2,940,1330,3,2,820
14/01/2026 16:56:00,2,940,1330,3,2,820
14/01/2026 16:56:16,2,990,1330,3,2,820
14/01/2026 16:56:32,2,990,1330,3,2,820
14/01/2026 16:56:48,2,990,1330,3,2,920
14/01/2026 16:57:04,2,990,1330,3,2,920
14/01/2026 16:57:20,2,1240,1330,3,1,4290
14/01/2026 16:57:36,2,1250,1330,3,1,4290
14/01/2026 16:57:52,2,990,1330,3,2,840
14/01/2026 16:58:08,2,990,1330,3,2,840
14/01/2026 16:58:24,2,1230,1330,3,1,4870
14/01/2026 16:58:40,2,1230,1330,3,1,4870
14/01/2026 16:58:56,2,1230,1330,3,1,4870
14/01/2026 16:59:12,2,1250,1330,3,1,4390
14/01/2026 16:59:28,2,1250,1330,3,1,4390
14/01/2026 16:59:44,2,1240,1330,3,2,4390
14/01/2026 17:00:00,1,1250,1470,3,2,4390
14/01/2026 17:00:16,1,1290,1470,3,3,820
14/01/2026 17:00:32,1,1290,1470,3,3,820
14/01/2026 17:00:48,1,1290,1470,3,2,830
14/01/2026 17:01:04,1,1290,1470,3,2,830
14/01/2026 17:01:20,1,1290,1470,3,2,830
14/01/2026 17:01:36,1,1210,1470,3,2,4270
14/01/2026 17:01:52,1,1200,1470,3,2,4270
14/01/2026 17:02:08,1,1150,1470,3,1,4390
14/01/2026 17:02:24,1,1150,1470,3,1,4390
14/01/2026 17:02:40,1,1140,1470,3,2,4280
14/01/2026 17:02:56,1,1140,1470,3,2,4280
14/01/2026 17:03:12,1,1330,1470,3,2,800
14/01/2026 17:03:28,1,1330,1470,3,2,800
14/01/2026 17:03:44,1,1340,1470,3,2,800
14/01/2026 17:04:00,1,1340,1470,3,2,810
14/01/2026 17:04:16,1,1340,1470,3,2,810
14/01/2026 17:04:32,1,1140,1470,3,1,4510
14/01/2026 17:04:48,1,1140,1470,3,1,4510
14/01/2026 17:05:04,1,1120,1470,3,1,4560
14/01/2026 17:05:20,1,1120,1470,3,1,4560
14/01/2026 17:05:36,1,1070,1470,3,1,4520
14/01/2026 17:05:52,1,1070,1470,3,1,4520
14/01/2026 17:06:08,1,1070,1470,3,1,4520
14/01/2026 17:06:24,1,870,1470,3,2,860
14/01/2026 17:06:40,1,900,1470,3,2,860
14/01/2026 17:06:56,1,900,1470,3,2,810
14/01/2026 17:07:12,1,900,1470,3,2,810
14/01/2026 17:07:28,1,900,1470,3,2,810
14/01/2026 17:07:44,1,930,1470,3,2,810
14/01/2026 17:08:00,1,930,1470,3,2,910
14/01/2026 17:08:16,1,930,1470,3,2,910
14/01/2026 17:08:32,1,930,1470,3,2,910
14/01/2026 17:08:48,1,930,1470,3,2,970
14/01/2026 17:09:04,1,930,1470,3,2,970
14/01/2026 17:09:20,1,930,1470,3,2,830
14/01/2026 17:09:36,1,930,1470,3,2,830
14/01/2026 17:09:52,1,930,1470,3,2,810
14/01/2026 17:10:08,1,940,1470,3,2,810
14/01/2026 17:10:24,1,940,1470,3,2,840
14/01/2026 17:10:40,1,940,1470,3,2,840
14/01/2026 17:10:56,1,940,1470,3,2,840
14/01/2026 17:11:12,1,1210,1470,3,1,4270
14/01/2026 17:11:28,1,1220,1470,3,1,4270
14/01/2026 17:11:44,1,940,1470,3,2,810
14/01/2026 17:12:00,1,940,1470,3,2,810
14/01/2026 17:12:16,1,940,1470,3,2,820
14/01/2026 17:12:32,1,940,1470,3,2,820
14/01/2026 17:12:48,1,1180,1470,3,1,4250
14/01/2026 17:13:04,1,1190,1470,3,1,4250
14/01/2026 17:13:20,1,1200,1470,3,1,4250
14/01/2026 17:13:36,1,940,1470,3,2,820
14/01/2026 17:13:52,1,940,1470,3,2,820
14/01/2026 17:14:08,1,940,1470,3,1,980
14/01/2026 17:14:24,1,940,1470,3,1,980
14/01/2026 17:14:40,1,1260,1470,3,0,-999
14/01/2026 17:14:56,1,1270,1470,3,0,-999
14/01/2026 17:15:12,1,920,1470,3,3,810
14/01/2026 17:15:28,1,920,1470,3,3,810
14/01/2026 17:15:44,1,920,1470,3,3,810
14/01/2026 17:16:00,1,920,1470,3,2,790
14/01/2026 17:16:16,1,920,1470,3,2,790
14/01/2026 17:16:32,1,920,1470,3,2,810
14/01/2026 17:16:48,1,930,1470,3,2,810
14/01/2026 17:17:04,1,1210,1470,3,1,940
14/01/2026 17:17:20,1,1210,1470,3,1,940
14/01/2026 17:17:36,1,1210,1470,3,1,980
14/01/2026 17:17:52,1,1200,1470,3,1,980
14/01/2026 17:18:08,1,1200,1470,3,1,980
14/01/2026 17:18:24,1,1200,1470,3,1,900
14/01/2026 17:18:40,1,1200,1470,3,1,900
14/01/2026 17:18:56,1,1160,1470,3,1,820
14/01/2026 17:19:12,1,1160,1470,3,1,820
14/01/2026 17:19:28,1,1160,1470,3,2,820
14/01/2026 17:19:44,1,1160,1470,3,2,820
14/01/2026 17:20:00,1,1160,1470,3,2,860
14/01/2026 17:20:16,1,-999,1470,3,2,860
14/01/2026 17:20:32,1,-999,1470,3,2,860
14/01/2026 17:20:48,1,-999,1470,3,2,840
14/01/2026 17:21:04,1,1060,1470,3,2,840
14/01/2026 17:21:20,1,990,1470,3,2,830
14/01/2026 17:21:36,1,990,1470,3,2,830
14/01/2026 17:21:52,1,990,1470,3,2,910
14/01/2026 17:22:08,1,1010,1470,3,2,910
14/01/2026 17:22:24,1,990,1470,3,3,1020
14/01/2026 17:22:40,1,990,1470,3,3,1020
14/01/2026 17:22:56,1,-999,1470,3,3,1020
14/01/2026 17:23:12,1,-999,1470,3,3,800
14/01/2026 17:23:28,1,1290,1470,3,3,800
14/01/2026 17:23:44,1,1290,1470,3,3,830
14/01/2026 17:24:00,1,1290,1470,3,3,830
14/01/2026 17:24:16,1,-999,1470,3,2,820
14/01/2026 17:24:32,1,-999,1470,3,2,820
14/01/2026 17:24:48,1,940,1470,3,2,830
14/01/2026 17:25:04,1,940,1470,3,2,830
14/01/2026 17:25:20,1,920,1470,3,2,830
14/01/2026 17:25:36,1,1380,1470,3,1,2110
14/01/2026 17:25:52,1,1400,1470,3,1,2110
14/01/2026 17:26:08,1,1380,1470,3,2,1170
14/01/2026 17:26:24,1,1380,1470,3,2,1170
14/01/2026 17:26:40,1,920,1470,3,2,2120
14/01/2026 17:26:56,1,920,1470,3,2,2120
14/01/2026 17:27:12,1,920,1470,3,2,800
14/01/2026 17:27:28,1,920,1470,3,2,800
14/01/2026 17:27:44,1,920,1470,3,2,800
14/01/2026 17:28:00,1,920,1470,3,2,790
14/01/2026 17:28:16,1,920,1470,3,2,790
14/01/2026 17:28:32,1,920,1470,3,3,820
14/01/2026 17:28:48,1,-999,1470,3,3,820
14/01/2026 17:29:04,1,-999,1470,3,2,820
14/01/2026 17:29:20,1,-999,1470,3,2,820
14/01/2026 17:29:36,1,1180,1470,3,1,4310
14/01/2026 17:29:52,1,1170,1470,3,1,4310
14/01/2026 17:30:08,1,1160,1470,3,1,4310
14/01/2026 17:30:24,1,1150,1470,3,1,4320
14/01/2026 17:30:40,1,1150,1470,3,1,4320
14/01/2026 17:30:56,1,1160,1470,3,1,4440
14/01/2026 17:31:12,1,1160,1470,3,1,4440
14/01/2026 17:31:28,1,1150,1470,3,1,4250
14/01/2026 17:31:44,1,1180,1470,3,1,4250
14/01/2026 17:32:00,1,1150,1470,3,2,940
14/01/2026 17:32:16,1,1130,1470,3,2,940
14/01/2026 17:32:32,1,1130,1470,3,2,940
14/01/2026 17:32:48,1,1130,1470,3,2,970
14/01/2026 17:33:04,1,1130,1470,3,2,970
14/01/2026 17:33:20,1,1130,1470,3,2,930
14/01/2026 17:33:36,1,1130,1470,3,2,930
14/01/2026 17:33:52,1,1080,1470,3,2,960
14/01/2026 17:34:08,1,1080,1470,3,2,960
14/01/2026 17:34:24,1,1070,1470,3,2,940
14/01/2026 17:34:40,1,1070,1470,3,2,940
14/01/2026 17:34:56,1,1070,1470,3,2,940
14/01/2026 17:35:12,1,1130,1470,3,1,4220
14/01/2026 17:35:28,1,1140,1470,3,1,4220
14/01/2026 17:35:44,1,1160,1470,3,1,4250
14/01/2026 17:36:00,1,1160,1470,3,1,4250
14/01/2026 17:36:16,1,1060,1470,3,2,950
14/01/2026 17:36:32,1,1060,1470,3,2,950
14/01/2026 17:36:48,1,1060,1470,3,2,970
14/01/2026 17:37:04,1,1060,1470,3,2,970
14/01/2026 17:37:20,1,1060,1470,3,2,970
14/01/2026 17:37:36,1,1060,1470,3,2,960
14/01/2026 17:37:52,1,1060,1470,3,2,960
14/01/2026 17:38:08,1,1160,1470,3,1,4160
14/01/2026 17:38:24,1,1160,1470,3,1,4160
14/01/2026 17:38:40,1,1170,1470,3,1,4140
14/01/2026 17:38:56,1,1170,1470,3,1,4140
14/01/2026 17:39:12,1,1100,1470,3,2,920
14/01/2026 17:39:28,1,1100,1470,3,2,920
14/01/2026 17:39:44,1,1060,1470,3,2,920
14/01/2026 17:40:00,1,1060,1470,3,2,910
14/01/2026 17:40:16,1,1060,1470,3,2,910
14/01/2026 17:40:32,1,1060,1470,3,2,800
14/01/2026 17:40:48,1,1060,1470,3,2,800
14/01/2026 17:41:04,1,1060,1470,3,3,800
14/01/2026 17:41:20,1,1060,1470,3,3,800
14/01/2026 17:41:36,1,1060,1470,3,2,860
14/01/2026 17:41:52,1,1040,1470,3,2,860
14/01/2026 17:42:08,1,1040,1470,3,2,860
14/01/2026 17:42:24,1,1140,1470,3,1,4190
14/01/2026 17:42:40,1,1140,1470,3,1,4190
14/01/2026 17:42:56,1,1150,1470,3,1,4150
14/01/2026 17:43:12,1,1150,1470,3,1,4150
14/01/2026 17:43:28,1,1160,1470,3,1,4130
14/01/2026 17:43:44,1,1160,1470,3,1,4130
14/01/2026 17:44:00,1,1120,1470,3,1,4080
14/01/2026 17:44:16,1,1110,1470,3,1,4080
14/01/2026 17:44:32,1,1110,1470,3,1,4080
14/01/2026 17:44:48,1,1130,1470,3,1,4090
14/01/2026 17:45:04,1,1120,1470,3,1,4090
14/01/2026 17:45:20,1,1130,1470,3,1,4160
14/01/2026 17:45:36,1,1130,1470,3,1,4160
14/01/2026 17:45:52,1,1160,1470,3,1,4150
14/01/2026 17:46:08,1,1160,1470,3,1,4150
14/01/2026 17:46:24,1,1150,1470,3,1,4250
14/01/2026 17:46:40,1,1150,1470,3,1,4250
14/01/2026 17:46:56,1,1150,1470,3,1,4250
14/01/2026 17:47:12,1,1120,1470,3,2,4110
14/01/2026 17:47:28,1,1140,1470,3,2,4110
14/01/2026 17:47:44,1,1130,1470,3,1,4090
14/01/2026 17:48:00,1,1120,1470,3,1,4090
14/01/2026 17:48:16,1,1120,1470,3,1,4080
14/01/2026 17:48:32,1,1110,1470,3,1,4080
14/01/2026 17:48:48,1,-999,1470,3,2,780
14/01/2026 17:49:04,1,-999,1470,3,2,780
14/01/2026 17:49:20,1,-999,1470,3,2,780
14/01/2026 17:49:36,1,-999,1470,3,1,4020
14/01/2026 17:49:52,1,-999,1470,3,1,4020
14/01/2026 17:50:08,1,-999,1470,3,1,4030
14/01/2026 17:50:24,1,-999,1470,3,1,4030
14/01/2026 17:50:40,1,-999,1470,3,1,4030
14/01/2026 17:50:56,1,-999,1470,3,1,4030
14/01/2026 17:51:12,1,-999,1470,3,1,4050
14/01/2026 17:51:28,1,-999,1470,3,1,4050
14/01/2026 17:51:44,1,-999,1470,3,1,4050
14/01/2026 17:52:00,1,-999,1470,3,1,3870
14/01/2026 17:52:16,1,-999,1470,3,1,3870
14/01/2026 17:52:32,1,-999,1470,3,1,3860
14/01/2026 17:52:48,1,-999,1470,3,1,3860
14/01/2026 17:53:04,1,1070,1470,3,1,3860
14/01/2026 17:53:20,1,1020,1470,3,1,3860
14/01/2026 17:53:36,1,-999,1470,3,1,3860
14/01/2026 17:53:52,1,-999,1470,3,1,3860
14/01/2026 17:54:08,1,-999,1470,3,1,3860
14/01/2026 17:54:24,1,1020,1470,3,1,3880
14/01/2026 17:54:40,1,940,1470,3,1,3880
14/01/2026 17:54:56,1,940,1470,3,2,3440
14/01/2026 17:55:12,1,940,1470,3,2,3440
14/01/2026 17:55:28,1,940,1470,3,3,3200
14/01/2026 17:55:44,1,940,1470,3,3,3200
14/01/2026 17:56:00,1,940,1470,3,3,3100
14/01/2026 17:56:16,1,940,1470,3,3,3100
14/01/2026 17:56:32,1,940,1470,3,3,3100
14/01/2026 17:56:48,1,940,1470,3,2,3330
14/01/2026 17:57:04,1,940,1470,3,2,3330
14/01/2026 17:57:20,1,940,1470,3,2,3330
14/01/2026 17:57:36,1,940,1470,3,2,3330
14/01/2026 17:57:52,1,940,1470,3,3,2860
14/01/2026 17:58:08,1,940,1470,3,3,2860
14/01/2026 17:58:24,1,940,1470,3,3,1500
14/01/2026 17:58:40,1,940,1470,3,3,1500
14/01/2026 17:58:56,1,940,1470,3,3,1500
14/01/2026 17:59:12,1,940,1470,3,3,1930
14/01/2026 17:59:28,1,-999,1470,3,3,1930
14/01/2026 17:59:44,1,-999,1470,3,3,2220
14/01/2026 18:00:00,1,-999,1130,3,3,2220
14/01/2026 18:00:16,1,-999,1130,3,3,2080
14/01/2026 18:00:32,1,-999,1130,3,3,2080
14/01/2026 18:00:48,1,-999,1130,3,2,1990
14/01/2026 18:01:04,1,-999,1130,3,2,1990
14/01/2026 18:01:20,1,-999,1130,3,2,1990
14/01/2026 18:01:36,1,-999,1130,3,2,2340
14/01/2026 18:01:52,1,-999,1130,3,2,2340
14/01/2026 18:02:08,1,-999,1130,3,3,960
14/01/2026 18:02:24,1,-999,1130,3,3,960
14/01/2026 18:02:40,1,-999,1130,3,3,930
14/01/2026 18:02:56,1,-999,1130,3,3,930
14/01/2026 18:03:12,1,-999,1130,3,3,820
14/01/2026 18:03:28,1,-999,1130,3,3,820
14/01/2026 18:03:44,1,-999,1130,3,3,820
14/01/2026 18:04:00,1,-999,1130,3,1,790
14/01/2026 18:04:16,1,-999,1130,3,1,790
14/01/2026 18:04:32,1,-999,1130,3,3,790
14/01/2026 18:04:48,1,-999,1130,3,3,790
14/01/2026 18:05:04,1,-999,1130,3,2,780
14/01/2026 18:05:20,1,-999,1130,3,2,780
14/01/2026 18:05:36,1,-999,1130,3,3,780
14/01/2026 18:05:52,1,-999,1130,3,3,780
14/01/2026 18:06:08,1,-999,1130,3,3,780
14/01/2026 18:06:24,1,-999,1130,3,3,760
14/01/2026 18:06:40,1,-999,1130,3,3,760
14/01/2026 18:06:56,1,-999,1130,3,2,2040
14/01/2026 18:07:12,1,-999,1130,3,2,2040
14/01/2026 18:07:28,1,-999,1130,3,2,2010
14/01/2026 18:07:44,1,-999,1130,3,2,2010
14/01/2026 18:08:00,1,-999,1130,3,1,2030
14/01/2026 18:08:16,1,-999,1130,3,1,2030
14/01/2026 18:08:32,1,-999,1130,3,1,2030
14/01/2026 18:08:48,1,-999,1130,3,1,2040
14/01/2026 18:09:04,1,-999,1130,3,1,2040
14/01/2026 18:09:20,1,-999,1130,3,1,2030
14/01/2026 18:09:36,1,-999,1130,3,1,2030
14/01/2026 18:09:52,1,-999,1130,3,1,2010
14/01/2026 18:10:08,1,-999,1130,3,1,2010
14/01/2026 18:10:24,1,-999,1130,3,3,1980
14/01/2026 18:10:40,1,-999,1130,3,3,1980
14/01/2026 18:10:56,1,-999,1130,3,3,1980
14/01/2026 18:11:12,1,-999,1130,3,3,840
14/01/2026 18:11:28,1,-999,1130,3,3,840
14/01/2026 18:11:44,1,-999,1130,3,3,720
14/01/2026 18:12:00,1,-999,1130,3,3,720
14/01/2026 18:12:16,1,-999,1130,3,3,700
14/01/2026 18:12:32,1,-999,1130,3,3,700
14/01/2026 18:12:48,1,-999,1130,3,3,630
14/01/2026 18:13:04,1,-999,1130,3,3,630
14/01/2026 18:13:20,1,-999,1130,3,3,630
14/01/2026 18:13:36,1,-999,1130,3,3,470
14/01/2026 18:13:52,1,-999,1130,3,3,470
14/01/2026 18:14:08,1,-999,1130,3,3,450
14/01/2026 18:14:24,1,-999,1130,3,3,450
14/01/2026 18:14:40,1,-999,1130,3,3,430
14/01/2026 18:14:56,1,-999,1130,3,3,430
14/01/2026 18:15:12,1,-999,1130,3,2,800
14/01/2026 18:15:28,1,-999,1130,3,2,800
14/01/2026 18:15:44,1,-999,1130,3,2,800
14/01/2026 18:16:00,1,-999,1130,3,2,760
14/01/2026 18:16:16,1,-999,1130,3,2,760
14/01/2026 18:16:32,1,-999,1130,3,2,770
14/01/2026 18:16:48,1,-999,1130,3,2,770
14/01/2026 18:17:04,1,-999,1130,3,3,410
14/01/2026 18:17:20,1,-999,1130,3,3,410
14/01/2026 18:17:36,1,-999,1130,3,3,360
14/01/2026 18:17:52,1,-999,1130,3,3,360
14/01/2026 18:18:08,1,-999,1130,3,3,360
14/01/2026 18:18:24,1,880,1130,3,1,4500
14/01/2026 18:18:40,1,870,1130,3,1,4500
14/01/2026 18:18:56,1,-999,1130,3,3,740
14/01/2026 18:19:12,1,-999,1130,3,3,740
14/01/2026 18:19:28,1,-999,1130,3,3,340
14/01/2026 18:19:44,1,-999,1130,3,3,340
14/01/2026 18:20:00,1,780,1130,3,1,4470
14/01/2026 18:20:16,1,780,1130,3,1,4470
14/01/2026 18:20:32,1,770,1130,3,1,4470
14/01/2026 18:20:48,1,-999,1130,3,2,760
14/01/2026 18:21:04,1,-999,1130,3,2,760
14/01/2026 18:21:20,1,-999,1130,3,2,740
14/01/2026 18:21:36,1,-999,1130,3,2,740
14/01/2026 18:21:52,1,-999,1130,3,2,850
14/01/2026 18:22:08,1,-999,1130,3,2,850
14/01/2026 18:22:24,1,-999,1130,3,2,800
14/01/2026 18:22:40,1,-999,1130,3,2,800
14/01/2026 18:22:56,1,-999,1130,3,2,800
14/01/2026 18:23:12,1,-999,1130,3,2,970
14/01/2026 18:23:28,1,280,1130,3,2,970
14/01/2026 18:23:44,1,1090,1130,3,1,4560
14/01/2026 18:24:00,1,1110,1130,3,1,4560
14/01/2026 18:24:16,1,1050,1130,3,1,4520
14/01/2026 18:24:32,1,1040,1130,3,1,4520
14/01/2026 18:24:48,1,-999,1130,3,2,960
14/01/2026 18:25:04,1,1050,1130,3,2,960
14/01/2026 18:25:20,1,1050,1130,3,2,960
14/01/2026 18:25:36,1,620,1130,3,2,920
14/01/2026 18:25:52,1,620,1130,3,2,920
14/01/2026 18:26:08,1,620,1130,3,1,990
14/01/2026 18:26:24,1,620,1130,3,1,990
14/01/2026 18:26:40,1,620,1130,3,2,860
14/01/2026 18:26:56,1,620,1130,3,2,860
14/01/2026 18:27:12,1,620,1130,3,1,790
14/01/2026 18:27:28,1,620,1130,3,1,790
14/01/2026 18:27:44,1,620,1130,3,1,790
14/01/2026 18:28:00,1,620,1130,3,1,990
14/01/2026 18:28:16,1,620,1130,3,1,990
14/01/2026 18:28:32,1,620,1130,3,2,1010
14/01/2026 18:28:48,1,620,1130,3,2,1010
14/01/2026 18:29:04,1,620,1130,3,2,990
14/01/2026 18:29:20,1,640,1130,3,2,990
14/01/2026 18:29:36,1,640,1130,3,1,2040
14/01/2026 18:29:52,1,1140,1130,3,1,2040
14/01/2026 18:30:08,1,1140,1130,3,1,2040
14/01/2026 18:30:24,1,1140,1130,3,1,2030
14/01/2026 18:30:40,1,-999,1130,3,1,2030
14/01/2026 18:30:56,1,1160,1130,3,2,960
14/01/2026 18:31:12,1,1160,1130,3,2,960
14/01/2026 18:31:28,1,1170,1130,3,3,770
14/01/2026 18:31:44,1,1170,1130,3,3,770
14/01/2026 18:32:00,1,1170,1130,3,2,790
14/01/2026 18:32:16,1,1170,1130,3,2,790
14/01/2026 18:32:32,1,850,1130,3,2,790
14/01/2026 18:32:48,1,850,1130,3,2,1080
14/01/2026 18:33:04,1,850,1130,3,2,1080
14/01/2026 18:33:20,1,850,1130,3,1,2070
14/01/2026 18:33:36,1,1190,1130,3,1,2070
14/01/2026 18:33:52,1,1170,1130,3,2,850
14/01/2026 18:34:08,1,1170,1130,3,2,850
14/01/2026 18:34:24,1,1170,1130,3,2,840
14/01/2026 18:34:40,1,1160,1130,3,2,840
14/01/2026 18:34:56,1,1160,1130,3,2,840
14/01/2026 18:35:12,1,1170,1130,3,2,1040
14/01/2026 18:35:28,1,-999,1130,3,2,1040
14/01/2026 18:35:44,1,-999,1130,3,3,840
14/01/2026 18:36:00,1,-999,1130,3,3,840
14/01/2026 18:36:16,1,-999,1130,3,2,840
14/01/2026 18:36:32,1,1080,1130,3,2,840
14/01/2026 18:36:48,1,1040,1130,3,1,2100
14/01/2026 18:37:04,1,1040,1130,3,1,2100
14/01/2026 18:37:20,1,970,1130,3,1,2100
14/01/2026 18:37:36,1,970,1130,3,2,860
14/01/2026 18:37:52,1,950,1130,3,2,860
14/01/2026 18:38:08,1,950,1130,3,2,790
14/01/2026 18:38:24,1,950,1130,3,2,790
14/01/2026 18:38:40,1,950,1130,3,2,830
14/01/2026 18:38:56,1,950,1130,3,2,830
14/01/2026 18:39:12,1,970,1130,3,1,820
14/01/2026 18:39:28,1,970,1130,3,1,820
14/01/2026 18:39:44,1,970,1130,3,1,820
14/01/2026 18:40:00,1,950,1130,3,2,760
14/01/2026 18:40:16,1,970,1130,3,2,760
14/01/2026 18:40:32,1,970,1130,3,3,990
14/01/2026 18:40:48,1,970,1130,3,3,990
14/01/2026 18:41:04,1,970,1130,3,3,2060
14/01/2026 18:41:20,1,970,1130,3,3,2060
14/01/2026 18:41:36,1,-999,1130,3,1,2050
14/01/2026 18:41:52,1,-999,1130,3,1,2050
14/01/2026 18:42:08,1,-999,1130,3,1,2050
14/01/2026 18:42:24,1,-999,1130,3,1,2040
14/01/2026 18:42:40,1,-999,1130,3,1,2040
14/01/2026 18:42:56,1,-999,1130,3,1,2030
14/01/2026 18:43:12,1,2140,1130,3,1,2030
14/01/2026 18:43:28,1,2110,1130,3,1,2030
14/01/2026 18:43:44,1,720,1130,3,1,2030
14/01/2026 18:44:00,1,720,1130,3,1,2030
14/01/2026 18:44:16,1,2110,1130,3,1,2030
14/01/2026 18:44:32,1,2100,1130,3,1,2030
14/01/2026 18:44:48,1,-999,1130,3,2,780
14/01/2026 18:45:04,1,-999,1130,3,2,780
14/01/2026 18:45:20,1,800,1130,3,2,770
14/01/2026 18:45:36,1,840,1130,3,2,770
14/01/2026 18:45:52,1,840,1130,3,2,810
14/01/2026 18:46:08,1,840,1130,3,2,810
14/01/2026 18:46:24,1,840,1130,3,2,770
14/01/2026 18:46:40,1,890,1130,3,2,770
14/01/2026 18:46:56,1,890,1130,3,2,770
14/01/2026 18:47:12,1,890,1130,3,2,790
14/01/2026 18:47:28,1,890,1130,3,2,790
14/01/2026 18:47:44,1,920,1130,3,3,820
14/01/2026 18:48:00,1,920,1130,3,3,820
14/01/2026 18:48:16,1,-999,1130,3,1,4030
14/01/2026 18:48:32,1,-999,1130,3,1,4030
14/01/2026 18:48:48,1,920,1130,3,2,2930
14/01/2026 18:49:04,1,920,1130,3,2,2930
14/01/2026 18:49:20,1,940,1130,3,2,2930
14/01/2026 18:49:36,1,-999,1130,3,1,3990
14/01/2026 18:49:52,1,-999,1130,3,1,3990
14/01/2026 18:50:08,1,-999,1130,3,1,3970
14/01/2026 18:50:24,1,-999,1130,3,1,3970
14/01/2026 18:50:40,1,-999,1130,3,1,3970
14/01/2026 18:50:56,1,-999,1130,3,1,3970
14/01/2026 18:51:12,1,-999,1130,3,1,3970
14/01/2026 18:51:28,1,-999,1130,3,1,3970
14/01/2026 18:51:44,1,-999,1130,3,1,3970
14/01/2026 18:52:00,1,-999,1130,3,1,3970
14/01/2026 18:52:16,1,-999,1130,3,1,3970
14/01/2026 18:52:32,1,-999,1130,3,1,3970
14/01/2026 18:52:48,1,-999,1130,3,1,3970
14/01/2026 18:53:04,1,-999,1130,3,1,3970
14/01/2026 18:53:20,1,-999,1130,3,1,3970
14/01/2026 18:53:36,1,-999,1130,3,1,3950
14/01/2026 18:53:52,1,-999,1130,3,1,3950
14/01/2026 18:54:08,1,-999,1130,3,1,3950
14/01/2026 18:54:24,1,-999,1130,3,1,3830
14/01/2026 18:54:40,1,-999,1130,3,1,3830
14/01/2026 18:54:56,1,-999,1130,3,3,2000
14/01/2026 18:55:12,1,-999,1130,3,3,2000
14/01/2026 18:55:28,1,-999,1130,3,1,2000
14/01/2026 18:55:44,1,-999,1130,3,1,2000
14/01/2026 18:56:00,1,-999,1130,3,1,2010
14/01/2026 18:56:16,1,-999,1130,3,1,2010
14/01/2026 18:56:32,1,-999,1130,3,1,2010
14/01/2026 18:56:48,1,-999,1130,3,1,2010
14/01/2026 18:57:04,1,-999,1130,3,1,2010
14/01/2026 18:57:20,1,-999,1130,3,1,2020
14/01/2026 18:57:36,1,-999,1130,3,1,2020
14/01/2026 18:57:52,1,-999,1130,3,1,2020
14/01/2026 18:58:08,1,-999,1130,3,1,2020
14/01/2026 18:58:24,1,-999,1130,3,1,2020
14/01/2026 18:58:40,1,-999,1130,3,1,2020
14/01/2026 18:58:56,1,-999,1130,3,1,2020
14/01/2026 18:59:12,1,-999,1130,3,1,2020
14/01/2026 18:59:28,1,-999,1130,3,1,2020
14/01/2026 18:59:44,1,-999,1130,3,1,2020
14/01/2026 19:00:00,1,-999,950,3,1,2020
14/01/2026 19:00:16,1,-999,950,3,1,2020
14/01/2026 19:00:32,1,-999,950,3,1,2020
14/01/2026 19:00:48,1,-999,950,3,2,1690
14/01/2026 19:01:04,1,-999,950,3,2,1690
14/01/2026 19:01:20,1,-999,950,3,2,1690
14/01/2026 19:01:36,1,-999,950,3,1,1680
14/01/2026 19:01:52,1,-999,950,3,1,1680
14/01/2026 19:02:08,1,-999,950,3,1,1660
14/01/2026 19:02:24,1,-999,950,3,1,1660
14/01/2026 19:02:40,1,-999,950,3,1,1660
14/01/2026 19:02:56,1,-999,950,3,1,1660
14/01/2026 19:03:12,1,-999,950,3,3,790
14/01/2026 19:03:28,1,-999,950,3,3,790
14/01/2026 19:03:44,1,-999,950,3,3,790
14/01/2026 19:04:00,1,-999,950,3,2,1260
14/01/2026 19:04:16,1,-999,950,3,2,1260
14/01/2026 19:04:32,1,-999,950,3,1,1260
14/01/2026 19:04:48,1,-999,950,3,1,1260
14/01/2026 19:05:04,1,-999,950,3,1,1260
14/01/2026 19:05:20,1,-999,950,3,1,1260
14/01/2026 19:05:36,1,-999,950,3,1,1260
14/01/2026 19:05:52,1,-999,950,3,1,1260
14/01/2026 19:06:08,1,-999,950,3,1,1260
14/01/2026 19:06:24,1,-999,950,3,1,1260
14/01/2026 19:06:40,1,-999,950,3,1,1260
14/01/2026 19:06:56,1,-999,950,3,1,1270
14/01/2026 19:07:12,1,-999,950,3,1,1270
14/01/2026 19:07:28,1,-999,950,3,1,1250
14/01/2026 19:07:44,1,-999,950,3,1,1250
14/01/2026 19:08:00,1,-999,950,3,1,1100
14/01/2026 19:08:16,1,-999,950,3,1,1100
14/01/2026 19:08:32,1,-999,950,3,1,1100
14/01/2026 19:08:48,1,-999,950,3,1,1140
14/01/2026 19:09:04,1,-999,950,3,1,1140
14/01/2026 19:09:20,1,-999,950,3,1,1110
14/01/2026 19:09:36,1,-999,950,3,1,1110
14/01/2026 19:09:52,1,-999,950,3,2,760
14/01/2026 19:10:08,1,-999,950,3,2,760
14/01/2026 19:10:24,1,-999,950,3,1,720
14/01/2026 19:10:40,1,-999,950,3,1,720
14/01/2026 19:10:56,1,-999,950,3,1,720
14/01/2026 19:11:12,1,-999,950,3,2,780
14/01/2026 19:11:28,1,-999,950,3,2,780
14/01/2026 19:11:44,1,-999,950,3,1,1250
14/01/2026 19:12:00,1,-999,950,3,1,1250
14/01/2026 19:12:16,1,-999,950,3,2,1260
14/01/2026 19:12:32,1,-999,950,3,2,1260
14/01/2026 19:12:48,1,-999,950,3,1,1660
14/01/2026 19:13:04,1,-999,950,3,1,1660
14/01/2026 19:13:20,1,-999,950,3,1,1660
14/01/2026 19:13:36,1,-999,950,3,2,1180
14/01/2026 19:13:52,1,-999,950,3,2,1180
14/01/2026 19:14:08,1,-999,950,3,2,1200
14/01/2026 19:14:24,1,-999,950,3,2,1200
14/01/2026 19:14:40,1,-999,950,3,1,1220
14/01/2026 19:14:56,1,-999,950,3,1,1220
14/01/2026 19:15:12,1,-999,950,3,1,1240
14/01/2026 19:15:28,1,-999,950,3,1,1240
14/01/2026 19:15:44,1,-999,950,3,1,1240
14/01/2026 19:16:00,1,-999,950,3,1,1210
14/01/2026 19:16:16,1,-999,950,3,1,1210
14/01/2026 19:16:32,1,-999,950,3,2,970
14/01/2026 19:16:48,1,-999,950,3,2,970
14/01/2026 19:17:04,1,-999,950,3,1,1000
14/01/2026 19:17:20,1,-999,950,3,1,1000
14/01/2026 19:17:36,1,-999,950,3,1,1010
14/01/2026 19:17:52,1,-999,950,3,1,1010
14/01/2026 19:18:08,1,-999,950,3,1,1010
14/01/2026 19:18:24,1,-999,950,3,2,990
14/01/2026 19:18:40,1,-999,950,3,2,990
14/01/2026 19:18:56,1,-999,950,3,2,810
14/01/2026 19:19:12,1,-999,950,3,2,810
14/01/2026 19:19:28,1,-999,950,3,1,680
14/01/2026 19:19:44,1,-999,950,3,1,680
14/01/2026 19:20:00,1,-999,950,3,2,910
14/01/2026 19:20:16,1,-999,950,3,2,910
14/01/2026 19:20:32,1,-999,950,3,2,910
14/01/2026 19:20:48,1,-999,950,3,2,730
14/01/2026 19:21:04,1,-999,950,3,2,730
14/01/2026 19:21:20,1,-999,950,3,1,1020
14/01/2026 19:21:36,1,-999,950,3,1,1020
14/01/2026 19:21:52,1,-999,950,3,4,810
14/01/2026 19:22:08,1,-999,950,3,4,810
14/01/2026 19:22:24,1,-999,950,3,1,1090
14/01/2026 19:22:40,1,-999,950,3,1,1090
14/01/2026 19:22:56,1,-999,950,3,1,1090
14/01/2026 19:23:12,1,-999,950,3,2,1100
14/01/2026 19:23:28,1,-999,950,3,2,1100
14/01/2026 19:23:44,1,-999,950,3,2,880
14/01/2026 19:24:00,1,-999,950,3,2,880
14/01/2026 19:24:16,1,-999,950,3,1,1740
14/01/2026 19:24:32,1,-999,950,3,1,1740
14/01/2026 19:24:48,1,-999,950,3,4,1600
14/01/2026 19:25:04,1,-999,950,3,4,1600
14/01/2026 19:25:20,1,-999,950,3,4,1600
14/01/2026 19:25:36,1,-999,950,3,2,1400
14/01/2026 19:25:52,1,-999,950,3,2,1400
14/01/2026 19:26:08,1,-999,950,3,2,1240
14/01/2026 19:26:24,1,-999,950,3,2,1240
14/01/2026 19:26:40,1,-999,950,3,2,1210
14/01/2026 19:26:56,1,-999,950,3,2,1210
14/01/2026 19:27:12,1,-999,950,3,1,1080
14/01/2026 19:27:28,1,-999,950,3,1,1080
14/01/2026 19:27:44,1,-999,950,3,1,1080
14/01/2026 19:28:00,1,-999,950,3,2,1000
14/01/2026 19:28:16,1,-999,950,3,2,1000
14/01/2026 19:28:32,1,-999,950,3,1,930
14/01/2026 19:28:48,1,-999,950,3,1,930
14/01/2026 19:29:04,1,-999,950,3,3,670
14/01/2026 19:29:20,1,-999,950,3,3,670
14/01/2026 19:29:36,1,-999,950,3,2,590
14/01/2026 19:29:52,1,-999,950,3,2,590
14/01/2026 19:30:08,1,-999,950,3,2,590
14/01/2026 19:30:24,1,-999,950,3,1,430
14/01/2026 19:30:40,1,-999,950,3,1,430
14/01/2026 19:30:56,1,-999,950,3,2,430
14/01/2026 19:31:12,1,-999,950,3,2,430
14/01/2026 19:31:28,1,-999,950,3,1,1350
14/01/2026 19:31:44,1,-999,950,3,1,1350
14/01/2026 19:32:00,1,-999,950,3,1,1650
14/01/2026 19:32:16,1,-999,950,3,1,1650
14/01/2026 19:32:32,1,-999,950,3,1,1650
14/01/2026 19:32:48,1,-999,950,3,4,1130
14/01/2026 19:33:04,1,-999,950,3,4,1130
14/01/2026 19:33:20,1,-999,950,3,4,1360
14/01/2026 19:33:36,1,-999,950,3,4,1360
14/01/2026 19:33:52,1,-999,950,3,1,530
14/01/2026 19:34:08,1,-999,950,3,1,530
14/01/2026 19:34:24,1,-999,950,3,2,550
14/01/2026 19:34:40,1,-999,950,3,2,550
14/01/2026 19:34:56,1,-999,950,3,2,550
14/01/2026 19:35:12,1,-999,950,3,2,630
14/01/2026 19:35:28,1,-999,950,3,2,630
14/01/2026 19:35:44,1,-999,950,3,2,810
14/01/2026 19:36:00,1,-999,950,3,2,810
14/01/2026 19:36:16,1,-999,950,3,2,850
14/01/2026 19:36:32,1,-999,950,3,2,850
14/01/2026 19:36:48,1,-999,950,3,1,2980
14/01/2026 19:37:04,1,-999,950,3,1,2980
14/01/2026 19:37:20,1,-999,950,3,1,2980
14/01/2026 19:37:36,1,-999,950,3,2,860
14/01/2026 19:37:52,1,-999,950,3,2,860
14/01/2026 19:38:08,1,-999,950,3,2,840
14/01/2026 19:38:24,1,-999,950,3,2,840
14/01/2026 19:38:40,1,-999,950,3,2,860
14/01/2026 19:38:56,1,-999,950,3,2,860
14/01/2026 19:39:12,1,-999,950,3,2,870
14/01/2026 19:39:28,1,-999,950,3,2,870
14/01/2026 19:39:44,1,-999,950,3,2,870
14/01/2026 19:40:00,1,-999,950,3,2,980
14/01/2026 19:40:16,1,-999,950,3,2,980
14/01/2026 19:40:32,1,-999,950,3,2,3130
14/01/2026 19:40:48,1,-999,950,3,2,3130
14/01/2026 19:41:04,1,-999,950,3,2,1240
14/01/2026 19:41:20,1,-999,950,3,2,1240
14/01/2026 19:41:36,1,-999,950,3,1,3360
14/01/2026 19:41:52,1,-999,950,3,1,3360
14/01/2026 19:42:08,1,-999,950,3,1,3360
14/01/2026 19:42:24,1,-999,950,3,2,1280
14/01/2026 19:42:40,1,-999,950,3,2,1280
14/01/2026 19:42:56,1,-999,950,3,1,3220
14/01/2026 19:43:12,1,-999,950,3,1,3220
14/01/2026 19:43:28,1,-999,950,3,2,2200
14/01/2026 19:43:44,1,-999,950,3,2,2200
14/01/2026 19:44:00,1,-999,950,3,2,2480
14/01/2026 19:44:16,1,-999,950,3,2,2480
14/01/2026 19:44:32,1,-999,950,3,2,2480
14/01/2026 19:44:48,1,-999,950,3,2,2420
14/01/2026 19:45:04,1,-999,950,3,2,2420
14/01/2026 19:45:20,1,-999,950,3,2,2290
14/01/2026 19:45:36,1,-999,950,3,2,2290
14/01/2026 19:45:52,1,-999,950,3,1,3080
14/01/2026 19:46:08,1,-999,950,3,1,3080
14/01/2026 19:46:24,1,-999,950,3,1,1990
14/01/2026 19:46:40,1,-999,950,3,1,1990
14/01/2026 19:46:56,1,-999,950,3,1,1990
14/01/2026 19:47:12,1,-999,950,3,2,1790
14/01/2026 19:47:28,1,-999,950,3,2,1790
14/01/2026 19:47:44,1,-999,950,3,2,1690
14/01/2026 19:48:00,1,-999,950,3,2,1690
14/01/2026 19:48:16,1,-999,950,3,2,1470
14/01/2026 19:48:32,1,-999,950,3,2,1470
14/01/2026 19:48:48,1,-999,950,3,2,1440
14/01/2026 19:49:04,1,-999,950,3,2,1440
14/01/2026 19:49:20,1,-999,950,3,2,1440
14/01/2026 19:49:36,1,-999,950,3,2,1310
14/01/2026 19:49:52,1,-999,950,3,2,1310
14/01/2026 19:50:08,1,-999,950,3,3,820
14/01/2026 19:50:24,1,-999,950,3,3,820
14/01/2026 19:50:40,1,-999,950,3,3,360
14/01/2026 19:50:56,1,-999,950,3,3,360
14/01/2026 19:51:12,1,-999,950,3,2,450
14/01/2026 19:51:28,1,-999,950,3,2,450
14/01/2026 19:51:44,1,-999,950,3,2,450
14/01/2026 19:52:00,1,-999,950,3,2,410
14/01/2026 19:52:16,1,-999,950,3,2,410
14/01/2026 19:52:32,1,-999,950,3,2,510
14/01/2026 19:52:48,1,-999,950,3,2,510
14/01/2026 19:53:04,1,-999,950,3,2,500
14/01/2026 19:53:20,1,-999,950,3,2,500
14/01/2026 19:53:36,1,-999,950,3,4,1270
14/01/2026 19:53:52,1,-999,950,3,4,1270
14/01/2026 19:54:08,1,-999,950,3,4,1270
14/01/2026 19:54:24,1,-999,950,3,1,6160
14/01/2026 19:54:40,1,-999,950,3,1,6160
14/01/2026 19:54:56,1,-999,950,3,1,6170
14/01/2026 19:55:12,1,-999,950,3,1,6170
14/01/2026 19:55:28,1,-999,950,3,1,6170
14/01/2026 19:55:44,1,-999,950,3,1,6170
14/01/2026 19:56:00,1,-999,950,3,1,6210
14/01/2026 19:56:16,1,-999,950,3,1,6210
14/01/2026 19:56:32,1,-999,950,3,1,6210
14/01/2026 19:56:48,1,-999,950,3,3,380
14/01/2026 19:57:04,1,-999,950,3,3,380
14/01/2026 19:57:20,1,-999,950,3,3,370
14/01/2026 19:57:36,1,-999,950,3,3,370
14/01/2026 19:57:52,1,-999,950,3,2,370
14/01/2026 19:58:08,1,-999,950,3,2,370
14/01/2026 19:58:24,1,-999,950,3,2,360
14/01/2026 19:58:40,1,-999,950,3,2,360
14/01/2026 19:58:56,1,-999,950,3,2,360
14/01/2026 19:59:12,1,-999,950,3,1,300
14/01/2026 19:59:28,1,-999,950,3,1,300
14/01/2026 19:59:44,1,-999,950,3,3,290
14/01/2026 20:00:00,-999,-999,-999,3,3,290
14/01/2026 20:00:16,-999,580,-999,3,1,6760
14/01/2026 20:00:32,-999,580,-999,3,1,6760
14/01/2026 20:00:48,-999,540,-999,3,1,6170
14/01/2026 20:01:04,-999,540,-999,3,1,6170
14/01/2026 20:01:20,-999,540,-999,3,1,6170
14/01/2026 20:01:36,-999,530,-999,3,1,6180
14/01/2026 20:01:52,-999,530,-999,3,1,6180
14/01/2026 20:02:08,-999,510,-999,3,1,6180
14/01/2026 20:02:24,-999,510,-999,3,1,6180
14/01/2026 20:02:40,-999,530,-999,3,0,-999
14/01/2026 20:02:56,-999,530,-999,3,0,-999
14/01/2026 20:03:12,-999,540,-999,3,0,-999
14/01/2026 20:03:28,-999,540,-999,3,0,-999
14/01/2026 20:03:44,-999,540,-999,3,0,-999
14/01/2026 20:04:00,-999,530,-999,3,1,6190
14/01/2026 20:04:16,-999,530,-999,3,1,6190
14/01/2026 20:04:32,-999,520,-999,3,2,6190
14/01/2026 20:04:48,-999,510,-999,3,2,6190
14/01/2026 20:05:04,-999,510,-999,3,1,6380
14/01/2026 20:05:20,-999,510,-999,3,1,6380
14/01/2026 20:05:36,-999,380,-999,3,1,6380
14/01/2026 20:05:52,-999,380,-999,3,1,6380
14/01/2026 20:06:08,-999,380,-999,3,1,6380
14/01/2026 20:06:24,-999,380,-999,3,1,6400
14/01/2026 20:06:40,-999,520,-999,3,1,6400
14/01/2026 20:06:56,-999,370,-999,3,1,6400
14/01/2026 20:07:12,-999,370,-999,3,1,6400
14/01/2026 20:07:28,-999,370,-999,3,1,6420
14/01/2026 20:07:44,-999,370,-999,3,1,6420
14/01/2026 20:08:00,-999,370,-999,3,1,6420
14/01/2026 20:08:16,-999,370,-999,3,1,6420
14/01/2026 20:08:32,-999,510,-999,3,1,6420
14/01/2026 20:08:48,-999,510,-999,3,1,6420
14/01/2026 20:09:04,-999,510,-999,3,1,6420
14/01/2026 20:09:20,-999,510,-999,3,1,6410
14/01/2026 20:09:36,-999,510,-999,3,1,6410
14/01/2026 20:09:52,-999,510,-999,3,1,6400
14/01/2026 20:10:08,-999,510,-999,3,1,6400
14/01/2026 20:10:24,-999,510,-999,3,1,6390
14/01/2026 20:10:40,-999,510,-999,3,1,6390
14/01/2026 20:10:56,-999,510,-999,3,1,6390
14/01/2026 20:11:12,-999,70,-999,3,1,6390
14/01/2026 20:11:28,-999,70,-999,3,1,6390
14/01/2026 20:11:44,-999,70,-999,3,1,6380
14/01/2026 20:12:00,-999,70,-999,3,1,6380
14/01/2026 20:12:16,-999,60,-999,3,0,-999
14/01/2026 20:12:32,-999,60,-999,3,0,-999
14/01/2026 20:12:48,-999,60,-999,3,1,550
14/01/2026 20:13:04,-999,60,-999,3,1,550
14/01/2026 20:13:20,-999,60,-999,3,1,550
14/01/2026 20:13:36,-999,50,-999,3,1,550
14/01/2026 20:13:52,-999,50,-999,3,1,550
14/01/2026 20:14:08,-999,50,-999,3,1,530
14/01/2026 20:14:24,-999,50,-999,3,1,530
14/01/2026 20:14:40,-999,50,-999,3,1,540
14/01/2026 20:14:56,-999,50,-999,3,1,540
14/01/2026 20:15:12,-999,50,-999,3,1,570
14/01/2026 20:15:28,-999,50,-999,3,1,570
14/01/2026 20:15:44,-999,50,-999,3,1,570
14/01/2026 20:16:00,-999,50,-999,3,1,610
14/01/2026 20:16:16,-999,50,-999,3,1,610
14/01/2026 20:16:32,-999,50,-999,3,1,660
14/01/2026 20:16:48,-999,50,-999,3,1,660
14/01/2026 20:17:04,-999,50,-999,3,1,730
14/01/2026 20:17:20,-999,50,-999,3,1,730
14/01/2026 20:17:36,-999,50,-999,3,1,730
14/01/2026 20:17:52,-999,50,-999,3,1,730
14/01/2026 20:18:08,-999,50,-999,3,1,730
14/01/2026 20:18:24,-999,50,-999,3,1,740
14/01/2026 20:18:40,-999,50,-999,3,1,740
14/01/2026 20:18:56,-999,50,-999,3,1,770
14/01/2026 20:19:12,-999,50,-999,3,1,770
14/01/2026 20:19:28,-999,50,-999,3,1,830
14/01/2026 20:19:44,-999,50,-999,3,1,830
14/01/2026 20:20:00,-999,390,-999,3,1,800
14/01/2026 20:20:16,-999,390,-999,3,1,800
14/01/2026 20:20:32,-999,390,-999,3,1,800
14/01/2026 20:20:48,-999,390,-999,3,2,670
14/01/2026 20:21:04,-999,910,-999,3,2,670
14/01/2026 20:21:20,-999,930,-999,3,1,700
14/01/2026 20:21:36,-999,930,-999,3,1,700
14/01/2026 20:21:52,-999,930,-999,3,2,610
14/01/2026 20:22:08,-999,930,-999,3,2,610
14/01/2026 20:22:24,-999,930,-999,3,2,640
14/01/2026 20:22:40,-999,940,-999,3,2,640
14/01/2026 20:22:56,-999,930,-999,3,2,640
14/01/2026 20:23:12,-999,50,-999,3,1,770
14/01/2026 20:23:28,-999,50,-999,3,1,770
14/01/2026 20:23:44,-999,50,-999,3,1,830
14/01/2026 20:24:00,-999,60,-999,3,1,830
14/01/2026 20:24:16,-999,870,-999,3,0,-999
14/01/2026 20:24:32,-999,870,-999,3,0,-999
14/01/2026 20:24:48,-999,60,-999,3,0,-999
14/01/2026 20:25:04,-999,840,-999,3,0,-999
14/01/2026 20:25:20,-999,840,-999,3,0,-999
14/01/2026 20:25:36,-999,870,-999,3,0,-999
14/01/2026 20:25:52,-999,860,-999,3,0,-999
14/01/2026 20:26:08,-999,870,-999,3,0,-999
14/01/2026 20:26:24,-999,860,-999,3,0,-999
14/01/2026 20:26:40,-999,1040,-999,3,1,3760
14/01/2026 20:26:56,-999,1040,-999,3,1,3760
14/01/2026 20:27:12,-999,750,-999,3,1,3810
14/01/2026 20:27:28,-999,750,-999,3,1,3810
14/01/2026 20:27:44,-999,750,-999,3,1,3810
14/01/2026 20:28:00,-999,780,-999,3,1,4200
14/01/2026 20:28:16,-999,800,-999,3,1,4200
14/01/2026 20:28:32,-999,810,-999,3,1,4190
14/01/2026 20:28:48,-999,830,-999,3,1,4190
14/01/2026 20:29:04,-999,850,-999,3,1,4150
14/01/2026 20:29:20,-999,870,-999,3,1,4150
14/01/2026 20:29:36,-999,900,-999,3,1,4120
14/01/2026 20:29:52,-999,920,-999,3,1,4120
14/01/2026 20:30:08,-999,930,-999,3,1,4120
14/01/2026 20:30:24,-999,940,-999,3,1,4110
14/01/2026 20:30:40,-999,940,-999,3,1,4110
14/01/2026 20:30:56,-999,940,-999,3,1,4090
14/01/2026 20:31:12,-999,960,-999,3,1,4090
14/01/2026 20:31:28,-999,970,-999,3,2,890
14/01/2026 20:31:44,-999,970,-999,3,2,890
14/01/2026 20:32:00,-999,970,-999,3,2,3800
14/01/2026 20:32:16,-999,970,-999,3,2,3800
14/01/2026 20:32:32,-999,980,-999,3,2,3800
14/01/2026 20:32:48,-999,990,-999,3,1,3760
14/01/2026 20:33:04,-999,990,-999,3,1,3760
14/01/2026 20:33:20,-999,1000,-999,3,1,3770
14/01/2026 20:33:36,-999,1000,-999,3,1,3770
14/01/2026 20:33:52,-999,1000,-999,3,1,3760
14/01/2026 20:34:08,-999,1000,-999,3,1,3760
14/01/2026 20:34:24,-999,1010,-999,3,1,3750
14/01/2026 20:34:40,-999,1010,-999,3,1,3750
14/01/2026 20:34:56,-999,1010,-999,3,1,3750
14/01/2026 20:35:12,-999,1020,-999,3,1,3750
14/01/2026 20:35:28,-999,1020,-999,3,1,3750
14/01/2026 20:35:44,-999,1020,-999,3,1,3740
14/01/2026 20:36:00,-999,1020,-999,3,1,3740
14/01/2026 20:36:16,-999,1020,-999,3,1,3750
14/01/2026 20:36:32,-999,1020,-999,3,1,3750
14/01/2026 20:36:48,-999,1020,-999,3,2,3810
14/01/2026 20:37:04,-999,1020,-999,3,2,3810
14/01/2026 20:37:20,-999,1020,-999,3,2,3810
14/01/2026 20:37:36,-999,1150,-999,3,1,4020
14/01/2026 20:37:52,-999,1150,-999,3,1,4020
14/01/2026 20:38:08,-999,1020,-999,3,1,4000
14/01/2026 20:38:24,-999,1020,-999,3,1,4000
14/01/2026 20:38:40,-999,920,-999,3,0,-999
14/01/2026 20:38:56,-999,910,-999,3,0,-999
14/01/2026 20:39:12,-999,1020,-999,3,1,3980
14/01/2026 20:39:28,-999,1020,-999,3,1,3980
14/01/2026 20:39:44,-999,1020,-999,3,1,3980
14/01/2026 20:40:00,-999,1020,-999,3,1,3970
14/01/2026 20:40:16,-999,1020,-999,3,1,3970
14/01/2026 20:40:32,-999,710,-999,3,0,-999
14/01/2026 20:40:48,-999,750,-999,3,0,-999
14/01/2026 20:41:04,-999,640,-999,3,0,-999
14/01/2026 20:41:20,-999,660,-999,3,0,-999
14/01/2026 20:41:36,-999,1020,-999,3,1,3030
14/01/2026 20:41:52,-999,1020,-999,3,1,3030
14/01/2026 20:42:08,-999,1020,-999,3,1,3030
14/01/2026 20:42:24,-999,1020,-999,3,1,2990
14/01/2026 20:42:40,-999,1020,-999,3,1,2990
14/01/2026 20:42:56,-999,1020,-999,3,1,2960
14/01/2026 20:43:12,-999,1020,-999,3,1,2960
14/01/2026 20:43:28,-999,1020,-999,3,1,2910
14/01/2026 20:43:44,-999,1020,-999,3,1,2910
14/01/2026 20:44:00,-999,1020,-999,3,1,2910
14/01/2026 20:44:16,-999,1020,-999,3,1,2910
14/01/2026 20:44:32,-999,1020,-999,3,1,2910
14/01/2026 20:44:48,-999,1020,-999,3,1,2900
14/01/2026 20:45:04,-999,1020,-999,3,1,2900
14/01/2026 20:45:20,-999,1020,-999,3,1,2890
14/01/2026 20:45:36,-999,1020,-999,3,1,2890
14/01/2026 20:45:52,-999,1020,-999,3,2,810
14/01/2026 20:46:08,-999,1020,-999,3,2,810
14/01/2026 20:46:24,-999,1020,-999,3,1,2940
14/01/2026 20:46:40,-999,1020,-999,3,1,2940
14/01/2026 20:46:56,-999,1020,-999,3,1,2940
14/01/2026 20:47:12,-999,1020,-999,3,1,2890
14/01/2026 20:47:28,-999,1020,-999,3,1,2890
14/01/2026 20:47:44,-999,920,-999,3,1,2890
14/01/2026 20:48:00,-999,910,-999,3,1,2890
14/01/2026 20:48:16,-999,910,-999,3,1,2910
14/01/2026 20:48:32,-999,910,-999,3,1,2910
14/01/2026 20:48:48,-999,910,-999,3,2,830
14/01/2026 20:49:04,-999,910,-999,3,2,830
14/01/2026 20:49:20,-999,910,-999,3,2,830
14/01/2026 20:49:36,-999,910,-999,3,2,850
14/01/2026 20:49:52,-999,920,-999,3,2,850
14/01/2026 20:50:08,-999,920,-999,3,1,2900
14/01/2026 20:50:24,-999,920,-999,3,1,2900
14/01/2026 20:50:40,-999,920,-999,3,1,2900
14/01/2026 20:50:56,-999,930,-999,3,1,2900
14/01/2026 20:51:12,-999,930,-999,3,2,820
14/01/2026 20:51:28,-999,940,-999,3,2,820
14/01/2026 20:51:44,-999,940,-999,3,2,820
14/01/2026 20:52:00,-999,100,-999,3,1,820
14/01/2026 20:52:16,-999,100,-999,3,1,820
14/01/2026 20:52:32,-999,100,-999,3,2,820
14/01/2026 20:52:48,-999,100,-999,3,2,820
14/01/2026 20:53:04,-999,100,-999,3,1,2910
14/01/2026 20:53:20,-999,100,-999,3,1,2910
14/01/2026 20:53:36,-999,950,-999,3,1,2920
14/01/2026 20:53:52,-999,950,-999,3,1,2920
14/01/2026 20:54:08,-999,950,-999,3,1,2920
14/01/2026 20:54:24,-999,950,-999,3,2,2880
14/01/2026 20:54:40,-999,950,-999,3,2,2880
14/01/2026 20:54:56,-999,930,-999,3,1,5650
14/01/2026 20:55:12,-999,920,-999,3,1,5650
14/01/2026 20:55:28,-999,910,-999,3,1,5720
14/01/2026 20:55:44,-999,800,-999,3,1,5720
14/01/2026 20:56:00,-999,550,-999,3,2,2920
14/01/2026 20:56:16,-999,550,-999,3,2,2920
14/01/2026 20:56:32,-999,570,-999,3,2,2920
14/01/2026 20:56:48,-999,570,-999,3,2,2910
14/01/2026 20:57:04,-999,570,-999,3,2,2910
14/01/2026 20:57:20,-999,880,-999,3,1,5740
14/01/2026 20:57:36,-999,880,-999,3,1,5740
14/01/2026 20:57:52,-999,870,-999,3,1,5710
14/01/2026 20:58:08,-999,870,-999,3,1,5710
14/01/2026 20:58:24,-999,870,-999,3,1,5710
14/01/2026 20:58:40,-999,870,-999,3,1,5710
14/01/2026 20:58:56,-999,860,-999,3,1,5710
14/01/2026 20:59:12,-999,850,-999,3,1,5720
14/01/2026 20:59:28,-999,850,-999,3,1,5720
14/01/2026 20:59:44,-999,840,-999,3,1,5730
14/01/2026 21:00:00,1,830,980,3,1,5730
14/01/2026 21:00:16,1,830,980,3,1,5750
14/01/2026 21:00:32,1,820,980,3,1,5750
14/01/2026 21:00:48,1,820,980,3,1,5720
14/01/2026 21:01:04,1,810,980,3,1,5720
14/01/2026 21:01:20,1,810,980,3,1,5720
14/01/2026 21:01:36,1,800,980,3,1,5770
14/01/2026 21:01:52,1,800,980,3,1,5770
14/01/2026 21:02:08,1,790,980,3,1,5800
14/01/2026 21:02:24,1,790,980,3,1,5800
14/01/2026 21:02:40,1,790,980,3,1,5800
14/01/2026 21:02:56,1,790,980,3,1,5800
14/01/2026 21:03:12,1,780,980,3,1,5710
14/01/2026 21:03:28,1,780,980,3,1,5710
14/01/2026 21:03:44,1,780,980,3,1,5710
14/01/2026 21:04:00,1,770,980,3,1,5700
14/01/2026 21:04:16,1,770,980,3,1,5700
14/01/2026 21:04:32,1,520,980,3,2,810
14/01/2026 21:04:48,1,520,980,3,2,810
14/01/2026 21:05:04,1,940,980,3,1,5630
14/01/2026 21:05:20,1,940,980,3,1,5630
14/01/2026 21:05:36,1,760,980,3,1,5690
14/01/2026 21:05:52,1,750,980,3,1,5690
14/01/2026 21:06:08,1,750,980,3,1,5690
14/01/2026 21:06:24,1,770,980,3,1,5680
14/01/2026 21:06:40,1,760,980,3,1,5680
14/01/2026 21:06:56,1,700,980,3,1,5640
14/01/2026 21:07:12,1,570,980,3,1,5640
14/01/2026 21:07:28,1,580,980,3,1,5620
14/01/2026 21:07:44,1,580,980,3,1,5620
14/01/2026 21:08:00,1,570,980,3,1,5630
14/01/2026 21:08:16,1,570,980,3,1,5630
14/01/2026 21:08:32,1,560,980,3,1,5630
14/01/2026 21:08:48,1,560,980,3,1,5630
14/01/2026 21:09:04,1,550,980,3,1,5630
14/01/2026 21:09:20,1,540,980,3,1,5650
14/01/2026 21:09:36,1,540,980,3,1,5650
14/01/2026 21:09:52,1,540,980,3,1,5660
14/01/2026 21:10:08,1,530,980,3,1,5660
14/01/2026 21:10:24,1,470,980,3,1,5680
14/01/2026 21:10:40,1,470,980,3,1,5680
14/01/2026 21:10:56,1,470,980,3,1,5680
14/01/2026 21:11:12,1,460,980,3,1,5710
14/01/2026 21:11:28,1,460,980,3,1,5710
14/01/2026 21:11:44,1,460,980,3,1,5610
14/01/2026 21:12:00,1,450,980,3,1,5610
14/01/2026 21:12:16,1,450,980,3,2,520
14/01/2026 21:12:32,1,450,980,3,2,520
14/01/2026 21:12:48,1,450,980,3,2,440
14/01/2026 21:13:04,1,450,980,3,2,440
14/01/2026 21:13:20,1,450,980,3,2,440
14/01/2026 21:13:36,1,450,980,3,2,430
14/01/2026 21:13:52,1,450,980,3,2,430
14/01/2026 21:14:08,1,550,980,3,2,480
14/01/2026 21:14:24,1,550,980,3,2,480
14/01/2026 21:14:40,1,530,980,3,1,5710
14/01/2026 21:14:56,1,530,980,3,1,5710
14/01/2026 21:15:12,1,550,980,3,2,520
14/01/2026 21:15:28,1,570,980,3,2,520
14/01/2026 21:15:44,1,570,980,3,2,520
14/01/2026 21:16:00,1,570,980,3,2,500
14/01/2026 21:16:16,1,570,980,3,2,500
14/01/2026 21:16:32,1,580,980,3,2,570
14/01/2026 21:16:48,1,580,980,3,2,570
14/01/2026 21:17:04,1,590,980,3,2,520
14/01/2026 21:17:20,1,590,980,3,2,520
14/01/2026 21:17:36,1,590,980,3,2,560
14/01/2026 21:17:52,1,590,980,3,2,560
14/01/2026 21:18:08,1,590,980,3,2,560
14/01/2026 21:18:24,1,600,980,3,2,540
14/01/2026 21:18:40,1,600,980,3,2,540
14/01/2026 21:18:56,1,600,980,3,2,480
14/01/2026 21:19:12,1,600,980,3,2,480
14/01/2026 21:19:28,1,530,980,3,1,5780
14/01/2026 21:19:44,1,530,980,3,1,5780
14/01/2026 21:20:00,1,650,980,3,2,510
14/01/2026 21:20:16,1,650,980,3,2,510
14/01/2026 21:20:32,1,-999,980,3,2,510
14/01/2026 21:20:48,1,-999,980,3,2,470
14/01/2026 21:21:04,1,-999,980,3,2,470
14/01/2026 21:21:20,1,450,980,3,2,5590
14/01/2026 21:21:36,1,460,980,3,2,5590
14/01/2026 21:21:52,1,-999,980,3,2,510
14/01/2026 21:22:08,1,-999,980,3,2,510
14/01/2026 21:22:24,1,-999,980,3,2,460
14/01/2026 21:22:40,1,-999,980,3,2,460
14/01/2026 21:22:56,1,-999,980,3,2,460
14/01/2026 21:23:12,1,530,980,3,2,4580
14/01/2026 21:23:28,1,530,980,3,2,4580
14/01/2026 21:23:44,1,-999,980,3,3,490
14/01/2026 21:24:00,1,-999,980,3,3,490
14/01/2026 21:24:16,1,-999,980,3,2,550
14/01/2026 21:24:32,1,-999,980,3,2,550
14/01/2026 21:24:48,1,470,980,3,2,4550
14/01/2026 21:25:04,1,470,980,3,2,4550
14/01/2026 21:25:20,1,470,980,3,2,4550
14/01/2026 21:25:36,1,440,980,3,2,4540
14/01/2026 21:25:52,1,440,980,3,2,4540
14/01/2026 21:26:08,1,410,980,3,2,4530
14/01/2026 21:26:24,1,400,980,3,2,4530
14/01/2026 21:26:40,1,400,980,3,1,5540
14/01/2026 21:26:56,1,400,980,3,1,5540
14/01/2026 21:27:12,1,380,980,3,1,5600
14/01/2026 21:27:28,1,380,980,3,1,5600
14/01/2026 21:27:44,1,350,980,3,1,5600
14/01/2026 21:28:00,1,350,980,3,1,5630
14/01/2026 21:28:16,1,350,980,3,1,5630
14/01/2026 21:28:32,1,380,980,3,1,5710
14/01/2026 21:28:48,1,360,980,3,1,5710
14/01/2026 21:29:04,1,350,980,3,1,5710
14/01/2026 21:29:20,1,350,980,3,1,5710
14/01/2026 21:29:36,1,350,980,3,1,5690
14/01/2026 21:29:52,1,350,980,3,1,5690
14/01/2026 21:30:08,1,350,980,3,1,5690
14/01/2026 21:30:24,1,350,980,3,1,5640
14/01/2026 21:30:40,1,350,980,3,1,5640
14/01/2026 21:30:56,1,350,980,3,1,5650
14/01/2026 21:31:12,1,350,980,3,1,5650
14/01/2026 21:31:28,1,350,980,3,1,5750
14/01/2026 21:31:44,1,350,980,3,1,5750
14/01/2026 21:32:00,1,350,980,3,1,5750
14/01/2026 21:32:16,1,350,980,3,1,5750
14/01/2026 21:32:32,1,350,980,3,1,5750
14/01/2026 21:32:48,1,350,980,3,1,5720
14/01/2026 21:33:04,1,350,980,3,1,5720
14/01/2026 21:33:20,1,340,980,3,1,5720
14/01/2026 21:33:36,1,340,980,3,1,5720
14/01/2026 21:33:52,1,340,980,3,1,5710
14/01/2026 21:34:08,1,340,980,3,1,5710
14/01/2026 21:34:24,1,340,980,3,1,5680
14/01/2026 21:34:40,1,340,980,3,1,5680
14/01/2026 21:34:56,1,340,980,3,1,5680
14/01/2026 21:35:12,1,340,980,3,1,5650
14/01/2026 21:35:28,1,340,980,3,1,5650
14/01/2026 21:35:44,1,340,980,3,1,5630
14/01/2026 21:36:00,1,340,980,3,1,5630
14/01/2026 21:36:16,1,340,980,3,1,5640
14/01/2026 21:36:32,1,340,980,3,1,5640
14/01/2026 21:36:48,1,340,980,3,1,5660
14/01/2026 21:37:04,1,340,980,3,1,5660
14/01/2026 21:37:20,1,340,980,3,1,5660
14/01/2026 21:37:36,1,340,980,3,1,5670
14/01/2026 21:37:52,1,340,980,3,1,5670
14/01/2026 21:38:08,1,340,980,3,1,5660
14/01/2026 21:38:24,1,340,980,3,1,5660
14/01/2026 21:38:40,1,340,980,3,1,5660
14/01/2026 21:38:56,1,350,980,3,1,5660
14/01/2026 21:39:12,1,350,980,3,2,2610
14/01/2026 21:39:28,1,350,980,3,2,2610
14/01/2026 21:39:44,1,350,980,3,2,2610
14/01/2026 21:40:00,1,350,980,3,2,2620
14/01/2026 21:40:16,1,350,980,3,2,2620
14/01/2026 21:40:32,1,360,980,3,2,2620
14/01/2026 21:40:48,1,360,980,3,2,2620
14/01/2026 21:41:04,1,360,980,3,2,2620
14/01/2026 21:41:20,1,360,980,3,2,2620
14/01/2026 21:41:36,1,360,980,3,2,2620
14/01/2026 21:41:52,1,360,980,3,2,2620
14/01/2026 21:42:08,1,360,980,3,2,2620
14/01/2026 21:42:24,1,360,980,3,1,2630
14/01/2026 21:42:40,1,360,980,3,1,2630
14/01/2026 21:42:56,1,360,980,3,1,2630
14/01/2026 21:43:12,1,360,980,3,1,2630
14/01/2026 21:43:28,1,360,980,3,1,2630
14/01/2026 21:43:44,1,360,980,3,1,2630
14/01/2026 21:44:00,1,360,980,3,1,2630
14/01/2026 21:44:16,1,360,980,3,1,2630
14/01/2026 21:44:32,1,360,980,3,1,2630
14/01/2026 21:44:48,1,360,980,3,1,2630
14/01/2026 21:45:04,1,360,980,3,1,2630
14/01/2026 21:45:20,1,360,980,3,2,2630
14/01/2026 21:45:36,1,370,980,3,2,2630
14/01/2026 21:45:52,1,370,980,3,2,2610
14/01/2026 21:46:08,1,370,980,3,2,2610
14/01/2026 21:46:24,1,370,980,3,1,4830
14/01/2026 21:46:40,1,380,980,3,1,4830
14/01/2026 21:46:56,1,380,980,3,1,4830
14/01/2026 21:47:12,1,380,980,3,1,4830
14/01/2026 21:47:28,1,380,980,3,1,4830
14/01/2026 21:47:44,1,390,980,3,1,4770
14/01/2026 21:48:00,1,390,980,3,1,4770
14/01/2026 21:48:16,1,390,980,3,1,4770
14/01/2026 21:48:32,1,400,980,3,1,4770
14/01/2026 21:48:48,1,400,980,3,1,4740
14/01/2026 21:49:04,1,410,980,3,1,4740
14/01/2026 21:49:20,1,410,980,3,1,4740
14/01/2026 21:49:36,1,410,980,3,1,4760
14/01/2026 21:49:52,1,420,980,3,1,4760
14/01/2026 21:50:08,1,440,980,3,2,4520
14/01/2026 21:50:24,1,440,980,3,2,4520
14/01/2026 21:50:40,1,440,980,3,1,4510
14/01/2026 21:50:56,1,440,980,3,1,4510
14/01/2026 21:51:12,1,440,980,3,1,4510
14/01/2026 21:51:28,1,440,980,3,1,4510
14/01/2026 21:51:44,1,450,980,3,1,4510
14/01/2026 21:52:00,1,450,980,3,1,4500
14/01/2026 21:52:16,1,450,980,3,1,4500
14/01/2026 21:52:32,1,450,980,3,1,4600
14/01/2026 21:52:48,1,440,980,3,1,4600
14/01/2026 21:53:04,1,440,980,3,1,4690
14/01/2026 21:53:20,1,440,980,3,1,4690
14/01/2026 21:53:36,1,440,980,3,1,4750
14/01/2026 21:53:52,1,440,980,3,1,4750
14/01/2026 21:54:08,1,440,980,3,1,4750
14/01/2026 21:54:24,1,440,980,3,2,4530
14/01/2026 21:54:40,1,430,980,3,2,4530
14/01/2026 21:54:56,1,430,980,3,1,4460
14/01/2026 21:55:12,1,430,980,3,1,4460
14/01/2026 21:55:28,1,430,980,3,2,4460
14/01/2026 21:55:44,1,430,980,3,2,4460
14/01/2026 21:56:00,1,430,980,3,1,4900
14/01/2026 21:56:16,1,430,980,3,1,4900
14/01/2026 21:56:32,1,430,980,3,1,4900
14/01/2026 21:56:48,1,420,980,3,2,4780
14/01/2026 21:57:04,1,420,980,3,2,4780
14/01/2026 21:57:20,1,420,980,3,1,4850
14/01/2026 21:57:36,1,420,980,3,1,4850
14/01/2026 21:57:52,1,420,980,3,2,4600
14/01/2026 21:58:08,1,420,980,3,2,4600
14/01/2026 21:58:24,1,410,980,3,2,4390
14/01/2026 21:58:40,1,410,980,3,2,4390
14/01/2026 21:58:56,1,410,980,3,2,4390
14/01/2026 21:59:12,1,410,980,3,2,4100
14/01/2026 21:59:28,1,410,980,3,2,4100
14/01/2026 21:59:44,1,410,980,3,2,4410
14/01/2026 22:00:00,2,400,400,3,2,4410
14/01/2026 22:00:16,2,400,400,3,1,4840
14/01/2026 22:00:32,2,400,400,3,1,4840
14/01/2026 22:00:48,2,400,400,3,1,4770
14/01/2026 22:01:04,2,400,400,3,1,4770
14/01/2026 22:01:20,2,400,400,3,1,4770
14/01/2026 22:01:36,2,400,400,3,2,4010
14/01/2026 22:01:52,2,390,400,3,2,4010
14/01/2026 22:02:08,2,390,400,3,2,3990
14/01/2026 22:02:24,2,390,400,3,2,3990
14/01/2026 22:02:40,2,390,400,3,1,4690
14/01/2026 22:02:56,2,390,400,3,1,4690
14/01/2026 22:03:12,2,390,400,3,3,950
14/01/2026 22:03:28,2,390,400,3,3,950
14/01/2026 22:03:44,2,390,400,3,3,950
14/01/2026 22:04:00,2,390,400,3,2,3990
14/01/2026 22:04:16,2,380,400,3,2,3990
14/01/2026 22:04:32,2,380,400,3,1,5050
14/01/2026 22:04:48,2,380,400,3,1,5050
14/01/2026 22:05:04,2,380,400,3,1,5170
14/01/2026 22:05:20,2,380,400,3,1,5170
14/01/2026 22:05:36,2,380,400,3,1,5090
14/01/2026 22:05:52,2,380,400,3,1,5090
14/01/2026 22:06:08,2,380,400,3,1,5090
14/01/2026 22:06:24,2,380,400,3,1,4970
14/01/2026 22:06:40,2,380,400,3,1,4970
14/01/2026 22:06:56,2,380,400,3,1,4960
14/01/2026 22:07:12,2,380,400,3,1,4960
14/01/2026 22:07:28,2,380,400,3,2,3750
14/01/2026 22:07:44,2,380,400,3,2,3750
14/01/2026 22:08:00,2,380,400,3,2,3750
14/01/2026 22:08:16,2,380,400,3,2,3750
14/01/2026 22:08:32,2,380,400,3,2,3750
14/01/2026 22:08:48,2,380,400,3,2,3770
14/01/2026 22:09:04,2,380,400,3,2,3770
14/01/2026 22:09:20,2,390,400,3,1,4540
14/01/2026 22:09:36,2,390,400,3,1,4540
14/01/2026 22:09:52,2,390,400,3,1,4540
14/01/2026 22:10:08,2,390,400,3,1,4540
14/01/2026 22:10:24,2,390,400,3,2,4560
14/01/2026 22:10:40,2,390,400,3,2,4560
14/01/2026 22:10:56,2,390,400,3,2,4560
14/01/2026 22:11:12,2,390,400,3,2,4530
14/01/2026 22:11:28,2,390,400,3,2,4530
14/01/2026 22:11:44,2,390,400,3,3,4510
14/01/2026 22:12:00,2,390,400,3,3,4510
14/01/2026 22:12:16,2,390,400,3,3,2740
14/01/2026 22:12:32,2,390,400,3,3,2740
14/01/2026 22:12:48,2,390,400,3,2,2740
14/01/2026 22:13:04,2,390,400,3,2,2740
14/01/2026 22:13:20,2,390,400,3,2,2740
14/01/2026 22:13:36,2,390,400,3,1,2750
14/01/2026 22:13:52,2,390,400,3,1,2750
14/01/2026 22:14:08,2,390,400,3,1,2750
14/01/2026 22:14:24,2,390,400,3,1,2750
14/01/2026 22:14:40,2,390,400,3,1,2680
14/01/2026 22:14:56,2,390,400,3,1,2680
14/01/2026 22:15:12,2,390,400,3,2,2720
14/01/2026 22:15:28,2,400,400,3,2,2720
14/01/2026 22:15:44,2,400,400,3,2,2720
14/01/2026 22:16:00,2,400,400,3,2,2750
14/01/2026 22:16:16,2,400,400,3,2,2750
14/01/2026 22:16:32,2,400,400,3,3,2750
14/01/2026 22:16:48,2,400,400,3,3,2750
14/01/2026 22:17:04,2,400,400,3,2,2780
14/01/2026 22:17:20,2,400,400,3,2,2780
14/01/2026 22:17:36,2,400,400,3,1,2800
14/01/2026 22:17:52,2,400,400,3,1,2800
14/01/2026 22:18:08,2,400,400,3,1,2800
14/01/2026 22:18:24,2,400,400,3,1,2750
14/01/2026 22:18:40,2,400,400,3,1,2750
14/01/2026 22:18:56,2,400,400,3,1,2760
14/01/2026 22:19:12,2,400,400,3,1,2760
14/01/2026 22:19:28,2,400,400,3,1,2730
14/01/2026 22:19:44,2,400,400,3,1,2730
14/01/2026 22:20:00,2,400,400,3,1,2730
14/01/2026 22:20:16,2,400,400,3,1,2730
14/01/2026 22:20:32,2,400,400,3,1,2730
14/01/2026 22:20:48,2,400,400,3,1,2730
14/01/2026 22:21:04,2,400,400,3,1,2730
14/01/2026 22:21:20,2,400,400,3,1,2730
14/01/2026 22:21:36,2,400,400,3,1,2730
14/01/2026 22:21:52,2,400,400,3,1,2730
14/01/2026 22:22:08,2,400,400,3,1,2730
14/01/2026 22:22:24,2,400,400,3,1,2730
14/01/2026 22:22:40,2,400,400,3,1,2730
14/01/2026 22:22:56,2,400,400,3,1,2730
14/01/2026 22:23:12,2,400,400,3,1,2750
14/01/2026 22:23:28,2,400,400,3,1,2750
14/01/2026 22:23:44,2,400,400,3,1,2710
14/01/2026 22:24:00,2,400,400,3,1,2710
14/01/2026 22:24:16,2,400,400,3,1,2760
14/01/2026 22:24:32,2,400,400,3,1,2760
14/01/2026 22:24:48,2,400,400,3,2,2840
14/01/2026 22:25:04,2,400,400,3,2,2840
14/01/2026 22:25:20,2,400,400,3,2,2840
14/01/2026 22:25:36,2,400,400,3,1,5200
14/01/2026 22:25:52,2,400,400,3,1,5200
14/01/2026 22:26:08,2,400,400,3,1,5250
14/01/2026 22:26:24,2,410,400,3,1,5250
14/01/2026 22:26:40,2,410,400,3,1,5280
14/01/2026 22:26:56,2,410,400,3,1,5280
14/01/2026 22:27:12,2,410,400,3,1,5290
14/01/2026 22:27:28,2,410,400,3,1,5290
14/01/2026 22:27:44,2,410,400,3,1,5290
14/01/2026 22:28:00,2,-999,400,3,1,5260
14/01/2026 22:28:16,2,-999,400,3,1,5260
14/01/2026 22:28:32,2,-999,400,3,1,5240
14/01/2026 22:28:48,2,-999,400,3,1,5240
14/01/2026 22:29:04,2,-999,400,3,2,4200
14/01/2026 22:29:20,2,-999,400,3,2,4200
14/01/2026 22:29:36,2,-999,400,3,1,5220
14/01/2026 22:29:52,2,-999,400,3,1,5220
14/01/2026 22:30:08,2,-999,400,3,1,5220
14/01/2026 22:30:24,2,410,400,3,2,2780
14/01/2026 22:30:40,2,410,400,3,2,2780
14/01/2026 22:30:56,2,410,400,3,2,2720
14/01/2026 22:31:12,2,410,400,3,2,2720
14/01/2026 22:31:28,2,410,400,3,2,2640
14/01/2026 22:31:44,2,410,400,3,2,2640
14/01/2026 22:32:00,2,410,400,3,2,2560
14/01/2026 22:32:16,2,410,400,3,2,2560
14/01/2026 22:32:32,2,410,400,3,2,2560
14/01/2026 22:32:48,2,410,400,3,2,1060
14/01/2026 22:33:04,2,410,400,3,2,1060
14/01/2026 22:33:20,2,410,400,3,2,1080
14/01/2026 22:33:36,2,410,400,3,2,1080
14/01/2026 22:33:52,2,410,400,3,2,1070
14/01/2026 22:34:08,2,410,400,3,2,1070
14/01/2026 22:34:24,2,410,400,3,1,1050
14/01/2026 22:34:40,2,410,400,3,1,1050
14/01/2026 22:34:56,2,400,400,3,1,1050
14/01/2026 22:35:12,2,400,400,3,1,1050
14/01/2026 22:35:28,2,400,400,3,1,1050
14/01/2026 22:35:44,2,400,400,3,1,1050
14/01/2026 22:36:00,2,400,400,3,1,1050
14/01/2026 22:36:16,2,400,400,3,1,1060
14/01/2026 22:36:32,2,400,400,3,1,1060
14/01/2026 22:36:48,2,400,400,3,1,1030
14/01/2026 22:37:04,2,400,400,3,1,1030
14/01/2026 22:37:20,2,400,400,3,1,1030
14/01/2026 22:37:36,2,400,400,3,1,1030
14/01/2026 22:37:52,2,400,400,3,1,1030
14/01/2026 22:38:08,2,400,400,3,1,1040
14/01/2026 22:38:24,2,400,400,3,1,1040
14/01/2026 22:38:40,2,400,400,3,1,1030
14/01/2026 22:38:56,2,400,400,3,1,1030
14/01/2026 22:39:12,2,400,400,3,1,1020
14/01/2026 22:39:28,2,400,400,3,1,1020
14/01/2026 22:39:44,2,400,400,3,1,1020
14/01/2026 22:40:00,2,400,400,3,1,1010
14/01/2026 22:40:16,2,400,400,3,1,1010
14/01/2026 22:40:32,2,400,400,3,1,1000
14/01/2026 22:40:48,2,400,400,3,1,1000
14/01/2026 22:41:04,2,400,400,3,1,1010
14/01/2026 22:41:20,2,400,400,3,1,1010
14/01/2026 22:41:36,2,400,400,3,1,1000
14/01/2026 22:41:52,2,400,400,3,1,1000
14/01/2026 22:42:08,2,400,400,3,1,1000
14/01/2026 22:42:24,2,400,400,3,1,1010
14/01/2026 22:42:40,2,400,400,3,1,1010
14/01/2026 22:42:56,2,400,400,3,1,1020
14/01/2026 22:43:12,2,400,400,3,1,1020
14/01/2026 22:43:28,2,400,400,3,1,1010
14/01/2026 22:43:44,2,410,400,3,1,1010
14/01/2026 22:44:00,2,410,400,3,1,1020
14/01/2026 22:44:16,2,410,400,3,1,1020
14/01/2026 22:44:32,2,410,400,3,1,1020
14/01/2026 22:44:48,2,410,400,3,1,990
14/01/2026 22:45:04,2,410,400,3,1,990
14/01/2026 22:45:20,2,410,400,3,1,990
14/01/2026 22:45:36,2,410,400,3,1,990
14/01/2026 22:45:52,2,420,400,3,1,990
14/01/2026 22:46:08,2,420,400,3,1,990
14/01/2026 22:46:24,2,420,400,3,1,960
14/01/2026 22:46:40,2,430,400,3,1,960
14/01/2026 22:46:56,2,430,400,3,1,960
14/01/2026 22:47:12,2,430,400,3,1,990
14/01/2026 22:47:28,2,440,400,3,1,990
14/01/2026 22:47:44,2,440,400,3,1,1020
14/01/2026 22:48:00,2,440,400,3,1,1020
14/01/2026 22:48:16,2,450,400,3,1,1040
14/01/2026 22:48:32,2,450,400,3,1,1040
14/01/2026 22:48:48,2,460,400,3,1,1040
14/01/2026 22:49:04,2,460,400,3,1,1040
14/01/2026 22:49:20,2,470,400,3,1,1040
14/01/2026 22:49:36,2,480,400,3,1,1040
14/01/2026 22:49:52,2,480,400,3,1,1040
14/01/2026 22:50:08,2,490,400,3,1,1040
14/01/2026 22:50:24,2,490,400,3,1,1040
14/01/2026 22:50:40,2,500,400,3,1,1050
14/01/2026 22:50:56,2,560,400,3,1,1050
14/01/2026 22:51:12,2,570,400,3,1,1030
14/01/2026 22:51:28,2,570,400,3,1,1030
14/01/2026 22:51:44,2,580,400,3,1,1030
14/01/2026 22:52:00,2,590,400,3,1,1040
14/01/2026 22:52:16,2,610,400,3,1,1040
14/01/2026 22:52:32,2,630,400,3,1,1040
14/01/2026 22:52:48,2,630,400,3,1,1040
14/01/2026 22:53:04,2,630,400,3,1,1060
14/01/2026 22:53:20,2,630,400,3,1,1060
14/01/2026 22:53:36,2,630,400,3,1,1070
14/01/2026 22:53:52,2,630,400,3,1,1070
14/01/2026 22:54:08,2,630,400,3,1,1070
14/01/2026 22:54:24,2,630,400,3,1,1050
14/01/2026 22:54:40,2,620,400,3,1,1050
14/01/2026 22:54:56,2,610,400,3,1,1030
14/01/2026 22:55:12,2,610,400,3,1,1030
14/01/2026 22:55:28,2,610,400,3,1,1020
14/01/2026 22:55:44,2,610,400,3,1,1020
14/01/2026 22:56:00,2,610,400,3,1,1010
14/01/2026 22:56:16,2,610,400,3,1,1010
14/01/2026 22:56:32,2,610,400,3,1,1010
14/01/2026 22:56:48,2,610,400,3,1,1000
14/01/2026 22:57:04,2,610,400,3,1,1000
14/01/2026 22:57:20,2,610,400,3,1,1000
14/01/2026 22:57:36,2,610,400,3,1,1000
14/01/2026 22:57:52,2,610,400,3,1,1000
14/01/2026 22:58:08,2,610,400,3,1,1000
14/01/2026 22:58:24,2,610,400,3,1,980
14/01/2026 22:58:40,2,610,400,3,1,980
14/01/2026 22:58:56,2,610,400,3,1,980
14/01/2026 22:59:12,2,610,400,3,1,980
14/01/2026 22:59:28,2,610,400,3,1,980
14/01/2026 22:59:44,2,610,400,3,1,990
14/01/2026 23:00:00,2,610,400,3,1,990
14/01/2026 23:00:16,2,610,400,3,1,980
14/01/2026 23:00:32,2,610,400,3,1,980
14/01/2026 23:00:48,2,610,400,3,1,1120
14/01/2026 23:01:04,2,610,400,3,1,1120
14/01/2026 23:01:20,2,610,400,3,1,1120
14/01/2026 23:01:36,2,610,400,3,1,1180
14/01/2026 23:01:52,2,610,400,3,1,1180
14/01/2026 23:02:08,2,570,400,3,0,-999
14/01/2026 23:02:24,2,570,400,3,0,-999
14/01/2026 23:02:40,2,610,400,3,1,1100
14/01/2026 23:02:56,2,610,400,3,1,1100
14/01/2026 23:03:12,2,610,400,3,1,1100
14/01/2026 23:03:28,2,610,400,3,1,1100
14/01/2026 23:03:44,2,610,400,3,1,1100
14/01/2026 23:04:00,2,610,400,3,1,1110
14/01/2026 23:04:16,2,610,400,3,1,1110
14/01/2026 23:04:32,2,610,400,3,1,1020
14/01/2026 23:04:48,2,610,400,3,1,1020
14/01/2026 23:05:04,2,610,400,3,1,1030
14/01/2026 23:05:20,2,610,400,3,1,1030
14/01/2026 23:05:36,2,610,400,3,1,1030
14/01/2026 23:05:52,2,610,400,3,1,1030
14/01/2026 23:06:08,2,610,400,3,1,1030
14/01/2026 23:06:24,2,580,400,3,1,1030
14/01/2026 23:06:40,2,560,400,3,1,1030
14/01/2026 23:06:56,2,550,400,3,1,1180
14/01/2026 23:07:12,2,550,400,3,1,1180
14/01/2026 23:07:28,2,550,400,3,1,1180
14/01/2026 23:07:44,2,540,400,3,1,1180
14/01/2026 23:08:00,2,540,400,3,1,1180
14/01/2026 23:08:16,2,530,400,3,1,1180
14/01/2026 23:08:32,2,530,400,3,1,1180
14/01/2026 23:08:48,2,530,400,3,1,1200
14/01/2026 23:09:04,2,530,400,3,1,1200
14/01/2026 23:09:20,2,530,400,3,1,1180
14/01/2026 23:09:36,2,530,400,3,1,1180
14/01/2026 23:09:52,2,530,400,3,1,1180
14/01/2026 23:10:08,2,530,400,3,1,1180
14/01/2026 23:10:24,2,520,400,3,1,1180
14/01/2026 23:10:40,2,520,400,3,1,1180
14/01/2026 23:10:56,2,520,400,3,1,1180
14/01/2026 23:11:12,2,500,400,3,1,1190
14/01/2026 23:11:28,2,500,400,3,1,1190
14/01/2026 23:11:44,2,500,400,3,1,1190
14/01/2026 23:12:00,2,500,400,3,1,1190
14/01/2026 23:12:16,2,500,400,3,1,1190
14/01/2026 23:12:32,2,500,400,3,1,1190
14/01/2026 23:12:48,2,500,400,3,1,1190
14/01/2026 23:13:04,2,500,400,3,1,1190
14/01/2026 23:13:20,2,500,400,3,1,1190
14/01/2026 23:13:36,2,500,400,3,1,1190
14/01/2026 23:13:52,2,500,400,3,1,1190
14/01/2026 23:14:08,2,520,400,3,1,1200
14/01/2026 23:14:24,2,540,400,3,1,1200
14/01/2026 23:14:40,2,540,400,3,1,1210
14/01/2026 23:14:56,2,540,400,3,1,1210
14/01/2026 23:15:12,2,540,400,3,1,1210
14/01/2026 23:15:28,2,540,400,3,1,1210
14/01/2026 23:15:44,2,540,400,3,1,1210
14/01/2026 23:16:00,2,540,400,3,1,1200
14/01/2026 23:16:16,2,540,400,3,1,1200
14/01/2026 23:16:32,2,550,400,3,1,1210
14/01/2026 23:16:48,2,550,400,3,1,1210
14/01/2026 23:17:04,2,560,400,3,2,590
14/01/2026 23:17:20,2,570,400,3,2,590
14/01/2026 23:17:36,2,570,400,3,1,1180
14/01/2026 23:17:52,2,580,400,3,1,1180
14/01/2026 23:18:08,2,580,400,3,1,1180
14/01/2026 23:18:24,2,590,400,3,2,590
14/01/2026 23:18:40,2,600,400,3,2,590
14/01/2026 23:18:56,2,600,400,3,1,1180
14/01/2026 23:19:12,2,600,400,3,1,1180
14/01/2026 23:19:28,2,600,400,3,1,1190
14/01/2026 23:19:44,2,600,400,3,1,1190
14/01/2026 23:20:00,2,600,400,3,1,1200
14/01/2026 23:20:16,2,600,400,3,1,1200
14/01/2026 23:20:32,2,600,400,3,1,1200
14/01/2026 23:20:48,2,600,400,3,1,1200
14/01/2026 23:21:04,2,600,400,3,1,1200
14/01/2026 23:21:20,2,600,400,3,1,1210
14/01/2026 23:21:36,2,620,400,3,1,1210
14/01/2026 23:21:52,2,630,400,3,1,1220
14/01/2026 23:22:08,2,630,400,3,1,1220
14/01/2026 23:22:24,2,630,400,3,2,580
14/01/2026 23:22:40,2,630,400,3,2,580
14/01/2026 23:22:56,2,630,400,3,2,580
14/01/2026 23:23:12,2,630,400,3,1,1250
14/01/2026 23:23:28,2,630,400,3,1,1250
14/01/2026 23:23:44,2,630,400,3,2,540
14/01/2026 23:24:00,2,630,400,3,2,540
14/01/2026 23:24:16,2,630,400,3,2,530
14/01/2026 23:24:32,2,630,400,3,2,530
14/01/2026 23:24:48,2,630,400,3,1,1230
14/01/2026 23:25:04,2,630,400,3,1,1230
14/01/2026 23:25:20,2,630,400,3,1,1230
14/01/2026 23:25:36,2,630,400,3,1,1230
14/01/2026 23:25:52,2,640,400,3,1,1230
14/01/2026 23:26:08,2,630,400,3,1,1260
14/01/2026 23:26:24,2,630,400,3,1,1260
14/01/2026 23:26:40,2,620,400,3,1,1260
14/01/2026 23:26:56,2,620,400,3,1,1260
14/01/2026 23:27:12,2,560,400,3,1,1260
14/01/2026 23:27:28,2,560,400,3,1,1260
14/01/2026 23:27:44,2,550,400,3,1,1260
14/01/2026 23:28:00,2,1380,400,3,1,1250
14/01/2026 23:28:16,2,1370,400,3,1,1250
14/01/2026 23:28:32,2,1370,400,3,1,1250
14/01/2026 23:28:48,2,1370,400,3,1,1250
14/01/2026 23:29:04,2,1370,400,3,2,590
14/01/2026 23:29:20,2,1370,400,3,2,590
14/01/2026 23:29:36,2,1370,400,3,1,1250
14/01/2026 23:29:52,2,1370,400,3,1,1250
14/01/2026 23:30:08,2,1370,400,3,1,1250
14/01/2026 23:30:24,2,1370,400,3,1,1260
14/01/2026 23:30:40,2,1370,400,3,1,1260
14/01/2026 23:30:56,2,1370,400,3,1,1260
14/01/2026 23:31:12,2,1370,400,3,1,1260
14/01/2026 23:31:28,2,1370,400,3,1,1250
14/01/2026 23:31:44,2,890,400,3,1,1250
14/01/2026 23:32:00,2,930,400,3,2,810
14/01/2026 23:32:16,2,930,400,3,2,810
14/01/2026 23:32:32,2,930,400,3,2,810
14/01/2026 23:32:48,2,930,400,3,1,1240
14/01/2026 23:33:04,2,930,400,3,1,1240
14/01/2026 23:33:20,2,530,400,3,2,760
14/01/2026 23:33:36,2,530,400,3,2,760
14/01/2026 23:33:52,2,530,400,3,1,1290
14/01/2026 23:34:08,2,890,400,3,1,1290
14/01/2026 23:34:24,2,890,400,3,1,1300
14/01/2026 23:34:40,2,870,400,3,1,1300
14/01/2026 23:34:56,2,870,400,3,1,1300
14/01/2026 23:35:12,2,890,400,3,1,1310
14/01/2026 23:35:28,2,890,400,3,1,1310
14/01/2026 23:35:44,2,870,400,3,2,670
14/01/2026 23:36:00,2,870,400,3,2,670
14/01/2026 23:36:16,2,870,400,3,2,640
14/01/2026 23:36:32,2,840,400,3,2,640
14/01/2026 23:36:48,2,840,400,3,3,560
14/01/2026 23:37:04,2,840,400,3,3,560
14/01/2026 23:37:20,2,860,400,3,3,560
14/01/2026 23:37:36,2,860,400,3,1,730
14/01/2026 23:37:52,2,850,400,3,1,730
14/01/2026 23:38:08,2,790,400,3,2,710
14/01/2026 23:38:24,2,790,400,3,2,710
14/01/2026 23:38:40,2,790,400,3,2,640
14/01/2026 23:38:56,2,790,400,3,2,640
14/01/2026 23:39:12,2,790,400,3,3,510
14/01/2026 23:39:28,2,790,400,3,3,510
14/01/2026 23:39:44,2,1200,400,3,3,510
14/01/2026 23:40:00,2,640,400,3,1,500
14/01/2026 23:40:16,2,640,400,3,1,500
14/01/2026 23:40:32,2,630,400,3,1,480
14/01/2026 23:40:48,2,-999,400,3,1,480
14/01/2026 23:41:04,2,-999,400,3,1,470
14/01/2026 23:41:20,2,-999,400,3,1,470
14/01/2026 23:41:36,2,600,400,3,2,480
14/01/2026 23:41:52,2,570,400,3,2,480
14/01/2026 23:42:08,2,570,400,3,2,480
14/01/2026 23:42:24,2,570,400,3,1,510
14/01/2026 23:42:40,2,600,400,3,1,510
14/01/2026 23:42:56,2,570,400,3,2,530
14/01/2026 23:43:12,2,570,400,3,2,530
14/01/2026 23:43:28,2,570,400,3,1,590
14/01/2026 23:43:44,2,570,400,3,1,590
14/01/2026 23:44:00,2,570,400,3,1,500
14/01/2026 23:44:16,2,570,400,3,1,500
14/01/2026 23:44:32,2,570,400,3,1,500
14/01/2026 23:44:48,2,570,400,3,1,480
14/01/2026 23:45:04,2,610,400,3,1,480
14/01/2026 23:45:20,2,610,400,3,2,510
14/01/2026 23:45:36,2,610,400,3,2,510
14/01/2026 23:45:52,2,610,400,3,2,610
14/01/2026 23:46:08,2,630,400,3,2,610
14/01/2026 23:46:24,2,1270,400,3,2,470
14/01/2026 23:46:40,2,1270,400,3,2,470
14/01/2026 23:46:56,2,1270,400,3,2,470
14/01/2026 23:47:12,2,-999,400,3,1,470
14/01/2026 23:47:28,2,-999,400,3,1,470
14/01/2026 23:47:44,2,-999,400,3,2,440
14/01/2026 23:48:00,2,-999,400,3,2,440
14/01/2026 23:48:16,2,-999,400,3,1,1160
14/01/2026 23:48:32,2,-999,400,3,1,1160
14/01/2026 23:48:48,2,-999,400,3,2,660
14/01/2026 23:49:04,2,-999,400,3,2,660
14/01/2026 23:49:20,2,-999,400,3,2,660
14/01/2026 23:49:36,2,-999,400,3,1,580
14/01/2026 23:49:52,2,-999,400,3,1,580
14/01/2026 23:50:08,2,-999,400,3,2,560
14/01/2026 23:50:24,2,-999,400,3,2,560
14/01/2026 23:50:40,2,-999,400,3,1,520
14/01/2026 23:50:56,2,-999,400,3,1,520
14/01/2026 23:51:12,2,-999,400,3,1,490
14/01/2026 23:51:28,2,-999,400,3,1,490
14/01/2026 23:51:44,2,-999,400,3,1,490
14/01/2026 23:52:00,2,-999,400,3,2,460
14/01/2026 23:52:16,2,-999,400,3,2,460
14/01/2026 23:52:32,2,-999,400,3,3,940
14/01/2026 23:52:48,2,-999,400,3,3,940
14/01/2026 23:53:04,2,-999,400,3,3,590
14/01/2026 23:53:20,2,-999,400,3,3,590
14/01/2026 23:53:36,2,-999,400,3,2,640
14/01/2026 23:53:52,2,-999,400,3,2,640
14/01/2026 23:54:08,2,-999,400,3,2,640
14/01/2026 23:54:24,2,-999,400,3,1,510
14/01/2026 23:54:40,2,-999,400,3,1,510
14/01/2026 23:54:56,2,-999,400,3,1,460
14/01/2026 23:55:12,2,-999,400,3,1,460
14/01/2026 23:55:28,2,-999,400,3,1,490
14/01/2026 23:55:44,2,-999,400,3,1,490
14/01/2026 23:56:00,2,-999,400,3,2,440
14/01/2026 23:56:16,2,-999,400,3,2,440
14/01/2026 23:56:32,2,-999,400,3,2,440
14/01/2026 23:56:48,2,-999,400,3,2,460
14/01/2026 23:57:04,2,-999,400,3,2,460
14/01/2026 23:57:20,2,-999,400,3,1,460
14/01/2026 23:57:36,2,-999,400,3,1,460
14/01/2026 23:57:52,2,-999,400,3,1,450
14/01/2026 23:58:08,2,-999,400,3,1,450
14/01/2026 23:58:24,2,-999,400,3,1,460
14/01/2026 23:58:40,2,-999,400,3,1,460
14/01/2026 23:58:56,2,-999,400,3,1,460
14/01/2026 23:59:12,2,-999,400,3,2,460
14/01/2026 23:59:28,2,-999,400,3,2,460
14/01/2026 23:59:44,2,-999,400,3,1,560
15/01/2026 00:00:00,1,-999,570,3,1,560
15/01/2026 00:00:16,1,-999,570,3,2,490
15/01/2026 00:00:32,1,-999,570,3,2,490
15/01/2026 00:00:48,1,-999,570,3,1,700
15/01/2026 00:01:04,1,-999,570,3,1,700
15/01/2026 00:01:20,1,-999,570,3,1,700
15/01/2026 00:01:36,1,-999,570,3,1,620
15/01/2026 00:01:52,1,-999,570,3,1,620
15/01/2026 00:02:08,1,-999,570,3,1,510
15/01/2026 00:02:24,1,-999,570,3,1,510
15/01/2026 00:02:40,1,-999,570,3,3,570
15/01/2026 00:02:56,1,-999,570,3,3,570
15/01/2026 00:03:12,1,-999,570,3,1,1120
15/01/2026 00:03:28,1,-999,570,3,1,1120
15/01/2026 00:03:44,1,-999,570,3,1,1120
15/01/2026 00:04:00,1,-999,570,3,1,650
15/01/2026 00:04:16,1,-999,570,3,1,650
15/01/2026 00:04:32,1,-999,570,3,2,630
15/01/2026 00:04:48,1,-999,570,3,2,630
15/01/2026 00:05:04,1,-999,570,3,1,1080
15/01/2026 00:05:20,1,-999,570,3,1,1080
15/01/2026 00:05:36,1,-999,570,3,2,900
15/01/2026 00:05:52,1,-999,570,3,2,900
15/01/2026 00:06:08,1,-999,570,3,2,900
15/01/2026 00:06:24,1,-999,570,3,2,510
15/01/2026 00:06:40,1,-999,570,3,2,510
15/01/2026 00:06:56,1,-999,570,3,1,1060
15/01/2026 00:07:12,1,1250,570,3,1,1060
15/01/2026 00:07:28,1,-999,570,3,2,770
15/01/2026 00:07:44,1,-999,570,3,2,770
15/01/2026 00:08:00,1,-999,570,3,1,550
15/01/2026 00:08:16,1,-999,570,3,1,550
15/01/2026 00:08:32,1,-999,570,3,1,550
15/01/2026 00:08:48,1,-999,570,3,1,490
15/01/2026 00:09:04,1,-999,570,3,1,490
15/01/2026 00:09:20,1,-999,570,3,2,510
15/01/2026 00:09:36,1,-999,570,3,2,510
15/01/2026 00:09:52,1,-999,570,3,2,500
15/01/2026 00:10:08,1,-999,570,3,2,500
15/01/2026 00:10:24,1,-999,570,3,2,550
15/01/2026 00:10:40,1,-999,570,3,2,550
15/01/2026 00:10:56,1,-999,570,3,2,550
15/01/2026 00:11:12,1,-999,570,3,2,790
15/01/2026 00:11:28,1,-999,570,3,2,790
15/01/2026 00:11:44,1,-999,570,3,1,1050
15/01/2026 00:12:00,1,-999,570,3,1,1050
15/01/2026 00:12:16,1,-999,570,3,1,1120
15/01/2026 00:12:32,1,-999,570,3,1,1120
15/01/2026 00:12:48,1,-999,570,3,1,1220
15/01/2026 00:13:04,1,-999,570,3,1,1220
15/01/2026 00:13:20,1,-999,570,3,1,1220
15/01/2026 00:13:36,1,-999,570,3,1,1180
15/01/2026 00:13:52,1,-999,570,3,1,1180
15/01/2026 00:14:08,1,-999,570,3,2,1240
15/01/2026 00:14:24,1,1350,570,3,2,1240
15/01/2026 00:14:40,1,1370,570,3,3,730
15/01/2026 00:14:56,1,890,570,3,3,730
15/01/2026 00:15:12,1,890,570,3,2,1040
15/01/2026 00:15:28,1,880,570,3,2,1040
15/01/2026 00:15:44,1,880,570,3,2,1040
15/01/2026 00:16:00,1,880,570,3,3,610
15/01/2026 00:16:16,1,880,570,3,3,610
15/01/2026 00:16:32,1,880,570,3,1,1540
15/01/2026 00:16:48,1,-999,570,3,1,1540
15/01/2026 00:17:04,1,-999,570,3,2,740
15/01/2026 00:17:20,1,-999,570,3,2,740
15/01/2026 00:17:36,1,-999,570,3,2,670
15/01/2026 00:17:52,1,-999,570,3,2,670
15/01/2026 00:18:08,1,-999,570,3,2,670
15/01/2026 00:18:24,1,-999,570,3,2,1070
15/01/2026 00:18:40,1,-999,570,3,2,1070
15/01/2026 00:18:56,1,-999,570,3,2,1090
15/01/2026 00:19:12,1,-999,570,3,2,1090
15/01/2026 00:19:28,1,-999,570,3,1,1560
15/01/2026 00:19:44,1,-999,570,3,1,1560
15/01/2026 00:20:00,1,810,570,3,1,1570
15/01/2026 00:20:16,1,810,570,3,1,1570
15/01/2026 00:20:32,1,840,570,3,1,1570
15/01/2026 00:20:48,1,840,570,3,2,710
15/01/2026 00:21:04,1,840,570,3,2,710
15/01/2026 00:21:20,1,840,570,3,1,750
15/01/2026 00:21:36,1,840,570,3,1,750
15/01/2026 00:21:52,1,-999,570,3,3,790
15/01/2026 00:22:08,1,-999,570,3,3,790
15/01/2026 00:22:24,1,-999,570,3,1,1570
15/01/2026 00:22:40,1,840,570,3,1,1570
15/01/2026 00:22:56,1,860,570,3,1,1570
15/01/2026 00:23:12,1,840,570,3,1,1560
15/01/2026 00:23:28,1,840,570,3,1,1560
15/01/2026 00:23:44,1,840,570,3,1,1540
15/01/2026 00:24:00,1,-999,570,3,1,1540
15/01/2026 00:24:16,1,-999,570,3,1,1550
15/01/2026 00:24:32,1,-999,570,3,1,1550
15/01/2026 00:24:48,1,-999,570,3,1,1560
15/01/2026 00:25:04,1,-999,570,3,1,1560
15/01/2026 00:25:20,1,1660,570,3,1,1560
15/01/2026 00:25:36,1,1660,570,3,1,1560
15/01/2026 00:25:52,1,1660,570,3,1,1560
15/01/2026 00:26:08,1,820,570,3,1,1550
15/01/2026 00:26:24,1,820,570,3,1,1550
15/01/2026 00:26:40,1,820,570,3,1,1570
15/01/2026 00:26:56,1,820,570,3,1,1570
15/01/2026 00:27:12,1,820,570,3,1,1570
15/01/2026 00:27:28,1,820,570,3,1,1570
15/01/2026 00:27:44,1,820,570,3,1,1570
15/01/2026 00:28:00,1,820,570,3,1,1560
15/01/2026 00:28:16,1,820,570,3,1,1560
15/01/2026 00:28:32,1,820,570,3,1,1560
15/01/2026 00:28:48,1,820,570,3,1,1560
15/01/2026 00:29:04,1,820,570,3,1,1570
15/01/2026 00:29:20,1,820,570,3,1,1570
15/01/2026 00:29:36,1,820,570,3,1,1560
15/01/2026 00:29:52,1,820,570,3,1,1560
15/01/2026 00:30:08,1,820,570,3,1,1560
15/01/2026 00:30:24,1,820,570,3,2,1010
15/01/2026 00:30:40,1,820,570,3,2,1010
15/01/2026 00:30:56,1,820,570,3,2,860
15/01/2026 00:31:12,1,820,570,3,2,860
15/01/2026 00:31:28,1,820,570,3,1,840
15/01/2026 00:31:44,1,830,570,3,1,840
15/01/2026 00:32:00,1,830,570,3,2,840
15/01/2026 00:32:16,1,830,570,3,2,840
15/01/2026 00:32:32,1,360,570,3,2,840
15/01/2026 00:32:48,1,360,570,3,2,920
15/01/2026 00:33:04,1,360,570,3,2,920
15/01/2026 00:33:20,1,360,570,3,2,900
15/01/2026 00:33:36,1,360,570,3,2,900
15/01/2026 00:33:52,1,360,570,3,2,870
15/01/2026 00:34:08,1,360,570,3,2,870
15/01/2026 00:34:24,1,360,570,3,1,860
15/01/2026 00:34:40,1,360,570,3,1,860
15/01/2026 00:34:56,1,360,570,3,1,860
15/01/2026 00:35:12,1,360,570,3,1,850
15/01/2026 00:35:28,1,360,570,3,1,850
15/01/2026 00:35:44,1,360,570,3,2,850
15/01/2026 00:36:00,1,360,570,3,2,850
15/01/2026 00:36:16,1,360,570,3,2,870
15/01/2026 00:36:32,1,360,570,3,2,870
15/01/2026 00:36:48,1,370,570,3,1,890
15/01/2026 00:37:04,1,370,570,3,1,890
15/01/2026 00:37:20,1,370,570,3,1,890
15/01/2026 00:37:36,1,370,570,3,2,850
15/01/2026 00:37:52,1,370,570,3,2,850
15/01/2026 00:38:08,1,370,570,3,3,830
15/01/2026 00:38:24,1,370,570,3,3,830
15/01/2026 00:38:40,1,370,570,3,1,850
15/01/2026 00:38:56,1,370,570,3,1,850
15/01/2026 00:39:12,1,370,570,3,2,910
15/01/2026 00:39:28,1,370,570,3,2,910
15/01/2026 00:39:44,1,370,570,3,2,910
15/01/2026 00:40:00,1,370,570,3,2,1590
15/01/2026 00:40:16,1,370,570,3,2,1590
15/01/2026 00:40:32,1,370,570,3,2,910
15/01/2026 00:40:48,1,370,570,3,2,910
15/01/2026 00:41:04,1,370,570,3,3,900
15/01/2026 00:41:20,1,370,570,3,3,900
15/01/2026 00:41:36,1,370,570,3,3,900
15/01/2026 00:41:52,1,370,570,3,3,900
15/01/2026 00:42:08,1,370,570,3,3,900
15/01/2026 00:42:24,1,370,570,3,3,910
15/01/2026 00:42:40,1,630,570,3,3,910
15/01/2026 00:42:56,1,630,570,3,1,920
15/01/2026 00:43:12,1,630,570,3,1,920
15/01/2026 00:43:28,1,630,570,3,2,850
15/01/2026 00:43:44,1,630,570,3,2,850
15/01/2026 00:44:00,1,630,570,3,2,880
15/01/2026 00:44:16,1,380,570,3,2,880
15/01/2026 00:44:32,1,640,570,3,2,880
15/01/2026 00:44:48,1,1090,570,3,2,1080
15/01/2026 00:45:04,1,1090,570,3,2,1080
15/01/2026 00:45:20,1,460,570,3,2,840
15/01/2026 00:45:36,1,460,570,3,2,840
15/01/2026 00:45:52,1,460,570,3,2,830
15/01/2026 00:46:08,1,460,570,3,2,830
15/01/2026 00:46:24,1,460,570,3,3,1260
15/01/2026 00:46:40,1,460,570,3,3,1260
15/01/2026 00:46:56,1,460,570,3,3,1260
15/01/2026 00:47:12,1,460,570,3,3,810
15/01/2026 00:47:28,1,460,570,3,3,810
15/01/2026 00:47:44,1,460,570,3,2,810
15/01/2026 00:48:00,1,460,570,3,2,810
15/01/2026 00:48:16,1,460,570,3,2,830
15/01/2026 00:48:32,1,460,570,3,2,830
15/01/2026 00:48:48,1,460,570,3,2,830
15/01/2026 00:49:04,1,460,570,3,2,830
15/01/2026 00:49:20,1,460,570,3,2,830
15/01/2026 00:49:36,1,460,570,3,2,820
15/01/2026 00:49:52,1,460,570,3,2,820
15/01/2026 00:50:08,1,460,570,3,3,820
15/01/2026 00:50:24,1,460,570,3,3,820
15/01/2026 00:50:40,1,460,570,3,1,810
15/01/2026 00:50:56,1,460,570,3,1,810
15/01/2026 00:51:12,1,460,570,3,1,820
15/01/2026 00:51:28,1,460,570,3,1,820
15/01/2026 00:51:44,1,460,570,3,1,820
15/01/2026 00:52:00,1,460,570,3,3,1110
15/01/2026 00:52:16,1,460,570,3,3,1110
15/01/2026 00:52:32,1,460,570,3,3,790
15/01/2026 00:52:48,1,460,570,3,3,790
15/01/2026 00:53:04,1,460,570,3,2,810
15/01/2026 00:53:20,1,460,570,3,2,810
15/01/2026 00:53:36,1,450,570,3,1,810
15/01/2026 00:53:52,1,450,570,3,1,810
15/01/2026 00:54:08,1,450,570,3,1,810
15/01/2026 00:54:24,1,440,570,3,1,810
15/01/2026 00:54:40,1,440,570,3,1,810
15/01/2026 00:54:56,1,440,570,3,2,850
15/01/2026 00:55:12,1,440,570,3,2,850
15/01/2026 00:55:28,1,430,570,3,3,890
15/01/2026 00:55:44,1,430,570,3,3,890
15/01/2026 00:56:00,1,430,570,3,1,900
15/01/2026 00:56:16,1,430,570,3,1,900
15/01/2026 00:56:32,1,430,570,3,1,900
15/01/2026 00:56:48,1,430,570,3,1,810
15/01/2026 00:57:04,1,430,570,3,1,810
15/01/2026 00:57:20,1,420,570,3,2,820
15/01/2026 00:57:36,1,420,570,3,2,820
15/01/2026 00:57:52,1,420,570,3,2,1020
15/01/2026 00:58:08,1,420,570,3,2,1020
15/01/2026 00:58:24,1,420,570,3,3,920
15/01/2026 00:58:40,1,420,570,3,3,920
15/01/2026 00:58:56,1,420,570,3,3,920
15/01/2026 00:59:12,1,420,570,3,2,780
15/01/2026 00:59:28,1,420,570,3,2,780
15/01/2026 00:59:44,1,420,570,3,3,790
15/01/2026 01:00:00,1,420,430,3,3,790
15/01/2026 01:00:16,1,420,430,3,2,830
15/01/2026 01:00:32,1,420,430,3,2,830
15/01/2026 01:00:48,1,420,430,3,3,830
15/01/2026 01:01:04,1,420,430,3,3,830
15/01/2026 01:01:20,1,410,430,3,3,830
15/01/2026 01:01:36,1,410,430,3,1,820
15/01/2026 01:01:52,1,410,430,3,1,820
15/01/2026 01:02:08,1,410,430,3,3,820
15/01/2026 01:02:24,1,400,430,3,3,820
15/01/2026 01:02:40,1,400,430,3,2,840
15/01/2026 01:02:56,1,400,430,3,2,840
15/01/2026 01:03:12,1,400,430,3,1,820
15/01/2026 01:03:28,1,400,430,3,1,820
15/01/2026 01:03:44,1,400,430,3,1,820
15/01/2026 01:04:00,1,400,430,3,2,830
15/01/2026 01:04:16,1,400,430,3,2,830
15/01/2026 01:04:32,1,390,430,3,1,1070
15/01/2026 01:04:48,1,390,430,3,1,1070
15/01/2026 01:05:04,1,390,430,3,1,790
15/01/2026 01:05:20,1,390,430,3,1,790
15/01/2026 01:05:36,1,390,430,3,2,790
15/01/2026 01:05:52,1,390,430,3,2,790
15/01/2026 01:06:08,1,390,430,3,2,790
15/01/2026 01:06:24,1,390,430,3,1,790
15/01/2026 01:06:40,1,390,430,3,1,790
15/01/2026 01:06:56,1,390,430,3,1,790
15/01/2026 01:07:12,1,390,430,3,1,790
15/01/2026 01:07:28,1,390,430,3,1,800
15/01/2026 01:07:44,1,390,430,3,1,800
15/01/2026 01:08:00,1,390,430,3,1,1080
15/01/2026 01:08:16,1,390,430,3,1,1080
15/01/2026 01:08:32,1,390,430,3,1,1080
15/01/2026 01:08:48,1,390,430,3,1,1140
15/01/2026 01:09:04,1,390,430,3,1,1140
15/01/2026 01:09:20,1,390,430,3,1,1160
15/01/2026 01:09:36,1,390,430,3,1,1160
15/01/2026 01:09:52,1,390,430,3,1,1200
15/01/2026 01:10:08,1,390,430,3,1,1200
15/01/2026 01:10:24,1,390,430,3,2,830
15/01/2026 01:10:40,1,380,430,3,2,830
15/01/2026 01:10:56,1,380,430,3,2,830
15/01/2026 01:11:12,1,380,430,3,2,810
15/01/2026 01:11:28,1,380,430,3,2,810
15/01/2026 01:11:44,1,380,430,3,1,790
15/01/2026 01:12:00,1,380,430,3,1,790
15/01/2026 01:12:16,1,380,430,3,2,830
15/01/2026 01:12:32,1,380,430,3,2,830
15/01/2026 01:12:48,1,380,430,3,2,810
15/01/2026 01:13:04,1,380,430,3,2,810
15/01/2026 01:13:20,1,380,430,3,2,810
15/01/2026 01:13:36,1,380,430,3,3,800
15/01/2026 01:13:52,1,380,430,3,3,800
15/01/2026 01:14:08,1,380,430,3,2,1240
15/01/2026 01:14:24,1,380,430,3,2,1240
15/01/2026 01:14:40,1,380,430,3,1,1230
15/01/2026 01:14:56,1,390,430,3,1,1230
15/01/2026 01:15:12,1,390,430,3,2,1290
15/01/2026 01:15:28,1,390,430,3,2,1290
15/01/2026 01:15:44,1,390,430,3,2,1290
15/01/2026 01:16:00,1,390,430,3,2,1140
15/01/2026 01:16:16,1,390,430,3,2,1140
15/01/2026 01:16:32,1,390,430,3,2,1170
15/01/2026 01:16:48,1,390,430,3,2,1170
15/01/2026 01:17:04,1,390,430,3,3,830
15/01/2026 01:17:20,1,390,430,3,3,830
15/01/2026 01:17:36,1,390,430,3,1,970
15/01/2026 01:17:52,1,390,430,3,1,970
15/01/2026 01:18:08,1,390,430,3,1,970
15/01/2026 01:18:24,1,390,430,3,1,1040
15/01/2026 01:18:40,1,390,430,3,1,1040
15/01/2026 01:18:56,1,390,430,3,1,1130
15/01/2026 01:19:12,1,390,430,3,1,1130
15/01/2026 01:19:28,1,380,430,3,2,1030
15/01/2026 01:19:44,1,380,430,3,2,1030
15/01/2026 01:20:00,1,380,430,3,1,3790
15/01/2026 01:20:16,1,380,430,3,1,3790
15/01/2026 01:20:32,1,380,430,3,1,3790
15/01/2026 01:20:48,1,380,430,3,2,1020
15/01/2026 01:21:04,1,380,430,3,2,1020
15/01/2026 01:21:20,1,380,430,3,1,3750
15/01/2026 01:21:36,1,380,430,3,1,3750
15/01/2026 01:21:52,1,380,430,3,2,970
15/01/2026 01:22:08,1,380,430,3,2,970
15/01/2026 01:22:24,1,380,430,3,3,840
15/01/2026 01:22:40,1,380,430,3,3,840
15/01/2026 01:22:56,1,380,430,3,3,840
15/01/2026 01:23:12,1,380,430,3,2,830
15/01/2026 01:23:28,1,380,430,3,2,830
15/01/2026 01:23:44,1,380,430,3,2,840
15/01/2026 01:24:00,1,380,430,3,2,840
15/01/2026 01:24:16,1,380,430,3,2,830
15/01/2026 01:24:32,1,380,430,3,2,830
15/01/2026 01:24:48,1,380,430,3,2,820
15/01/2026 01:25:04,1,380,430,3,2,820
15/01/2026 01:25:20,1,380,430,3,2,820
15/01/2026 01:25:36,1,380,430,3,2,820
15/01/2026 01:25:52,1,380,430,3,2,820
15/01/2026 01:26:08,1,380,430,3,2,970
15/01/2026 01:26:24,1,380,430,3,2,970
15/01/2026 01:26:40,1,380,430,3,2,820
15/01/2026 01:26:56,1,380,430,3,2,820
15/01/2026 01:27:12,1,380,430,3,2,800
15/01/2026 01:27:28,1,380,430,3,2,800
15/01/2026 01:27:44,1,380,430,3,2,800
15/01/2026 01:28:00,1,380,430,3,2,770
15/01/2026 01:28:16,1,370,430,3,2,770
15/01/2026 01:28:32,1,370,430,3,2,790
15/01/2026 01:28:48,1,370,430,3,2,790
15/01/2026 01:29:04,1,370,430,3,2,890
15/01/2026 01:29:20,1,370,430,3,2,890
15/01/2026 01:29:36,1,370,430,3,1,1250
15/01/2026 01:29:52,1,370,430,3,1,1250
15/01/2026 01:30:08,1,370,430,3,1,1250
15/01/2026 01:30:24,1,370,430,3,1,1290
15/01/2026 01:30:40,1,370,430,3,1,1290
15/01/2026 01:30:56,1,370,430,3,1,840
15/01/2026 01:31:12,1,370,430,3,1,840
15/01/2026 01:31:28,1,370,430,3,1,900
15/01/2026 01:31:44,1,380,430,3,1,900
15/01/2026 01:32:00,1,380,430,3,2,900
15/01/2026 01:32:16,1,380,430,3,2,900
15/01/2026 01:32:32,1,380,430,3,2,900
15/01/2026 01:32:48,1,380,430,3,0,-999
15/01/2026 01:33:04,1,380,430,3,0,-999
15/01/2026 01:33:20,1,380,430,3,0,-999
15/01/2026 01:33:36,1,650,430,3,0,-999
15/01/2026 01:33:52,1,300,430,3,0,-999
15/01/2026 01:34:08,1,300,430,3,0,-999
15/01/2026 01:34:24,1,650,430,3,0,-999
15/01/2026 01:34:40,1,650,430,3,0,-999
15/01/2026 01:34:56,1,650,430,3,0,-999
15/01/2026 01:35:12,1,310,430,3,0,-999
15/01/2026 01:35:28,1,320,430,3,0,-999
15/01/2026 01:35:44,1,310,430,3,0,-999
15/01/2026 01:36:00,1,310,430,3,0,-999
15/01/2026 01:36:16,1,970,430,3,1,830
15/01/2026 01:36:32,1,940,430,3,1,830
15/01/2026 01:36:48,1,950,430,3,1,810
15/01/2026 01:37:04,1,950,430,3,1,810
15/01/2026 01:37:20,1,950,430,3,1,810
15/01/2026 01:37:36,1,190,430,3,0,-999
15/01/2026 01:37:52,1,190,430,3,0,-999
15/01/2026 01:38:08,1,210,430,3,0,-999
15/01/2026 01:38:24,1,210,430,3,0,-999
15/01/2026 01:38:40,1,980,430,3,1,830
15/01/2026 01:38:56,1,970,430,3,1,830
15/01/2026 01:39:12,1,960,430,3,1,820
15/01/2026 01:39:28,1,380,430,3,1,820
15/01/2026 01:39:44,1,380,430,3,1,820
15/01/2026 01:40:00,1,320,430,3,0,-999
15/01/2026 01:40:16,1,320,430,3,0,-999
15/01/2026 01:40:32,1,340,430,3,0,-999
15/01/2026 01:40:48,1,340,430,3,0,-999
15/01/2026 01:41:04,1,560,430,3,0,-999
15/01/2026 01:41:20,1,560,430,3,0,-999
15/01/2026 01:41:36,1,50,430,3,0,-999
15/01/2026 01:41:52,1,320,430,3,0,-999
15/01/2026 01:42:08,1,320,430,3,0,-999
15/01/2026 01:42:24,1,1340,430,3,1,870
15/01/2026 01:42:40,1,1350,430,3,1,870
15/01/2026 01:42:56,1,250,430,3,0,-999
15/01/2026 01:43:12,1,250,430,3,0,-999
15/01/2026 01:43:28,1,280,430,3,0,-999
15/01/2026 01:43:44,1,280,430,3,0,-999
15/01/2026 01:44:00,1,570,430,3,0,-999
15/01/2026 01:44:16,1,570,430,3,0,-999
15/01/2026 01:44:32,1,570,430,3,0,-999
15/01/2026 01:44:48,1,580,430,3,0,-999
15/01/2026 01:45:04,1,580,430,3,0,-999
15/01/2026 01:45:20,1,220,430,3,0,-999
15/01/2026 01:45:36,1,300,430,3,0,-999
15/01/2026 01:45:52,1,330,430,3,0,-999
15/01/2026 01:46:08,1,340,430,3,0,-999
15/01/2026 01:46:24,1,1420,430,3,3,990
15/01/2026 01:46:40,1,1420,430,3,3,990
15/01/2026 01:46:56,1,1420,430,3,3,990
15/01/2026 01:47:12,1,1420,430,3,1,1260
15/01/2026 01:47:28,1,1420,430,3,1,1260
15/01/2026 01:47:44,1,1430,430,3,1,1290
15/01/2026 01:48:00,1,1430,430,3,1,1290
15/01/2026 01:48:16,1,1430,430,3,2,1360
15/01/2026 01:48:32,1,1430,430,3,2,1360
15/01/2026 01:48:48,1,930,430,3,2,1170
15/01/2026 01:49:04,1,390,430,3,2,1170
15/01/2026 01:49:20,1,390,430,3,2,1170
15/01/2026 01:49:36,1,390,430,3,1,1150
15/01/2026 01:49:52,1,390,430,3,1,1150
15/01/2026 01:50:08,1,390,430,3,1,1170
15/01/2026 01:50:24,1,390,430,3,1,1170
15/01/2026 01:50:40,1,390,430,3,1,1150
15/01/2026 01:50:56,1,390,430,3,1,1150
15/01/2026 01:51:12,1,390,430,3,1,1160
15/01/2026 01:51:28,1,390,430,3,1,1160
15/01/2026 01:51:44,1,390,430,3,1,1160
15/01/2026 01:52:00,1,390,430,3,1,1200
15/01/2026 01:52:16,1,390,430,3,1,1200
15/01/2026 01:52:32,1,390,430,3,1,1220
15/01/2026 01:52:48,1,390,430,3,1,1220
15/01/2026 01:53:04,1,390,430,3,1,1240
15/01/2026 01:53:20,1,390,430,3,1,1240
15/01/2026 01:53:36,1,390,430,3,1,1260
15/01/2026 01:53:52,1,390,430,3,1,1260
15/01/2026 01:54:08,1,390,430,3,1,1260
15/01/2026 01:54:24,1,390,430,3,1,1270
15/01/2026 01:54:40,1,390,430,3,1,1270
15/01/2026 01:54:56,1,390,430,3,1,1180
15/01/2026 01:55:12,1,390,430,3,1,1180
15/01/2026 01:55:28,1,390,430,3,1,1200
15/01/2026 01:55:44,1,390,430,3,1,1200
15/01/2026 01:56:00,1,390,430,3,1,1220
15/01/2026 01:56:16,1,390,430,3,1,1220
15/01/2026 01:56:32,1,400,430,3,1,1220
15/01/2026 01:56:48,1,400,430,3,1,1140
15/01/2026 01:57:04,1,400,430,3,1,1140
15/01/2026 01:57:20,1,400,430,3,1,1160
15/01/2026 01:57:36,1,400,430,3,1,1160
15/01/2026 01:57:52,1,400,430,3,1,1180
15/01/2026 01:58:08,1,400,430,3,1,1180
15/01/2026 01:58:24,1,400,430,3,1,1170
15/01/2026 01:58:40,1,400,430,3,1,1170
15/01/2026 01:58:56,1,400,430,3,1,1170
15/01/2026 01:59:12,1,400,430,3,1,1200
15/01/2026 01:59:28,1,400,430,3,1,1200
15/01/2026 01:59:44,1,400,430,3,1,1140
15/01/2026 02:00:00,2,400,390,3,1,1140
15/01/2026 02:00:16,2,400,390,3,1,960
15/01/2026 02:00:32,2,400,390,3,1,960
15/01/2026 02:00:48,2,400,390,3,1,1000
15/01/2026 02:01:04,2,400,390,3,1,1000
15/01/2026 02:01:20,2,400,390,3,1,1000
15/01/2026 02:01:36,2,410,390,3,1,1060
15/01/2026 02:01:52,2,410,390,3,1,1060
15/01/2026 02:02:08,2,410,390,3,1,820
15/01/2026 02:02:24,2,410,390,3,1,820
15/01/2026 02:02:40,2,410,390,3,1,910
15/01/2026 02:02:56,2,410,390,3,1,910
15/01/2026 02:03:12,2,410,390,3,2,770
15/01/2026 02:03:28,2,410,390,3,2,770
15/01/2026 02:03:44,2,410,390,3,2,770
15/01/2026 02:04:00,2,410,390,3,1,980
15/01/2026 02:04:16,2,410,390,3,1,980
15/01/2026 02:04:32,2,410,390,3,2,740
15/01/2026 02:04:48,2,400,390,3,2,740
15/01/2026 02:05:04,2,400,390,3,1,730
15/01/2026 02:05:20,2,400,390,3,1,730
15/01/2026 02:05:36,2,400,390,3,2,750
15/01/2026 02:05:52,2,400,390,3,2,750
15/01/2026 02:06:08,2,400,390,3,2,750
15/01/2026 02:06:24,2,400,390,3,1,1040
15/01/2026 02:06:40,2,400,390,3,1,1040
15/01/2026 02:06:56,2,400,390,3,1,1180
15/01/2026 02:07:12,2,400,390,3,1,1180
15/01/2026 02:07:28,2,400,390,3,1,1220
15/01/2026 02:07:44,2,400,390,3,1,1220
15/01/2026 02:08:00,2,400,390,3,1,1240
15/01/2026 02:08:16,2,400,390,3,1,1240
15/01/2026 02:08:32,2,860,390,3,1,1240
15/01/2026 02:08:48,2,860,390,3,1,1280
15/01/2026 02:09:04,2,880,390,3,1,1280
15/01/2026 02:09:20,2,880,390,3,1,1300
15/01/2026 02:09:36,2,880,390,3,1,1300
15/01/2026 02:09:52,2,880,390,3,1,1340
15/01/2026 02:10:08,2,880,390,3,1,1340
15/01/2026 02:10:24,2,880,390,3,1,1340
15/01/2026 02:10:40,2,890,390,3,1,1340
15/01/2026 02:10:56,2,910,390,3,1,1340
15/01/2026 02:11:12,2,920,390,3,1,1360
15/01/2026 02:11:28,2,940,390,3,1,1360
15/01/2026 02:11:44,2,940,390,3,1,1330
15/01/2026 02:12:00,2,940,390,3,1,1330
15/01/2026 02:12:16,2,940,390,3,1,1340
15/01/2026 02:12:32,2,940,390,3,1,1340
15/01/2026 02:12:48,2,940,390,3,1,1400
15/01/2026 02:13:04,2,940,390,3,1,1400
15/01/2026 02:13:20,2,940,390,3,1,1400
15/01/2026 02:13:36,2,940,390,3,1,1400
15/01/2026 02:13:52,2,940,390,3,1,1400
15/01/2026 02:14:08,2,940,390,3,1,1410
15/01/2026 02:14:24,2,940,390,3,1,1410
15/01/2026 02:14:40,2,940,390,3,1,1400
15/01/2026 02:14:56,2,940,390,3,1,1400
15/01/2026 02:15:12,2,940,390,3,1,1380
15/01/2026 02:15:28,2,900,390,3,1,1380
15/01/2026 02:15:44,2,840,390,3,1,1380
15/01/2026 02:16:00,2,840,390,3,1,1410
15/01/2026 02:16:16,2,840,390,3,1,1410
15/01/2026 02:16:32,2,840,390,3,1,1410
15/01/2026 02:16:48,2,840,390,3,1,1410
15/01/2026 02:17:04,2,840,390,3,1,1400
15/01/2026 02:17:20,2,840,390,3,1,1400
15/01/2026 02:17:36,2,840,390,3,1,1390
15/01/2026 02:17:52,2,840,390,3,1,1390
15/01/2026 02:18:08,2,840,390,3,1,1390
15/01/2026 02:18:24,2,840,390,3,2,1120
15/01/2026 02:18:40,2,840,390,3,2,1120
15/01/2026 02:18:56,2,840,390,3,1,1440
15/01/2026 02:19:12,2,840,390,3,1,1440
15/01/2026 02:19:28,2,840,390,3,1,1470
15/01/2026 02:19:44,2,840,390,3,1,1470
15/01/2026 02:20:00,2,1580,390,3,1,1370
15/01/2026 02:20:16,2,1580,390,3,1,1370
15/01/2026 02:20:32,2,470,390,3,1,1370
15/01/2026 02:20:48,2,470,390,3,1,1370
15/01/2026 02:21:04,2,460,390,3,1,1370
15/01/2026 02:21:20,2,460,390,3,1,1370
15/01/2026 02:21:36,2,460,390,3,1,1370
15/01/2026 02:21:52,2,460,390,3,1,1370
15/01/2026 02:22:08,2,460,390,3,1,1370
15/01/2026 02:22:24,2,460,390,3,1,1360
15/01/2026 02:22:40,2,450,390,3,1,1360
15/01/2026 02:22:56,2,450,390,3,1,1360
15/01/2026 02:23:12,2,440,390,3,1,1360
15/01/2026 02:23:28,2,440,390,3,1,1360
15/01/2026 02:23:44,2,430,390,3,1,1360
15/01/2026 02:24:00,2,430,390,3,1,1360
15/01/2026 02:24:16,2,430,390,3,1,1380
15/01/2026 02:24:32,2,430,390,3,1,1380
15/01/2026 02:24:48,2,430,390,3,1,1380
15/01/2026 02:25:04,2,430,390,3,1,1380
15/01/2026 02:25:20,2,430,390,3,1,1380
15/01/2026 02:25:36,2,430,390,3,1,1380
15/01/2026 02:25:52,2,430,390,3,1,1380
15/01/2026 02:26:08,2,430,390,3,1,1380
15/01/2026 02:26:24,2,430,390,3,1,1380
15/01/2026 02:26:40,2,430,390,3,1,1390
15/01/2026 02:26:56,2,430,390,3,1,1390
15/01/2026 02:27:12,2,430,390,3,1,1400
15/01/2026 02:27:28,2,430,390,3,1,1400
15/01/2026 02:27:44,2,430,390,3,1,1400
15/01/2026 02:28:00,2,430,390,3,1,1390
15/01/2026 02:28:16,2,430,390,3,1,1390
15/01/2026 02:28:32,2,430,390,3,1,1390
15/01/2026 02:28:48,2,430,390,3,1,1390
15/01/2026 02:29:04,2,430,390,3,1,1410
15/01/2026 02:29:20,2,430,390,3,1,1410
15/01/2026 02:29:36,2,430,390,3,1,1410
15/01/2026 02:29:52,2,430,390,3,1,1410
15/01/2026 02:30:08,2,430,390,3,1,1410
15/01/2026 02:30:24,2,430,390,3,1,1380
15/01/2026 02:30:40,2,430,390,3,1,1380
15/01/2026 02:30:56,2,430,390,3,1,1380
15/01/2026 02:31:12,2,430,390,3,1,1380
15/01/2026 02:31:28,2,430,390,3,1,1380
15/01/2026 02:31:44,2,430,390,3,1,1380
15/01/2026 02:32:00,2,430,390,3,1,1380
15/01/2026 02:32:16,2,430,390,3,1,1380
15/01/2026 02:32:32,2,430,390,3,1,1380
15/01/2026 02:32:48,2,430,390,3,1,1370
15/01/2026 02:33:04,2,430,390,3,1,1370
15/01/2026 02:33:20,2,430,390,3,1,1370
15/01/2026 02:33:36,2,430,390,3,1,1370
15/01/2026 02:33:52,2,430,390,3,1,1370
15/01/2026 02:34:08,2,430,390,3,1,1370
15/01/2026 02:34:24,2,430,390,3,1,1380
15/01/2026 02:34:40,2,430,390,3,1,1380
15/01/2026 02:34:56,2,430,390,3,1,1380
15/01/2026 02:35:12,2,420,390,3,1,1370
15/01/2026 02:35:28,2,420,390,3,1,1370
15/01/2026 02:35:44,2,420,390,3,1,1370
15/01/2026 02:36:00,2,420,390,3,1,1370
15/01/2026 02:36:16,2,420,390,3,1,1380
15/01/2026 02:36:32,2,420,390,3,1,1380
15/01/2026 02:36:48,2,420,390,3,1,1380
15/01/2026 02:37:04,2,410,390,3,1,1380
15/01/2026 02:37:20,2,410,390,3,1,1380
15/01/2026 02:37:36,2,410,390,3,2,990
15/01/2026 02:37:52,2,410,390,3,2,990
15/01/2026 02:38:08,2,410,390,3,2,1030
15/01/2026 02:38:24,2,410,390,3,2,1030
15/01/2026 02:38:40,2,410,390,3,1,1340
15/01/2026 02:38:56,2,410,390,3,1,1340
15/01/2026 02:39:12,2,410,390,3,3,800
15/01/2026 02:39:28,2,410,390,3,3,800
15/01/2026 02:39:44,2,410,390,3,3,800
15/01/2026 02:40:00,2,410,390,3,2,810
15/01/2026 02:40:16,2,400,390,3,2,810
15/01/2026 02:40:32,2,400,390,3,1,800
15/01/2026 02:40:48,2,400,390,3,1,800
15/01/2026 02:41:04,2,400,390,3,2,850
15/01/2026 02:41:20,2,400,390,3,2,850
15/01/2026 02:41:36,2,400,390,3,2,890
15/01/2026 02:41:52,2,400,390,3,2,890
15/01/2026 02:42:08,2,400,390,3,2,890
15/01/2026 02:42:24,2,400,390,3,1,1270
15/01/2026 02:42:40,2,400,390,3,1,1270
15/01/2026 02:42:56,2,400,390,3,1,1320
15/01/2026 02:43:12,2,400,390,3,1,1320
15/01/2026 02:43:28,2,400,390,3,1,1350
15/01/2026 02:43:44,2,400,390,3,1,1350
15/01/2026 02:44:00,2,400,390,3,1,1380
15/01/2026 02:44:16,2,400,390,3,1,1380
15/01/2026 02:44:32,2,400,390,3,1,1380
15/01/2026 02:44:48,2,400,390,3,1,1390
15/01/2026 02:45:04,2,400,390,3,1,1390
15/01/2026 02:45:20,2,400,390,3,1,1360
15/01/2026 02:45:36,2,400,390,3,1,1360
15/01/2026 02:45:52,2,400,390,3,1,1360
15/01/2026 02:46:08,2,400,390,3,1,1360
15/01/2026 02:46:24,2,400,390,3,1,1360
15/01/2026 02:46:40,2,400,390,3,1,1360
15/01/2026 02:46:56,2,400,390,3,1,1360
15/01/2026 02:47:12,2,400,390,3,1,1390
15/01/2026 02:47:28,2,400,390,3,1,1390
15/01/2026 02:47:44,2,400,390,3,1,1440
15/01/2026 02:48:00,2,400,390,3,1,1440
15/01/2026 02:48:16,2,400,390,3,1,1460
15/01/2026 02:48:32,2,400,390,3,1,1460
15/01/2026 02:48:48,2,400,390,3,1,1430
15/01/2026 02:49:04,2,400,390,3,1,1430
15/01/2026 02:49:20,2,400,390,3,1,1430
15/01/2026 02:49:36,2,400,390,3,1,1430
15/01/2026 02:49:52,2,400,390,3,1,1430
15/01/2026 02:50:08,2,400,390,3,1,1390
15/01/2026 02:50:24,2,400,390,3,1,1390
15/01/2026 02:50:40,2,400,390,3,1,1400
15/01/2026 02:50:56,2,400,390,3,1,1400
15/01/2026 02:51:12,2,400,390,3,1,1410
15/01/2026 02:51:28,2,400,390,3,1,1410
15/01/2026 02:51:44,2,400,390,3,1,1410
15/01/2026 02:52:00,2,400,390,3,1,1400
15/01/2026 02:52:16,2,400,390,3,1,1400
15/01/2026 02:52:32,2,400,390,3,1,1430
15/01/2026 02:52:48,2,400,390,3,1,1430
15/01/2026 02:53:04,2,400,390,3,1,1420
15/01/2026 02:53:20,2,400,390,3,1,1420
15/01/2026 02:53:36,2,400,390,3,1,1390
15/01/2026 02:53:52,2,400,390,3,1,1390
15/01/2026 02:54:08,2,400,390,3,1,1390
15/01/2026 02:54:24,2,400,390,3,1,1380
15/01/2026 02:54:40,2,400,390,3,1,1380
15/01/2026 02:54:56,2,400,390,3,1,1390
15/01/2026 02:55:12,2,400,390,3,1,1390
15/01/2026 02:55:28,2,400,390,3,1,1390
15/01/2026 02:55:44,2,400,390,3,1,1390
15/01/2026 02:56:00,2,400,390,3,1,1390
15/01/2026 02:56:16,2,400,390,3,1,1390
15/01/2026 02:56:32,2,400,390,3,1,1390
15/01/2026 02:56:48,2,400,390,3,1,1370
15/01/2026 02:57:04,2,400,390,3,1,1370
15/01/2026 02:57:20,2,400,390,3,1,1340
15/01/2026 02:57:36,2,400,390,3,1,1340
15/01/2026 02:57:52,2,400,390,3,1,1340
15/01/2026 02:58:08,2,400,390,3,1,1340
15/01/2026 02:58:24,2,400,390,3,1,1350
15/01/2026 02:58:40,2,400,390,3,1,1350
15/01/2026 02:58:56,2,400,390,3,1,1350
15/01/2026 02:59:12,2,400,390,3,1,1290
15/01/2026 02:59:28,2,400,390,3,1,1290
15/01/2026 02:59:44,2,400,390,3,1,1290
15/01/2026 03:00:00,2,400,410,3,1,1290
15/01/2026 03:00:16,2,400,410,3,1,1320
15/01/2026 03:00:32,2,400,410,3,1,1320
15/01/2026 03:00:48,2,400,410,3,1,1330
15/01/2026 03:01:04,2,400,410,3,1,1330
15/01/2026 03:01:20,2,400,410,3,1,1330
15/01/2026 03:01:36,2,400,410,3,1,1320
15/01/2026 03:01:52,2,400,410,3,1,1320
15/01/2026 03:02:08,2,400,410,3,1,1310
15/01/2026 03:02:24,2,400,410,3,1,1310
15/01/2026 03:02:40,2,400,410,3,1,1310
15/01/2026 03:02:56,2,400,410,3,1,1310
15/01/2026 03:03:12,2,400,410,3,1,1290
15/01/2026 03:03:28,2,400,410,3,1,1290
15/01/2026 03:03:44,2,400,410,3,1,1290
15/01/2026 03:04:00,2,400,410,3,1,1310
15/01/2026 03:04:16,2,400,410,3,1,1310
15/01/2026 03:04:32,2,400,410,3,1,1350
15/01/2026 03:04:48,2,400,410,3,1,1350
15/01/2026 03:05:04,2,400,410,3,1,1380
15/01/2026 03:05:20,2,400,410,3,1,1380
15/01/2026 03:05:36,2,400,410,3,1,1350
15/01/2026 03:05:52,2,400,410,3,1,1350
15/01/2026 03:06:08,2,400,410,3,1,1350
15/01/2026 03:06:24,2,400,410,3,1,1350
15/01/2026 03:06:40,2,400,410,3,1,1350
15/01/2026 03:06:56,2,400,410,3,1,1360
15/01/2026 03:07:12,2,400,410,3,1,1360
15/01/2026 03:07:28,2,400,410,3,1,1320
15/01/2026 03:07:44,2,400,410,3,1,1320
15/01/2026 03:08:00,2,400,410,3,1,1320
15/01/2026 03:08:16,2,400,410,3,1,1320
15/01/2026 03:08:32,2,400,410,3,1,1320
15/01/2026 03:08:48,2,400,410,3,1,1340
15/01/2026 03:09:04,2,400,410,3,1,1340
15/01/2026 03:09:20,2,400,410,3,1,1310
15/01/2026 03:09:36,2,400,410,3,1,1310
15/01/2026 03:09:52,2,390,410,3,1,1310
15/01/2026 03:10:08,2,390,410,3,1,1310
15/01/2026 03:10:24,2,390,410,3,1,1320
15/01/2026 03:10:40,2,390,410,3,1,1320
15/01/2026 03:10:56,2,390,410,3,1,1320
15/01/2026 03:11:12,2,390,410,3,1,1330
15/01/2026 03:11:28,2,390,410,3,1,1330
15/01/2026 03:11:44,2,390,410,3,1,1350
15/01/2026 03:12:00,2,390,410,3,1,1350
15/01/2026 03:12:16,2,390,410,3,1,1350
15/01/2026 03:12:32,2,390,410,3,1,1350
15/01/2026 03:12:48,2,390,410,3,1,1250
15/01/2026 03:13:04,2,390,410,3,1,1250
15/01/2026 03:13:20,2,390,410,3,1,1250
15/01/2026 03:13:36,2,380,410,3,1,1340
15/01/2026 03:13:52,2,380,410,3,1,1340
15/01/2026 03:14:08,2,380,410,3,1,1290
15/01/2026 03:14:24,2,380,410,3,1,1290
15/01/2026 03:14:40,2,380,410,3,1,1310
15/01/2026 03:14:56,2,380,410,3,1,1310
15/01/2026 03:15:12,2,370,410,3,1,1320
15/01/2026 03:15:28,2,370,410,3,1,1320
15/01/2026 03:15:44,2,370,410,3,1,1320
15/01/2026 03:16:00,2,370,410,3,1,1330
15/01/2026 03:16:16,2,370,410,3,1,1330
15/01/2026 03:16:32,2,370,410,3,1,1300
15/01/2026 03:16:48,2,370,410,3,1,1300
15/01/2026 03:17:04,2,370,410,3,1,1260
15/01/2026 03:17:20,2,370,410,3,1,1260
15/01/2026 03:17:36,2,370,410,3,1,1260
15/01/2026 03:17:52,2,370,410,3,1,1260
15/01/2026 03:18:08,2,370,410,3,1,1260
15/01/2026 03:18:24,2,370,410,3,1,1250
15/01/2026 03:18:40,2,370,410,3,1,1250
15/01/2026 03:18:56,2,370,410,3,1,1250
15/01/2026 03:19:12,2,370,410,3,1,1250
15/01/2026 03:19:28,2,360,410,3,1,1260
15/01/2026 03:19:44,2,360,410,3,1,1260
15/01/2026 03:20:00,2,360,410,3,1,1250
15/01/2026 03:20:16,2,360,410,3,1,1250
15/01/2026 03:20:32,2,360,410,3,1,1250
15/01/2026 03:20:48,2,360,410,3,1,1260
15/01/2026 03:21:04,2,360,410,3,1,1260
15/01/2026 03:21:20,2,360,410,3,1,1270
15/01/2026 03:21:36,2,360,410,3,1,1270
15/01/2026 03:21:52,2,360,410,3,1,1290
15/01/2026 03:22:08,2,360,410,3,1,1290
15/01/2026 03:22:24,2,360,410,3,1,1290
15/01/2026 03:22:40,2,360,410,3,1,1290
15/01/2026 03:22:56,2,360,410,3,1,1290
15/01/2026 03:23:12,2,360,410,3,1,1290
15/01/2026 03:23:28,2,360,410,3,1,1290
15/01/2026 03:23:44,2,360,410,3,1,1370
15/01/2026 03:24:00,2,360,410,3,1,1370
15/01/2026 03:24:16,2,360,410,3,1,1390
15/01/2026 03:24:32,2,360,410,3,1,1390
15/01/2026 03:24:48,2,360,410,3,1,1300
15/01/2026 03:25:04,2,360,410,3,1,1300
15/01/2026 03:25:20,2,360,410,3,1,1300
15/01/2026 03:25:36,2,360,410,3,1,1300
15/01/2026 03:25:52,2,360,410,3,1,1300
15/01/2026 03:26:08,2,360,410,3,1,1340
15/01/2026 03:26:24,2,360,410,3,1,1340
15/01/2026 03:26:40,2,360,410,3,1,1260
15/01/2026 03:26:56,2,360,410,3,1,1260
15/01/2026 03:27:12,2,360,410,3,1,1240
15/01/2026 03:27:28,2,360,410,3,1,1240
15/01/2026 03:27:44,2,360,410,3,1,1240
15/01/2026 03:28:00,2,360,410,3,1,1240
15/01/2026 03:28:16,2,360,410,3,1,1240
15/01/2026 03:28:32,2,360,410,3,1,1250
15/01/2026 03:28:48,2,360,410,3,1,1250
15/01/2026 03:29:04,2,360,410,3,1,1250
15/01/2026 03:29:20,2,370,410,3,1,1250
15/01/2026 03:29:36,2,370,410,3,1,1250
15/01/2026 03:29:52,2,370,410,3,1,1250
15/01/2026 03:30:08,2,370,410,3,1,1250
15/01/2026 03:30:24,2,370,410,3,1,1240
15/01/2026 03:30:40,2,370,410,3,1,1240
15/01/2026 03:30:56,2,370,410,3,1,1250
15/01/2026 03:31:12,2,370,410,3,1,1250
15/01/2026 03:31:28,2,370,410,3,1,1260
15/01/2026 03:31:44,2,380,410,3,1,1260
15/01/2026 03:32:00,2,380,410,3,1,1260
15/01/2026 03:32:16,2,380,410,3,1,1260
15/01/2026 03:32:32,2,390,410,3,1,1260
15/01/2026 03:32:48,2,390,410,3,1,1270
15/01/2026 03:33:04,2,400,410,3,1,1270
15/01/2026 03:33:20,2,400,410,3,1,1360
15/01/2026 03:33:36,2,410,410,3,1,1360
15/01/2026 03:33:52,2,410,410,3,1,1270
15/01/2026 03:34:08,2,410,410,3,1,1270
15/01/2026 03:34:24,2,410,410,3,1,1270
15/01/2026 03:34:40,2,410,410,3,1,1270
15/01/2026 03:34:56,2,410,410,3,1,1270
15/01/2026 03:35:12,2,420,410,3,1,1270
15/01/2026 03:35:28,2,430,410,3,1,1270
15/01/2026 03:35:44,2,440,410,3,1,1260
15/01/2026 03:36:00,2,460,410,3,1,1260
15/01/2026 03:36:16,2,460,410,3,1,1290
15/01/2026 03:36:32,2,460,410,3,1,1290
15/01/2026 03:36:48,2,460,410,3,1,1390
15/01/2026 03:37:04,2,470,410,3,1,1390
15/01/2026 03:37:20,2,480,410,3,1,1390
15/01/2026 03:37:36,2,480,410,3,1,1280
15/01/2026 03:37:52,2,490,410,3,1,1280
15/01/2026 03:38:08,2,540,410,3,1,1290
15/01/2026 03:38:24,2,540,410,3,1,1290
15/01/2026 03:38:40,2,540,410,3,1,1280
15/01/2026 03:38:56,2,540,410,3,1,1280
15/01/2026 03:39:12,2,540,410,3,1,1300
15/01/2026 03:39:28,2,540,410,3,1,1300
15/01/2026 03:39:44,2,540,410,3,1,1300
15/01/2026 03:40:00,2,540,410,3,1,1310
15/01/2026 03:40:16,2,520,410,3,1,1310
15/01/2026 03:40:32,2,500,410,3,1,1290
15/01/2026 03:40:48,2,500,410,3,1,1290
15/01/2026 03:41:04,2,490,410,3,1,1290
15/01/2026 03:41:20,2,490,410,3,1,1290
15/01/2026 03:41:36,2,480,410,3,1,1300
15/01/2026 03:41:52,2,480,410,3,1,1300
15/01/2026 03:42:08,2,480,410,3,1,1300
15/01/2026 03:42:24,2,480,410,3,1,1300
15/01/2026 03:42:40,2,480,410,3,1,1300
15/01/2026 03:42:56,2,480,410,3,1,1290
15/01/2026 03:43:12,2,480,410,3,1,1290
15/01/2026 03:43:28,2,480,410,3,1,1310
15/01/2026 03:43:44,2,490,410,3,1,1310
15/01/2026 03:44:00,2,490,410,3,1,1310
15/01/2026 03:44:16,2,500,410,3,1,1310
15/01/2026 03:44:32,2,550,410,3,1,1310
15/01/2026 03:44:48,2,550,410,3,1,1290
15/01/2026 03:45:04,2,550,410,3,1,1290
15/01/2026 03:45:20,2,550,410,3,1,1310
15/01/2026 03:45:36,2,550,410,3,1,1310
15/01/2026 03:45:52,2,560,410,3,1,1310
15/01/2026 03:46:08,2,560,410,3,1,1310
15/01/2026 03:46:24,2,560,410,3,1,1310
15/01/2026 03:46:40,2,560,410,3,1,1310
15/01/2026 03:46:56,2,570,410,3,1,1310
15/01/2026 03:47:12,2,570,410,3,1,1310
15/01/2026 03:47:28,2,570,410,3,1,1310
15/01/2026 03:47:44,2,570,410,3,1,1300
15/01/2026 03:48:00,2,570,410,3,1,1300
15/01/2026 03:48:16,2,570,410,3,1,1300
15/01/2026 03:48:32,2,570,410,3,1,1300
15/01/2026 03:48:48,2,570,410,3,1,1320
15/01/2026 03:49:04,2,570,410,3,1,1320
15/01/2026 03:49:20,2,570,410,3,1,1320
15/01/2026 03:49:36,2,570,410,3,1,1310
15/01/2026 03:49:52,2,560,410,3,1,1310
15/01/2026 03:50:08,2,500,410,3,1,1320
15/01/2026 03:50:24,2,500,410,3,1,1320
15/01/2026 03:50:40,2,500,410,3,1,1320
15/01/2026 03:50:56,2,490,410,3,1,1320
15/01/2026 03:51:12,2,490,410,3,1,1330
15/01/2026 03:51:28,2,490,410,3,1,1330
15/01/2026 03:51:44,2,490,410,3,1,1330
15/01/2026 03:52:00,2,480,410,3,1,1330
15/01/2026 03:52:16,2,480,410,3,1,1330
15/01/2026 03:52:32,2,480,410,3,1,1320
15/01/2026 03:52:48,2,480,410,3,1,1320
15/01/2026 03:53:04,2,480,410,3,1,1340
15/01/2026 03:53:20,2,480,410,3,1,1340
15/01/2026 03:53:36,2,480,410,3,1,1330
15/01/2026 03:53:52,2,480,410,3,1,1330
15/01/2026 03:54:08,2,480,410,3,1,1330
15/01/2026 03:54:24,2,480,410,3,1,1370
15/01/2026 03:54:40,2,480,410,3,1,1370
15/01/2026 03:54:56,2,480,410,3,1,1350
15/01/2026 03:55:12,2,490,410,3,1,1350
15/01/2026 03:55:28,2,490,410,3,1,1330
15/01/2026 03:55:44,2,490,410,3,1,1330
15/01/2026 03:56:00,2,490,410,3,1,1340
15/01/2026 03:56:16,2,490,410,3,1,1340
15/01/2026 03:56:32,2,490,410,3,1,1340
15/01/2026 03:56:48,2,490,410,3,1,1330
15/01/2026 03:57:04,2,490,410,3,1,1330
15/01/2026 03:57:20,2,490,410,3,1,1320
15/01/2026 03:57:36,2,490,410,3,1,1320
15/01/2026 03:57:52,2,490,410,3,1,1320
15/01/2026 03:58:08,2,480,410,3,1,1320
15/01/2026 03:58:24,2,480,410,3,1,1320
15/01/2026 03:58:40,2,480,410,3,1,1320
15/01/2026 03:58:56,2,480,410,3,1,1320
15/01/2026 03:59:12,2,480,410,3,1,1340
15/01/2026 03:59:28,2,480,410,3,1,1340
15/01/2026 03:59:44,2,480,410,3,1,1340
15/01/2026 04:00:00,2,480,400,3,1,1340
15/01/2026 04:00:16,2,480,400,3,1,1340
15/01/2026 04:00:32,2,480,400,3,1,1340
15/01/2026 04:00:48,2,490,400,3,1,1330
15/01/2026 04:01:04,2,490,400,3,1,1330
15/01/2026 04:01:20,2,490,400,3,1,1330
15/01/2026 04:01:36,2,600,400,3,1,1340
15/01/2026 04:01:52,2,600,400,3,1,1340
15/01/2026 04:02:08,2,600,400,3,1,1340
15/01/2026 04:02:24,2,600,400,3,1,1340
15/01/2026 04:02:40,2,600,400,3,1,1340
15/01/2026 04:02:56,2,600,400,3,1,1340
15/01/2026 04:03:12,2,610,400,3,1,1340
15/01/2026 04:03:28,2,610,400,3,1,1340
15/01/2026 04:03:44,2,610,400,3,1,1340
15/01/2026 04:04:00,2,610,400,3,1,1340
15/01/2026 04:04:16,2,610,400,3,1,1340
15/01/2026 04:04:32,2,610,400,3,1,1340
15/01/2026 04:04:48,2,610,400,3,1,1340
15/01/2026 04:05:04,2,610,400,3,1,1350
15/01/2026 04:05:20,2,610,400,3,1,1350
15/01/2026 04:05:36,2,610,400,3,1,1330
15/01/2026 04:05:52,2,620,400,3,1,1330
15/01/2026 04:06:08,2,620,400,3,1,1330
15/01/2026 04:06:24,2,620,400,3,1,1330
15/01/2026 04:06:40,2,620,400,3,1,1330
15/01/2026 04:06:56,2,620,400,3,1,1340
15/01/2026 04:07:12,2,620,400,3,1,1340
15/01/2026 04:07:28,2,620,400,3,1,1350
15/01/2026 04:07:44,2,620,400,3,1,1350
15/01/2026 04:08:00,2,620,400,3,1,1360
15/01/2026 04:08:16,2,620,400,3,1,1360
15/01/2026 04:08:32,2,620,400,3,1,1360
15/01/2026 04:08:48,2,620,400,3,1,1390
15/01/2026 04:09:04,2,620,400,3,1,1390
15/01/2026 04:09:20,2,620,400,3,1,1380
15/01/2026 04:09:36,2,620,400,3,1,1380
15/01/2026 04:09:52,2,620,400,3,1,1360
15/01/2026 04:10:08,2,620,400,3,1,1360
15/01/2026 04:10:24,2,620,400,3,1,1360
15/01/2026 04:10:40,2,620,400,3,1,1360
15/01/2026 04:10:56,2,620,400,3,1,1360
15/01/2026 04:11:12,2,620,400,3,1,1350
15/01/2026 04:11:28,2,620,400,3,1,1350
15/01/2026 04:11:44,2,620,400,3,1,1360
15/01/2026 04:12:00,2,620,400,3,1,1360
15/01/2026 04:12:16,2,620,400,3,1,1350
15/01/2026 04:12:32,2,620,400,3,1,1350
15/01/2026 04:12:48,2,620,400,3,1,1340
15/01/2026 04:13:04,2,620,400,3,1,1340
15/01/2026 04:13:20,2,620,400,3,1,1340
15/01/2026 04:13:36,2,620,400,3,1,1350
15/01/2026 04:13:52,2,620,400,3,1,1350
15/01/2026 04:14:08,2,620,400,3,1,1360
15/01/2026 04:14:24,2,620,400,3,1,1360
15/01/2026 04:14:40,2,620,400,3,1,1340
15/01/2026 04:14:56,2,620,400,3,1,1340
15/01/2026 04:15:12,2,620,400,3,1,1370
15/01/2026 04:15:28,2,620,400,3,1,1370
15/01/2026 04:15:44,2,620,400,3,1,1370
15/01/2026 04:16:00,2,620,400,3,1,1370
15/01/2026 04:16:16,2,620,400,3,1,1370
15/01/2026 04:16:32,2,620,400,3,1,1390
15/01/2026 04:16:48,2,620,400,3,1,1390
15/01/2026 04:17:04,2,620,400,3,1,1360
15/01/2026 04:17:20,2,620,400,3,1,1360
15/01/2026 04:17:36,2,620,400,3,1,1350
15/01/2026 04:17:52,2,620,400,3,1,1350
15/01/2026 04:18:08,2,620,400,3,1,1350
15/01/2026 04:18:24,2,620,400,3,1,1350
15/01/2026 04:18:40,2,610,400,3,1,1350
15/01/2026 04:18:56,2,610,400,3,1,1350
15/01/2026 04:19:12,2,610,400,3,1,1350
15/01/2026 04:19:28,2,610,400,3,1,1430
15/01/2026 04:19:44,2,610,400,3,1,1430
15/01/2026 04:20:00,2,610,400,3,1,1370
15/01/2026 04:20:16,2,610,400,3,1,1370
15/01/2026 04:20:32,2,610,400,3,1,1370
15/01/2026 04:20:48,2,600,400,3,2,1380
15/01/2026 04:21:04,2,600,400,3,2,1380
15/01/2026 04:21:20,2,600,400,3,2,1330
15/01/2026 04:21:36,2,600,400,3,2,1330
15/01/2026 04:21:52,2,600,400,3,1,1340
15/01/2026 04:22:08,2,600,400,3,1,1340
15/01/2026 04:22:24,2,600,400,3,1,1360
15/01/2026 04:22:40,2,600,400,3,1,1360
15/01/2026 04:22:56,2,600,400,3,1,1360
15/01/2026 04:23:12,2,590,400,3,1,1330
15/01/2026 04:23:28,2,590,400,3,1,1330
15/01/2026 04:23:44,2,590,400,3,1,1350
15/01/2026 04:24:00,2,590,400,3,1,1350
15/01/2026 04:24:16,2,590,400,3,1,1360
15/01/2026 04:24:32,2,590,400,3,1,1360
15/01/2026 04:24:48,2,590,400,3,1,1350
15/01/2026 04:25:04,2,590,400,3,1,1350
15/01/2026 04:25:20,2,590,400,3,1,1350
15/01/2026 04:25:36,2,590,400,3,1,1350
15/01/2026 04:25:52,2,590,400,3,1,1350
15/01/2026 04:26:08,2,590,400,3,1,1350
15/01/2026 04:26:24,2,590,400,3,1,1350
15/01/2026 04:26:40,2,590,400,3,1,1310
15/01/2026 04:26:56,2,590,400,3,1,1310
15/01/2026 04:27:12,2,590,400,3,1,1300
15/01/2026 04:27:28,2,580,400,3,1,1300
15/01/2026 04:27:44,2,580,400,3,1,1300
15/01/2026 04:28:00,2,580,400,3,1,1310
15/01/2026 04:28:16,2,580,400,3,1,1310
15/01/2026 04:28:32,2,580,400,3,1,1310
15/01/2026 04:28:48,2,580,400,3,1,1310
15/01/2026 04:29:04,2,580,400,3,1,1310
15/01/2026 04:29:20,2,580,400,3,1,1310
15/01/2026 04:29:36,2,580,400,3,1,1310
15/01/2026 04:29:52,2,580,400,3,1,1310
15/01/2026 04:30:08,2,570,400,3,1,1310
15/01/2026 04:30:24,2,570,400,3,1,1300
15/01/2026 04:30:40,2,570,400,3,1,1300
15/01/2026 04:30:56,2,560,400,3,1,1320
15/01/2026 04:31:12,2,560,400,3,1,1320
15/01/2026 04:31:28,2,560,400,3,1,1390
15/01/2026 04:31:44,2,550,400,3,1,1390
15/01/2026 04:32:00,2,550,400,3,1,1380
15/01/2026 04:32:16,2,540,400,3,1,1380
15/01/2026 04:32:32,2,520,400,3,1,1380
15/01/2026 04:32:48,2,520,400,3,1,1380
15/01/2026 04:33:04,2,510,400,3,1,1380
15/01/2026 04:33:20,2,510,400,3,1,1380
15/01/2026 04:33:36,2,500,400,3,1,1380
15/01/2026 04:33:52,2,500,400,3,1,1410
15/01/2026 04:34:08,2,500,400,3,1,1410
15/01/2026 04:34:24,2,500,400,3,1,1400
15/01/2026 04:34:40,2,500,400,3,1,1400
15/01/2026 04:34:56,2,490,400,3,1,1400
15/01/2026 04:35:12,2,490,400,3,1,1370
15/01/2026 04:35:28,2,490,400,3,1,1370
15/01/2026 04:35:44,2,490,400,3,1,1370
15/01/2026 04:36:00,2,490,400,3,1,1370
15/01/2026 04:36:16,2,490,400,3,1,1370
15/01/2026 04:36:32,2,490,400,3,1,1370
15/01/2026 04:36:48,2,490,400,3,1,1330
15/01/2026 04:37:04,2,490,400,3,1,1330
15/01/2026 04:37:20,2,480,400,3,1,1330
15/01/2026 04:37:36,2,480,400,3,1,1330
15/01/2026 04:37:52,2,480,400,3,1,1330
15/01/2026 04:38:08,2,480,400,3,1,1350
15/01/2026 04:38:24,2,480,400,3,1,1350
15/01/2026 04:38:40,2,480,400,3,1,1400
15/01/2026 04:38:56,2,480,400,3,1,1400
15/01/2026 04:39:12,2,480,400,3,1,1440
15/01/2026 04:39:28,2,480,400,3,1,1440
15/01/2026 04:39:44,2,480,400,3,1,1440
15/01/2026 04:40:00,2,480,400,3,1,1450
15/01/2026 04:40:16,2,470,400,3,1,1450
15/01/2026 04:40:32,2,470,400,3,1,1400
15/01/2026 04:40:48,2,470,400,3,1,1400
15/01/2026 04:41:04,2,470,400,3,1,1390
15/01/2026 04:41:20,2,470,400,3,1,1390
15/01/2026 04:41:36,2,470,400,3,1,1380
15/01/2026 04:41:52,2,470,400,3,1,1380
15/01/2026 04:42:08,2,470,400,3,1,1380
15/01/2026 04:42:24,2,470,400,3,1,1390
15/01/2026 04:42:40,2,470,400,3,1,1390
15/01/2026 04:42:56,2,470,400,3,1,1400
15/01/2026 04:43:12,2,470,400,3,1,1400
15/01/2026 04:43:28,2,470,400,3,1,1400
15/01/2026 04:43:44,2,470,400,3,1,1400
15/01/2026 04:44:00,2,470,400,3,1,1410
15/01/2026 04:44:16,2,480,400,3,1,1410
15/01/2026 04:44:32,2,480,400,3,1,1410
15/01/2026 04:44:48,2,480,400,3,1,1420
15/01/2026 04:45:04,2,480,400,3,1,1420
15/01/2026 04:45:20,2,480,400,3,1,1420
15/01/2026 04:45:36,2,480,400,3,1,1420
15/01/2026 04:45:52,2,480,400,3,1,1430
15/01/2026 04:46:08,2,480,400,3,1,1430
15/01/2026 04:46:24,2,480,400,3,1,1440
15/01/2026 04:46:40,2,480,400,3,1,1440
15/01/2026 04:46:56,2,480,400,3,1,1440
15/01/2026 04:47:12,2,480,400,3,1,1440
15/01/2026 04:47:28,2,480,400,3,1,1440
15/01/2026 04:47:44,2,480,400,3,1,1440
15/01/2026 04:48:00,2,480,400,3,1,1440
15/01/2026 04:48:16,2,480,400,3,1,1440
15/01/2026 04:48:32,2,480,400,3,1,1440
15/01/2026 04:48:48,2,470,400,3,1,1430
15/01/2026 04:49:04,2,470,400,3,1,1430
15/01/2026 04:49:20,2,470,400,3,1,1430
15/01/2026 04:49:36,2,470,400,3,1,1440
15/01/2026 04:49:52,2,460,400,3,1,1440
15/01/2026 04:50:08,2,460,400,3,1,1430
15/01/2026 04:50:24,2,460,400,3,1,1430
15/01/2026 04:50:40,2,460,400,3,1,1420
15/01/2026 04:50:56,2,460,400,3,1,1420
15/01/2026 04:51:12,2,460,400,3,1,1420
15/01/2026 04:51:28,2,460,400,3,1,1420
15/01/2026 04:51:44,2,460,400,3,1,1420
15/01/2026 04:52:00,2,460,400,3,1,1400
15/01/2026 04:52:16,2,460,400,3,1,1400
15/01/2026 04:52:32,2,460,400,3,1,1330
15/01/2026 04:52:48,2,460,400,3,1,1330
15/01/2026 04:53:04,2,460,400,3,1,1330
15/01/2026 04:53:20,2,460,400,3,1,1330
15/01/2026 04:53:36,2,460,400,3,1,1400
15/01/2026 04:53:52,2,460,400,3,1,1400
15/01/2026 04:54:08,2,460,400,3,1,1400
15/01/2026 04:54:24,2,460,400,3,1,1440
15/01/2026 04:54:40,2,460,400,3,1,1440
15/01/2026 04:54:56,2,460,400,3,1,1340
15/01/2026 04:55:12,2,460,400,3,1,1340
15/01/2026 04:55:28,2,460,400,3,1,1330
15/01/2026 04:55:44,2,460,400,3,1,1330
15/01/2026 04:56:00,2,460,400,3,1,1340
15/01/2026 04:56:16,2,460,400,3,1,1340
15/01/2026 04:56:32,2,460,400,3,1,1340
15/01/2026 04:56:48,2,460,400,3,1,1340
15/01/2026 04:57:04,2,460,400,3,1,1340
15/01/2026 04:57:20,2,460,400,3,1,1350
15/01/2026 04:57:36,2,460,400,3,1,1350
15/01/2026 04:57:52,2,460,400,3,1,1350
15/01/2026 04:58:08,2,460,400,3,1,1350
15/01/2026 04:58:24,2,460,400,3,1,1480
15/01/2026 04:58:40,2,460,400,3,1,1480
15/01/2026 04:58:56,2,460,400,3,1,1480
15/01/2026 04:59:12,2,460,400,3,1,1480
15/01/2026 04:59:28,2,460,400,3,1,1480
15/01/2026 04:59:44,2,460,400,3,1,1340
15/01/2026 05:00:00,2,460,560,3,1,1340
15/01/2026 05:00:16,2,460,560,3,2,1330
15/01/2026 05:00:32,2,460,560,3,2,1330
15/01/2026 05:00:48,2,460,560,3,3,1300
15/01/2026 05:01:04,2,460,560,3,3,1300
15/01/2026 05:01:20,2,460,560,3,3,1300
15/01/2026 05:01:36,2,460,560,3,1,3040
15/01/2026 05:01:52,2,450,560,3,1,3040
15/01/2026 05:02:08,2,450,560,3,2,2710
15/01/2026 05:02:24,2,450,560,3,2,2710
15/01/2026 05:02:40,2,450,560,3,1,2700
15/01/2026 05:02:56,2,450,560,3,1,2700
15/01/2026 05:03:12,2,450,560,3,1,2640
15/01/2026 05:03:28,2,450,560,3,1,2640
15/01/2026 05:03:44,2,450,560,3,1,2640
15/01/2026 05:04:00,2,450,560,3,1,2680
15/01/2026 05:04:16,2,450,560,3,1,2680
15/01/2026 05:04:32,2,450,560,3,1,2710
15/01/2026 05:04:48,2,450,560,3,1,2710
15/01/2026 05:05:04,2,460,560,3,2,2720
15/01/2026 05:05:20,2,460,560,3,2,2720
15/01/2026 05:05:36,2,460,560,3,1,2840
15/01/2026 05:05:52,2,460,560,3,1,2840
15/01/2026 05:06:08,2,460,560,3,1,2840
15/01/2026 05:06:24,2,460,560,3,1,2880
15/01/2026 05:06:40,2,460,560,3,1,2880
15/01/2026 05:06:56,2,460,560,3,2,2740
15/01/2026 05:07:12,2,460,560,3,2,2740
15/01/2026 05:07:28,2,460,560,3,1,2690
15/01/2026 05:07:44,2,460,560,3,1,2690
15/01/2026 05:08:00,2,460,560,3,2,1290
15/01/2026 05:08:16,2,460,560,3,2,1290
15/01/2026 05:08:32,2,460,560,3,2,1290
15/01/2026 05:08:48,2,460,560,3,2,1300
15/01/2026 05:09:04,2,460,560,3,2,1300
15/01/2026 05:09:20,2,460,560,3,2,1290
15/01/2026 05:09:36,2,460,560,3,2,1290
15/01/2026 05:09:52,2,460,560,3,2,1290
15/01/2026 05:10:08,2,460,560,3,2,1290
15/01/2026 05:10:24,2,460,560,3,2,1290
15/01/2026 05:10:40,2,460,560,3,2,1290
15/01/2026 05:10:56,2,440,560,3,2,1290
15/01/2026 05:11:12,2,440,560,3,2,1280
15/01/2026 05:11:28,2,440,560,3,2,1280
15/01/2026 05:11:44,2,430,560,3,2,1280
15/01/2026 05:12:00,2,430,560,3,2,1280
15/01/2026 05:12:16,2,430,560,3,2,1280
15/01/2026 05:12:32,2,430,560,3,2,1280
15/01/2026 05:12:48,2,430,560,3,2,1280
15/01/2026 05:13:04,2,430,560,3,2,1280
15/01/2026 05:13:20,2,430,560,3,2,1280
15/01/2026 05:13:36,2,430,560,3,2,1290
15/01/2026 05:13:52,2,430,560,3,2,1290
15/01/2026 05:14:08,2,430,560,3,1,1280
15/01/2026 05:14:24,2,430,560,3,1,1280
15/01/2026 05:14:40,2,430,560,3,2,1280
15/01/2026 05:14:56,2,430,560,3,2,1280
15/01/2026 05:15:12,2,430,560,3,2,1270
15/01/2026 05:15:28,2,430,560,3,2,1270
15/01/2026 05:15:44,2,430,560,3,2,1270
15/01/2026 05:16:00,2,430,560,3,2,1260
15/01/2026 05:16:16,2,430,560,3,2,1260
15/01/2026 05:16:32,2,430,560,3,2,1260
15/01/2026 05:16:48,2,430,560,3,2,1260
15/01/2026 05:17:04,2,430,560,3,1,1270
15/01/2026 05:17:20,2,430,560,3,1,1270
15/01/2026 05:17:36,2,430,560,3,1,1270
15/01/2026 05:17:52,2,430,560,3,1,1270
15/01/2026 05:18:08,2,430,560,3,1,1270
15/01/2026 05:18:24,2,430,560,3,1,1260
15/01/2026 05:18:40,2,430,560,3,1,1260
15/01/2026 05:18:56,2,420,560,3,1,1270
15/01/2026 05:19:12,2,410,560,3,1,1270
15/01/2026 05:19:28,2,410,560,3,1,1270
15/01/2026 05:19:44,2,410,560,3,1,1270
15/01/2026 05:20:00,2,410,560,3,1,1280
15/01/2026 05:20:16,2,410,560,3,1,1280
15/01/2026 05:20:32,2,410,560,3,1,1280
15/01/2026 05:20:48,2,410,560,3,1,1290
15/01/2026 05:21:04,2,410,560,3,1,1290
15/01/2026 05:21:20,2,410,560,3,1,1300
15/01/2026 05:21:36,2,410,560,3,1,1300
15/01/2026 05:21:52,2,410,560,3,1,1290
15/01/2026 05:22:08,2,410,560,3,1,1290
15/01/2026 05:22:24,2,410,560,3,1,1290
15/01/2026 05:22:40,2,410,560,3,1,1290
15/01/2026 05:22:56,2,410,560,3,1,1290
15/01/2026 05:23:12,2,410,560,3,1,1290
15/01/2026 05:23:28,2,410,560,3,1,1290
15/01/2026 05:23:44,2,410,560,3,1,1290
15/01/2026 05:24:00,2,410,560,3,1,1290
15/01/2026 05:24:16,2,410,560,3,1,1300
15/01/2026 05:24:32,2,410,560,3,1,1300
15/01/2026 05:24:48,2,410,560,3,1,1300
15/01/2026 05:25:04,2,410,560,3,1,1300
15/01/2026 05:25:20,2,410,560,3,1,1300
15/01/2026 05:25:36,2,410,560,3,1,1300
15/01/2026 05:25:52,2,410,560,3,1,1300
15/01/2026 05:26:08,2,410,560,3,1,1310
15/01/2026 05:26:24,2,410,560,3,1,1310
15/01/2026 05:26:40,2,400,560,3,1,1310
15/01/2026 05:26:56,2,400,560,3,1,1310
15/01/2026 05:27:12,2,400,560,3,1,1310
15/01/2026 05:27:28,2,400,560,3,1,1310
15/01/2026 05:27:44,2,400,560,3,1,1310
15/01/2026 05:28:00,2,400,560,3,1,1300
15/01/2026 05:28:16,2,400,560,3,1,1300
15/01/2026 05:28:32,2,400,560,3,2,1280
15/01/2026 05:28:48,2,400,560,3,2,1280
15/01/2026 05:29:04,2,400,560,3,2,1280
15/01/2026 05:29:20,2,400,560,3,2,1280
15/01/2026 05:29:36,2,400,560,3,2,1270
15/01/2026 05:29:52,2,400,560,3,2,1270
15/01/2026 05:30:08,2,400,560,3,2,1270
15/01/2026 05:30:24,2,400,560,3,2,1270
15/01/2026 05:30:40,2,400,560,3,2,1270
15/01/2026 05:30:56,2,400,560,3,2,1260
15/01/2026 05:31:12,2,400,560,3,2,1260
15/01/2026 05:31:28,2,400,560,3,2,1270
15/01/2026 05:31:44,2,410,560,3,2,1270
15/01/2026 05:32:00,2,410,560,3,2,1280
15/01/2026 05:32:16,2,410,560,3,2,1280
15/01/2026 05:32:32,2,410,560,3,2,1280
15/01/2026 05:32:48,2,410,560,3,1,1270
15/01/2026 05:33:04,2,410,560,3,1,1270
15/01/2026 05:33:20,2,410,560,3,1,1280
15/01/2026 05:33:36,2,410,560,3,1,1280
15/01/2026 05:33:52,2,410,560,3,1,1280
15/01/2026 05:34:08,2,410,560,3,1,1280
15/01/2026 05:34:24,2,410,560,3,1,1270
15/01/2026 05:34:40,2,410,560,3,1,1270
15/01/2026 05:34:56,2,410,560,3,1,1270
15/01/2026 05:35:12,2,410,560,3,1,1270
15/01/2026 05:35:28,2,410,560,3,1,1270
15/01/2026 05:35:44,2,410,560,3,1,1270
15/01/2026 05:36:00,2,410,560,3,1,1270
15/01/2026 05:36:16,2,410,560,3,1,1290
15/01/2026 05:36:32,2,410,560,3,1,1290
15/01/2026 05:36:48,2,410,560,3,1,1310
15/01/2026 05:37:04,2,410,560,3,1,1310
15/01/2026 05:37:20,2,410,560,3,1,1310
15/01/2026 05:37:36,2,410,560,3,1,1310
15/01/2026 05:37:52,2,410,560,3,1,1310
15/01/2026 05:38:08,2,410,560,3,1,1330
15/01/2026 05:38:24,2,410,560,3,1,1330
15/01/2026 05:38:40,2,410,560,3,1,1330
15/01/2026 05:38:56,2,410,560,3,1,1330
15/01/2026 05:39:12,2,410,560,3,1,1340
15/01/2026 05:39:28,2,400,560,3,1,1340
15/01/2026 05:39:44,2,400,560,3,1,1340
15/01/2026 05:40:00,2,400,560,3,1,1330
15/01/2026 05:40:16,2,400,560,3,1,1330
15/01/2026 05:40:32,2,400,560,3,1,1310
15/01/2026 05:40:48,2,400,560,3,1,1310
15/01/2026 05:41:04,2,400,560,3,1,1300
15/01/2026 05:41:20,2,400,560,3,1,1300
15/01/2026 05:41:36,2,400,560,3,1,1340
15/01/2026 05:41:52,2,400,560,3,1,1340
15/01/2026 05:42:08,2,400,560,3,1,1340
15/01/2026 05:42:24,2,400,560,3,1,2720
15/01/2026 05:42:40,2,400,560,3,1,2720
15/01/2026 05:42:56,2,400,560,3,1,2720
15/01/2026 05:43:12,2,400,560,3,1,2720
15/01/2026 05:43:28,2,400,560,3,0,-999
15/01/2026 05:43:44,2,400,560,3,0,-999
15/01/2026 05:44:00,2,400,560,3,0,-999
15/01/2026 05:44:16,2,400,560,3,0,-999
15/01/2026 05:44:32,2,400,560,3,0,-999
15/01/2026 05:44:48,2,400,560,3,0,-999
15/01/2026 05:45:04,2,400,560,3,0,-999
15/01/2026 05:45:20,2,400,560,3,0,-999
15/01/2026 05:45:36,2,400,560,3,0,-999
15/01/2026 05:45:52,2,400,560,3,0,-999
15/01/2026 05:46:08,2,400,560,3,0,-999
15/01/2026 05:46:24,2,400,560,3,2,2510
15/01/2026 05:46:40,2,400,560,3,2,2510
15/01/2026 05:46:56,2,400,560,3,2,2510
15/01/2026 05:47:12,2,400,560,3,2,1310
15/01/2026 05:47:28,2,400,560,3,2,1310
15/01/2026 05:47:44,2,400,560,3,2,1320
15/01/2026 05:48:00,2,400,560,3,2,1320
15/01/2026 05:48:16,2,400,560,3,2,1320
15/01/2026 05:48:32,2,400,560,3,2,1320
15/01/2026 05:48:48,2,400,560,3,2,1330
15/01/2026 05:49:04,2,400,560,3,2,1330
15/01/2026 05:49:20,2,410,560,3,2,1330
15/01/2026 05:49:36,2,410,560,3,2,1320
15/01/2026 05:49:52,2,410,560,3,2,1320
15/01/2026 05:50:08,2,410,560,3,3,1320
15/01/2026 05:50:24,2,410,560,3,3,1320
15/01/2026 05:50:40,2,420,560,3,2,1340
15/01/2026 05:50:56,2,420,560,3,2,1340
15/01/2026 05:51:12,2,420,560,3,1,1350
15/01/2026 05:51:28,2,420,560,3,1,1350
15/01/2026 05:51:44,2,420,560,3,1,1350
15/01/2026 05:52:00,2,420,560,3,1,1360
15/01/2026 05:52:16,2,420,560,3,1,1360
15/01/2026 05:52:32,2,420,560,3,1,1370
15/01/2026 05:52:48,2,430,560,3,1,1370
15/01/2026 05:53:04,2,430,560,3,2,1370
15/01/2026 05:53:20,2,430,560,3,2,1370
15/01/2026 05:53:36,2,430,560,3,2,1360
15/01/2026 05:53:52,2,430,560,3,2,1360
15/01/2026 05:54:08,2,430,560,3,2,1360
15/01/2026 05:54:24,2,490,560,3,2,1370
15/01/2026 05:54:40,2,510,560,3,2,1370
15/01/2026 05:54:56,2,510,560,3,2,1370
15/01/2026 05:55:12,2,510,560,3,2,1370
15/01/2026 05:55:28,2,510,560,3,3,1360
15/01/2026 05:55:44,2,530,560,3,3,1360
15/01/2026 05:56:00,2,530,560,3,2,1350
15/01/2026 05:56:16,2,530,560,3,2,1350
15/01/2026 05:56:32,2,530,560,3,2,1350
15/01/2026 05:56:48,2,530,560,3,2,1350
15/01/2026 05:57:04,2,530,560,3,2,1350
15/01/2026 05:57:20,2,520,560,3,1,2650
15/01/2026 05:57:36,2,520,560,3,1,2650
15/01/2026 05:57:52,2,510,560,3,2,1360
15/01/2026 05:58:08,2,510,560,3,2,1360
15/01/2026 05:58:24,2,510,560,3,2,1360
15/01/2026 05:58:40,2,510,560,3,2,1360
15/01/2026 05:58:56,2,510,560,3,2,1360
15/01/2026 05:59:12,2,510,560,3,1,2560
15/01/2026 05:59:28,2,510,560,3,1,2560
15/01/2026 05:59:44,2,510,560,3,1,2480
15/01/2026 06:00:00,3,510,410,3,1,2480
15/01/2026 06:00:16,3,510,410,3,1,2410
15/01/2026 06:00:32,3,510,410,3,1,2410
15/01/2026 06:00:48,3,520,410,3,1,2410
15/01/2026 06:01:04,3,530,410,3,1,2410
15/01/2026 06:01:20,3,550,410,3,1,2410
15/01/2026 06:01:36,3,550,410,3,1,2400
15/01/2026 06:01:52,3,550,410,3,1,2400
15/01/2026 06:02:08,3,550,410,3,1,2400
15/01/2026 06:02:24,3,550,410,3,1,2400
15/01/2026 06:02:40,3,550,410,3,1,2410
15/01/2026 06:02:56,3,550,410,3,1,2410
15/01/2026 06:03:12,3,550,410,3,1,2410
15/01/2026 06:03:28,3,550,410,3,1,2410
15/01/2026 06:03:44,3,550,410,3,1,2410
15/01/2026 06:04:00,3,550,410,3,1,2410
15/01/2026 06:04:16,3,550,410,3,1,2410
15/01/2026 06:04:32,3,550,410,3,1,2410
15/01/2026 06:04:48,3,550,410,3,1,2410
15/01/2026 06:05:04,3,550,410,3,1,2410
15/01/2026 06:05:20,3,550,410,3,1,2410
15/01/2026 06:05:36,3,540,410,3,1,2410
15/01/2026 06:05:52,3,530,410,3,1,2410
15/01/2026 06:06:08,3,530,410,3,1,2410
15/01/2026 06:06:24,3,520,410,3,1,2400
15/01/2026 06:06:40,3,520,410,3,1,2400
15/01/2026 06:06:56,3,520,410,3,1,2390
15/01/2026 06:07:12,3,520,410,3,1,2390
15/01/2026 06:07:28,3,520,410,3,1,2390
15/01/2026 06:07:44,3,520,410,3,1,2390
15/01/2026 06:08:00,3,520,410,3,1,2390
15/01/2026 06:08:16,3,520,410,3,1,2390
15/01/2026 06:08:32,3,520,410,3,1,2390
15/01/2026 06:08:48,3,520,410,3,1,2400
15/01/2026 06:09:04,3,520,410,3,1,2400
15/01/2026 06:09:20,3,520,410,3,2,2400
15/01/2026 06:09:36,3,530,410,3,2,2400
15/01/2026 06:09:52,3,530,410,3,1,2560
15/01/2026 06:10:08,3,530,410,3,1,2560
15/01/2026 06:10:24,3,530,410,3,1,2840
15/01/2026 06:10:40,3,540,410,3,1,2840
15/01/2026 06:10:56,3,540,410,3,1,2840
15/01/2026 06:11:12,3,550,410,3,3,2820
15/01/2026 06:11:28,3,550,410,3,3,2820
15/01/2026 06:11:44,3,550,410,3,2,2600
15/01/2026 06:12:00,3,550,410,3,2,2600
15/01/2026 06:12:16,3,560,410,3,2,2450
15/01/2026 06:12:32,3,560,410,3,2,2450
15/01/2026 06:12:48,3,560,410,3,2,2460
15/01/2026 06:13:04,3,570,410,3,2,2460
15/01/2026 06:13:20,3,570,410,3,2,2460
15/01/2026 06:13:36,3,570,410,3,2,2600
15/01/2026 06:13:52,3,570,410,3,2,2600
15/01/2026 06:14:08,3,580,410,3,1,2580
15/01/2026 06:14:24,3,580,410,3,1,2580
15/01/2026 06:14:40,3,580,410,3,2,2430
15/01/2026 06:14:56,3,580,410,3,2,2430
15/01/2026 06:15:12,3,580,410,3,2,2440
15/01/2026 06:15:28,3,580,410,3,2,2440
15/01/2026 06:15:44,3,580,410,3,2,2440
15/01/2026 06:16:00,3,580,410,3,2,2460
15/01/2026 06:16:16,3,490,410,3,2,2460
15/01/2026 06:16:32,3,480,410,3,1,2840
15/01/2026 06:16:48,3,480,410,3,1,2840
15/01/2026 06:17:04,3,470,410,3,1,2790
15/01/2026 06:17:20,3,470,410,3,1,2790
15/01/2026 06:17:36,3,420,410,3,1,2710
15/01/2026 06:17:52,3,430,410,3,1,2710
15/01/2026 06:18:08,3,430,410,3,1,2710
15/01/2026 06:18:24,3,430,410,3,1,2740
15/01/2026 06:18:40,3,430,410,3,1,2740
15/01/2026 06:18:56,3,430,410,3,2,2450
15/01/2026 06:19:12,3,430,410,3,2,2450
15/01/2026 06:19:28,3,430,410,3,1,2380
15/01/2026 06:19:44,3,420,410,3,1,2380
15/01/2026 06:20:00,3,420,410,3,1,2490
15/01/2026 06:20:16,3,420,410,3,1,2490
15/01/2026 06:20:32,3,420,410,3,1,2490
15/01/2026 06:20:48,3,420,410,3,1,2510
15/01/2026 06:21:04,3,420,410,3,1,2510
15/01/2026 06:21:20,3,420,410,3,1,2460
15/01/2026 06:21:36,3,420,410,3,1,2460
15/01/2026 06:21:52,3,410,410,3,1,2480
15/01/2026 06:22:08,3,410,410,3,1,2480
15/01/2026 06:22:24,3,410,410,3,1,2590
15/01/2026 06:22:40,3,410,410,3,1,2590
15/01/2026 06:22:56,3,410,410,3,1,2590
15/01/2026 06:23:12,3,410,410,3,0,-999
15/01/2026 06:23:28,3,410,410,3,0,-999
15/01/2026 06:23:44,3,410,410,3,0,-999
15/01/2026 06:24:00,3,410,410,3,0,-999
15/01/2026 06:24:16,3,410,410,3,0,-999
15/01/2026 06:24:32,3,410,410,3,0,-999
15/01/2026 06:24:48,3,410,410,3,1,2470
15/01/2026 06:25:04,3,410,410,3,1,2470
15/01/2026 06:25:20,3,410,410,3,1,2470
15/01/2026 06:25:36,3,410,410,3,1,2490
15/01/2026 06:25:52,3,410,410,3,1,2490
15/01/2026 06:26:08,3,410,410,3,1,2530
15/01/2026 06:26:24,3,410,410,3,1,2530
15/01/2026 06:26:40,3,410,410,3,1,2540
15/01/2026 06:26:56,3,410,410,3,1,2540
15/01/2026 06:27:12,3,410,410,3,0,-999
15/01/2026 06:27:28,3,410,410,3,0,-999
15/01/2026 06:27:44,3,410,410,3,0,-999
15/01/2026 06:28:00,3,410,410,3,0,-999
15/01/2026 06:28:16,3,410,410,3,0,-999
15/01/2026 06:28:32,3,410,410,3,1,2510
15/01/2026 06:28:48,3,410,410,3,1,2510
15/01/2026 06:29:04,3,410,410,3,1,2500
15/01/2026 06:29:20,3,410,410,3,1,2500
15/01/2026 06:29:36,3,410,410,3,1,2500
15/01/2026 06:29:52,3,410,410,3,1,2500
15/01/2026 06:30:08,3,410,410,3,1,2500
15/01/2026 06:30:24,3,410,410,3,1,2520
15/01/2026 06:30:40,3,410,410,3,1,2520
15/01/2026 06:30:56,3,410,410,3,1,2510
15/01/2026 06:31:12,3,410,410,3,1,2510
15/01/2026 06:31:28,3,410,410,3,1,2530
15/01/2026 06:31:44,3,410,410,3,1,2530
15/01/2026 06:32:00,3,410,410,3,1,2480
15/01/2026 06:32:16,3,410,410,3,1,2480
15/01/2026 06:32:32,3,410,410,3,1,2480
15/01/2026 06:32:48,3,410,410,3,1,2490
15/01/2026 06:33:04,3,410,410,3,1,2490
15/01/2026 06:33:20,3,410,410,3,1,2500
15/01/2026 06:33:36,3,410,410,3,1,2500
15/01/2026 06:33:52,3,410,410,3,0,-999
15/01/2026 06:34:08,3,410,410,3,0,-999
15/01/2026 06:34:24,3,410,410,3,0,-999
15/01/2026 06:34:40,3,410,410,3,0,-999
15/01/2026 06:34:56,3,410,410,3,0,-999
15/01/2026 06:35:12,3,410,410,3,0,-999
15/01/2026 06:35:28,3,410,410,3,0,-999
15/01/2026 06:35:44,3,410,410,3,0,-999
15/01/2026 06:36:00,3,420,410,3,0,-999
15/01/2026 06:36:16,3,420,410,3,0,-999
15/01/2026 06:36:32,3,420,410,3,0,-999
15/01/2026 06:36:48,3,430,410,3,0,-999
15/01/2026 06:37:04,3,430,410,3,0,-999
15/01/2026 06:37:20,3,430,410,3,0,-999
15/01/2026 06:37:36,3,430,410,3,0,-999
15/01/2026 06:37:52,3,430,410,3,0,-999
15/01/2026 06:38:08,3,430,410,3,0,-999
15/01/2026 06:38:24,3,430,410,3,0,-999
15/01/2026 06:38:40,3,440,410,3,0,-999
15/01/2026 06:38:56,3,440,410,3,0,-999
15/01/2026 06:39:12,3,440,410,3,0,-999
15/01/2026 06:39:28,3,440,410,3,0,-999
15/01/2026 06:39:44,3,450,410,3,0,-999
15/01/2026 06:40:00,3,450,410,3,0,-999
15/01/2026 06:40:16,3,450,410,3,0,-999
15/01/2026 06:40:32,3,450,410,3,0,-999
15/01/2026 06:40:48,3,450,410,3,0,-999
15/01/2026 06:41:04,3,450,410,3,0,-999
15/01/2026 06:41:20,3,450,410,3,0,-999
15/01/2026 06:41:36,3,450,410,3,0,-999
15/01/2026 06:41:52,3,450,410,3,0,-999
15/01/2026 06:42:08,3,450,410,3,0,-999
15/01/2026 06:42:24,3,460,410,3,0,-999
15/01/2026 06:42:40,3,460,410,3,0,-999
15/01/2026 06:42:56,3,460,410,3,0,-999
15/01/2026 06:43:12,3,460,410,3,0,-999
15/01/2026 06:43:28,3,460,410,3,0,-999
15/01/2026 06:43:44,3,460,410,3,0,-999
15/01/2026 06:44:00,3,460,410,3,0,-999
15/01/2026 06:44:16,3,460,410,3,0,-999
15/01/2026 06:44:32,3,460,410,3,0,-999
15/01/2026 06:44:48,3,460,410,3,0,-999
15/01/2026 06:45:04,3,460,410,3,0,-999
15/01/2026 06:45:20,3,460,410,3,0,-999
15/01/2026 06:45:36,3,460,410,3,0,-999
15/01/2026 06:45:52,3,460,410,3,0,-999
15/01/2026 06:46:08,3,460,410,3,0,-999
15/01/2026 06:46:24,3,460,410,3,0,-999
15/01/2026 06:46:40,3,460,410,3,0,-999
15/01/2026 06:46:56,3,460,410,3,0,-999
15/01/2026 06:47:12,3,460,410,3,0,-999
15/01/2026 06:47:28,3,460,410,3,0,-999
15/01/2026 06:47:44,3,460,410,3,0,-999
15/01/2026 06:48:00,3,460,410,3,0,-999
15/01/2026 06:48:16,3,460,410,3,0,-999
15/01/2026 06:48:32,3,460,410,3,0,-999
15/01/2026 06:48:48,3,460,410,3,0,-999
15/01/2026 06:49:04,3,460,410,3,0,-999
15/01/2026 06:49:20,3,460,410,3,0,-999
15/01/2026 06:49:36,3,460,410,3,1,1440
15/01/2026 06:49:52,3,450,410,3,1,1440
15/01/2026 06:50:08,3,450,410,3,1,1450
15/01/2026 06:50:24,3,450,410,3,1,1450
15/01/2026 06:50:40,3,450,410,3,0,-999
15/01/2026 06:50:56,3,450,410,3,0,-999
15/01/2026 06:51:12,3,450,410,3,0,-999
15/01/2026 06:51:28,3,450,410,3,0,-999
15/01/2026 06:51:44,3,450,410,3,0,-999
15/01/2026 06:52:00,3,440,410,3,0,-999
15/01/2026 06:52:16,3,440,410,3,0,-999
15/01/2026 06:52:32,3,440,410,3,0,-999
15/01/2026 06:52:48,3,440,410,3,0,-999
15/01/2026 06:53:04,3,440,410,3,0,-999
15/01/2026 06:53:20,3,440,410,3,0,-999
15/01/2026 06:53:36,3,440,410,3,0,-999
15/01/2026 06:53:52,3,440,410,3,0,-999
15/01/2026 06:54:08,3,440,410,3,0,-999
15/01/2026 06:54:24,3,440,410,3,0,-999
15/01/2026 06:54:40,3,440,410,3,0,-999
15/01/2026 06:54:56,3,440,410,3,0,-999
15/01/2026 06:55:12,3,440,410,3,0,-999
15/01/2026 06:55:28,3,440,410,3,0,-999
15/01/2026 06:55:44,3,440,410,3,0,-999
15/01/2026 06:56:00,3,440,410,3,0,-999
15/01/2026 06:56:16,3,440,410,3,0,-999
15/01/2026 06:56:32,3,440,410,3,0,-999
15/01/2026 06:56:48,3,440,410,3,0,-999
15/01/2026 06:57:04,3,440,410,3,0,-999
15/01/2026 06:57:20,3,440,410,3,0,-999
15/01/2026 06:57:36,3,440,410,3,0,-999
15/01/2026 06:57:52,3,440,410,3,0,-999
15/01/2026 06:58:08,3,440,410,3,0,-999
15/01/2026 06:58:24,3,440,410,3,0,-999
15/01/2026 06:58:40,3,440,410,3,0,-999
15/01/2026 06:58:56,3,440,410,3,0,-999
15/01/2026 06:59:12,3,440,410,3,0,-999
15/01/2026 06:59:28,3,440,410,3,0,-999
15/01/2026 06:59:44,3,440,410,3,0,-999
15/01/2026 07:00:00,2,440,450,3,0,-999
15/01/2026 07:00:16,2,440,450,3,1,1410
15/01/2026 07:00:32,2,440,450,3,1,1410
15/01/2026 07:00:48,2,440,450,3,1,1410
15/01/2026 07:01:04,2,440,450,3,1,1410
15/01/2026 07:01:20,2,440,450,3,1,1410
15/01/2026 07:01:36,2,440,450,3,1,1590
15/01/2026 07:01:52,2,450,450,3,1,1590
15/01/2026 07:02:08,2,450,450,3,2,1420
15/01/2026 07:02:24,2,450,450,3,2,1420
15/01/2026 07:02:40,2,450,450,3,1,1420
15/01/2026 07:02:56,2,450,450,3,1,1420
15/01/2026 07:03:12,2,450,450,3,1,1430
15/01/2026 07:03:28,2,450,450,3,1,1430
15/01/2026 07:03:44,2,450,450,3,1,1430
15/01/2026 07:04:00,2,450,450,3,1,1420
15/01/2026 07:04:16,2,450,450,3,1,1420
15/01/2026 07:04:32,2,460,450,3,1,1420
15/01/2026 07:04:48,2,460,450,3,1,1420
15/01/2026 07:05:04,2,460,450,3,1,1430
15/01/2026 07:05:20,2,460,450,3,1,1430
15/01/2026 07:05:36,2,460,450,3,1,1460
15/01/2026 07:05:52,2,460,450,3,1,1460
15/01/2026 07:06:08,2,460,450,3,1,1460
15/01/2026 07:06:24,2,460,450,3,2,1430
15/01/2026 07:06:40,2,470,450,3,2,1430
15/01/2026 07:06:56,2,470,450,3,2,1430
15/01/2026 07:07:12,2,470,450,3,2,1430
15/01/2026 07:07:28,2,470,450,3,1,1750
15/01/2026 07:07:44,2,470,450,3,1,1750
15/01/2026 07:08:00,2,470,450,3,1,1760
15/01/2026 07:08:16,2,480,450,3,1,1760
15/01/2026 07:08:32,2,480,450,3,1,1760
15/01/2026 07:08:48,2,480,450,3,1,1770
15/01/2026 07:09:04,2,480,450,3,1,1770
15/01/2026 07:09:20,2,480,450,3,2,1470
15/01/2026 07:09:36,2,480,450,3,2,1470
15/01/2026 07:09:52,2,480,450,3,2,1470
15/01/2026 07:10:08,2,490,450,3,2,1470
15/01/2026 07:10:24,2,490,450,3,2,1490
15/01/2026 07:10:40,2,490,450,3,2,1490
15/01/2026 07:10:56,2,490,450,3,2,1490
15/01/2026 07:11:12,2,490,450,3,1,1690
15/01/2026 07:11:28,2,490,450,3,1,1690
15/01/2026 07:11:44,2,490,450,3,1,1690
15/01/2026 07:12:00,2,500,450,3,1,1690
15/01/2026 07:12:16,2,500,450,3,1,1700
15/01/2026 07:12:32,2,500,450,3,1,1700
15/01/2026 07:12:48,2,500,450,3,1,1740
15/01/2026 07:13:04,2,500,450,3,1,1740
15/01/2026 07:13:20,2,510,450,3,1,1740
15/01/2026 07:13:36,2,510,450,3,1,1750
15/01/2026 07:13:52,2,510,450,3,1,1750
15/01/2026 07:14:08,2,510,450,3,1,1750
15/01/2026 07:14:24,2,510,450,3,1,1750
15/01/2026 07:14:40,2,520,450,3,1,1740
15/01/2026 07:14:56,2,520,450,3,1,1740
15/01/2026 07:15:12,2,530,450,3,1,1750
15/01/2026 07:15:28,2,530,450,3,1,1750
15/01/2026 07:15:44,2,530,450,3,1,1750
15/01/2026 07:16:00,2,530,450,3,1,1740
15/01/2026 07:16:16,2,530,450,3,1,1740
15/01/2026 07:16:32,2,530,450,3,1,1750
15/01/2026 07:16:48,2,530,450,3,1,1750
15/01/2026 07:17:04,2,530,450,3,1,1730
15/01/2026 07:17:20,2,530,450,3,1,1730
15/01/2026 07:17:36,2,530,450,3,1,1730
15/01/2026 07:17:52,2,530,450,3,1,1730
15/01/2026 07:18:08,2,530,450,3,1,1730
15/01/2026 07:18:24,2,540,450,3,1,1740
15/01/2026 07:18:40,2,540,450,3,1,1740
15/01/2026 07:18:56,2,540,450,3,1,1750
15/01/2026 07:19:12,2,540,450,3,1,1750
15/01/2026 07:19:28,2,540,450,3,1,1750
15/01/2026 07:19:44,2,540,450,3,1,1750
15/01/2026 07:20:00,2,540,450,3,1,1770
15/01/2026 07:20:16,2,540,450,3,1,1770
15/01/2026 07:20:32,2,540,450,3,1,1770
15/01/2026 07:20:48,2,540,450,3,1,1780
15/01/2026 07:21:04,2,540,450,3,1,1780
15/01/2026 07:21:20,2,540,450,3,1,1770
15/01/2026 07:21:36,2,540,450,3,1,1770
15/01/2026 07:21:52,2,540,450,3,1,1770
15/01/2026 07:22:08,2,540,450,3,1,1770
15/01/2026 07:22:24,2,540,450,3,1,1770
15/01/2026 07:22:40,2,550,450,3,1,1770
15/01/2026 07:22:56,2,560,450,3,1,1770
15/01/2026 07:23:12,2,560,450,3,1,1770
15/01/2026 07:23:28,2,560,450,3,1,1770
15/01/2026 07:23:44,2,560,450,3,1,1760
15/01/2026 07:24:00,2,560,450,3,1,1760
15/01/2026 07:24:16,2,560,450,3,1,1770
15/01/2026 07:24:32,2,560,450,3,1,1770
15/01/2026 07:24:48,2,560,450,3,1,1770
15/01/2026 07:25:04,2,560,450,3,1,1770
15/01/2026 07:25:20,2,560,450,3,1,1770
15/01/2026 07:25:36,2,550,450,3,1,1770
15/01/2026 07:25:52,2,550,450,3,1,1770
15/01/2026 07:26:08,2,550,450,3,1,1770
15/01/2026 07:26:24,2,550,450,3,1,1770
15/01/2026 07:26:40,2,500,450,3,0,-999
15/01/2026 07:26:56,2,500,450,3,0,-999
15/01/2026 07:27:12,2,500,450,3,0,-999
15/01/2026 07:27:28,2,500,450,3,0,-999
15/01/2026 07:27:44,2,500,450,3,0,-999
15/01/2026 07:28:00,2,500,450,3,0,-999
15/01/2026 07:28:16,2,500,450,3,0,-999
15/01/2026 07:28:32,2,500,450,3,0,-999
15/01/2026 07:28:48,2,500,450,3,0,-999
15/01/2026 07:29:04,2,490,450,3,0,-999
15/01/2026 07:29:20,2,490,450,3,0,-999
15/01/2026 07:29:36,2,490,450,3,0,-999
15/01/2026 07:29:52,2,490,450,3,0,-999
15/01/2026 07:30:08,2,490,450,3,0,-999
15/01/2026 07:30:24,2,490,450,3,0,-999
15/01/2026 07:30:40,2,490,450,3,0,-999
15/01/2026 07:30:56,2,490,450,3,0,-999
15/01/2026 07:31:12,2,490,450,3,0,-999
15/01/2026 07:31:28,2,480,450,3,0,-999
15/01/2026 07:31:44,2,480,450,3,0,-999
15/01/2026 07:32:00,2,480,450,3,0,-999
15/01/2026 07:32:16,2,480,450,3,0,-999
15/01/2026 07:32:32,2,490,450,3,0,-999
15/01/2026 07:32:48,2,490,450,3,0,-999
15/01/2026 07:33:04,2,490,450,3,0,-999
15/01/2026 07:33:20,2,490,450,3,0,-999
15/01/2026 07:33:36,2,500,450,3,0,-999
15/01/2026 07:33:52,2,500,450,3,0,-999
15/01/2026 07:34:08,2,500,450,3,0,-999
15/01/2026 07:34:24,2,500,450,3,0,-999
15/01/2026 07:34:40,2,490,450,3,0,-999
15/01/2026 07:34:56,2,490,450,3,0,-999
15/01/2026 07:35:12,2,480,450,3,0,-999
15/01/2026 07:35:28,2,480,450,3,0,-999
15/01/2026 07:35:44,2,480,450,3,0,-999
15/01/2026 07:36:00,2,490,450,3,0,-999
15/01/2026 07:36:16,2,490,450,3,0,-999
15/01/2026 07:36:32,2,490,450,3,0,-999
15/01/2026 07:36:48,2,490,450,3,0,-999
15/01/2026 07:37:04,2,490,450,3,0,-999
15/01/2026 07:37:20,2,490,450,3,0,-999
15/01/2026 07:37:36,2,500,450,3,0,-999
15/01/2026 07:37:52,2,500,450,3,0,-999
15/01/2026 07:38:08,2,500,450,3,0,-999
15/01/2026 07:38:24,2,500,450,3,0,-999
15/01/2026 07:38:40,2,500,450,3,0,-999
15/01/2026 07:38:56,2,500,450,3,0,-999
15/01/2026 07:39:12,2,500,450,3,0,-999
15/01/2026 07:39:28,2,500,450,3,0,-999
15/01/2026 07:39:44,2,500,450,3,0,-999
15/01/2026 07:40:00,2,500,450,3,0,-999
15/01/2026 07:40:16,2,510,450,3,0,-999
15/01/2026 07:40:32,2,510,450,3,0,-999
15/01/2026 07:40:48,2,510,450,3,0,-999
15/01/2026 07:41:04,2,510,450,3,0,-999
15/01/2026 07:41:20,2,510,450,3,0,-999
15/01/2026 07:41:36,2,510,450,3,0,-999
15/01/2026 07:41:52,2,510,450,3,0,-999
15/01/2026 07:42:08,2,510,450,3,0,-999
15/01/2026 07:42:24,2,510,450,3,0,-999
15/01/2026 07:42:40,2,510,450,3,0,-999
15/01/2026 07:42:56,2,510,450,3,0,-999
15/01/2026 07:43:12,2,510,450,3,0,-999
15/01/2026 07:43:28,2,510,450,3,0,-999
15/01/2026 07:43:44,2,510,450,3,0,-999
15/01/2026 07:44:00,2,510,450,3,0,-999
15/01/2026 07:44:16,2,510,450,3,0,-999
15/01/2026 07:44:32,2,510,450,3,0,-999
15/01/2026 07:44:48,2,510,450,3,0,-999
15/01/2026 07:45:04,2,510,450,3,0,-999
15/01/2026 07:45:20,2,510,450,3,0,-999
15/01/2026 07:45:36,2,510,450,3,0,-999
15/01/2026 07:45:52,2,510,450,3,0,-999
15/01/2026 07:46:08,2,510,450,3,0,-999
15/01/2026 07:46:24,2,510,450,3,0,-999
15/01/2026 07:46:40,2,510,450,3,0,-999
15/01/2026 07:46:56,2,510,450,3,0,-999
15/01/2026 07:47:12,2,510,450,3,0,-999
15/01/2026 07:47:28,2,510,450,3,0,-999
15/01/2026 07:47:44,2,510,450,3,0,-999
15/01/2026 07:48:00,2,510,450,3,0,-999
15/01/2026 07:48:16,2,510,450,3,0,-999
15/01/2026 07:48:32,2,510,450,3,0,-999
15/01/2026 07:48:48,2,510,450,3,0,-999
15/01/2026 07:49:04,2,520,450,3,0,-999
15/01/2026 07:49:20,2,520,450,3,0,-999
15/01/2026 07:49:36,2,520,450,3,0,-999
15/01/2026 07:49:52,2,520,450,3,0,-999
15/01/2026 07:50:08,2,520,450,3,0,-999
15/01/2026 07:50:24,2,520,450,3,0,-999
15/01/2026 07:50:40,2,550,450,3,1,3050
15/01/2026 07:50:56,2,550,450,3,1,3050
15/01/2026 07:51:12,2,550,450,3,1,2870
15/01/2026 07:51:28,2,560,450,3,1,2870
15/01/2026 07:51:44,2,560,450,3,1,2870
15/01/2026 07:52:00,2,560,450,3,1,2870
15/01/2026 07:52:16,2,560,450,3,1,2870
15/01/2026 07:52:32,2,540,450,3,0,-999
15/01/2026 07:52:48,2,540,450,3,0,-999
15/01/2026 07:53:04,2,570,450,3,1,1600
15/01/2026 07:53:20,2,580,450,3,1,1600
15/01/2026 07:53:36,2,580,450,3,1,1600
15/01/2026 07:53:52,2,580,450,3,1,1600
15/01/2026 07:54:08,2,580,450,3,1,1600
15/01/2026 07:54:24,2,560,450,3,0,-999
15/01/2026 07:54:40,2,560,450,3,0,-999
15/01/2026 07:54:56,2,560,450,3,0,-999
15/01/2026 07:55:12,2,560,450,3,0,-999
15/01/2026 07:55:28,2,560,450,3,0,-999
15/01/2026 07:55:44,2,560,450,3,0,-999
15/01/2026 07:56:00,2,560,450,3,0,-999
15/01/2026 07:56:16,2,560,450,3,0,-999
15/01/2026 07:56:32,2,560,450,3,0,-999
15/01/2026 07:56:48,2,570,450,3,0,-999
15/01/2026 07:57:04,2,570,450,3,0,-999
15/01/2026 07:57:20,2,570,450,3,0,-999
15/01/2026 07:57:36,2,570,450,3,0,-999
15/01/2026 07:57:52,2,570,450,3,0,-999
15/01/2026 07:58:08,2,570,450,3,0,-999
15/01/2026 07:58:24,2,580,450,3,0,-999
15/01/2026 07:58:40,2,580,450,3,0,-999
15/01/2026 07:58:56,2,580,450,3,0,-999
15/01/2026 07:59:12,2,580,450,3,0,-999
15/01/2026 07:59:28,2,580,450,3,0,-999
15/01/2026 07:59:44,2,580,450,3,0,-999
15/01/2026 08:00:00,3,580,510,3,0,-999
15/01/2026 08:00:16,3,580,510,3,0,-999
15/01/2026 08:00:32,3,580,510,3,0,-999
15/01/2026 08:00:48,3,580,510,3,0,-999
15/01/2026 08:01:04,3,580,510,3,0,-999
15/01/2026 08:01:20,3,570,510,3,0,-999
15/01/2026 08:01:36,3,610,510,3,1,1610
15/01/2026 08:01:52,3,610,510,3,1,1610
15/01/2026 08:02:08,3,610,510,3,1,1610
15/01/2026 08:02:24,3,610,510,3,1,1610
15/01/2026 08:02:40,3,610,510,3,1,710
15/01/2026 08:02:56,3,610,510,3,1,710
15/01/2026 08:03:12,3,610,510,3,1,680
15/01/2026 08:03:28,3,610,510,3,1,680
15/01/2026 08:03:44,3,610,510,3,1,680
15/01/2026 08:04:00,3,1280,510,3,0,-999
15/01/2026 08:04:16,3,1280,510,3,0,-999
15/01/2026 08:04:32,3,1260,510,3,0,-999
15/01/2026 08:04:48,3,1290,510,3,0,-999
15/01/2026 08:05:04,3,1240,510,3,0,-999
15/01/2026 08:05:20,3,1480,510,3,0,-999
15/01/2026 08:05:36,3,1510,510,3,0,-999
15/01/2026 08:05:52,3,1750,510,3,0,-999
15/01/2026 08:06:08,3,1460,510,3,0,-999
15/01/2026 08:06:24,3,1440,510,3,0,-999
15/01/2026 08:06:40,3,1410,510,3,0,-999
15/01/2026 08:06:56,3,1400,510,3,0,-999
15/01/2026 08:07:12,3,1400,510,3,0,-999
15/01/2026 08:07:28,3,1400,510,3,0,-999
15/01/2026 08:07:44,3,1390,510,3,0,-999
15/01/2026 08:08:00,3,1400,510,3,0,-999
15/01/2026 08:08:16,3,1390,510,3,0,-999
15/01/2026 08:08:32,3,1390,510,3,0,-999
15/01/2026 08:08:48,3,560,510,3,1,1150
15/01/2026 08:09:04,3,560,510,3,1,1150
15/01/2026 08:09:20,3,560,510,3,1,1120
15/01/2026 08:09:36,3,560,510,3,1,1120
15/01/2026 08:09:52,3,560,510,3,1,1130
15/01/2026 08:10:08,3,560,510,3,1,1130
15/01/2026 08:10:24,3,1260,510,3,0,-999
15/01/2026 08:10:40,3,1260,510,3,0,-999
15/01/2026 08:10:56,3,1260,510,3,0,-999
15/01/2026 08:11:12,3,1180,510,3,0,-999
15/01/2026 08:11:28,3,1170,510,3,0,-999
15/01/2026 08:11:44,3,1150,510,3,0,-999
15/01/2026 08:12:00,3,1160,510,3,0,-999
15/01/2026 08:12:16,3,1140,510,3,0,-999
15/01/2026 08:12:32,3,1150,510,3,0,-999
15/01/2026 08:12:48,3,1160,510,3,0,-999
15/01/2026 08:13:04,3,1280,510,3,0,-999
15/01/2026 08:13:20,3,1270,510,3,0,-999
15/01/2026 08:13:36,3,560,510,3,1,700
15/01/2026 08:13:52,3,560,510,3,1,700
15/01/2026 08:14:08,3,560,510,3,1,720
15/01/2026 08:14:24,3,560,510,3,1,720
15/01/2026 08:14:40,3,560,510,3,1,690
15/01/2026 08:14:56,3,560,510,3,1,690
15/01/2026 08:15:12,3,1090,510,3,0,-999
15/01/2026 08:15:28,3,1090,510,3,0,-999
15/01/2026 08:15:44,3,1090,510,3,0,-999
15/01/2026 08:16:00,3,1190,510,3,0,-999
15/01/2026 08:16:16,3,1180,510,3,0,-999
15/01/2026 08:16:32,3,790,510,3,1,750
15/01/2026 08:16:48,3,790,510,3,1,750
15/01/2026 08:17:04,3,1150,510,3,0,-999
15/01/2026 08:17:20,3,1150,510,3,0,-999
15/01/2026 08:17:36,3,790,510,3,2,770
15/01/2026 08:17:52,3,800,510,3,2,770
15/01/2026 08:18:08,3,800,510,3,2,770
15/01/2026 08:18:24,3,810,510,3,1,1200
15/01/2026 08:18:40,3,810,510,3,1,1200
15/01/2026 08:18:56,3,830,510,3,2,730
15/01/2026 08:19:12,3,830,510,3,2,730
15/01/2026 08:19:28,3,820,510,3,1,720
15/01/2026 08:19:44,3,820,510,3,1,720
15/01/2026 08:20:00,3,820,510,3,1,710
15/01/2026 08:20:16,3,820,510,3,1,710
15/01/2026 08:20:32,3,820,510,3,1,710
15/01/2026 08:20:48,3,810,510,3,1,720
15/01/2026 08:21:04,3,810,510,3,1,720
15/01/2026 08:21:20,3,820,510,3,1,750
15/01/2026 08:21:36,3,820,510,3,1,750
15/01/2026 08:21:52,3,1430,510,3,0,-999
15/01/2026 08:22:08,3,1080,510,3,0,-999
15/01/2026 08:22:24,3,1050,510,3,0,-999
15/01/2026 08:22:40,3,1050,510,3,0,-999
15/01/2026 08:22:56,3,1060,510,3,0,-999
15/01/2026 08:23:12,3,780,510,3,1,770
15/01/2026 08:23:28,3,780,510,3,1,770
15/01/2026 08:23:44,3,780,510,3,1,710
15/01/2026 08:24:00,3,810,510,3,1,710
15/01/2026 08:24:16,3,850,510,3,1,710
15/01/2026 08:24:32,3,850,510,3,1,710
15/01/2026 08:24:48,3,870,510,3,1,790
15/01/2026 08:25:04,3,870,510,3,1,790
15/01/2026 08:25:20,3,870,510,3,1,790
15/01/2026 08:25:36,3,1040,510,3,0,-999
15/01/2026 08:25:52,3,1050,510,3,0,-999
15/01/2026 08:26:08,3,920,510,3,1,2180
15/01/2026 08:26:24,3,920,510,3,1,2180
15/01/2026 08:26:40,3,920,510,3,2,740
15/01/2026 08:26:56,3,920,510,3,2,740
15/01/2026 08:27:12,3,920,510,3,2,750
15/01/2026 08:27:28,3,870,510,3,2,750
15/01/2026 08:27:44,3,870,510,3,2,750
15/01/2026 08:28:00,3,920,510,3,1,2200
15/01/2026 08:28:16,3,920,510,3,1,2200
15/01/2026 08:28:32,3,920,510,3,1,2170
15/01/2026 08:28:48,3,940,510,3,1,2170
15/01/2026 08:29:04,3,580,510,3,1,2180
15/01/2026 08:29:20,3,580,510,3,1,2180
15/01/2026 08:29:36,3,580,510,3,2,740
15/01/2026 08:29:52,3,940,510,3,2,740
15/01/2026 08:30:08,3,860,510,3,2,740
15/01/2026 08:30:24,3,860,510,3,2,700
15/01/2026 08:30:40,3,830,510,3,2,700
15/01/2026 08:30:56,3,830,510,3,2,700
15/01/2026 08:31:12,3,830,510,3,2,700
15/01/2026 08:31:28,3,830,510,3,2,780
15/01/2026 08:31:44,3,890,510,3,2,780
15/01/2026 08:32:00,3,840,510,3,2,730
15/01/2026 08:32:16,3,840,510,3,2,730
15/01/2026 08:32:32,3,840,510,3,2,730
15/01/2026 08:32:48,3,830,510,3,2,700
15/01/2026 08:33:04,3,830,510,3,2,700
15/01/2026 08:33:20,3,830,510,3,2,720
15/01/2026 08:33:36,3,830,510,3,2,720
15/01/2026 08:33:52,3,830,510,3,2,710
15/01/2026 08:34:08,3,790,510,3,2,710
15/01/2026 08:34:24,3,790,510,3,1,2200
15/01/2026 08:34:40,3,780,510,3,1,2200
15/01/2026 08:34:56,3,780,510,3,1,2200
15/01/2026 08:35:12,3,790,510,3,2,760
15/01/2026 08:35:28,3,-999,510,3,2,760
15/01/2026 08:35:44,3,-999,510,3,2,810
15/01/2026 08:36:00,3,-999,510,3,2,810
15/01/2026 08:36:16,3,1020,510,3,2,710
15/01/2026 08:36:32,3,1020,510,3,2,710
15/01/2026 08:36:48,3,1020,510,3,2,700
15/01/2026 08:37:04,3,1020,510,3,2,700
15/01/2026 08:37:20,3,1020,510,3,2,700
15/01/2026 08:37:36,3,1020,510,3,2,680
15/01/2026 08:37:52,3,1020,510,3,2,680
15/01/2026 08:38:08,3,-999,510,3,2,730
15/01/2026 08:38:24,3,830,510,3,2,730
15/01/2026 08:38:40,3,830,510,3,2,680
15/01/2026 08:38:56,3,830,510,3,2,680
15/01/2026 08:39:12,3,800,510,3,3,720
15/01/2026 08:39:28,3,800,510,3,3,720
15/01/2026 08:39:44,3,790,510,3,3,720
15/01/2026 08:40:00,3,790,510,3,3,700
15/01/2026 08:40:16,3,790,510,3,3,700
15/01/2026 08:40:32,3,800,510,3,2,720
15/01/2026 08:40:48,3,800,510,3,2,720
15/01/2026 08:41:04,3,800,510,3,2,680
15/01/2026 08:41:20,3,800,510,3,2,680
15/01/2026 08:41:36,3,790,510,3,2,670
15/01/2026 08:41:52,3,790,510,3,2,670
15/01/2026 08:42:08,3,790,510,3,2,670
15/01/2026 08:42:24,3,790,510,3,1,2240
15/01/2026 08:42:40,3,790,510,3,1,2240
15/01/2026 08:42:56,3,790,510,3,1,2250
15/01/2026 08:43:12,3,790,510,3,1,2250
15/01/2026 08:43:28,3,790,510,3,1,2260
15/01/2026 08:43:44,3,790,510,3,1,2260
15/01/2026 08:44:00,3,790,510,3,2,740
15/01/2026 08:44:16,3,1100,510,3,2,740
15/01/2026 08:44:32,3,1130,510,3,2,740
15/01/2026 08:44:48,3,1140,510,3,2,690
15/01/2026 08:45:04,3,1140,510,3,2,690
15/01/2026 08:45:20,3,1140,510,3,2,670
15/01/2026 08:45:36,3,1140,510,3,2,670
15/01/2026 08:45:52,3,1140,510,3,2,1010
15/01/2026 08:46:08,3,680,510,3,2,1010
15/01/2026 08:46:24,3,1140,510,3,3,770
15/01/2026 08:46:40,3,1140,510,3,3,770
15/01/2026 08:46:56,3,1140,510,3,3,770
15/01/2026 08:47:12,3,1140,510,3,2,960
15/01/2026 08:47:28,3,1140,510,3,2,960
15/01/2026 08:47:44,3,1140,510,3,1,2270
15/01/2026 08:48:00,3,1140,510,3,1,2270
15/01/2026 08:48:16,3,1140,510,3,1,2290
15/01/2026 08:48:32,3,1140,510,3,1,2290
15/01/2026 08:48:48,3,-999,510,3,1,2250
15/01/2026 08:49:04,3,-999,510,3,1,2250
15/01/2026 08:49:20,3,-999,510,3,1,2250
15/01/2026 08:49:36,3,-999,510,3,1,2260
15/01/2026 08:49:52,3,-999,510,3,1,2260
15/01/2026 08:50:08,3,-999,510,3,2,700
15/01/2026 08:50:24,3,-999,510,3,2,700
15/01/2026 08:50:40,3,-999,510,3,1,710
15/01/2026 08:50:56,3,-999,510,3,1,710
15/01/2026 08:51:12,3,-999,510,3,2,690
15/01/2026 08:51:28,3,-999,510,3,2,690
15/01/2026 08:51:44,3,820,510,3,2,690
15/01/2026 08:52:00,3,840,510,3,2,770
15/01/2026 08:52:16,3,840,510,3,2,770
15/01/2026 08:52:32,3,840,510,3,1,710
15/01/2026 08:52:48,3,840,510,3,1,710
15/01/2026 08:53:04,3,840,510,3,1,740
15/01/2026 08:53:20,3,840,510,3,1,740
15/01/2026 08:53:36,3,850,510,3,2,790
15/01/2026 08:53:52,3,850,510,3,2,790
15/01/2026 08:54:08,3,850,510,3,2,790
15/01/2026 08:54:24,3,850,510,3,1,740
15/01/2026 08:54:40,3,850,510,3,1,740
15/01/2026 08:54:56,3,850,510,3,2,760
15/01/2026 08:55:12,3,850,510,3,2,760
15/01/2026 08:55:28,3,850,510,3,2,730
15/01/2026 08:55:44,3,850,510,3,2,730
15/01/2026 08:56:00,3,850,510,3,2,700
15/01/2026 08:56:16,3,850,510,3,2,700
15/01/2026 08:56:32,3,850,510,3,2,700
15/01/2026 08:56:48,3,850,510,3,2,680
15/01/2026 08:57:04,3,850,510,3,2,680
15/01/2026 08:57:20,3,850,510,3,3,710
15/01/2026 08:57:36,3,850,510,3,3,710
15/01/2026 08:57:52,3,850,510,3,1,770
15/01/2026 08:58:08,3,850,510,3,1,770
15/01/2026 08:58:24,3,830,510,3,1,760
15/01/2026 08:58:40,3,830,510,3,1,760
15/01/2026 08:58:56,3,830,510,3,1,760
15/01/2026 08:59:12,3,1150,510,3,0,-999
15/01/2026 08:59:28,3,1150,510,3,0,-999
15/01/2026 08:59:44,3,1140,510,3,0,-999
15/01/2026 09:00:00,1,1150,830,3,0,-999
15/01/2026 09:00:16,1,1170,830,3,0,-999
15/01/2026 09:00:32,1,1130,830,3,0,-999
15/01/2026 09:00:48,1,1410,830,3,1,780
15/01/2026 09:01:04,1,890,830,3,1,780
15/01/2026 09:01:20,1,510,830,3,1,780
15/01/2026 09:01:36,1,510,830,3,1,770
15/01/2026 09:01:52,1,510,830,3,1,770
15/01/2026 09:02:08,1,510,830,3,1,710
15/01/2026 09:02:24,1,-999,830,3,1,710
15/01/2026 09:02:40,1,1390,830,3,1,770
15/01/2026 09:02:56,1,1400,830,3,1,770
15/01/2026 09:03:12,1,1370,830,3,1,730
15/01/2026 09:03:28,1,940,830,3,1,730
15/01/2026 09:03:44,1,920,830,3,1,730
15/01/2026 09:04:00,1,920,830,3,1,740
15/01/2026 09:04:16,1,920,830,3,1,740
15/01/2026 09:04:32,1,1050,830,3,0,-999
15/01/2026 09:04:48,1,1030,830,3,0,-999
15/01/2026 09:05:04,1,920,830,3,1,750
15/01/2026 09:05:20,1,920,830,3,1,750
15/01/2026 09:05:36,1,920,830,3,1,790
15/01/2026 09:05:52,1,920,830,3,1,790
15/01/2026 09:06:08,1,920,830,3,1,790
15/01/2026 09:06:24,1,1100,830,3,0,-999
15/01/2026 09:06:40,1,1100,830,3,0,-999
15/01/2026 09:06:56,1,1100,830,3,0,-999
15/01/2026 09:07:12,1,1110,830,3,0,-999
15/01/2026 09:07:28,1,1240,830,3,1,730
15/01/2026 09:07:44,1,1240,830,3,1,730
15/01/2026 09:08:00,1,850,830,3,2,720
15/01/2026 09:08:16,1,850,830,3,2,720
15/01/2026 09:08:32,1,850,830,3,2,720
15/01/2026 09:08:48,1,850,830,3,1,1030
15/01/2026 09:09:04,1,850,830,3,1,1030
15/01/2026 09:09:20,1,840,830,3,1,730
15/01/2026 09:09:36,1,840,830,3,1,730
15/01/2026 09:09:52,1,840,830,3,1,710
15/01/2026 09:10:08,1,800,830,3,1,710
15/01/2026 09:10:24,1,830,830,3,1,680
15/01/2026 09:10:40,1,830,830,3,1,680
15/01/2026 09:10:56,1,830,830,3,1,680
15/01/2026 09:11:12,1,1090,830,3,0,-999
15/01/2026 09:11:28,1,1090,830,3,0,-999
15/01/2026 09:11:44,1,830,830,3,1,760
15/01/2026 09:12:00,1,830,830,3,1,760
15/01/2026 09:12:16,1,1150,830,3,0,-999
15/01/2026 09:12:32,1,1150,830,3,0,-999
15/01/2026 09:12:48,1,1160,830,3,0,-999
15/01/2026 09:13:04,1,1150,830,3,0,-999
15/01/2026 09:13:20,1,1150,830,3,0,-999
15/01/2026 09:13:36,1,790,830,3,1,1030
15/01/2026 09:13:52,1,790,830,3,1,1030
15/01/2026 09:14:08,1,1200,830,3,0,-999
15/01/2026 09:14:24,1,1200,830,3,0,-999
15/01/2026 09:14:40,1,750,830,3,1,1050
15/01/2026 09:14:56,1,750,830,3,1,1050
15/01/2026 09:15:12,1,750,830,3,2,770
15/01/2026 09:15:28,1,690,830,3,2,770
15/01/2026 09:15:44,1,690,830,3,2,770
15/01/2026 09:16:00,1,690,830,3,1,700
15/01/2026 09:16:16,1,-999,830,3,1,700
15/01/2026 09:16:32,1,-999,830,3,1,730
15/01/2026 09:16:48,1,-999,830,3,1,730
15/01/2026 09:17:04,1,-999,830,3,1,800
15/01/2026 09:17:20,1,-999,830,3,1,800
15/01/2026 09:17:36,1,-999,830,3,1,720
15/01/2026 09:17:52,1,860,830,3,1,720
15/01/2026 09:18:08,1,860,830,3,1,720
15/01/2026 09:18:24,1,860,830,3,2,720
15/01/2026 09:18:40,1,850,830,3,2,720
15/01/2026 09:18:56,1,850,830,3,2,750
15/01/2026 09:19:12,1,850,830,3,2,750
15/01/2026 09:19:28,1,850,830,3,2,720
15/01/2026 09:19:44,1,850,830,3,2,720
15/01/2026 09:20:00,1,850,830,3,1,710
15/01/2026 09:20:16,1,850,830,3,1,710
15/01/2026 09:20:32,1,850,830,3,1,710
15/01/2026 09:20:48,1,850,830,3,2,730
15/01/2026 09:21:04,1,850,830,3,2,730
15/01/2026 09:21:20,1,850,830,3,1,710
15/01/2026 09:21:36,1,840,830,3,1,710
15/01/2026 09:21:52,1,840,830,3,1,710
15/01/2026 09:22:08,1,800,830,3,1,710
15/01/2026 09:22:24,1,840,830,3,1,810
15/01/2026 09:22:40,1,840,830,3,1,810
15/01/2026 09:22:56,1,860,830,3,1,810
15/01/2026 09:23:12,1,860,830,3,1,760
15/01/2026 09:23:28,1,840,830,3,1,760
15/01/2026 09:23:44,1,840,830,3,1,730
15/01/2026 09:24:00,1,840,830,3,1,730
15/01/2026 09:24:16,1,840,830,3,1,730
15/01/2026 09:24:32,1,840,830,3,1,730
15/01/2026 09:24:48,1,840,830,3,1,700
15/01/2026 09:25:04,1,840,830,3,1,700
15/01/2026 09:25:20,1,860,830,3,1,700
15/01/2026 09:25:36,1,860,830,3,1,640
15/01/2026 09:25:52,1,860,830,3,1,640
15/01/2026 09:26:08,1,860,830,3,2,700
15/01/2026 09:26:24,1,840,830,3,2,700
15/01/2026 09:26:40,1,840,830,3,2,660
15/01/2026 09:26:56,1,820,830,3,2,660
15/01/2026 09:27:12,1,820,830,3,2,710
15/01/2026 09:27:28,1,820,830,3,2,710
15/01/2026 09:27:44,1,860,830,3,2,710
15/01/2026 09:28:00,1,860,830,3,1,690
15/01/2026 09:28:16,1,860,830,3,1,690
15/01/2026 09:28:32,1,860,830,3,1,740
15/01/2026 09:28:48,1,860,830,3,1,740
15/01/2026 09:29:04,1,860,830,3,1,770
15/01/2026 09:29:20,1,860,830,3,1,770
15/01/2026 09:29:36,1,870,830,3,1,840
15/01/2026 09:29:52,1,870,830,3,1,840
15/01/2026 09:30:08,1,870,830,3,1,840
15/01/2026 09:30:24,1,940,830,3,1,870
15/01/2026 09:30:40,1,940,830,3,1,870
15/01/2026 09:30:56,1,950,830,3,1,740
15/01/2026 09:31:12,1,950,830,3,1,740
15/01/2026 09:31:28,1,970,830,3,2,720
15/01/2026 09:31:44,1,970,830,3,2,720
15/01/2026 09:32:00,1,990,830,3,2,820
15/01/2026 09:32:16,1,990,830,3,2,820
15/01/2026 09:32:32,1,990,830,3,2,820
15/01/2026 09:32:48,1,1030,830,3,2,970
15/01/2026 09:33:04,1,1030,830,3,2,970
15/01/2026 09:33:20,1,1030,830,3,2,730
15/01/2026 09:33:36,1,1040,830,3,2,730
15/01/2026 09:33:52,1,1040,830,3,1,660
15/01/2026 09:34:08,1,-999,830,3,1,660
15/01/2026 09:34:24,1,-999,830,3,1,690
15/01/2026 09:34:40,1,-999,830,3,1,690
15/01/2026 09:34:56,1,-999,830,3,1,690
15/01/2026 09:35:12,1,-999,830,3,2,770
15/01/2026 09:35:28,1,-999,830,3,2,770
15/01/2026 09:35:44,1,840,830,3,2,740
15/01/2026 09:36:00,1,870,830,3,2,740
15/01/2026 09:36:16,1,840,830,3,3,690
15/01/2026 09:36:32,1,840,830,3,3,690
15/01/2026 09:36:48,1,840,830,3,1,800
15/01/2026 09:37:04,1,870,830,3,1,800
15/01/2026 09:37:20,1,870,830,3,1,800
15/01/2026 09:37:36,1,880,830,3,2,850
15/01/2026 09:37:52,1,880,830,3,2,850
15/01/2026 09:38:08,1,910,830,3,3,760
15/01/2026 09:38:24,1,910,830,3,3,760
15/01/2026 09:38:40,1,-999,830,3,2,1140
15/01/2026 09:38:56,1,-999,830,3,2,1140
15/01/2026 09:39:12,1,-999,830,3,1,2190
15/01/2026 09:39:28,1,-999,830,3,1,2190
15/01/2026 09:39:44,1,540,830,3,1,2190
15/01/2026 09:40:00,1,540,830,3,1,2180
15/01/2026 09:40:16,1,570,830,3,1,2180
15/01/2026 09:40:32,1,560,830,3,1,2150
15/01/2026 09:40:48,1,560,830,3,1,2150
15/01/2026 09:41:04,1,560,830,3,2,750
15/01/2026 09:41:20,1,560,830,3,2,750
15/01/2026 09:41:36,1,560,830,3,1,730
15/01/2026 09:41:52,1,560,830,3,1,730
15/01/2026 09:42:08,1,560,830,3,1,730
15/01/2026 09:42:24,1,560,830,3,1,680
15/01/2026 09:42:40,1,560,830,3,1,680
15/01/2026 09:42:56,1,-999,830,3,2,660
15/01/2026 09:43:12,1,-999,830,3,2,660
15/01/2026 09:43:28,1,920,830,3,1,730
15/01/2026 09:43:44,1,920,830,3,1,730
15/01/2026 09:44:00,1,920,830,3,2,700
15/01/2026 09:44:16,1,920,830,3,2,700
15/01/2026 09:44:32,1,880,830,3,2,700
15/01/2026 09:44:48,1,880,830,3,2,2170
15/01/2026 09:45:04,1,880,830,3,2,2170
15/01/2026 09:45:20,1,860,830,3,1,2560
15/01/2026 09:45:36,1,860,830,3,1,2560
15/01/2026 09:45:52,1,860,830,3,1,2560
15/01/2026 09:46:08,1,860,830,3,1,2560
15/01/2026 09:46:24,1,790,830,3,1,2660
15/01/2026 09:46:40,1,790,830,3,1,2660
15/01/2026 09:46:56,1,780,830,3,1,2660
15/01/2026 09:47:12,1,780,830,3,1,2610
15/01/2026 09:47:28,1,780,830,3,1,2610
15/01/2026 09:47:44,1,780,830,3,2,680
15/01/2026 09:48:00,1,760,830,3,2,680
15/01/2026 09:48:16,1,760,830,3,3,830
15/01/2026 09:48:32,1,760,830,3,3,830
15/01/2026 09:48:48,1,760,830,3,3,670
15/01/2026 09:49:04,1,760,830,3,3,670
15/01/2026 09:49:20,1,760,830,3,3,670
15/01/2026 09:49:36,1,750,830,3,3,640
15/01/2026 09:49:52,1,750,830,3,3,640
15/01/2026 09:50:08,1,740,830,3,2,670
15/01/2026 09:50:24,1,740,830,3,2,670
15/01/2026 09:50:40,1,1030,830,3,2,960
15/01/2026 09:50:56,1,1030,830,3,2,960
15/01/2026 09:51:12,1,1030,830,3,2,720
15/01/2026 09:51:28,1,1070,830,3,2,720
15/01/2026 09:51:44,1,1070,830,3,2,720
15/01/2026 09:52:00,1,1080,830,3,2,700
15/01/2026 09:52:16,1,1080,830,3,2,700
15/01/2026 09:52:32,1,1080,830,3,2,610
15/01/2026 09:52:48,1,1100,830,3,2,610
15/01/2026 09:53:04,1,1100,830,3,3,590
15/01/2026 09:53:20,1,1100,830,3,3,590
15/01/2026 09:53:36,1,1100,830,3,1,930
15/01/2026 09:53:52,1,1130,830,3,1,930
15/01/2026 09:54:08,1,1130,830,3,1,930
15/01/2026 09:54:24,1,1130,830,3,1,950
15/01/2026 09:54:40,1,1140,830,3,1,950
15/01/2026 09:54:56,1,1140,830,3,2,960
15/01/2026 09:55:12,1,1170,830,3,2,960
15/01/2026 09:55:28,1,1170,830,3,2,930
15/01/2026 09:55:44,1,1170,830,3,2,930
15/01/2026 09:56:00,1,1140,830,3,1,750
15/01/2026 09:56:16,1,1140,830,3,1,750
15/01/2026 09:56:32,1,1140,830,3,1,750
15/01/2026 09:56:48,1,1140,830,3,2,770
15/01/2026 09:57:04,1,-999,830,3,2,770
15/01/2026 09:57:20,1,-999,830,3,2,960
15/01/2026 09:57:36,1,-999,830,3,2,960
15/01/2026 09:57:52,1,-999,830,3,3,930
15/01/2026 09:58:08,1,-999,830,3,3,930
15/01/2026 09:58:24,1,-999,830,3,3,810
15/01/2026 09:58:40,1,980,830,3,3,810
15/01/2026 09:58:56,1,520,830,3,3,810
15/01/2026 09:59:12,1,980,830,3,2,720
15/01/2026 09:59:28,1,980,830,3,2,720
15/01/2026 09:59:44,1,940,830,3,1,700
15/01/2026 10:00:00,1,940,860,3,1,700
15/01/2026 10:00:16,1,1400,860,3,1,670
15/01/2026 10:00:32,1,1390,860,3,1,670
15/01/2026 10:00:48,1,1390,860,3,2,580
15/01/2026 10:01:04,1,1390,860,3,2,580
15/01/2026 10:01:20,1,1380,860,3,2,580
15/01/2026 10:01:36,1,1380,860,3,1,2200
15/01/2026 10:01:52,1,810,860,3,1,2200
15/01/2026 10:02:08,1,810,860,3,2,860
15/01/2026 10:02:24,1,810,860,3,2,860
15/01/2026 10:02:40,1,810,860,3,2,720
15/01/2026 10:02:56,1,820,860,3,2,720
15/01/2026 10:03:12,1,820,860,3,2,750
15/01/2026 10:03:28,1,820,860,3,2,750
15/01/2026 10:03:44,1,820,860,3,2,750
15/01/2026 10:04:00,1,840,860,3,1,600
15/01/2026 10:04:16,1,840,860,3,1,600
15/01/2026 10:04:32,1,860,860,3,2,610
15/01/2026 10:04:48,1,860,860,3,2,610
15/01/2026 10:05:04,1,860,860,3,1,600
15/01/2026 10:05:20,1,890,860,3,1,600
15/01/2026 10:05:36,1,890,860,3,1,830
15/01/2026 10:05:52,1,920,860,3,1,830
15/01/2026 10:06:08,1,920,860,3,1,830
15/01/2026 10:06:24,1,920,860,3,1,630
15/01/2026 10:06:40,1,920,860,3,1,630
15/01/2026 10:06:56,1,920,860,3,1,770
15/01/2026 10:07:12,1,920,860,3,1,770
15/01/2026 10:07:28,1,940,860,3,0,-999
15/01/2026 10:07:44,1,940,860,3,0,-999
15/01/2026 10:08:00,1,890,860,3,1,870
15/01/2026 10:08:16,1,920,860,3,1,870
15/01/2026 10:08:32,1,920,860,3,1,870
15/01/2026 10:08:48,1,890,860,3,2,660
15/01/2026 10:09:04,1,890,860,3,2,660
15/01/2026 10:09:20,1,890,860,3,2,650
15/01/2026 10:09:36,1,880,860,3,2,650
15/01/2026 10:09:52,1,880,860,3,1,670
15/01/2026 10:10:08,1,870,860,3,1,670
15/01/2026 10:10:24,1,870,860,3,1,690
15/01/2026 10:10:40,1,870,860,3,1,690
15/01/2026 10:10:56,1,870,860,3,1,690
15/01/2026 10:11:12,1,840,860,3,2,870
15/01/2026 10:11:28,1,840,860,3,2,870
15/01/2026 10:11:44,1,840,860,3,1,730
15/01/2026 10:12:00,1,840,860,3,1,730
15/01/2026 10:12:16,1,840,860,3,1,660
15/01/2026 10:12:32,1,840,860,3,1,660
15/01/2026 10:12:48,1,840,860,3,2,610
15/01/2026 10:13:04,1,840,860,3,2,610
15/01/2026 10:13:20,1,840,860,3,2,610
15/01/2026 10:13:36,1,840,860,3,1,620
15/01/2026 10:13:52,1,840,860,3,1,620
15/01/2026 10:14:08,1,900,860,3,1,750
15/01/2026 10:14:24,1,900,860,3,1,750
15/01/2026 10:14:40,1,900,860,3,1,620
15/01/2026 10:14:56,1,900,860,3,1,620
15/01/2026 10:15:12,1,-999,860,3,1,520
15/01/2026 10:15:28,1,-999,860,3,1,520
15/01/2026 10:15:44,1,-999,860,3,1,520
15/01/2026 10:16:00,1,-999,860,3,2,610
15/01/2026 10:16:16,1,-999,860,3,2,610
15/01/2026 10:16:32,1,-999,860,3,2,570
15/01/2026 10:16:48,1,-999,860,3,2,570
15/01/2026 10:17:04,1,-999,860,3,1,910
15/01/2026 10:17:20,1,660,860,3,1,910
15/01/2026 10:17:36,1,660,860,3,1,910
15/01/2026 10:17:52,1,-999,860,3,1,910
15/01/2026 10:18:08,1,-999,860,3,1,910
15/01/2026 10:18:24,1,-999,860,3,1,850
15/01/2026 10:18:40,1,-999,860,3,1,850
15/01/2026 10:18:56,1,-999,860,3,3,570
15/01/2026 10:19:12,1,-999,860,3,3,570
15/01/2026 10:19:28,1,-999,860,3,3,550
15/01/2026 10:19:44,1,-999,860,3,3,550
15/01/2026 10:20:00,1,-999,860,3,1,640
15/01/2026 10:20:16,1,-999,860,3,1,640
15/01/2026 10:20:32,1,-999,860,3,1,640
15/01/2026 10:20:48,1,-999,860,3,3,670
15/01/2026 10:21:04,1,-999,860,3,3,670
15/01/2026 10:21:20,1,370,860,3,3,740
15/01/2026 10:21:36,1,-999,860,3,3,740
15/01/2026 10:21:52,1,-999,860,3,2,600
15/01/2026 10:22:08,1,-999,860,3,2,600
15/01/2026 10:22:24,1,-999,860,3,1,560
15/01/2026 10:22:40,1,-999,860,3,1,560
15/01/2026 10:22:56,1,-999,860,3,1,560
15/01/2026 10:23:12,1,780,860,3,1,570
15/01/2026 10:23:28,1,700,860,3,1,570
15/01/2026 10:23:44,1,700,860,3,2,540
15/01/2026 10:24:00,1,700,860,3,2,540
15/01/2026 10:24:16,1,700,860,3,2,630
15/01/2026 10:24:32,1,700,860,3,2,630
15/01/2026 10:24:48,1,700,860,3,2,570
15/01/2026 10:25:04,1,700,860,3,2,570
15/01/2026 10:25:20,1,700,860,3,2,570
15/01/2026 10:25:36,1,700,860,3,2,840
15/01/2026 10:25:52,1,700,860,3,2,840
15/01/2026 10:26:08,1,700,860,3,1,600
15/01/2026 10:26:24,1,700,860,3,1,600
15/01/2026 10:26:40,1,700,860,3,1,630
15/01/2026 10:26:56,1,700,860,3,1,630
15/01/2026 10:27:12,1,700,860,3,2,990
15/01/2026 10:27:28,1,710,860,3,2,990
15/01/2026 10:27:44,1,710,860,3,2,990
15/01/2026 10:28:00,1,710,860,3,3,830
15/01/2026 10:28:16,1,710,860,3,3,830
15/01/2026 10:28:32,1,710,860,3,2,680
15/01/2026 10:28:48,1,400,860,3,2,680
15/01/2026 10:29:04,1,400,860,3,1,750
15/01/2026 10:29:20,1,400,860,3,1,750
15/01/2026 10:29:36,1,400,860,3,1,900
15/01/2026 10:29:52,1,400,860,3,1,900
15/01/2026 10:30:08,1,400,860,3,1,900
15/01/2026 10:30:24,1,410,860,3,1,820
15/01/2026 10:30:40,1,410,860,3,1,820
15/01/2026 10:30:56,1,410,860,3,1,840
15/01/2026 10:31:12,1,430,860,3,1,840
15/01/2026 10:31:28,1,450,860,3,2,770
15/01/2026 10:31:44,1,490,860,3,2,770
15/01/2026 10:32:00,1,480,860,3,2,810
15/01/2026 10:32:16,1,490,860,3,2,810
15/01/2026 10:32:32,1,490,860,3,2,810
15/01/2026 10:32:48,1,1010,860,3,2,630
15/01/2026 10:33:04,1,1010,860,3,2,630
15/01/2026 10:33:20,1,1030,860,3,2,620
15/01/2026 10:33:36,1,1030,860,3,2,620
15/01/2026 10:33:52,1,1010,860,3,1,700
15/01/2026 10:34:08,1,1010,860,3,1,700
15/01/2026 10:34:24,1,1010,860,3,1,760
15/01/2026 10:34:40,1,-999,860,3,1,760
15/01/2026 10:34:56,1,940,860,3,1,760
15/01/2026 10:35:12,1,940,860,3,1,780
15/01/2026 10:35:28,1,920,860,3,1,780
15/01/2026 10:35:44,1,920,860,3,1,500
15/01/2026 10:36:00,1,920,860,3,1,500
15/01/2026 10:36:16,1,920,860,3,2,510
15/01/2026 10:36:32,1,920,860,3,2,510
15/01/2026 10:36:48,1,920,860,3,2,530
15/01/2026 10:37:04,1,920,860,3,2,530
15/01/2026 10:37:20,1,940,860,3,2,530
15/01/2026 10:37:36,1,920,860,3,1,710
15/01/2026 10:37:52,1,920,860,3,1,710
15/01/2026 10:38:08,1,940,860,3,2,540
15/01/2026 10:38:24,1,940,860,3,2,540
15/01/2026 10:38:40,1,960,860,3,1,840
15/01/2026 10:38:56,1,1010,860,3,1,840
15/01/2026 10:39:12,1,650,860,3,1,840
15/01/2026 10:39:28,1,630,860,3,1,840
15/01/2026 10:39:44,1,630,860,3,1,840
15/01/2026 10:40:00,1,1030,860,3,1,870
15/01/2026 10:40:16,1,1030,860,3,1,870
15/01/2026 10:40:32,1,1030,860,3,1,790
15/01/2026 10:40:48,1,1030,860,3,1,790
15/01/2026 10:41:04,1,1030,860,3,1,850
15/01/2026 10:41:20,1,1030,860,3,1,850
15/01/2026 10:41:36,1,1010,860,3,1,780
15/01/2026 10:41:52,1,1010,860,3,1,780
15/01/2026 10:42:08,1,1010,860,3,1,780
15/01/2026 10:42:24,1,1010,860,3,2,510
15/01/2026 10:42:40,1,1010,860,3,2,510
15/01/2026 10:42:56,1,970,860,3,3,510
15/01/2026 10:43:12,1,970,860,3,3,510
15/01/2026 10:43:28,1,970,860,3,2,650
15/01/2026 10:43:44,1,960,860,3,2,650
15/01/2026 10:44:00,1,960,860,3,2,620
15/01/2026 10:44:16,1,-999,860,3,2,620
15/01/2026 10:44:32,1,-999,860,3,2,620
15/01/2026 10:44:48,1,-999,860,3,1,890
15/01/2026 10:45:04,1,-999,860,3,1,890
15/01/2026 10:45:20,1,-999,860,3,1,950
15/01/2026 10:45:36,1,-999,860,3,1,950
15/01/2026 10:45:52,1,-999,860,3,1,930
15/01/2026 10:46:08,1,-999,860,3,1,930
15/01/2026 10:46:24,1,-999,860,3,1,910
15/01/2026 10:46:40,1,-999,860,3,1,910
15/01/2026 10:46:56,1,-999,860,3,1,910
15/01/2026 10:47:12,1,1070,860,3,1,970
15/01/2026 10:47:28,1,1070,860,3,1,970
15/01/2026 10:47:44,1,1070,860,3,2,540
15/01/2026 10:48:00,1,1070,860,3,2,540
15/01/2026 10:48:16,1,1070,860,3,2,580
15/01/2026 10:48:32,1,1070,860,3,2,580
15/01/2026 10:48:48,1,1090,860,3,3,540
15/01/2026 10:49:04,1,1090,860,3,3,540
15/01/2026 10:49:20,1,1090,860,3,3,540
15/01/2026 10:49:36,1,600,860,3,2,870
15/01/2026 10:49:52,1,600,860,3,2,870
15/01/2026 10:50:08,1,600,860,3,1,780
15/01/2026 10:50:24,1,600,860,3,1,780
15/01/2026 10:50:40,1,600,860,3,1,800
15/01/2026 10:50:56,1,600,860,3,1,800
15/01/2026 10:51:12,1,600,860,3,1,680
15/01/2026 10:51:28,1,600,860,3,1,680
15/01/2026 10:51:44,1,580,860,3,1,680
15/01/2026 10:52:00,1,580,860,3,2,520
15/01/2026 10:52:16,1,580,860,3,2,520
15/01/2026 10:52:32,1,580,860,3,2,570
15/01/2026 10:52:48,1,950,860,3,2,570
15/01/2026 10:53:04,1,950,860,3,2,540
15/01/2026 10:53:20,1,-999,860,3,2,540
15/01/2026 10:53:36,1,-999,860,3,1,540
15/01/2026 10:53:52,1,-999,860,3,1,540
15/01/2026 10:54:08,1,-999,860,3,1,540
15/01/2026 10:54:24,1,670,860,3,1,560
15/01/2026 10:54:40,1,670,860,3,1,560
15/01/2026 10:54:56,1,670,860,3,2,560
15/01/2026 10:55:12,1,670,860,3,2,560
15/01/2026 10:55:28,1,670,860,3,1,580
15/01/2026 10:55:44,1,670,860,3,1,580
15/01/2026 10:56:00,1,670,860,3,2,530
15/01/2026 10:56:16,1,670,860,3,2,530
15/01/2026 10:56:32,1,670,860,3,2,530
15/01/2026 10:56:48,1,670,860,3,2,860
15/01/2026 10:57:04,1,670,860,3,2,860
15/01/2026 10:57:20,1,670,860,3,1,570
15/01/2026 10:57:36,1,670,860,3,1,570
15/01/2026 10:57:52,1,670,860,3,1,560
15/01/2026 10:58:08,1,670,860,3,1,560
15/01/2026 10:58:24,1,650,860,3,3,620
15/01/2026 10:58:40,1,650,860,3,3,620
15/01/2026 10:58:56,1,610,860,3,3,620
15/01/2026 10:59:12,1,610,860,3,3,790
15/01/2026 10:59:28,1,610,860,3,3,790
15/01/2026 10:59:44,1,610,860,3,3,510
