# Time, Layer_QualityIndex,bl_height,Mean_Layer_Height,n_BL,cloud_stat,cloud_dat
06/11/2025 11:00:00,1,1180,460,3,0,-999
06/11/2025 11:00:16,2,1180,1180,3,0,-999
06/11/2025 11:00:32,2,1180,1180,3,0,-999
06/11/2025 11:00:48,2,1170,1180,3,0,-999
06/11/2025 11:01:04,2,1170,1180,3,0,-999
06/11/2025 11:01:20,2,1170,1180,3,0,-999
06/11/2025 11:01:36,2,1170,1180,3,0,-999
06/11/2025 11:01:52,2,1170,1180,3,0,-999
06/11/2025 11:02:08,2,1170,1180,3,0,-999
06/11/2025 11:02:24,2,1170,1180,3,0,-999
06/11/2025 11:02:40,2,1170,1180,3,0,-999
06/11/2025 11:02:56,2,1170,1180,3,0,-999
06/11/2025 11:03:12,2,1170,1180,3,0,-999
06/11/2025 11:03:28,2,1170,1180,3,0,-999
06/11/2025 11:03:44,2,1170,1180,3,0,-999
06/11/2025 11:04:00,2,1180,1180,3,0,-999
06/11/2025 11:04:16,2,1180,1180,3,0,-999
06/11/2025 11:04:32,2,1180,1180,3,0,-999
06/11/2025 11:04:48,2,1180,1180,3,0,-999
06/11/2025 11:05:04,2,1180,1180,3,0,-999
06/11/2025 11:05:20,2,1180,1180,3,0,-999
06/11/2025 11:05:36,2,1180,1180,3,0,-999
06/11/2025 11:05:52,2,1180,1180,3,0,-999
06/11/2025 11:06:08,2,1180,1180,3,0,-999
06/11/2025 11:06:24,2,1180,1180,3,0,-999
06/11/2025 11:06:40,2,1180,1180,3,0,-999
06/11/2025 11:06:56,2,1180,1180,3,0,-999
06/11/2025 11:07:12,2,1180,1180,3,0,-999
06/11/2025 11:07:28,2,1180,1180,3,0,-999
06/11/2025 11:07:44,2,1180,1180,3,0,-999
06/11/2025 11:08:00,2,1180,1180,3,0,-999
06/11/2025 11:08:16,2,1180,1180,3,0,-999
06/11/2025 11:08:32,2,1180,1180,3,0,-999
06/11/2025 11:08:48,2,1180,1180,3,0,-999
06/11/2025 11:09:04,2,1180,1180,3,0,-999
06/11/2025 11:09:20,2,1180,1180,3,0,-999
06/11/2025 11:09:36,2,1180,1180,3,0,-999
06/11/2025 11:09:52,2,1180,1180,3,0,-999
06/11/2025 11:10:08,2,1180,1180,3,0,-999
06/11/2025 11:10:24,2,1180,1180,3,0,-999
06/11/2025 11:10:40,2,1180,1180,3,0,-999
06/11/2025 11:10:56,2,1180,1180,3,0,-999
06/11/2025 11:11:12,2,1180,1180,3,0,-999
06/11/2025 11:11:28,2,1180,1180,3,0,-999
06/11/2025 11:11:44,2,1180,1180,3,0,-999
06/11/2025 11:12:00,2,1180,1180,3,0,-999
06/11/2025 11:12:16,2,1180,1180,3,0,-999
06/11/2025 11:12:32,2,1180,1180,3,0,-999
06/11/2025 11:12:48,2,1180,1180,3,0,-999
06/11/2025 11:13:04,2,1180,1180,3,0,-999
06/11/2025 11:13:20,2,1180,1180,3,0,-999
06/11/2025 11:13:36,2,1180,1180,3,0,-999
06/11/2025 11:13:52,2,1180,1180,3,0,-999
06/11/2025 11:14:08,2,1180,1180,3,0,-999
06/11/2025 11:14:24,2,1180,1180,3,0,-999
06/11/2025 11:14:40,2,1180,1180,3,0,-999
06/11/2025 11:14:56,2,1180,1180,3,0,-999
06/11/2025 11:15:12,2,1180,1180,3,0,-999
06/11/2025 11:15:28,2,1180,1180,3,0,-999
06/11/2025 11:15:44,2,1180,1180,3,0,-999
06/11/2025 11:16:00,2,1180,1180,3,0,-999
06/11/2025 11:16:16,2,1180,1180,3,0,-999
06/11/2025 11:16:32,2,1180,1180,3,0,-999
06/11/2025 11:16:48,2,1180,1180,3,0,-999
06/11/2025 11:17:04,2,1180,1180,3,0,-999
06/11/2025 11:17:20,2,1180,1180,3,0,-999
06/11/2025 11:17:36,2,1170,1180,3,0,-999
06/11/2025 11:17:52,2,1170,1180,3,0,-999
06/11/2025 11:18:08,2,1170,1180,3,0,-999
06/11/2025 11:18:24,2,1170,1180,3,0,-999
06/11/2025 11:18:40,2,1170,1180,3,0,-999
06/11/2025 11:18:56,2,1170,1180,3,0,-999
06/11/2025 11:19:12,2,1160,1180,3,0,-999
06/11/2025 11:19:28,2,1160,1180,3,0,-999
06/11/2025 11:19:44,2,1160,1180,3,0,-999
06/11/2025 11:20:00,2,1160,1180,3,0,-999
06/11/2025 11:20:16,2,1160,1180,3,0,-999
06/11/2025 11:20:32,2,1160,1180,3,0,-999
06/11/2025 11:20:48,2,1160,1180,3,0,-999
06/11/2025 11:21:04,2,1160,1180,3,0,-999
06/11/2025 11:21:20,2,1160,1180,3,0,-999
06/11/2025 11:21:36,2,1150,1180,3,0,-999
06/11/2025 11:21:52,2,1150,1180,3,0,-999
06/11/2025 11:22:08,2,1150,1180,3,0,-999
06/11/2025 11:22:24,2,1150,1180,3,0,-999
06/11/2025 11:22:40,2,1150,1180,3,0,-999
06/11/2025 11:22:56,2,1150,1180,3,0,-999
06/11/2025 11:23:12,2,1150,1180,3,0,-999
06/11/2025 11:23:28,2,1150,1180,3,0,-999
06/11/2025 11:23:44,2,1140,1180,3,0,-999
06/11/2025 11:24:00,2,1140,1180,3,0,-999
06/11/2025 11:24:16,2,1140,1180,3,0,-999
06/11/2025 11:24:32,2,1140,1180,3,0,-999
06/11/2025 11:24:48,2,1140,1180,3,0,-999
06/11/2025 11:25:04,2,1140,1180,3,0,-999
06/11/2025 11:25:20,2,1140,1180,3,0,-999
06/11/2025 11:25:36,2,1140,1180,3,0,-999
06/11/2025 11:25:52,2,1140,1180,3,0,-999
06/11/2025 11:26:08,2,1140,1180,3,0,-999
06/11/2025 11:26:24,2,1140,1180,3,0,-999
06/11/2025 11:26:40,2,1140,1180,3,0,-999
06/11/2025 11:26:56,2,1140,1180,3,0,-999
06/11/2025 11:27:12,2,1140,1180,3,0,-999
06/11/2025 11:27:28,2,1140,1180,3,0,-999
06/11/2025 11:27:44,2,1140,1180,3,0,-999
06/11/2025 11:28:00,2,1130,1180,3,0,-999
06/11/2025 11:28:16,2,1130,1180,3,0,-999
06/11/2025 11:28:32,2,1130,1180,3,0,-999
06/11/2025 11:28:48,2,1130,1180,3,0,-999
06/11/2025 11:29:04,2,1130,1180,3,0,-999
06/11/2025 11:29:20,2,1120,1180,3,0,-999
06/11/2025 11:29:36,2,1120,1180,3,0,-999
06/11/2025 11:29:52,2,1120,1180,3,0,-999
06/11/2025 11:30:08,2,1110,1180,3,0,-999
06/11/2025 11:30:24,2,1110,1180,3,0,-999
06/11/2025 11:30:40,2,1110,1180,3,0,-999
06/11/2025 11:30:56,2,1110,1180,3,0,-999
06/11/2025 11:31:12,2,1100,1180,3,0,-999
06/11/2025 11:31:28,2,1100,1180,3,0,-999
06/11/2025 11:31:44,2,1100,1180,3,0,-999
06/11/2025 11:32:00,2,1090,1180,3,0,-999
06/11/2025 11:32:16,2,1090,1180,3,0,-999
06/11/2025 11:32:32,2,1090,1180,3,0,-999
06/11/2025 11:32:48,2,1090,1180,3,0,-999
06/11/2025 11:33:04,2,1090,1180,3,0,-999
06/11/2025 11:33:20,2,1090,1180,3,0,-999
06/11/2025 11:33:36,2,1080,1180,3,0,-999
06/11/2025 11:33:52,2,1080,1180,3,0,-999
06/11/2025 11:34:08,2,1080,1180,3,0,-999
06/11/2025 11:34:24,2,1070,1180,3,0,-999
06/11/2025 11:34:40,2,1070,1180,3,0,-999
06/11/2025 11:34:56,2,1070,1180,3,0,-999
06/11/2025 11:35:12,2,1060,1180,3,0,-999
06/11/2025 11:35:28,2,1060,1180,3,0,-999
06/11/2025 11:35:44,2,1060,1180,3,0,-999
06/11/2025 11:36:00,2,1050,1180,3,0,-999
06/11/2025 11:36:16,2,1050,1180,3,0,-999
06/11/2025 11:36:32,2,1050,1180,3,0,-999
06/11/2025 11:36:48,2,1040,1180,3,0,-999
06/11/2025 11:37:04,2,1040,1180,3,0,-999
06/11/2025 11:37:20,2,1040,1180,3,0,-999
06/11/2025 11:37:36,2,1030,1180,3,0,-999
06/11/2025 11:37:52,2,1030,1180,3,0,-999
06/11/2025 11:38:08,2,1030,1180,3,0,-999
06/11/2025 11:38:24,2,1030,1180,3,0,-999
06/11/2025 11:38:40,2,1020,1180,3,0,-999
06/11/2025 11:38:56,2,1020,1180,3,0,-999
06/11/2025 11:39:12,2,1010,1180,3,0,-999
06/11/2025 11:39:28,2,1010,1180,3,0,-999
06/11/2025 11:39:44,2,1000,1180,3,0,-999
06/11/2025 11:40:00,2,1000,1180,3,0,-999
06/11/2025 11:40:00,2,1000,1180,3,0,-999
06/11/2025 11:40:16,2,1000,1180,3,0,-999
06/11/2025 11:40:32,2,1000,1180,3,0,-999
06/11/2025 11:40:48,2,1000,1180,3,0,-999
06/11/2025 11:41:04,2,1000,1180,3,0,-999
06/11/2025 11:41:20,2,1000,1180,3,0,-999
06/11/2025 11:41:36,2,1000,1180,3,0,-999
06/11/2025 11:41:52,2,990,1180,3,0,-999
06/11/2025 11:42:08,2,990,1180,3,0,-999
06/11/2025 11:42:24,2,990,1180,3,0,-999
06/11/2025 11:42:40,2,990,1180,3,0,-999
06/11/2025 11:42:56,2,990,1180,3,0,-999
06/11/2025 11:43:12,2,990,1180,3,0,-999
06/11/2025 11:43:28,2,990,1180,3,0,-999
06/11/2025 11:43:44,2,990,1180,3,0,-999
06/11/2025 11:44:00,2,990,1180,3,0,-999
06/11/2025 11:44:16,2,990,1180,3,0,-999
06/11/2025 11:44:32,2,990,1180,3,0,-999
06/11/2025 11:44:48,2,990,1180,3,0,-999
06/11/2025 11:45:04,2,990,1180,3,0,-999
06/11/2025 11:45:20,2,980,1180,3,0,-999
06/11/2025 11:45:36,2,980,1180,3,0,-999
06/11/2025 11:45:52,2,980,1180,3,0,-999
06/11/2025 11:46:08,2,980,1180,3,0,-999
06/11/2025 11:46:24,2,980,1180,3,0,-999
06/11/2025 11:46:40,2,980,1180,3,0,-999
06/11/2025 11:46:56,2,980,1180,3,0,-999
06/11/2025 11:47:12,2,970,1180,3,0,-999
06/11/2025 11:47:28,2,970,1180,3,0,-999
06/11/2025 11:47:44,2,960,1180,3,0,-999
06/11/2025 11:48:00,2,960,1180,3,0,-999
06/11/2025 11:48:16,2,960,1180,3,0,-999
06/11/2025 11:48:32,2,960,1180,3,0,-999
06/11/2025 11:48:48,2,960,1180,3,0,-999
06/11/2025 11:49:04,2,960,1180,3,0,-999
06/11/2025 11:49:20,2,950,1180,3,0,-999
06/11/2025 11:49:36,2,950,1180,3,0,-999
06/11/2025 11:49:52,2,950,1180,3,0,-999
06/11/2025 11:50:08,2,940,1180,3,0,-999
06/11/2025 11:50:24,2,940,1180,3,0,-999
06/11/2025 11:50:40,2,940,1180,3,0,-999
06/11/2025 11:50:56,2,930,1180,3,0,-999
06/11/2025 11:51:12,2,930,1180,3,0,-999
06/11/2025 11:51:28,2,930,1180,3,0,-999
06/11/2025 11:51:44,2,920,1180,3,0,-999
06/11/2025 11:52:00,2,920,1180,3,0,-999
06/11/2025 11:52:16,2,920,1180,3,0,-999
06/11/2025 11:52:32,2,910,1180,3,0,-999
06/11/2025 11:52:48,2,910,1180,3,0,-999
06/11/2025 11:53:04,2,910,1180,3,0,-999
06/11/2025 11:53:20,2,910,1180,3,0,-999
06/11/2025 11:53:36,2,910,1180,3,0,-999
06/11/2025 11:53:52,2,910,1180,3,0,-999
06/11/2025 11:54:08,2,910,1180,3,0,-999
06/11/2025 11:54:24,2,910,1180,3,0,-999
06/11/2025 11:54:40,2,910,1180,3,0,-999
06/11/2025 11:54:56,2,910,1180,3,0,-999
06/11/2025 11:55:12,2,920,1180,3,0,-999
06/11/2025 11:55:28,2,920,1180,3,0,-999
06/11/2025 11:55:44,2,920,1180,3,0,-999
06/11/2025 11:56:00,2,920,1180,3,0,-999
06/11/2025 11:56:16,2,920,1180,3,0,-999
06/11/2025 11:56:32,2,930,1180,3,0,-999
06/11/2025 11:56:48,2,930,1180,3,0,-999
06/11/2025 11:57:04,2,930,1180,3,0,-999
06/11/2025 11:57:20,2,940,1180,3,0,-999
06/11/2025 11:57:36,2,940,1180,3,0,-999
06/11/2025 11:57:52,2,940,1180,3,0,-999
06/11/2025 11:58:08,2,950,1180,3,0,-999
06/11/2025 11:58:24,2,950,1180,3,0,-999
06/11/2025 11:58:40,2,950,1180,3,0,-999
06/11/2025 11:58:56,2,960,1180,3,0,-999
06/11/2025 11:59:12,2,960,1180,3,0,-999
06/11/2025 11:59:28,2,970,1180,3,0,-999
06/11/2025 11:59:44,2,980,1180,3,0,-999
06/11/2025 12:00:00,-999,980,-999,3,0,-999
06/11/2025 12:00:16,-999,990,-999,3,0,-999
06/11/2025 12:00:32,-999,1000,-999,3,0,-999
06/11/2025 12:00:48,-999,1010,-999,3,0,-999
06/11/2025 12:01:04,-999,1020,-999,3,0,-999
06/11/2025 12:01:20,-999,1030,-999,3,0,-999
06/11/2025 12:01:36,-999,1050,-999,3,0,-999
06/11/2025 12:01:52,-999,1060,-999,3,0,-999
06/11/2025 12:02:08,-999,1070,-999,3,0,-999
06/11/2025 12:02:24,-999,1080,-999,3,0,-999
06/11/2025 12:02:40,-999,1090,-999,3,0,-999
06/11/2025 12:02:56,-999,1100,-999,3,0,-999
06/11/2025 12:03:12,-999,1120,-999,3,0,-999
06/11/2025 12:03:28,-999,1130,-999,3,0,-999
06/11/2025 12:03:44,-999,1140,-999,3,0,-999
06/11/2025 12:04:00,-999,1160,-999,3,0,-999
06/11/2025 12:04:16,-999,1170,-999,3,0,-999
06/11/2025 12:04:32,-999,1180,-999,3,0,-999
06/11/2025 12:04:48,-999,1190,-999,3,0,-999
06/11/2025 12:05:04,-999,1200,-999,3,0,-999
06/11/2025 12:05:20,-999,1210,-999,3,0,-999
06/11/2025 12:05:36,-999,1220,-999,3,0,-999
06/11/2025 12:05:52,-999,1230,-999,3,0,-999
06/11/2025 12:06:08,-999,1240,-999,3,0,-999
06/11/2025 12:06:24,-999,1240,-999,3,0,-999
06/11/2025 12:06:40,-999,1240,-999,3,0,-999
06/11/2025 12:06:56,-999,1250,-999,3,0,-999
06/11/2025 12:07:12,-999,1250,-999,3,0,-999
06/11/2025 12:07:28,-999,1260,-999,3,0,-999
06/11/2025 12:07:44,-999,1260,-999,3,0,-999
06/11/2025 12:08:00,-999,1260,-999,3,0,-999
06/11/2025 12:08:16,-999,1270,-999,3,0,-999
06/11/2025 12:08:32,-999,1270,-999,3,0,-999
06/11/2025 12:08:48,-999,1270,-999,3,0,-999
06/11/2025 12:09:04,-999,1270,-999,3,0,-999
06/11/2025 12:09:20,-999,1270,-999,3,0,-999
06/11/2025 12:09:36,-999,1280,-999,3,0,-999
06/11/2025 12:09:52,-999,1280,-999,3,0,-999
06/11/2025 12:10:08,-999,1280,-999,3,0,-999
06/11/2025 12:10:24,-999,1290,-999,3,0,-999
06/11/2025 12:10:40,-999,1290,-999,3,0,-999
06/11/2025 12:10:56,-999,1290,-999,3,0,-999
06/11/2025 12:11:12,-999,1290,-999,3,0,-999
06/11/2025 12:11:28,-999,1290,-999,3,0,-999
06/11/2025 12:11:44,-999,1290,-999,3,0,-999
06/11/2025 12:12:00,-999,1290,-999,3,0,-999
06/11/2025 12:12:16,-999,1290,-999,3,0,-999
06/11/2025 12:12:32,-999,1300,-999,3,0,-999
06/11/2025 12:12:48,-999,1300,-999,3,0,-999
06/11/2025 12:13:04,-999,1300,-999,3,0,-999
06/11/2025 12:13:20,-999,1290,-999,3,0,-999
06/11/2025 12:13:36,-999,1300,-999,3,0,-999
06/11/2025 12:13:52,-999,1300,-999,3,0,-999
06/11/2025 12:14:08,-999,1300,-999,3,0,-999
06/11/2025 12:14:24,-999,1300,-999,3,0,-999
06/11/2025 12:14:40,-999,1300,-999,3,0,-999
06/11/2025 12:14:56,-999,1300,-999,3,0,-999
06/11/2025 12:15:12,-999,1300,-999,3,0,-999
06/11/2025 12:15:28,-999,1300,-999,3,0,-999
06/11/2025 12:15:44,-999,1300,-999,3,0,-999
06/11/2025 12:16:00,-999,1300,-999,3,0,-999
06/11/2025 12:16:16,-999,1300,-999,3,0,-999
06/11/2025 12:16:32,-999,1300,-999,3,0,-999
06/11/2025 12:16:48,-999,1300,-999,3,0,-999
06/11/2025 12:17:04,-999,1300,-999,3,0,-999
06/11/2025 12:17:20,-999,1300,-999,3,0,-999
06/11/2025 12:17:36,-999,1300,-999,3,0,-999
06/11/2025 12:17:52,-999,1300,-999,3,0,-999
06/11/2025 12:18:08,-999,1290,-999,3,0,-999
06/11/2025 12:18:24,-999,1290,-999,3,0,-999
06/11/2025 12:18:40,-999,1290,-999,3,0,-999
06/11/2025 12:18:56,-999,1290,-999,3,0,-999
06/11/2025 12:19:12,-999,1280,-999,3,0,-999
06/11/2025 12:19:28,-999,1280,-999,3,0,-999
06/11/2025 12:19:44,-999,1280,-999,3,0,-999
06/11/2025 12:20:00,-999,1280,-999,3,0,-999
06/11/2025 12:20:16,-999,1280,-999,3,0,-999
06/11/2025 12:20:32,-999,1270,-999,3,0,-999
06/11/2025 12:20:48,-999,1270,-999,3,0,-999
06/11/2025 12:21:04,-999,1270,-999,3,0,-999
06/11/2025 12:21:20,-999,1270,-999,3,0,-999
06/11/2025 12:21:36,-999,1270,-999,3,0,-999
06/11/2025 12:21:52,-999,1270,-999,3,0,-999
06/11/2025 12:22:08,-999,1270,-999,3,0,-999
06/11/2025 12:22:24,-999,1270,-999,3,0,-999
06/11/2025 12:22:40,-999,1270,-999,3,0,-999
06/11/2025 12:22:56,-999,1270,-999,3,0,-999
06/11/2025 12:23:12,-999,1270,-999,3,0,-999
06/11/2025 12:23:28,-999,1270,-999,3,0,-999
06/11/2025 12:23:44,-999,1280,-999,3,0,-999
06/11/2025 12:24:00,-999,1270,-999,3,0,-999
06/11/2025 12:24:16,-999,1270,-999,3,0,-999
06/11/2025 12:24:32,-999,1270,-999,3,0,-999
06/11/2025 12:24:48,-999,1270,-999,3,0,-999
06/11/2025 12:25:04,-999,1260,-999,3,0,-999
06/11/2025 12:25:20,-999,1260,-999,3,0,-999
06/11/2025 12:25:36,-999,1260,-999,3,0,-999
06/11/2025 12:25:52,-999,1270,-999,3,0,-999
06/11/2025 12:26:08,-999,1270,-999,3,0,-999
06/11/2025 12:26:24,-999,1270,-999,3,0,-999
06/11/2025 12:26:40,-999,1270,-999,3,0,-999
06/11/2025 12:26:56,-999,1270,-999,3,0,-999
06/11/2025 12:27:12,-999,1270,-999,3,0,-999
06/11/2025 12:27:28,-999,1270,-999,3,0,-999
06/11/2025 12:27:44,-999,1270,-999,3,0,-999
06/11/2025 12:28:00,-999,1270,-999,3,0,-999
06/11/2025 12:28:16,-999,1270,-999,3,0,-999
06/11/2025 12:28:32,-999,1270,-999,3,0,-999
06/11/2025 12:28:48,-999,1280,-999,3,0,-999
06/11/2025 12:29:04,-999,1280,-999,3,0,-999
06/11/2025 12:29:20,-999,1280,-999,3,0,-999
06/11/2025 12:29:36,-999,1280,-999,3,0,-999
06/11/2025 12:29:52,-999,1290,-999,3,0,-999
06/11/2025 12:30:08,-999,1290,-999,3,0,-999
06/11/2025 12:30:24,-999,1290,-999,3,0,-999
06/11/2025 12:30:40,-999,1280,-999,3,0,-999
06/11/2025 12:30:56,-999,1280,-999,3,0,-999
06/11/2025 12:31:12,-999,1280,-999,3,0,-999
06/11/2025 12:31:28,-999,1280,-999,3,0,-999
06/11/2025 12:31:44,-999,1290,-999,3,0,-999
06/11/2025 12:32:00,-999,1290,-999,3,0,-999
06/11/2025 12:32:16,-999,1290,-999,3,0,-999
06/11/2025 12:32:32,-999,1290,-999,3,0,-999
06/11/2025 12:32:48,-999,1290,-999,3,0,-999
06/11/2025 12:33:04,-999,1300,-999,3,0,-999
06/11/2025 12:33:20,-999,1300,-999,3,0,-999
06/11/2025 12:33:36,-999,1300,-999,3,0,-999
06/11/2025 12:33:52,-999,1300,-999,3,0,-999
06/11/2025 12:34:08,-999,1300,-999,3,0,-999
06/11/2025 12:34:24,-999,1300,-999,3,0,-999
06/11/2025 12:34:40,-999,1300,-999,3,0,-999
06/11/2025 12:34:56,-999,1290,-999,3,0,-999
06/11/2025 12:35:12,-999,1290,-999,3,0,-999
06/11/2025 12:35:28,-999,1290,-999,3,0,-999
06/11/2025 12:35:44,-999,1290,-999,3,0,-999
06/11/2025 12:36:00,-999,1290,-999,3,0,-999
06/11/2025 12:36:16,-999,1290,-999,3,0,-999
06/11/2025 12:36:32,-999,1290,-999,3,0,-999
06/11/2025 12:36:48,-999,1280,-999,3,0,-999
06/11/2025 12:37:04,-999,1280,-999,3,0,-999
06/11/2025 12:37:20,-999,1280,-999,3,0,-999
06/11/2025 12:37:36,-999,1270,-999,3,0,-999
06/11/2025 12:37:52,-999,1270,-999,3,0,-999
06/11/2025 12:38:08,-999,1270,-999,3,0,-999
06/11/2025 12:38:24,-999,1270,-999,3,0,-999
06/11/2025 12:38:40,-999,1270,-999,3,0,-999
06/11/2025 12:38:56,-999,1270,-999,3,0,-999
06/11/2025 12:39:12,-999,1280,-999,3,0,-999
06/11/2025 12:39:28,-999,1280,-999,3,0,-999
06/11/2025 12:39:44,-999,1270,-999,3,0,-999
06/11/2025 12:40:00,-999,1270,-999,3,0,-999
06/11/2025 12:40:16,-999,1270,-999,3,0,-999
06/11/2025 12:40:32,-999,1270,-999,3,0,-999
06/11/2025 12:40:48,-999,1260,-999,3,0,-999
06/11/2025 12:41:04,-999,1260,-999,3,0,-999
06/11/2025 12:41:20,-999,1260,-999,3,0,-999
06/11/2025 12:41:36,-999,1260,-999,3,0,-999
06/11/2025 12:41:52,-999,1250,-999,3,0,-999
06/11/2025 12:42:08,-999,1250,-999,3,0,-999
06/11/2025 12:42:24,-999,1240,-999,3,0,-999
06/11/2025 12:42:40,-999,1230,-999,3,0,-999
06/11/2025 12:42:56,-999,1220,-999,3,0,-999
06/11/2025 12:43:12,-999,1220,-999,3,0,-999
06/11/2025 12:43:28,-999,1210,-999,3,0,-999
06/11/2025 12:43:44,-999,1200,-999,3,0,-999
06/11/2025 12:44:00,-999,1200,-999,3,0,-999
06/11/2025 12:44:16,-999,1190,-999,3,0,-999
06/11/2025 12:44:32,-999,1190,-999,3,0,-999
06/11/2025 12:44:48,-999,1190,-999,3,0,-999
06/11/2025 12:45:04,-999,1190,-999,3,0,-999
06/11/2025 12:45:20,-999,1180,-999,3,0,-999
06/11/2025 12:45:36,-999,1170,-999,3,0,-999
06/11/2025 12:45:52,-999,1160,-999,3,0,-999
06/11/2025 12:46:08,-999,1160,-999,3,0,-999
06/11/2025 12:46:24,-999,1150,-999,3,0,-999
06/11/2025 12:46:40,-999,1150,-999,3,0,-999
06/11/2025 12:46:56,-999,1150,-999,3,0,-999
06/11/2025 12:47:12,-999,1150,-999,3,0,-999
06/11/2025 12:47:28,-999,1150,-999,3,0,-999
06/11/2025 12:47:44,-999,1150,-999,3,0,-999
06/11/2025 12:48:00,-999,1150,-999,3,0,-999
06/11/2025 12:48:16,-999,1150,-999,3,0,-999
06/11/2025 12:48:32,-999,1150,-999,3,0,-999
06/11/2025 12:48:48,-999,1160,-999,3,0,-999
06/11/2025 12:49:04,-999,1160,-999,3,0,-999
06/11/2025 12:49:20,-999,1170,-999,3,0,-999
06/11/2025 12:49:36,-999,1170,-999,3,0,-999
06/11/2025 12:49:52,-999,1170,-999,3,0,-999
06/11/2025 12:50:08,-999,1180,-999,3,0,-999
06/11/2025 12:50:24,-999,1180,-999,3,0,-999
06/11/2025 12:50:40,-999,1180,-999,3,0,-999
06/11/2025 12:50:56,-999,1180,-999,3,0,-999
06/11/2025 12:51:12,-999,1180,-999,3,0,-999
06/11/2025 12:51:28,-999,1190,-999,3,0,-999
06/11/2025 12:51:44,-999,1190,-999,3,0,-999
06/11/2025 12:52:00,-999,1190,-999,3,0,-999
06/11/2025 12:52:16,-999,1190,-999,3,0,-999
06/11/2025 12:52:32,-999,1190,-999,3,0,-999
06/11/2025 12:52:48,-999,1180,-999,3,0,-999
06/11/2025 12:53:04,-999,1180,-999,3,0,-999
06/11/2025 12:53:20,-999,1180,-999,3,0,-999
06/11/2025 12:53:36,-999,1170,-999,3,0,-999
06/11/2025 12:53:52,-999,1170,-999,3,0,-999
06/11/2025 12:54:08,-999,1170,-999,3,0,-999
06/11/2025 12:54:24,-999,1170,-999,3,0,-999
06/11/2025 12:54:40,-999,1170,-999,3,0,-999
06/11/2025 12:54:56,-999,1170,-999,3,0,-999
06/11/2025 12:55:12,-999,1170,-999,3,0,-999
06/11/2025 12:55:28,-999,1180,-999,3,0,-999
06/11/2025 12:55:44,-999,1170,-999,3,0,-999
06/11/2025 12:56:00,-999,1170,-999,3,0,-999
06/11/2025 12:56:16,-999,1170,-999,3,0,-999
06/11/2025 12:56:32,-999,1170,-999,3,0,-999
06/11/2025 12:56:48,-999,1170,-999,3,0,-999
06/11/2025 12:57:04,-999,1170,-999,3,0,-999
06/11/2025 12:57:20,-999,1180,-999,3,0,-999
06/11/2025 12:57:36,-999,1170,-999,3,0,-999
06/11/2025 12:57:52,-999,1170,-999,3,0,-999
06/11/2025 12:58:08,-999,1170,-999,3,0,-999
06/11/2025 12:58:24,-999,1180,-999,3,0,-999
06/11/2025 12:58:40,-999,1180,-999,3,0,-999
06/11/2025 12:58:56,-999,1180,-999,3,0,-999
06/11/2025 12:59:12,-999,1180,-999,3,0,-999
06/11/2025 12:59:28,-999,1180,-999,3,0,-999
06/11/2025 12:59:44,-999,1190,-999,3,0,-999
06/11/2025 13:00:00,3,1190,1270,3,0,-999
06/11/2025 13:00:16,3,1190,1270,3,0,-999
06/11/2025 13:00:32,3,1200,1270,3,0,-999
06/11/2025 13:00:48,3,1200,1270,3,0,-999
06/11/2025 13:01:04,3,1200,1270,3,0,-999
06/11/2025 13:01:20,3,1200,1270,3,0,-999
06/11/2025 13:01:36,3,1200,1270,3,0,-999
06/11/2025 13:01:52,3,1200,1270,3,0,-999
06/11/2025 13:02:08,3,1200,1270,3,0,-999
06/11/2025 13:02:24,3,1200,1270,3,0,-999
06/11/2025 13:02:40,3,1200,1270,3,0,-999
06/11/2025 13:02:56,3,1200,1270,3,0,-999
06/11/2025 13:03:12,3,1200,1270,3,0,-999
06/11/2025 13:03:28,3,1200,1270,3,0,-999
06/11/2025 13:03:44,3,1200,1270,3,0,-999
06/11/2025 13:04:00,3,1190,1270,3,0,-999
06/11/2025 13:04:16,3,1190,1270,3,0,-999
06/11/2025 13:04:32,3,1190,1270,3,0,-999
06/11/2025 13:04:48,3,1190,1270,3,0,-999
06/11/2025 13:05:04,3,1190,1270,3,0,-999
06/11/2025 13:05:20,3,1190,1270,3,0,-999
06/11/2025 13:05:36,3,1190,1270,3,0,-999
06/11/2025 13:05:52,3,1190,1270,3,0,-999
06/11/2025 13:06:08,3,1190,1270,3,0,-999
06/11/2025 13:06:24,3,1190,1270,3,0,-999
06/11/2025 13:06:40,3,1190,1270,3,0,-999
06/11/2025 13:06:56,3,1190,1270,3,0,-999
06/11/2025 13:07:12,3,1190,1270,3,0,-999
06/11/2025 13:07:28,3,1180,1270,3,0,-999
06/11/2025 13:07:44,3,1180,1270,3,0,-999
06/11/2025 13:08:00,3,1190,1270,3,0,-999
06/11/2025 13:08:16,3,1180,1270,3,0,-999
06/11/2025 13:08:32,3,1180,1270,3,0,-999
06/11/2025 13:08:48,3,1180,1270,3,0,-999
06/11/2025 13:09:04,3,1170,1270,3,0,-999
06/11/2025 13:09:20,3,1170,1270,3,0,-999
06/11/2025 13:09:36,3,1170,1270,3,0,-999
06/11/2025 13:09:52,3,1180,1270,3,0,-999
06/11/2025 13:10:08,3,1180,1270,3,0,-999
06/11/2025 13:10:24,3,1180,1270,3,0,-999
06/11/2025 13:10:40,3,1170,1270,3,0,-999
06/11/2025 13:10:56,3,1170,1270,3,0,-999
06/11/2025 13:11:12,3,1170,1270,3,0,-999
06/11/2025 13:11:28,3,1170,1270,3,0,-999
06/11/2025 13:11:44,3,1170,1270,3,0,-999
06/11/2025 13:12:00,3,1170,1270,3,0,-999
06/11/2025 13:12:16,3,1160,1270,3,0,-999
06/11/2025 13:12:32,3,1160,1270,3,0,-999
06/11/2025 13:12:48,3,1160,1270,3,0,-999
06/11/2025 13:13:04,3,1160,1270,3,0,-999
06/11/2025 13:13:20,3,1160,1270,3,0,-999
06/11/2025 13:13:36,3,1150,1270,3,0,-999
06/11/2025 13:13:52,3,1150,1270,3,0,-999
06/11/2025 13:14:08,3,1150,1270,3,0,-999
06/11/2025 13:14:24,3,1150,1270,3,0,-999
06/11/2025 13:14:40,3,1150,1270,3,0,-999
06/11/2025 13:14:56,3,1150,1270,3,0,-999
06/11/2025 13:15:12,3,1140,1270,3,0,-999
06/11/2025 13:15:28,3,1140,1270,3,0,-999
06/11/2025 13:15:44,3,1140,1270,3,0,-999
06/11/2025 13:16:00,3,1140,1270,3,0,-999
06/11/2025 13:16:16,3,1140,1270,3,0,-999
06/11/2025 13:16:32,3,1130,1270,3,0,-999
06/11/2025 13:16:48,3,1130,1270,3,0,-999
06/11/2025 13:17:04,3,1130,1270,3,0,-999
06/11/2025 13:17:20,3,1130,1270,3,0,-999
06/11/2025 13:17:36,3,1130,1270,3,0,-999
06/11/2025 13:17:52,3,1130,1270,3,0,-999
06/11/2025 13:18:08,3,1130,1270,3,0,-999
06/11/2025 13:18:24,3,1130,1270,3,0,-999
06/11/2025 13:18:40,3,1130,1270,3,0,-999
06/11/2025 13:18:56,3,1130,1270,3,0,-999
06/11/2025 13:19:12,3,1130,1270,3,0,-999
06/11/2025 13:19:28,3,1120,1270,3,0,-999
06/11/2025 13:19:44,3,1120,1270,3,0,-999
06/11/2025 13:20:00,3,1120,1270,3,0,-999
06/11/2025 13:20:16,3,1120,1270,3,0,-999
06/11/2025 13:20:32,3,1110,1270,3,0,-999
06/11/2025 13:20:48,3,1120,1270,3,0,-999
06/11/2025 13:21:04,3,1120,1270,3,0,-999
06/11/2025 13:21:20,3,1120,1270,3,0,-999
06/11/2025 13:21:36,3,1120,1270,3,0,-999
06/11/2025 13:21:52,3,1120,1270,3,0,-999
06/11/2025 13:22:08,3,1120,1270,3,0,-999
06/11/2025 13:22:24,3,1120,1270,3,0,-999
06/11/2025 13:22:40,3,1130,1270,3,0,-999
06/11/2025 13:22:56,3,1130,1270,3,0,-999
06/11/2025 13:23:12,3,1130,1270,3,0,-999
06/11/2025 13:23:28,3,1130,1270,3,0,-999
06/11/2025 13:23:44,3,1130,1270,3,0,-999
06/11/2025 13:24:00,3,1130,1270,3,0,-999
06/11/2025 13:24:16,3,1130,1270,3,0,-999
06/11/2025 13:24:32,3,1130,1270,3,0,-999
06/11/2025 13:24:48,3,1130,1270,3,0,-999
06/11/2025 13:25:04,3,1140,1270,3,0,-999
06/11/2025 13:25:20,3,1140,1270,3,0,-999
06/11/2025 13:25:36,3,1140,1270,3,0,-999
06/11/2025 13:25:52,3,1150,1270,3,0,-999
06/11/2025 13:26:08,3,1150,1270,3,0,-999
06/11/2025 13:26:24,3,1150,1270,3,0,-999
06/11/2025 13:26:40,3,1150,1270,3,0,-999
06/11/2025 13:26:56,3,1160,1270,3,0,-999
06/11/2025 13:27:12,3,1160,1270,3,0,-999
06/11/2025 13:27:28,3,1160,1270,3,0,-999
06/11/2025 13:27:44,3,1160,1270,3,0,-999
06/11/2025 13:28:00,3,1160,1270,3,0,-999
06/11/2025 13:28:16,3,1160,1270,3,0,-999
06/11/2025 13:28:32,3,1150,1270,3,0,-999
06/11/2025 13:28:48,3,1150,1270,3,0,-999
06/11/2025 13:29:04,3,1150,1270,3,0,-999
06/11/2025 13:29:20,3,1140,1270,3,0,-999
06/11/2025 13:29:36,3,1140,1270,3,0,-999
06/11/2025 13:29:52,3,1140,1270,3,0,-999
06/11/2025 13:30:08,3,1140,1270,3,0,-999
06/11/2025 13:30:24,3,1140,1270,3,0,-999
06/11/2025 13:30:40,3,1140,1270,3,0,-999
06/11/2025 13:30:56,3,1130,1270,3,0,-999
06/11/2025 13:31:12,3,1130,1270,3,0,-999
06/11/2025 13:31:28,3,1130,1270,3,0,-999
06/11/2025 13:31:44,3,1130,1270,3,0,-999
06/11/2025 13:32:00,3,1120,1270,3,0,-999
06/11/2025 13:32:16,3,1120,1270,3,0,-999
06/11/2025 13:32:32,3,1120,1270,3,0,-999
06/11/2025 13:32:48,3,1120,1270,3,0,-999
06/11/2025 13:33:04,3,1120,1270,3,0,-999
06/11/2025 13:33:20,3,1120,1270,3,0,-999
06/11/2025 13:33:36,3,1120,1270,3,0,-999
06/11/2025 13:33:52,3,1120,1270,3,0,-999
06/11/2025 13:34:08,3,1120,1270,3,0,-999
06/11/2025 13:34:24,3,1120,1270,3,0,-999
06/11/2025 13:34:40,3,1110,1270,3,0,-999
06/11/2025 13:34:56,3,1110,1270,3,0,-999
06/11/2025 13:35:12,3,1100,1270,3,0,-999
06/11/2025 13:35:28,3,1100,1270,3,0,-999
06/11/2025 13:35:44,3,1090,1270,3,0,-999
06/11/2025 13:36:00,3,1090,1270,3,0,-999
06/11/2025 13:36:16,3,1090,1270,3,0,-999
06/11/2025 13:36:32,3,1080,1270,3,0,-999
06/11/2025 13:36:48,3,1080,1270,3,0,-999
06/11/2025 13:37:04,3,1080,1270,3,0,-999
06/11/2025 13:37:20,3,1080,1270,3,0,-999
06/11/2025 13:37:36,3,1080,1270,3,0,-999
06/11/2025 13:37:52,3,1070,1270,3,0,-999
06/11/2025 13:38:08,3,1070,1270,3,0,-999
06/11/2025 13:38:24,3,1060,1270,3,0,-999
06/11/2025 13:38:40,3,1060,1270,3,0,-999
06/11/2025 13:38:56,3,1050,1270,3,0,-999
06/11/2025 13:39:12,3,1050,1270,3,0,-999
06/11/2025 13:39:28,3,1050,1270,3,0,-999
06/11/2025 13:39:44,3,1040,1270,3,0,-999
06/11/2025 13:40:00,3,1040,1270,3,0,-999
06/11/2025 13:40:16,3,1030,1270,3,0,-999
06/11/2025 13:40:32,3,1030,1270,3,0,-999
06/11/2025 13:40:48,3,1020,1270,3,0,-999
06/11/2025 13:41:04,3,1010,1270,3,0,-999
06/11/2025 13:41:20,3,1010,1270,3,0,-999
06/11/2025 13:41:36,3,1010,1270,3,0,-999
06/11/2025 13:41:52,3,1010,1270,3,0,-999
06/11/2025 13:42:08,3,1010,1270,3,0,-999
06/11/2025 13:42:24,3,1010,1270,3,0,-999
06/11/2025 13:42:40,3,1010,1270,3,0,-999
06/11/2025 13:42:56,3,1020,1270,3,0,-999
06/11/2025 13:43:12,3,1020,1270,3,0,-999
06/11/2025 13:43:28,3,1020,1270,3,0,-999
06/11/2025 13:43:44,3,1020,1270,3,0,-999
06/11/2025 13:44:00,3,1020,1270,3,0,-999
06/11/2025 13:44:16,3,1020,1270,3,0,-999
06/11/2025 13:44:32,3,1020,1270,3,0,-999
06/11/2025 13:44:48,3,1010,1270,3,0,-999
06/11/2025 13:45:04,3,1010,1270,3,0,-999
06/11/2025 13:45:20,3,1010,1270,3,0,-999
06/11/2025 13:45:36,3,1010,1270,3,0,-999
06/11/2025 13:45:52,3,1010,1270,3,0,-999
06/11/2025 13:46:08,3,1010,1270,3,0,-999
06/11/2025 13:46:24,3,1010,1270,3,0,-999
06/11/2025 13:46:40,3,1010,1270,3,0,-999
06/11/2025 13:46:56,3,1010,1270,3,0,-999
06/11/2025 13:47:12,3,1020,1270,3,0,-999
06/11/2025 13:47:28,3,1020,1270,3,0,-999
06/11/2025 13:47:44,3,1020,1270,3,0,-999
06/11/2025 13:48:00,3,1020,1270,3,0,-999
06/11/2025 13:48:16,3,1030,1270,3,0,-999
06/11/2025 13:48:32,3,1030,1270,3,0,-999
06/11/2025 13:48:48,3,1030,1270,3,0,-999
06/11/2025 13:49:04,3,1040,1270,3,0,-999
06/11/2025 13:49:20,3,1040,1270,3,0,-999
06/11/2025 13:49:36,3,1040,1270,3,0,-999
06/11/2025 13:49:52,3,1040,1270,3,0,-999
06/11/2025 13:50:08,3,1050,1270,3,0,-999
06/11/2025 13:50:24,3,1050,1270,3,0,-999
06/11/2025 13:50:40,3,1050,1270,3,0,-999
06/11/2025 13:50:56,3,1050,1270,3,0,-999
06/11/2025 13:51:12,3,1050,1270,3,0,-999
06/11/2025 13:51:28,3,1060,1270,3,0,-999
06/11/2025 13:51:44,3,1060,1270,3,0,-999
06/11/2025 13:52:00,3,1060,1270,3,0,-999
06/11/2025 13:52:16,3,1070,1270,3,0,-999
06/11/2025 13:52:32,3,1070,1270,3,0,-999
06/11/2025 13:52:48,3,1080,1270,3,0,-999
06/11/2025 13:53:04,3,1080,1270,3,0,-999
06/11/2025 13:53:20,3,1090,1270,3,0,-999
06/11/2025 13:53:36,3,1090,1270,3,0,-999
06/11/2025 13:53:52,3,1100,1270,3,0,-999
06/11/2025 13:54:08,3,1100,1270,3,0,-999
06/11/2025 13:54:24,3,1100,1270,3,0,-999
06/11/2025 13:54:40,3,1110,1270,3,0,-999
06/11/2025 13:54:56,3,1110,1270,3,0,-999
06/11/2025 13:55:12,3,1110,1270,3,0,-999
06/11/2025 13:55:28,3,1110,1270,3,0,-999
06/11/2025 13:55:44,3,1110,1270,3,0,-999
06/11/2025 13:56:00,3,1110,1270,3,0,-999
06/11/2025 13:56:16,3,1110,1270,3,0,-999
06/11/2025 13:56:32,3,1110,1270,3,0,-999
06/11/2025 13:56:48,3,1110,1270,3,0,-999
06/11/2025 13:57:04,3,1120,1270,3,0,-999
06/11/2025 13:57:20,3,1120,1270,3,0,-999
06/11/2025 13:57:36,3,1120,1270,3,0,-999
06/11/2025 13:57:52,3,1130,1270,3,0,-999
06/11/2025 13:58:08,3,1130,1270,3,0,-999
06/11/2025 13:58:24,3,1130,1270,3,0,-999
06/11/2025 13:58:40,3,1130,1270,3,0,-999
06/11/2025 13:58:56,3,1140,1270,3,0,-999
06/11/2025 13:59:12,3,1140,1270,3,0,-999
06/11/2025 13:59:28,3,1140,1270,3,0,-999
06/11/2025 13:59:44,3,1150,1270,3,0,-999
06/11/2025 14:00:00,3,1150,1130,3,0,-999
06/11/2025 14:00:16,3,1140,1130,3,0,-999
06/11/2025 14:00:32,3,1150,1130,3,0,-999
06/11/2025 14:00:48,3,1150,1130,3,0,-999
06/11/2025 14:01:04,3,1150,1130,3,0,-999
06/11/2025 14:01:20,3,1150,1130,3,0,-999
06/11/2025 14:01:36,3,1150,1130,3,0,-999
06/11/2025 14:01:52,3,1150,1130,3,0,-999
06/11/2025 14:02:08,3,1150,1130,3,0,-999
06/11/2025 14:02:24,3,1150,1130,3,0,-999
06/11/2025 14:02:40,3,1150,1130,3,0,-999
06/11/2025 14:02:56,3,1150,1130,3,0,-999
06/11/2025 14:03:12,3,1150,1130,3,0,-999
06/11/2025 14:03:28,3,1150,1130,3,0,-999
06/11/2025 14:03:44,3,1150,1130,3,0,-999
06/11/2025 14:04:00,3,1150,1130,3,0,-999
06/11/2025 14:04:16,3,1150,1130,3,0,-999
06/11/2025 14:04:32,3,1150,1130,3,0,-999
06/11/2025 14:04:48,3,1150,1130,3,0,-999
06/11/2025 14:05:04,3,1150,1130,3,0,-999
06/11/2025 14:05:20,3,1150,1130,3,0,-999
06/11/2025 14:05:36,3,1150,1130,3,0,-999
06/11/2025 14:05:52,3,1150,1130,3,0,-999
06/11/2025 14:06:08,3,1150,1130,3,0,-999
06/11/2025 14:06:24,3,1150,1130,3,0,-999
06/11/2025 14:06:40,3,1150,1130,3,0,-999
06/11/2025 14:06:56,3,1150,1130,3,0,-999
06/11/2025 14:07:12,3,1150,1130,3,0,-999
06/11/2025 14:07:28,3,1150,1130,3,0,-999
06/11/2025 14:07:44,3,1150,1130,3,0,-999
06/11/2025 14:08:00,3,1150,1130,3,0,-999
06/11/2025 14:08:16,3,1150,1130,3,0,-999
06/11/2025 14:08:32,3,1150,1130,3,0,-999
06/11/2025 14:08:48,3,1150,1130,3,0,-999
06/11/2025 14:09:04,3,1160,1130,3,0,-999
06/11/2025 14:09:20,3,1160,1130,3,0,-999
06/11/2025 14:09:36,3,1160,1130,3,0,-999
06/11/2025 14:09:52,3,1160,1130,3,0,-999
06/11/2025 14:10:08,3,1170,1130,3,0,-999
06/11/2025 14:10:24,3,1170,1130,3,0,-999
06/11/2025 14:10:40,3,1170,1130,3,0,-999
06/11/2025 14:10:56,3,1170,1130,3,0,-999
06/11/2025 14:11:12,3,1170,1130,3,0,-999
06/11/2025 14:11:28,3,1170,1130,3,0,-999
06/11/2025 14:11:44,3,1170,1130,3,0,-999
06/11/2025 14:12:00,3,1170,1130,3,0,-999
06/11/2025 14:12:16,3,1170,1130,3,0,-999
06/11/2025 14:12:32,3,1170,1130,3,0,-999
06/11/2025 14:12:48,3,1170,1130,3,0,-999
06/11/2025 14:13:04,3,1170,1130,3,0,-999
06/11/2025 14:13:20,3,1170,1130,3,0,-999
06/11/2025 14:13:36,3,1170,1130,3,0,-999
06/11/2025 14:13:52,3,1170,1130,3,0,-999
06/11/2025 14:14:08,3,1170,1130,3,0,-999
06/11/2025 14:14:24,3,1170,1130,3,0,-999
06/11/2025 14:14:40,3,1170,1130,3,0,-999
06/11/2025 14:14:56,3,1180,1130,3,0,-999
06/11/2025 14:15:12,3,1180,1130,3,0,-999
06/11/2025 14:15:28,3,1180,1130,3,0,-999
06/11/2025 14:15:44,3,1190,1130,3,0,-999
06/11/2025 14:16:00,3,1190,1130,3,0,-999
06/11/2025 14:16:16,3,1190,1130,3,0,-999
06/11/2025 14:16:32,3,1190,1130,3,0,-999
06/11/2025 14:16:48,3,1190,1130,3,0,-999
06/11/2025 14:17:04,3,1190,1130,3,0,-999
06/11/2025 14:17:20,3,1190,1130,3,0,-999
06/11/2025 14:17:36,3,1190,1130,3,0,-999
06/11/2025 14:17:52,3,1190,1130,3,0,-999
06/11/2025 14:18:08,3,1190,1130,3,0,-999
06/11/2025 14:18:24,3,1190,1130,3,0,-999
06/11/2025 14:18:40,3,1190,1130,3,0,-999
06/11/2025 14:18:56,3,1190,1130,3,0,-999
06/11/2025 14:19:12,3,1190,1130,3,0,-999
06/11/2025 14:19:28,3,1190,1130,3,0,-999
06/11/2025 14:19:44,3,1190,1130,3,0,-999
06/11/2025 14:20:00,3,1190,1130,3,0,-999
06/11/2025 14:20:16,3,1190,1130,3,0,-999
06/11/2025 14:20:32,3,1190,1130,3,0,-999
06/11/2025 14:20:48,3,1190,1130,3,0,-999
06/11/2025 14:21:04,3,1180,1130,3,0,-999
06/11/2025 14:21:20,3,1180,1130,3,0,-999
06/11/2025 14:21:36,3,1180,1130,3,0,-999
06/11/2025 14:21:52,3,1170,1130,3,0,-999
06/11/2025 14:22:08,3,1170,1130,3,0,-999
06/11/2025 14:22:24,3,1170,1130,3,0,-999
06/11/2025 14:22:40,3,1170,1130,3,0,-999
06/11/2025 14:22:56,3,1170,1130,3,0,-999
06/11/2025 14:23:12,3,1170,1130,3,0,-999
06/11/2025 14:23:28,3,1170,1130,3,0,-999
06/11/2025 14:23:44,3,1170,1130,3,0,-999
06/11/2025 14:24:00,3,1170,1130,3,0,-999
06/11/2025 14:24:16,3,1170,1130,3,0,-999
06/11/2025 14:24:32,3,1170,1130,3,0,-999
06/11/2025 14:24:48,3,1170,1130,3,0,-999
06/11/2025 14:25:04,3,1170,1130,3,0,-999
06/11/2025 14:25:20,3,1180,1130,3,0,-999
06/11/2025 14:25:36,3,1170,1130,3,0,-999
06/11/2025 14:25:52,3,1170,1130,3,0,-999
06/11/2025 14:26:08,3,1170,1130,3,0,-999
06/11/2025 14:26:24,3,1170,1130,3,0,-999
06/11/2025 14:26:40,3,1170,1130,3,0,-999
06/11/2025 14:26:56,3,1170,1130,3,0,-999
06/11/2025 14:27:12,3,1180,1130,3,0,-999
06/11/2025 14:27:28,3,1180,1130,3,0,-999
06/11/2025 14:27:44,3,1180,1130,3,0,-999
06/11/2025 14:28:00,3,1180,1130,3,0,-999
06/11/2025 14:28:16,3,1180,1130,3,0,-999
06/11/2025 14:28:32,3,1180,1130,3,0,-999
06/11/2025 14:28:48,3,1180,1130,3,0,-999
06/11/2025 14:29:04,3,1170,1130,3,0,-999
06/11/2025 14:29:20,3,1180,1130,3,0,-999
06/11/2025 14:29:36,3,1180,1130,3,0,-999
06/11/2025 14:29:52,3,1180,1130,3,0,-999
06/11/2025 14:30:08,3,1180,1130,3,0,-999
06/11/2025 14:30:24,3,1180,1130,3,0,-999
06/11/2025 14:30:40,3,1190,1130,3,0,-999
06/11/2025 14:30:56,3,1190,1130,3,0,-999
06/11/2025 14:31:12,3,1190,1130,3,0,-999
06/11/2025 14:31:28,3,1190,1130,3,0,-999
06/11/2025 14:31:44,3,1200,1130,3,0,-999
06/11/2025 14:32:00,3,1200,1130,3,0,-999
06/11/2025 14:32:16,3,1200,1130,3,0,-999
06/11/2025 14:32:32,3,1200,1130,3,0,-999
06/11/2025 14:32:48,3,1200,1130,3,0,-999
06/11/2025 14:33:04,3,1200,1130,3,0,-999
06/11/2025 14:33:20,3,1200,1130,3,0,-999
06/11/2025 14:33:36,3,1210,1130,3,0,-999
06/11/2025 14:33:52,3,1210,1130,3,0,-999
06/11/2025 14:34:08,3,1210,1130,3,0,-999
06/11/2025 14:34:24,3,1210,1130,3,0,-999
06/11/2025 14:34:40,3,1210,1130,3,0,-999
06/11/2025 14:34:56,3,1210,1130,3,0,-999
06/11/2025 14:35:12,3,1210,1130,3,0,-999
06/11/2025 14:35:28,3,1210,1130,3,0,-999
06/11/2025 14:35:44,3,1210,1130,3,0,-999
06/11/2025 14:36:00,3,1220,1130,3,0,-999
06/11/2025 14:36:16,3,1220,1130,3,0,-999
06/11/2025 14:36:32,3,1220,1130,3,0,-999
06/11/2025 14:36:48,3,1220,1130,3,0,-999
06/11/2025 14:37:04,3,1220,1130,3,0,-999
06/11/2025 14:37:20,3,1210,1130,3,0,-999
06/11/2025 14:37:36,3,1220,1130,3,0,-999
06/11/2025 14:37:52,3,1220,1130,3,0,-999
06/11/2025 14:38:08,3,1220,1130,3,0,-999
06/11/2025 14:38:24,3,1220,1130,3,0,-999
06/11/2025 14:38:40,3,1220,1130,3,0,-999
06/11/2025 14:38:56,3,1220,1130,3,0,-999
06/11/2025 14:39:12,3,1210,1130,3,0,-999
06/11/2025 14:39:28,3,1210,1130,3,0,-999
06/11/2025 14:39:44,3,1210,1130,3,0,-999
06/11/2025 14:40:00,3,1210,1130,3,0,-999
06/11/2025 14:40:16,3,1210,1130,3,0,-999
06/11/2025 14:40:32,3,1220,1130,3,0,-999
06/11/2025 14:40:48,3,1210,1130,3,0,-999
06/11/2025 14:41:04,3,1210,1130,3,0,-999
06/11/2025 14:41:20,3,1210,1130,3,0,-999
06/11/2025 14:41:36,3,1220,1130,3,0,-999
06/11/2025 14:41:52,3,1220,1130,3,0,-999
06/11/2025 14:42:08,3,1220,1130,3,0,-999
06/11/2025 14:42:24,3,1220,1130,3,0,-999
06/11/2025 14:42:40,3,1220,1130,3,0,-999
06/11/2025 14:42:56,3,1220,1130,3,0,-999
06/11/2025 14:43:12,3,1210,1130,3,0,-999
06/11/2025 14:43:28,3,1210,1130,3,0,-999
06/11/2025 14:43:44,3,1210,1130,3,0,-999
06/11/2025 14:44:00,3,1200,1130,3,0,-999
06/11/2025 14:44:16,3,1200,1130,3,0,-999
06/11/2025 14:44:32,3,1200,1130,3,0,-999
06/11/2025 14:44:48,3,1200,1130,3,0,-999
06/11/2025 14:45:04,3,1200,1130,3,0,-999
06/11/2025 14:45:20,3,1200,1130,3,0,-999
06/11/2025 14:45:36,3,1200,1130,3,0,-999
06/11/2025 14:45:52,3,1190,1130,3,0,-999
06/11/2025 14:46:08,3,1190,1130,3,0,-999
06/11/2025 14:46:24,3,1190,1130,3,0,-999
06/11/2025 14:46:40,3,1190,1130,3,0,-999
06/11/2025 14:46:56,3,1190,1130,3,0,-999
06/11/2025 14:47:12,3,1190,1130,3,0,-999
06/11/2025 14:47:28,3,1190,1130,3,0,-999
06/11/2025 14:47:44,3,1190,1130,3,0,-999
06/11/2025 14:48:00,3,1190,1130,3,0,-999
06/11/2025 14:48:16,3,1190,1130,3,0,-999
06/11/2025 14:48:32,3,1190,1130,3,0,-999
06/11/2025 14:48:48,3,1190,1130,3,0,-999
06/11/2025 14:49:04,3,1190,1130,3,0,-999
06/11/2025 14:49:20,3,1200,1130,3,0,-999
06/11/2025 14:49:36,3,1190,1130,3,0,-999
06/11/2025 14:49:52,3,1190,1130,3,0,-999
06/11/2025 14:50:08,3,1190,1130,3,0,-999
06/11/2025 14:50:24,3,1190,1130,3,0,-999
06/11/2025 14:50:40,3,1190,1130,3,0,-999
06/11/2025 14:50:56,3,1200,1130,3,0,-999
06/11/2025 14:51:12,3,1200,1130,3,0,-999
06/11/2025 14:51:28,3,1200,1130,3,0,-999
06/11/2025 14:51:44,3,1200,1130,3,0,-999
06/11/2025 14:52:00,3,1200,1130,3,0,-999
06/11/2025 14:52:16,3,1190,1130,3,0,-999
06/11/2025 14:52:32,3,1190,1130,3,0,-999
06/11/2025 14:52:48,3,1190,1130,3,0,-999
06/11/2025 14:53:04,3,1200,1130,3,0,-999
06/11/2025 14:53:20,3,1200,1130,3,0,-999
06/11/2025 14:53:36,3,1200,1130,3,0,-999
06/11/2025 14:53:52,3,1200,1130,3,0,-999
06/11/2025 14:54:08,3,1200,1130,3,0,-999
06/11/2025 14:54:24,3,1200,1130,3,0,-999
06/11/2025 14:54:40,3,1200,1130,3,0,-999
06/11/2025 14:54:56,3,1190,1130,3,0,-999
06/11/2025 14:55:12,3,1190,1130,3,0,-999
06/11/2025 14:55:28,3,1190,1130,3,0,-999
06/11/2025 14:55:44,3,1190,1130,3,0,-999
06/11/2025 14:56:00,3,1190,1130,3,0,-999
06/11/2025 14:56:16,3,1190,1130,3,0,-999
06/11/2025 14:56:32,3,1190,1130,3,0,-999
06/11/2025 14:56:48,3,1190,1130,3,0,-999
06/11/2025 14:57:04,3,1190,1130,3,0,-999
06/11/2025 14:57:20,3,1200,1130,3,0,-999
06/11/2025 14:57:36,3,1200,1130,3,0,-999
06/11/2025 14:57:52,3,1200,1130,3,0,-999
06/11/2025 14:58:08,3,1200,1130,3,0,-999
06/11/2025 14:58:24,3,1200,1130,3,0,-999
06/11/2025 14:58:40,3,1200,1130,3,0,-999
06/11/2025 14:58:56,3,1200,1130,3,0,-999
06/11/2025 14:59:12,3,1200,1130,3,0,-999
06/11/2025 14:59:28,3,1200,1130,3,0,-999
06/11/2025 14:59:44,3,1200,1130,3,0,-999
06/11/2025 15:00:00,3,1210,1170,3,0,-999
06/11/2025 15:00:16,3,1210,1170,3,0,-999
06/11/2025 15:00:32,3,1210,1170,3,0,-999
06/11/2025 15:00:48,3,1200,1170,3,0,-999
06/11/2025 15:01:04,3,1200,1170,3,0,-999
06/11/2025 15:01:20,3,1200,1170,3,0,-999
06/11/2025 15:01:36,3,1200,1170,3,0,-999
06/11/2025 15:01:52,3,1200,1170,3,0,-999
06/11/2025 15:02:08,3,1200,1170,3,0,-999
06/11/2025 15:02:24,3,1200,1170,3,0,-999
06/11/2025 15:02:40,3,1200,1170,3,0,-999
06/11/2025 15:02:56,3,1200,1170,3,0,-999
06/11/2025 15:03:12,3,1200,1170,3,0,-999
06/11/2025 15:03:28,3,1200,1170,3,0,-999
06/11/2025 15:03:44,3,1200,1170,3,0,-999
06/11/2025 15:04:00,3,1200,1170,3,0,-999
06/11/2025 15:04:16,3,1200,1170,3,0,-999
06/11/2025 15:04:32,3,1200,1170,3,0,-999
06/11/2025 15:04:48,3,1200,1170,3,0,-999
06/11/2025 15:05:04,3,1200,1170,3,0,-999
06/11/2025 15:05:20,3,1190,1170,3,0,-999
06/11/2025 15:05:36,3,1190,1170,3,0,-999
06/11/2025 15:05:52,3,1180,1170,3,0,-999
06/11/2025 15:06:08,3,1180,1170,3,0,-999
06/11/2025 15:06:24,3,1180,1170,3,0,-999
06/11/2025 15:06:40,3,1180,1170,3,0,-999
06/11/2025 15:06:56,3,1170,1170,3,0,-999
06/11/2025 15:07:12,3,1170,1170,3,0,-999
06/11/2025 15:07:28,3,1160,1170,3,0,-999
06/11/2025 15:07:44,3,1160,1170,3,0,-999
06/11/2025 15:08:00,3,1160,1170,3,0,-999
06/11/2025 15:08:16,3,1160,1170,3,0,-999
06/11/2025 15:08:32,3,1160,1170,3,0,-999
06/11/2025 15:08:48,3,1150,1170,3,0,-999
06/11/2025 15:09:04,3,1150,1170,3,0,-999
06/11/2025 15:09:20,3,1150,1170,3,0,-999
06/11/2025 15:09:36,3,1140,1170,3,0,-999
06/11/2025 15:09:52,3,1140,1170,3,0,-999
06/11/2025 15:10:08,3,1130,1170,3,1,11970
06/11/2025 15:10:24,3,1120,1170,3,1,11970
06/11/2025 15:10:40,3,1120,1170,3,2,12010
06/11/2025 15:10:56,3,1120,1170,3,2,12010
06/11/2025 15:11:12,3,1110,1170,3,0,-999
06/11/2025 15:11:28,3,1110,1170,3,0,-999
06/11/2025 15:11:44,3,1110,1170,3,0,-999
06/11/2025 15:12:00,3,1100,1170,3,0,-999
06/11/2025 15:12:16,3,1100,1170,3,0,-999
06/11/2025 15:12:32,3,1100,1170,3,0,-999
06/11/2025 15:12:48,3,1090,1170,3,0,-999
06/11/2025 15:13:04,3,1100,1170,3,0,-999
06/11/2025 15:13:20,3,1100,1170,3,0,-999
06/11/2025 15:13:36,3,1090,1170,3,0,-999
06/11/2025 15:13:52,3,1080,1170,3,0,-999
06/11/2025 15:14:08,3,1080,1170,3,0,-999
06/11/2025 15:14:24,3,1080,1170,3,0,-999
06/11/2025 15:14:40,3,1080,1170,3,0,-999
06/11/2025 15:14:56,3,1070,1170,3,0,-999
06/11/2025 15:15:12,3,1070,1170,3,0,-999
06/11/2025 15:15:28,3,1070,1170,3,0,-999
06/11/2025 15:15:44,3,1060,1170,3,0,-999
06/11/2025 15:16:00,3,1060,1170,3,0,-999
06/11/2025 15:16:16,3,1060,1170,3,0,-999
06/11/2025 15:16:32,3,1060,1170,3,0,-999
06/11/2025 15:16:48,3,1060,1170,3,0,-999
06/11/2025 15:17:04,3,1050,1170,3,0,-999
06/11/2025 15:17:20,3,1050,1170,3,0,-999
06/11/2025 15:17:36,3,1050,1170,3,0,-999
06/11/2025 15:17:52,3,1040,1170,3,0,-999
06/11/2025 15:18:08,3,1040,1170,3,0,-999
06/11/2025 15:18:24,3,1030,1170,3,0,-999
06/11/2025 15:18:40,3,1030,1170,3,0,-999
06/11/2025 15:18:56,3,1030,1170,3,0,-999
06/11/2025 15:19:12,3,1030,1170,3,0,-999
06/11/2025 15:19:28,3,1030,1170,3,0,-999
06/11/2025 15:19:44,3,1020,1170,3,0,-999
06/11/2025 15:20:00,3,1020,1170,3,0,-999
06/11/2025 15:20:16,3,1020,1170,3,0,-999
06/11/2025 15:20:32,3,1020,1170,3,0,-999
06/11/2025 15:20:48,3,1010,1170,3,0,-999
06/11/2025 15:21:04,3,1010,1170,3,0,-999
06/11/2025 15:21:20,3,1010,1170,3,0,-999
06/11/2025 15:21:36,3,1010,1170,3,0,-999
06/11/2025 15:21:52,3,1010,1170,3,0,-999
06/11/2025 15:22:08,3,1000,1170,3,0,-999
06/11/2025 15:22:24,3,1000,1170,3,0,-999
06/11/2025 15:22:40,3,1000,1170,3,0,-999
06/11/2025 15:22:56,3,1000,1170,3,0,-999
06/11/2025 15:23:12,3,1000,1170,3,0,-999
06/11/2025 15:23:28,3,1000,1170,3,0,-999
06/11/2025 15:23:44,3,990,1170,3,0,-999
06/11/2025 15:24:00,3,990,1170,3,0,-999
06/11/2025 15:24:16,3,990,1170,3,0,-999
06/11/2025 15:24:32,3,990,1170,3,0,-999
06/11/2025 15:24:48,3,990,1170,3,0,-999
06/11/2025 15:25:04,3,990,1170,3,0,-999
06/11/2025 15:25:20,3,990,1170,3,0,-999
06/11/2025 15:25:36,3,980,1170,3,0,-999
06/11/2025 15:25:52,3,980,1170,3,0,-999
06/11/2025 15:26:08,3,980,1170,3,0,-999
06/11/2025 15:26:24,3,970,1170,3,0,-999
06/11/2025 15:26:40,3,970,1170,3,0,-999
06/11/2025 15:26:56,3,960,1170,3,0,-999
06/11/2025 15:27:12,3,960,1170,3,0,-999
06/11/2025 15:27:28,3,960,1170,3,0,-999
06/11/2025 15:27:44,3,960,1170,3,0,-999
06/11/2025 15:28:00,3,950,1170,3,0,-999
06/11/2025 15:28:16,3,950,1170,3,0,-999
06/11/2025 15:28:32,3,950,1170,3,0,-999
06/11/2025 15:28:48,3,950,1170,3,0,-999
06/11/2025 15:29:04,3,950,1170,3,0,-999
06/11/2025 15:29:20,3,940,1170,3,0,-999
06/11/2025 15:29:36,3,930,1170,3,0,-999
06/11/2025 15:29:52,3,930,1170,3,0,-999
06/11/2025 15:30:08,3,930,1170,3,0,-999
06/11/2025 15:30:24,3,930,1170,3,0,-999
06/11/2025 15:30:40,3,920,1170,3,0,-999
06/11/2025 15:30:56,3,920,1170,3,0,-999
06/11/2025 15:31:12,3,920,1170,3,0,-999
06/11/2025 15:31:28,3,920,1170,3,0,-999
06/11/2025 15:31:44,3,910,1170,3,0,-999
06/11/2025 15:32:00,3,910,1170,3,0,-999
06/11/2025 15:32:16,3,900,1170,3,0,-999
06/11/2025 15:32:32,3,890,1170,3,0,-999
06/11/2025 15:32:48,3,880,1170,3,0,-999
06/11/2025 15:33:04,3,880,1170,3,0,-999
06/11/2025 15:33:20,3,880,1170,3,0,-999
06/11/2025 15:33:36,3,880,1170,3,0,-999
06/11/2025 15:33:52,3,880,1170,3,0,-999
06/11/2025 15:34:08,3,880,1170,3,0,-999
06/11/2025 15:34:24,3,880,1170,3,0,-999
06/11/2025 15:34:40,3,880,1170,3,0,-999
06/11/2025 15:34:56,3,880,1170,3,0,-999
06/11/2025 15:35:12,3,880,1170,3,0,-999
06/11/2025 15:35:28,3,880,1170,3,0,-999
06/11/2025 15:35:44,3,880,1170,3,0,-999
06/11/2025 15:36:00,3,880,1170,3,0,-999
06/11/2025 15:36:16,3,880,1170,3,0,-999
06/11/2025 15:36:32,3,880,1170,3,0,-999
06/11/2025 15:36:48,3,880,1170,3,0,-999
06/11/2025 15:37:04,3,880,1170,3,0,-999
06/11/2025 15:37:20,3,880,1170,3,0,-999
06/11/2025 15:37:36,3,880,1170,3,0,-999
06/11/2025 15:37:52,3,880,1170,3,0,-999
06/11/2025 15:38:08,3,890,1170,3,0,-999
06/11/2025 15:38:24,3,880,1170,3,0,-999
06/11/2025 15:38:40,3,880,1170,3,0,-999
06/11/2025 15:38:56,3,880,1170,3,0,-999
06/11/2025 15:39:12,3,880,1170,3,0,-999
06/11/2025 15:39:28,3,880,1170,3,0,-999
06/11/2025 15:39:44,3,880,1170,3,0,-999
06/11/2025 15:40:00,3,880,1170,3,0,-999
06/11/2025 15:40:16,3,880,1170,3,0,-999
06/11/2025 15:40:32,3,870,1170,3,0,-999
06/11/2025 15:40:48,3,870,1170,3,0,-999
06/11/2025 15:41:04,3,870,1170,3,0,-999
06/11/2025 15:41:20,3,870,1170,3,0,-999
06/11/2025 15:41:36,3,860,1170,3,0,-999
06/11/2025 15:41:52,3,860,1170,3,0,-999
06/11/2025 15:42:08,3,850,1170,3,0,-999
06/11/2025 15:42:24,3,850,1170,3,0,-999
06/11/2025 15:42:40,3,840,1170,3,0,-999
06/11/2025 15:42:56,3,840,1170,3,0,-999
06/11/2025 15:43:12,3,840,1170,3,0,-999
06/11/2025 15:43:28,3,840,1170,3,0,-999
06/11/2025 15:43:44,3,840,1170,3,0,-999
06/11/2025 15:44:00,3,840,1170,3,0,-999
06/11/2025 15:44:16,3,840,1170,3,0,-999
06/11/2025 15:44:32,3,840,1170,3,0,-999
06/11/2025 15:44:48,3,840,1170,3,0,-999
06/11/2025 15:45:04,3,830,1170,3,0,-999
06/11/2025 15:45:20,3,830,1170,3,0,-999
06/11/2025 15:45:36,3,840,1170,3,0,-999
06/11/2025 15:45:52,3,840,1170,3,0,-999
06/11/2025 15:46:08,3,840,1170,3,0,-999
06/11/2025 15:46:24,3,850,1170,3,0,-999
06/11/2025 15:46:40,3,860,1170,3,0,-999
06/11/2025 15:46:56,3,870,1170,3,0,-999
06/11/2025 15:47:12,3,870,1170,3,0,-999
06/11/2025 15:47:28,3,870,1170,3,0,-999
06/11/2025 15:47:44,3,870,1170,3,0,-999
06/11/2025 15:48:00,3,860,1170,3,0,-999
06/11/2025 15:48:16,3,860,1170,3,0,-999
06/11/2025 15:48:32,3,860,1170,3,0,-999
06/11/2025 15:48:48,3,850,1170,3,0,-999
06/11/2025 15:49:04,3,850,1170,3,0,-999
06/11/2025 15:49:20,3,850,1170,3,0,-999
06/11/2025 15:49:36,3,850,1170,3,0,-999
06/11/2025 15:49:52,3,850,1170,3,0,-999
06/11/2025 15:50:08,3,850,1170,3,0,-999
06/11/2025 15:50:24,3,850,1170,3,0,-999
06/11/2025 15:50:40,3,840,1170,3,0,-999
06/11/2025 15:50:56,3,840,1170,3,0,-999
06/11/2025 15:51:12,3,840,1170,3,0,-999
06/11/2025 15:51:28,3,840,1170,3,0,-999
06/11/2025 15:51:44,3,840,1170,3,0,-999
06/11/2025 15:52:00,3,840,1170,3,0,-999
06/11/2025 15:52:16,3,840,1170,3,0,-999
06/11/2025 15:52:32,3,830,1170,3,0,-999
06/11/2025 15:52:48,3,830,1170,3,0,-999
06/11/2025 15:53:04,3,830,1170,3,0,-999
06/11/2025 15:53:20,3,820,1170,3,0,-999
06/11/2025 15:53:36,3,820,1170,3,0,-999
06/11/2025 15:53:52,3,820,1170,3,0,-999
06/11/2025 15:54:08,3,820,1170,3,0,-999
06/11/2025 15:54:24,3,820,1170,3,0,-999
06/11/2025 15:54:40,3,810,1170,3,0,-999
06/11/2025 15:54:56,3,810,1170,3,0,-999
06/11/2025 15:55:12,3,810,1170,3,0,-999
06/11/2025 15:55:28,3,810,1170,3,0,-999
06/11/2025 15:55:44,3,810,1170,3,0,-999
06/11/2025 15:56:00,3,810,1170,3,0,-999
06/11/2025 15:56:16,3,810,1170,3,0,-999
06/11/2025 15:56:32,3,810,1170,3,0,-999
06/11/2025 15:56:48,3,820,1170,3,0,-999
06/11/2025 15:57:04,3,820,1170,3,0,-999
06/11/2025 15:57:20,3,820,1170,3,0,-999
06/11/2025 15:57:36,3,820,1170,3,0,-999
06/11/2025 15:57:52,3,820,1170,3,0,-999
06/11/2025 15:58:08,3,820,1170,3,0,-999
06/11/2025 15:58:24,3,830,1170,3,0,-999
06/11/2025 15:58:40,3,830,1170,3,0,-999
06/11/2025 15:58:56,3,830,1170,3,0,-999
06/11/2025 15:59:12,3,830,1170,3,0,-999
06/11/2025 15:59:28,3,830,1170,3,0,-999
06/11/2025 15:59:44,3,830,1170,3,0,-999
06/11/2025 16:00:00,3,830,880,3,0,-999
06/11/2025 16:00:16,3,830,880,3,0,-999
06/11/2025 16:00:32,3,830,880,3,0,-999
06/11/2025 16:00:48,3,830,880,3,0,-999
06/11/2025 16:01:04,3,830,880,3,0,-999
06/11/2025 16:01:20,3,840,880,3,0,-999
06/11/2025 16:01:36,3,840,880,3,0,-999
06/11/2025 16:01:52,3,840,880,3,0,-999
06/11/2025 16:02:08,3,840,880,3,0,-999
06/11/2025 16:02:24,3,850,880,3,0,-999
06/11/2025 16:02:40,3,850,880,3,0,-999
06/11/2025 16:02:56,3,850,880,3,0,-999
06/11/2025 16:03:12,3,850,880,3,0,-999
06/11/2025 16:03:28,3,850,880,3,0,-999
06/11/2025 16:03:44,3,850,880,3,0,-999
06/11/2025 16:04:00,3,860,880,3,0,-999
06/11/2025 16:04:16,3,860,880,3,0,-999
06/11/2025 16:04:32,3,860,880,3,0,-999
06/11/2025 16:04:48,3,860,880,3,0,-999
06/11/2025 16:05:04,3,860,880,3,0,-999
06/11/2025 16:05:20,3,860,880,3,0,-999
06/11/2025 16:05:36,3,860,880,3,0,-999
06/11/2025 16:05:52,3,860,880,3,0,-999
06/11/2025 16:06:08,3,860,880,3,0,-999
06/11/2025 16:06:24,3,870,880,3,0,-999
06/11/2025 16:06:40,3,870,880,3,0,-999
06/11/2025 16:06:56,3,880,880,3,0,-999
06/11/2025 16:07:12,3,880,880,3,0,-999
06/11/2025 16:07:28,3,880,880,3,0,-999
06/11/2025 16:07:44,3,880,880,3,0,-999
06/11/2025 16:08:00,3,880,880,3,0,-999
06/11/2025 16:08:16,3,880,880,3,0,-999
06/11/2025 16:08:32,3,880,880,3,0,-999
06/11/2025 16:08:48,3,880,880,3,0,-999
06/11/2025 16:09:04,3,880,880,3,0,-999
06/11/2025 16:09:20,3,890,880,3,0,-999
06/11/2025 16:09:36,3,890,880,3,0,-999
06/11/2025 16:09:52,3,890,880,3,0,-999
06/11/2025 16:10:08,3,890,880,3,0,-999
06/11/2025 16:10:24,3,890,880,3,0,-999
06/11/2025 16:10:40,3,900,880,3,0,-999
06/11/2025 16:10:56,3,900,880,3,0,-999
06/11/2025 16:11:12,3,900,880,3,0,-999
06/11/2025 16:11:28,3,900,880,3,0,-999
06/11/2025 16:11:44,3,900,880,3,0,-999
06/11/2025 16:12:00,3,900,880,3,0,-999
06/11/2025 16:12:16,3,900,880,3,0,-999
06/11/2025 16:12:32,3,900,880,3,0,-999
06/11/2025 16:12:48,3,900,880,3,0,-999
06/11/2025 16:13:04,3,900,880,3,0,-999
06/11/2025 16:13:20,3,900,880,3,0,-999
06/11/2025 16:13:36,3,900,880,3,0,-999
06/11/2025 16:13:52,3,900,880,3,0,-999
06/11/2025 16:14:08,3,910,880,3,0,-999
06/11/2025 16:14:24,3,910,880,3,0,-999
06/11/2025 16:14:40,3,910,880,3,0,-999
06/11/2025 16:14:56,3,910,880,3,0,-999
06/11/2025 16:15:12,3,910,880,3,0,-999
06/11/2025 16:15:28,3,910,880,3,0,-999
06/11/2025 16:15:44,3,910,880,3,0,-999
06/11/2025 16:16:00,3,910,880,3,0,-999
06/11/2025 16:16:16,3,910,880,3,0,-999
06/11/2025 16:16:32,3,910,880,3,0,-999
06/11/2025 16:16:48,3,910,880,3,0,-999
06/11/2025 16:17:04,3,920,880,3,0,-999
06/11/2025 16:17:20,3,920,880,3,0,-999
06/11/2025 16:17:36,3,920,880,3,0,-999
06/11/2025 16:17:52,3,920,880,3,0,-999
06/11/2025 16:18:08,3,920,880,3,0,-999
06/11/2025 16:18:24,3,920,880,3,0,-999
06/11/2025 16:18:40,3,920,880,3,0,-999
06/11/2025 16:18:56,3,920,880,3,0,-999
06/11/2025 16:19:12,3,920,880,3,0,-999
06/11/2025 16:19:28,3,920,880,3,0,-999
06/11/2025 16:19:44,3,920,880,3,1,12300
06/11/2025 16:20:00,3,920,880,3,1,12300
06/11/2025 16:20:16,3,920,880,3,1,12210
06/11/2025 16:20:32,3,920,880,3,1,12210
06/11/2025 16:20:48,3,920,880,3,1,12230
06/11/2025 16:21:04,3,920,880,3,1,12230
06/11/2025 16:21:20,3,930,880,3,0,-999
06/11/2025 16:21:36,3,930,880,3,0,-999
06/11/2025 16:21:52,3,930,880,3,0,-999
06/11/2025 16:22:08,3,940,880,3,0,-999
06/11/2025 16:22:24,3,940,880,3,0,-999
06/11/2025 16:22:40,3,940,880,3,0,-999
06/11/2025 16:22:56,3,940,880,3,0,-999
06/11/2025 16:23:12,3,940,880,3,0,-999
06/11/2025 16:23:28,3,940,880,3,0,-999
06/11/2025 16:23:44,3,940,880,3,0,-999
06/11/2025 16:24:00,3,930,880,3,0,-999
06/11/2025 16:24:16,3,930,880,3,0,-999
06/11/2025 16:24:32,3,930,880,3,0,-999
06/11/2025 16:24:48,3,930,880,3,0,-999
06/11/2025 16:25:04,3,930,880,3,0,-999
06/11/2025 16:25:20,3,930,880,3,0,-999
06/11/2025 16:25:36,3,930,880,3,1,12450
06/11/2025 16:25:52,3,930,880,3,1,12450
06/11/2025 16:26:08,3,940,880,3,0,-999
06/11/2025 16:26:24,3,940,880,3,0,-999
06/11/2025 16:26:40,3,940,880,3,0,-999
06/11/2025 16:26:56,3,940,880,3,0,-999
06/11/2025 16:27:12,3,940,880,3,0,-999
06/11/2025 16:27:28,3,940,880,3,0,-999
06/11/2025 16:27:44,3,940,880,3,0,-999
06/11/2025 16:28:00,3,940,880,3,0,-999
06/11/2025 16:28:16,3,940,880,3,0,-999
06/11/2025 16:28:32,3,940,880,3,0,-999
06/11/2025 16:28:48,3,950,880,3,0,-999
06/11/2025 16:29:04,3,950,880,3,0,-999
06/11/2025 16:29:20,3,950,880,3,0,-999
06/11/2025 16:29:36,3,950,880,3,0,-999
06/11/2025 16:29:52,3,950,880,3,0,-999
06/11/2025 16:30:08,3,950,880,3,0,-999
06/11/2025 16:30:24,3,950,880,3,0,-999
06/11/2025 16:30:40,3,940,880,3,0,-999
06/11/2025 16:30:56,3,940,880,3,0,-999
06/11/2025 16:31:12,3,940,880,3,0,-999
06/11/2025 16:31:28,3,940,880,3,0,-999
06/11/2025 16:31:44,3,940,880,3,0,-999
06/11/2025 16:32:00,3,940,880,3,0,-999
06/11/2025 16:32:16,3,940,880,3,0,-999
06/11/2025 16:32:32,3,940,880,3,0,-999
06/11/2025 16:32:48,3,940,880,3,0,-999
06/11/2025 16:33:04,3,950,880,3,0,-999
06/11/2025 16:33:20,3,950,880,3,0,-999
06/11/2025 16:33:36,3,950,880,3,0,-999
06/11/2025 16:33:52,3,950,880,3,0,-999
06/11/2025 16:34:08,3,950,880,3,0,-999
06/11/2025 16:34:24,3,950,880,3,0,-999
06/11/2025 16:34:40,3,950,880,3,0,-999
06/11/2025 16:34:56,3,950,880,3,0,-999
06/11/2025 16:35:12,3,940,880,3,0,-999
06/11/2025 16:35:28,3,940,880,3,0,-999
06/11/2025 16:35:44,3,940,880,3,0,-999
06/11/2025 16:36:00,3,940,880,3,0,-999
06/11/2025 16:36:16,3,940,880,3,0,-999
06/11/2025 16:36:32,3,930,880,3,0,-999
06/11/2025 16:36:48,3,930,880,3,0,-999
06/11/2025 16:37:04,3,930,880,3,0,-999
06/11/2025 16:37:20,3,930,880,3,0,-999
06/11/2025 16:37:36,3,930,880,3,0,-999
06/11/2025 16:37:52,3,930,880,3,0,-999
06/11/2025 16:38:08,3,940,880,3,0,-999
06/11/2025 16:38:24,3,940,880,3,0,-999
06/11/2025 16:38:40,3,940,880,3,0,-999
06/11/2025 16:38:56,3,940,880,3,0,-999
06/11/2025 16:39:12,3,940,880,3,0,-999
06/11/2025 16:39:28,3,940,880,3,0,-999
06/11/2025 16:39:44,3,940,880,3,0,-999
06/11/2025 16:40:00,3,940,880,3,0,-999
06/11/2025 16:40:16,3,940,880,3,0,-999
06/11/2025 16:40:32,3,940,880,3,0,-999
06/11/2025 16:40:48,3,940,880,3,0,-999
06/11/2025 16:41:04,3,940,880,3,0,-999
06/11/2025 16:41:20,3,940,880,3,0,-999
06/11/2025 16:41:36,3,940,880,3,0,-999
06/11/2025 16:41:52,3,940,880,3,0,-999
06/11/2025 16:42:08,3,940,880,3,0,-999
06/11/2025 16:42:24,3,940,880,3,0,-999
06/11/2025 16:42:40,3,940,880,3,0,-999
06/11/2025 16:42:56,3,940,880,3,0,-999
06/11/2025 16:43:12,3,940,880,3,0,-999
06/11/2025 16:43:28,3,940,880,3,0,-999
06/11/2025 16:43:44,3,940,880,3,0,-999
06/11/2025 16:44:00,3,940,880,3,0,-999
06/11/2025 16:44:16,3,950,880,3,0,-999
06/11/2025 16:44:32,3,950,880,3,0,-999
06/11/2025 16:44:48,3,950,880,3,0,-999
06/11/2025 16:45:04,3,950,880,3,0,-999
06/11/2025 16:45:20,3,950,880,3,0,-999
06/11/2025 16:45:36,3,960,880,3,0,-999
06/11/2025 16:45:52,3,960,880,3,0,-999
06/11/2025 16:46:08,3,960,880,3,0,-999
06/11/2025 16:46:24,3,960,880,3,0,-999
06/11/2025 16:46:40,3,960,880,3,0,-999
06/11/2025 16:46:56,3,960,880,3,0,-999
06/11/2025 16:47:12,3,960,880,3,0,-999
06/11/2025 16:47:28,3,960,880,3,0,-999
06/11/2025 16:47:44,3,960,880,3,0,-999
06/11/2025 16:48:00,3,960,880,3,0,-999
06/11/2025 16:48:16,3,960,880,3,0,-999
06/11/2025 16:48:32,3,960,880,3,0,-999
06/11/2025 16:48:48,3,960,880,3,0,-999
06/11/2025 16:49:04,3,970,880,3,0,-999
06/11/2025 16:49:20,3,970,880,3,0,-999
06/11/2025 16:49:36,3,970,880,3,0,-999
06/11/2025 16:49:52,3,980,880,3,0,-999
06/11/2025 16:50:08,3,980,880,3,0,-999
06/11/2025 16:50:24,3,980,880,3,0,-999
06/11/2025 16:50:40,3,980,880,3,0,-999
06/11/2025 16:50:56,3,980,880,3,0,-999
06/11/2025 16:51:12,3,980,880,3,0,-999
06/11/2025 16:51:28,3,980,880,3,0,-999
06/11/2025 16:51:44,3,980,880,3,0,-999
06/11/2025 16:52:00,3,980,880,3,0,-999
06/11/2025 16:52:16,3,980,880,3,0,-999
06/11/2025 16:52:32,3,980,880,3,0,-999
06/11/2025 16:52:48,3,980,880,3,0,-999
06/11/2025 16:53:04,3,980,880,3,0,-999
06/11/2025 16:53:20,3,980,880,3,0,-999
06/11/2025 16:53:36,3,980,880,3,0,-999
06/11/2025 16:53:52,3,980,880,3,0,-999
06/11/2025 16:54:08,3,980,880,3,0,-999
06/11/2025 16:54:24,3,980,880,3,0,-999
06/11/2025 16:54:40,3,980,880,3,0,-999
06/11/2025 16:54:56,3,970,880,3,0,-999
06/11/2025 16:55:12,3,970,880,3,0,-999
06/11/2025 16:55:28,3,960,880,3,0,-999
06/11/2025 16:55:44,3,960,880,3,0,-999
06/11/2025 16:56:00,3,950,880,3,0,-999
06/11/2025 16:56:16,3,950,880,3,0,-999
06/11/2025 16:56:32,3,950,880,3,0,-999
06/11/2025 16:56:48,3,950,880,3,0,-999
06/11/2025 16:57:04,3,940,880,3,0,-999
06/11/2025 16:57:20,3,940,880,3,0,-999
06/11/2025 16:57:36,3,940,880,3,0,-999
06/11/2025 16:57:52,3,940,880,3,0,-999
06/11/2025 16:58:08,3,940,880,3,0,-999
06/11/2025 16:58:24,3,940,880,3,0,-999
06/11/2025 16:58:40,3,940,880,3,0,-999
06/11/2025 16:58:56,3,940,880,3,0,-999
06/11/2025 16:59:12,3,940,880,3,0,-999
06/11/2025 16:59:28,3,940,880,3,0,-999
06/11/2025 16:59:44,3,940,880,3,0,-999
06/11/2025 17:00:00,3,930,940,3,0,-999
06/11/2025 17:00:16,3,930,940,3,0,-999
06/11/2025 17:00:32,3,930,940,3,0,-999
06/11/2025 17:00:48,3,930,940,3,0,-999
06/11/2025 17:01:04,3,930,940,3,0,-999
06/11/2025 17:01:20,3,930,940,3,0,-999
06/11/2025 17:01:36,3,930,940,3,0,-999
06/11/2025 17:01:52,3,930,940,3,0,-999
06/11/2025 17:02:08,3,930,940,3,0,-999
06/11/2025 17:02:24,3,930,940,3,0,-999
06/11/2025 17:02:40,3,930,940,3,0,-999
06/11/2025 17:02:56,3,930,940,3,0,-999
06/11/2025 17:03:12,3,930,940,3,0,-999
06/11/2025 17:03:28,3,930,940,3,0,-999
06/11/2025 17:03:44,3,930,940,3,0,-999
06/11/2025 17:04:00,3,930,940,3,0,-999
06/11/2025 17:04:16,3,930,940,3,0,-999
06/11/2025 17:04:32,3,930,940,3,0,-999
06/11/2025 17:04:48,3,930,940,3,0,-999
06/11/2025 17:05:04,3,930,940,3,0,-999
06/11/2025 17:05:20,3,940,940,3,0,-999
06/11/2025 17:05:36,3,940,940,3,0,-999
06/11/2025 17:05:52,3,940,940,3,0,-999
06/11/2025 17:06:08,3,940,940,3,0,-999
06/11/2025 17:06:24,3,940,940,3,0,-999
06/11/2025 17:06:40,3,930,940,3,0,-999
06/11/2025 17:06:56,3,930,940,3,0,-999
06/11/2025 17:07:12,3,930,940,3,0,-999
06/11/2025 17:07:28,3,930,940,3,0,-999
06/11/2025 17:07:44,3,930,940,3,0,-999
06/11/2025 17:08:00,3,930,940,3,0,-999
06/11/2025 17:08:16,3,930,940,3,0,-999
06/11/2025 17:08:32,3,930,940,3,0,-999
06/11/2025 17:08:48,3,940,940,3,0,-999
06/11/2025 17:09:04,3,940,940,3,0,-999
06/11/2025 17:09:20,3,940,940,3,0,-999
06/11/2025 17:09:36,3,950,940,3,0,-999
06/11/2025 17:09:52,3,950,940,3,0,-999
06/11/2025 17:10:08,3,950,940,3,0,-999
06/11/2025 17:10:24,3,950,940,3,0,-999
06/11/2025 17:10:40,3,950,940,3,0,-999
06/11/2025 17:10:56,3,950,940,3,0,-999
06/11/2025 17:11:12,3,950,940,3,0,-999
06/11/2025 17:11:28,3,950,940,3,0,-999
06/11/2025 17:11:44,3,950,940,3,2,10940
06/11/2025 17:12:00,3,940,940,3,2,10940
06/11/2025 17:12:16,3,940,940,3,2,10940
06/11/2025 17:12:32,3,940,940,3,1,10940
06/11/2025 17:12:48,3,940,940,3,1,10940
06/11/2025 17:13:04,3,940,940,3,1,10940
06/11/2025 17:13:20,3,940,940,3,1,10940
06/11/2025 17:13:36,3,940,940,3,0,-999
06/11/2025 17:13:52,3,940,940,3,0,-999
06/11/2025 17:14:08,3,940,940,3,0,-999
06/11/2025 17:14:24,3,940,940,3,0,-999
06/11/2025 17:14:40,3,940,940,3,0,-999
06/11/2025 17:14:56,3,940,940,3,0,-999
06/11/2025 17:15:12,3,940,940,3,0,-999
06/11/2025 17:15:28,3,940,940,3,0,-999
06/11/2025 17:15:44,3,940,940,3,0,-999
06/11/2025 17:16:00,3,940,940,3,1,10900
06/11/2025 17:16:16,3,940,940,3,1,10900
06/11/2025 17:16:32,3,940,940,3,1,10890
06/11/2025 17:16:48,3,940,940,3,1,10890
06/11/2025 17:17:04,3,940,940,3,1,10890
06/11/2025 17:17:20,3,940,940,3,1,10880
06/11/2025 17:17:36,3,940,940,3,1,10880
06/11/2025 17:17:52,3,940,940,3,1,10850
06/11/2025 17:18:08,3,940,940,3,1,10850
06/11/2025 17:18:24,3,940,940,3,1,10850
06/11/2025 17:18:40,3,940,940,3,1,10850
06/11/2025 17:18:56,3,940,940,3,1,10850
06/11/2025 17:19:12,3,930,940,3,1,10850
06/11/2025 17:19:28,3,930,940,3,1,10850
06/11/2025 17:19:44,3,930,940,3,1,10850
06/11/2025 17:20:00,3,930,940,3,1,10850
06/11/2025 17:20:16,3,930,940,3,1,10850
06/11/2025 17:20:32,3,920,940,3,1,10850
06/11/2025 17:20:48,3,920,940,3,1,10840
06/11/2025 17:21:04,3,910,940,3,1,10840
06/11/2025 17:21:20,3,900,940,3,1,10820
06/11/2025 17:21:36,3,900,940,3,1,10820
06/11/2025 17:21:52,3,890,940,3,1,10820
06/11/2025 17:22:08,3,890,940,3,2,10820
06/11/2025 17:22:24,3,880,940,3,2,10820
06/11/2025 17:22:40,3,880,940,3,1,11100
06/11/2025 17:22:56,3,880,940,3,1,11100
06/11/2025 17:23:12,3,880,940,3,1,11170
06/11/2025 17:23:28,3,880,940,3,1,11170
06/11/2025 17:23:44,3,880,940,3,1,11160
06/11/2025 17:24:00,3,890,940,3,1,11160
06/11/2025 17:24:16,3,890,940,3,1,11160
06/11/2025 17:24:32,3,890,940,3,1,11180
06/11/2025 17:24:48,3,890,940,3,1,11180
06/11/2025 17:25:04,3,890,940,3,0,-999
06/11/2025 17:25:20,3,890,940,3,0,-999
06/11/2025 17:25:36,3,890,940,3,0,-999
06/11/2025 17:25:52,3,890,940,3,0,-999
06/11/2025 17:26:08,3,890,940,3,0,-999
06/11/2025 17:26:24,3,890,940,3,0,-999
06/11/2025 17:26:40,3,890,940,3,0,-999
06/11/2025 17:26:56,3,900,940,3,0,-999
06/11/2025 17:27:12,3,900,940,3,0,-999
06/11/2025 17:27:28,3,900,940,3,0,-999
06/11/2025 17:27:44,3,900,940,3,0,-999
06/11/2025 17:28:00,3,900,940,3,0,-999
06/11/2025 17:28:16,3,900,940,3,0,-999
06/11/2025 17:28:32,3,900,940,3,0,-999
06/11/2025 17:28:48,3,900,940,3,0,-999
06/11/2025 17:29:04,3,900,940,3,0,-999
06/11/2025 17:29:20,3,900,940,3,0,-999
06/11/2025 17:29:36,3,900,940,3,0,-999
06/11/2025 17:29:52,3,900,940,3,0,-999
06/11/2025 17:30:08,3,900,940,3,0,-999
06/11/2025 17:30:24,3,900,940,3,0,-999
06/11/2025 17:30:40,3,900,940,3,0,-999
06/11/2025 17:30:56,3,900,940,3,0,-999
06/11/2025 17:31:12,3,900,940,3,0,-999
06/11/2025 17:31:28,3,900,940,3,0,-999
06/11/2025 17:31:44,3,900,940,3,0,-999
06/11/2025 17:32:00,3,900,940,3,0,-999
06/11/2025 17:32:16,3,900,940,3,0,-999
06/11/2025 17:32:32,3,900,940,3,0,-999
06/11/2025 17:32:48,3,900,940,3,0,-999
06/11/2025 17:33:04,3,900,940,3,0,-999
06/11/2025 17:33:20,3,900,940,3,0,-999
06/11/2025 17:33:36,3,900,940,3,0,-999
06/11/2025 17:33:52,3,900,940,3,0,-999
06/11/2025 17:34:08,3,900,940,3,0,-999
06/11/2025 17:34:24,3,910,940,3,0,-999
06/11/2025 17:34:40,3,910,940,3,0,-999
06/11/2025 17:34:56,3,910,940,3,0,-999
06/11/2025 17:35:12,3,920,940,3,0,-999
06/11/2025 17:35:28,3,930,940,3,0,-999
06/11/2025 17:35:44,3,930,940,3,0,-999
06/11/2025 17:36:00,3,930,940,3,0,-999
06/11/2025 17:36:16,3,930,940,3,0,-999
06/11/2025 17:36:32,3,930,940,3,0,-999
06/11/2025 17:36:48,3,930,940,3,0,-999
06/11/2025 17:37:04,3,930,940,3,0,-999
06/11/2025 17:37:20,3,930,940,3,0,-999
06/11/2025 17:37:36,3,930,940,3,1,11520
06/11/2025 17:37:52,3,930,940,3,1,11520
06/11/2025 17:38:08,3,930,940,3,2,11310
06/11/2025 17:38:24,3,930,940,3,2,11310
06/11/2025 17:38:40,3,930,940,3,2,11310
06/11/2025 17:38:56,3,930,940,3,2,11310
06/11/2025 17:39:12,3,930,940,3,2,11310
06/11/2025 17:39:28,3,930,940,3,2,11350
06/11/2025 17:39:44,3,930,940,3,2,11350
06/11/2025 17:40:00,3,930,940,3,1,11350
06/11/2025 17:40:16,3,930,940,3,1,11350
06/11/2025 17:40:32,3,930,940,3,0,-999
06/11/2025 17:40:48,3,930,940,3,0,-999
06/11/2025 17:41:04,3,940,940,3,0,-999
06/11/2025 17:41:20,3,940,940,3,0,-999
06/11/2025 17:41:36,3,940,940,3,0,-999
06/11/2025 17:41:52,3,940,940,3,0,-999
06/11/2025 17:42:08,3,940,940,3,0,-999
06/11/2025 17:42:24,3,940,940,3,0,-999
06/11/2025 17:42:40,3,940,940,3,0,-999
06/11/2025 17:42:56,3,940,940,3,0,-999
06/11/2025 17:43:12,3,940,940,3,0,-999
06/11/2025 17:43:28,3,940,940,3,0,-999
06/11/2025 17:43:44,3,940,940,3,0,-999
06/11/2025 17:44:00,3,940,940,3,0,-999
06/11/2025 17:44:16,3,940,940,3,0,-999
06/11/2025 17:44:32,3,940,940,3,0,-999
06/11/2025 17:44:48,3,940,940,3,0,-999
06/11/2025 17:45:04,3,940,940,3,0,-999
06/11/2025 17:45:20,3,940,940,3,0,-999
06/11/2025 17:45:36,3,940,940,3,0,-999
06/11/2025 17:45:52,3,940,940,3,0,-999
06/11/2025 17:46:08,3,940,940,3,0,-999
06/11/2025 17:46:24,3,940,940,3,0,-999
06/11/2025 17:46:40,3,940,940,3,0,-999
06/11/2025 17:46:56,3,940,940,3,0,-999
06/11/2025 17:47:12,3,940,940,3,0,-999
06/11/2025 17:47:28,3,940,940,3,0,-999
06/11/2025 17:47:44,3,940,940,3,0,-999
06/11/2025 17:48:00,3,940,940,3,0,-999
06/11/2025 17:48:16,3,940,940,3,0,-999
06/11/2025 17:48:32,3,940,940,3,0,-999
06/11/2025 17:48:48,3,940,940,3,0,-999
06/11/2025 17:49:04,3,940,940,3,1,11950
06/11/2025 17:49:20,3,940,940,3,1,11950
06/11/2025 17:49:36,3,940,940,3,1,11950
06/11/2025 17:49:52,3,950,940,3,1,11950
06/11/2025 17:50:08,3,950,940,3,1,11910
06/11/2025 17:50:24,3,950,940,3,1,11910
06/11/2025 17:50:40,3,950,940,3,1,11910
06/11/2025 17:50:56,3,950,940,3,0,-999
06/11/2025 17:51:12,3,940,940,3,0,-999
06/11/2025 17:51:28,3,940,940,3,0,-999
06/11/2025 17:51:44,3,940,940,3,0,-999
06/11/2025 17:52:00,3,940,940,3,0,-999
06/11/2025 17:52:16,3,940,940,3,0,-999
06/11/2025 17:52:32,3,940,940,3,0,-999
06/11/2025 17:52:48,3,940,940,3,0,-999
06/11/2025 17:53:04,3,940,940,3,0,-999
06/11/2025 17:53:20,3,940,940,3,0,-999
06/11/2025 17:53:36,3,940,940,3,0,-999
06/11/2025 17:53:52,3,940,940,3,0,-999
06/11/2025 17:54:08,3,940,940,3,0,-999
06/11/2025 17:54:24,3,940,940,3,0,-999
06/11/2025 17:54:40,3,940,940,3,0,-999
06/11/2025 17:54:56,3,940,940,3,0,-999
06/11/2025 17:55:12,3,940,940,3,0,-999
06/11/2025 17:55:28,3,940,940,3,0,-999
06/11/2025 17:55:44,3,940,940,3,1,11240
06/11/2025 17:56:00,3,930,940,3,1,11240
06/11/2025 17:56:16,3,930,940,3,1,11120
06/11/2025 17:56:32,3,930,940,3,1,11120
06/11/2025 17:56:48,3,930,940,3,0,-999
06/11/2025 17:57:04,3,930,940,3,0,-999
06/11/2025 17:57:20,3,930,940,3,0,-999
06/11/2025 17:57:36,3,930,940,3,0,-999
06/11/2025 17:57:52,3,930,940,3,0,-999
06/11/2025 17:58:08,3,930,940,3,1,11200
06/11/2025 17:58:24,3,930,940,3,1,11200
06/11/2025 17:58:40,3,930,940,3,1,11200
06/11/2025 17:58:56,3,930,940,3,1,11200
06/11/2025 17:59:12,3,930,940,3,1,11150
06/11/2025 17:59:28,3,920,940,3,1,11150
06/11/2025 17:59:44,3,920,940,3,1,11150
06/11/2025 18:00:00,3,920,930,3,1,11150
06/11/2025 18:00:16,3,920,930,3,1,11150
06/11/2025 18:00:32,3,920,930,3,1,11160
06/11/2025 18:00:48,3,920,930,3,1,11160
06/11/2025 18:01:04,3,920,930,3,1,11160
06/11/2025 18:01:20,3,920,930,3,1,11160
06/11/2025 18:01:36,3,920,930,3,1,11150
06/11/2025 18:01:52,3,920,930,3,1,11150
06/11/2025 18:02:08,3,930,930,3,0,-999
06/11/2025 18:02:24,3,930,930,3,0,-999
06/11/2025 18:02:40,3,930,930,3,0,-999
06/11/2025 18:02:56,3,930,930,3,0,-999
06/11/2025 18:03:12,3,930,930,3,0,-999
06/11/2025 18:03:28,3,930,930,3,0,-999
06/11/2025 18:03:44,3,930,930,3,0,-999
06/11/2025 18:04:00,3,930,930,3,0,-999
06/11/2025 18:04:16,3,930,930,3,0,-999
06/11/2025 18:04:32,3,930,930,3,0,-999
06/11/2025 18:04:48,3,930,930,3,0,-999
06/11/2025 18:05:04,3,930,930,3,0,-999
06/11/2025 18:05:20,3,930,930,3,0,-999
06/11/2025 18:05:36,3,930,930,3,0,-999
06/11/2025 18:05:52,3,930,930,3,0,-999
06/11/2025 18:06:08,3,930,930,3,0,-999
06/11/2025 18:06:24,3,930,930,3,0,-999
06/11/2025 18:06:40,3,930,930,3,0,-999
06/11/2025 18:06:56,3,930,930,3,0,-999
06/11/2025 18:07:12,3,930,930,3,0,-999
06/11/2025 18:07:28,3,930,930,3,0,-999
06/11/2025 18:07:44,3,930,930,3,0,-999
06/11/2025 18:08:00,3,930,930,3,0,-999
06/11/2025 18:08:16,3,930,930,3,0,-999
06/11/2025 18:08:32,3,930,930,3,0,-999
06/11/2025 18:08:48,3,930,930,3,0,-999
06/11/2025 18:09:04,3,930,930,3,0,-999
06/11/2025 18:09:20,3,930,930,3,1,11130
06/11/2025 18:09:36,3,930,930,3,1,11130
06/11/2025 18:09:52,3,930,930,3,1,11130
06/11/2025 18:10:08,3,930,930,3,1,11130
06/11/2025 18:10:24,3,930,930,3,1,11130
06/11/2025 18:10:40,3,930,930,3,1,11100
06/11/2025 18:10:56,3,930,930,3,1,11100
06/11/2025 18:11:12,3,930,930,3,1,10890
06/11/2025 18:11:28,3,930,930,3,1,10890
06/11/2025 18:11:44,3,930,930,3,1,10880
06/11/2025 18:12:00,3,930,930,3,1,10880
06/11/2025 18:12:16,3,930,930,3,1,10880
06/11/2025 18:12:32,3,930,930,3,1,10760
06/11/2025 18:12:48,3,930,930,3,1,10760
06/11/2025 18:13:04,3,930,930,3,1,10720
06/11/2025 18:13:20,3,930,930,3,1,10720
06/11/2025 18:13:36,3,930,930,3,1,10710
06/11/2025 18:13:52,3,930,930,3,1,10710
06/11/2025 18:14:08,3,930,930,3,2,10180
06/11/2025 18:14:24,3,930,930,3,2,10180
06/11/2025 18:14:40,3,930,930,3,2,10180
06/11/2025 18:14:56,3,930,930,3,1,10150
06/11/2025 18:15:12,3,930,930,3,1,10150
06/11/2025 18:15:28,3,930,930,3,1,10140
06/11/2025 18:15:44,3,930,930,3,1,10140
06/11/2025 18:16:00,3,930,930,3,2,9910
06/11/2025 18:16:16,3,930,930,3,2,9910
06/11/2025 18:16:32,3,930,930,3,1,9910
06/11/2025 18:16:48,3,920,930,3,1,9910
06/11/2025 18:17:04,3,920,930,3,1,9910
06/11/2025 18:17:20,3,920,930,3,1,9970
06/11/2025 18:17:36,3,920,930,3,1,9970
06/11/2025 18:17:52,3,920,930,3,1,9960
06/11/2025 18:18:08,3,930,930,3,1,9960
06/11/2025 18:18:24,3,930,930,3,2,9730
06/11/2025 18:18:40,3,920,930,3,2,9730
06/11/2025 18:18:56,3,920,930,3,1,9730
06/11/2025 18:19:12,3,920,930,3,1,9730
06/11/2025 18:19:28,3,920,930,3,1,9730
06/11/2025 18:19:44,3,920,930,3,1,9940
06/11/2025 18:20:00,3,920,930,3,1,9940
06/11/2025 18:20:16,3,920,930,3,1,10010
06/11/2025 18:20:32,3,920,930,3,1,10010
06/11/2025 18:20:48,3,920,930,3,1,10010
06/11/2025 18:21:04,3,920,930,3,1,10010
06/11/2025 18:21:20,3,920,930,3,1,10010
06/11/2025 18:21:36,3,920,930,3,1,10010
06/11/2025 18:21:52,3,920,930,3,1,10010
06/11/2025 18:22:08,3,920,930,3,1,10010
06/11/2025 18:22:24,3,920,930,3,1,10010
06/11/2025 18:22:40,3,920,930,3,1,10010
06/11/2025 18:22:56,3,920,930,3,1,10010
06/11/2025 18:23:12,3,920,930,3,1,10110
06/11/2025 18:23:28,3,920,930,3,1,10110
06/11/2025 18:23:44,3,920,930,3,1,10140
06/11/2025 18:24:00,3,920,930,3,1,10140
06/11/2025 18:24:16,3,910,930,3,1,10140
06/11/2025 18:24:32,3,910,930,3,0,-999
06/11/2025 18:24:48,3,910,930,3,0,-999
06/11/2025 18:25:04,3,910,930,3,0,-999
06/11/2025 18:25:20,3,910,930,3,0,-999
06/11/2025 18:25:36,3,910,930,3,0,-999
06/11/2025 18:25:52,3,910,930,3,0,-999
06/11/2025 18:26:08,3,910,930,3,0,-999
06/11/2025 18:26:24,3,910,930,3,0,-999
06/11/2025 18:26:40,3,910,930,3,0,-999
06/11/2025 18:26:56,3,910,930,3,0,-999
06/11/2025 18:27:12,3,910,930,3,0,-999
06/11/2025 18:27:28,3,910,930,3,0,-999
06/11/2025 18:27:44,3,910,930,3,0,-999
06/11/2025 18:28:00,3,910,930,3,0,-999
06/11/2025 18:28:16,3,910,930,3,0,-999
06/11/2025 18:28:32,3,910,930,3,0,-999
06/11/2025 18:28:48,3,910,930,3,0,-999
06/11/2025 18:29:04,3,910,930,3,0,-999
06/11/2025 18:29:20,3,910,930,3,0,-999
06/11/2025 18:29:36,3,910,930,3,0,-999
06/11/2025 18:29:52,3,910,930,3,0,-999
06/11/2025 18:30:08,3,910,930,3,0,-999
06/11/2025 18:30:24,3,910,930,3,0,-999
06/11/2025 18:30:40,3,910,930,3,0,-999
06/11/2025 18:30:56,3,910,930,3,0,-999
06/11/2025 18:31:12,3,910,930,3,0,-999
06/11/2025 18:31:28,3,910,930,3,0,-999
06/11/2025 18:31:44,3,900,930,3,0,-999
06/11/2025 18:32:00,3,900,930,3,0,-999
06/11/2025 18:32:16,3,900,930,3,0,-999
06/11/2025 18:32:32,3,900,930,3,0,-999
06/11/2025 18:32:48,3,900,930,3,0,-999
06/11/2025 18:33:04,3,900,930,3,0,-999
06/11/2025 18:33:20,3,900,930,3,0,-999
06/11/2025 18:33:36,3,900,930,3,0,-999
06/11/2025 18:33:52,3,900,930,3,0,-999
06/11/2025 18:34:08,3,900,930,3,0,-999
06/11/2025 18:34:24,3,900,930,3,0,-999
06/11/2025 18:34:40,3,900,930,3,1,12750
06/11/2025 18:34:56,3,900,930,3,1,12750
06/11/2025 18:35:12,3,900,930,3,1,12670
06/11/2025 18:35:28,3,900,930,3,1,12670
06/11/2025 18:35:44,3,900,930,3,1,12640
06/11/2025 18:36:00,3,900,930,3,1,12640
06/11/2025 18:36:16,3,900,930,3,1,12640
06/11/2025 18:36:32,3,900,930,3,1,12640
06/11/2025 18:36:48,3,900,930,3,1,12640
06/11/2025 18:37:04,3,900,930,3,1,12640
06/11/2025 18:37:20,3,900,930,3,1,12640
06/11/2025 18:37:36,3,900,930,3,1,12640
06/11/2025 18:37:52,3,900,930,3,1,12640
06/11/2025 18:38:08,3,900,930,3,1,12610
06/11/2025 18:38:24,3,900,930,3,1,12610
06/11/2025 18:38:40,3,900,930,3,1,12610
06/11/2025 18:38:56,3,900,930,3,1,12600
06/11/2025 18:39:12,3,900,930,3,1,12600
06/11/2025 18:39:28,3,900,930,3,1,12600
06/11/2025 18:39:44,3,900,930,3,1,12600
06/11/2025 18:40:00,3,900,930,3,1,12550
06/11/2025 18:40:16,3,900,930,3,1,12550
06/11/2025 18:40:32,3,900,930,3,1,12550
06/11/2025 18:40:48,3,900,930,3,1,12550
06/11/2025 18:41:04,3,900,930,3,1,12550
06/11/2025 18:41:20,3,900,930,3,1,12550
06/11/2025 18:41:36,3,900,930,3,1,12550
06/11/2025 18:41:52,3,900,930,3,1,12630
06/11/2025 18:42:08,3,900,930,3,1,12630
06/11/2025 18:42:24,3,900,930,3,1,12630
06/11/2025 18:42:40,3,900,930,3,1,12630
06/11/2025 18:42:56,3,900,930,3,1,12600
06/11/2025 18:43:12,3,900,930,3,1,12600
06/11/2025 18:43:28,3,900,930,3,1,12600
06/11/2025 18:43:44,3,900,930,3,0,-999
06/11/2025 18:44:00,3,900,930,3,0,-999
06/11/2025 18:44:16,3,900,930,3,0,-999
06/11/2025 18:44:32,3,900,930,3,0,-999
06/11/2025 18:44:48,3,900,930,3,0,-999
06/11/2025 18:45:04,3,900,930,3,0,-999
06/11/2025 18:45:20,3,900,930,3,0,-999
06/11/2025 18:45:36,3,900,930,3,0,-999
06/11/2025 18:45:52,3,900,930,3,0,-999
06/11/2025 18:46:08,3,900,930,3,0,-999
06/11/2025 18:46:24,3,900,930,3,0,-999
06/11/2025 18:46:40,3,900,930,3,0,-999
06/11/2025 18:46:56,3,900,930,3,0,-999
06/11/2025 18:47:12,3,900,930,3,0,-999
06/11/2025 18:47:28,3,900,930,3,0,-999
06/11/2025 18:47:44,3,900,930,3,0,-999
06/11/2025 18:48:00,3,900,930,3,0,-999
06/11/2025 18:48:16,3,900,930,3,0,-999
06/11/2025 18:48:32,3,900,930,3,0,-999
06/11/2025 18:48:48,3,900,930,3,0,-999
06/11/2025 18:49:04,3,900,930,3,0,-999
06/11/2025 18:49:20,3,900,930,3,0,-999
06/11/2025 18:49:36,3,900,930,3,0,-999
06/11/2025 18:49:52,3,900,930,3,0,-999
06/11/2025 18:50:08,3,900,930,3,0,-999
06/11/2025 18:50:24,3,900,930,3,0,-999
06/11/2025 18:50:40,3,900,930,3,0,-999
06/11/2025 18:50:56,3,900,930,3,0,-999
06/11/2025 18:51:12,3,900,930,3,0,-999
06/11/2025 18:51:28,3,900,930,3,0,-999
06/11/2025 18:51:44,3,900,930,3,0,-999
06/11/2025 18:52:00,3,900,930,3,0,-999
06/11/2025 18:52:16,3,900,930,3,0,-999
06/11/2025 18:52:32,3,900,930,3,0,-999
06/11/2025 18:52:48,3,900,930,3,0,-999
06/11/2025 18:53:04,3,900,930,3,0,-999
06/11/2025 18:53:20,3,900,930,3,0,-999
06/11/2025 18:53:36,3,900,930,3,0,-999
06/11/2025 18:53:52,3,900,930,3,0,-999
06/11/2025 18:54:08,3,900,930,3,0,-999
06/11/2025 18:54:24,3,900,930,3,0,-999
06/11/2025 18:54:40,3,900,930,3,0,-999
06/11/2025 18:54:56,3,890,930,3,0,-999
06/11/2025 18:55:12,3,890,930,3,0,-999
06/11/2025 18:55:28,3,890,930,3,0,-999
06/11/2025 18:55:44,3,890,930,3,0,-999
06/11/2025 18:56:00,3,890,930,3,0,-999
06/11/2025 18:56:16,3,890,930,3,0,-999
06/11/2025 18:56:32,3,890,930,3,0,-999
06/11/2025 18:56:48,3,890,930,3,0,-999
06/11/2025 18:57:04,3,880,930,3,0,-999
06/11/2025 18:57:20,3,880,930,3,0,-999
06/11/2025 18:57:36,3,880,930,3,0,-999
06/11/2025 18:57:52,3,880,930,3,0,-999
06/11/2025 18:58:08,3,880,930,3,1,12690
06/11/2025 18:58:24,3,880,930,3,1,12690
06/11/2025 18:58:40,3,880,930,3,1,12670
06/11/2025 18:58:56,3,880,930,3,1,12670
06/11/2025 18:59:12,3,880,930,3,0,-999
06/11/2025 18:59:28,3,880,930,3,0,-999
06/11/2025 18:59:44,3,870,930,3,0,-999
06/11/2025 19:00:00,3,870,910,3,0,-999
06/11/2025 19:00:16,3,870,910,3,0,-999
06/11/2025 19:00:32,3,870,910,3,1,12630
06/11/2025 19:00:48,3,870,910,3,1,12630
06/11/2025 19:01:04,3,870,910,3,1,12630
06/11/2025 19:01:20,3,870,910,3,1,12630
06/11/2025 19:01:36,3,870,910,3,1,12640
06/11/2025 19:01:52,3,870,910,3,1,12640
06/11/2025 19:02:08,3,870,910,3,1,12650
06/11/2025 19:02:24,3,860,910,3,1,12650
06/11/2025 19:02:40,3,860,910,3,1,12650
06/11/2025 19:02:56,3,860,910,3,1,12650
06/11/2025 19:03:12,3,860,910,3,1,12650
06/11/2025 19:03:28,3,860,910,3,0,-999
06/11/2025 19:03:44,3,860,910,3,0,-999
06/11/2025 19:04:00,3,860,910,3,0,-999
06/11/2025 19:04:16,3,860,910,3,0,-999
06/11/2025 19:04:32,3,850,910,3,0,-999
06/11/2025 19:04:48,3,850,910,3,0,-999
06/11/2025 19:05:04,3,850,910,3,0,-999
06/11/2025 19:05:20,3,850,910,3,0,-999
06/11/2025 19:05:36,3,850,910,3,0,-999
06/11/2025 19:05:52,3,850,910,3,0,-999
06/11/2025 19:06:08,3,850,910,3,0,-999
06/11/2025 19:06:24,3,850,910,3,0,-999
06/11/2025 19:06:40,3,850,910,3,0,-999
06/11/2025 19:06:56,3,850,910,3,0,-999
06/11/2025 19:07:12,3,850,910,3,0,-999
06/11/2025 19:07:28,3,850,910,3,0,-999
06/11/2025 19:07:44,3,850,910,3,0,-999
06/11/2025 19:08:00,3,850,910,3,0,-999
06/11/2025 19:08:16,3,840,910,3,0,-999
06/11/2025 19:08:32,3,840,910,3,0,-999
06/11/2025 19:08:48,3,840,910,3,0,-999
06/11/2025 19:09:04,3,840,910,3,0,-999
06/11/2025 19:09:20,3,840,910,3,0,-999
06/11/2025 19:09:36,3,840,910,3,0,-999
06/11/2025 19:09:52,3,840,910,3,0,-999
06/11/2025 19:10:08,3,840,910,3,0,-999
06/11/2025 19:10:24,3,840,910,3,0,-999
06/11/2025 19:10:40,3,840,910,3,0,-999
06/11/2025 19:10:56,3,840,910,3,0,-999
06/11/2025 19:11:12,3,840,910,3,0,-999
06/11/2025 19:11:28,3,840,910,3,0,-999
06/11/2025 19:11:44,3,840,910,3,0,-999
06/11/2025 19:12:00,3,830,910,3,0,-999
06/11/2025 19:12:16,3,830,910,3,0,-999
06/11/2025 19:12:32,3,830,910,3,0,-999
06/11/2025 19:12:48,3,830,910,3,0,-999
06/11/2025 19:13:04,3,830,910,3,0,-999
06/11/2025 19:13:20,3,830,910,3,0,-999
06/11/2025 19:13:36,3,830,910,3,0,-999
06/11/2025 19:13:52,3,830,910,3,0,-999
06/11/2025 19:14:08,3,830,910,3,0,-999
06/11/2025 19:14:24,3,830,910,3,0,-999
06/11/2025 19:14:40,3,830,910,3,0,-999
06/11/2025 19:14:56,3,830,910,3,0,-999
06/11/2025 19:15:12,3,830,910,3,0,-999
06/11/2025 19:15:28,3,830,910,3,0,-999
06/11/2025 19:15:44,3,820,910,3,0,-999
06/11/2025 19:16:00,3,820,910,3,0,-999
06/11/2025 19:16:16,3,830,910,3,0,-999
06/11/2025 19:16:32,3,830,910,3,0,-999
06/11/2025 19:16:48,3,830,910,3,0,-999
06/11/2025 19:17:04,3,830,910,3,0,-999
06/11/2025 19:17:20,3,830,910,3,0,-999
06/11/2025 19:17:36,3,830,910,3,0,-999
06/11/2025 19:17:52,3,830,910,3,0,-999
06/11/2025 19:18:08,3,830,910,3,0,-999
06/11/2025 19:18:24,3,830,910,3,0,-999
06/11/2025 19:18:40,3,830,910,3,0,-999
06/11/2025 19:18:56,3,830,910,3,0,-999
06/11/2025 19:19:12,3,830,910,3,0,-999
06/11/2025 19:19:28,3,820,910,3,0,-999
06/11/2025 19:19:44,3,820,910,3,0,-999
06/11/2025 19:20:00,3,820,910,3,0,-999
06/11/2025 19:20:16,3,820,910,3,0,-999
06/11/2025 19:20:32,3,820,910,3,0,-999
06/11/2025 19:20:48,3,820,910,3,0,-999
06/11/2025 19:21:04,3,820,910,3,0,-999
06/11/2025 19:21:20,3,820,910,3,0,-999
06/11/2025 19:21:36,3,820,910,3,0,-999
06/11/2025 19:21:52,3,820,910,3,0,-999
06/11/2025 19:22:08,3,820,910,3,0,-999
06/11/2025 19:22:24,3,820,910,3,0,-999
06/11/2025 19:22:40,3,820,910,3,0,-999
06/11/2025 19:22:56,3,820,910,3,0,-999
06/11/2025 19:23:12,3,820,910,3,0,-999
06/11/2025 19:23:28,3,820,910,3,0,-999
06/11/2025 19:23:44,3,820,910,3,0,-999
06/11/2025 19:24:00,3,820,910,3,0,-999
06/11/2025 19:24:16,3,830,910,3,0,-999
06/11/2025 19:24:32,3,830,910,3,0,-999
06/11/2025 19:24:48,3,830,910,3,0,-999
06/11/2025 19:25:04,3,830,910,3,0,-999
06/11/2025 19:25:20,3,830,910,3,0,-999
06/11/2025 19:25:36,3,830,910,3,0,-999
06/11/2025 19:25:52,3,830,910,3,0,-999
06/11/2025 19:26:08,3,830,910,3,0,-999
06/11/2025 19:26:24,3,830,910,3,0,-999
06/11/2025 19:26:40,3,830,910,3,0,-999
06/11/2025 19:26:56,3,830,910,3,0,-999
06/11/2025 19:27:12,3,830,910,3,0,-999
06/11/2025 19:27:28,3,830,910,3,0,-999
06/11/2025 19:27:44,3,830,910,3,0,-999
06/11/2025 19:28:00,3,830,910,3,0,-999
06/11/2025 19:28:16,3,830,910,3,0,-999
06/11/2025 19:28:32,3,830,910,3,1,11670
06/11/2025 19:28:48,3,830,910,3,1,11670
06/11/2025 19:29:04,3,830,910,3,1,11670
06/11/2025 19:29:20,3,830,910,3,1,11690
06/11/2025 19:29:36,3,830,910,3,1,11690
06/11/2025 19:29:52,3,830,910,3,1,11620
06/11/2025 19:30:08,3,830,910,3,1,11620
06/11/2025 19:30:24,3,840,910,3,1,11620
06/11/2025 19:30:40,3,840,910,3,1,11620
06/11/2025 19:30:56,3,840,910,3,1,11620
06/11/2025 19:31:12,3,840,910,3,1,11620
06/11/2025 19:31:28,3,840,910,3,1,11620
06/11/2025 19:31:44,3,840,910,3,2,11390
06/11/2025 19:32:00,3,840,910,3,2,11390
06/11/2025 19:32:16,3,840,910,3,2,11390
06/11/2025 19:32:32,3,840,910,3,2,11390
06/11/2025 19:32:48,3,840,910,3,2,9450
06/11/2025 19:33:04,3,840,910,3,2,9450
06/11/2025 19:33:20,3,850,910,3,1,9380
06/11/2025 19:33:36,3,850,910,3,1,9380
06/11/2025 19:33:52,3,850,910,3,1,9380
06/11/2025 19:34:08,3,850,910,3,1,9380
06/11/2025 19:34:24,3,850,910,3,1,9380
06/11/2025 19:34:40,3,850,910,3,1,9420
06/11/2025 19:34:56,3,850,910,3,1,9420
06/11/2025 19:35:12,3,850,910,3,1,9420
06/11/2025 19:35:28,3,850,910,3,1,9420
06/11/2025 19:35:44,3,850,910,3,1,9410
06/11/2025 19:36:00,3,850,910,3,1,9410
06/11/2025 19:36:16,3,850,910,3,1,9410
06/11/2025 19:36:32,3,840,910,3,2,9420
06/11/2025 19:36:48,3,840,910,3,2,9420
06/11/2025 19:37:04,3,840,910,3,2,9490
06/11/2025 19:37:20,3,840,910,3,2,9490
06/11/2025 19:37:36,3,840,910,3,1,11030
06/11/2025 19:37:52,3,840,910,3,1,11030
06/11/2025 19:38:08,3,840,910,3,2,11030
06/11/2025 19:38:24,3,840,910,3,2,11030
06/11/2025 19:38:40,3,840,910,3,2,11030
06/11/2025 19:38:56,3,840,910,3,1,11170
06/11/2025 19:39:12,3,840,910,3,1,11170
06/11/2025 19:39:28,3,830,910,3,1,11170
06/11/2025 19:39:44,3,830,910,3,1,11170
06/11/2025 19:40:00,3,830,910,3,1,11160
06/11/2025 19:40:16,3,830,910,3,1,11160
06/11/2025 19:40:32,3,830,910,3,1,11010
06/11/2025 19:40:48,3,840,910,3,1,11010
06/11/2025 19:41:04,3,840,910,3,1,11010
06/11/2025 19:41:20,3,840,910,3,3,11010
06/11/2025 19:41:36,3,840,910,3,3,11010
06/11/2025 19:41:52,3,840,910,3,3,10990
06/11/2025 19:42:08,3,840,910,3,3,10990
06/11/2025 19:42:24,3,840,910,3,2,10980
06/11/2025 19:42:40,3,840,910,3,2,10980
06/11/2025 19:42:56,3,840,910,3,2,10950
06/11/2025 19:43:12,3,840,910,3,2,10950
06/11/2025 19:43:28,3,840,910,3,2,10950
06/11/2025 19:43:44,3,830,910,3,2,11150
06/11/2025 19:44:00,3,830,910,3,2,11150
06/11/2025 19:44:16,3,830,910,3,2,11030
06/11/2025 19:44:32,3,830,910,3,2,11030
06/11/2025 19:44:48,3,830,910,3,2,11040
06/11/2025 19:45:04,3,830,910,3,2,11040
06/11/2025 19:45:20,3,830,910,3,2,11060
06/11/2025 19:45:36,3,830,910,3,2,11060
06/11/2025 19:45:52,3,830,910,3,2,11060
06/11/2025 19:46:08,3,830,910,3,2,10930
06/11/2025 19:46:24,3,820,910,3,2,10930
06/11/2025 19:46:40,3,820,910,3,2,10910
06/11/2025 19:46:56,3,820,910,3,2,10910
06/11/2025 19:47:12,3,820,910,3,2,10910
06/11/2025 19:47:28,3,820,910,3,2,10910
06/11/2025 19:47:44,3,820,910,3,1,11100
06/11/2025 19:48:00,3,820,910,3,1,11100
06/11/2025 19:48:16,3,820,910,3,1,11100
06/11/2025 19:48:32,3,820,910,3,2,11050
06/11/2025 19:48:48,3,820,910,3,2,11050
06/11/2025 19:49:04,3,820,910,3,1,11200
06/11/2025 19:49:20,3,820,910,3,1,11200
06/11/2025 19:49:36,3,820,910,3,1,11130
06/11/2025 19:49:52,3,820,910,3,1,11130
06/11/2025 19:50:08,3,820,910,3,2,10890
06/11/2025 19:50:24,3,820,910,3,2,10890
06/11/2025 19:50:40,3,820,910,3,2,10890
06/11/2025 19:50:56,3,820,910,3,2,10990
06/11/2025 19:51:12,3,820,910,3,2,10990
06/11/2025 19:51:28,3,820,910,3,1,11140
06/11/2025 19:51:44,3,820,910,3,1,11140
06/11/2025 19:52:00,3,820,910,3,1,10890
06/11/2025 19:52:16,3,820,910,3,1,10890
06/11/2025 19:52:32,3,830,910,3,1,11030
06/11/2025 19:52:48,3,830,910,3,1,11030
06/11/2025 19:53:04,3,830,910,3,1,11030
06/11/2025 19:53:20,3,830,910,3,1,11080
06/11/2025 19:53:36,3,830,910,3,1,11080
06/11/2025 19:53:52,3,830,910,3,1,11160
06/11/2025 19:54:08,3,830,910,3,1,11160
06/11/2025 19:54:24,3,830,910,3,2,10920
06/11/2025 19:54:40,3,830,910,3,2,10920
06/11/2025 19:54:56,3,830,910,3,1,10940
06/11/2025 19:55:12,3,830,910,3,1,10940
06/11/2025 19:55:28,3,830,910,3,1,10940
06/11/2025 19:55:44,3,830,910,3,1,10980
06/11/2025 19:56:00,3,830,910,3,1,10980
06/11/2025 19:56:16,3,830,910,3,1,11030
06/11/2025 19:56:32,3,830,910,3,1,11030
06/11/2025 19:56:48,3,830,910,3,1,11110
06/11/2025 19:57:04,3,830,910,3,1,11110
06/11/2025 19:57:20,3,830,910,3,1,11120
06/11/2025 19:57:36,3,830,910,3,1,11120
06/11/2025 19:57:52,3,830,910,3,1,11120
06/11/2025 19:58:08,3,830,910,3,1,11150
06/11/2025 19:58:24,3,830,910,3,1,11150
06/11/2025 19:58:40,3,830,910,3,1,11180
06/11/2025 19:58:56,3,830,910,3,1,11180
06/11/2025 19:59:12,3,830,910,3,1,11180
06/11/2025 19:59:28,3,830,910,3,1,11180
06/11/2025 19:59:44,3,830,910,3,1,11180
06/11/2025 20:00:00,3,790,830,3,1,11180
06/11/2025 20:00:16,3,790,830,3,1,11180
06/11/2025 20:00:32,3,790,830,3,1,11190
06/11/2025 20:00:48,3,790,830,3,1,11190
06/11/2025 20:01:04,3,790,830,3,1,11270
06/11/2025 20:01:20,3,790,830,3,1,11270
06/11/2025 20:01:36,3,790,830,3,1,11260
06/11/2025 20:01:52,3,790,830,3,1,11260
06/11/2025 20:02:08,3,790,830,3,2,11260
06/11/2025 20:02:24,3,800,830,3,2,11260
06/11/2025 20:02:40,3,800,830,3,2,11260
06/11/2025 20:02:56,3,800,830,3,1,11500
06/11/2025 20:03:12,3,800,830,3,1,11500
06/11/2025 20:03:28,3,800,830,3,1,11320
06/11/2025 20:03:44,3,800,830,3,1,11320
06/11/2025 20:04:00,3,800,830,3,1,11510
06/11/2025 20:04:16,3,800,830,3,1,11510
06/11/2025 20:04:32,3,800,830,3,1,11490
06/11/2025 20:04:48,3,800,830,3,1,11490
06/11/2025 20:05:04,3,800,830,3,1,11490
06/11/2025 20:05:20,3,800,830,3,1,11500
06/11/2025 20:05:36,3,800,830,3,1,11500
06/11/2025 20:05:52,3,800,830,3,1,11510
06/11/2025 20:06:08,3,800,830,3,1,11510
06/11/2025 20:06:24,3,800,830,3,1,11510
06/11/2025 20:06:40,3,800,830,3,1,11510
06/11/2025 20:06:56,3,800,830,3,0,-999
06/11/2025 20:07:12,3,800,830,3,0,-999
06/11/2025 20:07:28,3,800,830,3,0,-999
06/11/2025 20:07:44,3,800,830,3,0,-999
06/11/2025 20:08:00,3,800,830,3,0,-999
06/11/2025 20:08:16,3,800,830,3,0,-999
06/11/2025 20:08:32,3,800,830,3,0,-999
06/11/2025 20:08:48,3,800,830,3,0,-999
06/11/2025 20:09:04,3,800,830,3,0,-999
06/11/2025 20:09:20,3,800,830,3,0,-999
06/11/2025 20:09:36,3,800,830,3,0,-999
06/11/2025 20:09:52,3,790,830,3,0,-999
06/11/2025 20:10:08,3,790,830,3,0,-999
06/11/2025 20:10:24,3,790,830,3,0,-999
06/11/2025 20:10:40,3,790,830,3,0,-999
06/11/2025 20:10:56,3,790,830,3,0,-999
06/11/2025 20:11:12,3,790,830,3,0,-999
06/11/2025 20:11:28,3,790,830,3,0,-999
06/11/2025 20:11:44,3,790,830,3,0,-999
06/11/2025 20:12:00,3,790,830,3,0,-999
06/11/2025 20:12:16,3,790,830,3,0,-999
06/11/2025 20:12:32,3,790,830,3,0,-999
06/11/2025 20:12:48,3,790,830,3,0,-999
06/11/2025 20:13:04,3,790,830,3,0,-999
06/11/2025 20:13:20,3,790,830,3,0,-999
06/11/2025 20:13:36,3,790,830,3,0,-999
06/11/2025 20:13:52,3,790,830,3,0,-999
06/11/2025 20:14:08,3,790,830,3,0,-999
06/11/2025 20:14:24,3,790,830,3,0,-999
06/11/2025 20:14:40,3,790,830,3,0,-999
06/11/2025 20:14:56,3,790,830,3,0,-999
06/11/2025 20:15:12,3,790,830,3,0,-999
06/11/2025 20:15:28,3,790,830,3,0,-999
06/11/2025 20:15:44,3,790,830,3,0,-999
06/11/2025 20:16:00,3,790,830,3,0,-999
06/11/2025 20:16:16,3,790,830,3,0,-999
06/11/2025 20:16:32,3,790,830,3,0,-999
06/11/2025 20:16:48,3,790,830,3,0,-999
06/11/2025 20:17:04,3,790,830,3,0,-999
06/11/2025 20:17:20,3,790,830,3,0,-999
06/11/2025 20:17:36,3,790,830,3,0,-999
06/11/2025 20:17:52,3,790,830,3,0,-999
06/11/2025 20:18:08,3,790,830,3,0,-999
06/11/2025 20:18:24,3,790,830,3,0,-999
06/11/2025 20:18:40,3,790,830,3,0,-999
06/11/2025 20:18:56,3,790,830,3,0,-999
06/11/2025 20:19:12,3,790,830,3,0,-999
06/11/2025 20:19:28,3,790,830,3,0,-999
06/11/2025 20:19:44,3,790,830,3,0,-999
06/11/2025 20:20:00,3,790,830,3,0,-999
06/11/2025 20:20:16,3,790,830,3,1,11850
06/11/2025 20:20:32,3,790,830,3,1,11850
06/11/2025 20:20:48,3,790,830,3,1,11850
06/11/2025 20:21:04,3,790,830,3,1,11850
06/11/2025 20:21:20,3,780,830,3,1,11850
06/11/2025 20:21:36,3,780,830,3,1,11850
06/11/2025 20:21:52,3,780,830,3,1,11850
06/11/2025 20:22:08,3,780,830,3,1,11840
06/11/2025 20:22:24,3,780,830,3,1,11840
06/11/2025 20:22:40,3,780,830,3,1,11800
06/11/2025 20:22:56,3,780,830,3,1,11800
06/11/2025 20:23:12,3,780,830,3,1,11780
06/11/2025 20:23:28,3,780,830,3,1,11780
06/11/2025 20:23:44,3,780,830,3,1,11780
06/11/2025 20:24:00,3,780,830,3,1,11780
06/11/2025 20:24:16,3,780,830,3,1,11780
06/11/2025 20:24:32,3,780,830,3,1,11830
06/11/2025 20:24:48,3,780,830,3,1,11830
06/11/2025 20:25:04,3,680,830,3,1,11810
06/11/2025 20:25:20,3,680,830,3,1,11810
06/11/2025 20:25:36,3,680,830,3,1,11810
06/11/2025 20:25:52,3,680,830,3,1,11810
06/11/2025 20:26:08,3,680,830,3,1,11730
06/11/2025 20:26:24,3,680,830,3,1,11730
06/11/2025 20:26:40,3,680,830,3,1,11730
06/11/2025 20:26:56,3,690,830,3,1,11730
06/11/2025 20:27:12,3,690,830,3,1,11730
06/11/2025 20:27:28,3,690,830,3,1,11770
06/11/2025 20:27:44,3,690,830,3,1,11770
06/11/2025 20:28:00,3,690,830,3,1,11770
06/11/2025 20:28:16,3,680,830,3,1,11770
06/11/2025 20:28:32,3,690,830,3,1,11770
06/11/2025 20:28:48,3,690,830,3,1,11770
06/11/2025 20:29:04,3,690,830,3,1,11770
06/11/2025 20:29:20,3,690,830,3,1,11770
06/11/2025 20:29:36,3,680,830,3,1,11770
06/11/2025 20:29:52,3,690,830,3,1,11770
06/11/2025 20:30:08,3,690,830,3,1,11770
06/11/2025 20:30:24,3,690,830,3,1,11770
06/11/2025 20:30:40,3,690,830,3,1,11770
06/11/2025 20:30:56,3,690,830,3,1,11770
06/11/2025 20:31:12,3,690,830,3,1,11770
06/11/2025 20:31:28,3,690,830,3,1,11770
06/11/2025 20:31:44,3,690,830,3,1,11770
06/11/2025 20:32:00,3,680,830,3,1,11770
06/11/2025 20:32:16,3,680,830,3,0,-999
06/11/2025 20:32:32,3,680,830,3,0,-999
06/11/2025 20:32:48,3,680,830,3,0,-999
06/11/2025 20:33:04,3,680,830,3,0,-999
06/11/2025 20:33:20,3,680,830,3,0,-999
06/11/2025 20:33:36,3,680,830,3,0,-999
06/11/2025 20:33:52,3,680,830,3,0,-999
06/11/2025 20:34:08,3,680,830,3,0,-999
06/11/2025 20:34:24,3,680,830,3,0,-999
06/11/2025 20:34:40,3,680,830,3,0,-999
06/11/2025 20:34:56,3,670,830,3,0,-999
06/11/2025 20:35:12,3,670,830,3,0,-999
06/11/2025 20:35:28,3,670,830,3,0,-999
06/11/2025 20:35:44,3,670,830,3,0,-999
06/11/2025 20:36:00,3,670,830,3,0,-999
06/11/2025 20:36:16,3,670,830,3,0,-999
06/11/2025 20:36:32,3,670,830,3,0,-999
06/11/2025 20:36:48,3,670,830,3,0,-999
06/11/2025 20:37:04,3,670,830,3,0,-999
06/11/2025 20:37:20,3,670,830,3,0,-999
06/11/2025 20:37:36,3,670,830,3,0,-999
06/11/2025 20:37:52,3,670,830,3,0,-999
06/11/2025 20:38:08,3,670,830,3,0,-999
06/11/2025 20:38:24,3,670,830,3,0,-999
06/11/2025 20:38:40,3,670,830,3,0,-999
06/11/2025 20:38:56,3,670,830,3,0,-999
06/11/2025 20:39:12,3,670,830,3,0,-999
06/11/2025 20:39:28,3,670,830,3,0,-999
06/11/2025 20:39:44,3,670,830,3,0,-999
06/11/2025 20:40:00,3,670,830,3,0,-999
06/11/2025 20:40:16,3,660,830,3,0,-999
06/11/2025 20:40:32,3,660,830,3,0,-999
06/11/2025 20:40:48,3,660,830,3,0,-999
06/11/2025 20:41:04,3,660,830,3,0,-999
06/11/2025 20:41:20,3,660,830,3,0,-999
06/11/2025 20:41:36,3,660,830,3,0,-999
06/11/2025 20:41:52,3,660,830,3,0,-999
06/11/2025 20:42:08,3,660,830,3,0,-999
06/11/2025 20:42:24,3,660,830,3,0,-999
06/11/2025 20:42:40,3,660,830,3,0,-999
06/11/2025 20:42:56,3,660,830,3,0,-999
06/11/2025 20:43:12,3,660,830,3,0,-999
06/11/2025 20:43:28,3,660,830,3,0,-999
06/11/2025 20:43:44,3,660,830,3,0,-999
06/11/2025 20:44:00,3,660,830,3,0,-999
06/11/2025 20:44:16,3,660,830,3,0,-999
06/11/2025 20:44:32,3,660,830,3,0,-999
06/11/2025 20:44:48,3,660,830,3,0,-999
06/11/2025 20:45:04,3,660,830,3,0,-999
06/11/2025 20:45:20,3,660,830,3,0,-999
06/11/2025 20:45:36,3,660,830,3,0,-999
06/11/2025 20:45:52,3,660,830,3,0,-999
06/11/2025 20:46:08,3,660,830,3,0,-999
06/11/2025 20:46:24,3,660,830,3,0,-999
06/11/2025 20:46:40,3,670,830,3,0,-999
06/11/2025 20:46:56,3,670,830,3,0,-999
06/11/2025 20:47:12,3,670,830,3,1,12100
06/11/2025 20:47:28,3,670,830,3,1,12100
06/11/2025 20:47:44,3,670,830,3,1,12100
06/11/2025 20:48:00,3,670,830,3,1,12100
06/11/2025 20:48:16,3,670,830,3,1,12100
06/11/2025 20:48:32,3,670,830,3,1,12100
06/11/2025 20:48:48,3,670,830,3,1,12100
06/11/2025 20:49:04,3,670,830,3,1,12080
06/11/2025 20:49:20,3,670,830,3,1,12080
06/11/2025 20:49:36,3,670,830,3,1,12050
06/11/2025 20:49:52,3,670,830,3,1,12050
06/11/2025 20:50:08,3,670,830,3,2,11040
06/11/2025 20:50:24,3,670,830,3,2,11040
06/11/2025 20:50:40,3,670,830,3,2,11040
06/11/2025 20:50:56,3,670,830,3,3,11080
06/11/2025 20:51:12,3,670,830,3,3,11080
06/11/2025 20:51:28,3,670,830,3,1,11320
06/11/2025 20:51:44,3,670,830,3,1,11320
06/11/2025 20:52:00,3,670,830,3,2,11060
06/11/2025 20:52:16,3,670,830,3,2,11060
06/11/2025 20:52:32,3,670,830,3,2,11060
06/11/2025 20:52:48,3,670,830,3,1,11050
06/11/2025 20:53:04,3,670,830,3,1,11050
06/11/2025 20:53:20,3,670,830,3,2,11050
06/11/2025 20:53:36,3,670,830,3,2,11050
06/11/2025 20:53:52,3,670,830,3,2,11610
06/11/2025 20:54:08,3,670,830,3,2,11610
06/11/2025 20:54:24,3,670,830,3,2,11030
06/11/2025 20:54:40,3,670,830,3,2,11030
06/11/2025 20:54:56,3,670,830,3,1,11030
06/11/2025 20:55:12,3,670,830,3,1,11030
06/11/2025 20:55:28,3,670,830,3,1,11030
06/11/2025 20:55:44,3,670,830,3,2,11030
06/11/2025 20:56:00,3,670,830,3,2,11030
06/11/2025 20:56:16,3,670,830,3,1,11590
06/11/2025 20:56:32,3,670,830,3,1,11590
06/11/2025 20:56:48,3,670,830,3,1,11610
06/11/2025 20:57:04,3,660,830,3,1,11610
06/11/2025 20:57:20,3,660,830,3,1,11640
06/11/2025 20:57:36,3,660,830,3,1,11640
06/11/2025 20:57:52,3,640,830,3,1,11640
06/11/2025 20:58:08,3,660,830,3,1,11640
06/11/2025 20:58:24,3,650,830,3,1,11640
06/11/2025 20:58:40,3,650,830,3,1,11640
06/11/2025 20:58:56,3,650,830,3,1,11640
06/11/2025 20:59:12,3,650,830,3,1,11650
06/11/2025 20:59:28,3,650,830,3,1,11650
06/11/2025 20:59:44,3,650,830,3,0,-999
06/11/2025 21:00:00,3,650,680,3,0,-999
06/11/2025 21:00:16,3,650,680,3,0,-999
06/11/2025 21:00:32,3,650,680,3,0,-999
06/11/2025 21:00:48,3,650,680,3,0,-999
06/11/2025 21:01:04,3,650,680,3,0,-999
06/11/2025 21:01:20,3,650,680,3,0,-999
06/11/2025 21:01:36,3,650,680,3,0,-999
06/11/2025 21:01:52,3,650,680,3,0,-999
06/11/2025 21:02:08,3,650,680,3,0,-999
06/11/2025 21:02:24,3,650,680,3,0,-999
06/11/2025 21:02:40,3,650,680,3,0,-999
06/11/2025 21:02:56,3,650,680,3,0,-999
06/11/2025 21:03:12,3,650,680,3,0,-999
06/11/2025 21:03:28,3,650,680,3,0,-999
06/11/2025 21:03:44,3,650,680,3,0,-999
06/11/2025 21:04:00,3,640,680,3,0,-999
06/11/2025 21:04:16,3,640,680,3,0,-999
06/11/2025 21:04:32,3,640,680,3,0,-999
06/11/2025 21:04:48,3,640,680,3,0,-999
06/11/2025 21:05:04,3,640,680,3,0,-999
06/11/2025 21:05:20,3,640,680,3,0,-999
06/11/2025 21:05:36,3,640,680,3,0,-999
06/11/2025 21:05:52,3,640,680,3,1,12450
06/11/2025 21:06:08,3,640,680,3,1,12450
06/11/2025 21:06:24,3,640,680,3,2,12130
06/11/2025 21:06:40,3,650,680,3,2,12130
06/11/2025 21:06:56,3,650,680,3,1,12130
06/11/2025 21:07:12,3,650,680,3,1,12130
06/11/2025 21:07:28,3,650,680,3,1,12130
06/11/2025 21:07:44,3,650,680,3,1,12180
06/11/2025 21:08:00,3,650,680,3,1,12180
06/11/2025 21:08:16,3,650,680,3,1,12180
06/11/2025 21:08:32,3,650,680,3,1,12180
06/11/2025 21:08:48,3,650,680,3,1,12190
06/11/2025 21:09:04,3,650,680,3,1,12190
06/11/2025 21:09:20,3,650,680,3,1,12220
06/11/2025 21:09:36,3,650,680,3,1,12220
06/11/2025 21:09:52,3,650,680,3,1,12220
06/11/2025 21:10:08,3,650,680,3,1,12210
06/11/2025 21:10:24,3,650,680,3,1,12210
06/11/2025 21:10:40,3,650,680,3,1,12220
06/11/2025 21:10:56,3,650,680,3,1,12220
06/11/2025 21:11:12,3,650,680,3,1,12250
06/11/2025 21:11:28,3,650,680,3,1,12250
06/11/2025 21:11:44,3,650,680,3,1,12470
06/11/2025 21:12:00,3,650,680,3,1,12470
06/11/2025 21:12:16,3,650,680,3,1,12470
06/11/2025 21:12:32,3,650,680,3,1,12410
06/11/2025 21:12:48,3,650,680,3,1,12410
06/11/2025 21:13:04,3,650,680,3,1,12410
06/11/2025 21:13:20,3,650,680,3,1,12410
06/11/2025 21:13:36,3,650,680,3,1,12420
06/11/2025 21:13:52,3,650,680,3,1,12420
06/11/2025 21:14:08,3,650,680,3,1,12420
06/11/2025 21:14:24,3,650,680,3,1,12420
06/11/2025 21:14:40,3,650,680,3,1,12420
06/11/2025 21:14:56,3,650,680,3,1,12290
06/11/2025 21:15:12,3,650,680,3,1,12290
06/11/2025 21:15:28,3,650,680,3,1,12360
06/11/2025 21:15:44,3,660,680,3,1,12360
06/11/2025 21:16:00,3,660,680,3,1,12330
06/11/2025 21:16:16,3,650,680,3,1,12330
06/11/2025 21:16:32,3,650,680,3,1,12340
06/11/2025 21:16:48,3,650,680,3,1,12340
06/11/2025 21:17:04,3,660,680,3,1,12340
06/11/2025 21:17:20,3,660,680,3,1,12280
06/11/2025 21:17:36,3,660,680,3,1,12280
06/11/2025 21:17:52,3,660,680,3,1,12250
06/11/2025 21:18:08,3,660,680,3,1,12250
06/11/2025 21:18:24,3,660,680,3,1,12250
06/11/2025 21:18:40,3,660,680,3,1,12250
06/11/2025 21:18:56,3,670,680,3,1,12240
06/11/2025 21:19:12,3,670,680,3,1,12240
06/11/2025 21:19:28,3,670,680,3,1,12240
06/11/2025 21:19:44,3,670,680,3,1,12300
06/11/2025 21:20:00,3,670,680,3,1,12300
06/11/2025 21:20:16,3,670,680,3,1,12300
06/11/2025 21:20:32,3,670,680,3,1,12300
06/11/2025 21:20:48,3,670,680,3,1,12300
06/11/2025 21:21:04,3,670,680,3,1,12300
06/11/2025 21:21:20,3,660,680,3,1,12300
06/11/2025 21:21:36,3,660,680,3,1,12300
06/11/2025 21:21:52,3,660,680,3,1,12300
06/11/2025 21:22:08,3,660,680,3,1,12290
06/11/2025 21:22:24,3,660,680,3,1,12290
06/11/2025 21:22:40,3,670,680,3,1,12280
06/11/2025 21:22:56,3,670,680,3,1,12280
06/11/2025 21:23:12,3,670,680,3,1,12270
06/11/2025 21:23:28,3,670,680,3,1,12270
06/11/2025 21:23:44,3,670,680,3,1,12250
06/11/2025 21:24:00,3,670,680,3,1,12250
06/11/2025 21:24:16,3,670,680,3,1,12250
06/11/2025 21:24:32,3,670,680,3,1,12050
06/11/2025 21:24:48,3,670,680,3,1,12050
06/11/2025 21:25:04,3,680,680,3,1,12030
06/11/2025 21:25:20,3,680,680,3,1,12030
06/11/2025 21:25:36,3,680,680,3,1,12010
06/11/2025 21:25:52,3,680,680,3,1,12010
06/11/2025 21:26:08,3,680,680,3,1,12000
06/11/2025 21:26:24,3,680,680,3,1,12000
06/11/2025 21:26:40,3,680,680,3,1,12000
06/11/2025 21:26:56,3,680,680,3,1,12000
06/11/2025 21:27:12,3,680,680,3,1,12000
06/11/2025 21:27:28,3,680,680,3,1,12180
06/11/2025 21:27:44,3,680,680,3,1,12180
06/11/2025 21:28:00,3,680,680,3,1,12180
06/11/2025 21:28:16,3,680,680,3,1,12180
06/11/2025 21:28:32,3,680,680,3,1,12170
06/11/2025 21:28:48,3,690,680,3,1,12170
06/11/2025 21:29:04,3,690,680,3,1,12170
06/11/2025 21:29:20,3,690,680,3,1,12150
06/11/2025 21:29:36,3,680,680,3,1,12150
06/11/2025 21:29:52,3,680,680,3,1,12160
06/11/2025 21:30:08,3,690,680,3,1,12160
06/11/2025 21:30:24,3,690,680,3,1,12160
06/11/2025 21:30:40,3,690,680,3,1,12160
06/11/2025 21:30:56,3,690,680,3,1,12170
06/11/2025 21:31:12,3,690,680,3,1,12170
06/11/2025 21:31:28,3,690,680,3,1,12170
06/11/2025 21:31:44,3,690,680,3,2,8060
06/11/2025 21:32:00,3,700,680,3,2,8060
06/11/2025 21:32:16,3,700,680,3,1,8070
06/11/2025 21:32:32,3,700,680,3,1,8070
06/11/2025 21:32:48,3,700,680,3,1,8090
06/11/2025 21:33:04,3,690,680,3,1,8090
06/11/2025 21:33:20,3,690,680,3,1,8180
06/11/2025 21:33:36,3,690,680,3,1,8180
06/11/2025 21:33:52,3,690,680,3,1,8180
06/11/2025 21:34:08,3,690,680,3,1,8140
06/11/2025 21:34:24,3,700,680,3,1,8140
06/11/2025 21:34:40,3,700,680,3,1,8150
06/11/2025 21:34:56,3,700,680,3,1,8150
06/11/2025 21:35:12,3,700,680,3,1,8180
06/11/2025 21:35:28,3,700,680,3,1,8180
06/11/2025 21:35:44,3,700,680,3,1,8110
06/11/2025 21:36:00,3,700,680,3,1,8110
06/11/2025 21:36:16,3,700,680,3,1,8110
06/11/2025 21:36:32,3,700,680,3,1,8120
06/11/2025 21:36:48,3,710,680,3,1,8120
06/11/2025 21:37:04,3,710,680,3,1,8110
06/11/2025 21:37:20,3,710,680,3,1,8110
06/11/2025 21:37:36,3,710,680,3,1,8110
06/11/2025 21:37:52,3,710,680,3,1,8110
06/11/2025 21:38:08,3,710,680,3,1,8140
06/11/2025 21:38:24,3,710,680,3,1,8140
06/11/2025 21:38:40,3,710,680,3,1,8140
06/11/2025 21:38:56,3,710,680,3,1,8150
06/11/2025 21:39:12,3,710,680,3,1,8150
06/11/2025 21:39:28,3,710,680,3,2,8170
06/11/2025 21:39:44,3,710,680,3,2,8170
06/11/2025 21:40:00,3,710,680,3,1,12230
06/11/2025 21:40:16,3,710,680,3,1,12230
06/11/2025 21:40:32,3,710,680,3,1,12240
06/11/2025 21:40:48,3,710,680,3,1,12240
06/11/2025 21:41:04,3,710,680,3,1,12240
06/11/2025 21:41:20,3,710,680,3,1,12290
06/11/2025 21:41:36,3,710,680,3,1,12290
06/11/2025 21:41:52,3,710,680,3,2,8650
06/11/2025 21:42:08,3,710,680,3,2,8650
06/11/2025 21:42:24,3,710,680,3,1,8630
06/11/2025 21:42:40,3,710,680,3,1,8630
06/11/2025 21:42:56,3,710,680,3,1,8630
06/11/2025 21:43:12,3,710,680,3,1,8630
06/11/2025 21:43:28,3,710,680,3,1,8630
06/11/2025 21:43:44,3,710,680,3,1,8660
06/11/2025 21:44:00,3,720,680,3,1,8660
06/11/2025 21:44:16,3,720,680,3,1,8650
06/11/2025 21:44:32,3,720,680,3,1,8650
06/11/2025 21:44:48,3,710,680,3,1,8630
06/11/2025 21:45:04,3,710,680,3,1,8630
06/11/2025 21:45:20,3,710,680,3,1,8620
06/11/2025 21:45:36,3,710,680,3,1,8620
06/11/2025 21:45:52,3,710,680,3,1,8620
06/11/2025 21:46:08,3,710,680,3,1,8630
06/11/2025 21:46:24,3,710,680,3,1,8630
06/11/2025 21:46:40,3,710,680,3,1,8650
06/11/2025 21:46:56,3,710,680,3,1,8650
06/11/2025 21:47:12,3,710,680,3,1,8630
06/11/2025 21:47:28,3,710,680,3,1,8630
06/11/2025 21:47:44,3,710,680,3,1,8640
06/11/2025 21:48:00,3,710,680,3,1,8640
06/11/2025 21:48:16,3,710,680,3,1,8640
06/11/2025 21:48:32,3,710,680,3,1,8590
06/11/2025 21:48:48,3,700,680,3,1,8590
06/11/2025 21:49:04,3,700,680,3,1,8590
06/11/2025 21:49:20,3,700,680,3,1,8590
06/11/2025 21:49:36,3,700,680,3,1,8660
06/11/2025 21:49:52,3,700,680,3,1,8660
06/11/2025 21:50:08,3,700,680,3,1,8660
06/11/2025 21:50:24,3,700,680,3,1,8660
06/11/2025 21:50:40,3,700,680,3,1,8660
06/11/2025 21:50:56,3,700,680,3,1,8650
06/11/2025 21:51:12,3,700,680,3,1,8650
06/11/2025 21:51:28,3,700,680,3,1,8600
06/11/2025 21:51:44,3,700,680,3,1,8600
06/11/2025 21:52:00,3,700,680,3,1,8590
06/11/2025 21:52:16,3,700,680,3,1,8590
06/11/2025 21:52:32,3,700,680,3,1,8590
06/11/2025 21:52:48,3,700,680,3,1,8590
06/11/2025 21:53:04,3,700,680,3,1,8590
06/11/2025 21:53:20,3,700,680,3,1,8590
06/11/2025 21:53:36,3,700,680,3,1,8590
06/11/2025 21:53:52,3,700,680,3,1,8650
06/11/2025 21:54:08,3,700,680,3,1,8650
06/11/2025 21:54:24,3,700,680,3,1,8610
06/11/2025 21:54:40,3,700,680,3,1,8610
06/11/2025 21:54:56,3,700,680,3,1,8600
06/11/2025 21:55:12,3,700,680,3,1,8600
06/11/2025 21:55:28,3,700,680,3,1,8600
06/11/2025 21:55:44,3,700,680,3,1,8620
06/11/2025 21:56:00,3,700,680,3,1,8620
06/11/2025 21:56:16,3,700,680,3,1,8640
06/11/2025 21:56:32,3,700,680,3,1,8640
06/11/2025 21:56:48,3,700,680,3,1,8590
06/11/2025 21:57:04,3,700,680,3,1,8590
06/11/2025 21:57:20,3,700,680,3,1,8590
06/11/2025 21:57:36,3,700,680,3,1,8590
06/11/2025 21:57:52,3,700,680,3,1,8590
06/11/2025 21:58:08,3,700,680,3,1,8620
06/11/2025 21:58:24,3,700,680,3,1,8620
06/11/2025 21:58:40,3,690,680,3,1,8630
06/11/2025 21:58:56,3,690,680,3,1,8630
06/11/2025 21:59:12,3,690,680,3,1,8650
06/11/2025 21:59:28,3,690,680,3,1,8650
06/11/2025 21:59:44,3,690,680,3,1,8640
06/11/2025 22:00:00,3,690,690,3,1,8640
06/11/2025 22:00:16,3,690,690,3,1,8640
06/11/2025 22:00:32,3,690,690,3,1,8610
06/11/2025 22:00:48,3,690,690,3,1,8610
06/11/2025 22:01:04,3,690,690,3,1,8610
06/11/2025 22:01:20,3,690,690,3,1,8610
06/11/2025 22:01:36,3,700,690,3,1,8680
06/11/2025 22:01:52,3,700,690,3,1,8680
06/11/2025 22:02:08,3,700,690,3,1,8710
06/11/2025 22:02:24,3,700,690,3,1,8710
06/11/2025 22:02:40,3,700,690,3,1,8710
06/11/2025 22:02:56,3,700,690,3,1,8700
06/11/2025 22:03:12,3,700,690,3,1,8700
06/11/2025 22:03:28,3,700,690,3,1,8580
06/11/2025 22:03:44,3,700,690,3,1,8580
06/11/2025 22:04:00,3,700,690,3,1,8550
06/11/2025 22:04:16,3,700,690,3,1,8550
06/11/2025 22:04:32,3,700,690,3,1,8630
06/11/2025 22:04:48,3,710,690,3,1,8630
06/11/2025 22:05:04,3,710,690,3,1,8630
06/11/2025 22:05:20,3,710,690,3,1,8670
06/11/2025 22:05:36,3,710,690,3,1,8670
06/11/2025 22:05:52,3,710,690,3,1,8590
06/11/2025 22:06:08,3,710,690,3,1,8590
06/11/2025 22:06:24,3,710,690,3,1,8540
06/11/2025 22:06:40,3,700,690,3,1,8540
06/11/2025 22:06:56,3,700,690,3,1,8530
06/11/2025 22:07:12,3,700,690,3,1,8530
06/11/2025 22:07:28,3,700,690,3,1,8530
06/11/2025 22:07:44,3,700,690,3,1,8560
06/11/2025 22:08:00,3,700,690,3,1,8560
06/11/2025 22:08:16,3,700,690,3,2,8260
06/11/2025 22:08:32,3,700,690,3,2,8260
06/11/2025 22:08:48,3,700,690,3,2,8200
06/11/2025 22:09:04,3,700,690,3,2,8200
06/11/2025 22:09:20,3,700,690,3,1,8660
06/11/2025 22:09:36,3,700,690,3,1,8660
06/11/2025 22:09:52,3,700,690,3,1,8660
06/11/2025 22:10:08,3,700,690,3,1,8630
06/11/2025 22:10:24,3,710,690,3,1,8630
06/11/2025 22:10:40,3,710,690,3,2,7720
06/11/2025 22:10:56,3,710,690,3,2,7720
06/11/2025 22:11:12,3,710,690,3,2,7790
06/11/2025 22:11:28,3,710,690,3,2,7790
06/11/2025 22:11:44,3,710,690,3,3,7010
06/11/2025 22:12:00,3,710,690,3,3,7010
06/11/2025 22:12:16,3,710,690,3,3,7010
06/11/2025 22:12:32,3,710,690,3,2,7610
06/11/2025 22:12:48,3,710,690,3,2,7610
06/11/2025 22:13:04,3,710,690,3,2,7630
06/11/2025 22:13:20,3,710,690,3,2,7630
06/11/2025 22:13:36,3,710,690,3,3,7050
06/11/2025 22:13:52,3,710,690,3,3,7050
06/11/2025 22:14:08,3,710,690,3,2,7080
06/11/2025 22:14:24,3,710,690,3,2,7080
06/11/2025 22:14:40,3,710,690,3,2,7080
06/11/2025 22:14:56,3,710,690,3,1,7690
06/11/2025 22:15:12,3,710,690,3,1,7690
06/11/2025 22:15:28,3,710,690,3,2,7800
06/11/2025 22:15:44,3,710,690,3,2,7800
06/11/2025 22:16:00,3,710,690,3,3,6810
06/11/2025 22:16:16,3,710,690,3,3,6810
06/11/2025 22:16:32,3,710,690,3,1,6630
06/11/2025 22:16:48,3,710,690,3,1,6630
06/11/2025 22:17:04,3,710,690,3,1,6630
06/11/2025 22:17:20,3,710,690,3,3,6790
06/11/2025 22:17:36,3,710,690,3,3,6790
06/11/2025 22:17:52,3,710,690,3,2,7110
06/11/2025 22:18:08,3,700,690,3,2,7110
06/11/2025 22:18:24,3,700,690,3,1,7220
06/11/2025 22:18:40,3,700,690,3,1,7220
06/11/2025 22:18:56,3,700,690,3,2,7210
06/11/2025 22:19:12,3,700,690,3,2,7210
06/11/2025 22:19:28,3,700,690,3,2,7210
06/11/2025 22:19:44,3,700,690,3,1,7590
06/11/2025 22:20:00,3,700,690,3,1,7590
06/11/2025 22:20:16,3,700,690,3,3,7090
06/11/2025 22:20:32,3,700,690,3,3,7090
06/11/2025 22:20:48,3,700,690,3,3,6830
06/11/2025 22:21:04,3,700,690,3,3,6830
06/11/2025 22:21:20,3,700,690,3,1,6720
06/11/2025 22:21:36,3,700,690,3,1,6720
06/11/2025 22:21:52,3,700,690,3,1,6720
06/11/2025 22:22:08,3,700,690,3,1,6720
06/11/2025 22:22:24,3,700,690,3,1,6720
06/11/2025 22:22:40,3,700,690,3,3,6820
06/11/2025 22:22:56,3,700,690,3,3,6820
06/11/2025 22:23:12,3,700,690,3,1,7590
06/11/2025 22:23:28,3,700,690,3,1,7590
06/11/2025 22:23:44,3,700,690,3,1,7780
06/11/2025 22:24:00,3,700,690,3,1,7780
06/11/2025 22:24:16,3,700,690,3,1,7780
06/11/2025 22:24:32,3,700,690,3,1,7000
06/11/2025 22:24:48,3,700,690,3,1,7000
06/11/2025 22:25:04,3,700,690,3,1,6940
06/11/2025 22:25:20,3,700,690,3,1,6940
06/11/2025 22:25:36,3,700,690,3,3,6660
06/11/2025 22:25:52,3,700,690,3,3,6660
06/11/2025 22:26:08,3,700,690,3,1,6630
06/11/2025 22:26:24,3,700,690,3,1,6630
06/11/2025 22:26:40,3,700,690,3,1,6630
06/11/2025 22:26:56,3,700,690,3,1,6610
06/11/2025 22:27:12,3,700,690,3,1,6610
06/11/2025 22:27:28,3,700,690,3,2,6340
06/11/2025 22:27:44,3,700,690,3,2,6340
06/11/2025 22:28:00,3,700,690,3,1,6350
06/11/2025 22:28:16,3,700,690,3,1,6350
06/11/2025 22:28:32,3,700,690,3,3,6450
06/11/2025 22:28:48,3,700,690,3,3,6450
06/11/2025 22:29:04,3,710,690,3,3,6450
06/11/2025 22:29:20,3,710,690,3,2,6560
06/11/2025 22:29:36,3,710,690,3,2,6560
06/11/2025 22:29:52,3,710,690,3,1,7640
06/11/2025 22:30:08,3,710,690,3,1,7640
06/11/2025 22:30:24,3,710,690,3,1,7720
06/11/2025 22:30:40,3,710,690,3,1,7720
06/11/2025 22:30:56,3,710,690,3,2,7790
06/11/2025 22:31:12,3,710,690,3,2,7790
06/11/2025 22:31:28,3,710,690,3,2,7790
06/11/2025 22:31:44,3,710,690,3,2,7400
06/11/2025 22:32:00,3,710,690,3,2,7400
06/11/2025 22:32:16,3,720,690,3,1,8260
06/11/2025 22:32:32,3,720,690,3,1,8260
06/11/2025 22:32:48,3,720,690,3,1,8300
06/11/2025 22:33:04,3,720,690,3,1,8300
06/11/2025 22:33:20,3,720,690,3,1,8300
06/11/2025 22:33:36,3,730,690,3,1,8300
06/11/2025 22:33:52,3,730,690,3,1,8300
06/11/2025 22:34:08,3,730,690,3,1,8290
06/11/2025 22:34:24,3,730,690,3,1,8290
06/11/2025 22:34:40,3,730,690,3,1,8310
06/11/2025 22:34:56,3,730,690,3,1,8310
06/11/2025 22:35:12,3,730,690,3,1,8360
06/11/2025 22:35:28,3,740,690,3,1,8360
06/11/2025 22:35:44,3,740,690,3,1,8260
06/11/2025 22:36:00,3,740,690,3,1,8260
06/11/2025 22:36:16,3,740,690,3,1,8260
06/11/2025 22:36:32,3,740,690,3,1,8240
06/11/2025 22:36:48,3,740,690,3,1,8240
06/11/2025 22:37:04,3,740,690,3,1,8250
06/11/2025 22:37:20,3,740,690,3,1,8250
06/11/2025 22:37:36,3,740,690,3,1,8300
06/11/2025 22:37:52,3,740,690,3,1,8300
06/11/2025 22:38:08,3,740,690,3,1,8300
06/11/2025 22:38:24,3,740,690,3,1,8300
06/11/2025 22:38:40,3,740,690,3,1,8300
06/11/2025 22:38:56,3,740,690,3,1,8410
06/11/2025 22:39:12,3,740,690,3,1,8410
06/11/2025 22:39:28,3,750,690,3,1,8480
06/11/2025 22:39:44,3,750,690,3,1,8480
06/11/2025 22:40:00,3,750,690,3,1,8400
06/11/2025 22:40:16,3,750,690,3,1,8400
06/11/2025 22:40:32,3,750,690,3,1,8360
06/11/2025 22:40:48,3,750,690,3,1,8360
06/11/2025 22:41:04,3,750,690,3,1,8360
06/11/2025 22:41:20,3,750,690,3,1,8430
06/11/2025 22:41:36,3,750,690,3,1,8430
06/11/2025 22:41:52,3,750,690,3,1,8490
06/11/2025 22:42:08,3,750,690,3,1,8490
06/11/2025 22:42:24,3,750,690,3,1,8410
06/11/2025 22:42:40,3,760,690,3,1,8410
06/11/2025 22:42:56,3,760,690,3,1,8400
06/11/2025 22:43:12,3,750,690,3,1,8400
06/11/2025 22:43:28,3,750,690,3,1,8400
06/11/2025 22:43:44,3,760,690,3,1,8430
06/11/2025 22:44:00,3,760,690,3,1,8430
06/11/2025 22:44:16,3,760,690,3,1,8500
06/11/2025 22:44:32,3,760,690,3,1,8500
06/11/2025 22:44:48,3,760,690,3,1,8440
06/11/2025 22:45:04,3,760,690,3,1,8440
06/11/2025 22:45:20,3,760,690,3,2,7020
06/11/2025 22:45:36,3,760,690,3,2,7020
06/11/2025 22:45:52,3,760,690,3,2,7020
06/11/2025 22:46:08,3,760,690,3,1,7020
06/11/2025 22:46:24,3,760,690,3,1,7020
06/11/2025 22:46:40,3,750,690,3,2,7040
06/11/2025 22:46:56,3,750,690,3,2,7040
06/11/2025 22:47:12,3,750,690,3,2,7040
06/11/2025 22:47:28,3,750,690,3,2,7040
06/11/2025 22:47:44,3,750,690,3,2,7040
06/11/2025 22:48:00,3,750,690,3,2,7040
06/11/2025 22:48:16,3,750,690,3,2,7040
06/11/2025 22:48:32,3,750,690,3,2,7050
06/11/2025 22:48:48,3,750,690,3,2,7050
06/11/2025 22:49:04,3,750,690,3,3,7060
06/11/2025 22:49:20,3,750,690,3,3,7060
06/11/2025 22:49:36,3,750,690,3,1,7130
06/11/2025 22:49:52,3,750,690,3,1,7130
06/11/2025 22:50:08,3,750,690,3,1,7260
06/11/2025 22:50:24,3,750,690,3,1,7260
06/11/2025 22:50:40,3,750,690,3,1,7260
06/11/2025 22:50:56,3,750,690,3,1,7270
06/11/2025 22:51:12,3,750,690,3,1,7270
06/11/2025 22:51:28,3,750,690,3,1,7090
06/11/2025 22:51:44,3,750,690,3,1,7090
06/11/2025 22:52:00,3,750,690,3,2,7050
06/11/2025 22:52:16,3,750,690,3,2,7050
06/11/2025 22:52:32,3,750,690,3,2,7070
06/11/2025 22:52:48,3,750,690,3,2,7070
06/11/2025 22:53:04,3,750,690,3,2,7070
06/11/2025 22:53:20,3,750,690,3,1,7070
06/11/2025 22:53:36,3,750,690,3,1,7070
06/11/2025 22:53:52,3,750,690,3,2,7070
06/11/2025 22:54:08,3,750,690,3,2,7070
06/11/2025 22:54:24,3,750,690,3,1,7080
06/11/2025 22:54:40,3,750,690,3,1,7080
06/11/2025 22:54:56,3,750,690,3,3,7050
06/11/2025 22:55:12,3,750,690,3,3,7050
06/11/2025 22:55:28,3,750,690,3,3,7050
06/11/2025 22:55:44,3,750,690,3,1,8480
06/11/2025 22:56:00,3,750,690,3,1,8480
06/11/2025 22:56:16,3,750,690,3,2,7880
06/11/2025 22:56:32,3,750,690,3,2,7880
06/11/2025 22:56:48,3,750,690,3,1,8430
06/11/2025 22:57:04,3,750,690,3,1,8430
06/11/2025 22:57:20,3,750,690,3,1,8430
06/11/2025 22:57:36,3,750,690,3,1,8430
06/11/2025 22:57:52,3,750,690,3,1,8430
06/11/2025 22:58:08,3,750,690,3,1,8420
06/11/2025 22:58:24,3,750,690,3,1,8420
06/11/2025 22:58:40,3,750,690,3,1,8420
06/11/2025 22:58:56,3,750,690,3,1,8420
06/11/2025 22:59:12,3,750,690,3,2,7180
06/11/2025 22:59:28,3,780,690,3,2,7180
06/11/2025 22:59:44,3,750,690,3,2,7160
06/11/2025 23:00:00,3,750,710,3,2,7160
06/11/2025 23:00:16,3,750,710,3,2,7160
06/11/2025 23:00:32,3,750,710,3,1,8420
06/11/2025 23:00:48,3,750,710,3,1,8420
06/11/2025 23:01:04,3,750,710,3,2,7150
06/11/2025 23:01:20,3,750,710,3,2,7150
06/11/2025 23:01:36,3,750,710,3,1,8420
06/11/2025 23:01:52,3,750,710,3,1,8420
06/11/2025 23:02:08,3,750,710,3,2,7220
06/11/2025 23:02:24,3,750,710,3,2,7220
06/11/2025 23:02:40,3,750,710,3,2,7220
06/11/2025 23:02:56,3,750,710,3,2,7110
06/11/2025 23:03:12,3,750,710,3,2,7110
06/11/2025 23:03:28,3,750,710,3,1,8640
06/11/2025 23:03:44,3,750,710,3,1,8640
06/11/2025 23:04:00,3,750,710,3,1,8620
06/11/2025 23:04:16,3,750,710,3,1,8620
06/11/2025 23:04:32,3,750,710,3,1,8660
06/11/2025 23:04:48,3,750,710,3,1,8660
06/11/2025 23:05:04,3,760,710,3,1,8660
06/11/2025 23:05:20,3,760,710,3,1,8630
06/11/2025 23:05:36,3,760,710,3,1,8630
06/11/2025 23:05:52,3,760,710,3,1,8670
06/11/2025 23:06:08,3,760,710,3,1,8670
06/11/2025 23:06:24,3,760,710,3,1,8650
06/11/2025 23:06:40,3,750,710,3,1,8650
06/11/2025 23:06:56,3,750,710,3,1,8640
06/11/2025 23:07:12,3,750,710,3,1,8640
06/11/2025 23:07:28,3,750,710,3,1,8640
06/11/2025 23:07:44,3,750,710,3,1,8640
06/11/2025 23:08:00,3,750,710,3,1,8640
06/11/2025 23:08:16,3,750,710,3,1,8660
06/11/2025 23:08:32,3,750,710,3,1,8660
06/11/2025 23:08:48,3,750,710,3,1,8690
06/11/2025 23:09:04,3,750,710,3,1,8690
06/11/2025 23:09:20,3,750,710,3,1,8610
06/11/2025 23:09:36,3,750,710,3,1,8610
06/11/2025 23:09:52,3,750,710,3,1,8610
06/11/2025 23:10:08,3,750,710,3,1,8610
06/11/2025 23:10:24,3,750,710,3,1,8610
06/11/2025 23:10:40,3,750,710,3,1,8600
06/11/2025 23:10:56,3,720,710,3,1,8600
06/11/2025 23:11:12,3,750,710,3,1,8630
06/11/2025 23:11:28,3,750,710,3,1,8630
06/11/2025 23:11:44,3,750,710,3,1,8540
06/11/2025 23:12:00,3,750,710,3,1,8540
06/11/2025 23:12:16,3,750,710,3,1,8540
06/11/2025 23:12:32,3,750,710,3,1,8520
06/11/2025 23:12:48,3,750,710,3,1,8520
06/11/2025 23:13:04,3,750,710,3,1,8520
06/11/2025 23:13:20,3,750,710,3,1,8520
06/11/2025 23:13:36,3,750,710,3,1,8560
06/11/2025 23:13:52,3,750,710,3,1,8560
06/11/2025 23:14:08,3,750,710,3,1,8530
06/11/2025 23:14:24,3,750,710,3,1,8530
06/11/2025 23:14:40,3,750,710,3,1,8530
06/11/2025 23:14:56,3,750,710,3,1,8510
06/11/2025 23:15:12,3,750,710,3,1,8510
06/11/2025 23:15:28,3,750,710,3,1,8490
06/11/2025 23:15:44,3,750,710,3,1,8490
06/11/2025 23:16:00,3,750,710,3,1,8480
06/11/2025 23:16:16,3,750,710,3,1,8480
06/11/2025 23:16:32,3,750,710,3,1,8480
06/11/2025 23:16:48,3,750,710,3,1,8480
06/11/2025 23:17:04,3,740,710,3,1,8480
06/11/2025 23:17:20,3,740,710,3,1,8480
06/11/2025 23:17:36,3,740,710,3,1,8480
06/11/2025 23:17:52,3,740,710,3,1,8510
06/11/2025 23:18:08,3,740,710,3,1,8510
06/11/2025 23:18:24,3,740,710,3,1,8520
06/11/2025 23:18:40,3,740,710,3,1,8520
06/11/2025 23:18:56,3,740,710,3,1,8500
06/11/2025 23:19:12,3,740,710,3,1,8500
06/11/2025 23:19:28,3,740,710,3,1,8500
06/11/2025 23:19:44,3,740,710,3,1,8500
06/11/2025 23:20:00,3,740,710,3,1,8500
06/11/2025 23:20:16,3,740,710,3,1,8600
06/11/2025 23:20:32,3,730,710,3,1,8600
06/11/2025 23:20:48,3,730,710,3,1,8590
06/11/2025 23:21:04,3,730,710,3,1,8590
06/11/2025 23:21:20,3,730,710,3,1,8640
06/11/2025 23:21:36,3,730,710,3,1,8640
06/11/2025 23:21:52,3,730,710,3,1,8640
06/11/2025 23:22:08,3,730,710,3,1,8650
06/11/2025 23:22:24,3,730,710,3,1,8650
06/11/2025 23:22:40,3,730,710,3,2,8630
06/11/2025 23:22:56,3,730,710,3,2,8630
06/11/2025 23:23:12,3,730,710,3,1,8630
06/11/2025 23:23:28,3,730,710,3,1,8630
06/11/2025 23:23:44,3,730,710,3,1,8620
06/11/2025 23:24:00,3,730,710,3,1,8620
06/11/2025 23:24:16,3,730,710,3,1,8620
06/11/2025 23:24:32,3,730,710,3,1,8600
06/11/2025 23:24:48,3,730,710,3,1,8600
06/11/2025 23:25:04,3,730,710,3,1,8590
06/11/2025 23:25:20,3,730,710,3,1,8590
06/11/2025 23:25:36,3,730,710,3,1,8590
06/11/2025 23:25:52,3,730,710,3,1,8590
06/11/2025 23:26:08,3,730,710,3,1,8590
06/11/2025 23:26:24,3,730,710,3,1,8590
06/11/2025 23:26:40,3,730,710,3,1,8590
06/11/2025 23:26:56,3,730,710,3,1,8690
06/11/2025 23:27:12,3,730,710,3,1,8690
06/11/2025 23:27:28,3,720,710,3,1,8700
06/11/2025 23:27:44,3,720,710,3,1,8700
06/11/2025 23:28:00,3,720,710,3,1,8720
06/11/2025 23:28:16,3,720,710,3,1,8720
06/11/2025 23:28:32,3,720,710,3,1,8740
06/11/2025 23:28:48,3,720,710,3,1,8740
06/11/2025 23:29:04,3,720,710,3,1,8740
06/11/2025 23:29:20,3,720,710,3,1,8750
06/11/2025 23:29:36,3,720,710,3,1,8750
06/11/2025 23:29:52,3,720,710,3,1,8740
06/11/2025 23:30:08,3,720,710,3,1,8740
06/11/2025 23:30:24,3,720,710,3,1,8740
06/11/2025 23:30:40,3,720,710,3,1,8740
06/11/2025 23:30:56,3,720,710,3,1,8770
06/11/2025 23:31:12,3,720,710,3,1,8770
06/11/2025 23:31:28,3,720,710,3,1,8770
06/11/2025 23:31:44,3,720,710,3,1,8740
06/11/2025 23:32:00,3,720,710,3,1,8740
06/11/2025 23:32:16,3,720,710,3,1,8750
06/11/2025 23:32:32,3,720,710,3,1,8750
06/11/2025 23:32:48,3,720,710,3,1,8760
06/11/2025 23:33:04,3,720,710,3,1,8760
06/11/2025 23:33:20,3,720,710,3,1,8770
06/11/2025 23:33:36,3,720,710,3,1,8770
06/11/2025 23:33:52,3,720,710,3,1,8770
06/11/2025 23:34:08,3,720,710,3,1,8760
06/11/2025 23:34:24,3,720,710,3,1,8760
06/11/2025 23:34:40,3,720,710,3,1,8760
06/11/2025 23:34:56,3,720,710,3,1,8760
06/11/2025 23:35:12,3,730,710,3,1,8760
06/11/2025 23:35:28,3,730,710,3,1,8760
06/11/2025 23:35:44,3,730,710,3,1,8740
06/11/2025 23:36:00,3,730,710,3,1,8740
06/11/2025 23:36:16,3,730,710,3,1,8740
06/11/2025 23:36:32,3,730,710,3,1,8740
06/11/2025 23:36:48,3,730,710,3,1,8740
06/11/2025 23:37:04,3,730,710,3,1,8430
06/11/2025 23:37:20,3,730,710,3,1,8430
06/11/2025 23:37:36,3,730,710,3,1,8600
06/11/2025 23:37:52,3,730,710,3,1,8600
06/11/2025 23:38:08,3,730,710,3,1,8630
06/11/2025 23:38:24,3,730,710,3,1,8630
06/11/2025 23:38:40,3,730,710,3,1,8630
06/11/2025 23:38:56,3,730,710,3,1,8650
06/11/2025 23:39:12,3,730,710,3,1,8650
06/11/2025 23:39:28,3,730,710,3,1,8650
06/11/2025 23:39:44,3,730,710,3,1,8650
06/11/2025 23:40:00,3,730,710,3,1,8670
06/11/2025 23:40:16,3,730,710,3,1,8670
06/11/2025 23:40:32,3,730,710,3,1,8660
06/11/2025 23:40:48,3,730,710,3,1,8660
06/11/2025 23:41:04,3,730,710,3,1,8660
06/11/2025 23:41:20,3,730,710,3,1,8660
06/11/2025 23:41:36,3,730,710,3,1,8660
06/11/2025 23:41:52,3,740,710,3,1,8650
06/11/2025 23:42:08,3,740,710,3,1,8650
06/11/2025 23:42:24,3,740,710,3,1,8660
06/11/2025 23:42:40,3,740,710,3,1,8660
06/11/2025 23:42:56,3,740,710,3,1,8660
06/11/2025 23:43:12,3,710,710,3,1,8660
06/11/2025 23:43:28,3,740,710,3,1,8660
06/11/2025 23:43:44,3,740,710,3,1,8660
06/11/2025 23:44:00,3,740,710,3,1,8660
06/11/2025 23:44:16,3,740,710,3,1,8670
06/11/2025 23:44:32,3,740,710,3,1,8670
06/11/2025 23:44:48,3,740,710,3,1,8670
06/11/2025 23:45:04,3,740,710,3,1,8670
06/11/2025 23:45:20,3,740,710,3,1,8680
06/11/2025 23:45:36,3,740,710,3,1,8680
06/11/2025 23:45:52,3,740,710,3,1,8680
06/11/2025 23:46:08,3,740,710,3,1,8680
06/11/2025 23:46:24,3,740,710,3,1,8680
06/11/2025 23:46:40,3,740,710,3,1,8690
06/11/2025 23:46:56,3,740,710,3,1,8690
06/11/2025 23:47:12,3,740,710,3,1,8710
06/11/2025 23:47:28,3,740,710,3,1,8710
06/11/2025 23:47:44,3,740,710,3,1,8720
06/11/2025 23:48:00,3,740,710,3,1,8720
06/11/2025 23:48:16,3,740,710,3,1,8720
06/11/2025 23:48:32,3,740,710,3,1,8730
06/11/2025 23:48:48,3,740,710,3,1,8730
06/11/2025 23:49:04,3,740,710,3,1,8720
06/11/2025 23:49:20,3,740,710,3,1,8720
06/11/2025 23:49:36,3,740,710,3,1,8730
06/11/2025 23:49:52,3,740,710,3,1,8730
06/11/2025 23:50:08,3,740,710,3,2,690
06/11/2025 23:50:24,3,740,710,3,2,690
06/11/2025 23:50:40,3,740,710,3,2,690
06/11/2025 23:50:56,3,740,710,3,1,8770
06/11/2025 23:51:12,3,740,710,3,1,8770
06/11/2025 23:51:28,3,750,710,3,1,8780
06/11/2025 23:51:44,3,740,710,3,1,8780
06/11/2025 23:52:00,3,740,710,3,1,8780
06/11/2025 23:52:16,3,740,710,3,1,8780
06/11/2025 23:52:32,3,750,710,3,1,8800
06/11/2025 23:52:48,3,750,710,3,1,8800
06/11/2025 23:53:04,3,750,710,3,1,8800
06/11/2025 23:53:20,3,730,710,3,1,8800
06/11/2025 23:53:36,3,740,710,3,1,8800
06/11/2025 23:53:52,3,740,710,3,1,8810
06/11/2025 23:54:08,3,740,710,3,1,8810
06/11/2025 23:54:24,3,740,710,3,1,8810
06/11/2025 23:54:40,3,740,710,3,1,8810
06/11/2025 23:54:56,3,740,710,3,1,8810
06/11/2025 23:55:12,3,740,710,3,1,8810
06/11/2025 23:55:28,3,740,710,3,1,8810
06/11/2025 23:55:44,3,740,710,3,2,690
06/11/2025 23:56:00,3,740,710,3,2,690
06/11/2025 23:56:16,3,750,710,3,1,8820
06/11/2025 23:56:32,3,750,710,3,1,8820
06/11/2025 23:56:48,3,740,710,3,1,8820
06/11/2025 23:57:04,3,740,710,3,1,8820
06/11/2025 23:57:20,3,730,710,3,1,8810
06/11/2025 23:57:36,3,730,710,3,1,8810
06/11/2025 23:57:52,3,730,710,3,1,8810
06/11/2025 23:58:08,3,740,710,3,1,8810
06/11/2025 23:58:24,3,740,710,3,1,8810
06/11/2025 23:58:40,3,730,710,3,3,8810
06/11/2025 23:58:56,3,740,710,3,3,8810
06/11/2025 23:59:12,3,740,710,3,2,10140
06/11/2025 23:59:28,3,740,710,3,2,10140
06/11/2025 23:59:44,3,740,710,3,1,10130
07/11/2025 00:00:00,3,740,740,3,1,10130
07/11/2025 00:00:16,3,740,740,3,1,10130
07/11/2025 00:00:32,3,740,740,3,1,10050
07/11/2025 00:00:48,3,740,740,3,1,10050
07/11/2025 00:01:04,3,740,740,3,2,7240
07/11/2025 00:01:20,3,740,740,3,2,7240
07/11/2025 00:01:36,3,740,740,3,1,7230
07/11/2025 00:01:52,3,730,740,3,1,7230
07/11/2025 00:02:08,3,730,740,3,1,7240
07/11/2025 00:02:24,3,730,740,3,1,7240
07/11/2025 00:02:40,3,730,740,3,1,7240
07/11/2025 00:02:56,3,730,740,3,1,7250
07/11/2025 00:03:12,3,730,740,3,1,7250
07/11/2025 00:03:28,3,730,740,3,1,7250
07/11/2025 00:03:44,3,730,740,3,1,7250
07/11/2025 00:04:00,3,730,740,3,1,7270
07/11/2025 00:04:16,3,730,740,3,1,7270
07/11/2025 00:04:32,3,730,740,3,2,7280
07/11/2025 00:04:48,3,730,740,3,2,7280
07/11/2025 00:05:04,3,730,740,3,2,7280
07/11/2025 00:05:20,3,730,740,3,2,9020
07/11/2025 00:05:36,3,730,740,3,2,9020
07/11/2025 00:05:52,3,730,740,3,2,9040
07/11/2025 00:06:08,3,730,740,3,2,9040
07/11/2025 00:06:24,3,730,740,3,2,9040
07/11/2025 00:06:40,3,730,740,3,2,9040
07/11/2025 00:06:56,3,730,740,3,2,9270
07/11/2025 00:07:12,3,730,740,3,2,9270
07/11/2025 00:07:28,3,730,740,3,2,9270
07/11/2025 00:07:44,3,730,740,3,2,9190
07/11/2025 00:08:00,3,730,740,3,2,9190
07/11/2025 00:08:16,3,730,740,3,2,9100
07/11/2025 00:08:32,3,730,740,3,2,9100
07/11/2025 00:08:48,3,730,740,3,2,8970
07/11/2025 00:09:04,3,730,740,3,2,8970
07/11/2025 00:09:20,3,730,740,3,2,8970
07/11/2025 00:09:36,3,730,740,3,2,8970
07/11/2025 00:09:52,3,730,740,3,2,8970
07/11/2025 00:10:08,3,730,740,3,2,9060
07/11/2025 00:10:24,3,730,740,3,2,9060
07/11/2025 00:10:40,3,730,740,3,1,9140
07/11/2025 00:10:56,3,740,740,3,1,9140
07/11/2025 00:11:12,3,740,740,3,3,7330
07/11/2025 00:11:28,3,740,740,3,3,7330
07/11/2025 00:11:44,3,740,740,3,2,9210
07/11/2025 00:12:00,3,740,740,3,2,9210
07/11/2025 00:12:16,3,740,740,3,2,9210
07/11/2025 00:12:32,3,740,740,3,2,9050
07/11/2025 00:12:48,3,740,740,3,2,9050
07/11/2025 00:13:04,3,740,740,3,2,9210
07/11/2025 00:13:20,3,740,740,3,2,9210
07/11/2025 00:13:36,3,740,740,3,3,8930
07/11/2025 00:13:52,3,730,740,3,3,8930
07/11/2025 00:14:08,3,730,740,3,3,7230
07/11/2025 00:14:24,3,730,740,3,3,7230
07/11/2025 00:14:40,3,730,740,3,3,7230
07/11/2025 00:14:56,3,730,740,3,2,8690
07/11/2025 00:15:12,3,730,740,3,2,8690
07/11/2025 00:15:28,3,730,740,3,2,8690
07/11/2025 00:15:44,3,730,740,3,2,8690
07/11/2025 00:16:00,3,730,740,3,1,8700
07/11/2025 00:16:16,3,730,740,3,1,8700
07/11/2025 00:16:32,3,730,740,3,3,8510
07/11/2025 00:16:48,3,730,740,3,3,8510
07/11/2025 00:17:04,3,730,740,3,3,8510
07/11/2025 00:17:20,3,730,740,3,3,8680
07/11/2025 00:17:36,3,730,740,3,3,8680
07/11/2025 00:17:52,3,730,740,3,2,8660
07/11/2025 00:18:08,3,730,740,3,2,8660
07/11/2025 00:18:24,3,730,740,3,2,8630
07/11/2025 00:18:40,3,730,740,3,2,8630
07/11/2025 00:18:56,3,730,740,3,2,8730
07/11/2025 00:19:12,3,730,740,3,2,8730
07/11/2025 00:19:28,3,730,740,3,2,8730
07/11/2025 00:19:44,3,730,740,3,3,8690
07/11/2025 00:20:00,3,730,740,3,3,8690
07/11/2025 00:20:16,3,730,740,3,2,8660
07/11/2025 00:20:32,3,730,740,3,2,8660
07/11/2025 00:20:48,3,730,740,3,2,8680
07/11/2025 00:21:04,3,730,740,3,2,8680
07/11/2025 00:21:20,3,730,740,3,2,8680
07/11/2025 00:21:36,3,730,740,3,2,8680
07/11/2025 00:21:52,3,730,740,3,2,8680
07/11/2025 00:22:08,3,730,740,3,2,8800
07/11/2025 00:22:24,3,730,740,3,2,8800
07/11/2025 00:22:40,3,730,740,3,3,8750
07/11/2025 00:22:56,3,730,740,3,3,8750
07/11/2025 00:23:12,3,730,740,3,2,8770
07/11/2025 00:23:28,3,730,740,3,2,8770
07/11/2025 00:23:44,3,730,740,3,2,8770
07/11/2025 00:24:00,3,730,740,3,2,8770
07/11/2025 00:24:16,3,730,740,3,2,8770
07/11/2025 00:24:32,3,720,740,3,1,8820
07/11/2025 00:24:48,3,720,740,3,1,8820
07/11/2025 00:25:04,3,720,740,3,2,8790
07/11/2025 00:25:20,3,720,740,3,2,8790
07/11/2025 00:25:36,3,720,740,3,1,8820
07/11/2025 00:25:52,3,720,740,3,1,8820
07/11/2025 00:26:08,3,720,740,3,1,8670
07/11/2025 00:26:24,3,720,740,3,1,8670
07/11/2025 00:26:40,3,720,740,3,1,8670
07/11/2025 00:26:56,3,720,740,3,2,8620
07/11/2025 00:27:12,3,720,740,3,2,8620
07/11/2025 00:27:28,3,720,740,3,2,8640
07/11/2025 00:27:44,3,720,740,3,2,8640
07/11/2025 00:28:00,3,720,740,3,2,8690
07/11/2025 00:28:16,3,720,740,3,2,8690
07/11/2025 00:28:32,3,710,740,3,2,8740
07/11/2025 00:28:48,3,720,740,3,2,8740
07/11/2025 00:29:04,3,720,740,3,2,8740
07/11/2025 00:29:20,3,720,740,3,2,8910
07/11/2025 00:29:36,3,720,740,3,2,8910
07/11/2025 00:29:52,3,720,740,3,2,8790
07/11/2025 00:30:08,3,720,740,3,2,8790
07/11/2025 00:30:24,3,720,740,3,2,8790
07/11/2025 00:30:40,3,720,740,3,2,8790
07/11/2025 00:30:56,3,720,740,3,3,8370
07/11/2025 00:31:12,3,720,740,3,3,8370
07/11/2025 00:31:28,3,720,740,3,3,8370
07/11/2025 00:31:44,3,720,740,3,2,8850
07/11/2025 00:32:00,3,720,740,3,2,8850
07/11/2025 00:32:16,3,720,740,3,2,8720
07/11/2025 00:32:32,3,720,740,3,2,8720
07/11/2025 00:32:48,3,720,740,3,2,8730
07/11/2025 00:33:04,3,720,740,3,2,8730
07/11/2025 00:33:20,3,720,740,3,2,8780
07/11/2025 00:33:36,3,720,740,3,2,8780
07/11/2025 00:33:52,3,720,740,3,2,8780
07/11/2025 00:34:08,3,720,740,3,2,8660
07/11/2025 00:34:24,3,720,740,3,2,8660
07/11/2025 00:34:40,3,720,740,3,2,8640
07/11/2025 00:34:56,3,720,740,3,2,8640
07/11/2025 00:35:12,3,720,740,3,2,8650
07/11/2025 00:35:28,3,720,740,3,2,8650
07/11/2025 00:35:44,3,720,740,3,2,8680
07/11/2025 00:36:00,3,720,740,3,2,8680
07/11/2025 00:36:16,3,710,740,3,2,8680
07/11/2025 00:36:32,3,710,740,3,2,8720
07/11/2025 00:36:48,3,710,740,3,2,8720
07/11/2025 00:37:04,3,710,740,3,2,8170
07/11/2025 00:37:20,3,710,740,3,2,8170
07/11/2025 00:37:36,3,710,740,3,1,8570
07/11/2025 00:37:52,3,710,740,3,1,8570
07/11/2025 00:38:08,3,710,740,3,2,7090
07/11/2025 00:38:24,3,710,740,3,2,7090
07/11/2025 00:38:40,3,710,740,3,2,7090
07/11/2025 00:38:56,3,710,740,3,2,7060
07/11/2025 00:39:12,3,710,740,3,2,7060
07/11/2025 00:39:28,3,710,740,3,1,7060
07/11/2025 00:39:44,3,710,740,3,1,7060
07/11/2025 00:40:00,3,710,740,3,1,7050
07/11/2025 00:40:16,3,710,740,3,1,7050
07/11/2025 00:40:32,3,710,740,3,1,7120
07/11/2025 00:40:48,3,710,740,3,1,7120
07/11/2025 00:41:04,3,710,740,3,1,7120
07/11/2025 00:41:20,3,710,740,3,1,7120
07/11/2025 00:41:36,3,710,740,3,1,7120
07/11/2025 00:41:52,3,710,740,3,3,7100
07/11/2025 00:42:08,3,710,740,3,3,7100
07/11/2025 00:42:24,3,710,740,3,3,8700
07/11/2025 00:42:40,3,710,740,3,3,8700
07/11/2025 00:42:56,3,710,740,3,2,9130
07/11/2025 00:43:12,3,710,740,3,2,9130
07/11/2025 00:43:28,3,710,740,3,2,9130
07/11/2025 00:43:44,3,710,740,3,2,8640
07/11/2025 00:44:00,3,710,740,3,2,8640
07/11/2025 00:44:16,3,710,740,3,2,8600
07/11/2025 00:44:32,3,710,740,3,2,8600
07/11/2025 00:44:48,3,710,740,3,1,8530
07/11/2025 00:45:04,3,710,740,3,1,8530
07/11/2025 00:45:20,3,710,740,3,2,8560
07/11/2025 00:45:36,3,710,740,3,2,8560
07/11/2025 00:45:52,3,710,740,3,2,8560
07/11/2025 00:46:08,3,710,740,3,2,8530
07/11/2025 00:46:24,3,710,740,3,2,8530
07/11/2025 00:46:40,3,710,740,3,2,8600
07/11/2025 00:46:56,3,710,740,3,2,8600
07/11/2025 00:47:12,3,710,740,3,1,8680
07/11/2025 00:47:28,3,710,740,3,1,8680
07/11/2025 00:47:44,3,710,740,3,1,8720
07/11/2025 00:48:00,3,700,740,3,1,8720
07/11/2025 00:48:16,3,710,740,3,1,8720
07/11/2025 00:48:32,3,710,740,3,1,8760
07/11/2025 00:48:48,3,710,740,3,1,8760
07/11/2025 00:49:04,3,710,740,3,2,8790
07/11/2025 00:49:20,3,710,740,3,2,8790
07/11/2025 00:49:36,3,710,740,3,3,6990
07/11/2025 00:49:52,3,710,740,3,3,6990
07/11/2025 00:50:08,3,710,740,3,2,6980
07/11/2025 00:50:24,3,710,740,3,2,6980
07/11/2025 00:50:40,3,700,740,3,2,6980
07/11/2025 00:50:56,3,700,740,3,2,6970
07/11/2025 00:51:12,3,700,740,3,2,6970
07/11/2025 00:51:28,3,700,740,3,2,6990
07/11/2025 00:51:44,3,700,740,3,2,6990
07/11/2025 00:52:00,3,700,740,3,1,6980
07/11/2025 00:52:16,3,700,740,3,1,6980
07/11/2025 00:52:32,3,700,740,3,1,6980
07/11/2025 00:52:48,3,700,740,3,1,6980
07/11/2025 00:53:04,3,700,740,3,1,6980
07/11/2025 00:53:20,3,700,740,3,1,6990
07/11/2025 00:53:36,3,700,740,3,1,6990
07/11/2025 00:53:52,3,700,740,3,1,7010
07/11/2025 00:54:08,3,700,740,3,1,7010
07/11/2025 00:54:24,3,700,740,3,1,7030
07/11/2025 00:54:40,3,700,740,3,1,7030
07/11/2025 00:54:56,3,700,740,3,2,7050
07/11/2025 00:55:12,3,700,740,3,2,7050
07/11/2025 00:55:28,3,700,740,3,2,7050
07/11/2025 00:55:44,3,700,740,3,1,7090
07/11/2025 00:56:00,3,700,740,3,1,7090
07/11/2025 00:56:16,3,700,740,3,1,7070
07/11/2025 00:56:32,3,700,740,3,1,7070
07/11/2025 00:56:48,3,700,740,3,1,7090
07/11/2025 00:57:04,3,700,740,3,1,7090
07/11/2025 00:57:20,3,700,740,3,1,7070
07/11/2025 00:57:36,3,690,740,3,1,7070
07/11/2025 00:57:52,3,690,740,3,1,7070
07/11/2025 00:58:08,3,690,740,3,1,7050
07/11/2025 00:58:24,3,690,740,3,1,7050
07/11/2025 00:58:40,3,690,740,3,1,7050
07/11/2025 00:58:56,3,690,740,3,1,7050
07/11/2025 00:59:12,3,690,740,3,1,7050
07/11/2025 00:59:28,3,690,740,3,1,7050
07/11/2025 00:59:44,3,690,740,3,1,7060
07/11/2025 01:00:00,3,690,720,3,1,7060
07/11/2025 01:00:16,3,690,720,3,1,7060
07/11/2025 01:00:32,3,690,720,3,1,7050
07/11/2025 01:00:48,3,680,720,3,1,7050
07/11/2025 01:01:04,3,680,720,3,1,7050
07/11/2025 01:01:20,3,680,720,3,1,7050
07/11/2025 01:01:36,3,680,720,3,1,7050
07/11/2025 01:01:52,3,680,720,3,1,7050
07/11/2025 01:02:08,3,680,720,3,1,7070
07/11/2025 01:02:24,3,660,720,3,1,7070
07/11/2025 01:02:40,3,680,720,3,1,7070
07/11/2025 01:02:56,3,680,720,3,1,7060
07/11/2025 01:03:12,3,670,720,3,1,7060
07/11/2025 01:03:28,3,670,720,3,1,7030
07/11/2025 01:03:44,3,670,720,3,1,7030
07/11/2025 01:04:00,3,670,720,3,1,7020
07/11/2025 01:04:16,3,670,720,3,1,7020
07/11/2025 01:04:32,3,670,720,3,2,6630
07/11/2025 01:04:48,3,670,720,3,2,6630
07/11/2025 01:05:04,3,670,720,3,2,6630
07/11/2025 01:05:20,3,670,720,3,1,6650
07/11/2025 01:05:36,3,670,720,3,1,6650
07/11/2025 01:05:52,3,670,720,3,2,6670
07/11/2025 01:06:08,3,670,720,3,2,6670
07/11/2025 01:06:24,3,670,720,3,1,6670
07/11/2025 01:06:40,3,670,720,3,1,6670
07/11/2025 01:06:56,3,670,720,3,1,6670
07/11/2025 01:07:12,3,670,720,3,1,6670
07/11/2025 01:07:28,3,670,720,3,1,6670
07/11/2025 01:07:44,3,670,720,3,1,6670
07/11/2025 01:08:00,3,670,720,3,1,6670
07/11/2025 01:08:16,3,670,720,3,1,6690
07/11/2025 01:08:32,3,670,720,3,1,6690
07/11/2025 01:08:48,3,670,720,3,1,6690
07/11/2025 01:09:04,3,670,720,3,1,6690
07/11/2025 01:09:20,3,670,720,3,1,6680
07/11/2025 01:09:36,3,670,720,3,1,6680
07/11/2025 01:09:52,3,670,720,3,1,6680
07/11/2025 01:10:08,3,670,720,3,1,6680
07/11/2025 01:10:24,3,670,720,3,1,6680
07/11/2025 01:10:40,3,670,720,3,1,6680
07/11/2025 01:10:56,3,670,720,3,1,6680
07/11/2025 01:11:12,3,670,720,3,1,6690
07/11/2025 01:11:28,3,670,720,3,1,6690
07/11/2025 01:11:44,3,670,720,3,1,6700
07/11/2025 01:12:00,3,670,720,3,1,6700
07/11/2025 01:12:16,3,670,720,3,1,6700
07/11/2025 01:12:32,3,670,720,3,1,6730
07/11/2025 01:12:48,3,670,720,3,1,6730
07/11/2025 01:13:04,3,670,720,3,1,6700
07/11/2025 01:13:20,3,670,720,3,1,6700
07/11/2025 01:13:36,3,660,720,3,2,6690
07/11/2025 01:13:52,3,660,720,3,2,6690
07/11/2025 01:14:08,3,660,720,3,1,6700
07/11/2025 01:14:24,3,660,720,3,1,6700
07/11/2025 01:14:40,3,660,720,3,1,6700
07/11/2025 01:14:56,3,660,720,3,1,6690
07/11/2025 01:15:12,3,660,720,3,1,6690
07/11/2025 01:15:28,3,660,720,3,1,6690
07/11/2025 01:15:44,3,670,720,3,1,6690
07/11/2025 01:16:00,3,670,720,3,2,10660
07/11/2025 01:16:16,3,670,720,3,2,10660
07/11/2025 01:16:32,3,670,720,3,2,10660
07/11/2025 01:16:48,3,670,720,3,2,10660
07/11/2025 01:17:04,3,670,720,3,2,10660
07/11/2025 01:17:20,3,670,720,3,2,7360
07/11/2025 01:17:36,3,670,720,3,2,7360
07/11/2025 01:17:52,3,670,720,3,1,7330
07/11/2025 01:18:08,3,670,720,3,1,7330
07/11/2025 01:18:24,3,660,720,3,1,7310
07/11/2025 01:18:40,3,660,720,3,1,7310
07/11/2025 01:18:56,3,660,720,3,1,7290
07/11/2025 01:19:12,3,660,720,3,1,7290
07/11/2025 01:19:28,3,660,720,3,1,7290
07/11/2025 01:19:44,3,660,720,3,1,7290
07/11/2025 01:20:00,3,670,720,3,1,7290
07/11/2025 01:20:16,3,660,720,3,1,7250
07/11/2025 01:20:32,3,660,720,3,1,7250
07/11/2025 01:20:48,3,660,720,3,1,7240
07/11/2025 01:21:04,3,660,720,3,1,7240
07/11/2025 01:21:20,3,660,720,3,1,7190
07/11/2025 01:21:36,3,660,720,3,1,7190
07/11/2025 01:21:52,3,660,720,3,1,7190
07/11/2025 01:22:08,3,660,720,3,1,7110
07/11/2025 01:22:24,3,660,720,3,1,7110
07/11/2025 01:22:40,3,660,720,3,1,7070
07/11/2025 01:22:56,3,660,720,3,1,7070
07/11/2025 01:23:12,3,660,720,3,1,7020
07/11/2025 01:23:28,3,660,720,3,1,7020
07/11/2025 01:23:44,3,660,720,3,2,6740
07/11/2025 01:24:00,3,660,720,3,2,6740
07/11/2025 01:24:16,3,660,720,3,2,6740
07/11/2025 01:24:32,3,660,720,3,1,6690
07/11/2025 01:24:48,3,660,720,3,1,6690
07/11/2025 01:25:04,3,660,720,3,1,6750
07/11/2025 01:25:20,3,660,720,3,1,6750
07/11/2025 01:25:36,3,660,720,3,2,6610
07/11/2025 01:25:52,3,660,720,3,2,6610
07/11/2025 01:26:08,3,660,720,3,2,6670
07/11/2025 01:26:24,3,660,720,3,2,6670
07/11/2025 01:26:40,3,660,720,3,2,6670
07/11/2025 01:26:56,3,660,720,3,1,6890
07/11/2025 01:27:12,3,660,720,3,1,6890
07/11/2025 01:27:28,3,660,720,3,1,6820
07/11/2025 01:27:44,3,660,720,3,1,6820
07/11/2025 01:28:00,3,660,720,3,1,6830
07/11/2025 01:28:16,3,660,720,3,1,6830
07/11/2025 01:28:32,3,650,720,3,1,6890
07/11/2025 01:28:48,3,650,720,3,1,6890
07/11/2025 01:29:04,3,650,720,3,1,6890
07/11/2025 01:29:20,3,650,720,3,2,7060
07/11/2025 01:29:36,3,650,720,3,2,7060
07/11/2025 01:29:52,3,650,720,3,2,6850
07/11/2025 01:30:08,3,650,720,3,2,6850
07/11/2025 01:30:24,3,650,720,3,1,6860
07/11/2025 01:30:40,3,650,720,3,1,6860
07/11/2025 01:30:56,3,650,720,3,1,6940
07/11/2025 01:31:12,3,650,720,3,1,6940
07/11/2025 01:31:28,3,640,720,3,1,6940
07/11/2025 01:31:44,3,640,720,3,1,6970
07/11/2025 01:32:00,3,640,720,3,1,6970
07/11/2025 01:32:16,3,640,720,3,1,6960
07/11/2025 01:32:32,3,640,720,3,1,6960
07/11/2025 01:32:48,3,640,720,3,1,6900
07/11/2025 01:33:04,3,640,720,3,1,6900
07/11/2025 01:33:20,3,640,720,3,1,6900
07/11/2025 01:33:36,3,640,720,3,1,6900
07/11/2025 01:33:52,3,630,720,3,1,6900
07/11/2025 01:34:08,3,630,720,3,2,6910
07/11/2025 01:34:24,3,630,720,3,2,6910
07/11/2025 01:34:40,3,630,720,3,1,10630
07/11/2025 01:34:56,3,630,720,3,1,10630
07/11/2025 01:35:12,3,630,720,3,1,10630
07/11/2025 01:35:28,3,630,720,3,1,10630
07/11/2025 01:35:44,3,630,720,3,2,10620
07/11/2025 01:36:00,3,620,720,3,2,10620
07/11/2025 01:36:16,3,620,720,3,2,10620
07/11/2025 01:36:32,3,620,720,3,1,10710
07/11/2025 01:36:48,3,620,720,3,1,10710
07/11/2025 01:37:04,3,620,720,3,1,10730
07/11/2025 01:37:20,3,620,720,3,1,10730
07/11/2025 01:37:36,3,620,720,3,1,10740
07/11/2025 01:37:52,3,620,720,3,1,10740
07/11/2025 01:38:08,3,620,720,3,1,10690
07/11/2025 01:38:24,3,620,720,3,1,10690
07/11/2025 01:38:40,3,620,720,3,1,10690
07/11/2025 01:38:56,3,620,720,3,1,10690
07/11/2025 01:39:12,3,620,720,3,1,10690
07/11/2025 01:39:28,3,620,720,3,1,10690
07/11/2025 01:39:44,3,620,720,3,1,10690
07/11/2025 01:40:00,3,620,720,3,1,10740
07/11/2025 01:40:16,3,620,720,3,1,10740
07/11/2025 01:40:32,3,620,720,3,1,11490
07/11/2025 01:40:48,3,620,720,3,1,11490
07/11/2025 01:41:04,3,620,720,3,1,11490
07/11/2025 01:41:20,3,620,720,3,1,11510
07/11/2025 01:41:36,3,620,720,3,1,11510
07/11/2025 01:41:52,3,620,720,3,1,11550
07/11/2025 01:42:08,3,610,720,3,1,11550
07/11/2025 01:42:24,3,610,720,3,1,11550
07/11/2025 01:42:40,3,610,720,3,1,11550
07/11/2025 01:42:56,3,610,720,3,1,11560
07/11/2025 01:43:12,3,610,720,3,1,11560
07/11/2025 01:43:28,3,610,720,3,1,11560
07/11/2025 01:43:44,3,610,720,3,2,7900
07/11/2025 01:44:00,3,610,720,3,2,7900
07/11/2025 01:44:16,3,610,720,3,2,7880
07/11/2025 01:44:32,3,610,720,3,2,7880
07/11/2025 01:44:48,3,610,720,3,1,7840
07/11/2025 01:45:04,3,610,720,3,1,7840
07/11/2025 01:45:20,3,610,720,3,1,7840
07/11/2025 01:45:36,3,600,720,3,1,7840
07/11/2025 01:45:52,3,600,720,3,1,7840
07/11/2025 01:46:08,3,600,720,3,2,7630
07/11/2025 01:46:24,3,600,720,3,2,7630
07/11/2025 01:46:40,3,600,720,3,1,7440
07/11/2025 01:46:56,3,600,720,3,1,7440
07/11/2025 01:47:12,3,600,720,3,2,7010
07/11/2025 01:47:28,3,600,720,3,2,7010
07/11/2025 01:47:44,3,600,720,3,1,6970
07/11/2025 01:48:00,3,600,720,3,1,6970
07/11/2025 01:48:16,3,600,720,3,1,6970
07/11/2025 01:48:32,3,600,720,3,1,6950
07/11/2025 01:48:48,3,600,720,3,1,6950
07/11/2025 01:49:04,3,600,720,3,1,6960
07/11/2025 01:49:20,3,600,720,3,1,6960
07/11/2025 01:49:36,3,600,720,3,2,6780
07/11/2025 01:49:52,3,600,720,3,2,6780
07/11/2025 01:50:08,3,600,720,3,1,6570
07/11/2025 01:50:24,3,590,720,3,1,6570
07/11/2025 01:50:40,3,590,720,3,1,6570
07/11/2025 01:50:56,3,590,720,3,1,6540
07/11/2025 01:51:12,3,590,720,3,1,6540
07/11/2025 01:51:28,3,590,720,3,1,6550
07/11/2025 01:51:44,3,590,720,3,1,6550
07/11/2025 01:52:00,3,590,720,3,2,6350
07/11/2025 01:52:16,3,590,720,3,2,6350
07/11/2025 01:52:32,3,590,720,3,1,6160
07/11/2025 01:52:48,3,590,720,3,1,6160
07/11/2025 01:53:04,3,590,720,3,1,6160
07/11/2025 01:53:20,3,590,720,3,2,5840
07/11/2025 01:53:36,3,590,720,3,2,5840
07/11/2025 01:53:52,3,580,720,3,1,5770
07/11/2025 01:54:08,3,580,720,3,1,5770
07/11/2025 01:54:24,3,580,720,3,1,5700
07/11/2025 01:54:40,3,580,720,3,1,5700
07/11/2025 01:54:56,3,580,720,3,1,5620
07/11/2025 01:55:12,3,580,720,3,1,5620
07/11/2025 01:55:28,3,580,720,3,1,5620
07/11/2025 01:55:44,3,580,720,3,1,5570
07/11/2025 01:56:00,3,580,720,3,1,5570
07/11/2025 01:56:16,3,580,720,3,1,5610
07/11/2025 01:56:32,3,580,720,3,1,5610
07/11/2025 01:56:48,3,570,720,3,1,5660
07/11/2025 01:57:04,3,570,720,3,1,5660
07/11/2025 01:57:20,3,570,720,3,1,5750
07/11/2025 01:57:36,3,570,720,3,1,5750
07/11/2025 01:57:52,3,570,720,3,1,5750
07/11/2025 01:58:08,3,570,720,3,1,5790
07/11/2025 01:58:24,3,570,720,3,1,5790
07/11/2025 01:58:40,3,570,720,3,1,5790
07/11/2025 01:58:56,3,570,720,3,1,5790
07/11/2025 01:59:12,3,570,720,3,1,5780
07/11/2025 01:59:28,3,570,720,3,1,5780
07/11/2025 01:59:44,3,570,720,3,1,5710
07/11/2025 02:00:00,3,570,650,3,1,5710
07/11/2025 02:00:16,3,570,650,3,1,5710
07/11/2025 02:00:32,3,570,650,3,2,5420
07/11/2025 02:00:48,3,570,650,3,2,5420
07/11/2025 02:01:04,3,570,650,3,1,5420
07/11/2025 02:01:20,3,570,650,3,1,5420
07/11/2025 02:01:36,3,580,650,3,1,5580
07/11/2025 02:01:52,3,580,650,3,1,5580
07/11/2025 02:02:08,3,580,650,3,1,5600
07/11/2025 02:02:24,3,580,650,3,1,5600
07/11/2025 02:02:40,3,580,650,3,1,5600
07/11/2025 02:02:56,3,580,650,3,1,5570
07/11/2025 02:03:12,3,580,650,3,1,5570
07/11/2025 02:03:28,3,580,650,3,1,5550
07/11/2025 02:03:44,3,580,650,3,1,5550
07/11/2025 02:04:00,3,580,650,3,1,5590
07/11/2025 02:04:16,3,580,650,3,1,5590
07/11/2025 02:04:32,3,580,650,3,1,5580
07/11/2025 02:04:48,3,580,650,3,1,5580
07/11/2025 02:05:04,3,580,650,3,1,5580
07/11/2025 02:05:20,3,570,650,3,1,5600
07/11/2025 02:05:36,3,570,650,3,1,5600
07/11/2025 02:05:52,3,570,650,3,1,5600
07/11/2025 02:06:08,3,570,650,3,1,5600
07/11/2025 02:06:24,3,570,650,3,1,5630
07/11/2025 02:06:40,3,570,650,3,1,5630
07/11/2025 02:06:56,3,570,650,3,1,5620
07/11/2025 02:07:12,3,570,650,3,1,5620
07/11/2025 02:07:28,3,570,650,3,1,5620
07/11/2025 02:07:44,3,570,650,3,1,5630
07/11/2025 02:08:00,3,570,650,3,1,5630
07/11/2025 02:08:16,3,570,650,3,1,5610
07/11/2025 02:08:32,3,570,650,3,1,5610
07/11/2025 02:08:48,3,570,650,3,2,5730
07/11/2025 02:09:04,3,570,650,3,2,5730
07/11/2025 02:09:20,3,570,650,3,1,5900
07/11/2025 02:09:36,3,560,650,3,1,5900
07/11/2025 02:09:52,3,560,650,3,1,5900
07/11/2025 02:10:08,3,560,650,3,2,5590
07/11/2025 02:10:24,3,560,650,3,2,5590
07/11/2025 02:10:40,3,560,650,3,1,5520
07/11/2025 02:10:56,3,560,650,3,1,5520
07/11/2025 02:11:12,3,560,650,3,2,5550
07/11/2025 02:11:28,3,560,650,3,2,5550
07/11/2025 02:11:44,3,560,650,3,1,6190
07/11/2025 02:12:00,3,560,650,3,1,6190
07/11/2025 02:12:16,3,560,650,3,1,6190
07/11/2025 02:12:32,3,560,650,3,2,5850
07/11/2025 02:12:48,3,560,650,3,2,5850
07/11/2025 02:13:04,3,560,650,3,1,5630
07/11/2025 02:13:20,3,560,650,3,1,5630
07/11/2025 02:13:36,3,560,650,3,2,5800
07/11/2025 02:13:52,3,560,650,3,2,5800
07/11/2025 02:14:08,3,560,650,3,2,5810
07/11/2025 02:14:24,3,560,650,3,2,5810
07/11/2025 02:14:40,3,560,650,3,2,5810
07/11/2025 02:14:56,3,560,650,3,1,5800
07/11/2025 02:15:12,3,560,650,3,1,5800
07/11/2025 02:15:28,3,560,650,3,1,5840
07/11/2025 02:15:44,3,560,650,3,1,5840
07/11/2025 02:16:00,3,560,650,3,1,5830
07/11/2025 02:16:16,3,560,650,3,1,5830
07/11/2025 02:16:32,3,560,650,3,1,5830
07/11/2025 02:16:48,3,560,650,3,1,5830
07/11/2025 02:17:04,3,560,650,3,1,5830
07/11/2025 02:17:20,3,560,650,3,1,5750
07/11/2025 02:17:36,3,560,650,3,1,5750
07/11/2025 02:17:52,3,560,650,3,1,5790
07/11/2025 02:18:08,3,560,650,3,1,5790
07/11/2025 02:18:24,3,560,650,3,1,5800
07/11/2025 02:18:40,3,560,650,3,1,5800
07/11/2025 02:18:56,3,560,650,3,1,5860
07/11/2025 02:19:12,3,560,650,3,1,5860
07/11/2025 02:19:28,3,560,650,3,1,5860
07/11/2025 02:19:44,3,560,650,3,1,5880
07/11/2025 02:20:00,3,560,650,3,1,5880
07/11/2025 02:20:16,3,560,650,3,1,5760
07/11/2025 02:20:32,3,560,650,3,1,5760
07/11/2025 02:20:48,3,560,650,3,1,5750
07/11/2025 02:21:04,3,560,650,3,1,5750
07/11/2025 02:21:20,3,560,650,3,1,5590
07/11/2025 02:21:36,3,560,650,3,1,5590
07/11/2025 02:21:52,3,560,650,3,1,5590
07/11/2025 02:22:08,3,560,650,3,1,5510
07/11/2025 02:22:24,3,560,650,3,1,5510
07/11/2025 02:22:40,3,560,650,3,1,5490
07/11/2025 02:22:56,3,560,650,3,1,5490
07/11/2025 02:23:12,3,560,650,3,1,5520
07/11/2025 02:23:28,3,570,650,3,1,5520
07/11/2025 02:23:44,3,570,650,3,1,5550
07/11/2025 02:24:00,3,570,650,3,1,5550
07/11/2025 02:24:16,3,570,650,3,1,5550
07/11/2025 02:24:32,3,570,650,3,1,5550
07/11/2025 02:24:48,3,570,650,3,1,5550
07/11/2025 02:25:04,3,570,650,3,2,5120
07/11/2025 02:25:20,3,570,650,3,2,5120
07/11/2025 02:25:36,3,570,650,3,2,5110
07/11/2025 02:25:52,3,570,650,3,2,5110
07/11/2025 02:26:08,3,580,650,3,1,5480
07/11/2025 02:26:24,3,580,650,3,1,5480
07/11/2025 02:26:40,3,580,650,3,1,5480
07/11/2025 02:26:56,3,580,650,3,1,5430
07/11/2025 02:27:12,3,580,650,3,1,5430
07/11/2025 02:27:28,3,580,650,3,1,5420
07/11/2025 02:27:44,3,580,650,3,1,5420
07/11/2025 02:28:00,3,580,650,3,1,5420
07/11/2025 02:28:16,3,580,650,3,1,5420
07/11/2025 02:28:32,3,580,650,3,1,5420
07/11/2025 02:28:48,3,580,650,3,1,5420
07/11/2025 02:29:04,3,580,650,3,1,5420
07/11/2025 02:29:20,3,580,650,3,1,5400
07/11/2025 02:29:36,3,580,650,3,1,5400
07/11/2025 02:29:52,3,580,650,3,1,5390
07/11/2025 02:30:08,3,580,650,3,1,5390
07/11/2025 02:30:24,3,590,650,3,1,5390
07/11/2025 02:30:40,3,590,650,3,1,5390
07/11/2025 02:30:56,3,590,650,3,1,5390
07/11/2025 02:31:12,3,590,650,3,1,5390
07/11/2025 02:31:28,3,590,650,3,1,5390
07/11/2025 02:31:44,3,590,650,3,1,5390
07/11/2025 02:32:00,3,590,650,3,1,5390
07/11/2025 02:32:16,3,590,650,3,1,5370
07/11/2025 02:32:32,3,590,650,3,1,5370
07/11/2025 02:32:48,3,590,650,3,1,5370
07/11/2025 02:33:04,3,590,650,3,1,5370
07/11/2025 02:33:20,3,590,650,3,1,5360
07/11/2025 02:33:36,3,590,650,3,1,5360
07/11/2025 02:33:52,3,590,650,3,1,5360
07/11/2025 02:34:08,3,590,650,3,1,5340
07/11/2025 02:34:24,3,590,650,3,1,5340
07/11/2025 02:34:40,3,590,650,3,1,5310
07/11/2025 02:34:56,3,600,650,3,1,5310
07/11/2025 02:35:12,3,600,650,3,1,5300
07/11/2025 02:35:28,3,600,650,3,1,5300
07/11/2025 02:35:44,3,600,650,3,1,5290
07/11/2025 02:36:00,3,600,650,3,1,5290
07/11/2025 02:36:16,3,600,650,3,1,5290
07/11/2025 02:36:32,3,600,650,3,1,5290
07/11/2025 02:36:48,3,600,650,3,1,5290
07/11/2025 02:37:04,3,600,650,3,1,5300
07/11/2025 02:37:20,3,600,650,3,1,5300
07/11/2025 02:37:36,3,600,650,3,1,5400
07/11/2025 02:37:52,3,600,650,3,1,5400
07/11/2025 02:38:08,3,600,650,3,1,5320
07/11/2025 02:38:24,3,600,650,3,1,5320
07/11/2025 02:38:40,3,600,650,3,1,5320
07/11/2025 02:38:56,3,590,650,3,1,5270
07/11/2025 02:39:12,3,590,650,3,1,5270
07/11/2025 02:39:28,3,590,650,3,1,5280
07/11/2025 02:39:44,3,590,650,3,1,5280
07/11/2025 02:40:00,3,590,650,3,1,5270
07/11/2025 02:40:16,3,590,650,3,1,5270
07/11/2025 02:40:32,3,590,650,3,1,5210
07/11/2025 02:40:48,3,590,650,3,1,5210
07/11/2025 02:41:04,3,590,650,3,1,5210
07/11/2025 02:41:20,3,590,650,3,1,5230
07/11/2025 02:41:36,3,590,650,3,1,5230
07/11/2025 02:41:52,3,590,650,3,1,5360
07/11/2025 02:42:08,3,590,650,3,1,5360
07/11/2025 02:42:24,3,590,650,3,1,5270
07/11/2025 02:42:40,3,590,650,3,1,5270
07/11/2025 02:42:56,3,590,650,3,1,5310
07/11/2025 02:43:12,3,590,650,3,1,5310
07/11/2025 02:43:28,3,590,650,3,1,5310
07/11/2025 02:43:44,3,580,650,3,1,5260
07/11/2025 02:44:00,3,580,650,3,1,5260
07/11/2025 02:44:16,3,580,650,3,1,5240
07/11/2025 02:44:32,3,580,650,3,1,5240
07/11/2025 02:44:48,3,580,650,3,1,5280
07/11/2025 02:45:04,3,580,650,3,1,5280
07/11/2025 02:45:20,3,580,650,3,1,5220
07/11/2025 02:45:36,3,570,650,3,1,5220
07/11/2025 02:45:52,3,570,650,3,1,5220
07/11/2025 02:46:08,3,570,650,3,1,5220
07/11/2025 02:46:24,3,570,650,3,1,5220
07/11/2025 02:46:40,3,570,650,3,1,5270
07/11/2025 02:46:56,3,570,650,3,1,5270
07/11/2025 02:47:12,3,570,650,3,1,5270
07/11/2025 02:47:28,3,570,650,3,1,5270
07/11/2025 02:47:44,3,570,650,3,1,5210
07/11/2025 02:48:00,3,560,650,3,1,5210
07/11/2025 02:48:16,3,560,650,3,1,5210
07/11/2025 02:48:32,3,560,650,3,2,5270
07/11/2025 02:48:48,3,560,650,3,2,5270
07/11/2025 02:49:04,3,560,650,3,1,5310
07/11/2025 02:49:20,3,560,650,3,1,5310
07/11/2025 02:49:36,3,560,650,3,1,5320
07/11/2025 02:49:52,3,560,650,3,1,5320
07/11/2025 02:50:08,3,560,650,3,1,5370
07/11/2025 02:50:24,3,560,650,3,1,5370
07/11/2025 02:50:40,3,550,650,3,1,5370
07/11/2025 02:50:56,3,550,650,3,1,5360
07/11/2025 02:51:12,3,550,650,3,1,5360
07/11/2025 02:51:28,3,550,650,3,1,5310
07/11/2025 02:51:44,3,550,650,3,1,5310
07/11/2025 02:52:00,3,550,650,3,1,5320
07/11/2025 02:52:16,3,550,650,3,1,5320
07/11/2025 02:52:32,3,550,650,3,1,5310
07/11/2025 02:52:48,3,550,650,3,1,5310
07/11/2025 02:53:04,3,550,650,3,1,5310
07/11/2025 02:53:20,3,550,650,3,1,5280
07/11/2025 02:53:36,3,550,650,3,1,5280
07/11/2025 02:53:52,3,550,650,3,1,5280
07/11/2025 02:54:08,3,550,650,3,1,5280
07/11/2025 02:54:24,3,550,650,3,1,5280
07/11/2025 02:54:40,3,540,650,3,1,5280
07/11/2025 02:54:56,3,540,650,3,1,5380
07/11/2025 02:55:12,3,540,650,3,1,5380
07/11/2025 02:55:28,3,540,650,3,1,5380
07/11/2025 02:55:44,3,540,650,3,1,5390
07/11/2025 02:56:00,3,540,650,3,1,5390
07/11/2025 02:56:16,3,540,650,3,1,5340
07/11/2025 02:56:32,3,540,650,3,1,5340
07/11/2025 02:56:48,3,540,650,3,1,5300
07/11/2025 02:57:04,3,540,650,3,1,5300
07/11/2025 02:57:20,3,540,650,3,1,5280
07/11/2025 02:57:36,3,540,650,3,1,5280
07/11/2025 02:57:52,3,540,650,3,1,5280
07/11/2025 02:58:08,3,540,650,3,1,5250
07/11/2025 02:58:24,3,530,650,3,1,5250
07/11/2025 02:58:40,3,530,650,3,1,5220
07/11/2025 02:58:56,3,530,650,3,1,5220
07/11/2025 02:59:12,3,530,650,3,1,5240
07/11/2025 02:59:28,3,530,650,3,1,5240
07/11/2025 02:59:44,3,530,650,3,1,5250
07/11/2025 03:00:00,3,530,570,3,1,5250
07/11/2025 03:00:16,3,530,570,3,1,5250
07/11/2025 03:00:32,3,530,570,3,1,5240
07/11/2025 03:00:48,3,530,570,3,1,5240
07/11/2025 03:01:04,3,530,570,3,1,5240
07/11/2025 03:01:20,3,530,570,3,1,5240
07/11/2025 03:01:36,3,530,570,3,1,5260
07/11/2025 03:01:52,3,530,570,3,1,5260
07/11/2025 03:02:08,3,530,570,3,1,5220
07/11/2025 03:02:24,3,530,570,3,1,5220
07/11/2025 03:02:40,3,530,570,3,1,5220
07/11/2025 03:02:56,3,530,570,3,1,5180
07/11/2025 03:03:12,3,530,570,3,1,5180
07/11/2025 03:03:28,3,530,570,3,1,5200
07/11/2025 03:03:44,3,530,570,3,1,5200
07/11/2025 03:04:00,3,530,570,3,1,5190
07/11/2025 03:04:16,3,530,570,3,1,5190
07/11/2025 03:04:32,3,530,570,3,1,5170
07/11/2025 03:04:48,3,530,570,3,1,5170
07/11/2025 03:05:04,3,530,570,3,1,5170
07/11/2025 03:05:20,3,520,570,3,1,5190
07/11/2025 03:05:36,3,520,570,3,1,5190
07/11/2025 03:05:52,3,520,570,3,1,5190
07/11/2025 03:06:08,3,520,570,3,1,5190
07/11/2025 03:06:24,3,520,570,3,1,5220
07/11/2025 03:06:40,3,520,570,3,1,5220
07/11/2025 03:06:56,3,520,570,3,2,5200
07/11/2025 03:07:12,3,520,570,3,2,5200
07/11/2025 03:07:28,3,520,570,3,2,5200
07/11/2025 03:07:44,3,520,570,3,1,5220
07/11/2025 03:08:00,3,520,570,3,1,5220
07/11/2025 03:08:16,3,520,570,3,2,5200
07/11/2025 03:08:32,3,490,570,3,2,5200
07/11/2025 03:08:48,3,490,570,3,1,5460
07/11/2025 03:09:04,3,490,570,3,1,5460
07/11/2025 03:09:20,3,490,570,3,1,5510
07/11/2025 03:09:36,3,490,570,3,1,5510
07/11/2025 03:09:52,3,490,570,3,1,5510
07/11/2025 03:10:08,3,490,570,3,1,5510
07/11/2025 03:10:24,3,490,570,3,1,5510
07/11/2025 03:10:40,3,490,570,3,1,5490
07/11/2025 03:10:56,3,490,570,3,1,5490
07/11/2025 03:11:12,3,490,570,3,1,5490
07/11/2025 03:11:28,3,490,570,3,1,5490
07/11/2025 03:11:44,3,490,570,3,2,5750
07/11/2025 03:12:00,3,490,570,3,2,5750
07/11/2025 03:12:16,3,480,570,3,2,5750
07/11/2025 03:12:32,3,480,570,3,1,5910
07/11/2025 03:12:48,3,480,570,3,1,5910
07/11/2025 03:13:04,3,480,570,3,1,5980
07/11/2025 03:13:20,3,480,570,3,1,5980
07/11/2025 03:13:36,3,480,570,3,1,5960
07/11/2025 03:13:52,3,480,570,3,1,5960
07/11/2025 03:14:08,3,480,570,3,1,5940
07/11/2025 03:14:24,3,480,570,3,1,5940
07/11/2025 03:14:40,3,480,570,3,1,5940
07/11/2025 03:14:56,3,480,570,3,1,5910
07/11/2025 03:15:12,3,480,570,3,1,5910
07/11/2025 03:15:28,3,480,570,3,1,5930
07/11/2025 03:15:44,3,480,570,3,1,5930
07/11/2025 03:16:00,3,480,570,3,1,5910
07/11/2025 03:16:16,3,480,570,3,1,5910
07/11/2025 03:16:32,3,470,570,3,1,5890
07/11/2025 03:16:48,3,470,570,3,1,5890
07/11/2025 03:17:04,3,470,570,3,1,5890
07/11/2025 03:17:20,3,470,570,3,1,5920
07/11/2025 03:17:36,3,470,570,3,1,5920
07/11/2025 03:17:52,3,470,570,3,1,5950
07/11/2025 03:18:08,3,470,570,3,1,5950
07/11/2025 03:18:24,3,470,570,3,1,6000
07/11/2025 03:18:40,3,470,570,3,1,6000
07/11/2025 03:18:56,3,470,570,3,1,5990
07/11/2025 03:19:12,3,470,570,3,1,5990
07/11/2025 03:19:28,3,470,570,3,1,5990
07/11/2025 03:19:44,3,470,570,3,1,5900
07/11/2025 03:20:00,3,470,570,3,1,5900
07/11/2025 03:20:16,3,470,570,3,1,5860
07/11/2025 03:20:32,3,470,570,3,1,5860
07/11/2025 03:20:48,3,470,570,3,1,5800
07/11/2025 03:21:04,3,470,570,3,1,5800
07/11/2025 03:21:20,3,470,570,3,1,5780
07/11/2025 03:21:36,3,470,570,3,1,5780
07/11/2025 03:21:52,3,470,570,3,1,5780
07/11/2025 03:22:08,3,470,570,3,1,5850
07/11/2025 03:22:24,3,470,570,3,1,5850
07/11/2025 03:22:40,3,470,570,3,1,5790
07/11/2025 03:22:56,3,470,570,3,1,5790
07/11/2025 03:23:12,3,470,570,3,2,5780
07/11/2025 03:23:28,3,470,570,3,2,5780
07/11/2025 03:23:44,3,470,570,3,2,5810
07/11/2025 03:24:00,3,470,570,3,2,5810
07/11/2025 03:24:16,3,470,570,3,2,5810
07/11/2025 03:24:32,3,470,570,3,1,5650
07/11/2025 03:24:48,3,470,570,3,1,5650
07/11/2025 03:25:04,3,470,570,3,1,5520
07/11/2025 03:25:20,3,470,570,3,1,5520
07/11/2025 03:25:36,3,470,570,3,1,5520
07/11/2025 03:25:52,3,460,570,3,1,5520
07/11/2025 03:26:08,3,460,570,3,1,5530
07/11/2025 03:26:24,3,460,570,3,1,5530
07/11/2025 03:26:40,3,460,570,3,1,5530
07/11/2025 03:26:56,3,460,570,3,1,5630
07/11/2025 03:27:12,3,460,570,3,1,5630
07/11/2025 03:27:28,3,460,570,3,2,5550
07/11/2025 03:27:44,3,460,570,3,2,5550
07/11/2025 03:28:00,3,460,570,3,1,5510
07/11/2025 03:28:16,3,460,570,3,1,5510
07/11/2025 03:28:32,3,460,570,3,1,5600
07/11/2025 03:28:48,3,460,570,3,1,5600
07/11/2025 03:29:04,3,460,570,3,1,5600
07/11/2025 03:29:20,3,460,570,3,1,5710
07/11/2025 03:29:36,3,460,570,3,1,5710
07/11/2025 03:29:52,3,460,570,3,1,5520
07/11/2025 03:30:08,3,460,570,3,1,5520
07/11/2025 03:30:24,3,460,570,3,1,5430
07/11/2025 03:30:40,3,450,570,3,1,5430
07/11/2025 03:30:56,3,450,570,3,1,5410
07/11/2025 03:31:12,3,450,570,3,1,5410
07/11/2025 03:31:28,3,450,570,3,1,5410
07/11/2025 03:31:44,3,450,570,3,1,5520
07/11/2025 03:32:00,3,450,570,3,1,5520
07/11/2025 03:32:16,3,440,570,3,1,5450
07/11/2025 03:32:32,3,440,570,3,1,5450
07/11/2025 03:32:48,3,440,570,3,1,5570
07/11/2025 03:33:04,3,440,570,3,1,5570
07/11/2025 03:33:20,3,430,570,3,1,5620
07/11/2025 03:33:36,3,430,570,3,1,5620
07/11/2025 03:33:52,3,430,570,3,1,5620
07/11/2025 03:34:08,3,420,570,3,2,5550
07/11/2025 03:34:24,3,420,570,3,2,5550
07/11/2025 03:34:40,3,420,570,3,1,5570
07/11/2025 03:34:56,3,410,570,3,1,5570
07/11/2025 03:35:12,3,410,570,3,1,5530
07/11/2025 03:35:28,3,410,570,3,1,5530
07/11/2025 03:35:44,3,410,570,3,1,5500
07/11/2025 03:36:00,3,410,570,3,1,5500
07/11/2025 03:36:16,3,400,570,3,1,5500
07/11/2025 03:36:32,3,400,570,3,1,5460
07/11/2025 03:36:48,3,400,570,3,1,5460
07/11/2025 03:37:04,3,400,570,3,1,5460
07/11/2025 03:37:20,3,390,570,3,1,5460
07/11/2025 03:37:36,3,390,570,3,1,5520
07/11/2025 03:37:52,3,390,570,3,1,5520
07/11/2025 03:38:08,3,390,570,3,1,5490
07/11/2025 03:38:24,3,390,570,3,1,5490
07/11/2025 03:38:40,3,380,570,3,1,5490
07/11/2025 03:38:56,3,380,570,3,1,5510
07/11/2025 03:39:12,3,380,570,3,1,5510
07/11/2025 03:39:28,3,380,570,3,2,5540
07/11/2025 03:39:44,3,380,570,3,2,5540
07/11/2025 03:40:00,3,380,570,3,2,5780
07/11/2025 03:40:16,3,380,570,3,2,5780
07/11/2025 03:40:32,3,380,570,3,1,5660
07/11/2025 03:40:48,3,370,570,3,1,5660
07/11/2025 03:41:04,3,370,570,3,1,5660
07/11/2025 03:41:20,3,370,570,3,1,5640
07/11/2025 03:41:36,3,370,570,3,1,5640
07/11/2025 03:41:52,3,370,570,3,1,5520
07/11/2025 03:42:08,3,370,570,3,1,5520
07/11/2025 03:42:24,3,370,570,3,1,5510
07/11/2025 03:42:40,3,370,570,3,1,5510
07/11/2025 03:42:56,3,370,570,3,1,5560
07/11/2025 03:43:12,3,370,570,3,1,5560
07/11/2025 03:43:28,3,370,570,3,1,5560
07/11/2025 03:43:44,3,370,570,3,1,5540
07/11/2025 03:44:00,3,370,570,3,1,5540
07/11/2025 03:44:16,3,370,570,3,1,5520
07/11/2025 03:44:32,3,370,570,3,1,5520
07/11/2025 03:44:48,3,370,570,3,1,5450
07/11/2025 03:45:04,3,370,570,3,1,5450
07/11/2025 03:45:20,3,370,570,3,1,5590
07/11/2025 03:45:36,3,370,570,3,1,5590
07/11/2025 03:45:52,3,360,570,3,1,5590
07/11/2025 03:46:08,3,360,570,3,1,5560
07/11/2025 03:46:24,3,360,570,3,1,5560
07/11/2025 03:46:40,3,360,570,3,1,5460
07/11/2025 03:46:56,3,360,570,3,1,5460
07/11/2025 03:47:12,3,360,570,3,2,5550
07/11/2025 03:47:28,3,360,570,3,2,5550
07/11/2025 03:47:44,3,360,570,3,1,5530
07/11/2025 03:48:00,3,360,570,3,1,5530
07/11/2025 03:48:16,3,350,570,3,1,5530
07/11/2025 03:48:32,3,350,570,3,1,5560
07/11/2025 03:48:48,3,350,570,3,1,5560
07/11/2025 03:49:04,3,350,570,3,1,5690
07/11/2025 03:49:20,3,350,570,3,1,5690
07/11/2025 03:49:36,3,350,570,3,1,5520
07/11/2025 03:49:52,3,340,570,3,1,5520
07/11/2025 03:50:08,3,340,570,3,1,5500
07/11/2025 03:50:24,3,340,570,3,1,5500
07/11/2025 03:50:40,3,340,570,3,1,5500
07/11/2025 03:50:56,3,340,570,3,1,5480
07/11/2025 03:51:12,3,340,570,3,1,5480
07/11/2025 03:51:28,3,340,570,3,1,5470
07/11/2025 03:51:44,3,340,570,3,1,5470
07/11/2025 03:52:00,3,340,570,3,1,5630
07/11/2025 03:52:16,3,340,570,3,1,5630
07/11/2025 03:52:32,3,330,570,3,2,5640
07/11/2025 03:52:48,3,330,570,3,2,5640
07/11/2025 03:53:04,3,330,570,3,2,5640
07/11/2025 03:53:20,3,330,570,3,1,5520
07/11/2025 03:53:36,3,330,570,3,1,5520
07/11/2025 03:53:52,3,330,570,3,1,5510
07/11/2025 03:54:08,3,330,570,3,1,5510
07/11/2025 03:54:24,3,330,570,3,2,5500
07/11/2025 03:54:40,3,320,570,3,2,5500
07/11/2025 03:54:56,3,320,570,3,1,5520
07/11/2025 03:55:12,3,320,570,3,1,5520
07/11/2025 03:55:28,3,320,570,3,1,5520
07/11/2025 03:55:44,3,320,570,3,1,5520
07/11/2025 03:56:00,3,320,570,3,1,5520
07/11/2025 03:56:16,3,320,570,3,1,5540
07/11/2025 03:56:32,3,320,570,3,1,5540
07/11/2025 03:56:48,3,320,570,3,1,5930
07/11/2025 03:57:04,3,320,570,3,1,5930
07/11/2025 03:57:20,3,310,570,3,1,5880
07/11/2025 03:57:36,3,310,570,3,1,5880
07/11/2025 03:57:52,3,310,570,3,1,5880
07/11/2025 03:58:08,3,310,570,3,1,5920
07/11/2025 03:58:24,3,310,570,3,1,5920
07/11/2025 03:58:40,3,310,570,3,1,5880
07/11/2025 03:58:56,3,310,570,3,1,5880
07/11/2025 03:59:12,3,310,570,3,2,5500
07/11/2025 03:59:28,3,310,570,3,2,5500
07/11/2025 03:59:44,3,310,570,3,1,5450
07/11/2025 04:00:00,3,310,460,3,1,5450
07/11/2025 04:00:16,3,310,460,3,1,5450
07/11/2025 04:00:32,3,310,460,3,1,5460
07/11/2025 04:00:48,3,310,460,3,1,5460
07/11/2025 04:01:04,3,310,460,3,1,5500
07/11/2025 04:01:20,3,310,460,3,1,5500
07/11/2025 04:01:36,3,310,460,3,1,5500
07/11/2025 04:01:52,3,310,460,3,1,5500
07/11/2025 04:02:08,3,310,460,3,2,5030
07/11/2025 04:02:24,3,310,460,3,2,5030
07/11/2025 04:02:40,3,310,460,3,2,5030
07/11/2025 04:02:56,3,310,460,3,1,4990
07/11/2025 04:03:12,3,300,460,3,1,4990
07/11/2025 04:03:28,3,300,460,3,1,4990
07/11/2025 04:03:44,3,300,460,3,1,4990
07/11/2025 04:04:00,3,300,460,3,1,5000
07/11/2025 04:04:16,3,300,460,3,1,5000
07/11/2025 04:04:32,3,300,460,3,1,5220
07/11/2025 04:04:48,3,300,460,3,1,5220
07/11/2025 04:05:04,3,300,460,3,1,5220
07/11/2025 04:05:20,3,300,460,3,2,4940
07/11/2025 04:05:36,3,300,460,3,2,4940
07/11/2025 04:05:52,3,300,460,3,2,4930
07/11/2025 04:06:08,3,300,460,3,2,4930
07/11/2025 04:06:24,3,300,460,3,2,5370
07/11/2025 04:06:40,3,300,460,3,2,5370
07/11/2025 04:06:56,3,300,460,3,1,5710
07/11/2025 04:07:12,3,300,460,3,1,5710
07/11/2025 04:07:28,3,300,460,3,1,5710
07/11/2025 04:07:44,3,300,460,3,2,5730
07/11/2025 04:08:00,3,300,460,3,2,5730
07/11/2025 04:08:16,3,300,460,3,2,5760
07/11/2025 04:08:32,3,300,460,3,2,5760
07/11/2025 04:08:48,3,300,460,3,2,5760
07/11/2025 04:09:04,3,300,460,3,2,5760
07/11/2025 04:09:20,3,300,460,3,1,5590
07/11/2025 04:09:36,3,300,460,3,1,5590
07/11/2025 04:09:52,3,300,460,3,1,5590
07/11/2025 04:10:08,3,300,460,3,3,4740
07/11/2025 04:10:24,3,300,460,3,3,4740
07/11/2025 04:10:40,3,300,460,3,1,4580
07/11/2025 04:10:56,3,300,460,3,1,4580
07/11/2025 04:11:12,3,300,460,3,1,4540
07/11/2025 04:11:28,3,300,460,3,1,4540
07/11/2025 04:11:44,3,310,460,3,1,4570
07/11/2025 04:12:00,3,310,460,3,1,4570
07/11/2025 04:12:16,3,310,460,3,1,4570
07/11/2025 04:12:32,3,310,460,3,2,4560
07/11/2025 04:12:48,3,310,460,3,2,4560
07/11/2025 04:13:04,3,-999,460,3,1,4770
07/11/2025 04:13:20,3,-999,460,3,1,4770
07/11/2025 04:13:36,3,310,460,3,1,4780
07/11/2025 04:13:52,3,310,460,3,1,4780
07/11/2025 04:14:08,3,310,460,3,1,4800
07/11/2025 04:14:24,3,310,460,3,1,4800
07/11/2025 04:14:40,3,310,460,3,1,4800
07/11/2025 04:14:56,3,-999,460,3,1,4820
07/11/2025 04:15:12,3,-999,460,3,1,4820
07/11/2025 04:15:28,3,310,460,3,1,4890
07/11/2025 04:15:44,3,310,460,3,1,4890
07/11/2025 04:16:00,3,310,460,3,1,4820
07/11/2025 04:16:16,3,310,460,3,1,4820
07/11/2025 04:16:32,3,310,460,3,1,4830
07/11/2025 04:16:48,3,310,460,3,1,4830
07/11/2025 04:17:04,3,310,460,3,1,4830
07/11/2025 04:17:20,3,310,460,3,1,4750
07/11/2025 04:17:36,3,310,460,3,1,4750
07/11/2025 04:17:52,3,310,460,3,1,4750
07/11/2025 04:18:08,3,310,460,3,1,4750
07/11/2025 04:18:24,3,310,460,3,1,4790
07/11/2025 04:18:40,3,310,460,3,1,4790
07/11/2025 04:18:56,3,310,460,3,1,4800
07/11/2025 04:19:12,3,310,460,3,1,4800
07/11/2025 04:19:28,3,310,460,3,1,4800
07/11/2025 04:19:44,3,310,460,3,1,4750
07/11/2025 04:20:00,3,310,460,3,1,4750
07/11/2025 04:20:16,3,310,460,3,1,4760
07/11/2025 04:20:32,3,310,460,3,1,4760
07/11/2025 04:20:48,3,-999,460,3,1,4790
07/11/2025 04:21:04,3,-999,460,3,1,4790
07/11/2025 04:21:20,3,310,460,3,1,4730
07/11/2025 04:21:36,3,310,460,3,1,4730
07/11/2025 04:21:52,3,310,460,3,1,4730
07/11/2025 04:22:08,3,310,460,3,1,4700
07/11/2025 04:22:24,3,310,460,3,1,4700
07/11/2025 04:22:40,3,310,460,3,1,4690
07/11/2025 04:22:56,3,310,460,3,1,4690
07/11/2025 04:23:12,3,310,460,3,1,4710
07/11/2025 04:23:28,3,310,460,3,1,4710
07/11/2025 04:23:44,3,310,460,3,1,4710
07/11/2025 04:24:00,3,310,460,3,1,4710
07/11/2025 04:24:16,3,310,460,3,1,4710
07/11/2025 04:24:32,3,310,460,3,1,4690
07/11/2025 04:24:48,3,310,460,3,1,4690
07/11/2025 04:25:04,3,310,460,3,1,4680
07/11/2025 04:25:20,3,310,460,3,1,4680
07/11/2025 04:25:36,3,300,460,3,1,4680
07/11/2025 04:25:52,3,300,460,3,1,4680
07/11/2025 04:26:08,3,300,460,3,1,4680
07/11/2025 04:26:24,3,300,460,3,1,4680
07/11/2025 04:26:40,3,300,460,3,1,4680
07/11/2025 04:26:56,3,300,460,3,1,4680
07/11/2025 04:27:12,3,300,460,3,1,4680
07/11/2025 04:27:28,3,300,460,3,3,4710
07/11/2025 04:27:44,3,300,460,3,3,4710
07/11/2025 04:28:00,3,300,460,3,2,4750
07/11/2025 04:28:16,3,300,460,3,2,4750
07/11/2025 04:28:32,3,300,460,3,1,4750
07/11/2025 04:28:48,3,300,460,3,1,4750
07/11/2025 04:29:04,3,300,460,3,1,4750
07/11/2025 04:29:20,3,300,460,3,1,4740
07/11/2025 04:29:36,3,300,460,3,1,4740
07/11/2025 04:29:52,3,300,460,3,1,4730
07/11/2025 04:30:08,3,300,460,3,1,4730
07/11/2025 04:30:24,3,300,460,3,1,4690
07/11/2025 04:30:40,3,300,460,3,1,4690
07/11/2025 04:30:56,3,300,460,3,1,4690
07/11/2025 04:31:12,3,300,460,3,1,4690
07/11/2025 04:31:28,3,300,460,3,1,4690
07/11/2025 04:31:44,3,300,460,3,1,4660
07/11/2025 04:32:00,3,300,460,3,1,4660
07/11/2025 04:32:16,3,300,460,3,1,4650
07/11/2025 04:32:32,3,300,460,3,1,4650
07/11/2025 04:32:48,3,300,460,3,1,4640
07/11/2025 04:33:04,3,300,460,3,1,4640
07/11/2025 04:33:20,3,300,460,3,1,4630
07/11/2025 04:33:36,3,300,460,3,1,4630
07/11/2025 04:33:52,3,300,460,3,1,4630
07/11/2025 04:34:08,3,300,460,3,1,4600
07/11/2025 04:34:24,3,300,460,3,1,4600
07/11/2025 04:34:40,3,300,460,3,1,4490
07/11/2025 04:34:56,3,300,460,3,1,4490
07/11/2025 04:35:12,3,300,460,3,1,4520
07/11/2025 04:35:28,3,300,460,3,1,4520
07/11/2025 04:35:44,3,300,460,3,1,4540
07/11/2025 04:36:00,3,300,460,3,1,4540
07/11/2025 04:36:16,3,300,460,3,1,4540
07/11/2025 04:36:32,3,300,460,3,1,4430
07/11/2025 04:36:48,3,300,460,3,1,4430
07/11/2025 04:37:04,3,300,460,3,1,4430
07/11/2025 04:37:20,3,300,460,3,1,4430
07/11/2025 04:37:36,3,300,460,3,1,4580
07/11/2025 04:37:52,3,300,460,3,1,4580
07/11/2025 04:38:08,3,300,460,3,1,4640
07/11/2025 04:38:24,3,300,460,3,1,4640
07/11/2025 04:38:40,3,300,460,3,1,4640
07/11/2025 04:38:56,3,300,460,3,1,4630
07/11/2025 04:39:12,3,300,460,3,1,4630
07/11/2025 04:39:28,3,300,460,3,1,4600
07/11/2025 04:39:44,3,300,460,3,1,4600
07/11/2025 04:40:00,3,300,460,3,1,4600
07/11/2025 04:40:16,3,300,460,3,1,4600
07/11/2025 04:40:32,3,-999,460,3,1,4610
07/11/2025 04:40:48,3,-999,460,3,1,4610
07/11/2025 04:41:04,3,-999,460,3,1,4610
07/11/2025 04:41:20,3,-999,460,3,1,4610
07/11/2025 04:41:36,3,-999,460,3,1,4610
07/11/2025 04:41:52,3,-999,460,3,1,4530
07/11/2025 04:42:08,3,-999,460,3,1,4530
07/11/2025 04:42:24,3,300,460,3,1,4460
07/11/2025 04:42:40,3,300,460,3,1,4460
07/11/2025 04:42:56,3,300,460,3,1,4450
07/11/2025 04:43:12,3,300,460,3,1,4450
07/11/2025 04:43:28,3,300,460,3,1,4450
07/11/2025 04:43:44,3,-999,460,3,1,4520
07/11/2025 04:44:00,3,-999,460,3,1,4520
07/11/2025 04:44:16,3,-999,460,3,2,4630
07/11/2025 04:44:32,3,-999,460,3,2,4630
07/11/2025 04:44:48,3,-999,460,3,2,4650
07/11/2025 04:45:04,3,-999,460,3,2,4650
07/11/2025 04:45:20,3,-999,460,3,2,4650
07/11/2025 04:45:36,3,-999,460,3,2,4650
07/11/2025 04:45:52,3,-999,460,3,2,4650
07/11/2025 04:46:08,3,-999,460,3,1,4930
07/11/2025 04:46:24,3,-999,460,3,1,4930
07/11/2025 04:46:40,3,-999,460,3,2,4870
07/11/2025 04:46:56,3,-999,460,3,2,4870
07/11/2025 04:47:12,3,-999,460,3,2,4850
07/11/2025 04:47:28,3,-999,460,3,2,4850
07/11/2025 04:47:44,3,-999,460,3,1,4970
07/11/2025 04:48:00,3,-999,460,3,1,4970
07/11/2025 04:48:16,3,-999,460,3,1,4970
07/11/2025 04:48:32,3,-999,460,3,1,5140
07/11/2025 04:48:48,3,-999,460,3,1,5140
07/11/2025 04:49:04,3,-999,460,3,2,5180
07/11/2025 04:49:20,3,-999,460,3,2,5180
07/11/2025 04:49:36,3,-999,460,3,2,5130
07/11/2025 04:49:52,3,-999,460,3,2,5130
07/11/2025 04:50:08,3,-999,460,3,1,6020
07/11/2025 04:50:24,3,-999,460,3,1,6020
07/11/2025 04:50:40,3,-999,460,3,1,6020
07/11/2025 04:50:56,3,-999,460,3,1,6010
07/11/2025 04:51:12,3,-999,460,3,1,6010
07/11/2025 04:51:28,3,-999,460,3,2,5120
07/11/2025 04:51:44,3,-999,460,3,2,5120
07/11/2025 04:52:00,3,-999,460,3,1,5120
07/11/2025 04:52:16,3,-999,460,3,1,5120
07/11/2025 04:52:32,3,-999,460,3,2,5140
07/11/2025 04:52:48,3,-999,460,3,2,5140
07/11/2025 04:53:04,3,-999,460,3,2,5140
07/11/2025 04:53:20,3,-999,460,3,1,5840
07/11/2025 04:53:36,3,-999,460,3,1,5840
07/11/2025 04:53:52,3,-999,460,3,1,5840
07/11/2025 04:54:08,3,-999,460,3,1,5840
07/11/2025 04:54:24,3,-999,460,3,1,5940
07/11/2025 04:54:40,3,-999,460,3,1,5940
07/11/2025 04:54:56,3,-999,460,3,1,5990
07/11/2025 04:55:12,3,-999,460,3,1,5990
07/11/2025 04:55:28,3,-999,460,3,1,5990
07/11/2025 04:55:44,3,-999,460,3,1,5910
07/11/2025 04:56:00,3,-999,460,3,1,5910
07/11/2025 04:56:16,3,-999,460,3,1,5970
07/11/2025 04:56:32,3,-999,460,3,1,5970
07/11/2025 04:56:48,3,-999,460,3,1,5970
07/11/2025 04:57:04,3,-999,460,3,1,5970
07/11/2025 04:57:20,3,-999,460,3,2,5200
07/11/2025 04:57:36,3,-999,460,3,2,5200
07/11/2025 04:57:52,3,-999,460,3,2,5200
07/11/2025 04:58:08,3,410,460,3,2,4420
07/11/2025 04:58:24,3,420,460,3,2,4420
07/11/2025 04:58:40,3,420,460,3,3,4430
07/11/2025 04:58:56,3,420,460,3,3,4430
07/11/2025 04:59:12,3,-999,460,3,1,6030
07/11/2025 04:59:28,3,-999,460,3,1,6030
07/11/2025 04:59:44,3,-999,460,3,1,6030
07/11/2025 05:00:00,3,-999,300,3,1,6030
07/11/2025 05:00:16,3,-999,300,3,1,6030
07/11/2025 05:00:32,3,-999,300,3,1,6050
07/11/2025 05:00:48,3,-999,300,3,1,6050
07/11/2025 05:01:04,3,-999,300,3,1,6050
07/11/2025 05:01:20,3,-999,300,3,1,6050
07/11/2025 05:01:36,3,430,300,3,1,6060
07/11/2025 05:01:52,3,430,300,3,1,6060
07/11/2025 05:02:08,3,430,300,3,2,5400
07/11/2025 05:02:24,3,430,300,3,2,5400
07/11/2025 05:02:40,3,430,300,3,2,5400
07/11/2025 05:02:56,3,430,300,3,1,6070
07/11/2025 05:03:12,3,440,300,3,1,6070
07/11/2025 05:03:28,3,360,300,3,1,6060
07/11/2025 05:03:44,3,360,300,3,1,6060
07/11/2025 05:04:00,3,360,300,3,1,6070
07/11/2025 05:04:16,3,360,300,3,1,6070
07/11/2025 05:04:32,3,360,300,3,1,6060
07/11/2025 05:04:48,3,360,300,3,1,6060
07/11/2025 05:05:04,3,360,300,3,1,6060
07/11/2025 05:05:20,3,360,300,3,1,6060
07/11/2025 05:05:36,3,360,300,3,1,6060
07/11/2025 05:05:52,3,360,300,3,1,6130
07/11/2025 05:06:08,3,360,300,3,1,6130
07/11/2025 05:06:24,3,360,300,3,2,5920
07/11/2025 05:06:40,3,360,300,3,2,5920
07/11/2025 05:06:56,3,360,300,3,1,5910
07/11/2025 05:07:12,3,360,300,3,1,5910
07/11/2025 05:07:28,3,360,300,3,1,5910
07/11/2025 05:07:44,3,360,300,3,1,5920
07/11/2025 05:08:00,3,360,300,3,1,5920
07/11/2025 05:08:16,3,360,300,3,1,5910
07/11/2025 05:08:32,3,360,300,3,1,5910
07/11/2025 05:08:48,3,360,300,3,2,5780
07/11/2025 05:09:04,3,360,300,3,2,5780
07/11/2025 05:09:20,3,360,300,3,1,5690
07/11/2025 05:09:36,3,360,300,3,1,5690
07/11/2025 05:09:52,3,360,300,3,1,5690
07/11/2025 05:10:08,3,360,300,3,2,5320
07/11/2025 05:10:24,3,360,300,3,2,5320
07/11/2025 05:10:40,3,360,300,3,1,5320
07/11/2025 05:10:56,3,360,300,3,1,5320
07/11/2025 05:11:12,3,360,300,3,3,4370
07/11/2025 05:11:28,3,360,300,3,3,4370
07/11/2025 05:11:44,3,360,300,3,1,4290
07/11/2025 05:12:00,3,360,300,3,1,4290
07/11/2025 05:12:16,3,350,300,3,1,4290
07/11/2025 05:12:32,3,350,300,3,1,4290
07/11/2025 05:12:48,3,350,300,3,1,4290
07/11/2025 05:13:04,3,350,300,3,1,4280
07/11/2025 05:13:20,3,350,300,3,1,4280
07/11/2025 05:13:36,3,350,300,3,1,4280
07/11/2025 05:13:52,3,350,300,3,1,4280
07/11/2025 05:14:08,3,350,300,3,1,4280
07/11/2025 05:14:24,3,350,300,3,1,4280
07/11/2025 05:14:40,3,350,300,3,1,4280
07/11/2025 05:14:56,3,350,300,3,1,4280
07/11/2025 05:15:12,3,350,300,3,1,4280
07/11/2025 05:15:28,3,350,300,3,1,4290
07/11/2025 05:15:44,3,350,300,3,1,4290
07/11/2025 05:16:00,3,350,300,3,1,4300
07/11/2025 05:16:16,3,350,300,3,1,4300
07/11/2025 05:16:32,3,350,300,3,1,4320
07/11/2025 05:16:48,3,350,300,3,1,4320
07/11/2025 05:17:04,3,350,300,3,1,4320
07/11/2025 05:17:20,3,350,300,3,2,4350
07/11/2025 05:17:36,3,350,300,3,2,4350
07/11/2025 05:17:52,3,350,300,3,2,4390
07/11/2025 05:18:08,3,350,300,3,2,4390
07/11/2025 05:18:24,3,350,300,3,2,4400
07/11/2025 05:18:40,3,350,300,3,2,4400
07/11/2025 05:18:56,3,350,300,3,2,4430
07/11/2025 05:19:12,3,350,300,3,2,4430
07/11/2025 05:19:28,3,350,300,3,2,4430
07/11/2025 05:19:44,3,350,300,3,2,4440
07/11/2025 05:20:00,3,350,300,3,2,4440
07/11/2025 05:20:16,3,340,300,3,2,4430
07/11/2025 05:20:32,3,340,300,3,2,4430
07/11/2025 05:20:48,3,340,300,3,1,4450
07/11/2025 05:21:04,3,340,300,3,1,4450
07/11/2025 05:21:20,3,340,300,3,1,4480
07/11/2025 05:21:36,3,340,300,3,1,4480
07/11/2025 05:21:52,3,340,300,3,1,4480
07/11/2025 05:22:08,3,340,300,3,2,4520
07/11/2025 05:22:24,3,340,300,3,2,4520
07/11/2025 05:22:40,3,340,300,3,2,4510
07/11/2025 05:22:56,3,340,300,3,2,4510
07/11/2025 05:23:12,3,340,300,3,1,4510
07/11/2025 05:23:28,3,340,300,3,1,4510
07/11/2025 05:23:44,3,340,300,3,1,4500
07/11/2025 05:24:00,3,340,300,3,1,4500
07/11/2025 05:24:16,3,330,300,3,1,4500
07/11/2025 05:24:32,3,330,300,3,1,4500
07/11/2025 05:24:48,3,330,300,3,1,4500
07/11/2025 05:25:04,3,330,300,3,2,4500
07/11/2025 05:25:20,3,330,300,3,2,4500
07/11/2025 05:25:36,3,330,300,3,2,4480
07/11/2025 05:25:52,3,330,300,3,2,4480
07/11/2025 05:26:08,3,330,300,3,2,4480
07/11/2025 05:26:24,3,330,300,3,2,4480
07/11/2025 05:26:40,3,330,300,3,2,4480
07/11/2025 05:26:56,3,330,300,3,2,4500
07/11/2025 05:27:12,3,330,300,3,2,4500
07/11/2025 05:27:28,3,330,300,3,3,4530
07/11/2025 05:27:44,3,330,300,3,3,4530
07/11/2025 05:28:00,3,330,300,3,2,4530
07/11/2025 05:28:16,3,330,300,3,2,4530
07/11/2025 05:28:32,3,330,300,3,1,4540
07/11/2025 05:28:48,3,330,300,3,1,4540
07/11/2025 05:29:04,3,330,300,3,1,4540
07/11/2025 05:29:20,3,330,300,3,3,4550
07/11/2025 05:29:36,3,330,300,3,3,4550
07/11/2025 05:29:52,3,330,300,3,2,4560
07/11/2025 05:30:08,3,330,300,3,2,4560
07/11/2025 05:30:24,3,330,300,3,2,4560
07/11/2025 05:30:40,3,330,300,3,2,4560
07/11/2025 05:30:56,3,330,300,3,1,4570
07/11/2025 05:31:12,3,330,300,3,1,4570
07/11/2025 05:31:28,3,330,300,3,1,4570
07/11/2025 05:31:44,3,330,300,3,1,4580
07/11/2025 05:32:00,3,330,300,3,1,4580
07/11/2025 05:32:16,3,340,300,3,3,4590
07/11/2025 05:32:32,3,340,300,3,3,4590
07/11/2025 05:32:48,3,340,300,3,2,4610
07/11/2025 05:33:04,3,340,300,3,2,4610
07/11/2025 05:33:20,3,340,300,3,2,4610
07/11/2025 05:33:36,3,340,300,3,2,4610
07/11/2025 05:33:52,3,340,300,3,2,4610
07/11/2025 05:34:08,3,340,300,3,2,4610
07/11/2025 05:34:24,3,340,300,3,2,4610
07/11/2025 05:34:40,3,340,300,3,2,4630
07/11/2025 05:34:56,3,340,300,3,2,4630
07/11/2025 05:35:12,3,340,300,3,3,4670
07/11/2025 05:35:28,3,340,300,3,3,4670
07/11/2025 05:35:44,3,340,300,3,1,4660
07/11/2025 05:36:00,3,340,300,3,1,4660
07/11/2025 05:36:16,3,340,300,3,1,4660
07/11/2025 05:36:32,3,340,300,3,3,4650
07/11/2025 05:36:48,3,340,300,3,3,4650
07/11/2025 05:37:04,3,340,300,3,1,5430
07/11/2025 05:37:20,3,340,300,3,1,5430
07/11/2025 05:37:36,3,340,300,3,1,5490
07/11/2025 05:37:52,3,340,300,3,1,5490
07/11/2025 05:38:08,3,340,300,3,2,5460
07/11/2025 05:38:24,3,340,300,3,2,5460
07/11/2025 05:38:40,3,340,300,3,2,5460
07/11/2025 05:38:56,3,340,300,3,1,5890
07/11/2025 05:39:12,3,340,300,3,1,5890
07/11/2025 05:39:28,3,340,300,3,1,5920
07/11/2025 05:39:44,3,340,300,3,1,5920
07/11/2025 05:40:00,3,340,300,3,1,6020
07/11/2025 05:40:16,3,340,300,3,1,6020
07/11/2025 05:40:32,3,340,300,3,1,6020
07/11/2025 05:40:48,3,350,300,3,1,6020
07/11/2025 05:41:04,3,350,300,3,1,6020
07/11/2025 05:41:20,3,350,300,3,2,5520
07/11/2025 05:41:36,3,350,300,3,2,5520
07/11/2025 05:41:52,3,350,300,3,1,5550
07/11/2025 05:42:08,3,350,300,3,1,5550
07/11/2025 05:42:24,3,350,300,3,1,5540
07/11/2025 05:42:40,3,350,300,3,1,5540
07/11/2025 05:42:56,3,350,300,3,2,5560
07/11/2025 05:43:12,3,350,300,3,2,5560
07/11/2025 05:43:28,3,350,300,3,2,5560
07/11/2025 05:43:44,3,350,300,3,1,6030
07/11/2025 05:44:00,3,350,300,3,1,6030
07/11/2025 05:44:16,3,350,300,3,2,4790
07/11/2025 05:44:32,3,350,300,3,2,4790
07/11/2025 05:44:48,3,350,300,3,2,5650
07/11/2025 05:45:04,3,350,300,3,2,5650
07/11/2025 05:45:20,3,350,300,3,1,5660
07/11/2025 05:45:36,3,350,300,3,1,5660
07/11/2025 05:45:52,3,350,300,3,1,5660
07/11/2025 05:46:08,3,350,300,3,1,5660
07/11/2025 05:46:24,3,350,300,3,1,5660
07/11/2025 05:46:40,3,350,300,3,1,5690
07/11/2025 05:46:56,3,350,300,3,1,5690
07/11/2025 05:47:12,3,350,300,3,1,5670
07/11/2025 05:47:28,3,350,300,3,1,5670
07/11/2025 05:47:44,3,350,300,3,1,5640
07/11/2025 05:48:00,3,350,300,3,1,5640
07/11/2025 05:48:16,3,350,300,3,1,5640
07/11/2025 05:48:32,3,350,300,3,1,5780
07/11/2025 05:48:48,3,350,300,3,1,5780
07/11/2025 05:49:04,3,350,300,3,1,5730
07/11/2025 05:49:20,3,350,300,3,1,5730
07/11/2025 05:49:36,3,350,300,3,1,5730
07/11/2025 05:49:52,3,350,300,3,1,5730
07/11/2025 05:50:08,3,350,300,3,1,5750
07/11/2025 05:50:24,3,350,300,3,1,5750
07/11/2025 05:50:40,3,350,300,3,1,5750
07/11/2025 05:50:56,3,350,300,3,1,5750
07/11/2025 05:51:12,3,350,300,3,1,5750
07/11/2025 05:51:28,3,350,300,3,1,5750
07/11/2025 05:51:44,3,350,300,3,1,5750
07/11/2025 05:52:00,3,350,300,3,1,5730
07/11/2025 05:52:16,3,350,300,3,1,5730
07/11/2025 05:52:32,3,350,300,3,1,5730
07/11/2025 05:52:48,3,350,300,3,1,5730
07/11/2025 05:53:04,3,350,300,3,1,5730
07/11/2025 05:53:20,3,350,300,3,1,5710
07/11/2025 05:53:36,3,350,300,3,1,5710
07/11/2025 05:53:52,3,350,300,3,1,5670
07/11/2025 05:54:08,3,350,300,3,1,5670
07/11/2025 05:54:24,3,350,300,3,1,5610
07/11/2025 05:54:40,3,350,300,3,1,5610
07/11/2025 05:54:56,3,350,300,3,1,5520
07/11/2025 05:55:12,3,350,300,3,1,5520
07/11/2025 05:55:28,3,350,300,3,1,5520
07/11/2025 05:55:44,3,350,300,3,1,5520
07/11/2025 05:56:00,3,350,300,3,1,5520
07/11/2025 05:56:16,3,350,300,3,1,5530
07/11/2025 05:56:32,3,350,300,3,1,5530
07/11/2025 05:56:48,3,350,300,3,1,5510
07/11/2025 05:57:04,3,350,300,3,1,5510
07/11/2025 05:57:20,3,350,300,3,1,5490
07/11/2025 05:57:36,3,350,300,3,1,5490
07/11/2025 05:57:52,3,360,300,3,1,5490
07/11/2025 05:58:08,3,360,300,3,1,5440
07/11/2025 05:58:24,3,360,300,3,1,5440
07/11/2025 05:58:40,3,360,300,3,2,5420
07/11/2025 05:58:56,3,360,300,3,2,5420
07/11/2025 05:59:12,3,360,300,3,1,5690
07/11/2025 05:59:28,3,360,300,3,1,5690
07/11/2025 05:59:44,3,370,300,3,2,5580
07/11/2025 06:00:00,3,370,350,3,2,5580
07/11/2025 06:00:16,3,370,350,3,2,5580
07/11/2025 06:00:32,3,370,350,3,1,5580
07/11/2025 06:00:48,3,370,350,3,1,5580
07/11/2025 06:01:04,3,370,350,3,1,5640
07/11/2025 06:01:20,3,370,350,3,1,5640
07/11/2025 06:01:36,3,370,350,3,1,5690
07/11/2025 06:01:52,3,370,350,3,1,5690
07/11/2025 06:02:08,3,380,350,3,1,5870
07/11/2025 06:02:24,3,380,350,3,1,5870
07/11/2025 06:02:40,3,380,350,3,1,5870
07/11/2025 06:02:56,3,380,350,3,1,5730
07/11/2025 06:03:12,3,380,350,3,1,5730
07/11/2025 06:03:28,3,380,350,3,1,5780
07/11/2025 06:03:44,3,380,350,3,1,5780
07/11/2025 06:04:00,3,390,350,3,1,5670
07/11/2025 06:04:16,3,390,350,3,1,5670
07/11/2025 06:04:32,3,390,350,3,2,5590
07/11/2025 06:04:48,3,390,350,3,2,5590
07/11/2025 06:05:04,3,390,350,3,2,5590
07/11/2025 06:05:20,3,390,350,3,1,5860
07/11/2025 06:05:36,3,390,350,3,1,5860
07/11/2025 06:05:52,3,400,350,3,1,5780
07/11/2025 06:06:08,3,400,350,3,1,5780
07/11/2025 06:06:24,3,400,350,3,1,5730
07/11/2025 06:06:40,3,400,350,3,1,5730
07/11/2025 06:06:56,3,400,350,3,1,5740
07/11/2025 06:07:12,3,400,350,3,1,5740
07/11/2025 06:07:28,3,400,350,3,1,5740
07/11/2025 06:07:44,3,410,350,3,1,5780
07/11/2025 06:08:00,3,410,350,3,1,5780
07/11/2025 06:08:16,3,410,350,3,1,5760
07/11/2025 06:08:32,3,410,350,3,1,5760
07/11/2025 06:08:48,3,410,350,3,1,5670
07/11/2025 06:09:04,3,410,350,3,1,5670
07/11/2025 06:09:20,3,410,350,3,1,5590
07/11/2025 06:09:36,3,410,350,3,1,5590
07/11/2025 06:09:52,3,410,350,3,1,5590
07/11/2025 06:10:08,3,420,350,3,2,5360
07/11/2025 06:10:24,3,420,350,3,2,5360
07/11/2025 06:10:40,3,420,350,3,1,5330
07/11/2025 06:10:56,3,420,350,3,1,5330
07/11/2025 06:11:12,3,420,350,3,1,5330
07/11/2025 06:11:28,3,420,350,3,1,5330
07/11/2025 06:11:44,3,420,350,3,1,5330
07/11/2025 06:12:00,3,420,350,3,1,5330
07/11/2025 06:12:16,3,420,350,3,1,5330
07/11/2025 06:12:32,3,420,350,3,1,5210
07/11/2025 06:12:48,3,420,350,3,1,5210
07/11/2025 06:13:04,3,420,350,3,1,5220
07/11/2025 06:13:20,3,420,350,3,1,5220
07/11/2025 06:13:36,3,420,350,3,1,5140
07/11/2025 06:13:52,3,420,350,3,1,5140
07/11/2025 06:14:08,3,420,350,3,1,5140
07/11/2025 06:14:24,3,420,350,3,1,5140
07/11/2025 06:14:40,3,420,350,3,1,5140
07/11/2025 06:14:56,3,420,350,3,1,5080
07/11/2025 06:15:12,3,420,350,3,1,5080
07/11/2025 06:15:28,3,420,350,3,2,4800
07/11/2025 06:15:44,3,420,350,3,2,4800
07/11/2025 06:16:00,3,-999,350,3,1,4620
07/11/2025 06:16:16,3,-999,350,3,1,4620
07/11/2025 06:16:32,3,-999,350,3,1,4540
07/11/2025 06:16:48,3,-999,350,3,1,4540
07/11/2025 06:17:04,3,-999,350,3,1,4540
07/11/2025 06:17:20,3,-999,350,3,1,4530
07/11/2025 06:17:36,3,-999,350,3,1,4530
07/11/2025 06:17:52,3,-999,350,3,1,4540
07/11/2025 06:18:08,3,-999,350,3,1,4540
07/11/2025 06:18:24,3,-999,350,3,1,4560
07/11/2025 06:18:40,3,-999,350,3,1,4560
07/11/2025 06:18:56,3,-999,350,3,1,4540
07/11/2025 06:19:12,3,-999,350,3,1,4540
07/11/2025 06:19:28,3,-999,350,3,1,4540
07/11/2025 06:19:44,3,-999,350,3,1,4530
07/11/2025 06:20:00,3,-999,350,3,1,4530
07/11/2025 06:20:16,3,-999,350,3,1,4550
07/11/2025 06:20:32,3,-999,350,3,1,4550
07/11/2025 06:20:48,3,-999,350,3,1,4560
07/11/2025 06:21:04,3,-999,350,3,1,4560
07/11/2025 06:21:20,3,-999,350,3,1,4650
07/11/2025 06:21:36,3,-999,350,3,1,4650
07/11/2025 06:21:52,3,-999,350,3,1,4650
07/11/2025 06:22:08,3,-999,350,3,1,4740
07/11/2025 06:22:24,3,-999,350,3,1,4740
07/11/2025 06:22:40,3,-999,350,3,1,4830
07/11/2025 06:22:56,3,-999,350,3,1,4830
07/11/2025 06:23:12,3,-999,350,3,1,4860
07/11/2025 06:23:28,3,-999,350,3,1,4860
07/11/2025 06:23:44,3,-999,350,3,1,4910
07/11/2025 06:24:00,3,-999,350,3,1,4910
07/11/2025 06:24:16,3,-999,350,3,1,4910
07/11/2025 06:24:32,3,-999,350,3,1,5020
07/11/2025 06:24:48,3,-999,350,3,1,5020
07/11/2025 06:25:04,3,-999,350,3,1,5150
07/11/2025 06:25:20,3,-999,350,3,1,5150
07/11/2025 06:25:36,3,-999,350,3,1,5120
07/11/2025 06:25:52,3,-999,350,3,1,5120
07/11/2025 06:26:08,3,-999,350,3,1,5120
07/11/2025 06:26:24,3,-999,350,3,1,5120
07/11/2025 06:26:40,3,-999,350,3,1,5120
07/11/2025 06:26:56,3,-999,350,3,1,4970
07/11/2025 06:27:12,3,-999,350,3,1,4970
07/11/2025 06:27:28,3,-999,350,3,1,4930
07/11/2025 06:27:44,3,-999,350,3,1,4930
07/11/2025 06:28:00,3,-999,350,3,1,4910
07/11/2025 06:28:16,3,-999,350,3,1,4910
07/11/2025 06:28:32,3,-999,350,3,1,4890
07/11/2025 06:28:48,3,-999,350,3,1,4890
07/11/2025 06:29:04,3,-999,350,3,1,4890
07/11/2025 06:29:20,3,-999,350,3,1,4890
07/11/2025 06:29:36,3,-999,350,3,1,4890
07/11/2025 06:29:52,3,-999,350,3,1,4970
07/11/2025 06:30:08,3,-999,350,3,1,4970
07/11/2025 06:30:24,3,-999,350,3,1,4940
07/11/2025 06:30:40,3,-999,350,3,1,4940
07/11/2025 06:30:56,3,-999,350,3,1,5040
07/11/2025 06:31:12,3,-999,350,3,1,5040
07/11/2025 06:31:28,3,-999,350,3,1,5040
07/11/2025 06:31:44,3,-999,350,3,1,5150
07/11/2025 06:32:00,3,-999,350,3,1,5150
07/11/2025 06:32:16,3,-999,350,3,1,5130
07/11/2025 06:32:32,3,-999,350,3,1,5130
07/11/2025 06:32:48,3,-999,350,3,1,5110
07/11/2025 06:33:04,3,-999,350,3,1,5110
07/11/2025 06:33:20,3,-999,350,3,2,5160
07/11/2025 06:33:36,3,-999,350,3,2,5160
07/11/2025 06:33:52,3,-999,350,3,2,5160
07/11/2025 06:34:08,3,-999,350,3,1,5740
07/11/2025 06:34:24,3,-999,350,3,1,5740
07/11/2025 06:34:40,3,-999,350,3,2,4980
07/11/2025 06:34:56,3,-999,350,3,2,4980
07/11/2025 06:35:12,3,-999,350,3,1,5050
07/11/2025 06:35:28,3,-999,350,3,1,5050
07/11/2025 06:35:44,3,390,350,3,2,4440
07/11/2025 06:36:00,3,390,350,3,2,4440
07/11/2025 06:36:16,3,390,350,3,2,4440
07/11/2025 06:36:32,3,390,350,3,2,4310
07/11/2025 06:36:48,3,390,350,3,2,4310
07/11/2025 06:37:04,3,390,350,3,2,4210
07/11/2025 06:37:20,3,390,350,3,2,4210
07/11/2025 06:37:36,3,390,350,3,2,4220
07/11/2025 06:37:52,3,390,350,3,2,4220
07/11/2025 06:38:08,3,390,350,3,2,4160
07/11/2025 06:38:24,3,390,350,3,2,4160
07/11/2025 06:38:40,3,390,350,3,2,4160
07/11/2025 06:38:56,3,390,350,3,1,4120
07/11/2025 06:39:12,3,390,350,3,1,4120
07/11/2025 06:39:28,3,390,350,3,1,4050
07/11/2025 06:39:44,3,390,350,3,1,4050
07/11/2025 06:40:00,3,390,350,3,1,4000
07/11/2025 06:40:16,3,400,350,3,1,4000
07/11/2025 06:40:32,3,400,350,3,1,4010
07/11/2025 06:40:48,3,400,350,3,1,4010
07/11/2025 06:41:04,3,400,350,3,1,4010
07/11/2025 06:41:20,3,400,350,3,1,3990
07/11/2025 06:41:36,3,400,350,3,1,3990
07/11/2025 06:41:52,3,400,350,3,1,3930
07/11/2025 06:42:08,3,400,350,3,1,3930
07/11/2025 06:42:24,3,400,350,3,1,3930
07/11/2025 06:42:40,3,400,350,3,1,3930
07/11/2025 06:42:56,3,400,350,3,1,3880
07/11/2025 06:43:12,3,400,350,3,1,3880
07/11/2025 06:43:28,3,400,350,3,1,3880
07/11/2025 06:43:44,3,400,350,3,1,3870
07/11/2025 06:44:00,3,400,350,3,1,3870
07/11/2025 06:44:16,3,400,350,3,1,4060
07/11/2025 06:44:32,3,400,350,3,1,4060
07/11/2025 06:44:48,3,400,350,3,2,3980
07/11/2025 06:45:04,3,400,350,3,2,3980
07/11/2025 06:45:20,3,400,350,3,2,3890
07/11/2025 06:45:36,3,400,350,3,2,3890
07/11/2025 06:45:52,3,400,350,3,2,3890
07/11/2025 06:46:08,3,400,350,3,2,4060
07/11/2025 06:46:24,3,400,350,3,2,4060
07/11/2025 06:46:40,3,400,350,3,1,3990
07/11/2025 06:46:56,3,400,350,3,1,3990
07/11/2025 06:47:12,3,400,350,3,1,3930
07/11/2025 06:47:28,3,400,350,3,1,3930
07/11/2025 06:47:44,3,410,350,3,1,3930
07/11/2025 06:48:00,3,410,350,3,1,3930
07/11/2025 06:48:16,3,410,350,3,1,3930
07/11/2025 06:48:32,3,410,350,3,1,3790
07/11/2025 06:48:48,3,410,350,3,1,3790
07/11/2025 06:49:04,3,410,350,3,1,3790
07/11/2025 06:49:20,3,410,350,3,1,3790
07/11/2025 06:49:36,3,410,350,3,1,3790
07/11/2025 06:49:52,3,410,350,3,1,3790
07/11/2025 06:50:08,3,410,350,3,2,3550
07/11/2025 06:50:24,3,410,350,3,2,3550
07/11/2025 06:50:40,3,410,350,3,2,3550
07/11/2025 06:50:56,3,410,350,3,1,3430
07/11/2025 06:51:12,3,410,350,3,1,3430
07/11/2025 06:51:28,3,410,350,3,1,3420
07/11/2025 06:51:44,3,410,350,3,1,3420
07/11/2025 06:52:00,3,410,350,3,2,3380
07/11/2025 06:52:16,3,410,350,3,2,3380
07/11/2025 06:52:32,3,410,350,3,2,3990
07/11/2025 06:52:48,3,410,350,3,2,3990
07/11/2025 06:53:04,3,410,350,3,2,3990
07/11/2025 06:53:20,3,410,350,3,2,4430
07/11/2025 06:53:36,3,410,350,3,2,4430
07/11/2025 06:53:52,3,-999,350,3,1,4680
07/11/2025 06:54:08,3,-999,350,3,1,4680
07/11/2025 06:54:24,3,410,350,3,2,4350
07/11/2025 06:54:40,3,410,350,3,2,4350
07/11/2025 06:54:56,3,-999,350,3,1,4680
07/11/2025 06:55:12,3,-999,350,3,1,4680
07/11/2025 06:55:28,3,-999,350,3,1,4680
07/11/2025 06:55:44,3,-999,350,3,1,4660
07/11/2025 06:56:00,3,-999,350,3,1,4660
07/11/2025 06:56:16,3,410,350,3,2,4290
07/11/2025 06:56:32,3,410,350,3,2,4290
07/11/2025 06:56:48,3,410,350,3,1,4230
07/11/2025 06:57:04,3,410,350,3,1,4230
07/11/2025 06:57:20,3,410,350,3,2,4340
07/11/2025 06:57:36,3,410,350,3,2,4340
07/11/2025 06:57:52,3,410,350,3,2,4340
07/11/2025 06:58:08,3,410,350,3,1,4240
07/11/2025 06:58:24,3,410,350,3,1,4240
07/11/2025 06:58:40,3,410,350,3,1,4160
07/11/2025 06:58:56,3,410,350,3,1,4160
07/11/2025 06:59:12,3,410,350,3,1,4160
07/11/2025 06:59:28,3,410,350,3,1,4160
07/11/2025 06:59:44,3,410,350,3,1,4160
07/11/2025 07:00:00,3,410,400,3,1,4160
07/11/2025 07:00:16,3,410,400,3,1,4160
07/11/2025 07:00:32,3,410,400,3,1,4160
07/11/2025 07:00:48,3,410,400,3,1,4160
07/11/2025 07:01:04,3,400,400,3,3,4210
07/11/2025 07:01:20,3,400,400,3,3,4210
07/11/2025 07:01:36,3,-999,400,3,1,4930
07/11/2025 07:01:52,3,-999,400,3,1,4930
07/11/2025 07:02:08,3,-999,400,3,1,4950
07/11/2025 07:02:24,3,-999,400,3,1,4950
07/11/2025 07:02:40,3,-999,400,3,1,4950
07/11/2025 07:02:56,3,-999,400,3,2,4970
07/11/2025 07:03:12,3,-999,400,3,2,4970
07/11/2025 07:03:28,3,400,400,3,2,4860
07/11/2025 07:03:44,3,400,400,3,2,4860
07/11/2025 07:04:00,3,400,400,3,2,4000
07/11/2025 07:04:16,3,390,400,3,2,4000
07/11/2025 07:04:32,3,390,400,3,2,3990
07/11/2025 07:04:48,3,390,400,3,2,3990
07/11/2025 07:05:04,3,390,400,3,2,3990
07/11/2025 07:05:20,3,390,400,3,2,4040
07/11/2025 07:05:36,3,390,400,3,2,4040
07/11/2025 07:05:52,3,-999,400,3,1,5050
07/11/2025 07:06:08,3,-999,400,3,1,5050
07/11/2025 07:06:24,3,-999,400,3,1,4840
07/11/2025 07:06:40,3,-999,400,3,1,4840
07/11/2025 07:06:56,3,390,400,3,2,4090
07/11/2025 07:07:12,3,390,400,3,2,4090
07/11/2025 07:07:28,3,390,400,3,2,4090
07/11/2025 07:07:44,3,390,400,3,1,4020
07/11/2025 07:08:00,3,390,400,3,1,4020
07/11/2025 07:08:16,3,380,400,3,1,3980
07/11/2025 07:08:32,3,380,400,3,1,3980
07/11/2025 07:08:48,3,380,400,3,1,3980
07/11/2025 07:09:04,3,380,400,3,1,3980
07/11/2025 07:09:20,3,380,400,3,1,3980
07/11/2025 07:09:36,3,380,400,3,1,3980
07/11/2025 07:09:52,3,380,400,3,1,3980
07/11/2025 07:10:08,3,380,400,3,1,4000
07/11/2025 07:10:24,3,380,400,3,1,4000
07/11/2025 07:10:40,3,380,400,3,1,3990
07/11/2025 07:10:56,3,380,400,3,1,3990
07/11/2025 07:11:12,3,380,400,3,1,4000
07/11/2025 07:11:28,3,380,400,3,1,4000
07/11/2025 07:11:44,3,380,400,3,1,4010
07/11/2025 07:12:00,3,380,400,3,1,4010
07/11/2025 07:12:16,3,380,400,3,1,4010
07/11/2025 07:12:32,3,380,400,3,1,3940
07/11/2025 07:12:48,3,380,400,3,1,3940
07/11/2025 07:13:04,3,380,400,3,2,3940
07/11/2025 07:13:20,3,380,400,3,2,3940
07/11/2025 07:13:36,3,380,400,3,2,3980
07/11/2025 07:13:52,3,380,400,3,2,3980
07/11/2025 07:14:08,3,380,400,3,1,3980
07/11/2025 07:14:24,3,380,400,3,1,3980
07/11/2025 07:14:40,3,380,400,3,1,3980
07/11/2025 07:14:56,3,380,400,3,1,3970
07/11/2025 07:15:12,3,380,400,3,1,3970
07/11/2025 07:15:28,3,380,400,3,1,3950
07/11/2025 07:15:44,3,380,400,3,1,3950
07/11/2025 07:16:00,3,380,400,3,1,3900
07/11/2025 07:16:16,3,380,400,3,1,3900
07/11/2025 07:16:32,3,380,400,3,1,3870
07/11/2025 07:16:48,3,380,400,3,1,3870
07/11/2025 07:17:04,3,380,400,3,1,3870
07/11/2025 07:17:20,3,380,400,3,1,3850
07/11/2025 07:17:36,3,380,400,3,1,3850
07/11/2025 07:17:52,3,380,400,3,1,3840
07/11/2025 07:18:08,3,380,400,3,1,3840
07/11/2025 07:18:24,3,380,400,3,1,3830
07/11/2025 07:18:40,3,380,400,3,1,3830
07/11/2025 07:18:56,3,380,400,3,1,3820
07/11/2025 07:19:12,3,380,400,3,1,3820
07/11/2025 07:19:28,3,380,400,3,1,3820
07/11/2025 07:19:44,3,380,400,3,1,3820
07/11/2025 07:20:00,3,380,400,3,1,3820
07/11/2025 07:20:16,3,380,400,3,1,3820
07/11/2025 07:20:32,3,380,400,3,1,3820
07/11/2025 07:20:48,3,380,400,3,1,3800
07/11/2025 07:21:04,3,380,400,3,1,3800
07/11/2025 07:21:20,3,380,400,3,1,3790
07/11/2025 07:21:36,3,380,400,3,1,3790
07/11/2025 07:21:52,3,380,400,3,1,3790
07/11/2025 07:22:08,3,380,400,3,1,3790
07/11/2025 07:22:24,3,390,400,3,1,3790
07/11/2025 07:22:40,3,390,400,3,1,3780
07/11/2025 07:22:56,3,390,400,3,1,3780
07/11/2025 07:23:12,3,390,400,3,1,3770
07/11/2025 07:23:28,3,390,400,3,1,3770
07/11/2025 07:23:44,3,390,400,3,1,3760
07/11/2025 07:24:00,3,390,400,3,1,3760
07/11/2025 07:24:16,3,390,400,3,1,3760
07/11/2025 07:24:32,3,390,400,3,1,3750
07/11/2025 07:24:48,3,390,400,3,1,3750
07/11/2025 07:25:04,3,390,400,3,1,3730
07/11/2025 07:25:20,3,390,400,3,1,3730
07/11/2025 07:25:36,3,400,400,3,1,3730
07/11/2025 07:25:52,3,400,400,3,1,3730
07/11/2025 07:26:08,3,400,400,3,1,3730
07/11/2025 07:26:24,3,400,400,3,1,3730
07/11/2025 07:26:40,3,400,400,3,1,3730
07/11/2025 07:26:56,3,400,400,3,1,3740
07/11/2025 07:27:12,3,400,400,3,1,3740
07/11/2025 07:27:28,3,400,400,3,1,3740
07/11/2025 07:27:44,3,400,400,3,1,3740
07/11/2025 07:28:00,3,400,400,3,1,3720
07/11/2025 07:28:16,3,400,400,3,1,3720
07/11/2025 07:28:32,3,410,400,3,1,3720
07/11/2025 07:28:48,3,410,400,3,1,3720
07/11/2025 07:29:04,3,410,400,3,1,3720
07/11/2025 07:29:20,3,410,400,3,1,3720
07/11/2025 07:29:36,3,410,400,3,1,3720
07/11/2025 07:29:52,3,410,400,3,1,3730
07/11/2025 07:30:08,3,410,400,3,1,3730
07/11/2025 07:30:24,3,410,400,3,1,3730
07/11/2025 07:30:40,3,410,400,3,1,3730
07/11/2025 07:30:56,3,410,400,3,1,3720
07/11/2025 07:31:12,3,410,400,3,1,3720
07/11/2025 07:31:28,3,410,400,3,1,3720
07/11/2025 07:31:44,3,420,400,3,1,3700
07/11/2025 07:32:00,3,420,400,3,1,3700
07/11/2025 07:32:16,3,420,400,3,1,3700
07/11/2025 07:32:32,3,420,400,3,1,3700
07/11/2025 07:32:48,3,420,400,3,1,3700
07/11/2025 07:33:04,3,420,400,3,1,3700
07/11/2025 07:33:20,3,420,400,3,1,3700
07/11/2025 07:33:36,3,420,400,3,1,3700
07/11/2025 07:33:52,3,420,400,3,1,3700
07/11/2025 07:34:08,3,420,400,3,1,3690
07/11/2025 07:34:24,3,420,400,3,1,3690
07/11/2025 07:34:40,3,420,400,3,1,3680
07/11/2025 07:34:56,3,420,400,3,1,3680
07/11/2025 07:35:12,3,420,400,3,1,3690
07/11/2025 07:35:28,3,420,400,3,1,3690
07/11/2025 07:35:44,3,420,400,3,1,3680
07/11/2025 07:36:00,3,420,400,3,1,3680
07/11/2025 07:36:16,3,420,400,3,1,3680
07/11/2025 07:36:32,3,420,400,3,1,3680
07/11/2025 07:36:48,3,420,400,3,1,3680
07/11/2025 07:37:04,3,420,400,3,1,3710
07/11/2025 07:37:20,3,420,400,3,1,3710
07/11/2025 07:37:36,3,420,400,3,1,3720
07/11/2025 07:37:52,3,420,400,3,1,3720
07/11/2025 07:38:08,3,420,400,3,1,3720
07/11/2025 07:38:24,3,420,400,3,1,3720
07/11/2025 07:38:40,3,420,400,3,1,3720
07/11/2025 07:38:56,3,430,400,3,1,3700
07/11/2025 07:39:12,3,430,400,3,1,3700
07/11/2025 07:39:28,3,430,400,3,1,3720
07/11/2025 07:39:44,3,430,400,3,1,3720
07/11/2025 07:40:00,3,430,400,3,1,3690
07/11/2025 07:40:16,3,430,400,3,1,3690
07/11/2025 07:40:32,3,430,400,3,1,3690
07/11/2025 07:40:48,3,430,400,3,1,3690
07/11/2025 07:41:04,3,430,400,3,1,3690
07/11/2025 07:41:20,3,430,400,3,1,3690
07/11/2025 07:41:36,3,430,400,3,1,3690
07/11/2025 07:41:52,3,430,400,3,1,3650
07/11/2025 07:42:08,3,430,400,3,1,3650
07/11/2025 07:42:24,3,430,400,3,1,3630
07/11/2025 07:42:40,3,430,400,3,1,3630
07/11/2025 07:42:56,3,430,400,3,1,3630
07/11/2025 07:43:12,3,430,400,3,1,3630
07/11/2025 07:43:28,3,430,400,3,1,3630
07/11/2025 07:43:44,3,430,400,3,1,3670
07/11/2025 07:44:00,3,430,400,3,1,3670
07/11/2025 07:44:16,3,430,400,3,1,3700
07/11/2025 07:44:32,3,430,400,3,1,3700
07/11/2025 07:44:48,3,440,400,3,1,3750
07/11/2025 07:45:04,3,440,400,3,1,3750
07/11/2025 07:45:20,3,440,400,3,1,3720
07/11/2025 07:45:36,3,440,400,3,1,3720
07/11/2025 07:45:52,3,440,400,3,1,3720
07/11/2025 07:46:08,3,440,400,3,1,3710
07/11/2025 07:46:24,3,440,400,3,1,3710
07/11/2025 07:46:40,3,440,400,3,1,3710
07/11/2025 07:46:56,3,440,400,3,1,3710
07/11/2025 07:47:12,3,440,400,3,1,3730
07/11/2025 07:47:28,3,440,400,3,1,3730
07/11/2025 07:47:44,3,440,400,3,1,3730
07/11/2025 07:48:00,3,450,400,3,1,3730
07/11/2025 07:48:16,3,450,400,3,1,3730
07/11/2025 07:48:32,3,450,400,3,1,3730
07/11/2025 07:48:48,3,450,400,3,1,3730
07/11/2025 07:49:04,3,450,400,3,2,3760
07/11/2025 07:49:20,3,450,400,3,2,3760
07/11/2025 07:49:36,3,450,400,3,1,4030
07/11/2025 07:49:52,3,450,400,3,1,4030
07/11/2025 07:50:08,3,450,400,3,1,4050
07/11/2025 07:50:24,3,460,400,3,1,4050
07/11/2025 07:50:40,3,460,400,3,1,4050
07/11/2025 07:50:56,3,460,400,3,2,3700
07/11/2025 07:51:12,3,460,400,3,2,3700
07/11/2025 07:51:28,3,460,400,3,1,3700
07/11/2025 07:51:44,3,460,400,3,1,3700
07/11/2025 07:52:00,3,460,400,3,1,4140
07/11/2025 07:52:16,3,460,400,3,1,4140
07/11/2025 07:52:32,3,470,400,3,1,4120
07/11/2025 07:52:48,3,470,400,3,1,4120
07/11/2025 07:53:04,3,470,400,3,1,4120
07/11/2025 07:53:20,3,470,400,3,1,4070
07/11/2025 07:53:36,3,470,400,3,1,4070
07/11/2025 07:53:52,3,470,400,3,1,4060
07/11/2025 07:54:08,3,470,400,3,1,4060
07/11/2025 07:54:24,3,470,400,3,1,4090
07/11/2025 07:54:40,3,480,400,3,1,4090
07/11/2025 07:54:56,3,480,400,3,1,4040
07/11/2025 07:55:12,3,480,400,3,1,4040
07/11/2025 07:55:28,3,480,400,3,1,4040
07/11/2025 07:55:44,3,480,400,3,1,4040
07/11/2025 07:56:00,3,480,400,3,1,4040
07/11/2025 07:56:16,3,490,400,3,1,4100
07/11/2025 07:56:32,3,490,400,3,1,4100
07/11/2025 07:56:48,3,490,400,3,0,-999
07/11/2025 07:57:04,3,490,400,3,0,-999
07/11/2025 07:57:20,3,490,400,3,0,-999
07/11/2025 07:57:36,3,490,400,3,0,-999
07/11/2025 07:57:52,3,520,400,3,0,-999
07/11/2025 07:58:08,3,510,400,3,0,-999
07/11/2025 07:58:24,3,500,400,3,0,-999
07/11/2025 07:58:40,3,630,400,3,0,-999
07/11/2025 07:58:56,3,630,400,3,0,-999
07/11/2025 07:59:12,3,430,400,3,1,4080
07/11/2025 07:59:28,3,420,400,3,1,4080
07/11/2025 07:59:44,3,560,400,3,1,4070
07/11/2025 08:00:00,2,560,420,3,1,4070
07/11/2025 08:00:16,2,560,420,3,1,4070
07/11/2025 08:00:32,2,620,420,3,0,-999
07/11/2025 08:00:48,2,620,420,3,0,-999
07/11/2025 08:01:04,2,620,420,3,0,-999
07/11/2025 08:01:20,2,620,420,3,0,-999
07/11/2025 08:01:36,2,620,420,3,0,-999
07/11/2025 08:01:52,2,610,420,3,0,-999
07/11/2025 08:02:08,2,610,420,3,1,9540
07/11/2025 08:02:24,2,500,420,3,1,9540
07/11/2025 08:02:40,2,500,420,3,1,9540
07/11/2025 08:02:56,2,500,420,3,1,9300
07/11/2025 08:03:12,2,500,420,3,1,9300
07/11/2025 08:03:28,2,500,420,3,1,9270
07/11/2025 08:03:44,2,490,420,3,1,9270
07/11/2025 08:04:00,2,490,420,3,1,9300
07/11/2025 08:04:16,2,490,420,3,1,9300
07/11/2025 08:04:32,2,490,420,3,2,8590
07/11/2025 08:04:48,2,490,420,3,2,8590
07/11/2025 08:05:04,2,490,420,3,2,8590
07/11/2025 08:05:20,2,490,420,3,3,8350
07/11/2025 08:05:36,2,490,420,3,3,8350
07/11/2025 08:05:52,2,490,420,3,2,8470
07/11/2025 08:06:08,2,490,420,3,2,8470
07/11/2025 08:06:24,2,490,420,3,1,8310
07/11/2025 08:06:40,2,490,420,3,1,8310
07/11/2025 08:06:56,2,490,420,3,1,8280
07/11/2025 08:07:12,2,490,420,3,1,8280
07/11/2025 08:07:28,2,490,420,3,1,8280
07/11/2025 08:07:44,2,490,420,3,1,8270
07/11/2025 08:08:00,2,490,420,3,1,8270
07/11/2025 08:08:16,2,490,420,3,1,8400
07/11/2025 08:08:32,2,490,420,3,1,8400
07/11/2025 08:08:48,2,490,420,3,2,8310
07/11/2025 08:09:04,2,490,420,3,2,8310
07/11/2025 08:09:20,2,490,420,3,1,8380
07/11/2025 08:09:36,2,400,420,3,1,8380
07/11/2025 08:09:52,2,400,420,3,1,8380
07/11/2025 08:10:08,2,400,420,3,1,8240
07/11/2025 08:10:24,2,400,420,3,1,8240
07/11/2025 08:10:40,2,400,420,3,2,8000
07/11/2025 08:10:56,2,400,420,3,2,8000
07/11/2025 08:11:12,2,400,420,3,1,7970
07/11/2025 08:11:28,2,400,420,3,1,7970
07/11/2025 08:11:44,2,390,420,3,2,7960
07/11/2025 08:12:00,2,390,420,3,2,7960
07/11/2025 08:12:16,2,390,420,3,2,7960
07/11/2025 08:12:32,2,390,420,3,2,7730
07/11/2025 08:12:48,2,390,420,3,2,7730
07/11/2025 08:13:04,2,390,420,3,2,7750
07/11/2025 08:13:20,2,390,420,3,2,7750
07/11/2025 08:13:36,2,390,420,3,2,7530
07/11/2025 08:13:52,2,390,420,3,2,7530
07/11/2025 08:14:08,2,390,420,3,1,7550
07/11/2025 08:14:24,2,390,420,3,1,7550
07/11/2025 08:14:40,2,390,420,3,1,7550
07/11/2025 08:14:56,2,390,420,3,2,7430
07/11/2025 08:15:12,2,390,420,3,2,7430
07/11/2025 08:15:28,2,390,420,3,1,7560
07/11/2025 08:15:44,2,390,420,3,1,7560
07/11/2025 08:16:00,2,390,420,3,3,7360
07/11/2025 08:16:16,2,390,420,3,3,7360
07/11/2025 08:16:32,2,390,420,3,2,7360
07/11/2025 08:16:48,2,380,420,3,2,7360
07/11/2025 08:17:04,2,380,420,3,2,7360
07/11/2025 08:17:20,2,380,420,3,2,7450
07/11/2025 08:17:36,2,380,420,3,2,7450
07/11/2025 08:17:52,2,380,420,3,1,4240
07/11/2025 08:18:08,2,380,420,3,1,4240
07/11/2025 08:18:24,2,380,420,3,2,4220
07/11/2025 08:18:40,2,380,420,3,2,4220
07/11/2025 08:18:56,2,380,420,3,1,7230
07/11/2025 08:19:12,2,380,420,3,1,7230
07/11/2025 08:19:28,2,380,420,3,1,7230
07/11/2025 08:19:44,2,380,420,3,1,7230
07/11/2025 08:20:00,2,380,420,3,1,7230
07/11/2025 08:20:16,2,380,420,3,1,7230
07/11/2025 08:20:32,2,380,420,3,1,7230
07/11/2025 08:20:48,2,370,420,3,2,4180
07/11/2025 08:21:04,2,370,420,3,2,4180
07/11/2025 08:21:20,2,370,420,3,3,3570
07/11/2025 08:21:36,2,370,420,3,3,3570
07/11/2025 08:21:52,2,370,420,3,3,3570
07/11/2025 08:22:08,2,370,420,3,2,3540
07/11/2025 08:22:24,2,370,420,3,2,3540
07/11/2025 08:22:40,2,370,420,3,2,3550
07/11/2025 08:22:56,2,370,420,3,2,3550
07/11/2025 08:23:12,2,370,420,3,1,3580
07/11/2025 08:23:28,2,370,420,3,1,3580
07/11/2025 08:23:44,2,370,420,3,1,3510
07/11/2025 08:24:00,2,370,420,3,1,3510
07/11/2025 08:24:16,2,370,420,3,1,3510
07/11/2025 08:24:32,2,370,420,3,1,3510
07/11/2025 08:24:48,2,370,420,3,1,3510
07/11/2025 08:25:04,2,370,420,3,1,3510
07/11/2025 08:25:20,2,370,420,3,1,3510
07/11/2025 08:25:36,2,370,420,3,1,3490
07/11/2025 08:25:52,2,370,420,3,1,3490
07/11/2025 08:26:08,2,370,420,3,1,3470
07/11/2025 08:26:24,2,370,420,3,1,3470
07/11/2025 08:26:40,2,370,420,3,1,3470
07/11/2025 08:26:56,2,370,420,3,1,3460
07/11/2025 08:27:12,2,370,420,3,1,3460
07/11/2025 08:27:28,2,370,420,3,1,3460
07/11/2025 08:27:44,2,370,420,3,1,3460
07/11/2025 08:28:00,2,370,420,3,1,3460
07/11/2025 08:28:16,2,370,420,3,1,3460
07/11/2025 08:28:32,2,360,420,3,1,3460
07/11/2025 08:28:48,2,360,420,3,1,3460
07/11/2025 08:29:04,2,350,420,3,1,3460
07/11/2025 08:29:20,2,350,420,3,1,3470
07/11/2025 08:29:36,2,350,420,3,1,3470
07/11/2025 08:29:52,2,350,420,3,1,3470
07/11/2025 08:30:08,2,350,420,3,1,3470
07/11/2025 08:30:24,2,350,420,3,1,3470
07/11/2025 08:30:40,2,350,420,3,1,3470
07/11/2025 08:30:56,2,350,420,3,1,3470
07/11/2025 08:31:12,2,350,420,3,1,3470
07/11/2025 08:31:28,2,350,420,3,1,3470
07/11/2025 08:31:44,2,350,420,3,1,3450
07/11/2025 08:32:00,2,350,420,3,1,3450
07/11/2025 08:32:16,2,350,420,3,1,3450
07/11/2025 08:32:32,2,360,420,3,1,3450
07/11/2025 08:32:48,2,360,420,3,1,3460
07/11/2025 08:33:04,2,360,420,3,1,3460
07/11/2025 08:33:20,2,370,420,3,1,3470
07/11/2025 08:33:36,2,370,420,3,1,3470
07/11/2025 08:33:52,2,370,420,3,1,3470
07/11/2025 08:34:08,2,370,420,3,1,3450
07/11/2025 08:34:24,2,370,420,3,1,3450
07/11/2025 08:34:40,2,370,420,3,1,3450
07/11/2025 08:34:56,2,370,420,3,1,3450
07/11/2025 08:35:12,2,370,420,3,1,3450
07/11/2025 08:35:28,2,370,420,3,1,3450
07/11/2025 08:35:44,2,370,420,3,1,3440
07/11/2025 08:36:00,2,370,420,3,1,3440
07/11/2025 08:36:16,2,370,420,3,1,3440
07/11/2025 08:36:32,2,380,420,3,1,3430
07/11/2025 08:36:48,2,380,420,3,1,3430
07/11/2025 08:37:04,2,380,420,3,1,3430
07/11/2025 08:37:20,2,380,420,3,1,3430
07/11/2025 08:37:36,2,380,420,3,1,3440
07/11/2025 08:37:52,2,380,420,3,1,3440
07/11/2025 08:38:08,2,380,420,3,1,3440
07/11/2025 08:38:24,2,380,420,3,1,3440
07/11/2025 08:38:40,2,380,420,3,1,3440
07/11/2025 08:38:56,2,380,420,3,1,3440
07/11/2025 08:39:12,2,380,420,3,1,3440
07/11/2025 08:39:28,2,380,420,3,1,3450
07/11/2025 08:39:44,2,380,420,3,1,3450
07/11/2025 08:40:00,2,380,420,3,1,3450
07/11/2025 08:40:16,2,380,420,3,1,3450
07/11/2025 08:40:32,2,380,420,3,1,3460
07/11/2025 08:40:48,2,380,420,3,1,3460
07/11/2025 08:41:04,2,380,420,3,1,3460
07/11/2025 08:41:20,2,380,420,3,1,3460
07/11/2025 08:41:36,2,380,420,3,1,3460
07/11/2025 08:41:52,2,380,420,3,1,3450
07/11/2025 08:42:08,2,380,420,3,1,3450
07/11/2025 08:42:24,2,380,420,3,1,3450
07/11/2025 08:42:40,2,390,420,3,1,3450
07/11/2025 08:42:56,2,390,420,3,1,3470
07/11/2025 08:43:12,2,390,420,3,1,3470
07/11/2025 08:43:28,2,390,420,3,1,3470
07/11/2025 08:43:44,2,390,420,3,1,3450
07/11/2025 08:44:00,2,390,420,3,1,3450
07/11/2025 08:44:16,2,390,420,3,1,3450
07/11/2025 08:44:32,2,390,420,3,1,3450
07/11/2025 08:44:48,2,390,420,3,1,3460
07/11/2025 08:45:04,2,400,420,3,1,3460
07/11/2025 08:45:20,2,400,420,3,1,3480
07/11/2025 08:45:36,2,400,420,3,1,3480
07/11/2025 08:45:52,2,400,420,3,1,3480
07/11/2025 08:46:08,2,400,420,3,1,3490
07/11/2025 08:46:24,2,400,420,3,1,3490
07/11/2025 08:46:40,2,400,420,3,1,3490
07/11/2025 08:46:56,2,400,420,3,1,3490
07/11/2025 08:47:12,2,400,420,3,1,3490
07/11/2025 08:47:28,2,400,420,3,1,3490
07/11/2025 08:47:44,2,400,420,3,1,3480
07/11/2025 08:48:00,2,410,420,3,1,3480
07/11/2025 08:48:16,2,410,420,3,1,3480
07/11/2025 08:48:32,2,410,420,3,1,3470
07/11/2025 08:48:48,2,410,420,3,1,3470
07/11/2025 08:49:04,2,410,420,3,1,3470
07/11/2025 08:49:20,2,410,420,3,1,3470
07/11/2025 08:49:36,2,420,420,3,1,3500
07/11/2025 08:49:52,2,420,420,3,1,3500
07/11/2025 08:50:08,2,430,420,3,1,3500
07/11/2025 08:50:24,2,430,420,3,1,3500
07/11/2025 08:50:40,2,430,420,3,1,3500
07/11/2025 08:50:56,2,440,420,3,1,3510
07/11/2025 08:51:12,2,450,420,3,1,3510
07/11/2025 08:51:28,2,450,420,3,1,3510
07/11/2025 08:51:44,2,460,420,3,1,3510
07/11/2025 08:52:00,2,460,420,3,1,3490
07/11/2025 08:52:16,2,460,420,3,1,3490
07/11/2025 08:52:32,2,460,420,3,1,3470
07/11/2025 08:52:48,2,460,420,3,1,3470
07/11/2025 08:53:04,2,460,420,3,1,3470
07/11/2025 08:53:20,2,470,420,3,1,3470
07/11/2025 08:53:36,2,470,420,3,1,3470
07/11/2025 08:53:52,2,470,420,3,1,3470
07/11/2025 08:54:08,2,470,420,3,1,3470
07/11/2025 08:54:24,2,470,420,3,0,-999
07/11/2025 08:54:40,2,480,420,3,0,-999
07/11/2025 08:54:56,2,480,420,3,0,-999
07/11/2025 08:55:12,2,490,420,3,0,-999
07/11/2025 08:55:28,2,490,420,3,0,-999
07/11/2025 08:55:44,2,540,420,3,0,-999
07/11/2025 08:56:00,2,530,420,3,0,-999
07/11/2025 08:56:16,2,580,420,3,0,-999
07/11/2025 08:56:32,2,580,420,3,0,-999
07/11/2025 08:56:48,2,550,420,3,1,3420
07/11/2025 08:57:04,2,560,420,3,1,3420
07/11/2025 08:57:20,2,560,420,3,1,3430
07/11/2025 08:57:36,2,560,420,3,1,3430
07/11/2025 08:57:52,2,560,420,3,1,3430
07/11/2025 08:58:08,2,560,420,3,1,3430
07/11/2025 08:58:24,2,560,420,3,1,3430
07/11/2025 08:58:40,2,560,420,3,1,3420
07/11/2025 08:58:56,2,560,420,3,1,3420
07/11/2025 08:59:12,2,560,420,3,1,3420
07/11/2025 08:59:28,2,560,420,3,1,3420
07/11/2025 08:59:44,2,560,420,3,1,3420
07/11/2025 09:00:00,2,560,420,3,1,3420
07/11/2025 09:00:16,3,560,390,3,1,3420
07/11/2025 09:00:32,3,560,390,3,1,3420
07/11/2025 09:00:48,3,560,390,3,1,3420
07/11/2025 09:01:04,3,470,390,3,0,-999
07/11/2025 09:01:20,3,470,390,3,0,-999
07/11/2025 09:01:36,3,500,390,3,0,-999
07/11/2025 09:01:52,3,500,390,3,0,-999
07/11/2025 09:02:08,3,610,390,3,0,-999
07/11/2025 09:02:24,3,610,390,3,0,-999
07/11/2025 09:02:40,3,600,390,3,0,-999
07/11/2025 09:02:56,3,550,390,3,0,-999
07/11/2025 09:03:12,3,540,390,3,0,-999
07/11/2025 09:03:28,3,600,390,3,0,-999
07/11/2025 09:03:44,3,590,390,3,0,-999
07/11/2025 09:04:00,3,590,390,3,0,-999
07/11/2025 09:04:16,3,590,390,3,0,-999
07/11/2025 09:04:32,3,590,390,3,0,-999
07/11/2025 09:04:48,3,580,390,3,0,-999
07/11/2025 09:05:04,3,580,390,3,0,-999
07/11/2025 09:05:20,3,540,390,3,1,3440
07/11/2025 09:05:36,3,540,390,3,1,3440
07/11/2025 09:05:52,3,530,390,3,1,3440
07/11/2025 09:06:08,3,530,390,3,1,3440
07/11/2025 09:06:24,3,530,390,3,1,3920
07/11/2025 09:06:40,3,520,390,3,1,3920
07/11/2025 09:06:56,3,520,390,3,1,3930
07/11/2025 09:07:12,3,520,390,3,1,3930
07/11/2025 09:07:28,3,510,390,3,1,3930
07/11/2025 09:07:44,3,600,390,3,0,-999
07/11/2025 09:08:00,3,600,390,3,0,-999
07/11/2025 09:08:16,3,500,390,3,0,-999
07/11/2025 09:08:32,3,490,390,3,0,-999
07/11/2025 09:08:48,3,490,390,3,0,-999
07/11/2025 09:09:04,3,490,390,3,0,-999
07/11/2025 09:09:20,3,480,390,3,1,7430
07/11/2025 09:09:36,3,480,390,3,1,7430
07/11/2025 09:09:52,3,480,390,3,1,7430
07/11/2025 09:10:08,3,470,390,3,1,7410
07/11/2025 09:10:24,3,470,390,3,1,7410
07/11/2025 09:10:40,3,460,390,3,1,3640
07/11/2025 09:10:56,3,460,390,3,1,3640
07/11/2025 09:11:12,3,450,390,3,1,3570
07/11/2025 09:11:28,3,450,390,3,1,3570
07/11/2025 09:11:44,3,450,390,3,1,3540
07/11/2025 09:12:00,3,440,390,3,1,3540
07/11/2025 09:12:16,3,440,390,3,1,3540
07/11/2025 09:12:32,3,430,390,3,1,3510
07/11/2025 09:12:48,3,430,390,3,1,3510
07/11/2025 09:13:04,3,430,390,3,1,3510
07/11/2025 09:13:20,3,430,390,3,1,3510
07/11/2025 09:13:36,3,430,390,3,1,3510
07/11/2025 09:13:52,3,420,390,3,1,3510
07/11/2025 09:14:08,3,420,390,3,1,3540
07/11/2025 09:14:24,3,420,390,3,1,3540
07/11/2025 09:14:40,3,420,390,3,1,3540
07/11/2025 09:14:56,3,420,390,3,1,3560
07/11/2025 09:15:12,3,420,390,3,1,3560
07/11/2025 09:15:28,3,420,390,3,1,3530
07/11/2025 09:15:44,3,420,390,3,1,3530
07/11/2025 09:16:00,3,420,390,3,1,3550
07/11/2025 09:16:16,3,420,390,3,1,3550
07/11/2025 09:16:32,3,420,390,3,1,3540
07/11/2025 09:16:48,3,420,390,3,1,3540
07/11/2025 09:17:04,3,420,390,3,1,3540
07/11/2025 09:17:20,3,420,390,3,1,3540
07/11/2025 09:17:36,3,420,390,3,1,3540
07/11/2025 09:17:52,3,420,390,3,1,3520
07/11/2025 09:18:08,3,420,390,3,1,3520
07/11/2025 09:18:24,3,420,390,3,2,3520
07/11/2025 09:18:40,3,430,390,3,2,3520
07/11/2025 09:18:56,3,430,390,3,1,3720
07/11/2025 09:19:12,3,430,390,3,1,3720
07/11/2025 09:19:28,3,430,390,3,1,3720
07/11/2025 09:19:44,3,430,390,3,1,3640
07/11/2025 09:20:00,3,430,390,3,1,3640
07/11/2025 09:20:16,3,430,390,3,1,3600
07/11/2025 09:20:32,3,430,390,3,1,3600
07/11/2025 09:20:48,3,430,390,3,1,3630
07/11/2025 09:21:04,3,440,390,3,1,3630
07/11/2025 09:21:20,3,440,390,3,1,3620
07/11/2025 09:21:36,3,440,390,3,1,3620
07/11/2025 09:21:52,3,440,390,3,1,3620
07/11/2025 09:22:08,3,440,390,3,2,3620
07/11/2025 09:22:24,3,440,390,3,2,3620
07/11/2025 09:22:40,3,440,390,3,3,3510
07/11/2025 09:22:56,3,450,390,3,3,3510
07/11/2025 09:23:12,3,450,390,3,2,3520
07/11/2025 09:23:28,3,450,390,3,2,3520
07/11/2025 09:23:44,3,450,390,3,2,5790
07/11/2025 09:24:00,3,450,390,3,2,5790
07/11/2025 09:24:16,3,450,390,3,2,5790
07/11/2025 09:24:32,3,460,390,3,1,5860
07/11/2025 09:24:48,3,460,390,3,1,5860
07/11/2025 09:25:04,3,460,390,3,1,5840
07/11/2025 09:25:20,3,460,390,3,1,5840
07/11/2025 09:25:36,3,460,390,3,1,5750
07/11/2025 09:25:52,3,460,390,3,1,5750
07/11/2025 09:26:08,3,460,390,3,1,5780
07/11/2025 09:26:24,3,460,390,3,1,5780
07/11/2025 09:26:40,3,460,390,3,1,5780
07/11/2025 09:26:56,3,460,390,3,1,5780
07/11/2025 09:27:12,3,460,390,3,1,5780
07/11/2025 09:27:28,3,470,390,3,1,5780
07/11/2025 09:27:44,3,470,390,3,1,5780
07/11/2025 09:28:00,3,470,390,3,1,5720
07/11/2025 09:28:16,3,470,390,3,1,5720
07/11/2025 09:28:32,3,470,390,3,1,5710
07/11/2025 09:28:48,3,470,390,3,1,5710
07/11/2025 09:29:04,3,470,390,3,1,5710
07/11/2025 09:29:20,3,470,390,3,1,5750
07/11/2025 09:29:36,3,480,390,3,1,5750
07/11/2025 09:29:52,3,480,390,3,1,5810
07/11/2025 09:30:08,3,480,390,3,1,5810
07/11/2025 09:30:24,3,480,390,3,1,5790
07/11/2025 09:30:40,3,480,390,3,1,5790
07/11/2025 09:30:56,3,480,390,3,1,5790
07/11/2025 09:31:12,3,480,390,3,1,5790
07/11/2025 09:31:28,3,480,390,3,1,5790
07/11/2025 09:31:44,3,480,390,3,1,5830
07/11/2025 09:32:00,3,480,390,3,1,5830
07/11/2025 09:32:16,3,480,390,3,1,5830
07/11/2025 09:32:32,3,480,390,3,1,5830
07/11/2025 09:32:48,3,480,390,3,1,5820
07/11/2025 09:33:04,3,480,390,3,1,5820
07/11/2025 09:33:20,3,480,390,3,1,5870
07/11/2025 09:33:36,3,490,390,3,1,5870
07/11/2025 09:33:52,3,490,390,3,1,5870
07/11/2025 09:34:08,3,490,390,3,2,5870
07/11/2025 09:34:24,3,490,390,3,2,5870
07/11/2025 09:34:40,3,490,390,3,2,5840
07/11/2025 09:34:56,3,490,390,3,2,5840
07/11/2025 09:35:12,3,490,390,3,2,5830
07/11/2025 09:35:28,3,490,390,3,2,5830
07/11/2025 09:35:44,3,490,390,3,3,3990
07/11/2025 09:36:00,3,490,390,3,3,3990
07/11/2025 09:36:16,3,490,390,3,3,3990
07/11/2025 09:36:32,3,490,390,3,1,3990
07/11/2025 09:36:48,3,490,390,3,1,3990
07/11/2025 09:37:04,3,490,390,3,3,4010
07/11/2025 09:37:20,3,490,390,3,3,4010
07/11/2025 09:37:36,3,530,390,3,3,5560
07/11/2025 09:37:52,3,530,390,3,3,5560
07/11/2025 09:38:08,3,530,390,3,2,4150
07/11/2025 09:38:24,3,530,390,3,2,4150
07/11/2025 09:38:40,3,530,390,3,2,4150
07/11/2025 09:38:56,3,530,390,3,2,4140
07/11/2025 09:39:12,3,530,390,3,2,4140
07/11/2025 09:39:28,3,530,390,3,3,4140
07/11/2025 09:39:44,3,530,390,3,3,4140
07/11/2025 09:40:00,3,530,390,3,2,5800
07/11/2025 09:40:16,3,530,390,3,2,5800
07/11/2025 09:40:32,3,530,390,3,2,4260
07/11/2025 09:40:48,3,530,390,3,2,4260
07/11/2025 09:41:04,3,530,390,3,2,4260
07/11/2025 09:41:20,3,530,390,3,1,4270
07/11/2025 09:41:36,3,530,390,3,1,4270
07/11/2025 09:41:52,3,530,390,3,1,4250
07/11/2025 09:42:08,3,530,390,3,1,4250
07/11/2025 09:42:24,3,500,390,3,2,3410
07/11/2025 09:42:40,3,500,390,3,2,3410
07/11/2025 09:42:56,3,500,390,3,2,3410
07/11/2025 09:43:12,3,500,390,3,2,3410
07/11/2025 09:43:28,3,500,390,3,2,3410
07/11/2025 09:43:44,3,500,390,3,2,3410
07/11/2025 09:44:00,3,500,390,3,2,3410
07/11/2025 09:44:16,3,500,390,3,2,3410
07/11/2025 09:44:32,3,500,390,3,2,3410
07/11/2025 09:44:48,3,500,390,3,2,3420
07/11/2025 09:45:04,3,500,390,3,2,3420
07/11/2025 09:45:20,3,500,390,3,2,3430
07/11/2025 09:45:36,3,500,390,3,2,3430
07/11/2025 09:45:52,3,500,390,3,2,3430
07/11/2025 09:46:08,3,500,390,3,2,3430
07/11/2025 09:46:24,3,500,390,3,2,3430
07/11/2025 09:46:40,3,500,390,3,2,3430
07/11/2025 09:46:56,3,500,390,3,2,3430
07/11/2025 09:47:12,3,500,390,3,1,3440
07/11/2025 09:47:28,3,500,390,3,1,3440
07/11/2025 09:47:44,3,500,390,3,2,3430
07/11/2025 09:48:00,3,500,390,3,2,3430
07/11/2025 09:48:16,3,500,390,3,2,3430
07/11/2025 09:48:32,3,500,390,3,2,3420
07/11/2025 09:48:48,3,500,390,3,2,3420
07/11/2025 09:49:04,3,500,390,3,2,3420
07/11/2025 09:49:20,3,510,390,3,2,3420
07/11/2025 09:49:36,3,510,390,3,2,3400
07/11/2025 09:49:52,3,510,390,3,2,3400
07/11/2025 09:50:08,3,480,390,3,1,4190
07/11/2025 09:50:24,3,480,390,3,1,4190
07/11/2025 09:50:40,3,480,390,3,1,4190
07/11/2025 09:50:56,3,490,390,3,1,4220
07/11/2025 09:51:12,3,490,390,3,1,4220
07/11/2025 09:51:28,3,560,390,3,1,4240
07/11/2025 09:51:44,3,550,390,3,1,4240
07/11/2025 09:52:00,3,510,390,3,1,4150
07/11/2025 09:52:16,3,510,390,3,1,4150
07/11/2025 09:52:32,3,550,390,3,1,4150
07/11/2025 09:52:48,3,530,390,3,1,4150
07/11/2025 09:53:04,3,530,390,3,1,4150
07/11/2025 09:53:20,3,560,390,3,1,4180
07/11/2025 09:53:36,3,560,390,3,1,4180
07/11/2025 09:53:52,3,600,390,3,1,4200
07/11/2025 09:54:08,3,600,390,3,1,4200
07/11/2025 09:54:24,3,550,390,3,1,4280
07/11/2025 09:54:40,3,550,390,3,1,4280
07/11/2025 09:54:56,3,510,390,3,3,4000
07/11/2025 09:55:12,3,510,390,3,3,4000
07/11/2025 09:55:28,3,510,390,3,3,4000
07/11/2025 09:55:44,3,510,390,3,2,3990
07/11/2025 09:56:00,3,510,390,3,2,3990
07/11/2025 09:56:16,3,510,390,3,2,3920
07/11/2025 09:56:32,3,510,390,3,2,3920
07/11/2025 09:56:48,3,510,390,3,2,3920
07/11/2025 09:57:04,3,510,390,3,2,3920
07/11/2025 09:57:20,3,470,390,3,1,5790
07/11/2025 09:57:36,3,470,390,3,1,5790
07/11/2025 09:57:52,3,470,390,3,1,5790
07/11/2025 09:58:08,3,1890,390,3,2,4050
07/11/2025 09:58:24,3,1920,390,3,2,4050
07/11/2025 09:58:40,3,1920,390,3,1,4020
07/11/2025 09:58:56,3,1930,390,3,1,4020
07/11/2025 09:59:12,3,520,390,3,1,3990
07/11/2025 09:59:28,3,520,390,3,1,3990
07/11/2025 09:59:44,3,520,390,3,1,3990
07/11/2025 10:00:00,3,520,390,3,1,3990
07/11/2025 10:00:16,3,520,490,3,1,3990
07/11/2025 10:00:32,3,520,490,3,1,3950
07/11/2025 10:00:48,3,520,490,3,1,3950
07/11/2025 10:01:04,3,520,490,3,1,3870
07/11/2025 10:01:20,3,520,490,3,1,3870
07/11/2025 10:01:36,3,520,490,3,1,3860
07/11/2025 10:01:52,3,520,490,3,1,3860
07/11/2025 10:02:08,3,520,490,3,1,3890
07/11/2025 10:02:24,3,520,490,3,1,3890
07/11/2025 10:02:40,3,520,490,3,1,3890
07/11/2025 10:02:56,3,520,490,3,1,3940
07/11/2025 10:03:12,3,520,490,3,1,3940
07/11/2025 10:03:28,3,520,490,3,2,3950
07/11/2025 10:03:44,3,520,490,3,2,3950
07/11/2025 10:04:00,3,520,490,3,1,3940
07/11/2025 10:04:16,3,520,490,3,1,3940
07/11/2025 10:04:32,3,520,490,3,1,3950
07/11/2025 10:04:48,3,520,490,3,1,3950
07/11/2025 10:05:04,3,520,490,3,1,3950
07/11/2025 10:05:20,3,520,490,3,1,3930
07/11/2025 10:05:36,3,520,490,3,1,3930
07/11/2025 10:05:52,3,520,490,3,1,3910
07/11/2025 10:06:08,3,520,490,3,1,3910
07/11/2025 10:06:24,3,520,490,3,1,3840
07/11/2025 10:06:40,3,520,490,3,1,3840
07/11/2025 10:06:56,3,520,490,3,1,3820
07/11/2025 10:07:12,3,520,490,3,1,3820
07/11/2025 10:07:28,3,520,490,3,1,3820
07/11/2025 10:07:44,3,520,490,3,1,3780
07/11/2025 10:08:00,3,520,490,3,1,3780
07/11/2025 10:08:16,3,520,490,3,1,3770
07/11/2025 10:08:32,3,520,490,3,1,3770
07/11/2025 10:08:48,3,520,490,3,1,3800
07/11/2025 10:09:04,3,520,490,3,1,3800
07/11/2025 10:09:20,3,440,490,3,0,-999
07/11/2025 10:09:36,3,440,490,3,0,-999
07/11/2025 10:09:52,3,440,490,3,0,-999
07/11/2025 10:10:08,3,460,490,3,0,-999
07/11/2025 10:10:24,3,460,490,3,0,-999
07/11/2025 10:10:40,3,530,490,3,2,8250
07/11/2025 10:10:56,3,520,490,3,2,8250
07/11/2025 10:11:12,3,690,490,3,0,-999
07/11/2025 10:11:28,3,690,490,3,0,-999
07/11/2025 10:11:44,3,550,490,3,0,-999
07/11/2025 10:12:00,3,560,490,3,0,-999
07/11/2025 10:12:16,3,550,490,3,0,-999
07/11/2025 10:12:32,3,530,490,3,0,-999
07/11/2025 10:12:48,3,510,490,3,0,-999
07/11/2025 10:13:04,3,510,490,3,2,3490
07/11/2025 10:13:20,3,510,490,3,2,3490
07/11/2025 10:13:36,3,510,490,3,2,3490
07/11/2025 10:13:52,3,510,490,3,2,3490
07/11/2025 10:14:08,3,510,490,3,2,3480
07/11/2025 10:14:24,3,510,490,3,2,3480
07/11/2025 10:14:40,3,510,490,3,2,3480
07/11/2025 10:14:56,3,510,490,3,1,3470
07/11/2025 10:15:12,3,510,490,3,1,3470
07/11/2025 10:15:28,3,510,490,3,1,3470
07/11/2025 10:15:44,3,510,490,3,1,3470
07/11/2025 10:16:00,3,500,490,3,1,3470
07/11/2025 10:16:16,3,500,490,3,1,3470
07/11/2025 10:16:32,3,500,490,3,1,3480
07/11/2025 10:16:48,3,500,490,3,1,3480
07/11/2025 10:17:04,3,500,490,3,1,3480
07/11/2025 10:17:20,3,500,490,3,1,3480
07/11/2025 10:17:36,3,500,490,3,1,3480
07/11/2025 10:17:52,3,500,490,3,1,3470
07/11/2025 10:18:08,3,500,490,3,1,3470
07/11/2025 10:18:24,3,500,490,3,1,3470
07/11/2025 10:18:40,3,500,490,3,1,3470
07/11/2025 10:18:56,3,500,490,3,1,3470
07/11/2025 10:19:12,3,500,490,3,1,3470
07/11/2025 10:19:28,3,500,490,3,1,3470
07/11/2025 10:19:44,3,500,490,3,1,3470
07/11/2025 10:20:00,3,500,490,3,1,3470
07/11/2025 10:20:16,3,500,490,3,1,3470
07/11/2025 10:20:32,3,500,490,3,1,3470
07/11/2025 10:20:48,3,500,490,3,1,3460
07/11/2025 10:21:04,3,500,490,3,1,3460
07/11/2025 10:21:20,3,500,490,3,2,3450
07/11/2025 10:21:36,3,500,490,3,2,3450
07/11/2025 10:21:52,3,510,490,3,2,3450
07/11/2025 10:22:08,3,510,490,3,1,3850
07/11/2025 10:22:24,3,510,490,3,1,3850
07/11/2025 10:22:40,3,510,490,3,1,3840
07/11/2025 10:22:56,3,510,490,3,1,3840
07/11/2025 10:23:12,3,510,490,3,1,3840
07/11/2025 10:23:28,3,510,490,3,1,3840
07/11/2025 10:23:44,3,510,490,3,3,3450
07/11/2025 10:24:00,3,510,490,3,3,3450
07/11/2025 10:24:16,3,510,490,3,3,3450
07/11/2025 10:24:32,3,510,490,3,1,3440
07/11/2025 10:24:48,3,510,490,3,1,3440
07/11/2025 10:25:04,3,510,490,3,1,3450
07/11/2025 10:25:20,3,510,490,3,1,3450
07/11/2025 10:25:36,3,510,490,3,1,3480
07/11/2025 10:25:52,3,510,490,3,1,3480
07/11/2025 10:26:08,3,510,490,3,1,3500
07/11/2025 10:26:24,3,510,490,3,1,3500
07/11/2025 10:26:40,3,510,490,3,1,3500
07/11/2025 10:26:56,3,700,490,3,0,-999
07/11/2025 10:27:12,3,490,490,3,0,-999
07/11/2025 10:27:28,3,480,490,3,0,-999
07/11/2025 10:27:44,3,480,490,3,0,-999
07/11/2025 10:28:00,3,500,490,3,0,-999
07/11/2025 10:28:16,3,500,490,3,0,-999
07/11/2025 10:28:32,3,510,490,3,1,9060
07/11/2025 10:28:48,3,510,490,3,1,9060
07/11/2025 10:29:04,3,520,490,3,1,9060
07/11/2025 10:29:20,3,520,490,3,2,8950
07/11/2025 10:29:36,3,520,490,3,2,8950
07/11/2025 10:29:52,3,510,490,3,2,9200
07/11/2025 10:30:08,3,510,490,3,2,9200
07/11/2025 10:30:24,3,510,490,3,2,9090
07/11/2025 10:30:40,3,510,490,3,2,9090
07/11/2025 10:30:56,3,510,490,3,1,9100
07/11/2025 10:31:12,3,510,490,3,1,9100
07/11/2025 10:31:28,3,510,490,3,1,9100
07/11/2025 10:31:44,3,510,490,3,2,8980
07/11/2025 10:32:00,3,510,490,3,2,8980
07/11/2025 10:32:16,3,510,490,3,1,9250
07/11/2025 10:32:32,3,490,490,3,1,9250
07/11/2025 10:32:48,3,490,490,3,2,4260
07/11/2025 10:33:04,3,490,490,3,2,4260
07/11/2025 10:33:20,3,490,490,3,1,4250
07/11/2025 10:33:36,3,490,490,3,1,4250
07/11/2025 10:33:52,3,490,490,3,1,4250
07/11/2025 10:34:08,3,490,490,3,1,8970
07/11/2025 10:34:24,3,490,490,3,1,8970
07/11/2025 10:34:40,3,490,490,3,2,4250
07/11/2025 10:34:56,3,490,490,3,2,4250
07/11/2025 10:35:12,3,490,490,3,2,4260
07/11/2025 10:35:28,3,490,490,3,2,4260
07/11/2025 10:35:44,3,490,490,3,2,4250
07/11/2025 10:36:00,3,490,490,3,2,4250
07/11/2025 10:36:16,3,490,490,3,2,4250
07/11/2025 10:36:32,3,490,490,3,1,4250
07/11/2025 10:36:48,3,490,490,3,1,4250
07/11/2025 10:37:04,3,490,490,3,1,4250
07/11/2025 10:37:20,3,490,490,3,1,4250
07/11/2025 10:37:36,3,490,490,3,1,4240
07/11/2025 10:37:52,3,490,490,3,1,4240
07/11/2025 10:38:08,3,490,490,3,1,4230
07/11/2025 10:38:24,3,490,490,3,1,4230
07/11/2025 10:38:40,3,490,490,3,1,4230
07/11/2025 10:38:56,3,490,490,3,1,4230
07/11/2025 10:39:12,3,490,490,3,1,4230
07/11/2025 10:39:28,3,490,490,3,1,4230
07/11/2025 10:39:44,3,490,490,3,1,4230
07/11/2025 10:40:00,3,490,490,3,1,4230
07/11/2025 10:40:16,3,480,490,3,1,4230
07/11/2025 10:40:32,3,480,490,3,1,4220
07/11/2025 10:40:48,3,480,490,3,1,4220
07/11/2025 10:41:04,3,480,490,3,1,4220
07/11/2025 10:41:20,3,480,490,3,1,4210
07/11/2025 10:41:36,3,480,490,3,1,4210
07/11/2025 10:41:52,3,480,490,3,0,-999
07/11/2025 10:42:08,3,480,490,3,0,-999
07/11/2025 10:42:24,3,480,490,3,1,8360
07/11/2025 10:42:40,3,480,490,3,1,8360
07/11/2025 10:42:56,3,480,490,3,2,4220
07/11/2025 10:43:12,3,480,490,3,2,4220
07/11/2025 10:43:28,3,480,490,3,2,4220
07/11/2025 10:43:44,3,480,490,3,2,3610
07/11/2025 10:44:00,3,480,490,3,2,3610
07/11/2025 10:44:16,3,480,490,3,1,3600
07/11/2025 10:44:32,3,480,490,3,1,3600
07/11/2025 10:44:48,3,480,490,3,1,3600
07/11/2025 10:45:04,3,480,490,3,1,3600
07/11/2025 10:45:20,3,480,490,3,1,3590
07/11/2025 10:45:36,3,480,490,3,1,3590
07/11/2025 10:45:52,3,480,490,3,1,3590
07/11/2025 10:46:08,3,480,490,3,1,3590
07/11/2025 10:46:24,3,480,490,3,1,3590
07/11/2025 10:46:40,3,480,490,3,1,3610
07/11/2025 10:46:56,3,480,490,3,1,3610
07/11/2025 10:47:12,3,480,490,3,2,3600
07/11/2025 10:47:28,3,480,490,3,2,3600
07/11/2025 10:47:44,3,480,490,3,2,3610
07/11/2025 10:48:00,3,480,490,3,2,3610
07/11/2025 10:48:16,3,480,490,3,2,3610
07/11/2025 10:48:32,3,480,490,3,2,3600
07/11/2025 10:48:48,3,480,490,3,2,3600
07/11/2025 10:49:04,3,480,490,3,1,3600
07/11/2025 10:49:20,3,480,490,3,1,3600
07/11/2025 10:49:36,3,480,490,3,1,3580
07/11/2025 10:49:52,3,480,490,3,1,3580
07/11/2025 10:50:08,3,480,490,3,2,3580
07/11/2025 10:50:24,3,480,490,3,2,3580
07/11/2025 10:50:40,3,490,490,3,2,3580
07/11/2025 10:50:56,3,490,490,3,1,5580
07/11/2025 10:51:12,3,490,490,3,1,5580
07/11/2025 10:51:28,3,490,490,3,1,5580
07/11/2025 10:51:44,3,490,490,3,1,5580
07/11/2025 10:52:00,3,490,490,3,1,5570
07/11/2025 10:52:16,3,490,490,3,1,5570
07/11/2025 10:52:32,3,490,490,3,1,5560
07/11/2025 10:52:48,3,490,490,3,1,5560
07/11/2025 10:53:04,3,490,490,3,1,5560
07/11/2025 10:53:20,3,490,490,3,1,5550
07/11/2025 10:53:36,3,490,490,3,1,5550
07/11/2025 10:53:52,3,490,490,3,2,3510
07/11/2025 10:54:08,3,490,490,3,2,3510
07/11/2025 10:54:24,3,490,490,3,1,3510
07/11/2025 10:54:40,3,490,490,3,1,3510
07/11/2025 10:54:56,3,490,490,3,1,3520
07/11/2025 10:55:12,3,490,490,3,1,3520
07/11/2025 10:55:28,3,490,490,3,1,3520
07/11/2025 10:55:44,3,490,490,3,1,3540
07/11/2025 10:56:00,3,490,490,3,1,3540
07/11/2025 10:56:16,3,490,490,3,1,3550
07/11/2025 10:56:32,3,490,490,3,1,3550
07/11/2025 10:56:48,3,490,490,3,1,3510
07/11/2025 10:57:04,3,490,490,3,1,3510
07/11/2025 10:57:20,3,490,490,3,1,3510
07/11/2025 10:57:36,3,490,490,3,2,3490
07/11/2025 10:57:52,3,490,490,3,2,3490
07/11/2025 10:58:08,3,490,490,3,1,5540
07/11/2025 10:58:24,3,490,490,3,1,5540
07/11/2025 10:58:40,3,490,490,3,0,-999
07/11/2025 10:58:56,3,490,490,3,0,-999
07/11/2025 10:59:12,3,490,490,3,0,-999
07/11/2025 10:59:28,3,490,490,3,0,-999
07/11/2025 10:59:44,3,490,490,3,0,-999
