# Time, Layer_QualityIndex,bl_height,Mean_Layer_Height,n_BL,cloud_stat,cloud_dat
08/10/2025 11:00:00,3,490,460,3,1,4770
08/10/2025 11:00:16,3,490,460,3,1,4770
08/10/2025 11:00:32,3,490,460,3,2,4610
08/10/2025 11:00:48,3,490,460,3,2,4610
08/10/2025 11:01:04,3,490,460,3,1,4610
08/10/2025 11:01:20,3,490,460,3,1,4610
08/10/2025 11:01:36,3,490,460,3,1,4600
08/10/2025 11:01:52,3,490,460,3,1,4600
08/10/2025 11:02:08,3,480,460,3,1,4600
08/10/2025 11:02:24,3,480,460,3,1,4610
08/10/2025 11:02:40,3,480,460,3,1,4610
08/10/2025 11:02:56,3,480,460,3,1,4610
08/10/2025 11:03:12,3,480,460,3,1,4610
08/10/2025 11:03:28,3,480,460,3,1,4490
08/10/2025 11:03:44,3,480,460,3,1,4490
08/10/2025 11:04:00,3,480,460,3,1,4650
08/10/2025 11:04:16,3,480,460,3,1,4650
08/10/2025 11:04:32,3,480,460,3,1,4650
08/10/2025 11:04:48,3,480,460,3,1,4620
08/10/2025 11:05:04,3,480,460,3,1,4620
08/10/2025 11:05:20,3,480,460,3,1,4520
08/10/2025 11:05:36,3,480,460,3,1,4520
08/10/2025 11:05:52,3,480,460,3,1,4530
08/10/2025 11:06:08,3,480,460,3,1,4530
08/10/2025 11:06:24,3,480,460,3,1,4520
08/10/2025 11:06:40,3,480,460,3,1,4520
08/10/2025 11:06:56,3,470,460,3,1,4520
08/10/2025 11:07:12,3,470,460,3,0,-999
08/10/2025 11:07:28,3,470,460,3,0,-999
08/10/2025 11:07:44,3,470,460,3,0,-999
08/10/2025 11:08:00,3,470,460,3,0,-999
08/10/2025 11:08:16,3,470,460,3,1,4510
08/10/2025 11:08:32,3,470,460,3,1,4510
08/10/2025 11:08:48,3,470,460,3,2,4520
08/10/2025 11:09:04,3,470,460,3,2,4520
08/10/2025 11:09:20,3,470,460,3,2,4520
08/10/2025 11:09:36,3,470,460,3,2,4490
08/10/2025 11:09:52,3,470,460,3,2,4490
08/10/2025 11:10:08,3,470,460,3,1,4470
08/10/2025 11:10:24,3,470,460,3,1,4470
08/10/2025 11:10:40,3,470,460,3,1,4460
08/10/2025 11:10:56,3,470,460,3,1,4460
08/10/2025 11:11:12,3,470,460,3,1,4460
08/10/2025 11:11:28,3,470,460,3,1,4430
08/10/2025 11:11:44,3,470,460,3,1,4430
08/10/2025 11:12:00,3,470,460,3,1,4430
08/10/2025 11:12:16,3,470,460,3,1,4430
08/10/2025 11:12:32,3,470,460,3,1,4420
08/10/2025 11:12:48,3,470,460,3,1,4420
08/10/2025 11:13:04,3,470,460,3,0,-999
08/10/2025 11:13:20,3,470,460,3,0,-999
08/10/2025 11:13:36,3,470,460,3,0,-999
08/10/2025 11:13:52,3,470,460,3,0,-999
08/10/2025 11:14:08,3,470,460,3,0,-999
08/10/2025 11:14:24,3,470,460,3,0,-999
08/10/2025 11:14:40,3,470,460,3,0,-999
08/10/2025 11:14:56,3,470,460,3,0,-999
08/10/2025 11:15:12,3,470,460,3,0,-999
08/10/2025 11:15:28,3,470,460,3,0,-999
08/10/2025 11:15:44,3,470,460,3,0,-999
08/10/2025 11:16:00,3,480,460,3,0,-999
08/10/2025 11:16:16,3,480,460,3,0,-999
08/10/2025 11:16:32,3,480,460,3,0,-999
08/10/2025 11:16:48,3,480,460,3,0,-999
08/10/2025 11:17:04,3,480,460,3,0,-999
08/10/2025 11:17:20,3,480,460,3,0,-999
08/10/2025 11:17:36,3,480,460,3,0,-999
08/10/2025 11:17:52,3,480,460,3,0,-999
08/10/2025 11:18:08,3,480,460,3,0,-999
08/10/2025 11:18:24,3,480,460,3,0,-999
08/10/2025 11:18:40,3,480,460,3,0,-999
08/10/2025 11:18:56,3,480,460,3,0,-999
08/10/2025 11:19:12,3,480,460,3,0,-999
08/10/2025 11:19:28,3,480,460,3,0,-999
08/10/2025 11:19:44,3,480,460,3,0,-999
08/10/2025 11:20:00,3,480,460,3,0,-999
08/10/2025 11:20:16,3,480,460,3,0,-999
08/10/2025 11:20:32,3,480,460,3,0,-999
08/10/2025 11:20:48,3,480,460,3,0,-999
08/10/2025 11:21:04,3,480,460,3,0,-999
08/10/2025 11:21:20,3,480,460,3,0,-999
08/10/2025 11:21:36,3,480,460,3,0,-999
08/10/2025 11:21:52,3,480,460,3,0,-999
08/10/2025 11:22:08,3,480,460,3,0,-999
08/10/2025 11:22:24,3,480,460,3,0,-999
08/10/2025 11:22:40,3,480,460,3,0,-999
08/10/2025 11:22:56,3,480,460,3,0,-999
08/10/2025 11:23:12,3,480,460,3,0,-999
08/10/2025 11:23:28,3,480,460,3,0,-999
08/10/2025 11:23:44,3,480,460,3,0,-999
08/10/2025 11:24:00,3,480,460,3,0,-999
08/10/2025 11:24:16,3,480,460,3,0,-999
08/10/2025 11:24:32,3,480,460,3,0,-999
08/10/2025 11:24:32,3,480,460,3,0,-999
08/10/2025 11:24:48,3,480,460,3,0,-999
08/10/2025 11:25:04,3,480,460,3,0,-999
08/10/2025 11:25:20,3,480,460,3,0,-999
08/10/2025 11:25:36,3,480,460,3,0,-999
08/10/2025 11:25:52,3,480,460,3,0,-999
08/10/2025 11:26:08,3,480,460,3,0,-999
08/10/2025 11:26:24,3,480,460,3,0,-999
08/10/2025 11:26:40,3,480,460,3,0,-999
08/10/2025 11:26:56,3,480,460,3,0,-999
08/10/2025 11:27:12,3,480,460,3,0,-999
08/10/2025 11:27:28,3,490,460,3,0,-999
08/10/2025 11:27:44,3,490,460,3,0,-999
08/10/2025 11:28:00,3,490,460,3,0,-999
08/10/2025 11:28:16,3,490,460,3,0,-999
08/10/2025 11:28:32,3,490,460,3,0,-999
08/10/2025 11:28:48,3,490,460,3,0,-999
08/10/2025 11:29:04,3,490,460,3,0,-999
08/10/2025 11:29:20,3,490,460,3,0,-999
08/10/2025 11:29:36,3,490,460,3,0,-999
08/10/2025 11:29:52,3,490,460,3,0,-999
08/10/2025 11:30:08,3,490,460,3,0,-999
08/10/2025 11:30:24,3,490,460,3,0,-999
08/10/2025 11:30:40,3,490,460,3,0,-999
08/10/2025 11:30:56,3,490,460,3,0,-999
08/10/2025 11:31:12,3,490,460,3,0,-999
08/10/2025 11:31:28,3,490,460,3,0,-999
08/10/2025 11:31:44,3,490,460,3,0,-999
08/10/2025 11:32:00,3,490,460,3,0,-999
08/10/2025 11:32:16,3,490,460,3,0,-999
08/10/2025 11:32:32,3,490,460,3,0,-999
08/10/2025 11:32:48,3,490,460,3,0,-999
08/10/2025 11:33:04,3,490,460,3,0,-999
08/10/2025 11:33:20,3,490,460,3,0,-999
08/10/2025 11:33:36,3,490,460,3,0,-999
08/10/2025 11:33:52,3,490,460,3,0,-999
08/10/2025 11:34:08,3,490,460,3,0,-999
08/10/2025 11:34:24,3,490,460,3,0,-999
08/10/2025 11:34:40,3,490,460,3,0,-999
08/10/2025 11:34:56,3,490,460,3,0,-999
08/10/2025 11:35:12,3,490,460,3,0,-999
08/10/2025 11:35:28,3,500,460,3,0,-999
08/10/2025 11:35:44,3,500,460,3,0,-999
08/10/2025 11:36:00,3,790,460,3,0,-999
08/10/2025 11:36:16,3,790,460,3,0,-999
08/10/2025 11:36:32,3,790,460,3,0,-999
08/10/2025 11:36:48,3,790,460,3,0,-999
08/10/2025 11:37:04,3,800,460,3,0,-999
08/10/2025 11:37:20,3,800,460,3,0,-999
08/10/2025 11:37:36,3,800,460,3,0,-999
08/10/2025 11:37:52,3,800,460,3,0,-999
08/10/2025 11:38:08,3,800,460,3,0,-999
08/10/2025 11:38:24,3,800,460,3,0,-999
08/10/2025 11:38:40,3,790,460,3,0,-999
08/10/2025 11:38:56,3,800,460,3,0,-999
08/10/2025 11:39:12,3,800,460,3,0,-999
08/10/2025 11:39:28,3,800,460,3,0,-999
08/10/2025 11:39:44,3,810,460,3,0,-999
08/10/2025 11:40:00,3,810,460,3,0,-999
08/10/2025 11:40:16,3,810,460,3,0,-999
08/10/2025 11:40:32,3,820,460,3,0,-999
08/10/2025 11:40:48,3,820,460,3,0,-999
08/10/2025 11:41:04,3,820,460,3,0,-999
08/10/2025 11:41:20,3,830,460,3,0,-999
08/10/2025 11:41:36,3,830,460,3,0,-999
08/10/2025 11:41:52,3,830,460,3,0,-999
08/10/2025 11:42:08,3,830,460,3,0,-999
08/10/2025 11:42:24,3,830,460,3,0,-999
08/10/2025 11:42:40,3,830,460,3,0,-999
08/10/2025 11:42:56,3,830,460,3,0,-999
08/10/2025 11:43:12,3,830,460,3,0,-999
08/10/2025 11:43:28,3,830,460,3,0,-999
08/10/2025 11:43:44,3,840,460,3,0,-999
08/10/2025 11:44:00,3,840,460,3,0,-999
08/10/2025 11:44:16,3,850,460,3,0,-999
08/10/2025 11:44:32,3,850,460,3,0,-999
08/10/2025 11:44:48,3,850,460,3,0,-999
08/10/2025 11:45:04,3,850,460,3,0,-999
08/10/2025 11:45:20,3,850,460,3,0,-999
08/10/2025 11:45:36,3,850,460,3,0,-999
08/10/2025 11:45:52,3,850,460,3,0,-999
08/10/2025 11:46:08,3,850,460,3,0,-999
08/10/2025 11:46:24,3,850,460,3,0,-999
08/10/2025 11:46:40,3,850,460,3,0,-999
08/10/2025 11:46:56,3,840,460,3,0,-999
08/10/2025 11:47:12,3,840,460,3,0,-999
08/10/2025 11:47:28,3,840,460,3,0,-999
08/10/2025 11:47:44,3,840,460,3,0,-999
08/10/2025 11:48:00,3,840,460,3,0,-999
08/10/2025 11:48:16,3,840,460,3,0,-999
08/10/2025 11:48:32,3,840,460,3,0,-999
08/10/2025 11:48:48,3,830,460,3,0,-999
08/10/2025 11:49:04,3,820,460,3,0,-999
08/10/2025 11:49:20,3,820,460,3,0,-999
08/10/2025 11:49:36,3,820,460,3,0,-999
08/10/2025 11:49:52,3,820,460,3,0,-999
08/10/2025 11:50:08,3,820,460,3,0,-999
08/10/2025 11:50:24,3,820,460,3,0,-999
08/10/2025 11:50:40,3,820,460,3,0,-999
08/10/2025 11:50:56,3,810,460,3,0,-999
08/10/2025 11:51:12,3,810,460,3,0,-999
08/10/2025 11:51:28,3,810,460,3,0,-999
08/10/2025 11:51:44,3,810,460,3,0,-999
08/10/2025 11:52:00,3,820,460,3,0,-999
08/10/2025 11:52:16,3,820,460,3,0,-999
08/10/2025 11:52:32,3,830,460,3,0,-999
08/10/2025 11:52:48,3,830,460,3,0,-999
08/10/2025 11:53:04,3,830,460,3,0,-999
08/10/2025 11:53:20,3,830,460,3,0,-999
08/10/2025 11:53:36,3,830,460,3,0,-999
08/10/2025 11:53:52,3,830,460,3,0,-999
08/10/2025 11:54:08,3,830,460,3,0,-999
08/10/2025 11:54:24,3,830,460,3,0,-999
08/10/2025 11:54:40,3,830,460,3,0,-999
08/10/2025 11:54:56,3,830,460,3,0,-999
08/10/2025 11:55:12,3,830,460,3,0,-999
08/10/2025 11:55:28,3,840,460,3,0,-999
08/10/2025 11:55:44,3,840,460,3,0,-999
08/10/2025 11:56:00,3,840,460,3,0,-999
08/10/2025 11:56:16,3,840,460,3,0,-999
08/10/2025 11:56:32,3,850,460,3,0,-999
08/10/2025 11:56:48,3,840,460,3,0,-999
08/10/2025 11:57:04,3,840,460,3,0,-999
08/10/2025 11:57:20,3,840,460,3,0,-999
08/10/2025 11:57:36,3,840,460,3,0,-999
08/10/2025 11:57:52,3,830,460,3,0,-999
08/10/2025 11:58:08,3,830,460,3,0,-999
08/10/2025 11:58:24,3,830,460,3,0,-999
08/10/2025 11:58:40,3,830,460,3,0,-999
08/10/2025 11:58:56,3,830,460,3,0,-999
08/10/2025 11:59:12,3,840,460,3,0,-999
08/10/2025 11:59:28,3,840,460,3,0,-999
08/10/2025 11:59:44,3,840,460,3,0,-999
08/10/2025 12:00:00,-999,850,-999,3,0,-999
08/10/2025 12:00:16,-999,860,-999,3,0,-999
08/10/2025 12:00:32,-999,860,-999,3,0,-999
08/10/2025 12:00:48,-999,860,-999,3,0,-999
08/10/2025 12:01:04,-999,860,-999,3,0,-999
08/10/2025 12:01:20,-999,860,-999,3,0,-999
08/10/2025 12:01:36,-999,860,-999,3,0,-999
08/10/2025 12:01:52,-999,860,-999,3,0,-999
08/10/2025 12:02:08,-999,870,-999,3,0,-999
08/10/2025 12:02:24,-999,870,-999,3,0,-999
08/10/2025 12:02:40,-999,880,-999,3,0,-999
08/10/2025 12:02:56,-999,890,-999,3,0,-999
08/10/2025 12:03:12,-999,900,-999,3,0,-999
08/10/2025 12:03:28,-999,900,-999,3,0,-999
08/10/2025 12:03:44,-999,900,-999,3,0,-999
08/10/2025 12:04:00,-999,900,-999,3,0,-999
08/10/2025 12:04:16,-999,910,-999,3,0,-999
08/10/2025 12:04:32,-999,910,-999,3,0,-999
08/10/2025 12:04:48,-999,920,-999,3,0,-999
08/10/2025 12:05:04,-999,920,-999,3,0,-999
08/10/2025 12:05:20,-999,920,-999,3,0,-999
08/10/2025 12:05:36,-999,920,-999,3,0,-999
08/10/2025 12:05:52,-999,920,-999,3,0,-999
08/10/2025 12:06:08,-999,920,-999,3,0,-999
08/10/2025 12:06:24,-999,920,-999,3,0,-999
08/10/2025 12:06:40,-999,910,-999,3,0,-999
08/10/2025 12:06:56,-999,910,-999,3,0,-999
08/10/2025 12:07:12,-999,910,-999,3,0,-999
08/10/2025 12:07:28,-999,910,-999,3,0,-999
08/10/2025 12:07:44,-999,910,-999,3,0,-999
08/10/2025 12:08:00,-999,900,-999,3,0,-999
08/10/2025 12:08:16,-999,900,-999,3,0,-999
08/10/2025 12:08:32,-999,900,-999,3,0,-999
08/10/2025 12:08:48,-999,910,-999,3,0,-999
08/10/2025 12:09:04,-999,910,-999,3,0,-999
08/10/2025 12:09:20,-999,910,-999,3,0,-999
08/10/2025 12:09:36,-999,910,-999,3,0,-999
08/10/2025 12:09:52,-999,910,-999,3,0,-999
08/10/2025 12:10:08,-999,900,-999,3,0,-999
08/10/2025 12:10:24,-999,900,-999,3,0,-999
08/10/2025 12:10:40,-999,900,-999,3,0,-999
08/10/2025 12:10:56,-999,910,-999,3,0,-999
08/10/2025 12:11:12,-999,910,-999,3,0,-999
08/10/2025 12:11:28,-999,900,-999,3,0,-999
08/10/2025 12:11:44,-999,900,-999,3,0,-999
08/10/2025 12:12:00,-999,890,-999,3,0,-999
08/10/2025 12:12:16,-999,890,-999,3,0,-999
08/10/2025 12:12:32,-999,890,-999,3,0,-999
08/10/2025 12:12:48,-999,880,-999,3,0,-999
08/10/2025 12:13:04,-999,880,-999,3,0,-999
08/10/2025 12:13:20,-999,880,-999,3,0,-999
08/10/2025 12:13:36,-999,880,-999,3,0,-999
08/10/2025 12:13:52,-999,870,-999,3,0,-999
08/10/2025 12:14:08,-999,870,-999,3,0,-999
08/10/2025 12:14:24,-999,860,-999,3,0,-999
08/10/2025 12:14:40,-999,860,-999,3,0,-999
08/10/2025 12:14:56,-999,860,-999,3,0,-999
08/10/2025 12:15:12,-999,860,-999,3,0,-999
08/10/2025 12:15:28,-999,860,-999,3,0,-999
08/10/2025 12:15:44,-999,870,-999,3,0,-999
08/10/2025 12:16:00,-999,870,-999,3,0,-999
08/10/2025 12:16:16,-999,860,-999,3,0,-999
08/10/2025 12:16:32,-999,860,-999,3,0,-999
08/10/2025 12:16:48,-999,860,-999,3,0,-999
08/10/2025 12:17:04,-999,860,-999,3,0,-999
08/10/2025 12:17:20,-999,860,-999,3,0,-999
08/10/2025 12:17:36,-999,870,-999,3,0,-999
08/10/2025 12:17:52,-999,870,-999,3,0,-999
08/10/2025 12:18:08,-999,870,-999,3,0,-999
08/10/2025 12:18:24,-999,870,-999,3,0,-999
08/10/2025 12:18:40,-999,870,-999,3,0,-999
08/10/2025 12:18:56,-999,860,-999,3,0,-999
08/10/2025 12:19:12,-999,860,-999,3,0,-999
08/10/2025 12:19:28,-999,860,-999,3,0,-999
08/10/2025 12:19:44,-999,860,-999,3,0,-999
08/10/2025 12:20:00,-999,860,-999,3,0,-999
08/10/2025 12:20:16,-999,860,-999,3,0,-999
08/10/2025 12:20:32,-999,860,-999,3,0,-999
08/10/2025 12:20:48,-999,860,-999,3,0,-999
08/10/2025 12:21:04,-999,860,-999,3,0,-999
08/10/2025 12:21:20,-999,860,-999,3,0,-999
08/10/2025 12:21:36,-999,870,-999,3,0,-999
08/10/2025 12:21:52,-999,870,-999,3,0,-999
08/10/2025 12:22:08,-999,870,-999,3,0,-999
08/10/2025 12:22:24,-999,870,-999,3,0,-999
08/10/2025 12:22:40,-999,880,-999,3,0,-999
08/10/2025 12:22:56,-999,880,-999,3,0,-999
08/10/2025 12:23:12,-999,870,-999,3,0,-999
08/10/2025 12:23:28,-999,870,-999,3,0,-999
08/10/2025 12:23:44,-999,860,-999,3,0,-999
08/10/2025 12:24:00,-999,860,-999,3,0,-999
08/10/2025 12:24:16,-999,860,-999,3,0,-999
08/10/2025 12:24:32,-999,860,-999,3,0,-999
08/10/2025 12:24:48,-999,850,-999,3,0,-999
08/10/2025 12:25:04,-999,860,-999,3,0,-999
08/10/2025 12:25:20,-999,870,-999,3,0,-999
08/10/2025 12:25:36,-999,870,-999,3,0,-999
08/10/2025 12:25:52,-999,880,-999,3,0,-999
08/10/2025 12:26:08,-999,890,-999,3,0,-999
08/10/2025 12:26:24,-999,890,-999,3,0,-999
08/10/2025 12:26:40,-999,900,-999,3,0,-999
08/10/2025 12:26:56,-999,900,-999,3,0,-999
08/10/2025 12:27:12,-999,890,-999,3,0,-999
08/10/2025 12:27:28,-999,900,-999,3,0,-999
08/10/2025 12:27:44,-999,900,-999,3,0,-999
08/10/2025 12:28:00,-999,910,-999,3,0,-999
08/10/2025 12:28:16,-999,910,-999,3,0,-999
08/10/2025 12:28:32,-999,920,-999,3,0,-999
08/10/2025 12:28:48,-999,920,-999,3,0,-999
08/10/2025 12:29:04,-999,930,-999,3,0,-999
08/10/2025 12:29:20,-999,930,-999,3,0,-999
08/10/2025 12:29:36,-999,930,-999,3,0,-999
08/10/2025 12:29:52,-999,930,-999,3,0,-999
08/10/2025 12:30:08,-999,940,-999,3,0,-999
08/10/2025 12:30:24,-999,940,-999,3,0,-999
08/10/2025 12:30:40,-999,940,-999,3,0,-999
08/10/2025 12:30:56,-999,940,-999,3,0,-999
08/10/2025 12:31:12,-999,940,-999,3,0,-999
08/10/2025 12:31:28,-999,940,-999,3,0,-999
08/10/2025 12:31:44,-999,940,-999,3,0,-999
08/10/2025 12:32:00,-999,940,-999,3,0,-999
08/10/2025 12:32:16,-999,940,-999,3,0,-999
08/10/2025 12:32:32,-999,950,-999,3,0,-999
08/10/2025 12:32:48,-999,950,-999,3,0,-999
08/10/2025 12:33:04,-999,950,-999,3,0,-999
08/10/2025 12:33:20,-999,950,-999,3,0,-999
08/10/2025 12:33:36,-999,950,-999,3,0,-999
08/10/2025 12:33:52,-999,950,-999,3,0,-999
08/10/2025 12:34:08,-999,960,-999,3,0,-999
08/10/2025 12:34:24,-999,950,-999,3,0,-999
08/10/2025 12:34:40,-999,960,-999,3,0,-999
08/10/2025 12:34:56,-999,960,-999,3,0,-999
08/10/2025 12:35:12,-999,960,-999,3,0,-999
08/10/2025 12:35:28,-999,960,-999,3,0,-999
08/10/2025 12:35:44,-999,960,-999,3,0,-999
08/10/2025 12:36:00,-999,970,-999,3,0,-999
08/10/2025 12:36:16,-999,970,-999,3,0,-999
08/10/2025 12:36:32,-999,970,-999,3,0,-999
08/10/2025 12:36:48,-999,980,-999,3,0,-999
08/10/2025 12:37:04,-999,990,-999,3,0,-999
08/10/2025 12:37:20,-999,1000,-999,3,0,-999
08/10/2025 12:37:36,-999,1000,-999,3,0,-999
08/10/2025 12:37:52,-999,1010,-999,3,0,-999
08/10/2025 12:38:08,-999,1010,-999,3,0,-999
08/10/2025 12:38:24,-999,1010,-999,3,0,-999
08/10/2025 12:38:40,-999,1010,-999,3,0,-999
08/10/2025 12:38:56,-999,1010,-999,3,0,-999
08/10/2025 12:39:12,-999,1020,-999,3,0,-999
08/10/2025 12:39:28,-999,1020,-999,3,0,-999
08/10/2025 12:39:44,-999,1010,-999,3,0,-999
08/10/2025 12:40:00,-999,1010,-999,3,0,-999
08/10/2025 12:40:16,-999,1010,-999,3,0,-999
08/10/2025 12:40:32,-999,1010,-999,3,0,-999
08/10/2025 12:40:48,-999,1010,-999,3,0,-999
08/10/2025 12:41:04,-999,1010,-999,3,0,-999
08/10/2025 12:41:20,-999,1010,-999,3,0,-999
08/10/2025 12:41:36,-999,1010,-999,3,0,-999
08/10/2025 12:41:52,-999,1020,-999,3,0,-999
08/10/2025 12:42:08,-999,1020,-999,3,0,-999
08/10/2025 12:42:24,-999,1020,-999,3,0,-999
08/10/2025 12:42:40,-999,1020,-999,3,0,-999
08/10/2025 12:42:56,-999,1020,-999,3,0,-999
08/10/2025 12:43:12,-999,1020,-999,3,0,-999
08/10/2025 12:43:28,-999,1020,-999,3,0,-999
08/10/2025 12:43:44,-999,1030,-999,3,0,-999
08/10/2025 12:44:00,-999,1030,-999,3,0,-999
08/10/2025 12:44:16,-999,1030,-999,3,0,-999
08/10/2025 12:44:32,-999,1030,-999,3,0,-999
08/10/2025 12:44:48,-999,1030,-999,3,0,-999
08/10/2025 12:45:04,-999,1040,-999,3,0,-999
08/10/2025 12:45:20,-999,1040,-999,3,0,-999
08/10/2025 12:45:36,-999,1050,-999,3,0,-999
08/10/2025 12:45:52,-999,1050,-999,3,0,-999
08/10/2025 12:46:08,-999,1050,-999,3,0,-999
08/10/2025 12:46:24,-999,1050,-999,3,0,-999
08/10/2025 12:46:40,-999,1060,-999,3,0,-999
08/10/2025 12:46:56,-999,1060,-999,3,0,-999
08/10/2025 12:47:12,-999,1060,-999,3,0,-999
08/10/2025 12:47:28,-999,1070,-999,3,0,-999
08/10/2025 12:47:44,-999,1080,-999,3,0,-999
08/10/2025 12:48:00,-999,1070,-999,3,0,-999
08/10/2025 12:48:16,-999,1070,-999,3,0,-999
08/10/2025 12:48:32,-999,1070,-999,3,0,-999
08/10/2025 12:48:48,-999,1070,-999,3,0,-999
08/10/2025 12:49:04,-999,1080,-999,3,0,-999
08/10/2025 12:49:20,-999,1080,-999,3,0,-999
08/10/2025 12:49:36,-999,1080,-999,3,0,-999
08/10/2025 12:49:52,-999,1070,-999,3,0,-999
08/10/2025 12:50:08,-999,1070,-999,3,0,-999
08/10/2025 12:50:24,-999,1060,-999,3,0,-999
08/10/2025 12:50:40,-999,1060,-999,3,0,-999
08/10/2025 12:50:56,-999,1050,-999,3,0,-999
08/10/2025 12:51:12,-999,1050,-999,3,0,-999
08/10/2025 12:51:28,-999,1050,-999,3,0,-999
08/10/2025 12:51:44,-999,1050,-999,3,0,-999
08/10/2025 12:52:00,-999,1050,-999,3,0,-999
08/10/2025 12:52:16,-999,1050,-999,3,0,-999
08/10/2025 12:52:32,-999,1040,-999,3,0,-999
08/10/2025 12:52:48,-999,1040,-999,3,0,-999
08/10/2025 12:53:04,-999,1040,-999,3,0,-999
08/10/2025 12:53:20,-999,1030,-999,3,0,-999
08/10/2025 12:53:36,-999,1030,-999,3,0,-999
08/10/2025 12:53:52,-999,1030,-999,3,0,-999
08/10/2025 12:54:08,-999,1020,-999,3,0,-999
08/10/2025 12:54:24,-999,1020,-999,3,0,-999
08/10/2025 12:54:40,-999,1020,-999,3,0,-999
08/10/2025 12:54:56,-999,1020,-999,3,0,-999
08/10/2025 12:55:12,-999,1030,-999,3,0,-999
08/10/2025 12:55:28,-999,1050,-999,3,0,-999
08/10/2025 12:55:44,-999,1050,-999,3,0,-999
08/10/2025 12:56:00,-999,1050,-999,3,0,-999
08/10/2025 12:56:16,-999,1060,-999,3,0,-999
08/10/2025 12:56:32,-999,1070,-999,3,0,-999
08/10/2025 12:56:48,-999,1080,-999,3,0,-999
08/10/2025 12:57:04,-999,1090,-999,3,0,-999
08/10/2025 12:57:20,-999,1090,-999,3,0,-999
08/10/2025 12:57:36,-999,1100,-999,3,0,-999
08/10/2025 12:57:52,-999,1100,-999,3,0,-999
08/10/2025 12:58:08,-999,1090,-999,3,0,-999
08/10/2025 12:58:24,-999,1080,-999,3,0,-999
08/10/2025 12:58:40,-999,1080,-999,3,0,-999
08/10/2025 12:58:56,-999,1080,-999,3,0,-999
08/10/2025 12:59:12,-999,1090,-999,3,0,-999
08/10/2025 12:59:28,-999,1100,-999,3,0,-999
08/10/2025 12:59:44,-999,1110,-999,3,0,-999
08/10/2025 13:00:00,2,1120,930,3,0,-999
08/10/2025 13:00:16,2,1130,930,3,0,-999
08/10/2025 13:00:32,2,1140,930,3,0,-999
08/10/2025 13:00:48,2,1140,930,3,0,-999
08/10/2025 13:01:04,2,1140,930,3,0,-999
08/10/2025 13:01:20,2,1140,930,3,0,-999
08/10/2025 13:01:36,2,1150,930,3,0,-999
08/10/2025 13:01:52,2,1160,930,3,0,-999
08/10/2025 13:02:08,2,1170,930,3,0,-999
08/10/2025 13:02:24,2,1180,930,3,0,-999
08/10/2025 13:02:40,2,1200,930,3,0,-999
08/10/2025 13:02:56,2,1190,930,3,0,-999
08/10/2025 13:03:12,2,1180,930,3,0,-999
08/10/2025 13:03:28,2,1180,930,3,0,-999
08/10/2025 13:03:44,2,1180,930,3,0,-999
08/10/2025 13:04:00,2,1190,930,3,0,-999
08/10/2025 13:04:16,2,1200,930,3,0,-999
08/10/2025 13:04:32,2,1210,930,3,0,-999
08/10/2025 13:04:48,2,1220,930,3,0,-999
08/10/2025 13:05:04,2,1230,930,3,0,-999
08/10/2025 13:05:20,2,1250,930,3,0,-999
08/10/2025 13:05:36,2,1280,930,3,0,-999
08/10/2025 13:05:52,2,1290,930,3,0,-999
08/10/2025 13:06:08,2,1300,930,3,0,-999
08/10/2025 13:06:24,2,1310,930,3,0,-999
08/10/2025 13:06:40,2,1300,930,3,0,-999
08/10/2025 13:06:56,2,1300,930,3,0,-999
08/10/2025 13:07:12,2,1300,930,3,0,-999
08/10/2025 13:07:28,2,1300,930,3,0,-999
08/10/2025 13:07:44,2,1310,930,3,0,-999
08/10/2025 13:08:00,2,1320,930,3,0,-999
08/10/2025 13:08:16,2,1320,930,3,0,-999
08/10/2025 13:08:32,2,1310,930,3,0,-999
08/10/2025 13:08:48,2,1300,930,3,0,-999
08/10/2025 13:09:04,2,1280,930,3,0,-999
08/10/2025 13:09:20,2,1250,930,3,0,-999
08/10/2025 13:09:36,2,1250,930,3,0,-999
08/10/2025 13:09:52,2,1250,930,3,0,-999
08/10/2025 13:10:08,2,1240,930,3,0,-999
08/10/2025 13:10:24,2,1220,930,3,0,-999
08/10/2025 13:10:40,2,1230,930,3,0,-999
08/10/2025 13:10:56,2,1230,930,3,0,-999
08/10/2025 13:11:12,2,1230,930,3,0,-999
08/10/2025 13:11:28,2,1220,930,3,0,-999
08/10/2025 13:11:44,2,1200,930,3,0,-999
08/10/2025 13:12:00,2,1230,930,3,0,-999
08/10/2025 13:12:16,2,1250,930,3,0,-999
08/10/2025 13:12:32,2,1250,930,3,0,-999
08/10/2025 13:12:48,2,1250,930,3,0,-999
08/10/2025 13:13:04,2,1240,930,3,0,-999
08/10/2025 13:13:20,2,1230,930,3,0,-999
08/10/2025 13:13:36,2,1230,930,3,0,-999
08/10/2025 13:13:52,2,1230,930,3,0,-999
08/10/2025 13:14:08,2,1240,930,3,0,-999
08/10/2025 13:14:24,2,1240,930,3,0,-999
08/10/2025 13:14:40,2,1250,930,3,0,-999
08/10/2025 13:14:56,2,1260,930,3,0,-999
08/10/2025 13:15:12,2,1270,930,3,0,-999
08/10/2025 13:15:28,2,1270,930,3,0,-999
08/10/2025 13:15:44,2,1270,930,3,0,-999
08/10/2025 13:16:00,2,1280,930,3,0,-999
08/10/2025 13:16:16,2,1290,930,3,0,-999
08/10/2025 13:16:32,2,1310,930,3,0,-999
08/10/2025 13:16:48,2,1310,930,3,0,-999
08/10/2025 13:17:04,2,1320,930,3,0,-999
08/10/2025 13:17:20,2,1340,930,3,0,-999
08/10/2025 13:17:36,2,1360,930,3,0,-999
08/10/2025 13:17:52,2,1360,930,3,0,-999
08/10/2025 13:18:08,2,1360,930,3,0,-999
08/10/2025 13:18:24,2,1350,930,3,0,-999
08/10/2025 13:18:40,2,1350,930,3,0,-999
08/10/2025 13:18:56,2,1340,930,3,0,-999
08/10/2025 13:19:12,2,1330,930,3,0,-999
08/10/2025 13:19:28,2,1320,930,3,0,-999
08/10/2025 13:19:44,2,1330,930,3,0,-999
08/10/2025 13:20:00,2,1340,930,3,0,-999
08/10/2025 13:20:16,2,1350,930,3,0,-999
08/10/2025 13:20:32,2,1350,930,3,0,-999
08/10/2025 13:20:48,2,1350,930,3,0,-999
08/10/2025 13:21:04,2,1350,930,3,0,-999
08/10/2025 13:21:20,2,1350,930,3,0,-999
08/10/2025 13:21:36,2,1350,930,3,0,-999
08/10/2025 13:21:52,2,1350,930,3,0,-999
08/10/2025 13:22:08,2,1360,930,3,0,-999
08/10/2025 13:22:24,2,1360,930,3,0,-999
08/10/2025 13:22:40,2,1370,930,3,0,-999
08/10/2025 13:22:56,2,1370,930,3,0,-999
08/10/2025 13:23:12,2,1370,930,3,0,-999
08/10/2025 13:23:28,2,1370,930,3,0,-999
08/10/2025 13:23:44,2,1370,930,3,0,-999
08/10/2025 13:24:00,2,1380,930,3,0,-999
08/10/2025 13:24:16,2,1390,930,3,0,-999
08/10/2025 13:24:32,2,1410,930,3,0,-999
08/10/2025 13:24:48,2,1430,930,3,0,-999
08/10/2025 13:25:04,2,1420,930,3,0,-999
08/10/2025 13:25:20,2,1410,930,3,0,-999
08/10/2025 13:25:36,2,1410,930,3,0,-999
08/10/2025 13:25:52,2,1410,930,3,0,-999
08/10/2025 13:26:08,2,1400,930,3,0,-999
08/10/2025 13:26:24,2,1410,930,3,0,-999
08/10/2025 13:26:40,2,1420,930,3,0,-999
08/10/2025 13:26:56,2,1400,930,3,0,-999
08/10/2025 13:27:12,2,1390,930,3,0,-999
08/10/2025 13:27:28,2,1380,930,3,0,-999
08/10/2025 13:27:44,2,1380,930,3,0,-999
08/10/2025 13:28:00,2,1360,930,3,0,-999
08/10/2025 13:28:16,2,1350,930,3,0,-999
08/10/2025 13:28:32,2,1340,930,3,0,-999
08/10/2025 13:28:48,2,1330,930,3,0,-999
08/10/2025 13:29:04,2,1310,930,3,0,-999
08/10/2025 13:29:20,2,1310,930,3,0,-999
08/10/2025 13:29:36,2,1320,930,3,0,-999
08/10/2025 13:29:52,2,1300,930,3,0,-999
08/10/2025 13:30:08,2,1290,930,3,0,-999
08/10/2025 13:30:24,2,1260,930,3,0,-999
08/10/2025 13:30:40,2,1240,930,3,0,-999
08/10/2025 13:30:56,2,1220,930,3,0,-999
08/10/2025 13:31:12,2,1220,930,3,0,-999
08/10/2025 13:31:28,2,1220,930,3,0,-999
08/10/2025 13:31:44,2,1200,930,3,0,-999
08/10/2025 13:32:00,2,1170,930,3,0,-999
08/10/2025 13:32:16,2,1180,930,3,0,-999
08/10/2025 13:32:32,2,1180,930,3,0,-999
08/10/2025 13:32:48,2,1180,930,3,0,-999
08/10/2025 13:33:04,2,1180,930,3,0,-999
08/10/2025 13:33:20,2,1180,930,3,0,-999
08/10/2025 13:33:36,2,1180,930,3,0,-999
08/10/2025 13:33:52,2,1170,930,3,0,-999
08/10/2025 13:34:08,2,1180,930,3,0,-999
08/10/2025 13:34:24,2,1190,930,3,0,-999
08/10/2025 13:34:40,2,1190,930,3,0,-999
08/10/2025 13:34:56,2,1190,930,3,0,-999
08/10/2025 13:35:12,2,1190,930,3,0,-999
08/10/2025 13:35:28,2,1180,930,3,0,-999
08/10/2025 13:35:44,2,1180,930,3,0,-999
08/10/2025 13:36:00,2,1170,930,3,0,-999
08/10/2025 13:36:16,2,1160,930,3,0,-999
08/10/2025 13:36:32,2,1160,930,3,0,-999
08/10/2025 13:36:48,2,1160,930,3,0,-999
08/10/2025 13:37:04,2,1160,930,3,0,-999
08/10/2025 13:37:20,2,1170,930,3,0,-999
08/10/2025 13:37:36,2,1180,930,3,0,-999
08/10/2025 13:37:52,2,1170,930,3,0,-999
08/10/2025 13:38:08,2,1170,930,3,0,-999
08/10/2025 13:38:24,2,1150,930,3,0,-999
08/10/2025 13:38:40,2,1130,930,3,0,-999
08/10/2025 13:38:56,2,1140,930,3,0,-999
08/10/2025 13:39:12,2,1160,930,3,0,-999
08/10/2025 13:39:28,2,1150,930,3,0,-999
08/10/2025 13:39:44,2,1150,930,3,0,-999
08/10/2025 13:40:00,2,1140,930,3,0,-999
08/10/2025 13:40:16,2,1120,930,3,0,-999
08/10/2025 13:40:32,2,1100,930,3,0,-999
08/10/2025 13:40:48,2,1110,930,3,1,4350
08/10/2025 13:41:04,2,1120,930,3,1,4350
08/10/2025 13:41:20,2,1130,930,3,1,4350
08/10/2025 13:41:36,2,1130,930,3,1,4350
08/10/2025 13:41:52,2,1140,930,3,0,-999
08/10/2025 13:42:08,2,1140,930,3,0,-999
08/10/2025 13:42:24,2,1140,930,3,0,-999
08/10/2025 13:42:40,2,1150,930,3,0,-999
08/10/2025 13:42:56,2,1160,930,3,0,-999
08/10/2025 13:43:12,2,1150,930,3,0,-999
08/10/2025 13:43:28,2,1150,930,3,0,-999
08/10/2025 13:43:44,2,1150,930,3,0,-999
08/10/2025 13:44:00,2,1140,930,3,0,-999
08/10/2025 13:44:16,2,1150,930,3,0,-999
08/10/2025 13:44:32,2,1170,930,3,0,-999
08/10/2025 13:44:48,2,1180,930,3,0,-999
08/10/2025 13:45:04,2,1180,930,3,0,-999
08/10/2025 13:45:20,2,1190,930,3,0,-999
08/10/2025 13:45:36,2,1190,930,3,0,-999
08/10/2025 13:45:52,2,1200,930,3,0,-999
08/10/2025 13:46:08,2,1200,930,3,0,-999
08/10/2025 13:46:24,2,1210,930,3,0,-999
08/10/2025 13:46:40,2,1200,930,3,0,-999
08/10/2025 13:46:56,2,1200,930,3,0,-999
08/10/2025 13:47:12,2,1200,930,3,0,-999
08/10/2025 13:47:28,2,1200,930,3,0,-999
08/10/2025 13:47:44,2,1210,930,3,0,-999
08/10/2025 13:48:00,2,1200,930,3,0,-999
08/10/2025 13:48:16,2,1210,930,3,0,-999
08/10/2025 13:48:32,2,1200,930,3,0,-999
08/10/2025 13:48:48,2,1200,930,3,0,-999
08/10/2025 13:49:04,2,1210,930,3,0,-999
08/10/2025 13:49:20,2,1220,930,3,0,-999
08/10/2025 13:49:36,2,1220,930,3,0,-999
08/10/2025 13:49:52,2,1220,930,3,0,-999
08/10/2025 13:50:08,2,1220,930,3,0,-999
08/10/2025 13:50:24,2,1230,930,3,0,-999
08/10/2025 13:50:40,2,1240,930,3,0,-999
08/10/2025 13:50:56,2,1230,930,3,0,-999
08/10/2025 13:51:12,2,1220,930,3,0,-999
08/10/2025 13:51:28,2,1210,930,3,0,-999
08/10/2025 13:51:44,2,1190,930,3,0,-999
08/10/2025 13:52:00,2,1200,930,3,0,-999
08/10/2025 13:52:16,2,1210,930,3,0,-999
08/10/2025 13:52:32,2,1220,930,3,0,-999
08/10/2025 13:52:48,2,1220,930,3,0,-999
08/10/2025 13:53:04,2,1220,930,3,0,-999
08/10/2025 13:53:20,2,1230,930,3,0,-999
08/10/2025 13:53:36,2,1230,930,3,0,-999
08/10/2025 13:53:52,2,1240,930,3,0,-999
08/10/2025 13:54:08,2,1250,930,3,0,-999
08/10/2025 13:54:24,2,1250,930,3,0,-999
08/10/2025 13:54:40,2,1240,930,3,0,-999
08/10/2025 13:54:56,2,1230,930,3,0,-999
08/10/2025 13:55:12,2,1230,930,3,0,-999
08/10/2025 13:55:28,2,1220,930,3,0,-999
08/10/2025 13:55:44,2,1230,930,3,0,-999
08/10/2025 13:56:00,2,1230,930,3,0,-999
08/10/2025 13:56:16,2,1230,930,3,0,-999
08/10/2025 13:56:32,2,1220,930,3,0,-999
08/10/2025 13:56:48,2,1230,930,3,0,-999
08/10/2025 13:57:04,2,1220,930,3,0,-999
08/10/2025 13:57:20,2,1210,930,3,0,-999
08/10/2025 13:57:36,2,1220,930,3,0,-999
08/10/2025 13:57:52,2,1220,930,3,0,-999
08/10/2025 13:58:08,2,1220,930,3,0,-999
08/10/2025 13:58:24,2,1220,930,3,0,-999
08/10/2025 13:58:40,2,1230,930,3,0,-999
08/10/2025 13:58:56,2,1230,930,3,0,-999
08/10/2025 13:59:12,2,1230,930,3,0,-999
08/10/2025 13:59:28,2,1230,930,3,0,-999
08/10/2025 13:59:44,2,1240,930,3,0,-999
08/10/2025 14:00:00,2,1230,930,3,0,-999
08/10/2025 14:00:16,3,1220,1190,3,0,-999
08/10/2025 14:00:32,3,1230,1190,3,0,-999
08/10/2025 14:00:48,3,1230,1190,3,0,-999
08/10/2025 14:01:04,3,1220,1190,3,0,-999
08/10/2025 14:01:20,3,1210,1190,3,0,-999
08/10/2025 14:01:36,3,1210,1190,3,0,-999
08/10/2025 14:01:52,3,1200,1190,3,0,-999
08/10/2025 14:02:08,3,1200,1190,3,0,-999
08/10/2025 14:02:24,3,1200,1190,3,0,-999
08/10/2025 14:02:40,3,1200,1190,3,0,-999
08/10/2025 14:02:56,3,1180,1190,3,0,-999
08/10/2025 14:03:12,3,1160,1190,3,0,-999
08/10/2025 14:03:28,3,1160,1190,3,0,-999
08/10/2025 14:03:44,3,1160,1190,3,0,-999
08/10/2025 14:04:00,3,1170,1190,3,0,-999
08/10/2025 14:04:16,3,1160,1190,3,0,-999
08/10/2025 14:04:32,3,1160,1190,3,0,-999
08/10/2025 14:04:48,3,1170,1190,3,0,-999
08/10/2025 14:05:04,3,1180,1190,3,0,-999
08/10/2025 14:05:20,3,1180,1190,3,0,-999
08/10/2025 14:05:36,3,1180,1190,3,0,-999
08/10/2025 14:05:52,3,1180,1190,3,0,-999
08/10/2025 14:06:08,3,1180,1190,3,0,-999
08/10/2025 14:06:24,3,1170,1190,3,0,-999
08/10/2025 14:06:40,3,1170,1190,3,0,-999
08/10/2025 14:06:56,3,1170,1190,3,0,-999
08/10/2025 14:07:12,3,1160,1190,3,0,-999
08/10/2025 14:07:28,3,1160,1190,3,0,-999
08/10/2025 14:07:44,3,1160,1190,3,0,-999
08/10/2025 14:08:00,3,1160,1190,3,0,-999
08/10/2025 14:08:16,3,1160,1190,3,0,-999
08/10/2025 14:08:32,3,1160,1190,3,0,-999
08/10/2025 14:08:48,3,1160,1190,3,0,-999
08/10/2025 14:09:04,3,1160,1190,3,0,-999
08/10/2025 14:09:20,3,1150,1190,3,0,-999
08/10/2025 14:09:36,3,1150,1190,3,0,-999
08/10/2025 14:09:52,3,1140,1190,3,0,-999
08/10/2025 14:10:08,3,1140,1190,3,0,-999
08/10/2025 14:10:24,3,1140,1190,3,0,-999
08/10/2025 14:10:40,3,1140,1190,3,0,-999
08/10/2025 14:10:56,3,1140,1190,3,0,-999
08/10/2025 14:11:12,3,1140,1190,3,0,-999
08/10/2025 14:11:28,3,1140,1190,3,0,-999
08/10/2025 14:11:44,3,1140,1190,3,0,-999
08/10/2025 14:12:00,3,1130,1190,3,0,-999
08/10/2025 14:12:16,3,1130,1190,3,0,-999
08/10/2025 14:12:32,3,1130,1190,3,0,-999
08/10/2025 14:12:48,3,1120,1190,3,0,-999
08/10/2025 14:13:04,3,1120,1190,3,0,-999
08/10/2025 14:13:20,3,1110,1190,3,0,-999
08/10/2025 14:13:36,3,1100,1190,3,0,-999
08/10/2025 14:13:52,3,1090,1190,3,0,-999
08/10/2025 14:14:08,3,1080,1190,3,0,-999
08/10/2025 14:14:24,3,1070,1190,3,0,-999
08/10/2025 14:14:40,3,1070,1190,3,0,-999
08/10/2025 14:14:56,3,1060,1190,3,0,-999
08/10/2025 14:15:12,3,1060,1190,3,0,-999
08/10/2025 14:15:28,3,1060,1190,3,0,-999
08/10/2025 14:15:44,3,1050,1190,3,0,-999
08/10/2025 14:16:00,3,1050,1190,3,0,-999
08/10/2025 14:16:16,3,1050,1190,3,0,-999
08/10/2025 14:16:32,3,1040,1190,3,0,-999
08/10/2025 14:16:48,3,1040,1190,3,0,-999
08/10/2025 14:17:04,3,1040,1190,3,0,-999
08/10/2025 14:17:20,3,1030,1190,3,0,-999
08/10/2025 14:17:36,3,1030,1190,3,0,-999
08/10/2025 14:17:52,3,1020,1190,3,0,-999
08/10/2025 14:18:08,3,1020,1190,3,0,-999
08/10/2025 14:18:24,3,1010,1190,3,0,-999
08/10/2025 14:18:40,3,1010,1190,3,0,-999
08/10/2025 14:18:56,3,1010,1190,3,0,-999
08/10/2025 14:19:12,3,1010,1190,3,0,-999
08/10/2025 14:19:28,3,1010,1190,3,0,-999
08/10/2025 14:19:44,3,1020,1190,3,0,-999
08/10/2025 14:20:00,3,1010,1190,3,0,-999
08/10/2025 14:20:16,3,1020,1190,3,0,-999
08/10/2025 14:20:32,3,1020,1190,3,0,-999
08/10/2025 14:20:48,3,1020,1190,3,0,-999
08/10/2025 14:21:04,3,1020,1190,3,0,-999
08/10/2025 14:21:20,3,1020,1190,3,0,-999
08/10/2025 14:21:36,3,1020,1190,3,0,-999
08/10/2025 14:21:52,3,1020,1190,3,0,-999
08/10/2025 14:22:08,3,1020,1190,3,0,-999
08/10/2025 14:22:24,3,1020,1190,3,0,-999
08/10/2025 14:22:40,3,1020,1190,3,0,-999
08/10/2025 14:22:56,3,1010,1190,3,0,-999
08/10/2025 14:23:12,3,1020,1190,3,0,-999
08/10/2025 14:23:28,3,1020,1190,3,0,-999
08/10/2025 14:23:44,3,1020,1190,3,0,-999
08/10/2025 14:24:00,3,1010,1190,3,0,-999
08/10/2025 14:24:16,3,1010,1190,3,0,-999
08/10/2025 14:24:32,3,1010,1190,3,0,-999
08/10/2025 14:24:48,3,1010,1190,3,0,-999
08/10/2025 14:25:04,3,1010,1190,3,0,-999
08/10/2025 14:25:20,3,1000,1190,3,0,-999
08/10/2025 14:25:36,3,1000,1190,3,0,-999
08/10/2025 14:25:52,3,990,1190,3,0,-999
08/10/2025 14:26:08,3,990,1190,3,0,-999
08/10/2025 14:26:24,3,990,1190,3,0,-999
08/10/2025 14:26:40,3,990,1190,3,0,-999
08/10/2025 14:26:56,3,990,1190,3,0,-999
08/10/2025 14:27:12,3,990,1190,3,0,-999
08/10/2025 14:27:28,3,1000,1190,3,0,-999
08/10/2025 14:27:44,3,1010,1190,3,0,-999
08/10/2025 14:28:00,3,1020,1190,3,0,-999
08/10/2025 14:28:16,3,1020,1190,3,0,-999
08/10/2025 14:28:32,3,1030,1190,3,0,-999
08/10/2025 14:28:48,3,1040,1190,3,0,-999
08/10/2025 14:29:04,3,1040,1190,3,0,-999
08/10/2025 14:29:20,3,1050,1190,3,0,-999
08/10/2025 14:29:36,3,1050,1190,3,0,-999
08/10/2025 14:29:52,3,1050,1190,3,0,-999
08/10/2025 14:30:08,3,1060,1190,3,0,-999
08/10/2025 14:30:24,3,1050,1190,3,0,-999
08/10/2025 14:30:40,3,1050,1190,3,0,-999
08/10/2025 14:30:56,3,1040,1190,3,0,-999
08/10/2025 14:31:12,3,1050,1190,3,0,-999
08/10/2025 14:31:28,3,540,1190,3,0,-999
08/10/2025 14:31:44,3,540,1190,3,0,-999
08/10/2025 14:32:00,3,540,1190,3,0,-999
08/10/2025 14:32:16,3,540,1190,3,0,-999
08/10/2025 14:32:32,3,530,1190,3,0,-999
08/10/2025 14:32:48,3,530,1190,3,0,-999
08/10/2025 14:33:04,3,530,1190,3,0,-999
08/10/2025 14:33:20,3,520,1190,3,0,-999
08/10/2025 14:33:36,3,520,1190,3,0,-999
08/10/2025 14:33:52,3,520,1190,3,0,-999
08/10/2025 14:34:08,3,520,1190,3,0,-999
08/10/2025 14:34:24,3,490,1190,3,0,-999
08/10/2025 14:34:40,3,490,1190,3,1,9820
08/10/2025 14:34:56,3,490,1190,3,1,9820
08/10/2025 14:35:12,3,490,1190,3,1,9830
08/10/2025 14:35:28,3,490,1190,3,1,9830
08/10/2025 14:35:44,3,490,1190,3,1,9830
08/10/2025 14:36:00,3,490,1190,3,1,9820
08/10/2025 14:36:16,3,1200,1190,3,1,9820
08/10/2025 14:36:32,3,1220,1190,3,1,9810
08/10/2025 14:36:48,3,1230,1190,3,1,9810
08/10/2025 14:37:04,3,1240,1190,3,1,9790
08/10/2025 14:37:20,3,1250,1190,3,1,9790
08/10/2025 14:37:36,3,1250,1190,3,1,9770
08/10/2025 14:37:52,3,1270,1190,3,1,9770
08/10/2025 14:38:08,3,1290,1190,3,1,9770
08/10/2025 14:38:24,3,1290,1190,3,1,9760
08/10/2025 14:38:40,3,1290,1190,3,1,9760
08/10/2025 14:38:56,3,1270,1190,3,1,9760
08/10/2025 14:39:12,3,1260,1190,3,1,9760
08/10/2025 14:39:28,3,1260,1190,3,1,9790
08/10/2025 14:39:44,3,1270,1190,3,1,9790
08/10/2025 14:40:00,3,1270,1190,3,1,9790
08/10/2025 14:40:16,3,1280,1190,3,1,9790
08/10/2025 14:40:32,3,1280,1190,3,1,9790
08/10/2025 14:40:48,3,1290,1190,3,1,9760
08/10/2025 14:41:04,3,1310,1190,3,1,9760
08/10/2025 14:41:20,3,1330,1190,3,1,9730
08/10/2025 14:41:36,3,1350,1190,3,1,9730
08/10/2025 14:41:52,3,1360,1190,3,1,9730
08/10/2025 14:42:08,3,1360,1190,3,1,9730
08/10/2025 14:42:24,3,1320,1190,3,1,9770
08/10/2025 14:42:40,3,1290,1190,3,1,9770
08/10/2025 14:42:56,3,1250,1190,3,1,9770
08/10/2025 14:43:12,3,1270,1190,3,1,9640
08/10/2025 14:43:28,3,1290,1190,3,1,9640
08/10/2025 14:43:44,3,1310,1190,3,1,9710
08/10/2025 14:44:00,3,1330,1190,3,1,9710
08/10/2025 14:44:16,3,1340,1190,3,1,9780
08/10/2025 14:44:32,3,1340,1190,3,1,9780
08/10/2025 14:44:48,3,1340,1190,3,1,9820
08/10/2025 14:45:04,3,1320,1190,3,1,9820
08/10/2025 14:45:20,3,1310,1190,3,1,9820
08/10/2025 14:45:36,3,1310,1190,3,1,9840
08/10/2025 14:45:52,3,1310,1190,3,1,9840
08/10/2025 14:46:08,3,1320,1190,3,0,-999
08/10/2025 14:46:24,3,1330,1190,3,0,-999
08/10/2025 14:46:40,3,1340,1190,3,0,-999
08/10/2025 14:46:56,3,1350,1190,3,0,-999
08/10/2025 14:47:12,3,1320,1190,3,0,-999
08/10/2025 14:47:28,3,1310,1190,3,0,-999
08/10/2025 14:47:44,3,1310,1190,3,0,-999
08/10/2025 14:48:00,3,1280,1190,3,0,-999
08/10/2025 14:48:16,3,1260,1190,3,0,-999
08/10/2025 14:48:32,3,1220,1190,3,0,-999
08/10/2025 14:48:48,3,1190,1190,3,0,-999
08/10/2025 14:49:04,3,1180,1190,3,0,-999
08/10/2025 14:49:20,3,1170,1190,3,0,-999
08/10/2025 14:49:36,3,1160,1190,3,0,-999
08/10/2025 14:49:52,3,1160,1190,3,0,-999
08/10/2025 14:50:08,3,1160,1190,3,0,-999
08/10/2025 14:50:24,3,1170,1190,3,0,-999
08/10/2025 14:50:40,3,1180,1190,3,0,-999
08/10/2025 14:50:56,3,1160,1190,3,0,-999
08/10/2025 14:51:12,3,1150,1190,3,0,-999
08/10/2025 14:51:28,3,1140,1190,3,0,-999
08/10/2025 14:51:44,3,1130,1190,3,0,-999
08/10/2025 14:52:00,3,1130,1190,3,0,-999
08/10/2025 14:52:16,3,1130,1190,3,0,-999
08/10/2025 14:52:32,3,1140,1190,3,0,-999
08/10/2025 14:52:48,3,1160,1190,3,0,-999
08/10/2025 14:53:04,3,1200,1190,3,0,-999
08/10/2025 14:53:20,3,1200,1190,3,0,-999
08/10/2025 14:53:36,3,1200,1190,3,0,-999
08/10/2025 14:53:52,3,1200,1190,3,0,-999
08/10/2025 14:54:08,3,1210,1190,3,0,-999
08/10/2025 14:54:24,3,1220,1190,3,1,9170
08/10/2025 14:54:40,3,1200,1190,3,1,9170
08/10/2025 14:54:56,3,1190,1190,3,1,9170
08/10/2025 14:55:12,3,1170,1190,3,1,9170
08/10/2025 14:55:28,3,1150,1190,3,1,9170
08/10/2025 14:55:44,3,1130,1190,3,0,-999
08/10/2025 14:56:00,3,1110,1190,3,0,-999
08/10/2025 14:56:16,3,1130,1190,3,0,-999
08/10/2025 14:56:32,3,1180,1190,3,0,-999
08/10/2025 14:56:48,3,1210,1190,3,0,-999
08/10/2025 14:57:04,3,1190,1190,3,0,-999
08/10/2025 14:57:20,3,1170,1190,3,0,-999
08/10/2025 14:57:36,3,1170,1190,3,0,-999
08/10/2025 14:57:52,3,1170,1190,3,0,-999
08/10/2025 14:58:08,3,1160,1190,3,0,-999
08/10/2025 14:58:24,3,1150,1190,3,0,-999
08/10/2025 14:58:40,3,1170,1190,3,1,9060
08/10/2025 14:58:56,3,1190,1190,3,1,9060
08/10/2025 14:59:12,3,1210,1190,3,2,9050
08/10/2025 14:59:28,3,1210,1190,3,2,9050
08/10/2025 14:59:44,3,1210,1190,3,2,9050
08/10/2025 15:00:00,2,1220,1160,3,1,9370
08/10/2025 15:00:16,2,1230,1160,3,1,9370
08/10/2025 15:00:32,2,1220,1160,3,1,9370
08/10/2025 15:00:48,2,1210,1160,3,1,9370
08/10/2025 15:01:04,2,1250,1160,3,1,9370
08/10/2025 15:01:20,2,1290,1160,3,1,9370
08/10/2025 15:01:36,2,1310,1160,3,1,9370
08/10/2025 15:01:52,2,1340,1160,3,1,9370
08/10/2025 15:02:08,2,1370,1160,3,1,9370
08/10/2025 15:02:24,2,1360,1160,3,1,9380
08/10/2025 15:02:40,2,1340,1160,3,1,9380
08/10/2025 15:02:56,2,1350,1160,3,1,9380
08/10/2025 15:03:12,2,1360,1160,3,1,9380
08/10/2025 15:03:28,2,1370,1160,3,1,9380
08/10/2025 15:03:44,2,1390,1160,3,1,9380
08/10/2025 15:04:00,2,1420,1160,3,1,9300
08/10/2025 15:04:16,2,1410,1160,3,1,9300
08/10/2025 15:04:32,2,1410,1160,3,1,9300
08/10/2025 15:04:48,2,1420,1160,3,2,8890
08/10/2025 15:05:04,2,1440,1160,3,2,8890
08/10/2025 15:05:20,2,1460,1160,3,1,9220
08/10/2025 15:05:36,2,1490,1160,3,1,9220
08/10/2025 15:05:52,2,1470,1160,3,2,8930
08/10/2025 15:06:08,2,1460,1160,3,2,8930
08/10/2025 15:06:24,2,1470,1160,3,1,8930
08/10/2025 15:06:40,2,1480,1160,3,1,8930
08/10/2025 15:06:56,2,1480,1160,3,1,8930
08/10/2025 15:07:12,2,1480,1160,3,1,8930
08/10/2025 15:07:28,2,1470,1160,3,1,8930
08/10/2025 15:07:44,2,1470,1160,3,1,8840
08/10/2025 15:08:00,2,1470,1160,3,1,8840
08/10/2025 15:08:16,2,1450,1160,3,1,8780
08/10/2025 15:08:32,2,1440,1160,3,1,8780
08/10/2025 15:08:48,2,1430,1160,3,1,8750
08/10/2025 15:09:04,2,1440,1160,3,1,8750
08/10/2025 15:09:20,2,1440,1160,3,1,8750
08/10/2025 15:09:36,2,1480,1160,3,1,8750
08/10/2025 15:09:52,2,1510,1160,3,1,8750
08/10/2025 15:10:08,2,1470,1160,3,1,8770
08/10/2025 15:10:24,2,1440,1160,3,1,8770
08/10/2025 15:10:40,2,1450,1160,3,1,8820
08/10/2025 15:10:56,2,1460,1160,3,1,8820
08/10/2025 15:11:12,2,1480,1160,3,0,-999
08/10/2025 15:11:28,2,1480,1160,3,0,-999
08/10/2025 15:11:44,2,1490,1160,3,0,-999
08/10/2025 15:12:00,2,1510,1160,3,0,-999
08/10/2025 15:12:16,2,1530,1160,3,0,-999
08/10/2025 15:12:32,2,1540,1160,3,0,-999
08/10/2025 15:12:48,2,1560,1160,3,0,-999
08/10/2025 15:13:04,2,1570,1160,3,0,-999
08/10/2025 15:13:20,2,1570,1160,3,0,-999
08/10/2025 15:13:36,2,1580,1160,3,0,-999
08/10/2025 15:13:52,2,1570,1160,3,0,-999
08/10/2025 15:14:08,2,1550,1160,3,0,-999
08/10/2025 15:14:24,2,1540,1160,3,0,-999
08/10/2025 15:14:40,2,1520,1160,3,0,-999
08/10/2025 15:14:56,2,1490,1160,3,0,-999
08/10/2025 15:15:12,2,1460,1160,3,0,-999
08/10/2025 15:15:28,2,1450,1160,3,0,-999
08/10/2025 15:15:44,2,1450,1160,3,0,-999
08/10/2025 15:16:00,2,1430,1160,3,0,-999
08/10/2025 15:16:16,2,1450,1160,3,0,-999
08/10/2025 15:16:32,2,1470,1160,3,0,-999
08/10/2025 15:16:48,2,1470,1160,3,0,-999
08/10/2025 15:17:04,2,1470,1160,3,0,-999
08/10/2025 15:17:20,2,1480,1160,3,0,-999
08/10/2025 15:17:36,2,1480,1160,3,0,-999
08/10/2025 15:17:52,2,1470,1160,3,1,8600
08/10/2025 15:18:08,2,1450,1160,3,1,8600
08/10/2025 15:18:24,2,1450,1160,3,0,-999
08/10/2025 15:18:40,2,1470,1160,3,0,-999
08/10/2025 15:18:56,2,1480,1160,3,0,-999
08/10/2025 15:19:12,2,1480,1160,3,0,-999
08/10/2025 15:19:28,2,1520,1160,3,0,-999
08/10/2025 15:19:44,2,1530,1160,3,0,-999
08/10/2025 15:20:00,2,1540,1160,3,0,-999
08/10/2025 15:20:16,2,1510,1160,3,0,-999
08/10/2025 15:20:32,2,1490,1160,3,0,-999
08/10/2025 15:20:48,2,1480,1160,3,0,-999
08/10/2025 15:21:04,2,1510,1160,3,0,-999
08/10/2025 15:21:20,2,1540,1160,3,0,-999
08/10/2025 15:21:36,2,1530,1160,3,0,-999
08/10/2025 15:21:52,2,1530,1160,3,0,-999
08/10/2025 15:22:08,2,1560,1160,3,0,-999
08/10/2025 15:22:24,2,1600,1160,3,0,-999
08/10/2025 15:22:40,2,1570,1160,3,0,-999
08/10/2025 15:22:56,2,1570,1160,3,0,-999
08/10/2025 15:23:12,2,1560,1160,3,0,-999
08/10/2025 15:23:28,2,1520,1160,3,0,-999
08/10/2025 15:23:44,2,1480,1160,3,0,-999
08/10/2025 15:24:00,2,1520,1160,3,0,-999
08/10/2025 15:24:16,2,1570,1160,3,0,-999
08/10/2025 15:24:32,2,1550,1160,3,0,-999
08/10/2025 15:24:48,2,1530,1160,3,0,-999
08/10/2025 15:25:04,2,1560,1160,3,0,-999
08/10/2025 15:25:20,2,1580,1160,3,0,-999
08/10/2025 15:25:36,2,1590,1160,3,0,-999
08/10/2025 15:25:52,2,1590,1160,3,0,-999
08/10/2025 15:26:08,2,1590,1160,3,0,-999
08/10/2025 15:26:24,2,1530,1160,3,0,-999
08/10/2025 15:26:40,2,1460,1160,3,0,-999
08/10/2025 15:26:56,2,1440,1160,3,0,-999
08/10/2025 15:27:12,2,1420,1160,3,0,-999
08/10/2025 15:27:28,2,1440,1160,3,0,-999
08/10/2025 15:27:44,2,1460,1160,3,0,-999
08/10/2025 15:28:00,2,1450,1160,3,0,-999
08/10/2025 15:28:16,2,1460,1160,3,0,-999
08/10/2025 15:28:32,2,1470,1160,3,0,-999
08/10/2025 15:28:48,2,1500,1160,3,0,-999
08/10/2025 15:29:04,2,1540,1160,3,0,-999
08/10/2025 15:29:20,2,1550,1160,3,0,-999
08/10/2025 15:29:36,2,1560,1160,3,0,-999
08/10/2025 15:29:52,2,1530,1160,3,0,-999
08/10/2025 15:30:08,2,1500,1160,3,0,-999
08/10/2025 15:30:24,2,1520,1160,3,0,-999
08/10/2025 15:30:40,2,1540,1160,3,0,-999
08/10/2025 15:30:56,2,1560,1160,3,0,-999
08/10/2025 15:31:12,2,1570,1160,3,0,-999
08/10/2025 15:31:28,2,1590,1160,3,0,-999
08/10/2025 15:31:44,2,1570,1160,3,0,-999
08/10/2025 15:32:00,2,1560,1160,3,0,-999
08/10/2025 15:32:16,2,1520,1160,3,1,8500
08/10/2025 15:32:32,2,1490,1160,3,1,8500
08/10/2025 15:32:48,2,1480,1160,3,1,8500
08/10/2025 15:33:04,2,1470,1160,3,1,8500
08/10/2025 15:33:20,2,1460,1160,3,1,8500
08/10/2025 15:33:36,2,1470,1160,3,1,8500
08/10/2025 15:33:52,2,1480,1160,3,1,8500
08/10/2025 15:34:08,2,1540,1160,3,1,8470
08/10/2025 15:34:24,2,1600,1160,3,1,8470
08/10/2025 15:34:40,2,1580,1160,3,1,8460
08/10/2025 15:34:56,2,1570,1160,3,1,8460
08/10/2025 15:35:12,2,1560,1160,3,1,8440
08/10/2025 15:35:28,2,1550,1160,3,1,8440
08/10/2025 15:35:44,2,1550,1160,3,1,8440
08/10/2025 15:36:00,2,1530,1160,3,1,8430
08/10/2025 15:36:16,2,1520,1160,3,1,8430
08/10/2025 15:36:32,2,1560,1160,3,0,-999
08/10/2025 15:36:48,2,1600,1160,3,0,-999
08/10/2025 15:37:04,2,1640,1160,3,0,-999
08/10/2025 15:37:20,2,1670,1160,3,0,-999
08/10/2025 15:37:36,2,1710,1160,3,0,-999
08/10/2025 15:37:52,2,1720,1160,3,0,-999
08/10/2025 15:38:08,2,1730,1160,3,0,-999
08/10/2025 15:38:24,2,1710,1160,3,0,-999
08/10/2025 15:38:40,2,1690,1160,3,0,-999
08/10/2025 15:38:56,2,1650,1160,3,0,-999
08/10/2025 15:39:12,2,1620,1160,3,0,-999
08/10/2025 15:39:28,2,1600,1160,3,0,-999
08/10/2025 15:39:44,2,1580,1160,3,0,-999
08/10/2025 15:40:00,2,1600,1160,3,0,-999
08/10/2025 15:40:16,2,1650,1160,3,0,-999
08/10/2025 15:40:32,2,1700,1160,3,0,-999
08/10/2025 15:40:48,2,1710,1160,3,0,-999
08/10/2025 15:41:04,2,1720,1160,3,0,-999
08/10/2025 15:41:20,2,1710,1160,3,0,-999
08/10/2025 15:41:36,2,1710,1160,3,0,-999
08/10/2025 15:41:52,2,1710,1160,3,0,-999
08/10/2025 15:42:08,2,1710,1160,3,0,-999
08/10/2025 15:42:24,2,1720,1160,3,0,-999
08/10/2025 15:42:40,2,1690,1160,3,0,-999
08/10/2025 15:42:56,2,1670,1160,3,0,-999
08/10/2025 15:43:12,2,1670,1160,3,0,-999
08/10/2025 15:43:28,2,1670,1160,3,0,-999
08/10/2025 15:43:44,2,1680,1160,3,0,-999
08/10/2025 15:44:00,2,1690,1160,3,0,-999
08/10/2025 15:44:16,2,1680,1160,3,0,-999
08/10/2025 15:44:32,2,1660,1160,3,0,-999
08/10/2025 15:44:48,2,1630,1160,3,0,-999
08/10/2025 15:45:04,2,1610,1160,3,0,-999
08/10/2025 15:45:20,2,1580,1160,3,0,-999
08/10/2025 15:45:36,2,1620,1160,3,0,-999
08/10/2025 15:45:52,2,1650,1160,3,0,-999
08/10/2025 15:46:08,2,1670,1160,3,0,-999
08/10/2025 15:46:24,2,1680,1160,3,0,-999
08/10/2025 15:46:40,2,1700,1160,3,0,-999
08/10/2025 15:46:56,2,1710,1160,3,0,-999
08/10/2025 15:47:12,2,1720,1160,3,0,-999
08/10/2025 15:47:28,2,1710,1160,3,0,-999
08/10/2025 15:47:44,2,1700,1160,3,0,-999
08/10/2025 15:48:00,2,1660,1160,3,0,-999
08/10/2025 15:48:16,2,1620,1160,3,0,-999
08/10/2025 15:48:32,2,1630,1160,3,0,-999
08/10/2025 15:48:48,2,1650,1160,3,0,-999
08/10/2025 15:49:04,2,1640,1160,3,0,-999
08/10/2025 15:49:20,2,1630,1160,3,0,-999
08/10/2025 15:49:36,2,1600,1160,3,0,-999
08/10/2025 15:49:52,2,1580,1160,3,0,-999
08/10/2025 15:50:08,2,1550,1160,3,0,-999
08/10/2025 15:50:24,2,1520,1160,3,1,4720
08/10/2025 15:50:40,2,1500,1160,3,1,4720
08/10/2025 15:50:56,2,1480,1160,3,1,4720
08/10/2025 15:51:12,2,1470,1160,3,1,4720
08/10/2025 15:51:28,2,1450,1160,3,0,-999
08/10/2025 15:51:44,2,1440,1160,3,0,-999
08/10/2025 15:52:00,2,1420,1160,3,0,-999
08/10/2025 15:52:16,2,1440,1160,3,0,-999
08/10/2025 15:52:32,2,1460,1160,3,0,-999
08/10/2025 15:52:48,2,1460,1160,3,1,5160
08/10/2025 15:53:04,2,1460,1160,3,1,5160
08/10/2025 15:53:20,2,1480,1160,3,1,5160
08/10/2025 15:53:36,2,1500,1160,3,1,5160
08/10/2025 15:53:52,2,1510,1160,3,1,5130
08/10/2025 15:54:08,2,1510,1160,3,1,5130
08/10/2025 15:54:24,2,1490,1160,3,1,5130
08/10/2025 15:54:40,2,1500,1160,3,1,5130
08/10/2025 15:54:56,2,1510,1160,3,1,5130
08/10/2025 15:55:12,2,1500,1160,3,0,-999
08/10/2025 15:55:28,2,1490,1160,3,0,-999
08/10/2025 15:55:44,2,1490,1160,3,0,-999
08/10/2025 15:56:00,2,1500,1160,3,0,-999
08/10/2025 15:56:16,2,1490,1160,3,1,5050
08/10/2025 15:56:32,2,1490,1160,3,1,5050
08/10/2025 15:56:48,2,1490,1160,3,1,5100
08/10/2025 15:57:04,2,1480,1160,3,1,5100
08/10/2025 15:57:20,2,1470,1160,3,1,5100
08/10/2025 15:57:36,2,1480,1160,3,1,5090
08/10/2025 15:57:52,2,1500,1160,3,1,5090
08/10/2025 15:58:08,2,1490,1160,3,1,5090
08/10/2025 15:58:24,2,1480,1160,3,1,5090
08/10/2025 15:58:40,2,-999,1160,3,1,3870
08/10/2025 15:58:56,2,-999,1160,3,1,3870
08/10/2025 15:59:12,2,-999,1160,3,1,3840
08/10/2025 15:59:28,2,-999,1160,3,1,3840
08/10/2025 15:59:44,2,-999,1160,3,1,3840
08/10/2025 16:00:00,3,1380,1700,3,0,-999
08/10/2025 16:00:16,3,1370,1700,3,0,-999
08/10/2025 16:00:32,3,1360,1700,3,0,-999
08/10/2025 16:00:48,3,1340,1700,3,0,-999
08/10/2025 16:01:04,3,1330,1700,3,0,-999
08/10/2025 16:01:20,3,1330,1700,3,0,-999
08/10/2025 16:01:36,3,1310,1700,3,0,-999
08/10/2025 16:01:52,3,1300,1700,3,0,-999
08/10/2025 16:02:08,3,1300,1700,3,0,-999
08/10/2025 16:02:24,3,1280,1700,3,0,-999
08/10/2025 16:02:40,3,1270,1700,3,0,-999
08/10/2025 16:02:56,3,1270,1700,3,0,-999
08/10/2025 16:03:12,3,1280,1700,3,0,-999
08/10/2025 16:03:28,3,1300,1700,3,1,4770
08/10/2025 16:03:44,3,1320,1700,3,1,4770
08/10/2025 16:04:00,3,1330,1700,3,2,4760
08/10/2025 16:04:16,3,1330,1700,3,2,4760
08/10/2025 16:04:32,3,1320,1700,3,2,4760
08/10/2025 16:04:48,3,1320,1700,3,1,7860
08/10/2025 16:05:04,3,1310,1700,3,1,7860
08/10/2025 16:05:20,3,1330,1700,3,1,7860
08/10/2025 16:05:36,3,1340,1700,3,1,7860
08/10/2025 16:05:52,3,1660,1700,3,1,7860
08/10/2025 16:06:08,3,1320,1700,3,1,7860
08/10/2025 16:06:24,3,1330,1700,3,0,-999
08/10/2025 16:06:40,3,1330,1700,3,0,-999
08/10/2025 16:06:56,3,1340,1700,3,0,-999
08/10/2025 16:07:12,3,1330,1700,3,0,-999
08/10/2025 16:07:28,3,1330,1700,3,0,-999
08/10/2025 16:07:44,3,1330,1700,3,0,-999
08/10/2025 16:08:00,3,1330,1700,3,0,-999
08/10/2025 16:08:16,3,1330,1700,3,0,-999
08/10/2025 16:08:32,3,1340,1700,3,0,-999
08/10/2025 16:08:48,3,1330,1700,3,1,4900
08/10/2025 16:09:04,3,1310,1700,3,1,4900
08/10/2025 16:09:20,3,1290,1700,3,1,4900
08/10/2025 16:09:36,3,1290,1700,3,1,4840
08/10/2025 16:09:52,3,1290,1700,3,1,4840
08/10/2025 16:10:08,3,1290,1700,3,1,4850
08/10/2025 16:10:24,3,1290,1700,3,1,4850
08/10/2025 16:10:40,3,1290,1700,3,0,-999
08/10/2025 16:10:56,3,1290,1700,3,0,-999
08/10/2025 16:11:12,3,1270,1700,3,0,-999
08/10/2025 16:11:28,3,1260,1700,3,0,-999
08/10/2025 16:11:44,3,1250,1700,3,0,-999
08/10/2025 16:12:00,3,1230,1700,3,0,-999
08/10/2025 16:12:16,3,1220,1700,3,0,-999
08/10/2025 16:12:32,3,1210,1700,3,1,4730
08/10/2025 16:12:48,3,1210,1700,3,1,4730
08/10/2025 16:13:04,3,1210,1700,3,1,4700
08/10/2025 16:13:20,3,1210,1700,3,1,4700
08/10/2025 16:13:36,3,1240,1700,3,1,4690
08/10/2025 16:13:52,3,1260,1700,3,1,4690
08/10/2025 16:14:08,3,1270,1700,3,1,4690
08/10/2025 16:14:24,3,1270,1700,3,1,4730
08/10/2025 16:14:40,3,1280,1700,3,1,4730
08/10/2025 16:14:56,3,1290,1700,3,1,4730
08/10/2025 16:15:12,3,1300,1700,3,1,4730
08/10/2025 16:15:28,3,1320,1700,3,1,4720
08/10/2025 16:15:44,3,1340,1700,3,1,4720
08/10/2025 16:16:00,3,1350,1700,3,1,4710
08/10/2025 16:16:16,3,1360,1700,3,1,4710
08/10/2025 16:16:32,3,1370,1700,3,1,4710
08/10/2025 16:16:48,3,1380,1700,3,1,4780
08/10/2025 16:17:04,3,1390,1700,3,1,4780
08/10/2025 16:17:20,3,1370,1700,3,1,4720
08/10/2025 16:17:36,3,1350,1700,3,1,4720
08/10/2025 16:17:52,3,1370,1700,3,1,4720
08/10/2025 16:18:08,3,1380,1700,3,1,4720
08/10/2025 16:18:24,3,1390,1700,3,1,4720
08/10/2025 16:18:40,3,1410,1700,3,1,4720
08/10/2025 16:18:56,3,1440,1700,3,1,4720
08/10/2025 16:19:12,3,1420,1700,3,1,4720
08/10/2025 16:19:28,3,1410,1700,3,1,4720
08/10/2025 16:19:44,3,1410,1700,3,1,4730
08/10/2025 16:20:00,3,1410,1700,3,1,4730
08/10/2025 16:20:16,3,1410,1700,3,0,-999
08/10/2025 16:20:32,3,1400,1700,3,0,-999
08/10/2025 16:20:48,3,1400,1700,3,0,-999
08/10/2025 16:21:04,3,1410,1700,3,0,-999
08/10/2025 16:21:20,3,1420,1700,3,0,-999
08/10/2025 16:21:36,3,1430,1700,3,0,-999
08/10/2025 16:21:52,3,1450,1700,3,0,-999
08/10/2025 16:22:08,3,1470,1700,3,0,-999
08/10/2025 16:22:24,3,1510,1700,3,0,-999
08/10/2025 16:22:40,3,1510,1700,3,0,-999
08/10/2025 16:22:56,3,1510,1700,3,0,-999
08/10/2025 16:23:12,3,-999,1700,3,1,3730
08/10/2025 16:23:28,3,-999,1700,3,1,3730
08/10/2025 16:23:44,3,-999,1700,3,1,3730
08/10/2025 16:24:00,3,-999,1700,3,2,3720
08/10/2025 16:24:16,3,-999,1700,3,2,3720
08/10/2025 16:24:32,3,-999,1700,3,1,3640
08/10/2025 16:24:48,3,-999,1700,3,1,3640
08/10/2025 16:25:04,3,-999,1700,3,2,3840
08/10/2025 16:25:20,3,-999,1700,3,2,3840
08/10/2025 16:25:36,3,1670,1700,3,2,4140
08/10/2025 16:25:52,3,1680,1700,3,2,4140
08/10/2025 16:26:08,3,1690,1700,3,2,4140
08/10/2025 16:26:24,3,1700,1700,3,1,4700
08/10/2025 16:26:40,3,1720,1700,3,1,4700
08/10/2025 16:26:56,3,1730,1700,3,2,4710
08/10/2025 16:27:12,3,1730,1700,3,2,4710
08/10/2025 16:27:28,3,1700,1700,3,1,5220
08/10/2025 16:27:44,3,1690,1700,3,1,5220
08/10/2025 16:28:00,3,1710,1700,3,1,5170
08/10/2025 16:28:16,3,1740,1700,3,1,5170
08/10/2025 16:28:32,3,1780,1700,3,1,5170
08/10/2025 16:28:48,3,1780,1700,3,2,4700
08/10/2025 16:29:04,3,1780,1700,3,2,4700
08/10/2025 16:29:20,3,1790,1700,3,1,4700
08/10/2025 16:29:36,3,1800,1700,3,1,4700
08/10/2025 16:29:52,3,1820,1700,3,1,4700
08/10/2025 16:30:08,3,1840,1700,3,1,4700
08/10/2025 16:30:24,3,-999,1700,3,2,3740
08/10/2025 16:30:40,3,-999,1700,3,2,3740
08/10/2025 16:30:56,3,-999,1700,3,2,3740
08/10/2025 16:31:12,3,-999,1700,3,1,3650
08/10/2025 16:31:28,3,-999,1700,3,1,3650
08/10/2025 16:31:44,3,-999,1700,3,1,3640
08/10/2025 16:32:00,3,-999,1700,3,1,3640
08/10/2025 16:32:16,3,-999,1700,3,2,3630
08/10/2025 16:32:32,3,-999,1700,3,2,3630
08/10/2025 16:32:48,3,1790,1700,3,1,5160
08/10/2025 16:33:04,3,1800,1700,3,1,5160
08/10/2025 16:33:20,3,1800,1700,3,1,5160
08/10/2025 16:33:36,3,1810,1700,3,0,-999
08/10/2025 16:33:52,3,1830,1700,3,0,-999
08/10/2025 16:34:08,3,1840,1700,3,1,4660
08/10/2025 16:34:24,3,1850,1700,3,1,4660
08/10/2025 16:34:40,3,1750,1700,3,1,4670
08/10/2025 16:34:56,3,1850,1700,3,1,4670
08/10/2025 16:35:12,3,1860,1700,3,1,4640
08/10/2025 16:35:28,3,1850,1700,3,1,4640
08/10/2025 16:35:44,3,1850,1700,3,1,4640
08/10/2025 16:36:00,3,1870,1700,3,1,4660
08/10/2025 16:36:16,3,1880,1700,3,1,4660
08/10/2025 16:36:32,3,1920,1700,3,2,4150
08/10/2025 16:36:48,3,1950,1700,3,2,4150
08/10/2025 16:37:04,3,1900,1700,3,1,4690
08/10/2025 16:37:20,3,1860,1700,3,1,4690
08/10/2025 16:37:36,3,1820,1700,3,2,4670
08/10/2025 16:37:52,3,1810,1700,3,2,4670
08/10/2025 16:38:08,3,1790,1700,3,2,4670
08/10/2025 16:38:24,3,1780,1700,3,1,4660
08/10/2025 16:38:40,3,1770,1700,3,1,4660
08/10/2025 16:38:56,3,-999,1700,3,2,3670
08/10/2025 16:39:12,3,-999,1700,3,2,3670
08/10/2025 16:39:28,3,-999,1700,3,2,3670
08/10/2025 16:39:44,3,-999,1700,3,2,3670
08/10/2025 16:40:00,3,890,1700,3,1,4660
08/10/2025 16:40:16,3,870,1700,3,1,4660
08/10/2025 16:40:32,3,850,1700,3,1,4660
08/10/2025 16:40:48,3,1780,1700,3,1,4660
08/10/2025 16:41:04,3,1770,1700,3,1,4660
08/10/2025 16:41:20,3,800,1700,3,1,4660
08/10/2025 16:41:36,3,760,1700,3,1,4660
08/10/2025 16:41:52,3,490,1700,3,1,4670
08/10/2025 16:42:08,3,640,1700,3,1,4670
08/10/2025 16:42:24,3,3830,1700,3,1,3710
08/10/2025 16:42:40,3,3830,1700,3,1,3710
08/10/2025 16:42:56,3,3830,1700,3,1,3710
08/10/2025 16:43:12,3,3830,1700,3,1,3690
08/10/2025 16:43:28,3,3830,1700,3,1,3690
08/10/2025 16:43:44,3,1570,1700,3,0,-999
08/10/2025 16:44:00,3,1550,1700,3,0,-999
08/10/2025 16:44:16,3,1530,1700,3,1,5380
08/10/2025 16:44:32,3,1520,1700,3,1,5380
08/10/2025 16:44:48,3,1520,1700,3,2,5380
08/10/2025 16:45:04,3,1500,1700,3,2,5380
08/10/2025 16:45:20,3,1490,1700,3,2,5380
08/10/2025 16:45:36,3,1530,1700,3,2,5440
08/10/2025 16:45:52,3,1550,1700,3,2,5440
08/10/2025 16:46:08,3,1540,1700,3,2,5490
08/10/2025 16:46:24,3,1530,1700,3,2,5490
08/10/2025 16:46:40,3,470,1700,3,3,3730
08/10/2025 16:46:56,3,470,1700,3,3,3730
08/10/2025 16:47:12,3,470,1700,3,3,3620
08/10/2025 16:47:28,3,470,1700,3,3,3620
08/10/2025 16:47:44,3,480,1700,3,3,3620
08/10/2025 16:48:00,3,480,1700,3,1,5250
08/10/2025 16:48:16,3,480,1700,3,1,5250
08/10/2025 16:48:32,3,480,1700,3,1,5310
08/10/2025 16:48:48,3,480,1700,3,1,5310
08/10/2025 16:49:04,3,480,1700,3,1,5120
08/10/2025 16:49:20,3,480,1700,3,1,5120
08/10/2025 16:49:36,3,480,1700,3,1,5050
08/10/2025 16:49:52,3,480,1700,3,1,5050
08/10/2025 16:50:08,3,480,1700,3,1,5050
08/10/2025 16:50:24,3,490,1700,3,1,5010
08/10/2025 16:50:40,3,490,1700,3,1,5010
08/10/2025 16:50:56,3,490,1700,3,1,4960
08/10/2025 16:51:12,3,490,1700,3,1,4960
08/10/2025 16:51:28,3,490,1700,3,1,5000
08/10/2025 16:51:44,3,490,1700,3,1,5000
08/10/2025 16:52:00,3,490,1700,3,2,5100
08/10/2025 16:52:16,3,490,1700,3,2,5100
08/10/2025 16:52:32,3,490,1700,3,2,5100
08/10/2025 16:52:48,3,490,1700,3,1,5300
08/10/2025 16:53:04,3,490,1700,3,1,5300
08/10/2025 16:53:20,3,490,1700,3,2,5360
08/10/2025 16:53:36,3,490,1700,3,2,5360
08/10/2025 16:53:52,3,530,1700,3,2,5020
08/10/2025 16:54:08,3,530,1700,3,2,5020
08/10/2025 16:54:24,3,530,1700,3,1,5020
08/10/2025 16:54:40,3,530,1700,3,1,5020
08/10/2025 16:54:56,3,530,1700,3,1,5020
08/10/2025 16:55:12,3,530,1700,3,2,4940
08/10/2025 16:55:28,3,1380,1700,3,2,4940
08/10/2025 16:55:44,3,1380,1700,3,1,5120
08/10/2025 16:56:00,3,1380,1700,3,1,5120
08/10/2025 16:56:16,3,1380,1700,3,1,5340
08/10/2025 16:56:32,3,1390,1700,3,1,5340
08/10/2025 16:56:48,3,1390,1700,3,1,5420
08/10/2025 16:57:04,3,1370,1700,3,1,5420
08/10/2025 16:57:20,3,1350,1700,3,1,5420
08/10/2025 16:57:36,3,1360,1700,3,1,5430
08/10/2025 16:57:52,3,1380,1700,3,1,5430
08/10/2025 16:58:08,3,1390,1700,3,1,5500
08/10/2025 16:58:24,3,1390,1700,3,1,5500
08/10/2025 16:58:40,3,1410,1700,3,2,5260
08/10/2025 16:58:56,3,1420,1700,3,2,5260
08/10/2025 16:59:12,3,1410,1700,3,1,5240
08/10/2025 16:59:28,3,1380,1700,3,1,5240
08/10/2025 16:59:44,3,1360,1700,3,1,5240
08/10/2025 17:00:00,1,1390,490,3,1,5270
08/10/2025 17:00:16,1,1420,490,3,1,5270
08/10/2025 17:00:32,1,1400,490,3,1,5270
08/10/2025 17:00:48,1,1380,490,3,1,5270
08/10/2025 17:01:04,1,1380,490,3,3,4820
08/10/2025 17:01:20,1,1390,490,3,3,4820
08/10/2025 17:01:36,1,1400,490,3,2,4810
08/10/2025 17:01:52,1,1440,490,3,2,4810
08/10/2025 17:02:08,1,1470,490,3,2,4810
08/10/2025 17:02:24,1,1480,490,3,1,5050
08/10/2025 17:02:40,1,1500,490,3,1,5050
08/10/2025 17:02:56,1,1500,490,3,1,4860
08/10/2025 17:03:12,1,1510,490,3,1,4860
08/10/2025 17:03:28,1,1540,490,3,1,4800
08/10/2025 17:03:44,1,1570,490,3,1,4800
08/10/2025 17:04:00,1,1580,490,3,1,4810
08/10/2025 17:04:16,1,1570,490,3,1,4810
08/10/2025 17:04:32,1,1560,490,3,1,4810
08/10/2025 17:04:48,1,500,490,3,1,4840
08/10/2025 17:05:04,1,500,490,3,1,4840
08/10/2025 17:05:20,1,500,490,3,1,4800
08/10/2025 17:05:36,1,490,490,3,1,4800
08/10/2025 17:05:52,1,490,490,3,1,4810
08/10/2025 17:06:08,1,490,490,3,1,4810
08/10/2025 17:06:24,1,490,490,3,1,4810
08/10/2025 17:06:40,1,480,490,3,1,4810
08/10/2025 17:06:56,1,480,490,3,1,4810
08/10/2025 17:07:12,1,480,490,3,1,7480
08/10/2025 17:07:28,1,470,490,3,1,7480
08/10/2025 17:07:44,1,470,490,3,1,7470
08/10/2025 17:08:00,1,470,490,3,1,7470
08/10/2025 17:08:16,1,470,490,3,2,5470
08/10/2025 17:08:32,1,460,490,3,2,5470
08/10/2025 17:08:48,1,460,490,3,1,5410
08/10/2025 17:09:04,1,460,490,3,1,5410
08/10/2025 17:09:20,1,460,490,3,1,5410
08/10/2025 17:09:36,1,450,490,3,1,5410
08/10/2025 17:09:52,1,440,490,3,1,5410
08/10/2025 17:10:08,1,440,490,3,1,5340
08/10/2025 17:10:24,1,430,490,3,1,5340
08/10/2025 17:10:40,1,420,490,3,2,7120
08/10/2025 17:10:56,1,410,490,3,2,7120
08/10/2025 17:11:12,1,410,490,3,0,-999
08/10/2025 17:11:28,1,410,490,3,0,-999
08/10/2025 17:11:44,1,410,490,3,0,-999
08/10/2025 17:12:00,1,410,490,3,1,7090
08/10/2025 17:12:16,1,400,490,3,1,7090
08/10/2025 17:12:32,1,400,490,3,1,7240
08/10/2025 17:12:48,1,400,490,3,1,7240
08/10/2025 17:13:04,1,400,490,3,2,7040
08/10/2025 17:13:20,1,400,490,3,2,7040
08/10/2025 17:13:36,1,400,490,3,1,7040
08/10/2025 17:13:52,1,400,490,3,1,7040
08/10/2025 17:14:08,1,400,490,3,1,7040
08/10/2025 17:14:24,1,400,490,3,2,6840
08/10/2025 17:14:40,1,400,490,3,2,6840
08/10/2025 17:14:56,1,400,490,3,1,6840
08/10/2025 17:15:12,1,400,490,3,1,6840
08/10/2025 17:15:28,1,400,490,3,1,6830
08/10/2025 17:15:44,1,400,490,3,1,6830
08/10/2025 17:16:00,1,400,490,3,2,6820
08/10/2025 17:16:16,1,400,490,3,2,6820
08/10/2025 17:16:32,1,400,490,3,2,6820
08/10/2025 17:16:48,1,400,490,3,2,6770
08/10/2025 17:17:04,1,400,490,3,2,6770
08/10/2025 17:17:20,1,400,490,3,1,6770
08/10/2025 17:17:36,1,400,490,3,1,6770
08/10/2025 17:17:52,1,400,490,3,2,6770
08/10/2025 17:18:08,1,390,490,3,2,6770
08/10/2025 17:18:24,1,390,490,3,1,6690
08/10/2025 17:18:40,1,390,490,3,1,6690
08/10/2025 17:18:56,1,390,490,3,1,6690
08/10/2025 17:19:12,1,390,490,3,1,6690
08/10/2025 17:19:28,1,390,490,3,1,6690
08/10/2025 17:19:44,1,390,490,3,1,6640
08/10/2025 17:20:00,1,390,490,3,1,6640
08/10/2025 17:20:16,1,390,490,3,3,6620
08/10/2025 17:20:32,1,390,490,3,3,6620
08/10/2025 17:20:48,1,390,490,3,2,6590
08/10/2025 17:21:04,1,1760,490,3,2,6590
08/10/2025 17:21:20,1,1810,490,3,2,6590
08/10/2025 17:21:36,1,1800,490,3,2,6600
08/10/2025 17:21:52,1,1780,490,3,2,6600
08/10/2025 17:22:08,1,1780,490,3,2,6580
08/10/2025 17:22:24,1,1770,490,3,2,6580
08/10/2025 17:22:40,1,1770,490,3,2,6580
08/10/2025 17:22:56,1,1760,490,3,2,6580
08/10/2025 17:23:12,1,1750,490,3,2,6510
08/10/2025 17:23:28,1,1720,490,3,2,6510
08/10/2025 17:23:44,1,1690,490,3,2,6510
08/10/2025 17:24:00,1,1660,490,3,2,6640
08/10/2025 17:24:16,1,1640,490,3,2,6640
08/10/2025 17:24:32,1,1650,490,3,2,6660
08/10/2025 17:24:48,1,1660,490,3,2,6660
08/10/2025 17:25:04,1,1650,490,3,2,6590
08/10/2025 17:25:20,1,1650,490,3,2,6590
08/10/2025 17:25:36,1,1680,490,3,3,4730
08/10/2025 17:25:52,1,1690,490,3,3,4730
08/10/2025 17:26:08,1,1700,490,3,3,4730
08/10/2025 17:26:24,1,1720,490,3,2,4730
08/10/2025 17:26:40,1,1730,490,3,2,4730
08/10/2025 17:26:56,1,1730,490,3,1,6560
08/10/2025 17:27:12,1,1740,490,3,1,6560
08/10/2025 17:27:28,1,1760,490,3,1,6390
08/10/2025 17:27:44,1,1790,490,3,1,6390
08/10/2025 17:28:00,1,1800,490,3,1,6390
08/10/2025 17:28:16,1,1810,490,3,1,6390
08/10/2025 17:28:32,1,1830,490,3,1,6390
08/10/2025 17:28:48,1,1830,490,3,1,6390
08/10/2025 17:29:04,1,1820,490,3,1,6390
08/10/2025 17:29:20,1,1830,490,3,1,6390
08/10/2025 17:29:36,1,1850,490,3,1,6390
08/10/2025 17:29:52,1,1820,490,3,1,4730
08/10/2025 17:30:08,1,1800,490,3,1,4730
08/10/2025 17:30:24,1,1780,490,3,1,4740
08/10/2025 17:30:40,1,1800,490,3,1,4740
08/10/2025 17:30:56,1,1810,490,3,1,4740
08/10/2025 17:31:12,1,1790,490,3,1,4730
08/10/2025 17:31:28,1,1770,490,3,1,4730
08/10/2025 17:31:44,1,1790,490,3,1,4730
08/10/2025 17:32:00,1,1810,490,3,1,4730
08/10/2025 17:32:16,1,1840,490,3,2,4740
08/10/2025 17:32:32,1,1890,490,3,2,4740
08/10/2025 17:32:48,1,1920,490,3,1,4740
08/10/2025 17:33:04,1,1940,490,3,1,4740
08/10/2025 17:33:20,1,1960,490,3,1,4740
08/10/2025 17:33:36,1,1960,490,3,0,-999
08/10/2025 17:33:52,1,1960,490,3,0,-999
08/10/2025 17:34:08,1,1890,490,3,0,-999
08/10/2025 17:34:24,1,1830,490,3,0,-999
08/10/2025 17:34:40,1,1800,490,3,1,4910
08/10/2025 17:34:56,1,1770,490,3,1,4910
08/10/2025 17:35:12,1,1750,490,3,1,4890
08/10/2025 17:35:28,1,1750,490,3,1,4890
08/10/2025 17:35:44,1,1770,490,3,1,4890
08/10/2025 17:36:00,1,1780,490,3,1,4880
08/10/2025 17:36:16,1,1780,490,3,1,4880
08/10/2025 17:36:32,1,1790,490,3,1,4870
08/10/2025 17:36:48,1,1810,490,3,1,4870
08/10/2025 17:37:04,1,360,490,3,2,3890
08/10/2025 17:37:20,1,360,490,3,2,3890
08/10/2025 17:37:36,1,360,490,3,1,4800
08/10/2025 17:37:52,1,360,490,3,1,4800
08/10/2025 17:38:08,1,360,490,3,1,4800
08/10/2025 17:38:24,1,360,490,3,1,4820
08/10/2025 17:38:40,1,360,490,3,1,4820
08/10/2025 17:38:56,1,360,490,3,1,4840
08/10/2025 17:39:12,1,360,490,3,1,4840
08/10/2025 17:39:28,1,360,490,3,2,3700
08/10/2025 17:39:44,1,360,490,3,2,3700
08/10/2025 17:40:00,1,360,490,3,2,3720
08/10/2025 17:40:16,1,360,490,3,2,3720
08/10/2025 17:40:32,1,360,490,3,2,3720
08/10/2025 17:40:48,1,360,490,3,2,3680
08/10/2025 17:41:04,1,360,490,3,2,3680
08/10/2025 17:41:20,1,360,490,3,2,3910
08/10/2025 17:41:36,1,360,490,3,2,3910
08/10/2025 17:41:52,1,360,490,3,1,3870
08/10/2025 17:42:08,1,360,490,3,1,3870
08/10/2025 17:42:24,1,360,490,3,1,3850
08/10/2025 17:42:40,1,360,490,3,1,3850
08/10/2025 17:42:56,1,360,490,3,1,3850
08/10/2025 17:43:12,1,360,490,3,2,3910
08/10/2025 17:43:28,1,360,490,3,2,3910
08/10/2025 17:43:44,1,360,490,3,1,4750
08/10/2025 17:44:00,1,360,490,3,1,4750
08/10/2025 17:44:16,1,360,490,3,0,-999
08/10/2025 17:44:32,1,360,490,3,0,-999
08/10/2025 17:44:48,1,360,490,3,1,3930
08/10/2025 17:45:04,1,360,490,3,1,3930
08/10/2025 17:45:20,1,360,490,3,1,3930
08/10/2025 17:45:36,1,360,490,3,1,3770
08/10/2025 17:45:52,1,360,490,3,1,3770
08/10/2025 17:46:08,1,360,490,3,3,3750
08/10/2025 17:46:24,1,360,490,3,3,3750
08/10/2025 17:46:40,1,360,490,3,2,4000
08/10/2025 17:46:56,1,360,490,3,2,4000
08/10/2025 17:47:12,1,360,490,3,2,3990
08/10/2025 17:47:28,1,360,490,3,2,3990
08/10/2025 17:47:44,1,360,490,3,2,3990
08/10/2025 17:48:00,1,360,490,3,2,3870
08/10/2025 17:48:16,1,360,490,3,2,3870
08/10/2025 17:48:32,1,360,490,3,1,3790
08/10/2025 17:48:48,1,360,490,3,1,3790
08/10/2025 17:49:04,1,360,490,3,1,4930
08/10/2025 17:49:20,1,360,490,3,1,4930
08/10/2025 17:49:36,1,360,490,3,1,7000
08/10/2025 17:49:52,1,360,490,3,1,7000
08/10/2025 17:50:08,1,360,490,3,1,7000
08/10/2025 17:50:24,1,360,490,3,1,6890
08/10/2025 17:50:40,1,360,490,3,1,6890
08/10/2025 17:50:56,1,360,490,3,1,6620
08/10/2025 17:51:12,1,370,490,3,1,6620
08/10/2025 17:51:28,1,370,490,3,2,6520
08/10/2025 17:51:44,1,370,490,3,2,6520
08/10/2025 17:52:00,1,370,490,3,1,6460
08/10/2025 17:52:16,1,370,490,3,1,6460
08/10/2025 17:52:32,1,370,490,3,1,6460
08/10/2025 17:52:48,1,370,490,3,2,6320
08/10/2025 17:53:04,1,370,490,3,2,6320
08/10/2025 17:53:20,1,370,490,3,2,6070
08/10/2025 17:53:36,1,370,490,3,2,6070
08/10/2025 17:53:52,1,370,490,3,1,6050
08/10/2025 17:54:08,1,370,490,3,1,6050
08/10/2025 17:54:24,1,370,490,3,2,6020
08/10/2025 17:54:40,1,370,490,3,2,6020
08/10/2025 17:54:56,1,370,490,3,2,6020
08/10/2025 17:55:12,1,370,490,3,2,5910
08/10/2025 17:55:28,1,370,490,3,2,5910
08/10/2025 17:55:44,1,370,490,3,2,5860
08/10/2025 17:56:00,1,370,490,3,2,5860
08/10/2025 17:56:16,1,370,490,3,2,5640
08/10/2025 17:56:32,1,370,490,3,2,5640
08/10/2025 17:56:48,1,370,490,3,2,5510
08/10/2025 17:57:04,1,370,490,3,2,5510
08/10/2025 17:57:20,1,370,490,3,2,5510
08/10/2025 17:57:36,1,370,490,3,1,5480
08/10/2025 17:57:52,1,370,490,3,1,5480
08/10/2025 17:58:08,1,370,490,3,2,3800
08/10/2025 17:58:24,1,370,490,3,2,3800
08/10/2025 17:58:40,1,370,490,3,2,5430
08/10/2025 17:58:56,1,370,490,3,2,5430
08/10/2025 17:59:12,1,370,490,3,2,5460
08/10/2025 17:59:28,1,370,490,3,2,5460
08/10/2025 17:59:44,1,370,490,3,2,5460
08/10/2025 18:00:00,2,370,370,3,2,4140
08/10/2025 18:00:16,2,370,370,3,2,4140
08/10/2025 18:00:32,2,370,370,3,3,3940
08/10/2025 18:00:48,2,370,370,3,3,3940
08/10/2025 18:01:04,2,370,370,3,1,3930
08/10/2025 18:01:20,2,370,370,3,1,3930
08/10/2025 18:01:36,2,370,370,3,1,4190
08/10/2025 18:01:52,2,370,370,3,1,4190
08/10/2025 18:02:08,2,370,370,3,1,4190
08/10/2025 18:02:24,2,370,370,3,3,4140
08/10/2025 18:02:40,2,370,370,3,3,4140
08/10/2025 18:02:56,2,370,370,3,2,5690
08/10/2025 18:03:12,2,370,370,3,2,5690
08/10/2025 18:03:28,2,370,370,3,3,5340
08/10/2025 18:03:44,2,370,370,3,3,5340
08/10/2025 18:04:00,2,370,370,3,1,5370
08/10/2025 18:04:16,2,360,370,3,1,5370
08/10/2025 18:04:32,2,360,370,3,1,5370
08/10/2025 18:04:48,2,360,370,3,2,4140
08/10/2025 18:05:04,2,360,370,3,2,4140
08/10/2025 18:05:20,2,360,370,3,1,4130
08/10/2025 18:05:36,2,360,370,3,1,4130
08/10/2025 18:05:52,2,360,370,3,1,4180
08/10/2025 18:06:08,2,350,370,3,1,4180
08/10/2025 18:06:24,2,350,370,3,1,4230
08/10/2025 18:06:40,2,350,370,3,1,4230
08/10/2025 18:06:56,2,350,370,3,1,4230
08/10/2025 18:07:12,2,350,370,3,1,4210
08/10/2025 18:07:28,2,350,370,3,1,4210
08/10/2025 18:07:44,2,350,370,3,1,4270
08/10/2025 18:08:00,2,350,370,3,1,4270
08/10/2025 18:08:16,2,350,370,3,1,4250
08/10/2025 18:08:32,2,350,370,3,1,4250
08/10/2025 18:08:48,2,350,370,3,1,4290
08/10/2025 18:09:04,2,350,370,3,1,4290
08/10/2025 18:09:20,2,350,370,3,1,4290
08/10/2025 18:09:36,2,350,370,3,2,4030
08/10/2025 18:09:52,2,360,370,3,2,4030
08/10/2025 18:10:08,2,360,370,3,1,4450
08/10/2025 18:10:24,2,360,370,3,1,4450
08/10/2025 18:10:40,2,360,370,3,2,4210
08/10/2025 18:10:56,2,360,370,3,2,4210
08/10/2025 18:11:12,2,360,370,3,2,3730
08/10/2025 18:11:28,2,360,370,3,2,3730
08/10/2025 18:11:44,2,360,370,3,2,3730
08/10/2025 18:12:00,2,360,370,3,2,4510
08/10/2025 18:12:16,2,360,370,3,2,4510
08/10/2025 18:12:32,2,360,370,3,2,3740
08/10/2025 18:12:48,2,360,370,3,2,3740
08/10/2025 18:13:04,2,360,370,3,1,3630
08/10/2025 18:13:20,2,360,370,3,1,3630
08/10/2025 18:13:36,2,360,370,3,1,3970
08/10/2025 18:13:52,2,360,370,3,1,3970
08/10/2025 18:14:08,2,360,370,3,1,3970
08/10/2025 18:14:24,2,360,370,3,1,3950
08/10/2025 18:14:40,2,350,370,3,1,3950
08/10/2025 18:14:56,2,350,370,3,1,3940
08/10/2025 18:15:12,2,350,370,3,1,3940
08/10/2025 18:15:28,2,350,370,3,2,4030
08/10/2025 18:15:44,2,350,370,3,2,4030
08/10/2025 18:16:00,2,350,370,3,1,4020
08/10/2025 18:16:16,2,350,370,3,1,4020
08/10/2025 18:16:32,2,350,370,3,1,4020
08/10/2025 18:16:48,2,350,370,3,1,3880
08/10/2025 18:17:04,2,350,370,3,1,3880
08/10/2025 18:17:20,2,350,370,3,1,3810
08/10/2025 18:17:36,2,350,370,3,1,3810
08/10/2025 18:17:52,2,350,370,3,1,3870
08/10/2025 18:18:08,2,360,370,3,1,3870
08/10/2025 18:18:24,2,360,370,3,2,3750
08/10/2025 18:18:40,2,360,370,3,2,3750
08/10/2025 18:18:56,2,360,370,3,2,3750
08/10/2025 18:19:12,2,360,370,3,2,3770
08/10/2025 18:19:28,2,360,370,3,2,3770
08/10/2025 18:19:44,2,360,370,3,2,3790
08/10/2025 18:20:00,2,360,370,3,2,3790
08/10/2025 18:20:16,2,360,370,3,1,3800
08/10/2025 18:20:32,2,350,370,3,1,3800
08/10/2025 18:20:48,2,350,370,3,1,3770
08/10/2025 18:21:04,2,350,370,3,1,3770
08/10/2025 18:21:20,2,350,370,3,1,3770
08/10/2025 18:21:36,2,350,370,3,2,3800
08/10/2025 18:21:52,2,350,370,3,2,3800
08/10/2025 18:22:08,2,350,370,3,1,3890
08/10/2025 18:22:24,2,350,370,3,1,3890
08/10/2025 18:22:40,2,30,370,3,1,4080
08/10/2025 18:22:56,2,330,370,3,1,4080
08/10/2025 18:23:12,2,2630,370,3,1,4360
08/10/2025 18:23:28,2,2620,370,3,1,4360
08/10/2025 18:23:44,2,2610,370,3,1,4360
08/10/2025 18:24:00,2,-999,370,3,1,3950
08/10/2025 18:24:16,2,-999,370,3,1,3950
08/10/2025 18:24:32,2,-999,370,3,2,3860
08/10/2025 18:24:48,2,-999,370,3,2,3860
08/10/2025 18:25:04,2,10,370,3,2,4050
08/10/2025 18:25:20,2,10,370,3,2,4050
08/10/2025 18:25:36,2,1490,370,3,2,4050
08/10/2025 18:25:52,2,1490,370,3,2,4050
08/10/2025 18:26:08,2,1490,370,3,2,4050
08/10/2025 18:26:24,2,-999,370,3,3,3950
08/10/2025 18:26:40,2,-999,370,3,3,3950
08/10/2025 18:26:56,2,260,370,3,2,4100
08/10/2025 18:27:12,2,260,370,3,2,4100
08/10/2025 18:27:28,2,-999,370,3,1,4000
08/10/2025 18:27:44,2,-999,370,3,1,4000
08/10/2025 18:28:00,2,-999,370,3,1,3930
08/10/2025 18:28:16,2,-999,370,3,1,3930
08/10/2025 18:28:32,2,-999,370,3,1,3930
08/10/2025 18:28:48,2,-999,370,3,1,3920
08/10/2025 18:29:04,2,-999,370,3,1,3920
08/10/2025 18:29:20,2,-999,370,3,1,3930
08/10/2025 18:29:36,2,-999,370,3,1,3930
08/10/2025 18:29:52,2,-999,370,3,1,3790
08/10/2025 18:30:08,2,-999,370,3,1,3790
08/10/2025 18:30:24,2,-999,370,3,2,3780
08/10/2025 18:30:40,2,-999,370,3,2,3780
08/10/2025 18:30:56,2,-999,370,3,2,3780
08/10/2025 18:31:12,2,-999,370,3,3,3840
08/10/2025 18:31:28,2,-999,370,3,3,3840
08/10/2025 18:31:44,2,-999,370,3,1,3890
08/10/2025 18:32:00,2,-999,370,3,1,3890
08/10/2025 18:32:16,2,-999,370,3,2,3690
08/10/2025 18:32:32,2,-999,370,3,2,3690
08/10/2025 18:32:48,2,-999,370,3,1,3610
08/10/2025 18:33:04,2,-999,370,3,1,3610
08/10/2025 18:33:20,2,-999,370,3,1,3610
08/10/2025 18:33:36,2,-999,370,3,3,3590
08/10/2025 18:33:52,2,-999,370,3,3,3590
08/10/2025 18:34:08,2,2560,370,3,2,4010
08/10/2025 18:34:24,2,2550,370,3,2,4010
08/10/2025 18:34:40,2,2550,370,3,2,4030
08/10/2025 18:34:56,2,2550,370,3,2,4030
08/10/2025 18:35:12,2,2190,370,3,2,4080
08/10/2025 18:35:28,2,2180,370,3,2,4080
08/10/2025 18:35:44,2,2180,370,3,2,4080
08/10/2025 18:36:00,2,-999,370,3,2,3670
08/10/2025 18:36:16,2,-999,370,3,2,3670
08/10/2025 18:36:32,2,-999,370,3,1,3620
08/10/2025 18:36:48,2,-999,370,3,1,3620
08/10/2025 18:37:04,2,-999,370,3,2,3720
08/10/2025 18:37:20,2,-999,370,3,2,3720
08/10/2025 18:37:36,2,-999,370,3,2,3750
08/10/2025 18:37:52,2,-999,370,3,2,3750
08/10/2025 18:38:08,2,-999,370,3,2,3750
08/10/2025 18:38:24,2,-999,370,3,1,3770
08/10/2025 18:38:40,2,-999,370,3,1,3770
08/10/2025 18:38:56,2,-999,370,3,1,3920
08/10/2025 18:39:12,2,-999,370,3,1,3920
08/10/2025 18:39:28,2,-999,370,3,2,3980
08/10/2025 18:39:44,2,3860,370,3,2,3980
08/10/2025 18:40:00,2,3870,370,3,2,3590
08/10/2025 18:40:16,2,3870,370,3,2,3590
08/10/2025 18:40:32,2,3870,370,3,2,3590
08/10/2025 18:40:48,2,3870,370,3,2,3610
08/10/2025 18:41:04,2,3870,370,3,2,3610
08/10/2025 18:41:20,2,3870,370,3,1,3690
08/10/2025 18:41:36,2,3880,370,3,1,3690
08/10/2025 18:41:52,2,3880,370,3,2,3850
08/10/2025 18:42:08,2,3880,370,3,2,3850
08/10/2025 18:42:24,2,3880,370,3,3,3930
08/10/2025 18:42:40,2,-999,370,3,3,3930
08/10/2025 18:42:56,2,-999,370,3,3,3930
08/10/2025 18:43:12,2,3880,370,3,2,3740
08/10/2025 18:43:28,2,3910,370,3,2,3740
08/10/2025 18:43:44,2,3910,370,3,2,3660
08/10/2025 18:44:00,2,-999,370,3,2,3660
08/10/2025 18:44:16,2,-999,370,3,1,3610
08/10/2025 18:44:32,2,-999,370,3,1,3610
08/10/2025 18:44:48,2,-999,370,3,1,3580
08/10/2025 18:45:04,2,-999,370,3,1,3580
08/10/2025 18:45:20,2,-999,370,3,1,3580
08/10/2025 18:45:36,2,-999,370,3,1,3600
08/10/2025 18:45:52,2,-999,370,3,1,3600
08/10/2025 18:46:08,2,-999,370,3,1,3690
08/10/2025 18:46:24,2,-999,370,3,1,3690
08/10/2025 18:46:40,2,-999,370,3,1,3610
08/10/2025 18:46:56,2,3850,370,3,1,3610
08/10/2025 18:47:12,2,3850,370,3,2,3630
08/10/2025 18:47:28,2,3850,370,3,2,3630
08/10/2025 18:47:44,2,3890,370,3,2,3630
08/10/2025 18:48:00,2,3890,370,3,2,3590
08/10/2025 18:48:16,2,-999,370,3,2,3590
08/10/2025 18:48:32,2,-999,370,3,1,3580
08/10/2025 18:48:48,2,-999,370,3,1,3580
08/10/2025 18:49:04,2,-999,370,3,1,3560
08/10/2025 18:49:20,2,-999,370,3,1,3560
08/10/2025 18:49:36,2,-999,370,3,1,3530
08/10/2025 18:49:52,2,-999,370,3,1,3530
08/10/2025 18:50:08,2,-999,370,3,1,3530
08/10/2025 18:50:24,2,-999,370,3,1,3520
08/10/2025 18:50:40,2,3680,370,3,1,3520
08/10/2025 18:50:56,2,3650,370,3,1,3510
08/10/2025 18:51:12,2,3650,370,3,1,3510
08/10/2025 18:51:28,2,3670,370,3,1,3500
08/10/2025 18:51:44,2,3670,370,3,1,3500
08/10/2025 18:52:00,2,3670,370,3,1,3470
08/10/2025 18:52:16,2,3650,370,3,1,3470
08/10/2025 18:52:32,2,3650,370,3,1,3470
08/10/2025 18:52:48,2,3650,370,3,1,3460
08/10/2025 18:53:04,2,3630,370,3,1,3460
08/10/2025 18:53:20,2,3630,370,3,1,3390
08/10/2025 18:53:36,2,3620,370,3,1,3390
08/10/2025 18:53:52,2,-999,370,3,1,3330
08/10/2025 18:54:08,2,-999,370,3,1,3330
08/10/2025 18:54:24,2,-999,370,3,1,3300
08/10/2025 18:54:40,2,-999,370,3,1,3300
08/10/2025 18:54:56,2,-999,370,3,1,3300
08/10/2025 18:55:12,2,-999,370,3,2,3100
08/10/2025 18:55:28,2,-999,370,3,2,3100
08/10/2025 18:55:44,2,-999,370,3,1,3060
08/10/2025 18:56:00,2,-999,370,3,1,3060
08/10/2025 18:56:16,2,-999,370,3,3,1940
08/10/2025 18:56:32,2,-999,370,3,3,1940
08/10/2025 18:56:48,2,-999,370,3,2,1600
08/10/2025 18:57:04,2,-999,370,3,2,1600
08/10/2025 18:57:20,2,-999,370,3,2,1600
08/10/2025 18:57:36,2,-999,370,3,2,600
08/10/2025 18:57:52,2,-999,370,3,2,600
08/10/2025 18:58:08,2,-999,370,3,3,960
08/10/2025 18:58:24,2,-999,370,3,3,960
08/10/2025 18:58:40,2,-999,370,3,1,1590
08/10/2025 18:58:56,2,-999,370,3,1,1590
08/10/2025 18:59:12,2,-999,370,3,1,1650
08/10/2025 18:59:28,2,-999,370,3,1,1650
08/10/2025 18:59:44,2,-999,370,3,1,1650
08/10/2025 19:00:00,2,-999,360,3,1,1820
08/10/2025 19:00:16,2,-999,360,3,1,1820
08/10/2025 19:00:32,2,-999,360,3,2,800
08/10/2025 19:00:48,2,-999,360,3,2,800
08/10/2025 19:01:04,2,-999,360,3,1,1130
08/10/2025 19:01:20,2,-999,360,3,1,1130
08/10/2025 19:01:36,2,-999,360,3,1,2290
08/10/2025 19:01:52,2,-999,360,3,1,2290
08/10/2025 19:02:08,2,-999,360,3,1,2290
08/10/2025 19:02:24,2,-999,360,3,2,1440
08/10/2025 19:02:40,2,-999,360,3,2,1440
08/10/2025 19:02:56,2,-999,360,3,1,440
08/10/2025 19:03:12,2,-999,360,3,1,440
08/10/2025 19:03:28,2,-999,360,3,2,1060
08/10/2025 19:03:44,2,-999,360,3,2,1060
08/10/2025 19:04:00,2,-999,360,3,2,510
08/10/2025 19:04:16,2,-999,360,3,2,510
08/10/2025 19:04:32,2,-999,360,3,2,510
08/10/2025 19:04:48,2,-999,360,3,2,640
08/10/2025 19:05:04,2,-999,360,3,2,640
08/10/2025 19:05:20,2,-999,360,3,2,980
08/10/2025 19:05:36,2,-999,360,3,2,980
08/10/2025 19:05:52,2,-999,360,3,1,2950
08/10/2025 19:06:08,2,-999,360,3,1,2950
08/10/2025 19:06:24,2,-999,360,3,3,2500
08/10/2025 19:06:40,2,-999,360,3,3,2500
08/10/2025 19:06:56,2,-999,360,3,3,2500
08/10/2025 19:07:12,2,-999,360,3,2,3570
08/10/2025 19:07:28,2,-999,360,3,2,3570
08/10/2025 19:07:44,2,-999,360,3,3,2650
08/10/2025 19:08:00,2,-999,360,3,3,2650
08/10/2025 19:08:16,2,-999,360,3,1,2610
08/10/2025 19:08:32,2,-999,360,3,1,2610
08/10/2025 19:08:48,2,-999,360,3,2,1880
08/10/2025 19:09:04,2,-999,360,3,2,1880
08/10/2025 19:09:20,2,-999,360,3,2,1880
08/10/2025 19:09:36,2,-999,360,3,2,1890
08/10/2025 19:09:52,2,-999,360,3,2,1890
08/10/2025 19:10:08,2,-999,360,3,1,3230
08/10/2025 19:10:24,2,-999,360,3,1,3230
08/10/2025 19:10:40,2,-999,360,3,2,3270
08/10/2025 19:10:56,2,-999,360,3,2,3270
08/10/2025 19:11:12,2,-999,360,3,1,3500
08/10/2025 19:11:28,2,-999,360,3,1,3500
08/10/2025 19:11:44,2,-999,360,3,1,3500
08/10/2025 19:12:00,2,-999,360,3,2,3210
08/10/2025 19:12:16,2,-999,360,3,2,3210
08/10/2025 19:12:32,2,-999,360,3,1,3240
08/10/2025 19:12:48,2,2830,360,3,1,3240
08/10/2025 19:13:04,2,2830,360,3,1,3330
08/10/2025 19:13:20,2,2830,360,3,1,3330
08/10/2025 19:13:36,2,-999,360,3,1,3360
08/10/2025 19:13:52,2,-999,360,3,1,3360
08/10/2025 19:14:08,2,-999,360,3,1,3360
08/10/2025 19:14:24,2,-999,360,3,1,3350
08/10/2025 19:14:40,2,-999,360,3,1,3350
08/10/2025 19:14:56,2,2830,360,3,1,3380
08/10/2025 19:15:12,2,2830,360,3,1,3380
08/10/2025 19:15:28,2,2830,360,3,1,3390
08/10/2025 19:15:44,2,3480,360,3,1,3390
08/10/2025 19:16:00,2,-999,360,3,1,3400
08/10/2025 19:16:16,2,-999,360,3,1,3400
08/10/2025 19:16:32,2,3530,360,3,1,3400
08/10/2025 19:16:48,2,3530,360,3,1,3430
08/10/2025 19:17:04,2,3530,360,3,1,3430
08/10/2025 19:17:20,2,3530,360,3,1,3290
08/10/2025 19:17:36,2,3530,360,3,1,3290
08/10/2025 19:17:52,2,-999,360,3,2,3280
08/10/2025 19:18:08,2,-999,360,3,2,3280
08/10/2025 19:18:24,2,-999,360,3,2,3280
08/10/2025 19:18:40,2,-999,360,3,2,3280
08/10/2025 19:18:56,2,-999,360,3,2,3280
08/10/2025 19:19:12,2,-999,360,3,1,3530
08/10/2025 19:19:28,2,-999,360,3,1,3530
08/10/2025 19:19:44,2,-999,360,3,2,3320
08/10/2025 19:20:00,2,-999,360,3,2,3320
08/10/2025 19:20:16,2,-999,360,3,1,3310
08/10/2025 19:20:32,2,-999,360,3,1,3310
08/10/2025 19:20:48,2,3710,360,3,3,1880
08/10/2025 19:21:04,2,3710,360,3,3,1880
08/10/2025 19:21:20,2,-999,360,3,3,1880
08/10/2025 19:21:36,2,-999,360,3,1,3320
08/10/2025 19:21:52,2,2490,360,3,1,3320
08/10/2025 19:22:08,2,2520,360,3,1,3280
08/10/2025 19:22:24,2,2520,360,3,1,3280
08/10/2025 19:22:40,2,2520,360,3,1,3280
08/10/2025 19:22:56,2,2520,360,3,1,3280
08/10/2025 19:23:12,2,2550,360,3,3,1770
08/10/2025 19:23:28,2,2550,360,3,3,1770
08/10/2025 19:23:44,2,2550,360,3,3,1770
08/10/2025 19:24:00,2,2550,360,3,3,1570
08/10/2025 19:24:16,2,2550,360,3,3,1570
08/10/2025 19:24:32,2,2550,360,3,3,1360
08/10/2025 19:24:48,2,2550,360,3,3,1360
08/10/2025 19:25:04,2,-999,360,3,3,1160
08/10/2025 19:25:20,2,-999,360,3,3,1160
08/10/2025 19:25:36,2,-999,360,3,3,1070
08/10/2025 19:25:52,2,-999,360,3,3,1070
08/10/2025 19:26:08,2,-999,360,3,3,1070
08/10/2025 19:26:24,2,-999,360,3,2,1070
08/10/2025 19:26:40,2,-999,360,3,2,1070
08/10/2025 19:26:56,2,630,360,3,1,4060
08/10/2025 19:27:12,2,180,360,3,1,4060
08/10/2025 19:27:28,2,800,360,3,1,4230
08/10/2025 19:27:44,2,800,360,3,1,4230
08/10/2025 19:28:00,2,770,360,3,1,4390
08/10/2025 19:28:16,2,810,360,3,1,4390
08/10/2025 19:28:32,2,810,360,3,1,4390
08/10/2025 19:28:48,2,810,360,3,1,4330
08/10/2025 19:29:04,2,1630,360,3,1,4330
08/10/2025 19:29:20,2,10,360,3,1,4200
08/10/2025 19:29:36,2,10,360,3,1,4200
08/10/2025 19:29:52,2,20,360,3,1,4190
08/10/2025 19:30:08,2,1450,360,3,1,4190
08/10/2025 19:30:24,2,1460,360,3,2,4260
08/10/2025 19:30:40,2,1450,360,3,2,4260
08/10/2025 19:30:56,2,1450,360,3,2,4260
08/10/2025 19:31:12,2,1440,360,3,1,4560
08/10/2025 19:31:28,2,1410,360,3,1,4560
08/10/2025 19:31:44,2,1400,360,3,1,4590
08/10/2025 19:32:00,2,1400,360,3,1,4590
08/10/2025 19:32:16,2,1350,360,3,1,4610
08/10/2025 19:32:32,2,1210,360,3,1,4610
08/10/2025 19:32:48,2,870,360,3,3,4190
08/10/2025 19:33:04,2,880,360,3,3,4190
08/10/2025 19:33:20,2,880,360,3,3,4190
08/10/2025 19:33:36,2,960,360,3,3,4140
08/10/2025 19:33:52,2,960,360,3,3,4140
08/10/2025 19:34:08,2,1010,360,3,2,5140
08/10/2025 19:34:24,2,1020,360,3,2,5140
08/10/2025 19:34:40,2,1080,360,3,2,5350
08/10/2025 19:34:56,2,1080,360,3,2,5350
08/10/2025 19:35:12,2,1090,360,3,1,5350
08/10/2025 19:35:28,2,1100,360,3,1,5350
08/10/2025 19:35:44,2,1100,360,3,1,5350
08/10/2025 19:36:00,2,1110,360,3,2,5100
08/10/2025 19:36:16,2,1100,360,3,2,5100
08/10/2025 19:36:32,2,1100,360,3,2,5120
08/10/2025 19:36:48,2,990,360,3,2,5120
08/10/2025 19:37:04,2,970,360,3,2,4700
08/10/2025 19:37:20,2,940,360,3,2,4700
08/10/2025 19:37:36,2,910,360,3,3,4600
08/10/2025 19:37:52,2,920,360,3,3,4600
08/10/2025 19:38:08,2,930,360,3,3,4600
08/10/2025 19:38:24,2,960,360,3,2,4570
08/10/2025 19:38:40,2,1000,360,3,2,4570
08/10/2025 19:38:56,2,1060,360,3,1,7460
08/10/2025 19:39:12,2,1120,360,3,1,7460
08/10/2025 19:39:28,2,1190,360,3,1,7450
08/10/2025 19:39:44,2,1260,360,3,1,7450
08/10/2025 19:40:00,2,1350,360,3,1,7440
08/10/2025 19:40:16,2,1390,360,3,1,7440
08/10/2025 19:40:32,2,1440,360,3,1,7440
08/10/2025 19:40:48,2,1470,360,3,1,7310
08/10/2025 19:41:04,2,1520,360,3,1,7310
08/10/2025 19:41:20,2,1540,360,3,1,7300
08/10/2025 19:41:36,2,1560,360,3,1,7300
08/10/2025 19:41:52,2,1590,360,3,1,7260
08/10/2025 19:42:08,2,1610,360,3,1,7260
08/10/2025 19:42:24,2,230,360,3,1,7210
08/10/2025 19:42:40,2,230,360,3,1,7210
08/10/2025 19:42:56,2,230,360,3,1,7210
08/10/2025 19:43:12,2,230,360,3,3,7210
08/10/2025 19:43:28,2,230,360,3,3,7210
08/10/2025 19:43:44,2,220,360,3,2,7270
08/10/2025 19:44:00,2,210,360,3,2,7270
08/10/2025 19:44:16,2,210,360,3,1,7580
08/10/2025 19:44:32,2,210,360,3,1,7580
08/10/2025 19:44:48,2,200,360,3,2,7240
08/10/2025 19:45:04,2,190,360,3,2,7240
08/10/2025 19:45:20,2,180,360,3,2,7240
08/10/2025 19:45:36,2,170,360,3,2,7230
08/10/2025 19:45:52,2,170,360,3,2,7230
08/10/2025 19:46:08,2,170,360,3,2,7210
08/10/2025 19:46:24,2,170,360,3,2,7210
08/10/2025 19:46:40,2,170,360,3,1,7200
08/10/2025 19:46:56,2,170,360,3,1,7200
08/10/2025 19:47:12,2,170,360,3,1,7260
08/10/2025 19:47:28,2,160,360,3,1,7260
08/10/2025 19:47:44,2,160,360,3,1,7260
08/10/2025 19:48:00,2,160,360,3,1,7170
08/10/2025 19:48:16,2,160,360,3,1,7170
08/10/2025 19:48:32,2,160,360,3,1,7150
08/10/2025 19:48:48,2,160,360,3,1,7150
08/10/2025 19:49:04,2,160,360,3,2,7200
08/10/2025 19:49:20,2,160,360,3,2,7200
08/10/2025 19:49:36,2,160,360,3,2,7500
08/10/2025 19:49:52,2,160,360,3,2,7500
08/10/2025 19:50:08,2,160,360,3,2,7500
08/10/2025 19:50:24,2,160,360,3,2,7510
08/10/2025 19:50:40,2,150,360,3,2,7510
08/10/2025 19:50:56,2,150,360,3,2,7550
08/10/2025 19:51:12,2,150,360,3,2,7550
08/10/2025 19:51:28,2,150,360,3,3,7230
08/10/2025 19:51:44,2,150,360,3,3,7230
08/10/2025 19:52:00,2,150,360,3,3,7210
08/10/2025 19:52:16,2,150,360,3,3,7210
08/10/2025 19:52:32,2,150,360,3,3,7210
08/10/2025 19:52:48,2,150,360,3,1,7210
08/10/2025 19:53:04,2,150,360,3,1,7210
08/10/2025 19:53:20,2,150,360,3,2,7360
08/10/2025 19:53:36,2,150,360,3,2,7360
08/10/2025 19:53:52,2,150,360,3,2,7600
08/10/2025 19:54:08,2,150,360,3,2,7600
08/10/2025 19:54:24,2,150,360,3,2,7540
08/10/2025 19:54:40,2,150,360,3,2,7540
08/10/2025 19:54:56,2,150,360,3,2,7540
08/10/2025 19:55:12,2,150,360,3,2,7490
08/10/2025 19:55:28,2,150,360,3,2,7490
08/10/2025 19:55:44,2,150,360,3,2,7500
08/10/2025 19:56:00,2,150,360,3,2,7500
08/10/2025 19:56:16,2,150,360,3,2,7440
08/10/2025 19:56:32,2,150,360,3,2,7440
08/10/2025 19:56:48,2,150,360,3,2,7430
08/10/2025 19:57:04,2,150,360,3,2,7430
08/10/2025 19:57:20,2,150,360,3,2,7430
08/10/2025 19:57:36,2,150,360,3,2,7470
08/10/2025 19:57:52,2,150,360,3,2,7470
08/10/2025 19:58:08,2,150,360,3,2,7450
08/10/2025 19:58:24,2,150,360,3,2,7450
08/10/2025 19:58:40,2,150,360,3,3,7000
08/10/2025 19:58:56,2,150,360,3,3,7000
08/10/2025 19:59:12,2,150,360,3,2,6920
08/10/2025 19:59:28,2,150,360,3,2,6920
08/10/2025 19:59:44,2,150,360,3,2,6920
08/10/2025 20:00:00,2,150,150,3,2,6970
08/10/2025 20:00:16,2,150,150,3,2,6970
08/10/2025 20:00:32,2,150,150,3,2,6990
08/10/2025 20:00:48,2,150,150,3,2,6990
08/10/2025 20:01:04,2,150,150,3,1,7270
08/10/2025 20:01:20,2,150,150,3,1,7270
08/10/2025 20:01:36,2,150,150,3,1,7270
08/10/2025 20:01:52,2,150,150,3,1,7270
08/10/2025 20:02:08,2,150,150,3,1,7270
08/10/2025 20:02:24,2,150,150,3,2,7270
08/10/2025 20:02:40,2,150,150,3,2,7270
08/10/2025 20:02:56,2,150,150,3,1,7360
08/10/2025 20:03:12,2,150,150,3,1,7360
08/10/2025 20:03:28,2,150,150,3,2,7110
08/10/2025 20:03:44,2,150,150,3,2,7110
08/10/2025 20:04:00,2,150,150,3,1,7090
08/10/2025 20:04:16,2,150,150,3,1,7090
08/10/2025 20:04:32,2,150,150,3,1,7090
08/10/2025 20:04:48,2,150,150,3,1,6820
08/10/2025 20:05:04,2,150,150,3,1,6820
08/10/2025 20:05:20,2,150,150,3,1,7320
08/10/2025 20:05:36,2,150,150,3,1,7320
08/10/2025 20:05:52,2,150,150,3,1,7160
08/10/2025 20:06:08,2,150,150,3,1,7160
08/10/2025 20:06:24,2,150,150,3,1,7140
08/10/2025 20:06:40,2,150,150,3,1,7140
08/10/2025 20:06:56,2,150,150,3,1,7140
08/10/2025 20:07:12,2,150,150,3,1,7140
08/10/2025 20:07:28,2,150,150,3,1,7140
08/10/2025 20:07:44,2,150,150,3,2,7300
08/10/2025 20:08:00,2,150,150,3,2,7300
08/10/2025 20:08:16,2,150,150,3,2,7290
08/10/2025 20:08:32,2,150,150,3,2,7290
08/10/2025 20:08:48,2,150,150,3,3,7090
08/10/2025 20:09:04,2,150,150,3,3,7090
08/10/2025 20:09:20,2,120,150,3,3,7090
08/10/2025 20:09:36,2,120,150,3,3,7090
08/10/2025 20:09:52,2,120,150,3,3,7090
08/10/2025 20:10:08,2,120,150,3,2,7100
08/10/2025 20:10:24,2,120,150,3,2,7100
08/10/2025 20:10:40,2,120,150,3,1,7100
08/10/2025 20:10:56,2,120,150,3,1,7100
08/10/2025 20:11:12,2,120,150,3,1,7130
08/10/2025 20:11:28,2,120,150,3,1,7130
08/10/2025 20:11:44,2,120,150,3,1,7130
08/10/2025 20:12:00,2,120,150,3,1,7190
08/10/2025 20:12:16,2,120,150,3,1,7190
08/10/2025 20:12:32,2,120,150,3,1,7130
08/10/2025 20:12:48,2,120,150,3,1,7130
08/10/2025 20:13:04,2,120,150,3,1,7130
08/10/2025 20:13:20,2,120,150,3,1,7130
08/10/2025 20:13:36,2,110,150,3,1,7150
08/10/2025 20:13:52,2,110,150,3,1,7150
08/10/2025 20:14:08,2,110,150,3,1,7150
08/10/2025 20:14:24,2,110,150,3,1,7170
08/10/2025 20:14:40,2,110,150,3,1,7170
08/10/2025 20:14:56,2,110,150,3,1,7200
08/10/2025 20:15:12,2,110,150,3,1,7200
08/10/2025 20:15:28,2,110,150,3,1,7230
08/10/2025 20:15:44,2,110,150,3,1,7230
08/10/2025 20:16:00,2,110,150,3,2,7230
08/10/2025 20:16:16,2,160,150,3,2,7230
08/10/2025 20:16:32,2,180,150,3,2,7230
08/10/2025 20:16:48,2,200,150,3,1,7780
08/10/2025 20:17:04,2,230,150,3,1,7780
08/10/2025 20:17:20,2,270,150,3,1,7810
08/10/2025 20:17:36,2,320,150,3,1,7810
08/10/2025 20:17:52,2,410,150,3,2,5380
08/10/2025 20:18:08,2,470,150,3,2,5380
08/10/2025 20:18:24,2,500,150,3,1,5320
08/10/2025 20:18:40,2,520,150,3,1,5320
08/10/2025 20:18:56,2,530,150,3,1,5320
08/10/2025 20:19:12,2,550,150,3,1,5290
08/10/2025 20:19:28,2,710,150,3,1,5290
08/10/2025 20:19:44,2,850,150,3,1,5300
08/10/2025 20:20:00,2,960,150,3,1,5300
08/10/2025 20:20:16,2,990,150,3,1,5310
08/10/2025 20:20:32,2,990,150,3,1,5310
08/10/2025 20:20:48,2,990,150,3,1,5310
08/10/2025 20:21:04,2,990,150,3,1,5310
08/10/2025 20:21:20,2,990,150,3,1,5310
08/10/2025 20:21:36,2,990,150,3,1,5310
08/10/2025 20:21:52,2,990,150,3,1,5310
08/10/2025 20:22:08,2,990,150,3,1,5310
08/10/2025 20:22:24,2,990,150,3,1,5310
08/10/2025 20:22:40,2,990,150,3,1,5310
08/10/2025 20:22:56,2,990,150,3,1,5310
08/10/2025 20:23:12,2,990,150,3,2,5310
08/10/2025 20:23:28,2,990,150,3,2,5310
08/10/2025 20:23:44,2,990,150,3,2,5310
08/10/2025 20:24:00,2,990,150,3,1,7100
08/10/2025 20:24:16,2,990,150,3,1,7100
08/10/2025 20:24:32,2,850,150,3,1,7100
08/10/2025 20:24:48,2,790,150,3,1,7100
08/10/2025 20:25:04,2,790,150,3,1,7100
08/10/2025 20:25:20,2,790,150,3,1,7100
08/10/2025 20:25:36,2,780,150,3,1,7140
08/10/2025 20:25:52,2,780,150,3,1,7140
08/10/2025 20:26:08,2,780,150,3,1,7140
08/10/2025 20:26:24,2,770,150,3,1,7130
08/10/2025 20:26:40,2,760,150,3,1,7130
08/10/2025 20:26:56,2,760,150,3,1,7080
08/10/2025 20:27:12,2,750,150,3,1,7080
08/10/2025 20:27:28,2,750,150,3,1,7070
08/10/2025 20:27:44,2,750,150,3,1,7070
08/10/2025 20:28:00,2,750,150,3,1,7070
08/10/2025 20:28:16,2,740,150,3,1,7070
08/10/2025 20:28:32,2,740,150,3,1,7070
08/10/2025 20:28:48,2,740,150,3,1,7050
08/10/2025 20:29:04,2,740,150,3,1,7050
08/10/2025 20:29:20,2,740,150,3,1,7050
08/10/2025 20:29:36,2,740,150,3,1,7050
08/10/2025 20:29:52,2,740,150,3,1,7050
08/10/2025 20:30:08,2,740,150,3,1,7050
08/10/2025 20:30:24,2,740,150,3,1,7040
08/10/2025 20:30:40,2,740,150,3,1,7040
08/10/2025 20:30:56,2,740,150,3,1,7040
08/10/2025 20:31:12,2,730,150,3,1,7040
08/10/2025 20:31:28,2,730,150,3,1,7040
08/10/2025 20:31:44,2,730,150,3,1,7030
08/10/2025 20:32:00,2,720,150,3,1,7030
08/10/2025 20:32:16,2,720,150,3,1,6970
08/10/2025 20:32:32,2,720,150,3,1,6970
08/10/2025 20:32:48,2,720,150,3,1,6830
08/10/2025 20:33:04,2,720,150,3,1,6830
08/10/2025 20:33:20,2,720,150,3,1,6830
08/10/2025 20:33:36,2,720,150,3,1,6840
08/10/2025 20:33:52,2,710,150,3,1,6840
08/10/2025 20:34:08,2,710,150,3,1,6930
08/10/2025 20:34:24,2,710,150,3,1,6930
08/10/2025 20:34:40,2,700,150,3,1,6910
08/10/2025 20:34:56,2,700,150,3,1,6910
08/10/2025 20:35:12,2,700,150,3,1,6880
08/10/2025 20:35:28,2,690,150,3,1,6880
08/10/2025 20:35:44,2,690,150,3,1,6880
08/10/2025 20:36:00,2,690,150,3,1,6930
08/10/2025 20:36:16,2,680,150,3,1,6930
08/10/2025 20:36:32,2,680,150,3,1,6980
08/10/2025 20:36:48,2,680,150,3,1,6980
08/10/2025 20:37:04,2,680,150,3,1,6930
08/10/2025 20:37:20,2,680,150,3,1,6930
08/10/2025 20:37:36,2,670,150,3,1,6930
08/10/2025 20:37:52,2,670,150,3,1,6930
08/10/2025 20:38:08,2,670,150,3,1,6930
08/10/2025 20:38:24,2,670,150,3,1,6920
08/10/2025 20:38:40,2,660,150,3,1,6920
08/10/2025 20:38:56,2,660,150,3,1,6880
08/10/2025 20:39:12,2,660,150,3,1,6880
08/10/2025 20:39:28,2,660,150,3,1,6880
08/10/2025 20:39:44,2,650,150,3,1,6880
08/10/2025 20:40:00,2,650,150,3,1,6890
08/10/2025 20:40:16,2,650,150,3,1,6890
08/10/2025 20:40:32,2,650,150,3,1,6890
08/10/2025 20:40:48,2,650,150,3,1,6890
08/10/2025 20:41:04,2,650,150,3,1,6890
08/10/2025 20:41:20,2,640,150,3,1,6900
08/10/2025 20:41:36,2,640,150,3,1,6900
08/10/2025 20:41:52,2,640,150,3,1,6880
08/10/2025 20:42:08,2,640,150,3,1,6880
08/10/2025 20:42:24,2,640,150,3,1,6450
08/10/2025 20:42:40,2,980,150,3,1,6450
08/10/2025 20:42:56,2,630,150,3,1,6450
08/10/2025 20:43:12,2,630,150,3,1,6440
08/10/2025 20:43:28,2,630,150,3,1,6440
08/10/2025 20:43:44,2,630,150,3,1,6440
08/10/2025 20:44:00,2,630,150,3,1,6440
08/10/2025 20:44:16,2,630,150,3,1,6430
08/10/2025 20:44:32,2,620,150,3,1,6430
08/10/2025 20:44:48,2,620,150,3,1,6430
08/10/2025 20:45:04,2,620,150,3,1,6430
08/10/2025 20:45:20,2,620,150,3,1,6430
08/10/2025 20:45:36,2,610,150,3,2,6410
08/10/2025 20:45:52,2,610,150,3,2,6410
08/10/2025 20:46:08,2,610,150,3,1,6400
08/10/2025 20:46:24,2,610,150,3,1,6400
08/10/2025 20:46:40,2,610,150,3,1,6390
08/10/2025 20:46:56,2,610,150,3,1,6390
08/10/2025 20:47:12,2,600,150,3,1,6390
08/10/2025 20:47:28,2,600,150,3,1,6390
08/10/2025 20:47:44,2,600,150,3,1,6390
08/10/2025 20:48:00,2,600,150,3,1,6380
08/10/2025 20:48:16,2,600,150,3,1,6380
08/10/2025 20:48:32,2,600,150,3,1,6310
08/10/2025 20:48:48,2,590,150,3,1,6310
08/10/2025 20:49:04,2,590,150,3,0,-999
08/10/2025 20:49:20,2,590,150,3,0,-999
08/10/2025 20:49:36,2,590,150,3,0,-999
08/10/2025 20:49:52,2,590,150,3,0,-999
08/10/2025 20:50:08,2,590,150,3,0,-999
08/10/2025 20:50:24,2,590,150,3,0,-999
08/10/2025 20:50:40,2,590,150,3,0,-999
08/10/2025 20:50:56,2,590,150,3,0,-999
08/10/2025 20:51:12,2,590,150,3,0,-999
08/10/2025 20:51:28,2,590,150,3,0,-999
08/10/2025 20:51:44,2,590,150,3,0,-999
08/10/2025 20:52:00,2,590,150,3,0,-999
08/10/2025 20:52:16,2,590,150,3,0,-999
08/10/2025 20:52:32,2,590,150,3,0,-999
08/10/2025 20:52:48,2,590,150,3,0,-999
08/10/2025 20:53:04,2,580,150,3,0,-999
08/10/2025 20:53:20,2,580,150,3,0,-999
08/10/2025 20:53:36,2,580,150,3,0,-999
08/10/2025 20:53:52,2,580,150,3,1,6540
08/10/2025 20:54:08,2,580,150,3,1,6540
08/10/2025 20:54:24,2,580,150,3,1,6530
08/10/2025 20:54:40,2,580,150,3,1,6530
08/10/2025 20:54:56,2,580,150,3,1,6530
08/10/2025 20:55:12,2,580,150,3,1,6500
08/10/2025 20:55:28,2,580,150,3,1,6500
08/10/2025 20:55:44,2,580,150,3,1,6400
08/10/2025 20:56:00,2,580,150,3,1,6400
08/10/2025 20:56:16,2,580,150,3,1,6390
08/10/2025 20:56:32,2,580,150,3,1,6390
08/10/2025 20:56:48,2,580,150,3,1,6390
08/10/2025 20:57:04,2,580,150,3,1,6390
08/10/2025 20:57:20,2,570,150,3,1,6390
08/10/2025 20:57:36,2,570,150,3,1,6350
08/10/2025 20:57:52,2,570,150,3,1,6350
08/10/2025 20:58:08,2,580,150,3,1,6400
08/10/2025 20:58:24,2,580,150,3,1,6400
08/10/2025 20:58:40,2,580,150,3,1,6280
08/10/2025 20:58:56,2,580,150,3,1,6280
08/10/2025 20:59:12,2,570,150,3,1,6280
08/10/2025 20:59:28,2,570,150,3,1,6280
08/10/2025 20:59:44,2,570,150,3,1,6280
08/10/2025 21:00:00,3,570,150,3,1,6400
08/10/2025 21:00:16,3,570,150,3,1,6400
08/10/2025 21:00:32,3,570,150,3,1,6370
08/10/2025 21:00:48,3,570,150,3,1,6370
08/10/2025 21:01:04,3,570,150,3,1,6350
08/10/2025 21:01:20,3,570,150,3,1,6350
08/10/2025 21:01:36,3,560,150,3,1,6340
08/10/2025 21:01:52,3,560,150,3,1,6340
08/10/2025 21:02:08,3,560,150,3,1,6340
08/10/2025 21:02:24,3,560,150,3,1,6340
08/10/2025 21:02:40,3,560,150,3,1,6340
08/10/2025 21:02:56,3,550,150,3,1,6300
08/10/2025 21:03:12,3,550,150,3,1,6300
08/10/2025 21:03:28,3,550,150,3,1,6230
08/10/2025 21:03:44,3,550,150,3,1,6230
08/10/2025 21:04:00,3,550,150,3,1,6210
08/10/2025 21:04:16,3,550,150,3,1,6210
08/10/2025 21:04:32,3,550,150,3,1,6210
08/10/2025 21:04:48,3,540,150,3,1,6170
08/10/2025 21:05:04,3,540,150,3,1,6170
08/10/2025 21:05:20,3,540,150,3,0,-999
08/10/2025 21:05:36,3,530,150,3,0,-999
08/10/2025 21:05:52,3,530,150,3,0,-999
08/10/2025 21:06:08,3,530,150,3,0,-999
08/10/2025 21:06:24,3,530,150,3,0,-999
08/10/2025 21:06:40,3,530,150,3,0,-999
08/10/2025 21:06:56,3,520,150,3,0,-999
08/10/2025 21:07:12,3,520,150,3,0,-999
08/10/2025 21:07:28,3,520,150,3,0,-999
08/10/2025 21:07:44,3,520,150,3,0,-999
08/10/2025 21:08:00,3,510,150,3,0,-999
08/10/2025 21:08:16,3,510,150,3,0,-999
08/10/2025 21:08:32,3,510,150,3,0,-999
08/10/2025 21:08:48,3,500,150,3,0,-999
08/10/2025 21:09:04,3,490,150,3,0,-999
08/10/2025 21:09:20,3,480,150,3,0,-999
08/10/2025 21:09:36,3,470,150,3,0,-999
08/10/2025 21:09:52,3,460,150,3,0,-999
08/10/2025 21:10:08,3,460,150,3,0,-999
08/10/2025 21:10:24,3,450,150,3,0,-999
08/10/2025 21:10:40,3,440,150,3,0,-999
08/10/2025 21:10:56,3,430,150,3,0,-999
08/10/2025 21:11:12,3,420,150,3,0,-999
08/10/2025 21:11:28,3,410,150,3,0,-999
08/10/2025 21:11:44,3,400,150,3,0,-999
08/10/2025 21:12:00,3,400,150,3,0,-999
08/10/2025 21:12:16,3,400,150,3,0,-999
08/10/2025 21:12:32,3,390,150,3,0,-999
08/10/2025 21:12:48,3,380,150,3,0,-999
08/10/2025 21:13:04,3,380,150,3,0,-999
08/10/2025 21:13:20,3,380,150,3,0,-999
08/10/2025 21:13:36,3,370,150,3,0,-999
08/10/2025 21:13:52,3,370,150,3,0,-999
08/10/2025 21:14:08,3,370,150,3,0,-999
08/10/2025 21:14:24,3,370,150,3,0,-999
08/10/2025 21:14:40,3,360,150,3,0,-999
08/10/2025 21:14:56,3,360,150,3,0,-999
08/10/2025 21:15:12,3,360,150,3,0,-999
08/10/2025 21:15:28,3,360,150,3,0,-999
08/10/2025 21:15:44,3,350,150,3,0,-999
08/10/2025 21:16:00,3,350,150,3,0,-999
08/10/2025 21:16:16,3,350,150,3,0,-999
08/10/2025 21:16:32,3,350,150,3,0,-999
08/10/2025 21:16:48,3,340,150,3,0,-999
08/10/2025 21:17:04,3,340,150,3,0,-999
08/10/2025 21:17:20,3,340,150,3,0,-999
08/10/2025 21:17:36,3,340,150,3,0,-999
08/10/2025 21:17:52,3,330,150,3,0,-999
08/10/2025 21:18:08,3,330,150,3,0,-999
08/10/2025 21:18:24,3,330,150,3,0,-999
08/10/2025 21:18:40,3,330,150,3,0,-999
08/10/2025 21:18:56,3,330,150,3,0,-999
08/10/2025 21:19:12,3,320,150,3,0,-999
08/10/2025 21:19:28,3,330,150,3,0,-999
08/10/2025 21:19:44,3,320,150,3,0,-999
08/10/2025 21:20:00,3,320,150,3,0,-999
08/10/2025 21:20:16,3,320,150,3,0,-999
08/10/2025 21:20:32,3,320,150,3,0,-999
08/10/2025 21:20:48,3,320,150,3,0,-999
08/10/2025 21:21:04,3,320,150,3,0,-999
08/10/2025 21:21:20,3,320,150,3,0,-999
08/10/2025 21:21:36,3,320,150,3,0,-999
08/10/2025 21:21:52,3,320,150,3,0,-999
08/10/2025 21:22:08,3,320,150,3,0,-999
08/10/2025 21:22:24,3,320,150,3,0,-999
08/10/2025 21:22:40,3,320,150,3,0,-999
08/10/2025 21:22:56,3,320,150,3,0,-999
08/10/2025 21:23:12,3,320,150,3,0,-999
08/10/2025 21:23:28,3,320,150,3,0,-999
08/10/2025 21:23:44,3,320,150,3,0,-999
08/10/2025 21:24:00,3,320,150,3,0,-999
08/10/2025 21:24:16,3,320,150,3,0,-999
08/10/2025 21:24:32,3,320,150,3,0,-999
08/10/2025 21:24:48,3,320,150,3,0,-999
08/10/2025 21:25:04,3,320,150,3,0,-999
08/10/2025 21:25:20,3,330,150,3,0,-999
08/10/2025 21:25:36,3,330,150,3,0,-999
08/10/2025 21:25:52,3,330,150,3,0,-999
08/10/2025 21:26:08,3,330,150,3,0,-999
08/10/2025 21:26:24,3,330,150,3,0,-999
08/10/2025 21:26:40,3,330,150,3,0,-999
08/10/2025 21:26:56,3,330,150,3,0,-999
08/10/2025 21:27:12,3,340,150,3,0,-999
08/10/2025 21:27:28,3,340,150,3,0,-999
08/10/2025 21:27:44,3,340,150,3,0,-999
08/10/2025 21:28:00,3,340,150,3,0,-999
08/10/2025 21:28:16,3,330,150,3,0,-999
08/10/2025 21:28:32,3,330,150,3,0,-999
08/10/2025 21:28:48,3,340,150,3,0,-999
08/10/2025 21:29:04,3,340,150,3,0,-999
08/10/2025 21:29:20,3,340,150,3,0,-999
08/10/2025 21:29:36,3,340,150,3,0,-999
08/10/2025 21:29:52,3,330,150,3,0,-999
08/10/2025 21:30:08,3,340,150,3,0,-999
08/10/2025 21:30:24,3,330,150,3,0,-999
08/10/2025 21:30:40,3,340,150,3,0,-999
08/10/2025 21:30:56,3,330,150,3,0,-999
08/10/2025 21:31:12,3,340,150,3,0,-999
08/10/2025 21:31:28,3,340,150,3,0,-999
08/10/2025 21:31:44,3,340,150,3,0,-999
08/10/2025 21:32:00,3,340,150,3,0,-999
08/10/2025 21:32:16,3,340,150,3,0,-999
08/10/2025 21:32:32,3,340,150,3,0,-999
08/10/2025 21:32:48,3,340,150,3,0,-999
08/10/2025 21:33:04,3,340,150,3,0,-999
08/10/2025 21:33:20,3,330,150,3,0,-999
08/10/2025 21:33:36,3,330,150,3,0,-999
08/10/2025 21:33:52,3,340,150,3,0,-999
08/10/2025 21:34:08,3,340,150,3,0,-999
08/10/2025 21:34:24,3,340,150,3,0,-999
08/10/2025 21:34:40,3,340,150,3,0,-999
08/10/2025 21:34:56,3,340,150,3,0,-999
08/10/2025 21:35:12,3,340,150,3,0,-999
08/10/2025 21:35:28,3,340,150,3,0,-999
08/10/2025 21:35:44,3,340,150,3,0,-999
08/10/2025 21:36:00,3,340,150,3,0,-999
08/10/2025 21:36:16,3,340,150,3,0,-999
08/10/2025 21:36:32,3,340,150,3,0,-999
08/10/2025 21:36:48,3,340,150,3,0,-999
08/10/2025 21:37:04,3,340,150,3,0,-999
08/10/2025 21:37:20,3,350,150,3,0,-999
08/10/2025 21:37:36,3,340,150,3,0,-999
08/10/2025 21:37:52,3,350,150,3,0,-999
08/10/2025 21:38:08,3,350,150,3,0,-999
08/10/2025 21:38:24,3,340,150,3,0,-999
08/10/2025 21:38:40,3,350,150,3,0,-999
08/10/2025 21:38:56,3,350,150,3,0,-999
08/10/2025 21:39:12,3,350,150,3,0,-999
08/10/2025 21:39:28,3,350,150,3,0,-999
08/10/2025 21:39:44,3,340,150,3,0,-999
08/10/2025 21:40:00,3,340,150,3,0,-999
08/10/2025 21:40:16,3,330,150,3,0,-999
08/10/2025 21:40:32,3,330,150,3,0,-999
08/10/2025 21:40:48,3,330,150,3,0,-999
08/10/2025 21:41:04,3,330,150,3,0,-999
08/10/2025 21:41:20,3,320,150,3,0,-999
08/10/2025 21:41:36,3,320,150,3,0,-999
08/10/2025 21:41:52,3,320,150,3,0,-999
08/10/2025 21:42:08,3,320,150,3,0,-999
08/10/2025 21:42:24,3,320,150,3,0,-999
08/10/2025 21:42:40,3,320,150,3,0,-999
08/10/2025 21:42:56,3,320,150,3,0,-999
08/10/2025 21:43:12,3,310,150,3,0,-999
08/10/2025 21:43:28,3,310,150,3,0,-999
08/10/2025 21:43:44,3,310,150,3,0,-999
08/10/2025 21:44:00,3,310,150,3,0,-999
08/10/2025 21:44:16,3,310,150,3,0,-999
08/10/2025 21:44:32,3,310,150,3,0,-999
08/10/2025 21:44:48,3,310,150,3,0,-999
08/10/2025 21:45:04,3,310,150,3,0,-999
08/10/2025 21:45:20,3,310,150,3,0,-999
08/10/2025 21:45:36,3,310,150,3,0,-999
08/10/2025 21:45:52,3,320,150,3,0,-999
08/10/2025 21:46:08,3,320,150,3,0,-999
08/10/2025 21:46:24,3,310,150,3,0,-999
08/10/2025 21:46:40,3,320,150,3,0,-999
08/10/2025 21:46:56,3,330,150,3,0,-999
08/10/2025 21:47:12,3,330,150,3,0,-999
08/10/2025 21:47:28,3,330,150,3,0,-999
08/10/2025 21:47:44,3,330,150,3,0,-999
08/10/2025 21:48:00,3,320,150,3,0,-999
08/10/2025 21:48:16,3,320,150,3,0,-999
08/10/2025 21:48:32,3,320,150,3,0,-999
08/10/2025 21:48:48,3,320,150,3,0,-999
08/10/2025 21:49:04,3,310,150,3,0,-999
08/10/2025 21:49:20,3,310,150,3,0,-999
08/10/2025 21:49:36,3,310,150,3,0,-999
08/10/2025 21:49:52,3,300,150,3,0,-999
08/10/2025 21:50:08,3,300,150,3,0,-999
08/10/2025 21:50:24,3,300,150,3,0,-999
08/10/2025 21:50:40,3,300,150,3,0,-999
08/10/2025 21:50:56,3,300,150,3,0,-999
08/10/2025 21:51:12,3,290,150,3,0,-999
08/10/2025 21:51:28,3,290,150,3,0,-999
08/10/2025 21:51:44,3,290,150,3,0,-999
08/10/2025 21:52:00,3,300,150,3,0,-999
08/10/2025 21:52:16,3,300,150,3,0,-999
08/10/2025 21:52:32,3,300,150,3,0,-999
08/10/2025 21:52:48,3,300,150,3,0,-999
08/10/2025 21:53:04,3,300,150,3,0,-999
08/10/2025 21:53:20,3,300,150,3,0,-999
08/10/2025 21:53:36,3,310,150,3,0,-999
08/10/2025 21:53:52,3,310,150,3,0,-999
08/10/2025 21:54:08,3,320,150,3,0,-999
08/10/2025 21:54:24,3,330,150,3,0,-999
08/10/2025 21:54:40,3,330,150,3,0,-999
08/10/2025 21:54:56,3,320,150,3,0,-999
08/10/2025 21:55:12,3,320,150,3,0,-999
08/10/2025 21:55:28,3,320,150,3,0,-999
08/10/2025 21:55:44,3,330,150,3,0,-999
08/10/2025 21:56:00,3,330,150,3,0,-999
08/10/2025 21:56:16,3,330,150,3,0,-999
08/10/2025 21:56:32,3,350,150,3,0,-999
08/10/2025 21:56:48,3,350,150,3,0,-999
08/10/2025 21:57:04,3,360,150,3,0,-999
08/10/2025 21:57:20,3,370,150,3,0,-999
08/10/2025 21:57:36,3,380,150,3,0,-999
08/10/2025 21:57:52,3,390,150,3,0,-999
08/10/2025 21:58:08,3,400,150,3,0,-999
08/10/2025 21:58:24,3,410,150,3,0,-999
08/10/2025 21:58:40,3,410,150,3,0,-999
08/10/2025 21:58:56,3,410,150,3,0,-999
08/10/2025 21:59:12,3,410,150,3,0,-999
08/10/2025 21:59:28,3,410,150,3,0,-999
08/10/2025 21:59:44,3,420,150,3,0,-999
08/10/2025 22:00:00,-999,410,-999,3,0,-999
08/10/2025 22:00:16,-999,410,-999,3,0,-999
08/10/2025 22:00:32,-999,410,-999,3,0,-999
08/10/2025 22:00:48,-999,410,-999,3,0,-999
08/10/2025 22:01:04,-999,420,-999,3,0,-999
08/10/2025 22:01:20,-999,440,-999,3,0,-999
08/10/2025 22:01:36,-999,460,-999,3,0,-999
08/10/2025 22:01:52,-999,500,-999,3,0,-999
08/10/2025 22:02:08,-999,540,-999,3,0,-999
08/10/2025 22:02:24,-999,610,-999,3,0,-999
08/10/2025 22:02:40,-999,670,-999,3,0,-999
08/10/2025 22:02:56,-999,670,-999,3,0,-999
08/10/2025 22:03:12,-999,750,-999,3,0,-999
08/10/2025 22:03:28,-999,870,-999,3,1,7580
08/10/2025 22:03:44,-999,960,-999,3,1,7580
08/10/2025 22:04:00,-999,990,-999,3,1,7540
08/10/2025 22:04:16,-999,990,-999,3,1,7540
08/10/2025 22:04:32,-999,990,-999,3,1,7540
08/10/2025 22:04:48,-999,990,-999,3,1,7540
08/10/2025 22:05:04,-999,990,-999,3,1,7540
08/10/2025 22:05:20,-999,990,-999,3,1,7520
08/10/2025 22:05:36,-999,990,-999,3,1,7520
08/10/2025 22:05:52,-999,990,-999,3,1,7570
08/10/2025 22:06:08,-999,990,-999,3,1,7570
08/10/2025 22:06:24,-999,990,-999,3,2,7330
08/10/2025 22:06:40,-999,990,-999,3,2,7330
08/10/2025 22:06:56,-999,990,-999,3,2,7330
08/10/2025 22:07:12,-999,990,-999,3,2,7320
08/10/2025 22:07:28,-999,990,-999,3,2,7320
08/10/2025 22:07:44,-999,990,-999,3,1,10430
08/10/2025 22:08:00,-999,980,-999,3,1,10430
08/10/2025 22:08:16,-999,890,-999,3,1,10470
08/10/2025 22:08:32,-999,840,-999,3,1,10470
08/10/2025 22:08:48,-999,830,-999,3,1,10450
08/10/2025 22:09:04,-999,810,-999,3,1,10450
08/10/2025 22:09:20,-999,820,-999,3,1,10450
08/10/2025 22:09:36,-999,810,-999,3,1,10440
08/10/2025 22:09:52,-999,810,-999,3,1,10440
08/10/2025 22:10:08,-999,800,-999,3,1,10440
08/10/2025 22:10:24,-999,800,-999,3,1,10440
08/10/2025 22:10:40,-999,800,-999,3,2,10330
08/10/2025 22:10:56,-999,800,-999,3,2,10330
08/10/2025 22:11:12,-999,800,-999,3,1,10330
08/10/2025 22:11:28,-999,800,-999,3,1,10330
08/10/2025 22:11:44,-999,790,-999,3,1,10330
08/10/2025 22:12:00,-999,790,-999,3,2,10320
08/10/2025 22:12:16,-999,800,-999,3,2,10320
08/10/2025 22:12:32,-999,790,-999,3,1,10320
08/10/2025 22:12:48,-999,790,-999,3,1,10320
08/10/2025 22:13:04,-999,780,-999,3,1,10330
08/10/2025 22:13:20,-999,770,-999,3,1,10330
08/10/2025 22:13:36,-999,770,-999,3,1,10350
08/10/2025 22:13:52,-999,760,-999,3,1,10350
08/10/2025 22:14:08,-999,760,-999,3,1,10350
08/10/2025 22:14:24,-999,760,-999,3,1,10360
08/10/2025 22:14:40,-999,760,-999,3,1,10360
08/10/2025 22:14:56,-999,760,-999,3,1,10440
08/10/2025 22:15:12,-999,760,-999,3,1,10440
08/10/2025 22:15:28,-999,760,-999,3,1,10450
08/10/2025 22:15:44,-999,760,-999,3,1,10450
08/10/2025 22:16:00,-999,760,-999,3,1,10330
08/10/2025 22:16:16,-999,750,-999,3,1,10330
08/10/2025 22:16:32,-999,750,-999,3,1,10330
08/10/2025 22:16:48,-999,750,-999,3,1,10360
08/10/2025 22:17:04,-999,750,-999,3,1,10360
08/10/2025 22:17:20,-999,740,-999,3,1,10360
08/10/2025 22:17:36,-999,740,-999,3,1,10360
08/10/2025 22:17:52,-999,740,-999,3,1,10380
08/10/2025 22:18:08,-999,740,-999,3,1,10380
08/10/2025 22:18:24,-999,740,-999,3,1,10370
08/10/2025 22:18:40,-999,740,-999,3,1,10370
08/10/2025 22:18:56,-999,740,-999,3,1,10370
08/10/2025 22:19:12,-999,730,-999,3,1,10350
08/10/2025 22:19:28,-999,730,-999,3,1,10350
08/10/2025 22:19:44,-999,730,-999,3,1,10350
08/10/2025 22:20:00,-999,740,-999,3,1,10350
08/10/2025 22:20:16,-999,740,-999,3,2,7160
08/10/2025 22:20:32,-999,740,-999,3,2,7160
08/10/2025 22:20:48,-999,740,-999,3,1,7150
08/10/2025 22:21:04,-999,740,-999,3,1,7150
08/10/2025 22:21:20,-999,740,-999,3,1,7150
08/10/2025 22:21:36,-999,740,-999,3,1,10370
08/10/2025 22:21:52,-999,740,-999,3,1,10370
08/10/2025 22:22:08,-999,740,-999,3,1,10380
08/10/2025 22:22:24,-999,740,-999,3,1,10380
08/10/2025 22:22:40,-999,740,-999,3,1,10370
08/10/2025 22:22:56,-999,730,-999,3,1,10370
08/10/2025 22:23:12,-999,730,-999,3,1,10390
08/10/2025 22:23:28,-999,730,-999,3,1,10390
08/10/2025 22:23:44,-999,740,-999,3,1,10390
08/10/2025 22:24:00,-999,730,-999,3,1,10400
08/10/2025 22:24:16,-999,730,-999,3,1,10400
08/10/2025 22:24:32,-999,720,-999,3,1,10410
08/10/2025 22:24:48,-999,720,-999,3,1,10410
08/10/2025 22:25:04,-999,720,-999,3,1,10400
08/10/2025 22:25:20,-999,720,-999,3,1,10400
08/10/2025 22:25:36,-999,720,-999,3,2,7510
08/10/2025 22:25:52,-999,720,-999,3,2,7510
08/10/2025 22:26:08,-999,720,-999,3,2,7510
08/10/2025 22:26:24,-999,720,-999,3,1,10380
08/10/2025 22:26:40,-999,720,-999,3,1,10380
08/10/2025 22:26:56,-999,720,-999,3,1,10390
08/10/2025 22:27:12,-999,720,-999,3,1,10390
08/10/2025 22:27:28,-999,720,-999,3,1,10380
08/10/2025 22:27:44,-999,730,-999,3,1,10380
08/10/2025 22:28:00,-999,720,-999,3,1,10360
08/10/2025 22:28:16,-999,730,-999,3,1,10360
08/10/2025 22:28:32,-999,730,-999,3,1,10360
08/10/2025 22:28:48,-999,720,-999,3,1,10350
08/10/2025 22:29:04,-999,720,-999,3,1,10350
08/10/2025 22:29:20,-999,710,-999,3,1,10330
08/10/2025 22:29:36,-999,700,-999,3,1,10330
08/10/2025 22:29:52,-999,700,-999,3,1,10310
08/10/2025 22:30:08,-999,700,-999,3,1,10310
08/10/2025 22:30:24,-999,700,-999,3,1,10320
08/10/2025 22:30:40,-999,690,-999,3,1,10320
08/10/2025 22:30:56,-999,690,-999,3,1,10320
08/10/2025 22:31:12,-999,690,-999,3,1,10310
08/10/2025 22:31:28,-999,690,-999,3,1,10310
08/10/2025 22:31:44,-999,680,-999,3,1,10310
08/10/2025 22:32:00,-999,680,-999,3,1,10310
08/10/2025 22:32:16,-999,670,-999,3,0,-999
08/10/2025 22:32:32,-999,660,-999,3,0,-999
08/10/2025 22:32:48,-999,660,-999,3,0,-999
08/10/2025 22:33:04,-999,660,-999,3,0,-999
08/10/2025 22:33:20,-999,660,-999,3,0,-999
08/10/2025 22:33:36,-999,650,-999,3,1,10430
08/10/2025 22:33:52,-999,640,-999,3,1,10430
08/10/2025 22:34:08,-999,630,-999,3,1,10330
08/10/2025 22:34:24,-999,620,-999,3,1,10330
08/10/2025 22:34:40,-999,620,-999,3,1,10320
08/10/2025 22:34:56,-999,610,-999,3,1,10320
08/10/2025 22:35:12,-999,610,-999,3,1,10300
08/10/2025 22:35:28,-999,600,-999,3,1,10300
08/10/2025 22:35:44,-999,590,-999,3,1,10300
08/10/2025 22:36:00,-999,580,-999,3,1,10290
08/10/2025 22:36:16,-999,580,-999,3,1,10290
08/10/2025 22:36:32,-999,570,-999,3,1,10320
08/10/2025 22:36:48,-999,560,-999,3,1,10320
08/10/2025 22:37:04,-999,550,-999,3,1,10320
08/10/2025 22:37:20,-999,540,-999,3,1,10320
08/10/2025 22:37:36,-999,530,-999,3,1,10330
08/10/2025 22:37:52,-999,520,-999,3,1,10330
08/10/2025 22:38:08,-999,510,-999,3,1,10330
08/10/2025 22:38:24,-999,510,-999,3,1,10340
08/10/2025 22:38:40,-999,500,-999,3,1,10340
08/10/2025 22:38:56,-999,490,-999,3,1,10350
08/10/2025 22:39:12,-999,480,-999,3,1,10350
08/10/2025 22:39:28,-999,470,-999,3,1,10360
08/10/2025 22:39:44,-999,460,-999,3,1,10360
08/10/2025 22:40:00,-999,450,-999,3,1,10380
08/10/2025 22:40:16,-999,450,-999,3,1,10380
08/10/2025 22:40:32,-999,440,-999,3,1,10380
08/10/2025 22:40:48,-999,430,-999,3,2,7530
08/10/2025 22:41:04,-999,430,-999,3,2,7530
08/10/2025 22:41:20,-999,420,-999,3,1,7500
08/10/2025 22:41:36,-999,420,-999,3,1,7500
08/10/2025 22:41:52,-999,420,-999,3,1,7490
08/10/2025 22:42:08,-999,420,-999,3,1,7490
08/10/2025 22:42:24,-999,410,-999,3,2,7610
08/10/2025 22:42:40,-999,410,-999,3,2,7610
08/10/2025 22:42:56,-999,410,-999,3,2,7610
08/10/2025 22:43:12,-999,410,-999,3,3,7590
08/10/2025 22:43:28,-999,410,-999,3,3,7590
08/10/2025 22:43:44,-999,410,-999,3,1,7550
08/10/2025 22:44:00,-999,400,-999,3,1,7550
08/10/2025 22:44:16,-999,400,-999,3,2,7510
08/10/2025 22:44:32,-999,390,-999,3,2,7510
08/10/2025 22:44:48,-999,390,-999,3,1,7450
08/10/2025 22:45:04,-999,390,-999,3,1,7450
08/10/2025 22:45:20,-999,390,-999,3,1,7450
08/10/2025 22:45:36,-999,380,-999,3,1,7380
08/10/2025 22:45:52,-999,380,-999,3,1,7380
08/10/2025 22:46:08,-999,380,-999,3,2,7320
08/10/2025 22:46:24,-999,380,-999,3,2,7320
08/10/2025 22:46:40,-999,370,-999,3,2,7340
08/10/2025 22:46:56,-999,370,-999,3,2,7340
08/10/2025 22:47:12,-999,370,-999,3,2,7330
08/10/2025 22:47:28,-999,370,-999,3,2,7330
08/10/2025 22:47:44,-999,360,-999,3,2,7330
08/10/2025 22:48:00,-999,360,-999,3,1,7330
08/10/2025 22:48:16,-999,360,-999,3,1,7330
08/10/2025 22:48:32,-999,350,-999,3,1,7310
08/10/2025 22:48:48,-999,350,-999,3,1,7310
08/10/2025 22:49:04,-999,350,-999,3,1,7290
08/10/2025 22:49:20,-999,350,-999,3,1,7290
08/10/2025 22:49:36,-999,340,-999,3,1,7230
08/10/2025 22:49:52,-999,340,-999,3,1,7230
08/10/2025 22:50:08,-999,340,-999,3,1,7230
08/10/2025 22:50:24,-999,340,-999,3,1,7190
08/10/2025 22:50:40,-999,350,-999,3,1,7190
08/10/2025 22:50:56,-999,350,-999,3,2,7150
08/10/2025 22:51:12,-999,340,-999,3,2,7150
08/10/2025 22:51:28,-999,340,-999,3,2,7160
08/10/2025 22:51:44,-999,340,-999,3,2,7160
08/10/2025 22:52:00,-999,340,-999,3,1,7190
08/10/2025 22:52:16,-999,340,-999,3,1,7190
08/10/2025 22:52:32,-999,340,-999,3,1,7190
08/10/2025 22:52:48,-999,340,-999,3,1,7220
08/10/2025 22:53:04,-999,340,-999,3,1,7220
08/10/2025 22:53:20,-999,350,-999,3,1,7250
08/10/2025 22:53:36,-999,350,-999,3,1,7250
08/10/2025 22:53:52,-999,350,-999,3,1,7260
08/10/2025 22:54:08,-999,350,-999,3,1,7260
08/10/2025 22:54:24,-999,350,-999,3,2,7260
08/10/2025 22:54:40,-999,350,-999,3,2,7260
08/10/2025 22:54:56,-999,350,-999,3,2,7260
08/10/2025 22:55:12,-999,350,-999,3,1,7240
08/10/2025 22:55:28,-999,340,-999,3,1,7240
08/10/2025 22:55:44,-999,340,-999,3,2,7230
08/10/2025 22:56:00,-999,340,-999,3,2,7230
08/10/2025 22:56:16,-999,340,-999,3,2,7330
08/10/2025 22:56:32,-999,330,-999,3,2,7330
08/10/2025 22:56:48,-999,330,-999,3,2,7160
08/10/2025 22:57:04,-999,330,-999,3,2,7160
08/10/2025 22:57:20,-999,330,-999,3,2,7160
08/10/2025 22:57:36,-999,330,-999,3,1,7380
08/10/2025 22:57:52,-999,330,-999,3,1,7380
08/10/2025 22:58:08,-999,340,-999,3,1,7340
08/10/2025 22:58:24,-999,340,-999,3,1,7340
08/10/2025 22:58:40,-999,340,-999,3,1,7340
08/10/2025 22:58:56,-999,340,-999,3,1,7340
08/10/2025 22:59:12,-999,340,-999,3,2,7420
08/10/2025 22:59:28,-999,340,-999,3,2,7420
08/10/2025 22:59:44,-999,340,-999,3,2,7420
08/10/2025 23:00:00,-999,340,-999,3,1,7440
08/10/2025 23:00:16,-999,350,-999,3,1,7440
08/10/2025 23:00:32,-999,350,-999,3,1,7300
08/10/2025 23:00:48,-999,340,-999,3,1,7300
08/10/2025 23:01:04,-999,340,-999,3,2,6960
08/10/2025 23:01:20,-999,340,-999,3,2,6960
08/10/2025 23:01:36,-999,340,-999,3,1,7320
08/10/2025 23:01:52,-999,340,-999,3,1,7320
08/10/2025 23:02:08,-999,350,-999,3,1,7320
08/10/2025 23:02:24,-999,350,-999,3,1,7390
08/10/2025 23:02:40,-999,350,-999,3,1,7390
08/10/2025 23:02:56,-999,350,-999,3,1,7410
08/10/2025 23:03:12,-999,350,-999,3,1,7410
08/10/2025 23:03:28,-999,350,-999,3,1,7420
08/10/2025 23:03:44,-999,360,-999,3,1,7420
08/10/2025 23:04:00,-999,360,-999,3,2,7410
08/10/2025 23:04:16,-999,360,-999,3,2,7410
08/10/2025 23:04:32,-999,360,-999,3,2,7410
08/10/2025 23:04:48,-999,350,-999,3,2,8370
08/10/2025 23:05:04,-999,350,-999,3,2,8370
08/10/2025 23:05:20,-999,350,-999,3,1,8250
08/10/2025 23:05:36,-999,360,-999,3,1,8250
08/10/2025 23:05:52,-999,360,-999,3,2,7970
08/10/2025 23:06:08,-999,360,-999,3,2,7970
08/10/2025 23:06:24,-999,360,-999,3,1,7960
08/10/2025 23:06:40,-999,370,-999,3,1,7960
08/10/2025 23:06:56,-999,370,-999,3,1,7960
08/10/2025 23:07:12,-999,370,-999,3,2,7960
08/10/2025 23:07:28,-999,370,-999,3,2,7960
08/10/2025 23:07:44,-999,370,-999,3,2,7480
08/10/2025 23:08:00,-999,380,-999,3,2,7480
08/10/2025 23:08:16,-999,380,-999,3,1,7470
08/10/2025 23:08:32,-999,390,-999,3,1,7470
08/10/2025 23:08:48,-999,390,-999,3,1,7480
08/10/2025 23:09:04,-999,400,-999,3,1,7480
08/10/2025 23:09:20,-999,400,-999,3,1,7480
08/10/2025 23:09:36,-999,410,-999,3,2,7480
08/10/2025 23:09:52,-999,420,-999,3,2,7480
08/10/2025 23:10:08,-999,420,-999,3,2,8940
08/10/2025 23:10:24,-999,430,-999,3,2,8940
08/10/2025 23:10:40,-999,430,-999,3,1,8940
08/10/2025 23:10:56,-999,430,-999,3,1,8940
08/10/2025 23:11:12,-999,440,-999,3,2,9020
08/10/2025 23:11:28,-999,440,-999,3,2,9020
08/10/2025 23:11:44,-999,440,-999,3,2,9020
08/10/2025 23:12:00,-999,440,-999,3,2,8910
08/10/2025 23:12:16,-999,440,-999,3,2,8910
08/10/2025 23:12:32,-999,440,-999,3,1,8820
08/10/2025 23:12:48,-999,440,-999,3,1,8820
08/10/2025 23:13:04,-999,440,-999,3,2,8820
08/10/2025 23:13:20,-999,440,-999,3,2,8820
08/10/2025 23:13:36,-999,440,-999,3,2,8650
08/10/2025 23:13:52,-999,440,-999,3,2,8650
08/10/2025 23:14:08,-999,430,-999,3,2,8650
08/10/2025 23:14:24,-999,440,-999,3,2,8630
08/10/2025 23:14:40,-999,440,-999,3,2,8630
08/10/2025 23:14:56,-999,440,-999,3,1,8630
08/10/2025 23:15:12,-999,450,-999,3,1,8630
08/10/2025 23:15:28,-999,450,-999,3,1,8600
08/10/2025 23:15:44,-999,460,-999,3,1,8600
08/10/2025 23:16:00,-999,460,-999,3,3,8590
08/10/2025 23:16:16,-999,470,-999,3,3,8590
08/10/2025 23:16:32,-999,470,-999,3,3,8590
08/10/2025 23:16:48,-999,470,-999,3,2,8820
08/10/2025 23:17:04,-999,470,-999,3,2,8820
08/10/2025 23:17:20,-999,470,-999,3,2,8590
08/10/2025 23:17:36,-999,470,-999,3,2,8590
08/10/2025 23:17:52,-999,480,-999,3,2,8590
08/10/2025 23:18:08,-999,480,-999,3,2,8590
08/10/2025 23:18:24,-999,480,-999,3,2,8610
08/10/2025 23:18:40,-999,480,-999,3,2,8610
08/10/2025 23:18:56,-999,490,-999,3,2,8610
08/10/2025 23:19:12,-999,490,-999,3,2,8380
08/10/2025 23:19:28,-999,500,-999,3,2,8380
08/10/2025 23:19:44,-999,500,-999,3,2,8380
08/10/2025 23:20:00,-999,510,-999,3,2,8380
08/10/2025 23:20:16,-999,510,-999,3,2,9020
08/10/2025 23:20:32,-999,520,-999,3,2,9020
08/10/2025 23:20:48,-999,520,-999,3,3,8340
08/10/2025 23:21:04,-999,530,-999,3,3,8340
08/10/2025 23:21:20,-999,530,-999,3,3,8340
08/10/2025 23:21:36,-999,530,-999,3,2,8960
08/10/2025 23:21:52,-999,540,-999,3,2,8960
08/10/2025 23:22:08,-999,540,-999,3,2,8810
08/10/2025 23:22:24,-999,540,-999,3,2,8810
08/10/2025 23:22:40,-999,540,-999,3,2,8820
08/10/2025 23:22:56,-999,540,-999,3,2,8820
08/10/2025 23:23:12,-999,540,-999,3,2,8740
08/10/2025 23:23:28,-999,540,-999,3,2,8740
08/10/2025 23:23:44,-999,540,-999,3,2,8740
08/10/2025 23:24:00,-999,540,-999,3,2,8650
08/10/2025 23:24:16,-999,540,-999,3,2,8650
08/10/2025 23:24:32,-999,540,-999,3,2,8690
08/10/2025 23:24:48,-999,540,-999,3,2,8690
08/10/2025 23:25:04,-999,540,-999,3,2,8660
08/10/2025 23:25:20,-999,540,-999,3,2,8660
08/10/2025 23:25:36,-999,540,-999,3,2,8490
08/10/2025 23:25:52,-999,540,-999,3,2,8490
08/10/2025 23:26:08,-999,540,-999,3,2,8490
08/10/2025 23:26:24,-999,540,-999,3,2,8520
08/10/2025 23:26:40,-999,540,-999,3,2,8520
08/10/2025 23:26:56,-999,540,-999,3,1,8650
08/10/2025 23:27:12,-999,540,-999,3,1,8650
08/10/2025 23:27:28,-999,540,-999,3,2,8720
08/10/2025 23:27:44,-999,540,-999,3,2,8720
08/10/2025 23:28:00,-999,540,-999,3,1,8770
08/10/2025 23:28:16,-999,530,-999,3,1,8770
08/10/2025 23:28:32,-999,530,-999,3,1,8770
08/10/2025 23:28:48,-999,530,-999,3,2,8800
08/10/2025 23:29:04,-999,530,-999,3,2,8800
08/10/2025 23:29:20,-999,530,-999,3,2,8670
08/10/2025 23:29:36,-999,530,-999,3,2,8670
08/10/2025 23:29:52,-999,520,-999,3,1,8670
08/10/2025 23:30:08,-999,510,-999,3,1,8670
08/10/2025 23:30:24,-999,510,-999,3,2,8780
08/10/2025 23:30:40,-999,510,-999,3,2,8780
08/10/2025 23:30:56,-999,510,-999,3,2,8780
08/10/2025 23:31:12,-999,510,-999,3,2,8940
08/10/2025 23:31:28,-999,510,-999,3,2,8940
08/10/2025 23:31:44,-999,510,-999,3,3,8760
08/10/2025 23:32:00,-999,520,-999,3,3,8760
08/10/2025 23:32:16,-999,520,-999,3,3,8930
08/10/2025 23:32:32,-999,520,-999,3,3,8930
08/10/2025 23:32:48,-999,510,-999,3,2,9410
08/10/2025 23:33:04,-999,510,-999,3,2,9410
08/10/2025 23:33:20,-999,510,-999,3,2,9410
08/10/2025 23:33:36,-999,520,-999,3,2,9480
08/10/2025 23:33:52,-999,510,-999,3,2,9480
08/10/2025 23:34:08,-999,520,-999,3,1,9470
08/10/2025 23:34:24,-999,520,-999,3,1,9470
08/10/2025 23:34:40,-999,520,-999,3,1,9530
08/10/2025 23:34:56,-999,510,-999,3,1,9530
08/10/2025 23:35:12,-999,510,-999,3,1,9440
08/10/2025 23:35:28,-999,500,-999,3,1,9440
08/10/2025 23:35:44,-999,510,-999,3,1,9440
08/10/2025 23:36:00,-999,510,-999,3,2,9450
08/10/2025 23:36:16,-999,510,-999,3,2,9450
08/10/2025 23:36:32,-999,510,-999,3,2,9960
08/10/2025 23:36:48,-999,510,-999,3,2,9960
08/10/2025 23:37:04,-999,510,-999,3,2,9900
08/10/2025 23:37:20,-999,520,-999,3,2,9900
08/10/2025 23:37:36,-999,510,-999,3,2,9960
08/10/2025 23:37:52,-999,520,-999,3,2,9960
08/10/2025 23:38:08,-999,520,-999,3,2,9960
08/10/2025 23:38:24,-999,520,-999,3,1,10220
08/10/2025 23:38:40,-999,510,-999,3,1,10220
08/10/2025 23:38:56,-999,510,-999,3,2,9970
08/10/2025 23:39:12,-999,510,-999,3,2,9970
08/10/2025 23:39:28,-999,510,-999,3,2,9960
08/10/2025 23:39:44,-999,510,-999,3,2,9960
08/10/2025 23:40:00,-999,510,-999,3,2,10010
08/10/2025 23:40:16,-999,520,-999,3,2,10010
08/10/2025 23:40:32,-999,520,-999,3,2,10010
08/10/2025 23:40:48,-999,520,-999,3,2,10050
08/10/2025 23:41:04,-999,520,-999,3,2,10050
08/10/2025 23:41:20,-999,520,-999,3,2,10010
08/10/2025 23:41:36,-999,520,-999,3,2,10010
08/10/2025 23:41:52,-999,520,-999,3,2,10060
08/10/2025 23:42:08,-999,510,-999,3,2,10060
08/10/2025 23:42:24,-999,520,-999,3,2,10170
08/10/2025 23:42:40,-999,520,-999,3,2,10170
08/10/2025 23:42:56,-999,520,-999,3,2,10170
08/10/2025 23:43:12,-999,520,-999,3,1,10170
08/10/2025 23:43:28,-999,510,-999,3,1,10170
08/10/2025 23:43:44,-999,520,-999,3,1,10210
08/10/2025 23:44:00,-999,520,-999,3,1,10210
08/10/2025 23:44:16,-999,520,-999,3,2,10240
08/10/2025 23:44:32,-999,530,-999,3,2,10240
08/10/2025 23:44:48,-999,520,-999,3,1,10250
08/10/2025 23:45:04,-999,520,-999,3,1,10250
08/10/2025 23:45:20,-999,520,-999,3,1,10250
08/10/2025 23:45:36,-999,520,-999,3,1,10130
08/10/2025 23:45:52,-999,510,-999,3,1,10130
08/10/2025 23:46:08,-999,510,-999,3,1,10130
08/10/2025 23:46:24,-999,510,-999,3,1,10130
08/10/2025 23:46:40,-999,510,-999,3,1,10190
08/10/2025 23:46:56,-999,510,-999,3,1,10190
08/10/2025 23:47:12,-999,510,-999,3,2,10210
08/10/2025 23:47:28,-999,510,-999,3,2,10210
08/10/2025 23:47:44,-999,510,-999,3,2,10210
08/10/2025 23:48:00,-999,500,-999,3,2,10540
08/10/2025 23:48:16,-999,500,-999,3,2,10540
08/10/2025 23:48:32,-999,490,-999,3,1,10540
08/10/2025 23:48:48,-999,480,-999,3,1,10540
08/10/2025 23:49:04,-999,490,-999,3,2,10230
08/10/2025 23:49:20,-999,490,-999,3,2,10230
08/10/2025 23:49:36,-999,490,-999,3,2,10350
08/10/2025 23:49:52,-999,480,-999,3,2,10350
08/10/2025 23:50:08,-999,480,-999,3,2,10350
08/10/2025 23:50:24,-999,470,-999,3,1,10350
08/10/2025 23:50:40,-999,460,-999,3,1,10350
08/10/2025 23:50:56,-999,450,-999,3,2,10370
08/10/2025 23:51:12,-999,440,-999,3,2,10370
08/10/2025 23:51:28,-999,430,-999,3,1,10430
08/10/2025 23:51:44,-999,410,-999,3,1,10430
08/10/2025 23:52:00,-999,410,-999,3,2,10460
08/10/2025 23:52:16,-999,410,-999,3,2,10460
08/10/2025 23:52:32,-999,410,-999,3,2,10460
08/10/2025 23:52:48,-999,410,-999,3,1,10360
08/10/2025 23:53:04,-999,400,-999,3,1,10360
08/10/2025 23:53:20,-999,390,-999,3,2,9920
08/10/2025 23:53:36,-999,380,-999,3,2,9920
08/10/2025 23:53:52,-999,370,-999,3,2,9810
08/10/2025 23:54:08,-999,360,-999,3,2,9810
08/10/2025 23:54:24,-999,360,-999,3,2,10130
08/10/2025 23:54:40,-999,350,-999,3,2,10130
08/10/2025 23:54:56,-999,350,-999,3,2,10130
08/10/2025 23:55:12,-999,340,-999,3,3,10110
08/10/2025 23:55:28,-999,340,-999,3,3,10110
08/10/2025 23:55:44,-999,340,-999,3,1,10350
08/10/2025 23:56:00,-999,330,-999,3,1,10350
08/10/2025 23:56:16,-999,330,-999,3,3,6310
08/10/2025 23:56:32,-999,330,-999,3,3,6310
08/10/2025 23:56:48,-999,320,-999,3,1,6310
08/10/2025 23:57:04,-999,320,-999,3,1,6310
08/10/2025 23:57:20,-999,320,-999,3,1,6310
08/10/2025 23:57:36,-999,320,-999,3,1,10490
08/10/2025 23:57:52,-999,320,-999,3,1,10490
08/10/2025 23:58:08,-999,320,-999,3,2,10400
08/10/2025 23:58:24,-999,320,-999,3,2,10400
08/10/2025 23:58:40,-999,320,-999,3,2,10310
08/10/2025 23:58:56,-999,320,-999,3,2,10310
08/10/2025 23:59:12,-999,320,-999,3,1,6100
08/10/2025 23:59:28,-999,320,-999,3,1,6100
08/10/2025 23:59:44,-999,320,-999,3,1,6100
09/10/2025 00:00:00,-999,320,-999,3,3,6100
09/10/2025 00:00:16,-999,320,-999,3,3,6100
09/10/2025 00:00:32,-999,310,-999,3,2,6060
09/10/2025 00:00:48,-999,310,-999,3,2,6060
09/10/2025 00:01:04,-999,310,-999,3,1,5980
09/10/2025 00:01:20,-999,310,-999,3,1,5980
09/10/2025 00:01:36,-999,310,-999,3,1,5970
09/10/2025 00:01:52,-999,310,-999,3,1,5970
09/10/2025 00:02:08,-999,310,-999,3,1,5970
09/10/2025 00:02:24,-999,380,-999,3,1,6020
09/10/2025 00:02:40,-999,380,-999,3,1,6020
09/10/2025 00:02:56,-999,310,-999,3,1,6070
09/10/2025 00:03:12,-999,310,-999,3,1,6070
09/10/2025 00:03:28,-999,310,-999,3,2,6010
09/10/2025 00:03:44,-999,310,-999,3,2,6010
09/10/2025 00:04:00,-999,310,-999,3,2,9940
09/10/2025 00:04:16,-999,310,-999,3,2,9940
09/10/2025 00:04:32,-999,300,-999,3,2,9940
09/10/2025 00:04:48,-999,300,-999,3,1,9920
09/10/2025 00:05:04,-999,300,-999,3,1,9920
09/10/2025 00:05:20,-999,300,-999,3,1,9900
09/10/2025 00:05:36,-999,310,-999,3,1,9900
09/10/2025 00:05:52,-999,300,-999,3,1,10000
09/10/2025 00:06:08,-999,300,-999,3,1,10000
09/10/2025 00:06:24,-999,300,-999,3,3,9870
09/10/2025 00:06:40,-999,300,-999,3,3,9870
09/10/2025 00:06:56,-999,300,-999,3,3,9870
09/10/2025 00:07:12,-999,300,-999,3,3,5200
09/10/2025 00:07:28,-999,300,-999,3,3,5200
09/10/2025 00:07:44,-999,310,-999,3,1,5090
09/10/2025 00:08:00,-999,310,-999,3,1,5090
09/10/2025 00:08:16,-999,310,-999,3,1,4990
09/10/2025 00:08:32,-999,320,-999,3,1,4990
09/10/2025 00:08:48,-999,320,-999,3,1,4940
09/10/2025 00:09:04,-999,330,-999,3,1,4940
09/10/2025 00:09:20,-999,340,-999,3,1,4940
09/10/2025 00:09:36,-999,340,-999,3,1,5000
09/10/2025 00:09:52,-999,350,-999,3,1,5000
09/10/2025 00:10:08,-999,350,-999,3,1,5040
09/10/2025 00:10:24,-999,360,-999,3,1,5040
09/10/2025 00:10:40,-999,360,-999,3,1,5000
09/10/2025 00:10:56,-999,370,-999,3,1,5000
09/10/2025 00:11:12,-999,370,-999,3,1,5020
09/10/2025 00:11:28,-999,380,-999,3,1,5020
09/10/2025 00:11:44,-999,380,-999,3,1,5020
09/10/2025 00:12:00,-999,380,-999,3,1,5060
09/10/2025 00:12:16,-999,390,-999,3,1,5060
09/10/2025 00:12:32,-999,390,-999,3,2,5040
09/10/2025 00:12:48,-999,400,-999,3,2,5040
09/10/2025 00:13:04,-999,400,-999,3,2,4970
09/10/2025 00:13:20,-999,400,-999,3,2,4970
09/10/2025 00:13:36,-999,400,-999,3,2,4970
09/10/2025 00:13:52,-999,400,-999,3,2,4970
09/10/2025 00:14:08,-999,400,-999,3,2,4970
09/10/2025 00:14:24,-999,410,-999,3,2,6380
09/10/2025 00:14:40,-999,420,-999,3,2,6380
09/10/2025 00:14:56,-999,420,-999,3,1,6480
09/10/2025 00:15:12,-999,420,-999,3,1,6480
09/10/2025 00:15:28,-999,420,-999,3,2,5650
09/10/2025 00:15:44,-999,420,-999,3,2,5650
09/10/2025 00:16:00,-999,420,-999,3,3,5630
09/10/2025 00:16:16,-999,420,-999,3,3,5630
09/10/2025 00:16:32,-999,430,-999,3,3,5630
09/10/2025 00:16:48,-999,430,-999,3,1,5830
09/10/2025 00:17:04,-999,430,-999,3,1,5830
09/10/2025 00:17:20,-999,430,-999,3,1,5590
09/10/2025 00:17:36,-999,440,-999,3,1,5590
09/10/2025 00:17:52,-999,440,-999,3,1,5580
09/10/2025 00:18:08,-999,450,-999,3,1,5580
09/10/2025 00:18:24,-999,460,-999,3,1,5500
09/10/2025 00:18:40,-999,460,-999,3,1,5500
09/10/2025 00:18:56,-999,460,-999,3,1,5500
09/10/2025 00:19:12,-999,470,-999,3,2,5380
09/10/2025 00:19:28,-999,470,-999,3,2,5380
09/10/2025 00:19:44,-999,480,-999,3,3,5380
09/10/2025 00:20:00,-999,480,-999,3,3,5380
09/10/2025 00:20:16,-999,480,-999,3,2,5640
09/10/2025 00:20:32,-999,490,-999,3,2,5640
09/10/2025 00:20:48,-999,490,-999,3,1,6240
09/10/2025 00:21:04,-999,490,-999,3,1,6240
09/10/2025 00:21:20,-999,490,-999,3,1,6240
09/10/2025 00:21:36,-999,490,-999,3,1,6290
09/10/2025 00:21:52,-999,490,-999,3,1,6290
09/10/2025 00:22:08,-999,490,-999,3,1,6340
09/10/2025 00:22:24,-999,490,-999,3,1,6340
09/10/2025 00:22:40,-999,490,-999,3,1,6340
09/10/2025 00:22:56,-999,490,-999,3,1,6340
09/10/2025 00:23:12,-999,490,-999,3,2,6340
09/10/2025 00:23:28,-999,500,-999,3,2,6340
09/10/2025 00:23:44,-999,500,-999,3,2,6340
09/10/2025 00:24:00,-999,510,-999,3,3,6410
09/10/2025 00:24:16,-999,510,-999,3,3,6410
09/10/2025 00:24:32,-999,520,-999,3,1,6410
09/10/2025 00:24:48,-999,520,-999,3,1,6410
09/10/2025 00:25:04,-999,520,-999,3,1,6400
09/10/2025 00:25:20,-999,520,-999,3,1,6400
09/10/2025 00:25:36,-999,520,-999,3,1,6520
09/10/2025 00:25:52,-999,530,-999,3,1,6520
09/10/2025 00:26:08,-999,530,-999,3,1,6520
09/10/2025 00:26:24,-999,540,-999,3,1,6510
09/10/2025 00:26:40,-999,550,-999,3,1,6510
09/10/2025 00:26:56,-999,550,-999,3,1,6520
09/10/2025 00:27:12,-999,560,-999,3,1,6520
09/10/2025 00:27:28,-999,560,-999,3,1,6530
09/10/2025 00:27:44,-999,560,-999,3,1,6530
09/10/2025 00:28:00,-999,560,-999,3,1,6530
09/10/2025 00:28:16,-999,560,-999,3,1,6530
09/10/2025 00:28:32,-999,560,-999,3,1,6530
09/10/2025 00:28:48,-999,570,-999,3,1,6540
09/10/2025 00:29:04,-999,580,-999,3,1,6540
09/10/2025 00:29:20,-999,580,-999,3,2,6540
09/10/2025 00:29:36,-999,590,-999,3,2,6540
09/10/2025 00:29:52,-999,590,-999,3,3,6760
09/10/2025 00:30:08,-999,600,-999,3,3,6760
09/10/2025 00:30:24,-999,600,-999,3,3,6500
09/10/2025 00:30:40,-999,600,-999,3,3,6500
09/10/2025 00:30:56,-999,610,-999,3,3,6500
09/10/2025 00:31:12,-999,600,-999,3,1,6970
09/10/2025 00:31:28,-999,600,-999,3,1,6970
09/10/2025 00:31:44,-999,600,-999,3,3,6900
09/10/2025 00:32:00,-999,610,-999,3,3,6900
09/10/2025 00:32:16,-999,610,-999,3,2,6340
09/10/2025 00:32:32,-999,620,-999,3,2,6340
09/10/2025 00:32:48,-999,610,-999,3,1,6820
09/10/2025 00:33:04,-999,610,-999,3,1,6820
09/10/2025 00:33:20,-999,610,-999,3,1,6820
09/10/2025 00:33:36,-999,600,-999,3,1,6730
09/10/2025 00:33:52,-999,600,-999,3,1,6730
09/10/2025 00:34:08,-999,600,-999,3,1,6600
09/10/2025 00:34:24,-999,600,-999,3,1,6600
09/10/2025 00:34:40,-999,600,-999,3,1,6790
09/10/2025 00:34:56,-999,600,-999,3,1,6790
09/10/2025 00:35:12,-999,600,-999,3,1,6850
09/10/2025 00:35:28,-999,600,-999,3,1,6850
09/10/2025 00:35:44,-999,600,-999,3,1,6850
09/10/2025 00:36:00,-999,600,-999,3,2,6610
09/10/2025 00:36:16,-999,600,-999,3,2,6610
09/10/2025 00:36:32,-999,600,-999,3,2,6680
09/10/2025 00:36:48,-999,600,-999,3,2,6680
09/10/2025 00:37:04,-999,590,-999,3,1,6870
09/10/2025 00:37:20,-999,590,-999,3,1,6870
09/10/2025 00:37:36,-999,590,-999,3,2,6860
09/10/2025 00:37:52,-999,590,-999,3,2,6860
09/10/2025 00:38:08,-999,590,-999,3,2,6860
09/10/2025 00:38:24,-999,590,-999,3,2,6830
09/10/2025 00:38:40,-999,590,-999,3,2,6830
09/10/2025 00:38:56,-999,590,-999,3,1,6840
09/10/2025 00:39:12,-999,590,-999,3,1,6840
09/10/2025 00:39:28,-999,590,-999,3,2,6900
09/10/2025 00:39:44,-999,590,-999,3,2,6900
09/10/2025 00:40:00,-999,580,-999,3,1,6960
09/10/2025 00:40:16,-999,580,-999,3,1,6960
09/10/2025 00:40:32,-999,580,-999,3,1,6960
09/10/2025 00:40:48,-999,580,-999,3,2,7020
09/10/2025 00:41:04,-999,570,-999,3,2,7020
09/10/2025 00:41:20,-999,570,-999,3,2,6920
09/10/2025 00:41:36,-999,570,-999,3,2,6920
09/10/2025 00:41:52,-999,580,-999,3,1,6920
09/10/2025 00:42:08,-999,580,-999,3,1,6920
09/10/2025 00:42:24,-999,580,-999,3,1,6740
09/10/2025 00:42:40,-999,580,-999,3,1,6740
09/10/2025 00:42:56,-999,580,-999,3,1,6740
09/10/2025 00:43:12,-999,570,-999,3,1,6740
09/10/2025 00:43:28,-999,570,-999,3,1,6740
09/10/2025 00:43:44,-999,570,-999,3,2,6740
09/10/2025 00:44:00,-999,570,-999,3,2,6740
09/10/2025 00:44:16,-999,560,-999,3,2,7710
09/10/2025 00:44:32,-999,560,-999,3,2,7710
09/10/2025 00:44:48,-999,560,-999,3,2,7730
09/10/2025 00:45:04,-999,560,-999,3,2,7730
09/10/2025 00:45:20,-999,560,-999,3,2,7730
09/10/2025 00:45:36,-999,570,-999,3,3,7450
09/10/2025 00:45:52,-999,550,-999,3,3,7450
09/10/2025 00:46:08,-999,10,-999,3,3,7450
09/10/2025 00:46:24,-999,550,-999,3,3,7450
09/10/2025 00:46:40,-999,550,-999,3,2,7790
09/10/2025 00:46:56,-999,550,-999,3,2,7790
09/10/2025 00:47:12,-999,560,-999,3,1,7950
09/10/2025 00:47:28,-999,560,-999,3,1,7950
09/10/2025 00:47:44,-999,560,-999,3,1,7950
09/10/2025 00:48:00,-999,560,-999,3,1,7940
09/10/2025 00:48:16,-999,560,-999,3,1,7940
09/10/2025 00:48:32,-999,560,-999,3,1,7780
09/10/2025 00:48:48,-999,570,-999,3,1,7780
09/10/2025 00:49:04,-999,560,-999,3,2,7690
09/10/2025 00:49:20,-999,560,-999,3,2,7690
09/10/2025 00:49:36,-999,560,-999,3,3,7330
09/10/2025 00:49:52,-999,560,-999,3,3,7330
09/10/2025 00:50:08,-999,570,-999,3,3,7330
09/10/2025 00:50:24,-999,560,-999,3,2,7530
09/10/2025 00:50:40,-999,560,-999,3,2,7530
09/10/2025 00:50:56,-999,560,-999,3,3,7180
09/10/2025 00:51:12,-999,560,-999,3,3,7180
09/10/2025 00:51:28,-999,560,-999,3,2,7130
09/10/2025 00:51:44,-999,560,-999,3,2,7130
09/10/2025 00:52:00,-999,560,-999,3,1,7000
09/10/2025 00:52:16,-999,560,-999,3,1,7000
09/10/2025 00:52:32,-999,560,-999,3,1,7000
09/10/2025 00:52:48,-999,560,-999,3,1,7200
09/10/2025 00:53:04,-999,560,-999,3,1,7200
09/10/2025 00:53:20,-999,560,-999,3,2,7250
09/10/2025 00:53:36,-999,560,-999,3,2,7250
09/10/2025 00:53:52,-999,560,-999,3,1,7250
09/10/2025 00:54:08,-999,560,-999,3,1,7250
09/10/2025 00:54:24,-999,570,-999,3,1,7250
09/10/2025 00:54:40,-999,570,-999,3,1,7250
09/10/2025 00:54:56,-999,570,-999,3,1,7250
09/10/2025 00:55:12,-999,570,-999,3,1,7230
09/10/2025 00:55:28,-999,570,-999,3,1,7230
09/10/2025 00:55:44,-999,570,-999,3,1,7230
09/10/2025 00:56:00,-999,570,-999,3,1,7230
09/10/2025 00:56:16,-999,570,-999,3,1,7240
09/10/2025 00:56:32,-999,570,-999,3,1,7240
09/10/2025 00:56:48,-999,570,-999,3,1,7250
09/10/2025 00:57:04,-999,570,-999,3,1,7250
09/10/2025 00:57:20,-999,570,-999,3,1,7250
09/10/2025 00:57:36,-999,570,-999,3,1,7250
09/10/2025 00:57:52,-999,570,-999,3,1,7250
09/10/2025 00:58:08,-999,570,-999,3,1,7250
09/10/2025 00:58:24,-999,580,-999,3,1,7250
09/10/2025 00:58:40,-999,580,-999,3,1,7270
09/10/2025 00:58:56,-999,580,-999,3,1,7270
09/10/2025 00:59:12,-999,590,-999,3,2,7290
09/10/2025 00:59:28,-999,590,-999,3,2,7290
09/10/2025 00:59:44,-999,590,-999,3,2,7290
09/10/2025 01:00:00,3,590,310,3,1,7200
09/10/2025 01:00:16,3,590,310,3,1,7200
09/10/2025 01:00:32,3,590,310,3,1,7200
09/10/2025 01:00:48,3,590,310,3,1,7200
09/10/2025 01:01:04,3,600,310,3,2,7200
09/10/2025 01:01:20,3,590,310,3,2,7200
09/10/2025 01:01:36,3,600,310,3,1,7430
09/10/2025 01:01:52,3,650,310,3,1,7430
09/10/2025 01:02:08,3,600,310,3,1,7430
09/10/2025 01:02:24,3,590,310,3,1,7360
09/10/2025 01:02:40,3,590,310,3,1,7360
09/10/2025 01:02:56,3,580,310,3,1,7350
09/10/2025 01:03:12,3,580,310,3,1,7350
09/10/2025 01:03:28,3,580,310,3,1,7360
09/10/2025 01:03:44,3,580,310,3,1,7360
09/10/2025 01:04:00,3,580,310,3,1,7390
09/10/2025 01:04:16,3,580,310,3,1,7390
09/10/2025 01:04:32,3,580,310,3,1,7390
09/10/2025 01:04:48,3,580,310,3,1,7310
09/10/2025 01:05:04,3,580,310,3,1,7310
09/10/2025 01:05:20,3,580,310,3,1,7160
09/10/2025 01:05:36,3,580,310,3,1,7160
09/10/2025 01:05:52,3,580,310,3,1,7160
09/10/2025 01:06:08,3,580,310,3,1,7160
09/10/2025 01:06:24,3,580,310,3,1,7130
09/10/2025 01:06:40,3,580,310,3,1,7130
09/10/2025 01:06:56,3,580,310,3,1,7130
09/10/2025 01:07:12,3,580,310,3,1,6950
09/10/2025 01:07:28,3,580,310,3,1,6950
09/10/2025 01:07:44,3,580,310,3,1,6950
09/10/2025 01:08:00,3,580,310,3,1,6950
09/10/2025 01:08:16,3,570,310,3,1,6950
09/10/2025 01:08:32,3,570,310,3,1,6950
09/10/2025 01:08:48,3,570,310,3,1,7030
09/10/2025 01:09:04,3,570,310,3,1,7030
09/10/2025 01:09:20,3,570,310,3,1,7030
09/10/2025 01:09:36,3,570,310,3,1,6880
09/10/2025 01:09:52,3,580,310,3,1,6880
09/10/2025 01:10:08,3,580,310,3,1,6780
09/10/2025 01:10:24,3,580,310,3,1,6780
09/10/2025 01:10:40,3,580,310,3,2,6780
09/10/2025 01:10:56,3,570,310,3,2,6780
09/10/2025 01:11:12,3,570,310,3,1,7390
09/10/2025 01:11:28,3,580,310,3,1,7390
09/10/2025 01:11:44,3,580,310,3,1,7390
09/10/2025 01:12:00,3,580,310,3,1,7360
09/10/2025 01:12:16,3,580,310,3,1,7360
09/10/2025 01:12:32,3,580,310,3,1,7300
09/10/2025 01:12:48,3,580,310,3,1,7300
09/10/2025 01:13:04,3,580,310,3,1,7290
09/10/2025 01:13:20,3,570,310,3,1,7290
09/10/2025 01:13:36,3,580,310,3,1,7210
09/10/2025 01:13:52,3,580,310,3,1,7210
09/10/2025 01:14:08,3,580,310,3,1,7210
09/10/2025 01:14:24,3,580,310,3,1,7200
09/10/2025 01:14:40,3,580,310,3,1,7200
09/10/2025 01:14:56,3,580,310,3,1,7230
09/10/2025 01:15:12,3,580,310,3,1,7230
09/10/2025 01:15:28,3,580,310,3,1,7170
09/10/2025 01:15:44,3,580,310,3,1,7170
09/10/2025 01:16:00,3,570,310,3,1,7270
09/10/2025 01:16:16,3,580,310,3,1,7270
09/10/2025 01:16:32,3,580,310,3,1,7270
09/10/2025 01:16:48,3,580,310,3,1,7270
09/10/2025 01:17:04,3,580,310,3,1,7270
09/10/2025 01:17:20,3,580,310,3,1,7270
09/10/2025 01:17:36,3,580,310,3,1,7270
09/10/2025 01:17:52,3,570,310,3,3,5870
09/10/2025 01:18:08,3,570,310,3,3,5870
09/10/2025 01:18:24,3,580,310,3,1,5860
09/10/2025 01:18:40,3,580,310,3,1,5860
09/10/2025 01:18:56,3,580,310,3,1,5860
09/10/2025 01:19:12,3,580,310,3,2,5840
09/10/2025 01:19:28,3,580,310,3,2,5840
09/10/2025 01:19:44,3,580,310,3,1,5850
09/10/2025 01:20:00,3,580,310,3,1,5850
09/10/2025 01:20:16,3,590,310,3,1,5850
09/10/2025 01:20:32,3,590,310,3,1,5850
09/10/2025 01:20:48,3,590,310,3,1,5840
09/10/2025 01:21:04,3,600,310,3,1,5840
09/10/2025 01:21:20,3,600,310,3,1,5840
09/10/2025 01:21:36,3,600,310,3,2,5850
09/10/2025 01:21:52,3,600,310,3,2,5850
09/10/2025 01:22:08,3,600,310,3,1,7200
09/10/2025 01:22:24,3,600,310,3,1,7200
09/10/2025 01:22:40,3,600,310,3,2,7170
09/10/2025 01:22:56,3,600,310,3,2,7170
09/10/2025 01:23:12,3,600,310,3,1,7170
09/10/2025 01:23:28,3,600,310,3,1,7170
09/10/2025 01:23:44,3,590,310,3,1,7170
09/10/2025 01:24:00,3,600,310,3,1,7170
09/10/2025 01:24:16,3,600,310,3,1,7170
09/10/2025 01:24:32,3,600,310,3,2,7180
09/10/2025 01:24:48,3,600,310,3,2,7180
09/10/2025 01:25:04,3,590,310,3,1,7350
09/10/2025 01:25:20,3,590,310,3,1,7350
09/10/2025 01:25:36,3,590,310,3,2,7120
09/10/2025 01:25:52,3,590,310,3,2,7120
09/10/2025 01:26:08,3,600,310,3,2,7120
09/10/2025 01:26:24,3,600,310,3,1,7120
09/10/2025 01:26:40,3,600,310,3,1,7120
09/10/2025 01:26:56,3,600,310,3,1,7140
09/10/2025 01:27:12,3,600,310,3,1,7140
09/10/2025 01:27:28,3,600,310,3,1,7100
09/10/2025 01:27:44,3,590,310,3,1,7100
09/10/2025 01:28:00,3,600,310,3,1,7050
09/10/2025 01:28:16,3,590,310,3,1,7050
09/10/2025 01:28:32,3,590,310,3,1,7050
09/10/2025 01:28:48,3,590,310,3,3,6120
09/10/2025 01:29:04,3,590,310,3,3,6120
09/10/2025 01:29:20,3,590,310,3,2,6920
09/10/2025 01:29:36,3,590,310,3,2,6920
09/10/2025 01:29:52,3,590,310,3,3,6920
09/10/2025 01:30:08,3,590,310,3,3,6920
09/10/2025 01:30:24,3,600,310,3,1,6870
09/10/2025 01:30:40,3,590,310,3,1,6870
09/10/2025 01:30:56,3,590,310,3,1,6870
09/10/2025 01:31:12,3,600,310,3,2,6850
09/10/2025 01:31:28,3,600,310,3,2,6850
09/10/2025 01:31:44,3,600,310,3,2,6820
09/10/2025 01:32:00,3,600,310,3,2,6820
09/10/2025 01:32:16,3,600,310,3,2,6570
09/10/2025 01:32:32,3,600,310,3,2,6570
09/10/2025 01:32:48,3,600,310,3,2,6810
09/10/2025 01:33:04,3,600,310,3,2,6810
09/10/2025 01:33:20,3,600,310,3,2,6810
09/10/2025 01:33:36,3,600,310,3,2,6810
09/10/2025 01:33:52,3,600,310,3,2,6810
09/10/2025 01:34:08,3,600,310,3,2,6830
09/10/2025 01:34:24,3,610,310,3,2,6830
09/10/2025 01:34:40,3,610,310,3,1,6920
09/10/2025 01:34:56,3,600,310,3,1,6920
09/10/2025 01:35:12,3,600,310,3,1,6920
09/10/2025 01:35:28,3,600,310,3,1,6920
09/10/2025 01:35:44,3,600,310,3,1,6920
09/10/2025 01:36:00,3,600,310,3,2,6920
09/10/2025 01:36:16,3,600,310,3,2,6920
09/10/2025 01:36:32,3,600,310,3,3,6920
09/10/2025 01:36:48,3,600,310,3,3,6920
09/10/2025 01:37:04,3,600,310,3,1,7180
09/10/2025 01:37:20,3,610,310,3,1,7180
09/10/2025 01:37:36,3,610,310,3,1,7140
09/10/2025 01:37:52,3,610,310,3,1,7140
09/10/2025 01:38:08,3,610,310,3,1,7140
09/10/2025 01:38:24,3,610,310,3,1,7130
09/10/2025 01:38:40,3,610,310,3,1,7130
09/10/2025 01:38:56,3,610,310,3,1,7130
09/10/2025 01:39:12,3,620,310,3,1,7130
09/10/2025 01:39:28,3,620,310,3,2,6960
09/10/2025 01:39:44,3,620,310,3,2,6960
09/10/2025 01:40:00,3,620,310,3,1,6940
09/10/2025 01:40:16,3,620,310,3,1,6940
09/10/2025 01:40:32,3,620,310,3,1,6940
09/10/2025 01:40:48,3,630,310,3,1,6930
09/10/2025 01:41:04,3,630,310,3,1,6930
09/10/2025 01:41:20,3,640,310,3,1,6930
09/10/2025 01:41:36,3,640,310,3,1,6930
09/10/2025 01:41:52,3,650,310,3,1,6930
09/10/2025 01:42:08,3,650,310,3,1,6930
09/10/2025 01:42:24,3,650,310,3,1,6990
09/10/2025 01:42:40,3,650,310,3,1,6990
09/10/2025 01:42:56,3,650,310,3,1,6990
09/10/2025 01:43:12,3,650,310,3,1,7010
09/10/2025 01:43:28,3,650,310,3,1,7010
09/10/2025 01:43:44,3,650,310,3,2,6820
09/10/2025 01:44:00,3,650,310,3,2,6820
09/10/2025 01:44:16,3,650,310,3,2,6750
09/10/2025 01:44:32,3,660,310,3,2,6750
09/10/2025 01:44:48,3,660,310,3,1,6740
09/10/2025 01:45:04,3,650,310,3,1,6740
09/10/2025 01:45:20,3,640,310,3,1,6740
09/10/2025 01:45:36,3,650,310,3,1,6920
09/10/2025 01:45:52,3,640,310,3,1,6920
09/10/2025 01:46:08,3,640,310,3,1,6920
09/10/2025 01:46:24,3,640,310,3,1,6920
09/10/2025 01:46:40,3,630,310,3,1,6920
09/10/2025 01:46:56,3,630,310,3,1,6920
09/10/2025 01:47:12,3,620,310,3,3,7020
09/10/2025 01:47:28,3,620,310,3,3,7020
09/10/2025 01:47:44,3,610,310,3,3,7020
09/10/2025 01:48:00,3,610,310,3,1,7270
09/10/2025 01:48:16,3,600,310,3,1,7270
09/10/2025 01:48:32,3,600,310,3,2,7220
09/10/2025 01:48:48,3,590,310,3,2,7220
09/10/2025 01:49:04,3,590,310,3,2,7210
09/10/2025 01:49:20,3,590,310,3,2,7210
09/10/2025 01:49:36,3,590,310,3,2,7030
09/10/2025 01:49:52,3,590,310,3,2,7030
09/10/2025 01:50:08,3,580,310,3,2,7030
09/10/2025 01:50:24,3,580,310,3,1,7000
09/10/2025 01:50:40,3,580,310,3,1,7000
09/10/2025 01:50:56,3,570,310,3,1,6990
09/10/2025 01:51:12,3,570,310,3,1,6990
09/10/2025 01:51:28,3,570,310,3,1,6950
09/10/2025 01:51:44,3,570,310,3,1,6950
09/10/2025 01:52:00,3,570,310,3,1,6990
09/10/2025 01:52:16,3,570,310,3,1,6990
09/10/2025 01:52:32,3,560,310,3,1,6990
09/10/2025 01:52:48,3,560,310,3,1,6990
09/10/2025 01:53:04,3,560,310,3,1,6990
09/10/2025 01:53:20,3,560,310,3,1,7020
09/10/2025 01:53:36,3,550,310,3,1,7020
09/10/2025 01:53:52,3,550,310,3,1,6990
09/10/2025 01:54:08,3,550,310,3,1,6990
09/10/2025 01:54:24,3,550,310,3,1,6980
09/10/2025 01:54:40,3,540,310,3,1,6980
09/10/2025 01:54:56,3,540,310,3,1,6980
09/10/2025 01:55:12,3,530,310,3,1,6990
09/10/2025 01:55:28,3,530,310,3,1,6990
09/10/2025 01:55:44,3,530,310,3,1,6990
09/10/2025 01:56:00,3,520,310,3,1,6990
09/10/2025 01:56:16,3,520,310,3,1,6990
09/10/2025 01:56:32,3,520,310,3,1,6990
09/10/2025 01:56:48,3,520,310,3,1,11110
09/10/2025 01:57:04,3,520,310,3,1,11110
09/10/2025 01:57:20,3,510,310,3,1,11110
09/10/2025 01:57:36,3,510,310,3,1,11100
09/10/2025 01:57:52,3,510,310,3,1,11100
09/10/2025 01:58:08,3,510,310,3,1,11100
09/10/2025 01:58:24,3,510,310,3,1,11100
09/10/2025 01:58:40,3,510,310,3,1,11090
09/10/2025 01:58:56,3,510,310,3,1,11090
09/10/2025 01:59:12,3,510,310,3,0,-999
09/10/2025 01:59:28,3,510,310,3,0,-999
09/10/2025 01:59:44,3,510,310,3,0,-999
09/10/2025 02:00:00,-999,510,-999,3,1,10110
09/10/2025 02:00:16,-999,510,-999,3,1,10110
09/10/2025 02:00:32,-999,500,-999,3,1,9810
09/10/2025 02:00:48,-999,500,-999,3,1,9810
09/10/2025 02:01:04,-999,500,-999,3,1,9780
09/10/2025 02:01:20,-999,500,-999,3,1,9780
09/10/2025 02:01:36,-999,500,-999,3,1,9780
09/10/2025 02:01:52,-999,500,-999,3,1,9780
09/10/2025 02:02:08,-999,500,-999,3,1,9780
09/10/2025 02:02:24,-999,500,-999,3,1,9750
09/10/2025 02:02:40,-999,500,-999,3,1,9750
09/10/2025 02:02:56,-999,500,-999,3,1,9760
09/10/2025 02:03:12,-999,500,-999,3,1,9760
09/10/2025 02:03:28,-999,500,-999,3,1,9640
09/10/2025 02:03:44,-999,500,-999,3,1,9640
09/10/2025 02:04:00,-999,500,-999,3,1,9650
09/10/2025 02:04:16,-999,500,-999,3,1,9650
09/10/2025 02:04:32,-999,500,-999,3,1,9650
09/10/2025 02:04:48,-999,500,-999,3,2,9360
09/10/2025 02:05:04,-999,500,-999,3,2,9360
09/10/2025 02:05:20,-999,500,-999,3,1,9370
09/10/2025 02:05:36,-999,500,-999,3,1,9370
09/10/2025 02:05:52,-999,500,-999,3,1,9280
09/10/2025 02:06:08,-999,500,-999,3,1,9280
09/10/2025 02:06:24,-999,500,-999,3,1,9300
09/10/2025 02:06:40,-999,500,-999,3,1,9300
09/10/2025 02:06:56,-999,500,-999,3,1,9300
09/10/2025 02:07:12,-999,500,-999,3,1,9290
09/10/2025 02:07:28,-999,500,-999,3,1,9290
09/10/2025 02:07:44,-999,500,-999,3,2,9300
09/10/2025 02:08:00,-999,500,-999,3,2,9300
09/10/2025 02:08:16,-999,500,-999,3,1,9310
09/10/2025 02:08:32,-999,500,-999,3,1,9310
09/10/2025 02:08:48,-999,500,-999,3,1,9180
09/10/2025 02:09:04,-999,500,-999,3,1,9180
09/10/2025 02:09:20,-999,500,-999,3,1,9180
09/10/2025 02:09:36,-999,500,-999,3,1,9200
09/10/2025 02:09:52,-999,500,-999,3,1,9200
09/10/2025 02:10:08,-999,500,-999,3,1,9320
09/10/2025 02:10:24,-999,500,-999,3,1,9320
09/10/2025 02:10:40,-999,500,-999,3,1,9320
09/10/2025 02:10:56,-999,500,-999,3,1,9320
09/10/2025 02:11:12,-999,500,-999,3,2,9340
09/10/2025 02:11:28,-999,500,-999,3,2,9340
09/10/2025 02:11:44,-999,490,-999,3,2,9340
09/10/2025 02:12:00,-999,490,-999,3,1,9590
09/10/2025 02:12:16,-999,490,-999,3,1,9590
09/10/2025 02:12:32,-999,480,-999,3,2,9370
09/10/2025 02:12:48,-999,480,-999,3,2,9370
09/10/2025 02:13:04,-999,480,-999,3,1,9250
09/10/2025 02:13:20,-999,470,-999,3,1,9250
09/10/2025 02:13:36,-999,470,-999,3,2,8950
09/10/2025 02:13:52,-999,470,-999,3,2,8950
09/10/2025 02:14:08,-999,470,-999,3,2,8950
09/10/2025 02:14:24,-999,470,-999,3,1,8730
09/10/2025 02:14:40,-999,470,-999,3,1,8730
09/10/2025 02:14:56,-999,460,-999,3,2,8730
09/10/2025 02:15:12,-999,460,-999,3,2,8730
09/10/2025 02:15:28,-999,460,-999,3,3,8730
09/10/2025 02:15:44,-999,460,-999,3,3,8730
09/10/2025 02:16:00,-999,460,-999,3,2,9070
09/10/2025 02:16:16,-999,460,-999,3,2,9070
09/10/2025 02:16:32,-999,460,-999,3,2,9070
09/10/2025 02:16:48,-999,460,-999,3,2,8730
09/10/2025 02:17:04,-999,460,-999,3,2,8730
09/10/2025 02:17:20,-999,450,-999,3,1,8670
09/10/2025 02:17:36,-999,450,-999,3,1,8670
09/10/2025 02:17:52,-999,450,-999,3,1,8860
09/10/2025 02:18:08,-999,450,-999,3,1,8860
09/10/2025 02:18:24,-999,450,-999,3,2,8770
09/10/2025 02:18:40,-999,450,-999,3,2,8770
09/10/2025 02:18:56,-999,450,-999,3,2,8770
09/10/2025 02:19:12,-999,450,-999,3,1,8770
09/10/2025 02:19:28,-999,450,-999,3,1,8770
09/10/2025 02:19:44,-999,450,-999,3,2,8770
09/10/2025 02:20:00,-999,450,-999,3,2,8770
09/10/2025 02:20:16,-999,450,-999,3,1,10690
09/10/2025 02:20:32,-999,450,-999,3,1,10690
09/10/2025 02:20:48,-999,450,-999,3,2,9960
09/10/2025 02:21:04,-999,460,-999,3,2,9960
09/10/2025 02:21:20,-999,460,-999,3,2,9960
09/10/2025 02:21:36,-999,460,-999,3,1,9950
09/10/2025 02:21:52,-999,460,-999,3,1,9950
09/10/2025 02:22:08,-999,460,-999,3,1,9890
09/10/2025 02:22:24,-999,460,-999,3,1,9890
09/10/2025 02:22:40,-999,470,-999,3,1,9880
09/10/2025 02:22:56,-999,470,-999,3,1,9880
09/10/2025 02:23:12,-999,480,-999,3,2,9870
09/10/2025 02:23:28,-999,480,-999,3,2,9870
09/10/2025 02:23:44,-999,480,-999,3,2,9870
09/10/2025 02:24:00,-999,480,-999,3,2,10660
09/10/2025 02:24:16,-999,480,-999,3,2,10660
09/10/2025 02:24:32,-999,480,-999,3,1,10660
09/10/2025 02:24:48,-999,490,-999,3,1,10660
09/10/2025 02:25:04,-999,490,-999,3,1,10660
09/10/2025 02:25:20,-999,490,-999,3,1,10660
09/10/2025 02:25:36,-999,490,-999,3,2,10180
09/10/2025 02:25:52,-999,500,-999,3,2,10180
09/10/2025 02:26:08,-999,500,-999,3,2,10180
09/10/2025 02:26:24,-999,500,-999,3,2,11170
09/10/2025 02:26:40,-999,500,-999,3,2,11170
09/10/2025 02:26:56,-999,510,-999,3,1,11600
09/10/2025 02:27:12,-999,510,-999,3,1,11600
09/10/2025 02:27:28,-999,510,-999,3,1,11550
09/10/2025 02:27:44,-999,520,-999,3,1,11550
09/10/2025 02:28:00,-999,520,-999,3,2,10500
09/10/2025 02:28:16,-999,520,-999,3,2,10500
09/10/2025 02:28:32,-999,530,-999,3,2,10500
09/10/2025 02:28:48,-999,520,-999,3,2,10610
09/10/2025 02:29:04,-999,520,-999,3,2,10610
09/10/2025 02:29:20,-999,530,-999,3,1,11520
09/10/2025 02:29:36,-999,530,-999,3,1,11520
09/10/2025 02:29:52,-999,540,-999,3,1,11550
09/10/2025 02:30:08,-999,530,-999,3,1,11550
09/10/2025 02:30:24,-999,540,-999,3,3,9300
09/10/2025 02:30:40,-999,540,-999,3,3,9300
09/10/2025 02:30:56,-999,540,-999,3,3,9300
09/10/2025 02:31:12,-999,550,-999,3,1,11180
09/10/2025 02:31:28,-999,560,-999,3,1,11180
09/10/2025 02:31:44,-999,560,-999,3,1,11170
09/10/2025 02:32:00,-999,560,-999,3,1,11170
09/10/2025 02:32:16,-999,560,-999,3,1,11160
09/10/2025 02:32:32,-999,560,-999,3,1,11160
09/10/2025 02:32:48,-999,560,-999,3,1,11160
09/10/2025 02:33:04,-999,570,-999,3,1,11160
09/10/2025 02:33:20,-999,570,-999,3,1,11160
09/10/2025 02:33:36,-999,570,-999,3,1,11150
09/10/2025 02:33:52,-999,570,-999,3,1,11150
09/10/2025 02:34:08,-999,570,-999,3,1,11140
09/10/2025 02:34:24,-999,570,-999,3,1,11140
09/10/2025 02:34:40,-999,560,-999,3,1,11150
09/10/2025 02:34:56,-999,550,-999,3,1,11150
09/10/2025 02:35:12,-999,550,-999,3,1,11140
09/10/2025 02:35:28,-999,550,-999,3,1,11140
09/10/2025 02:35:44,-999,550,-999,3,1,11140
09/10/2025 02:36:00,-999,550,-999,3,2,11160
09/10/2025 02:36:16,-999,550,-999,3,2,11160
09/10/2025 02:36:32,-999,550,-999,3,2,11160
09/10/2025 02:36:48,-999,540,-999,3,2,11160
09/10/2025 02:37:04,-999,540,-999,3,1,11500
09/10/2025 02:37:20,-999,540,-999,3,1,11500
09/10/2025 02:37:36,-999,540,-999,3,2,11100
09/10/2025 02:37:52,-999,540,-999,3,2,11100
09/10/2025 02:38:08,-999,540,-999,3,2,11100
09/10/2025 02:38:24,-999,540,-999,3,1,11110
09/10/2025 02:38:40,-999,530,-999,3,1,11110
09/10/2025 02:38:56,-999,530,-999,3,1,11100
09/10/2025 02:39:12,-999,530,-999,3,1,11100
09/10/2025 02:39:28,-999,530,-999,3,1,11100
09/10/2025 02:39:44,-999,530,-999,3,1,11100
09/10/2025 02:40:00,-999,520,-999,3,1,11110
09/10/2025 02:40:16,-999,520,-999,3,1,11110
09/10/2025 02:40:32,-999,530,-999,3,1,11110
09/10/2025 02:40:48,-999,520,-999,3,2,8620
09/10/2025 02:41:04,-999,520,-999,3,2,8620
09/10/2025 02:41:20,-999,510,-999,3,1,8620
09/10/2025 02:41:36,-999,510,-999,3,1,8620
09/10/2025 02:41:52,-999,510,-999,3,1,8610
09/10/2025 02:42:08,-999,510,-999,3,1,8610
09/10/2025 02:42:24,-999,500,-999,3,1,8590
09/10/2025 02:42:40,-999,500,-999,3,1,8590
09/10/2025 02:42:56,-999,500,-999,3,1,8590
09/10/2025 02:43:12,-999,500,-999,3,2,8590
09/10/2025 02:43:28,-999,500,-999,3,2,8590
09/10/2025 02:43:44,-999,490,-999,3,2,9030
09/10/2025 02:44:00,-999,490,-999,3,2,9030
09/10/2025 02:44:16,-999,490,-999,3,2,8860
09/10/2025 02:44:32,-999,490,-999,3,2,8860
09/10/2025 02:44:48,-999,490,-999,3,1,8830
09/10/2025 02:45:04,-999,490,-999,3,1,8830
09/10/2025 02:45:20,-999,490,-999,3,1,8830
09/10/2025 02:45:36,-999,490,-999,3,1,8720
09/10/2025 02:45:52,-999,490,-999,3,1,8720
09/10/2025 02:46:08,-999,480,-999,3,1,8540
09/10/2025 02:46:24,-999,480,-999,3,1,8540
09/10/2025 02:46:40,-999,480,-999,3,1,8380
09/10/2025 02:46:56,-999,480,-999,3,1,8380
09/10/2025 02:47:12,-999,480,-999,3,1,8370
09/10/2025 02:47:28,-999,480,-999,3,1,8370
09/10/2025 02:47:44,-999,470,-999,3,1,8370
09/10/2025 02:48:00,-999,470,-999,3,2,8180
09/10/2025 02:48:16,-999,470,-999,3,2,8180
09/10/2025 02:48:32,-999,470,-999,3,1,8170
09/10/2025 02:48:48,-999,470,-999,3,1,8170
09/10/2025 02:49:04,-999,470,-999,3,1,8050
09/10/2025 02:49:20,-999,470,-999,3,1,8050
09/10/2025 02:49:36,-999,470,-999,3,3,8010
09/10/2025 02:49:52,-999,470,-999,3,3,8010
09/10/2025 02:50:08,-999,470,-999,3,3,8010
09/10/2025 02:50:24,-999,470,-999,3,1,7960
09/10/2025 02:50:40,-999,470,-999,3,1,7960
09/10/2025 02:50:56,-999,470,-999,3,1,7950
09/10/2025 02:51:12,-999,470,-999,3,1,7950
09/10/2025 02:51:28,-999,470,-999,3,1,7890
09/10/2025 02:51:44,-999,470,-999,3,1,7890
09/10/2025 02:52:00,-999,470,-999,3,1,7710
09/10/2025 02:52:16,-999,470,-999,3,1,7710
09/10/2025 02:52:32,-999,470,-999,3,1,7710
09/10/2025 02:52:48,-999,470,-999,3,2,7710
09/10/2025 02:53:04,-999,470,-999,3,2,7710
09/10/2025 02:53:20,-999,470,-999,3,1,7600
09/10/2025 02:53:36,-999,470,-999,3,1,7600
09/10/2025 02:53:52,-999,470,-999,3,1,7510
09/10/2025 02:54:08,-999,470,-999,3,1,7510
09/10/2025 02:54:24,-999,470,-999,3,1,7280
09/10/2025 02:54:40,-999,470,-999,3,1,7280
09/10/2025 02:54:56,-999,470,-999,3,1,7280
09/10/2025 02:55:12,-999,470,-999,3,2,7000
09/10/2025 02:55:28,-999,480,-999,3,2,7000
09/10/2025 02:55:44,-999,480,-999,3,2,7040
09/10/2025 02:56:00,-999,480,-999,3,2,7040
09/10/2025 02:56:16,-999,480,-999,3,2,6920
09/10/2025 02:56:32,-999,480,-999,3,2,6920
09/10/2025 02:56:48,-999,480,-999,3,1,6920
09/10/2025 02:57:04,-999,490,-999,3,1,6920
09/10/2025 02:57:20,-999,490,-999,3,1,6920
09/10/2025 02:57:36,-999,490,-999,3,2,6920
09/10/2025 02:57:52,-999,500,-999,3,2,6920
09/10/2025 02:58:08,-999,500,-999,3,2,7320
09/10/2025 02:58:24,-999,500,-999,3,2,7320
09/10/2025 02:58:40,-999,500,-999,3,2,7420
09/10/2025 02:58:56,-999,500,-999,3,2,7420
09/10/2025 02:59:12,-999,510,-999,3,1,7440
09/10/2025 02:59:28,-999,510,-999,3,1,7440
09/10/2025 02:59:44,-999,510,-999,3,1,7440
09/10/2025 03:00:00,-999,510,-999,3,1,7430
09/10/2025 03:00:16,-999,510,-999,3,1,7430
09/10/2025 03:00:32,-999,520,-999,3,1,7280
09/10/2025 03:00:48,-999,520,-999,3,1,7280
09/10/2025 03:01:04,-999,530,-999,3,1,7280
09/10/2025 03:01:20,-999,520,-999,3,1,7280
09/10/2025 03:01:36,-999,530,-999,3,1,7290
09/10/2025 03:01:52,-999,530,-999,3,1,7290
09/10/2025 03:02:08,-999,520,-999,3,1,7290
09/10/2025 03:02:24,-999,530,-999,3,1,7190
09/10/2025 03:02:40,-999,530,-999,3,1,7190
09/10/2025 03:02:56,-999,540,-999,3,1,7190
09/10/2025 03:03:12,-999,540,-999,3,1,7190
09/10/2025 03:03:28,-999,540,-999,3,1,7060
09/10/2025 03:03:44,-999,550,-999,3,1,7060
09/10/2025 03:04:00,-999,540,-999,3,2,7220
09/10/2025 03:04:16,-999,540,-999,3,2,7220
09/10/2025 03:04:32,-999,540,-999,3,2,7220
09/10/2025 03:04:48,-999,540,-999,3,3,7910
09/10/2025 03:05:04,-999,550,-999,3,3,7910
09/10/2025 03:05:20,-999,550,-999,3,2,7910
09/10/2025 03:05:36,-999,560,-999,3,2,7910
09/10/2025 03:05:52,-999,560,-999,3,2,8110
09/10/2025 03:06:08,-999,560,-999,3,2,8110
09/10/2025 03:06:24,-999,550,-999,3,3,7830
09/10/2025 03:06:40,-999,540,-999,3,3,7830
09/10/2025 03:06:56,-999,540,-999,3,3,7830
09/10/2025 03:07:12,-999,530,-999,3,1,7760
09/10/2025 03:07:28,-999,520,-999,3,1,7760
09/10/2025 03:07:44,-999,510,-999,3,1,7660
09/10/2025 03:08:00,-999,510,-999,3,1,7660
09/10/2025 03:08:16,-999,500,-999,3,1,7570
09/10/2025 03:08:32,-999,500,-999,3,1,7570
09/10/2025 03:08:48,-999,490,-999,3,1,7570
09/10/2025 03:09:04,-999,490,-999,3,1,7570
09/10/2025 03:09:20,-999,480,-999,3,1,7570
09/10/2025 03:09:36,-999,480,-999,3,1,7470
09/10/2025 03:09:52,-999,470,-999,3,1,7470
09/10/2025 03:10:08,-999,470,-999,3,2,7480
09/10/2025 03:10:24,-999,460,-999,3,2,7480
09/10/2025 03:10:40,-999,460,-999,3,1,7810
09/10/2025 03:10:56,-999,450,-999,3,1,7810
09/10/2025 03:11:12,-999,450,-999,3,2,7920
09/10/2025 03:11:28,-999,440,-999,3,2,7920
09/10/2025 03:11:44,-999,430,-999,3,2,7920
09/10/2025 03:12:00,-999,430,-999,3,2,8070
09/10/2025 03:12:16,-999,430,-999,3,2,8070
09/10/2025 03:12:32,-999,430,-999,3,2,8050
09/10/2025 03:12:48,-999,420,-999,3,2,8050
09/10/2025 03:13:04,-999,420,-999,3,2,7980
09/10/2025 03:13:20,-999,410,-999,3,2,7980
09/10/2025 03:13:36,-999,410,-999,3,2,7940
09/10/2025 03:13:52,-999,410,-999,3,2,7940
09/10/2025 03:14:08,-999,410,-999,3,2,7940
09/10/2025 03:14:24,-999,410,-999,3,2,7890
09/10/2025 03:14:40,-999,410,-999,3,2,7890
09/10/2025 03:14:56,-999,410,-999,3,1,8160
09/10/2025 03:15:12,-999,400,-999,3,1,8160
09/10/2025 03:15:28,-999,400,-999,3,2,7810
09/10/2025 03:15:44,-999,400,-999,3,2,7810
09/10/2025 03:16:00,-999,400,-999,3,2,7830
09/10/2025 03:16:16,-999,400,-999,3,2,7830
09/10/2025 03:16:32,-999,400,-999,3,2,7830
09/10/2025 03:16:48,-999,400,-999,3,1,7660
09/10/2025 03:17:04,-999,390,-999,3,1,7660
09/10/2025 03:17:20,-999,400,-999,3,2,7610
09/10/2025 03:17:36,-999,400,-999,3,2,7610
09/10/2025 03:17:52,-999,400,-999,3,2,7500
09/10/2025 03:18:08,-999,400,-999,3,2,7500
09/10/2025 03:18:24,-999,410,-999,3,2,7490
09/10/2025 03:18:40,-999,410,-999,3,2,7490
09/10/2025 03:18:56,-999,410,-999,3,2,7490
09/10/2025 03:19:12,-999,410,-999,3,1,7430
09/10/2025 03:19:28,-999,410,-999,3,1,7430
09/10/2025 03:19:44,-999,410,-999,3,2,7340
09/10/2025 03:20:00,-999,410,-999,3,2,7340
09/10/2025 03:20:16,-999,410,-999,3,2,7250
09/10/2025 03:20:32,-999,420,-999,3,2,7250
09/10/2025 03:20:48,-999,420,-999,3,2,6960
09/10/2025 03:21:04,-999,420,-999,3,2,6960
09/10/2025 03:21:20,-999,420,-999,3,2,6960
09/10/2025 03:21:36,-999,420,-999,3,1,6830
09/10/2025 03:21:52,-999,420,-999,3,1,6830
09/10/2025 03:22:08,-999,420,-999,3,1,6770
09/10/2025 03:22:24,-999,420,-999,3,1,6770
09/10/2025 03:22:40,-999,420,-999,3,1,6740
09/10/2025 03:22:56,-999,420,-999,3,1,6740
09/10/2025 03:23:12,-999,420,-999,3,1,6680
09/10/2025 03:23:28,-999,420,-999,3,1,6680
09/10/2025 03:23:44,-999,420,-999,3,1,6680
09/10/2025 03:24:00,-999,420,-999,3,1,6660
09/10/2025 03:24:16,-999,420,-999,3,1,6660
09/10/2025 03:24:32,-999,420,-999,3,2,6660
09/10/2025 03:24:48,-999,420,-999,3,2,6660
09/10/2025 03:25:04,-999,420,-999,3,2,6730
09/10/2025 03:25:20,-999,420,-999,3,2,6730
09/10/2025 03:25:36,-999,420,-999,3,2,6750
09/10/2025 03:25:52,-999,430,-999,3,2,6750
09/10/2025 03:26:08,-999,430,-999,3,2,6750
09/10/2025 03:26:24,-999,430,-999,3,2,6860
09/10/2025 03:26:40,-999,430,-999,3,2,6860
09/10/2025 03:26:56,-999,430,-999,3,1,6630
09/10/2025 03:27:12,-999,430,-999,3,1,6630
09/10/2025 03:27:28,-999,430,-999,3,1,6620
09/10/2025 03:27:44,-999,430,-999,3,1,6620
09/10/2025 03:28:00,-999,430,-999,3,2,6610
09/10/2025 03:28:16,-999,430,-999,3,2,6610
09/10/2025 03:28:32,-999,430,-999,3,2,6610
09/10/2025 03:28:48,-999,430,-999,3,1,6920
09/10/2025 03:29:04,-999,430,-999,3,1,6920
09/10/2025 03:29:20,-999,440,-999,3,1,6920
09/10/2025 03:29:36,-999,440,-999,3,1,6920
09/10/2025 03:29:52,-999,440,-999,3,1,6920
09/10/2025 03:30:08,-999,440,-999,3,1,6920
09/10/2025 03:30:24,-999,440,-999,3,2,6920
09/10/2025 03:30:40,-999,440,-999,3,2,6920
09/10/2025 03:30:56,-999,440,-999,3,2,6920
09/10/2025 03:31:12,-999,440,-999,3,1,6890
09/10/2025 03:31:28,-999,440,-999,3,1,6890
09/10/2025 03:31:44,-999,440,-999,3,1,6920
09/10/2025 03:32:00,-999,440,-999,3,1,6920
09/10/2025 03:32:16,-999,440,-999,3,1,6990
09/10/2025 03:32:32,-999,440,-999,3,1,6990
09/10/2025 03:32:48,-999,440,-999,3,3,6350
09/10/2025 03:33:04,-999,440,-999,3,3,6350
09/10/2025 03:33:20,-999,450,-999,3,3,6350
09/10/2025 03:33:36,-999,450,-999,3,2,6350
09/10/2025 03:33:52,-999,450,-999,3,2,6350
09/10/2025 03:34:08,-999,450,-999,3,1,6350
09/10/2025 03:34:24,-999,450,-999,3,1,6350
09/10/2025 03:34:40,-999,450,-999,3,2,6080
09/10/2025 03:34:56,-999,450,-999,3,2,6080
09/10/2025 03:35:12,-999,450,-999,3,2,6020
09/10/2025 03:35:28,-999,450,-999,3,2,6020
09/10/2025 03:35:44,-999,450,-999,3,2,6020
09/10/2025 03:36:00,-999,450,-999,3,2,5920
09/10/2025 03:36:16,-999,450,-999,3,2,5920
09/10/2025 03:36:32,-999,460,-999,3,1,5800
09/10/2025 03:36:48,-999,460,-999,3,1,5800
09/10/2025 03:37:04,-999,460,-999,3,2,5440
09/10/2025 03:37:20,-999,460,-999,3,2,5440
09/10/2025 03:37:36,-999,460,-999,3,2,5380
09/10/2025 03:37:52,-999,460,-999,3,2,5380
09/10/2025 03:38:08,-999,460,-999,3,2,5380
09/10/2025 03:38:24,-999,460,-999,3,1,5460
09/10/2025 03:38:40,-999,460,-999,3,1,5460
09/10/2025 03:38:56,-999,460,-999,3,2,5160
09/10/2025 03:39:12,-999,460,-999,3,2,5160
09/10/2025 03:39:28,-999,460,-999,3,1,5060
09/10/2025 03:39:44,-999,460,-999,3,1,5060
09/10/2025 03:40:00,-999,460,-999,3,1,5250
09/10/2025 03:40:16,-999,460,-999,3,1,5250
09/10/2025 03:40:32,-999,460,-999,3,1,5250
09/10/2025 03:40:48,-999,460,-999,3,1,5250
09/10/2025 03:41:04,-999,460,-999,3,1,5250
09/10/2025 03:41:20,-999,460,-999,3,1,5260
09/10/2025 03:41:36,-999,460,-999,3,1,5260
09/10/2025 03:41:52,-999,460,-999,3,1,5260
09/10/2025 03:42:08,-999,460,-999,3,1,5260
09/10/2025 03:42:24,-999,460,-999,3,1,5270
09/10/2025 03:42:40,-999,460,-999,3,1,5270
09/10/2025 03:42:56,-999,460,-999,3,1,5270
09/10/2025 03:43:12,-999,460,-999,3,2,5270
09/10/2025 03:43:28,-999,460,-999,3,2,5270
09/10/2025 03:43:44,-999,460,-999,3,2,5320
09/10/2025 03:44:00,-999,460,-999,3,2,5320
09/10/2025 03:44:16,-999,470,-999,3,3,5320
09/10/2025 03:44:32,-999,470,-999,3,3,5320
09/10/2025 03:44:48,-999,470,-999,3,3,5750
09/10/2025 03:45:04,-999,470,-999,3,3,5750
09/10/2025 03:45:20,-999,470,-999,3,3,5750
09/10/2025 03:45:36,-999,470,-999,3,2,6060
09/10/2025 03:45:52,-999,470,-999,3,2,6060
09/10/2025 03:46:08,-999,470,-999,3,2,6100
09/10/2025 03:46:24,-999,470,-999,3,2,6100
09/10/2025 03:46:40,-999,470,-999,3,2,5820
09/10/2025 03:46:56,-999,470,-999,3,2,5820
09/10/2025 03:47:12,-999,470,-999,3,3,5850
09/10/2025 03:47:28,-999,470,-999,3,3,5850
09/10/2025 03:47:44,-999,470,-999,3,3,5850
09/10/2025 03:48:00,-999,460,-999,3,2,5860
09/10/2025 03:48:16,-999,470,-999,3,2,5860
09/10/2025 03:48:32,-999,470,-999,3,1,6200
09/10/2025 03:48:48,-999,470,-999,3,1,6200
09/10/2025 03:49:04,-999,470,-999,3,3,6140
09/10/2025 03:49:20,-999,470,-999,3,3,6140
09/10/2025 03:49:36,-999,470,-999,3,1,6030
09/10/2025 03:49:52,-999,470,-999,3,1,6030
09/10/2025 03:50:08,-999,470,-999,3,1,6030
09/10/2025 03:50:24,-999,470,-999,3,1,6120
09/10/2025 03:50:40,-999,470,-999,3,1,6120
09/10/2025 03:50:56,-999,470,-999,3,2,5880
09/10/2025 03:51:12,-999,470,-999,3,2,5880
09/10/2025 03:51:28,-999,470,-999,3,1,6190
09/10/2025 03:51:44,-999,470,-999,3,1,6190
09/10/2025 03:52:00,-999,480,-999,3,1,6120
09/10/2025 03:52:16,-999,480,-999,3,1,6120
09/10/2025 03:52:32,-999,480,-999,3,1,6120
09/10/2025 03:52:48,-999,480,-999,3,1,6110
09/10/2025 03:53:04,-999,480,-999,3,1,6110
09/10/2025 03:53:20,-999,480,-999,3,1,6100
09/10/2025 03:53:36,-999,480,-999,3,1,6100
09/10/2025 03:53:52,-999,480,-999,3,1,6120
09/10/2025 03:54:08,-999,480,-999,3,1,6120
09/10/2025 03:54:24,-999,490,-999,3,1,6260
09/10/2025 03:54:40,-999,490,-999,3,1,6260
09/10/2025 03:54:56,-999,490,-999,3,1,6260
09/10/2025 03:55:12,-999,490,-999,3,2,5940
09/10/2025 03:55:28,-999,490,-999,3,2,5940
09/10/2025 03:55:44,-999,490,-999,3,1,5890
09/10/2025 03:56:00,-999,490,-999,3,1,5890
09/10/2025 03:56:16,-999,490,-999,3,1,5930
09/10/2025 03:56:32,-999,490,-999,3,1,5930
09/10/2025 03:56:48,-999,500,-999,3,1,5870
09/10/2025 03:57:04,-999,500,-999,3,1,5870
09/10/2025 03:57:20,-999,500,-999,3,1,5870
09/10/2025 03:57:36,-999,500,-999,3,1,5830
09/10/2025 03:57:52,-999,500,-999,3,1,5830
09/10/2025 03:58:08,-999,500,-999,3,1,5830
09/10/2025 03:58:24,-999,500,-999,3,1,5830
09/10/2025 03:58:40,-999,500,-999,3,2,5960
09/10/2025 03:58:56,-999,500,-999,3,2,5960
09/10/2025 03:59:12,-999,500,-999,3,1,5970
09/10/2025 03:59:28,-999,500,-999,3,1,5970
09/10/2025 03:59:44,-999,500,-999,3,1,5970
09/10/2025 04:00:00,-999,510,-999,3,1,5980
09/10/2025 04:00:16,-999,510,-999,3,1,5980
09/10/2025 04:00:32,-999,510,-999,3,1,5990
09/10/2025 04:00:48,-999,510,-999,3,1,5990
09/10/2025 04:01:04,-999,510,-999,3,1,6010
09/10/2025 04:01:20,-999,520,-999,3,1,6010
09/10/2025 04:01:36,-999,520,-999,3,1,5980
09/10/2025 04:01:52,-999,520,-999,3,1,5980
09/10/2025 04:02:08,-999,520,-999,3,1,5980
09/10/2025 04:02:24,-999,520,-999,3,1,5820
09/10/2025 04:02:40,-999,520,-999,3,1,5820
09/10/2025 04:02:56,-999,520,-999,3,3,4330
09/10/2025 04:03:12,-999,530,-999,3,3,4330
09/10/2025 04:03:28,-999,530,-999,3,1,4330
09/10/2025 04:03:44,-999,530,-999,3,1,4330
09/10/2025 04:04:00,-999,530,-999,3,2,4100
09/10/2025 04:04:16,-999,540,-999,3,2,4100
09/10/2025 04:04:32,-999,540,-999,3,2,4100
09/10/2025 04:04:48,-999,540,-999,3,1,4300
09/10/2025 04:05:04,-999,540,-999,3,1,4300
09/10/2025 04:05:20,-999,540,-999,3,1,4120
09/10/2025 04:05:36,-999,550,-999,3,1,4120
09/10/2025 04:05:52,-999,550,-999,3,1,4020
09/10/2025 04:06:08,-999,550,-999,3,1,4020
09/10/2025 04:06:24,-999,-999,-999,3,1,3960
09/10/2025 04:06:40,-999,-999,-999,3,1,3960
09/10/2025 04:06:56,-999,-999,-999,3,1,3960
09/10/2025 04:07:12,-999,-999,-999,3,1,3870
09/10/2025 04:07:28,-999,-999,-999,3,1,3870
09/10/2025 04:07:44,-999,-999,-999,3,1,3800
09/10/2025 04:08:00,-999,-999,-999,3,1,3800
09/10/2025 04:08:16,-999,-999,-999,3,1,3770
09/10/2025 04:08:32,-999,-999,-999,3,1,3770
09/10/2025 04:08:48,-999,-999,-999,3,1,3750
09/10/2025 04:09:04,-999,-999,-999,3,1,3750
09/10/2025 04:09:20,-999,-999,-999,3,1,3750
09/10/2025 04:09:36,-999,-999,-999,3,1,3780
09/10/2025 04:09:52,-999,-999,-999,3,1,3780
09/10/2025 04:10:08,-999,-999,-999,3,1,3860
09/10/2025 04:10:24,-999,-999,-999,3,1,3860
09/10/2025 04:10:40,-999,-999,-999,3,1,3920
09/10/2025 04:10:56,-999,-999,-999,3,1,3920
09/10/2025 04:11:12,-999,-999,-999,3,1,3980
09/10/2025 04:11:28,-999,-999,-999,3,1,3980
09/10/2025 04:11:44,-999,-999,-999,3,1,3980
09/10/2025 04:12:00,-999,-999,-999,3,1,4000
09/10/2025 04:12:16,-999,-999,-999,3,1,4000
09/10/2025 04:12:32,-999,560,-999,3,1,4010
09/10/2025 04:12:48,-999,560,-999,3,1,4010
09/10/2025 04:13:04,-999,-999,-999,3,1,3970
09/10/2025 04:13:20,-999,-999,-999,3,1,3970
09/10/2025 04:13:36,-999,-999,-999,3,1,3970
09/10/2025 04:13:52,-999,-999,-999,3,1,3970
09/10/2025 04:14:08,-999,-999,-999,3,1,3970
09/10/2025 04:14:24,-999,-999,-999,3,1,4000
09/10/2025 04:14:40,-999,-999,-999,3,1,4000
09/10/2025 04:14:56,-999,550,-999,3,1,4050
09/10/2025 04:15:12,-999,540,-999,3,1,4050
09/10/2025 04:15:28,-999,540,-999,3,1,4070
09/10/2025 04:15:44,-999,540,-999,3,1,4070
09/10/2025 04:16:00,-999,530,-999,3,1,4090
09/10/2025 04:16:16,-999,530,-999,3,1,4090
09/10/2025 04:16:32,-999,530,-999,3,1,4090
09/10/2025 04:16:48,-999,520,-999,3,1,4090
09/10/2025 04:17:04,-999,520,-999,3,1,4090
09/10/2025 04:17:20,-999,510,-999,3,1,4110
09/10/2025 04:17:36,-999,510,-999,3,1,4110
09/10/2025 04:17:52,-999,510,-999,3,1,4110
09/10/2025 04:18:08,-999,510,-999,3,1,4110
09/10/2025 04:18:24,-999,510,-999,3,1,4100
09/10/2025 04:18:40,-999,510,-999,3,1,4100
09/10/2025 04:18:56,-999,510,-999,3,1,4100
09/10/2025 04:19:12,-999,510,-999,3,1,4110
09/10/2025 04:19:28,-999,510,-999,3,1,4110
09/10/2025 04:19:44,-999,510,-999,3,1,4100
09/10/2025 04:20:00,-999,510,-999,3,1,4100
09/10/2025 04:20:16,-999,500,-999,3,1,4090
09/10/2025 04:20:32,-999,500,-999,3,1,4090
09/10/2025 04:20:48,-999,500,-999,3,1,4080
09/10/2025 04:21:04,-999,500,-999,3,1,4080
09/10/2025 04:21:20,-999,500,-999,3,1,4080
09/10/2025 04:21:36,-999,500,-999,3,1,4070
09/10/2025 04:21:52,-999,500,-999,3,1,4070
09/10/2025 04:22:08,-999,500,-999,3,1,4100
09/10/2025 04:22:24,-999,500,-999,3,1,4100
09/10/2025 04:22:40,-999,500,-999,3,1,4130
09/10/2025 04:22:56,-999,500,-999,3,1,4130
09/10/2025 04:23:12,-999,500,-999,3,1,4120
09/10/2025 04:23:28,-999,500,-999,3,1,4120
09/10/2025 04:23:44,-999,500,-999,3,1,4120
09/10/2025 04:24:00,-999,500,-999,3,1,4120
09/10/2025 04:24:16,-999,510,-999,3,1,4120
09/10/2025 04:24:32,-999,510,-999,3,2,4140
09/10/2025 04:24:48,-999,500,-999,3,2,4140
09/10/2025 04:25:04,-999,500,-999,3,1,4210
09/10/2025 04:25:20,-999,500,-999,3,1,4210
09/10/2025 04:25:36,-999,500,-999,3,2,4130
09/10/2025 04:25:52,-999,500,-999,3,2,4130
09/10/2025 04:26:08,-999,500,-999,3,2,4130
09/10/2025 04:26:24,-999,500,-999,3,2,4420
09/10/2025 04:26:40,-999,500,-999,3,2,4420
09/10/2025 04:26:56,-999,500,-999,3,1,4420
09/10/2025 04:27:12,-999,500,-999,3,1,4420
09/10/2025 04:27:28,-999,500,-999,3,1,4400
09/10/2025 04:27:44,-999,500,-999,3,1,4400
09/10/2025 04:28:00,-999,500,-999,3,1,4410
09/10/2025 04:28:16,-999,500,-999,3,1,4410
09/10/2025 04:28:32,-999,510,-999,3,1,4410
09/10/2025 04:28:48,-999,510,-999,3,1,4490
09/10/2025 04:29:04,-999,510,-999,3,1,4490
09/10/2025 04:29:20,-999,510,-999,3,2,4620
09/10/2025 04:29:36,-999,510,-999,3,2,4620
09/10/2025 04:29:52,-999,510,-999,3,1,4710
09/10/2025 04:30:08,-999,510,-999,3,1,4710
09/10/2025 04:30:24,-999,510,-999,3,1,4670
09/10/2025 04:30:40,-999,520,-999,3,1,4670
09/10/2025 04:30:56,-999,520,-999,3,1,4670
09/10/2025 04:31:12,-999,520,-999,3,1,4640
09/10/2025 04:31:28,-999,530,-999,3,1,4640
09/10/2025 04:31:44,-999,530,-999,3,1,4620
09/10/2025 04:32:00,-999,530,-999,3,1,4620
09/10/2025 04:32:16,-999,530,-999,3,1,4640
09/10/2025 04:32:32,-999,520,-999,3,1,4640
09/10/2025 04:32:48,-999,520,-999,3,1,4670
09/10/2025 04:33:04,-999,520,-999,3,1,4670
09/10/2025 04:33:20,-999,520,-999,3,1,4670
09/10/2025 04:33:36,-999,520,-999,3,1,4650
09/10/2025 04:33:52,-999,520,-999,3,1,4650
09/10/2025 04:34:08,-999,520,-999,3,1,4710
09/10/2025 04:34:24,-999,520,-999,3,1,4710
09/10/2025 04:34:40,-999,520,-999,3,1,4660
09/10/2025 04:34:56,-999,520,-999,3,1,4660
09/10/2025 04:35:12,-999,520,-999,3,1,4590
09/10/2025 04:35:28,-999,520,-999,3,1,4590
09/10/2025 04:35:44,-999,510,-999,3,1,4590
09/10/2025 04:36:00,-999,510,-999,3,1,4550
09/10/2025 04:36:16,-999,510,-999,3,1,4550
09/10/2025 04:36:32,-999,510,-999,3,1,4440
09/10/2025 04:36:48,-999,510,-999,3,1,4440
09/10/2025 04:37:04,-999,510,-999,3,1,4450
09/10/2025 04:37:20,-999,510,-999,3,1,4450
09/10/2025 04:37:36,-999,500,-999,3,1,4510
09/10/2025 04:37:52,-999,500,-999,3,1,4510
09/10/2025 04:38:08,-999,490,-999,3,1,4510
09/10/2025 04:38:24,-999,490,-999,3,2,4530
09/10/2025 04:38:40,-999,490,-999,3,2,4530
09/10/2025 04:38:56,-999,490,-999,3,1,4740
09/10/2025 04:39:12,-999,490,-999,3,1,4740
09/10/2025 04:39:28,-999,480,-999,3,1,4700
09/10/2025 04:39:44,-999,480,-999,3,1,4700
09/10/2025 04:40:00,-999,480,-999,3,1,4480
09/10/2025 04:40:16,-999,480,-999,3,1,4480
09/10/2025 04:40:32,-999,470,-999,3,1,4480
09/10/2025 04:40:48,-999,470,-999,3,1,4510
09/10/2025 04:41:04,-999,470,-999,3,1,4510
09/10/2025 04:41:20,-999,460,-999,3,2,4520
09/10/2025 04:41:36,-999,460,-999,3,2,4520
09/10/2025 04:41:52,-999,460,-999,3,1,4880
09/10/2025 04:42:08,-999,450,-999,3,1,4880
09/10/2025 04:42:24,-999,450,-999,3,3,4820
09/10/2025 04:42:40,-999,450,-999,3,3,4820
09/10/2025 04:42:56,-999,440,-999,3,3,4820
09/10/2025 04:43:12,-999,440,-999,3,2,4360
09/10/2025 04:43:28,-999,440,-999,3,2,4360
09/10/2025 04:43:44,-999,440,-999,3,1,4250
09/10/2025 04:44:00,-999,440,-999,3,1,4250
09/10/2025 04:44:16,-999,430,-999,3,1,4160
09/10/2025 04:44:32,-999,430,-999,3,1,4160
09/10/2025 04:44:48,-999,420,-999,3,1,4140
09/10/2025 04:45:04,-999,420,-999,3,1,4140
09/10/2025 04:45:20,-999,410,-999,3,1,4140
09/10/2025 04:45:36,-999,410,-999,3,1,4140
09/10/2025 04:45:52,-999,400,-999,3,1,4140
09/10/2025 04:46:08,-999,400,-999,3,1,4350
09/10/2025 04:46:24,-999,400,-999,3,1,4350
09/10/2025 04:46:40,-999,400,-999,3,1,4390
09/10/2025 04:46:56,-999,400,-999,3,1,4390
09/10/2025 04:47:12,-999,390,-999,3,2,4160
09/10/2025 04:47:28,-999,390,-999,3,2,4160
09/10/2025 04:47:44,-999,390,-999,3,2,4160
09/10/2025 04:48:00,-999,390,-999,3,1,4710
09/10/2025 04:48:16,-999,380,-999,3,1,4710
09/10/2025 04:48:32,-999,390,-999,3,1,4690
09/10/2025 04:48:48,-999,390,-999,3,1,4690
09/10/2025 04:49:04,-999,390,-999,3,2,4360
09/10/2025 04:49:20,-999,390,-999,3,2,4360
09/10/2025 04:49:36,-999,390,-999,3,1,4700
09/10/2025 04:49:52,-999,390,-999,3,1,4700
09/10/2025 04:50:08,-999,390,-999,3,1,4700
09/10/2025 04:50:24,-999,390,-999,3,2,4320
09/10/2025 04:50:40,-999,390,-999,3,2,4320
09/10/2025 04:50:56,-999,390,-999,3,2,4280
09/10/2025 04:51:12,-999,390,-999,3,2,4280
09/10/2025 04:51:28,-999,390,-999,3,1,4730
09/10/2025 04:51:44,-999,400,-999,3,1,4730
09/10/2025 04:52:00,-999,400,-999,3,1,4770
09/10/2025 04:52:16,-999,400,-999,3,1,4770
09/10/2025 04:52:32,-999,400,-999,3,1,4770
09/10/2025 04:52:48,-999,400,-999,3,1,4730
09/10/2025 04:53:04,-999,410,-999,3,1,4730
09/10/2025 04:53:20,-999,410,-999,3,3,4360
09/10/2025 04:53:36,-999,410,-999,3,3,4360
09/10/2025 04:53:52,-999,410,-999,3,2,4030
09/10/2025 04:54:08,-999,410,-999,3,2,4030
09/10/2025 04:54:24,-999,-999,-999,3,1,3970
09/10/2025 04:54:40,-999,-999,-999,3,1,3970
09/10/2025 04:54:56,-999,-999,-999,3,1,3970
09/10/2025 04:55:12,-999,-999,-999,3,1,3910
09/10/2025 04:55:28,-999,-999,-999,3,1,3910
09/10/2025 04:55:44,-999,-999,-999,3,1,3870
09/10/2025 04:56:00,-999,-999,-999,3,1,3870
09/10/2025 04:56:16,-999,-999,-999,3,2,3860
09/10/2025 04:56:32,-999,-999,-999,3,2,3860
09/10/2025 04:56:48,-999,430,-999,3,1,4200
09/10/2025 04:57:04,-999,430,-999,3,1,4200
09/10/2025 04:57:20,-999,430,-999,3,1,4200
09/10/2025 04:57:36,-999,430,-999,3,1,4290
09/10/2025 04:57:52,-999,440,-999,3,1,4290
09/10/2025 04:58:08,-999,440,-999,3,1,4220
09/10/2025 04:58:24,-999,440,-999,3,1,4220
09/10/2025 04:58:40,-999,450,-999,3,1,4160
09/10/2025 04:58:56,-999,450,-999,3,1,4160
09/10/2025 04:59:12,-999,460,-999,3,1,4190
09/10/2025 04:59:28,-999,460,-999,3,1,4190
09/10/2025 04:59:44,-999,460,-999,3,1,4190
09/10/2025 05:00:00,-999,460,-999,3,1,4200
09/10/2025 05:00:16,-999,460,-999,3,1,4200
09/10/2025 05:00:32,-999,470,-999,3,1,4210
09/10/2025 05:00:48,-999,470,-999,3,1,4210
09/10/2025 05:01:04,-999,470,-999,3,1,4240
09/10/2025 05:01:20,-999,470,-999,3,1,4240
09/10/2025 05:01:36,-999,480,-999,3,1,4290
09/10/2025 05:01:52,-999,480,-999,3,1,4290
09/10/2025 05:02:08,-999,480,-999,3,1,4290
09/10/2025 05:02:24,-999,480,-999,3,1,4380
09/10/2025 05:02:40,-999,470,-999,3,1,4380
09/10/2025 05:02:56,-999,470,-999,3,1,4350
09/10/2025 05:03:12,-999,470,-999,3,1,4350
09/10/2025 05:03:28,-999,470,-999,3,1,4370
09/10/2025 05:03:44,-999,470,-999,3,1,4370
09/10/2025 05:04:00,-999,470,-999,3,1,4390
09/10/2025 05:04:16,-999,470,-999,3,1,4390
09/10/2025 05:04:32,-999,470,-999,3,1,4390
09/10/2025 05:04:48,-999,460,-999,3,1,4420
09/10/2025 05:05:04,-999,460,-999,3,1,4420
09/10/2025 05:05:20,-999,450,-999,3,1,4360
09/10/2025 05:05:36,-999,440,-999,3,1,4360
09/10/2025 05:05:52,-999,440,-999,3,1,4290
09/10/2025 05:06:08,-999,440,-999,3,1,4290
09/10/2025 05:06:24,-999,430,-999,3,1,4240
09/10/2025 05:06:40,-999,420,-999,3,1,4240
09/10/2025 05:06:56,-999,410,-999,3,1,4240
09/10/2025 05:07:12,-999,410,-999,3,1,4250
09/10/2025 05:07:28,-999,400,-999,3,1,4250
09/10/2025 05:07:44,-999,400,-999,3,1,4130
09/10/2025 05:08:00,-999,390,-999,3,1,4130
09/10/2025 05:08:16,-999,390,-999,3,1,4150
09/10/2025 05:08:32,-999,380,-999,3,1,4150
09/10/2025 05:08:48,-999,370,-999,3,1,4210
09/10/2025 05:09:04,-999,370,-999,3,1,4210
09/10/2025 05:09:20,-999,360,-999,3,1,4210
09/10/2025 05:09:36,-999,350,-999,3,1,4130
09/10/2025 05:09:52,-999,340,-999,3,1,4130
09/10/2025 05:10:08,-999,340,-999,3,1,4310
09/10/2025 05:10:24,-999,330,-999,3,1,4310
09/10/2025 05:10:40,-999,330,-999,3,1,4260
09/10/2025 05:10:56,-999,320,-999,3,1,4260
09/10/2025 05:11:12,-999,320,-999,3,1,4210
09/10/2025 05:11:28,-999,310,-999,3,1,4210
09/10/2025 05:11:44,-999,310,-999,3,1,4210
09/10/2025 05:12:00,-999,300,-999,3,1,4310
09/10/2025 05:12:16,-999,290,-999,3,1,4310
09/10/2025 05:12:32,-999,280,-999,3,1,4390
09/10/2025 05:12:48,-999,270,-999,3,1,4390
09/10/2025 05:13:04,-999,260,-999,3,2,4420
09/10/2025 05:13:20,-999,250,-999,3,2,4420
09/10/2025 05:13:36,-999,240,-999,3,2,4350
09/10/2025 05:13:52,-999,230,-999,3,2,4350
09/10/2025 05:14:08,-999,210,-999,3,2,4350
09/10/2025 05:14:24,-999,200,-999,3,3,4240
09/10/2025 05:14:40,-999,180,-999,3,3,4240
09/10/2025 05:14:56,-999,170,-999,3,2,4220
09/10/2025 05:15:12,-999,150,-999,3,2,4220
09/10/2025 05:15:28,-999,130,-999,3,2,5810
09/10/2025 05:15:44,-999,120,-999,3,2,5810
09/10/2025 05:16:00,-999,100,-999,3,2,5600
09/10/2025 05:16:16,-999,90,-999,3,2,5600
09/10/2025 05:16:32,-999,70,-999,3,2,5600
09/10/2025 05:16:48,-999,60,-999,3,1,5550
09/10/2025 05:17:04,-999,50,-999,3,1,5550
09/10/2025 05:17:20,-999,40,-999,3,1,5490
09/10/2025 05:17:36,-999,30,-999,3,1,5490
09/10/2025 05:17:52,-999,30,-999,3,2,5480
09/10/2025 05:18:08,-999,20,-999,3,2,5480
09/10/2025 05:18:24,-999,20,-999,3,1,5570
09/10/2025 05:18:40,-999,20,-999,3,1,5570
09/10/2025 05:18:56,-999,10,-999,3,1,5570
09/10/2025 05:19:12,-999,10,-999,3,2,5590
09/10/2025 05:19:28,-999,10,-999,3,2,5590
09/10/2025 05:19:44,-999,10,-999,3,1,5810
09/10/2025 05:20:00,-999,10,-999,3,1,5810
09/10/2025 05:20:16,-999,10,-999,3,1,5820
09/10/2025 05:20:32,-999,10,-999,3,1,5820
09/10/2025 05:20:48,-999,10,-999,3,2,4090
09/10/2025 05:21:04,-999,10,-999,3,2,4090
09/10/2025 05:21:20,-999,10,-999,3,2,4090
09/10/2025 05:21:36,-999,10,-999,3,2,4110
09/10/2025 05:21:52,-999,10,-999,3,2,4110
09/10/2025 05:22:08,-999,10,-999,3,1,5980
09/10/2025 05:22:24,-999,10,-999,3,1,5980
09/10/2025 05:22:40,-999,10,-999,3,1,6020
09/10/2025 05:22:56,-999,20,-999,3,1,6020
09/10/2025 05:23:12,-999,20,-999,3,1,6050
09/10/2025 05:23:28,-999,20,-999,3,1,6050
09/10/2025 05:23:44,-999,20,-999,3,1,6050
09/10/2025 05:24:00,-999,20,-999,3,1,6100
09/10/2025 05:24:16,-999,20,-999,3,1,6100
09/10/2025 05:24:32,-999,20,-999,3,2,6120
09/10/2025 05:24:48,-999,20,-999,3,2,6120
09/10/2025 05:25:04,-999,20,-999,3,2,6140
09/10/2025 05:25:20,-999,20,-999,3,2,6140
09/10/2025 05:25:36,-999,20,-999,3,2,5610
09/10/2025 05:25:52,-999,10,-999,3,2,5610
09/10/2025 05:26:08,-999,10,-999,3,2,5610
09/10/2025 05:26:24,-999,10,-999,3,1,5500
09/10/2025 05:26:40,-999,10,-999,3,1,5500
09/10/2025 05:26:56,-999,10,-999,3,1,5430
09/10/2025 05:27:12,-999,10,-999,3,1,5430
09/10/2025 05:27:28,-999,10,-999,3,1,5360
09/10/2025 05:27:44,-999,10,-999,3,1,5360
09/10/2025 05:28:00,-999,10,-999,3,1,5280
09/10/2025 05:28:16,-999,10,-999,3,1,5280
09/10/2025 05:28:32,-999,10,-999,3,1,5280
09/10/2025 05:28:48,-999,10,-999,3,1,5150
09/10/2025 05:29:04,-999,10,-999,3,1,5150
09/10/2025 05:29:20,-999,10,-999,3,1,5080
09/10/2025 05:29:36,-999,10,-999,3,1,5080
09/10/2025 05:29:52,-999,10,-999,3,1,5020
09/10/2025 05:30:08,-999,10,-999,3,1,5020
09/10/2025 05:30:24,-999,10,-999,3,2,4930
09/10/2025 05:30:40,-999,10,-999,3,2,4930
09/10/2025 05:30:56,-999,20,-999,3,2,4930
09/10/2025 05:31:12,-999,20,-999,3,2,5300
09/10/2025 05:31:28,-999,20,-999,3,2,5300
09/10/2025 05:31:44,-999,20,-999,3,2,5270
09/10/2025 05:32:00,-999,20,-999,3,2,5270
09/10/2025 05:32:16,-999,20,-999,3,1,5200
09/10/2025 05:32:32,-999,20,-999,3,1,5200
09/10/2025 05:32:48,-999,20,-999,3,2,4980
09/10/2025 05:33:04,-999,20,-999,3,2,4980
09/10/2025 05:33:20,-999,20,-999,3,2,4980
09/10/2025 05:33:36,-999,20,-999,3,1,4900
09/10/2025 05:33:52,-999,20,-999,3,1,4900
09/10/2025 05:34:08,-999,30,-999,3,1,4760
09/10/2025 05:34:24,-999,30,-999,3,1,4760
09/10/2025 05:34:40,-999,20,-999,3,1,4450
09/10/2025 05:34:56,-999,10,-999,3,1,4450
09/10/2025 05:35:12,-999,10,-999,3,2,4590
09/10/2025 05:35:28,-999,10,-999,3,2,4590
09/10/2025 05:35:44,-999,10,-999,3,2,4590
09/10/2025 05:36:00,-999,10,-999,3,1,4830
09/10/2025 05:36:16,-999,10,-999,3,1,4830
09/10/2025 05:36:32,-999,10,-999,3,1,4920
09/10/2025 05:36:48,-999,10,-999,3,1,4920
09/10/2025 05:37:04,-999,10,-999,3,1,5010
09/10/2025 05:37:20,-999,10,-999,3,1,5010
09/10/2025 05:37:36,-999,10,-999,3,1,4970
09/10/2025 05:37:52,-999,10,-999,3,1,4970
09/10/2025 05:38:08,-999,10,-999,3,1,4970
09/10/2025 05:38:24,-999,10,-999,3,1,4930
09/10/2025 05:38:40,-999,10,-999,3,1,4930
09/10/2025 05:38:56,-999,10,-999,3,1,4860
09/10/2025 05:39:12,-999,10,-999,3,1,4860
09/10/2025 05:39:28,-999,10,-999,3,1,4790
09/10/2025 05:39:44,-999,10,-999,3,1,4790
09/10/2025 05:40:00,-999,10,-999,3,1,4780
09/10/2025 05:40:16,-999,10,-999,3,1,4780
09/10/2025 05:40:32,-999,10,-999,3,1,4780
09/10/2025 05:40:48,-999,-999,-999,3,1,4800
09/10/2025 05:41:04,-999,-999,-999,3,1,4800
09/10/2025 05:41:20,-999,10,-999,3,2,4470
09/10/2025 05:41:36,-999,10,-999,3,2,4470
09/10/2025 05:41:52,-999,10,-999,3,2,4140
09/10/2025 05:42:08,-999,10,-999,3,2,4140
09/10/2025 05:42:24,-999,10,-999,3,1,4130
09/10/2025 05:42:40,-999,10,-999,3,1,4130
09/10/2025 05:42:56,-999,10,-999,3,1,4130
09/10/2025 05:43:12,-999,10,-999,3,2,4120
09/10/2025 05:43:28,-999,10,-999,3,2,4120
09/10/2025 05:43:44,-999,10,-999,3,2,4850
09/10/2025 05:44:00,-999,10,-999,3,2,4850
09/10/2025 05:44:16,-999,10,-999,3,3,4840
09/10/2025 05:44:32,-999,10,-999,3,3,4840
09/10/2025 05:44:48,-999,10,-999,3,1,5930
09/10/2025 05:45:04,-999,20,-999,3,1,5930
09/10/2025 05:45:20,-999,30,-999,3,1,5930
09/10/2025 05:45:36,-999,40,-999,3,1,5940
09/10/2025 05:45:52,-999,90,-999,3,1,5940
09/10/2025 05:46:08,-999,150,-999,3,2,7420
09/10/2025 05:46:24,-999,200,-999,3,2,7420
09/10/2025 05:46:40,-999,300,-999,3,2,7380
09/10/2025 05:46:56,-999,310,-999,3,2,7380
09/10/2025 05:47:12,-999,320,-999,3,1,7420
09/10/2025 05:47:28,-999,320,-999,3,1,7420
09/10/2025 05:47:44,-999,330,-999,3,1,7420
09/10/2025 05:48:00,-999,330,-999,3,1,7300
09/10/2025 05:48:16,-999,340,-999,3,1,7300
09/10/2025 05:48:32,-999,340,-999,3,3,6920
09/10/2025 05:48:48,-999,340,-999,3,3,6920
09/10/2025 05:49:04,-999,350,-999,3,2,6890
09/10/2025 05:49:20,-999,350,-999,3,2,6890
09/10/2025 05:49:36,-999,360,-999,3,1,6780
09/10/2025 05:49:52,-999,360,-999,3,1,6780
09/10/2025 05:50:08,-999,360,-999,3,1,6780
09/10/2025 05:50:24,-999,360,-999,3,2,6660
09/10/2025 05:50:40,-999,360,-999,3,2,6660
09/10/2025 05:50:56,-999,360,-999,3,1,6600
09/10/2025 05:51:12,-999,370,-999,3,1,6600
09/10/2025 05:51:28,-999,370,-999,3,1,6560
09/10/2025 05:51:44,-999,370,-999,3,1,6560
09/10/2025 05:52:00,-999,370,-999,3,2,6520
09/10/2025 05:52:16,-999,370,-999,3,2,6520
09/10/2025 05:52:32,-999,370,-999,3,2,6520
09/10/2025 05:52:48,-999,-999,-999,3,3,3790
09/10/2025 05:53:04,-999,-999,-999,3,3,3790
09/10/2025 05:53:20,-999,370,-999,3,1,6430
09/10/2025 05:53:36,-999,370,-999,3,1,6430
09/10/2025 05:53:52,-999,360,-999,3,2,6470
09/10/2025 05:54:08,-999,360,-999,3,2,6470
09/10/2025 05:54:24,-999,360,-999,3,1,6520
09/10/2025 05:54:40,-999,350,-999,3,1,6520
09/10/2025 05:54:56,-999,350,-999,3,1,6520
09/10/2025 05:55:12,-999,340,-999,3,2,6370
09/10/2025 05:55:28,-999,40,-999,3,2,6370
09/10/2025 05:55:44,-999,30,-999,3,2,6290
09/10/2025 05:56:00,-999,20,-999,3,2,6290
09/10/2025 05:56:16,-999,-999,-999,3,2,3610
09/10/2025 05:56:32,-999,-999,-999,3,2,3610
09/10/2025 05:56:48,-999,-999,-999,3,1,3610
09/10/2025 05:57:04,-999,-999,-999,3,1,3610
09/10/2025 05:57:20,-999,-999,-999,3,1,3610
09/10/2025 05:57:36,-999,-999,-999,3,1,3660
09/10/2025 05:57:52,-999,-999,-999,3,1,3660
09/10/2025 05:58:08,-999,-999,-999,3,1,3630
09/10/2025 05:58:24,-999,3800,-999,3,1,3630
09/10/2025 05:58:40,-999,3800,-999,3,1,3640
09/10/2025 05:58:56,-999,3800,-999,3,1,3640
09/10/2025 05:59:12,-999,3800,-999,3,1,3720
09/10/2025 05:59:28,-999,3800,-999,3,1,3720
09/10/2025 05:59:44,-999,3800,-999,3,1,3720
09/10/2025 06:00:00,2,3800,20,3,1,3730
09/10/2025 06:00:16,2,3830,20,3,1,3730
09/10/2025 06:00:32,2,3830,20,3,3,3510
09/10/2025 06:00:48,2,3830,20,3,3,3510
09/10/2025 06:01:04,2,-999,20,3,2,3510
09/10/2025 06:01:20,2,-999,20,3,2,3510
09/10/2025 06:01:36,2,760,20,3,1,6140
09/10/2025 06:01:52,2,760,20,3,1,6140
09/10/2025 06:02:08,2,760,20,3,1,6140
09/10/2025 06:02:24,2,760,20,3,1,6010
09/10/2025 06:02:40,2,750,20,3,1,6010
09/10/2025 06:02:56,2,750,20,3,2,6010
09/10/2025 06:03:12,2,750,20,3,2,6010
09/10/2025 06:03:28,2,740,20,3,2,5990
09/10/2025 06:03:44,2,740,20,3,2,5990
09/10/2025 06:04:00,2,740,20,3,1,6000
09/10/2025 06:04:16,2,740,20,3,1,6000
09/10/2025 06:04:32,2,740,20,3,1,6000
09/10/2025 06:04:48,2,740,20,3,1,5940
09/10/2025 06:05:04,2,740,20,3,1,5940
09/10/2025 06:05:20,2,740,20,3,1,5890
09/10/2025 06:05:36,2,740,20,3,1,5890
09/10/2025 06:05:52,2,740,20,3,2,5870
09/10/2025 06:06:08,2,740,20,3,2,5870
09/10/2025 06:06:24,2,740,20,3,1,6020
09/10/2025 06:06:40,2,740,20,3,1,6020
09/10/2025 06:06:56,2,740,20,3,1,6020
09/10/2025 06:07:12,2,740,20,3,1,5960
09/10/2025 06:07:28,2,740,20,3,1,5960
09/10/2025 06:07:44,2,740,20,3,2,5920
09/10/2025 06:08:00,2,750,20,3,2,5920
09/10/2025 06:08:16,2,750,20,3,2,5810
09/10/2025 06:08:32,2,750,20,3,2,5810
09/10/2025 06:08:48,2,750,20,3,1,5780
09/10/2025 06:09:04,2,760,20,3,1,5780
09/10/2025 06:09:20,2,760,20,3,1,5780
09/10/2025 06:09:36,2,760,20,3,1,5660
09/10/2025 06:09:52,2,770,20,3,1,5660
09/10/2025 06:10:08,2,780,20,3,1,5590
09/10/2025 06:10:24,2,780,20,3,1,5590
09/10/2025 06:10:40,2,790,20,3,1,5610
09/10/2025 06:10:56,2,760,20,3,1,5610
09/10/2025 06:11:12,2,10,20,3,1,5690
09/10/2025 06:11:28,2,10,20,3,1,5690
09/10/2025 06:11:44,2,10,20,3,1,5690
09/10/2025 06:12:00,2,10,20,3,1,5680
09/10/2025 06:12:16,2,10,20,3,1,5680
09/10/2025 06:12:32,2,10,20,3,2,5670
09/10/2025 06:12:48,2,10,20,3,2,5670
09/10/2025 06:13:04,2,10,20,3,1,6290
09/10/2025 06:13:20,2,10,20,3,1,6290
09/10/2025 06:13:36,2,-999,20,3,2,3740
09/10/2025 06:13:52,2,-999,20,3,2,3740
09/10/2025 06:14:08,2,-999,20,3,2,3740
09/10/2025 06:14:24,2,-999,20,3,1,3750
09/10/2025 06:14:40,2,-999,20,3,1,3750
09/10/2025 06:14:56,2,-999,20,3,2,3770
09/10/2025 06:15:12,2,-999,20,3,2,3770
09/10/2025 06:15:28,2,20,20,3,2,5900
09/10/2025 06:15:44,2,20,20,3,2,5900
09/10/2025 06:16:00,2,-999,20,3,2,3470
09/10/2025 06:16:16,2,-999,20,3,2,3470
09/10/2025 06:16:32,2,-999,20,3,2,3470
09/10/2025 06:16:48,2,-999,20,3,1,3500
09/10/2025 06:17:04,2,-999,20,3,1,3500
09/10/2025 06:17:20,2,-999,20,3,1,3500
09/10/2025 06:17:36,2,-999,20,3,1,3500
09/10/2025 06:17:52,2,-999,20,3,1,3520
09/10/2025 06:18:08,2,-999,20,3,1,3520
09/10/2025 06:18:24,2,20,20,3,2,5830
09/10/2025 06:18:40,2,20,20,3,2,5830
09/10/2025 06:18:56,2,30,20,3,2,5830
09/10/2025 06:19:12,2,30,20,3,3,5830
09/10/2025 06:19:28,2,160,20,3,3,5830
09/10/2025 06:19:44,2,370,20,3,1,7720
09/10/2025 06:20:00,2,370,20,3,1,7720
09/10/2025 06:20:16,2,370,20,3,2,7720
09/10/2025 06:20:32,2,370,20,3,2,7720
09/10/2025 06:20:48,2,380,20,3,2,7980
09/10/2025 06:21:04,2,380,20,3,2,7980
09/10/2025 06:21:20,2,380,20,3,2,7980
09/10/2025 06:21:36,2,380,20,3,2,4810
09/10/2025 06:21:52,2,390,20,3,2,4810
09/10/2025 06:22:08,2,390,20,3,2,4040
09/10/2025 06:22:24,2,380,20,3,2,4040
09/10/2025 06:22:40,2,380,20,3,1,4010
09/10/2025 06:22:56,2,380,20,3,1,4010
09/10/2025 06:23:12,2,380,20,3,2,4830
09/10/2025 06:23:28,2,380,20,3,2,4830
09/10/2025 06:23:44,2,380,20,3,2,4830
09/10/2025 06:24:00,2,380,20,3,1,7750
09/10/2025 06:24:16,2,380,20,3,1,7750
09/10/2025 06:24:32,2,380,20,3,1,4200
09/10/2025 06:24:48,2,380,20,3,1,4200
09/10/2025 06:25:04,2,380,20,3,2,4270
09/10/2025 06:25:20,2,380,20,3,2,4270
09/10/2025 06:25:36,2,380,20,3,2,4270
09/10/2025 06:25:52,2,380,20,3,2,4270
09/10/2025 06:26:08,2,380,20,3,2,4270
09/10/2025 06:26:24,2,-999,20,3,1,3900
09/10/2025 06:26:40,2,-999,20,3,1,3900
09/10/2025 06:26:56,2,380,20,3,1,9640
09/10/2025 06:27:12,2,370,20,3,1,9640
09/10/2025 06:27:28,2,380,20,3,1,9590
09/10/2025 06:27:44,2,380,20,3,1,9590
09/10/2025 06:28:00,2,-999,20,3,2,3850
09/10/2025 06:28:16,2,-999,20,3,2,3850
09/10/2025 06:28:32,2,-999,20,3,2,3850
09/10/2025 06:28:48,2,-999,20,3,2,3840
09/10/2025 06:29:04,2,-999,20,3,2,3840
09/10/2025 06:29:20,2,-999,20,3,1,3890
09/10/2025 06:29:36,2,-999,20,3,1,3890
09/10/2025 06:29:52,2,-999,20,3,2,3920
09/10/2025 06:30:08,2,-999,20,3,2,3920
09/10/2025 06:30:24,2,-999,20,3,1,3830
09/10/2025 06:30:40,2,-999,20,3,1,3830
09/10/2025 06:30:56,2,-999,20,3,1,3830
09/10/2025 06:31:12,2,-999,20,3,1,3790
09/10/2025 06:31:28,2,-999,20,3,1,3790
09/10/2025 06:31:44,2,-999,20,3,1,3800
09/10/2025 06:32:00,2,-999,20,3,1,3800
09/10/2025 06:32:16,2,-999,20,3,1,3820
09/10/2025 06:32:32,2,-999,20,3,1,3820
09/10/2025 06:32:48,2,-999,20,3,1,3770
09/10/2025 06:33:04,2,-999,20,3,1,3770
09/10/2025 06:33:20,2,-999,20,3,1,3770
09/10/2025 06:33:36,2,-999,20,3,1,3650
09/10/2025 06:33:52,2,-999,20,3,1,3650
09/10/2025 06:34:08,2,-999,20,3,1,3640
09/10/2025 06:34:24,2,-999,20,3,1,3640
09/10/2025 06:34:40,2,-999,20,3,1,3660
09/10/2025 06:34:56,2,-999,20,3,1,3660
09/10/2025 06:35:12,2,-999,20,3,1,3630
09/10/2025 06:35:28,2,-999,20,3,1,3630
09/10/2025 06:35:44,2,3800,20,3,1,3630
09/10/2025 06:36:00,2,3800,20,3,1,3600
09/10/2025 06:36:16,2,3780,20,3,1,3600
09/10/2025 06:36:32,2,3800,20,3,1,3620
09/10/2025 06:36:48,2,3800,20,3,1,3620
09/10/2025 06:37:04,2,3800,20,3,1,3660
09/10/2025 06:37:20,2,3800,20,3,1,3660
09/10/2025 06:37:36,2,3800,20,3,1,3700
09/10/2025 06:37:52,2,3800,20,3,1,3700
09/10/2025 06:38:08,2,3800,20,3,1,3700
09/10/2025 06:38:24,2,3800,20,3,1,3750
09/10/2025 06:38:40,2,3800,20,3,1,3750
09/10/2025 06:38:56,2,-999,20,3,2,3790
09/10/2025 06:39:12,2,-999,20,3,2,3790
09/10/2025 06:39:28,2,20,20,3,1,4130
09/10/2025 06:39:44,2,20,20,3,1,4130
09/10/2025 06:40:00,2,20,20,3,0,-999
09/10/2025 06:40:16,2,10,20,3,0,-999
09/10/2025 06:40:32,2,10,20,3,0,-999
09/10/2025 06:40:48,2,10,20,3,0,-999
09/10/2025 06:41:04,2,10,20,3,0,-999
09/10/2025 06:41:20,2,10,20,3,1,7270
09/10/2025 06:41:36,2,10,20,3,1,7270
09/10/2025 06:41:52,2,10,20,3,1,7240
09/10/2025 06:42:08,2,10,20,3,1,7240
09/10/2025 06:42:24,2,10,20,3,2,7230
09/10/2025 06:42:40,2,10,20,3,2,7230
09/10/2025 06:42:56,2,10,20,3,2,7230
09/10/2025 06:43:12,2,10,20,3,0,-999
09/10/2025 06:43:28,2,10,20,3,0,-999
09/10/2025 06:43:44,2,10,20,3,0,-999
09/10/2025 06:44:00,2,10,20,3,0,-999
09/10/2025 06:44:16,2,10,20,3,2,7240
09/10/2025 06:44:32,2,10,20,3,2,7240
09/10/2025 06:44:48,2,10,20,3,2,7230
09/10/2025 06:45:04,2,10,20,3,2,7230
09/10/2025 06:45:20,2,10,20,3,2,7230
09/10/2025 06:45:36,2,10,20,3,2,7240
09/10/2025 06:45:52,2,10,20,3,2,7240
09/10/2025 06:46:08,2,10,20,3,2,7180
09/10/2025 06:46:24,2,10,20,3,2,7180
09/10/2025 06:46:40,2,10,20,3,2,7000
09/10/2025 06:46:56,2,10,20,3,2,7000
09/10/2025 06:47:12,2,10,20,3,3,6810
09/10/2025 06:47:28,2,10,20,3,3,6810
09/10/2025 06:47:44,2,10,20,3,3,6810
09/10/2025 06:48:00,2,-999,20,3,1,3540
09/10/2025 06:48:16,2,-999,20,3,1,3540
09/10/2025 06:48:32,2,-999,20,3,2,3540
09/10/2025 06:48:48,2,-999,20,3,2,3540
09/10/2025 06:49:04,2,-999,20,3,2,3560
09/10/2025 06:49:20,2,-999,20,3,2,3560
09/10/2025 06:49:36,2,-999,20,3,1,3540
09/10/2025 06:49:52,2,-999,20,3,1,3540
09/10/2025 06:50:08,2,-999,20,3,1,3540
09/10/2025 06:50:24,2,3710,20,3,1,3520
09/10/2025 06:50:40,2,3710,20,3,1,3520
09/10/2025 06:50:56,2,3710,20,3,1,3510
09/10/2025 06:51:12,2,3700,20,3,1,3510
09/10/2025 06:51:28,2,3700,20,3,1,3530
09/10/2025 06:51:44,2,3700,20,3,1,3530
09/10/2025 06:52:00,2,3700,20,3,1,3550
09/10/2025 06:52:16,2,3700,20,3,1,3550
09/10/2025 06:52:32,2,3700,20,3,1,3550
09/10/2025 06:52:48,2,3700,20,3,1,3530
09/10/2025 06:53:04,2,3700,20,3,1,3530
09/10/2025 06:53:20,2,3700,20,3,1,3530
09/10/2025 06:53:36,2,3700,20,3,1,3530
09/10/2025 06:53:52,2,3700,20,3,1,3520
09/10/2025 06:54:08,2,3700,20,3,1,3520
09/10/2025 06:54:24,2,3700,20,3,1,3520
09/10/2025 06:54:40,2,3700,20,3,1,3520
09/10/2025 06:54:56,2,3700,20,3,1,3520
09/10/2025 06:55:12,2,3700,20,3,1,3530
09/10/2025 06:55:28,2,3700,20,3,1,3530
09/10/2025 06:55:44,2,3700,20,3,1,3540
09/10/2025 06:56:00,2,3690,20,3,1,3540
09/10/2025 06:56:16,2,3690,20,3,1,3560
09/10/2025 06:56:32,2,3690,20,3,1,3560
09/10/2025 06:56:48,2,3690,20,3,1,3560
09/10/2025 06:57:04,2,3690,20,3,1,3560
09/10/2025 06:57:20,2,3690,20,3,1,3560
09/10/2025 06:57:36,2,3690,20,3,1,3560
09/10/2025 06:57:52,2,3690,20,3,1,3560
09/10/2025 06:58:08,2,3710,20,3,1,3570
09/10/2025 06:58:24,2,3710,20,3,1,3570
09/10/2025 06:58:40,2,3710,20,3,1,3570
09/10/2025 06:58:56,2,3710,20,3,1,3570
09/10/2025 06:59:12,2,3700,20,3,1,3530
09/10/2025 06:59:28,2,3700,20,3,1,3530
09/10/2025 06:59:44,2,3700,20,3,1,3530
09/10/2025 07:00:00,2,3700,3700,3,1,3530
09/10/2025 07:00:16,2,3700,3700,3,1,3530
09/10/2025 07:00:32,2,3700,3700,3,1,3520
09/10/2025 07:00:48,2,3700,3700,3,1,3520
09/10/2025 07:01:04,2,3700,3700,3,1,3520
09/10/2025 07:01:20,2,3700,3700,3,1,3520
09/10/2025 07:01:36,2,3700,3700,3,1,3580
09/10/2025 07:01:52,2,3700,3700,3,1,3580
09/10/2025 07:02:08,2,3700,3700,3,1,3580
09/10/2025 07:02:24,2,3700,3700,3,1,3530
09/10/2025 07:02:40,2,3700,3700,3,1,3530
09/10/2025 07:02:56,2,3700,3700,3,2,3610
09/10/2025 07:03:12,2,3700,3700,3,2,3610
09/10/2025 07:03:28,2,3700,3700,3,2,3570
09/10/2025 07:03:44,2,3710,3700,3,2,3570
09/10/2025 07:04:00,2,3710,3700,3,2,3540
09/10/2025 07:04:16,2,3710,3700,3,2,3540
09/10/2025 07:04:32,2,3740,3700,3,2,3540
09/10/2025 07:04:48,2,3740,3700,3,1,3400
09/10/2025 07:05:04,2,3740,3700,3,1,3400
09/10/2025 07:05:20,2,3740,3700,3,1,3420
09/10/2025 07:05:36,2,3740,3700,3,1,3420
09/10/2025 07:05:52,2,3740,3700,3,1,3450
09/10/2025 07:06:08,2,-999,3700,3,1,3450
09/10/2025 07:06:24,2,-999,3700,3,1,3490
09/10/2025 07:06:40,2,-999,3700,3,1,3490
09/10/2025 07:06:56,2,3650,3700,3,1,3490
09/10/2025 07:07:12,2,3650,3700,3,1,3510
09/10/2025 07:07:28,2,3650,3700,3,1,3510
09/10/2025 07:07:44,2,3690,3700,3,2,3530
09/10/2025 07:08:00,2,3690,3700,3,2,3530
09/10/2025 07:08:16,2,3690,3700,3,1,3670
09/10/2025 07:08:32,2,3690,3700,3,1,3670
09/10/2025 07:08:48,2,-999,3700,3,1,3660
09/10/2025 07:09:04,2,-999,3700,3,1,3660
09/10/2025 07:09:20,2,-999,3700,3,1,3660
09/10/2025 07:09:36,2,-999,3700,3,1,3610
09/10/2025 07:09:52,2,-999,3700,3,1,3610
09/10/2025 07:10:08,2,-999,3700,3,1,3680
09/10/2025 07:10:24,2,-999,3700,3,1,3680
09/10/2025 07:10:40,2,-999,3700,3,1,3510
09/10/2025 07:10:56,2,3780,3700,3,1,3510
09/10/2025 07:11:12,2,3810,3700,3,1,3510
09/10/2025 07:11:28,2,3820,3700,3,1,3510
09/10/2025 07:11:44,2,3820,3700,3,1,3510
09/10/2025 07:12:00,2,3820,3700,3,1,3630
09/10/2025 07:12:16,2,3820,3700,3,1,3630
09/10/2025 07:12:32,2,3820,3700,3,1,3640
09/10/2025 07:12:48,2,3820,3700,3,1,3640
09/10/2025 07:13:04,2,3810,3700,3,1,3570
09/10/2025 07:13:20,2,3810,3700,3,1,3570
09/10/2025 07:13:36,2,3810,3700,3,1,3590
09/10/2025 07:13:52,2,3810,3700,3,1,3590
09/10/2025 07:14:08,2,3800,3700,3,1,3590
09/10/2025 07:14:24,2,3800,3700,3,1,3660
09/10/2025 07:14:40,2,3800,3700,3,1,3660
09/10/2025 07:14:56,2,3800,3700,3,1,3760
09/10/2025 07:15:12,2,3800,3700,3,1,3760
09/10/2025 07:15:28,2,3800,3700,3,2,3830
09/10/2025 07:15:44,2,3800,3700,3,2,3830
09/10/2025 07:16:00,2,380,3700,3,1,4210
09/10/2025 07:16:16,2,380,3700,3,1,4210
09/10/2025 07:16:32,2,370,3700,3,1,4210
09/10/2025 07:16:48,2,-999,3700,3,2,3880
09/10/2025 07:17:04,2,-999,3700,3,2,3880
09/10/2025 07:17:20,2,-999,3700,3,2,3890
09/10/2025 07:17:36,2,-999,3700,3,2,3890
09/10/2025 07:17:52,2,330,3700,3,2,5230
09/10/2025 07:18:08,2,320,3700,3,2,5230
09/10/2025 07:18:24,2,300,3700,3,3,5070
09/10/2025 07:18:40,2,290,3700,3,3,5070
09/10/2025 07:18:56,2,280,3700,3,3,5070
09/10/2025 07:19:12,2,270,3700,3,2,6680
09/10/2025 07:19:28,2,250,3700,3,2,6680
09/10/2025 07:19:44,2,250,3700,3,2,6600
09/10/2025 07:20:00,2,240,3700,3,2,6600
09/10/2025 07:20:16,2,230,3700,3,2,6570
09/10/2025 07:20:32,2,220,3700,3,2,6570
09/10/2025 07:20:48,2,220,3700,3,2,6570
09/10/2025 07:21:04,2,210,3700,3,2,6570
09/10/2025 07:21:20,2,200,3700,3,2,6570
09/10/2025 07:21:36,2,200,3700,3,3,6560
09/10/2025 07:21:52,2,190,3700,3,3,6560
09/10/2025 07:22:08,2,180,3700,3,2,6600
09/10/2025 07:22:24,2,170,3700,3,2,6600
09/10/2025 07:22:40,2,170,3700,3,2,6470
09/10/2025 07:22:56,2,160,3700,3,2,6470
09/10/2025 07:23:12,2,160,3700,3,2,6700
09/10/2025 07:23:28,2,160,3700,3,2,6700
09/10/2025 07:23:44,2,150,3700,3,2,6700
09/10/2025 07:24:00,2,140,3700,3,2,6510
09/10/2025 07:24:16,2,140,3700,3,2,6510
09/10/2025 07:24:32,2,130,3700,3,2,6600
09/10/2025 07:24:48,2,130,3700,3,2,6600
09/10/2025 07:25:04,2,120,3700,3,3,6650
09/10/2025 07:25:20,2,110,3700,3,3,6650
09/10/2025 07:25:36,2,110,3700,3,2,6500
09/10/2025 07:25:52,2,100,3700,3,2,6500
09/10/2025 07:26:08,2,90,3700,3,2,6500
09/10/2025 07:26:24,2,90,3700,3,2,6550
09/10/2025 07:26:40,2,80,3700,3,2,6550
09/10/2025 07:26:56,2,80,3700,3,2,6550
09/10/2025 07:27:12,2,70,3700,3,2,6550
09/10/2025 07:27:28,2,70,3700,3,2,6570
09/10/2025 07:27:44,2,60,3700,3,2,6570
09/10/2025 07:28:00,2,60,3700,3,2,6610
09/10/2025 07:28:16,2,60,3700,3,2,6610
09/10/2025 07:28:32,2,60,3700,3,2,6610
09/10/2025 07:28:48,2,60,3700,3,1,6770
09/10/2025 07:29:04,2,60,3700,3,1,6770
09/10/2025 07:29:20,2,60,3700,3,2,6570
09/10/2025 07:29:36,2,50,3700,3,2,6570
09/10/2025 07:29:52,2,50,3700,3,2,6550
09/10/2025 07:30:08,2,50,3700,3,2,6550
09/10/2025 07:30:24,2,50,3700,3,2,6280
09/10/2025 07:30:40,2,50,3700,3,2,6280
09/10/2025 07:30:56,2,50,3700,3,2,6280
09/10/2025 07:31:12,2,50,3700,3,2,6280
09/10/2025 07:31:28,2,50,3700,3,2,6280
09/10/2025 07:31:44,2,50,3700,3,1,6360
09/10/2025 07:32:00,2,50,3700,3,1,6360
09/10/2025 07:32:16,2,40,3700,3,2,6350
09/10/2025 07:32:32,2,40,3700,3,2,6350
09/10/2025 07:32:48,2,40,3700,3,3,6150
09/10/2025 07:33:04,2,40,3700,3,3,6150
09/10/2025 07:33:20,2,40,3700,3,3,6150
09/10/2025 07:33:36,2,40,3700,3,3,6100
09/10/2025 07:33:52,2,40,3700,3,3,6100
09/10/2025 07:34:08,2,40,3700,3,3,6250
09/10/2025 07:34:24,2,40,3700,3,3,6250
09/10/2025 07:34:40,2,40,3700,3,2,6170
09/10/2025 07:34:56,2,40,3700,3,2,6170
09/10/2025 07:35:12,2,40,3700,3,1,6140
09/10/2025 07:35:28,2,40,3700,3,1,6140
09/10/2025 07:35:44,2,30,3700,3,1,6140
09/10/2025 07:36:00,2,30,3700,3,2,6080
09/10/2025 07:36:16,2,30,3700,3,2,6080
09/10/2025 07:36:32,2,30,3700,3,2,5920
09/10/2025 07:36:48,2,30,3700,3,2,5920
09/10/2025 07:37:04,2,30,3700,3,2,5870
09/10/2025 07:37:20,2,40,3700,3,2,5870
09/10/2025 07:37:36,2,40,3700,3,2,5990
09/10/2025 07:37:52,2,40,3700,3,2,5990
09/10/2025 07:38:08,2,10,3700,3,2,5990
09/10/2025 07:38:24,2,10,3700,3,3,5830
09/10/2025 07:38:40,2,40,3700,3,3,5830
09/10/2025 07:38:56,2,40,3700,3,1,6100
09/10/2025 07:39:12,2,40,3700,3,1,6100
09/10/2025 07:39:28,2,60,3700,3,1,6070
09/10/2025 07:39:44,2,70,3700,3,1,6070
09/10/2025 07:40:00,2,70,3700,3,2,5840
09/10/2025 07:40:16,2,80,3700,3,2,5840
09/10/2025 07:40:32,2,80,3700,3,2,5840
09/10/2025 07:40:48,2,90,3700,3,2,5720
09/10/2025 07:41:04,2,90,3700,3,2,5720
09/10/2025 07:41:20,2,90,3700,3,2,5690
09/10/2025 07:41:36,2,100,3700,3,2,5690
09/10/2025 07:41:52,2,100,3700,3,2,5670
09/10/2025 07:42:08,2,100,3700,3,2,5670
09/10/2025 07:42:24,2,120,3700,3,2,5530
09/10/2025 07:42:40,2,140,3700,3,2,5530
09/10/2025 07:42:56,2,160,3700,3,2,5530
09/10/2025 07:43:12,2,200,3700,3,2,5510
09/10/2025 07:43:28,2,200,3700,3,2,5510
09/10/2025 07:43:44,2,230,3700,3,2,5430
09/10/2025 07:44:00,2,240,3700,3,2,5430
09/10/2025 07:44:16,2,250,3700,3,1,5410
09/10/2025 07:44:32,2,260,3700,3,1,5410
09/10/2025 07:44:48,2,280,3700,3,1,5340
09/10/2025 07:45:04,2,310,3700,3,1,5340
09/10/2025 07:45:20,2,370,3700,3,1,5340
09/10/2025 07:45:36,2,330,3700,3,2,5240
09/10/2025 07:45:52,2,340,3700,3,2,5240
09/10/2025 07:46:08,2,320,3700,3,3,5050
09/10/2025 07:46:24,2,300,3700,3,3,5050
09/10/2025 07:46:40,2,310,3700,3,1,5170
09/10/2025 07:46:56,2,310,3700,3,1,5170
09/10/2025 07:47:12,2,290,3700,3,2,5000
09/10/2025 07:47:28,2,270,3700,3,2,5000
09/10/2025 07:47:44,2,270,3700,3,2,5000
09/10/2025 07:48:00,2,250,3700,3,2,4940
09/10/2025 07:48:16,2,230,3700,3,2,4940
09/10/2025 07:48:32,2,230,3700,3,2,4880
09/10/2025 07:48:48,2,220,3700,3,2,4880
09/10/2025 07:49:04,2,230,3700,3,2,4650
09/10/2025 07:49:20,2,260,3700,3,2,4650
09/10/2025 07:49:36,2,280,3700,3,2,4640
09/10/2025 07:49:52,2,300,3700,3,2,4640
09/10/2025 07:50:08,2,320,3700,3,2,4640
09/10/2025 07:50:24,2,-999,3700,3,2,4530
09/10/2025 07:50:40,2,-999,3700,3,2,4530
09/10/2025 07:50:56,2,250,3700,3,2,4490
09/10/2025 07:51:12,2,250,3700,3,2,4490
09/10/2025 07:51:28,2,230,3700,3,2,4440
09/10/2025 07:51:44,2,220,3700,3,2,4440
09/10/2025 07:52:00,2,200,3700,3,2,4370
09/10/2025 07:52:16,2,190,3700,3,2,4370
09/10/2025 07:52:32,2,190,3700,3,2,4370
09/10/2025 07:52:48,2,190,3700,3,2,4240
09/10/2025 07:53:04,2,180,3700,3,2,4240
09/10/2025 07:53:20,2,-999,3700,3,3,4290
09/10/2025 07:53:36,2,-999,3700,3,3,4290
09/10/2025 07:53:52,2,180,3700,3,3,4030
09/10/2025 07:54:08,2,170,3700,3,3,4030
09/10/2025 07:54:24,2,-999,3700,3,2,3920
09/10/2025 07:54:40,2,-999,3700,3,2,3920
09/10/2025 07:54:56,2,-999,3700,3,2,3920
09/10/2025 07:55:12,2,-999,3700,3,2,4370
09/10/2025 07:55:28,2,-999,3700,3,2,4370
09/10/2025 07:55:44,2,220,3700,3,2,4110
09/10/2025 07:56:00,2,240,3700,3,2,4110
09/10/2025 07:56:16,2,250,3700,3,3,4130
09/10/2025 07:56:32,2,510,3700,3,3,4130
09/10/2025 07:56:48,2,510,3700,3,2,4290
09/10/2025 07:57:04,2,520,3700,3,2,4290
09/10/2025 07:57:20,2,520,3700,3,2,4290
09/10/2025 07:57:36,2,-999,3700,3,2,4370
09/10/2025 07:57:52,2,-999,3700,3,2,4370
09/10/2025 07:58:08,2,-999,3700,3,3,4400
09/10/2025 07:58:24,2,-999,3700,3,3,4400
09/10/2025 07:58:40,2,520,3700,3,2,4380
09/10/2025 07:58:56,2,520,3700,3,2,4380
09/10/2025 07:59:12,2,510,3700,3,2,4490
09/10/2025 07:59:28,2,510,3700,3,2,4490
09/10/2025 07:59:44,2,510,3700,3,2,4490
09/10/2025 08:00:00,1,520,200,3,2,4420
09/10/2025 08:00:16,1,520,200,3,2,4420
09/10/2025 08:00:32,1,520,200,3,2,4450
09/10/2025 08:00:48,1,520,200,3,2,4450
09/10/2025 08:01:04,1,520,200,3,2,4440
09/10/2025 08:01:20,1,530,200,3,2,4440
09/10/2025 08:01:36,1,530,200,3,2,4440
09/10/2025 08:01:52,1,530,200,3,2,4440
09/10/2025 08:02:08,1,530,200,3,2,4440
09/10/2025 08:02:24,1,530,200,3,2,4520
09/10/2025 08:02:40,1,530,200,3,2,4520
09/10/2025 08:02:56,1,530,200,3,2,4520
09/10/2025 08:03:12,1,530,200,3,2,4520
09/10/2025 08:03:28,1,530,200,3,1,4530
09/10/2025 08:03:44,1,530,200,3,1,4530
09/10/2025 08:04:00,1,530,200,3,2,4590
09/10/2025 08:04:16,1,530,200,3,2,4590
09/10/2025 08:04:32,1,530,200,3,2,4590
09/10/2025 08:04:48,1,530,200,3,2,4670
09/10/2025 08:05:04,1,540,200,3,2,4670
09/10/2025 08:05:20,1,530,200,3,2,4570
09/10/2025 08:05:36,1,530,200,3,2,4570
09/10/2025 08:05:52,1,530,200,3,1,4560
09/10/2025 08:06:08,1,520,200,3,1,4560
09/10/2025 08:06:24,1,520,200,3,1,4560
09/10/2025 08:06:40,1,520,200,3,1,4560
09/10/2025 08:06:56,1,520,200,3,1,4560
09/10/2025 08:07:12,1,520,200,3,1,4430
09/10/2025 08:07:28,1,520,200,3,1,4430
09/10/2025 08:07:44,1,510,200,3,1,4390
09/10/2025 08:08:00,1,510,200,3,1,4390
09/10/2025 08:08:16,1,510,200,3,1,4410
09/10/2025 08:08:32,1,520,200,3,1,4410
09/10/2025 08:08:48,1,510,200,3,1,4440
09/10/2025 08:09:04,1,510,200,3,1,4440
09/10/2025 08:09:20,1,510,200,3,1,4440
09/10/2025 08:09:36,1,510,200,3,2,4680
09/10/2025 08:09:52,1,500,200,3,2,4680
09/10/2025 08:10:08,1,500,200,3,1,4890
09/10/2025 08:10:24,1,500,200,3,1,4890
09/10/2025 08:10:40,1,490,200,3,1,4870
09/10/2025 08:10:56,1,490,200,3,1,4870
09/10/2025 08:11:12,1,490,200,3,1,4970
09/10/2025 08:11:28,1,490,200,3,1,4970
09/10/2025 08:11:44,1,480,200,3,1,4970
09/10/2025 08:12:00,1,480,200,3,1,5050
09/10/2025 08:12:16,1,480,200,3,1,5050
09/10/2025 08:12:32,1,480,200,3,2,4910
09/10/2025 08:12:48,1,480,200,3,2,4910
09/10/2025 08:13:04,1,480,200,3,1,4900
09/10/2025 08:13:20,1,480,200,3,1,4900
09/10/2025 08:13:36,1,470,200,3,1,4960
09/10/2025 08:13:52,1,470,200,3,1,4960
09/10/2025 08:14:08,1,460,200,3,1,4960
09/10/2025 08:14:24,1,460,200,3,2,4840
09/10/2025 08:14:40,1,450,200,3,2,4840
09/10/2025 08:14:56,1,450,200,3,2,4700
09/10/2025 08:15:12,1,440,200,3,2,4700
09/10/2025 08:15:28,1,440,200,3,2,4900
09/10/2025 08:15:44,1,440,200,3,2,4900
09/10/2025 08:16:00,1,440,200,3,1,4860
09/10/2025 08:16:16,1,440,200,3,1,4860
09/10/2025 08:16:32,1,440,200,3,1,4860
09/10/2025 08:16:48,1,440,200,3,1,4870
09/10/2025 08:17:04,1,440,200,3,1,4870
09/10/2025 08:17:20,1,430,200,3,1,4970
09/10/2025 08:17:36,1,430,200,3,1,4970
09/10/2025 08:17:52,1,420,200,3,1,5050
09/10/2025 08:18:08,1,420,200,3,1,5050
09/10/2025 08:18:24,1,420,200,3,1,5110
09/10/2025 08:18:40,1,420,200,3,1,5110
09/10/2025 08:18:56,1,420,200,3,1,5110
09/10/2025 08:19:12,1,420,200,3,1,5180
09/10/2025 08:19:28,1,420,200,3,1,5180
09/10/2025 08:19:44,1,420,200,3,1,5230
09/10/2025 08:20:00,1,420,200,3,1,5230
09/10/2025 08:20:16,1,420,200,3,2,5060
09/10/2025 08:20:32,1,420,200,3,2,5060
09/10/2025 08:20:48,1,420,200,3,1,5060
09/10/2025 08:21:04,1,420,200,3,1,5060
09/10/2025 08:21:20,1,420,200,3,1,5060
09/10/2025 08:21:36,1,420,200,3,1,5060
09/10/2025 08:21:52,1,420,200,3,1,5060
09/10/2025 08:22:08,1,420,200,3,1,5090
09/10/2025 08:22:24,1,410,200,3,1,5090
09/10/2025 08:22:40,1,410,200,3,1,5110
09/10/2025 08:22:56,1,410,200,3,1,5110
09/10/2025 08:23:12,1,410,200,3,1,5130
09/10/2025 08:23:28,1,410,200,3,1,5130
09/10/2025 08:23:44,1,410,200,3,1,5130
09/10/2025 08:24:00,1,100,200,3,1,5160
09/10/2025 08:24:16,1,100,200,3,1,5160
09/10/2025 08:24:32,1,100,200,3,1,5180
09/10/2025 08:24:48,1,90,200,3,1,5180
09/10/2025 08:25:04,1,90,200,3,1,5200
09/10/2025 08:25:20,1,90,200,3,1,5200
09/10/2025 08:25:36,1,90,200,3,0,-999
09/10/2025 08:25:52,1,80,200,3,0,-999
09/10/2025 08:26:08,1,80,200,3,0,-999
09/10/2025 08:26:24,1,80,200,3,0,-999
09/10/2025 08:26:40,1,70,200,3,0,-999
09/10/2025 08:26:56,1,70,200,3,0,-999
09/10/2025 08:27:12,1,2190,200,3,0,-999
09/10/2025 08:27:28,1,2170,200,3,0,-999
09/10/2025 08:27:44,1,2150,200,3,0,-999
09/10/2025 08:28:00,1,2130,200,3,0,-999
09/10/2025 08:28:16,1,2130,200,3,0,-999
09/10/2025 08:28:32,1,2130,200,3,0,-999
09/10/2025 08:28:48,1,2110,200,3,0,-999
09/10/2025 08:29:04,1,2090,200,3,0,-999
09/10/2025 08:29:20,1,2070,200,3,0,-999
09/10/2025 08:29:36,1,2050,200,3,0,-999
09/10/2025 08:29:52,1,2050,200,3,0,-999
09/10/2025 08:30:08,1,2040,200,3,0,-999
09/10/2025 08:30:24,1,2020,200,3,0,-999
09/10/2025 08:30:40,1,2010,200,3,0,-999
09/10/2025 08:30:56,1,1990,200,3,0,-999
09/10/2025 08:31:12,1,1990,200,3,0,-999
09/10/2025 08:31:28,1,1990,200,3,0,-999
09/10/2025 08:31:44,1,1980,200,3,0,-999
09/10/2025 08:32:00,1,1970,200,3,0,-999
09/10/2025 08:32:16,1,1960,200,3,0,-999
09/10/2025 08:32:32,1,1960,200,3,0,-999
09/10/2025 08:32:48,1,1950,200,3,0,-999
09/10/2025 08:33:04,1,1940,200,3,0,-999
09/10/2025 08:33:20,1,1920,200,3,0,-999
09/10/2025 08:33:36,1,1910,200,3,0,-999
09/10/2025 08:33:52,1,1910,200,3,0,-999
09/10/2025 08:34:08,1,1910,200,3,0,-999
09/10/2025 08:34:24,1,1910,200,3,0,-999
09/10/2025 08:34:40,1,1900,200,3,0,-999
09/10/2025 08:34:56,1,1890,200,3,0,-999
09/10/2025 08:35:12,1,1880,200,3,1,4670
09/10/2025 08:35:28,1,1860,200,3,1,4670
09/10/2025 08:35:44,1,1850,200,3,1,4670
09/10/2025 08:36:00,1,1850,200,3,1,4620
09/10/2025 08:36:16,1,1850,200,3,1,4620
09/10/2025 08:36:32,1,1850,200,3,1,4570
09/10/2025 08:36:48,1,1850,200,3,1,4570
09/10/2025 08:37:04,1,1840,200,3,1,4570
09/10/2025 08:37:20,1,1820,200,3,1,4570
09/10/2025 08:37:36,1,1820,200,3,1,4550
09/10/2025 08:37:52,1,1810,200,3,1,4550
09/10/2025 08:38:08,1,1800,200,3,1,4550
09/10/2025 08:38:24,1,1810,200,3,1,4550
09/10/2025 08:38:40,1,1810,200,3,1,4550
09/10/2025 08:38:56,1,1820,200,3,1,4490
09/10/2025 08:39:12,1,1820,200,3,1,4490
09/10/2025 08:39:28,1,1810,200,3,1,4460
09/10/2025 08:39:44,1,1800,200,3,1,4460
09/10/2025 08:40:00,1,1790,200,3,1,4610
09/10/2025 08:40:16,1,1780,200,3,1,4610
09/10/2025 08:40:32,1,1780,200,3,1,4610
09/10/2025 08:40:48,1,1780,200,3,1,4610
09/10/2025 08:41:04,1,1780,200,3,1,4610
09/10/2025 08:41:20,1,1780,200,3,1,4610
09/10/2025 08:41:36,1,1780,200,3,1,4610
09/10/2025 08:41:52,1,1770,200,3,1,4600
09/10/2025 08:42:08,1,1770,200,3,1,4600
09/10/2025 08:42:24,1,1760,200,3,0,-999
09/10/2025 08:42:40,1,1760,200,3,0,-999
09/10/2025 08:42:56,1,1750,200,3,0,-999
09/10/2025 08:43:12,1,1750,200,3,0,-999
09/10/2025 08:43:28,1,1760,200,3,0,-999
09/10/2025 08:43:44,1,1750,200,3,0,-999
09/10/2025 08:44:00,1,1750,200,3,0,-999
09/10/2025 08:44:16,1,1760,200,3,0,-999
09/10/2025 08:44:32,1,1760,200,3,0,-999
09/10/2025 08:44:48,1,1780,200,3,0,-999
09/10/2025 08:45:04,1,1780,200,3,0,-999
09/10/2025 08:45:20,1,1730,200,3,0,-999
09/10/2025 08:45:36,1,1790,200,3,0,-999
09/10/2025 08:45:52,1,1800,200,3,0,-999
09/10/2025 08:46:08,1,1810,200,3,0,-999
09/10/2025 08:46:24,1,1810,200,3,0,-999
09/10/2025 08:46:40,1,1820,200,3,0,-999
09/10/2025 08:46:56,1,1830,200,3,0,-999
09/10/2025 08:47:12,1,1840,200,3,0,-999
09/10/2025 08:47:28,1,1850,200,3,0,-999
09/10/2025 08:47:44,1,1870,200,3,0,-999
09/10/2025 08:48:00,1,1850,200,3,1,7340
09/10/2025 08:48:16,1,1830,200,3,1,7340
09/10/2025 08:48:32,1,1830,200,3,1,7600
09/10/2025 08:48:48,1,1820,200,3,1,7600
09/10/2025 08:49:04,1,1820,200,3,0,-999
09/10/2025 08:49:20,1,1810,200,3,0,-999
09/10/2025 08:49:36,1,1820,200,3,0,-999
09/10/2025 08:49:52,1,1810,200,3,0,-999
09/10/2025 08:50:08,1,1810,200,3,0,-999
09/10/2025 08:50:24,1,1820,200,3,1,7050
09/10/2025 08:50:40,1,1830,200,3,1,7050
09/10/2025 08:50:56,1,1850,200,3,1,7040
09/10/2025 08:51:12,1,1860,200,3,1,7040
09/10/2025 08:51:28,1,1870,200,3,1,7030
09/10/2025 08:51:44,1,1870,200,3,1,7030
09/10/2025 08:52:00,1,1880,200,3,1,7030
09/10/2025 08:52:16,1,1860,200,3,1,7030
09/10/2025 08:52:32,1,1850,200,3,1,7030
09/10/2025 08:52:48,1,1860,200,3,1,7030
09/10/2025 08:53:04,1,1870,200,3,1,7030
09/10/2025 08:53:20,1,1910,200,3,0,-999
09/10/2025 08:53:36,1,1950,200,3,0,-999
09/10/2025 08:53:52,1,1970,200,3,0,-999
09/10/2025 08:54:08,1,1980,200,3,0,-999
09/10/2025 08:54:24,1,1990,200,3,0,-999
09/10/2025 08:54:40,1,1990,200,3,0,-999
09/10/2025 08:54:56,1,1980,200,3,0,-999
09/10/2025 08:55:12,1,2000,200,3,0,-999
09/10/2025 08:55:28,1,2010,200,3,0,-999
09/10/2025 08:55:44,1,2020,200,3,0,-999
09/10/2025 08:56:00,1,2030,200,3,0,-999
09/10/2025 08:56:16,1,2050,200,3,1,8370
09/10/2025 08:56:32,1,2070,200,3,1,8370
09/10/2025 08:56:48,1,2070,200,3,0,-999
09/10/2025 08:57:04,1,2060,200,3,0,-999
09/10/2025 08:57:20,1,2050,200,3,0,-999
09/10/2025 08:57:36,1,2050,200,3,1,8020
09/10/2025 08:57:52,1,2050,200,3,1,8020
09/10/2025 08:58:08,1,2050,200,3,1,8030
09/10/2025 08:58:24,1,2060,200,3,1,8030
09/10/2025 08:58:40,1,2050,200,3,1,7950
09/10/2025 08:58:56,1,2060,200,3,1,7950
09/10/2025 08:59:12,1,2050,200,3,1,7900
09/10/2025 08:59:28,1,2050,200,3,1,7900
09/10/2025 08:59:44,1,2050,200,3,1,7900
09/10/2025 09:00:00,2,2050,1820,3,2,7620
09/10/2025 09:00:16,2,2050,1820,3,2,7620
09/10/2025 09:00:32,2,2050,1820,3,2,7290
09/10/2025 09:00:48,2,2040,1820,3,2,7290
09/10/2025 09:01:04,2,2010,1820,3,2,7290
09/10/2025 09:01:20,2,1980,1820,3,2,7290
09/10/2025 09:01:36,2,1960,1820,3,2,7290
09/10/2025 09:01:52,2,1980,1820,3,2,7290
09/10/2025 09:02:08,2,1990,1820,3,2,7290
09/10/2025 09:02:24,2,1990,1820,3,2,7380
09/10/2025 09:02:40,2,2000,1820,3,2,7380
09/10/2025 09:02:56,2,2010,1820,3,1,7350
09/10/2025 09:03:12,2,2020,1820,3,1,7350
09/10/2025 09:03:28,2,2040,1820,3,2,7440
09/10/2025 09:03:44,2,2060,1820,3,2,7440
09/10/2025 09:04:00,2,2070,1820,3,2,7570
09/10/2025 09:04:16,2,2070,1820,3,2,7570
09/10/2025 09:04:32,2,2080,1820,3,2,7570
09/10/2025 09:04:48,2,2080,1820,3,2,7330
09/10/2025 09:05:04,2,2090,1820,3,2,7330
09/10/2025 09:05:20,2,2080,1820,3,2,7310
09/10/2025 09:05:36,2,2070,1820,3,2,7310
09/10/2025 09:05:52,2,2050,1820,3,2,7280
09/10/2025 09:06:08,2,2040,1820,3,2,7280
09/10/2025 09:06:24,2,2050,1820,3,2,7280
09/10/2025 09:06:40,2,2060,1820,3,2,7280
09/10/2025 09:06:56,2,2060,1820,3,2,7280
09/10/2025 09:07:12,2,2050,1820,3,3,7280
09/10/2025 09:07:28,2,2040,1820,3,3,7280
09/10/2025 09:07:44,2,2020,1820,3,1,7310
09/10/2025 09:08:00,2,2010,1820,3,1,7310
09/10/2025 09:08:16,2,2040,1820,3,2,7230
09/10/2025 09:08:32,2,2060,1820,3,2,7230
09/10/2025 09:08:48,2,2080,1820,3,1,7190
09/10/2025 09:09:04,2,2090,1820,3,1,7190
09/10/2025 09:09:20,2,2090,1820,3,1,7190
09/10/2025 09:09:36,2,2110,1820,3,1,7160
09/10/2025 09:09:52,2,2120,1820,3,1,7160
09/10/2025 09:10:08,2,2120,1820,3,2,4270
09/10/2025 09:10:24,2,2120,1820,3,2,4270
09/10/2025 09:10:40,2,2120,1820,3,2,4280
09/10/2025 09:10:56,2,2120,1820,3,2,4280
09/10/2025 09:11:12,2,2130,1820,3,1,7170
09/10/2025 09:11:28,2,2140,1820,3,1,7170
09/10/2025 09:11:44,2,2150,1820,3,1,7170
09/10/2025 09:12:00,2,2170,1820,3,1,7160
09/10/2025 09:12:16,2,2190,1820,3,1,7160
09/10/2025 09:12:32,2,2190,1820,3,1,7200
09/10/2025 09:12:48,2,2190,1820,3,1,7200
09/10/2025 09:13:04,2,2200,1820,3,2,7200
09/10/2025 09:13:20,2,2210,1820,3,2,7200
09/10/2025 09:13:36,2,2220,1820,3,2,7400
09/10/2025 09:13:52,2,2220,1820,3,2,7400
09/10/2025 09:14:08,2,2230,1820,3,2,7400
09/10/2025 09:14:24,2,2250,1820,3,2,7120
09/10/2025 09:14:40,2,2260,1820,3,2,7120
09/10/2025 09:14:56,2,2290,1820,3,1,7130
09/10/2025 09:15:12,2,2320,1820,3,1,7130
09/10/2025 09:15:28,2,2340,1820,3,1,7200
09/10/2025 09:15:44,2,2360,1820,3,1,7200
09/10/2025 09:16:00,2,2380,1820,3,1,7200
09/10/2025 09:16:16,2,2380,1820,3,1,7200
09/10/2025 09:16:32,2,2390,1820,3,1,7200
09/10/2025 09:16:48,2,2380,1820,3,0,-999
09/10/2025 09:17:04,2,2370,1820,3,0,-999
09/10/2025 09:17:20,2,2350,1820,3,1,7180
09/10/2025 09:17:36,2,2330,1820,3,1,7180
09/10/2025 09:17:52,2,2300,1820,3,1,7190
09/10/2025 09:18:08,2,2260,1820,3,1,7190
09/10/2025 09:18:24,2,2240,1820,3,0,-999
09/10/2025 09:18:40,2,2230,1820,3,0,-999
09/10/2025 09:18:56,2,2220,1820,3,0,-999
09/10/2025 09:19:12,2,2210,1820,3,0,-999
09/10/2025 09:19:28,2,2190,1820,3,0,-999
09/10/2025 09:19:44,2,2190,1820,3,0,-999
09/10/2025 09:20:00,2,2190,1820,3,0,-999
09/10/2025 09:20:16,2,2170,1820,3,0,-999
09/10/2025 09:20:32,2,2160,1820,3,0,-999
09/10/2025 09:20:48,2,2170,1820,3,0,-999
09/10/2025 09:21:04,2,2190,1820,3,0,-999
09/10/2025 09:21:20,2,2200,1820,3,0,-999
09/10/2025 09:21:36,2,2180,1820,3,0,-999
09/10/2025 09:21:52,2,2150,1820,3,0,-999
09/10/2025 09:22:08,2,2140,1820,3,0,-999
09/10/2025 09:22:24,2,2140,1820,3,0,-999
09/10/2025 09:22:40,2,2110,1820,3,0,-999
09/10/2025 09:22:56,2,2080,1820,3,0,-999
09/10/2025 09:23:12,2,2060,1820,3,0,-999
09/10/2025 09:23:28,2,2040,1820,3,0,-999
09/10/2025 09:23:44,2,2020,1820,3,0,-999
09/10/2025 09:24:00,2,1990,1820,3,0,-999
09/10/2025 09:24:16,2,1970,1820,3,0,-999
09/10/2025 09:24:32,2,1970,1820,3,0,-999
09/10/2025 09:24:48,2,1970,1820,3,0,-999
09/10/2025 09:25:04,2,1950,1820,3,0,-999
09/10/2025 09:25:20,2,1940,1820,3,0,-999
09/10/2025 09:25:36,2,1930,1820,3,0,-999
09/10/2025 09:25:52,2,1920,1820,3,0,-999
09/10/2025 09:26:08,2,1910,1820,3,0,-999
09/10/2025 09:26:24,2,1900,1820,3,0,-999
09/10/2025 09:26:40,2,1890,1820,3,0,-999
09/10/2025 09:26:56,2,1880,1820,3,1,4680
09/10/2025 09:27:12,2,1870,1820,3,1,4680
09/10/2025 09:27:28,2,1870,1820,3,1,4670
09/10/2025 09:27:44,2,1870,1820,3,1,4670
09/10/2025 09:28:00,2,1860,1820,3,2,4660
09/10/2025 09:28:16,2,1830,1820,3,2,4660
09/10/2025 09:28:32,2,1790,1820,3,2,4660
09/10/2025 09:28:48,2,1790,1820,3,1,7030
09/10/2025 09:29:04,2,1790,1820,3,1,7030
09/10/2025 09:29:20,2,1800,1820,3,1,7010
09/10/2025 09:29:36,2,1810,1820,3,1,7010
09/10/2025 09:29:52,2,1830,1820,3,1,7010
09/10/2025 09:30:08,2,1840,1820,3,1,7010
09/10/2025 09:30:24,2,1850,1820,3,1,6960
09/10/2025 09:30:40,2,1850,1820,3,1,6960
09/10/2025 09:30:56,2,1850,1820,3,1,6960
09/10/2025 09:31:12,2,1870,1820,3,1,6970
09/10/2025 09:31:28,2,1890,1820,3,1,6970
09/10/2025 09:31:44,2,1920,1820,3,1,7000
09/10/2025 09:32:00,2,1940,1820,3,1,7000
09/10/2025 09:32:16,2,1950,1820,3,1,6970
09/10/2025 09:32:32,2,1950,1820,3,1,6970
09/10/2025 09:32:48,2,1950,1820,3,1,6940
09/10/2025 09:33:04,2,1960,1820,3,1,6940
09/10/2025 09:33:20,2,1970,1820,3,1,6940
09/10/2025 09:33:36,2,1980,1820,3,1,6880
09/10/2025 09:33:52,2,1990,1820,3,1,6880
09/10/2025 09:34:08,2,1990,1820,3,1,6860
09/10/2025 09:34:24,2,2000,1820,3,1,6860
09/10/2025 09:34:40,2,1980,1820,3,2,4430
09/10/2025 09:34:56,2,1970,1820,3,2,4430
09/10/2025 09:35:12,2,1960,1820,3,2,4750
09/10/2025 09:35:28,2,2000,1820,3,2,4750
09/10/2025 09:35:44,2,2040,1820,3,2,4750
09/10/2025 09:36:00,2,2030,1820,3,2,4660
09/10/2025 09:36:16,2,2010,1820,3,2,4660
09/10/2025 09:36:32,2,2010,1820,3,2,4650
09/10/2025 09:36:48,2,2010,1820,3,2,4650
09/10/2025 09:37:04,2,2030,1820,3,1,6850
09/10/2025 09:37:20,2,2060,1820,3,1,6850
09/10/2025 09:37:36,2,2070,1820,3,1,6850
09/10/2025 09:37:52,2,2080,1820,3,1,6850
09/10/2025 09:38:08,2,2090,1820,3,1,6850
09/10/2025 09:38:24,2,2090,1820,3,1,6840
09/10/2025 09:38:40,2,2080,1820,3,1,6840
09/10/2025 09:38:56,2,2060,1820,3,1,6840
09/10/2025 09:39:12,2,2040,1820,3,1,6840
09/10/2025 09:39:28,2,2050,1820,3,1,6840
09/10/2025 09:39:44,2,2050,1820,3,1,6840
09/10/2025 09:40:00,2,2040,1820,3,1,6840
09/10/2025 09:40:16,2,2010,1820,3,1,6840
09/10/2025 09:40:32,2,1990,1820,3,1,6840
09/10/2025 09:40:48,2,1990,1820,3,1,6840
09/10/2025 09:41:04,2,2000,1820,3,1,6840
09/10/2025 09:41:20,2,2030,1820,3,1,6890
09/10/2025 09:41:36,2,2070,1820,3,1,6890
09/10/2025 09:41:52,2,2100,1820,3,0,-999
09/10/2025 09:42:08,2,2130,1820,3,0,-999
09/10/2025 09:42:24,2,2160,1820,3,0,-999
09/10/2025 09:42:40,2,2160,1820,3,0,-999
09/10/2025 09:42:56,2,2150,1820,3,0,-999
09/10/2025 09:43:12,2,2160,1820,3,0,-999
09/10/2025 09:43:28,2,2170,1820,3,0,-999
09/10/2025 09:43:44,2,2160,1820,3,0,-999
09/10/2025 09:44:00,2,2150,1820,3,0,-999
09/10/2025 09:44:16,2,2170,1820,3,0,-999
09/10/2025 09:44:32,2,2180,1820,3,0,-999
09/10/2025 09:44:48,2,2190,1820,3,0,-999
09/10/2025 09:45:04,2,2180,1820,3,0,-999
09/10/2025 09:45:20,2,2180,1820,3,0,-999
09/10/2025 09:45:36,2,2170,1820,3,0,-999
09/10/2025 09:45:52,2,2160,1820,3,0,-999
09/10/2025 09:46:08,2,2150,1820,3,0,-999
09/10/2025 09:46:24,2,2140,1820,3,0,-999
09/10/2025 09:46:40,2,2170,1820,3,0,-999
09/10/2025 09:46:56,2,2190,1820,3,0,-999
09/10/2025 09:47:12,2,2190,1820,3,0,-999
09/10/2025 09:47:28,2,2180,1820,3,0,-999
09/10/2025 09:47:44,2,2170,1820,3,0,-999
09/10/2025 09:48:00,2,2150,1820,3,0,-999
09/10/2025 09:48:16,2,2130,1820,3,0,-999
09/10/2025 09:48:32,2,2160,1820,3,0,-999
09/10/2025 09:48:48,2,2200,1820,3,0,-999
09/10/2025 09:49:04,2,2120,1820,3,0,-999
09/10/2025 09:49:20,2,2070,1820,3,0,-999
09/10/2025 09:49:36,2,2020,1820,3,0,-999
09/10/2025 09:49:52,2,1990,1820,3,0,-999
09/10/2025 09:50:08,2,1950,1820,3,0,-999
09/10/2025 09:50:24,2,1990,1820,3,0,-999
09/10/2025 09:50:40,2,2040,1820,3,0,-999
09/10/2025 09:50:56,2,2010,1820,3,0,-999
09/10/2025 09:51:12,2,1990,1820,3,0,-999
09/10/2025 09:51:28,2,2000,1820,3,0,-999
09/10/2025 09:51:44,2,2020,1820,3,0,-999
09/10/2025 09:52:00,2,2000,1820,3,0,-999
09/10/2025 09:52:16,2,1980,1820,3,0,-999
09/10/2025 09:52:32,2,1960,1820,3,0,-999
09/10/2025 09:52:48,2,2010,1820,3,0,-999
09/10/2025 09:53:04,2,2060,1820,3,0,-999
09/10/2025 09:53:20,2,2040,1820,3,1,4570
09/10/2025 09:53:36,2,2020,1820,3,1,4570
09/10/2025 09:53:52,2,2070,1820,3,1,4570
09/10/2025 09:54:08,2,2110,1820,3,1,4570
09/10/2025 09:54:24,2,2220,1820,3,1,4660
09/10/2025 09:54:40,2,2270,1820,3,1,4660
09/10/2025 09:54:56,2,2350,1820,3,1,4660
09/10/2025 09:55:12,2,2210,1820,3,1,4640
09/10/2025 09:55:28,2,2110,1820,3,1,4640
09/10/2025 09:55:44,2,2050,1820,3,1,7040
09/10/2025 09:56:00,2,2000,1820,3,1,7040
09/10/2025 09:56:16,2,1990,1820,3,1,7010
09/10/2025 09:56:32,2,1990,1820,3,1,7010
09/10/2025 09:56:48,2,1960,1820,3,1,7030
09/10/2025 09:57:04,2,1950,1820,3,1,7030
09/10/2025 09:57:20,2,1950,1820,3,1,7030
09/10/2025 09:57:36,2,1940,1820,3,1,7040
09/10/2025 09:57:52,2,1940,1820,3,1,7040
09/10/2025 09:58:08,2,1920,1820,3,1,7040
09/10/2025 09:58:24,2,1890,1820,3,1,7040
09/10/2025 09:58:40,2,1870,1820,3,1,8270
09/10/2025 09:58:56,2,1850,1820,3,1,8270
09/10/2025 09:59:12,2,1860,1820,3,1,8250
09/10/2025 09:59:28,2,1880,1820,3,1,8250
09/10/2025 09:59:44,2,1900,1820,3,1,8250
09/10/2025 10:00:00,3,1890,2010,3,1,8240
09/10/2025 10:00:16,3,1870,2010,3,1,8240
09/10/2025 10:00:32,3,1870,2010,3,0,-999
09/10/2025 10:00:48,3,1860,2010,3,0,-999
09/10/2025 10:01:04,3,1880,2010,3,0,-999
09/10/2025 10:01:20,3,1900,2010,3,0,-999
09/10/2025 10:01:36,3,1890,2010,3,0,-999
09/10/2025 10:01:52,3,1870,2010,3,0,-999
09/10/2025 10:02:08,3,1840,2010,3,0,-999
09/10/2025 10:02:24,3,1880,2010,3,0,-999
09/10/2025 10:02:40,3,1920,2010,3,0,-999
09/10/2025 10:02:56,3,1950,2010,3,0,-999
09/10/2025 10:03:12,3,1990,2010,3,0,-999
09/10/2025 10:03:28,3,2000,2010,3,0,-999
09/10/2025 10:03:44,3,2010,2010,3,0,-999
09/10/2025 10:04:00,3,2010,2010,3,0,-999
09/10/2025 10:04:16,3,2000,2010,3,0,-999
09/10/2025 10:04:32,3,1990,2010,3,0,-999
09/10/2025 10:04:48,3,2000,2010,3,0,-999
09/10/2025 10:05:04,3,2000,2010,3,0,-999
09/10/2025 10:05:20,3,2020,2010,3,0,-999
09/10/2025 10:05:36,3,2030,2010,3,0,-999
09/10/2025 10:05:52,3,2040,2010,3,0,-999
09/10/2025 10:06:08,3,2060,2010,3,0,-999
09/10/2025 10:06:24,3,2090,2010,3,0,-999
09/10/2025 10:06:40,3,2100,2010,3,0,-999
09/10/2025 10:06:56,3,2120,2010,3,0,-999
09/10/2025 10:07:12,3,2140,2010,3,0,-999
09/10/2025 10:07:28,3,2170,2010,3,0,-999
09/10/2025 10:07:44,3,2170,2010,3,0,-999
09/10/2025 10:08:00,3,2180,2010,3,0,-999
09/10/2025 10:08:16,3,2130,2010,3,0,-999
09/10/2025 10:08:32,3,2080,2010,3,0,-999
09/10/2025 10:08:48,3,2050,2010,3,0,-999
09/10/2025 10:09:04,3,2040,2010,3,0,-999
09/10/2025 10:09:20,3,2040,2010,3,0,-999
09/10/2025 10:09:36,3,2070,2010,3,0,-999
09/10/2025 10:09:52,3,2090,2010,3,0,-999
09/10/2025 10:10:08,3,2090,2010,3,0,-999
09/10/2025 10:10:24,3,2080,2010,3,0,-999
09/10/2025 10:10:40,3,2080,2010,3,0,-999
09/10/2025 10:10:56,3,2080,2010,3,0,-999
09/10/2025 10:11:12,3,2100,2010,3,1,7470
09/10/2025 10:11:28,3,2120,2010,3,1,7470
09/10/2025 10:11:44,3,2140,2010,3,1,7470
09/10/2025 10:12:00,3,2180,2010,3,1,7470
09/10/2025 10:12:16,3,2230,2010,3,1,7470
09/10/2025 10:12:32,3,2260,2010,3,1,7470
09/10/2025 10:12:48,3,2290,2010,3,1,7470
09/10/2025 10:13:04,3,2280,2010,3,1,7480
09/10/2025 10:13:20,3,2270,2010,3,1,7480
09/10/2025 10:13:36,3,2260,2010,3,1,7480
09/10/2025 10:13:52,3,2260,2010,3,1,7480
09/10/2025 10:14:08,3,2260,2010,3,1,7480
09/10/2025 10:14:24,3,2250,2010,3,1,7470
09/10/2025 10:14:40,3,2250,2010,3,1,7470
09/10/2025 10:14:56,3,2210,2010,3,1,7470
09/10/2025 10:15:12,3,2170,2010,3,1,7470
09/10/2025 10:15:28,3,2160,2010,3,1,7480
09/10/2025 10:15:44,3,2150,2010,3,1,7480
09/10/2025 10:16:00,3,220,2010,3,1,7430
09/10/2025 10:16:16,3,220,2010,3,1,7430
09/10/2025 10:16:32,3,220,2010,3,1,7430
09/10/2025 10:16:48,3,220,2010,3,1,7470
09/10/2025 10:17:04,3,220,2010,3,1,7470
09/10/2025 10:17:20,3,220,2010,3,1,7480
09/10/2025 10:17:36,3,220,2010,3,1,7480
09/10/2025 10:17:52,3,220,2010,3,0,-999
09/10/2025 10:18:08,3,220,2010,3,0,-999
09/10/2025 10:18:24,3,210,2010,3,0,-999
09/10/2025 10:18:40,3,210,2010,3,0,-999
09/10/2025 10:18:56,3,210,2010,3,0,-999
09/10/2025 10:19:12,3,210,2010,3,0,-999
09/10/2025 10:19:28,3,210,2010,3,0,-999
09/10/2025 10:19:44,3,210,2010,3,0,-999
09/10/2025 10:20:00,3,210,2010,3,0,-999
09/10/2025 10:20:16,3,210,2010,3,1,7260
09/10/2025 10:20:32,3,210,2010,3,1,7260
09/10/2025 10:20:48,3,210,2010,3,2,7130
09/10/2025 10:21:04,3,210,2010,3,2,7130
09/10/2025 10:21:20,3,200,2010,3,2,7130
09/10/2025 10:21:36,3,200,2010,3,2,7130
09/10/2025 10:21:52,3,200,2010,3,2,7130
09/10/2025 10:22:08,3,200,2010,3,1,7130
09/10/2025 10:22:24,3,200,2010,3,1,7130
09/10/2025 10:22:40,3,190,2010,3,1,7280
09/10/2025 10:22:56,3,190,2010,3,1,7280
09/10/2025 10:23:12,3,190,2010,3,2,7050
09/10/2025 10:23:28,3,190,2010,3,2,7050
09/10/2025 10:23:44,3,190,2010,3,2,7050
09/10/2025 10:24:00,3,190,2010,3,1,7000
09/10/2025 10:24:16,3,190,2010,3,1,7000
09/10/2025 10:24:32,3,190,2010,3,1,7020
09/10/2025 10:24:48,3,190,2010,3,1,7020
09/10/2025 10:25:04,3,190,2010,3,1,7020
09/10/2025 10:25:20,3,180,2010,3,1,7020
09/10/2025 10:25:36,3,180,2010,3,1,7020
09/10/2025 10:25:52,3,180,2010,3,1,7020
09/10/2025 10:26:08,3,180,2010,3,1,7020
09/10/2025 10:26:24,3,180,2010,3,2,7010
09/10/2025 10:26:40,3,180,2010,3,2,7010
09/10/2025 10:26:56,3,180,2010,3,1,6980
09/10/2025 10:27:12,3,180,2010,3,1,6980
09/10/2025 10:27:28,3,180,2010,3,2,6980
09/10/2025 10:27:44,3,190,2010,3,2,6980
09/10/2025 10:28:00,3,190,2010,3,1,6980
09/10/2025 10:28:16,3,190,2010,3,1,6980
09/10/2025 10:28:32,3,190,2010,3,1,6980
09/10/2025 10:28:48,3,190,2010,3,1,6980
09/10/2025 10:29:04,3,190,2010,3,1,6980
09/10/2025 10:29:20,3,190,2010,3,1,6990
09/10/2025 10:29:36,3,190,2010,3,1,6990
09/10/2025 10:29:52,3,190,2010,3,1,4320
09/10/2025 10:30:08,3,190,2010,3,1,4320
09/10/2025 10:30:24,3,190,2010,3,1,4410
09/10/2025 10:30:40,3,190,2010,3,1,4410
09/10/2025 10:30:56,3,190,2010,3,1,4410
09/10/2025 10:31:12,3,190,2010,3,1,4500
09/10/2025 10:31:28,3,190,2010,3,1,4500
09/10/2025 10:31:44,3,190,2010,3,1,6980
09/10/2025 10:32:00,3,190,2010,3,1,6980
09/10/2025 10:32:16,3,190,2010,3,1,6990
09/10/2025 10:32:32,3,190,2010,3,1,6990
09/10/2025 10:32:48,3,190,2010,3,1,7010
09/10/2025 10:33:04,3,190,2010,3,1,7010
09/10/2025 10:33:20,3,190,2010,3,1,7010
09/10/2025 10:33:36,3,190,2010,3,1,7010
09/10/2025 10:33:52,3,190,2010,3,1,7010
09/10/2025 10:34:08,3,190,2010,3,0,-999
09/10/2025 10:34:24,3,190,2010,3,0,-999
09/10/2025 10:34:40,3,190,2010,3,0,-999
09/10/2025 10:34:56,3,190,2010,3,0,-999
09/10/2025 10:35:12,3,190,2010,3,0,-999
09/10/2025 10:35:28,3,190,2010,3,0,-999
09/10/2025 10:35:44,3,190,2010,3,0,-999
09/10/2025 10:36:00,3,190,2010,3,0,-999
09/10/2025 10:36:16,3,190,2010,3,0,-999
09/10/2025 10:36:32,3,190,2010,3,0,-999
09/10/2025 10:36:48,3,190,2010,3,0,-999
09/10/2025 10:37:04,3,190,2010,3,1,7550
09/10/2025 10:37:20,3,190,2010,3,1,7550
09/10/2025 10:37:36,3,190,2010,3,0,-999
09/10/2025 10:37:52,3,190,2010,3,0,-999
09/10/2025 10:38:08,3,190,2010,3,0,-999
09/10/2025 10:38:24,3,190,2010,3,0,-999
09/10/2025 10:38:40,3,190,2010,3,0,-999
09/10/2025 10:38:56,3,190,2010,3,0,-999
09/10/2025 10:39:12,3,190,2010,3,0,-999
09/10/2025 10:39:28,3,190,2010,3,0,-999
09/10/2025 10:39:44,3,190,2010,3,0,-999
09/10/2025 10:40:00,3,190,2010,3,0,-999
09/10/2025 10:40:16,3,190,2010,3,0,-999
09/10/2025 10:40:32,3,190,2010,3,0,-999
09/10/2025 10:40:48,3,190,2010,3,0,-999
09/10/2025 10:41:04,3,190,2010,3,0,-999
09/10/2025 10:41:20,3,190,2010,3,0,-999
09/10/2025 10:41:36,3,180,2010,3,0,-999
09/10/2025 10:41:52,3,180,2010,3,0,-999
09/10/2025 10:42:08,3,180,2010,3,0,-999
09/10/2025 10:42:24,3,180,2010,3,0,-999
09/10/2025 10:42:40,3,180,2010,3,0,-999
09/10/2025 10:42:56,3,180,2010,3,0,-999
09/10/2025 10:43:12,3,180,2010,3,0,-999
09/10/2025 10:43:28,3,180,2010,3,0,-999
09/10/2025 10:43:44,3,180,2010,3,0,-999
09/10/2025 10:44:00,3,180,2010,3,0,-999
09/10/2025 10:44:16,3,180,2010,3,0,-999
09/10/2025 10:44:32,3,170,2010,3,0,-999
09/10/2025 10:44:48,3,170,2010,3,0,-999
09/10/2025 10:45:04,3,170,2010,3,0,-999
09/10/2025 10:45:20,3,170,2010,3,0,-999
09/10/2025 10:45:36,3,170,2010,3,0,-999
09/10/2025 10:45:52,3,170,2010,3,0,-999
09/10/2025 10:46:08,3,170,2010,3,0,-999
09/10/2025 10:46:24,3,170,2010,3,0,-999
09/10/2025 10:46:40,3,170,2010,3,0,-999
09/10/2025 10:46:56,3,170,2010,3,0,-999
09/10/2025 10:47:12,3,170,2010,3,0,-999
09/10/2025 10:47:28,3,170,2010,3,0,-999
09/10/2025 10:47:44,3,170,2010,3,0,-999
09/10/2025 10:48:00,3,170,2010,3,0,-999
09/10/2025 10:48:16,3,170,2010,3,0,-999
09/10/2025 10:48:32,3,1050,2010,3,0,-999
09/10/2025 10:48:48,3,1040,2010,3,0,-999
09/10/2025 10:49:04,3,1050,2010,3,0,-999
09/10/2025 10:49:20,3,1060,2010,3,0,-999
09/10/2025 10:49:36,3,1050,2010,3,0,-999
09/10/2025 10:49:52,3,1030,2010,3,0,-999
09/10/2025 10:50:08,3,1020,2010,3,0,-999
09/10/2025 10:50:24,3,1000,2010,3,1,7200
09/10/2025 10:50:40,3,970,2010,3,1,7200
09/10/2025 10:50:56,3,980,2010,3,1,7190
09/10/2025 10:51:12,3,980,2010,3,1,7190
09/10/2025 10:51:28,3,990,2010,3,0,-999
09/10/2025 10:51:44,3,990,2010,3,0,-999
09/10/2025 10:52:00,3,980,2010,3,0,-999
09/10/2025 10:52:16,3,950,2010,3,0,-999
09/10/2025 10:52:32,3,930,2010,3,0,-999
09/10/2025 10:52:48,3,930,2010,3,0,-999
09/10/2025 10:53:04,3,920,2010,3,0,-999
09/10/2025 10:53:20,3,920,2010,3,0,-999
09/10/2025 10:53:36,3,920,2010,3,0,-999
09/10/2025 10:53:52,3,930,2010,3,0,-999
09/10/2025 10:54:08,3,290,2010,3,0,-999
09/10/2025 10:54:24,3,290,2010,3,1,6920
09/10/2025 10:54:40,3,290,2010,3,1,6920
09/10/2025 10:54:56,3,290,2010,3,1,6920
09/10/2025 10:55:12,3,290,2010,3,1,6890
09/10/2025 10:55:28,3,290,2010,3,1,6890
09/10/2025 10:55:44,3,290,2010,3,1,6860
09/10/2025 10:56:00,3,290,2010,3,1,6860
09/10/2025 10:56:16,3,290,2010,3,1,6850
09/10/2025 10:56:32,3,290,2010,3,1,6850
09/10/2025 10:56:48,3,290,2010,3,1,6840
09/10/2025 10:57:04,3,290,2010,3,1,6840
09/10/2025 10:57:20,3,290,2010,3,1,6840
09/10/2025 10:57:36,3,290,2010,3,2,6800
09/10/2025 10:57:52,3,290,2010,3,2,6800
09/10/2025 10:58:08,3,290,2010,3,1,6840
09/10/2025 10:58:24,3,290,2010,3,1,6840
09/10/2025 10:58:40,3,290,2010,3,1,6840
09/10/2025 10:58:56,3,290,2010,3,1,6840
09/10/2025 10:59:12,3,290,2010,3,1,6700
09/10/2025 10:59:28,3,290,2010,3,1,6700
09/10/2025 10:59:44,3,290,2010,3,1,6700
