# Time, Layer_QualityIndex,bl_height,Mean_Layer_Height,n_BL,cloud_stat,cloud_dat
10/06/2026 10:00:00,3,250,230,3,0,-999
10/06/2026 10:00:16,3,250,230,3,0,-999
10/06/2026 10:00:32,3,250,230,3,0,-999
10/06/2026 10:00:48,3,250,230,3,0,-999
10/06/2026 10:01:04,3,250,230,3,0,-999
10/06/2026 10:01:20,3,250,230,3,0,-999
10/06/2026 10:01:36,3,250,230,3,0,-999
10/06/2026 10:01:52,3,250,230,3,0,-999
10/06/2026 10:02:08,3,260,230,3,0,-999
10/06/2026 10:02:24,3,260,230,3,0,-999
10/06/2026 10:02:40,3,260,230,3,0,-999
10/06/2026 10:02:56,3,260,230,3,0,-999
10/06/2026 10:03:12,3,260,230,3,0,-999
10/06/2026 10:03:28,3,260,230,3,0,-999
10/06/2026 10:03:44,3,260,230,3,0,-999
10/06/2026 10:04:00,3,260,230,3,0,-999
10/06/2026 10:04:16,3,260,230,3,0,-999
10/06/2026 10:04:32,3,260,230,3,0,-999
10/06/2026 10:04:48,3,260,230,3,0,-999
10/06/2026 10:05:04,3,260,230,3,0,-999
10/06/2026 10:05:20,3,260,230,3,0,-999
10/06/2026 10:05:36,3,260,230,3,0,-999
10/06/2026 10:05:52,3,260,230,3,0,-999
10/06/2026 10:06:08,3,260,230,3,0,-999
10/06/2026 10:06:24,3,270,230,3,0,-999
10/06/2026 10:06:40,3,270,230,3,0,-999
10/06/2026 10:06:56,3,270,230,3,0,-999
10/06/2026 10:07:12,3,270,230,3,0,-999
10/06/2026 10:07:28,3,270,230,3,0,-999
10/06/2026 10:07:44,3,270,230,3,0,-999
10/06/2026 10:08:00,3,270,230,3,0,-999
10/06/2026 10:08:16,3,270,230,3,0,-999
10/06/2026 10:08:32,3,270,230,3,0,-999
10/06/2026 10:08:48,3,270,230,3,0,-999
10/06/2026 10:09:04,3,270,230,3,0,-999
10/06/2026 10:09:20,3,270,230,3,0,-999
10/06/2026 10:09:36,3,270,230,3,0,-999
10/06/2026 10:09:52,3,270,230,3,0,-999
10/06/2026 10:10:08,3,280,230,3,0,-999
10/06/2026 10:10:24,3,280,230,3,0,-999
10/06/2026 10:10:40,3,280,230,3,0,-999
10/06/2026 10:10:56,3,280,230,3,0,-999
10/06/2026 10:11:12,3,280,230,3,0,-999
10/06/2026 10:11:28,3,280,230,3,0,-999
10/06/2026 10:11:44,3,280,230,3,0,-999
10/06/2026 10:12:00,3,280,230,3,0,-999
10/06/2026 10:12:16,3,280,230,3,0,-999
10/06/2026 10:12:32,3,280,230,3,0,-999
10/06/2026 10:12:48,3,280,230,3,0,-999
10/06/2026 10:13:04,3,280,230,3,0,-999
10/06/2026 10:13:20,3,280,230,3,0,-999
10/06/2026 10:13:36,3,290,230,3,0,-999
10/06/2026 10:13:52,3,290,230,3,0,-999
10/06/2026 10:14:08,3,290,230,3,0,-999
10/06/2026 10:14:24,3,290,230,3,0,-999
10/06/2026 10:14:40,3,290,230,3,0,-999
10/06/2026 10:14:56,3,290,230,3,0,-999
10/06/2026 10:15:12,3,290,230,3,0,-999
10/06/2026 10:15:28,3,290,230,3,0,-999
10/06/2026 10:15:44,3,290,230,3,0,-999
10/06/2026 10:16:00,3,290,230,3,0,-999
10/06/2026 10:16:16,3,290,230,3,0,-999
10/06/2026 10:16:32,3,290,230,3,0,-999
10/06/2026 10:16:48,3,290,230,3,0,-999
10/06/2026 10:17:04,3,290,230,3,0,-999
10/06/2026 10:17:20,3,290,230,3,0,-999
10/06/2026 10:17:36,3,290,230,3,0,-999
10/06/2026 10:17:52,3,290,230,3,0,-999
10/06/2026 10:18:08,3,290,230,3,0,-999
10/06/2026 10:18:24,3,290,230,3,0,-999
10/06/2026 10:18:40,3,290,230,3,0,-999
10/06/2026 10:18:56,3,290,230,3,0,-999
10/06/2026 10:19:12,3,300,230,3,0,-999
10/06/2026 10:19:28,3,300,230,3,0,-999
10/06/2026 10:19:44,3,300,230,3,0,-999
10/06/2026 10:20:00,3,300,230,3,0,-999
10/06/2026 10:20:16,3,300,230,3,0,-999
10/06/2026 10:20:32,3,300,230,3,0,-999
10/06/2026 10:20:48,3,300,230,3,0,-999
10/06/2026 10:21:04,3,300,230,3,0,-999
10/06/2026 10:21:20,3,300,230,3,0,-999
10/06/2026 10:21:36,3,300,230,3,0,-999
10/06/2026 10:21:52,3,300,230,3,0,-999
10/06/2026 10:22:08,3,300,230,3,0,-999
10/06/2026 10:22:24,3,300,230,3,0,-999
10/06/2026 10:22:40,3,310,230,3,0,-999
10/06/2026 10:22:56,3,310,230,3,0,-999
10/06/2026 10:23:12,3,310,230,3,0,-999
10/06/2026 10:23:28,3,310,230,3,0,-999
10/06/2026 10:23:44,3,310,230,3,0,-999
10/06/2026 10:24:00,3,310,230,3,0,-999
10/06/2026 10:24:16,3,310,230,3,0,-999
10/06/2026 10:24:32,3,310,230,3,0,-999
10/06/2026 10:24:48,3,310,230,3,0,-999
10/06/2026 10:25:04,3,310,230,3,0,-999
10/06/2026 10:25:20,3,310,230,3,0,-999
10/06/2026 10:25:36,3,320,230,3,0,-999
10/06/2026 10:25:52,3,320,230,3,0,-999
10/06/2026 10:26:08,3,320,230,3,0,-999
10/06/2026 10:26:24,3,320,230,3,0,-999
10/06/2026 10:26:40,3,320,230,3,0,-999
10/06/2026 10:26:56,3,320,230,3,0,-999
10/06/2026 10:27:12,3,320,230,3,0,-999
10/06/2026 10:27:28,3,320,230,3,0,-999
10/06/2026 10:27:44,3,320,230,3,0,-999
10/06/2026 10:28:00,3,320,230,3,0,-999
10/06/2026 10:28:16,3,320,230,3,0,-999
10/06/2026 10:28:32,3,320,230,3,0,-999
10/06/2026 10:28:48,3,320,230,3,0,-999
10/06/2026 10:29:04,3,320,230,3,0,-999
10/06/2026 10:29:20,3,330,230,3,0,-999
10/06/2026 10:29:36,3,330,230,3,0,-999
10/06/2026 10:29:52,3,330,230,3,0,-999
10/06/2026 10:30:08,3,330,230,3,0,-999
10/06/2026 10:30:24,3,330,230,3,0,-999
10/06/2026 10:30:40,3,330,230,3,0,-999
10/06/2026 10:30:56,3,330,230,3,0,-999
10/06/2026 10:31:12,3,330,230,3,0,-999
10/06/2026 10:31:28,3,330,230,3,0,-999
10/06/2026 10:31:44,3,330,230,3,0,-999
10/06/2026 10:32:00,3,330,230,3,0,-999
10/06/2026 10:32:16,3,330,230,3,0,-999
10/06/2026 10:32:32,3,330,230,3,0,-999
10/06/2026 10:32:48,3,330,230,3,0,-999
10/06/2026 10:33:04,3,330,230,3,0,-999
10/06/2026 10:33:20,3,330,230,3,0,-999
10/06/2026 10:33:36,3,330,230,3,0,-999
10/06/2026 10:33:52,3,330,230,3,0,-999
10/06/2026 10:34:08,3,330,230,3,0,-999
10/06/2026 10:34:24,3,330,230,3,0,-999
10/06/2026 10:34:40,3,330,230,3,0,-999
10/06/2026 10:34:56,3,330,230,3,0,-999
10/06/2026 10:35:12,3,330,230,3,0,-999
10/06/2026 10:35:28,3,330,230,3,0,-999
10/06/2026 10:35:44,3,330,230,3,0,-999
10/06/2026 10:36:00,3,330,230,3,0,-999
10/06/2026 10:36:16,3,330,230,3,0,-999
10/06/2026 10:36:32,3,330,230,3,0,-999
10/06/2026 10:36:48,3,330,230,3,0,-999
10/06/2026 10:37:04,3,330,230,3,0,-999
10/06/2026 10:37:20,3,330,230,3,0,-999
10/06/2026 10:37:36,3,330,230,3,0,-999
10/06/2026 10:37:52,3,330,230,3,0,-999
10/06/2026 10:38:08,3,330,230,3,0,-999
10/06/2026 10:38:24,3,330,230,3,0,-999
10/06/2026 10:38:40,3,330,230,3,0,-999
10/06/2026 10:38:56,3,330,230,3,0,-999
10/06/2026 10:39:12,3,330,230,3,0,-999
10/06/2026 10:39:28,3,330,230,3,0,-999
10/06/2026 10:39:44,3,330,230,3,0,-999
10/06/2026 10:40:00,3,330,230,3,0,-999
10/06/2026 10:40:16,3,330,230,3,0,-999
10/06/2026 10:40:32,3,330,230,3,0,-999
10/06/2026 10:40:48,3,330,230,3,0,-999
10/06/2026 10:41:04,3,330,230,3,0,-999
10/06/2026 10:41:20,3,330,230,3,0,-999
10/06/2026 10:41:36,3,330,230,3,0,-999
10/06/2026 10:41:52,3,330,230,3,0,-999
10/06/2026 10:42:08,3,330,230,3,0,-999
10/06/2026 10:42:24,3,330,230,3,0,-999
10/06/2026 10:42:40,3,330,230,3,0,-999
10/06/2026 10:42:56,3,330,230,3,0,-999
10/06/2026 10:43:12,3,330,230,3,0,-999
10/06/2026 10:43:28,3,330,230,3,0,-999
10/06/2026 10:43:44,3,330,230,3,0,-999
10/06/2026 10:44:00,3,330,230,3,0,-999
10/06/2026 10:44:16,3,330,230,3,0,-999
10/06/2026 10:44:32,3,330,230,3,0,-999
10/06/2026 10:44:48,3,330,230,3,0,-999
10/06/2026 10:45:04,3,330,230,3,0,-999
10/06/2026 10:45:20,3,330,230,3,0,-999
10/06/2026 10:45:36,3,330,230,3,0,-999
10/06/2026 10:45:52,3,330,230,3,0,-999
10/06/2026 10:46:08,3,330,230,3,0,-999
10/06/2026 10:46:24,3,330,230,3,0,-999
10/06/2026 10:46:40,3,330,230,3,1,10400
10/06/2026 10:46:56,3,330,230,3,1,10400
10/06/2026 10:47:12,3,340,230,3,1,10400
10/06/2026 10:47:28,3,340,230,3,1,10400
10/06/2026 10:47:44,3,340,230,3,1,10400
10/06/2026 10:48:00,3,340,230,3,1,10400
10/06/2026 10:48:16,3,340,230,3,1,10400
10/06/2026 10:48:32,3,340,230,3,0,-999
10/06/2026 10:48:48,3,340,230,3,0,-999
10/06/2026 10:49:04,3,340,230,3,0,-999
10/06/2026 10:49:20,3,350,230,3,0,-999
10/06/2026 10:49:36,3,350,230,3,0,-999
10/06/2026 10:49:52,3,350,230,3,0,-999
10/06/2026 10:50:08,3,350,230,3,0,-999
10/06/2026 10:50:24,3,350,230,3,0,-999
10/06/2026 10:50:40,3,350,230,3,0,-999
10/06/2026 10:50:56,3,350,230,3,0,-999
10/06/2026 10:51:12,3,350,230,3,0,-999
10/06/2026 10:51:28,3,360,230,3,0,-999
10/06/2026 10:51:44,3,360,230,3,0,-999
10/06/2026 10:52:00,3,360,230,3,0,-999
10/06/2026 10:52:16,3,360,230,3,0,-999
10/06/2026 10:52:32,3,360,230,3,0,-999
10/06/2026 10:52:48,3,360,230,3,0,-999
10/06/2026 10:53:04,3,360,230,3,0,-999
10/06/2026 10:53:20,3,360,230,3,0,-999
10/06/2026 10:53:36,3,360,230,3,0,-999
10/06/2026 10:53:52,3,360,230,3,0,-999
10/06/2026 10:54:08,3,360,230,3,0,-999
10/06/2026 10:54:24,3,360,230,3,0,-999
10/06/2026 10:54:40,3,360,230,3,0,-999
10/06/2026 10:54:56,3,360,230,3,0,-999
10/06/2026 10:55:12,3,360,230,3,0,-999
10/06/2026 10:55:28,3,360,230,3,0,-999
10/06/2026 10:55:44,3,360,230,3,0,-999
10/06/2026 10:56:00,3,360,230,3,0,-999
10/06/2026 10:56:16,3,360,230,3,0,-999
10/06/2026 10:56:32,3,360,230,3,0,-999
10/06/2026 10:56:48,3,360,230,3,0,-999
10/06/2026 10:57:04,3,360,230,3,0,-999
10/06/2026 10:57:20,3,360,230,3,0,-999
10/06/2026 10:57:36,3,360,230,3,0,-999
10/06/2026 10:57:52,3,360,230,3,0,-999
10/06/2026 10:58:08,3,360,230,3,0,-999
10/06/2026 10:58:24,3,360,230,3,0,-999
10/06/2026 10:58:40,3,370,230,3,0,-999
10/06/2026 10:58:56,3,370,230,3,0,-999
10/06/2026 10:59:12,3,370,230,3,0,-999
10/06/2026 10:59:28,3,370,230,3,0,-999
10/06/2026 10:59:44,3,370,230,3,0,-999
10/06/2026 11:00:00,-999,370,-999,3,0,-999
10/06/2026 11:00:16,-999,370,-999,3,0,-999
10/06/2026 11:00:32,-999,370,-999,3,0,-999
10/06/2026 11:00:48,-999,370,-999,3,0,-999
10/06/2026 11:01:04,-999,370,-999,3,0,-999
10/06/2026 11:01:20,-999,370,-999,3,0,-999
10/06/2026 11:01:36,-999,370,-999,3,0,-999
10/06/2026 11:01:52,-999,370,-999,3,0,-999
10/06/2026 11:02:08,-999,370,-999,3,0,-999
10/06/2026 11:02:24,-999,370,-999,3,0,-999
10/06/2026 11:02:40,-999,360,-999,3,0,-999
10/06/2026 11:02:56,-999,360,-999,3,0,-999
10/06/2026 11:03:12,-999,360,-999,3,0,-999
10/06/2026 11:03:28,-999,360,-999,3,0,-999
10/06/2026 11:03:44,-999,360,-999,3,0,-999
10/06/2026 11:04:00,-999,360,-999,3,0,-999
10/06/2026 11:04:16,-999,360,-999,3,0,-999
10/06/2026 11:04:32,-999,360,-999,3,0,-999
10/06/2026 11:04:48,-999,360,-999,3,0,-999
10/06/2026 11:05:04,-999,360,-999,3,0,-999
10/06/2026 11:05:20,-999,360,-999,3,0,-999
10/06/2026 11:05:36,-999,360,-999,3,0,-999
10/06/2026 11:05:52,-999,360,-999,3,0,-999
10/06/2026 11:06:08,-999,360,-999,3,0,-999
10/06/2026 11:06:24,-999,360,-999,3,0,-999
10/06/2026 11:06:40,-999,360,-999,3,0,-999
10/06/2026 11:06:56,-999,360,-999,3,0,-999
10/06/2026 11:07:12,-999,360,-999,3,0,-999
10/06/2026 11:07:28,-999,360,-999,3,0,-999
10/06/2026 11:07:44,-999,360,-999,3,0,-999
10/06/2026 11:08:00,-999,360,-999,3,0,-999
10/06/2026 11:08:16,-999,360,-999,3,0,-999
10/06/2026 11:08:32,-999,360,-999,3,0,-999
10/06/2026 11:08:48,-999,350,-999,3,0,-999
10/06/2026 11:09:04,-999,350,-999,3,0,-999
10/06/2026 11:09:20,-999,350,-999,3,0,-999
10/06/2026 11:09:36,-999,350,-999,3,0,-999
10/06/2026 11:09:52,-999,350,-999,3,0,-999
10/06/2026 11:10:08,-999,350,-999,3,0,-999
10/06/2026 11:10:24,-999,350,-999,3,0,-999
10/06/2026 11:10:40,-999,350,-999,3,1,9970
10/06/2026 11:10:56,-999,350,-999,3,1,9970
10/06/2026 11:11:12,-999,350,-999,3,1,9940
10/06/2026 11:11:28,-999,350,-999,3,1,9940
10/06/2026 11:11:44,-999,350,-999,3,1,9940
10/06/2026 11:12:00,-999,350,-999,3,1,9910
10/06/2026 11:12:16,-999,350,-999,3,1,9910
10/06/2026 11:12:32,-999,350,-999,3,2,9670
10/06/2026 11:12:48,-999,350,-999,3,2,9670
10/06/2026 11:13:04,-999,350,-999,3,1,9670
10/06/2026 11:13:20,-999,350,-999,3,1,9670
10/06/2026 11:13:36,-999,350,-999,3,1,9670
10/06/2026 11:13:52,-999,350,-999,3,1,9670
10/06/2026 11:14:08,-999,350,-999,3,1,9670
10/06/2026 11:14:24,-999,350,-999,3,1,9670
10/06/2026 11:14:40,-999,350,-999,3,1,9670
10/06/2026 11:14:56,-999,350,-999,3,2,9670
10/06/2026 11:15:12,-999,350,-999,3,2,9670
10/06/2026 11:15:28,-999,350,-999,3,1,10110
10/06/2026 11:15:44,-999,350,-999,3,1,10110
10/06/2026 11:16:00,-999,350,-999,3,1,10130
10/06/2026 11:16:16,-999,350,-999,3,1,10130
10/06/2026 11:16:32,-999,350,-999,3,1,10130
10/06/2026 11:16:48,-999,350,-999,3,1,10170
10/06/2026 11:17:04,-999,350,-999,3,1,10170
10/06/2026 11:17:20,-999,350,-999,3,1,10170
10/06/2026 11:17:36,-999,350,-999,3,1,10170
10/06/2026 11:17:52,-999,350,-999,3,1,10170
10/06/2026 11:18:08,-999,350,-999,3,1,10170
10/06/2026 11:18:24,-999,350,-999,3,1,10170
10/06/2026 11:18:40,-999,350,-999,3,1,10170
10/06/2026 11:18:56,-999,350,-999,3,1,10170
10/06/2026 11:19:12,-999,350,-999,3,1,10170
10/06/2026 11:19:28,-999,350,-999,3,1,10170
10/06/2026 11:19:44,-999,350,-999,3,1,10160
10/06/2026 11:20:00,-999,350,-999,3,1,10160
10/06/2026 11:20:16,-999,350,-999,3,0,-999
10/06/2026 11:20:32,-999,350,-999,3,0,-999
10/06/2026 11:20:48,-999,350,-999,3,0,-999
10/06/2026 11:21:04,-999,350,-999,3,0,-999
10/06/2026 11:21:20,-999,350,-999,3,0,-999
10/06/2026 11:21:36,-999,350,-999,3,0,-999
10/06/2026 11:21:52,-999,350,-999,3,0,-999
10/06/2026 11:22:08,-999,350,-999,3,0,-999
10/06/2026 11:22:24,-999,350,-999,3,0,-999
10/06/2026 11:22:40,-999,350,-999,3,0,-999
10/06/2026 11:22:56,-999,350,-999,3,0,-999
10/06/2026 11:23:12,-999,350,-999,3,0,-999
10/06/2026 11:23:28,-999,350,-999,3,0,-999
10/06/2026 11:23:44,-999,350,-999,3,0,-999
10/06/2026 11:24:00,-999,350,-999,3,0,-999
10/06/2026 11:24:16,-999,350,-999,3,0,-999
10/06/2026 11:24:32,-999,360,-999,3,0,-999
10/06/2026 11:24:48,-999,360,-999,3,0,-999
10/06/2026 11:25:04,-999,360,-999,3,0,-999
10/06/2026 11:25:20,-999,360,-999,3,0,-999
10/06/2026 11:25:36,-999,360,-999,3,0,-999
10/06/2026 11:25:52,-999,360,-999,3,0,-999
10/06/2026 11:26:08,-999,360,-999,3,0,-999
10/06/2026 11:26:24,-999,360,-999,3,0,-999
10/06/2026 11:26:40,-999,350,-999,3,0,-999
10/06/2026 11:26:56,-999,350,-999,3,0,-999
10/06/2026 11:27:12,-999,350,-999,3,0,-999
10/06/2026 11:27:28,-999,350,-999,3,0,-999
10/06/2026 11:27:44,-999,350,-999,3,0,-999
10/06/2026 11:28:00,-999,350,-999,3,0,-999
10/06/2026 11:28:16,-999,350,-999,3,0,-999
10/06/2026 11:28:32,-999,350,-999,3,0,-999
10/06/2026 11:28:48,-999,350,-999,3,1,10150
10/06/2026 11:29:04,-999,350,-999,3,1,10150
10/06/2026 11:29:20,-999,350,-999,3,1,10100
10/06/2026 11:29:36,-999,350,-999,3,1,10100
10/06/2026 11:29:52,-999,350,-999,3,1,10100
10/06/2026 11:30:08,-999,350,-999,3,1,10100
10/06/2026 11:30:24,-999,350,-999,3,1,10090
10/06/2026 11:30:40,-999,350,-999,3,1,10090
10/06/2026 11:30:56,-999,350,-999,3,1,10090
10/06/2026 11:31:12,-999,350,-999,3,1,10040
10/06/2026 11:31:28,-999,350,-999,3,1,10040
10/06/2026 11:31:44,-999,350,-999,3,1,10040
10/06/2026 11:32:00,-999,350,-999,3,1,10040
10/06/2026 11:32:16,-999,350,-999,3,1,9980
10/06/2026 11:32:32,-999,350,-999,3,1,9980
10/06/2026 11:32:48,-999,350,-999,3,2,9650
10/06/2026 11:33:04,-999,350,-999,3,2,9650
10/06/2026 11:33:20,-999,350,-999,3,2,9650
10/06/2026 11:33:36,-999,350,-999,3,1,9650
10/06/2026 11:33:52,-999,350,-999,3,1,9650
10/06/2026 11:34:08,-999,350,-999,3,0,-999
10/06/2026 11:34:24,-999,350,-999,3,0,-999
10/06/2026 11:34:40,-999,350,-999,3,0,-999
10/06/2026 11:34:56,-999,350,-999,3,0,-999
10/06/2026 11:35:12,-999,350,-999,3,0,-999
10/06/2026 11:35:28,-999,350,-999,3,0,-999
10/06/2026 11:35:44,-999,350,-999,3,0,-999
10/06/2026 11:36:00,-999,350,-999,3,0,-999
10/06/2026 11:36:16,-999,350,-999,3,0,-999
10/06/2026 11:36:32,-999,350,-999,3,0,-999
10/06/2026 11:36:48,-999,350,-999,3,0,-999
10/06/2026 11:37:04,-999,350,-999,3,0,-999
10/06/2026 11:37:20,-999,360,-999,3,0,-999
10/06/2026 11:37:36,-999,360,-999,3,0,-999
10/06/2026 11:37:52,-999,360,-999,3,0,-999
10/06/2026 11:38:08,-999,360,-999,3,0,-999
10/06/2026 11:38:24,-999,360,-999,3,0,-999
10/06/2026 11:38:40,-999,360,-999,3,0,-999
10/06/2026 11:38:56,-999,360,-999,3,1,9630
10/06/2026 11:39:12,-999,360,-999,3,1,9630
10/06/2026 11:39:28,-999,360,-999,3,0,-999
10/06/2026 11:39:44,-999,370,-999,3,0,-999
10/06/2026 11:40:00,-999,370,-999,3,1,9460
10/06/2026 11:40:16,-999,370,-999,3,1,9460
10/06/2026 11:40:32,-999,370,-999,3,1,9460
10/06/2026 11:40:48,-999,370,-999,3,1,9420
10/06/2026 11:41:04,-999,370,-999,3,1,9420
10/06/2026 11:41:20,-999,370,-999,3,2,9410
10/06/2026 11:41:36,-999,370,-999,3,2,9410
10/06/2026 11:41:52,-999,370,-999,3,0,-999
10/06/2026 11:42:08,-999,370,-999,3,0,-999
10/06/2026 11:42:24,-999,370,-999,3,1,9840
10/06/2026 11:42:40,-999,370,-999,3,1,9840
10/06/2026 11:42:56,-999,370,-999,3,1,9840
10/06/2026 11:43:12,-999,370,-999,3,1,9940
10/06/2026 11:43:28,-999,380,-999,3,1,9940
10/06/2026 11:43:44,-999,380,-999,3,0,-999
10/06/2026 11:44:00,-999,380,-999,3,0,-999
10/06/2026 11:44:16,-999,380,-999,3,0,-999
10/06/2026 11:44:32,-999,380,-999,3,0,-999
10/06/2026 11:44:48,-999,380,-999,3,0,-999
10/06/2026 11:45:04,-999,380,-999,3,0,-999
10/06/2026 11:45:20,-999,380,-999,3,0,-999
10/06/2026 11:45:36,-999,380,-999,3,0,-999
10/06/2026 11:45:52,-999,380,-999,3,0,-999
10/06/2026 11:46:08,-999,380,-999,3,0,-999
10/06/2026 11:46:24,-999,380,-999,3,0,-999
10/06/2026 11:46:40,-999,380,-999,3,1,10180
10/06/2026 11:46:56,-999,380,-999,3,1,10180
10/06/2026 11:47:12,-999,380,-999,3,1,10200
10/06/2026 11:47:28,-999,380,-999,3,1,10200
10/06/2026 11:47:44,-999,390,-999,3,1,10200
10/06/2026 11:48:00,-999,390,-999,3,1,10170
10/06/2026 11:48:16,-999,390,-999,3,1,10170
10/06/2026 11:48:32,-999,390,-999,3,1,10240
10/06/2026 11:48:48,-999,390,-999,3,1,10240
10/06/2026 11:49:04,-999,400,-999,3,0,-999
10/06/2026 11:49:20,-999,400,-999,3,0,-999
10/06/2026 11:49:36,-999,400,-999,3,0,-999
10/06/2026 11:49:52,-999,400,-999,3,0,-999
10/06/2026 11:50:08,-999,400,-999,3,0,-999
10/06/2026 11:50:24,-999,400,-999,3,0,-999
10/06/2026 11:50:40,-999,400,-999,3,0,-999
10/06/2026 11:50:56,-999,400,-999,3,1,10230
10/06/2026 11:51:12,-999,400,-999,3,1,10230
10/06/2026 11:51:28,-999,400,-999,3,0,-999
10/06/2026 11:51:44,-999,400,-999,3,0,-999
10/06/2026 11:52:00,-999,400,-999,3,0,-999
10/06/2026 11:52:16,-999,400,-999,3,0,-999
10/06/2026 11:52:32,-999,400,-999,3,0,-999
10/06/2026 11:52:48,-999,400,-999,3,0,-999
10/06/2026 11:53:04,-999,400,-999,3,0,-999
10/06/2026 11:53:20,-999,410,-999,3,0,-999
10/06/2026 11:53:36,-999,410,-999,3,0,-999
10/06/2026 11:53:52,-999,410,-999,3,0,-999
10/06/2026 11:54:08,-999,410,-999,3,0,-999
10/06/2026 11:54:24,-999,410,-999,3,0,-999
10/06/2026 11:54:40,-999,410,-999,3,0,-999
10/06/2026 11:54:56,-999,420,-999,3,0,-999
10/06/2026 11:55:12,-999,420,-999,3,0,-999
10/06/2026 11:55:28,-999,420,-999,3,0,-999
10/06/2026 11:55:44,-999,430,-999,3,0,-999
10/06/2026 11:56:00,-999,430,-999,3,0,-999
10/06/2026 11:56:16,-999,430,-999,3,0,-999
10/06/2026 11:56:32,-999,430,-999,3,0,-999
10/06/2026 11:56:48,-999,430,-999,3,0,-999
10/06/2026 11:57:04,-999,430,-999,3,0,-999
10/06/2026 11:57:20,-999,430,-999,3,0,-999
10/06/2026 11:57:36,-999,430,-999,3,0,-999
10/06/2026 11:57:52,-999,430,-999,3,0,-999
10/06/2026 11:58:08,-999,430,-999,3,0,-999
10/06/2026 11:58:24,-999,430,-999,3,0,-999
10/06/2026 11:58:40,-999,430,-999,3,0,-999
10/06/2026 11:58:56,-999,430,-999,3,0,-999
10/06/2026 11:59:12,-999,430,-999,3,0,-999
10/06/2026 11:59:28,-999,430,-999,3,0,-999
10/06/2026 11:59:44,-999,430,-999,3,0,-999
10/06/2026 12:00:00,-999,430,-999,3,0,-999
10/06/2026 12:00:16,3,430,360,3,0,-999
10/06/2026 12:00:32,3,430,360,3,0,-999
10/06/2026 12:00:48,3,430,360,3,0,-999
10/06/2026 12:01:04,3,430,360,3,0,-999
10/06/2026 12:01:20,3,430,360,3,0,-999
10/06/2026 12:01:36,3,430,360,3,1,9430
10/06/2026 12:01:52,3,430,360,3,1,9430
10/06/2026 12:02:08,3,430,360,3,1,9430
10/06/2026 12:02:24,3,430,360,3,1,9430
10/06/2026 12:02:40,3,430,360,3,1,9430
10/06/2026 12:02:56,3,430,360,3,1,9360
10/06/2026 12:03:12,3,430,360,3,1,9360
10/06/2026 12:03:28,3,430,360,3,1,9370
10/06/2026 12:03:44,3,430,360,3,1,9370
10/06/2026 12:04:00,3,430,360,3,1,9360
10/06/2026 12:04:16,3,430,360,3,1,9360
10/06/2026 12:04:32,3,430,360,3,1,9360
10/06/2026 12:04:48,3,430,360,3,1,9360
10/06/2026 12:05:04,3,430,360,3,1,9360
10/06/2026 12:05:20,3,430,360,3,1,9350
10/06/2026 12:05:36,3,430,360,3,1,9350
10/06/2026 12:05:52,3,430,360,3,1,9090
10/06/2026 12:06:08,3,430,360,3,1,9090
10/06/2026 12:06:24,3,430,360,3,1,9090
10/06/2026 12:06:40,3,430,360,3,1,9090
10/06/2026 12:06:56,3,430,360,3,1,9090
10/06/2026 12:07:12,3,430,360,3,1,9100
10/06/2026 12:07:28,3,430,360,3,1,9100
10/06/2026 12:07:44,3,430,360,3,0,-999
10/06/2026 12:08:00,3,430,360,3,0,-999
10/06/2026 12:08:16,3,430,360,3,0,-999
10/06/2026 12:08:32,3,430,360,3,0,-999
10/06/2026 12:08:48,3,430,360,3,0,-999
10/06/2026 12:09:04,3,430,360,3,0,-999
10/06/2026 12:09:20,3,430,360,3,0,-999
10/06/2026 12:09:36,3,430,360,3,0,-999
10/06/2026 12:09:52,3,430,360,3,0,-999
10/06/2026 12:10:08,3,430,360,3,0,-999
10/06/2026 12:10:24,3,430,360,3,0,-999
10/06/2026 12:10:40,3,430,360,3,0,-999
10/06/2026 12:10:56,3,430,360,3,0,-999
10/06/2026 12:11:12,3,430,360,3,0,-999
10/06/2026 12:11:28,3,430,360,3,0,-999
10/06/2026 12:11:44,3,430,360,3,0,-999
10/06/2026 12:12:00,3,430,360,3,0,-999
10/06/2026 12:12:16,3,430,360,3,0,-999
10/06/2026 12:12:32,3,-999,360,3,4,50
10/06/2026 12:12:48,3,-999,360,3,4,50
10/06/2026 12:13:04,3,440,360,3,0,-999
10/06/2026 12:13:20,3,440,360,3,0,-999
10/06/2026 12:13:36,3,440,360,3,0,-999
10/06/2026 12:13:52,3,440,360,3,0,-999
10/06/2026 12:14:08,3,440,360,3,0,-999
10/06/2026 12:14:24,3,440,360,3,0,-999
10/06/2026 12:14:40,3,440,360,3,0,-999
10/06/2026 12:14:56,3,450,360,3,0,-999
10/06/2026 12:15:12,3,450,360,3,0,-999
10/06/2026 12:15:28,3,450,360,3,0,-999
10/06/2026 12:15:44,3,450,360,3,0,-999
10/06/2026 12:16:00,3,450,360,3,0,-999
10/06/2026 12:16:16,3,450,360,3,0,-999
10/06/2026 12:16:32,3,450,360,3,0,-999
10/06/2026 12:16:48,3,450,360,3,0,-999
10/06/2026 12:17:04,3,450,360,3,0,-999
10/06/2026 12:17:20,3,450,360,3,0,-999
10/06/2026 12:17:36,3,450,360,3,0,-999
10/06/2026 12:17:52,3,450,360,3,0,-999
10/06/2026 12:18:08,3,450,360,3,0,-999
10/06/2026 12:18:24,3,450,360,3,0,-999
10/06/2026 12:18:40,3,450,360,3,0,-999
10/06/2026 12:18:56,3,450,360,3,0,-999
10/06/2026 12:19:12,3,450,360,3,0,-999
10/06/2026 12:19:28,3,450,360,3,0,-999
10/06/2026 12:19:44,3,450,360,3,0,-999
10/06/2026 12:20:00,3,450,360,3,0,-999
10/06/2026 12:20:16,3,460,360,3,0,-999
10/06/2026 12:20:32,3,460,360,3,0,-999
10/06/2026 12:20:48,3,460,360,3,0,-999
10/06/2026 12:21:04,3,460,360,3,0,-999
10/06/2026 12:21:20,3,460,360,3,0,-999
10/06/2026 12:21:36,3,460,360,3,0,-999
10/06/2026 12:21:52,3,460,360,3,0,-999
10/06/2026 12:22:08,3,470,360,3,0,-999
10/06/2026 12:22:24,3,470,360,3,0,-999
10/06/2026 12:22:40,3,470,360,3,0,-999
10/06/2026 12:22:56,3,470,360,3,0,-999
10/06/2026 12:23:12,3,470,360,3,0,-999
10/06/2026 12:23:28,3,470,360,3,0,-999
10/06/2026 12:23:44,3,470,360,3,0,-999
10/06/2026 12:24:00,3,470,360,3,0,-999
10/06/2026 12:24:16,3,470,360,3,0,-999
10/06/2026 12:24:32,3,480,360,3,0,-999
10/06/2026 12:24:48,3,480,360,3,0,-999
10/06/2026 12:25:04,3,480,360,3,0,-999
10/06/2026 12:25:20,3,480,360,3,0,-999
10/06/2026 12:25:36,3,480,360,3,0,-999
10/06/2026 12:25:52,3,480,360,3,0,-999
10/06/2026 12:26:08,3,490,360,3,0,-999
10/06/2026 12:26:24,3,490,360,3,0,-999
10/06/2026 12:26:40,3,490,360,3,0,-999
10/06/2026 12:26:56,3,490,360,3,0,-999
10/06/2026 12:27:12,3,490,360,3,0,-999
10/06/2026 12:27:28,3,500,360,3,0,-999
10/06/2026 12:27:44,3,510,360,3,0,-999
10/06/2026 12:28:00,3,510,360,3,0,-999
10/06/2026 12:28:16,3,510,360,3,0,-999
10/06/2026 12:28:32,3,1110,360,3,0,-999
10/06/2026 12:28:48,3,1110,360,3,0,-999
10/06/2026 12:29:04,3,1120,360,3,0,-999
10/06/2026 12:29:20,3,1120,360,3,0,-999
10/06/2026 12:29:36,3,1120,360,3,0,-999
10/06/2026 12:29:52,3,1120,360,3,0,-999
10/06/2026 12:30:08,3,1120,360,3,0,-999
10/06/2026 12:30:24,3,1120,360,3,0,-999
10/06/2026 12:30:40,3,1130,360,3,0,-999
10/06/2026 12:30:56,3,1130,360,3,0,-999
10/06/2026 12:31:12,3,1130,360,3,0,-999
10/06/2026 12:31:28,3,1130,360,3,0,-999
10/06/2026 12:31:44,3,1130,360,3,0,-999
10/06/2026 12:32:00,3,1130,360,3,0,-999
10/06/2026 12:32:16,3,1130,360,3,0,-999
10/06/2026 12:32:32,3,1130,360,3,0,-999
10/06/2026 12:32:48,3,1130,360,3,0,-999
10/06/2026 12:33:04,3,1130,360,3,0,-999
10/06/2026 12:33:20,3,1130,360,3,0,-999
10/06/2026 12:33:36,3,1140,360,3,0,-999
10/06/2026 12:33:52,3,1140,360,3,0,-999
10/06/2026 12:34:08,3,1150,360,3,0,-999
10/06/2026 12:34:24,3,1150,360,3,0,-999
10/06/2026 12:34:40,3,1160,360,3,0,-999
10/06/2026 12:34:56,3,1160,360,3,0,-999
10/06/2026 12:35:12,3,1170,360,3,0,-999
10/06/2026 12:35:28,3,1170,360,3,0,-999
10/06/2026 12:35:44,3,1170,360,3,0,-999
10/06/2026 12:36:00,3,1170,360,3,0,-999
10/06/2026 12:36:16,3,1180,360,3,0,-999
10/06/2026 12:36:32,3,1180,360,3,0,-999
10/06/2026 12:36:48,3,1190,360,3,0,-999
10/06/2026 12:37:04,3,1190,360,3,0,-999
10/06/2026 12:37:20,3,1190,360,3,0,-999
10/06/2026 12:37:36,3,1200,360,3,0,-999
10/06/2026 12:37:52,3,1200,360,3,0,-999
10/06/2026 12:38:08,3,1210,360,3,0,-999
10/06/2026 12:38:24,3,1210,360,3,0,-999
10/06/2026 12:38:40,3,1210,360,3,0,-999
10/06/2026 12:38:56,3,1210,360,3,0,-999
10/06/2026 12:39:12,3,1210,360,3,0,-999
10/06/2026 12:39:28,3,1210,360,3,0,-999
10/06/2026 12:39:44,3,1210,360,3,0,-999
10/06/2026 12:40:00,3,1210,360,3,0,-999
10/06/2026 12:40:16,3,1210,360,3,0,-999
10/06/2026 12:40:32,3,1210,360,3,0,-999
10/06/2026 12:40:48,3,1220,360,3,0,-999
10/06/2026 12:41:04,3,1220,360,3,0,-999
10/06/2026 12:41:20,3,1230,360,3,0,-999
10/06/2026 12:41:36,3,1230,360,3,0,-999
10/06/2026 12:41:52,3,1240,360,3,0,-999
10/06/2026 12:42:08,3,1240,360,3,0,-999
10/06/2026 12:42:24,3,1250,360,3,0,-999
10/06/2026 12:42:40,3,1250,360,3,0,-999
10/06/2026 12:42:56,3,1250,360,3,0,-999
10/06/2026 12:43:12,3,1260,360,3,0,-999
10/06/2026 12:43:28,3,1260,360,3,0,-999
10/06/2026 12:43:44,3,1260,360,3,0,-999
10/06/2026 12:44:00,3,1260,360,3,0,-999
10/06/2026 12:44:16,3,1260,360,3,0,-999
10/06/2026 12:44:32,3,1270,360,3,0,-999
10/06/2026 12:44:48,3,1270,360,3,1,9610
10/06/2026 12:45:04,3,1270,360,3,1,9610
10/06/2026 12:45:20,3,1270,360,3,1,9610
10/06/2026 12:45:36,3,1270,360,3,1,9600
10/06/2026 12:45:52,3,1270,360,3,1,9600
10/06/2026 12:46:08,3,1270,360,3,0,-999
10/06/2026 12:46:24,3,1270,360,3,0,-999
10/06/2026 12:46:40,3,1270,360,3,0,-999
10/06/2026 12:46:56,3,1280,360,3,0,-999
10/06/2026 12:47:12,3,1280,360,3,0,-999
10/06/2026 12:47:28,3,1270,360,3,0,-999
10/06/2026 12:47:44,3,1270,360,3,0,-999
10/06/2026 12:48:00,3,1270,360,3,0,-999
10/06/2026 12:48:16,3,1270,360,3,0,-999
10/06/2026 12:48:32,3,1270,360,3,0,-999
10/06/2026 12:48:48,3,1260,360,3,0,-999
10/06/2026 12:49:04,3,1260,360,3,0,-999
10/06/2026 12:49:20,3,1260,360,3,0,-999
10/06/2026 12:49:36,3,1270,360,3,0,-999
10/06/2026 12:49:52,3,1270,360,3,0,-999
10/06/2026 12:50:08,3,1270,360,3,0,-999
10/06/2026 12:50:24,3,1270,360,3,0,-999
10/06/2026 12:50:40,3,1280,360,3,0,-999
10/06/2026 12:50:56,3,1280,360,3,0,-999
10/06/2026 12:51:12,3,1280,360,3,0,-999
10/06/2026 12:51:28,3,1280,360,3,0,-999
10/06/2026 12:51:44,3,1270,360,3,0,-999
10/06/2026 12:52:00,3,1270,360,3,0,-999
10/06/2026 12:52:16,3,1280,360,3,0,-999
10/06/2026 12:52:32,3,1280,360,3,0,-999
10/06/2026 12:52:48,3,1280,360,3,0,-999
10/06/2026 12:53:04,3,1280,360,3,0,-999
10/06/2026 12:53:20,3,1280,360,3,0,-999
10/06/2026 12:53:36,3,1280,360,3,0,-999
10/06/2026 12:53:52,3,1290,360,3,0,-999
10/06/2026 12:54:08,3,1290,360,3,0,-999
10/06/2026 12:54:24,3,1290,360,3,0,-999
10/06/2026 12:54:40,3,1290,360,3,0,-999
10/06/2026 12:54:56,3,1290,360,3,0,-999
10/06/2026 12:55:12,3,1290,360,3,0,-999
10/06/2026 12:55:28,3,1290,360,3,0,-999
10/06/2026 12:55:44,3,1290,360,3,0,-999
10/06/2026 12:56:00,3,1290,360,3,0,-999
10/06/2026 12:56:16,3,1290,360,3,0,-999
10/06/2026 12:56:32,3,1290,360,3,0,-999
10/06/2026 12:56:48,3,1290,360,3,0,-999
10/06/2026 12:57:04,3,1290,360,3,0,-999
10/06/2026 12:57:20,3,1290,360,3,0,-999
10/06/2026 12:57:36,3,1300,360,3,0,-999
10/06/2026 12:57:52,3,1300,360,3,0,-999
10/06/2026 12:58:08,3,1300,360,3,0,-999
10/06/2026 12:58:24,3,1300,360,3,0,-999
10/06/2026 12:58:40,3,1300,360,3,0,-999
10/06/2026 12:58:56,3,1310,360,3,0,-999
10/06/2026 12:59:12,3,1310,360,3,0,-999
10/06/2026 12:59:28,3,1310,360,3,0,-999
10/06/2026 12:59:44,3,1310,360,3,0,-999
10/06/2026 13:00:00,2,1320,440,3,0,-999
10/06/2026 13:00:16,2,1320,440,3,0,-999
10/06/2026 13:00:32,2,1310,440,3,0,-999
10/06/2026 13:00:48,2,1310,440,3,0,-999
10/06/2026 13:01:04,2,1320,440,3,0,-999
10/06/2026 13:01:20,2,1320,440,3,0,-999
10/06/2026 13:01:36,2,1330,440,3,0,-999
10/06/2026 13:01:52,2,1330,440,3,0,-999
10/06/2026 13:02:08,2,1340,440,3,0,-999
10/06/2026 13:02:24,2,1340,440,3,0,-999
10/06/2026 13:02:40,2,1350,440,3,0,-999
10/06/2026 13:02:56,2,1350,440,3,0,-999
10/06/2026 13:03:12,2,1350,440,3,0,-999
10/06/2026 13:03:28,2,1360,440,3,0,-999
10/06/2026 13:03:44,2,1360,440,3,0,-999
10/06/2026 13:04:00,2,1360,440,3,0,-999
10/06/2026 13:04:16,2,1370,440,3,0,-999
10/06/2026 13:04:32,2,1370,440,3,0,-999
10/06/2026 13:04:48,2,1380,440,3,0,-999
10/06/2026 13:05:04,2,1380,440,3,0,-999
10/06/2026 13:05:20,2,1390,440,3,0,-999
10/06/2026 13:05:36,2,1390,440,3,0,-999
10/06/2026 13:05:52,2,1400,440,3,0,-999
10/06/2026 13:06:08,2,1410,440,3,0,-999
10/06/2026 13:06:24,2,1410,440,3,0,-999
10/06/2026 13:06:40,2,1410,440,3,0,-999
10/06/2026 13:06:56,2,1410,440,3,0,-999
10/06/2026 13:07:12,2,1410,440,3,0,-999
10/06/2026 13:07:28,2,1410,440,3,0,-999
10/06/2026 13:07:44,2,1410,440,3,0,-999
10/06/2026 13:08:00,2,1410,440,3,0,-999
10/06/2026 13:08:16,2,1410,440,3,0,-999
10/06/2026 13:08:32,2,1420,440,3,0,-999
10/06/2026 13:08:48,2,1430,440,3,0,-999
10/06/2026 13:09:04,2,1430,440,3,0,-999
10/06/2026 13:09:20,2,1440,440,3,0,-999
10/06/2026 13:09:36,2,1440,440,3,0,-999
10/06/2026 13:09:52,2,1430,440,3,0,-999
10/06/2026 13:10:08,2,1440,440,3,0,-999
10/06/2026 13:10:24,2,1440,440,3,0,-999
10/06/2026 13:10:40,2,1440,440,3,0,-999
10/06/2026 13:10:56,2,1440,440,3,0,-999
10/06/2026 13:11:12,2,1440,440,3,0,-999
10/06/2026 13:11:28,2,1440,440,3,0,-999
10/06/2026 13:11:44,2,1430,440,3,0,-999
10/06/2026 13:12:00,2,1440,440,3,0,-999
10/06/2026 13:12:16,2,1440,440,3,0,-999
10/06/2026 13:12:32,2,1440,440,3,0,-999
10/06/2026 13:12:48,2,1440,440,3,0,-999
10/06/2026 13:13:04,2,1440,440,3,0,-999
10/06/2026 13:13:20,2,1430,440,3,0,-999
10/06/2026 13:13:36,2,1440,440,3,0,-999
10/06/2026 13:13:52,2,1440,440,3,0,-999
10/06/2026 13:14:08,2,1440,440,3,0,-999
10/06/2026 13:14:24,2,1460,440,3,0,-999
10/06/2026 13:14:40,2,1470,440,3,0,-999
10/06/2026 13:14:56,2,1470,440,3,0,-999
10/06/2026 13:15:12,2,1470,440,3,0,-999
10/06/2026 13:15:28,2,1470,440,3,0,-999
10/06/2026 13:15:44,2,1470,440,3,0,-999
10/06/2026 13:16:00,2,1470,440,3,0,-999
10/06/2026 13:16:16,2,1470,440,3,0,-999
10/06/2026 13:16:32,2,1470,440,3,0,-999
10/06/2026 13:16:48,2,1470,440,3,0,-999
10/06/2026 13:17:04,2,1480,440,3,0,-999
10/06/2026 13:17:20,2,1480,440,3,0,-999
10/06/2026 13:17:36,2,1480,440,3,0,-999
10/06/2026 13:17:52,2,1480,440,3,0,-999
10/06/2026 13:18:08,2,1470,440,3,0,-999
10/06/2026 13:18:24,2,1480,440,3,0,-999
10/06/2026 13:18:40,2,1480,440,3,0,-999
10/06/2026 13:18:56,2,1480,440,3,0,-999
10/06/2026 13:19:12,2,1480,440,3,0,-999
10/06/2026 13:19:28,2,1490,440,3,0,-999
10/06/2026 13:19:44,2,1480,440,3,0,-999
10/06/2026 13:20:00,2,1480,440,3,0,-999
10/06/2026 13:20:16,2,1480,440,3,0,-999
10/06/2026 13:20:32,2,1480,440,3,0,-999
10/06/2026 13:20:48,2,1490,440,3,0,-999
10/06/2026 13:21:04,2,1490,440,3,0,-999
10/06/2026 13:21:20,2,1500,440,3,0,-999
10/06/2026 13:21:36,2,1510,440,3,0,-999
10/06/2026 13:21:52,2,1510,440,3,0,-999
10/06/2026 13:22:08,2,1510,440,3,0,-999
10/06/2026 13:22:24,2,1510,440,3,0,-999
10/06/2026 13:22:40,2,1520,440,3,0,-999
10/06/2026 13:22:56,2,1520,440,3,0,-999
10/06/2026 13:23:12,2,1520,440,3,0,-999
10/06/2026 13:23:28,2,1530,440,3,0,-999
10/06/2026 13:23:44,2,1540,440,3,0,-999
10/06/2026 13:24:00,2,1540,440,3,0,-999
10/06/2026 13:24:16,2,1540,440,3,0,-999
10/06/2026 13:24:32,2,1540,440,3,0,-999
10/06/2026 13:24:48,2,1540,440,3,0,-999
10/06/2026 13:25:04,2,1550,440,3,0,-999
10/06/2026 13:25:20,2,1570,440,3,0,-999
10/06/2026 13:25:36,2,1570,440,3,0,-999
10/06/2026 13:25:52,2,1570,440,3,0,-999
10/06/2026 13:26:08,2,1570,440,3,0,-999
10/06/2026 13:26:24,2,1570,440,3,0,-999
10/06/2026 13:26:40,2,1570,440,3,0,-999
10/06/2026 13:26:56,2,1580,440,3,0,-999
10/06/2026 13:27:12,2,1590,440,3,0,-999
10/06/2026 13:27:28,2,1590,440,3,0,-999
10/06/2026 13:27:44,2,1580,440,3,0,-999
10/06/2026 13:28:00,2,1580,440,3,0,-999
10/06/2026 13:28:16,2,1570,440,3,0,-999
10/06/2026 13:28:32,2,1570,440,3,0,-999
10/06/2026 13:28:48,2,1570,440,3,0,-999
10/06/2026 13:29:04,2,1570,440,3,0,-999
10/06/2026 13:29:20,2,1570,440,3,0,-999
10/06/2026 13:29:36,2,1570,440,3,0,-999
10/06/2026 13:29:52,2,1570,440,3,0,-999
10/06/2026 13:30:08,2,1580,440,3,0,-999
10/06/2026 13:30:24,2,1580,440,3,0,-999
10/06/2026 13:30:40,2,1580,440,3,0,-999
10/06/2026 13:30:56,2,1580,440,3,0,-999
10/06/2026 13:31:12,2,1570,440,3,0,-999
10/06/2026 13:31:28,2,1560,440,3,0,-999
10/06/2026 13:31:44,2,1560,440,3,0,-999
10/06/2026 13:32:00,2,1560,440,3,0,-999
10/06/2026 13:32:16,2,1550,440,3,0,-999
10/06/2026 13:32:32,2,1540,440,3,0,-999
10/06/2026 13:32:48,2,1530,440,3,0,-999
10/06/2026 13:33:04,2,1520,440,3,0,-999
10/06/2026 13:33:20,2,1510,440,3,0,-999
10/06/2026 13:33:36,2,1510,440,3,0,-999
10/06/2026 13:33:52,2,1510,440,3,0,-999
10/06/2026 13:34:08,2,1510,440,3,0,-999
10/06/2026 13:34:24,2,1510,440,3,0,-999
10/06/2026 13:34:40,2,1490,440,3,0,-999
10/06/2026 13:34:56,2,1480,440,3,0,-999
10/06/2026 13:35:12,2,1470,440,3,0,-999
10/06/2026 13:35:28,2,1470,440,3,0,-999
10/06/2026 13:35:44,2,1470,440,3,0,-999
10/06/2026 13:36:00,2,1460,440,3,0,-999
10/06/2026 13:36:16,2,1450,440,3,0,-999
10/06/2026 13:36:32,2,1450,440,3,0,-999
10/06/2026 13:36:48,2,1440,440,3,0,-999
10/06/2026 13:37:04,2,1440,440,3,0,-999
10/06/2026 13:37:20,2,1430,440,3,0,-999
10/06/2026 13:37:36,2,1430,440,3,0,-999
10/06/2026 13:37:52,2,1420,440,3,0,-999
10/06/2026 13:38:08,2,1420,440,3,0,-999
10/06/2026 13:38:24,2,1410,440,3,0,-999
10/06/2026 13:38:40,2,1410,440,3,0,-999
10/06/2026 13:38:56,2,1400,440,3,0,-999
10/06/2026 13:39:12,2,1390,440,3,0,-999
10/06/2026 13:39:28,2,1390,440,3,0,-999
10/06/2026 13:39:44,2,1390,440,3,0,-999
10/06/2026 13:40:00,2,1390,440,3,0,-999
10/06/2026 13:40:16,2,1390,440,3,0,-999
10/06/2026 13:40:32,2,1390,440,3,0,-999
10/06/2026 13:40:48,2,1390,440,3,0,-999
10/06/2026 13:41:04,2,1380,440,3,0,-999
10/06/2026 13:41:20,2,1380,440,3,0,-999
10/06/2026 13:41:36,2,1380,440,3,0,-999
10/06/2026 13:41:52,2,1380,440,3,0,-999
10/06/2026 13:42:08,2,1390,440,3,0,-999
10/06/2026 13:42:24,2,1380,440,3,0,-999
10/06/2026 13:42:40,2,1380,440,3,0,-999
10/06/2026 13:42:56,2,1380,440,3,0,-999
10/06/2026 13:43:12,2,1370,440,3,0,-999
10/06/2026 13:43:28,2,1370,440,3,0,-999
10/06/2026 13:43:44,2,1370,440,3,0,-999
10/06/2026 13:44:00,2,1360,440,3,0,-999
10/06/2026 13:44:16,2,1360,440,3,0,-999
10/06/2026 13:44:32,2,1350,440,3,0,-999
10/06/2026 13:44:48,2,1350,440,3,0,-999
10/06/2026 13:45:04,2,1350,440,3,0,-999
10/06/2026 13:45:20,2,1350,440,3,0,-999
10/06/2026 13:45:36,2,1350,440,3,0,-999
10/06/2026 13:45:52,2,1350,440,3,0,-999
10/06/2026 13:46:08,2,1350,440,3,0,-999
10/06/2026 13:46:24,2,1340,440,3,0,-999
10/06/2026 13:46:40,2,1340,440,3,0,-999
10/06/2026 13:46:56,2,1340,440,3,0,-999
10/06/2026 13:47:12,2,1340,440,3,0,-999
10/06/2026 13:47:28,2,1340,440,3,0,-999
10/06/2026 13:47:44,2,480,440,3,0,-999
10/06/2026 13:48:00,2,480,440,3,0,-999
10/06/2026 13:48:16,2,470,440,3,0,-999
10/06/2026 13:48:32,2,470,440,3,0,-999
10/06/2026 13:48:48,2,470,440,3,0,-999
10/06/2026 13:49:04,2,490,440,3,0,-999
10/06/2026 13:49:20,2,490,440,3,0,-999
10/06/2026 13:49:36,2,490,440,3,0,-999
10/06/2026 13:49:52,2,490,440,3,0,-999
10/06/2026 13:50:08,2,490,440,3,0,-999
10/06/2026 13:50:24,2,490,440,3,0,-999
10/06/2026 13:50:40,2,490,440,3,0,-999
10/06/2026 13:50:56,2,490,440,3,0,-999
10/06/2026 13:51:12,2,490,440,3,0,-999
10/06/2026 13:51:28,2,490,440,3,0,-999
10/06/2026 13:51:44,2,490,440,3,0,-999
10/06/2026 13:52:00,2,490,440,3,0,-999
10/06/2026 13:52:16,2,490,440,3,0,-999
10/06/2026 13:52:32,2,490,440,3,0,-999
10/06/2026 13:52:48,2,490,440,3,0,-999
10/06/2026 13:53:04,2,490,440,3,0,-999
10/06/2026 13:53:20,2,490,440,3,0,-999
10/06/2026 13:53:36,2,490,440,3,0,-999
10/06/2026 13:53:52,2,490,440,3,0,-999
10/06/2026 13:54:08,2,490,440,3,0,-999
10/06/2026 13:54:24,2,490,440,3,0,-999
10/06/2026 13:54:40,2,490,440,3,0,-999
10/06/2026 13:54:56,2,490,440,3,0,-999
10/06/2026 13:55:12,2,490,440,3,0,-999
10/06/2026 13:55:28,2,490,440,3,0,-999
10/06/2026 13:55:44,2,490,440,3,0,-999
10/06/2026 13:56:00,2,490,440,3,0,-999
10/06/2026 13:56:16,2,490,440,3,2,8280
10/06/2026 13:56:32,2,490,440,3,2,8280
10/06/2026 13:56:48,2,490,440,3,1,8290
10/06/2026 13:57:04,2,490,440,3,1,8290
10/06/2026 13:57:20,2,490,440,3,1,8290
10/06/2026 13:57:36,2,490,440,3,1,8370
10/06/2026 13:57:52,2,500,440,3,1,8370
10/06/2026 13:58:08,2,500,440,3,1,8370
10/06/2026 13:58:24,2,510,440,3,1,8370
10/06/2026 13:58:40,2,510,440,3,1,8400
10/06/2026 13:58:56,2,510,440,3,1,8400
10/06/2026 13:59:12,2,1480,440,3,1,8360
10/06/2026 13:59:28,2,1490,440,3,1,8360
10/06/2026 13:59:44,2,1500,440,3,1,8360
10/06/2026 14:00:00,2,1510,1440,3,0,-999
10/06/2026 14:00:16,2,1520,1440,3,0,-999
10/06/2026 14:00:32,2,1530,1440,3,0,-999
10/06/2026 14:00:48,2,1540,1440,3,0,-999
10/06/2026 14:01:04,2,1550,1440,3,0,-999
10/06/2026 14:01:20,2,1550,1440,3,0,-999
10/06/2026 14:01:36,2,1560,1440,3,0,-999
10/06/2026 14:01:52,2,1570,1440,3,0,-999
10/06/2026 14:02:08,2,1580,1440,3,0,-999
10/06/2026 14:02:24,2,1590,1440,3,0,-999
10/06/2026 14:02:40,2,1610,1440,3,0,-999
10/06/2026 14:02:56,2,1620,1440,3,0,-999
10/06/2026 14:03:12,2,1630,1440,3,0,-999
10/06/2026 14:03:28,2,1650,1440,3,0,-999
10/06/2026 14:03:44,2,1680,1440,3,0,-999
10/06/2026 14:04:00,2,1700,1440,3,0,-999
10/06/2026 14:04:16,2,1710,1440,3,0,-999
10/06/2026 14:04:32,2,1730,1440,3,0,-999
10/06/2026 14:04:48,2,1740,1440,3,0,-999
10/06/2026 14:05:04,2,1760,1440,3,0,-999
10/06/2026 14:05:20,2,1770,1440,3,0,-999
10/06/2026 14:05:36,2,1780,1440,3,0,-999
10/06/2026 14:05:52,2,1780,1440,3,0,-999
10/06/2026 14:06:08,2,1790,1440,3,0,-999
10/06/2026 14:06:24,2,1790,1440,3,0,-999
10/06/2026 14:06:40,2,1800,1440,3,0,-999
10/06/2026 14:06:56,2,1800,1440,3,0,-999
10/06/2026 14:07:12,2,1810,1440,3,0,-999
10/06/2026 14:07:28,2,1810,1440,3,0,-999
10/06/2026 14:07:44,2,1820,1440,3,0,-999
10/06/2026 14:08:00,2,1830,1440,3,0,-999
10/06/2026 14:08:16,2,1830,1440,3,0,-999
10/06/2026 14:08:32,2,1830,1440,3,0,-999
10/06/2026 14:08:48,2,1830,1440,3,0,-999
10/06/2026 14:09:04,2,1830,1440,3,0,-999
10/06/2026 14:09:20,2,1830,1440,3,0,-999
10/06/2026 14:09:36,2,1830,1440,3,0,-999
10/06/2026 14:09:52,2,1840,1440,3,0,-999
10/06/2026 14:10:08,2,1840,1440,3,0,-999
10/06/2026 14:10:24,2,1840,1440,3,0,-999
10/06/2026 14:10:40,2,1850,1440,3,0,-999
10/06/2026 14:10:56,2,1850,1440,3,0,-999
10/06/2026 14:11:12,2,1850,1440,3,0,-999
10/06/2026 14:11:28,2,1850,1440,3,0,-999
10/06/2026 14:11:44,2,1850,1440,3,0,-999
10/06/2026 14:12:00,2,1850,1440,3,0,-999
10/06/2026 14:12:16,2,1850,1440,3,0,-999
10/06/2026 14:12:32,2,1860,1440,3,1,7850
10/06/2026 14:12:48,2,1860,1440,3,1,7850
10/06/2026 14:13:04,2,1860,1440,3,1,7850
10/06/2026 14:13:20,2,1870,1440,3,1,7850
10/06/2026 14:13:36,2,1870,1440,3,1,7830
10/06/2026 14:13:52,2,1870,1440,3,1,7830
10/06/2026 14:14:08,2,1870,1440,3,1,7830
10/06/2026 14:14:24,2,1870,1440,3,1,7820
10/06/2026 14:14:40,2,1880,1440,3,1,7820
10/06/2026 14:14:56,2,1870,1440,3,1,7810
10/06/2026 14:15:12,2,1870,1440,3,1,7810
10/06/2026 14:15:28,2,1880,1440,3,1,7790
10/06/2026 14:15:44,2,1880,1440,3,1,7790
10/06/2026 14:16:00,2,1880,1440,3,0,-999
10/06/2026 14:16:16,2,1880,1440,3,0,-999
10/06/2026 14:16:32,2,1880,1440,3,0,-999
10/06/2026 14:16:48,2,1890,1440,3,0,-999
10/06/2026 14:17:04,2,1890,1440,3,0,-999
10/06/2026 14:17:20,2,1890,1440,3,0,-999
10/06/2026 14:17:36,2,1890,1440,3,0,-999
10/06/2026 14:17:52,2,1900,1440,3,0,-999
10/06/2026 14:18:08,2,1900,1440,3,0,-999
10/06/2026 14:18:24,2,600,1440,3,1,1720
10/06/2026 14:18:40,2,600,1440,3,1,1720
10/06/2026 14:18:56,2,600,1440,3,1,1720
10/06/2026 14:19:12,2,600,1440,3,1,1700
10/06/2026 14:19:28,2,600,1440,3,1,1700
10/06/2026 14:19:44,2,600,1440,3,1,1710
10/06/2026 14:20:00,2,600,1440,3,1,1710
10/06/2026 14:20:16,2,600,1440,3,1,1710
10/06/2026 14:20:32,2,600,1440,3,1,1710
10/06/2026 14:20:48,2,600,1440,3,1,1690
10/06/2026 14:21:04,2,600,1440,3,1,1690
10/06/2026 14:21:20,2,600,1440,3,1,1690
10/06/2026 14:21:36,2,600,1440,3,1,1690
10/06/2026 14:21:52,2,600,1440,3,1,1690
10/06/2026 14:22:08,2,600,1440,3,1,1690
10/06/2026 14:22:24,2,600,1440,3,1,1690
10/06/2026 14:22:40,2,590,1440,3,1,1690
10/06/2026 14:22:56,2,590,1440,3,1,1690
10/06/2026 14:23:12,2,590,1440,3,1,1680
10/06/2026 14:23:28,2,590,1440,3,1,1680
10/06/2026 14:23:44,2,590,1440,3,1,1680
10/06/2026 14:24:00,2,590,1440,3,1,1670
10/06/2026 14:24:16,2,590,1440,3,1,1670
10/06/2026 14:24:32,2,590,1440,3,1,1670
10/06/2026 14:24:48,2,590,1440,3,1,1670
10/06/2026 14:25:04,2,590,1440,3,1,1650
10/06/2026 14:25:20,2,590,1440,3,1,1650
10/06/2026 14:25:36,2,590,1440,3,1,1650
10/06/2026 14:25:52,2,590,1440,3,1,1650
10/06/2026 14:26:08,2,590,1440,3,1,1650
10/06/2026 14:26:24,2,590,1440,3,1,1640
10/06/2026 14:26:40,2,590,1440,3,1,1640
10/06/2026 14:26:56,2,590,1440,3,1,1670
10/06/2026 14:27:12,2,590,1440,3,1,1670
10/06/2026 14:27:28,2,590,1440,3,1,1660
10/06/2026 14:27:44,2,590,1440,3,1,1660
10/06/2026 14:28:00,2,590,1440,3,1,1630
10/06/2026 14:28:16,2,590,1440,3,1,1630
10/06/2026 14:28:32,2,590,1440,3,1,1630
10/06/2026 14:28:48,2,1840,1440,3,0,-999
10/06/2026 14:29:04,2,1840,1440,3,0,-999
10/06/2026 14:29:20,2,1850,1440,3,0,-999
10/06/2026 14:29:36,2,1850,1440,3,0,-999
10/06/2026 14:29:52,2,1850,1440,3,0,-999
10/06/2026 14:30:08,2,1850,1440,3,0,-999
10/06/2026 14:30:24,2,1830,1440,3,0,-999
10/06/2026 14:30:40,2,1830,1440,3,0,-999
10/06/2026 14:30:56,2,1830,1440,3,0,-999
10/06/2026 14:31:12,2,1790,1440,3,1,7100
10/06/2026 14:31:28,2,1850,1440,3,1,7100
10/06/2026 14:31:44,2,1830,1440,3,1,7080
10/06/2026 14:32:00,2,1790,1440,3,1,7080
10/06/2026 14:32:16,2,1790,1440,3,1,7010
10/06/2026 14:32:32,2,1790,1440,3,1,7010
10/06/2026 14:32:48,2,1790,1440,3,1,7000
10/06/2026 14:33:04,2,1780,1440,3,1,7000
10/06/2026 14:33:20,2,1770,1440,3,1,7000
10/06/2026 14:33:36,2,1780,1440,3,0,-999
10/06/2026 14:33:52,2,1780,1440,3,0,-999
10/06/2026 14:34:08,2,1780,1440,3,0,-999
10/06/2026 14:34:24,2,1790,1440,3,0,-999
10/06/2026 14:34:40,2,1790,1440,3,0,-999
10/06/2026 14:34:56,2,1790,1440,3,0,-999
10/06/2026 14:35:12,2,1790,1440,3,2,7060
10/06/2026 14:35:28,2,1790,1440,3,2,7060
10/06/2026 14:35:44,2,1790,1440,3,2,7060
10/06/2026 14:36:00,2,1790,1440,3,1,7050
10/06/2026 14:36:16,2,1780,1440,3,1,7050
10/06/2026 14:36:32,2,1780,1440,3,1,7050
10/06/2026 14:36:48,2,1780,1440,3,1,7050
10/06/2026 14:37:04,2,1780,1440,3,1,7040
10/06/2026 14:37:20,2,1780,1440,3,1,7040
10/06/2026 14:37:36,2,1780,1440,3,1,7030
10/06/2026 14:37:52,2,1790,1440,3,1,7030
10/06/2026 14:38:08,2,1790,1440,3,1,7030
10/06/2026 14:38:24,2,1790,1440,3,1,7000
10/06/2026 14:38:40,2,1790,1440,3,1,7000
10/06/2026 14:38:56,2,1790,1440,3,1,7000
10/06/2026 14:39:12,2,1790,1440,3,1,7000
10/06/2026 14:39:28,2,1800,1440,3,0,-999
10/06/2026 14:39:44,2,1810,1440,3,0,-999
10/06/2026 14:40:00,2,1820,1440,3,0,-999
10/06/2026 14:40:16,2,1820,1440,3,0,-999
10/06/2026 14:40:32,2,1830,1440,3,0,-999
10/06/2026 14:40:48,2,1830,1440,3,0,-999
10/06/2026 14:41:04,2,1840,1440,3,0,-999
10/06/2026 14:41:20,2,1840,1440,3,0,-999
10/06/2026 14:41:36,2,1840,1440,3,0,-999
10/06/2026 14:41:52,2,1840,1440,3,0,-999
10/06/2026 14:42:08,2,1850,1440,3,0,-999
10/06/2026 14:42:24,2,1850,1440,3,0,-999
10/06/2026 14:42:40,2,1850,1440,3,0,-999
10/06/2026 14:42:56,2,1850,1440,3,0,-999
10/06/2026 14:43:12,2,1850,1440,3,0,-999
10/06/2026 14:43:28,2,1840,1440,3,0,-999
10/06/2026 14:43:44,2,1840,1440,3,0,-999
10/06/2026 14:44:00,2,1830,1440,3,0,-999
10/06/2026 14:44:16,2,1830,1440,3,0,-999
10/06/2026 14:44:32,2,1830,1440,3,0,-999
10/06/2026 14:44:48,2,1830,1440,3,0,-999
10/06/2026 14:45:04,2,1840,1440,3,0,-999
10/06/2026 14:45:20,2,1840,1440,3,0,-999
10/06/2026 14:45:36,2,1840,1440,3,0,-999
10/06/2026 14:45:52,2,1840,1440,3,0,-999
10/06/2026 14:46:08,2,1840,1440,3,1,5620
10/06/2026 14:46:24,2,1840,1440,3,1,5620
10/06/2026 14:46:40,2,1850,1440,3,0,-999
10/06/2026 14:46:56,2,1850,1440,3,0,-999
10/06/2026 14:47:12,2,1850,1440,3,0,-999
10/06/2026 14:47:28,2,1850,1440,3,0,-999
10/06/2026 14:47:44,2,1850,1440,3,0,-999
10/06/2026 14:48:00,2,1850,1440,3,0,-999
10/06/2026 14:48:16,2,1850,1440,3,0,-999
10/06/2026 14:48:32,2,1840,1440,3,0,-999
10/06/2026 14:48:48,2,1840,1440,3,0,-999
10/06/2026 14:49:04,2,1840,1440,3,0,-999
10/06/2026 14:49:20,2,1840,1440,3,0,-999
10/06/2026 14:49:36,2,1840,1440,3,0,-999
10/06/2026 14:49:52,2,1840,1440,3,0,-999
10/06/2026 14:50:08,2,1840,1440,3,0,-999
10/06/2026 14:50:24,2,1840,1440,3,0,-999
10/06/2026 14:50:40,2,1850,1440,3,0,-999
10/06/2026 14:50:56,2,1850,1440,3,0,-999
10/06/2026 14:51:12,2,1850,1440,3,0,-999
10/06/2026 14:51:28,2,1850,1440,3,0,-999
10/06/2026 14:51:44,2,1850,1440,3,0,-999
10/06/2026 14:52:00,2,1850,1440,3,0,-999
10/06/2026 14:52:16,2,1850,1440,3,0,-999
10/06/2026 14:52:32,2,1850,1440,3,0,-999
10/06/2026 14:52:48,2,1840,1440,3,0,-999
10/06/2026 14:53:04,2,1830,1440,3,0,-999
10/06/2026 14:53:20,2,1790,1440,3,1,1180
10/06/2026 14:53:36,2,1790,1440,3,1,1180
10/06/2026 14:53:52,2,1800,1440,3,0,-999
10/06/2026 14:54:08,2,1800,1440,3,0,-999
10/06/2026 14:54:24,2,1820,1440,3,1,7270
10/06/2026 14:54:40,2,1820,1440,3,1,7270
10/06/2026 14:54:56,2,1820,1440,3,1,7270
10/06/2026 14:55:12,2,1820,1440,3,1,7270
10/06/2026 14:55:28,2,1820,1440,3,1,7270
10/06/2026 14:55:44,2,1830,1440,3,1,7270
10/06/2026 14:56:00,2,1830,1440,3,1,7270
10/06/2026 14:56:16,2,1820,1440,3,1,7270
10/06/2026 14:56:32,2,1800,1440,3,1,7270
10/06/2026 14:56:48,2,1790,1440,3,1,7270
10/06/2026 14:57:04,2,1790,1440,3,1,7270
10/06/2026 14:57:20,2,1790,1440,3,1,7270
10/06/2026 14:57:36,2,1790,1440,3,0,-999
10/06/2026 14:57:52,2,1790,1440,3,0,-999
10/06/2026 14:58:08,2,1790,1440,3,0,-999
10/06/2026 14:58:24,2,1790,1440,3,0,-999
10/06/2026 14:58:40,2,1780,1440,3,0,-999
10/06/2026 14:58:56,2,1780,1440,3,0,-999
10/06/2026 14:59:12,2,1780,1440,3,0,-999
10/06/2026 14:59:28,2,1770,1440,3,0,-999
10/06/2026 14:59:44,2,1770,1440,3,0,-999
10/06/2026 15:00:00,2,1770,1830,3,0,-999
10/06/2026 15:00:16,2,1770,1830,3,0,-999
10/06/2026 15:00:32,2,1770,1830,3,0,-999
10/06/2026 15:00:48,2,1770,1830,3,0,-999
10/06/2026 15:01:04,2,1770,1830,3,0,-999
10/06/2026 15:01:20,2,1770,1830,3,0,-999
10/06/2026 15:01:36,2,1770,1830,3,0,-999
10/06/2026 15:01:52,2,1760,1830,3,0,-999
10/06/2026 15:02:08,2,1760,1830,3,0,-999
10/06/2026 15:02:24,2,1760,1830,3,0,-999
10/06/2026 15:02:40,2,1760,1830,3,0,-999
10/06/2026 15:02:56,2,1760,1830,3,0,-999
10/06/2026 15:03:12,2,1760,1830,3,0,-999
10/06/2026 15:03:28,2,1760,1830,3,0,-999
10/06/2026 15:03:44,2,1760,1830,3,0,-999
10/06/2026 15:04:00,2,1760,1830,3,0,-999
10/06/2026 15:04:16,2,1760,1830,3,0,-999
10/06/2026 15:04:32,2,1750,1830,3,0,-999
10/06/2026 15:04:48,2,1750,1830,3,0,-999
10/06/2026 15:05:04,2,1750,1830,3,0,-999
10/06/2026 15:05:20,2,1750,1830,3,1,9680
10/06/2026 15:05:36,2,1750,1830,3,1,9680
10/06/2026 15:05:52,2,1750,1830,3,1,9680
10/06/2026 15:06:08,2,1750,1830,3,1,9680
10/06/2026 15:06:24,2,1750,1830,3,1,9650
10/06/2026 15:06:40,2,1750,1830,3,1,9650
10/06/2026 15:06:56,2,1760,1830,3,1,9650
10/06/2026 15:07:12,2,1760,1830,3,1,9590
10/06/2026 15:07:28,2,1760,1830,3,1,9590
10/06/2026 15:07:44,2,1760,1830,3,1,8320
10/06/2026 15:08:00,2,1760,1830,3,1,8320
10/06/2026 15:08:16,2,1760,1830,3,2,8110
10/06/2026 15:08:32,2,1750,1830,3,2,8110
10/06/2026 15:08:48,2,1740,1830,3,1,8290
10/06/2026 15:09:04,2,1740,1830,3,1,8290
10/06/2026 15:09:20,2,1740,1830,3,1,8290
10/06/2026 15:09:36,2,1740,1830,3,1,8450
10/06/2026 15:09:52,2,1740,1830,3,1,8450
10/06/2026 15:10:08,2,1740,1830,3,1,9750
10/06/2026 15:10:24,2,1740,1830,3,1,9750
10/06/2026 15:10:40,2,1730,1830,3,2,8340
10/06/2026 15:10:56,2,1730,1830,3,2,8340
10/06/2026 15:11:12,2,1730,1830,3,1,8400
10/06/2026 15:11:28,2,1730,1830,3,1,8400
10/06/2026 15:11:44,2,1730,1830,3,1,8400
10/06/2026 15:12:00,2,1740,1830,3,1,8090
10/06/2026 15:12:16,2,1740,1830,3,1,8090
10/06/2026 15:12:32,2,1740,1830,3,1,8090
10/06/2026 15:12:48,2,1750,1830,3,1,8090
10/06/2026 15:13:04,2,1750,1830,3,0,-999
10/06/2026 15:13:20,2,1750,1830,3,0,-999
10/06/2026 15:13:36,2,1760,1830,3,0,-999
10/06/2026 15:13:52,2,1760,1830,3,0,-999
10/06/2026 15:14:08,2,1760,1830,3,0,-999
10/06/2026 15:14:24,2,1760,1830,3,1,8120
10/06/2026 15:14:40,2,1770,1830,3,1,8120
10/06/2026 15:14:56,2,1780,1830,3,1,8120
10/06/2026 15:15:12,2,1780,1830,3,1,8120
10/06/2026 15:15:28,2,1790,1830,3,1,8120
10/06/2026 15:15:44,2,1810,1830,3,1,8120
10/06/2026 15:16:00,2,1810,1830,3,1,8120
10/06/2026 15:16:16,2,1820,1830,3,1,8120
10/06/2026 15:16:32,2,1820,1830,3,1,8120
10/06/2026 15:16:48,2,1830,1830,3,1,8120
10/06/2026 15:17:04,2,1830,1830,3,1,8120
10/06/2026 15:17:20,2,1830,1830,3,0,-999
10/06/2026 15:17:36,2,1830,1830,3,0,-999
10/06/2026 15:17:52,2,1840,1830,3,1,8410
10/06/2026 15:18:08,2,1840,1830,3,1,8410
10/06/2026 15:18:24,2,1840,1830,3,1,8350
10/06/2026 15:18:40,2,1840,1830,3,1,8350
10/06/2026 15:18:56,2,1840,1830,3,1,8350
10/06/2026 15:19:12,2,1850,1830,3,0,-999
10/06/2026 15:19:28,2,1850,1830,3,0,-999
10/06/2026 15:19:44,2,1850,1830,3,0,-999
10/06/2026 15:20:00,2,1850,1830,3,0,-999
10/06/2026 15:20:16,2,1850,1830,3,0,-999
10/06/2026 15:20:32,2,1850,1830,3,0,-999
10/06/2026 15:20:48,2,1860,1830,3,0,-999
10/06/2026 15:21:04,2,1860,1830,3,0,-999
10/06/2026 15:21:20,2,1870,1830,3,0,-999
10/06/2026 15:21:36,2,1860,1830,3,1,1810
10/06/2026 15:21:52,2,1860,1830,3,1,1810
10/06/2026 15:22:08,2,1860,1830,3,1,1780
10/06/2026 15:22:24,2,1870,1830,3,1,1780
10/06/2026 15:22:40,2,1870,1830,3,1,1770
10/06/2026 15:22:56,2,1870,1830,3,1,1770
10/06/2026 15:23:12,2,1870,1830,3,1,1770
10/06/2026 15:23:28,2,1870,1830,3,1,1770
10/06/2026 15:23:44,2,1870,1830,3,1,1770
10/06/2026 15:24:00,2,1880,1830,3,1,1760
10/06/2026 15:24:16,2,1890,1830,3,1,1760
10/06/2026 15:24:32,2,1890,1830,3,1,1730
10/06/2026 15:24:48,2,1890,1830,3,1,1730
10/06/2026 15:25:04,2,1890,1830,3,1,1780
10/06/2026 15:25:20,2,1890,1830,3,1,1780
10/06/2026 15:25:36,2,1880,1830,3,1,1770
10/06/2026 15:25:52,2,1880,1830,3,1,1770
10/06/2026 15:26:08,2,1880,1830,3,1,1770
10/06/2026 15:26:24,2,1860,1830,3,1,1740
10/06/2026 15:26:40,2,1860,1830,3,1,1740
10/06/2026 15:26:56,2,1860,1830,3,1,1760
10/06/2026 15:27:12,2,1860,1830,3,1,1760
10/06/2026 15:27:28,2,1870,1830,3,1,1760
10/06/2026 15:27:44,2,1870,1830,3,1,1760
10/06/2026 15:28:00,2,1870,1830,3,1,1740
10/06/2026 15:28:16,2,1860,1830,3,1,1740
10/06/2026 15:28:32,2,1860,1830,3,1,1740
10/06/2026 15:28:48,2,1870,1830,3,1,1730
10/06/2026 15:29:04,2,1870,1830,3,1,1730
10/06/2026 15:29:20,2,1870,1830,3,1,1710
10/06/2026 15:29:36,2,1870,1830,3,1,1710
10/06/2026 15:29:52,2,1870,1830,3,1,1760
10/06/2026 15:30:08,2,1870,1830,3,1,1760
10/06/2026 15:30:24,2,1870,1830,3,1,1770
10/06/2026 15:30:40,2,1870,1830,3,1,1770
10/06/2026 15:30:56,2,1870,1830,3,1,1770
10/06/2026 15:31:12,2,1870,1830,3,1,1760
10/06/2026 15:31:28,2,1860,1830,3,1,1760
10/06/2026 15:31:44,2,1860,1830,3,1,1770
10/06/2026 15:32:00,2,1870,1830,3,1,1770
10/06/2026 15:32:16,2,1870,1830,3,1,1760
10/06/2026 15:32:32,2,1870,1830,3,1,1760
10/06/2026 15:32:48,2,1860,1830,3,1,1770
10/06/2026 15:33:04,2,1860,1830,3,1,1770
10/06/2026 15:33:20,2,1860,1830,3,1,1770
10/06/2026 15:33:36,2,1860,1830,3,1,1770
10/06/2026 15:33:52,2,1860,1830,3,1,1770
10/06/2026 15:34:08,2,1860,1830,3,1,1760
10/06/2026 15:34:24,2,1860,1830,3,1,1760
10/06/2026 15:34:40,2,1860,1830,3,1,1740
10/06/2026 15:34:56,2,1860,1830,3,1,1740
10/06/2026 15:35:12,2,1860,1830,3,1,1740
10/06/2026 15:35:28,2,1840,1830,3,1,1740
10/06/2026 15:35:44,2,1840,1830,3,1,1740
10/06/2026 15:36:00,2,1830,1830,3,1,1790
10/06/2026 15:36:16,2,1830,1830,3,1,1790
10/06/2026 15:36:32,2,1830,1830,3,1,1780
10/06/2026 15:36:48,2,1830,1830,3,1,1780
10/06/2026 15:37:04,2,1170,1830,3,0,-999
10/06/2026 15:37:20,2,1170,1830,3,0,-999
10/06/2026 15:37:36,2,1930,1830,3,0,-999
10/06/2026 15:37:52,2,1930,1830,3,0,-999
10/06/2026 15:38:08,2,1930,1830,3,0,-999
10/06/2026 15:38:24,2,1930,1830,3,0,-999
10/06/2026 15:38:40,2,1930,1830,3,0,-999
10/06/2026 15:38:56,2,1860,1830,3,0,-999
10/06/2026 15:39:12,2,1860,1830,3,0,-999
10/06/2026 15:39:28,2,1910,1830,3,0,-999
10/06/2026 15:39:44,2,1910,1830,3,0,-999
10/06/2026 15:40:00,2,1910,1830,3,0,-999
10/06/2026 15:40:16,2,1920,1830,3,0,-999
10/06/2026 15:40:32,2,1920,1830,3,0,-999
10/06/2026 15:40:48,2,1950,1830,3,1,1790
10/06/2026 15:41:04,2,1950,1830,3,1,1790
10/06/2026 15:41:20,2,1950,1830,3,1,1770
10/06/2026 15:41:36,2,1950,1830,3,1,1770
10/06/2026 15:41:52,2,1950,1830,3,1,1700
10/06/2026 15:42:08,2,1950,1830,3,1,1700
10/06/2026 15:42:24,2,1950,1830,3,1,1760
10/06/2026 15:42:40,2,1860,1830,3,1,1760
10/06/2026 15:42:56,2,1860,1830,3,1,1760
10/06/2026 15:43:12,2,1870,1830,3,1,7800
10/06/2026 15:43:28,2,1870,1830,3,1,7800
10/06/2026 15:43:44,2,1870,1830,3,1,7730
10/06/2026 15:44:00,2,1880,1830,3,1,7730
10/06/2026 15:44:16,2,1900,1830,3,2,7490
10/06/2026 15:44:32,2,1900,1830,3,2,7490
10/06/2026 15:44:48,2,1900,1830,3,1,7530
10/06/2026 15:45:04,2,1900,1830,3,1,7530
10/06/2026 15:45:20,2,1900,1830,3,1,7530
10/06/2026 15:45:36,2,1880,1830,3,2,1720
10/06/2026 15:45:52,2,1880,1830,3,2,1720
10/06/2026 15:46:08,2,1880,1830,3,1,1720
10/06/2026 15:46:24,2,1880,1830,3,1,1720
10/06/2026 15:46:40,2,1880,1830,3,1,1710
10/06/2026 15:46:56,2,1880,1830,3,1,1710
10/06/2026 15:47:12,2,1880,1830,3,1,1710
10/06/2026 15:47:28,2,1870,1830,3,1,1710
10/06/2026 15:47:44,2,1870,1830,3,1,1710
10/06/2026 15:48:00,2,1870,1830,3,2,1740
10/06/2026 15:48:16,2,1860,1830,3,2,1740
10/06/2026 15:48:32,2,1860,1830,3,2,1690
10/06/2026 15:48:48,2,1830,1830,3,2,1690
10/06/2026 15:49:04,2,1880,1830,3,2,6860
10/06/2026 15:49:20,2,1890,1830,3,2,6860
10/06/2026 15:49:36,2,1860,1830,3,3,6660
10/06/2026 15:49:52,2,1860,1830,3,3,6660
10/06/2026 15:50:08,2,1860,1830,3,3,6660
10/06/2026 15:50:24,2,1860,1830,3,1,6700
10/06/2026 15:50:40,2,1860,1830,3,1,6700
10/06/2026 15:50:56,2,1880,1830,3,0,-999
10/06/2026 15:51:12,2,1890,1830,3,0,-999
10/06/2026 15:51:28,2,1900,1830,3,0,-999
10/06/2026 15:51:44,2,1910,1830,3,0,-999
10/06/2026 15:52:00,2,1900,1830,3,2,7150
10/06/2026 15:52:16,2,1900,1830,3,2,7150
10/06/2026 15:52:32,2,1890,1830,3,2,7150
10/06/2026 15:52:48,2,1890,1830,3,2,7060
10/06/2026 15:53:04,2,1890,1830,3,2,7060
10/06/2026 15:53:20,2,1900,1830,3,3,7040
10/06/2026 15:53:36,2,1900,1830,3,3,7040
10/06/2026 15:53:52,2,1900,1830,3,3,1710
10/06/2026 15:54:08,2,1900,1830,3,3,1710
10/06/2026 15:54:24,2,1900,1830,3,1,1640
10/06/2026 15:54:40,2,1900,1830,3,1,1640
10/06/2026 15:54:56,2,1900,1830,3,1,1640
10/06/2026 15:55:12,2,1900,1830,3,1,1640
10/06/2026 15:55:28,2,1900,1830,3,1,1640
10/06/2026 15:55:44,2,1850,1830,3,3,1610
10/06/2026 15:56:00,2,1850,1830,3,3,1610
10/06/2026 15:56:16,2,1260,1830,3,2,6540
10/06/2026 15:56:32,2,1260,1830,3,2,6540
10/06/2026 15:56:48,2,1850,1830,3,2,1800
10/06/2026 15:57:04,2,1850,1830,3,2,1800
10/06/2026 15:57:20,2,1850,1830,3,2,1800
10/06/2026 15:57:36,2,1850,1830,3,1,1760
10/06/2026 15:57:52,2,1850,1830,3,1,1760
10/06/2026 15:58:08,2,1850,1830,3,1,1760
10/06/2026 15:58:24,2,1850,1830,3,1,1760
10/06/2026 15:58:40,2,1850,1830,3,1,1630
10/06/2026 15:58:56,2,1850,1830,3,1,1630
10/06/2026 15:59:12,2,1850,1830,3,1,1560
10/06/2026 15:59:28,2,1850,1830,3,1,1560
10/06/2026 15:59:44,2,1850,1830,3,1,1560
10/06/2026 16:00:00,2,1850,1860,3,1,1640
10/06/2026 16:00:16,2,1850,1860,3,1,1640
10/06/2026 16:00:32,2,1850,1860,3,1,1720
10/06/2026 16:00:48,2,1850,1860,3,1,1720
10/06/2026 16:01:04,2,1850,1860,3,1,1660
10/06/2026 16:01:20,2,1850,1860,3,1,1660
10/06/2026 16:01:36,2,1820,1860,3,1,1670
10/06/2026 16:01:52,2,1820,1860,3,1,1670
10/06/2026 16:02:08,2,1820,1860,3,1,1670
10/06/2026 16:02:24,2,1820,1860,3,1,1700
10/06/2026 16:02:40,2,1820,1860,3,1,1700
10/06/2026 16:02:56,2,1820,1860,3,1,1690
10/06/2026 16:03:12,2,1820,1860,3,1,1690
10/06/2026 16:03:28,2,1820,1860,3,1,1710
10/06/2026 16:03:44,2,1850,1860,3,1,1710
10/06/2026 16:04:00,2,1850,1860,3,1,1700
10/06/2026 16:04:16,2,1850,1860,3,1,1700
10/06/2026 16:04:32,2,1810,1860,3,1,1700
10/06/2026 16:04:48,2,1810,1860,3,1,1690
10/06/2026 16:05:04,2,1850,1860,3,1,1690
10/06/2026 16:05:20,2,1850,1860,3,1,1720
10/06/2026 16:05:36,2,1850,1860,3,1,1720
10/06/2026 16:05:52,2,1850,1860,3,1,1700
10/06/2026 16:06:08,2,1870,1860,3,1,1700
10/06/2026 16:06:24,2,1870,1860,3,1,1760
10/06/2026 16:06:40,2,1870,1860,3,1,1760
10/06/2026 16:06:56,2,1870,1860,3,1,1760
10/06/2026 16:07:12,2,1870,1860,3,1,1730
10/06/2026 16:07:28,2,1870,1860,3,1,1730
10/06/2026 16:07:44,2,1870,1860,3,1,1700
10/06/2026 16:08:00,2,1870,1860,3,1,1700
10/06/2026 16:08:16,2,1870,1860,3,1,1670
10/06/2026 16:08:32,2,1870,1860,3,1,1670
10/06/2026 16:08:48,2,1870,1860,3,2,1670
10/06/2026 16:09:04,2,1870,1860,3,2,1670
10/06/2026 16:09:20,2,1870,1860,3,2,1670
10/06/2026 16:09:36,2,1880,1860,3,2,1380
10/06/2026 16:09:52,2,1870,1860,3,2,1380
10/06/2026 16:10:08,2,1870,1860,3,1,1400
10/06/2026 16:10:24,2,1870,1860,3,1,1400
10/06/2026 16:10:40,2,-999,1860,3,1,1410
10/06/2026 16:10:56,2,-999,1860,3,1,1410
10/06/2026 16:11:12,2,-999,1860,3,1,1390
10/06/2026 16:11:28,2,-999,1860,3,1,1390
10/06/2026 16:11:44,2,1540,1860,3,1,1390
10/06/2026 16:12:00,2,1540,1860,3,1,1400
10/06/2026 16:12:16,2,1530,1860,3,1,1400
10/06/2026 16:12:32,2,1540,1860,3,1,1410
10/06/2026 16:12:48,2,1540,1860,3,1,1410
10/06/2026 16:13:04,2,1540,1860,3,1,1460
10/06/2026 16:13:20,2,1540,1860,3,1,1460
10/06/2026 16:13:36,2,1540,1860,3,2,1530
10/06/2026 16:13:52,2,1540,1860,3,2,1530
10/06/2026 16:14:08,2,1540,1860,3,2,1530
10/06/2026 16:14:24,2,1540,1860,3,2,1310
10/06/2026 16:14:40,2,1540,1860,3,2,1310
10/06/2026 16:14:56,2,-999,1860,3,2,1300
10/06/2026 16:15:12,2,-999,1860,3,2,1300
10/06/2026 16:15:28,2,-999,1860,3,1,1650
10/06/2026 16:15:44,2,-999,1860,3,1,1650
10/06/2026 16:16:00,2,-999,1860,3,1,1560
10/06/2026 16:16:16,2,-999,1860,3,1,1560
10/06/2026 16:16:32,2,1740,1860,3,1,1560
10/06/2026 16:16:48,2,1740,1860,3,2,1570
10/06/2026 16:17:04,2,1780,1860,3,2,1570
10/06/2026 16:17:20,2,-999,1860,3,1,1720
10/06/2026 16:17:36,2,-999,1860,3,1,1720
10/06/2026 16:17:52,2,1830,1860,3,1,1720
10/06/2026 16:18:08,2,1830,1860,3,1,1720
10/06/2026 16:18:24,2,1830,1860,3,1,1740
10/06/2026 16:18:40,2,1840,1860,3,1,1740
10/06/2026 16:18:56,2,1840,1860,3,1,1740
10/06/2026 16:19:12,2,1870,1860,3,1,1850
10/06/2026 16:19:28,2,1870,1860,3,1,1850
10/06/2026 16:19:44,2,1870,1860,3,2,1630
10/06/2026 16:20:00,2,1900,1860,3,2,1630
10/06/2026 16:20:16,2,1900,1860,3,1,1860
10/06/2026 16:20:32,2,1900,1860,3,1,1860
10/06/2026 16:20:48,2,1910,1860,3,1,1830
10/06/2026 16:21:04,2,1910,1860,3,1,1830
10/06/2026 16:21:20,2,1910,1860,3,1,1830
10/06/2026 16:21:36,2,-999,1860,3,1,1870
10/06/2026 16:21:52,2,1980,1860,3,1,1870
10/06/2026 16:22:08,2,1980,1860,3,2,1630
10/06/2026 16:22:24,2,1980,1860,3,2,1630
10/06/2026 16:22:40,2,1980,1860,3,1,1850
10/06/2026 16:22:56,2,1990,1860,3,1,1850
10/06/2026 16:23:12,2,1990,1860,3,1,1900
10/06/2026 16:23:28,2,1990,1860,3,1,1900
10/06/2026 16:23:44,2,-999,1860,3,1,1900
10/06/2026 16:24:00,2,-999,1860,3,1,1930
10/06/2026 16:24:16,2,-999,1860,3,1,1930
10/06/2026 16:24:32,2,-999,1860,3,1,1900
10/06/2026 16:24:48,2,1460,1860,3,1,1900
10/06/2026 16:25:04,2,1450,1860,3,1,1910
10/06/2026 16:25:20,2,1450,1860,3,1,1910
10/06/2026 16:25:36,2,1450,1860,3,1,1840
10/06/2026 16:25:52,2,1450,1860,3,1,1840
10/06/2026 16:26:08,2,1450,1860,3,1,1840
10/06/2026 16:26:24,2,1450,1860,3,2,1840
10/06/2026 16:26:40,2,1450,1860,3,2,1840
10/06/2026 16:26:56,2,1450,1860,3,2,1910
10/06/2026 16:27:12,2,1450,1860,3,2,1910
10/06/2026 16:27:28,2,870,1860,3,2,4800
10/06/2026 16:27:44,2,880,1860,3,2,4800
10/06/2026 16:28:00,2,880,1860,3,1,5960
10/06/2026 16:28:16,2,880,1860,3,1,5960
10/06/2026 16:28:32,2,890,1860,3,1,5960
10/06/2026 16:28:48,2,890,1860,3,1,5940
10/06/2026 16:29:04,2,890,1860,3,1,5940
10/06/2026 16:29:20,2,900,1860,3,1,5960
10/06/2026 16:29:36,2,900,1860,3,1,5960
10/06/2026 16:29:52,2,900,1860,3,1,5930
10/06/2026 16:30:08,2,900,1860,3,1,5930
10/06/2026 16:30:24,2,1460,1860,3,2,1680
10/06/2026 16:30:40,2,1550,1860,3,2,1680
10/06/2026 16:30:56,2,1550,1860,3,2,1680
10/06/2026 16:31:12,2,1560,1860,3,2,1690
10/06/2026 16:31:28,2,1560,1860,3,2,1690
10/06/2026 16:31:44,2,910,1860,3,1,5950
10/06/2026 16:32:00,2,910,1860,3,1,5950
10/06/2026 16:32:16,2,1610,1860,3,1,5930
10/06/2026 16:32:32,2,1630,1860,3,1,5930
10/06/2026 16:32:48,2,1630,1860,3,1,5880
10/06/2026 16:33:04,2,1630,1860,3,1,5880
10/06/2026 16:33:20,2,1640,1860,3,1,5880
10/06/2026 16:33:36,2,1630,1860,3,1,5870
10/06/2026 16:33:52,2,1630,1860,3,1,5870
10/06/2026 16:34:08,2,1630,1860,3,1,5960
10/06/2026 16:34:24,2,1720,1860,3,1,5960
10/06/2026 16:34:40,2,1740,1860,3,1,5890
10/06/2026 16:34:56,2,1750,1860,3,1,5890
10/06/2026 16:35:12,2,1740,1860,3,1,5880
10/06/2026 16:35:28,2,1730,1860,3,1,5880
10/06/2026 16:35:44,2,1730,1860,3,1,5880
10/06/2026 16:36:00,2,1720,1860,3,1,5840
10/06/2026 16:36:16,2,1720,1860,3,1,5840
10/06/2026 16:36:32,2,1720,1860,3,1,5900
10/06/2026 16:36:48,2,1720,1860,3,1,5900
10/06/2026 16:37:04,2,1710,1860,3,1,5870
10/06/2026 16:37:20,2,1710,1860,3,1,5870
10/06/2026 16:37:36,2,1710,1860,3,1,5910
10/06/2026 16:37:52,2,1700,1860,3,1,5910
10/06/2026 16:38:08,2,1700,1860,3,1,5910
10/06/2026 16:38:24,2,1700,1860,3,1,5920
10/06/2026 16:38:40,2,1690,1860,3,1,5920
10/06/2026 16:38:56,2,1690,1860,3,1,5970
10/06/2026 16:39:12,2,1690,1860,3,1,5970
10/06/2026 16:39:28,2,1700,1860,3,2,5970
10/06/2026 16:39:44,2,1700,1860,3,2,5970
10/06/2026 16:40:00,2,1700,1860,3,1,5970
10/06/2026 16:40:16,2,1700,1860,3,1,5970
10/06/2026 16:40:32,2,1700,1860,3,1,5970
10/06/2026 16:40:48,2,1700,1860,3,1,5990
10/06/2026 16:41:04,2,1700,1860,3,1,5990
10/06/2026 16:41:20,2,1700,1860,3,2,5900
10/06/2026 16:41:36,2,1700,1860,3,2,5900
10/06/2026 16:41:52,2,1700,1860,3,3,5340
10/06/2026 16:42:08,2,1700,1860,3,3,5340
10/06/2026 16:42:24,2,1700,1860,3,1,5350
10/06/2026 16:42:40,2,1700,1860,3,1,5350
10/06/2026 16:42:56,2,1710,1860,3,1,5350
10/06/2026 16:43:12,2,1710,1860,3,1,5380
10/06/2026 16:43:28,2,1710,1860,3,1,5380
10/06/2026 16:43:44,2,1710,1860,3,1,5310
10/06/2026 16:44:00,2,1720,1860,3,1,5310
10/06/2026 16:44:16,2,1720,1860,3,1,5260
10/06/2026 16:44:32,2,1720,1860,3,1,5260
10/06/2026 16:44:48,2,1720,1860,3,1,5250
10/06/2026 16:45:04,2,1730,1860,3,1,5250
10/06/2026 16:45:20,2,1730,1860,3,1,5250
10/06/2026 16:45:36,2,1610,1860,3,2,1290
10/06/2026 16:45:52,2,1600,1860,3,2,1290
10/06/2026 16:46:08,2,1610,1860,3,3,1290
10/06/2026 16:46:24,2,1610,1860,3,3,1290
10/06/2026 16:46:40,2,1630,1860,3,1,1640
10/06/2026 16:46:56,2,1630,1860,3,1,1640
10/06/2026 16:47:12,2,1630,1860,3,1,1630
10/06/2026 16:47:28,2,-999,1860,3,1,1630
10/06/2026 16:47:44,2,-999,1860,3,1,1630
10/06/2026 16:48:00,2,-999,1860,3,2,1670
10/06/2026 16:48:16,2,1770,1860,3,2,1670
10/06/2026 16:48:32,2,1770,1860,3,2,1640
10/06/2026 16:48:48,2,1790,1860,3,2,1640
10/06/2026 16:49:04,2,1790,1860,3,2,1660
10/06/2026 16:49:20,2,1790,1860,3,2,1660
10/06/2026 16:49:36,2,1820,1860,3,2,1570
10/06/2026 16:49:52,2,1820,1860,3,2,1570
10/06/2026 16:50:08,2,1820,1860,3,2,1570
10/06/2026 16:50:24,2,1810,1860,3,1,1730
10/06/2026 16:50:40,2,1810,1860,3,1,1730
10/06/2026 16:50:56,2,1810,1860,3,2,1660
10/06/2026 16:51:12,2,1810,1860,3,2,1660
10/06/2026 16:51:28,2,1720,1860,3,2,5320
10/06/2026 16:51:44,2,1710,1860,3,2,5320
10/06/2026 16:52:00,2,1660,1860,3,1,5610
10/06/2026 16:52:16,2,1660,1860,3,1,5610
10/06/2026 16:52:32,2,1660,1860,3,1,5610
10/06/2026 16:52:48,2,1770,1860,3,1,6230
10/06/2026 16:53:04,2,1750,1860,3,1,6230
10/06/2026 16:53:20,2,1690,1860,3,1,6240
10/06/2026 16:53:36,2,1690,1860,3,1,6240
10/06/2026 16:53:52,2,1710,1860,3,1,6230
10/06/2026 16:54:08,2,1780,1860,3,1,6230
10/06/2026 16:54:24,2,1780,1860,3,3,6220
10/06/2026 16:54:40,2,1780,1860,3,3,6220
10/06/2026 16:54:56,2,1780,1860,3,3,6220
10/06/2026 16:55:12,2,1790,1860,3,2,7330
10/06/2026 16:55:28,2,1790,1860,3,2,7330
10/06/2026 16:55:44,2,1800,1860,3,2,7300
10/06/2026 16:56:00,2,1800,1860,3,2,7300
10/06/2026 16:56:16,2,1760,1860,3,2,1620
10/06/2026 16:56:32,2,1760,1860,3,2,1620
10/06/2026 16:56:48,2,1820,1860,3,2,7080
10/06/2026 16:57:04,2,1830,1860,3,2,7080
10/06/2026 16:57:20,2,1830,1860,3,2,7080
10/06/2026 16:57:36,2,1770,1860,3,3,1620
10/06/2026 16:57:52,2,1770,1860,3,3,1620
10/06/2026 16:58:08,2,1820,1860,3,2,7030
10/06/2026 16:58:24,2,1830,1860,3,2,7030
10/06/2026 16:58:40,2,1830,1860,3,1,6950
10/06/2026 16:58:56,2,1830,1860,3,1,6950
10/06/2026 16:59:12,2,1780,1860,3,3,1620
10/06/2026 16:59:28,2,1780,1860,3,3,1620
10/06/2026 16:59:44,2,1780,1860,3,3,1620
10/06/2026 17:00:00,1,1760,1720,3,3,1640
10/06/2026 17:00:16,1,1760,1720,3,3,1640
10/06/2026 17:00:32,1,1760,1720,3,3,1620
10/06/2026 17:00:48,1,1760,1720,3,3,1620
10/06/2026 17:01:04,1,1830,1720,3,2,6670
10/06/2026 17:01:20,1,1830,1720,3,2,6670
10/06/2026 17:01:36,1,1830,1720,3,2,6630
10/06/2026 17:01:52,1,1830,1720,3,2,6630
10/06/2026 17:02:08,1,1830,1720,3,2,6630
10/06/2026 17:02:24,1,1840,1720,3,2,6620
10/06/2026 17:02:40,1,1840,1720,3,2,6620
10/06/2026 17:02:56,1,1820,1720,3,1,6620
10/06/2026 17:03:12,1,1820,1720,3,1,6620
10/06/2026 17:03:28,1,1830,1720,3,1,6560
10/06/2026 17:03:44,1,1820,1720,3,1,6560
10/06/2026 17:04:00,1,1830,1720,3,3,6500
10/06/2026 17:04:16,1,1830,1720,3,3,6500
10/06/2026 17:04:32,1,1840,1720,3,3,6500
10/06/2026 17:04:48,1,1840,1720,3,3,6500
10/06/2026 17:05:04,1,1850,1720,3,3,6500
10/06/2026 17:05:20,1,1850,1720,3,2,6810
10/06/2026 17:05:36,1,1850,1720,3,2,6810
10/06/2026 17:05:52,1,1790,1720,3,3,1760
10/06/2026 17:06:08,1,1790,1720,3,3,1760
10/06/2026 17:06:24,1,1790,1720,3,3,1760
10/06/2026 17:06:40,1,1790,1720,3,3,1760
10/06/2026 17:06:56,1,1790,1720,3,3,1760
10/06/2026 17:07:12,1,1880,1720,3,2,6810
10/06/2026 17:07:28,1,1880,1720,3,2,6810
10/06/2026 17:07:44,1,1850,1720,3,2,1740
10/06/2026 17:08:00,1,1850,1720,3,2,1740
10/06/2026 17:08:16,1,1900,1720,3,2,6830
10/06/2026 17:08:32,1,1910,1720,3,2,6830
10/06/2026 17:08:48,1,1900,1720,3,2,6870
10/06/2026 17:09:04,1,1900,1720,3,2,6870
10/06/2026 17:09:20,1,1900,1720,3,2,6870
10/06/2026 17:09:36,1,1890,1720,3,2,6760
10/06/2026 17:09:52,1,1890,1720,3,2,6760
10/06/2026 17:10:08,1,1860,1720,3,2,6790
10/06/2026 17:10:24,1,1860,1720,3,2,6790
10/06/2026 17:10:40,1,1830,1720,3,1,6540
10/06/2026 17:10:56,1,1880,1720,3,1,6540
10/06/2026 17:11:12,1,1880,1720,3,2,6540
10/06/2026 17:11:28,1,1880,1720,3,2,6540
10/06/2026 17:11:44,1,1880,1720,3,2,6540
10/06/2026 17:12:00,1,1880,1720,3,2,6700
10/06/2026 17:12:16,1,1880,1720,3,2,6700
10/06/2026 17:12:32,1,1880,1720,3,1,6690
10/06/2026 17:12:48,1,1880,1720,3,1,6690
10/06/2026 17:13:04,1,1880,1720,3,3,5040
10/06/2026 17:13:20,1,1890,1720,3,3,5040
10/06/2026 17:13:36,1,1890,1720,3,3,6510
10/06/2026 17:13:52,1,1890,1720,3,3,6510
10/06/2026 17:14:08,1,1890,1720,3,3,6510
10/06/2026 17:14:24,1,1890,1720,3,3,5030
10/06/2026 17:14:40,1,1900,1720,3,3,5030
10/06/2026 17:14:56,1,1890,1720,3,3,5070
10/06/2026 17:15:12,1,1890,1720,3,3,5070
10/06/2026 17:15:28,1,1890,1720,3,3,5010
10/06/2026 17:15:44,1,1890,1720,3,3,5010
10/06/2026 17:16:00,1,1890,1720,3,3,5020
10/06/2026 17:16:16,1,1890,1720,3,3,5020
10/06/2026 17:16:32,1,1890,1720,3,3,5020
10/06/2026 17:16:48,1,1880,1720,3,2,6340
10/06/2026 17:17:04,1,1880,1720,3,2,6340
10/06/2026 17:17:20,1,1880,1720,3,1,6270
10/06/2026 17:17:36,1,1870,1720,3,1,6270
10/06/2026 17:17:52,1,1870,1720,3,2,6170
10/06/2026 17:18:08,1,1870,1720,3,2,6170
10/06/2026 17:18:24,1,1860,1720,3,2,6140
10/06/2026 17:18:40,1,1850,1720,3,2,6140
10/06/2026 17:18:56,1,1840,1720,3,2,6140
10/06/2026 17:19:12,1,1830,1720,3,2,6120
10/06/2026 17:19:28,1,1820,1720,3,2,6120
10/06/2026 17:19:44,1,1820,1720,3,1,6120
10/06/2026 17:20:00,1,1820,1720,3,1,6120
10/06/2026 17:20:16,1,1820,1720,3,1,6070
10/06/2026 17:20:32,1,1810,1720,3,1,6070
10/06/2026 17:20:48,1,1810,1720,3,1,6020
10/06/2026 17:21:04,1,1800,1720,3,1,6020
10/06/2026 17:21:20,1,1790,1720,3,1,6020
10/06/2026 17:21:36,1,1790,1720,3,1,5990
10/06/2026 17:21:52,1,1790,1720,3,1,5990
10/06/2026 17:22:08,1,1780,1720,3,1,5040
10/06/2026 17:22:24,1,1780,1720,3,1,5040
10/06/2026 17:22:40,1,1770,1720,3,1,5050
10/06/2026 17:22:56,1,1770,1720,3,1,5050
10/06/2026 17:23:12,1,1760,1720,3,1,5060
10/06/2026 17:23:28,1,1760,1720,3,1,5060
10/06/2026 17:23:44,1,1750,1720,3,1,5060
10/06/2026 17:24:00,1,1750,1720,3,1,5070
10/06/2026 17:24:16,1,1750,1720,3,1,5070
10/06/2026 17:24:32,1,1740,1720,3,1,5080
10/06/2026 17:24:48,1,1740,1720,3,1,5080
10/06/2026 17:25:04,1,1740,1720,3,1,5100
10/06/2026 17:25:20,1,1730,1720,3,1,5100
10/06/2026 17:25:36,1,1730,1720,3,1,5090
10/06/2026 17:25:52,1,1730,1720,3,1,5090
10/06/2026 17:26:08,1,1720,1720,3,1,5090
10/06/2026 17:26:24,1,1720,1720,3,1,5090
10/06/2026 17:26:40,1,1710,1720,3,1,5090
10/06/2026 17:26:56,1,1710,1720,3,1,5110
10/06/2026 17:27:12,1,1700,1720,3,1,5110
10/06/2026 17:27:28,1,1700,1720,3,1,5080
10/06/2026 17:27:44,1,1690,1720,3,1,5080
10/06/2026 17:28:00,1,1690,1720,3,1,5040
10/06/2026 17:28:16,1,1690,1720,3,1,5040
10/06/2026 17:28:32,1,1680,1720,3,1,5040
10/06/2026 17:28:48,1,1680,1720,3,1,5040
10/06/2026 17:29:04,1,1680,1720,3,1,5040
10/06/2026 17:29:20,1,1680,1720,3,1,5030
10/06/2026 17:29:36,1,1680,1720,3,1,5030
10/06/2026 17:29:52,1,1670,1720,3,1,5010
10/06/2026 17:30:08,1,1670,1720,3,1,5010
10/06/2026 17:30:24,1,1670,1720,3,1,5000
10/06/2026 17:30:40,1,1670,1720,3,1,5000
10/06/2026 17:30:56,1,1670,1720,3,1,5000
10/06/2026 17:31:12,1,1680,1720,3,1,5000
10/06/2026 17:31:28,1,1680,1720,3,1,5000
10/06/2026 17:31:44,1,1680,1720,3,1,5000
10/06/2026 17:32:00,1,1680,1720,3,1,5000
10/06/2026 17:32:16,1,1680,1720,3,1,5020
10/06/2026 17:32:32,1,1680,1720,3,1,5020
10/06/2026 17:32:48,1,1680,1720,3,1,5050
10/06/2026 17:33:04,1,1690,1720,3,1,5050
10/06/2026 17:33:20,1,1690,1720,3,1,5050
10/06/2026 17:33:36,1,1690,1720,3,1,5050
10/06/2026 17:33:52,1,1690,1720,3,1,5050
10/06/2026 17:34:08,1,1690,1720,3,1,5110
10/06/2026 17:34:24,1,1690,1720,3,1,5110
10/06/2026 17:34:40,1,1690,1720,3,1,5080
10/06/2026 17:34:56,1,1690,1720,3,1,5080
10/06/2026 17:35:12,1,1690,1720,3,1,5040
10/06/2026 17:35:28,1,1690,1720,3,1,5040
10/06/2026 17:35:44,1,1690,1720,3,1,5040
10/06/2026 17:36:00,1,1690,1720,3,1,5020
10/06/2026 17:36:16,1,1690,1720,3,1,5020
10/06/2026 17:36:32,1,1690,1720,3,1,5040
10/06/2026 17:36:48,1,1690,1720,3,1,5040
10/06/2026 17:37:04,1,1690,1720,3,1,5060
10/06/2026 17:37:20,1,1690,1720,3,1,5060
10/06/2026 17:37:36,1,1690,1720,3,1,5100
10/06/2026 17:37:52,1,1690,1720,3,1,5100
10/06/2026 17:38:08,1,1690,1720,3,1,5100
10/06/2026 17:38:24,1,1700,1720,3,1,5090
10/06/2026 17:38:40,1,1700,1720,3,1,5090
10/06/2026 17:38:56,1,1700,1720,3,1,5080
10/06/2026 17:39:12,1,1700,1720,3,1,5080
10/06/2026 17:39:28,1,1700,1720,3,1,5050
10/06/2026 17:39:44,1,1700,1720,3,1,5050
10/06/2026 17:40:00,1,1700,1720,3,1,5030
10/06/2026 17:40:16,1,1700,1720,3,1,5030
10/06/2026 17:40:32,1,1700,1720,3,1,5030
10/06/2026 17:40:48,1,1700,1720,3,1,5010
10/06/2026 17:41:04,1,1710,1720,3,1,5010
10/06/2026 17:41:20,1,1710,1720,3,1,5020
10/06/2026 17:41:36,1,1710,1720,3,1,5020
10/06/2026 17:41:52,1,1710,1720,3,1,5000
10/06/2026 17:42:08,1,1710,1720,3,1,5000
10/06/2026 17:42:24,1,1710,1720,3,1,5000
10/06/2026 17:42:40,1,1720,1720,3,1,5000
10/06/2026 17:42:56,1,1720,1720,3,1,5000
10/06/2026 17:43:12,1,1720,1720,3,1,5040
10/06/2026 17:43:28,1,1720,1720,3,1,5040
10/06/2026 17:43:44,1,1720,1720,3,1,5040
10/06/2026 17:44:00,1,1720,1720,3,1,5040
10/06/2026 17:44:16,1,1720,1720,3,1,5040
10/06/2026 17:44:32,1,1720,1720,3,1,5040
10/06/2026 17:44:48,1,1720,1720,3,1,5110
10/06/2026 17:45:04,1,1720,1720,3,1,5110
10/06/2026 17:45:20,1,1720,1720,3,1,5110
10/06/2026 17:45:36,1,1720,1720,3,3,5120
10/06/2026 17:45:52,1,1720,1720,3,3,5120
10/06/2026 17:46:08,1,1720,1720,3,1,5720
10/06/2026 17:46:24,1,1720,1720,3,1,5720
10/06/2026 17:46:40,1,1720,1720,3,1,6210
10/06/2026 17:46:56,1,1720,1720,3,1,6210
10/06/2026 17:47:12,1,1720,1720,3,2,5880
10/06/2026 17:47:28,1,1720,1720,3,2,5880
10/06/2026 17:47:44,1,1720,1720,3,2,5880
10/06/2026 17:48:00,1,1720,1720,3,1,5010
10/06/2026 17:48:16,1,1720,1720,3,1,5010
10/06/2026 17:48:32,1,1720,1720,3,1,5030
10/06/2026 17:48:48,1,1720,1720,3,1,5030
10/06/2026 17:49:04,1,1720,1720,3,1,5030
10/06/2026 17:49:20,1,1720,1720,3,1,5030
10/06/2026 17:49:36,1,1720,1720,3,3,5050
10/06/2026 17:49:52,1,1720,1720,3,3,5050
10/06/2026 17:50:08,1,1720,1720,3,3,5050
10/06/2026 17:50:24,1,1720,1720,3,2,5060
10/06/2026 17:50:40,1,1720,1720,3,2,5060
10/06/2026 17:50:56,1,1720,1720,3,1,5070
10/06/2026 17:51:12,1,500,1720,3,1,5070
10/06/2026 17:51:28,1,490,1720,3,3,5020
10/06/2026 17:51:44,1,490,1720,3,3,5020
10/06/2026 17:52:00,1,490,1720,3,2,5280
10/06/2026 17:52:16,1,490,1720,3,2,5280
10/06/2026 17:52:32,1,490,1720,3,2,5280
10/06/2026 17:52:48,1,480,1720,3,2,5270
10/06/2026 17:53:04,1,480,1720,3,2,5270
10/06/2026 17:53:20,1,480,1720,3,1,5480
10/06/2026 17:53:36,1,480,1720,3,1,5480
10/06/2026 17:53:52,1,480,1720,3,2,5290
10/06/2026 17:54:08,1,480,1720,3,2,5290
10/06/2026 17:54:24,1,470,1720,3,2,5240
10/06/2026 17:54:40,1,470,1720,3,2,5240
10/06/2026 17:54:56,1,470,1720,3,2,5240
10/06/2026 17:55:12,1,470,1720,3,2,5250
10/06/2026 17:55:28,1,470,1720,3,2,5250
10/06/2026 17:55:44,1,470,1720,3,2,5380
10/06/2026 17:56:00,1,470,1720,3,2,5380
10/06/2026 17:56:16,1,470,1720,3,2,4610
10/06/2026 17:56:32,1,470,1720,3,2,4610
10/06/2026 17:56:48,1,470,1720,3,2,4610
10/06/2026 17:57:04,1,470,1720,3,2,4610
10/06/2026 17:57:20,1,460,1720,3,2,4610
10/06/2026 17:57:36,1,460,1720,3,3,4610
10/06/2026 17:57:52,1,460,1720,3,3,4610
10/06/2026 17:58:08,1,460,1720,3,3,4650
10/06/2026 17:58:24,1,460,1720,3,3,4650
10/06/2026 17:58:40,1,460,1720,3,2,5420
10/06/2026 17:58:56,1,460,1720,3,2,5420
10/06/2026 17:59:12,1,460,1720,3,2,4720
10/06/2026 17:59:28,1,450,1720,3,2,4720
10/06/2026 17:59:44,1,450,1720,3,2,4720
10/06/2026 18:00:00,2,450,1730,3,2,4720
10/06/2026 18:00:16,2,450,1730,3,2,4720
10/06/2026 18:00:32,2,450,1730,3,1,5520
10/06/2026 18:00:48,2,450,1730,3,1,5520
10/06/2026 18:01:04,2,450,1730,3,3,4720
10/06/2026 18:01:20,2,450,1730,3,3,4720
10/06/2026 18:01:36,2,450,1730,3,2,5420
10/06/2026 18:01:52,2,450,1730,3,2,5420
10/06/2026 18:02:08,2,450,1730,3,2,5420
10/06/2026 18:02:24,2,440,1730,3,2,5330
10/06/2026 18:02:40,2,440,1730,3,2,5330
10/06/2026 18:02:56,2,440,1730,3,1,5300
10/06/2026 18:03:12,2,440,1730,3,1,5300
10/06/2026 18:03:28,2,440,1730,3,1,5260
10/06/2026 18:03:44,2,440,1730,3,1,5260
10/06/2026 18:04:00,2,440,1730,3,1,5230
10/06/2026 18:04:16,2,440,1730,3,1,5230
10/06/2026 18:04:32,2,430,1730,3,1,5230
10/06/2026 18:04:48,2,430,1730,3,1,5180
10/06/2026 18:05:04,2,430,1730,3,1,5180
10/06/2026 18:05:20,2,430,1730,3,1,5070
10/06/2026 18:05:36,2,430,1730,3,1,5070
10/06/2026 18:05:52,2,430,1730,3,2,5050
10/06/2026 18:06:08,2,430,1730,3,2,5050
10/06/2026 18:06:24,2,420,1730,3,2,5000
10/06/2026 18:06:40,2,420,1730,3,2,5000
10/06/2026 18:06:56,2,420,1730,3,2,5000
10/06/2026 18:07:12,2,420,1730,3,1,4960
10/06/2026 18:07:28,2,420,1730,3,1,4960
10/06/2026 18:07:44,2,420,1730,3,1,4940
10/06/2026 18:08:00,2,420,1730,3,1,4940
10/06/2026 18:08:16,2,410,1730,3,1,4930
10/06/2026 18:08:32,2,410,1730,3,1,4930
10/06/2026 18:08:48,2,410,1730,3,1,4900
10/06/2026 18:09:04,2,410,1730,3,1,4900
10/06/2026 18:09:20,2,410,1730,3,1,4900
10/06/2026 18:09:36,2,410,1730,3,1,4900
10/06/2026 18:09:52,2,410,1730,3,1,4900
10/06/2026 18:10:08,2,400,1730,3,1,4860
10/06/2026 18:10:24,2,400,1730,3,1,4860
10/06/2026 18:10:40,2,400,1730,3,1,4860
10/06/2026 18:10:56,2,400,1730,3,1,4860
10/06/2026 18:11:12,2,400,1730,3,1,4810
10/06/2026 18:11:28,2,400,1730,3,1,4810
10/06/2026 18:11:44,2,400,1730,3,1,4810
10/06/2026 18:12:00,2,400,1730,3,1,4800
10/06/2026 18:12:16,2,400,1730,3,1,4800
10/06/2026 18:12:32,2,410,1730,3,1,4830
10/06/2026 18:12:48,2,410,1730,3,1,4830
10/06/2026 18:13:04,2,-999,1730,3,1,4850
10/06/2026 18:13:20,2,-999,1730,3,1,4850
10/06/2026 18:13:36,2,-999,1730,3,2,4860
10/06/2026 18:13:52,2,-999,1730,3,2,4860
10/06/2026 18:14:08,2,-999,1730,3,2,4860
10/06/2026 18:14:24,2,1950,1730,3,2,1830
10/06/2026 18:14:40,2,1950,1730,3,2,1830
10/06/2026 18:14:56,2,1950,1730,3,3,1830
10/06/2026 18:15:12,2,1950,1730,3,3,1830
10/06/2026 18:15:28,2,1920,1730,3,3,1810
10/06/2026 18:15:44,2,1920,1730,3,3,1810
10/06/2026 18:16:00,2,-999,1730,3,2,4740
10/06/2026 18:16:16,2,-999,1730,3,2,4740
10/06/2026 18:16:32,2,-999,1730,3,2,4740
10/06/2026 18:16:48,2,-999,1730,3,2,4750
10/06/2026 18:17:04,2,-999,1730,3,2,4750
10/06/2026 18:17:20,2,-999,1730,3,2,4720
10/06/2026 18:17:36,2,-999,1730,3,2,4720
10/06/2026 18:17:52,2,-999,1730,3,2,4630
10/06/2026 18:18:08,2,-999,1730,3,2,4630
10/06/2026 18:18:24,2,-999,1730,3,2,4620
10/06/2026 18:18:40,2,-999,1730,3,2,4620
10/06/2026 18:18:56,2,-999,1730,3,2,4620
10/06/2026 18:19:12,2,-999,1730,3,2,4630
10/06/2026 18:19:28,2,-999,1730,3,2,4630
10/06/2026 18:19:44,2,430,1730,3,1,4610
10/06/2026 18:20:00,2,430,1730,3,1,4610
10/06/2026 18:20:16,2,430,1730,3,1,4620
10/06/2026 18:20:32,2,440,1730,3,1,4620
10/06/2026 18:20:48,2,440,1730,3,1,4710
10/06/2026 18:21:04,2,440,1730,3,1,4710
10/06/2026 18:21:20,2,440,1730,3,1,4710
10/06/2026 18:21:36,2,440,1730,3,1,4660
10/06/2026 18:21:52,2,440,1730,3,1,4660
10/06/2026 18:22:08,2,440,1730,3,1,4660
10/06/2026 18:22:24,2,440,1730,3,1,4660
10/06/2026 18:22:40,2,440,1730,3,1,4690
10/06/2026 18:22:56,2,450,1730,3,1,4690
10/06/2026 18:23:12,2,450,1730,3,1,4710
10/06/2026 18:23:28,2,450,1730,3,1,4710
10/06/2026 18:23:44,2,450,1730,3,1,4710
10/06/2026 18:24:00,2,450,1730,3,1,4740
10/06/2026 18:24:16,2,450,1730,3,1,4740
10/06/2026 18:24:32,2,460,1730,3,1,4730
10/06/2026 18:24:48,2,460,1730,3,1,4730
10/06/2026 18:25:04,2,460,1730,3,1,4730
10/06/2026 18:25:20,2,460,1730,3,1,4730
10/06/2026 18:25:36,2,460,1730,3,1,4900
10/06/2026 18:25:52,2,460,1730,3,1,4900
10/06/2026 18:26:08,2,460,1730,3,1,4900
10/06/2026 18:26:24,2,460,1730,3,1,5070
10/06/2026 18:26:40,2,460,1730,3,1,5070
10/06/2026 18:26:56,2,460,1730,3,1,5060
10/06/2026 18:27:12,2,460,1730,3,1,5060
10/06/2026 18:27:28,2,2000,1730,3,2,1870
10/06/2026 18:27:44,2,2000,1730,3,2,1870
10/06/2026 18:28:00,2,2000,1730,3,3,1870
10/06/2026 18:28:16,2,2000,1730,3,3,1870
10/06/2026 18:28:32,2,2000,1730,3,3,1870
10/06/2026 18:28:48,2,460,1730,3,2,5280
10/06/2026 18:29:04,2,460,1730,3,2,5280
10/06/2026 18:29:20,2,460,1730,3,2,5140
10/06/2026 18:29:36,2,460,1730,3,2,5140
10/06/2026 18:29:52,2,460,1730,3,2,5150
10/06/2026 18:30:08,2,470,1730,3,2,5150
10/06/2026 18:30:24,2,470,1730,3,1,5160
10/06/2026 18:30:40,2,470,1730,3,1,5160
10/06/2026 18:30:56,2,470,1730,3,1,5160
10/06/2026 18:31:12,2,470,1730,3,1,5260
10/06/2026 18:31:28,2,470,1730,3,1,5260
10/06/2026 18:31:44,2,470,1730,3,1,5350
10/06/2026 18:32:00,2,480,1730,3,1,5350
10/06/2026 18:32:16,2,480,1730,3,2,5090
10/06/2026 18:32:32,2,480,1730,3,2,5090
10/06/2026 18:32:48,2,480,1730,3,1,5080
10/06/2026 18:33:04,2,480,1730,3,1,5080
10/06/2026 18:33:20,2,480,1730,3,1,5080
10/06/2026 18:33:36,2,480,1730,3,1,5080
10/06/2026 18:33:52,2,480,1730,3,1,5080
10/06/2026 18:34:08,2,480,1730,3,2,5090
10/06/2026 18:34:24,2,480,1730,3,2,5090
10/06/2026 18:34:40,2,480,1730,3,1,5500
10/06/2026 18:34:56,2,480,1730,3,1,5500
10/06/2026 18:35:12,2,480,1730,3,1,5430
10/06/2026 18:35:28,2,480,1730,3,1,5430
10/06/2026 18:35:44,2,480,1730,3,1,5430
10/06/2026 18:36:00,2,480,1730,3,2,5430
10/06/2026 18:36:16,2,480,1730,3,2,5430
10/06/2026 18:36:32,2,490,1730,3,3,5070
10/06/2026 18:36:48,2,490,1730,3,3,5070
10/06/2026 18:37:04,2,480,1730,3,1,5300
10/06/2026 18:37:20,2,490,1730,3,1,5300
10/06/2026 18:37:36,2,490,1730,3,1,5300
10/06/2026 18:37:52,2,480,1730,3,1,5300
10/06/2026 18:38:08,2,480,1730,3,1,5300
10/06/2026 18:38:24,2,2020,1730,3,2,1700
10/06/2026 18:38:40,2,2020,1730,3,2,1700
10/06/2026 18:38:56,2,2020,1730,3,2,1700
10/06/2026 18:39:12,2,2020,1730,3,2,1700
10/06/2026 18:39:28,2,2020,1730,3,1,1700
10/06/2026 18:39:44,2,2020,1730,3,1,1700
10/06/2026 18:40:00,2,2020,1730,3,1,1700
10/06/2026 18:40:16,2,-999,1730,3,1,1700
10/06/2026 18:40:32,2,1780,1730,3,1,1700
10/06/2026 18:40:48,2,1780,1730,3,1,1700
10/06/2026 18:41:04,2,1780,1730,3,1,1700
10/06/2026 18:41:20,2,1780,1730,3,1,1700
10/06/2026 18:41:36,2,1780,1730,3,1,1700
10/06/2026 18:41:52,2,1780,1730,3,1,1690
10/06/2026 18:42:08,2,1780,1730,3,1,1690
10/06/2026 18:42:24,2,1780,1730,3,1,1690
10/06/2026 18:42:40,2,1780,1730,3,1,1690
10/06/2026 18:42:56,2,1780,1730,3,1,1690
10/06/2026 18:43:12,2,1780,1730,3,2,1700
10/06/2026 18:43:28,2,1790,1730,3,2,1700
10/06/2026 18:43:44,2,500,1730,3,1,4600
10/06/2026 18:44:00,2,500,1730,3,1,4600
10/06/2026 18:44:16,2,1790,1730,3,2,1680
10/06/2026 18:44:32,2,1790,1730,3,2,1680
10/06/2026 18:44:48,2,1790,1730,3,2,1680
10/06/2026 18:45:04,2,1790,1730,3,2,1680
10/06/2026 18:45:20,2,1780,1730,3,2,1680
10/06/2026 18:45:36,2,1780,1730,3,2,1700
10/06/2026 18:45:52,2,1780,1730,3,2,1700
10/06/2026 18:46:08,2,1780,1730,3,2,1690
10/06/2026 18:46:24,2,1790,1730,3,2,1690
10/06/2026 18:46:40,2,1790,1730,3,1,1680
10/06/2026 18:46:56,2,1790,1730,3,1,1680
10/06/2026 18:47:12,2,1790,1730,3,1,1670
10/06/2026 18:47:28,2,1790,1730,3,1,1670
10/06/2026 18:47:44,2,1790,1730,3,1,1670
10/06/2026 18:48:00,2,1790,1730,3,2,1640
10/06/2026 18:48:16,2,1790,1730,3,2,1640
10/06/2026 18:48:32,2,1790,1730,3,2,1640
10/06/2026 18:48:48,2,1790,1730,3,2,1640
10/06/2026 18:49:04,2,1790,1730,3,2,1640
10/06/2026 18:49:20,2,1790,1730,3,2,1640
10/06/2026 18:49:36,2,510,1730,3,1,4700
10/06/2026 18:49:52,2,510,1730,3,1,4700
10/06/2026 18:50:08,2,510,1730,3,1,4700
10/06/2026 18:50:24,2,510,1730,3,1,4700
10/06/2026 18:50:40,2,510,1730,3,1,4700
10/06/2026 18:50:56,2,1790,1730,3,2,1670
10/06/2026 18:51:12,2,1790,1730,3,2,1670
10/06/2026 18:51:28,2,1790,1730,3,2,1670
10/06/2026 18:51:44,2,1760,1730,3,2,1670
10/06/2026 18:52:00,2,1770,1730,3,1,1660
10/06/2026 18:52:16,2,1770,1730,3,1,1660
10/06/2026 18:52:32,2,1770,1730,3,1,1660
10/06/2026 18:52:48,2,1770,1730,3,1,1650
10/06/2026 18:53:04,2,1770,1730,3,1,1650
10/06/2026 18:53:20,2,1770,1730,3,3,1640
10/06/2026 18:53:36,2,1770,1730,3,3,1640
10/06/2026 18:53:52,2,510,1730,3,1,6330
10/06/2026 18:54:08,2,510,1730,3,1,6330
10/06/2026 18:54:24,2,510,1730,3,1,6330
10/06/2026 18:54:40,2,510,1730,3,1,6330
10/06/2026 18:54:56,2,510,1730,3,1,6330
10/06/2026 18:55:12,2,510,1730,3,1,6340
10/06/2026 18:55:28,2,510,1730,3,1,6340
10/06/2026 18:55:44,2,510,1730,3,1,6290
10/06/2026 18:56:00,2,510,1730,3,1,6290
10/06/2026 18:56:16,2,510,1730,3,1,6280
10/06/2026 18:56:32,2,510,1730,3,1,6280
10/06/2026 18:56:48,2,510,1730,3,1,6320
10/06/2026 18:57:04,2,510,1730,3,1,6320
10/06/2026 18:57:20,2,510,1730,3,1,6320
10/06/2026 18:57:36,2,510,1730,3,1,6370
10/06/2026 18:57:52,2,510,1730,3,1,6370
10/06/2026 18:58:08,2,510,1730,3,1,6390
10/06/2026 18:58:24,2,510,1730,3,1,6390
10/06/2026 18:58:40,2,510,1730,3,1,6370
10/06/2026 18:58:56,2,510,1730,3,1,6370
10/06/2026 18:59:12,2,1750,1730,3,2,3240
10/06/2026 18:59:28,2,1750,1730,3,2,3240
10/06/2026 18:59:44,2,1740,1730,3,2,3240
10/06/2026 19:00:00,2,1740,460,3,2,3240
10/06/2026 19:00:16,2,1730,460,3,2,3240
10/06/2026 19:00:32,2,1720,460,3,1,3230
10/06/2026 19:00:48,2,1710,460,3,1,3230
10/06/2026 19:01:04,2,1700,460,3,1,3170
10/06/2026 19:01:20,2,1690,460,3,1,3170
10/06/2026 19:01:36,2,1690,460,3,1,3150
10/06/2026 19:01:52,2,1680,460,3,1,3150
10/06/2026 19:02:08,2,1670,460,3,1,3150
10/06/2026 19:02:24,2,1660,460,3,1,3100
10/06/2026 19:02:40,2,1660,460,3,1,3100
10/06/2026 19:02:56,2,1650,460,3,2,3110
10/06/2026 19:03:12,2,1640,460,3,2,3110
10/06/2026 19:03:28,2,1640,460,3,3,1610
10/06/2026 19:03:44,2,1640,460,3,3,1610
10/06/2026 19:04:00,2,1640,460,3,2,1610
10/06/2026 19:04:16,2,1640,460,3,2,1610
10/06/2026 19:04:32,2,1640,460,3,2,1610
10/06/2026 19:04:48,2,1640,460,3,2,1610
10/06/2026 19:05:04,2,1640,460,3,2,1610
10/06/2026 19:05:20,2,1740,460,3,1,1600
10/06/2026 19:05:36,2,1740,460,3,1,1600
10/06/2026 19:05:52,2,1740,460,3,1,1600
10/06/2026 19:06:08,2,1740,460,3,1,1600
10/06/2026 19:06:24,2,1740,460,3,1,1590
10/06/2026 19:06:40,2,1740,460,3,1,1590
10/06/2026 19:06:56,2,1740,460,3,1,1590
10/06/2026 19:07:12,2,1740,460,3,1,1590
10/06/2026 19:07:28,2,1740,460,3,1,1590
10/06/2026 19:07:44,2,1710,460,3,1,1590
10/06/2026 19:08:00,2,1710,460,3,1,1590
10/06/2026 19:08:16,2,1710,460,3,1,1580
10/06/2026 19:08:32,2,1710,460,3,1,1580
10/06/2026 19:08:48,2,1710,460,3,1,1580
10/06/2026 19:09:04,2,1700,460,3,1,1580
10/06/2026 19:09:20,2,1700,460,3,1,1580
10/06/2026 19:09:36,2,1700,460,3,2,1590
10/06/2026 19:09:52,2,1700,460,3,2,1590
10/06/2026 19:10:08,2,1700,460,3,2,1580
10/06/2026 19:10:24,2,1700,460,3,2,1580
10/06/2026 19:10:40,2,490,460,3,1,4300
10/06/2026 19:10:56,2,490,460,3,1,4300
10/06/2026 19:11:12,2,490,460,3,1,4300
10/06/2026 19:11:28,2,490,460,3,1,4300
10/06/2026 19:11:44,2,480,460,3,1,4300
10/06/2026 19:12:00,2,480,460,3,1,4280
10/06/2026 19:12:16,2,480,460,3,1,4280
10/06/2026 19:12:32,2,480,460,3,1,4320
10/06/2026 19:12:48,2,480,460,3,1,4320
10/06/2026 19:13:04,2,480,460,3,1,4310
10/06/2026 19:13:20,2,480,460,3,1,4310
10/06/2026 19:13:36,2,480,460,3,1,4320
10/06/2026 19:13:52,2,470,460,3,1,4320
10/06/2026 19:14:08,2,470,460,3,1,4320
10/06/2026 19:14:24,2,470,460,3,1,4260
10/06/2026 19:14:40,2,470,460,3,1,4260
10/06/2026 19:14:56,2,470,460,3,1,4170
10/06/2026 19:15:12,2,470,460,3,1,4170
10/06/2026 19:15:28,2,470,460,3,1,4210
10/06/2026 19:15:44,2,470,460,3,1,4210
10/06/2026 19:16:00,2,470,460,3,1,4250
10/06/2026 19:16:16,2,470,460,3,1,4250
10/06/2026 19:16:32,2,470,460,3,1,4250
10/06/2026 19:16:48,2,470,460,3,1,4160
10/06/2026 19:17:04,2,470,460,3,1,4160
10/06/2026 19:17:20,2,460,460,3,1,4150
10/06/2026 19:17:36,2,460,460,3,1,4150
10/06/2026 19:17:52,2,460,460,3,1,4220
10/06/2026 19:18:08,2,460,460,3,1,4220
10/06/2026 19:18:24,2,460,460,3,1,4250
10/06/2026 19:18:40,2,460,460,3,1,4250
10/06/2026 19:18:56,2,460,460,3,1,4250
10/06/2026 19:19:12,2,460,460,3,1,4230
10/06/2026 19:19:28,2,460,460,3,1,4230
10/06/2026 19:19:44,2,460,460,3,1,4210
10/06/2026 19:20:00,2,450,460,3,1,4210
10/06/2026 19:20:16,2,450,460,3,2,4220
10/06/2026 19:20:32,2,400,460,3,2,4220
10/06/2026 19:20:48,2,400,460,3,1,4420
10/06/2026 19:21:04,2,400,460,3,1,4420
10/06/2026 19:21:20,2,400,460,3,1,4420
10/06/2026 19:21:36,2,400,460,3,1,4330
10/06/2026 19:21:52,2,400,460,3,1,4330
10/06/2026 19:22:08,2,400,460,3,1,4370
10/06/2026 19:22:24,2,400,460,3,1,4370
10/06/2026 19:22:40,2,400,460,3,1,4360
10/06/2026 19:22:56,2,400,460,3,1,4360
10/06/2026 19:23:12,2,400,460,3,1,4180
10/06/2026 19:23:28,2,400,460,3,1,4180
10/06/2026 19:23:44,2,400,460,3,1,4180
10/06/2026 19:24:00,2,400,460,3,0,-999
10/06/2026 19:24:16,2,400,460,3,0,-999
10/06/2026 19:24:32,2,400,460,3,0,-999
10/06/2026 19:24:48,2,390,460,3,0,-999
10/06/2026 19:25:04,2,390,460,3,0,-999
10/06/2026 19:25:20,2,390,460,3,0,-999
10/06/2026 19:25:36,2,390,460,3,1,4200
10/06/2026 19:25:52,2,390,460,3,1,4200
10/06/2026 19:26:08,2,390,460,3,1,4200
10/06/2026 19:26:24,2,390,460,3,1,4210
10/06/2026 19:26:40,2,390,460,3,1,4210
10/06/2026 19:26:56,2,390,460,3,1,4200
10/06/2026 19:27:12,2,390,460,3,1,4200
10/06/2026 19:27:28,2,390,460,3,1,4190
10/06/2026 19:27:44,2,390,460,3,1,4190
10/06/2026 19:28:00,2,390,460,3,0,-999
10/06/2026 19:28:16,2,380,460,3,0,-999
10/06/2026 19:28:32,2,380,460,3,0,-999
10/06/2026 19:28:48,2,380,460,3,1,1780
10/06/2026 19:29:04,2,380,460,3,1,1780
10/06/2026 19:29:20,2,380,460,3,1,1780
10/06/2026 19:29:36,2,380,460,3,1,1780
10/06/2026 19:29:52,2,380,460,3,1,1770
10/06/2026 19:30:08,2,380,460,3,1,1770
10/06/2026 19:30:24,2,380,460,3,1,1770
10/06/2026 19:30:40,2,380,460,3,1,1770
10/06/2026 19:30:56,2,380,460,3,1,1770
10/06/2026 19:31:12,2,370,460,3,2,1750
10/06/2026 19:31:28,2,370,460,3,2,1750
10/06/2026 19:31:44,2,370,460,3,2,2470
10/06/2026 19:32:00,2,370,460,3,2,2470
10/06/2026 19:32:16,2,370,460,3,2,1710
10/06/2026 19:32:32,2,370,460,3,2,1710
10/06/2026 19:32:48,2,370,460,3,1,4220
10/06/2026 19:33:04,2,370,460,3,1,4220
10/06/2026 19:33:20,2,370,460,3,1,4220
10/06/2026 19:33:36,2,370,460,3,1,4180
10/06/2026 19:33:52,2,400,460,3,1,4180
10/06/2026 19:34:08,2,400,460,3,1,4160
10/06/2026 19:34:24,2,400,460,3,1,4160
10/06/2026 19:34:40,2,1880,460,3,1,2020
10/06/2026 19:34:56,2,1910,460,3,1,2020
10/06/2026 19:35:12,2,-999,460,3,2,2030
10/06/2026 19:35:28,2,-999,460,3,2,2030
10/06/2026 19:35:44,2,-999,460,3,2,2030
10/06/2026 19:36:00,2,390,460,3,1,4660
10/06/2026 19:36:16,2,390,460,3,1,4660
10/06/2026 19:36:32,2,380,460,3,1,4670
10/06/2026 19:36:48,2,380,460,3,1,4670
10/06/2026 19:37:04,2,380,460,3,1,4630
10/06/2026 19:37:20,2,380,460,3,1,4630
10/06/2026 19:37:36,2,380,460,3,1,4620
10/06/2026 19:37:52,2,380,460,3,1,4620
10/06/2026 19:38:08,2,370,460,3,1,4620
10/06/2026 19:38:24,2,370,460,3,1,4590
10/06/2026 19:38:40,2,370,460,3,1,4590
10/06/2026 19:38:56,2,2790,460,3,2,1810
10/06/2026 19:39:12,2,2790,460,3,2,1810
10/06/2026 19:39:28,2,370,460,3,1,4570
10/06/2026 19:39:44,2,360,460,3,1,4570
10/06/2026 19:40:00,2,360,460,3,1,4570
10/06/2026 19:40:16,2,360,460,3,1,4570
10/06/2026 19:40:32,2,360,460,3,1,4570
10/06/2026 19:40:48,2,360,460,3,1,4600
10/06/2026 19:41:04,2,360,460,3,1,4600
10/06/2026 19:41:20,2,2790,460,3,2,1950
10/06/2026 19:41:36,2,2790,460,3,2,1950
10/06/2026 19:41:52,2,2790,460,3,1,1900
10/06/2026 19:42:08,2,2790,460,3,1,1900
10/06/2026 19:42:24,2,-999,460,3,1,1860
10/06/2026 19:42:40,2,-999,460,3,1,1860
10/06/2026 19:42:56,2,-999,460,3,1,1860
10/06/2026 19:43:12,2,2080,460,3,1,1940
10/06/2026 19:43:28,2,2080,460,3,1,1940
10/06/2026 19:43:44,2,2080,460,3,1,1910
10/06/2026 19:44:00,2,2080,460,3,1,1910
10/06/2026 19:44:16,2,2040,460,3,1,1900
10/06/2026 19:44:32,2,2040,460,3,1,1900
10/06/2026 19:44:48,2,2040,460,3,1,1900
10/06/2026 19:45:04,2,2040,460,3,1,1900
10/06/2026 19:45:20,2,2040,460,3,1,1900
10/06/2026 19:45:36,2,2040,460,3,1,1890
10/06/2026 19:45:52,2,2040,460,3,1,1890
10/06/2026 19:46:08,2,2040,460,3,1,1890
10/06/2026 19:46:24,2,1240,460,3,1,1890
10/06/2026 19:46:40,2,1240,460,3,1,1880
10/06/2026 19:46:56,2,1240,460,3,1,1880
10/06/2026 19:47:12,2,1240,460,3,1,1880
10/06/2026 19:47:28,2,1240,460,3,1,1880
10/06/2026 19:47:44,2,1240,460,3,1,1880
10/06/2026 19:48:00,2,1240,460,3,1,1900
10/06/2026 19:48:16,2,1240,460,3,1,1900
10/06/2026 19:48:32,2,1240,460,3,1,1890
10/06/2026 19:48:48,2,1240,460,3,1,1890
10/06/2026 19:49:04,2,1240,460,3,1,1890
10/06/2026 19:49:20,2,1250,460,3,1,1890
10/06/2026 19:49:36,2,1260,460,3,1,1890
10/06/2026 19:49:52,2,1260,460,3,1,1890
10/06/2026 19:50:08,2,1260,460,3,1,1890
10/06/2026 19:50:24,2,1260,460,3,2,1890
10/06/2026 19:50:40,2,1260,460,3,2,1890
10/06/2026 19:50:56,2,1260,460,3,2,1880
10/06/2026 19:51:12,2,1260,460,3,2,1880
10/06/2026 19:51:28,2,2130,460,3,1,2060
10/06/2026 19:51:44,2,2130,460,3,1,2060
10/06/2026 19:52:00,2,2130,460,3,1,2050
10/06/2026 19:52:16,2,2130,460,3,1,2050
10/06/2026 19:52:32,2,2130,460,3,1,2050
10/06/2026 19:52:48,2,2130,460,3,1,1920
10/06/2026 19:53:04,2,2130,460,3,1,1920
10/06/2026 19:53:20,2,2130,460,3,1,1940
10/06/2026 19:53:36,2,2130,460,3,1,1940
10/06/2026 19:53:52,2,2130,460,3,1,1830
10/06/2026 19:54:08,2,2130,460,3,1,1830
10/06/2026 19:54:24,2,2120,460,3,1,1820
10/06/2026 19:54:40,2,2120,460,3,1,1820
10/06/2026 19:54:56,2,2120,460,3,1,1820
10/06/2026 19:55:12,2,-999,460,3,1,1810
10/06/2026 19:55:28,2,2020,460,3,1,1810
10/06/2026 19:55:44,2,-999,460,3,1,1740
10/06/2026 19:56:00,2,-999,460,3,1,1740
10/06/2026 19:56:16,2,1990,460,3,1,1770
10/06/2026 19:56:32,2,1990,460,3,1,1770
10/06/2026 19:56:48,2,1960,460,3,1,1760
10/06/2026 19:57:04,2,1960,460,3,1,1760
10/06/2026 19:57:20,2,1930,460,3,1,1760
10/06/2026 19:57:36,2,1940,460,3,1,1760
10/06/2026 19:57:52,2,1940,460,3,1,1760
10/06/2026 19:58:08,2,1930,460,3,1,1790
10/06/2026 19:58:24,2,1930,460,3,1,1790
10/06/2026 19:58:40,2,1930,460,3,1,1750
10/06/2026 19:58:56,2,1930,460,3,1,1750
10/06/2026 19:59:12,2,1910,460,3,1,1740
10/06/2026 19:59:28,2,1910,460,3,1,1740
10/06/2026 19:59:44,2,1910,460,3,1,1740
10/06/2026 20:00:00,1,1910,400,3,1,1740
10/06/2026 20:00:16,1,1910,400,3,1,1740
10/06/2026 20:00:32,1,1910,400,3,1,1810
10/06/2026 20:00:48,1,1930,400,3,1,1810
10/06/2026 20:01:04,1,1930,400,3,1,1800
10/06/2026 20:01:20,1,1940,400,3,1,1800
10/06/2026 20:01:36,1,1940,400,3,2,1930
10/06/2026 20:01:52,1,1980,400,3,2,1930
10/06/2026 20:02:08,1,1980,400,3,2,1930
10/06/2026 20:02:24,1,1980,400,3,1,1800
10/06/2026 20:02:40,1,1980,400,3,1,1800
10/06/2026 20:02:56,1,1980,400,3,1,1800
10/06/2026 20:03:12,1,1980,400,3,1,1800
10/06/2026 20:03:28,1,1980,400,3,1,1780
10/06/2026 20:03:44,1,1980,400,3,1,1780
10/06/2026 20:04:00,1,1980,400,3,1,1790
10/06/2026 20:04:16,1,1960,400,3,1,1790
10/06/2026 20:04:32,1,1960,400,3,1,1790
10/06/2026 20:04:48,1,1950,400,3,1,1780
10/06/2026 20:05:04,1,1950,400,3,1,1780
10/06/2026 20:05:20,1,1950,400,3,1,1770
10/06/2026 20:05:36,1,1930,400,3,1,1770
10/06/2026 20:05:52,1,1930,400,3,1,1790
10/06/2026 20:06:08,1,1930,400,3,1,1790
10/06/2026 20:06:24,1,1930,400,3,1,1790
10/06/2026 20:06:40,1,1930,400,3,1,1790
10/06/2026 20:06:56,1,1930,400,3,1,1790
10/06/2026 20:07:12,1,1930,400,3,1,1780
10/06/2026 20:07:28,1,1950,400,3,1,1780
10/06/2026 20:07:44,1,1950,400,3,1,1780
10/06/2026 20:08:00,1,1950,400,3,1,1780
10/06/2026 20:08:16,1,1950,400,3,1,1860
10/06/2026 20:08:32,1,1950,400,3,1,1860
10/06/2026 20:08:48,1,1950,400,3,1,1900
10/06/2026 20:09:04,1,1950,400,3,1,1900
10/06/2026 20:09:20,1,1950,400,3,1,1900
10/06/2026 20:09:36,1,1980,400,3,1,1900
10/06/2026 20:09:52,1,1980,400,3,1,1900
10/06/2026 20:10:08,1,2040,400,3,1,1940
10/06/2026 20:10:24,1,2040,400,3,1,1940
10/06/2026 20:10:40,1,2070,400,3,1,1980
10/06/2026 20:10:56,1,1100,400,3,1,1980
10/06/2026 20:11:12,1,1100,400,3,1,2010
10/06/2026 20:11:28,1,1110,400,3,1,2010
10/06/2026 20:11:44,1,1110,400,3,1,2010
10/06/2026 20:12:00,1,1120,400,3,1,2020
10/06/2026 20:12:16,1,1120,400,3,1,2020
10/06/2026 20:12:32,1,1130,400,3,1,2020
10/06/2026 20:12:48,1,1130,400,3,1,2020
10/06/2026 20:13:04,1,1130,400,3,1,2070
10/06/2026 20:13:20,1,1140,400,3,1,2070
10/06/2026 20:13:36,1,1140,400,3,1,2000
10/06/2026 20:13:52,1,1140,400,3,1,2000
10/06/2026 20:14:08,1,1150,400,3,1,2000
10/06/2026 20:14:24,1,1150,400,3,1,1990
10/06/2026 20:14:40,1,1150,400,3,1,1990
10/06/2026 20:14:56,1,1150,400,3,1,2040
10/06/2026 20:15:12,1,1150,400,3,1,2040
10/06/2026 20:15:28,1,1150,400,3,1,2120
10/06/2026 20:15:44,1,1150,400,3,1,2120
10/06/2026 20:16:00,1,1150,400,3,1,2020
10/06/2026 20:16:16,1,1150,400,3,1,2020
10/06/2026 20:16:32,1,1150,400,3,1,2020
10/06/2026 20:16:48,1,1150,400,3,1,2020
10/06/2026 20:17:04,1,1140,400,3,1,2020
10/06/2026 20:17:20,1,1140,400,3,1,1980
10/06/2026 20:17:36,1,1140,400,3,1,1980
10/06/2026 20:17:52,1,1130,400,3,1,2140
10/06/2026 20:18:08,1,1130,400,3,1,2140
10/06/2026 20:18:24,1,1130,400,3,1,2040
10/06/2026 20:18:40,1,2260,400,3,1,2040
10/06/2026 20:18:56,1,2260,400,3,1,2040
10/06/2026 20:19:12,1,940,400,3,2,1980
10/06/2026 20:19:28,1,940,400,3,2,1980
10/06/2026 20:19:44,1,940,400,3,1,1980
10/06/2026 20:20:00,1,940,400,3,1,1980
10/06/2026 20:20:16,1,940,400,3,1,1990
10/06/2026 20:20:32,1,940,400,3,1,1990
10/06/2026 20:20:48,1,930,400,3,1,1970
10/06/2026 20:21:04,1,930,400,3,1,1970
10/06/2026 20:21:20,1,930,400,3,1,1970
10/06/2026 20:21:36,1,930,400,3,1,1970
10/06/2026 20:21:52,1,920,400,3,1,1970
10/06/2026 20:22:08,1,920,400,3,1,1980
10/06/2026 20:22:24,1,920,400,3,1,1980
10/06/2026 20:22:40,1,920,400,3,1,2000
10/06/2026 20:22:56,1,920,400,3,1,2000
10/06/2026 20:23:12,1,910,400,3,1,2080
10/06/2026 20:23:28,1,910,400,3,1,2080
10/06/2026 20:23:44,1,910,400,3,1,2080
10/06/2026 20:24:00,1,910,400,3,1,2060
10/06/2026 20:24:16,1,910,400,3,1,2060
10/06/2026 20:24:32,1,910,400,3,3,2050
10/06/2026 20:24:48,1,910,400,3,3,2050
10/06/2026 20:25:04,1,910,400,3,1,3210
10/06/2026 20:25:20,1,910,400,3,1,3210
10/06/2026 20:25:36,1,910,400,3,1,3220
10/06/2026 20:25:52,1,910,400,3,1,3220
10/06/2026 20:26:08,1,920,400,3,1,3220
10/06/2026 20:26:24,1,920,400,3,1,3230
10/06/2026 20:26:40,1,920,400,3,1,3230
10/06/2026 20:26:56,1,920,400,3,1,3220
10/06/2026 20:27:12,1,920,400,3,1,3220
10/06/2026 20:27:28,1,920,400,3,1,3170
10/06/2026 20:27:44,1,920,400,3,1,3170
10/06/2026 20:28:00,1,920,400,3,1,3180
10/06/2026 20:28:16,1,930,400,3,1,3180
10/06/2026 20:28:32,1,930,400,3,1,3180
10/06/2026 20:28:48,1,930,400,3,1,3170
10/06/2026 20:29:04,1,930,400,3,1,3170
10/06/2026 20:29:20,1,930,400,3,1,3130
10/06/2026 20:29:36,1,930,400,3,1,3130
10/06/2026 20:29:52,1,940,400,3,1,3090
10/06/2026 20:30:08,1,940,400,3,1,3090
10/06/2026 20:30:24,1,940,400,3,1,3070
10/06/2026 20:30:40,1,940,400,3,1,3070
10/06/2026 20:30:56,1,940,400,3,1,3070
10/06/2026 20:31:12,1,940,400,3,2,2070
10/06/2026 20:31:28,1,940,400,3,2,2070
10/06/2026 20:31:44,1,940,400,3,2,2060
10/06/2026 20:32:00,1,950,400,3,2,2060
10/06/2026 20:32:16,1,950,400,3,1,3060
10/06/2026 20:32:32,1,950,400,3,1,3060
10/06/2026 20:32:48,1,950,400,3,1,3090
10/06/2026 20:33:04,1,950,400,3,1,3090
10/06/2026 20:33:20,1,950,400,3,1,3090
10/06/2026 20:33:36,1,950,400,3,1,3110
10/06/2026 20:33:52,1,950,400,3,1,3110
10/06/2026 20:34:08,1,950,400,3,1,3170
10/06/2026 20:34:24,1,950,400,3,1,3170
10/06/2026 20:34:40,1,950,400,3,1,3210
10/06/2026 20:34:56,1,950,400,3,1,3210
10/06/2026 20:35:12,1,950,400,3,1,3230
10/06/2026 20:35:28,1,950,400,3,1,3230
10/06/2026 20:35:44,1,950,400,3,1,3230
10/06/2026 20:36:00,1,950,400,3,1,3310
10/06/2026 20:36:16,1,950,400,3,1,3310
10/06/2026 20:36:32,1,950,400,3,1,3290
10/06/2026 20:36:48,1,950,400,3,1,3290
10/06/2026 20:37:04,1,950,400,3,1,3300
10/06/2026 20:37:20,1,950,400,3,1,3300
10/06/2026 20:37:36,1,950,400,3,1,3330
10/06/2026 20:37:52,1,950,400,3,1,3330
10/06/2026 20:38:08,1,950,400,3,1,3330
10/06/2026 20:38:24,1,950,400,3,2,2180
10/06/2026 20:38:40,1,950,400,3,2,2180
10/06/2026 20:38:56,1,940,400,3,2,2200
10/06/2026 20:39:12,1,940,400,3,2,2200
10/06/2026 20:39:28,1,940,400,3,1,2200
10/06/2026 20:39:44,1,940,400,3,1,2200
10/06/2026 20:40:00,1,940,400,3,1,2230
10/06/2026 20:40:16,1,930,400,3,1,2230
10/06/2026 20:40:32,1,930,400,3,1,2230
10/06/2026 20:40:48,1,930,400,3,2,2220
10/06/2026 20:41:04,1,930,400,3,2,2220
10/06/2026 20:41:20,1,930,400,3,2,2250
10/06/2026 20:41:36,1,920,400,3,2,2250
10/06/2026 20:41:52,1,920,400,3,2,2230
10/06/2026 20:42:08,1,920,400,3,2,2230
10/06/2026 20:42:24,1,920,400,3,2,2330
10/06/2026 20:42:40,1,920,400,3,2,2330
10/06/2026 20:42:56,1,920,400,3,2,2330
10/06/2026 20:43:12,1,910,400,3,2,2360
10/06/2026 20:43:28,1,910,400,3,2,2360
10/06/2026 20:43:44,1,900,400,3,2,2300
10/06/2026 20:44:00,1,900,400,3,2,2300
10/06/2026 20:44:16,1,900,400,3,2,2300
10/06/2026 20:44:32,1,890,400,3,2,2300
10/06/2026 20:44:48,1,890,400,3,2,2300
10/06/2026 20:45:04,1,890,400,3,2,2300
10/06/2026 20:45:20,1,890,400,3,2,2300
10/06/2026 20:45:36,1,890,400,3,1,2340
10/06/2026 20:45:52,1,890,400,3,1,2340
10/06/2026 20:46:08,1,890,400,3,1,2320
10/06/2026 20:46:24,1,890,400,3,1,2320
10/06/2026 20:46:40,1,890,400,3,2,2340
10/06/2026 20:46:56,1,890,400,3,2,2340
10/06/2026 20:47:12,1,890,400,3,1,2330
10/06/2026 20:47:28,1,890,400,3,1,2330
10/06/2026 20:47:44,1,890,400,3,1,2330
10/06/2026 20:48:00,1,890,400,3,1,2320
10/06/2026 20:48:16,1,890,400,3,1,2320
10/06/2026 20:48:32,1,900,400,3,1,2310
10/06/2026 20:48:48,1,1210,400,3,1,2310
10/06/2026 20:49:04,1,1210,400,3,2,2310
10/06/2026 20:49:20,1,1210,400,3,2,2310
10/06/2026 20:49:36,1,1210,400,3,2,2330
10/06/2026 20:49:52,1,1210,400,3,2,2330
10/06/2026 20:50:08,1,1210,400,3,2,2330
10/06/2026 20:50:24,1,1210,400,3,2,2380
10/06/2026 20:50:40,1,1210,400,3,2,2380
10/06/2026 20:50:56,1,1210,400,3,3,2430
10/06/2026 20:51:12,1,1210,400,3,3,2430
10/06/2026 20:51:28,1,1210,400,3,1,2770
10/06/2026 20:51:44,1,1210,400,3,1,2770
10/06/2026 20:52:00,1,1210,400,3,1,2340
10/06/2026 20:52:16,1,1200,400,3,1,2340
10/06/2026 20:52:32,1,1200,400,3,1,2340
10/06/2026 20:52:48,1,1200,400,3,1,2450
10/06/2026 20:53:04,1,1200,400,3,1,2450
10/06/2026 20:53:20,1,1200,400,3,1,2440
10/06/2026 20:53:36,1,1200,400,3,1,2440
10/06/2026 20:53:52,1,1200,400,3,2,2400
10/06/2026 20:54:08,1,1200,400,3,2,2400
10/06/2026 20:54:24,1,1200,400,3,1,2800
10/06/2026 20:54:40,1,1200,400,3,1,2800
10/06/2026 20:54:56,1,1200,400,3,1,2800
10/06/2026 20:55:12,1,1200,400,3,2,2830
10/06/2026 20:55:28,1,1200,400,3,2,2830
10/06/2026 20:55:44,1,1190,400,3,1,3270
10/06/2026 20:56:00,1,1190,400,3,1,3270
10/06/2026 20:56:16,1,1190,400,3,1,3250
10/06/2026 20:56:32,1,1190,400,3,1,3250
10/06/2026 20:56:48,1,1190,400,3,2,2810
10/06/2026 20:57:04,1,1190,400,3,2,2810
10/06/2026 20:57:20,1,1180,400,3,2,2810
10/06/2026 20:57:36,1,1180,400,3,1,3200
10/06/2026 20:57:52,1,1180,400,3,1,3200
10/06/2026 20:58:08,1,1180,400,3,2,2610
10/06/2026 20:58:24,1,1180,400,3,2,2610
10/06/2026 20:58:40,1,1180,400,3,1,2580
10/06/2026 20:58:56,1,1180,400,3,1,2580
10/06/2026 20:59:12,1,210,400,3,1,2540
10/06/2026 20:59:28,1,210,400,3,1,2540
10/06/2026 20:59:44,1,210,400,3,1,2540
10/06/2026 21:00:00,1,210,930,3,2,2580
10/06/2026 21:00:16,1,210,930,3,2,2580
10/06/2026 21:00:32,1,210,930,3,2,2630
10/06/2026 21:00:48,1,210,930,3,2,2630
10/06/2026 21:01:04,1,220,930,3,1,3310
10/06/2026 21:01:20,1,220,930,3,1,3310
10/06/2026 21:01:36,1,220,930,3,1,3300
10/06/2026 21:01:52,1,220,930,3,1,3300
10/06/2026 21:02:08,1,220,930,3,1,3300
10/06/2026 21:02:24,1,220,930,3,1,3270
10/06/2026 21:02:40,1,220,930,3,1,3270
10/06/2026 21:02:56,1,220,930,3,1,3270
10/06/2026 21:03:12,1,220,930,3,1,3270
10/06/2026 21:03:28,1,220,930,3,2,2920
10/06/2026 21:03:44,1,220,930,3,2,2920
10/06/2026 21:04:00,1,220,930,3,1,2830
10/06/2026 21:04:16,1,220,930,3,1,2830
10/06/2026 21:04:32,1,220,930,3,1,2830
10/06/2026 21:04:48,1,220,930,3,1,2950
10/06/2026 21:05:04,1,220,930,3,1,2950
10/06/2026 21:05:20,1,220,930,3,2,1780
10/06/2026 21:05:36,1,220,930,3,2,1780
10/06/2026 21:05:52,1,220,930,3,2,1790
10/06/2026 21:06:08,1,220,930,3,2,1790
10/06/2026 21:06:24,1,220,930,3,1,1790
10/06/2026 21:06:40,1,220,930,3,1,1790
10/06/2026 21:06:56,1,220,930,3,1,1790
10/06/2026 21:07:12,1,220,930,3,2,1780
10/06/2026 21:07:28,1,210,930,3,2,1780
10/06/2026 21:07:44,1,210,930,3,2,1760
10/06/2026 21:08:00,1,210,930,3,2,1760
10/06/2026 21:08:16,1,210,930,3,2,1750
10/06/2026 21:08:32,1,210,930,3,2,1750
10/06/2026 21:08:48,1,210,930,3,1,3050
10/06/2026 21:09:04,1,210,930,3,1,3050
10/06/2026 21:09:20,1,210,930,3,1,3050
10/06/2026 21:09:36,1,210,930,3,1,3190
10/06/2026 21:09:52,1,210,930,3,1,3190
10/06/2026 21:10:08,1,210,930,3,2,2820
10/06/2026 21:10:24,1,210,930,3,2,2820
10/06/2026 21:10:40,1,210,930,3,1,2810
10/06/2026 21:10:56,1,200,930,3,1,2810
10/06/2026 21:11:12,1,200,930,3,1,3040
10/06/2026 21:11:28,1,200,930,3,1,3040
10/06/2026 21:11:44,1,200,930,3,1,3040
10/06/2026 21:12:00,1,200,930,3,1,3010
10/06/2026 21:12:16,1,200,930,3,1,3010
10/06/2026 21:12:32,1,200,930,3,1,3020
10/06/2026 21:12:48,1,200,930,3,1,3020
10/06/2026 21:13:04,1,190,930,3,2,3070
10/06/2026 21:13:20,1,190,930,3,2,3070
10/06/2026 21:13:36,1,190,930,3,2,3030
10/06/2026 21:13:52,1,190,930,3,2,3030
10/06/2026 21:14:08,1,190,930,3,2,3030
10/06/2026 21:14:24,1,190,930,3,1,3030
10/06/2026 21:14:40,1,190,930,3,1,3030
10/06/2026 21:14:56,1,180,930,3,2,3100
10/06/2026 21:15:12,1,180,930,3,2,3100
10/06/2026 21:15:28,1,180,930,3,1,3340
10/06/2026 21:15:44,1,180,930,3,1,3340
10/06/2026 21:16:00,1,180,930,3,1,3230
10/06/2026 21:16:16,1,170,930,3,1,3230
10/06/2026 21:16:32,1,170,930,3,1,3230
10/06/2026 21:16:48,1,170,930,3,1,3220
10/06/2026 21:17:04,1,170,930,3,1,3220
10/06/2026 21:17:20,1,170,930,3,1,3220
10/06/2026 21:17:36,1,170,930,3,1,3220
10/06/2026 21:17:52,1,170,930,3,1,3060
10/06/2026 21:18:08,1,160,930,3,1,3060
10/06/2026 21:18:24,1,160,930,3,2,2840
10/06/2026 21:18:40,1,160,930,3,2,2840
10/06/2026 21:18:56,1,160,930,3,2,2840
10/06/2026 21:19:12,1,160,930,3,1,3130
10/06/2026 21:19:28,1,160,930,3,1,3130
10/06/2026 21:19:44,1,150,930,3,2,2810
10/06/2026 21:20:00,1,150,930,3,2,2810
10/06/2026 21:20:16,1,150,930,3,1,2710
10/06/2026 21:20:32,1,150,930,3,1,2710
10/06/2026 21:20:48,1,150,930,3,1,2690
10/06/2026 21:21:04,1,150,930,3,1,2690
10/06/2026 21:21:20,1,150,930,3,1,2690
10/06/2026 21:21:36,1,-999,930,3,1,2690
10/06/2026 21:21:52,1,-999,930,3,1,2690
10/06/2026 21:22:08,1,-999,930,3,3,1990
10/06/2026 21:22:24,1,-999,930,3,3,1990
10/06/2026 21:22:40,1,140,930,3,2,3010
10/06/2026 21:22:56,1,140,930,3,2,3010
10/06/2026 21:23:12,1,140,930,3,2,3510
10/06/2026 21:23:28,1,140,930,3,2,3510
10/06/2026 21:23:44,1,140,930,3,2,3510
10/06/2026 21:24:00,1,-999,930,3,3,2180
10/06/2026 21:24:16,1,-999,930,3,3,2180
10/06/2026 21:24:32,1,-999,930,3,2,2190
10/06/2026 21:24:48,1,-999,930,3,2,2190
10/06/2026 21:25:04,1,750,930,3,1,4920
10/06/2026 21:25:20,1,70,930,3,1,4920
10/06/2026 21:25:36,1,70,930,3,1,4930
10/06/2026 21:25:52,1,70,930,3,1,4930
10/06/2026 21:26:08,1,70,930,3,1,4930
10/06/2026 21:26:24,1,-999,930,3,3,2210
10/06/2026 21:26:40,1,-999,930,3,3,2210
10/06/2026 21:26:56,1,-999,930,3,2,2210
10/06/2026 21:27:12,1,-999,930,3,2,2210
10/06/2026 21:27:28,1,940,930,3,3,3000
10/06/2026 21:27:44,1,940,930,3,3,3000
10/06/2026 21:28:00,1,940,930,3,2,3010
10/06/2026 21:28:16,1,940,930,3,2,3010
10/06/2026 21:28:32,1,940,930,3,2,3010
10/06/2026 21:28:48,1,940,930,3,2,3470
10/06/2026 21:29:04,1,940,930,3,2,3470
10/06/2026 21:29:20,1,940,930,3,1,3460
10/06/2026 21:29:36,1,940,930,3,1,3460
10/06/2026 21:29:52,1,940,930,3,2,3200
10/06/2026 21:30:08,1,940,930,3,2,3200
10/06/2026 21:30:24,1,940,930,3,2,3290
10/06/2026 21:30:40,1,940,930,3,2,3290
10/06/2026 21:30:56,1,940,930,3,2,3290
10/06/2026 21:31:12,1,940,930,3,2,3490
10/06/2026 21:31:28,1,940,930,3,2,3490
10/06/2026 21:31:44,1,940,930,3,2,3500
10/06/2026 21:32:00,1,940,930,3,2,3500
10/06/2026 21:32:16,1,940,930,3,3,2350
10/06/2026 21:32:32,1,940,930,3,3,2350
10/06/2026 21:32:48,1,940,930,3,1,2350
10/06/2026 21:33:04,1,940,930,3,1,2350
10/06/2026 21:33:20,1,940,930,3,1,2350
10/06/2026 21:33:36,1,940,930,3,2,2370
10/06/2026 21:33:52,1,940,930,3,2,2370
10/06/2026 21:34:08,1,940,930,3,2,2590
10/06/2026 21:34:24,1,940,930,3,2,2590
10/06/2026 21:34:40,1,940,930,3,3,2550
10/06/2026 21:34:56,1,940,930,3,3,2550
10/06/2026 21:35:12,1,940,930,3,2,2450
10/06/2026 21:35:28,1,940,930,3,2,2450
10/06/2026 21:35:44,1,940,930,3,2,2450
10/06/2026 21:36:00,1,940,930,3,2,2110
10/06/2026 21:36:16,1,940,930,3,2,2110
10/06/2026 21:36:32,1,940,930,3,1,2110
10/06/2026 21:36:48,1,940,930,3,1,2110
10/06/2026 21:37:04,1,940,930,3,1,2050
10/06/2026 21:37:20,1,940,930,3,1,2050
10/06/2026 21:37:36,1,940,930,3,1,2010
10/06/2026 21:37:52,1,940,930,3,1,2010
10/06/2026 21:38:08,1,940,930,3,1,2010
10/06/2026 21:38:24,1,940,930,3,1,2010
10/06/2026 21:38:40,1,130,930,3,1,2010
10/06/2026 21:38:56,1,130,930,3,1,2020
10/06/2026 21:39:12,1,130,930,3,1,2020
10/06/2026 21:39:28,1,130,930,3,1,1970
10/06/2026 21:39:44,1,130,930,3,1,1970
10/06/2026 21:40:00,1,130,930,3,1,1960
10/06/2026 21:40:16,1,130,930,3,1,1960
10/06/2026 21:40:32,1,130,930,3,1,1960
10/06/2026 21:40:48,1,130,930,3,1,1900
10/06/2026 21:41:04,1,130,930,3,1,1900
10/06/2026 21:41:20,1,130,930,3,1,1910
10/06/2026 21:41:36,1,130,930,3,1,1910
10/06/2026 21:41:52,1,130,930,3,1,1940
10/06/2026 21:42:08,1,130,930,3,1,1940
10/06/2026 21:42:24,1,130,930,3,3,770
10/06/2026 21:42:40,1,130,930,3,3,770
10/06/2026 21:42:56,1,-999,930,3,3,770
10/06/2026 21:43:12,1,-999,930,3,1,1990
10/06/2026 21:43:28,1,-999,930,3,1,1990
10/06/2026 21:43:44,1,-999,930,3,1,2160
10/06/2026 21:44:00,1,-999,930,3,1,2160
10/06/2026 21:44:16,1,-999,930,3,1,2170
10/06/2026 21:44:32,1,-999,930,3,1,2170
10/06/2026 21:44:48,1,-999,930,3,1,2100
10/06/2026 21:45:04,1,-999,930,3,1,2100
10/06/2026 21:45:20,1,-999,930,3,1,2100
10/06/2026 21:45:36,1,-999,930,3,1,2090
10/06/2026 21:45:52,1,-999,930,3,1,2090
10/06/2026 21:46:08,1,-999,930,3,1,2110
10/06/2026 21:46:24,1,-999,930,3,1,2110
10/06/2026 21:46:40,1,-999,930,3,1,2150
10/06/2026 21:46:56,1,-999,930,3,1,2150
10/06/2026 21:47:12,1,-999,930,3,2,2260
10/06/2026 21:47:28,1,-999,930,3,2,2260
10/06/2026 21:47:44,1,-999,930,3,2,2260
10/06/2026 21:48:00,1,-999,930,3,3,2590
10/06/2026 21:48:16,1,-999,930,3,3,2590
10/06/2026 21:48:32,1,-999,930,3,3,2530
10/06/2026 21:48:48,1,-999,930,3,3,2530
10/06/2026 21:49:04,1,-999,930,3,1,2510
10/06/2026 21:49:20,1,-999,930,3,1,2510
10/06/2026 21:49:36,1,-999,930,3,2,2680
10/06/2026 21:49:52,1,-999,930,3,2,2680
10/06/2026 21:50:08,1,-999,930,3,2,2680
10/06/2026 21:50:24,1,-999,930,3,2,2890
10/06/2026 21:50:40,1,-999,930,3,2,2890
10/06/2026 21:50:56,1,-999,930,3,2,2730
10/06/2026 21:51:12,1,-999,930,3,2,2730
10/06/2026 21:51:28,1,-999,930,3,2,2750
10/06/2026 21:51:44,1,-999,930,3,2,2750
10/06/2026 21:52:00,1,-999,930,3,2,2850
10/06/2026 21:52:16,1,-999,930,3,2,2850
10/06/2026 21:52:32,1,-999,930,3,2,2850
10/06/2026 21:52:48,1,-999,930,3,1,2830
10/06/2026 21:53:04,1,-999,930,3,1,2830
10/06/2026 21:53:20,1,-999,930,3,2,2810
10/06/2026 21:53:36,1,-999,930,3,2,2810
10/06/2026 21:53:52,1,-999,930,3,2,2820
10/06/2026 21:54:08,1,-999,930,3,2,2820
10/06/2026 21:54:24,1,-999,930,3,2,2920
10/06/2026 21:54:40,1,-999,930,3,2,2920
10/06/2026 21:54:56,1,-999,930,3,2,2920
10/06/2026 21:55:12,1,-999,930,3,2,2960
10/06/2026 21:55:28,1,-999,930,3,2,2960
10/06/2026 21:55:44,1,-999,930,3,2,2910
10/06/2026 21:56:00,1,-999,930,3,2,2910
10/06/2026 21:56:16,1,-999,930,3,2,2800
10/06/2026 21:56:32,1,-999,930,3,2,2800
10/06/2026 21:56:48,1,-999,930,3,2,2740
10/06/2026 21:57:04,1,-999,930,3,2,2740
10/06/2026 21:57:20,1,-999,930,3,2,2740
10/06/2026 21:57:36,1,-999,930,3,2,2740
10/06/2026 21:57:52,1,-999,930,3,2,2740
10/06/2026 21:58:08,1,-999,930,3,2,2750
10/06/2026 21:58:24,1,-999,930,3,2,2750
10/06/2026 21:58:40,1,-999,930,3,1,2750
10/06/2026 21:58:56,1,-999,930,3,1,2750
10/06/2026 21:59:12,1,-999,930,3,1,2740
10/06/2026 21:59:28,1,-999,930,3,1,2740
10/06/2026 21:59:44,1,-999,930,3,1,2740
10/06/2026 22:00:00,2,-999,190,3,1,2730
10/06/2026 22:00:16,2,-999,190,3,1,2730
10/06/2026 22:00:32,2,-999,190,3,2,2740
10/06/2026 22:00:48,2,-999,190,3,2,2740
10/06/2026 22:01:04,2,-999,190,3,2,2790
10/06/2026 22:01:20,2,-999,190,3,2,2790
10/06/2026 22:01:36,2,-999,190,3,2,2830
10/06/2026 22:01:52,2,-999,190,3,2,2830
10/06/2026 22:02:08,2,-999,190,3,2,2830
10/06/2026 22:02:24,2,-999,190,3,2,2980
10/06/2026 22:02:40,2,-999,190,3,2,2980
10/06/2026 22:02:56,2,-999,190,3,2,3170
10/06/2026 22:03:12,2,-999,190,3,2,3170
10/06/2026 22:03:28,2,-999,190,3,2,3360
10/06/2026 22:03:44,2,-999,190,3,2,3360
10/06/2026 22:04:00,2,-999,190,3,1,3540
10/06/2026 22:04:16,2,-999,190,3,1,3540
10/06/2026 22:04:32,2,-999,190,3,1,3540
10/06/2026 22:04:48,2,-999,190,3,1,3140
10/06/2026 22:05:04,2,140,190,3,1,3140
10/06/2026 22:05:20,2,140,190,3,1,3190
10/06/2026 22:05:36,2,140,190,3,1,3190
10/06/2026 22:05:52,2,140,190,3,1,3220
10/06/2026 22:06:08,2,140,190,3,1,3220
10/06/2026 22:06:24,2,140,190,3,1,3230
10/06/2026 22:06:40,2,140,190,3,1,3230
10/06/2026 22:06:56,2,140,190,3,1,3230
10/06/2026 22:07:12,2,140,190,3,1,3270
10/06/2026 22:07:28,2,140,190,3,1,3270
10/06/2026 22:07:44,2,140,190,3,1,3270
10/06/2026 22:08:00,2,140,190,3,1,3270
10/06/2026 22:08:16,2,140,190,3,1,3300
10/06/2026 22:08:32,2,140,190,3,1,3300
10/06/2026 22:08:48,2,140,190,3,3,2590
10/06/2026 22:09:04,2,140,190,3,3,2590
10/06/2026 22:09:20,2,140,190,3,3,2590
10/06/2026 22:09:36,2,140,190,3,3,2580
10/06/2026 22:09:52,2,140,190,3,3,2580
10/06/2026 22:10:08,2,140,190,3,1,2570
10/06/2026 22:10:24,2,140,190,3,1,2570
10/06/2026 22:10:40,2,140,190,3,2,2550
10/06/2026 22:10:56,2,140,190,3,2,2550
10/06/2026 22:11:12,2,140,190,3,1,4230
10/06/2026 22:11:28,2,140,190,3,1,4230
10/06/2026 22:11:44,2,140,190,3,1,4230
10/06/2026 22:12:00,2,140,190,3,3,2410
10/06/2026 22:12:16,2,140,190,3,3,2410
10/06/2026 22:12:32,2,140,190,3,1,2380
10/06/2026 22:12:48,2,140,190,3,1,2380
10/06/2026 22:13:04,2,140,190,3,1,2350
10/06/2026 22:13:20,2,140,190,3,1,2350
10/06/2026 22:13:36,2,140,190,3,1,2430
10/06/2026 22:13:52,2,140,190,3,1,2430
10/06/2026 22:14:08,2,140,190,3,1,2430
10/06/2026 22:14:24,2,130,190,3,1,2420
10/06/2026 22:14:40,2,130,190,3,1,2420
10/06/2026 22:14:56,2,130,190,3,2,2380
10/06/2026 22:15:12,2,130,190,3,2,2380
10/06/2026 22:15:28,2,120,190,3,2,2380
10/06/2026 22:15:44,2,120,190,3,2,2380
10/06/2026 22:16:00,2,120,190,3,3,2310
10/06/2026 22:16:16,2,120,190,3,3,2310
10/06/2026 22:16:32,2,120,190,3,3,2310
10/06/2026 22:16:48,2,120,190,3,2,2580
10/06/2026 22:17:04,2,120,190,3,2,2580
10/06/2026 22:17:20,2,120,190,3,1,2640
10/06/2026 22:17:36,2,120,190,3,1,2640
10/06/2026 22:17:52,2,120,190,3,1,2610
10/06/2026 22:18:08,2,120,190,3,1,2610
10/06/2026 22:18:24,2,120,190,3,1,2290
10/06/2026 22:18:40,2,110,190,3,1,2290
10/06/2026 22:18:56,2,110,190,3,1,2290
10/06/2026 22:19:12,2,80,190,3,1,2290
10/06/2026 22:19:28,2,70,190,3,1,2290
10/06/2026 22:19:44,2,60,190,3,1,2290
10/06/2026 22:20:00,2,60,190,3,1,2290
10/06/2026 22:20:16,2,60,190,3,1,2300
10/06/2026 22:20:32,2,60,190,3,1,2300
10/06/2026 22:20:48,2,60,190,3,1,2320
10/06/2026 22:21:04,2,60,190,3,1,2320
10/06/2026 22:21:20,2,60,190,3,1,2320
10/06/2026 22:21:36,2,60,190,3,1,2320
10/06/2026 22:21:52,2,60,190,3,1,2320
10/06/2026 22:22:08,2,60,190,3,1,2340
10/06/2026 22:22:24,2,60,190,3,1,2340
10/06/2026 22:22:40,2,60,190,3,3,2340
10/06/2026 22:22:56,2,70,190,3,3,2340
10/06/2026 22:23:12,2,70,190,3,1,2350
10/06/2026 22:23:28,2,70,190,3,1,2350
10/06/2026 22:23:44,2,80,190,3,1,2350
10/06/2026 22:24:00,2,80,190,3,1,2840
10/06/2026 22:24:16,2,80,190,3,1,2840
10/06/2026 22:24:32,2,80,190,3,1,2750
10/06/2026 22:24:48,2,90,190,3,1,2750
10/06/2026 22:25:04,2,90,190,3,1,2730
10/06/2026 22:25:20,2,90,190,3,1,2730
10/06/2026 22:25:36,2,90,190,3,1,2710
10/06/2026 22:25:52,2,90,190,3,1,2710
10/06/2026 22:26:08,2,90,190,3,1,2710
10/06/2026 22:26:24,2,90,190,3,1,2690
10/06/2026 22:26:40,2,90,190,3,1,2690
10/06/2026 22:26:56,2,90,190,3,1,2670
10/06/2026 22:27:12,2,90,190,3,1,2670
10/06/2026 22:27:28,2,90,190,3,1,2630
10/06/2026 22:27:44,2,90,190,3,1,2630
10/06/2026 22:28:00,2,90,190,3,1,2580
10/06/2026 22:28:16,2,90,190,3,1,2580
10/06/2026 22:28:32,2,90,190,3,1,2580
10/06/2026 22:28:48,2,90,190,3,1,2550
10/06/2026 22:29:04,2,90,190,3,1,2550
10/06/2026 22:29:20,2,90,190,3,1,2530
10/06/2026 22:29:36,2,90,190,3,1,2530
10/06/2026 22:29:52,2,90,190,3,1,2510
10/06/2026 22:30:08,2,90,190,3,1,2510
10/06/2026 22:30:24,2,-999,190,3,1,2510
10/06/2026 22:30:40,2,-999,190,3,1,2510
10/06/2026 22:30:56,2,-999,190,3,1,2510
10/06/2026 22:31:12,2,-999,190,3,1,2540
10/06/2026 22:31:28,2,-999,190,3,1,2540
10/06/2026 22:31:44,2,-999,190,3,1,2530
10/06/2026 22:32:00,2,-999,190,3,1,2530
10/06/2026 22:32:16,2,-999,190,3,1,2560
10/06/2026 22:32:32,2,-999,190,3,1,2560
10/06/2026 22:32:48,2,-999,190,3,1,2530
10/06/2026 22:33:04,2,-999,190,3,1,2530
10/06/2026 22:33:20,2,2780,190,3,1,2530
10/06/2026 22:33:36,2,2780,190,3,1,2650
10/06/2026 22:33:52,2,2780,190,3,1,2650
10/06/2026 22:34:08,2,2780,190,3,1,2510
10/06/2026 22:34:24,2,2790,190,3,1,2510
10/06/2026 22:34:40,2,2790,190,3,1,2520
10/06/2026 22:34:56,2,2790,190,3,1,2520
10/06/2026 22:35:12,2,2780,190,3,1,2530
10/06/2026 22:35:28,2,2780,190,3,1,2530
10/06/2026 22:35:44,2,2780,190,3,1,2530
10/06/2026 22:36:00,2,2780,190,3,1,2550
10/06/2026 22:36:16,2,2780,190,3,1,2550
10/06/2026 22:36:32,2,2740,190,3,1,2580
10/06/2026 22:36:48,2,2740,190,3,1,2580
10/06/2026 22:37:04,2,2720,190,3,1,2600
10/06/2026 22:37:20,2,2720,190,3,1,2600
10/06/2026 22:37:36,2,2720,190,3,1,2610
10/06/2026 22:37:52,2,2720,190,3,1,2610
10/06/2026 22:38:08,2,2720,190,3,1,2610
10/06/2026 22:38:24,2,2720,190,3,1,2630
10/06/2026 22:38:40,2,2720,190,3,1,2630
10/06/2026 22:38:56,2,2720,190,3,1,2640
10/06/2026 22:39:12,2,2720,190,3,1,2640
10/06/2026 22:39:28,2,2720,190,3,1,2660
10/06/2026 22:39:44,2,2720,190,3,1,2660
10/06/2026 22:40:00,2,-999,190,3,2,2770
10/06/2026 22:40:16,2,-999,190,3,2,2770
10/06/2026 22:40:32,2,-999,190,3,2,2770
10/06/2026 22:40:48,2,-999,190,3,1,2680
10/06/2026 22:41:04,2,-999,190,3,1,2680
10/06/2026 22:41:20,2,-999,190,3,1,2700
10/06/2026 22:41:36,2,-999,190,3,1,2700
10/06/2026 22:41:52,2,-999,190,3,1,2740
10/06/2026 22:42:08,2,-999,190,3,1,2740
10/06/2026 22:42:24,2,-999,190,3,1,2660
10/06/2026 22:42:40,2,-999,190,3,1,2660
10/06/2026 22:42:56,2,-999,190,3,1,2660
10/06/2026 22:43:12,2,-999,190,3,1,2640
10/06/2026 22:43:28,2,-999,190,3,1,2640
10/06/2026 22:43:44,2,-999,190,3,1,2670
10/06/2026 22:44:00,2,-999,190,3,1,2670
10/06/2026 22:44:16,2,-999,190,3,1,2720
10/06/2026 22:44:32,2,-999,190,3,1,2720
10/06/2026 22:44:48,2,-999,190,3,1,2770
10/06/2026 22:45:04,2,-999,190,3,1,2770
10/06/2026 22:45:20,2,-999,190,3,1,2770
10/06/2026 22:45:36,2,-999,190,3,1,2830
10/06/2026 22:45:52,2,-999,190,3,1,2830
10/06/2026 22:46:08,2,-999,190,3,2,2830
10/06/2026 22:46:24,2,-999,190,3,2,2830
10/06/2026 22:46:40,2,-999,190,3,2,2820
10/06/2026 22:46:56,2,-999,190,3,2,2820
10/06/2026 22:47:12,2,-999,190,3,2,2790
10/06/2026 22:47:28,2,-999,190,3,2,2790
10/06/2026 22:47:44,2,-999,190,3,2,2790
10/06/2026 22:48:00,2,-999,190,3,1,2650
10/06/2026 22:48:16,2,-999,190,3,1,2650
10/06/2026 22:48:32,2,-999,190,3,1,2730
10/06/2026 22:48:48,2,-999,190,3,1,2730
10/06/2026 22:49:04,2,-999,190,3,1,2750
10/06/2026 22:49:20,2,-999,190,3,1,2750
10/06/2026 22:49:36,2,-999,190,3,1,2710
10/06/2026 22:49:52,2,-999,190,3,1,2710
10/06/2026 22:50:08,2,-999,190,3,1,2710
10/06/2026 22:50:24,2,-999,190,3,2,2610
10/06/2026 22:50:40,2,-999,190,3,2,2610
10/06/2026 22:50:56,2,-999,190,3,3,2610
10/06/2026 22:51:12,2,-999,190,3,3,2610
10/06/2026 22:51:28,2,-999,190,3,1,2860
10/06/2026 22:51:44,2,-999,190,3,1,2860
10/06/2026 22:52:00,2,-999,190,3,1,2860
10/06/2026 22:52:16,2,-999,190,3,1,2860
10/06/2026 22:52:32,2,-999,190,3,1,2860
10/06/2026 22:52:48,2,-999,190,3,2,2260
10/06/2026 22:53:04,2,-999,190,3,2,2260
10/06/2026 22:53:20,2,-999,190,3,2,2530
10/06/2026 22:53:36,2,-999,190,3,2,2530
10/06/2026 22:53:52,2,-999,190,3,2,1210
10/06/2026 22:54:08,2,-999,190,3,2,1210
10/06/2026 22:54:24,2,-999,190,3,1,2870
10/06/2026 22:54:40,2,-999,190,3,1,2870
10/06/2026 22:54:56,2,-999,190,3,1,2870
10/06/2026 22:55:12,2,-999,190,3,2,1060
10/06/2026 22:55:28,2,-999,190,3,2,1060
10/06/2026 22:55:44,2,-999,190,3,1,2980
10/06/2026 22:56:00,2,-999,190,3,1,2980
10/06/2026 22:56:16,2,-999,190,3,1,3070
10/06/2026 22:56:32,2,-999,190,3,1,3070
10/06/2026 22:56:48,2,-999,190,3,1,2830
10/06/2026 22:57:04,2,-999,190,3,1,2830
10/06/2026 22:57:20,2,-999,190,3,1,2830
10/06/2026 22:57:36,2,-999,190,3,2,2840
10/06/2026 22:57:52,2,-999,190,3,2,2840
10/06/2026 22:58:08,2,-999,190,3,2,2930
10/06/2026 22:58:24,2,-999,190,3,2,2930
10/06/2026 22:58:40,2,-999,190,3,1,3130
10/06/2026 22:58:56,2,-999,190,3,1,3130
10/06/2026 22:59:12,2,-999,190,3,2,2890
10/06/2026 22:59:28,2,-999,190,3,2,2890
10/06/2026 22:59:44,2,-999,190,3,2,2890
10/06/2026 23:00:00,2,-999,120,3,1,3170
10/06/2026 23:00:16,2,-999,120,3,1,3170
10/06/2026 23:00:32,2,-999,120,3,2,2700
10/06/2026 23:00:48,2,-999,120,3,2,2700
10/06/2026 23:01:04,2,-999,120,3,2,2720
10/06/2026 23:01:20,2,-999,120,3,2,2720
10/06/2026 23:01:36,2,-999,120,3,1,2670
10/06/2026 23:01:52,2,-999,120,3,1,2670
10/06/2026 23:02:08,2,-999,120,3,1,2670
10/06/2026 23:02:24,2,-999,120,3,1,2680
10/06/2026 23:02:40,2,-999,120,3,1,2680
10/06/2026 23:02:56,2,-999,120,3,1,2680
10/06/2026 23:03:12,2,-999,120,3,1,2680
10/06/2026 23:03:28,2,-999,120,3,1,2670
10/06/2026 23:03:44,2,-999,120,3,1,2670
10/06/2026 23:04:00,2,-999,120,3,1,2660
10/06/2026 23:04:16,2,-999,120,3,1,2660
10/06/2026 23:04:32,2,-999,120,3,1,2660
10/06/2026 23:04:48,2,-999,120,3,1,2650
10/06/2026 23:05:04,2,-999,120,3,1,2650
10/06/2026 23:05:20,2,-999,120,3,2,2670
10/06/2026 23:05:36,2,-999,120,3,2,2670
10/06/2026 23:05:52,2,-999,120,3,2,2670
10/06/2026 23:06:08,2,-999,120,3,2,2670
10/06/2026 23:06:24,2,-999,120,3,2,2640
10/06/2026 23:06:40,2,-999,120,3,2,2640
10/06/2026 23:06:56,2,-999,120,3,2,2640
10/06/2026 23:07:12,2,-999,120,3,2,2640
10/06/2026 23:07:28,2,-999,120,3,2,2640
10/06/2026 23:07:44,2,-999,120,3,1,2570
10/06/2026 23:08:00,2,-999,120,3,1,2570
10/06/2026 23:08:16,2,-999,120,3,2,2580
10/06/2026 23:08:32,2,-999,120,3,2,2580
10/06/2026 23:08:48,2,-999,120,3,1,2750
10/06/2026 23:09:04,2,-999,120,3,1,2750
10/06/2026 23:09:20,2,-999,120,3,1,2750
10/06/2026 23:09:36,2,-999,120,3,2,2690
10/06/2026 23:09:52,2,-999,120,3,2,2690
10/06/2026 23:10:08,2,-999,120,3,1,2770
10/06/2026 23:10:24,2,-999,120,3,1,2770
10/06/2026 23:10:40,2,-999,120,3,1,2710
10/06/2026 23:10:56,2,-999,120,3,1,2710
10/06/2026 23:11:12,2,-999,120,3,1,2600
10/06/2026 23:11:28,2,-999,120,3,1,2600
10/06/2026 23:11:44,2,-999,120,3,1,2600
10/06/2026 23:12:00,2,-999,120,3,2,2630
10/06/2026 23:12:16,2,-999,120,3,2,2630
10/06/2026 23:12:32,2,-999,120,3,1,2760
10/06/2026 23:12:48,2,-999,120,3,1,2760
10/06/2026 23:13:04,2,-999,120,3,1,2780
10/06/2026 23:13:20,2,-999,120,3,1,2780
10/06/2026 23:13:36,2,-999,120,3,1,2780
10/06/2026 23:13:52,2,-999,120,3,1,2780
10/06/2026 23:14:08,2,-999,120,3,1,2780
10/06/2026 23:14:24,2,-999,120,3,1,2780
10/06/2026 23:14:40,2,-999,120,3,1,2780
10/06/2026 23:14:56,2,-999,120,3,1,2700
10/06/2026 23:15:12,2,-999,120,3,1,2700
10/06/2026 23:15:28,2,-999,120,3,1,2690
10/06/2026 23:15:44,2,-999,120,3,1,2690
10/06/2026 23:16:00,2,-999,120,3,1,2680
10/06/2026 23:16:16,2,-999,120,3,1,2680
10/06/2026 23:16:32,2,-999,120,3,1,2680
10/06/2026 23:16:48,2,-999,120,3,1,2640
10/06/2026 23:17:04,2,-999,120,3,1,2640
10/06/2026 23:17:20,2,-999,120,3,1,2640
10/06/2026 23:17:36,2,-999,120,3,1,2640
10/06/2026 23:17:52,2,-999,120,3,1,2690
10/06/2026 23:18:08,2,-999,120,3,1,2690
10/06/2026 23:18:24,2,-999,120,3,1,2620
10/06/2026 23:18:40,2,-999,120,3,1,2620
10/06/2026 23:18:56,2,-999,120,3,1,2620
10/06/2026 23:19:12,2,-999,120,3,1,2610
10/06/2026 23:19:28,2,-999,120,3,1,2610
10/06/2026 23:19:44,2,-999,120,3,1,2630
10/06/2026 23:20:00,2,-999,120,3,1,2630
10/06/2026 23:20:16,2,-999,120,3,1,2590
10/06/2026 23:20:32,2,-999,120,3,1,2590
10/06/2026 23:20:48,2,-999,120,3,1,2640
10/06/2026 23:21:04,2,-999,120,3,1,2640
10/06/2026 23:21:20,2,-999,120,3,1,2640
10/06/2026 23:21:36,2,-999,120,3,1,2640
10/06/2026 23:21:52,2,-999,120,3,1,2640
10/06/2026 23:22:08,2,-999,120,3,1,2730
10/06/2026 23:22:24,2,-999,120,3,1,2730
10/06/2026 23:22:40,2,-999,120,3,1,2860
10/06/2026 23:22:56,2,-999,120,3,1,2860
10/06/2026 23:23:12,2,-999,120,3,1,2760
10/06/2026 23:23:28,2,-999,120,3,1,2760
10/06/2026 23:23:44,2,-999,120,3,1,2760
10/06/2026 23:24:00,2,-999,120,3,1,2780
10/06/2026 23:24:16,2,-999,120,3,1,2780
10/06/2026 23:24:32,2,-999,120,3,1,2700
10/06/2026 23:24:48,2,-999,120,3,1,2700
10/06/2026 23:25:04,2,-999,120,3,1,2650
10/06/2026 23:25:20,2,-999,120,3,1,2650
10/06/2026 23:25:36,2,-999,120,3,1,2610
10/06/2026 23:25:52,2,-999,120,3,1,2610
10/06/2026 23:26:08,2,-999,120,3,1,2610
10/06/2026 23:26:24,2,-999,120,3,1,2600
10/06/2026 23:26:40,2,-999,120,3,1,2600
10/06/2026 23:26:56,2,-999,120,3,1,2610
10/06/2026 23:27:12,2,-999,120,3,1,2610
10/06/2026 23:27:28,2,-999,120,3,1,2610
10/06/2026 23:27:44,2,-999,120,3,1,2610
10/06/2026 23:28:00,2,-999,120,3,1,2610
10/06/2026 23:28:16,2,-999,120,3,1,2610
10/06/2026 23:28:32,2,-999,120,3,1,2610
10/06/2026 23:28:48,2,-999,120,3,2,2180
10/06/2026 23:29:04,2,-999,120,3,2,2180
10/06/2026 23:29:20,2,-999,120,3,1,2080
10/06/2026 23:29:36,2,-999,120,3,1,2080
10/06/2026 23:29:52,2,-999,120,3,2,2250
10/06/2026 23:30:08,2,-999,120,3,2,2250
10/06/2026 23:30:24,2,-999,120,3,2,1800
10/06/2026 23:30:40,2,-999,120,3,2,1800
10/06/2026 23:30:56,2,-999,120,3,2,1800
10/06/2026 23:31:12,2,-999,120,3,3,1760
10/06/2026 23:31:28,2,-999,120,3,3,1760
10/06/2026 23:31:44,2,-999,120,3,2,2470
10/06/2026 23:32:00,2,-999,120,3,2,2470
10/06/2026 23:32:16,2,-999,120,3,1,2490
10/06/2026 23:32:32,2,-999,120,3,1,2490
10/06/2026 23:32:48,2,-999,120,3,1,2540
10/06/2026 23:33:04,2,-999,120,3,1,2540
10/06/2026 23:33:20,2,-999,120,3,1,2540
10/06/2026 23:33:36,2,-999,120,3,1,2510
10/06/2026 23:33:52,2,760,120,3,1,2510
10/06/2026 23:34:08,2,760,120,3,1,2470
10/06/2026 23:34:24,2,760,120,3,1,2470
10/06/2026 23:34:40,2,760,120,3,2,2460
10/06/2026 23:34:56,2,760,120,3,2,2460
10/06/2026 23:35:12,2,760,120,3,2,2770
10/06/2026 23:35:28,2,760,120,3,2,2770
10/06/2026 23:35:44,2,760,120,3,2,2770
10/06/2026 23:36:00,2,760,120,3,2,2670
10/06/2026 23:36:16,2,760,120,3,2,2670
10/06/2026 23:36:32,2,760,120,3,1,2640
10/06/2026 23:36:48,2,760,120,3,1,2640
10/06/2026 23:37:04,2,760,120,3,1,2590
10/06/2026 23:37:20,2,760,120,3,1,2590
10/06/2026 23:37:36,2,760,120,3,1,2570
10/06/2026 23:37:52,2,760,120,3,1,2570
10/06/2026 23:38:08,2,760,120,3,1,2570
10/06/2026 23:38:24,2,760,120,3,1,2540
10/06/2026 23:38:40,2,760,120,3,1,2540
10/06/2026 23:38:56,2,-999,120,3,1,2530
10/06/2026 23:39:12,2,-999,120,3,1,2530
10/06/2026 23:39:28,2,-999,120,3,1,2510
10/06/2026 23:39:44,2,-999,120,3,1,2510
10/06/2026 23:40:00,2,-999,120,3,1,2490
10/06/2026 23:40:16,2,-999,120,3,1,2490
10/06/2026 23:40:32,2,-999,120,3,1,2490
10/06/2026 23:40:48,2,-999,120,3,1,2520
10/06/2026 23:41:04,2,-999,120,3,1,2520
10/06/2026 23:41:20,2,-999,120,3,2,2540
10/06/2026 23:41:36,2,-999,120,3,2,2540
10/06/2026 23:41:52,2,-999,120,3,1,2550
10/06/2026 23:42:08,2,-999,120,3,1,2550
10/06/2026 23:42:24,2,-999,120,3,1,2550
10/06/2026 23:42:40,2,-999,120,3,1,2550
10/06/2026 23:42:56,2,-999,120,3,1,2550
10/06/2026 23:43:12,2,-999,120,3,1,2560
10/06/2026 23:43:28,2,-999,120,3,1,2560
10/06/2026 23:43:44,2,-999,120,3,1,2540
10/06/2026 23:44:00,2,-999,120,3,1,2540
10/06/2026 23:44:16,2,-999,120,3,1,2540
10/06/2026 23:44:32,2,-999,120,3,1,2540
10/06/2026 23:44:48,2,-999,120,3,2,2470
10/06/2026 23:45:04,2,-999,120,3,2,2470
10/06/2026 23:45:20,2,1970,120,3,2,2470
10/06/2026 23:45:36,2,1970,120,3,2,2750
10/06/2026 23:45:52,2,1970,120,3,2,2750
10/06/2026 23:46:08,2,1970,120,3,3,2750
10/06/2026 23:46:24,2,60,120,3,3,2750
10/06/2026 23:46:40,2,-999,120,3,1,3520
10/06/2026 23:46:56,2,-999,120,3,1,3520
10/06/2026 23:47:12,2,-999,120,3,1,3620
10/06/2026 23:47:28,2,-999,120,3,1,3620
10/06/2026 23:47:44,2,-999,120,3,1,3620
10/06/2026 23:48:00,2,60,120,3,2,3080
10/06/2026 23:48:16,2,60,120,3,2,3080
10/06/2026 23:48:32,2,60,120,3,1,3110
10/06/2026 23:48:48,2,60,120,3,1,3110
10/06/2026 23:49:04,2,60,120,3,1,3200
10/06/2026 23:49:20,2,60,120,3,1,3200
10/06/2026 23:49:36,2,60,120,3,1,3080
10/06/2026 23:49:52,2,60,120,3,1,3080
10/06/2026 23:50:08,2,60,120,3,1,3080
10/06/2026 23:50:24,2,60,120,3,1,3220
10/06/2026 23:50:40,2,60,120,3,1,3220
10/06/2026 23:50:56,2,60,120,3,2,2790
10/06/2026 23:51:12,2,60,120,3,2,2790
10/06/2026 23:51:28,2,60,120,3,2,2770
10/06/2026 23:51:44,2,60,120,3,2,2770
10/06/2026 23:52:00,2,60,120,3,1,2770
10/06/2026 23:52:16,2,60,120,3,1,2770
10/06/2026 23:52:32,2,60,120,3,1,2770
10/06/2026 23:52:48,2,-999,120,3,1,2740
10/06/2026 23:53:04,2,-999,120,3,1,2740
10/06/2026 23:53:20,2,-999,120,3,2,2730
10/06/2026 23:53:36,2,-999,120,3,2,2730
10/06/2026 23:53:52,2,-999,120,3,3,2760
10/06/2026 23:54:08,2,-999,120,3,3,2760
10/06/2026 23:54:24,2,-999,120,3,1,2760
10/06/2026 23:54:40,2,-999,120,3,1,2760
10/06/2026 23:54:56,2,-999,120,3,1,2760
10/06/2026 23:55:12,2,-999,120,3,2,2720
10/06/2026 23:55:28,2,-999,120,3,2,2720
10/06/2026 23:55:44,2,-999,120,3,1,2680
10/06/2026 23:56:00,2,-999,120,3,1,2680
10/06/2026 23:56:16,2,60,120,3,2,2640
10/06/2026 23:56:32,2,60,120,3,2,2640
10/06/2026 23:56:48,2,60,120,3,1,2560
10/06/2026 23:57:04,2,60,120,3,1,2560
10/06/2026 23:57:20,2,60,120,3,1,2560
10/06/2026 23:57:36,2,2800,120,3,3,1890
10/06/2026 23:57:52,2,2800,120,3,3,1890
10/06/2026 23:58:08,2,2800,120,3,3,2150
10/06/2026 23:58:24,2,2800,120,3,3,2150
10/06/2026 23:58:40,2,2800,120,3,2,1970
10/06/2026 23:58:56,2,2800,120,3,2,1970
10/06/2026 23:59:12,2,-999,120,3,3,1250
10/06/2026 23:59:28,2,-999,120,3,3,1250
10/06/2026 23:59:44,2,-999,120,3,3,1250
11/06/2026 00:00:00,1,-999,60,3,3,1310
11/06/2026 00:00:16,1,-999,60,3,3,1310
11/06/2026 00:00:32,1,-999,60,3,2,1370
11/06/2026 00:00:48,1,-999,60,3,2,1370
11/06/2026 00:01:04,1,-999,60,3,2,1390
11/06/2026 00:01:20,1,-999,60,3,2,1390
11/06/2026 00:01:36,1,-999,60,3,2,1580
11/06/2026 00:01:52,1,-999,60,3,2,1580
11/06/2026 00:02:08,1,-999,60,3,2,1580
11/06/2026 00:02:24,1,-999,60,3,3,1560
11/06/2026 00:02:40,1,-999,60,3,3,1560
11/06/2026 00:02:56,1,-999,60,3,2,2830
11/06/2026 00:03:12,1,-999,60,3,2,2830
11/06/2026 00:03:28,1,-999,60,3,2,2840
11/06/2026 00:03:44,1,-999,60,3,2,2840
11/06/2026 00:04:00,1,-999,60,3,1,3020
11/06/2026 00:04:16,1,-999,60,3,1,3020
11/06/2026 00:04:32,1,-999,60,3,1,3020
11/06/2026 00:04:48,1,-999,60,3,2,2910
11/06/2026 00:05:04,1,-999,60,3,2,2910
11/06/2026 00:05:20,1,-999,60,3,2,2920
11/06/2026 00:05:36,1,-999,60,3,2,2920
11/06/2026 00:05:52,1,-999,60,3,1,2900
11/06/2026 00:06:08,1,-999,60,3,1,2900
11/06/2026 00:06:24,1,-999,60,3,1,2830
11/06/2026 00:06:40,1,-999,60,3,1,2830
11/06/2026 00:06:56,1,-999,60,3,1,2830
11/06/2026 00:07:12,1,-999,60,3,1,2810
11/06/2026 00:07:28,1,-999,60,3,1,2810
11/06/2026 00:07:44,1,-999,60,3,1,2790
11/06/2026 00:08:00,1,-999,60,3,1,2790
11/06/2026 00:08:16,1,-999,60,3,1,2780
11/06/2026 00:08:32,1,-999,60,3,1,2780
11/06/2026 00:08:48,1,-999,60,3,1,2780
11/06/2026 00:09:04,1,-999,60,3,1,2780
11/06/2026 00:09:20,1,-999,60,3,1,2780
11/06/2026 00:09:36,1,2900,60,3,1,2840
11/06/2026 00:09:52,1,3020,60,3,1,2840
11/06/2026 00:10:08,1,3020,60,3,1,2890
11/06/2026 00:10:24,1,3020,60,3,1,2890
11/06/2026 00:10:40,1,3020,60,3,1,2920
11/06/2026 00:10:56,1,3050,60,3,1,2920
11/06/2026 00:11:12,1,3030,60,3,2,2780
11/06/2026 00:11:28,1,3030,60,3,2,2780
11/06/2026 00:11:44,1,3030,60,3,2,2780
11/06/2026 00:12:00,1,3030,60,3,1,2930
11/06/2026 00:12:16,1,3030,60,3,1,2930
11/06/2026 00:12:32,1,-999,60,3,3,2980
11/06/2026 00:12:48,1,-999,60,3,3,2980
11/06/2026 00:13:04,1,-999,60,3,2,3070
11/06/2026 00:13:20,1,-999,60,3,2,3070
11/06/2026 00:13:36,1,-999,60,3,2,3090
11/06/2026 00:13:52,1,-999,60,3,2,3090
11/06/2026 00:14:08,1,-999,60,3,2,3090
11/06/2026 00:14:24,1,-999,60,3,1,3060
11/06/2026 00:14:40,1,-999,60,3,1,3060
11/06/2026 00:14:56,1,1320,60,3,1,3010
11/06/2026 00:15:12,1,1300,60,3,1,3010
11/06/2026 00:15:28,1,1300,60,3,1,2950
11/06/2026 00:15:44,1,-999,60,3,1,2950
11/06/2026 00:16:00,1,-999,60,3,2,2540
11/06/2026 00:16:16,1,100,60,3,2,2540
11/06/2026 00:16:32,1,100,60,3,2,2540
11/06/2026 00:16:48,1,100,60,3,2,2230
11/06/2026 00:17:04,1,-999,60,3,2,2230
11/06/2026 00:17:20,1,-999,60,3,1,2250
11/06/2026 00:17:36,1,-999,60,3,1,2250
11/06/2026 00:17:52,1,-999,60,3,2,2210
11/06/2026 00:18:08,1,-999,60,3,2,2210
11/06/2026 00:18:24,1,-999,60,3,2,2200
11/06/2026 00:18:40,1,-999,60,3,2,2200
11/06/2026 00:18:56,1,-999,60,3,2,2200
11/06/2026 00:19:12,1,-999,60,3,1,2200
11/06/2026 00:19:28,1,-999,60,3,1,2200
11/06/2026 00:19:44,1,-999,60,3,1,2510
11/06/2026 00:20:00,1,-999,60,3,1,2510
11/06/2026 00:20:16,1,-999,60,3,2,2540
11/06/2026 00:20:32,1,-999,60,3,2,2540
11/06/2026 00:20:48,1,2630,60,3,2,2610
11/06/2026 00:21:04,1,2120,60,3,2,2610
11/06/2026 00:21:20,1,2120,60,3,2,2610
11/06/2026 00:21:36,1,2120,60,3,1,2570
11/06/2026 00:21:52,1,2120,60,3,1,2570
11/06/2026 00:22:08,1,2120,60,3,1,2600
11/06/2026 00:22:24,1,2120,60,3,1,2600
11/06/2026 00:22:40,1,2120,60,3,1,2610
11/06/2026 00:22:56,1,2120,60,3,1,2610
11/06/2026 00:23:12,1,2120,60,3,1,2710
11/06/2026 00:23:28,1,2130,60,3,1,2710
11/06/2026 00:23:44,1,2130,60,3,1,2710
11/06/2026 00:24:00,1,2130,60,3,1,2690
11/06/2026 00:24:16,1,2130,60,3,1,2690
11/06/2026 00:24:32,1,2130,60,3,1,2680
11/06/2026 00:24:48,1,2140,60,3,1,2680
11/06/2026 00:25:04,1,2140,60,3,1,2820
11/06/2026 00:25:20,1,2140,60,3,1,2820
11/06/2026 00:25:36,1,2840,60,3,1,2780
11/06/2026 00:25:52,1,2840,60,3,1,2780
11/06/2026 00:26:08,1,2840,60,3,1,2780
11/06/2026 00:26:24,1,2860,60,3,1,2770
11/06/2026 00:26:40,1,2860,60,3,1,2770
11/06/2026 00:26:56,1,2860,60,3,2,2810
11/06/2026 00:27:12,1,2860,60,3,2,2810
11/06/2026 00:27:28,1,-999,60,3,2,2700
11/06/2026 00:27:44,1,-999,60,3,2,2700
11/06/2026 00:28:00,1,2870,60,3,2,2550
11/06/2026 00:28:16,1,-999,60,3,2,2550
11/06/2026 00:28:32,1,-999,60,3,2,2550
11/06/2026 00:28:48,1,-999,60,3,1,2470
11/06/2026 00:29:04,1,-999,60,3,1,2470
11/06/2026 00:29:20,1,-999,60,3,1,2430
11/06/2026 00:29:36,1,-999,60,3,1,2430
11/06/2026 00:29:52,1,-999,60,3,2,2220
11/06/2026 00:30:08,1,-999,60,3,2,2220
11/06/2026 00:30:24,1,-999,60,3,1,2220
11/06/2026 00:30:40,1,-999,60,3,1,2220
11/06/2026 00:30:56,1,-999,60,3,1,2220
11/06/2026 00:31:12,1,-999,60,3,1,2220
11/06/2026 00:31:28,1,-999,60,3,1,2220
11/06/2026 00:31:44,1,-999,60,3,1,2220
11/06/2026 00:32:00,1,-999,60,3,1,2220
11/06/2026 00:32:16,1,-999,60,3,2,2410
11/06/2026 00:32:32,1,-999,60,3,2,2410
11/06/2026 00:32:48,1,-999,60,3,1,2600
11/06/2026 00:33:04,1,-999,60,3,1,2600
11/06/2026 00:33:20,1,-999,60,3,1,2600
11/06/2026 00:33:36,1,-999,60,3,1,2590
11/06/2026 00:33:52,1,-999,60,3,1,2590
11/06/2026 00:34:08,1,-999,60,3,2,2390
11/06/2026 00:34:24,1,-999,60,3,2,2390
11/06/2026 00:34:40,1,-999,60,3,1,2690
11/06/2026 00:34:56,1,-999,60,3,1,2690
11/06/2026 00:35:12,1,2710,60,3,1,2610
11/06/2026 00:35:28,1,2710,60,3,1,2610
11/06/2026 00:35:44,1,2710,60,3,1,2610
11/06/2026 00:36:00,1,2710,60,3,1,2760
11/06/2026 00:36:16,1,2710,60,3,1,2760
11/06/2026 00:36:32,1,2710,60,3,2,2620
11/06/2026 00:36:48,1,2710,60,3,2,2620
11/06/2026 00:37:04,1,2710,60,3,2,2590
11/06/2026 00:37:20,1,2710,60,3,2,2590
11/06/2026 00:37:36,1,2710,60,3,2,2620
11/06/2026 00:37:52,1,2710,60,3,2,2620
11/06/2026 00:38:08,1,2720,60,3,2,2620
11/06/2026 00:38:24,1,2720,60,3,1,2640
11/06/2026 00:38:40,1,2720,60,3,1,2640
11/06/2026 00:38:56,1,2720,60,3,1,2690
11/06/2026 00:39:12,1,2760,60,3,1,2690
11/06/2026 00:39:28,1,2760,60,3,1,2720
11/06/2026 00:39:44,1,2770,60,3,1,2720
11/06/2026 00:40:00,1,2770,60,3,1,2710
11/06/2026 00:40:16,1,2770,60,3,1,2710
11/06/2026 00:40:32,1,2770,60,3,1,2710
11/06/2026 00:40:48,1,2800,60,3,1,2710
11/06/2026 00:41:04,1,2800,60,3,1,2710
11/06/2026 00:41:20,1,2800,60,3,1,2710
11/06/2026 00:41:36,1,2800,60,3,1,2710
11/06/2026 00:41:52,1,2800,60,3,1,2680
11/06/2026 00:42:08,1,2800,60,3,1,2680
11/06/2026 00:42:24,1,2800,60,3,1,2600
11/06/2026 00:42:40,1,2800,60,3,1,2600
11/06/2026 00:42:56,1,2800,60,3,1,2600
11/06/2026 00:43:12,1,2800,60,3,1,2590
11/06/2026 00:43:28,1,2800,60,3,1,2590
11/06/2026 00:43:44,1,2800,60,3,1,2630
11/06/2026 00:44:00,1,2800,60,3,1,2630
11/06/2026 00:44:16,1,-999,60,3,1,2490
11/06/2026 00:44:32,1,-999,60,3,1,2490
11/06/2026 00:44:48,1,-999,60,3,1,2460
11/06/2026 00:45:04,1,-999,60,3,1,2460
11/06/2026 00:45:20,1,-999,60,3,1,2460
11/06/2026 00:45:36,1,-999,60,3,1,2430
11/06/2026 00:45:52,1,-999,60,3,1,2430
11/06/2026 00:46:08,1,-999,60,3,1,2540
11/06/2026 00:46:24,1,-999,60,3,1,2540
11/06/2026 00:46:40,1,-999,60,3,1,2580
11/06/2026 00:46:56,1,-999,60,3,1,2580
11/06/2026 00:47:12,1,-999,60,3,2,2390
11/06/2026 00:47:28,1,-999,60,3,2,2390
11/06/2026 00:47:44,1,-999,60,3,2,2390
11/06/2026 00:48:00,1,-999,60,3,1,2580
11/06/2026 00:48:16,1,-999,60,3,1,2580
11/06/2026 00:48:32,1,-999,60,3,1,2630
11/06/2026 00:48:48,1,-999,60,3,1,2630
11/06/2026 00:49:04,1,-999,60,3,1,2590
11/06/2026 00:49:20,1,-999,60,3,1,2590
11/06/2026 00:49:36,1,-999,60,3,2,2070
11/06/2026 00:49:52,1,-999,60,3,2,2070
11/06/2026 00:50:08,1,-999,60,3,2,2070
11/06/2026 00:50:24,1,-999,60,3,2,1750
11/06/2026 00:50:40,1,-999,60,3,2,1750
11/06/2026 00:50:56,1,-999,60,3,3,930
11/06/2026 00:51:12,1,-999,60,3,3,930
11/06/2026 00:51:28,1,-999,60,3,1,2640
11/06/2026 00:51:44,1,-999,60,3,1,2640
11/06/2026 00:52:00,1,-999,60,3,1,2630
11/06/2026 00:52:16,1,-999,60,3,1,2630
11/06/2026 00:52:32,1,-999,60,3,1,2630
11/06/2026 00:52:48,1,-999,60,3,1,2650
11/06/2026 00:53:04,1,-999,60,3,1,2650
11/06/2026 00:53:20,1,-999,60,3,2,2130
11/06/2026 00:53:36,1,-999,60,3,2,2130
11/06/2026 00:53:52,1,-999,60,3,2,2190
11/06/2026 00:54:08,1,-999,60,3,2,2190
11/06/2026 00:54:24,1,-999,60,3,3,1810
11/06/2026 00:54:40,1,-999,60,3,3,1810
11/06/2026 00:54:56,1,-999,60,3,3,1810
11/06/2026 00:55:12,1,-999,60,3,2,1640
11/06/2026 00:55:28,1,-999,60,3,2,1640
11/06/2026 00:55:44,1,-999,60,3,3,960
11/06/2026 00:56:00,1,-999,60,3,3,960
11/06/2026 00:56:16,1,-999,60,3,2,870
11/06/2026 00:56:32,1,-999,60,3,2,870
11/06/2026 00:56:48,1,-999,60,3,1,2800
11/06/2026 00:57:04,1,-999,60,3,1,2800
11/06/2026 00:57:20,1,-999,60,3,1,2800
11/06/2026 00:57:36,1,-999,60,3,1,2780
11/06/2026 00:57:52,1,-999,60,3,1,2780
11/06/2026 00:58:08,1,-999,60,3,1,2950
11/06/2026 00:58:24,1,-999,60,3,1,2950
11/06/2026 00:58:40,1,-999,60,3,1,2790
11/06/2026 00:58:56,1,-999,60,3,1,2790
11/06/2026 00:59:12,1,-999,60,3,1,2810
11/06/2026 00:59:28,1,-999,60,3,1,2810
11/06/2026 00:59:44,1,-999,60,3,1,2810
11/06/2026 01:00:00,1,-999,2800,3,1,2610
11/06/2026 01:00:16,1,-999,2800,3,1,2610
11/06/2026 01:00:32,1,-999,2800,3,1,2590
11/06/2026 01:00:48,1,-999,2800,3,1,2590
11/06/2026 01:01:04,1,-999,2800,3,1,2570
11/06/2026 01:01:20,1,-999,2800,3,1,2570
11/06/2026 01:01:36,1,-999,2800,3,1,2530
11/06/2026 01:01:52,1,-999,2800,3,1,2530
11/06/2026 01:02:08,1,-999,2800,3,1,2530
11/06/2026 01:02:24,1,-999,2800,3,1,2480
11/06/2026 01:02:40,1,-999,2800,3,1,2480
11/06/2026 01:02:56,1,-999,2800,3,1,2220
11/06/2026 01:03:12,1,-999,2800,3,1,2220
11/06/2026 01:03:28,1,-999,2800,3,1,2230
11/06/2026 01:03:44,1,-999,2800,3,1,2230
11/06/2026 01:04:00,1,-999,2800,3,1,2160
11/06/2026 01:04:16,1,-999,2800,3,1,2160
11/06/2026 01:04:32,1,-999,2800,3,1,2160
11/06/2026 01:04:48,1,-999,2800,3,1,2160
11/06/2026 01:05:04,1,-999,2800,3,1,2160
11/06/2026 01:05:20,1,-999,2800,3,1,2140
11/06/2026 01:05:36,1,-999,2800,3,1,2140
11/06/2026 01:05:52,1,-999,2800,3,1,2200
11/06/2026 01:06:08,1,-999,2800,3,1,2200
11/06/2026 01:06:24,1,-999,2800,3,1,2160
11/06/2026 01:06:40,1,-999,2800,3,1,2160
11/06/2026 01:06:56,1,-999,2800,3,1,2160
11/06/2026 01:07:12,1,-999,2800,3,2,2190
11/06/2026 01:07:28,1,-999,2800,3,2,2190
11/06/2026 01:07:44,1,-999,2800,3,2,2420
11/06/2026 01:08:00,1,-999,2800,3,2,2420
11/06/2026 01:08:16,1,-999,2800,3,3,1360
11/06/2026 01:08:32,1,-999,2800,3,3,1360
11/06/2026 01:08:48,1,-999,2800,3,3,1270
11/06/2026 01:09:04,1,-999,2800,3,3,1270
11/06/2026 01:09:20,1,-999,2800,3,3,1270
11/06/2026 01:09:36,1,-999,2800,3,2,2330
11/06/2026 01:09:52,1,-999,2800,3,2,2330
11/06/2026 01:10:08,1,-999,2800,3,2,2580
11/06/2026 01:10:24,1,-999,2800,3,2,2580
11/06/2026 01:10:40,1,-999,2800,3,1,2620
11/06/2026 01:10:56,1,-999,2800,3,1,2620
11/06/2026 01:11:12,1,-999,2800,3,1,2660
11/06/2026 01:11:28,1,-999,2800,3,1,2660
11/06/2026 01:11:44,1,-999,2800,3,1,2660
11/06/2026 01:12:00,1,-999,2800,3,2,2440
11/06/2026 01:12:16,1,-999,2800,3,2,2440
11/06/2026 01:12:32,1,-999,2800,3,1,2340
11/06/2026 01:12:48,1,-999,2800,3,1,2340
11/06/2026 01:13:04,1,-999,2800,3,1,2350
11/06/2026 01:13:20,1,-999,2800,3,1,2350
11/06/2026 01:13:36,1,-999,2800,3,3,2070
11/06/2026 01:13:52,1,-999,2800,3,3,2070
11/06/2026 01:14:08,1,-999,2800,3,3,2070
11/06/2026 01:14:24,1,-999,2800,3,3,1830
11/06/2026 01:14:40,1,-999,2800,3,3,1830
11/06/2026 01:14:56,1,-999,2800,3,3,1980
11/06/2026 01:15:12,1,-999,2800,3,3,1980
11/06/2026 01:15:28,1,-999,2800,3,1,2700
11/06/2026 01:15:44,1,-999,2800,3,1,2700
11/06/2026 01:16:00,1,-999,2800,3,1,2760
11/06/2026 01:16:16,1,-999,2800,3,1,2760
11/06/2026 01:16:32,1,-999,2800,3,1,2760
11/06/2026 01:16:48,1,-999,2800,3,1,2780
11/06/2026 01:17:04,1,-999,2800,3,1,2780
11/06/2026 01:17:20,1,-999,2800,3,2,2770
11/06/2026 01:17:36,1,-999,2800,3,2,2770
11/06/2026 01:17:52,1,-999,2800,3,1,2830
11/06/2026 01:18:08,1,-999,2800,3,1,2830
11/06/2026 01:18:24,1,-999,2800,3,2,2850
11/06/2026 01:18:40,1,-999,2800,3,2,2850
11/06/2026 01:18:56,1,-999,2800,3,2,2850
11/06/2026 01:19:12,1,-999,2800,3,1,2920
11/06/2026 01:19:28,1,-999,2800,3,1,2920
11/06/2026 01:19:44,1,-999,2800,3,2,2940
11/06/2026 01:20:00,1,-999,2800,3,2,2940
11/06/2026 01:20:16,1,-999,2800,3,2,3050
11/06/2026 01:20:32,1,-999,2800,3,2,3050
11/06/2026 01:20:48,1,-999,2800,3,2,3080
11/06/2026 01:21:04,1,-999,2800,3,2,3080
11/06/2026 01:21:20,1,-999,2800,3,2,3080
11/06/2026 01:21:36,1,-999,2800,3,2,3210
11/06/2026 01:21:52,1,-999,2800,3,2,3210
11/06/2026 01:22:08,1,-999,2800,3,2,3190
11/06/2026 01:22:24,1,-999,2800,3,2,3190
11/06/2026 01:22:40,1,-999,2800,3,2,3080
11/06/2026 01:22:56,1,-999,2800,3,2,3080
11/06/2026 01:23:12,1,-999,2800,3,2,3160
11/06/2026 01:23:28,1,-999,2800,3,2,3160
11/06/2026 01:23:44,1,-999,2800,3,2,3160
11/06/2026 01:24:00,1,-999,2800,3,2,3190
11/06/2026 01:24:16,1,-999,2800,3,2,3190
11/06/2026 01:24:32,1,-999,2800,3,2,3230
11/06/2026 01:24:48,1,-999,2800,3,2,3230
11/06/2026 01:25:04,1,-999,2800,3,2,2760
11/06/2026 01:25:20,1,-999,2800,3,2,2760
11/06/2026 01:25:36,1,-999,2800,3,3,2810
11/06/2026 01:25:52,1,-999,2800,3,3,2810
11/06/2026 01:26:08,1,-999,2800,3,3,2810
11/06/2026 01:26:24,1,-999,2800,3,2,2650
11/06/2026 01:26:40,1,-999,2800,3,2,2650
11/06/2026 01:26:56,1,-999,2800,3,3,2930
11/06/2026 01:27:12,1,-999,2800,3,3,2930
11/06/2026 01:27:28,1,230,2800,3,1,2840
11/06/2026 01:27:44,1,230,2800,3,1,2840
11/06/2026 01:28:00,1,-999,2800,3,2,2830
11/06/2026 01:28:16,1,-999,2800,3,2,2830
11/06/2026 01:28:32,1,-999,2800,3,2,2830
11/06/2026 01:28:48,1,-999,2800,3,1,2850
11/06/2026 01:29:04,1,-999,2800,3,1,2850
11/06/2026 01:29:20,1,-999,2800,3,2,2870
11/06/2026 01:29:36,1,-999,2800,3,2,2870
11/06/2026 01:29:52,1,-999,2800,3,2,2890
11/06/2026 01:30:08,1,-999,2800,3,2,2890
11/06/2026 01:30:24,1,-999,2800,3,2,2910
11/06/2026 01:30:40,1,-999,2800,3,2,2910
11/06/2026 01:30:56,1,-999,2800,3,2,2910
11/06/2026 01:31:12,1,-999,2800,3,2,3020
11/06/2026 01:31:28,1,-999,2800,3,2,3020
11/06/2026 01:31:44,1,-999,2800,3,1,3020
11/06/2026 01:32:00,1,-999,2800,3,1,3020
11/06/2026 01:32:16,1,-999,2800,3,2,2990
11/06/2026 01:32:32,1,-999,2800,3,2,2990
11/06/2026 01:32:48,1,-999,2800,3,3,2860
11/06/2026 01:33:04,1,3320,2800,3,3,2860
11/06/2026 01:33:20,1,2790,2800,3,3,2860
11/06/2026 01:33:36,1,-999,2800,3,1,3170
11/06/2026 01:33:52,1,-999,2800,3,1,3170
11/06/2026 01:34:08,1,-999,2800,3,3,2630
11/06/2026 01:34:24,1,-999,2800,3,3,2630
11/06/2026 01:34:40,1,-999,2800,3,1,2620
11/06/2026 01:34:56,1,-999,2800,3,1,2620
11/06/2026 01:35:12,1,-999,2800,3,1,2630
11/06/2026 01:35:28,1,-999,2800,3,1,2630
11/06/2026 01:35:44,1,-999,2800,3,1,2630
11/06/2026 01:36:00,1,2790,2800,3,2,2720
11/06/2026 01:36:16,1,2820,2800,3,2,2720
11/06/2026 01:36:32,1,2820,2800,3,2,2790
11/06/2026 01:36:48,1,2820,2800,3,2,2790
11/06/2026 01:37:04,1,2890,2800,3,2,2930
11/06/2026 01:37:20,1,2890,2800,3,2,2930
11/06/2026 01:37:36,1,2890,2800,3,2,2940
11/06/2026 01:37:52,1,2940,2800,3,2,2940
11/06/2026 01:38:08,1,2940,2800,3,2,2940
11/06/2026 01:38:24,1,2940,2800,3,2,2780
11/06/2026 01:38:40,1,2890,2800,3,2,2780
11/06/2026 01:38:56,1,2930,2800,3,1,2800
11/06/2026 01:39:12,1,2930,2800,3,1,2800
11/06/2026 01:39:28,1,2930,2800,3,2,2830
11/06/2026 01:39:44,1,2930,2800,3,2,2830
11/06/2026 01:40:00,1,2930,2800,3,2,2780
11/06/2026 01:40:16,1,2930,2800,3,2,2780
11/06/2026 01:40:32,1,2930,2800,3,2,2780
11/06/2026 01:40:48,1,2930,2800,3,2,2730
11/06/2026 01:41:04,1,2930,2800,3,2,2730
11/06/2026 01:41:20,1,2880,2800,3,1,2720
11/06/2026 01:41:36,1,2880,2800,3,1,2720
11/06/2026 01:41:52,1,2880,2800,3,1,2650
11/06/2026 01:42:08,1,2880,2800,3,1,2650
11/06/2026 01:42:24,1,2880,2800,3,2,2620
11/06/2026 01:42:40,1,2880,2800,3,2,2620
11/06/2026 01:42:56,1,2880,2800,3,2,2620
11/06/2026 01:43:12,1,2880,2800,3,1,2630
11/06/2026 01:43:28,1,-999,2800,3,1,2630
11/06/2026 01:43:44,1,-999,2800,3,1,2640
11/06/2026 01:44:00,1,-999,2800,3,1,2640
11/06/2026 01:44:16,1,-999,2800,3,1,2650
11/06/2026 01:44:32,1,-999,2800,3,1,2650
11/06/2026 01:44:48,1,-999,2800,3,1,2660
11/06/2026 01:45:04,1,-999,2800,3,1,2660
11/06/2026 01:45:20,1,-999,2800,3,1,2660
11/06/2026 01:45:36,1,-999,2800,3,1,2650
11/06/2026 01:45:52,1,-999,2800,3,1,2650
11/06/2026 01:46:08,1,-999,2800,3,1,2650
11/06/2026 01:46:24,1,-999,2800,3,1,2650
11/06/2026 01:46:40,1,-999,2800,3,1,2670
11/06/2026 01:46:56,1,-999,2800,3,1,2670
11/06/2026 01:47:12,1,-999,2800,3,1,2680
11/06/2026 01:47:28,1,-999,2800,3,1,2680
11/06/2026 01:47:44,1,-999,2800,3,1,2680
11/06/2026 01:48:00,1,-999,2800,3,1,2670
11/06/2026 01:48:16,1,-999,2800,3,1,2670
11/06/2026 01:48:32,1,2780,2800,3,1,2680
11/06/2026 01:48:48,1,2780,2800,3,1,2680
11/06/2026 01:49:04,1,-999,2800,3,1,2750
11/06/2026 01:49:20,1,-999,2800,3,1,2750
11/06/2026 01:49:36,1,-999,2800,3,2,2790
11/06/2026 01:49:52,1,-999,2800,3,2,2790
11/06/2026 01:50:08,1,-999,2800,3,2,2790
11/06/2026 01:50:24,1,-999,2800,3,2,2780
11/06/2026 01:50:40,1,-999,2800,3,2,2780
11/06/2026 01:50:56,1,-999,2800,3,2,2710
11/06/2026 01:51:12,1,-999,2800,3,2,2710
11/06/2026 01:51:28,1,-999,2800,3,2,2330
11/06/2026 01:51:44,1,-999,2800,3,2,2330
11/06/2026 01:52:00,1,-999,2800,3,1,2310
11/06/2026 01:52:16,1,-999,2800,3,1,2310
11/06/2026 01:52:32,1,-999,2800,3,1,2310
11/06/2026 01:52:48,1,-999,2800,3,2,2310
11/06/2026 01:53:04,1,-999,2800,3,2,2310
11/06/2026 01:53:20,1,-999,2800,3,1,2580
11/06/2026 01:53:36,1,-999,2800,3,1,2580
11/06/2026 01:53:52,1,-999,2800,3,1,2610
11/06/2026 01:54:08,1,-999,2800,3,1,2610
11/06/2026 01:54:24,1,-999,2800,3,1,2760
11/06/2026 01:54:40,1,-999,2800,3,1,2760
11/06/2026 01:54:56,1,-999,2800,3,1,2760
11/06/2026 01:55:12,1,-999,2800,3,1,2770
11/06/2026 01:55:28,1,400,2800,3,1,2770
11/06/2026 01:55:44,1,400,2800,3,1,2810
11/06/2026 01:56:00,1,400,2800,3,1,2810
11/06/2026 01:56:16,1,110,2800,3,1,2780
11/06/2026 01:56:32,1,110,2800,3,1,2780
11/06/2026 01:56:48,1,110,2800,3,1,2830
11/06/2026 01:57:04,1,110,2800,3,1,2830
11/06/2026 01:57:20,1,110,2800,3,1,2830
11/06/2026 01:57:36,1,110,2800,3,1,2820
11/06/2026 01:57:52,1,110,2800,3,1,2820
11/06/2026 01:58:08,1,110,2800,3,1,2780
11/06/2026 01:58:24,1,110,2800,3,1,2780
11/06/2026 01:58:40,1,110,2800,3,1,2790
11/06/2026 01:58:56,1,110,2800,3,1,2790
11/06/2026 01:59:12,1,110,2800,3,1,2810
11/06/2026 01:59:28,1,110,2800,3,1,2810
11/06/2026 01:59:44,1,110,2800,3,1,2810
11/06/2026 02:00:00,1,110,110,3,1,2860
11/06/2026 02:00:16,1,110,110,3,1,2860
11/06/2026 02:00:32,1,110,110,3,1,2900
11/06/2026 02:00:48,1,110,110,3,1,2900
11/06/2026 02:01:04,1,110,110,3,1,2830
11/06/2026 02:01:20,1,110,110,3,1,2830
11/06/2026 02:01:36,1,110,110,3,1,2810
11/06/2026 02:01:52,1,110,110,3,1,2810
11/06/2026 02:02:08,1,110,110,3,1,2810
11/06/2026 02:02:24,1,-999,110,3,1,2860
11/06/2026 02:02:40,1,-999,110,3,1,2860
11/06/2026 02:02:56,1,-999,110,3,1,2800
11/06/2026 02:03:12,1,-999,110,3,1,2800
11/06/2026 02:03:28,1,-999,110,3,1,2800
11/06/2026 02:03:44,1,-999,110,3,1,2800
11/06/2026 02:04:00,1,110,110,3,1,2850
11/06/2026 02:04:16,1,110,110,3,1,2850
11/06/2026 02:04:32,1,110,110,3,1,2850
11/06/2026 02:04:48,1,110,110,3,1,2850
11/06/2026 02:05:04,1,120,110,3,1,2850
11/06/2026 02:05:20,1,120,110,3,1,2960
11/06/2026 02:05:36,1,130,110,3,1,2960
11/06/2026 02:05:52,1,130,110,3,1,2960
11/06/2026 02:06:08,1,130,110,3,1,2960
11/06/2026 02:06:24,1,130,110,3,1,2970
11/06/2026 02:06:40,1,130,110,3,1,2970
11/06/2026 02:06:56,1,130,110,3,1,2970
11/06/2026 02:07:12,1,-999,110,3,2,3030
11/06/2026 02:07:28,1,-999,110,3,2,3030
11/06/2026 02:07:44,1,130,110,3,2,3050
11/06/2026 02:08:00,1,130,110,3,2,3050
11/06/2026 02:08:16,1,130,110,3,1,3230
11/06/2026 02:08:32,1,130,110,3,1,3230
11/06/2026 02:08:48,1,130,110,3,1,2970
11/06/2026 02:09:04,1,130,110,3,1,2970
11/06/2026 02:09:20,1,130,110,3,1,2970
11/06/2026 02:09:36,1,130,110,3,1,2970
11/06/2026 02:09:52,1,130,110,3,1,2970
11/06/2026 02:10:08,1,130,110,3,1,2990
11/06/2026 02:10:24,1,130,110,3,1,2990
11/06/2026 02:10:40,1,130,110,3,1,3040
11/06/2026 02:10:56,1,130,110,3,1,3040
11/06/2026 02:11:12,1,130,110,3,1,3040
11/06/2026 02:11:28,1,130,110,3,1,3040
11/06/2026 02:11:44,1,130,110,3,1,3040
11/06/2026 02:12:00,1,130,110,3,1,3040
11/06/2026 02:12:16,1,130,110,3,1,3040
11/06/2026 02:12:32,1,130,110,3,1,3050
11/06/2026 02:12:48,1,130,110,3,1,3050
11/06/2026 02:13:04,1,130,110,3,1,3090
11/06/2026 02:13:20,1,1690,110,3,1,3090
11/06/2026 02:13:36,1,1690,110,3,1,3090
11/06/2026 02:13:52,1,1690,110,3,1,3090
11/06/2026 02:14:08,1,1690,110,3,1,3090
11/06/2026 02:14:24,1,1690,110,3,1,3100
11/06/2026 02:14:40,1,1690,110,3,1,3100
11/06/2026 02:14:56,1,1680,110,3,2,2820
11/06/2026 02:15:12,1,1680,110,3,2,2820
11/06/2026 02:15:28,1,1680,110,3,1,2670
11/06/2026 02:15:44,1,1680,110,3,1,2670
11/06/2026 02:16:00,1,1680,110,3,1,2660
11/06/2026 02:16:16,1,1680,110,3,1,2660
11/06/2026 02:16:32,1,1670,110,3,1,2660
11/06/2026 02:16:48,1,-999,110,3,1,2720
11/06/2026 02:17:04,1,-999,110,3,1,2720
11/06/2026 02:17:20,1,-999,110,3,1,2690
11/06/2026 02:17:36,1,-999,110,3,1,2690
11/06/2026 02:17:52,1,120,110,3,1,2740
11/06/2026 02:18:08,1,120,110,3,1,2740
11/06/2026 02:18:24,1,120,110,3,1,2700
11/06/2026 02:18:40,1,120,110,3,1,2700
11/06/2026 02:18:56,1,120,110,3,1,2700
11/06/2026 02:19:12,1,120,110,3,1,2640
11/06/2026 02:19:28,1,120,110,3,1,2640
11/06/2026 02:19:44,1,120,110,3,1,2640
11/06/2026 02:20:00,1,120,110,3,1,2640
11/06/2026 02:20:16,1,120,110,3,1,2640
11/06/2026 02:20:32,1,120,110,3,1,2640
11/06/2026 02:20:48,1,120,110,3,2,2640
11/06/2026 02:21:04,1,120,110,3,2,2640
11/06/2026 02:21:20,1,120,110,3,2,2640
11/06/2026 02:21:36,1,-999,110,3,2,2650
11/06/2026 02:21:52,1,-999,110,3,2,2650
11/06/2026 02:22:08,1,120,110,3,2,3030
11/06/2026 02:22:24,1,120,110,3,2,3030
11/06/2026 02:22:40,1,110,110,3,2,3040
11/06/2026 02:22:56,1,110,110,3,2,3040
11/06/2026 02:23:12,1,110,110,3,2,3010
11/06/2026 02:23:28,1,110,110,3,2,3010
11/06/2026 02:23:44,1,110,110,3,2,3010
11/06/2026 02:24:00,1,110,110,3,2,2530
11/06/2026 02:24:16,1,110,110,3,2,2530
11/06/2026 02:24:32,1,110,110,3,1,2510
11/06/2026 02:24:48,1,110,110,3,1,2510
11/06/2026 02:25:04,1,110,110,3,1,2470
11/06/2026 02:25:20,1,110,110,3,1,2470
11/06/2026 02:25:36,1,110,110,3,1,4380
11/06/2026 02:25:52,1,110,110,3,1,4380
11/06/2026 02:26:08,1,110,110,3,1,4380
11/06/2026 02:26:24,1,110,110,3,1,4260
11/06/2026 02:26:40,1,110,110,3,1,4260
11/06/2026 02:26:56,1,110,110,3,2,2700
11/06/2026 02:27:12,1,110,110,3,2,2700
11/06/2026 02:27:28,1,110,110,3,1,2720
11/06/2026 02:27:44,1,110,110,3,1,2720
11/06/2026 02:28:00,1,110,110,3,1,2660
11/06/2026 02:28:16,1,110,110,3,1,2660
11/06/2026 02:28:32,1,110,110,3,1,2660
11/06/2026 02:28:48,1,110,110,3,1,2480
11/06/2026 02:29:04,1,-999,110,3,1,2480
11/06/2026 02:29:20,1,-999,110,3,1,2470
11/06/2026 02:29:36,1,-999,110,3,1,2470
11/06/2026 02:29:52,1,-999,110,3,1,2470
11/06/2026 02:30:08,1,2810,110,3,1,2470
11/06/2026 02:30:24,1,2810,110,3,1,2650
11/06/2026 02:30:40,1,2810,110,3,1,2650
11/06/2026 02:30:56,1,2810,110,3,1,2650
11/06/2026 02:31:12,1,-999,110,3,1,2730
11/06/2026 02:31:28,1,-999,110,3,1,2730
11/06/2026 02:31:44,1,-999,110,3,3,2730
11/06/2026 02:32:00,1,-999,110,3,3,2730
11/06/2026 02:32:16,1,2820,110,3,2,2980
11/06/2026 02:32:32,1,2820,110,3,2,2980
11/06/2026 02:32:48,1,2820,110,3,2,2780
11/06/2026 02:33:04,1,2900,110,3,2,2780
11/06/2026 02:33:20,1,2940,110,3,2,2780
11/06/2026 02:33:36,1,2940,110,3,1,3790
11/06/2026 02:33:52,1,2940,110,3,1,3790
11/06/2026 02:34:08,1,2990,110,3,1,3750
11/06/2026 02:34:24,1,2990,110,3,1,3750
11/06/2026 02:34:40,1,2950,110,3,1,3710
11/06/2026 02:34:56,1,2950,110,3,1,3710
11/06/2026 02:35:12,1,2950,110,3,1,3690
11/06/2026 02:35:28,1,2950,110,3,1,3690
11/06/2026 02:35:44,1,2950,110,3,1,3690
11/06/2026 02:36:00,1,2950,110,3,1,3710
11/06/2026 02:36:16,1,-999,110,3,1,3710
11/06/2026 02:36:32,1,-999,110,3,2,2610
11/06/2026 02:36:48,1,-999,110,3,2,2610
11/06/2026 02:37:04,1,420,110,3,3,2610
11/06/2026 02:37:20,1,420,110,3,3,2610
11/06/2026 02:37:36,1,80,110,3,1,4990
11/06/2026 02:37:52,1,420,110,3,1,4990
11/06/2026 02:38:08,1,420,110,3,1,4990
11/06/2026 02:38:24,1,420,110,3,1,5000
11/06/2026 02:38:40,1,420,110,3,1,5000
11/06/2026 02:38:56,1,420,110,3,2,2560
11/06/2026 02:39:12,1,420,110,3,2,2560
11/06/2026 02:39:28,1,420,110,3,2,2550
11/06/2026 02:39:44,1,420,110,3,2,2550
11/06/2026 02:40:00,1,420,110,3,2,2600
11/06/2026 02:40:16,1,420,110,3,2,2600
11/06/2026 02:40:32,1,420,110,3,2,2600
11/06/2026 02:40:48,1,420,110,3,1,2560
11/06/2026 02:41:04,1,420,110,3,1,2560
11/06/2026 02:41:20,1,420,110,3,2,2570
11/06/2026 02:41:36,1,420,110,3,2,2570
11/06/2026 02:41:52,1,420,110,3,1,2540
11/06/2026 02:42:08,1,420,110,3,1,2540
11/06/2026 02:42:24,1,420,110,3,1,2520
11/06/2026 02:42:40,1,420,110,3,1,2520
11/06/2026 02:42:56,1,420,110,3,1,2520
11/06/2026 02:43:12,1,420,110,3,1,2500
11/06/2026 02:43:28,1,420,110,3,1,2500
11/06/2026 02:43:44,1,420,110,3,1,2520
11/06/2026 02:44:00,1,420,110,3,1,2520
11/06/2026 02:44:16,1,420,110,3,1,2550
11/06/2026 02:44:32,1,420,110,3,1,2550
11/06/2026 02:44:48,1,420,110,3,1,2520
11/06/2026 02:45:04,1,420,110,3,1,2520
11/06/2026 02:45:20,1,420,110,3,1,2520
11/06/2026 02:45:36,1,420,110,3,1,2490
11/06/2026 02:45:52,1,420,110,3,1,2490
11/06/2026 02:46:08,1,420,110,3,2,2620
11/06/2026 02:46:24,1,420,110,3,2,2620
11/06/2026 02:46:40,1,420,110,3,1,2590
11/06/2026 02:46:56,1,420,110,3,1,2590
11/06/2026 02:47:12,1,420,110,3,1,2570
11/06/2026 02:47:28,1,420,110,3,1,2570
11/06/2026 02:47:44,1,100,110,3,1,2570
11/06/2026 02:48:00,1,110,110,3,1,2590
11/06/2026 02:48:16,1,110,110,3,1,2590
11/06/2026 02:48:32,1,120,110,3,1,3710
11/06/2026 02:48:48,1,120,110,3,1,3710
11/06/2026 02:49:04,1,120,110,3,2,2970
11/06/2026 02:49:20,1,120,110,3,2,2970
11/06/2026 02:49:36,1,130,110,3,2,2780
11/06/2026 02:49:52,1,130,110,3,2,2780
11/06/2026 02:50:08,1,130,110,3,2,2780
11/06/2026 02:50:24,1,130,110,3,2,2780
11/06/2026 02:50:40,1,130,110,3,2,2780
11/06/2026 02:50:56,1,130,110,3,2,2760
11/06/2026 02:51:12,1,130,110,3,2,2760
11/06/2026 02:51:28,1,130,110,3,2,2750
11/06/2026 02:51:44,1,130,110,3,2,2750
11/06/2026 02:52:00,1,120,110,3,2,2760
11/06/2026 02:52:16,1,120,110,3,2,2760
11/06/2026 02:52:32,1,120,110,3,2,2760
11/06/2026 02:52:48,1,120,110,3,1,2760
11/06/2026 02:53:04,1,120,110,3,1,2760
11/06/2026 02:53:20,1,120,110,3,1,2760
11/06/2026 02:53:36,1,120,110,3,1,2760
11/06/2026 02:53:52,1,80,110,3,1,2680
11/06/2026 02:54:08,1,80,110,3,1,2680
11/06/2026 02:54:24,1,80,110,3,1,2660
11/06/2026 02:54:40,1,2830,110,3,1,2660
11/06/2026 02:54:56,1,2830,110,3,1,2660
11/06/2026 02:55:12,1,2830,110,3,1,2660
11/06/2026 02:55:28,1,2830,110,3,1,2660
11/06/2026 02:55:44,1,2830,110,3,1,2660
11/06/2026 02:56:00,1,2830,110,3,1,2660
11/06/2026 02:56:16,1,2830,110,3,1,2660
11/06/2026 02:56:32,1,2830,110,3,1,2660
11/06/2026 02:56:48,1,2830,110,3,1,2630
11/06/2026 02:57:04,1,2830,110,3,1,2630
11/06/2026 02:57:20,1,2830,110,3,1,2630
11/06/2026 02:57:36,1,2830,110,3,1,2610
11/06/2026 02:57:52,1,2830,110,3,1,2610
11/06/2026 02:58:08,1,2830,110,3,1,2640
11/06/2026 02:58:24,1,1800,110,3,1,2640
11/06/2026 02:58:40,1,1800,110,3,1,2640
11/06/2026 02:58:56,1,1800,110,3,1,2640
11/06/2026 02:59:12,1,2810,110,3,1,2630
11/06/2026 02:59:28,1,2800,110,3,1,2630
11/06/2026 02:59:44,1,2800,110,3,1,2630
11/06/2026 03:00:00,1,210,120,3,1,2660
11/06/2026 03:00:16,1,210,120,3,1,2660
11/06/2026 03:00:32,1,210,120,3,1,2660
11/06/2026 03:00:48,1,210,120,3,1,2660
11/06/2026 03:01:04,1,210,120,3,1,2670
11/06/2026 03:01:20,1,210,120,3,1,2670
11/06/2026 03:01:36,1,210,120,3,1,2720
11/06/2026 03:01:52,1,210,120,3,1,2720
11/06/2026 03:02:08,1,210,120,3,1,2720
11/06/2026 03:02:24,1,210,120,3,1,2760
11/06/2026 03:02:40,1,220,120,3,1,2760
11/06/2026 03:02:56,1,220,120,3,1,2620
11/06/2026 03:03:12,1,220,120,3,1,2620
11/06/2026 03:03:28,1,220,120,3,2,2410
11/06/2026 03:03:44,1,220,120,3,2,2410
11/06/2026 03:04:00,1,230,120,3,1,2400
11/06/2026 03:04:16,1,230,120,3,1,2400
11/06/2026 03:04:32,1,230,120,3,1,2400
11/06/2026 03:04:48,1,230,120,3,1,2400
11/06/2026 03:05:04,1,2860,120,3,1,2400
11/06/2026 03:05:20,1,100,120,3,2,2130
11/06/2026 03:05:36,1,100,120,3,2,2130
11/06/2026 03:05:52,1,80,120,3,1,2400
11/06/2026 03:06:08,1,80,120,3,1,2400
11/06/2026 03:06:24,1,80,120,3,1,2410
11/06/2026 03:06:40,1,80,120,3,1,2410
11/06/2026 03:06:56,1,80,120,3,1,2410
11/06/2026 03:07:12,1,-999,120,3,1,2410
11/06/2026 03:07:28,1,-999,120,3,1,2410
11/06/2026 03:07:44,1,230,120,3,1,2400
11/06/2026 03:08:00,1,230,120,3,1,2400
11/06/2026 03:08:16,1,230,120,3,1,2410
11/06/2026 03:08:32,1,230,120,3,1,2410
11/06/2026 03:08:48,1,230,120,3,1,2400
11/06/2026 03:09:04,1,230,120,3,1,2400
11/06/2026 03:09:20,1,230,120,3,1,2400
11/06/2026 03:09:36,1,230,120,3,1,2390
11/06/2026 03:09:52,1,230,120,3,1,2390
11/06/2026 03:10:08,1,230,120,3,1,2390
11/06/2026 03:10:24,1,230,120,3,1,2390
11/06/2026 03:10:40,1,220,120,3,1,2390
11/06/2026 03:10:56,1,220,120,3,1,2390
11/06/2026 03:11:12,1,2640,120,3,1,2420
11/06/2026 03:11:28,1,2620,120,3,1,2420
11/06/2026 03:11:44,1,2620,120,3,1,2420
11/06/2026 03:12:00,1,2580,120,3,1,2420
11/06/2026 03:12:16,1,2580,120,3,1,2420
11/06/2026 03:12:32,1,2580,120,3,1,2430
11/06/2026 03:12:48,1,2580,120,3,1,2430
11/06/2026 03:13:04,1,2580,120,3,1,2430
11/06/2026 03:13:20,1,2580,120,3,1,2430
11/06/2026 03:13:36,1,2570,120,3,1,2420
11/06/2026 03:13:52,1,2570,120,3,1,2420
11/06/2026 03:14:08,1,2570,120,3,1,2420
11/06/2026 03:14:24,1,2570,120,3,1,2400
11/06/2026 03:14:40,1,2570,120,3,1,2400
11/06/2026 03:14:56,1,2570,120,3,1,2340
11/06/2026 03:15:12,1,2570,120,3,1,2340
11/06/2026 03:15:28,1,2560,120,3,1,2250
11/06/2026 03:15:44,1,2560,120,3,1,2250
11/06/2026 03:16:00,1,2560,120,3,1,2380
11/06/2026 03:16:16,1,2560,120,3,1,2380
11/06/2026 03:16:32,1,-999,120,3,1,2380
11/06/2026 03:16:48,1,-999,120,3,1,2420
11/06/2026 03:17:04,1,-999,120,3,1,2420
11/06/2026 03:17:20,1,-999,120,3,1,2460
11/06/2026 03:17:36,1,-999,120,3,1,2460
11/06/2026 03:17:52,1,-999,120,3,2,2240
11/06/2026 03:18:08,1,-999,120,3,2,2240
11/06/2026 03:18:24,1,2260,120,3,1,2150
11/06/2026 03:18:40,1,2260,120,3,1,2150
11/06/2026 03:18:56,1,2230,120,3,1,2150
11/06/2026 03:19:12,1,2230,120,3,1,2140
11/06/2026 03:19:28,1,2230,120,3,1,2140
11/06/2026 03:19:44,1,2230,120,3,3,1990
11/06/2026 03:20:00,1,2230,120,3,3,1990
11/06/2026 03:20:16,1,2230,120,3,2,1830
11/06/2026 03:20:32,1,2200,120,3,2,1830
11/06/2026 03:20:48,1,2200,120,3,2,1830
11/06/2026 03:21:04,1,2150,120,3,2,1830
11/06/2026 03:21:20,1,2150,120,3,2,1830
11/06/2026 03:21:36,1,2140,120,3,1,2550
11/06/2026 03:21:52,1,2140,120,3,1,2550
11/06/2026 03:22:08,1,2110,120,3,1,2530
11/06/2026 03:22:24,1,2110,120,3,1,2530
11/06/2026 03:22:40,1,2100,120,3,1,2520
11/06/2026 03:22:56,1,2100,120,3,1,2520
11/06/2026 03:23:12,1,2100,120,3,1,2520
11/06/2026 03:23:28,1,2090,120,3,1,2520
11/06/2026 03:23:44,1,2090,120,3,1,2520
11/06/2026 03:24:00,1,2060,120,3,1,2500
11/06/2026 03:24:16,1,2060,120,3,1,2500
11/06/2026 03:24:32,1,2060,120,3,1,2470
11/06/2026 03:24:48,1,2060,120,3,1,2470
11/06/2026 03:25:04,1,2060,120,3,1,2460
11/06/2026 03:25:20,1,2060,120,3,1,2460
11/06/2026 03:25:36,1,2060,120,3,1,2460
11/06/2026 03:25:52,1,2050,120,3,1,2460
11/06/2026 03:26:08,1,2060,120,3,1,2460
11/06/2026 03:26:24,1,2060,120,3,1,2470
11/06/2026 03:26:40,1,2760,120,3,1,2470
11/06/2026 03:26:56,1,2740,120,3,1,2470
11/06/2026 03:27:12,1,2740,120,3,1,2470
11/06/2026 03:27:28,1,2740,120,3,1,2490
11/06/2026 03:27:44,1,2730,120,3,1,2490
11/06/2026 03:28:00,1,-999,120,3,1,2450
11/06/2026 03:28:16,1,-999,120,3,1,2450
11/06/2026 03:28:32,1,-999,120,3,1,2450
11/06/2026 03:28:48,1,2680,120,3,1,2460
11/06/2026 03:29:04,1,2680,120,3,1,2460
11/06/2026 03:29:20,1,2680,120,3,1,2460
11/06/2026 03:29:36,1,2680,120,3,1,2460
11/06/2026 03:29:52,1,2680,120,3,1,2460
11/06/2026 03:30:08,1,2680,120,3,1,2460
11/06/2026 03:30:24,1,2680,120,3,1,2620
11/06/2026 03:30:40,1,2690,120,3,1,2620
11/06/2026 03:30:56,1,2690,120,3,1,2620
11/06/2026 03:31:12,1,2690,120,3,2,2630
11/06/2026 03:31:28,1,2710,120,3,2,2630
11/06/2026 03:31:44,1,1050,120,3,2,2690
11/06/2026 03:32:00,1,1050,120,3,2,2690
11/06/2026 03:32:16,1,-999,120,3,1,3000
11/06/2026 03:32:32,1,-999,120,3,1,3000
11/06/2026 03:32:48,1,-999,120,3,1,2970
11/06/2026 03:33:04,1,-999,120,3,1,2970
11/06/2026 03:33:20,1,-999,120,3,1,2970
11/06/2026 03:33:36,1,-999,120,3,2,2970
11/06/2026 03:33:52,1,-999,120,3,2,2970
11/06/2026 03:34:08,1,-999,120,3,2,3280
11/06/2026 03:34:24,1,-999,120,3,2,3280
11/06/2026 03:34:40,1,-999,120,3,3,2910
11/06/2026 03:34:56,1,-999,120,3,3,2910
11/06/2026 03:35:12,1,1130,120,3,2,2630
11/06/2026 03:35:28,1,1130,120,3,2,2630
11/06/2026 03:35:44,1,1130,120,3,2,2630
11/06/2026 03:36:00,1,1130,120,3,1,2880
11/06/2026 03:36:16,1,1130,120,3,1,2880
11/06/2026 03:36:32,1,1130,120,3,2,2570
11/06/2026 03:36:48,1,1130,120,3,2,2570
11/06/2026 03:37:04,1,-999,120,3,1,2860
11/06/2026 03:37:20,1,-999,120,3,1,2860
11/06/2026 03:37:36,1,-999,120,3,2,2690
11/06/2026 03:37:52,1,-999,120,3,2,2690
11/06/2026 03:38:08,1,-999,120,3,2,2690
11/06/2026 03:38:24,1,1130,120,3,1,2640
11/06/2026 03:38:40,1,1130,120,3,1,2640
11/06/2026 03:38:56,1,1130,120,3,1,2600
11/06/2026 03:39:12,1,1130,120,3,1,2600
11/06/2026 03:39:28,1,1140,120,3,2,2590
11/06/2026 03:39:44,1,1140,120,3,2,2590
11/06/2026 03:40:00,1,1140,120,3,2,2600
11/06/2026 03:40:16,1,210,120,3,2,2600
11/06/2026 03:40:32,1,210,120,3,2,2600
11/06/2026 03:40:48,1,210,120,3,1,2610
11/06/2026 03:41:04,1,210,120,3,1,2610
11/06/2026 03:41:20,1,220,120,3,2,2600
11/06/2026 03:41:36,1,220,120,3,2,2600
11/06/2026 03:41:52,1,220,120,3,2,2590
11/06/2026 03:42:08,1,220,120,3,2,2590
11/06/2026 03:42:24,1,220,120,3,1,2570
11/06/2026 03:42:40,1,220,120,3,1,2570
11/06/2026 03:42:56,1,220,120,3,1,2570
11/06/2026 03:43:12,1,230,120,3,2,2560
11/06/2026 03:43:28,1,230,120,3,2,2560
11/06/2026 03:43:44,1,230,120,3,2,2550
11/06/2026 03:44:00,1,230,120,3,2,2550
11/06/2026 03:44:16,1,240,120,3,2,4100
11/06/2026 03:44:32,1,240,120,3,2,4100
11/06/2026 03:44:48,1,240,120,3,3,4100
11/06/2026 03:45:04,1,240,120,3,3,4100
11/06/2026 03:45:20,1,240,120,3,3,4100
11/06/2026 03:45:36,1,240,120,3,1,4460
11/06/2026 03:45:52,1,250,120,3,1,4460
11/06/2026 03:46:08,1,250,120,3,2,2550
11/06/2026 03:46:24,1,250,120,3,2,2550
11/06/2026 03:46:40,1,250,120,3,3,2520
11/06/2026 03:46:56,1,250,120,3,3,2520
11/06/2026 03:47:12,1,250,120,3,2,2530
11/06/2026 03:47:28,1,250,120,3,2,2530
11/06/2026 03:47:44,1,250,120,3,2,2530
11/06/2026 03:48:00,1,250,120,3,2,2520
11/06/2026 03:48:16,1,250,120,3,2,2520
11/06/2026 03:48:32,1,80,120,3,2,2410
11/06/2026 03:48:48,1,80,120,3,2,2410
11/06/2026 03:49:04,1,80,120,3,2,2360
11/06/2026 03:49:20,1,80,120,3,2,2360
11/06/2026 03:49:36,1,80,120,3,1,2340
11/06/2026 03:49:52,1,80,120,3,1,2340
11/06/2026 03:50:08,1,80,120,3,1,2340
11/06/2026 03:50:24,1,80,120,3,1,2330
11/06/2026 03:50:40,1,80,120,3,1,2330
11/06/2026 03:50:56,1,80,120,3,1,2320
11/06/2026 03:51:12,1,80,120,3,1,2320
11/06/2026 03:51:28,1,80,120,3,1,2330
11/06/2026 03:51:44,1,80,120,3,1,2330
11/06/2026 03:52:00,1,80,120,3,1,2330
11/06/2026 03:52:16,1,70,120,3,1,2330
11/06/2026 03:52:32,1,70,120,3,1,2330
11/06/2026 03:52:48,1,70,120,3,1,2340
11/06/2026 03:53:04,1,70,120,3,1,2340
11/06/2026 03:53:20,1,70,120,3,1,2330
11/06/2026 03:53:36,1,70,120,3,1,2330
11/06/2026 03:53:52,1,70,120,3,2,2390
11/06/2026 03:54:08,1,70,120,3,2,2390
11/06/2026 03:54:24,1,70,120,3,2,2580
11/06/2026 03:54:40,1,70,120,3,2,2580
11/06/2026 03:54:56,1,70,120,3,2,2580
11/06/2026 03:55:12,1,-999,120,3,1,3190
11/06/2026 03:55:28,1,-999,120,3,1,3190
11/06/2026 03:55:44,1,-999,120,3,1,3220
11/06/2026 03:56:00,1,-999,120,3,1,3220
11/06/2026 03:56:16,1,-999,120,3,1,3290
11/06/2026 03:56:32,1,-999,120,3,1,3290
11/06/2026 03:56:48,1,70,120,3,1,3220
11/06/2026 03:57:04,1,70,120,3,1,3220
11/06/2026 03:57:20,1,70,120,3,1,3220
11/06/2026 03:57:36,1,70,120,3,1,3240
11/06/2026 03:57:52,1,80,120,3,1,3240
11/06/2026 03:58:08,1,80,120,3,1,3270
11/06/2026 03:58:24,1,80,120,3,1,3270
11/06/2026 03:58:40,1,80,120,3,1,3290
11/06/2026 03:58:56,1,80,120,3,1,3290
11/06/2026 03:59:12,1,80,120,3,1,3370
11/06/2026 03:59:28,1,80,120,3,1,3370
11/06/2026 03:59:44,1,80,120,3,1,3370
11/06/2026 04:00:00,1,80,220,3,1,3380
11/06/2026 04:00:16,1,80,220,3,1,3380
11/06/2026 04:00:32,1,80,220,3,1,3400
11/06/2026 04:00:48,1,70,220,3,1,3400
11/06/2026 04:01:04,1,70,220,3,1,3400
11/06/2026 04:01:20,1,70,220,3,1,3400
11/06/2026 04:01:36,1,70,220,3,1,3430
11/06/2026 04:01:52,1,70,220,3,1,3430
11/06/2026 04:02:08,1,70,220,3,1,3430
11/06/2026 04:02:24,1,70,220,3,1,3500
11/06/2026 04:02:40,1,70,220,3,1,3500
11/06/2026 04:02:56,1,70,220,3,1,3450
11/06/2026 04:03:12,1,70,220,3,1,3450
11/06/2026 04:03:28,1,-999,220,3,1,3460
11/06/2026 04:03:44,1,-999,220,3,1,3460
11/06/2026 04:04:00,1,70,220,3,2,2930
11/06/2026 04:04:16,1,70,220,3,2,2930
11/06/2026 04:04:32,1,70,220,3,2,2930
11/06/2026 04:04:48,1,70,220,3,1,2830
11/06/2026 04:05:04,1,70,220,3,1,2830
11/06/2026 04:05:20,1,70,220,3,1,2780
11/06/2026 04:05:36,1,50,220,3,1,2780
11/06/2026 04:05:52,1,50,220,3,1,2780
11/06/2026 04:06:08,1,50,220,3,1,2780
11/06/2026 04:06:24,1,320,220,3,2,2670
11/06/2026 04:06:40,1,320,220,3,2,2670
11/06/2026 04:06:56,1,320,220,3,2,2670
11/06/2026 04:07:12,1,320,220,3,1,2550
11/06/2026 04:07:28,1,320,220,3,1,2550
11/06/2026 04:07:44,1,-999,220,3,1,2370
11/06/2026 04:08:00,1,-999,220,3,1,2370
11/06/2026 04:08:16,1,-999,220,3,2,2240
11/06/2026 04:08:32,1,-999,220,3,2,2240
11/06/2026 04:08:48,1,-999,220,3,1,2080
11/06/2026 04:09:04,1,-999,220,3,1,2080
11/06/2026 04:09:20,1,-999,220,3,1,2080
11/06/2026 04:09:36,1,-999,220,3,1,1930
11/06/2026 04:09:52,1,-999,220,3,1,1930
11/06/2026 04:10:08,1,320,220,3,1,1750
11/06/2026 04:10:24,1,320,220,3,1,1750
11/06/2026 04:10:40,1,-999,220,3,2,1570
11/06/2026 04:10:56,1,1990,220,3,2,1570
11/06/2026 04:11:12,1,2030,220,3,3,1490
11/06/2026 04:11:28,1,2030,220,3,3,1490
11/06/2026 04:11:44,1,2030,220,3,3,1490
11/06/2026 04:12:00,1,2060,220,3,2,2040
11/06/2026 04:12:16,1,1650,220,3,2,2040
11/06/2026 04:12:32,1,1640,220,3,1,2040
11/06/2026 04:12:48,1,1640,220,3,1,2040
11/06/2026 04:13:04,1,-999,220,3,1,2040
11/06/2026 04:13:20,1,-999,220,3,1,2040
11/06/2026 04:13:36,1,-999,220,3,1,2040
11/06/2026 04:13:52,1,-999,220,3,1,2040
11/06/2026 04:14:08,1,-999,220,3,1,2040
11/06/2026 04:14:24,1,-999,220,3,1,2050
11/06/2026 04:14:40,1,-999,220,3,1,2050
11/06/2026 04:14:56,1,-999,220,3,2,2040
11/06/2026 04:15:12,1,-999,220,3,2,2040
11/06/2026 04:15:28,1,-999,220,3,2,2040
11/06/2026 04:15:44,1,-999,220,3,2,2040
11/06/2026 04:16:00,1,-999,220,3,2,4050
11/06/2026 04:16:16,1,-999,220,3,2,4050
11/06/2026 04:16:32,1,-999,220,3,2,4050
11/06/2026 04:16:48,1,1010,220,3,1,3990
11/06/2026 04:17:04,1,1010,220,3,1,3990
11/06/2026 04:17:20,1,1010,220,3,2,2050
11/06/2026 04:17:36,1,1010,220,3,2,2050
11/06/2026 04:17:52,1,1010,220,3,3,1990
11/06/2026 04:18:08,1,1010,220,3,3,1990
11/06/2026 04:18:24,1,420,220,3,1,4560
11/06/2026 04:18:40,1,420,220,3,1,4560
11/06/2026 04:18:56,1,420,220,3,1,4560
11/06/2026 04:19:12,1,30,220,3,1,4630
11/06/2026 04:19:28,1,430,220,3,1,4630
11/06/2026 04:19:44,1,440,220,3,1,4640
11/06/2026 04:20:00,1,440,220,3,1,4640
11/06/2026 04:20:16,1,440,220,3,2,8310
11/06/2026 04:20:32,1,440,220,3,2,8310
11/06/2026 04:20:48,1,430,220,3,2,8320
11/06/2026 04:21:04,1,470,220,3,2,8320
11/06/2026 04:21:20,1,510,220,3,2,8320
11/06/2026 04:21:36,1,510,220,3,2,4480
11/06/2026 04:21:52,1,510,220,3,2,4480
11/06/2026 04:22:08,1,510,220,3,1,4520
11/06/2026 04:22:24,1,540,220,3,1,4520
11/06/2026 04:22:40,1,610,220,3,1,4560
11/06/2026 04:22:56,1,670,220,3,1,4560
11/06/2026 04:23:12,1,690,220,3,1,4590
11/06/2026 04:23:28,1,630,220,3,1,4590
11/06/2026 04:23:44,1,610,220,3,1,4590
11/06/2026 04:24:00,1,550,220,3,1,4590
11/06/2026 04:24:16,1,560,220,3,1,4590
11/06/2026 04:24:32,1,540,220,3,1,4610
11/06/2026 04:24:48,1,510,220,3,1,4610
11/06/2026 04:25:04,1,480,220,3,1,4610
11/06/2026 04:25:20,1,440,220,3,1,4610
11/06/2026 04:25:36,1,410,220,3,1,4610
11/06/2026 04:25:52,1,370,220,3,1,4610
11/06/2026 04:26:08,1,190,220,3,1,4610
11/06/2026 04:26:24,1,190,220,3,1,4600
11/06/2026 04:26:40,1,190,220,3,1,4600
11/06/2026 04:26:56,1,190,220,3,1,4610
11/06/2026 04:27:12,1,190,220,3,1,4610
11/06/2026 04:27:28,1,190,220,3,1,4610
11/06/2026 04:27:44,1,190,220,3,1,4610
11/06/2026 04:28:00,1,190,220,3,3,3950
11/06/2026 04:28:16,1,190,220,3,3,3950
11/06/2026 04:28:32,1,190,220,3,3,3950
11/06/2026 04:28:48,1,190,220,3,1,3930
11/06/2026 04:29:04,1,190,220,3,1,3930
11/06/2026 04:29:20,1,190,220,3,1,3910
11/06/2026 04:29:36,1,190,220,3,1,3910
11/06/2026 04:29:52,1,190,220,3,1,3910
11/06/2026 04:30:08,1,190,220,3,1,3910
11/06/2026 04:30:24,1,190,220,3,1,3910
11/06/2026 04:30:40,1,190,220,3,1,3910
11/06/2026 04:30:56,1,200,220,3,1,3910
11/06/2026 04:31:12,1,220,220,3,1,3910
11/06/2026 04:31:28,1,220,220,3,1,3910
11/06/2026 04:31:44,1,230,220,3,1,3910
11/06/2026 04:32:00,1,230,220,3,1,3910
11/06/2026 04:32:16,1,240,220,3,1,3890
11/06/2026 04:32:32,1,240,220,3,1,3890
11/06/2026 04:32:48,1,240,220,3,1,3890
11/06/2026 04:33:04,1,240,220,3,1,3890
11/06/2026 04:33:20,1,240,220,3,1,3890
11/06/2026 04:33:36,1,240,220,3,1,3900
11/06/2026 04:33:52,1,240,220,3,1,3900
11/06/2026 04:34:08,1,240,220,3,1,3890
11/06/2026 04:34:24,1,240,220,3,1,3890
11/06/2026 04:34:40,1,240,220,3,1,3870
11/06/2026 04:34:56,1,240,220,3,1,3870
11/06/2026 04:35:12,1,240,220,3,1,3860
11/06/2026 04:35:28,1,240,220,3,1,3860
11/06/2026 04:35:44,1,240,220,3,1,3860
11/06/2026 04:36:00,1,240,220,3,1,3850
11/06/2026 04:36:16,1,240,220,3,1,3850
11/06/2026 04:36:32,1,240,220,3,1,3820
11/06/2026 04:36:48,1,240,220,3,1,3820
11/06/2026 04:37:04,1,240,220,3,1,3820
11/06/2026 04:37:20,1,240,220,3,1,3820
11/06/2026 04:37:36,1,240,220,3,2,3830
11/06/2026 04:37:52,1,240,220,3,2,3830
11/06/2026 04:38:08,1,240,220,3,2,3830
11/06/2026 04:38:24,1,240,220,3,1,4570
11/06/2026 04:38:40,1,240,220,3,1,4570
11/06/2026 04:38:56,1,240,220,3,2,3840
11/06/2026 04:39:12,1,240,220,3,2,3840
11/06/2026 04:39:28,1,240,220,3,3,4600
11/06/2026 04:39:44,1,240,220,3,3,4600
11/06/2026 04:40:00,1,240,220,3,2,4680
11/06/2026 04:40:16,1,240,220,3,2,4680
11/06/2026 04:40:32,1,240,220,3,2,4680
11/06/2026 04:40:48,1,240,220,3,1,4700
11/06/2026 04:41:04,1,240,220,3,1,4700
11/06/2026 04:41:20,1,240,220,3,1,4680
11/06/2026 04:41:36,1,240,220,3,1,4680
11/06/2026 04:41:52,1,240,220,3,2,2570
11/06/2026 04:42:08,1,240,220,3,2,2570
11/06/2026 04:42:24,1,240,220,3,2,2560
11/06/2026 04:42:40,1,240,220,3,2,2560
11/06/2026 04:42:56,1,240,220,3,2,2560
11/06/2026 04:43:12,1,230,220,3,2,2550
11/06/2026 04:43:28,1,230,220,3,2,2550
11/06/2026 04:43:44,1,230,220,3,2,2530
11/06/2026 04:44:00,1,230,220,3,2,2530
11/06/2026 04:44:16,1,230,220,3,2,2510
11/06/2026 04:44:32,1,230,220,3,2,2510
11/06/2026 04:44:48,1,230,220,3,1,4680
11/06/2026 04:45:04,1,230,220,3,1,4680
11/06/2026 04:45:20,1,230,220,3,1,4680
11/06/2026 04:45:36,1,230,220,3,1,4690
11/06/2026 04:45:52,1,230,220,3,1,4690
11/06/2026 04:46:08,1,230,220,3,1,4690
11/06/2026 04:46:24,1,230,220,3,1,4690
11/06/2026 04:46:40,1,230,220,3,1,4690
11/06/2026 04:46:56,1,230,220,3,1,4690
11/06/2026 04:47:12,1,230,220,3,1,4720
11/06/2026 04:47:28,1,230,220,3,1,4720
11/06/2026 04:47:44,1,230,220,3,1,4720
11/06/2026 04:48:00,1,230,220,3,1,4730
11/06/2026 04:48:16,1,230,220,3,1,4730
11/06/2026 04:48:32,1,230,220,3,1,4730
11/06/2026 04:48:48,1,230,220,3,1,4730
11/06/2026 04:49:04,1,230,220,3,2,2420
11/06/2026 04:49:20,1,230,220,3,2,2420
11/06/2026 04:49:36,1,230,220,3,2,2440
11/06/2026 04:49:52,1,230,220,3,2,2440
11/06/2026 04:50:08,1,230,220,3,2,2440
11/06/2026 04:50:24,1,230,220,3,1,2480
11/06/2026 04:50:40,1,230,220,3,1,2480
11/06/2026 04:50:56,1,230,220,3,1,2500
11/06/2026 04:51:12,1,230,220,3,1,2500
11/06/2026 04:51:28,1,230,220,3,1,2490
11/06/2026 04:51:44,1,230,220,3,1,2490
11/06/2026 04:52:00,1,230,220,3,1,2420
11/06/2026 04:52:16,1,230,220,3,1,2420
11/06/2026 04:52:32,1,230,220,3,1,2420
11/06/2026 04:52:48,1,230,220,3,1,2390
11/06/2026 04:53:04,1,230,220,3,1,2390
11/06/2026 04:53:20,1,230,220,3,1,2420
11/06/2026 04:53:36,1,230,220,3,1,2420
11/06/2026 04:53:52,1,230,220,3,1,2440
11/06/2026 04:54:08,1,230,220,3,1,2440
11/06/2026 04:54:24,1,230,220,3,2,2420
11/06/2026 04:54:40,1,230,220,3,2,2420
11/06/2026 04:54:56,1,230,220,3,2,2420
11/06/2026 04:55:12,1,230,220,3,2,2410
11/06/2026 04:55:28,1,230,220,3,2,2410
11/06/2026 04:55:44,1,230,220,3,2,2390
11/06/2026 04:56:00,1,230,220,3,2,2390
11/06/2026 04:56:16,1,230,220,3,2,2380
11/06/2026 04:56:32,1,230,220,3,2,2380
11/06/2026 04:56:48,1,230,220,3,2,2380
11/06/2026 04:57:04,1,230,220,3,2,2380
11/06/2026 04:57:20,1,230,220,3,2,2380
11/06/2026 04:57:36,1,230,220,3,2,2390
11/06/2026 04:57:52,1,230,220,3,2,2390
11/06/2026 04:58:08,1,230,220,3,2,2430
11/06/2026 04:58:24,1,230,220,3,2,2430
11/06/2026 04:58:40,1,220,220,3,2,2330
11/06/2026 04:58:56,1,220,220,3,2,2330
11/06/2026 04:59:12,1,220,220,3,1,2320
11/06/2026 04:59:28,1,220,220,3,1,2320
11/06/2026 04:59:44,1,220,220,3,1,2320
11/06/2026 05:00:00,1,220,220,3,1,2320
11/06/2026 05:00:16,2,220,230,3,1,2320
11/06/2026 05:00:32,2,220,230,3,1,2330
11/06/2026 05:00:48,2,220,230,3,1,2330
11/06/2026 05:01:04,2,220,230,3,1,2360
11/06/2026 05:01:20,2,220,230,3,1,2360
11/06/2026 05:01:36,2,220,230,3,1,2380
11/06/2026 05:01:52,2,220,230,3,1,2380
11/06/2026 05:02:08,2,220,230,3,1,2380
11/06/2026 05:02:24,2,220,230,3,1,2410
11/06/2026 05:02:40,2,220,230,3,1,2410
11/06/2026 05:02:56,2,220,230,3,1,2380
11/06/2026 05:03:12,2,220,230,3,1,2380
11/06/2026 05:03:28,2,220,230,3,1,2380
11/06/2026 05:03:44,2,220,230,3,1,2380
11/06/2026 05:04:00,2,220,230,3,1,2380
11/06/2026 05:04:16,2,220,230,3,1,2380
11/06/2026 05:04:32,2,220,230,3,1,2380
11/06/2026 05:04:48,2,210,230,3,1,2400
11/06/2026 05:05:04,2,210,230,3,1,2400
11/06/2026 05:05:20,2,210,230,3,1,2420
11/06/2026 05:05:36,2,210,230,3,1,2420
11/06/2026 05:05:52,2,210,230,3,1,2410
11/06/2026 05:06:08,2,210,230,3,1,2410
11/06/2026 05:06:24,2,210,230,3,1,2420
11/06/2026 05:06:40,2,210,230,3,1,2420
11/06/2026 05:06:56,2,210,230,3,1,2420
11/06/2026 05:07:12,2,210,230,3,1,2440
11/06/2026 05:07:28,2,210,230,3,1,2440
11/06/2026 05:07:44,2,210,230,3,1,2440
11/06/2026 05:08:00,2,210,230,3,1,2440
11/06/2026 05:08:16,2,210,230,3,1,2440
11/06/2026 05:08:32,2,210,230,3,1,2440
11/06/2026 05:08:48,2,210,230,3,1,2440
11/06/2026 05:09:04,2,210,230,3,1,2440
11/06/2026 05:09:20,2,210,230,3,1,2440
11/06/2026 05:09:36,2,210,230,3,1,2450
11/06/2026 05:09:52,2,210,230,3,1,2450
11/06/2026 05:10:08,2,210,230,3,1,2450
11/06/2026 05:10:24,2,220,230,3,1,2450
11/06/2026 05:10:40,2,220,230,3,1,2460
11/06/2026 05:10:56,2,220,230,3,1,2460
11/06/2026 05:11:12,2,220,230,3,1,2450
11/06/2026 05:11:28,2,220,230,3,1,2450
11/06/2026 05:11:44,2,220,230,3,1,2450
11/06/2026 05:12:00,2,220,230,3,2,2450
11/06/2026 05:12:16,2,220,230,3,2,2450
11/06/2026 05:12:32,2,220,230,3,3,2440
11/06/2026 05:12:48,2,220,230,3,3,2440
11/06/2026 05:13:04,2,220,230,3,0,-999
11/06/2026 05:13:20,2,220,230,3,0,-999
11/06/2026 05:13:36,2,220,230,3,2,2480
11/06/2026 05:13:52,2,220,230,3,2,2480
11/06/2026 05:14:08,2,220,230,3,2,2480
11/06/2026 05:14:24,2,220,230,3,1,2490
11/06/2026 05:14:40,2,220,230,3,1,2490
11/06/2026 05:14:56,2,220,230,3,1,2490
11/06/2026 05:15:12,2,220,230,3,1,2490
11/06/2026 05:15:28,2,2620,230,3,1,2480
11/06/2026 05:15:44,2,80,230,3,1,2480
11/06/2026 05:16:00,2,80,230,3,3,2480
11/06/2026 05:16:16,2,80,230,3,3,2480
11/06/2026 05:16:32,2,80,230,3,3,2480
11/06/2026 05:16:48,2,80,230,3,2,7050
11/06/2026 05:17:04,2,80,230,3,2,7050
11/06/2026 05:17:20,2,80,230,3,2,7000
11/06/2026 05:17:36,2,80,230,3,2,7000
11/06/2026 05:17:52,2,80,230,3,1,6940
11/06/2026 05:18:08,2,80,230,3,1,6940
11/06/2026 05:18:24,2,90,230,3,2,6920
11/06/2026 05:18:40,2,90,230,3,2,6920
11/06/2026 05:18:56,2,90,230,3,2,6920
11/06/2026 05:19:12,2,90,230,3,3,7180
11/06/2026 05:19:28,2,90,230,3,3,7180
11/06/2026 05:19:44,2,90,230,3,2,6920
11/06/2026 05:20:00,2,90,230,3,2,6920
11/06/2026 05:20:16,2,90,230,3,2,6920
11/06/2026 05:20:32,2,90,230,3,2,6920
11/06/2026 05:20:48,2,90,230,3,1,6920
11/06/2026 05:21:04,2,90,230,3,1,6920
11/06/2026 05:21:20,2,90,230,3,1,6920
11/06/2026 05:21:36,2,90,230,3,1,6920
11/06/2026 05:21:52,2,90,230,3,1,6920
11/06/2026 05:22:08,2,90,230,3,1,6920
11/06/2026 05:22:24,2,90,230,3,1,6920
11/06/2026 05:22:40,2,90,230,3,1,6940
11/06/2026 05:22:56,2,90,230,3,1,6940
11/06/2026 05:23:12,2,90,230,3,1,6930
11/06/2026 05:23:28,2,90,230,3,1,6930
11/06/2026 05:23:44,2,90,230,3,1,6930
11/06/2026 05:24:00,2,90,230,3,1,6740
11/06/2026 05:24:16,2,90,230,3,1,6740
11/06/2026 05:24:32,2,90,230,3,2,4030
11/06/2026 05:24:48,2,90,230,3,2,4030
11/06/2026 05:25:04,2,100,230,3,1,4020
11/06/2026 05:25:20,2,100,230,3,1,4020
11/06/2026 05:25:36,2,100,230,3,1,4010
11/06/2026 05:25:52,2,100,230,3,1,4010
11/06/2026 05:26:08,2,100,230,3,1,4010
11/06/2026 05:26:24,2,100,230,3,1,4000
11/06/2026 05:26:40,2,100,230,3,1,4000
11/06/2026 05:26:56,2,100,230,3,1,3990
11/06/2026 05:27:12,2,100,230,3,1,3990
11/06/2026 05:27:28,2,100,230,3,1,4000
11/06/2026 05:27:44,2,100,230,3,1,4000
11/06/2026 05:28:00,2,100,230,3,1,4010
11/06/2026 05:28:16,2,100,230,3,1,4010
11/06/2026 05:28:32,2,100,230,3,1,4010
11/06/2026 05:28:48,2,100,230,3,1,4000
11/06/2026 05:29:04,2,100,230,3,1,4000
11/06/2026 05:29:20,2,100,230,3,1,4010
11/06/2026 05:29:36,2,100,230,3,1,4010
11/06/2026 05:29:52,2,100,230,3,1,4010
11/06/2026 05:30:08,2,100,230,3,1,4010
11/06/2026 05:30:24,2,90,230,3,1,4030
11/06/2026 05:30:40,2,90,230,3,1,4030
11/06/2026 05:30:56,2,90,230,3,1,4030
11/06/2026 05:31:12,2,90,230,3,1,4040
11/06/2026 05:31:28,2,90,230,3,1,4040
11/06/2026 05:31:44,2,90,230,3,1,4020
11/06/2026 05:32:00,2,90,230,3,1,4020
11/06/2026 05:32:16,2,90,230,3,1,3990
11/06/2026 05:32:32,2,90,230,3,1,3990
11/06/2026 05:32:48,2,90,230,3,1,3950
11/06/2026 05:33:04,2,90,230,3,1,3950
11/06/2026 05:33:20,2,90,230,3,1,3950
11/06/2026 05:33:36,2,90,230,3,1,3950
11/06/2026 05:33:52,2,90,230,3,1,3950
11/06/2026 05:34:08,2,90,230,3,1,3970
11/06/2026 05:34:24,2,90,230,3,1,3970
11/06/2026 05:34:40,2,90,230,3,1,3940
11/06/2026 05:34:56,2,90,230,3,1,3940
11/06/2026 05:35:12,2,90,230,3,1,3930
11/06/2026 05:35:28,2,90,230,3,1,3930
11/06/2026 05:35:44,2,90,230,3,1,3930
11/06/2026 05:36:00,2,90,230,3,1,3940
11/06/2026 05:36:16,2,90,230,3,1,3940
11/06/2026 05:36:32,2,90,230,3,1,3910
11/06/2026 05:36:48,2,90,230,3,1,3910
11/06/2026 05:37:04,2,90,230,3,1,3920
11/06/2026 05:37:20,2,90,230,3,1,3920
11/06/2026 05:37:36,2,90,230,3,1,3940
11/06/2026 05:37:52,2,90,230,3,1,3940
11/06/2026 05:38:08,2,90,230,3,1,3940
11/06/2026 05:38:24,2,90,230,3,1,3900
11/06/2026 05:38:40,2,90,230,3,1,3900
11/06/2026 05:38:56,2,90,230,3,1,3900
11/06/2026 05:39:12,2,90,230,3,1,3900
11/06/2026 05:39:28,2,90,230,3,1,3900
11/06/2026 05:39:44,2,90,230,3,1,3900
11/06/2026 05:40:00,2,90,230,3,1,3890
11/06/2026 05:40:16,2,90,230,3,1,3890
11/06/2026 05:40:32,2,90,230,3,1,3890
11/06/2026 05:40:48,2,90,230,3,1,3890
11/06/2026 05:41:04,2,90,230,3,1,3890
11/06/2026 05:41:20,2,90,230,3,1,3910
11/06/2026 05:41:36,2,90,230,3,1,3910
11/06/2026 05:41:52,2,90,230,3,1,3860
11/06/2026 05:42:08,2,90,230,3,1,3860
11/06/2026 05:42:24,2,90,230,3,1,3840
11/06/2026 05:42:40,2,90,230,3,1,3840
11/06/2026 05:42:56,2,90,230,3,1,3840
11/06/2026 05:43:12,2,90,230,3,1,3870
11/06/2026 05:43:28,2,90,230,3,1,3870
11/06/2026 05:43:44,2,90,230,3,1,3900
11/06/2026 05:44:00,2,90,230,3,1,3900
11/06/2026 05:44:16,2,90,230,3,1,3890
11/06/2026 05:44:32,2,90,230,3,1,3890
11/06/2026 05:44:48,2,100,230,3,1,3850
11/06/2026 05:45:04,2,100,230,3,1,3850
11/06/2026 05:45:20,2,100,230,3,1,3850
11/06/2026 05:45:36,2,100,230,3,1,3890
11/06/2026 05:45:52,2,100,230,3,1,3890
11/06/2026 05:46:08,2,100,230,3,1,3940
11/06/2026 05:46:24,2,100,230,3,1,3940
11/06/2026 05:46:40,2,100,230,3,1,3940
11/06/2026 05:46:56,2,90,230,3,1,3940
11/06/2026 05:47:12,2,90,230,3,1,3950
11/06/2026 05:47:28,2,90,230,3,1,3950
11/06/2026 05:47:44,2,90,230,3,1,3950
11/06/2026 05:48:00,2,90,230,3,1,3970
11/06/2026 05:48:16,2,90,230,3,1,3970
11/06/2026 05:48:32,2,90,230,3,1,4000
11/06/2026 05:48:48,2,90,230,3,1,4000
11/06/2026 05:49:04,2,90,230,3,1,4000
11/06/2026 05:49:20,2,90,230,3,1,4000
11/06/2026 05:49:36,2,90,230,3,1,3980
11/06/2026 05:49:52,2,90,230,3,1,3980
11/06/2026 05:50:08,2,100,230,3,1,3980
11/06/2026 05:50:24,2,100,230,3,1,3930
11/06/2026 05:50:40,2,100,230,3,1,3930
11/06/2026 05:50:56,2,100,230,3,1,3860
11/06/2026 05:51:12,2,100,230,3,1,3860
11/06/2026 05:51:28,2,100,230,3,2,3860
11/06/2026 05:51:44,2,100,230,3,2,3860
11/06/2026 05:52:00,2,100,230,3,1,4070
11/06/2026 05:52:16,2,100,230,3,1,4070
11/06/2026 05:52:32,2,100,230,3,1,4070
11/06/2026 05:52:48,2,100,230,3,1,4120
11/06/2026 05:53:04,2,100,230,3,1,4120
11/06/2026 05:53:20,2,100,230,3,1,4130
11/06/2026 05:53:36,2,90,230,3,1,4130
11/06/2026 05:53:52,2,90,230,3,1,4140
11/06/2026 05:54:08,2,90,230,3,1,4140
11/06/2026 05:54:24,2,90,230,3,1,4130
11/06/2026 05:54:40,2,90,230,3,1,4130
11/06/2026 05:54:56,2,90,230,3,1,4130
11/06/2026 05:55:12,2,90,230,3,1,4090
11/06/2026 05:55:28,2,90,230,3,1,4090
11/06/2026 05:55:44,2,90,230,3,1,4120
11/06/2026 05:56:00,2,80,230,3,1,4120
11/06/2026 05:56:16,2,80,230,3,1,4100
11/06/2026 05:56:32,2,80,230,3,1,4100
11/06/2026 05:56:48,2,80,230,3,1,4120
11/06/2026 05:57:04,2,80,230,3,1,4120
11/06/2026 05:57:20,2,80,230,3,1,4120
11/06/2026 05:57:36,2,80,230,3,1,4130
11/06/2026 05:57:52,2,80,230,3,1,4130
11/06/2026 05:58:08,2,70,230,3,1,4130
11/06/2026 05:58:24,2,70,230,3,1,4130
11/06/2026 05:58:40,2,70,230,3,1,4140
11/06/2026 05:58:56,2,70,230,3,1,4140
11/06/2026 05:59:12,2,70,230,3,1,4140
11/06/2026 05:59:28,2,70,230,3,1,4140
11/06/2026 05:59:44,2,70,230,3,1,4140
11/06/2026 06:00:00,3,70,90,3,1,4130
11/06/2026 06:00:16,3,70,90,3,1,4130
11/06/2026 06:00:32,3,70,90,3,1,4130
11/06/2026 06:00:48,3,70,90,3,1,4130
11/06/2026 06:01:04,3,70,90,3,1,4140
11/06/2026 06:01:20,3,70,90,3,1,4140
11/06/2026 06:01:36,3,70,90,3,1,4140
11/06/2026 06:01:52,3,70,90,3,1,4140
11/06/2026 06:02:08,3,70,90,3,1,4140
11/06/2026 06:02:24,3,70,90,3,1,4120
11/06/2026 06:02:40,3,70,90,3,1,4120
11/06/2026 06:02:56,3,70,90,3,1,4110
11/06/2026 06:03:12,3,70,90,3,1,4110
11/06/2026 06:03:28,3,70,90,3,1,4120
11/06/2026 06:03:44,3,70,90,3,1,4120
11/06/2026 06:04:00,3,70,90,3,1,4140
11/06/2026 06:04:16,3,70,90,3,1,4140
11/06/2026 06:04:32,3,70,90,3,1,4140
11/06/2026 06:04:48,3,70,90,3,1,4150
11/06/2026 06:05:04,3,70,90,3,1,4150
11/06/2026 06:05:20,3,70,90,3,1,4120
11/06/2026 06:05:36,3,70,90,3,1,4120
11/06/2026 06:05:52,3,70,90,3,1,4130
11/06/2026 06:06:08,3,70,90,3,1,4130
11/06/2026 06:06:24,3,70,90,3,1,4150
11/06/2026 06:06:40,3,70,90,3,1,4150
11/06/2026 06:06:56,3,70,90,3,1,4150
11/06/2026 06:07:12,3,70,90,3,1,4180
11/06/2026 06:07:28,3,70,90,3,1,4180
11/06/2026 06:07:44,3,70,90,3,1,4170
11/06/2026 06:08:00,3,70,90,3,1,4170
11/06/2026 06:08:16,3,70,90,3,0,-999
11/06/2026 06:08:32,3,70,90,3,0,-999
11/06/2026 06:08:48,3,70,90,3,1,4140
11/06/2026 06:09:04,3,70,90,3,1,4140
11/06/2026 06:09:20,3,70,90,3,1,4140
11/06/2026 06:09:36,3,70,90,3,1,4190
11/06/2026 06:09:52,3,70,90,3,1,4190
11/06/2026 06:10:08,3,70,90,3,1,4220
11/06/2026 06:10:24,3,70,90,3,1,4220
11/06/2026 06:10:40,3,70,90,3,1,4220
11/06/2026 06:10:56,3,70,90,3,1,4220
11/06/2026 06:11:12,3,70,90,3,1,4190
11/06/2026 06:11:28,3,70,90,3,1,4190
11/06/2026 06:11:44,3,70,90,3,1,4190
11/06/2026 06:12:00,3,70,90,3,1,4160
11/06/2026 06:12:16,3,70,90,3,1,4160
11/06/2026 06:12:32,3,70,90,3,1,4150
11/06/2026 06:12:48,3,70,90,3,1,4150
11/06/2026 06:13:04,3,70,90,3,1,4190
11/06/2026 06:13:20,3,70,90,3,1,4190
11/06/2026 06:13:36,3,70,90,3,1,4190
11/06/2026 06:13:52,3,70,90,3,1,4190
11/06/2026 06:14:08,3,60,90,3,1,4190
11/06/2026 06:14:24,3,60,90,3,1,4200
11/06/2026 06:14:40,3,60,90,3,1,4200
11/06/2026 06:14:56,3,60,90,3,1,4190
11/06/2026 06:15:12,3,60,90,3,1,4190
11/06/2026 06:15:28,3,60,90,3,0,-999
11/06/2026 06:15:44,3,60,90,3,0,-999
11/06/2026 06:16:00,3,60,90,3,0,-999
11/06/2026 06:16:16,3,60,90,3,0,-999
11/06/2026 06:16:32,3,60,90,3,0,-999
11/06/2026 06:16:48,3,60,90,3,1,4230
11/06/2026 06:17:04,3,60,90,3,1,4230
11/06/2026 06:17:20,3,60,90,3,1,4220
11/06/2026 06:17:36,3,60,90,3,1,4220
11/06/2026 06:17:52,3,60,90,3,1,4220
11/06/2026 06:18:08,3,60,90,3,1,4220
11/06/2026 06:18:24,3,60,90,3,1,4180
11/06/2026 06:18:40,3,60,90,3,1,4180
11/06/2026 06:18:56,3,60,90,3,1,4180
11/06/2026 06:19:12,3,60,90,3,1,4200
11/06/2026 06:19:28,3,60,90,3,1,4200
11/06/2026 06:19:44,3,60,90,3,1,4200
11/06/2026 06:20:00,3,60,90,3,1,4200
11/06/2026 06:20:16,3,70,90,3,1,4200
11/06/2026 06:20:32,3,70,90,3,1,4200
11/06/2026 06:20:48,3,70,90,3,1,4210
11/06/2026 06:21:04,3,70,90,3,1,4210
11/06/2026 06:21:20,3,70,90,3,1,4210
11/06/2026 06:21:36,3,70,90,3,1,4220
11/06/2026 06:21:52,3,70,90,3,1,4220
11/06/2026 06:22:08,3,80,90,3,1,4210
11/06/2026 06:22:24,3,80,90,3,1,4210
11/06/2026 06:22:40,3,80,90,3,1,4210
11/06/2026 06:22:56,3,80,90,3,1,4210
11/06/2026 06:23:12,3,80,90,3,1,4200
11/06/2026 06:23:28,3,80,90,3,1,4200
11/06/2026 06:23:44,3,80,90,3,1,4200
11/06/2026 06:24:00,3,80,90,3,1,4190
11/06/2026 06:24:16,3,90,90,3,1,4190
11/06/2026 06:24:32,3,90,90,3,1,4200
11/06/2026 06:24:48,3,90,90,3,1,4200
11/06/2026 06:25:04,3,90,90,3,1,4190
11/06/2026 06:25:20,3,90,90,3,1,4190
11/06/2026 06:25:36,3,90,90,3,2,3340
11/06/2026 06:25:52,3,90,90,3,2,3340
11/06/2026 06:26:08,3,90,90,3,2,3340
11/06/2026 06:26:24,3,90,90,3,2,3340
11/06/2026 06:26:40,3,100,90,3,2,3340
11/06/2026 06:26:56,3,100,90,3,2,3340
11/06/2026 06:27:12,3,100,90,3,2,3340
11/06/2026 06:27:28,3,100,90,3,2,3320
11/06/2026 06:27:44,3,100,90,3,2,3320
11/06/2026 06:28:00,3,100,90,3,2,3290
11/06/2026 06:28:16,3,100,90,3,2,3290
11/06/2026 06:28:32,3,100,90,3,2,3290
11/06/2026 06:28:48,3,100,90,3,2,3270
11/06/2026 06:29:04,3,100,90,3,2,3270
11/06/2026 06:29:20,3,100,90,3,2,3250
11/06/2026 06:29:36,3,110,90,3,2,3250
11/06/2026 06:29:52,3,110,90,3,1,3210
11/06/2026 06:30:08,3,110,90,3,1,3210
11/06/2026 06:30:24,3,110,90,3,2,3180
11/06/2026 06:30:40,3,110,90,3,2,3180
11/06/2026 06:30:56,3,110,90,3,2,3180
11/06/2026 06:31:12,3,110,90,3,1,3150
11/06/2026 06:31:28,3,110,90,3,1,3150
11/06/2026 06:31:44,3,110,90,3,1,3140
11/06/2026 06:32:00,3,110,90,3,1,3140
11/06/2026 06:32:16,3,110,90,3,2,3140
11/06/2026 06:32:32,3,110,90,3,2,3140
11/06/2026 06:32:48,3,110,90,3,1,4210
11/06/2026 06:33:04,3,110,90,3,1,4210
11/06/2026 06:33:20,3,110,90,3,1,4210
11/06/2026 06:33:36,3,110,90,3,2,3330
11/06/2026 06:33:52,3,110,90,3,2,3330
11/06/2026 06:34:08,3,110,90,3,2,3350
11/06/2026 06:34:24,3,110,90,3,2,3350
11/06/2026 06:34:40,3,110,90,3,2,3360
11/06/2026 06:34:56,3,110,90,3,2,3360
11/06/2026 06:35:12,3,110,90,3,1,3370
11/06/2026 06:35:28,3,110,90,3,1,3370
11/06/2026 06:35:44,3,110,90,3,1,3370
11/06/2026 06:36:00,3,110,90,3,2,3090
11/06/2026 06:36:16,3,110,90,3,2,3090
11/06/2026 06:36:32,3,110,90,3,1,3070
11/06/2026 06:36:48,3,110,90,3,1,3070
11/06/2026 06:37:04,3,110,90,3,1,3080
11/06/2026 06:37:20,3,110,90,3,1,3080
11/06/2026 06:37:36,3,110,90,3,1,3080
11/06/2026 06:37:52,3,110,90,3,1,3080
11/06/2026 06:38:08,3,110,90,3,1,3080
11/06/2026 06:38:24,3,110,90,3,1,3080
11/06/2026 06:38:40,3,110,90,3,1,3080
11/06/2026 06:38:56,3,110,90,3,1,3080
11/06/2026 06:39:12,3,110,90,3,1,3080
11/06/2026 06:39:28,3,110,90,3,1,3070
11/06/2026 06:39:44,3,110,90,3,1,3070
11/06/2026 06:40:00,3,110,90,3,1,3070
11/06/2026 06:40:16,3,100,90,3,1,3070
11/06/2026 06:40:32,3,100,90,3,1,3070
11/06/2026 06:40:48,3,100,90,3,1,3070
11/06/2026 06:41:04,3,100,90,3,1,3070
11/06/2026 06:41:20,3,100,90,3,1,3070
11/06/2026 06:41:36,3,100,90,3,1,3070
11/06/2026 06:41:52,3,100,90,3,1,3070
11/06/2026 06:42:08,3,100,90,3,1,3070
11/06/2026 06:42:24,3,100,90,3,1,3070
11/06/2026 06:42:40,3,100,90,3,1,3070
11/06/2026 06:42:56,3,100,90,3,1,3070
11/06/2026 06:43:12,3,100,90,3,1,3070
11/06/2026 06:43:28,3,100,90,3,1,3070
11/06/2026 06:43:44,3,100,90,3,1,3070
11/06/2026 06:44:00,3,100,90,3,1,3070
11/06/2026 06:44:16,3,100,90,3,1,3060
11/06/2026 06:44:32,3,100,90,3,1,3060
11/06/2026 06:44:48,3,100,90,3,1,3060
11/06/2026 06:45:04,3,100,90,3,1,3060
11/06/2026 06:45:20,3,100,90,3,1,3060
11/06/2026 06:45:36,3,100,90,3,1,3070
11/06/2026 06:45:52,3,90,90,3,1,3070
11/06/2026 06:46:08,3,90,90,3,1,3080
11/06/2026 06:46:24,3,90,90,3,1,3080
11/06/2026 06:46:40,3,90,90,3,1,3080
11/06/2026 06:46:56,3,90,90,3,1,3080
11/06/2026 06:47:12,3,90,90,3,1,3080
11/06/2026 06:47:28,3,90,90,3,1,3080
11/06/2026 06:47:44,3,90,90,3,1,3080
11/06/2026 06:48:00,3,90,90,3,1,3080
11/06/2026 06:48:16,3,90,90,3,1,3080
11/06/2026 06:48:32,3,90,90,3,1,3080
11/06/2026 06:48:48,3,90,90,3,1,3080
11/06/2026 06:49:04,3,90,90,3,1,3090
11/06/2026 06:49:20,3,90,90,3,1,3090
11/06/2026 06:49:36,3,90,90,3,1,3110
11/06/2026 06:49:52,3,90,90,3,1,3110
11/06/2026 06:50:08,3,90,90,3,1,3110
11/06/2026 06:50:24,3,90,90,3,1,3110
11/06/2026 06:50:40,3,90,90,3,1,3110
11/06/2026 06:50:56,3,90,90,3,1,3130
11/06/2026 06:51:12,3,90,90,3,1,3130
11/06/2026 06:51:28,3,90,90,3,1,3130
11/06/2026 06:51:44,3,90,90,3,1,3130
11/06/2026 06:52:00,3,90,90,3,1,3130
11/06/2026 06:52:16,3,90,90,3,1,3130
11/06/2026 06:52:32,3,90,90,3,1,3130
11/06/2026 06:52:48,3,90,90,3,1,3140
11/06/2026 06:53:04,3,90,90,3,1,3140
11/06/2026 06:53:20,3,90,90,3,1,3150
11/06/2026 06:53:36,3,90,90,3,1,3150
11/06/2026 06:53:52,3,90,90,3,1,3160
11/06/2026 06:54:08,3,90,90,3,1,3160
11/06/2026 06:54:24,3,90,90,3,1,3150
11/06/2026 06:54:40,3,100,90,3,1,3150
11/06/2026 06:54:56,3,100,90,3,1,3150
11/06/2026 06:55:12,3,100,90,3,1,3150
11/06/2026 06:55:28,3,100,90,3,1,3150
11/06/2026 06:55:44,3,100,90,3,1,3150
11/06/2026 06:56:00,3,100,90,3,1,3150
11/06/2026 06:56:16,3,100,90,3,1,3170
11/06/2026 06:56:32,3,100,90,3,1,3170
11/06/2026 06:56:48,3,100,90,3,1,3170
11/06/2026 06:57:04,3,100,90,3,1,3170
11/06/2026 06:57:20,3,100,90,3,1,3170
11/06/2026 06:57:36,3,100,90,3,1,3170
11/06/2026 06:57:52,3,100,90,3,1,3170
11/06/2026 06:58:08,3,100,90,3,1,3170
11/06/2026 06:58:24,3,100,90,3,1,3170
11/06/2026 06:58:40,3,100,90,3,1,3170
11/06/2026 06:58:56,3,100,90,3,1,3170
11/06/2026 06:59:12,3,100,90,3,1,3220
11/06/2026 06:59:28,3,100,90,3,1,3220
11/06/2026 06:59:44,3,100,90,3,1,3220
11/06/2026 07:00:00,3,100,90,3,1,3210
11/06/2026 07:00:16,3,100,90,3,1,3210
11/06/2026 07:00:32,3,100,90,3,1,3220
11/06/2026 07:00:48,3,100,90,3,1,3220
11/06/2026 07:01:04,3,100,90,3,1,3210
11/06/2026 07:01:20,3,100,90,3,1,3210
11/06/2026 07:01:36,3,100,90,3,1,3200
11/06/2026 07:01:52,3,100,90,3,1,3200
11/06/2026 07:02:08,3,100,90,3,1,3200
11/06/2026 07:02:24,3,100,90,3,1,3190
11/06/2026 07:02:40,3,100,90,3,1,3190
11/06/2026 07:02:56,3,100,90,3,1,3190
11/06/2026 07:03:12,3,100,90,3,1,3190
11/06/2026 07:03:28,3,100,90,3,1,3200
11/06/2026 07:03:44,3,100,90,3,1,3200
11/06/2026 07:04:00,3,100,90,3,1,3190
11/06/2026 07:04:16,3,100,90,3,1,3190
11/06/2026 07:04:32,3,100,90,3,1,3190
11/06/2026 07:04:48,3,100,90,3,1,3190
11/06/2026 07:05:04,3,100,90,3,1,3190
11/06/2026 07:05:20,3,100,90,3,1,3180
11/06/2026 07:05:36,3,100,90,3,1,3180
11/06/2026 07:05:52,3,100,90,3,1,3170
11/06/2026 07:06:08,3,100,90,3,1,3170
11/06/2026 07:06:24,3,100,90,3,1,3160
11/06/2026 07:06:40,3,100,90,3,1,3160
11/06/2026 07:06:56,3,100,90,3,1,3160
11/06/2026 07:07:12,3,100,90,3,1,3150
11/06/2026 07:07:28,3,100,90,3,1,3150
11/06/2026 07:07:44,3,100,90,3,1,3180
11/06/2026 07:08:00,3,100,90,3,1,3180
11/06/2026 07:08:16,3,100,90,3,2,3140
11/06/2026 07:08:32,3,100,90,3,2,3140
11/06/2026 07:08:48,3,100,90,3,2,3130
11/06/2026 07:09:04,3,100,90,3,2,3130
11/06/2026 07:09:20,3,100,90,3,2,3130
11/06/2026 07:09:36,3,100,90,3,2,3120
11/06/2026 07:09:52,3,100,90,3,2,3120
11/06/2026 07:10:08,3,100,90,3,1,4600
11/06/2026 07:10:24,3,100,90,3,1,4600
11/06/2026 07:10:40,3,100,90,3,1,4590
11/06/2026 07:10:56,3,100,90,3,1,4590
11/06/2026 07:11:12,3,100,90,3,1,4590
11/06/2026 07:11:28,3,100,90,3,1,4590
11/06/2026 07:11:44,3,100,90,3,1,4590
11/06/2026 07:12:00,3,100,90,3,1,4600
11/06/2026 07:12:16,3,100,90,3,1,4600
11/06/2026 07:12:32,3,100,90,3,1,4620
11/06/2026 07:12:48,3,100,90,3,1,4620
11/06/2026 07:13:04,3,100,90,3,1,4590
11/06/2026 07:13:20,3,100,90,3,1,4590
11/06/2026 07:13:36,3,100,90,3,1,4600
11/06/2026 07:13:52,3,90,90,3,1,4600
11/06/2026 07:14:08,3,90,90,3,1,4600
11/06/2026 07:14:24,3,90,90,3,1,4580
11/06/2026 07:14:40,3,90,90,3,1,4580
11/06/2026 07:14:56,3,90,90,3,1,4570
11/06/2026 07:15:12,3,90,90,3,1,4570
11/06/2026 07:15:28,3,90,90,3,1,4600
11/06/2026 07:15:44,3,90,90,3,1,4600
11/06/2026 07:16:00,3,90,90,3,1,4590
11/06/2026 07:16:16,3,90,90,3,1,4590
11/06/2026 07:16:32,3,90,90,3,1,4590
11/06/2026 07:16:48,3,100,90,3,1,4600
11/06/2026 07:17:04,3,100,90,3,1,4600
11/06/2026 07:17:20,3,100,90,3,1,4610
11/06/2026 07:17:36,3,100,90,3,1,4610
11/06/2026 07:17:52,3,100,90,3,1,4590
11/06/2026 07:18:08,3,100,90,3,1,4590
11/06/2026 07:18:24,3,100,90,3,1,4590
11/06/2026 07:18:40,3,100,90,3,1,4590
11/06/2026 07:18:56,3,100,90,3,1,4590
11/06/2026 07:19:12,3,100,90,3,1,4610
11/06/2026 07:19:28,3,100,90,3,1,4610
11/06/2026 07:19:44,3,100,90,3,1,4600
11/06/2026 07:20:00,3,100,90,3,1,4600
11/06/2026 07:20:16,3,100,90,3,1,4590
11/06/2026 07:20:32,3,100,90,3,1,4590
11/06/2026 07:20:48,3,100,90,3,1,4580
11/06/2026 07:21:04,3,100,90,3,1,4580
11/06/2026 07:21:20,3,100,90,3,1,4580
11/06/2026 07:21:36,3,100,90,3,1,4590
11/06/2026 07:21:52,3,100,90,3,1,4590
11/06/2026 07:22:08,3,100,90,3,1,4640
11/06/2026 07:22:24,3,100,90,3,1,4640
11/06/2026 07:22:40,3,100,90,3,1,4630
11/06/2026 07:22:56,3,100,90,3,1,4630
11/06/2026 07:23:12,3,100,90,3,1,4610
11/06/2026 07:23:28,3,100,90,3,1,4610
11/06/2026 07:23:44,3,100,90,3,1,4610
11/06/2026 07:24:00,3,100,90,3,1,4610
11/06/2026 07:24:16,3,110,90,3,1,4610
11/06/2026 07:24:32,3,110,90,3,1,4630
11/06/2026 07:24:48,3,110,90,3,1,4630
11/06/2026 07:25:04,3,110,90,3,1,4630
11/06/2026 07:25:20,3,110,90,3,1,4630
11/06/2026 07:25:36,3,110,90,3,1,4610
11/06/2026 07:25:52,3,110,90,3,1,4610
11/06/2026 07:26:08,3,110,90,3,1,4610
11/06/2026 07:26:24,3,110,90,3,1,4610
11/06/2026 07:26:40,3,110,90,3,1,4610
11/06/2026 07:26:56,3,110,90,3,1,4630
11/06/2026 07:27:12,3,110,90,3,1,4630
11/06/2026 07:27:28,3,110,90,3,1,4660
11/06/2026 07:27:44,3,110,90,3,1,4660
11/06/2026 07:28:00,3,110,90,3,1,4660
11/06/2026 07:28:16,3,110,90,3,1,4660
11/06/2026 07:28:32,3,110,90,3,1,4660
11/06/2026 07:28:48,3,110,90,3,1,4660
11/06/2026 07:29:04,3,110,90,3,1,4660
11/06/2026 07:29:20,3,110,90,3,1,4650
11/06/2026 07:29:36,3,110,90,3,1,4650
11/06/2026 07:29:52,3,110,90,3,1,4650
11/06/2026 07:30:08,3,110,90,3,1,4650
11/06/2026 07:30:24,3,110,90,3,1,4670
11/06/2026 07:30:40,3,100,90,3,1,4670
11/06/2026 07:30:56,3,100,90,3,1,4670
11/06/2026 07:31:12,3,100,90,3,2,3110
11/06/2026 07:31:28,3,100,90,3,2,3110
11/06/2026 07:31:44,3,100,90,3,2,3110
11/06/2026 07:32:00,3,100,90,3,2,3110
11/06/2026 07:32:16,3,100,90,3,2,3110
11/06/2026 07:32:32,3,100,90,3,2,3110
11/06/2026 07:32:48,3,100,90,3,2,3110
11/06/2026 07:33:04,3,100,90,3,2,3110
11/06/2026 07:33:20,3,100,90,3,2,3110
11/06/2026 07:33:36,3,90,90,3,2,3110
11/06/2026 07:33:52,3,90,90,3,2,3110
11/06/2026 07:34:08,3,90,90,3,2,3110
11/06/2026 07:34:24,3,90,90,3,2,3110
11/06/2026 07:34:40,3,90,90,3,2,3110
11/06/2026 07:34:56,3,90,90,3,2,3110
11/06/2026 07:35:12,3,90,90,3,2,3100
11/06/2026 07:35:28,3,90,90,3,2,3100
11/06/2026 07:35:44,3,90,90,3,2,3100
11/06/2026 07:36:00,3,90,90,3,2,3090
11/06/2026 07:36:16,3,90,90,3,2,3090
11/06/2026 07:36:32,3,90,90,3,2,3090
11/06/2026 07:36:48,3,90,90,3,2,3090
11/06/2026 07:37:04,3,80,90,3,1,4640
11/06/2026 07:37:20,3,80,90,3,1,4640
11/06/2026 07:37:36,3,80,90,3,1,4650
11/06/2026 07:37:52,3,80,90,3,1,4650
11/06/2026 07:38:08,3,80,90,3,1,4650
11/06/2026 07:38:24,3,80,90,3,1,4650
11/06/2026 07:38:40,3,80,90,3,1,4650
11/06/2026 07:38:56,3,80,90,3,1,4620
11/06/2026 07:39:12,3,80,90,3,1,4620
11/06/2026 07:39:28,3,80,90,3,1,4590
11/06/2026 07:39:44,3,80,90,3,1,4590
11/06/2026 07:40:00,3,70,90,3,1,4630
11/06/2026 07:40:16,3,70,90,3,1,4630
11/06/2026 07:40:32,3,70,90,3,1,4630
11/06/2026 07:40:48,3,70,90,3,1,4600
11/06/2026 07:41:04,3,70,90,3,1,4600
11/06/2026 07:41:20,3,70,90,3,1,4610
11/06/2026 07:41:36,3,70,90,3,1,4610
11/06/2026 07:41:52,3,70,90,3,2,3110
11/06/2026 07:42:08,3,70,90,3,2,3110
11/06/2026 07:42:24,3,70,90,3,2,3110
11/06/2026 07:42:40,3,60,90,3,2,3110
11/06/2026 07:42:56,3,60,90,3,2,3110
11/06/2026 07:43:12,3,60,90,3,1,3100
11/06/2026 07:43:28,3,60,90,3,1,3100
11/06/2026 07:43:44,3,60,90,3,1,3080
11/06/2026 07:44:00,3,60,90,3,1,3080
11/06/2026 07:44:16,3,60,90,3,1,3080
11/06/2026 07:44:32,3,60,90,3,1,3080
11/06/2026 07:44:48,3,60,90,3,1,3060
11/06/2026 07:45:04,3,60,90,3,1,3060
11/06/2026 07:45:20,3,50,90,3,1,3060
11/06/2026 07:45:36,3,50,90,3,2,3050
11/06/2026 07:45:52,3,50,90,3,2,3050
11/06/2026 07:46:08,3,50,90,3,1,3050
11/06/2026 07:46:24,3,50,90,3,1,3050
11/06/2026 07:46:40,3,50,90,3,1,3050
11/06/2026 07:46:56,3,50,90,3,1,3050
11/06/2026 07:47:12,3,50,90,3,1,3060
11/06/2026 07:47:28,3,60,90,3,1,3060
11/06/2026 07:47:44,3,60,90,3,1,3060
11/06/2026 07:48:00,3,60,90,3,1,3060
11/06/2026 07:48:16,3,60,90,3,1,3060
11/06/2026 07:48:32,3,60,90,3,1,3060
11/06/2026 07:48:48,3,60,90,3,1,3060
11/06/2026 07:49:04,3,60,90,3,1,3060
11/06/2026 07:49:20,3,60,90,3,1,3060
11/06/2026 07:49:36,3,70,90,3,1,3070
11/06/2026 07:49:52,3,70,90,3,1,3070
11/06/2026 07:50:08,3,70,90,3,1,3070
11/06/2026 07:50:24,3,70,90,3,1,3060
11/06/2026 07:50:40,3,70,90,3,1,3060
11/06/2026 07:50:56,3,70,90,3,1,3070
11/06/2026 07:51:12,3,70,90,3,1,3070
11/06/2026 07:51:28,3,70,90,3,1,3070
11/06/2026 07:51:44,3,70,90,3,1,3070
11/06/2026 07:52:00,3,70,90,3,1,3060
11/06/2026 07:52:16,3,70,90,3,1,3060
11/06/2026 07:52:32,3,70,90,3,1,3060
11/06/2026 07:52:48,3,3270,90,3,1,3060
11/06/2026 07:53:04,3,3270,90,3,1,3060
11/06/2026 07:53:20,3,3270,90,3,1,3070
11/06/2026 07:53:36,3,3270,90,3,1,3070
11/06/2026 07:53:52,3,3270,90,3,1,3080
11/06/2026 07:54:08,3,3270,90,3,1,3080
11/06/2026 07:54:24,3,3270,90,3,2,3080
11/06/2026 07:54:40,3,3270,90,3,2,3080
11/06/2026 07:54:56,3,3270,90,3,2,3080
11/06/2026 07:55:12,3,3270,90,3,2,3070
11/06/2026 07:55:28,3,3270,90,3,2,3070
11/06/2026 07:55:44,3,3270,90,3,2,3070
11/06/2026 07:56:00,3,3270,90,3,2,3070
11/06/2026 07:56:16,3,3270,90,3,2,3070
11/06/2026 07:56:32,3,3270,90,3,2,3070
11/06/2026 07:56:48,3,190,90,3,1,4600
11/06/2026 07:57:04,3,190,90,3,1,4600
11/06/2026 07:57:20,3,190,90,3,1,4600
11/06/2026 07:57:36,3,3260,90,3,2,3070
11/06/2026 07:57:52,3,3260,90,3,2,3070
11/06/2026 07:58:08,3,3260,90,3,1,3070
11/06/2026 07:58:24,3,3260,90,3,1,3070
11/06/2026 07:58:40,3,3260,90,3,1,3080
11/06/2026 07:58:56,3,3260,90,3,1,3080
11/06/2026 07:59:12,3,3260,90,3,1,3070
11/06/2026 07:59:28,3,3260,90,3,1,3070
11/06/2026 07:59:44,3,3260,90,3,1,3070
11/06/2026 08:00:00,3,3260,100,3,1,3070
11/06/2026 08:00:16,3,3260,100,3,1,3070
11/06/2026 08:00:32,3,3260,100,3,1,3070
11/06/2026 08:00:48,3,3260,100,3,1,3070
11/06/2026 08:01:04,3,3260,100,3,1,3080
11/06/2026 08:01:20,3,3260,100,3,1,3080
11/06/2026 08:01:36,3,3260,100,3,1,3080
11/06/2026 08:01:52,3,3260,100,3,1,3080
11/06/2026 08:02:08,3,3260,100,3,1,3080
11/06/2026 08:02:24,3,3260,100,3,1,3100
11/06/2026 08:02:40,3,3260,100,3,1,3100
11/06/2026 08:02:56,3,3260,100,3,1,3100
11/06/2026 08:03:12,3,3260,100,3,1,3100
11/06/2026 08:03:28,3,3260,100,3,1,3110
11/06/2026 08:03:44,3,3260,100,3,1,3110
11/06/2026 08:04:00,3,3260,100,3,1,3110
11/06/2026 08:04:16,3,110,100,3,1,3110
11/06/2026 08:04:32,3,110,100,3,1,3110
11/06/2026 08:04:48,3,110,100,3,1,3110
11/06/2026 08:05:04,3,110,100,3,1,3110
11/06/2026 08:05:20,3,110,100,3,1,3110
11/06/2026 08:05:36,3,110,100,3,1,3110
11/06/2026 08:05:52,3,110,100,3,1,3110
11/06/2026 08:06:08,3,110,100,3,1,3110
11/06/2026 08:06:24,3,110,100,3,1,3110
11/06/2026 08:06:40,3,110,100,3,1,3110
11/06/2026 08:06:56,3,110,100,3,1,3110
11/06/2026 08:07:12,3,110,100,3,1,3120
11/06/2026 08:07:28,3,110,100,3,1,3120
11/06/2026 08:07:44,3,110,100,3,1,3120
11/06/2026 08:08:00,3,110,100,3,1,3120
11/06/2026 08:08:16,3,110,100,3,1,3110
11/06/2026 08:08:32,3,100,100,3,1,3110
11/06/2026 08:08:48,3,100,100,3,1,3110
11/06/2026 08:09:04,3,100,100,3,1,3110
11/06/2026 08:09:20,3,100,100,3,1,3110
11/06/2026 08:09:36,3,100,100,3,1,3110
11/06/2026 08:09:52,3,100,100,3,1,3110
11/06/2026 08:10:08,3,100,100,3,1,3120
11/06/2026 08:10:24,3,100,100,3,1,3120
11/06/2026 08:10:40,3,100,100,3,1,3110
11/06/2026 08:10:56,3,100,100,3,1,3110
11/06/2026 08:11:12,3,100,100,3,1,3110
11/06/2026 08:11:28,3,100,100,3,1,3110
11/06/2026 08:11:44,3,90,100,3,1,3110
11/06/2026 08:12:00,3,90,100,3,1,3110
11/06/2026 08:12:16,3,90,100,3,1,3110
11/06/2026 08:12:32,3,90,100,3,1,3110
11/06/2026 08:12:48,3,90,100,3,1,3110
11/06/2026 08:13:04,3,90,100,3,1,3110
11/06/2026 08:13:20,3,3250,100,3,1,3110
11/06/2026 08:13:36,3,3250,100,3,1,3120
11/06/2026 08:13:52,3,3250,100,3,1,3120
11/06/2026 08:14:08,3,3220,100,3,1,3120
11/06/2026 08:14:24,3,3220,100,3,1,3110
11/06/2026 08:14:40,3,3250,100,3,1,3110
11/06/2026 08:14:56,3,3250,100,3,1,3100
11/06/2026 08:15:12,3,3240,100,3,1,3100
11/06/2026 08:15:28,3,3240,100,3,1,3110
11/06/2026 08:15:44,3,3210,100,3,1,3110
11/06/2026 08:16:00,3,3210,100,3,1,3100
11/06/2026 08:16:16,3,3210,100,3,1,3100
11/06/2026 08:16:32,3,3210,100,3,1,3100
11/06/2026 08:16:48,3,3210,100,3,1,3100
11/06/2026 08:17:04,3,3210,100,3,1,3100
11/06/2026 08:17:20,3,3210,100,3,1,3090
11/06/2026 08:17:36,3,3210,100,3,1,3090
11/06/2026 08:17:52,3,3210,100,3,1,3080
11/06/2026 08:18:08,3,3210,100,3,1,3080
11/06/2026 08:18:24,3,3210,100,3,1,3080
11/06/2026 08:18:40,3,3210,100,3,1,3080
11/06/2026 08:18:56,3,3210,100,3,1,3080
11/06/2026 08:19:12,3,3210,100,3,1,3080
11/06/2026 08:19:28,3,-999,100,3,1,3080
11/06/2026 08:19:44,3,-999,100,3,1,3080
11/06/2026 08:20:00,3,-999,100,3,1,3080
11/06/2026 08:20:16,3,-999,100,3,1,3090
11/06/2026 08:20:32,3,-999,100,3,1,3090
11/06/2026 08:20:48,3,-999,100,3,1,3080
11/06/2026 08:21:04,3,-999,100,3,1,3080
11/06/2026 08:21:20,3,-999,100,3,1,3080
11/06/2026 08:21:36,3,-999,100,3,1,3080
11/06/2026 08:21:52,3,-999,100,3,1,3080
11/06/2026 08:22:08,3,3250,100,3,1,3080
11/06/2026 08:22:24,3,3250,100,3,1,3080
11/06/2026 08:22:40,3,3230,100,3,1,3070
11/06/2026 08:22:56,3,3230,100,3,1,3070
11/06/2026 08:23:12,3,3240,100,3,1,3060
11/06/2026 08:23:28,3,3240,100,3,1,3060
11/06/2026 08:23:44,3,3240,100,3,1,3060
11/06/2026 08:24:00,3,3240,100,3,1,3060
11/06/2026 08:24:16,3,3240,100,3,1,3060
11/06/2026 08:24:32,3,3240,100,3,1,3070
11/06/2026 08:24:48,3,3240,100,3,1,3070
11/06/2026 08:25:04,3,3240,100,3,1,3080
11/06/2026 08:25:20,3,3240,100,3,1,3080
11/06/2026 08:25:36,3,3240,100,3,1,3080
11/06/2026 08:25:52,3,3230,100,3,1,3080
11/06/2026 08:26:08,3,3230,100,3,1,3080
11/06/2026 08:26:24,3,3230,100,3,1,3080
11/06/2026 08:26:40,3,3230,100,3,1,3080
11/06/2026 08:26:56,3,630,100,3,1,4490
11/06/2026 08:27:12,3,620,100,3,1,4490
11/06/2026 08:27:28,3,620,100,3,1,4520
11/06/2026 08:27:44,3,620,100,3,1,4520
11/06/2026 08:28:00,3,620,100,3,1,4510
11/06/2026 08:28:16,3,620,100,3,1,4510
11/06/2026 08:28:32,3,620,100,3,1,4510
11/06/2026 08:28:48,3,610,100,3,1,4500
11/06/2026 08:29:04,3,610,100,3,1,4500
11/06/2026 08:29:20,3,610,100,3,1,4490
11/06/2026 08:29:36,3,610,100,3,1,4490
11/06/2026 08:29:52,3,610,100,3,0,-999
11/06/2026 08:30:08,3,630,100,3,0,-999
11/06/2026 08:30:24,3,620,100,3,1,4430
11/06/2026 08:30:40,3,620,100,3,1,4430
11/06/2026 08:30:56,3,620,100,3,1,4430
11/06/2026 08:31:12,3,620,100,3,1,4440
11/06/2026 08:31:28,3,610,100,3,1,4440
11/06/2026 08:31:44,3,610,100,3,1,4500
11/06/2026 08:32:00,3,610,100,3,1,4500
11/06/2026 08:32:16,3,610,100,3,1,4570
11/06/2026 08:32:32,3,610,100,3,1,4570
11/06/2026 08:32:48,3,610,100,3,0,-999
11/06/2026 08:33:04,3,600,100,3,0,-999
11/06/2026 08:33:20,3,600,100,3,0,-999
11/06/2026 08:33:36,3,670,100,3,0,-999
11/06/2026 08:33:52,3,600,100,3,0,-999
11/06/2026 08:34:08,3,600,100,3,0,-999
11/06/2026 08:34:24,3,600,100,3,0,-999
11/06/2026 08:34:40,3,600,100,3,0,-999
11/06/2026 08:34:56,3,600,100,3,0,-999
11/06/2026 08:35:12,3,600,100,3,0,-999
11/06/2026 08:35:28,3,600,100,3,0,-999
11/06/2026 08:35:44,3,600,100,3,0,-999
11/06/2026 08:36:00,3,600,100,3,0,-999
11/06/2026 08:36:16,3,600,100,3,0,-999
11/06/2026 08:36:32,3,600,100,3,0,-999
11/06/2026 08:36:48,3,590,100,3,0,-999
11/06/2026 08:37:04,3,590,100,3,0,-999
11/06/2026 08:37:20,3,600,100,3,0,-999
11/06/2026 08:37:36,3,600,100,3,0,-999
11/06/2026 08:37:52,3,600,100,3,0,-999
11/06/2026 08:38:08,3,600,100,3,0,-999
11/06/2026 08:38:24,3,600,100,3,0,-999
11/06/2026 08:38:40,3,600,100,3,0,-999
11/06/2026 08:38:56,3,600,100,3,0,-999
11/06/2026 08:39:12,3,600,100,3,0,-999
11/06/2026 08:39:28,3,600,100,3,0,-999
11/06/2026 08:39:44,3,600,100,3,0,-999
11/06/2026 08:40:00,3,600,100,3,0,-999
11/06/2026 08:40:16,3,610,100,3,0,-999
11/06/2026 08:40:32,3,610,100,3,0,-999
11/06/2026 08:40:48,3,610,100,3,0,-999
11/06/2026 08:41:04,3,610,100,3,0,-999
11/06/2026 08:41:20,3,610,100,3,0,-999
11/06/2026 08:41:36,3,610,100,3,0,-999
11/06/2026 08:41:52,3,610,100,3,0,-999
11/06/2026 08:42:08,3,610,100,3,0,-999
11/06/2026 08:42:24,3,620,100,3,0,-999
11/06/2026 08:42:40,3,620,100,3,0,-999
11/06/2026 08:42:56,3,620,100,3,0,-999
11/06/2026 08:43:12,3,620,100,3,0,-999
11/06/2026 08:43:28,3,620,100,3,0,-999
11/06/2026 08:43:44,3,620,100,3,0,-999
11/06/2026 08:44:00,3,620,100,3,0,-999
11/06/2026 08:44:16,3,620,100,3,0,-999
11/06/2026 08:44:32,3,620,100,3,0,-999
11/06/2026 08:44:48,3,620,100,3,0,-999
11/06/2026 08:45:04,3,620,100,3,0,-999
11/06/2026 08:45:20,3,620,100,3,0,-999
11/06/2026 08:45:36,3,630,100,3,0,-999
11/06/2026 08:45:52,3,630,100,3,0,-999
11/06/2026 08:46:08,3,630,100,3,0,-999
11/06/2026 08:46:24,3,630,100,3,0,-999
11/06/2026 08:46:40,3,640,100,3,0,-999
11/06/2026 08:46:56,3,640,100,3,0,-999
11/06/2026 08:47:12,3,650,100,3,0,-999
11/06/2026 08:47:28,3,660,100,3,0,-999
11/06/2026 08:47:44,3,660,100,3,0,-999
11/06/2026 08:48:00,3,660,100,3,0,-999
11/06/2026 08:48:16,3,670,100,3,0,-999
11/06/2026 08:48:32,3,670,100,3,0,-999
11/06/2026 08:48:48,3,670,100,3,0,-999
11/06/2026 08:49:04,3,660,100,3,0,-999
11/06/2026 08:49:20,3,650,100,3,0,-999
11/06/2026 08:49:36,3,650,100,3,0,-999
11/06/2026 08:49:52,3,650,100,3,0,-999
11/06/2026 08:50:08,3,640,100,3,0,-999
11/06/2026 08:50:24,3,640,100,3,0,-999
11/06/2026 08:50:40,3,640,100,3,0,-999
11/06/2026 08:50:56,3,630,100,3,0,-999
11/06/2026 08:51:12,3,630,100,3,0,-999
11/06/2026 08:51:28,3,630,100,3,0,-999
11/06/2026 08:51:44,3,630,100,3,0,-999
11/06/2026 08:52:00,3,630,100,3,0,-999
11/06/2026 08:52:16,3,630,100,3,0,-999
11/06/2026 08:52:32,3,620,100,3,0,-999
11/06/2026 08:52:48,3,620,100,3,0,-999
11/06/2026 08:53:04,3,620,100,3,0,-999
11/06/2026 08:53:20,3,630,100,3,0,-999
11/06/2026 08:53:36,3,630,100,3,0,-999
11/06/2026 08:53:52,3,630,100,3,0,-999
11/06/2026 08:54:08,3,620,100,3,0,-999
11/06/2026 08:54:24,3,610,100,3,0,-999
11/06/2026 08:54:40,3,610,100,3,0,-999
11/06/2026 08:54:56,3,610,100,3,0,-999
11/06/2026 08:55:12,3,620,100,3,0,-999
11/06/2026 08:55:28,3,620,100,3,0,-999
11/06/2026 08:55:44,3,610,100,3,0,-999
11/06/2026 08:56:00,3,620,100,3,0,-999
11/06/2026 08:56:16,3,620,100,3,0,-999
11/06/2026 08:56:32,3,630,100,3,0,-999
11/06/2026 08:56:48,3,640,100,3,0,-999
11/06/2026 08:57:04,3,640,100,3,0,-999
11/06/2026 08:57:20,3,630,100,3,0,-999
11/06/2026 08:57:36,3,640,100,3,0,-999
11/06/2026 08:57:52,3,650,100,3,0,-999
11/06/2026 08:58:08,3,640,100,3,0,-999
11/06/2026 08:58:24,3,640,100,3,0,-999
11/06/2026 08:58:40,3,640,100,3,0,-999
11/06/2026 08:58:56,3,650,100,3,0,-999
11/06/2026 08:59:12,3,630,100,3,0,-999
11/06/2026 08:59:28,3,610,100,3,0,-999
11/06/2026 08:59:44,3,590,100,3,0,-999
11/06/2026 09:00:00,2,600,620,3,0,-999
11/06/2026 09:00:16,2,610,620,3,0,-999
11/06/2026 09:00:32,2,600,620,3,0,-999
11/06/2026 09:00:48,2,580,620,3,0,-999
11/06/2026 09:01:04,2,590,620,3,0,-999
11/06/2026 09:01:20,2,580,620,3,0,-999
11/06/2026 09:01:36,2,580,620,3,0,-999
11/06/2026 09:01:52,2,590,620,3,0,-999
11/06/2026 09:02:08,2,1120,620,3,0,-999
11/06/2026 09:02:24,2,1120,620,3,0,-999
11/06/2026 09:02:40,2,1120,620,3,0,-999
11/06/2026 09:02:56,2,1110,620,3,0,-999
11/06/2026 09:03:12,2,1100,620,3,0,-999
11/06/2026 09:03:28,2,1090,620,3,0,-999
11/06/2026 09:03:44,2,1080,620,3,0,-999
11/06/2026 09:04:00,2,1070,620,3,0,-999
11/06/2026 09:04:16,2,1060,620,3,0,-999
11/06/2026 09:04:32,2,1060,620,3,0,-999
11/06/2026 09:04:48,2,1060,620,3,0,-999
11/06/2026 09:05:04,2,1060,620,3,0,-999
11/06/2026 09:05:20,2,1050,620,3,0,-999
11/06/2026 09:05:36,2,1050,620,3,0,-999
11/06/2026 09:05:52,2,1040,620,3,0,-999
11/06/2026 09:06:08,2,1040,620,3,0,-999
11/06/2026 09:06:24,2,1030,620,3,0,-999
11/06/2026 09:06:40,2,1030,620,3,0,-999
11/06/2026 09:06:56,2,1020,620,3,0,-999
11/06/2026 09:07:12,2,1010,620,3,0,-999
11/06/2026 09:07:28,2,1000,620,3,0,-999
11/06/2026 09:07:44,2,1000,620,3,0,-999
11/06/2026 09:08:00,2,1000,620,3,0,-999
11/06/2026 09:08:16,2,1000,620,3,0,-999
11/06/2026 09:08:32,2,1000,620,3,0,-999
11/06/2026 09:08:48,2,1010,620,3,0,-999
11/06/2026 09:09:04,2,1010,620,3,0,-999
11/06/2026 09:09:20,2,1010,620,3,0,-999
11/06/2026 09:09:36,2,1010,620,3,0,-999
11/06/2026 09:09:52,2,1010,620,3,0,-999
11/06/2026 09:10:08,2,1000,620,3,0,-999
11/06/2026 09:10:24,2,1000,620,3,0,-999
11/06/2026 09:10:40,2,1000,620,3,0,-999
11/06/2026 09:10:56,2,1000,620,3,0,-999
11/06/2026 09:11:12,2,1000,620,3,0,-999
11/06/2026 09:11:28,2,990,620,3,0,-999
11/06/2026 09:11:44,2,980,620,3,0,-999
11/06/2026 09:12:00,2,980,620,3,0,-999
11/06/2026 09:12:16,2,980,620,3,0,-999
11/06/2026 09:12:32,2,980,620,3,0,-999
11/06/2026 09:12:48,2,980,620,3,0,-999
11/06/2026 09:13:04,2,980,620,3,0,-999
11/06/2026 09:13:20,2,970,620,3,0,-999
11/06/2026 09:13:36,2,960,620,3,1,4490
11/06/2026 09:13:52,2,960,620,3,1,4490
11/06/2026 09:14:08,2,960,620,3,1,4490
11/06/2026 09:14:24,2,950,620,3,1,4500
11/06/2026 09:14:40,2,940,620,3,1,4500
11/06/2026 09:14:56,2,930,620,3,1,4530
11/06/2026 09:15:12,2,930,620,3,1,4530
11/06/2026 09:15:28,2,930,620,3,0,-999
11/06/2026 09:15:44,2,940,620,3,0,-999
11/06/2026 09:16:00,2,930,620,3,0,-999
11/06/2026 09:16:16,2,930,620,3,0,-999
11/06/2026 09:16:32,2,920,620,3,0,-999
11/06/2026 09:16:48,2,930,620,3,0,-999
11/06/2026 09:17:04,2,930,620,3,0,-999
11/06/2026 09:17:20,2,930,620,3,0,-999
11/06/2026 09:17:36,2,940,620,3,0,-999
11/06/2026 09:17:52,2,940,620,3,0,-999
11/06/2026 09:18:08,2,950,620,3,0,-999
11/06/2026 09:18:24,2,950,620,3,0,-999
11/06/2026 09:18:40,2,950,620,3,0,-999
11/06/2026 09:18:56,2,940,620,3,0,-999
11/06/2026 09:19:12,2,960,620,3,0,-999
11/06/2026 09:19:28,2,970,620,3,0,-999
11/06/2026 09:19:44,2,970,620,3,0,-999
11/06/2026 09:20:00,2,970,620,3,0,-999
11/06/2026 09:20:16,2,970,620,3,0,-999
11/06/2026 09:20:32,2,970,620,3,0,-999
11/06/2026 09:20:48,2,970,620,3,0,-999
11/06/2026 09:21:04,2,970,620,3,0,-999
11/06/2026 09:21:20,2,960,620,3,0,-999
11/06/2026 09:21:36,2,970,620,3,0,-999
11/06/2026 09:21:52,2,970,620,3,0,-999
11/06/2026 09:22:08,2,970,620,3,0,-999
11/06/2026 09:22:24,2,970,620,3,0,-999
11/06/2026 09:22:40,2,960,620,3,0,-999
11/06/2026 09:22:56,2,950,620,3,0,-999
11/06/2026 09:23:12,2,950,620,3,0,-999
11/06/2026 09:23:28,2,940,620,3,0,-999
11/06/2026 09:23:44,2,940,620,3,0,-999
11/06/2026 09:24:00,2,940,620,3,0,-999
11/06/2026 09:24:16,2,950,620,3,0,-999
11/06/2026 09:24:32,2,950,620,3,0,-999
11/06/2026 09:24:48,2,950,620,3,0,-999
11/06/2026 09:25:04,2,950,620,3,0,-999
11/06/2026 09:25:20,2,960,620,3,0,-999
11/06/2026 09:25:36,2,960,620,3,0,-999
11/06/2026 09:25:52,2,970,620,3,0,-999
11/06/2026 09:26:08,2,970,620,3,0,-999
11/06/2026 09:26:24,2,970,620,3,0,-999
11/06/2026 09:26:40,2,960,620,3,0,-999
11/06/2026 09:26:56,2,960,620,3,0,-999
11/06/2026 09:27:12,2,960,620,3,0,-999
11/06/2026 09:27:28,2,960,620,3,0,-999
11/06/2026 09:27:44,2,960,620,3,0,-999
11/06/2026 09:28:00,2,970,620,3,0,-999
11/06/2026 09:28:16,2,970,620,3,0,-999
11/06/2026 09:28:32,2,980,620,3,0,-999
11/06/2026 09:28:48,2,980,620,3,0,-999
11/06/2026 09:29:04,2,980,620,3,0,-999
11/06/2026 09:29:20,2,970,620,3,0,-999
11/06/2026 09:29:36,2,970,620,3,0,-999
11/06/2026 09:29:52,2,980,620,3,0,-999
11/06/2026 09:30:08,2,990,620,3,0,-999
11/06/2026 09:30:24,2,1000,620,3,0,-999
11/06/2026 09:30:40,2,1000,620,3,0,-999
11/06/2026 09:30:56,2,1000,620,3,0,-999
11/06/2026 09:31:12,2,1000,620,3,0,-999
11/06/2026 09:31:28,2,1000,620,3,0,-999
11/06/2026 09:31:44,2,1000,620,3,0,-999
11/06/2026 09:32:00,2,1000,620,3,0,-999
11/06/2026 09:32:16,2,1010,620,3,0,-999
11/06/2026 09:32:32,2,1010,620,3,0,-999
11/06/2026 09:32:48,2,1010,620,3,0,-999
11/06/2026 09:33:04,2,1000,620,3,0,-999
11/06/2026 09:33:20,2,990,620,3,0,-999
11/06/2026 09:33:36,2,980,620,3,0,-999
11/06/2026 09:33:52,2,980,620,3,0,-999
11/06/2026 09:34:08,2,980,620,3,0,-999
11/06/2026 09:34:24,2,980,620,3,0,-999
11/06/2026 09:34:40,2,970,620,3,0,-999
11/06/2026 09:34:56,2,970,620,3,0,-999
11/06/2026 09:35:12,2,970,620,3,0,-999
11/06/2026 09:35:28,2,970,620,3,0,-999
11/06/2026 09:35:44,2,970,620,3,0,-999
11/06/2026 09:36:00,2,960,620,3,0,-999
11/06/2026 09:36:16,2,960,620,3,0,-999
11/06/2026 09:36:32,2,980,620,3,0,-999
11/06/2026 09:36:48,2,1000,620,3,0,-999
11/06/2026 09:37:04,2,1000,620,3,0,-999
11/06/2026 09:37:20,2,1010,620,3,0,-999
11/06/2026 09:37:36,2,1010,620,3,1,4460
11/06/2026 09:37:52,2,1010,620,3,1,4460
11/06/2026 09:38:08,2,1010,620,3,1,4460
11/06/2026 09:38:24,2,1010,620,3,1,4450
11/06/2026 09:38:40,2,1010,620,3,1,4450
11/06/2026 09:38:56,2,1010,620,3,1,4390
11/06/2026 09:39:12,2,1010,620,3,1,4390
11/06/2026 09:39:28,2,1010,620,3,1,4380
11/06/2026 09:39:44,2,1010,620,3,1,4380
11/06/2026 09:40:00,2,1010,620,3,1,4380
11/06/2026 09:40:16,2,990,620,3,1,4380
11/06/2026 09:40:32,2,980,620,3,1,4380
11/06/2026 09:40:48,2,990,620,3,1,4380
11/06/2026 09:41:04,2,1000,620,3,1,4380
11/06/2026 09:41:20,2,1000,620,3,1,4370
11/06/2026 09:41:36,2,1000,620,3,1,4370
11/06/2026 09:41:52,2,1000,620,3,1,4370
11/06/2026 09:42:08,2,990,620,3,1,4370
11/06/2026 09:42:24,2,970,620,3,1,4370
11/06/2026 09:42:40,2,960,620,3,1,4370
11/06/2026 09:42:56,2,960,620,3,1,4370
11/06/2026 09:43:12,2,940,620,3,1,4380
11/06/2026 09:43:28,2,930,620,3,1,4380
11/06/2026 09:43:44,2,930,620,3,1,4400
11/06/2026 09:44:00,2,920,620,3,1,4400
11/06/2026 09:44:16,2,920,620,3,1,4400
11/06/2026 09:44:32,2,920,620,3,1,4400
11/06/2026 09:44:48,2,920,620,3,1,4420
11/06/2026 09:45:04,2,910,620,3,1,4420
11/06/2026 09:45:20,2,890,620,3,1,4420
11/06/2026 09:45:36,2,900,620,3,1,4420
11/06/2026 09:45:52,2,890,620,3,1,4420
11/06/2026 09:46:08,2,880,620,3,0,-999
11/06/2026 09:46:24,2,860,620,3,0,-999
11/06/2026 09:46:40,2,860,620,3,0,-999
11/06/2026 09:46:56,2,860,620,3,0,-999
11/06/2026 09:47:12,2,850,620,3,0,-999
11/06/2026 09:47:28,2,850,620,3,0,-999
11/06/2026 09:47:44,2,840,620,3,0,-999
11/06/2026 09:48:00,2,840,620,3,0,-999
11/06/2026 09:48:16,2,850,620,3,0,-999
11/06/2026 09:48:32,2,850,620,3,0,-999
11/06/2026 09:48:48,2,850,620,3,0,-999
11/06/2026 09:49:04,2,850,620,3,0,-999
11/06/2026 09:49:20,2,850,620,3,0,-999
11/06/2026 09:49:36,2,850,620,3,0,-999
11/06/2026 09:49:52,2,850,620,3,0,-999
11/06/2026 09:50:08,2,850,620,3,0,-999
11/06/2026 09:50:24,2,850,620,3,0,-999
11/06/2026 09:50:40,2,850,620,3,0,-999
11/06/2026 09:50:56,2,840,620,3,0,-999
11/06/2026 09:51:12,2,830,620,3,0,-999
11/06/2026 09:51:28,2,830,620,3,0,-999
11/06/2026 09:51:44,2,830,620,3,0,-999
11/06/2026 09:52:00,2,830,620,3,0,-999
11/06/2026 09:52:16,2,830,620,3,0,-999
11/06/2026 09:52:32,2,820,620,3,0,-999
11/06/2026 09:52:48,2,820,620,3,0,-999
11/06/2026 09:53:04,2,810,620,3,0,-999
11/06/2026 09:53:20,2,810,620,3,0,-999
11/06/2026 09:53:36,2,800,620,3,0,-999
11/06/2026 09:53:52,2,820,620,3,0,-999
11/06/2026 09:54:08,2,830,620,3,0,-999
11/06/2026 09:54:24,2,840,620,3,0,-999
11/06/2026 09:54:40,2,80,620,3,0,-999
11/06/2026 09:54:56,2,80,620,3,0,-999
11/06/2026 09:55:12,2,80,620,3,0,-999
11/06/2026 09:55:28,2,80,620,3,0,-999
11/06/2026 09:55:44,2,80,620,3,0,-999
11/06/2026 09:56:00,2,80,620,3,0,-999
11/06/2026 09:56:16,2,80,620,3,0,-999
11/06/2026 09:56:32,2,80,620,3,0,-999
11/06/2026 09:56:48,2,80,620,3,0,-999
11/06/2026 09:57:04,2,80,620,3,0,-999
11/06/2026 09:57:20,2,80,620,3,0,-999
11/06/2026 09:57:36,2,80,620,3,0,-999
11/06/2026 09:57:52,2,80,620,3,0,-999
11/06/2026 09:58:08,2,80,620,3,0,-999
11/06/2026 09:58:24,2,80,620,3,0,-999
11/06/2026 09:58:40,2,80,620,3,0,-999
11/06/2026 09:58:56,2,80,620,3,0,-999
11/06/2026 09:59:12,2,80,620,3,0,-999
11/06/2026 09:59:28,2,80,620,3,0,-999
11/06/2026 09:59:44,2,80,620,3,0,-999
