# Time, Layer_QualityIndex,bl_height,Mean_Layer_Height,n_BL,cloud_stat,cloud_dat
06/07/2025 10:00:00,3,260,290,3,0,-999
06/07/2025 10:00:16,3,260,290,3,0,-999
06/07/2025 10:00:32,3,260,290,3,0,-999
06/07/2025 10:00:48,3,260,290,3,0,-999
06/07/2025 10:01:04,3,260,290,3,0,-999
06/07/2025 10:01:20,3,260,290,3,0,-999
06/07/2025 10:01:36,3,260,290,3,0,-999
06/07/2025 10:01:52,3,260,290,3,0,-999
06/07/2025 10:02:08,3,260,290,3,0,-999
06/07/2025 10:02:24,3,260,290,3,0,-999
06/07/2025 10:02:40,3,260,290,3,0,-999
06/07/2025 10:02:56,3,260,290,3,0,-999
06/07/2025 10:03:12,3,260,290,3,0,-999
06/07/2025 10:03:28,3,260,290,3,0,-999
06/07/2025 10:03:44,3,260,290,3,0,-999
06/07/2025 10:04:00,3,260,290,3,0,-999
06/07/2025 10:04:16,3,260,290,3,0,-999
06/07/2025 10:04:32,3,260,290,3,0,-999
06/07/2025 10:04:48,3,260,290,3,0,-999
06/07/2025 10:05:04,3,260,290,3,0,-999
06/07/2025 10:05:20,3,260,290,3,0,-999
06/07/2025 10:05:36,3,260,290,3,0,-999
06/07/2025 10:05:52,3,260,290,3,0,-999
06/07/2025 10:06:08,3,260,290,3,0,-999
06/07/2025 10:06:24,3,260,290,3,0,-999
06/07/2025 10:06:40,3,260,290,3,0,-999
06/07/2025 10:06:56,3,260,290,3,0,-999
06/07/2025 10:07:12,3,260,290,3,0,-999
06/07/2025 10:07:28,3,260,290,3,0,-999
06/07/2025 10:07:44,3,260,290,3,0,-999
06/07/2025 10:08:00,3,260,290,3,0,-999
06/07/2025 10:08:16,3,260,290,3,1,3250
06/07/2025 10:08:32,3,260,290,3,1,3250
06/07/2025 10:08:48,3,260,290,3,1,3260
06/07/2025 10:09:04,3,260,290,3,1,3260
06/07/2025 10:09:20,3,260,290,3,0,-999
06/07/2025 10:09:36,3,260,290,3,0,-999
06/07/2025 10:09:52,3,260,290,3,0,-999
06/07/2025 10:10:08,3,260,290,3,0,-999
06/07/2025 10:10:24,3,260,290,3,0,-999
06/07/2025 10:10:40,3,260,290,3,0,-999
06/07/2025 10:10:56,3,260,290,3,0,-999
06/07/2025 10:11:12,3,260,290,3,0,-999
06/07/2025 10:11:28,3,260,290,3,0,-999
06/07/2025 10:11:44,3,260,290,3,0,-999
06/07/2025 10:12:00,3,260,290,3,0,-999
06/07/2025 10:12:16,3,260,290,3,0,-999
06/07/2025 10:12:32,3,260,290,3,0,-999
06/07/2025 10:12:48,3,260,290,3,0,-999
06/07/2025 10:13:04,3,260,290,3,1,3240
06/07/2025 10:13:20,3,260,290,3,1,3240
06/07/2025 10:13:36,3,260,290,3,1,3250
06/07/2025 10:13:52,3,260,290,3,1,3250
06/07/2025 10:14:08,3,260,290,3,0,-999
06/07/2025 10:14:24,3,260,290,3,0,-999
06/07/2025 10:14:40,3,260,290,3,0,-999
06/07/2025 10:14:56,3,260,290,3,0,-999
06/07/2025 10:15:12,3,260,290,3,0,-999
06/07/2025 10:15:28,3,260,290,3,0,-999
06/07/2025 10:15:44,3,260,290,3,0,-999
06/07/2025 10:16:00,3,260,290,3,0,-999
06/07/2025 10:16:16,3,260,290,3,0,-999
06/07/2025 10:16:32,3,260,290,3,0,-999
06/07/2025 10:16:48,3,260,290,3,0,-999
06/07/2025 10:17:04,3,260,290,3,0,-999
06/07/2025 10:17:20,3,260,290,3,0,-999
06/07/2025 10:17:36,3,260,290,3,0,-999
06/07/2025 10:17:52,3,260,290,3,1,4470
06/07/2025 10:18:08,3,260,290,3,1,4470
06/07/2025 10:18:24,3,260,290,3,1,4460
06/07/2025 10:18:40,3,260,290,3,1,4460
06/07/2025 10:18:56,3,260,290,3,0,-999
06/07/2025 10:19:12,3,260,290,3,0,-999
06/07/2025 10:19:28,3,260,290,3,0,-999
06/07/2025 10:19:44,3,260,290,3,0,-999
06/07/2025 10:20:00,3,260,290,3,0,-999
06/07/2025 10:20:16,3,260,290,3,0,-999
06/07/2025 10:20:32,3,260,290,3,0,-999
06/07/2025 10:20:48,3,260,290,3,1,4440
06/07/2025 10:21:04,3,260,290,3,1,4440
06/07/2025 10:21:20,3,260,290,3,0,-999
06/07/2025 10:21:36,3,260,290,3,0,-999
06/07/2025 10:21:52,3,260,290,3,0,-999
06/07/2025 10:22:08,3,260,290,3,0,-999
06/07/2025 10:22:24,3,260,290,3,0,-999
06/07/2025 10:22:40,3,260,290,3,0,-999
06/07/2025 10:22:56,3,270,290,3,0,-999
06/07/2025 10:23:12,3,270,290,3,1,3230
06/07/2025 10:23:28,3,270,290,3,1,3230
06/07/2025 10:23:44,3,270,290,3,0,-999
06/07/2025 10:24:00,3,270,290,3,0,-999
06/07/2025 10:24:16,3,270,290,3,0,-999
06/07/2025 10:24:32,3,270,290,3,0,-999
06/07/2025 10:24:48,3,270,290,3,0,-999
06/07/2025 10:25:04,3,270,290,3,0,-999
06/07/2025 10:25:20,3,270,290,3,0,-999
06/07/2025 10:25:36,3,270,290,3,0,-999
06/07/2025 10:25:52,3,270,290,3,0,-999
06/07/2025 10:26:08,3,270,290,3,0,-999
06/07/2025 10:26:24,3,270,290,3,0,-999
06/07/2025 10:26:40,3,280,290,3,0,-999
06/07/2025 10:26:56,3,280,290,3,0,-999
06/07/2025 10:27:12,3,280,290,3,0,-999
06/07/2025 10:27:28,3,280,290,3,0,-999
06/07/2025 10:27:44,3,280,290,3,0,-999
06/07/2025 10:28:00,3,280,290,3,0,-999
06/07/2025 10:28:16,3,280,290,3,0,-999
06/07/2025 10:28:32,3,280,290,3,0,-999
06/07/2025 10:28:48,3,280,290,3,0,-999
06/07/2025 10:29:04,3,280,290,3,0,-999
06/07/2025 10:29:20,3,280,290,3,0,-999
06/07/2025 10:29:36,3,290,290,3,0,-999
06/07/2025 10:29:52,3,290,290,3,0,-999
06/07/2025 10:30:08,3,290,290,3,0,-999
06/07/2025 10:30:24,3,290,290,3,0,-999
06/07/2025 10:30:40,3,290,290,3,0,-999
06/07/2025 10:30:56,3,290,290,3,0,-999
06/07/2025 10:31:12,3,300,290,3,0,-999
06/07/2025 10:31:28,3,300,290,3,0,-999
06/07/2025 10:31:44,3,300,290,3,0,-999
06/07/2025 10:32:00,3,300,290,3,0,-999
06/07/2025 10:32:16,3,300,290,3,0,-999
06/07/2025 10:32:32,3,300,290,3,0,-999
06/07/2025 10:32:48,3,300,290,3,0,-999
06/07/2025 10:33:04,3,300,290,3,0,-999
06/07/2025 10:33:20,3,300,290,3,0,-999
06/07/2025 10:33:36,3,300,290,3,0,-999
06/07/2025 10:33:52,3,300,290,3,0,-999
06/07/2025 10:34:08,3,310,290,3,0,-999
06/07/2025 10:34:24,3,310,290,3,0,-999
06/07/2025 10:34:40,3,310,290,3,0,-999
06/07/2025 10:34:56,3,310,290,3,0,-999
06/07/2025 10:35:12,3,310,290,3,0,-999
06/07/2025 10:35:28,3,310,290,3,0,-999
06/07/2025 10:35:44,3,310,290,3,0,-999
06/07/2025 10:36:00,3,310,290,3,0,-999
06/07/2025 10:36:16,3,310,290,3,0,-999
06/07/2025 10:36:32,3,320,290,3,0,-999
06/07/2025 10:36:48,3,320,290,3,0,-999
06/07/2025 10:37:04,3,320,290,3,0,-999
06/07/2025 10:37:20,3,320,290,3,0,-999
06/07/2025 10:37:36,3,320,290,3,0,-999
06/07/2025 10:37:52,3,320,290,3,0,-999
06/07/2025 10:38:08,3,320,290,3,0,-999
06/07/2025 10:38:24,3,320,290,3,0,-999
06/07/2025 10:38:40,3,320,290,3,0,-999
06/07/2025 10:38:56,3,320,290,3,0,-999
06/07/2025 10:39:12,3,320,290,3,0,-999
06/07/2025 10:39:28,3,320,290,3,0,-999
06/07/2025 10:39:44,3,320,290,3,0,-999
06/07/2025 10:40:00,3,320,290,3,0,-999
06/07/2025 10:40:16,3,330,290,3,0,-999
06/07/2025 10:40:32,3,330,290,3,0,-999
06/07/2025 10:40:48,3,330,290,3,0,-999
06/07/2025 10:41:04,3,330,290,3,0,-999
06/07/2025 10:41:20,3,330,290,3,0,-999
06/07/2025 10:41:36,3,330,290,3,0,-999
06/07/2025 10:41:52,3,340,290,3,0,-999
06/07/2025 10:42:08,3,340,290,3,0,-999
06/07/2025 10:42:24,3,340,290,3,0,-999
06/07/2025 10:42:40,3,340,290,3,0,-999
06/07/2025 10:42:56,3,340,290,3,0,-999
06/07/2025 10:43:12,3,340,290,3,0,-999
06/07/2025 10:43:28,3,340,290,3,0,-999
06/07/2025 10:43:44,3,340,290,3,0,-999
06/07/2025 10:44:00,3,340,290,3,0,-999
06/07/2025 10:44:16,3,340,290,3,0,-999
06/07/2025 10:44:32,3,340,290,3,0,-999
06/07/2025 10:44:48,3,340,290,3,0,-999
06/07/2025 10:45:04,3,340,290,3,0,-999
06/07/2025 10:45:20,3,350,290,3,0,-999
06/07/2025 10:45:36,3,350,290,3,0,-999
06/07/2025 10:45:52,3,350,290,3,0,-999
06/07/2025 10:46:08,3,350,290,3,0,-999
06/07/2025 10:46:24,3,350,290,3,0,-999
06/07/2025 10:46:40,3,350,290,3,0,-999
06/07/2025 10:46:56,3,350,290,3,0,-999
06/07/2025 10:47:12,3,360,290,3,0,-999
06/07/2025 10:47:28,3,360,290,3,0,-999
06/07/2025 10:47:44,3,360,290,3,0,-999
06/07/2025 10:48:00,3,360,290,3,0,-999
06/07/2025 10:48:16,3,370,290,3,0,-999
06/07/2025 10:48:32,3,370,290,3,0,-999
06/07/2025 10:48:48,3,370,290,3,0,-999
06/07/2025 10:49:04,3,370,290,3,0,-999
06/07/2025 10:49:20,3,370,290,3,0,-999
06/07/2025 10:49:36,3,370,290,3,0,-999
06/07/2025 10:49:52,3,370,290,3,0,-999
06/07/2025 10:50:08,3,370,290,3,0,-999
06/07/2025 10:50:24,3,370,290,3,0,-999
06/07/2025 10:50:40,3,380,290,3,0,-999
06/07/2025 10:50:56,3,380,290,3,0,-999
06/07/2025 10:51:12,3,380,290,3,0,-999
06/07/2025 10:51:28,3,380,290,3,0,-999
06/07/2025 10:51:44,3,380,290,3,0,-999
06/07/2025 10:52:00,3,380,290,3,0,-999
06/07/2025 10:52:16,3,380,290,3,0,-999
06/07/2025 10:52:32,3,380,290,3,0,-999
06/07/2025 10:52:48,3,380,290,3,0,-999
06/07/2025 10:53:04,3,380,290,3,0,-999
06/07/2025 10:53:20,3,380,290,3,0,-999
06/07/2025 10:53:36,3,390,290,3,0,-999
06/07/2025 10:53:52,3,390,290,3,0,-999
06/07/2025 10:54:08,3,390,290,3,0,-999
06/07/2025 10:54:24,3,390,290,3,0,-999
06/07/2025 10:54:40,3,390,290,3,0,-999
06/07/2025 10:54:56,3,390,290,3,0,-999
06/07/2025 10:55:12,3,390,290,3,0,-999
06/07/2025 10:55:28,3,390,290,3,0,-999
06/07/2025 10:55:44,3,400,290,3,0,-999
06/07/2025 10:56:00,3,400,290,3,0,-999
06/07/2025 10:56:16,3,400,290,3,0,-999
06/07/2025 10:56:32,3,400,290,3,0,-999
06/07/2025 10:56:48,3,400,290,3,0,-999
06/07/2025 10:57:04,3,400,290,3,0,-999
06/07/2025 10:57:20,3,400,290,3,0,-999
06/07/2025 10:57:36,3,400,290,3,0,-999
06/07/2025 10:57:52,3,400,290,3,0,-999
06/07/2025 10:58:08,3,400,290,3,0,-999
06/07/2025 10:58:24,3,400,290,3,0,-999
06/07/2025 10:58:40,3,400,290,3,0,-999
06/07/2025 10:58:56,3,400,290,3,0,-999
06/07/2025 10:59:12,3,400,290,3,0,-999
06/07/2025 10:59:28,3,400,290,3,0,-999
06/07/2025 10:59:44,3,400,290,3,0,-999
06/07/2025 11:00:00,-999,400,-999,3,0,-999
06/07/2025 11:00:16,-999,400,-999,3,0,-999
06/07/2025 11:00:32,-999,400,-999,3,0,-999
06/07/2025 11:00:48,-999,400,-999,3,0,-999
06/07/2025 11:01:04,-999,400,-999,3,0,-999
06/07/2025 11:01:20,-999,400,-999,3,0,-999
06/07/2025 11:01:36,-999,400,-999,3,0,-999
06/07/2025 11:01:52,-999,400,-999,3,0,-999
06/07/2025 11:02:08,-999,400,-999,3,0,-999
06/07/2025 11:02:24,-999,400,-999,3,0,-999
06/07/2025 11:02:40,-999,400,-999,3,0,-999
06/07/2025 11:02:56,-999,400,-999,3,0,-999
06/07/2025 11:03:12,-999,400,-999,3,0,-999
06/07/2025 11:03:28,-999,400,-999,3,0,-999
06/07/2025 11:03:44,-999,400,-999,3,0,-999
06/07/2025 11:04:00,-999,390,-999,3,0,-999
06/07/2025 11:04:16,-999,390,-999,3,0,-999
06/07/2025 11:04:32,-999,390,-999,3,0,-999
06/07/2025 11:04:48,-999,390,-999,3,0,-999
06/07/2025 11:05:04,-999,390,-999,3,0,-999
06/07/2025 11:05:20,-999,390,-999,3,0,-999
06/07/2025 11:05:36,-999,390,-999,3,0,-999
06/07/2025 11:05:52,-999,390,-999,3,0,-999
06/07/2025 11:06:08,-999,390,-999,3,0,-999
06/07/2025 11:06:24,-999,390,-999,3,0,-999
06/07/2025 11:06:40,-999,390,-999,3,0,-999
06/07/2025 11:06:56,-999,390,-999,3,0,-999
06/07/2025 11:07:12,-999,390,-999,3,0,-999
06/07/2025 11:07:28,-999,390,-999,3,0,-999
06/07/2025 11:07:44,-999,380,-999,3,0,-999
06/07/2025 11:08:00,-999,380,-999,3,0,-999
06/07/2025 11:08:16,-999,380,-999,3,0,-999
06/07/2025 11:08:32,-999,380,-999,3,0,-999
06/07/2025 11:08:48,-999,380,-999,3,0,-999
06/07/2025 11:09:04,-999,380,-999,3,0,-999
06/07/2025 11:09:20,-999,380,-999,3,0,-999
06/07/2025 11:09:36,-999,380,-999,3,0,-999
06/07/2025 11:09:52,-999,380,-999,3,0,-999
06/07/2025 11:10:08,-999,380,-999,3,0,-999
06/07/2025 11:10:24,-999,380,-999,3,0,-999
06/07/2025 11:10:40,-999,380,-999,3,0,-999
06/07/2025 11:10:56,-999,380,-999,3,0,-999
06/07/2025 11:11:12,-999,380,-999,3,0,-999
06/07/2025 11:11:28,-999,380,-999,3,0,-999
06/07/2025 11:11:44,-999,380,-999,3,0,-999
06/07/2025 11:12:00,-999,380,-999,3,0,-999
06/07/2025 11:12:16,-999,380,-999,3,0,-999
06/07/2025 11:12:32,-999,380,-999,3,0,-999
06/07/2025 11:12:48,-999,380,-999,3,0,-999
06/07/2025 11:13:04,-999,380,-999,3,0,-999
06/07/2025 11:13:20,-999,380,-999,3,0,-999
06/07/2025 11:13:36,-999,380,-999,3,0,-999
06/07/2025 11:13:52,-999,380,-999,3,0,-999
06/07/2025 11:14:08,-999,380,-999,3,0,-999
06/07/2025 11:14:24,-999,380,-999,3,0,-999
06/07/2025 11:14:40,-999,380,-999,3,0,-999
06/07/2025 11:14:56,-999,380,-999,3,0,-999
06/07/2025 11:15:12,-999,380,-999,3,0,-999
06/07/2025 11:15:28,-999,380,-999,3,0,-999
06/07/2025 11:15:44,-999,380,-999,3,0,-999
06/07/2025 11:16:00,-999,380,-999,3,0,-999
06/07/2025 11:16:16,-999,380,-999,3,0,-999
06/07/2025 11:16:32,-999,380,-999,3,0,-999
06/07/2025 11:16:48,-999,380,-999,3,0,-999
06/07/2025 11:17:04,-999,380,-999,3,0,-999
06/07/2025 11:17:20,-999,380,-999,3,0,-999
06/07/2025 11:17:36,-999,380,-999,3,0,-999
06/07/2025 11:17:52,-999,380,-999,3,0,-999
06/07/2025 11:18:08,-999,380,-999,3,0,-999
06/07/2025 11:18:24,-999,380,-999,3,0,-999
06/07/2025 11:18:40,-999,380,-999,3,0,-999
06/07/2025 11:18:56,-999,380,-999,3,0,-999
06/07/2025 11:19:12,-999,380,-999,3,0,-999
06/07/2025 11:19:28,-999,380,-999,3,0,-999
06/07/2025 11:19:44,-999,380,-999,3,0,-999
06/07/2025 11:20:00,-999,380,-999,3,0,-999
06/07/2025 11:20:16,-999,380,-999,3,0,-999
06/07/2025 11:20:32,-999,380,-999,3,0,-999
06/07/2025 11:20:48,-999,380,-999,3,0,-999
06/07/2025 11:21:04,-999,380,-999,3,0,-999
06/07/2025 11:21:20,-999,380,-999,3,0,-999
06/07/2025 11:21:36,-999,380,-999,3,0,-999
06/07/2025 11:21:52,-999,380,-999,3,0,-999
06/07/2025 11:22:08,-999,380,-999,3,0,-999
06/07/2025 11:22:24,-999,380,-999,3,0,-999
06/07/2025 11:22:40,-999,380,-999,3,0,-999
06/07/2025 11:22:56,-999,380,-999,3,0,-999
06/07/2025 11:23:12,-999,380,-999,3,0,-999
06/07/2025 11:23:28,-999,380,-999,3,0,-999
06/07/2025 11:23:44,-999,380,-999,3,0,-999
06/07/2025 11:24:00,-999,380,-999,3,0,-999
06/07/2025 11:24:16,-999,380,-999,3,0,-999
06/07/2025 11:24:32,-999,380,-999,3,0,-999
06/07/2025 11:24:48,-999,380,-999,3,0,-999
06/07/2025 11:25:04,-999,380,-999,3,0,-999
06/07/2025 11:25:20,-999,380,-999,3,0,-999
06/07/2025 11:25:36,-999,380,-999,3,0,-999
06/07/2025 11:25:52,-999,380,-999,3,0,-999
06/07/2025 11:26:08,-999,380,-999,3,0,-999
06/07/2025 11:26:24,-999,380,-999,3,0,-999
06/07/2025 11:26:40,-999,380,-999,3,0,-999
06/07/2025 11:26:56,-999,380,-999,3,0,-999
06/07/2025 11:27:12,-999,380,-999,3,0,-999
06/07/2025 11:27:28,-999,380,-999,3,0,-999
06/07/2025 11:27:44,-999,380,-999,3,0,-999
06/07/2025 11:28:00,-999,380,-999,3,0,-999
06/07/2025 11:28:16,-999,380,-999,3,0,-999
06/07/2025 11:28:32,-999,380,-999,3,0,-999
06/07/2025 11:28:48,-999,380,-999,3,0,-999
06/07/2025 11:29:04,-999,380,-999,3,0,-999
06/07/2025 11:29:20,-999,380,-999,3,0,-999
06/07/2025 11:29:36,-999,380,-999,3,0,-999
06/07/2025 11:29:52,-999,380,-999,3,0,-999
06/07/2025 11:30:08,-999,380,-999,3,0,-999
06/07/2025 11:30:24,-999,380,-999,3,0,-999
06/07/2025 11:30:40,-999,380,-999,3,0,-999
06/07/2025 11:30:56,-999,380,-999,3,0,-999
06/07/2025 11:31:12,-999,380,-999,3,0,-999
06/07/2025 11:31:28,-999,380,-999,3,0,-999
06/07/2025 11:31:44,-999,380,-999,3,0,-999
06/07/2025 11:32:00,-999,380,-999,3,0,-999
06/07/2025 11:32:16,-999,390,-999,3,0,-999
06/07/2025 11:32:32,-999,390,-999,3,0,-999
06/07/2025 11:32:48,-999,390,-999,3,0,-999
06/07/2025 11:33:04,-999,390,-999,3,0,-999
06/07/2025 11:33:20,-999,390,-999,3,0,-999
06/07/2025 11:33:36,-999,390,-999,3,0,-999
06/07/2025 11:33:52,-999,390,-999,3,0,-999
06/07/2025 11:34:08,-999,390,-999,3,0,-999
06/07/2025 11:34:24,-999,390,-999,3,0,-999
06/07/2025 11:34:40,-999,390,-999,3,0,-999
06/07/2025 11:34:56,-999,390,-999,3,0,-999
06/07/2025 11:35:12,-999,390,-999,3,0,-999
06/07/2025 11:35:28,-999,390,-999,3,0,-999
06/07/2025 11:35:44,-999,390,-999,3,0,-999
06/07/2025 11:36:00,-999,390,-999,3,0,-999
06/07/2025 11:36:16,-999,390,-999,3,0,-999
06/07/2025 11:36:32,-999,390,-999,3,0,-999
06/07/2025 11:36:48,-999,390,-999,3,0,-999
06/07/2025 11:37:04,-999,390,-999,3,0,-999
06/07/2025 11:37:20,-999,390,-999,3,0,-999
06/07/2025 11:37:36,-999,390,-999,3,0,-999
06/07/2025 11:37:52,-999,390,-999,3,0,-999
06/07/2025 11:38:08,-999,390,-999,3,0,-999
06/07/2025 11:38:24,-999,390,-999,3,0,-999
06/07/2025 11:38:40,-999,390,-999,3,0,-999
06/07/2025 11:38:56,-999,390,-999,3,0,-999
06/07/2025 11:39:12,-999,390,-999,3,0,-999
06/07/2025 11:39:28,-999,390,-999,3,0,-999
06/07/2025 11:39:44,-999,390,-999,3,0,-999
06/07/2025 11:40:00,-999,390,-999,3,0,-999
06/07/2025 11:40:16,-999,390,-999,3,0,-999
06/07/2025 11:40:32,-999,390,-999,3,0,-999
06/07/2025 11:40:48,-999,390,-999,3,0,-999
06/07/2025 11:41:04,-999,390,-999,3,0,-999
06/07/2025 11:41:20,-999,390,-999,3,0,-999
06/07/2025 11:41:36,-999,390,-999,3,0,-999
06/07/2025 11:41:52,-999,390,-999,3,0,-999
06/07/2025 11:42:08,-999,390,-999,3,0,-999
06/07/2025 11:42:24,-999,390,-999,3,0,-999
06/07/2025 11:42:40,-999,390,-999,3,0,-999
06/07/2025 11:42:56,-999,390,-999,3,0,-999
06/07/2025 11:43:12,-999,390,-999,3,0,-999
06/07/2025 11:43:28,-999,390,-999,3,0,-999
06/07/2025 11:43:44,-999,390,-999,3,0,-999
06/07/2025 11:44:00,-999,390,-999,3,0,-999
06/07/2025 11:44:16,-999,390,-999,3,0,-999
06/07/2025 11:44:32,-999,390,-999,3,0,-999
06/07/2025 11:44:48,-999,390,-999,3,0,-999
06/07/2025 11:45:04,-999,390,-999,3,0,-999
06/07/2025 11:45:20,-999,390,-999,3,0,-999
06/07/2025 11:45:36,-999,390,-999,3,0,-999
06/07/2025 11:45:52,-999,390,-999,3,0,-999
06/07/2025 11:46:08,-999,390,-999,3,0,-999
06/07/2025 11:46:24,-999,390,-999,3,0,-999
06/07/2025 11:46:40,-999,390,-999,3,0,-999
06/07/2025 11:46:56,-999,390,-999,3,0,-999
06/07/2025 11:47:12,-999,390,-999,3,0,-999
06/07/2025 11:47:28,-999,390,-999,3,0,-999
06/07/2025 11:47:44,-999,390,-999,3,0,-999
06/07/2025 11:48:00,-999,390,-999,3,0,-999
06/07/2025 11:48:16,-999,390,-999,3,0,-999
06/07/2025 11:48:32,-999,390,-999,3,0,-999
06/07/2025 11:48:48,-999,390,-999,3,0,-999
06/07/2025 11:49:04,-999,390,-999,3,0,-999
06/07/2025 11:49:20,-999,390,-999,3,0,-999
06/07/2025 11:49:36,-999,390,-999,3,0,-999
06/07/2025 11:49:52,-999,390,-999,3,0,-999
06/07/2025 11:50:08,-999,390,-999,3,0,-999
06/07/2025 11:50:24,-999,390,-999,3,0,-999
06/07/2025 11:50:40,-999,390,-999,3,0,-999
06/07/2025 11:50:56,-999,390,-999,3,0,-999
06/07/2025 11:51:12,-999,390,-999,3,0,-999
06/07/2025 11:51:28,-999,390,-999,3,0,-999
06/07/2025 11:51:44,-999,390,-999,3,0,-999
06/07/2025 11:52:00,-999,390,-999,3,0,-999
06/07/2025 11:52:16,-999,390,-999,3,0,-999
06/07/2025 11:52:32,-999,390,-999,3,0,-999
06/07/2025 11:52:48,-999,390,-999,3,0,-999
06/07/2025 11:53:04,-999,400,-999,3,0,-999
06/07/2025 11:53:20,-999,400,-999,3,0,-999
06/07/2025 11:53:36,-999,400,-999,3,0,-999
06/07/2025 11:53:52,-999,400,-999,3,0,-999
06/07/2025 11:54:08,-999,400,-999,3,0,-999
06/07/2025 11:54:24,-999,400,-999,3,0,-999
06/07/2025 11:54:40,-999,400,-999,3,0,-999
06/07/2025 11:54:56,-999,400,-999,3,0,-999
06/07/2025 11:55:12,-999,400,-999,3,0,-999
06/07/2025 11:55:28,-999,400,-999,3,0,-999
06/07/2025 11:55:44,-999,400,-999,3,0,-999
06/07/2025 11:56:00,-999,400,-999,3,0,-999
06/07/2025 11:56:16,-999,400,-999,3,0,-999
06/07/2025 11:56:32,-999,400,-999,3,0,-999
06/07/2025 11:56:48,-999,400,-999,3,0,-999
06/07/2025 11:57:04,-999,400,-999,3,0,-999
06/07/2025 11:57:20,-999,400,-999,3,0,-999
06/07/2025 11:57:36,-999,400,-999,3,0,-999
06/07/2025 11:57:52,-999,400,-999,3,0,-999
06/07/2025 11:58:08,-999,400,-999,3,0,-999
06/07/2025 11:58:24,-999,400,-999,3,0,-999
06/07/2025 11:58:40,-999,410,-999,3,0,-999
06/07/2025 11:58:56,-999,410,-999,3,0,-999
06/07/2025 11:59:12,-999,410,-999,3,0,-999
06/07/2025 11:59:28,-999,410,-999,3,0,-999
06/07/2025 11:59:44,-999,410,-999,3,0,-999
06/07/2025 12:00:00,3,410,390,3,0,-999
06/07/2025 12:00:16,3,410,390,3,0,-999
06/07/2025 12:00:32,3,410,390,3,0,-999
06/07/2025 12:00:48,3,420,390,3,0,-999
06/07/2025 12:01:04,3,420,390,3,0,-999
06/07/2025 12:01:20,3,420,390,3,0,-999
06/07/2025 12:01:36,3,420,390,3,0,-999
06/07/2025 12:01:52,3,420,390,3,0,-999
06/07/2025 12:02:08,3,430,390,3,0,-999
06/07/2025 12:02:24,3,430,390,3,0,-999
06/07/2025 12:02:40,3,430,390,3,0,-999
06/07/2025 12:02:56,3,440,390,3,0,-999
06/07/2025 12:03:12,3,440,390,3,0,-999
06/07/2025 12:03:28,3,440,390,3,0,-999
06/07/2025 12:03:44,3,450,390,3,0,-999
06/07/2025 12:04:00,3,450,390,3,0,-999
06/07/2025 12:04:16,3,450,390,3,0,-999
06/07/2025 12:04:32,3,450,390,3,0,-999
06/07/2025 12:04:48,3,460,390,3,0,-999
06/07/2025 12:05:04,3,460,390,3,0,-999
06/07/2025 12:05:20,3,460,390,3,0,-999
06/07/2025 12:05:36,3,460,390,3,0,-999
06/07/2025 12:05:52,3,460,390,3,0,-999
06/07/2025 12:06:08,3,470,390,3,0,-999
06/07/2025 12:06:24,3,470,390,3,0,-999
06/07/2025 12:06:40,3,470,390,3,0,-999
06/07/2025 12:06:56,3,470,390,3,0,-999
06/07/2025 12:07:12,3,470,390,3,0,-999
06/07/2025 12:07:28,3,470,390,3,0,-999
06/07/2025 12:07:44,3,470,390,3,0,-999
06/07/2025 12:08:00,3,470,390,3,0,-999
06/07/2025 12:08:16,3,470,390,3,0,-999
06/07/2025 12:08:32,3,470,390,3,0,-999
06/07/2025 12:08:48,3,470,390,3,0,-999
06/07/2025 12:09:04,3,480,390,3,0,-999
06/07/2025 12:09:20,3,480,390,3,0,-999
06/07/2025 12:09:36,3,480,390,3,0,-999
06/07/2025 12:09:52,3,480,390,3,0,-999
06/07/2025 12:10:08,3,480,390,3,0,-999
06/07/2025 12:10:24,3,480,390,3,0,-999
06/07/2025 12:10:40,3,480,390,3,0,-999
06/07/2025 12:10:56,3,480,390,3,0,-999
06/07/2025 12:11:12,3,480,390,3,0,-999
06/07/2025 12:11:28,3,480,390,3,0,-999
06/07/2025 12:11:44,3,480,390,3,0,-999
06/07/2025 12:12:00,3,480,390,3,0,-999
06/07/2025 12:12:16,3,480,390,3,0,-999
06/07/2025 12:12:32,3,480,390,3,0,-999
06/07/2025 12:12:48,3,480,390,3,0,-999
06/07/2025 12:13:04,3,480,390,3,0,-999
06/07/2025 12:13:20,3,480,390,3,0,-999
06/07/2025 12:13:36,3,480,390,3,0,-999
06/07/2025 12:13:52,3,480,390,3,0,-999
06/07/2025 12:14:08,3,480,390,3,0,-999
06/07/2025 12:14:24,3,480,390,3,0,-999
06/07/2025 12:14:40,3,480,390,3,0,-999
06/07/2025 12:14:56,3,480,390,3,0,-999
06/07/2025 12:15:12,3,480,390,3,0,-999
06/07/2025 12:15:28,3,480,390,3,0,-999
06/07/2025 12:15:44,3,480,390,3,0,-999
06/07/2025 12:16:00,3,480,390,3,0,-999
06/07/2025 12:16:16,3,480,390,3,0,-999
06/07/2025 12:16:32,3,480,390,3,0,-999
06/07/2025 12:16:48,3,480,390,3,0,-999
06/07/2025 12:17:04,3,490,390,3,0,-999
06/07/2025 12:17:20,3,490,390,3,0,-999
06/07/2025 12:17:36,3,490,390,3,0,-999
06/07/2025 12:17:52,3,490,390,3,0,-999
06/07/2025 12:18:08,3,490,390,3,0,-999
06/07/2025 12:18:24,3,490,390,3,0,-999
06/07/2025 12:18:40,3,490,390,3,0,-999
06/07/2025 12:18:56,3,490,390,3,0,-999
06/07/2025 12:19:12,3,490,390,3,0,-999
06/07/2025 12:19:28,3,490,390,3,0,-999
06/07/2025 12:19:44,3,490,390,3,0,-999
06/07/2025 12:20:00,3,490,390,3,0,-999
06/07/2025 12:20:16,3,490,390,3,0,-999
06/07/2025 12:20:32,3,490,390,3,0,-999
06/07/2025 12:20:48,3,490,390,3,0,-999
06/07/2025 12:21:04,3,490,390,3,0,-999
06/07/2025 12:21:20,3,490,390,3,0,-999
06/07/2025 12:21:36,3,490,390,3,0,-999
06/07/2025 12:21:52,3,490,390,3,0,-999
06/07/2025 12:22:08,3,650,390,3,0,-999
06/07/2025 12:22:24,3,650,390,3,0,-999
06/07/2025 12:22:40,3,650,390,3,0,-999
06/07/2025 12:22:56,3,650,390,3,0,-999
06/07/2025 12:23:12,3,650,390,3,0,-999
06/07/2025 12:23:28,3,650,390,3,0,-999
06/07/2025 12:23:44,3,650,390,3,0,-999
06/07/2025 12:24:00,3,650,390,3,0,-999
06/07/2025 12:24:16,3,650,390,3,0,-999
06/07/2025 12:24:32,3,650,390,3,0,-999
06/07/2025 12:24:48,3,650,390,3,0,-999
06/07/2025 12:25:04,3,660,390,3,0,-999
06/07/2025 12:25:20,3,660,390,3,0,-999
06/07/2025 12:25:36,3,660,390,3,0,-999
06/07/2025 12:25:52,3,660,390,3,0,-999
06/07/2025 12:26:08,3,650,390,3,0,-999
06/07/2025 12:26:24,3,650,390,3,0,-999
06/07/2025 12:26:40,3,650,390,3,0,-999
06/07/2025 12:26:56,3,970,390,3,0,-999
06/07/2025 12:27:12,3,970,390,3,0,-999
06/07/2025 12:27:28,3,970,390,3,0,-999
06/07/2025 12:27:44,3,970,390,3,0,-999
06/07/2025 12:28:00,3,970,390,3,0,-999
06/07/2025 12:28:16,3,970,390,3,0,-999
06/07/2025 12:28:32,3,970,390,3,0,-999
06/07/2025 12:28:48,3,970,390,3,0,-999
06/07/2025 12:29:04,3,980,390,3,0,-999
06/07/2025 12:29:20,3,980,390,3,0,-999
06/07/2025 12:29:36,3,980,390,3,0,-999
06/07/2025 12:29:52,3,980,390,3,0,-999
06/07/2025 12:30:08,3,980,390,3,0,-999
06/07/2025 12:30:24,3,990,390,3,0,-999
06/07/2025 12:30:40,3,990,390,3,0,-999
06/07/2025 12:30:56,3,980,390,3,0,-999
06/07/2025 12:31:12,3,980,390,3,0,-999
06/07/2025 12:31:28,3,980,390,3,0,-999
06/07/2025 12:31:44,3,990,390,3,0,-999
06/07/2025 12:32:00,3,990,390,3,0,-999
06/07/2025 12:32:16,3,990,390,3,0,-999
06/07/2025 12:32:32,3,990,390,3,0,-999
06/07/2025 12:32:48,3,990,390,3,0,-999
06/07/2025 12:33:04,3,990,390,3,0,-999
06/07/2025 12:33:20,3,990,390,3,0,-999
06/07/2025 12:33:36,3,990,390,3,0,-999
06/07/2025 12:33:52,3,1000,390,3,0,-999
06/07/2025 12:34:08,3,1000,390,3,0,-999
06/07/2025 12:34:24,3,1010,390,3,0,-999
06/07/2025 12:34:40,3,1000,390,3,0,-999
06/07/2025 12:34:56,3,1000,390,3,0,-999
06/07/2025 12:35:12,3,1010,390,3,0,-999
06/07/2025 12:35:28,3,1010,390,3,0,-999
06/07/2025 12:35:44,3,1010,390,3,0,-999
06/07/2025 12:36:00,3,1010,390,3,0,-999
06/07/2025 12:36:16,3,1010,390,3,0,-999
06/07/2025 12:36:32,3,1020,390,3,0,-999
06/07/2025 12:36:48,3,1020,390,3,0,-999
06/07/2025 12:37:04,3,1030,390,3,0,-999
06/07/2025 12:37:20,3,1030,390,3,0,-999
06/07/2025 12:37:36,3,1030,390,3,0,-999
06/07/2025 12:37:52,3,1030,390,3,0,-999
06/07/2025 12:38:08,3,1030,390,3,0,-999
06/07/2025 12:38:24,3,1030,390,3,0,-999
06/07/2025 12:38:40,3,1030,390,3,0,-999
06/07/2025 12:38:56,3,1030,390,3,0,-999
06/07/2025 12:39:12,3,1030,390,3,0,-999
06/07/2025 12:39:28,3,1030,390,3,0,-999
06/07/2025 12:39:44,3,1030,390,3,0,-999
06/07/2025 12:40:00,3,1030,390,3,0,-999
06/07/2025 12:40:16,3,1040,390,3,0,-999
06/07/2025 12:40:32,3,1040,390,3,0,-999
06/07/2025 12:40:48,3,1040,390,3,0,-999
06/07/2025 12:41:04,3,1040,390,3,0,-999
06/07/2025 12:41:20,3,1040,390,3,0,-999
06/07/2025 12:41:36,3,1040,390,3,0,-999
06/07/2025 12:41:52,3,1050,390,3,0,-999
06/07/2025 12:42:08,3,1050,390,3,0,-999
06/07/2025 12:42:24,3,1050,390,3,0,-999
06/07/2025 12:42:40,3,1050,390,3,0,-999
06/07/2025 12:42:56,3,1050,390,3,0,-999
06/07/2025 12:43:12,3,1040,390,3,0,-999
06/07/2025 12:43:28,3,1040,390,3,0,-999
06/07/2025 12:43:44,3,1040,390,3,0,-999
06/07/2025 12:44:00,3,1040,390,3,0,-999
06/07/2025 12:44:16,3,1040,390,3,1,4600
06/07/2025 12:44:32,3,1040,390,3,1,4600
06/07/2025 12:44:48,3,1040,390,3,0,-999
06/07/2025 12:45:04,3,1050,390,3,0,-999
06/07/2025 12:45:20,3,1050,390,3,0,-999
06/07/2025 12:45:36,3,1040,390,3,0,-999
06/07/2025 12:45:52,3,1040,390,3,0,-999
06/07/2025 12:46:08,3,1040,390,3,0,-999
06/07/2025 12:46:24,3,1040,390,3,0,-999
06/07/2025 12:46:40,3,1040,390,3,0,-999
06/07/2025 12:46:56,3,1030,390,3,0,-999
06/07/2025 12:47:12,3,1030,390,3,0,-999
06/07/2025 12:47:28,3,1030,390,3,0,-999
06/07/2025 12:47:44,3,1030,390,3,0,-999
06/07/2025 12:48:00,3,1030,390,3,0,-999
06/07/2025 12:48:16,3,1030,390,3,0,-999
06/07/2025 12:48:32,3,1030,390,3,0,-999
06/07/2025 12:48:48,3,1030,390,3,0,-999
06/07/2025 12:49:04,3,1030,390,3,0,-999
06/07/2025 12:49:20,3,1020,390,3,0,-999
06/07/2025 12:49:36,3,1020,390,3,0,-999
06/07/2025 12:49:52,3,1020,390,3,0,-999
06/07/2025 12:50:08,3,1020,390,3,0,-999
06/07/2025 12:50:24,3,1010,390,3,0,-999
06/07/2025 12:50:40,3,1010,390,3,0,-999
06/07/2025 12:50:56,3,1010,390,3,0,-999
06/07/2025 12:51:12,3,1010,390,3,0,-999
06/07/2025 12:51:28,3,1010,390,3,0,-999
06/07/2025 12:51:44,3,1010,390,3,0,-999
06/07/2025 12:52:00,3,1010,390,3,0,-999
06/07/2025 12:52:16,3,1010,390,3,0,-999
06/07/2025 12:52:32,3,1010,390,3,0,-999
06/07/2025 12:52:48,3,1000,390,3,0,-999
06/07/2025 12:53:04,3,1000,390,3,0,-999
06/07/2025 12:53:20,3,1000,390,3,0,-999
06/07/2025 12:53:36,3,1000,390,3,0,-999
06/07/2025 12:53:52,3,990,390,3,0,-999
06/07/2025 12:54:08,3,990,390,3,0,-999
06/07/2025 12:54:24,3,990,390,3,0,-999
06/07/2025 12:54:40,3,980,390,3,0,-999
06/07/2025 12:54:56,3,990,390,3,0,-999
06/07/2025 12:55:12,3,990,390,3,0,-999
06/07/2025 12:55:28,3,990,390,3,1,4300
06/07/2025 12:55:44,3,990,390,3,1,4300
06/07/2025 12:56:00,3,420,390,3,1,4300
06/07/2025 12:56:16,3,420,390,3,1,4270
06/07/2025 12:56:32,3,420,390,3,1,4270
06/07/2025 12:56:48,3,420,390,3,1,4280
06/07/2025 12:57:04,3,420,390,3,1,4280
06/07/2025 12:57:20,3,420,390,3,0,-999
06/07/2025 12:57:36,3,420,390,3,0,-999
06/07/2025 12:57:52,3,420,390,3,1,4310
06/07/2025 12:58:08,3,410,390,3,1,4310
06/07/2025 12:58:24,3,410,390,3,1,4310
06/07/2025 12:58:40,3,410,390,3,1,4240
06/07/2025 12:58:56,3,410,390,3,1,4240
06/07/2025 12:59:12,3,410,390,3,1,4220
06/07/2025 12:59:28,3,410,390,3,1,4220
06/07/2025 12:59:44,3,410,390,3,1,4240
06/07/2025 13:00:00,2,410,1010,3,1,4240
06/07/2025 13:00:16,2,410,1010,3,1,4210
06/07/2025 13:00:32,2,410,1010,3,1,4210
06/07/2025 13:00:48,2,410,1010,3,1,4210
06/07/2025 13:01:04,2,410,1010,3,1,4170
06/07/2025 13:01:20,2,410,1010,3,1,4170
06/07/2025 13:01:36,2,410,1010,3,1,4130
06/07/2025 13:01:52,2,410,1010,3,1,4130
06/07/2025 13:02:08,2,410,1010,3,1,4130
06/07/2025 13:02:24,2,410,1010,3,1,4130
06/07/2025 13:02:40,2,410,1010,3,0,-999
06/07/2025 13:02:56,2,420,1010,3,0,-999
06/07/2025 13:03:12,2,420,1010,3,0,-999
06/07/2025 13:03:28,2,420,1010,3,1,4250
06/07/2025 13:03:44,2,420,1010,3,1,4250
06/07/2025 13:04:00,2,420,1010,3,1,4170
06/07/2025 13:04:16,2,420,1010,3,1,4170
06/07/2025 13:04:32,2,420,1010,3,1,4150
06/07/2025 13:04:48,2,420,1010,3,1,4150
06/07/2025 13:05:04,2,420,1010,3,0,-999
06/07/2025 13:05:20,2,420,1010,3,0,-999
06/07/2025 13:05:36,2,420,1010,3,0,-999
06/07/2025 13:05:52,2,420,1010,3,0,-999
06/07/2025 13:06:08,2,420,1010,3,0,-999
06/07/2025 13:06:24,2,420,1010,3,0,-999
06/07/2025 13:06:40,2,420,1010,3,0,-999
06/07/2025 13:06:56,2,420,1010,3,0,-999
06/07/2025 13:07:12,2,420,1010,3,0,-999
06/07/2025 13:07:28,2,420,1010,3,1,4240
06/07/2025 13:07:44,2,420,1010,3,1,4240
06/07/2025 13:08:00,2,420,1010,3,1,4240
06/07/2025 13:08:16,2,420,1010,3,2,4050
06/07/2025 13:08:32,2,420,1010,3,2,4050
06/07/2025 13:08:48,2,420,1010,3,0,-999
06/07/2025 13:09:04,2,420,1010,3,0,-999
06/07/2025 13:09:20,2,420,1010,3,0,-999
06/07/2025 13:09:36,2,420,1010,3,0,-999
06/07/2025 13:09:52,2,420,1010,3,0,-999
06/07/2025 13:10:08,2,420,1010,3,0,-999
06/07/2025 13:10:24,2,420,1010,3,0,-999
06/07/2025 13:10:40,2,420,1010,3,0,-999
06/07/2025 13:10:56,2,420,1010,3,0,-999
06/07/2025 13:11:12,2,420,1010,3,0,-999
06/07/2025 13:11:28,2,420,1010,3,0,-999
06/07/2025 13:11:44,2,420,1010,3,0,-999
06/07/2025 13:12:00,2,420,1010,3,0,-999
06/07/2025 13:12:16,2,420,1010,3,0,-999
06/07/2025 13:12:32,2,420,1010,3,0,-999
06/07/2025 13:12:48,2,420,1010,3,0,-999
06/07/2025 13:13:04,2,420,1010,3,0,-999
06/07/2025 13:13:20,2,420,1010,3,0,-999
06/07/2025 13:13:36,2,420,1010,3,0,-999
06/07/2025 13:13:52,2,420,1010,3,0,-999
06/07/2025 13:14:08,2,420,1010,3,0,-999
06/07/2025 13:14:24,2,420,1010,3,0,-999
06/07/2025 13:14:40,2,420,1010,3,0,-999
06/07/2025 13:14:56,2,420,1010,3,0,-999
06/07/2025 13:15:12,2,420,1010,3,0,-999
06/07/2025 13:15:28,2,420,1010,3,0,-999
06/07/2025 13:15:44,2,420,1010,3,0,-999
06/07/2025 13:16:00,2,420,1010,3,0,-999
06/07/2025 13:16:16,2,420,1010,3,0,-999
06/07/2025 13:16:32,2,410,1010,3,0,-999
06/07/2025 13:16:48,2,410,1010,3,0,-999
06/07/2025 13:17:04,2,410,1010,3,0,-999
06/07/2025 13:17:20,2,410,1010,3,0,-999
06/07/2025 13:17:36,2,410,1010,3,0,-999
06/07/2025 13:17:52,2,410,1010,3,0,-999
06/07/2025 13:18:08,2,410,1010,3,0,-999
06/07/2025 13:18:24,2,410,1010,3,0,-999
06/07/2025 13:18:40,2,410,1010,3,0,-999
06/07/2025 13:18:56,2,410,1010,3,0,-999
06/07/2025 13:19:12,2,420,1010,3,0,-999
06/07/2025 13:19:28,2,420,1010,3,0,-999
06/07/2025 13:19:44,2,420,1010,3,0,-999
06/07/2025 13:20:00,2,420,1010,3,0,-999
06/07/2025 13:20:16,2,420,1010,3,0,-999
06/07/2025 13:20:32,2,420,1010,3,0,-999
06/07/2025 13:20:48,2,420,1010,3,0,-999
06/07/2025 13:21:04,2,420,1010,3,0,-999
06/07/2025 13:21:20,2,420,1010,3,0,-999
06/07/2025 13:21:36,2,420,1010,3,0,-999
06/07/2025 13:21:52,2,420,1010,3,0,-999
06/07/2025 13:22:08,2,420,1010,3,0,-999
06/07/2025 13:22:24,2,420,1010,3,0,-999
06/07/2025 13:22:40,2,420,1010,3,0,-999
06/07/2025 13:22:56,2,420,1010,3,0,-999
06/07/2025 13:23:12,2,420,1010,3,0,-999
06/07/2025 13:23:28,2,420,1010,3,0,-999
06/07/2025 13:23:44,2,430,1010,3,0,-999
06/07/2025 13:24:00,2,430,1010,3,0,-999
06/07/2025 13:24:16,2,430,1010,3,0,-999
06/07/2025 13:24:32,2,430,1010,3,0,-999
06/07/2025 13:24:48,2,430,1010,3,0,-999
06/07/2025 13:25:04,2,430,1010,3,0,-999
06/07/2025 13:25:20,2,430,1010,3,0,-999
06/07/2025 13:25:36,2,430,1010,3,0,-999
06/07/2025 13:25:52,2,430,1010,3,0,-999
06/07/2025 13:26:08,2,430,1010,3,0,-999
06/07/2025 13:26:24,2,430,1010,3,0,-999
06/07/2025 13:26:40,2,430,1010,3,0,-999
06/07/2025 13:26:56,2,440,1010,3,0,-999
06/07/2025 13:27:12,2,440,1010,3,0,-999
06/07/2025 13:27:28,2,440,1010,3,0,-999
06/07/2025 13:27:44,2,440,1010,3,0,-999
06/07/2025 13:28:00,2,440,1010,3,0,-999
06/07/2025 13:28:16,2,440,1010,3,0,-999
06/07/2025 13:28:32,2,440,1010,3,0,-999
06/07/2025 13:28:48,2,440,1010,3,0,-999
06/07/2025 13:29:04,2,1020,1010,3,0,-999
06/07/2025 13:29:20,2,1020,1010,3,0,-999
06/07/2025 13:29:36,2,1020,1010,3,0,-999
06/07/2025 13:29:52,2,1030,1010,3,0,-999
06/07/2025 13:30:08,2,1030,1010,3,0,-999
06/07/2025 13:30:24,2,1030,1010,3,0,-999
06/07/2025 13:30:40,2,1040,1010,3,0,-999
06/07/2025 13:30:56,2,1040,1010,3,0,-999
06/07/2025 13:31:12,2,1040,1010,3,0,-999
06/07/2025 13:31:28,2,1040,1010,3,0,-999
06/07/2025 13:31:44,2,1050,1010,3,0,-999
06/07/2025 13:32:00,2,1050,1010,3,0,-999
06/07/2025 13:32:16,2,1060,1010,3,0,-999
06/07/2025 13:32:32,2,1060,1010,3,0,-999
06/07/2025 13:32:48,2,1070,1010,3,0,-999
06/07/2025 13:33:04,2,1070,1010,3,0,-999
06/07/2025 13:33:20,2,1070,1010,3,0,-999
06/07/2025 13:33:36,2,1070,1010,3,0,-999
06/07/2025 13:33:52,2,1060,1010,3,0,-999
06/07/2025 13:34:08,2,1060,1010,3,0,-999
06/07/2025 13:34:24,2,1060,1010,3,0,-999
06/07/2025 13:34:40,2,1060,1010,3,0,-999
06/07/2025 13:34:56,2,1060,1010,3,0,-999
06/07/2025 13:35:12,2,1060,1010,3,0,-999
06/07/2025 13:35:28,2,1070,1010,3,0,-999
06/07/2025 13:35:44,2,1070,1010,3,0,-999
06/07/2025 13:36:00,2,1070,1010,3,0,-999
06/07/2025 13:36:16,2,1070,1010,3,0,-999
06/07/2025 13:36:32,2,1070,1010,3,0,-999
06/07/2025 13:36:48,2,1070,1010,3,0,-999
06/07/2025 13:37:04,2,1080,1010,3,0,-999
06/07/2025 13:37:20,2,1080,1010,3,0,-999
06/07/2025 13:37:36,2,1090,1010,3,0,-999
06/07/2025 13:37:52,2,1090,1010,3,0,-999
06/07/2025 13:38:08,2,1090,1010,3,0,-999
06/07/2025 13:38:24,2,1100,1010,3,0,-999
06/07/2025 13:38:40,2,1100,1010,3,0,-999
06/07/2025 13:38:56,2,1110,1010,3,0,-999
06/07/2025 13:39:12,2,1110,1010,3,0,-999
06/07/2025 13:39:28,2,1110,1010,3,0,-999
06/07/2025 13:39:44,2,1120,1010,3,0,-999
06/07/2025 13:40:00,2,1120,1010,3,0,-999
06/07/2025 13:40:16,2,1120,1010,3,0,-999
06/07/2025 13:40:32,2,1120,1010,3,0,-999
06/07/2025 13:40:48,2,1130,1010,3,0,-999
06/07/2025 13:41:04,2,1130,1010,3,0,-999
06/07/2025 13:41:20,2,1130,1010,3,0,-999
06/07/2025 13:41:36,2,1130,1010,3,0,-999
06/07/2025 13:41:52,2,1130,1010,3,0,-999
06/07/2025 13:42:08,2,1130,1010,3,0,-999
06/07/2025 13:42:24,2,1130,1010,3,0,-999
06/07/2025 13:42:40,2,1140,1010,3,0,-999
06/07/2025 13:42:56,2,1140,1010,3,0,-999
06/07/2025 13:43:12,2,1140,1010,3,0,-999
06/07/2025 13:43:28,2,1140,1010,3,0,-999
06/07/2025 13:43:44,2,1130,1010,3,0,-999
06/07/2025 13:44:00,2,1140,1010,3,0,-999
06/07/2025 13:44:16,2,1140,1010,3,0,-999
06/07/2025 13:44:32,2,1140,1010,3,0,-999
06/07/2025 13:44:48,2,1140,1010,3,0,-999
06/07/2025 13:45:04,2,1140,1010,3,0,-999
06/07/2025 13:45:20,2,1140,1010,3,0,-999
06/07/2025 13:45:36,2,1140,1010,3,0,-999
06/07/2025 13:45:52,2,1140,1010,3,0,-999
06/07/2025 13:46:08,2,1130,1010,3,0,-999
06/07/2025 13:46:24,2,1130,1010,3,0,-999
06/07/2025 13:46:40,2,1130,1010,3,0,-999
06/07/2025 13:46:56,2,1130,1010,3,0,-999
06/07/2025 13:47:12,2,1130,1010,3,0,-999
06/07/2025 13:47:28,2,1130,1010,3,0,-999
06/07/2025 13:47:44,2,1140,1010,3,0,-999
06/07/2025 13:48:00,2,1150,1010,3,0,-999
06/07/2025 13:48:16,2,1150,1010,3,0,-999
06/07/2025 13:48:32,2,1150,1010,3,0,-999
06/07/2025 13:48:48,2,1160,1010,3,0,-999
06/07/2025 13:49:04,2,1160,1010,3,0,-999
06/07/2025 13:49:20,2,1160,1010,3,0,-999
06/07/2025 13:49:36,2,1150,1010,3,0,-999
06/07/2025 13:49:52,2,1150,1010,3,0,-999
06/07/2025 13:50:08,2,1160,1010,3,0,-999
06/07/2025 13:50:24,2,1160,1010,3,0,-999
06/07/2025 13:50:40,2,1160,1010,3,0,-999
06/07/2025 13:50:56,2,1160,1010,3,0,-999
06/07/2025 13:51:12,2,1160,1010,3,0,-999
06/07/2025 13:51:28,2,1160,1010,3,0,-999
06/07/2025 13:51:44,2,1160,1010,3,0,-999
06/07/2025 13:52:00,2,1150,1010,3,0,-999
06/07/2025 13:52:16,2,1150,1010,3,0,-999
06/07/2025 13:52:32,2,1150,1010,3,0,-999
06/07/2025 13:52:48,2,1160,1010,3,0,-999
06/07/2025 13:53:04,2,1160,1010,3,0,-999
06/07/2025 13:53:20,2,1160,1010,3,0,-999
06/07/2025 13:53:36,2,1150,1010,3,0,-999
06/07/2025 13:53:52,2,1150,1010,3,0,-999
06/07/2025 13:54:08,2,1150,1010,3,0,-999
06/07/2025 13:54:24,2,1150,1010,3,0,-999
06/07/2025 13:54:40,2,1150,1010,3,0,-999
06/07/2025 13:54:56,2,1160,1010,3,0,-999
06/07/2025 13:55:12,2,1160,1010,3,0,-999
06/07/2025 13:55:28,2,1160,1010,3,0,-999
06/07/2025 13:55:44,2,1160,1010,3,0,-999
06/07/2025 13:56:00,2,1160,1010,3,0,-999
06/07/2025 13:56:16,2,1160,1010,3,0,-999
06/07/2025 13:56:32,2,1160,1010,3,0,-999
06/07/2025 13:56:48,2,1160,1010,3,0,-999
06/07/2025 13:57:04,2,1170,1010,3,0,-999
06/07/2025 13:57:20,2,1170,1010,3,0,-999
06/07/2025 13:57:36,2,1170,1010,3,0,-999
06/07/2025 13:57:52,2,1170,1010,3,0,-999
06/07/2025 13:58:08,2,1170,1010,3,0,-999
06/07/2025 13:58:24,2,1160,1010,3,0,-999
06/07/2025 13:58:40,2,1170,1010,3,0,-999
06/07/2025 13:58:56,2,1170,1010,3,0,-999
06/07/2025 13:59:12,2,1170,1010,3,0,-999
06/07/2025 13:59:28,2,1170,1010,3,0,-999
06/07/2025 13:59:44,2,1170,1010,3,0,-999
06/07/2025 14:00:00,2,1180,420,3,0,-999
06/07/2025 14:00:16,2,1180,420,3,0,-999
06/07/2025 14:00:32,2,1180,420,3,0,-999
06/07/2025 14:00:48,2,1180,420,3,0,-999
06/07/2025 14:01:04,2,1190,420,3,0,-999
06/07/2025 14:01:20,2,1190,420,3,0,-999
06/07/2025 14:01:36,2,1190,420,3,0,-999
06/07/2025 14:01:52,2,1190,420,3,0,-999
06/07/2025 14:02:08,2,1190,420,3,0,-999
06/07/2025 14:02:24,2,1190,420,3,0,-999
06/07/2025 14:02:40,2,1190,420,3,0,-999
06/07/2025 14:02:56,2,1190,420,3,0,-999
06/07/2025 14:03:12,2,1200,420,3,0,-999
06/07/2025 14:03:28,2,1200,420,3,0,-999
06/07/2025 14:03:44,2,1200,420,3,0,-999
06/07/2025 14:04:00,2,1200,420,3,0,-999
06/07/2025 14:04:16,2,1200,420,3,0,-999
06/07/2025 14:04:32,2,1200,420,3,0,-999
06/07/2025 14:04:48,2,1200,420,3,0,-999
06/07/2025 14:05:04,2,1200,420,3,0,-999
06/07/2025 14:05:20,2,1200,420,3,0,-999
06/07/2025 14:05:36,2,1200,420,3,0,-999
06/07/2025 14:05:52,2,1210,420,3,0,-999
06/07/2025 14:06:08,2,1210,420,3,0,-999
06/07/2025 14:06:24,2,1210,420,3,0,-999
06/07/2025 14:06:40,2,1210,420,3,0,-999
06/07/2025 14:06:56,2,1210,420,3,0,-999
06/07/2025 14:07:12,2,1210,420,3,0,-999
06/07/2025 14:07:28,2,1210,420,3,0,-999
06/07/2025 14:07:44,2,1210,420,3,0,-999
06/07/2025 14:08:00,2,1220,420,3,0,-999
06/07/2025 14:08:16,2,1220,420,3,0,-999
06/07/2025 14:08:32,2,1220,420,3,0,-999
06/07/2025 14:08:48,2,1220,420,3,0,-999
06/07/2025 14:09:04,2,1220,420,3,0,-999
06/07/2025 14:09:20,2,1220,420,3,1,4510
06/07/2025 14:09:36,2,1230,420,3,1,4510
06/07/2025 14:09:52,2,1230,420,3,1,4500
06/07/2025 14:10:08,2,1230,420,3,1,4500
06/07/2025 14:10:24,2,1230,420,3,1,4500
06/07/2025 14:10:40,2,1230,420,3,1,4500
06/07/2025 14:10:56,2,1230,420,3,1,4500
06/07/2025 14:11:12,2,1230,420,3,1,4490
06/07/2025 14:11:28,2,1240,420,3,1,4490
06/07/2025 14:11:44,2,1240,420,3,1,4490
06/07/2025 14:12:00,2,1240,420,3,1,4490
06/07/2025 14:12:16,2,1240,420,3,1,4490
06/07/2025 14:12:32,2,1240,420,3,1,4490
06/07/2025 14:12:48,2,1250,420,3,1,4490
06/07/2025 14:13:04,2,1250,420,3,1,4480
06/07/2025 14:13:20,2,1250,420,3,1,4480
06/07/2025 14:13:36,2,1250,420,3,1,4480
06/07/2025 14:13:52,2,1250,420,3,1,4480
06/07/2025 14:14:08,2,1250,420,3,1,4470
06/07/2025 14:14:24,2,1250,420,3,1,4470
06/07/2025 14:14:40,2,1250,420,3,1,4460
06/07/2025 14:14:56,2,1250,420,3,1,4460
06/07/2025 14:15:12,2,1240,420,3,1,4460
06/07/2025 14:15:28,2,1250,420,3,1,4460
06/07/2025 14:15:44,2,1260,420,3,1,4460
06/07/2025 14:16:00,2,1260,420,3,1,4450
06/07/2025 14:16:16,2,1260,420,3,1,4450
06/07/2025 14:16:32,2,1250,420,3,1,4430
06/07/2025 14:16:48,2,1250,420,3,1,4430
06/07/2025 14:17:04,2,1250,420,3,1,4410
06/07/2025 14:17:20,2,1250,420,3,1,4410
06/07/2025 14:17:36,2,1250,420,3,1,4410
06/07/2025 14:17:52,2,1260,420,3,1,4410
06/07/2025 14:18:08,2,1260,420,3,1,4410
06/07/2025 14:18:24,2,1260,420,3,1,4390
06/07/2025 14:18:40,2,1260,420,3,1,4390
06/07/2025 14:18:56,2,1260,420,3,1,4430
06/07/2025 14:19:12,2,1260,420,3,1,4430
06/07/2025 14:19:28,2,1250,420,3,1,4410
06/07/2025 14:19:44,2,1250,420,3,1,4410
06/07/2025 14:20:00,2,1250,420,3,1,4410
06/07/2025 14:20:16,2,1250,420,3,1,4400
06/07/2025 14:20:32,2,1250,420,3,1,4400
06/07/2025 14:20:48,2,1250,420,3,1,4400
06/07/2025 14:21:04,2,1250,420,3,1,4400
06/07/2025 14:21:20,2,1250,420,3,1,4390
06/07/2025 14:21:36,2,1250,420,3,1,4390
06/07/2025 14:21:52,2,1250,420,3,1,4380
06/07/2025 14:22:08,2,1240,420,3,1,4380
06/07/2025 14:22:24,2,1240,420,3,1,4380
06/07/2025 14:22:40,2,1240,420,3,1,4370
06/07/2025 14:22:56,2,1240,420,3,1,4370
06/07/2025 14:23:12,2,1240,420,3,1,4350
06/07/2025 14:23:28,2,1240,420,3,1,4350
06/07/2025 14:23:44,2,1240,420,3,1,4350
06/07/2025 14:24:00,2,1240,420,3,1,4350
06/07/2025 14:24:16,2,1230,420,3,1,4340
06/07/2025 14:24:32,2,1230,420,3,1,4340
06/07/2025 14:24:48,2,1240,420,3,1,4340
06/07/2025 14:25:04,2,1230,420,3,1,4340
06/07/2025 14:25:20,2,1230,420,3,1,4340
06/07/2025 14:25:36,2,1230,420,3,1,4350
06/07/2025 14:25:52,2,1230,420,3,1,4350
06/07/2025 14:26:08,2,1230,420,3,1,4370
06/07/2025 14:26:24,2,1220,420,3,1,4370
06/07/2025 14:26:40,2,1220,420,3,1,4370
06/07/2025 14:26:56,2,1220,420,3,1,4370
06/07/2025 14:27:12,2,1220,420,3,1,4370
06/07/2025 14:27:28,2,1220,420,3,1,4350
06/07/2025 14:27:44,2,1220,420,3,1,4350
06/07/2025 14:28:00,2,1210,420,3,1,4320
06/07/2025 14:28:16,2,1210,420,3,1,4320
06/07/2025 14:28:32,2,1210,420,3,1,4390
06/07/2025 14:28:48,2,1220,420,3,1,4390
06/07/2025 14:29:04,2,1220,420,3,1,4370
06/07/2025 14:29:20,2,1210,420,3,1,4370
06/07/2025 14:29:36,2,1200,420,3,1,4370
06/07/2025 14:29:52,2,1200,420,3,1,4380
06/07/2025 14:30:08,2,1200,420,3,1,4380
06/07/2025 14:30:24,2,1200,420,3,1,4390
06/07/2025 14:30:40,2,1200,420,3,1,4390
06/07/2025 14:30:56,2,1200,420,3,1,4410
06/07/2025 14:31:12,2,1200,420,3,1,4410
06/07/2025 14:31:28,2,1200,420,3,1,4340
06/07/2025 14:31:44,2,1200,420,3,1,4340
06/07/2025 14:32:00,2,1200,420,3,1,4340
06/07/2025 14:32:16,2,1200,420,3,1,4340
06/07/2025 14:32:32,2,1190,420,3,1,4340
06/07/2025 14:32:48,2,1190,420,3,0,-999
06/07/2025 14:33:04,2,1190,420,3,0,-999
06/07/2025 14:33:20,2,1190,420,3,1,4310
06/07/2025 14:33:36,2,1200,420,3,1,4310
06/07/2025 14:33:52,2,1200,420,3,0,-999
06/07/2025 14:34:08,2,1200,420,3,0,-999
06/07/2025 14:34:24,2,1200,420,3,0,-999
06/07/2025 14:34:40,2,1200,420,3,0,-999
06/07/2025 14:34:56,2,1190,420,3,0,-999
06/07/2025 14:35:12,2,1190,420,3,0,-999
06/07/2025 14:35:28,2,1190,420,3,0,-999
06/07/2025 14:35:44,2,1190,420,3,1,4410
06/07/2025 14:36:00,2,1190,420,3,1,4410
06/07/2025 14:36:16,2,1180,420,3,1,4410
06/07/2025 14:36:32,2,1190,420,3,1,4410
06/07/2025 14:36:48,2,1190,420,3,1,4410
06/07/2025 14:37:04,2,1180,420,3,0,-999
06/07/2025 14:37:20,2,1180,420,3,0,-999
06/07/2025 14:37:36,2,1180,420,3,0,-999
06/07/2025 14:37:52,2,1180,420,3,0,-999
06/07/2025 14:38:08,2,1180,420,3,0,-999
06/07/2025 14:38:24,2,1180,420,3,0,-999
06/07/2025 14:38:40,2,1180,420,3,0,-999
06/07/2025 14:38:56,2,1180,420,3,0,-999
06/07/2025 14:39:12,2,1180,420,3,0,-999
06/07/2025 14:39:28,2,1170,420,3,0,-999
06/07/2025 14:39:44,2,1170,420,3,0,-999
06/07/2025 14:40:00,2,1170,420,3,0,-999
06/07/2025 14:40:16,2,1160,420,3,0,-999
06/07/2025 14:40:32,2,1160,420,3,0,-999
06/07/2025 14:40:48,2,1160,420,3,0,-999
06/07/2025 14:41:04,2,1150,420,3,0,-999
06/07/2025 14:41:20,2,1150,420,3,0,-999
06/07/2025 14:41:36,2,1150,420,3,0,-999
06/07/2025 14:41:52,2,1150,420,3,0,-999
06/07/2025 14:42:08,2,1150,420,3,0,-999
06/07/2025 14:42:24,2,1150,420,3,0,-999
06/07/2025 14:42:40,2,1150,420,3,0,-999
06/07/2025 14:42:56,2,1140,420,3,0,-999
06/07/2025 14:43:12,2,1140,420,3,0,-999
06/07/2025 14:43:28,2,1140,420,3,0,-999
06/07/2025 14:43:44,2,1140,420,3,0,-999
06/07/2025 14:44:00,2,1140,420,3,0,-999
06/07/2025 14:44:16,2,1140,420,3,0,-999
06/07/2025 14:44:32,2,1140,420,3,0,-999
06/07/2025 14:44:48,2,1140,420,3,0,-999
06/07/2025 14:45:04,2,1140,420,3,0,-999
06/07/2025 14:45:20,2,1140,420,3,0,-999
06/07/2025 14:45:36,2,1130,420,3,0,-999
06/07/2025 14:45:52,2,1130,420,3,0,-999
06/07/2025 14:46:08,2,1140,420,3,0,-999
06/07/2025 14:46:24,2,1140,420,3,0,-999
06/07/2025 14:46:40,2,1140,420,3,0,-999
06/07/2025 14:46:56,2,1140,420,3,0,-999
06/07/2025 14:47:12,2,1130,420,3,0,-999
06/07/2025 14:47:28,2,1130,420,3,0,-999
06/07/2025 14:47:44,2,1130,420,3,0,-999
06/07/2025 14:48:00,2,1130,420,3,0,-999
06/07/2025 14:48:16,2,1120,420,3,0,-999
06/07/2025 14:48:32,2,1120,420,3,0,-999
06/07/2025 14:48:48,2,1120,420,3,0,-999
06/07/2025 14:49:04,2,1120,420,3,0,-999
06/07/2025 14:49:20,2,1120,420,3,0,-999
06/07/2025 14:49:36,2,1120,420,3,0,-999
06/07/2025 14:49:52,2,1120,420,3,0,-999
06/07/2025 14:50:08,2,1120,420,3,0,-999
06/07/2025 14:50:24,2,1120,420,3,0,-999
06/07/2025 14:50:40,2,1110,420,3,0,-999
06/07/2025 14:50:56,2,1110,420,3,0,-999
06/07/2025 14:51:12,2,1110,420,3,0,-999
06/07/2025 14:51:28,2,1110,420,3,0,-999
06/07/2025 14:51:44,2,1110,420,3,0,-999
06/07/2025 14:52:00,2,1110,420,3,0,-999
06/07/2025 14:52:16,2,1100,420,3,0,-999
06/07/2025 14:52:32,2,1100,420,3,1,4440
06/07/2025 14:52:48,2,1100,420,3,1,4440
06/07/2025 14:53:04,2,1100,420,3,1,4440
06/07/2025 14:53:20,2,1100,420,3,1,4440
06/07/2025 14:53:36,2,1100,420,3,1,4440
06/07/2025 14:53:52,2,1100,420,3,1,4430
06/07/2025 14:54:08,2,1100,420,3,1,4430
06/07/2025 14:54:24,2,1110,420,3,1,4450
06/07/2025 14:54:40,2,1110,420,3,1,4450
06/07/2025 14:54:56,2,1110,420,3,1,4450
06/07/2025 14:55:12,2,1100,420,3,1,4450
06/07/2025 14:55:28,2,1100,420,3,1,4420
06/07/2025 14:55:44,2,1100,420,3,1,4420
06/07/2025 14:56:00,2,1110,420,3,1,4420
06/07/2025 14:56:16,2,1110,420,3,1,4410
06/07/2025 14:56:32,2,1110,420,3,1,4410
06/07/2025 14:56:48,2,1110,420,3,1,4400
06/07/2025 14:57:04,2,1100,420,3,1,4400
06/07/2025 14:57:20,2,1110,420,3,1,4390
06/07/2025 14:57:36,2,1110,420,3,1,4390
06/07/2025 14:57:52,2,1100,420,3,1,4390
06/07/2025 14:58:08,2,1100,420,3,1,4390
06/07/2025 14:58:24,2,1090,420,3,1,4390
06/07/2025 14:58:40,2,1090,420,3,1,4380
06/07/2025 14:58:56,2,1080,420,3,1,4380
06/07/2025 14:59:12,2,1080,420,3,1,4390
06/07/2025 14:59:28,2,1080,420,3,1,4390
06/07/2025 14:59:44,2,1070,420,3,1,4390
06/07/2025 15:00:00,3,1070,1200,3,1,4390
06/07/2025 15:00:16,3,1070,1200,3,1,4380
06/07/2025 15:00:32,3,1070,1200,3,1,4380
06/07/2025 15:00:48,3,1070,1200,3,1,4380
06/07/2025 15:01:04,3,1070,1200,3,1,4380
06/07/2025 15:01:20,3,1070,1200,3,1,4380
06/07/2025 15:01:36,3,1060,1200,3,1,4400
06/07/2025 15:01:52,3,1060,1200,3,1,4400
06/07/2025 15:02:08,3,1060,1200,3,1,4410
06/07/2025 15:02:24,3,1060,1200,3,1,4410
06/07/2025 15:02:40,3,1060,1200,3,0,-999
06/07/2025 15:02:56,3,1060,1200,3,0,-999
06/07/2025 15:03:12,3,1060,1200,3,0,-999
06/07/2025 15:03:28,3,1060,1200,3,0,-999
06/07/2025 15:03:44,3,1060,1200,3,0,-999
06/07/2025 15:04:00,3,1060,1200,3,0,-999
06/07/2025 15:04:16,3,1060,1200,3,0,-999
06/07/2025 15:04:32,3,1060,1200,3,0,-999
06/07/2025 15:04:48,3,1060,1200,3,0,-999
06/07/2025 15:05:04,3,1050,1200,3,0,-999
06/07/2025 15:05:20,3,1050,1200,3,0,-999
06/07/2025 15:05:36,3,1050,1200,3,0,-999
06/07/2025 15:05:52,3,1050,1200,3,0,-999
06/07/2025 15:06:08,3,1050,1200,3,0,-999
06/07/2025 15:06:24,3,1050,1200,3,1,4440
06/07/2025 15:06:40,3,1050,1200,3,1,4440
06/07/2025 15:06:56,3,1050,1200,3,1,4510
06/07/2025 15:07:12,3,1040,1200,3,1,4510
06/07/2025 15:07:28,3,1050,1200,3,1,4500
06/07/2025 15:07:44,3,1040,1200,3,1,4500
06/07/2025 15:08:00,3,1040,1200,3,1,4500
06/07/2025 15:08:16,3,1040,1200,3,1,4500
06/07/2025 15:08:32,3,1040,1200,3,1,4500
06/07/2025 15:08:48,3,1040,1200,3,1,4500
06/07/2025 15:09:04,3,1040,1200,3,1,4500
06/07/2025 15:09:20,3,1040,1200,3,0,-999
06/07/2025 15:09:36,3,1040,1200,3,0,-999
06/07/2025 15:09:52,3,1040,1200,3,0,-999
06/07/2025 15:10:08,3,1040,1200,3,0,-999
06/07/2025 15:10:24,3,1030,1200,3,0,-999
06/07/2025 15:10:40,3,1030,1200,3,0,-999
06/07/2025 15:10:56,3,1040,1200,3,0,-999
06/07/2025 15:11:12,3,1030,1200,3,0,-999
06/07/2025 15:11:28,3,1030,1200,3,0,-999
06/07/2025 15:11:44,3,1030,1200,3,0,-999
06/07/2025 15:12:00,3,1040,1200,3,0,-999
06/07/2025 15:12:16,3,1040,1200,3,0,-999
06/07/2025 15:12:32,3,1040,1200,3,0,-999
06/07/2025 15:12:48,3,1040,1200,3,0,-999
06/07/2025 15:13:04,3,1040,1200,3,0,-999
06/07/2025 15:13:20,3,1040,1200,3,0,-999
06/07/2025 15:13:36,3,1040,1200,3,0,-999
06/07/2025 15:13:52,3,1040,1200,3,0,-999
06/07/2025 15:14:08,3,1040,1200,3,0,-999
06/07/2025 15:14:24,3,1040,1200,3,0,-999
06/07/2025 15:14:40,3,1030,1200,3,0,-999
06/07/2025 15:14:56,3,1030,1200,3,0,-999
06/07/2025 15:15:12,3,1030,1200,3,0,-999
06/07/2025 15:15:28,3,1030,1200,3,0,-999
06/07/2025 15:15:44,3,1030,1200,3,0,-999
06/07/2025 15:16:00,3,1030,1200,3,0,-999
06/07/2025 15:16:16,3,1030,1200,3,0,-999
06/07/2025 15:16:32,3,1030,1200,3,0,-999
06/07/2025 15:16:48,3,1030,1200,3,0,-999
06/07/2025 15:17:04,3,1020,1200,3,1,4160
06/07/2025 15:17:20,3,1020,1200,3,1,4160
06/07/2025 15:17:36,3,1020,1200,3,1,4160
06/07/2025 15:17:52,3,1030,1200,3,1,4160
06/07/2025 15:18:08,3,1030,1200,3,1,4160
06/07/2025 15:18:24,3,1020,1200,3,1,4230
06/07/2025 15:18:40,3,1020,1200,3,1,4230
06/07/2025 15:18:56,3,1020,1200,3,1,4370
06/07/2025 15:19:12,3,1020,1200,3,1,4370
06/07/2025 15:19:28,3,1020,1200,3,0,-999
06/07/2025 15:19:44,3,1020,1200,3,0,-999
06/07/2025 15:20:00,3,1020,1200,3,0,-999
06/07/2025 15:20:16,3,1020,1200,3,1,4370
06/07/2025 15:20:32,3,1010,1200,3,1,4370
06/07/2025 15:20:48,3,580,1200,3,1,4410
06/07/2025 15:21:04,3,580,1200,3,1,4410
06/07/2025 15:21:20,3,690,1200,3,1,4450
06/07/2025 15:21:36,3,680,1200,3,1,4450
06/07/2025 15:21:52,3,10,1200,3,2,4140
06/07/2025 15:22:08,3,10,1200,3,2,4140
06/07/2025 15:22:24,3,10,1200,3,2,4140
06/07/2025 15:22:40,3,820,1200,3,2,4190
06/07/2025 15:22:56,3,820,1200,3,2,4190
06/07/2025 15:23:12,3,1000,1200,3,1,4390
06/07/2025 15:23:28,3,1000,1200,3,1,4390
06/07/2025 15:23:44,3,1000,1200,3,0,-999
06/07/2025 15:24:00,3,1000,1200,3,0,-999
06/07/2025 15:24:16,3,1000,1200,3,0,-999
06/07/2025 15:24:32,3,1000,1200,3,0,-999
06/07/2025 15:24:48,3,1000,1200,3,0,-999
06/07/2025 15:25:04,3,1000,1200,3,0,-999
06/07/2025 15:25:20,3,1000,1200,3,0,-999
06/07/2025 15:25:36,3,1000,1200,3,0,-999
06/07/2025 15:25:52,3,990,1200,3,0,-999
06/07/2025 15:26:08,3,990,1200,3,0,-999
06/07/2025 15:26:24,3,990,1200,3,0,-999
06/07/2025 15:26:40,3,990,1200,3,0,-999
06/07/2025 15:26:56,3,990,1200,3,0,-999
06/07/2025 15:27:12,3,1000,1200,3,0,-999
06/07/2025 15:27:28,3,1000,1200,3,0,-999
06/07/2025 15:27:44,3,1000,1200,3,0,-999
06/07/2025 15:28:00,3,1000,1200,3,0,-999
06/07/2025 15:28:16,3,1000,1200,3,0,-999
06/07/2025 15:28:32,3,1000,1200,3,0,-999
06/07/2025 15:28:48,3,1000,1200,3,0,-999
06/07/2025 15:29:04,3,1000,1200,3,0,-999
06/07/2025 15:29:20,3,1000,1200,3,0,-999
06/07/2025 15:29:36,3,1000,1200,3,0,-999
06/07/2025 15:29:52,3,1000,1200,3,0,-999
06/07/2025 15:30:08,3,1000,1200,3,0,-999
06/07/2025 15:30:24,3,1010,1200,3,0,-999
06/07/2025 15:30:40,3,1010,1200,3,0,-999
06/07/2025 15:30:56,3,1010,1200,3,0,-999
06/07/2025 15:31:12,3,1020,1200,3,0,-999
06/07/2025 15:31:28,3,1020,1200,3,0,-999
06/07/2025 15:31:44,3,1020,1200,3,0,-999
06/07/2025 15:32:00,3,1020,1200,3,0,-999
06/07/2025 15:32:16,3,1020,1200,3,0,-999
06/07/2025 15:32:32,3,1020,1200,3,0,-999
06/07/2025 15:32:48,3,1020,1200,3,0,-999
06/07/2025 15:33:04,3,1020,1200,3,0,-999
06/07/2025 15:33:20,3,1030,1200,3,0,-999
06/07/2025 15:33:36,3,1030,1200,3,0,-999
06/07/2025 15:33:52,3,1030,1200,3,0,-999
06/07/2025 15:34:08,3,1030,1200,3,0,-999
06/07/2025 15:34:24,3,1030,1200,3,0,-999
06/07/2025 15:34:40,3,1030,1200,3,0,-999
06/07/2025 15:34:56,3,1030,1200,3,0,-999
06/07/2025 15:35:12,3,1020,1200,3,0,-999
06/07/2025 15:35:28,3,1020,1200,3,0,-999
06/07/2025 15:35:44,3,1020,1200,3,0,-999
06/07/2025 15:36:00,3,1020,1200,3,0,-999
06/07/2025 15:36:16,3,1020,1200,3,0,-999
06/07/2025 15:36:32,3,1020,1200,3,0,-999
06/07/2025 15:36:48,3,1030,1200,3,0,-999
06/07/2025 15:37:04,3,1030,1200,3,0,-999
06/07/2025 15:37:20,3,1030,1200,3,0,-999
06/07/2025 15:37:36,3,1030,1200,3,0,-999
06/07/2025 15:37:52,3,1030,1200,3,0,-999
06/07/2025 15:38:08,3,1030,1200,3,0,-999
06/07/2025 15:38:24,3,1030,1200,3,0,-999
06/07/2025 15:38:40,3,1040,1200,3,0,-999
06/07/2025 15:38:56,3,1040,1200,3,0,-999
06/07/2025 15:39:12,3,1040,1200,3,0,-999
06/07/2025 15:39:28,3,1050,1200,3,0,-999
06/07/2025 15:39:44,3,1050,1200,3,0,-999
06/07/2025 15:40:00,3,1050,1200,3,0,-999
06/07/2025 15:40:16,3,1060,1200,3,0,-999
06/07/2025 15:40:32,3,1060,1200,3,0,-999
06/07/2025 15:40:48,3,1060,1200,3,0,-999
06/07/2025 15:41:04,3,1060,1200,3,0,-999
06/07/2025 15:41:20,3,1070,1200,3,0,-999
06/07/2025 15:41:36,3,1070,1200,3,0,-999
06/07/2025 15:41:52,3,1070,1200,3,0,-999
06/07/2025 15:42:08,3,1070,1200,3,0,-999
06/07/2025 15:42:24,3,1080,1200,3,0,-999
06/07/2025 15:42:40,3,1080,1200,3,0,-999
06/07/2025 15:42:56,3,1080,1200,3,0,-999
06/07/2025 15:43:12,3,1090,1200,3,0,-999
06/07/2025 15:43:28,3,1090,1200,3,0,-999
06/07/2025 15:43:44,3,1090,1200,3,0,-999
06/07/2025 15:44:00,3,1090,1200,3,0,-999
06/07/2025 15:44:16,3,1100,1200,3,0,-999
06/07/2025 15:44:32,3,1100,1200,3,0,-999
06/07/2025 15:44:48,3,1100,1200,3,0,-999
06/07/2025 15:45:04,3,1100,1200,3,0,-999
06/07/2025 15:45:20,3,1100,1200,3,0,-999
06/07/2025 15:45:36,3,1110,1200,3,0,-999
06/07/2025 15:45:52,3,1110,1200,3,0,-999
06/07/2025 15:46:08,3,1110,1200,3,0,-999
06/07/2025 15:46:24,3,1110,1200,3,0,-999
06/07/2025 15:46:40,3,1120,1200,3,0,-999
06/07/2025 15:46:56,3,1120,1200,3,0,-999
06/07/2025 15:47:12,3,1120,1200,3,0,-999
06/07/2025 15:47:28,3,1120,1200,3,0,-999
06/07/2025 15:47:44,3,1130,1200,3,0,-999
06/07/2025 15:48:00,3,1130,1200,3,0,-999
06/07/2025 15:48:16,3,1130,1200,3,0,-999
06/07/2025 15:48:32,3,1140,1200,3,0,-999
06/07/2025 15:48:48,3,1140,1200,3,0,-999
06/07/2025 15:49:04,3,1140,1200,3,0,-999
06/07/2025 15:49:20,3,1140,1200,3,0,-999
06/07/2025 15:49:36,3,1140,1200,3,0,-999
06/07/2025 15:49:52,3,1140,1200,3,0,-999
06/07/2025 15:50:08,3,1150,1200,3,0,-999
06/07/2025 15:50:24,3,1150,1200,3,0,-999
06/07/2025 15:50:40,3,1150,1200,3,0,-999
06/07/2025 15:50:56,3,1150,1200,3,0,-999
06/07/2025 15:51:12,3,1160,1200,3,0,-999
06/07/2025 15:51:28,3,1160,1200,3,0,-999
06/07/2025 15:51:44,3,1160,1200,3,0,-999
06/07/2025 15:52:00,3,1160,1200,3,0,-999
06/07/2025 15:52:16,3,1160,1200,3,0,-999
06/07/2025 15:52:32,3,1160,1200,3,0,-999
06/07/2025 15:52:48,3,1170,1200,3,0,-999
06/07/2025 15:53:04,3,1170,1200,3,0,-999
06/07/2025 15:53:20,3,1170,1200,3,0,-999
06/07/2025 15:53:36,3,1170,1200,3,0,-999
06/07/2025 15:53:52,3,1170,1200,3,0,-999
06/07/2025 15:54:08,3,1170,1200,3,0,-999
06/07/2025 15:54:24,3,1170,1200,3,0,-999
06/07/2025 15:54:40,3,1170,1200,3,0,-999
06/07/2025 15:54:56,3,1170,1200,3,0,-999
06/07/2025 15:55:12,3,1170,1200,3,0,-999
06/07/2025 15:55:28,3,1180,1200,3,0,-999
06/07/2025 15:55:44,3,1180,1200,3,0,-999
06/07/2025 15:56:00,3,1180,1200,3,0,-999
06/07/2025 15:56:16,3,1180,1200,3,0,-999
06/07/2025 15:56:32,3,1180,1200,3,0,-999
06/07/2025 15:56:48,3,1190,1200,3,0,-999
06/07/2025 15:57:04,3,1190,1200,3,0,-999
06/07/2025 15:57:20,3,1190,1200,3,0,-999
06/07/2025 15:57:36,3,1190,1200,3,0,-999
06/07/2025 15:57:52,3,1190,1200,3,0,-999
06/07/2025 15:58:08,3,1190,1200,3,0,-999
06/07/2025 15:58:24,3,1190,1200,3,0,-999
06/07/2025 15:58:40,3,1190,1200,3,0,-999
06/07/2025 15:58:56,3,1190,1200,3,0,-999
06/07/2025 15:59:12,3,1190,1200,3,0,-999
06/07/2025 15:59:28,3,1190,1200,3,0,-999
06/07/2025 15:59:44,3,1190,1200,3,0,-999
06/07/2025 16:00:00,3,1190,1040,3,0,-999
06/07/2025 16:00:16,3,1190,1040,3,0,-999
06/07/2025 16:00:32,3,1190,1040,3,0,-999
06/07/2025 16:00:48,3,1180,1040,3,0,-999
06/07/2025 16:01:04,3,1180,1040,3,0,-999
06/07/2025 16:01:20,3,1180,1040,3,0,-999
06/07/2025 16:01:36,3,1180,1040,3,0,-999
06/07/2025 16:01:52,3,1180,1040,3,0,-999
06/07/2025 16:02:08,3,1180,1040,3,0,-999
06/07/2025 16:02:24,3,1180,1040,3,0,-999
06/07/2025 16:02:40,3,1180,1040,3,0,-999
06/07/2025 16:02:56,3,1180,1040,3,0,-999
06/07/2025 16:03:12,3,1180,1040,3,0,-999
06/07/2025 16:03:28,3,1180,1040,3,0,-999
06/07/2025 16:03:44,3,1180,1040,3,0,-999
06/07/2025 16:04:00,3,1180,1040,3,0,-999
06/07/2025 16:04:16,3,1180,1040,3,0,-999
06/07/2025 16:04:32,3,1180,1040,3,0,-999
06/07/2025 16:04:48,3,1180,1040,3,0,-999
06/07/2025 16:05:04,3,1180,1040,3,0,-999
06/07/2025 16:05:20,3,1180,1040,3,0,-999
06/07/2025 16:05:36,3,1180,1040,3,0,-999
06/07/2025 16:05:52,3,1180,1040,3,0,-999
06/07/2025 16:06:08,3,1170,1040,3,0,-999
06/07/2025 16:06:24,3,1170,1040,3,0,-999
06/07/2025 16:06:40,3,1170,1040,3,0,-999
06/07/2025 16:06:56,3,1170,1040,3,0,-999
06/07/2025 16:07:12,3,1170,1040,3,0,-999
06/07/2025 16:07:28,3,1160,1040,3,0,-999
06/07/2025 16:07:44,3,1160,1040,3,0,-999
06/07/2025 16:08:00,3,1160,1040,3,0,-999
06/07/2025 16:08:16,3,1160,1040,3,0,-999
06/07/2025 16:08:32,3,1160,1040,3,0,-999
06/07/2025 16:08:48,3,1160,1040,3,0,-999
06/07/2025 16:09:04,3,1160,1040,3,0,-999
06/07/2025 16:09:20,3,1150,1040,3,0,-999
06/07/2025 16:09:36,3,1150,1040,3,0,-999
06/07/2025 16:09:52,3,1150,1040,3,0,-999
06/07/2025 16:10:08,3,1150,1040,3,0,-999
06/07/2025 16:10:24,3,1140,1040,3,0,-999
06/07/2025 16:10:40,3,1140,1040,3,0,-999
06/07/2025 16:10:56,3,1140,1040,3,0,-999
06/07/2025 16:11:12,3,1130,1040,3,0,-999
06/07/2025 16:11:28,3,1130,1040,3,0,-999
06/07/2025 16:11:44,3,1130,1040,3,0,-999
06/07/2025 16:12:00,3,1130,1040,3,0,-999
06/07/2025 16:12:16,3,1130,1040,3,0,-999
06/07/2025 16:12:32,3,1120,1040,3,0,-999
06/07/2025 16:12:48,3,1120,1040,3,0,-999
06/07/2025 16:13:04,3,1120,1040,3,0,-999
06/07/2025 16:13:20,3,1120,1040,3,0,-999
06/07/2025 16:13:36,3,1120,1040,3,0,-999
06/07/2025 16:13:52,3,1110,1040,3,0,-999
06/07/2025 16:14:08,3,1110,1040,3,0,-999
06/07/2025 16:14:24,3,1110,1040,3,0,-999
06/07/2025 16:14:40,3,1110,1040,3,0,-999
06/07/2025 16:14:56,3,1110,1040,3,0,-999
06/07/2025 16:15:12,3,1110,1040,3,0,-999
06/07/2025 16:15:28,3,1100,1040,3,0,-999
06/07/2025 16:15:44,3,1100,1040,3,0,-999
06/07/2025 16:16:00,3,1100,1040,3,0,-999
06/07/2025 16:16:16,3,1100,1040,3,0,-999
06/07/2025 16:16:32,3,1100,1040,3,1,4740
06/07/2025 16:16:48,3,1100,1040,3,1,4740
06/07/2025 16:17:04,3,1100,1040,3,1,4710
06/07/2025 16:17:20,3,1090,1040,3,1,4710
06/07/2025 16:17:36,3,1090,1040,3,1,4710
06/07/2025 16:17:52,3,1090,1040,3,1,4710
06/07/2025 16:18:08,3,1090,1040,3,1,4710
06/07/2025 16:18:24,3,1090,1040,3,1,4720
06/07/2025 16:18:40,3,1090,1040,3,1,4720
06/07/2025 16:18:56,3,1090,1040,3,1,4720
06/07/2025 16:19:12,3,1090,1040,3,1,4720
06/07/2025 16:19:28,3,1080,1040,3,1,4720
06/07/2025 16:19:44,3,1080,1040,3,1,4720
06/07/2025 16:20:00,3,1080,1040,3,1,4720
06/07/2025 16:20:16,3,1080,1040,3,1,4720
06/07/2025 16:20:32,3,1080,1040,3,1,4720
06/07/2025 16:20:48,3,1080,1040,3,3,4750
06/07/2025 16:21:04,3,1090,1040,3,3,4750
06/07/2025 16:21:20,3,1090,1040,3,2,8410
06/07/2025 16:21:36,3,1090,1040,3,2,8410
06/07/2025 16:21:52,3,1090,1040,3,2,8340
06/07/2025 16:22:08,3,1090,1040,3,2,8340
06/07/2025 16:22:24,3,1090,1040,3,2,8340
06/07/2025 16:22:40,3,1090,1040,3,1,8320
06/07/2025 16:22:56,3,1090,1040,3,1,8320
06/07/2025 16:23:12,3,1100,1040,3,1,8310
06/07/2025 16:23:28,3,1100,1040,3,1,8310
06/07/2025 16:23:44,3,1090,1040,3,1,8280
06/07/2025 16:24:00,3,1090,1040,3,1,8280
06/07/2025 16:24:16,3,1090,1040,3,1,8270
06/07/2025 16:24:32,3,1100,1040,3,1,8270
06/07/2025 16:24:48,3,1100,1040,3,1,8270
06/07/2025 16:25:04,3,1110,1040,3,2,8180
06/07/2025 16:25:20,3,1110,1040,3,2,8180
06/07/2025 16:25:36,3,1110,1040,3,2,8100
06/07/2025 16:25:52,3,1120,1040,3,2,8100
06/07/2025 16:26:08,3,1110,1040,3,2,7960
06/07/2025 16:26:24,3,1110,1040,3,2,7960
06/07/2025 16:26:40,3,1110,1040,3,1,7900
06/07/2025 16:26:56,3,1110,1040,3,1,7900
06/07/2025 16:27:12,3,1120,1040,3,1,7900
06/07/2025 16:27:28,3,1120,1040,3,2,7810
06/07/2025 16:27:44,3,1120,1040,3,2,7810
06/07/2025 16:28:00,3,1120,1040,3,2,7880
06/07/2025 16:28:16,3,1120,1040,3,2,7880
06/07/2025 16:28:32,3,1130,1040,3,2,7600
06/07/2025 16:28:48,3,1130,1040,3,2,7600
06/07/2025 16:29:04,3,1130,1040,3,3,7600
06/07/2025 16:29:20,3,1130,1040,3,3,7600
06/07/2025 16:29:36,3,1130,1040,3,3,7600
06/07/2025 16:29:52,3,1140,1040,3,1,7730
06/07/2025 16:30:08,3,1140,1040,3,1,7730
06/07/2025 16:30:24,3,1140,1040,3,3,7660
06/07/2025 16:30:40,3,1140,1040,3,3,7660
06/07/2025 16:30:56,3,1140,1040,3,1,8180
06/07/2025 16:31:12,3,1150,1040,3,1,8180
06/07/2025 16:31:28,3,1150,1040,3,1,8100
06/07/2025 16:31:44,3,1150,1040,3,1,8100
06/07/2025 16:32:00,3,1160,1040,3,1,8100
06/07/2025 16:32:16,3,1160,1040,3,2,7940
06/07/2025 16:32:32,3,1170,1040,3,2,7940
06/07/2025 16:32:48,3,1170,1040,3,1,8020
06/07/2025 16:33:04,3,1170,1040,3,1,8020
06/07/2025 16:33:20,3,1180,1040,3,2,7860
06/07/2025 16:33:36,3,1180,1040,3,2,7860
06/07/2025 16:33:52,3,1180,1040,3,2,7830
06/07/2025 16:34:08,3,1190,1040,3,2,7830
06/07/2025 16:34:24,3,1190,1040,3,2,7830
06/07/2025 16:34:40,3,1190,1040,3,1,7900
06/07/2025 16:34:56,3,1190,1040,3,1,7900
06/07/2025 16:35:12,3,1190,1040,3,1,7800
06/07/2025 16:35:28,3,1190,1040,3,1,7800
06/07/2025 16:35:44,3,1190,1040,3,2,7590
06/07/2025 16:36:00,3,1200,1040,3,2,7590
06/07/2025 16:36:16,3,1200,1040,3,2,7650
06/07/2025 16:36:32,3,1200,1040,3,2,7650
06/07/2025 16:36:48,3,1200,1040,3,2,7650
06/07/2025 16:37:04,3,1200,1040,3,2,7670
06/07/2025 16:37:20,3,1210,1040,3,2,7670
06/07/2025 16:37:36,3,1210,1040,3,2,7550
06/07/2025 16:37:52,3,1210,1040,3,2,7550
06/07/2025 16:38:08,3,1210,1040,3,2,7480
06/07/2025 16:38:24,3,1210,1040,3,2,7480
06/07/2025 16:38:40,3,1210,1040,3,1,7450
06/07/2025 16:38:56,3,1210,1040,3,1,7450
06/07/2025 16:39:12,3,1210,1040,3,1,7450
06/07/2025 16:39:28,3,1210,1040,3,1,7390
06/07/2025 16:39:44,3,1210,1040,3,1,7390
06/07/2025 16:40:00,3,1210,1040,3,2,7290
06/07/2025 16:40:16,3,1210,1040,3,2,7290
06/07/2025 16:40:32,3,1210,1040,3,2,7200
06/07/2025 16:40:48,3,1210,1040,3,2,7200
06/07/2025 16:41:04,3,1210,1040,3,3,4600
06/07/2025 16:41:20,3,1210,1040,3,3,4600
06/07/2025 16:41:36,3,1210,1040,3,3,4600
06/07/2025 16:41:52,3,1210,1040,3,2,4620
06/07/2025 16:42:08,3,1210,1040,3,2,4620
06/07/2025 16:42:24,3,1210,1040,3,1,4650
06/07/2025 16:42:40,3,1210,1040,3,1,4650
06/07/2025 16:42:56,3,1210,1040,3,1,4600
06/07/2025 16:43:12,3,1210,1040,3,1,4600
06/07/2025 16:43:28,3,1210,1040,3,1,4580
06/07/2025 16:43:44,3,1210,1040,3,1,4580
06/07/2025 16:44:00,3,1220,1040,3,1,4580
06/07/2025 16:44:16,3,1220,1040,3,1,4530
06/07/2025 16:44:32,3,1220,1040,3,1,4530
06/07/2025 16:44:48,3,1220,1040,3,1,4630
06/07/2025 16:45:04,3,1220,1040,3,1,4630
06/07/2025 16:45:20,3,1050,1040,3,2,3950
06/07/2025 16:45:36,3,1050,1040,3,2,3950
06/07/2025 16:45:52,3,1060,1040,3,2,3990
06/07/2025 16:46:08,3,1060,1040,3,2,3990
06/07/2025 16:46:24,3,1060,1040,3,2,3990
06/07/2025 16:46:40,3,1210,1040,3,1,4650
06/07/2025 16:46:56,3,1210,1040,3,1,4650
06/07/2025 16:47:12,3,1210,1040,3,2,4250
06/07/2025 16:47:28,3,1210,1040,3,2,4250
06/07/2025 16:47:44,3,1210,1040,3,3,4270
06/07/2025 16:48:00,3,1210,1040,3,3,4270
06/07/2025 16:48:16,3,1210,1040,3,3,4800
06/07/2025 16:48:32,3,1210,1040,3,3,4800
06/07/2025 16:48:48,3,1210,1040,3,3,4800
06/07/2025 16:49:04,3,1210,1040,3,3,4830
06/07/2025 16:49:20,3,1210,1040,3,3,4830
06/07/2025 16:49:36,3,1210,1040,3,2,6390
06/07/2025 16:49:52,3,1210,1040,3,2,6390
06/07/2025 16:50:08,3,1060,1040,3,2,4090
06/07/2025 16:50:24,3,1060,1040,3,2,4090
06/07/2025 16:50:40,3,1690,1040,3,1,4140
06/07/2025 16:50:56,3,1690,1040,3,1,4140
06/07/2025 16:51:12,3,1680,1040,3,1,4140
06/07/2025 16:51:28,3,890,1040,3,1,4060
06/07/2025 16:51:44,3,890,1040,3,1,4060
06/07/2025 16:52:00,3,1220,1040,3,1,4430
06/07/2025 16:52:16,3,1220,1040,3,1,4430
06/07/2025 16:52:32,3,1230,1040,3,2,4440
06/07/2025 16:52:48,3,1230,1040,3,2,4440
06/07/2025 16:53:04,3,1230,1040,3,2,6190
06/07/2025 16:53:20,3,1230,1040,3,2,6190
06/07/2025 16:53:36,3,1240,1040,3,2,6190
06/07/2025 16:53:52,3,1240,1040,3,2,6190
06/07/2025 16:54:08,3,1240,1040,3,2,6190
06/07/2025 16:54:24,3,1240,1040,3,1,6200
06/07/2025 16:54:40,3,1250,1040,3,1,6200
06/07/2025 16:54:56,3,1250,1040,3,1,6230
06/07/2025 16:55:12,3,1250,1040,3,1,6230
06/07/2025 16:55:28,3,1250,1040,3,1,6050
06/07/2025 16:55:44,3,1250,1040,3,1,6050
06/07/2025 16:56:00,3,1250,1040,3,1,6050
06/07/2025 16:56:16,3,1250,1040,3,3,4780
06/07/2025 16:56:32,3,1260,1040,3,3,4780
06/07/2025 16:56:48,3,1260,1040,3,1,4750
06/07/2025 16:57:04,3,1250,1040,3,1,4750
06/07/2025 16:57:20,3,1250,1040,3,1,4750
06/07/2025 16:57:36,3,1250,1040,3,1,4750
06/07/2025 16:57:52,3,1250,1040,3,1,4650
06/07/2025 16:58:08,3,1260,1040,3,1,4650
06/07/2025 16:58:24,3,1260,1040,3,1,4650
06/07/2025 16:58:40,3,1260,1040,3,1,4500
06/07/2025 16:58:56,3,1260,1040,3,1,4500
06/07/2025 16:59:12,3,1260,1040,3,1,4450
06/07/2025 16:59:28,3,1260,1040,3,1,4450
06/07/2025 16:59:44,3,1260,1040,3,1,4450
06/07/2025 17:00:00,3,1260,1180,3,1,4450
06/07/2025 17:00:16,3,1270,1180,3,1,4260
06/07/2025 17:00:32,3,1270,1180,3,1,4260
06/07/2025 17:00:48,3,1270,1180,3,1,4260
06/07/2025 17:01:04,3,1270,1180,3,1,4210
06/07/2025 17:01:20,3,1270,1180,3,1,4210
06/07/2025 17:01:36,3,1270,1180,3,1,4360
06/07/2025 17:01:52,3,1270,1180,3,1,4360
06/07/2025 17:02:08,3,1270,1180,3,2,4030
06/07/2025 17:02:24,3,1270,1180,3,2,4030
06/07/2025 17:02:40,3,1270,1180,3,2,4120
06/07/2025 17:02:56,3,1270,1180,3,2,4120
06/07/2025 17:03:12,3,1270,1180,3,2,4120
06/07/2025 17:03:28,3,1270,1180,3,1,4550
06/07/2025 17:03:44,3,1270,1180,3,1,4550
06/07/2025 17:04:00,3,1190,1180,3,1,4200
06/07/2025 17:04:16,3,1180,1180,3,1,4200
06/07/2025 17:04:32,3,1150,1180,3,2,3900
06/07/2025 17:04:48,3,1150,1180,3,2,3900
06/07/2025 17:05:04,3,1150,1180,3,1,3850
06/07/2025 17:05:20,3,1140,1180,3,1,3850
06/07/2025 17:05:36,3,1140,1180,3,1,3850
06/07/2025 17:05:52,3,1140,1180,3,1,3850
06/07/2025 17:06:08,3,1140,1180,3,1,3850
06/07/2025 17:06:24,3,1140,1180,3,1,3850
06/07/2025 17:06:40,3,1140,1180,3,1,3850
06/07/2025 17:06:56,3,1140,1180,3,1,3850
06/07/2025 17:07:12,3,1140,1180,3,1,3850
06/07/2025 17:07:28,3,1140,1180,3,1,3870
06/07/2025 17:07:44,3,1140,1180,3,1,3870
06/07/2025 17:08:00,3,1140,1180,3,1,3870
06/07/2025 17:08:16,3,1150,1180,3,1,3870
06/07/2025 17:08:32,3,1160,1180,3,1,3870
06/07/2025 17:08:48,3,1160,1180,3,1,3910
06/07/2025 17:09:04,3,1160,1180,3,1,3910
06/07/2025 17:09:20,3,1280,1180,3,3,4270
06/07/2025 17:09:36,3,1280,1180,3,3,4270
06/07/2025 17:09:52,3,1280,1180,3,1,4840
06/07/2025 17:10:08,3,1280,1180,3,1,4840
06/07/2025 17:10:24,3,1280,1180,3,1,4840
06/07/2025 17:10:40,3,1280,1180,3,1,4780
06/07/2025 17:10:56,3,1290,1180,3,1,4780
06/07/2025 17:11:12,3,1150,1180,3,1,4570
06/07/2025 17:11:28,3,1130,1180,3,1,4570
06/07/2025 17:11:44,3,2010,1180,3,2,4030
06/07/2025 17:12:00,3,2020,1180,3,2,4030
06/07/2025 17:12:16,3,-999,1180,3,2,3890
06/07/2025 17:12:32,3,-999,1180,3,2,3890
06/07/2025 17:12:48,3,-999,1180,3,2,3890
06/07/2025 17:13:04,3,2020,1180,3,1,4020
06/07/2025 17:13:20,3,2010,1180,3,1,4020
06/07/2025 17:13:36,3,490,1180,3,2,4230
06/07/2025 17:13:52,3,470,1180,3,2,4230
06/07/2025 17:14:08,3,740,1180,3,2,4610
06/07/2025 17:14:24,3,730,1180,3,2,4610
06/07/2025 17:14:40,3,1320,1180,3,2,4660
06/07/2025 17:14:56,3,1320,1180,3,2,4660
06/07/2025 17:15:12,3,1310,1180,3,2,4660
06/07/2025 17:15:28,3,1320,1180,3,1,4990
06/07/2025 17:15:44,3,1320,1180,3,1,4990
06/07/2025 17:16:00,3,1990,1180,3,2,4700
06/07/2025 17:16:16,3,1980,1180,3,2,4700
06/07/2025 17:16:32,3,-999,1180,3,2,3870
06/07/2025 17:16:48,3,-999,1180,3,2,3870
06/07/2025 17:17:04,3,-999,1180,3,1,3830
06/07/2025 17:17:20,3,-999,1180,3,1,3830
06/07/2025 17:17:36,3,-999,1180,3,1,3830
06/07/2025 17:17:52,3,-999,1180,3,1,3810
06/07/2025 17:18:08,3,-999,1180,3,1,3810
06/07/2025 17:18:24,3,-999,1180,3,1,3800
06/07/2025 17:18:40,3,-999,1180,3,1,3800
06/07/2025 17:18:56,3,-999,1180,3,1,3780
06/07/2025 17:19:12,3,-999,1180,3,1,3780
06/07/2025 17:19:28,3,3920,1180,3,1,3770
06/07/2025 17:19:44,3,3920,1180,3,1,3770
06/07/2025 17:20:00,3,3920,1180,3,1,3770
06/07/2025 17:20:16,3,3920,1180,3,1,3810
06/07/2025 17:20:32,3,3920,1180,3,1,3810
06/07/2025 17:20:48,3,3920,1180,3,2,3020
06/07/2025 17:21:04,3,3920,1180,3,2,3020
06/07/2025 17:21:20,3,3920,1180,3,2,3040
06/07/2025 17:21:36,3,3910,1180,3,2,3040
06/07/2025 17:21:52,3,3910,1180,3,2,2970
06/07/2025 17:22:08,3,3910,1180,3,2,2970
06/07/2025 17:22:24,3,-999,1180,3,2,2970
06/07/2025 17:22:40,3,-999,1180,3,1,2960
06/07/2025 17:22:56,3,-999,1180,3,1,2960
06/07/2025 17:23:12,3,3230,1180,3,1,3030
06/07/2025 17:23:28,3,3230,1180,3,1,3030
06/07/2025 17:23:44,3,3240,1180,3,2,3080
06/07/2025 17:24:00,3,3240,1180,3,2,3080
06/07/2025 17:24:16,3,3240,1180,3,2,3260
06/07/2025 17:24:32,3,3240,1180,3,2,3260
06/07/2025 17:24:48,3,3240,1180,3,2,3260
06/07/2025 17:25:04,3,3240,1180,3,2,3210
06/07/2025 17:25:20,3,3280,1180,3,2,3210
06/07/2025 17:25:36,3,-999,1180,3,3,2150
06/07/2025 17:25:52,3,-999,1180,3,3,2150
06/07/2025 17:26:08,3,-999,1180,3,2,2060
06/07/2025 17:26:24,3,-999,1180,3,2,2060
06/07/2025 17:26:40,3,-999,1180,3,2,1760
06/07/2025 17:26:56,3,-999,1180,3,2,1760
06/07/2025 17:27:12,3,-999,1180,3,2,1760
06/07/2025 17:27:28,3,-999,1180,3,1,1570
06/07/2025 17:27:44,3,-999,1180,3,1,1570
06/07/2025 17:28:00,3,-999,1180,3,2,1260
06/07/2025 17:28:16,3,-999,1180,3,2,1260
06/07/2025 17:28:32,3,-999,1180,3,1,1250
06/07/2025 17:28:48,3,-999,1180,3,1,1250
06/07/2025 17:29:04,3,-999,1180,3,2,1100
06/07/2025 17:29:20,3,-999,1180,3,2,1100
06/07/2025 17:29:36,3,-999,1180,3,2,1100
06/07/2025 17:29:52,3,-999,1180,3,2,1100
06/07/2025 17:30:08,3,-999,1180,3,2,1100
06/07/2025 17:30:24,3,-999,1180,3,1,1530
06/07/2025 17:30:40,3,-999,1180,3,1,1530
06/07/2025 17:30:56,3,-999,1180,3,1,1420
06/07/2025 17:31:12,3,-999,1180,3,1,1420
06/07/2025 17:31:28,3,-999,1180,3,1,1460
06/07/2025 17:31:44,3,-999,1180,3,1,1460
06/07/2025 17:32:00,3,-999,1180,3,1,1460
06/07/2025 17:32:16,3,-999,1180,3,2,1580
06/07/2025 17:32:32,3,-999,1180,3,2,1580
06/07/2025 17:32:48,3,-999,1180,3,1,1870
06/07/2025 17:33:04,3,-999,1180,3,1,1870
06/07/2025 17:33:20,3,-999,1180,3,1,1870
06/07/2025 17:33:36,3,-999,1180,3,1,1870
06/07/2025 17:33:52,3,-999,1180,3,1,1870
06/07/2025 17:34:08,3,-999,1180,3,1,1870
06/07/2025 17:34:24,3,-999,1180,3,1,1870
06/07/2025 17:34:40,3,-999,1180,3,1,1880
06/07/2025 17:34:56,3,2000,1180,3,1,1880
06/07/2025 17:35:12,3,2000,1180,3,1,1940
06/07/2025 17:35:28,3,2000,1180,3,1,1940
06/07/2025 17:35:44,3,2000,1180,3,1,1870
06/07/2025 17:36:00,3,2000,1180,3,1,1870
06/07/2025 17:36:16,3,2000,1180,3,1,1810
06/07/2025 17:36:32,3,2020,1180,3,1,1810
06/07/2025 17:36:48,3,2020,1180,3,1,1810
06/07/2025 17:37:04,3,2000,1180,3,1,1810
06/07/2025 17:37:20,3,2000,1180,3,1,1810
06/07/2025 17:37:36,3,2000,1180,3,1,1880
06/07/2025 17:37:52,3,2000,1180,3,1,1880
06/07/2025 17:38:08,3,2020,1180,3,1,1920
06/07/2025 17:38:24,3,2020,1180,3,1,1920
06/07/2025 17:38:40,3,2020,1180,3,1,1930
06/07/2025 17:38:56,3,2030,1180,3,1,1930
06/07/2025 17:39:12,3,2030,1180,3,1,1930
06/07/2025 17:39:28,3,-999,1180,3,1,1940
06/07/2025 17:39:44,3,-999,1180,3,1,1940
06/07/2025 17:40:00,3,-999,1180,3,1,1980
06/07/2025 17:40:16,3,-999,1180,3,1,1980
06/07/2025 17:40:32,3,-999,1180,3,1,2080
06/07/2025 17:40:48,3,-999,1180,3,1,2080
06/07/2025 17:41:04,3,-999,1180,3,1,2070
06/07/2025 17:41:20,3,-999,1180,3,1,2070
06/07/2025 17:41:36,3,-999,1180,3,1,2070
06/07/2025 17:41:52,3,2030,1180,3,1,2120
06/07/2025 17:42:08,3,2030,1180,3,1,2120
06/07/2025 17:42:24,3,-999,1180,3,1,2220
06/07/2025 17:42:40,3,-999,1180,3,1,2220
06/07/2025 17:42:56,3,-999,1180,3,2,2000
06/07/2025 17:43:12,3,-999,1180,3,2,2000
06/07/2025 17:43:28,3,2270,1180,3,1,2190
06/07/2025 17:43:44,3,2270,1180,3,1,2190
06/07/2025 17:44:00,3,2270,1180,3,1,2190
06/07/2025 17:44:16,3,2270,1180,3,1,2180
06/07/2025 17:44:32,3,2270,1180,3,1,2180
06/07/2025 17:44:48,3,-999,1180,3,1,2230
06/07/2025 17:45:04,3,-999,1180,3,1,2230
06/07/2025 17:45:20,3,-999,1180,3,2,2250
06/07/2025 17:45:36,3,-999,1180,3,2,2250
06/07/2025 17:45:52,3,2270,1180,3,2,2220
06/07/2025 17:46:08,3,-999,1180,3,2,2220
06/07/2025 17:46:24,3,-999,1180,3,2,2220
06/07/2025 17:46:40,3,-999,1180,3,2,2080
06/07/2025 17:46:56,3,-999,1180,3,2,2080
06/07/2025 17:47:12,3,-999,1180,3,3,1810
06/07/2025 17:47:28,3,-999,1180,3,3,1810
06/07/2025 17:47:44,3,-999,1180,3,2,2030
06/07/2025 17:48:00,3,-999,1180,3,2,2030
06/07/2025 17:48:16,3,-999,1180,3,2,2070
06/07/2025 17:48:32,3,-999,1180,3,2,2070
06/07/2025 17:48:48,3,-999,1180,3,2,2070
06/07/2025 17:49:04,3,-999,1180,3,2,2110
06/07/2025 17:49:20,3,-999,1180,3,2,2110
06/07/2025 17:49:36,3,-999,1180,3,2,2240
06/07/2025 17:49:52,3,-999,1180,3,2,2240
06/07/2025 17:50:08,3,-999,1180,3,3,1330
06/07/2025 17:50:24,3,-999,1180,3,3,1330
06/07/2025 17:50:40,3,-999,1180,3,2,1250
06/07/2025 17:50:56,3,-999,1180,3,2,1250
06/07/2025 17:51:12,3,-999,1180,3,2,1250
06/07/2025 17:51:28,3,-999,1180,3,3,1140
06/07/2025 17:51:44,3,-999,1180,3,3,1140
06/07/2025 17:52:00,3,-999,1180,3,3,1530
06/07/2025 17:52:16,3,-999,1180,3,3,1530
06/07/2025 17:52:32,3,-999,1180,3,2,2220
06/07/2025 17:52:48,3,-999,1180,3,2,2220
06/07/2025 17:53:04,3,-999,1180,3,1,2230
06/07/2025 17:53:20,3,-999,1180,3,1,2230
06/07/2025 17:53:36,3,-999,1180,3,1,2230
06/07/2025 17:53:52,3,-999,1180,3,2,1410
06/07/2025 17:54:08,3,-999,1180,3,2,1410
06/07/2025 17:54:24,3,-999,1180,3,2,2400
06/07/2025 17:54:40,3,-999,1180,3,2,2400
06/07/2025 17:54:56,3,-999,1180,3,3,2510
06/07/2025 17:55:12,3,-999,1180,3,3,2510
06/07/2025 17:55:28,3,-999,1180,3,1,2800
06/07/2025 17:55:44,3,-999,1180,3,1,2800
06/07/2025 17:56:00,3,-999,1180,3,1,2800
06/07/2025 17:56:16,3,-999,1180,3,2,2800
06/07/2025 17:56:32,3,-999,1180,3,2,2800
06/07/2025 17:56:48,3,-999,1180,3,1,2640
06/07/2025 17:57:04,3,-999,1180,3,1,2640
06/07/2025 17:57:20,3,-999,1180,3,1,2290
06/07/2025 17:57:36,3,1470,1180,3,1,2290
06/07/2025 17:57:52,3,1470,1180,3,1,2280
06/07/2025 17:58:08,3,2630,1180,3,1,2280
06/07/2025 17:58:24,3,2630,1180,3,1,2280
06/07/2025 17:58:40,3,2630,1180,3,1,2370
06/07/2025 17:58:56,3,2630,1180,3,1,2370
06/07/2025 17:59:12,3,2630,1180,3,1,2330
06/07/2025 17:59:28,3,-999,1180,3,1,2330
06/07/2025 17:59:44,3,-999,1180,3,1,2400
06/07/2025 18:00:00,1,-999,1270,3,1,2400
06/07/2025 18:00:16,1,2630,1270,3,1,2580
06/07/2025 18:00:32,1,2630,1270,3,1,2580
06/07/2025 18:00:48,1,2650,1270,3,1,2580
06/07/2025 18:01:04,1,2650,1270,3,1,2740
06/07/2025 18:01:20,1,-999,1270,3,1,2740
06/07/2025 18:01:36,1,-999,1270,3,1,2780
06/07/2025 18:01:52,1,-999,1270,3,1,2780
06/07/2025 18:02:08,1,540,1270,3,2,2580
06/07/2025 18:02:24,1,540,1270,3,2,2580
06/07/2025 18:02:40,1,540,1270,3,1,2680
06/07/2025 18:02:56,1,540,1270,3,1,2680
06/07/2025 18:03:12,1,540,1270,3,1,2680
06/07/2025 18:03:28,1,540,1270,3,1,2520
06/07/2025 18:03:44,1,540,1270,3,1,2520
06/07/2025 18:04:00,1,540,1270,3,1,2520
06/07/2025 18:04:16,1,520,1270,3,1,2520
06/07/2025 18:04:32,1,510,1270,3,1,2440
06/07/2025 18:04:48,1,510,1270,3,1,2440
06/07/2025 18:05:04,1,500,1270,3,1,2290
06/07/2025 18:05:20,1,500,1270,3,1,2290
06/07/2025 18:05:36,1,500,1270,3,1,2290
06/07/2025 18:05:52,1,500,1270,3,1,2190
06/07/2025 18:06:08,1,500,1270,3,1,2190
06/07/2025 18:06:24,1,500,1270,3,2,2080
06/07/2025 18:06:40,1,490,1270,3,2,2080
06/07/2025 18:06:56,1,490,1270,3,2,2110
06/07/2025 18:07:12,1,490,1270,3,2,2110
06/07/2025 18:07:28,1,490,1270,3,1,2110
06/07/2025 18:07:44,1,490,1270,3,1,2110
06/07/2025 18:08:00,1,490,1270,3,1,2110
06/07/2025 18:08:16,1,-999,1270,3,2,2120
06/07/2025 18:08:32,1,-999,1270,3,2,2120
06/07/2025 18:08:48,1,490,1270,3,1,2010
06/07/2025 18:09:04,1,480,1270,3,1,2010
06/07/2025 18:09:20,1,-999,1270,3,1,1960
06/07/2025 18:09:36,1,-999,1270,3,1,1960
06/07/2025 18:09:52,1,-999,1270,3,1,1970
06/07/2025 18:10:08,1,-999,1270,3,1,1970
06/07/2025 18:10:24,1,-999,1270,3,1,1970
06/07/2025 18:10:40,1,-999,1270,3,1,2030
06/07/2025 18:10:56,1,-999,1270,3,1,2030
06/07/2025 18:11:12,1,-999,1270,3,1,2040
06/07/2025 18:11:28,1,-999,1270,3,1,2040
06/07/2025 18:11:44,1,-999,1270,3,1,1970
06/07/2025 18:12:00,1,-999,1270,3,1,1970
06/07/2025 18:12:16,1,-999,1270,3,1,1920
06/07/2025 18:12:32,1,-999,1270,3,1,1920
06/07/2025 18:12:48,1,-999,1270,3,1,1920
06/07/2025 18:13:04,1,-999,1270,3,1,1930
06/07/2025 18:13:20,1,-999,1270,3,1,1930
06/07/2025 18:13:36,1,-999,1270,3,1,1940
06/07/2025 18:13:52,1,-999,1270,3,1,1940
06/07/2025 18:14:08,1,-999,1270,3,2,2030
06/07/2025 18:14:24,1,-999,1270,3,2,2030
06/07/2025 18:14:40,1,-999,1270,3,2,1940
06/07/2025 18:14:56,1,-999,1270,3,2,1940
06/07/2025 18:15:12,1,-999,1270,3,2,1940
06/07/2025 18:15:28,1,-999,1270,3,1,1890
06/07/2025 18:15:44,1,-999,1270,3,1,1890
06/07/2025 18:16:00,1,-999,1270,3,2,1050
06/07/2025 18:16:16,1,-999,1270,3,2,1050
06/07/2025 18:16:32,1,-999,1270,3,2,1010
06/07/2025 18:16:48,1,-999,1270,3,2,1010
06/07/2025 18:17:04,1,-999,1270,3,2,1790
06/07/2025 18:17:20,1,-999,1270,3,2,1790
06/07/2025 18:17:36,1,-999,1270,3,2,1790
06/07/2025 18:17:52,1,-999,1270,3,2,2080
06/07/2025 18:18:08,1,-999,1270,3,2,2080
06/07/2025 18:18:24,1,-999,1270,3,2,2170
06/07/2025 18:18:40,1,-999,1270,3,2,2170
06/07/2025 18:18:56,1,-999,1270,3,2,2190
06/07/2025 18:19:12,1,-999,1270,3,2,2190
06/07/2025 18:19:28,1,-999,1270,3,3,1940
06/07/2025 18:19:44,1,-999,1270,3,3,1940
06/07/2025 18:20:00,1,-999,1270,3,3,1940
06/07/2025 18:20:16,1,-999,1270,3,2,890
06/07/2025 18:20:32,1,-999,1270,3,2,890
06/07/2025 18:20:48,1,-999,1270,3,2,1370
06/07/2025 18:21:04,1,-999,1270,3,2,1370
06/07/2025 18:21:20,1,-999,1270,3,3,880
06/07/2025 18:21:36,1,-999,1270,3,3,880
06/07/2025 18:21:52,1,-999,1270,3,3,810
06/07/2025 18:22:08,1,-999,1270,3,3,810
06/07/2025 18:22:24,1,-999,1270,3,3,810
06/07/2025 18:22:40,1,-999,1270,3,2,940
06/07/2025 18:22:56,1,-999,1270,3,2,940
06/07/2025 18:23:12,1,-999,1270,3,3,860
06/07/2025 18:23:28,1,-999,1270,3,3,860
06/07/2025 18:23:44,1,-999,1270,3,2,1310
06/07/2025 18:24:00,1,-999,1270,3,2,1310
06/07/2025 18:24:16,1,-999,1270,3,2,1310
06/07/2025 18:24:32,1,-999,1270,3,2,1310
06/07/2025 18:24:48,1,-999,1270,3,2,1310
06/07/2025 18:25:04,1,-999,1270,3,3,660
06/07/2025 18:25:20,1,-999,1270,3,3,660
06/07/2025 18:25:36,1,-999,1270,3,3,630
06/07/2025 18:25:52,1,-999,1270,3,3,630
06/07/2025 18:26:08,1,-999,1270,3,3,430
06/07/2025 18:26:24,1,-999,1270,3,3,430
06/07/2025 18:26:40,1,-999,1270,3,2,570
06/07/2025 18:26:56,1,-999,1270,3,2,570
06/07/2025 18:27:12,1,-999,1270,3,2,570
06/07/2025 18:27:28,1,-999,1270,3,3,540
06/07/2025 18:27:44,1,-999,1270,3,3,540
06/07/2025 18:28:00,1,-999,1270,3,1,1980
06/07/2025 18:28:16,1,-999,1270,3,1,1980
06/07/2025 18:28:32,1,-999,1270,3,1,1980
06/07/2025 18:28:48,1,-999,1270,3,1,1980
06/07/2025 18:29:04,1,-999,1270,3,2,1720
06/07/2025 18:29:20,1,-999,1270,3,2,1720
06/07/2025 18:29:36,1,-999,1270,3,2,1720
06/07/2025 18:29:52,1,-999,1270,3,2,1690
06/07/2025 18:30:08,1,-999,1270,3,2,1690
06/07/2025 18:30:24,1,-999,1270,3,3,1080
06/07/2025 18:30:40,1,-999,1270,3,3,1080
06/07/2025 18:30:56,1,-999,1270,3,1,1910
06/07/2025 18:31:12,1,-999,1270,3,1,1910
06/07/2025 18:31:28,1,-999,1270,3,2,1640
06/07/2025 18:31:44,1,-999,1270,3,2,1640
06/07/2025 18:32:00,1,-999,1270,3,2,1640
06/07/2025 18:32:16,1,-999,1270,3,2,1570
06/07/2025 18:32:32,1,-999,1270,3,2,1570
06/07/2025 18:32:48,1,-999,1270,3,2,2020
06/07/2025 18:33:04,1,-999,1270,3,2,2020
06/07/2025 18:33:20,1,-999,1270,3,2,2140
06/07/2025 18:33:36,1,-999,1270,3,2,2140
06/07/2025 18:33:52,1,-999,1270,3,3,2120
06/07/2025 18:34:08,1,-999,1270,3,3,2120
06/07/2025 18:34:24,1,-999,1270,3,3,2120
06/07/2025 18:34:40,1,-999,1270,3,1,2280
06/07/2025 18:34:56,1,-999,1270,3,1,2280
06/07/2025 18:35:12,1,-999,1270,3,2,2370
06/07/2025 18:35:28,1,-999,1270,3,2,2370
06/07/2025 18:35:44,1,-999,1270,3,2,2200
06/07/2025 18:36:00,1,-999,1270,3,2,2200
06/07/2025 18:36:16,1,-999,1270,3,1,2290
06/07/2025 18:36:32,1,-999,1270,3,1,2290
06/07/2025 18:36:48,1,-999,1270,3,1,2290
06/07/2025 18:37:04,1,-999,1270,3,2,2030
06/07/2025 18:37:20,1,1390,1270,3,2,2030
06/07/2025 18:37:36,1,1390,1270,3,2,1910
06/07/2025 18:37:52,1,1390,1270,3,2,1910
06/07/2025 18:38:08,1,1390,1270,3,3,1130
06/07/2025 18:38:24,1,-999,1270,3,3,1130
06/07/2025 18:38:40,1,-999,1270,3,2,460
06/07/2025 18:38:56,1,-999,1270,3,2,460
06/07/2025 18:39:12,1,-999,1270,3,2,460
06/07/2025 18:39:28,1,-999,1270,3,2,380
06/07/2025 18:39:44,1,-999,1270,3,2,380
06/07/2025 18:40:00,1,-999,1270,3,3,380
06/07/2025 18:40:16,1,-999,1270,3,3,380
06/07/2025 18:40:32,1,-999,1270,3,2,430
06/07/2025 18:40:48,1,-999,1270,3,2,430
06/07/2025 18:41:04,1,-999,1270,3,3,2630
06/07/2025 18:41:20,1,-999,1270,3,3,2630
06/07/2025 18:41:36,1,-999,1270,3,3,2630
06/07/2025 18:41:52,1,-999,1270,3,1,2520
06/07/2025 18:42:08,1,-999,1270,3,1,2520
06/07/2025 18:42:24,1,-999,1270,3,2,2500
06/07/2025 18:42:40,1,-999,1270,3,2,2500
06/07/2025 18:42:56,1,-999,1270,3,2,2850
06/07/2025 18:43:12,1,-999,1270,3,2,2850
06/07/2025 18:43:28,1,-999,1270,3,1,3060
06/07/2025 18:43:44,1,-999,1270,3,1,3060
06/07/2025 18:44:00,1,-999,1270,3,1,3060
06/07/2025 18:44:16,1,1250,1270,3,1,3040
06/07/2025 18:44:32,1,1250,1270,3,1,3040
06/07/2025 18:44:48,1,1250,1270,3,1,3000
06/07/2025 18:45:04,1,1250,1270,3,1,3000
06/07/2025 18:45:20,1,1250,1270,3,1,3050
06/07/2025 18:45:36,1,1250,1270,3,1,3050
06/07/2025 18:45:52,1,1250,1270,3,1,2980
06/07/2025 18:46:08,1,1250,1270,3,1,2980
06/07/2025 18:46:24,1,1250,1270,3,1,2980
06/07/2025 18:46:40,1,1250,1270,3,1,2860
06/07/2025 18:46:56,1,3170,1270,3,1,2860
06/07/2025 18:47:12,1,3170,1270,3,1,2810
06/07/2025 18:47:28,1,3150,1270,3,1,2810
06/07/2025 18:47:44,1,860,1270,3,1,2840
06/07/2025 18:48:00,1,860,1270,3,1,2840
06/07/2025 18:48:16,1,800,1270,3,1,2900
06/07/2025 18:48:32,1,800,1270,3,1,2900
06/07/2025 18:48:48,1,800,1270,3,1,2900
06/07/2025 18:49:04,1,800,1270,3,1,2750
06/07/2025 18:49:20,1,800,1270,3,1,2750
06/07/2025 18:49:36,1,800,1270,3,1,2670
06/07/2025 18:49:52,1,800,1270,3,1,2670
06/07/2025 18:50:08,1,800,1270,3,2,2390
06/07/2025 18:50:24,1,800,1270,3,2,2390
06/07/2025 18:50:40,1,800,1270,3,1,2400
06/07/2025 18:50:56,1,800,1270,3,1,2400
06/07/2025 18:51:12,1,800,1270,3,1,2400
06/07/2025 18:51:28,1,800,1270,3,1,2520
06/07/2025 18:51:44,1,1440,1270,3,1,2520
06/07/2025 18:52:00,1,-999,1270,3,1,2510
06/07/2025 18:52:16,1,-999,1270,3,1,2510
06/07/2025 18:52:32,1,-999,1270,3,1,2600
06/07/2025 18:52:48,1,-999,1270,3,1,2600
06/07/2025 18:53:04,1,-999,1270,3,1,2700
06/07/2025 18:53:20,1,-999,1270,3,1,2700
06/07/2025 18:53:36,1,-999,1270,3,1,2700
06/07/2025 18:53:52,1,-999,1270,3,1,2640
06/07/2025 18:54:08,1,-999,1270,3,1,2640
06/07/2025 18:54:24,1,-999,1270,3,2,2650
06/07/2025 18:54:40,1,-999,1270,3,2,2650
06/07/2025 18:54:56,1,-999,1270,3,1,2830
06/07/2025 18:55:12,1,-999,1270,3,1,2830
06/07/2025 18:55:28,1,-999,1270,3,1,2740
06/07/2025 18:55:44,1,2870,1270,3,1,2740
06/07/2025 18:56:00,1,2870,1270,3,1,2740
06/07/2025 18:56:16,1,2870,1270,3,1,2630
06/07/2025 18:56:32,1,2850,1270,3,1,2630
06/07/2025 18:56:48,1,2850,1270,3,1,2610
06/07/2025 18:57:04,1,2850,1270,3,1,2610
06/07/2025 18:57:20,1,2850,1270,3,1,2620
06/07/2025 18:57:36,1,2850,1270,3,1,2620
06/07/2025 18:57:52,1,2850,1270,3,1,2620
06/07/2025 18:58:08,1,2850,1270,3,1,2620
06/07/2025 18:58:24,1,2780,1270,3,1,2620
06/07/2025 18:58:40,1,2780,1270,3,1,2610
06/07/2025 18:58:56,1,2760,1270,3,1,2610
06/07/2025 18:59:12,1,2760,1270,3,1,2610
06/07/2025 18:59:28,1,2760,1270,3,1,2610
06/07/2025 18:59:44,1,2760,1270,3,1,2590
06/07/2025 19:00:00,1,2750,500,3,1,2590
06/07/2025 19:00:16,1,2750,500,3,2,2610
06/07/2025 19:00:32,1,2750,500,3,2,2610
06/07/2025 19:00:48,1,2750,500,3,2,2610
06/07/2025 19:01:04,1,2750,500,3,1,2850
06/07/2025 19:01:20,1,2750,500,3,1,2850
06/07/2025 19:01:36,1,2750,500,3,1,2800
06/07/2025 19:01:52,1,-999,500,3,1,2800
06/07/2025 19:02:08,1,-999,500,3,1,2610
06/07/2025 19:02:24,1,-999,500,3,1,2610
06/07/2025 19:02:40,1,-999,500,3,1,2520
06/07/2025 19:02:56,1,-999,500,3,1,2520
06/07/2025 19:03:12,1,-999,500,3,1,2520
06/07/2025 19:03:28,1,-999,500,3,1,2650
06/07/2025 19:03:44,1,-999,500,3,1,2650
06/07/2025 19:04:00,1,-999,500,3,1,2620
06/07/2025 19:04:16,1,-999,500,3,1,2620
06/07/2025 19:04:32,1,-999,500,3,1,2630
06/07/2025 19:04:48,1,-999,500,3,1,2630
06/07/2025 19:05:04,1,-999,500,3,2,2840
06/07/2025 19:05:20,1,-999,500,3,2,2840
06/07/2025 19:05:36,1,-999,500,3,2,2840
06/07/2025 19:05:52,1,-999,500,3,2,3260
06/07/2025 19:06:08,1,-999,500,3,2,3260
06/07/2025 19:06:24,1,-999,500,3,1,3640
06/07/2025 19:06:40,1,2850,500,3,1,3640
06/07/2025 19:06:56,1,-999,500,3,2,3450
06/07/2025 19:07:12,1,-999,500,3,2,3450
06/07/2025 19:07:28,1,2850,500,3,3,2660
06/07/2025 19:07:44,1,2850,500,3,3,2660
06/07/2025 19:08:00,1,2850,500,3,3,2660
06/07/2025 19:08:16,1,2850,500,3,1,2630
06/07/2025 19:08:32,1,2850,500,3,1,2630
06/07/2025 19:08:48,1,2850,500,3,1,2640
06/07/2025 19:09:04,1,2850,500,3,1,2640
06/07/2025 19:09:20,1,2850,500,3,1,2670
06/07/2025 19:09:36,1,2850,500,3,1,2670
06/07/2025 19:09:52,1,2850,500,3,3,3120
06/07/2025 19:10:08,1,2840,500,3,3,3120
06/07/2025 19:10:24,1,-999,500,3,3,3120
06/07/2025 19:10:40,1,50,500,3,1,4060
06/07/2025 19:10:56,1,50,500,3,1,4060
06/07/2025 19:11:12,1,60,500,3,1,4190
06/07/2025 19:11:28,1,60,500,3,1,4190
06/07/2025 19:11:44,1,70,500,3,1,4120
06/07/2025 19:12:00,1,70,500,3,1,4120
06/07/2025 19:12:16,1,90,500,3,1,4180
06/07/2025 19:12:32,1,90,500,3,1,4180
06/07/2025 19:12:48,1,110,500,3,1,4180
06/07/2025 19:13:04,1,120,500,3,1,4270
06/07/2025 19:13:20,1,140,500,3,1,4270
06/07/2025 19:13:36,1,140,500,3,1,4400
06/07/2025 19:13:52,1,150,500,3,1,4400
06/07/2025 19:14:08,1,160,500,3,1,4310
06/07/2025 19:14:24,1,180,500,3,1,4310
06/07/2025 19:14:40,1,190,500,3,1,4340
06/07/2025 19:14:56,1,200,500,3,1,4340
06/07/2025 19:15:12,1,220,500,3,1,4340
06/07/2025 19:15:28,1,230,500,3,1,4410
06/07/2025 19:15:44,1,250,500,3,1,4410
06/07/2025 19:16:00,1,260,500,3,1,4490
06/07/2025 19:16:16,1,280,500,3,1,4490
06/07/2025 19:16:32,1,290,500,3,1,4570
06/07/2025 19:16:48,1,310,500,3,1,4570
06/07/2025 19:17:04,1,320,500,3,1,4630
06/07/2025 19:17:20,1,340,500,3,1,4630
06/07/2025 19:17:36,1,360,500,3,1,4630
06/07/2025 19:17:52,1,360,500,3,1,4700
06/07/2025 19:18:08,1,370,500,3,1,4700
06/07/2025 19:18:24,1,380,500,3,1,4790
06/07/2025 19:18:40,1,380,500,3,1,4790
06/07/2025 19:18:56,1,410,500,3,1,4840
06/07/2025 19:19:12,1,420,500,3,1,4840
06/07/2025 19:19:28,1,440,500,3,1,4890
06/07/2025 19:19:44,1,460,500,3,1,4890
06/07/2025 19:20:00,1,480,500,3,1,4890
06/07/2025 19:20:16,1,480,500,3,1,4940
06/07/2025 19:20:32,1,480,500,3,1,4940
06/07/2025 19:20:48,1,470,500,3,1,5020
06/07/2025 19:21:04,1,470,500,3,1,5020
06/07/2025 19:21:20,1,470,500,3,1,4990
06/07/2025 19:21:36,1,470,500,3,1,4990
06/07/2025 19:21:52,1,470,500,3,1,4990
06/07/2025 19:22:08,1,460,500,3,1,4990
06/07/2025 19:22:24,1,470,500,3,1,4990
06/07/2025 19:22:40,1,-999,500,3,2,2580
06/07/2025 19:22:56,1,-999,500,3,2,2580
06/07/2025 19:23:12,1,-999,500,3,3,2680
06/07/2025 19:23:28,1,-999,500,3,3,2680
06/07/2025 19:23:44,1,-999,500,3,1,2630
06/07/2025 19:24:00,1,-999,500,3,1,2630
06/07/2025 19:24:16,1,-999,500,3,1,2670
06/07/2025 19:24:32,1,-999,500,3,1,2670
06/07/2025 19:24:48,1,2830,500,3,1,2670
06/07/2025 19:25:04,1,2830,500,3,2,2690
06/07/2025 19:25:20,1,2830,500,3,2,2690
06/07/2025 19:25:36,1,2830,500,3,2,2820
06/07/2025 19:25:52,1,2830,500,3,2,2820
06/07/2025 19:26:08,1,2840,500,3,1,2690
06/07/2025 19:26:24,1,2840,500,3,1,2690
06/07/2025 19:26:40,1,2840,500,3,1,2550
06/07/2025 19:26:56,1,-999,500,3,1,2550
06/07/2025 19:27:12,1,2830,500,3,1,2550
06/07/2025 19:27:28,1,2830,500,3,2,2570
06/07/2025 19:27:44,1,-999,500,3,2,2570
06/07/2025 19:28:00,1,490,500,3,1,4900
06/07/2025 19:28:16,1,490,500,3,1,4900
06/07/2025 19:28:32,1,480,500,3,1,4860
06/07/2025 19:28:48,1,480,500,3,1,4860
06/07/2025 19:29:04,1,480,500,3,2,4860
06/07/2025 19:29:20,1,470,500,3,2,4860
06/07/2025 19:29:36,1,470,500,3,2,4860
06/07/2025 19:29:52,1,470,500,3,2,4860
06/07/2025 19:30:08,1,470,500,3,2,4860
06/07/2025 19:30:24,1,470,500,3,2,4860
06/07/2025 19:30:40,1,470,500,3,2,4860
06/07/2025 19:30:56,1,460,500,3,2,5000
06/07/2025 19:31:12,1,470,500,3,2,5000
06/07/2025 19:31:28,1,460,500,3,2,5880
06/07/2025 19:31:44,1,460,500,3,2,5880
06/07/2025 19:32:00,1,460,500,3,2,5880
06/07/2025 19:32:16,1,460,500,3,2,5670
06/07/2025 19:32:32,1,450,500,3,2,5670
06/07/2025 19:32:48,1,460,500,3,1,5430
06/07/2025 19:33:04,1,460,500,3,1,5430
06/07/2025 19:33:20,1,460,500,3,2,5270
06/07/2025 19:33:36,1,470,500,3,2,5270
06/07/2025 19:33:52,1,470,500,3,2,5320
06/07/2025 19:34:08,1,470,500,3,2,5320
06/07/2025 19:34:24,1,470,500,3,2,5320
06/07/2025 19:34:40,1,470,500,3,2,5170
06/07/2025 19:34:56,1,470,500,3,2,5170
06/07/2025 19:35:12,1,470,500,3,1,5080
06/07/2025 19:35:28,1,470,500,3,1,5080
06/07/2025 19:35:44,1,470,500,3,1,5050
06/07/2025 19:36:00,1,470,500,3,1,5050
06/07/2025 19:36:16,1,470,500,3,1,5050
06/07/2025 19:36:32,1,470,500,3,1,5050
06/07/2025 19:36:48,1,470,500,3,1,5050
06/07/2025 19:37:04,1,470,500,3,1,5040
06/07/2025 19:37:20,1,470,500,3,1,5040
06/07/2025 19:37:36,1,470,500,3,1,4840
06/07/2025 19:37:52,1,470,500,3,1,4840
06/07/2025 19:38:08,1,460,500,3,1,4760
06/07/2025 19:38:24,1,460,500,3,1,4760
06/07/2025 19:38:40,1,460,500,3,1,4770
06/07/2025 19:38:56,1,460,500,3,1,4770
06/07/2025 19:39:12,1,450,500,3,1,4770
06/07/2025 19:39:28,1,450,500,3,2,4340
06/07/2025 19:39:44,1,450,500,3,2,4340
06/07/2025 19:40:00,1,450,500,3,2,4270
06/07/2025 19:40:16,1,450,500,3,2,4270
06/07/2025 19:40:32,1,450,500,3,2,4850
06/07/2025 19:40:48,1,450,500,3,2,4850
06/07/2025 19:41:04,1,450,500,3,1,6510
06/07/2025 19:41:20,1,450,500,3,1,6510
06/07/2025 19:41:36,1,450,500,3,1,6510
06/07/2025 19:41:52,1,440,500,3,2,6510
06/07/2025 19:42:08,1,440,500,3,2,6510
06/07/2025 19:42:24,1,440,500,3,1,6490
06/07/2025 19:42:40,1,440,500,3,1,6490
06/07/2025 19:42:56,1,440,500,3,2,6400
06/07/2025 19:43:12,1,440,500,3,2,6400
06/07/2025 19:43:28,1,440,500,3,1,6270
06/07/2025 19:43:44,1,450,500,3,1,6270
06/07/2025 19:44:00,1,440,500,3,1,6270
06/07/2025 19:44:16,1,450,500,3,2,6220
06/07/2025 19:44:32,1,450,500,3,2,6220
06/07/2025 19:44:48,1,450,500,3,2,6170
06/07/2025 19:45:04,1,440,500,3,2,6170
06/07/2025 19:45:20,1,440,500,3,2,6010
06/07/2025 19:45:36,1,440,500,3,2,6010
06/07/2025 19:45:52,1,440,500,3,1,5920
06/07/2025 19:46:08,1,440,500,3,1,5920
06/07/2025 19:46:24,1,440,500,3,1,5920
06/07/2025 19:46:40,1,430,500,3,1,5890
06/07/2025 19:46:56,1,430,500,3,1,5890
06/07/2025 19:47:12,1,430,500,3,1,5840
06/07/2025 19:47:28,1,430,500,3,1,5840
06/07/2025 19:47:44,1,430,500,3,1,5860
06/07/2025 19:48:00,1,430,500,3,1,5860
06/07/2025 19:48:16,1,-999,500,3,3,2710
06/07/2025 19:48:32,1,-999,500,3,3,2710
06/07/2025 19:48:48,1,-999,500,3,3,2710
06/07/2025 19:49:04,1,-999,500,3,2,2710
06/07/2025 19:49:20,1,-999,500,3,2,2710
06/07/2025 19:49:36,1,-999,500,3,2,2560
06/07/2025 19:49:52,1,-999,500,3,2,2560
06/07/2025 19:50:08,1,-999,500,3,1,2400
06/07/2025 19:50:24,1,-999,500,3,1,2400
06/07/2025 19:50:40,1,-999,500,3,1,2380
06/07/2025 19:50:56,1,-999,500,3,1,2380
06/07/2025 19:51:12,1,-999,500,3,1,2380
06/07/2025 19:51:28,1,-999,500,3,1,2430
06/07/2025 19:51:44,1,-999,500,3,1,2430
06/07/2025 19:52:00,1,-999,500,3,1,2360
06/07/2025 19:52:16,1,-999,500,3,1,2360
06/07/2025 19:52:32,1,-999,500,3,1,2340
06/07/2025 19:52:48,1,-999,500,3,1,2340
06/07/2025 19:53:04,1,2600,500,3,1,2350
06/07/2025 19:53:20,1,2600,500,3,1,2350
06/07/2025 19:53:36,1,2600,500,3,1,2350
06/07/2025 19:53:52,1,2540,500,3,1,2350
06/07/2025 19:54:08,1,2540,500,3,1,2350
06/07/2025 19:54:24,1,2540,500,3,2,2370
06/07/2025 19:54:40,1,2540,500,3,2,2370
06/07/2025 19:54:56,1,2530,500,3,2,2360
06/07/2025 19:55:12,1,2530,500,3,2,2360
06/07/2025 19:55:28,1,2530,500,3,1,2340
06/07/2025 19:55:44,1,2520,500,3,1,2340
06/07/2025 19:56:00,1,2520,500,3,1,2340
06/07/2025 19:56:16,1,2520,500,3,1,2330
06/07/2025 19:56:32,1,2520,500,3,1,2330
06/07/2025 19:56:48,1,2520,500,3,1,2330
06/07/2025 19:57:04,1,2520,500,3,1,2330
06/07/2025 19:57:20,1,2470,500,3,1,2310
06/07/2025 19:57:36,1,2460,500,3,1,2310
06/07/2025 19:57:52,1,2460,500,3,1,2300
06/07/2025 19:58:08,1,2460,500,3,1,2300
06/07/2025 19:58:24,1,2470,500,3,1,2300
06/07/2025 19:58:40,1,2470,500,3,1,2300
06/07/2025 19:58:56,1,2470,500,3,1,2300
06/07/2025 19:59:12,1,2470,500,3,1,2320
06/07/2025 19:59:28,1,2470,500,3,1,2320
06/07/2025 19:59:44,1,2470,500,3,2,2390
06/07/2025 20:00:00,1,2470,470,3,2,2390
06/07/2025 20:00:16,1,2470,470,3,1,2290
06/07/2025 20:00:32,1,2470,470,3,1,2290
06/07/2025 20:00:48,1,2470,470,3,1,2290
06/07/2025 20:01:04,1,2470,470,3,2,1960
06/07/2025 20:01:20,1,2470,470,3,2,1960
06/07/2025 20:01:36,1,2470,470,3,2,2000
06/07/2025 20:01:52,1,2470,470,3,2,2000
06/07/2025 20:02:08,1,2430,470,3,1,2290
06/07/2025 20:02:24,1,2430,470,3,1,2290
06/07/2025 20:02:40,1,2430,470,3,1,2300
06/07/2025 20:02:56,1,2430,470,3,1,2300
06/07/2025 20:03:12,1,2430,470,3,1,2300
06/07/2025 20:03:28,1,410,470,3,0,-999
06/07/2025 20:03:44,1,410,470,3,0,-999
06/07/2025 20:04:00,1,420,470,3,0,-999
06/07/2025 20:04:16,1,430,470,3,0,-999
06/07/2025 20:04:32,1,420,470,3,0,-999
06/07/2025 20:04:48,1,400,470,3,0,-999
06/07/2025 20:05:04,1,410,470,3,0,-999
06/07/2025 20:05:20,1,410,470,3,0,-999
06/07/2025 20:05:36,1,410,470,3,0,-999
06/07/2025 20:05:52,1,410,470,3,0,-999
06/07/2025 20:06:08,1,410,470,3,0,-999
06/07/2025 20:06:24,1,410,470,3,0,-999
06/07/2025 20:06:40,1,400,470,3,0,-999
06/07/2025 20:06:56,1,400,470,3,0,-999
06/07/2025 20:07:12,1,410,470,3,0,-999
06/07/2025 20:07:28,1,400,470,3,0,-999
06/07/2025 20:07:44,1,390,470,3,0,-999
06/07/2025 20:08:00,1,380,470,3,0,-999
06/07/2025 20:08:16,1,380,470,3,0,-999
06/07/2025 20:08:32,1,370,470,3,0,-999
06/07/2025 20:08:48,1,370,470,3,0,-999
06/07/2025 20:09:04,1,370,470,3,0,-999
06/07/2025 20:09:20,1,370,470,3,0,-999
06/07/2025 20:09:36,1,360,470,3,0,-999
06/07/2025 20:09:52,1,360,470,3,0,-999
06/07/2025 20:10:08,1,370,470,3,0,-999
06/07/2025 20:10:24,1,380,470,3,0,-999
06/07/2025 20:10:40,1,380,470,3,0,-999
06/07/2025 20:10:56,1,370,470,3,0,-999
06/07/2025 20:11:12,1,370,470,3,0,-999
06/07/2025 20:11:28,1,370,470,3,0,-999
06/07/2025 20:11:44,1,370,470,3,0,-999
06/07/2025 20:12:00,1,370,470,3,0,-999
06/07/2025 20:12:16,1,360,470,3,0,-999
06/07/2025 20:12:32,1,360,470,3,0,-999
06/07/2025 20:12:48,1,360,470,3,0,-999
06/07/2025 20:13:04,1,360,470,3,1,6880
06/07/2025 20:13:20,1,360,470,3,1,6880
06/07/2025 20:13:36,1,360,470,3,0,-999
06/07/2025 20:13:52,1,360,470,3,0,-999
06/07/2025 20:14:08,1,360,470,3,0,-999
06/07/2025 20:14:24,1,350,470,3,0,-999
06/07/2025 20:14:40,1,350,470,3,0,-999
06/07/2025 20:14:56,1,350,470,3,0,-999
06/07/2025 20:15:12,1,360,470,3,0,-999
06/07/2025 20:15:28,1,350,470,3,0,-999
06/07/2025 20:15:44,1,350,470,3,0,-999
06/07/2025 20:16:00,1,350,470,3,0,-999
06/07/2025 20:16:16,1,340,470,3,0,-999
06/07/2025 20:16:32,1,340,470,3,0,-999
06/07/2025 20:16:48,1,340,470,3,0,-999
06/07/2025 20:17:04,1,340,470,3,0,-999
06/07/2025 20:17:20,1,330,470,3,0,-999
06/07/2025 20:17:36,1,320,470,3,0,-999
06/07/2025 20:17:52,1,320,470,3,0,-999
06/07/2025 20:18:08,1,320,470,3,0,-999
06/07/2025 20:18:24,1,320,470,3,0,-999
06/07/2025 20:18:40,1,320,470,3,0,-999
06/07/2025 20:18:56,1,320,470,3,0,-999
06/07/2025 20:19:12,1,320,470,3,0,-999
06/07/2025 20:19:28,1,320,470,3,0,-999
06/07/2025 20:19:44,1,320,470,3,0,-999
06/07/2025 20:20:00,1,320,470,3,0,-999
06/07/2025 20:20:16,1,320,470,3,0,-999
06/07/2025 20:20:32,1,320,470,3,0,-999
06/07/2025 20:20:48,1,310,470,3,0,-999
06/07/2025 20:21:04,1,310,470,3,0,-999
06/07/2025 20:21:20,1,310,470,3,0,-999
06/07/2025 20:21:36,1,310,470,3,0,-999
06/07/2025 20:21:52,1,310,470,3,0,-999
06/07/2025 20:22:08,1,310,470,3,0,-999
06/07/2025 20:22:24,1,310,470,3,0,-999
06/07/2025 20:22:40,1,310,470,3,0,-999
06/07/2025 20:22:56,1,310,470,3,0,-999
06/07/2025 20:23:12,1,310,470,3,0,-999
06/07/2025 20:23:28,1,300,470,3,0,-999
06/07/2025 20:23:44,1,300,470,3,0,-999
06/07/2025 20:24:00,1,300,470,3,0,-999
06/07/2025 20:24:16,1,300,470,3,0,-999
06/07/2025 20:24:32,1,300,470,3,0,-999
06/07/2025 20:24:48,1,290,470,3,0,-999
06/07/2025 20:25:04,1,290,470,3,0,-999
06/07/2025 20:25:20,1,290,470,3,0,-999
06/07/2025 20:25:36,1,290,470,3,0,-999
06/07/2025 20:25:52,1,280,470,3,0,-999
06/07/2025 20:26:08,1,280,470,3,0,-999
06/07/2025 20:26:24,1,280,470,3,0,-999
06/07/2025 20:26:40,1,290,470,3,0,-999
06/07/2025 20:26:56,1,280,470,3,0,-999
06/07/2025 20:27:12,1,280,470,3,0,-999
06/07/2025 20:27:28,1,280,470,3,0,-999
06/07/2025 20:27:44,1,280,470,3,0,-999
06/07/2025 20:28:00,1,280,470,3,0,-999
06/07/2025 20:28:16,1,290,470,3,0,-999
06/07/2025 20:28:32,1,280,470,3,0,-999
06/07/2025 20:28:48,1,280,470,3,0,-999
06/07/2025 20:29:04,1,280,470,3,0,-999
06/07/2025 20:29:20,1,280,470,3,0,-999
06/07/2025 20:29:36,1,280,470,3,0,-999
06/07/2025 20:29:52,1,290,470,3,0,-999
06/07/2025 20:30:08,1,280,470,3,0,-999
06/07/2025 20:30:24,1,280,470,3,0,-999
06/07/2025 20:30:40,1,280,470,3,0,-999
06/07/2025 20:30:56,1,280,470,3,0,-999
06/07/2025 20:31:12,1,290,470,3,0,-999
06/07/2025 20:31:28,1,290,470,3,0,-999
06/07/2025 20:31:44,1,280,470,3,0,-999
06/07/2025 20:32:00,1,270,470,3,0,-999
06/07/2025 20:32:16,1,270,470,3,0,-999
06/07/2025 20:32:32,1,270,470,3,0,-999
06/07/2025 20:32:48,1,270,470,3,0,-999
06/07/2025 20:33:04,1,260,470,3,0,-999
06/07/2025 20:33:20,1,260,470,3,1,7070
06/07/2025 20:33:36,1,250,470,3,1,7070
06/07/2025 20:33:52,1,240,470,3,1,6870
06/07/2025 20:34:08,1,250,470,3,1,6870
06/07/2025 20:34:24,1,250,470,3,1,6870
06/07/2025 20:34:40,1,250,470,3,1,6770
06/07/2025 20:34:56,1,240,470,3,1,6770
06/07/2025 20:35:12,1,250,470,3,1,6690
06/07/2025 20:35:28,1,250,470,3,1,6690
06/07/2025 20:35:44,1,250,470,3,1,6620
06/07/2025 20:36:00,1,240,470,3,1,6620
06/07/2025 20:36:16,1,230,470,3,1,6590
06/07/2025 20:36:32,1,230,470,3,1,6590
06/07/2025 20:36:48,1,230,470,3,1,6590
06/07/2025 20:37:04,1,240,470,3,1,6590
06/07/2025 20:37:20,1,230,470,3,1,6590
06/07/2025 20:37:36,1,240,470,3,1,6640
06/07/2025 20:37:52,1,240,470,3,1,6640
06/07/2025 20:38:08,1,250,470,3,1,6680
06/07/2025 20:38:24,1,260,470,3,1,6680
06/07/2025 20:38:40,1,260,470,3,1,6730
06/07/2025 20:38:56,1,260,470,3,1,6730
06/07/2025 20:39:12,1,270,470,3,1,6730
06/07/2025 20:39:28,1,270,470,3,1,6660
06/07/2025 20:39:44,1,280,470,3,1,6660
06/07/2025 20:40:00,1,280,470,3,1,6560
06/07/2025 20:40:16,1,280,470,3,1,6560
06/07/2025 20:40:32,1,280,470,3,1,6530
06/07/2025 20:40:48,1,270,470,3,1,6530
06/07/2025 20:41:04,1,270,470,3,1,6590
06/07/2025 20:41:20,1,260,470,3,1,6590
06/07/2025 20:41:36,1,250,470,3,1,6590
06/07/2025 20:41:52,1,230,470,3,1,6660
06/07/2025 20:42:08,1,210,470,3,1,6660
06/07/2025 20:42:24,1,210,470,3,2,6580
06/07/2025 20:42:40,1,230,470,3,2,6580
06/07/2025 20:42:56,1,190,470,3,1,6590
06/07/2025 20:43:12,1,170,470,3,1,6590
06/07/2025 20:43:28,1,160,470,3,1,6580
06/07/2025 20:43:44,1,150,470,3,1,6580
06/07/2025 20:44:00,1,150,470,3,1,6580
06/07/2025 20:44:16,1,140,470,3,2,6580
06/07/2025 20:44:32,1,130,470,3,2,6580
06/07/2025 20:44:48,1,120,470,3,1,6820
06/07/2025 20:45:04,1,110,470,3,1,6820
06/07/2025 20:45:20,1,110,470,3,1,6800
06/07/2025 20:45:36,1,100,470,3,1,6800
06/07/2025 20:45:52,1,100,470,3,1,6770
06/07/2025 20:46:08,1,100,470,3,1,6770
06/07/2025 20:46:24,1,90,470,3,1,6770
06/07/2025 20:46:40,1,90,470,3,1,6720
06/07/2025 20:46:56,1,90,470,3,1,6720
06/07/2025 20:47:12,1,90,470,3,1,6680
06/07/2025 20:47:28,1,90,470,3,1,6680
06/07/2025 20:47:44,1,80,470,3,1,6620
06/07/2025 20:48:00,1,80,470,3,1,6620
06/07/2025 20:48:16,1,80,470,3,1,6720
06/07/2025 20:48:32,1,80,470,3,1,6720
06/07/2025 20:48:48,1,80,470,3,1,6720
06/07/2025 20:49:04,1,80,470,3,1,6720
06/07/2025 20:49:20,1,80,470,3,1,6720
06/07/2025 20:49:36,1,80,470,3,1,6720
06/07/2025 20:49:52,1,80,470,3,1,6720
06/07/2025 20:50:08,1,70,470,3,1,6720
06/07/2025 20:50:24,1,70,470,3,1,6720
06/07/2025 20:50:40,1,70,470,3,1,6710
06/07/2025 20:50:56,1,70,470,3,1,6710
06/07/2025 20:51:12,1,70,470,3,1,6710
06/07/2025 20:51:28,1,70,470,3,1,6690
06/07/2025 20:51:44,1,70,470,3,1,6690
06/07/2025 20:52:00,1,70,470,3,1,6670
06/07/2025 20:52:16,1,70,470,3,1,6670
06/07/2025 20:52:32,1,70,470,3,1,6640
06/07/2025 20:52:48,1,70,470,3,1,6640
06/07/2025 20:53:04,1,70,470,3,1,6590
06/07/2025 20:53:20,1,70,470,3,1,6590
06/07/2025 20:53:36,1,70,470,3,1,6590
06/07/2025 20:53:52,1,80,470,3,1,6570
06/07/2025 20:54:08,1,80,470,3,1,6570
06/07/2025 20:54:24,1,80,470,3,0,-999
06/07/2025 20:54:40,1,80,470,3,0,-999
06/07/2025 20:54:56,1,80,470,3,0,-999
06/07/2025 20:55:12,1,80,470,3,0,-999
06/07/2025 20:55:28,1,80,470,3,0,-999
06/07/2025 20:55:44,1,80,470,3,0,-999
06/07/2025 20:56:00,1,80,470,3,0,-999
06/07/2025 20:56:16,1,80,470,3,0,-999
06/07/2025 20:56:32,1,80,470,3,0,-999
06/07/2025 20:56:48,1,80,470,3,0,-999
06/07/2025 20:57:04,1,80,470,3,0,-999
06/07/2025 20:57:20,1,80,470,3,0,-999
06/07/2025 20:57:36,1,80,470,3,0,-999
06/07/2025 20:57:52,1,80,470,3,0,-999
06/07/2025 20:58:08,1,90,470,3,0,-999
06/07/2025 20:58:24,1,90,470,3,0,-999
06/07/2025 20:58:40,1,100,470,3,0,-999
06/07/2025 20:58:56,1,100,470,3,0,-999
06/07/2025 20:59:12,1,100,470,3,0,-999
06/07/2025 20:59:28,1,110,470,3,0,-999
06/07/2025 20:59:44,1,110,470,3,0,-999
06/07/2025 21:00:00,1,110,470,3,0,-999
06/07/2025 21:00:16,1,110,420,3,0,-999
06/07/2025 21:00:32,1,110,420,3,0,-999
06/07/2025 21:00:48,1,110,420,3,0,-999
06/07/2025 21:01:04,1,120,420,3,0,-999
06/07/2025 21:01:20,1,120,420,3,0,-999
06/07/2025 21:01:36,1,120,420,3,0,-999
06/07/2025 21:01:52,1,120,420,3,0,-999
06/07/2025 21:02:08,1,120,420,3,0,-999
06/07/2025 21:02:24,1,120,420,3,0,-999
06/07/2025 21:02:40,1,120,420,3,0,-999
06/07/2025 21:02:56,1,120,420,3,0,-999
06/07/2025 21:03:12,1,120,420,3,0,-999
06/07/2025 21:03:28,1,120,420,3,0,-999
06/07/2025 21:03:44,1,120,420,3,0,-999
06/07/2025 21:04:00,1,120,420,3,0,-999
06/07/2025 21:04:16,1,120,420,3,0,-999
06/07/2025 21:04:32,1,120,420,3,0,-999
06/07/2025 21:04:48,1,120,420,3,0,-999
06/07/2025 21:05:04,1,120,420,3,0,-999
06/07/2025 21:05:20,1,120,420,3,0,-999
06/07/2025 21:05:36,1,120,420,3,0,-999
06/07/2025 21:05:52,1,120,420,3,0,-999
06/07/2025 21:06:08,1,120,420,3,0,-999
06/07/2025 21:06:24,1,120,420,3,0,-999
06/07/2025 21:06:40,1,120,420,3,0,-999
06/07/2025 21:06:56,1,120,420,3,0,-999
06/07/2025 21:07:12,1,120,420,3,0,-999
06/07/2025 21:07:28,1,120,420,3,0,-999
06/07/2025 21:07:44,1,120,420,3,0,-999
06/07/2025 21:08:00,1,130,420,3,0,-999
06/07/2025 21:08:16,1,120,420,3,0,-999
06/07/2025 21:08:32,1,120,420,3,0,-999
06/07/2025 21:08:48,1,130,420,3,0,-999
06/07/2025 21:09:04,1,130,420,3,0,-999
06/07/2025 21:09:20,1,130,420,3,0,-999
06/07/2025 21:09:36,1,130,420,3,0,-999
06/07/2025 21:09:52,1,130,420,3,0,-999
06/07/2025 21:10:08,1,130,420,3,0,-999
06/07/2025 21:10:24,1,130,420,3,0,-999
06/07/2025 21:10:40,1,140,420,3,0,-999
06/07/2025 21:10:56,1,140,420,3,0,-999
06/07/2025 21:11:12,1,140,420,3,0,-999
06/07/2025 21:11:28,1,140,420,3,0,-999
06/07/2025 21:11:44,1,140,420,3,0,-999
06/07/2025 21:12:00,1,140,420,3,0,-999
06/07/2025 21:12:16,1,140,420,3,0,-999
06/07/2025 21:12:32,1,140,420,3,0,-999
06/07/2025 21:12:48,1,140,420,3,0,-999
06/07/2025 21:13:04,1,140,420,3,0,-999
06/07/2025 21:13:20,1,140,420,3,0,-999
06/07/2025 21:13:36,1,150,420,3,0,-999
06/07/2025 21:13:52,1,150,420,3,0,-999
06/07/2025 21:14:08,1,150,420,3,0,-999
06/07/2025 21:14:24,1,150,420,3,0,-999
06/07/2025 21:14:40,1,150,420,3,0,-999
06/07/2025 21:14:56,1,160,420,3,0,-999
06/07/2025 21:15:12,1,160,420,3,0,-999
06/07/2025 21:15:28,1,160,420,3,0,-999
06/07/2025 21:15:44,1,160,420,3,0,-999
06/07/2025 21:16:00,1,160,420,3,0,-999
06/07/2025 21:16:16,1,170,420,3,0,-999
06/07/2025 21:16:32,1,170,420,3,0,-999
06/07/2025 21:16:48,1,170,420,3,0,-999
06/07/2025 21:17:04,1,170,420,3,0,-999
06/07/2025 21:17:20,1,170,420,3,0,-999
06/07/2025 21:17:36,1,170,420,3,0,-999
06/07/2025 21:17:52,1,170,420,3,0,-999
06/07/2025 21:18:08,1,170,420,3,0,-999
06/07/2025 21:18:24,1,170,420,3,0,-999
06/07/2025 21:18:40,1,160,420,3,0,-999
06/07/2025 21:18:56,1,160,420,3,0,-999
06/07/2025 21:19:12,1,170,420,3,0,-999
06/07/2025 21:19:28,1,170,420,3,0,-999
06/07/2025 21:19:44,1,170,420,3,0,-999
06/07/2025 21:20:00,1,170,420,3,0,-999
06/07/2025 21:20:16,1,170,420,3,0,-999
06/07/2025 21:20:32,1,170,420,3,0,-999
06/07/2025 21:20:48,1,160,420,3,0,-999
06/07/2025 21:21:04,1,160,420,3,0,-999
06/07/2025 21:21:20,1,160,420,3,0,-999
06/07/2025 21:21:36,1,150,420,3,0,-999
06/07/2025 21:21:52,1,150,420,3,0,-999
06/07/2025 21:22:08,1,140,420,3,0,-999
06/07/2025 21:22:24,1,140,420,3,0,-999
06/07/2025 21:22:40,1,140,420,3,0,-999
06/07/2025 21:22:56,1,130,420,3,0,-999
06/07/2025 21:23:12,1,130,420,3,0,-999
06/07/2025 21:23:28,1,130,420,3,0,-999
06/07/2025 21:23:44,1,120,420,3,0,-999
06/07/2025 21:24:00,1,120,420,3,0,-999
06/07/2025 21:24:16,1,110,420,3,0,-999
06/07/2025 21:24:32,1,110,420,3,0,-999
06/07/2025 21:24:48,1,100,420,3,0,-999
06/07/2025 21:25:04,1,100,420,3,0,-999
06/07/2025 21:25:20,1,100,420,3,0,-999
06/07/2025 21:25:36,1,100,420,3,0,-999
06/07/2025 21:25:52,1,100,420,3,0,-999
06/07/2025 21:26:08,1,100,420,3,0,-999
06/07/2025 21:26:24,1,100,420,3,0,-999
06/07/2025 21:26:40,1,100,420,3,0,-999
06/07/2025 21:26:56,1,100,420,3,0,-999
06/07/2025 21:27:12,1,100,420,3,0,-999
06/07/2025 21:27:28,1,100,420,3,0,-999
06/07/2025 21:27:44,1,100,420,3,0,-999
06/07/2025 21:28:00,1,100,420,3,0,-999
06/07/2025 21:28:16,1,100,420,3,0,-999
06/07/2025 21:28:32,1,100,420,3,0,-999
06/07/2025 21:28:48,1,100,420,3,0,-999
06/07/2025 21:29:04,1,90,420,3,0,-999
06/07/2025 21:29:20,1,90,420,3,0,-999
06/07/2025 21:29:36,1,90,420,3,0,-999
06/07/2025 21:29:52,1,90,420,3,0,-999
06/07/2025 21:30:08,1,90,420,3,0,-999
06/07/2025 21:30:24,1,90,420,3,0,-999
06/07/2025 21:30:40,1,90,420,3,0,-999
06/07/2025 21:30:56,1,90,420,3,0,-999
06/07/2025 21:31:12,1,90,420,3,0,-999
06/07/2025 21:31:28,1,90,420,3,0,-999
06/07/2025 21:31:44,1,90,420,3,0,-999
06/07/2025 21:32:00,1,90,420,3,0,-999
06/07/2025 21:32:16,1,90,420,3,0,-999
06/07/2025 21:32:32,1,90,420,3,0,-999
06/07/2025 21:32:48,1,90,420,3,0,-999
06/07/2025 21:33:04,1,90,420,3,0,-999
06/07/2025 21:33:20,1,90,420,3,0,-999
06/07/2025 21:33:36,1,90,420,3,0,-999
06/07/2025 21:33:52,1,90,420,3,0,-999
06/07/2025 21:34:08,1,90,420,3,0,-999
06/07/2025 21:34:24,1,90,420,3,0,-999
06/07/2025 21:34:40,1,90,420,3,0,-999
06/07/2025 21:34:56,1,90,420,3,0,-999
06/07/2025 21:35:12,1,90,420,3,0,-999
06/07/2025 21:35:28,1,90,420,3,0,-999
06/07/2025 21:35:44,1,90,420,3,0,-999
06/07/2025 21:36:00,1,90,420,3,0,-999
06/07/2025 21:36:16,1,90,420,3,0,-999
06/07/2025 21:36:32,1,90,420,3,0,-999
06/07/2025 21:36:48,1,90,420,3,0,-999
06/07/2025 21:37:04,1,90,420,3,0,-999
06/07/2025 21:37:20,1,80,420,3,0,-999
06/07/2025 21:37:36,1,80,420,3,0,-999
06/07/2025 21:37:52,1,80,420,3,0,-999
06/07/2025 21:38:08,1,80,420,3,0,-999
06/07/2025 21:38:24,1,80,420,3,0,-999
06/07/2025 21:38:40,1,80,420,3,0,-999
06/07/2025 21:38:56,1,80,420,3,0,-999
06/07/2025 21:39:12,1,80,420,3,0,-999
06/07/2025 21:39:28,1,80,420,3,0,-999
06/07/2025 21:39:44,1,80,420,3,0,-999
06/07/2025 21:40:00,1,80,420,3,0,-999
06/07/2025 21:40:16,1,80,420,3,0,-999
06/07/2025 21:40:32,1,80,420,3,0,-999
06/07/2025 21:40:48,1,80,420,3,0,-999
06/07/2025 21:41:04,1,80,420,3,0,-999
06/07/2025 21:41:20,1,80,420,3,0,-999
06/07/2025 21:41:36,1,80,420,3,0,-999
06/07/2025 21:41:52,1,80,420,3,0,-999
06/07/2025 21:42:08,1,80,420,3,0,-999
06/07/2025 21:42:24,1,80,420,3,0,-999
06/07/2025 21:42:40,1,80,420,3,0,-999
06/07/2025 21:42:56,1,70,420,3,0,-999
06/07/2025 21:43:12,1,70,420,3,0,-999
06/07/2025 21:43:28,1,70,420,3,0,-999
06/07/2025 21:43:44,1,70,420,3,0,-999
06/07/2025 21:44:00,1,70,420,3,0,-999
06/07/2025 21:44:16,1,70,420,3,0,-999
06/07/2025 21:44:32,1,70,420,3,0,-999
06/07/2025 21:44:48,1,70,420,3,0,-999
06/07/2025 21:45:04,1,70,420,3,0,-999
06/07/2025 21:45:20,1,70,420,3,0,-999
06/07/2025 21:45:36,1,70,420,3,0,-999
06/07/2025 21:45:52,1,70,420,3,0,-999
06/07/2025 21:46:08,1,70,420,3,0,-999
06/07/2025 21:46:24,1,70,420,3,0,-999
06/07/2025 21:46:40,1,70,420,3,0,-999
06/07/2025 21:46:56,1,70,420,3,0,-999
06/07/2025 21:47:12,1,70,420,3,0,-999
06/07/2025 21:47:28,1,70,420,3,0,-999
06/07/2025 21:47:44,1,-999,420,3,1,2200
06/07/2025 21:48:00,1,-999,420,3,1,2200
06/07/2025 21:48:16,1,-999,420,3,1,2210
06/07/2025 21:48:32,1,-999,420,3,1,2210
06/07/2025 21:48:48,1,-999,420,3,1,2210
06/07/2025 21:49:04,1,-999,420,3,1,2210
06/07/2025 21:49:20,1,-999,420,3,1,2210
06/07/2025 21:49:36,1,-999,420,3,1,2200
06/07/2025 21:49:52,1,2310,420,3,1,2200
06/07/2025 21:50:08,1,2320,420,3,1,2200
06/07/2025 21:50:24,1,2320,420,3,1,2200
06/07/2025 21:50:40,1,70,420,3,0,-999
06/07/2025 21:50:56,1,70,420,3,0,-999
06/07/2025 21:51:12,1,70,420,3,0,-999
06/07/2025 21:51:28,1,2330,420,3,1,2630
06/07/2025 21:51:44,1,2330,420,3,1,2630
06/07/2025 21:52:00,1,2330,420,3,2,2170
06/07/2025 21:52:16,1,-999,420,3,2,2170
06/07/2025 21:52:32,1,-999,420,3,1,2510
06/07/2025 21:52:48,1,-999,420,3,1,2510
06/07/2025 21:53:04,1,-999,420,3,1,2450
06/07/2025 21:53:20,1,-999,420,3,1,2450
06/07/2025 21:53:36,1,-999,420,3,1,2450
06/07/2025 21:53:52,1,-999,420,3,1,2480
06/07/2025 21:54:08,1,2620,420,3,1,2480
06/07/2025 21:54:24,1,2620,420,3,1,2430
06/07/2025 21:54:40,1,2600,420,3,1,2430
06/07/2025 21:54:56,1,2620,420,3,1,2470
06/07/2025 21:55:12,1,2620,420,3,1,2470
06/07/2025 21:55:28,1,2620,420,3,1,2550
06/07/2025 21:55:44,1,2620,420,3,1,2550
06/07/2025 21:56:00,1,2620,420,3,1,2550
06/07/2025 21:56:16,1,2620,420,3,1,2510
06/07/2025 21:56:32,1,2620,420,3,1,2510
06/07/2025 21:56:48,1,2680,420,3,1,2580
06/07/2025 21:57:04,1,2680,420,3,1,2580
06/07/2025 21:57:20,1,2690,420,3,1,2520
06/07/2025 21:57:36,1,2690,420,3,1,2520
06/07/2025 21:57:52,1,2690,420,3,1,2490
06/07/2025 21:58:08,1,2690,420,3,1,2490
06/07/2025 21:58:24,1,2690,420,3,1,2490
06/07/2025 21:58:40,1,2690,420,3,1,2510
06/07/2025 21:58:56,1,2690,420,3,1,2510
06/07/2025 21:59:12,1,2690,420,3,1,2490
06/07/2025 21:59:28,1,2690,420,3,1,2490
06/07/2025 21:59:44,1,2690,420,3,1,2470
06/07/2025 22:00:00,1,2690,2690,3,1,2470
06/07/2025 22:00:16,1,2680,2690,3,2,2380
06/07/2025 22:00:32,1,2680,2690,3,2,2380
06/07/2025 22:00:48,1,2680,2690,3,2,2380
06/07/2025 22:01:04,1,2650,2690,3,1,2380
06/07/2025 22:01:20,1,2650,2690,3,1,2380
06/07/2025 22:01:36,1,2650,2690,3,1,2500
06/07/2025 22:01:52,1,2650,2690,3,1,2500
06/07/2025 22:02:08,1,2650,2690,3,1,2620
06/07/2025 22:02:24,1,2650,2690,3,1,2620
06/07/2025 22:02:40,1,2650,2690,3,1,2440
06/07/2025 22:02:56,1,2650,2690,3,1,2440
06/07/2025 22:03:12,1,2650,2690,3,1,2440
06/07/2025 22:03:28,1,2640,2690,3,1,2430
06/07/2025 22:03:44,1,2640,2690,3,1,2430
06/07/2025 22:04:00,1,2630,2690,3,1,2430
06/07/2025 22:04:16,1,2630,2690,3,1,2430
06/07/2025 22:04:32,1,2630,2690,3,1,2410
06/07/2025 22:04:48,1,2620,2690,3,1,2410
06/07/2025 22:05:04,1,2620,2690,3,1,2400
06/07/2025 22:05:20,1,2620,2690,3,1,2400
06/07/2025 22:05:36,1,2610,2690,3,1,2400
06/07/2025 22:05:52,1,2610,2690,3,2,2510
06/07/2025 22:06:08,1,2610,2690,3,2,2510
06/07/2025 22:06:24,1,2610,2690,3,2,2460
06/07/2025 22:06:40,1,2610,2690,3,2,2460
06/07/2025 22:06:56,1,2610,2690,3,1,2460
06/07/2025 22:07:12,1,2610,2690,3,1,2460
06/07/2025 22:07:28,1,2620,2690,3,1,2380
06/07/2025 22:07:44,1,2620,2690,3,1,2380
06/07/2025 22:08:00,1,2620,2690,3,1,2380
06/07/2025 22:08:16,1,2640,2690,3,1,2420
06/07/2025 22:08:32,1,2640,2690,3,1,2420
06/07/2025 22:08:48,1,2640,2690,3,1,2390
06/07/2025 22:09:04,1,2640,2690,3,1,2390
06/07/2025 22:09:20,1,2640,2690,3,1,2460
06/07/2025 22:09:36,1,2640,2690,3,1,2460
06/07/2025 22:09:52,1,2640,2690,3,1,2480
06/07/2025 22:10:08,1,2640,2690,3,1,2480
06/07/2025 22:10:24,1,2640,2690,3,1,2480
06/07/2025 22:10:40,1,2640,2690,3,1,2480
06/07/2025 22:10:56,1,2640,2690,3,1,2480
06/07/2025 22:11:12,1,2640,2690,3,1,2480
06/07/2025 22:11:28,1,2640,2690,3,1,2480
06/07/2025 22:11:44,1,2640,2690,3,1,2420
06/07/2025 22:12:00,1,2640,2690,3,1,2420
06/07/2025 22:12:16,1,2640,2690,3,1,2370
06/07/2025 22:12:32,1,2620,2690,3,1,2370
06/07/2025 22:12:48,1,2620,2690,3,1,2370
06/07/2025 22:13:04,1,2620,2690,3,1,2370
06/07/2025 22:13:20,1,2620,2690,3,1,2370
06/07/2025 22:13:36,1,2600,2690,3,1,2410
06/07/2025 22:13:52,1,2600,2690,3,1,2410
06/07/2025 22:14:08,1,2600,2690,3,1,2450
06/07/2025 22:14:24,1,2600,2690,3,1,2450
06/07/2025 22:14:40,1,2560,2690,3,1,2440
06/07/2025 22:14:56,1,2560,2690,3,1,2440
06/07/2025 22:15:12,1,2560,2690,3,1,2440
06/07/2025 22:15:28,1,2560,2690,3,1,2400
06/07/2025 22:15:44,1,2560,2690,3,1,2400
06/07/2025 22:16:00,1,2560,2690,3,1,2410
06/07/2025 22:16:16,1,2560,2690,3,1,2410
06/07/2025 22:16:32,1,2560,2690,3,1,2440
06/07/2025 22:16:48,1,40,2690,3,1,2440
06/07/2025 22:17:04,1,40,2690,3,1,2450
06/07/2025 22:17:20,1,40,2690,3,1,2450
06/07/2025 22:17:36,1,50,2690,3,1,2450
06/07/2025 22:17:52,1,50,2690,3,1,2450
06/07/2025 22:18:08,1,50,2690,3,1,2450
06/07/2025 22:18:24,1,50,2690,3,1,2450
06/07/2025 22:18:40,1,50,2690,3,1,2450
06/07/2025 22:18:56,1,50,2690,3,1,2460
06/07/2025 22:19:12,1,50,2690,3,1,2460
06/07/2025 22:19:28,1,50,2690,3,1,2450
06/07/2025 22:19:44,1,50,2690,3,1,2450
06/07/2025 22:20:00,1,50,2690,3,1,2450
06/07/2025 22:20:16,1,50,2690,3,1,2440
06/07/2025 22:20:32,1,50,2690,3,1,2440
06/07/2025 22:20:48,1,50,2690,3,1,2440
06/07/2025 22:21:04,1,50,2690,3,1,2440
06/07/2025 22:21:20,1,50,2690,3,0,-999
06/07/2025 22:21:36,1,50,2690,3,0,-999
06/07/2025 22:21:52,1,50,2690,3,0,-999
06/07/2025 22:22:08,1,50,2690,3,0,-999
06/07/2025 22:22:24,1,50,2690,3,0,-999
06/07/2025 22:22:40,1,50,2690,3,0,-999
06/07/2025 22:22:56,1,50,2690,3,0,-999
06/07/2025 22:23:12,1,50,2690,3,0,-999
06/07/2025 22:23:28,1,50,2690,3,0,-999
06/07/2025 22:23:44,1,50,2690,3,0,-999
06/07/2025 22:24:00,1,60,2690,3,0,-999
06/07/2025 22:24:16,1,60,2690,3,0,-999
06/07/2025 22:24:32,1,60,2690,3,0,-999
06/07/2025 22:24:48,1,60,2690,3,0,-999
06/07/2025 22:25:04,1,60,2690,3,0,-999
06/07/2025 22:25:20,1,60,2690,3,0,-999
06/07/2025 22:25:36,1,60,2690,3,0,-999
06/07/2025 22:25:52,1,60,2690,3,0,-999
06/07/2025 22:26:08,1,60,2690,3,0,-999
06/07/2025 22:26:24,1,60,2690,3,0,-999
06/07/2025 22:26:40,1,60,2690,3,0,-999
06/07/2025 22:26:56,1,60,2690,3,0,-999
06/07/2025 22:27:12,1,60,2690,3,0,-999
06/07/2025 22:27:28,1,60,2690,3,0,-999
06/07/2025 22:27:44,1,60,2690,3,0,-999
06/07/2025 22:28:00,1,60,2690,3,0,-999
06/07/2025 22:28:16,1,60,2690,3,0,-999
06/07/2025 22:28:32,1,60,2690,3,0,-999
06/07/2025 22:28:48,1,60,2690,3,0,-999
06/07/2025 22:29:04,1,60,2690,3,0,-999
06/07/2025 22:29:20,1,60,2690,3,0,-999
06/07/2025 22:29:36,1,60,2690,3,0,-999
06/07/2025 22:29:52,1,60,2690,3,0,-999
06/07/2025 22:30:08,1,60,2690,3,0,-999
06/07/2025 22:30:24,1,60,2690,3,0,-999
06/07/2025 22:30:40,1,60,2690,3,0,-999
06/07/2025 22:30:56,1,60,2690,3,0,-999
06/07/2025 22:31:12,1,60,2690,3,0,-999
06/07/2025 22:31:28,1,60,2690,3,0,-999
06/07/2025 22:31:44,1,60,2690,3,0,-999
06/07/2025 22:32:00,1,60,2690,3,0,-999
06/07/2025 22:32:16,1,60,2690,3,0,-999
06/07/2025 22:32:32,1,60,2690,3,0,-999
06/07/2025 22:32:48,1,60,2690,3,0,-999
06/07/2025 22:33:04,1,60,2690,3,0,-999
06/07/2025 22:33:20,1,70,2690,3,0,-999
06/07/2025 22:33:36,1,70,2690,3,0,-999
06/07/2025 22:33:52,1,70,2690,3,0,-999
06/07/2025 22:34:08,1,70,2690,3,0,-999
06/07/2025 22:34:24,1,70,2690,3,0,-999
06/07/2025 22:34:40,1,70,2690,3,0,-999
06/07/2025 22:34:56,1,70,2690,3,0,-999
06/07/2025 22:35:12,1,70,2690,3,0,-999
06/07/2025 22:35:28,1,70,2690,3,0,-999
06/07/2025 22:35:44,1,70,2690,3,0,-999
06/07/2025 22:36:00,1,70,2690,3,0,-999
06/07/2025 22:36:16,1,70,2690,3,0,-999
06/07/2025 22:36:32,1,70,2690,3,0,-999
06/07/2025 22:36:48,1,70,2690,3,0,-999
06/07/2025 22:37:04,1,70,2690,3,0,-999
06/07/2025 22:37:20,1,70,2690,3,0,-999
06/07/2025 22:37:36,1,70,2690,3,0,-999
06/07/2025 22:37:52,1,70,2690,3,0,-999
06/07/2025 22:38:08,1,70,2690,3,0,-999
06/07/2025 22:38:24,1,70,2690,3,0,-999
06/07/2025 22:38:40,1,70,2690,3,0,-999
06/07/2025 22:38:56,1,70,2690,3,0,-999
06/07/2025 22:39:12,1,70,2690,3,0,-999
06/07/2025 22:39:28,1,70,2690,3,0,-999
06/07/2025 22:39:44,1,70,2690,3,0,-999
06/07/2025 22:40:00,1,70,2690,3,0,-999
06/07/2025 22:40:16,1,70,2690,3,0,-999
06/07/2025 22:40:32,1,70,2690,3,0,-999
06/07/2025 22:40:48,1,70,2690,3,0,-999
06/07/2025 22:41:04,1,70,2690,3,0,-999
06/07/2025 22:41:20,1,70,2690,3,0,-999
06/07/2025 22:41:36,1,70,2690,3,0,-999
06/07/2025 22:41:52,1,70,2690,3,0,-999
06/07/2025 22:42:08,1,70,2690,3,0,-999
06/07/2025 22:42:24,1,70,2690,3,0,-999
06/07/2025 22:42:40,1,70,2690,3,0,-999
06/07/2025 22:42:56,1,70,2690,3,0,-999
06/07/2025 22:43:12,1,70,2690,3,0,-999
06/07/2025 22:43:28,1,70,2690,3,0,-999
06/07/2025 22:43:44,1,70,2690,3,0,-999
06/07/2025 22:44:00,1,70,2690,3,0,-999
06/07/2025 22:44:16,1,70,2690,3,0,-999
06/07/2025 22:44:32,1,70,2690,3,0,-999
06/07/2025 22:44:48,1,70,2690,3,0,-999
06/07/2025 22:45:04,1,70,2690,3,0,-999
06/07/2025 22:45:20,1,70,2690,3,0,-999
06/07/2025 22:45:36,1,70,2690,3,0,-999
06/07/2025 22:45:52,1,70,2690,3,0,-999
06/07/2025 22:46:08,1,70,2690,3,0,-999
06/07/2025 22:46:24,1,70,2690,3,0,-999
06/07/2025 22:46:40,1,70,2690,3,0,-999
06/07/2025 22:46:56,1,70,2690,3,0,-999
06/07/2025 22:47:12,1,60,2690,3,0,-999
06/07/2025 22:47:28,1,60,2690,3,0,-999
06/07/2025 22:47:44,1,60,2690,3,0,-999
06/07/2025 22:48:00,1,60,2690,3,0,-999
06/07/2025 22:48:16,1,60,2690,3,0,-999
06/07/2025 22:48:32,1,60,2690,3,0,-999
06/07/2025 22:48:48,1,60,2690,3,0,-999
06/07/2025 22:49:04,1,60,2690,3,0,-999
06/07/2025 22:49:20,1,60,2690,3,0,-999
06/07/2025 22:49:36,1,60,2690,3,0,-999
06/07/2025 22:49:52,1,60,2690,3,0,-999
06/07/2025 22:50:08,1,60,2690,3,0,-999
06/07/2025 22:50:24,1,60,2690,3,0,-999
06/07/2025 22:50:40,1,60,2690,3,0,-999
06/07/2025 22:50:56,1,60,2690,3,0,-999
06/07/2025 22:51:12,1,60,2690,3,0,-999
06/07/2025 22:51:28,1,60,2690,3,0,-999
06/07/2025 22:51:44,1,60,2690,3,0,-999
06/07/2025 22:52:00,1,60,2690,3,0,-999
06/07/2025 22:52:16,1,60,2690,3,0,-999
06/07/2025 22:52:32,1,60,2690,3,0,-999
06/07/2025 22:52:48,1,60,2690,3,0,-999
06/07/2025 22:53:04,1,60,2690,3,0,-999
06/07/2025 22:53:20,1,60,2690,3,0,-999
06/07/2025 22:53:36,1,60,2690,3,0,-999
06/07/2025 22:53:52,1,60,2690,3,0,-999
06/07/2025 22:54:08,1,60,2690,3,0,-999
06/07/2025 22:54:24,1,60,2690,3,0,-999
06/07/2025 22:54:40,1,60,2690,3,0,-999
06/07/2025 22:54:56,1,60,2690,3,0,-999
06/07/2025 22:55:12,1,60,2690,3,0,-999
06/07/2025 22:55:28,1,60,2690,3,0,-999
06/07/2025 22:55:44,1,60,2690,3,0,-999
06/07/2025 22:56:00,1,60,2690,3,0,-999
06/07/2025 22:56:16,1,60,2690,3,0,-999
06/07/2025 22:56:32,1,60,2690,3,0,-999
06/07/2025 22:56:48,1,60,2690,3,0,-999
06/07/2025 22:57:04,1,60,2690,3,0,-999
06/07/2025 22:57:20,1,60,2690,3,0,-999
06/07/2025 22:57:36,1,50,2690,3,0,-999
06/07/2025 22:57:52,1,50,2690,3,0,-999
06/07/2025 22:58:08,1,50,2690,3,0,-999
06/07/2025 22:58:24,1,50,2690,3,0,-999
06/07/2025 22:58:40,1,50,2690,3,0,-999
06/07/2025 22:58:56,1,50,2690,3,0,-999
06/07/2025 22:59:12,1,50,2690,3,0,-999
06/07/2025 22:59:28,1,50,2690,3,0,-999
06/07/2025 22:59:44,1,50,2690,3,0,-999
06/07/2025 23:00:00,1,50,2640,3,0,-999
06/07/2025 23:00:16,1,50,2640,3,0,-999
06/07/2025 23:00:32,1,50,2640,3,0,-999
06/07/2025 23:00:48,1,50,2640,3,0,-999
06/07/2025 23:01:04,1,50,2640,3,0,-999
06/07/2025 23:01:20,1,50,2640,3,0,-999
06/07/2025 23:01:36,1,50,2640,3,0,-999
06/07/2025 23:01:52,1,50,2640,3,0,-999
06/07/2025 23:02:08,1,50,2640,3,0,-999
06/07/2025 23:02:24,1,50,2640,3,0,-999
06/07/2025 23:02:40,1,50,2640,3,0,-999
06/07/2025 23:02:56,1,50,2640,3,0,-999
06/07/2025 23:03:12,1,50,2640,3,0,-999
06/07/2025 23:03:28,1,50,2640,3,0,-999
06/07/2025 23:03:44,1,50,2640,3,0,-999
06/07/2025 23:04:00,1,50,2640,3,0,-999
06/07/2025 23:04:16,1,50,2640,3,0,-999
06/07/2025 23:04:32,1,50,2640,3,0,-999
06/07/2025 23:04:48,1,50,2640,3,0,-999
06/07/2025 23:05:04,1,50,2640,3,0,-999
06/07/2025 23:05:20,1,50,2640,3,0,-999
06/07/2025 23:05:36,1,50,2640,3,0,-999
06/07/2025 23:05:52,1,50,2640,3,0,-999
06/07/2025 23:06:08,1,50,2640,3,0,-999
06/07/2025 23:06:24,1,50,2640,3,0,-999
06/07/2025 23:06:40,1,50,2640,3,0,-999
06/07/2025 23:06:56,1,50,2640,3,0,-999
06/07/2025 23:07:12,1,50,2640,3,0,-999
06/07/2025 23:07:28,1,50,2640,3,0,-999
06/07/2025 23:07:44,1,50,2640,3,0,-999
06/07/2025 23:08:00,1,70,2640,3,0,-999
06/07/2025 23:08:16,1,70,2640,3,0,-999
06/07/2025 23:08:32,1,70,2640,3,0,-999
06/07/2025 23:08:48,1,70,2640,3,0,-999
06/07/2025 23:09:04,1,70,2640,3,0,-999
06/07/2025 23:09:20,1,70,2640,3,0,-999
06/07/2025 23:09:36,1,70,2640,3,0,-999
06/07/2025 23:09:52,1,70,2640,3,0,-999
06/07/2025 23:10:08,1,70,2640,3,0,-999
06/07/2025 23:10:24,1,70,2640,3,0,-999
06/07/2025 23:10:40,1,70,2640,3,0,-999
06/07/2025 23:10:56,1,70,2640,3,0,-999
06/07/2025 23:11:12,1,70,2640,3,0,-999
06/07/2025 23:11:28,1,70,2640,3,0,-999
06/07/2025 23:11:44,1,70,2640,3,0,-999
06/07/2025 23:12:00,1,70,2640,3,0,-999
06/07/2025 23:12:16,1,70,2640,3,0,-999
06/07/2025 23:12:32,1,70,2640,3,0,-999
06/07/2025 23:12:48,1,70,2640,3,0,-999
06/07/2025 23:13:04,1,70,2640,3,0,-999
06/07/2025 23:13:20,1,70,2640,3,0,-999
06/07/2025 23:13:36,1,70,2640,3,0,-999
06/07/2025 23:13:52,1,70,2640,3,0,-999
06/07/2025 23:14:08,1,80,2640,3,0,-999
06/07/2025 23:14:24,1,80,2640,3,0,-999
06/07/2025 23:14:40,1,80,2640,3,0,-999
06/07/2025 23:14:56,1,80,2640,3,0,-999
06/07/2025 23:15:12,1,80,2640,3,0,-999
06/07/2025 23:15:28,1,80,2640,3,0,-999
06/07/2025 23:15:44,1,80,2640,3,0,-999
06/07/2025 23:16:00,1,80,2640,3,0,-999
06/07/2025 23:16:16,1,80,2640,3,0,-999
06/07/2025 23:16:32,1,80,2640,3,0,-999
06/07/2025 23:16:48,1,80,2640,3,0,-999
06/07/2025 23:17:04,1,80,2640,3,0,-999
06/07/2025 23:17:20,1,80,2640,3,0,-999
06/07/2025 23:17:36,1,80,2640,3,0,-999
06/07/2025 23:17:52,1,80,2640,3,0,-999
06/07/2025 23:18:08,1,80,2640,3,0,-999
06/07/2025 23:18:24,1,80,2640,3,0,-999
06/07/2025 23:18:40,1,80,2640,3,0,-999
06/07/2025 23:18:56,1,80,2640,3,0,-999
06/07/2025 23:19:12,1,80,2640,3,0,-999
06/07/2025 23:19:28,1,80,2640,3,0,-999
06/07/2025 23:19:44,1,80,2640,3,0,-999
06/07/2025 23:20:00,1,80,2640,3,0,-999
06/07/2025 23:20:16,1,80,2640,3,0,-999
06/07/2025 23:20:32,1,80,2640,3,0,-999
06/07/2025 23:20:48,1,80,2640,3,0,-999
06/07/2025 23:21:04,1,80,2640,3,0,-999
06/07/2025 23:21:20,1,80,2640,3,0,-999
06/07/2025 23:21:36,1,80,2640,3,0,-999
06/07/2025 23:21:52,1,80,2640,3,0,-999
06/07/2025 23:22:08,1,80,2640,3,0,-999
06/07/2025 23:22:24,1,80,2640,3,0,-999
06/07/2025 23:22:40,1,80,2640,3,0,-999
06/07/2025 23:22:56,1,80,2640,3,0,-999
06/07/2025 23:23:12,1,80,2640,3,0,-999
06/07/2025 23:23:28,1,80,2640,3,0,-999
06/07/2025 23:23:44,1,80,2640,3,0,-999
06/07/2025 23:24:00,1,80,2640,3,0,-999
06/07/2025 23:24:16,1,80,2640,3,0,-999
06/07/2025 23:24:32,1,80,2640,3,0,-999
06/07/2025 23:24:48,1,80,2640,3,0,-999
06/07/2025 23:25:04,1,80,2640,3,0,-999
06/07/2025 23:25:20,1,80,2640,3,0,-999
06/07/2025 23:25:36,1,80,2640,3,0,-999
06/07/2025 23:25:52,1,80,2640,3,0,-999
06/07/2025 23:26:08,1,80,2640,3,0,-999
06/07/2025 23:26:24,1,70,2640,3,0,-999
06/07/2025 23:26:40,1,70,2640,3,0,-999
06/07/2025 23:26:56,1,70,2640,3,0,-999
06/07/2025 23:27:12,1,70,2640,3,0,-999
06/07/2025 23:27:28,1,70,2640,3,0,-999
06/07/2025 23:27:44,1,70,2640,3,0,-999
06/07/2025 23:28:00,1,70,2640,3,0,-999
06/07/2025 23:28:16,1,70,2640,3,0,-999
06/07/2025 23:28:32,1,70,2640,3,0,-999
06/07/2025 23:28:48,1,70,2640,3,0,-999
06/07/2025 23:29:04,1,60,2640,3,0,-999
06/07/2025 23:29:20,1,60,2640,3,0,-999
06/07/2025 23:29:36,1,60,2640,3,0,-999
06/07/2025 23:29:52,1,60,2640,3,0,-999
06/07/2025 23:30:08,1,60,2640,3,0,-999
06/07/2025 23:30:24,1,60,2640,3,0,-999
06/07/2025 23:30:40,1,60,2640,3,0,-999
06/07/2025 23:30:56,1,50,2640,3,0,-999
06/07/2025 23:31:12,1,50,2640,3,0,-999
06/07/2025 23:31:28,1,50,2640,3,0,-999
06/07/2025 23:31:44,1,50,2640,3,0,-999
06/07/2025 23:32:00,1,50,2640,3,0,-999
06/07/2025 23:32:16,1,40,2640,3,0,-999
06/07/2025 23:32:32,1,40,2640,3,0,-999
06/07/2025 23:32:48,1,40,2640,3,0,-999
06/07/2025 23:33:04,1,40,2640,3,0,-999
06/07/2025 23:33:20,1,40,2640,3,0,-999
06/07/2025 23:33:36,1,40,2640,3,0,-999
06/07/2025 23:33:52,1,40,2640,3,0,-999
06/07/2025 23:34:08,1,40,2640,3,0,-999
06/07/2025 23:34:24,1,40,2640,3,0,-999
06/07/2025 23:34:40,1,40,2640,3,0,-999
06/07/2025 23:34:56,1,40,2640,3,0,-999
06/07/2025 23:35:12,1,40,2640,3,0,-999
06/07/2025 23:35:28,1,40,2640,3,0,-999
06/07/2025 23:35:44,1,40,2640,3,0,-999
06/07/2025 23:36:00,1,40,2640,3,0,-999
06/07/2025 23:36:16,1,40,2640,3,0,-999
06/07/2025 23:36:32,1,40,2640,3,0,-999
06/07/2025 23:36:48,1,40,2640,3,0,-999
06/07/2025 23:37:04,1,40,2640,3,0,-999
06/07/2025 23:37:20,1,40,2640,3,0,-999
06/07/2025 23:37:36,1,40,2640,3,0,-999
06/07/2025 23:37:52,1,40,2640,3,0,-999
06/07/2025 23:38:08,1,40,2640,3,0,-999
06/07/2025 23:38:24,1,40,2640,3,0,-999
06/07/2025 23:38:40,1,30,2640,3,0,-999
06/07/2025 23:38:56,1,30,2640,3,0,-999
06/07/2025 23:39:12,1,30,2640,3,0,-999
06/07/2025 23:39:28,1,30,2640,3,0,-999
06/07/2025 23:39:44,1,30,2640,3,0,-999
06/07/2025 23:40:00,1,30,2640,3,0,-999
06/07/2025 23:40:16,1,30,2640,3,0,-999
06/07/2025 23:40:32,1,30,2640,3,0,-999
06/07/2025 23:40:48,1,30,2640,3,0,-999
06/07/2025 23:41:04,1,30,2640,3,0,-999
06/07/2025 23:41:20,1,30,2640,3,0,-999
06/07/2025 23:41:36,1,30,2640,3,0,-999
06/07/2025 23:41:52,1,30,2640,3,0,-999
06/07/2025 23:42:08,1,30,2640,3,0,-999
06/07/2025 23:42:24,1,30,2640,3,0,-999
06/07/2025 23:42:40,1,30,2640,3,0,-999
06/07/2025 23:42:56,1,30,2640,3,0,-999
06/07/2025 23:43:12,1,30,2640,3,0,-999
06/07/2025 23:43:28,1,30,2640,3,0,-999
06/07/2025 23:43:44,1,30,2640,3,0,-999
06/07/2025 23:44:00,1,30,2640,3,0,-999
06/07/2025 23:44:16,1,30,2640,3,0,-999
06/07/2025 23:44:32,1,30,2640,3,0,-999
06/07/2025 23:44:48,1,30,2640,3,0,-999
06/07/2025 23:45:04,1,30,2640,3,0,-999
06/07/2025 23:45:20,1,30,2640,3,0,-999
06/07/2025 23:45:36,1,30,2640,3,0,-999
06/07/2025 23:45:52,1,20,2640,3,0,-999
06/07/2025 23:46:08,1,20,2640,3,0,-999
06/07/2025 23:46:24,1,20,2640,3,0,-999
06/07/2025 23:46:40,1,20,2640,3,0,-999
06/07/2025 23:46:56,1,20,2640,3,0,-999
06/07/2025 23:47:12,1,20,2640,3,0,-999
06/07/2025 23:47:28,1,20,2640,3,0,-999
06/07/2025 23:47:44,1,10,2640,3,0,-999
06/07/2025 23:48:00,1,20,2640,3,0,-999
06/07/2025 23:48:16,1,20,2640,3,0,-999
06/07/2025 23:48:32,1,10,2640,3,0,-999
06/07/2025 23:48:48,1,10,2640,3,0,-999
06/07/2025 23:49:04,1,10,2640,3,0,-999
06/07/2025 23:49:20,1,10,2640,3,0,-999
06/07/2025 23:49:36,1,10,2640,3,0,-999
06/07/2025 23:49:52,1,10,2640,3,0,-999
06/07/2025 23:50:08,1,220,2640,3,0,-999
06/07/2025 23:50:24,1,10,2640,3,0,-999
06/07/2025 23:50:40,1,10,2640,3,0,-999
06/07/2025 23:50:56,1,220,2640,3,0,-999
06/07/2025 23:51:12,1,220,2640,3,0,-999
06/07/2025 23:51:28,1,220,2640,3,0,-999
06/07/2025 23:51:44,1,220,2640,3,0,-999
06/07/2025 23:52:00,1,220,2640,3,0,-999
06/07/2025 23:52:16,1,220,2640,3,0,-999
06/07/2025 23:52:32,1,220,2640,3,0,-999
06/07/2025 23:52:48,1,220,2640,3,0,-999
06/07/2025 23:53:04,1,220,2640,3,0,-999
06/07/2025 23:53:20,1,220,2640,3,0,-999
06/07/2025 23:53:36,1,220,2640,3,0,-999
06/07/2025 23:53:52,1,210,2640,3,0,-999
06/07/2025 23:54:08,1,210,2640,3,0,-999
06/07/2025 23:54:24,1,210,2640,3,0,-999
06/07/2025 23:54:40,1,210,2640,3,0,-999
06/07/2025 23:54:56,1,210,2640,3,0,-999
06/07/2025 23:55:12,1,210,2640,3,0,-999
06/07/2025 23:55:28,1,210,2640,3,0,-999
06/07/2025 23:55:44,1,210,2640,3,0,-999
06/07/2025 23:56:00,1,10,2640,3,0,-999
06/07/2025 23:56:16,1,210,2640,3,0,-999
06/07/2025 23:56:32,1,210,2640,3,0,-999
06/07/2025 23:56:48,1,210,2640,3,0,-999
06/07/2025 23:57:04,1,210,2640,3,0,-999
06/07/2025 23:57:20,1,210,2640,3,0,-999
06/07/2025 23:57:36,1,200,2640,3,0,-999
06/07/2025 23:57:52,1,200,2640,3,0,-999
06/07/2025 23:58:08,1,200,2640,3,0,-999
06/07/2025 23:58:24,1,200,2640,3,0,-999
06/07/2025 23:58:40,1,200,2640,3,0,-999
06/07/2025 23:58:56,1,200,2640,3,0,-999
06/07/2025 23:59:12,1,200,2640,3,0,-999
06/07/2025 23:59:28,1,200,2640,3,0,-999
06/07/2025 23:59:44,1,200,2640,3,0,-999
07/07/2025 00:00:00,2,200,70,3,0,-999
07/07/2025 00:00:16,2,200,70,3,0,-999
07/07/2025 00:00:32,2,190,70,3,0,-999
07/07/2025 00:00:48,2,190,70,3,0,-999
07/07/2025 00:01:04,2,190,70,3,0,-999
07/07/2025 00:01:20,2,190,70,3,0,-999
07/07/2025 00:01:36,2,190,70,3,0,-999
07/07/2025 00:01:52,2,190,70,3,0,-999
07/07/2025 00:02:08,2,190,70,3,0,-999
07/07/2025 00:02:24,2,190,70,3,0,-999
07/07/2025 00:02:40,2,10,70,3,0,-999
07/07/2025 00:02:56,2,180,70,3,0,-999
07/07/2025 00:03:12,2,180,70,3,0,-999
07/07/2025 00:03:28,2,10,70,3,0,-999
07/07/2025 00:03:44,2,180,70,3,0,-999
07/07/2025 00:04:00,2,180,70,3,0,-999
07/07/2025 00:04:16,2,180,70,3,0,-999
07/07/2025 00:04:32,2,10,70,3,0,-999
07/07/2025 00:04:48,2,10,70,3,0,-999
07/07/2025 00:05:04,2,170,70,3,0,-999
07/07/2025 00:05:20,2,10,70,3,0,-999
07/07/2025 00:05:36,2,170,70,3,0,-999
07/07/2025 00:05:52,2,170,70,3,0,-999
07/07/2025 00:06:08,2,10,70,3,0,-999
07/07/2025 00:06:24,2,10,70,3,0,-999
07/07/2025 00:06:40,2,10,70,3,0,-999
07/07/2025 00:06:56,2,10,70,3,0,-999
07/07/2025 00:07:12,2,10,70,3,0,-999
07/07/2025 00:07:28,2,10,70,3,0,-999
07/07/2025 00:07:44,2,10,70,3,0,-999
07/07/2025 00:08:00,2,10,70,3,0,-999
07/07/2025 00:08:16,2,10,70,3,0,-999
07/07/2025 00:08:32,2,10,70,3,0,-999
07/07/2025 00:08:48,2,10,70,3,0,-999
07/07/2025 00:09:04,2,10,70,3,0,-999
07/07/2025 00:09:20,2,10,70,3,0,-999
07/07/2025 00:09:36,2,10,70,3,0,-999
07/07/2025 00:09:52,2,660,70,3,0,-999
07/07/2025 00:10:08,2,10,70,3,0,-999
07/07/2025 00:10:24,2,10,70,3,0,-999
07/07/2025 00:10:40,2,10,70,3,0,-999
07/07/2025 00:10:56,2,10,70,3,0,-999
07/07/2025 00:11:12,2,670,70,3,0,-999
07/07/2025 00:11:28,2,670,70,3,0,-999
07/07/2025 00:11:44,2,660,70,3,0,-999
07/07/2025 00:12:00,2,660,70,3,0,-999
07/07/2025 00:12:16,2,650,70,3,0,-999
07/07/2025 00:12:32,2,650,70,3,0,-999
07/07/2025 00:12:48,2,650,70,3,0,-999
07/07/2025 00:13:04,2,640,70,3,0,-999
07/07/2025 00:13:20,2,640,70,3,0,-999
07/07/2025 00:13:36,2,630,70,3,0,-999
07/07/2025 00:13:52,2,630,70,3,0,-999
07/07/2025 00:14:08,2,630,70,3,0,-999
07/07/2025 00:14:24,2,620,70,3,0,-999
07/07/2025 00:14:40,2,620,70,3,0,-999
07/07/2025 00:14:56,2,620,70,3,0,-999
07/07/2025 00:15:12,2,610,70,3,0,-999
07/07/2025 00:15:28,2,610,70,3,0,-999
07/07/2025 00:15:44,2,610,70,3,0,-999
07/07/2025 00:16:00,2,600,70,3,0,-999
07/07/2025 00:16:16,2,600,70,3,0,-999
07/07/2025 00:16:32,2,590,70,3,0,-999
07/07/2025 00:16:48,2,590,70,3,0,-999
07/07/2025 00:17:04,2,580,70,3,0,-999
07/07/2025 00:17:20,2,580,70,3,0,-999
07/07/2025 00:17:36,2,570,70,3,0,-999
07/07/2025 00:17:52,2,570,70,3,0,-999
07/07/2025 00:18:08,2,560,70,3,0,-999
07/07/2025 00:18:24,2,560,70,3,0,-999
07/07/2025 00:18:40,2,550,70,3,0,-999
07/07/2025 00:18:56,2,540,70,3,0,-999
07/07/2025 00:19:12,2,540,70,3,0,-999
07/07/2025 00:19:28,2,530,70,3,0,-999
07/07/2025 00:19:44,2,530,70,3,0,-999
07/07/2025 00:20:00,2,520,70,3,0,-999
07/07/2025 00:20:16,2,520,70,3,0,-999
07/07/2025 00:20:32,2,510,70,3,0,-999
07/07/2025 00:20:48,2,510,70,3,0,-999
07/07/2025 00:21:04,2,510,70,3,0,-999
07/07/2025 00:21:20,2,500,70,3,0,-999
07/07/2025 00:21:36,2,500,70,3,0,-999
07/07/2025 00:21:52,2,490,70,3,0,-999
07/07/2025 00:22:08,2,490,70,3,0,-999
07/07/2025 00:22:24,2,480,70,3,0,-999
07/07/2025 00:22:40,2,480,70,3,0,-999
07/07/2025 00:22:56,2,480,70,3,0,-999
07/07/2025 00:23:12,2,470,70,3,0,-999
07/07/2025 00:23:28,2,470,70,3,0,-999
07/07/2025 00:23:44,2,470,70,3,0,-999
07/07/2025 00:24:00,2,460,70,3,0,-999
07/07/2025 00:24:16,2,460,70,3,0,-999
07/07/2025 00:24:32,2,460,70,3,0,-999
07/07/2025 00:24:48,2,460,70,3,0,-999
07/07/2025 00:25:04,2,460,70,3,0,-999
07/07/2025 00:25:20,2,450,70,3,0,-999
07/07/2025 00:25:36,2,450,70,3,0,-999
07/07/2025 00:25:52,2,450,70,3,0,-999
07/07/2025 00:26:08,2,450,70,3,0,-999
07/07/2025 00:26:24,2,450,70,3,0,-999
07/07/2025 00:26:40,2,440,70,3,0,-999
07/07/2025 00:26:56,2,440,70,3,0,-999
07/07/2025 00:27:12,2,440,70,3,0,-999
07/07/2025 00:27:28,2,440,70,3,0,-999
07/07/2025 00:27:44,2,440,70,3,0,-999
07/07/2025 00:28:00,2,440,70,3,0,-999
07/07/2025 00:28:16,2,440,70,3,0,-999
07/07/2025 00:28:32,2,440,70,3,0,-999
07/07/2025 00:28:48,2,440,70,3,0,-999
07/07/2025 00:29:04,2,430,70,3,0,-999
07/07/2025 00:29:20,2,430,70,3,0,-999
07/07/2025 00:29:36,2,430,70,3,0,-999
07/07/2025 00:29:52,2,430,70,3,0,-999
07/07/2025 00:30:08,2,430,70,3,0,-999
07/07/2025 00:30:24,2,430,70,3,0,-999
07/07/2025 00:30:40,2,420,70,3,0,-999
07/07/2025 00:30:56,2,420,70,3,0,-999
07/07/2025 00:31:12,2,420,70,3,0,-999
07/07/2025 00:31:28,2,420,70,3,0,-999
07/07/2025 00:31:44,2,420,70,3,0,-999
07/07/2025 00:32:00,2,420,70,3,0,-999
07/07/2025 00:32:16,2,420,70,3,0,-999
07/07/2025 00:32:32,2,420,70,3,0,-999
07/07/2025 00:32:48,2,420,70,3,0,-999
07/07/2025 00:33:04,2,420,70,3,0,-999
07/07/2025 00:33:20,2,410,70,3,0,-999
07/07/2025 00:33:36,2,410,70,3,0,-999
07/07/2025 00:33:52,2,410,70,3,0,-999
07/07/2025 00:34:08,2,410,70,3,0,-999
07/07/2025 00:34:24,2,410,70,3,0,-999
07/07/2025 00:34:40,2,400,70,3,0,-999
07/07/2025 00:34:56,2,400,70,3,0,-999
07/07/2025 00:35:12,2,400,70,3,0,-999
07/07/2025 00:35:28,2,400,70,3,0,-999
07/07/2025 00:35:44,2,400,70,3,0,-999
07/07/2025 00:36:00,2,400,70,3,0,-999
07/07/2025 00:36:16,2,390,70,3,0,-999
07/07/2025 00:36:32,2,390,70,3,0,-999
07/07/2025 00:36:48,2,390,70,3,0,-999
07/07/2025 00:37:04,2,390,70,3,0,-999
07/07/2025 00:37:20,2,390,70,3,0,-999
07/07/2025 00:37:36,2,390,70,3,0,-999
07/07/2025 00:37:52,2,390,70,3,0,-999
07/07/2025 00:38:08,2,390,70,3,0,-999
07/07/2025 00:38:24,2,380,70,3,0,-999
07/07/2025 00:38:40,2,380,70,3,0,-999
07/07/2025 00:38:56,2,380,70,3,0,-999
07/07/2025 00:39:12,2,380,70,3,0,-999
07/07/2025 00:39:28,2,380,70,3,0,-999
07/07/2025 00:39:44,2,380,70,3,0,-999
07/07/2025 00:40:00,2,380,70,3,0,-999
07/07/2025 00:40:16,2,380,70,3,0,-999
07/07/2025 00:40:32,2,380,70,3,0,-999
07/07/2025 00:40:48,2,380,70,3,0,-999
07/07/2025 00:41:04,2,370,70,3,0,-999
07/07/2025 00:41:20,2,370,70,3,0,-999
07/07/2025 00:41:36,2,370,70,3,0,-999
07/07/2025 00:41:52,2,370,70,3,0,-999
07/07/2025 00:42:08,2,370,70,3,0,-999
07/07/2025 00:42:24,2,370,70,3,0,-999
07/07/2025 00:42:40,2,370,70,3,0,-999
07/07/2025 00:42:56,2,370,70,3,0,-999
07/07/2025 00:43:12,2,370,70,3,0,-999
07/07/2025 00:43:28,2,370,70,3,0,-999
07/07/2025 00:43:44,2,360,70,3,0,-999
07/07/2025 00:44:00,2,360,70,3,0,-999
07/07/2025 00:44:16,2,370,70,3,0,-999
07/07/2025 00:44:32,2,370,70,3,0,-999
07/07/2025 00:44:48,2,370,70,3,0,-999
07/07/2025 00:45:04,2,370,70,3,0,-999
07/07/2025 00:45:20,2,370,70,3,0,-999
07/07/2025 00:45:36,2,370,70,3,0,-999
07/07/2025 00:45:52,2,370,70,3,0,-999
07/07/2025 00:46:08,2,370,70,3,0,-999
07/07/2025 00:46:24,2,370,70,3,0,-999
07/07/2025 00:46:40,2,370,70,3,0,-999
07/07/2025 00:46:56,2,380,70,3,0,-999
07/07/2025 00:47:12,2,380,70,3,0,-999
07/07/2025 00:47:28,2,380,70,3,0,-999
07/07/2025 00:47:44,2,380,70,3,0,-999
07/07/2025 00:48:00,2,380,70,3,0,-999
07/07/2025 00:48:16,2,390,70,3,0,-999
07/07/2025 00:48:32,2,390,70,3,0,-999
07/07/2025 00:48:48,2,390,70,3,0,-999
07/07/2025 00:49:04,2,390,70,3,0,-999
07/07/2025 00:49:20,2,400,70,3,0,-999
07/07/2025 00:49:36,2,400,70,3,0,-999
07/07/2025 00:49:52,2,410,70,3,0,-999
07/07/2025 00:50:08,2,420,70,3,0,-999
07/07/2025 00:50:24,2,470,70,3,0,-999
07/07/2025 00:50:40,2,490,70,3,0,-999
07/07/2025 00:50:56,2,500,70,3,0,-999
07/07/2025 00:51:12,2,510,70,3,0,-999
07/07/2025 00:51:28,2,510,70,3,0,-999
07/07/2025 00:51:44,2,520,70,3,0,-999
07/07/2025 00:52:00,2,530,70,3,0,-999
07/07/2025 00:52:16,2,530,70,3,0,-999
07/07/2025 00:52:32,2,530,70,3,0,-999
07/07/2025 00:52:48,2,530,70,3,0,-999
07/07/2025 00:53:04,2,530,70,3,0,-999
07/07/2025 00:53:20,2,540,70,3,0,-999
07/07/2025 00:53:36,2,540,70,3,0,-999
07/07/2025 00:53:52,2,550,70,3,0,-999
07/07/2025 00:54:08,2,550,70,3,0,-999
07/07/2025 00:54:24,2,550,70,3,0,-999
07/07/2025 00:54:40,2,560,70,3,0,-999
07/07/2025 00:54:56,2,560,70,3,0,-999
07/07/2025 00:55:12,2,560,70,3,0,-999
07/07/2025 00:55:28,2,560,70,3,0,-999
07/07/2025 00:55:44,2,560,70,3,0,-999
07/07/2025 00:56:00,2,560,70,3,0,-999
07/07/2025 00:56:16,2,560,70,3,0,-999
07/07/2025 00:56:32,2,560,70,3,0,-999
07/07/2025 00:56:48,2,560,70,3,0,-999
07/07/2025 00:57:04,2,560,70,3,0,-999
07/07/2025 00:57:20,2,550,70,3,0,-999
07/07/2025 00:57:36,2,550,70,3,0,-999
07/07/2025 00:57:52,2,550,70,3,0,-999
07/07/2025 00:58:08,2,550,70,3,0,-999
07/07/2025 00:58:24,2,550,70,3,0,-999
07/07/2025 00:58:40,2,540,70,3,0,-999
07/07/2025 00:58:56,2,540,70,3,0,-999
07/07/2025 00:59:12,2,540,70,3,0,-999
07/07/2025 00:59:28,2,540,70,3,0,-999
07/07/2025 00:59:44,2,530,70,3,0,-999
07/07/2025 01:00:00,-999,530,-999,3,0,-999
07/07/2025 01:00:16,-999,530,-999,3,0,-999
07/07/2025 01:00:32,-999,520,-999,3,0,-999
07/07/2025 01:00:48,-999,510,-999,3,0,-999
07/07/2025 01:01:04,-999,510,-999,3,0,-999
07/07/2025 01:01:20,-999,510,-999,3,0,-999
07/07/2025 01:01:36,-999,500,-999,3,0,-999
07/07/2025 01:01:52,-999,500,-999,3,0,-999
07/07/2025 01:02:08,-999,500,-999,3,0,-999
07/07/2025 01:02:24,-999,490,-999,3,0,-999
07/07/2025 01:02:40,-999,490,-999,3,0,-999
07/07/2025 01:02:56,-999,480,-999,3,0,-999
07/07/2025 01:03:12,-999,480,-999,3,0,-999
07/07/2025 01:03:28,-999,470,-999,3,0,-999
07/07/2025 01:03:44,-999,470,-999,3,0,-999
07/07/2025 01:04:00,-999,470,-999,3,0,-999
07/07/2025 01:04:16,-999,470,-999,3,0,-999
07/07/2025 01:04:32,-999,470,-999,3,0,-999
07/07/2025 01:04:48,-999,460,-999,3,0,-999
07/07/2025 01:05:04,-999,460,-999,3,0,-999
07/07/2025 01:05:20,-999,460,-999,3,0,-999
07/07/2025 01:05:36,-999,460,-999,3,0,-999
07/07/2025 01:05:52,-999,460,-999,3,0,-999
07/07/2025 01:06:08,-999,450,-999,3,0,-999
07/07/2025 01:06:24,-999,450,-999,3,0,-999
07/07/2025 01:06:40,-999,450,-999,3,0,-999
07/07/2025 01:06:56,-999,450,-999,3,0,-999
07/07/2025 01:07:12,-999,450,-999,3,0,-999
07/07/2025 01:07:28,-999,450,-999,3,0,-999
07/07/2025 01:07:44,-999,440,-999,3,0,-999
07/07/2025 01:08:00,-999,440,-999,3,0,-999
07/07/2025 01:08:16,-999,440,-999,3,0,-999
07/07/2025 01:08:32,-999,440,-999,3,0,-999
07/07/2025 01:08:48,-999,430,-999,3,0,-999
07/07/2025 01:09:04,-999,430,-999,3,0,-999
07/07/2025 01:09:20,-999,430,-999,3,0,-999
07/07/2025 01:09:36,-999,430,-999,3,0,-999
07/07/2025 01:09:52,-999,420,-999,3,0,-999
07/07/2025 01:10:08,-999,420,-999,3,0,-999
07/07/2025 01:10:24,-999,410,-999,3,0,-999
07/07/2025 01:10:40,-999,410,-999,3,0,-999
07/07/2025 01:10:56,-999,410,-999,3,0,-999
07/07/2025 01:11:12,-999,400,-999,3,0,-999
07/07/2025 01:11:28,-999,400,-999,3,0,-999
07/07/2025 01:11:44,-999,390,-999,3,0,-999
07/07/2025 01:12:00,-999,390,-999,3,0,-999
07/07/2025 01:12:16,-999,390,-999,3,0,-999
07/07/2025 01:12:32,-999,390,-999,3,0,-999
07/07/2025 01:12:48,-999,390,-999,3,0,-999
07/07/2025 01:13:04,-999,390,-999,3,0,-999
07/07/2025 01:13:20,-999,380,-999,3,0,-999
07/07/2025 01:13:36,-999,380,-999,3,0,-999
07/07/2025 01:13:52,-999,380,-999,3,0,-999
07/07/2025 01:14:08,-999,380,-999,3,0,-999
07/07/2025 01:14:24,-999,380,-999,3,0,-999
07/07/2025 01:14:40,-999,370,-999,3,0,-999
07/07/2025 01:14:56,-999,370,-999,3,0,-999
07/07/2025 01:15:12,-999,370,-999,3,0,-999
07/07/2025 01:15:28,-999,370,-999,3,0,-999
07/07/2025 01:15:44,-999,370,-999,3,0,-999
07/07/2025 01:16:00,-999,360,-999,3,0,-999
07/07/2025 01:16:16,-999,350,-999,3,0,-999
07/07/2025 01:16:32,-999,350,-999,3,0,-999
07/07/2025 01:16:48,-999,350,-999,3,0,-999
07/07/2025 01:17:04,-999,350,-999,3,0,-999
07/07/2025 01:17:20,-999,350,-999,3,0,-999
07/07/2025 01:17:36,-999,340,-999,3,0,-999
07/07/2025 01:17:52,-999,340,-999,3,0,-999
07/07/2025 01:18:08,-999,330,-999,3,0,-999
07/07/2025 01:18:24,-999,330,-999,3,0,-999
07/07/2025 01:18:40,-999,330,-999,3,0,-999
07/07/2025 01:18:56,-999,330,-999,3,0,-999
07/07/2025 01:19:12,-999,320,-999,3,0,-999
07/07/2025 01:19:28,-999,320,-999,3,1,6010
07/07/2025 01:19:44,-999,310,-999,3,1,6010
07/07/2025 01:20:00,-999,310,-999,3,1,6010
07/07/2025 01:20:16,-999,310,-999,3,1,6020
07/07/2025 01:20:32,-999,300,-999,3,1,6020
07/07/2025 01:20:48,-999,290,-999,3,1,6010
07/07/2025 01:21:04,-999,280,-999,3,1,6010
07/07/2025 01:21:20,-999,280,-999,3,1,6010
07/07/2025 01:21:36,-999,270,-999,3,1,6010
07/07/2025 01:21:52,-999,260,-999,3,1,6030
07/07/2025 01:22:08,-999,250,-999,3,1,6030
07/07/2025 01:22:24,-999,240,-999,3,1,6030
07/07/2025 01:22:40,-999,240,-999,3,1,6050
07/07/2025 01:22:56,-999,230,-999,3,1,6050
07/07/2025 01:23:12,-999,220,-999,3,1,6060
07/07/2025 01:23:28,-999,210,-999,3,1,6060
07/07/2025 01:23:44,-999,200,-999,3,1,6090
07/07/2025 01:24:00,-999,200,-999,3,1,6090
07/07/2025 01:24:16,-999,200,-999,3,1,6080
07/07/2025 01:24:32,-999,190,-999,3,1,6080
07/07/2025 01:24:48,-999,180,-999,3,1,6080
07/07/2025 01:25:04,-999,160,-999,3,1,6070
07/07/2025 01:25:20,-999,150,-999,3,1,6070
07/07/2025 01:25:36,-999,150,-999,3,1,6110
07/07/2025 01:25:52,-999,150,-999,3,1,6110
07/07/2025 01:26:08,-999,130,-999,3,1,6120
07/07/2025 01:26:24,-999,110,-999,3,1,6120
07/07/2025 01:26:40,-999,90,-999,3,0,-999
07/07/2025 01:26:56,-999,90,-999,3,0,-999
07/07/2025 01:27:12,-999,90,-999,3,0,-999
07/07/2025 01:27:28,-999,90,-999,3,0,-999
07/07/2025 01:27:44,-999,80,-999,3,0,-999
07/07/2025 01:28:00,-999,80,-999,3,0,-999
07/07/2025 01:28:16,-999,70,-999,3,0,-999
07/07/2025 01:28:32,-999,70,-999,3,0,-999
07/07/2025 01:28:48,-999,70,-999,3,0,-999
07/07/2025 01:29:04,-999,70,-999,3,0,-999
07/07/2025 01:29:20,-999,60,-999,3,0,-999
07/07/2025 01:29:36,-999,60,-999,3,0,-999
07/07/2025 01:29:52,-999,60,-999,3,0,-999
07/07/2025 01:30:08,-999,60,-999,3,0,-999
07/07/2025 01:30:24,-999,60,-999,3,0,-999
07/07/2025 01:30:40,-999,50,-999,3,0,-999
07/07/2025 01:30:56,-999,50,-999,3,0,-999
07/07/2025 01:31:12,-999,50,-999,3,0,-999
07/07/2025 01:31:28,-999,50,-999,3,0,-999
07/07/2025 01:31:44,-999,50,-999,3,0,-999
07/07/2025 01:32:00,-999,50,-999,3,0,-999
07/07/2025 01:32:16,-999,40,-999,3,0,-999
07/07/2025 01:32:32,-999,40,-999,3,0,-999
07/07/2025 01:32:48,-999,40,-999,3,0,-999
07/07/2025 01:33:04,-999,40,-999,3,0,-999
07/07/2025 01:33:20,-999,40,-999,3,0,-999
07/07/2025 01:33:36,-999,40,-999,3,0,-999
07/07/2025 01:33:52,-999,40,-999,3,0,-999
07/07/2025 01:34:08,-999,40,-999,3,0,-999
07/07/2025 01:34:24,-999,40,-999,3,0,-999
07/07/2025 01:34:40,-999,40,-999,3,0,-999
07/07/2025 01:34:56,-999,30,-999,3,0,-999
07/07/2025 01:35:12,-999,30,-999,3,0,-999
07/07/2025 01:35:28,-999,30,-999,3,0,-999
07/07/2025 01:35:44,-999,30,-999,3,0,-999
07/07/2025 01:36:00,-999,30,-999,3,0,-999
07/07/2025 01:36:16,-999,30,-999,3,0,-999
07/07/2025 01:36:32,-999,30,-999,3,0,-999
07/07/2025 01:36:48,-999,20,-999,3,0,-999
07/07/2025 01:37:04,-999,20,-999,3,0,-999
07/07/2025 01:37:20,-999,20,-999,3,0,-999
07/07/2025 01:37:36,-999,20,-999,3,0,-999
07/07/2025 01:37:52,-999,10,-999,3,0,-999
07/07/2025 01:38:08,-999,20,-999,3,0,-999
07/07/2025 01:38:24,-999,10,-999,3,0,-999
07/07/2025 01:38:40,-999,20,-999,3,0,-999
07/07/2025 01:38:56,-999,10,-999,3,0,-999
07/07/2025 01:39:12,-999,10,-999,3,0,-999
07/07/2025 01:39:28,-999,10,-999,3,0,-999
07/07/2025 01:39:44,-999,10,-999,3,0,-999
07/07/2025 01:40:00,-999,10,-999,3,0,-999
07/07/2025 01:40:16,-999,20,-999,3,0,-999
07/07/2025 01:40:32,-999,560,-999,3,0,-999
07/07/2025 01:40:48,-999,560,-999,3,0,-999
07/07/2025 01:41:04,-999,560,-999,3,0,-999
07/07/2025 01:41:20,-999,550,-999,3,0,-999
07/07/2025 01:41:36,-999,550,-999,3,0,-999
07/07/2025 01:41:52,-999,540,-999,3,0,-999
07/07/2025 01:42:08,-999,540,-999,3,0,-999
07/07/2025 01:42:24,-999,540,-999,3,0,-999
07/07/2025 01:42:40,-999,530,-999,3,0,-999
07/07/2025 01:42:56,-999,530,-999,3,0,-999
07/07/2025 01:43:12,-999,520,-999,3,0,-999
07/07/2025 01:43:28,-999,520,-999,3,0,-999
07/07/2025 01:43:44,-999,510,-999,3,0,-999
07/07/2025 01:44:00,-999,510,-999,3,0,-999
07/07/2025 01:44:16,-999,500,-999,3,0,-999
07/07/2025 01:44:32,-999,500,-999,3,0,-999
07/07/2025 01:44:48,-999,500,-999,3,0,-999
07/07/2025 01:45:04,-999,490,-999,3,0,-999
07/07/2025 01:45:20,-999,490,-999,3,0,-999
07/07/2025 01:45:36,-999,490,-999,3,0,-999
07/07/2025 01:45:52,-999,490,-999,3,0,-999
07/07/2025 01:46:08,-999,480,-999,3,0,-999
07/07/2025 01:46:24,-999,480,-999,3,0,-999
07/07/2025 01:46:40,-999,480,-999,3,0,-999
07/07/2025 01:46:56,-999,470,-999,3,0,-999
07/07/2025 01:47:12,-999,470,-999,3,1,4510
07/07/2025 01:47:28,-999,470,-999,3,1,4510
07/07/2025 01:47:44,-999,460,-999,3,1,4550
07/07/2025 01:48:00,-999,460,-999,3,1,4550
07/07/2025 01:48:16,-999,460,-999,3,1,4530
07/07/2025 01:48:32,-999,450,-999,3,1,4530
07/07/2025 01:48:48,-999,450,-999,3,1,4530
07/07/2025 01:49:04,-999,450,-999,3,2,4600
07/07/2025 01:49:20,-999,440,-999,3,2,4600
07/07/2025 01:49:36,-999,440,-999,3,1,4760
07/07/2025 01:49:52,-999,440,-999,3,1,4760
07/07/2025 01:50:08,-999,440,-999,3,2,4870
07/07/2025 01:50:24,-999,440,-999,3,2,4870
07/07/2025 01:50:40,-999,440,-999,3,2,5070
07/07/2025 01:50:56,-999,440,-999,3,2,5070
07/07/2025 01:51:12,-999,440,-999,3,2,5070
07/07/2025 01:51:28,-999,430,-999,3,1,5360
07/07/2025 01:51:44,-999,430,-999,3,1,5360
07/07/2025 01:52:00,-999,430,-999,3,2,4630
07/07/2025 01:52:16,-999,430,-999,3,2,4630
07/07/2025 01:52:32,-999,420,-999,3,1,4620
07/07/2025 01:52:48,-999,420,-999,3,1,4620
07/07/2025 01:53:04,-999,-999,-999,3,1,4640
07/07/2025 01:53:20,-999,-999,-999,3,1,4640
07/07/2025 01:53:36,-999,-999,-999,3,1,4640
07/07/2025 01:53:52,-999,-999,-999,3,1,4670
07/07/2025 01:54:08,-999,-999,-999,3,1,4670
07/07/2025 01:54:24,-999,400,-999,3,2,4490
07/07/2025 01:54:40,-999,400,-999,3,2,4490
07/07/2025 01:54:56,-999,-999,-999,3,2,4470
07/07/2025 01:55:12,-999,-999,-999,3,2,4470
07/07/2025 01:55:28,-999,400,-999,3,3,4310
07/07/2025 01:55:44,-999,400,-999,3,3,4310
07/07/2025 01:56:00,-999,400,-999,3,3,4310
07/07/2025 01:56:16,-999,390,-999,3,1,4610
07/07/2025 01:56:32,-999,390,-999,3,1,4610
07/07/2025 01:56:48,-999,-999,-999,3,1,4560
07/07/2025 01:57:04,-999,-999,-999,3,1,4560
07/07/2025 01:57:20,-999,-999,-999,3,1,4610
07/07/2025 01:57:36,-999,-999,-999,3,1,4610
07/07/2025 01:57:52,-999,-999,-999,3,1,4580
07/07/2025 01:58:08,-999,-999,-999,3,1,4580
07/07/2025 01:58:24,-999,-999,-999,3,1,4580
07/07/2025 01:58:40,-999,-999,-999,3,1,4560
07/07/2025 01:58:56,-999,-999,-999,3,1,4560
07/07/2025 01:59:12,-999,-999,-999,3,1,4540
07/07/2025 01:59:28,-999,-999,-999,3,1,4540
07/07/2025 01:59:44,-999,-999,-999,3,1,4610
07/07/2025 02:00:00,-999,-999,-999,3,1,4610
07/07/2025 02:00:16,-999,-999,-999,3,1,4610
07/07/2025 02:00:32,-999,-999,-999,3,1,4610
07/07/2025 02:00:48,-999,-999,-999,3,1,4610
07/07/2025 02:01:04,-999,-999,-999,3,1,4650
07/07/2025 02:01:20,-999,-999,-999,3,1,4650
07/07/2025 02:01:36,-999,-999,-999,3,2,4370
07/07/2025 02:01:52,-999,-999,-999,3,2,4370
07/07/2025 02:02:08,-999,-999,-999,3,2,4080
07/07/2025 02:02:24,-999,-999,-999,3,2,4080
07/07/2025 02:02:40,-999,-999,-999,3,2,4050
07/07/2025 02:02:56,-999,-999,-999,3,2,4050
07/07/2025 02:03:12,-999,-999,-999,3,2,4050
07/07/2025 02:03:28,-999,340,-999,3,2,4090
07/07/2025 02:03:44,-999,340,-999,3,2,4090
07/07/2025 02:04:00,-999,340,-999,3,1,4290
07/07/2025 02:04:16,-999,340,-999,3,1,4290
07/07/2025 02:04:32,-999,340,-999,3,1,4290
07/07/2025 02:04:48,-999,330,-999,3,1,4290
07/07/2025 02:05:04,-999,330,-999,3,1,4370
07/07/2025 02:05:20,-999,330,-999,3,1,4370
07/07/2025 02:05:36,-999,330,-999,3,1,4370
07/07/2025 02:05:52,-999,330,-999,3,2,4390
07/07/2025 02:06:08,-999,330,-999,3,2,4390
07/07/2025 02:06:24,-999,330,-999,3,1,4180
07/07/2025 02:06:40,-999,320,-999,3,1,4180
07/07/2025 02:06:56,-999,-999,-999,3,2,4200
07/07/2025 02:07:12,-999,-999,-999,3,2,4200
07/07/2025 02:07:28,-999,10,-999,3,2,4220
07/07/2025 02:07:44,-999,10,-999,3,2,4220
07/07/2025 02:08:00,-999,10,-999,3,2,4220
07/07/2025 02:08:16,-999,10,-999,3,2,4370
07/07/2025 02:08:32,-999,10,-999,3,2,4370
07/07/2025 02:08:48,-999,10,-999,3,3,4050
07/07/2025 02:09:04,-999,10,-999,3,3,4050
07/07/2025 02:09:20,-999,-999,-999,3,2,3950
07/07/2025 02:09:36,-999,-999,-999,3,2,3950
07/07/2025 02:09:52,-999,-999,-999,3,2,3950
07/07/2025 02:10:08,-999,-999,-999,3,2,3950
07/07/2025 02:10:24,-999,-999,-999,3,2,3950
07/07/2025 02:10:40,-999,-999,-999,3,1,3980
07/07/2025 02:10:56,-999,-999,-999,3,1,3980
07/07/2025 02:11:12,-999,20,-999,3,2,4020
07/07/2025 02:11:28,-999,20,-999,3,2,4020
07/07/2025 02:11:44,-999,-999,-999,3,2,3950
07/07/2025 02:12:00,-999,-999,-999,3,2,3950
07/07/2025 02:12:16,-999,-999,-999,3,2,3970
07/07/2025 02:12:32,-999,-999,-999,3,2,3970
07/07/2025 02:12:48,-999,-999,-999,3,2,3970
07/07/2025 02:13:04,-999,20,-999,3,1,4310
07/07/2025 02:13:20,-999,20,-999,3,1,4310
07/07/2025 02:13:36,-999,20,-999,3,1,4270
07/07/2025 02:13:52,-999,20,-999,3,1,4270
07/07/2025 02:14:08,-999,20,-999,3,2,4210
07/07/2025 02:14:24,-999,20,-999,3,2,4210
07/07/2025 02:14:40,-999,20,-999,3,0,-999
07/07/2025 02:14:56,-999,20,-999,3,0,-999
07/07/2025 02:15:12,-999,30,-999,3,0,-999
07/07/2025 02:15:28,-999,30,-999,3,0,-999
07/07/2025 02:15:44,-999,20,-999,3,0,-999
07/07/2025 02:16:00,-999,30,-999,3,0,-999
07/07/2025 02:16:16,-999,30,-999,3,0,-999
07/07/2025 02:16:32,-999,-999,-999,3,1,4560
07/07/2025 02:16:48,-999,-999,-999,3,1,4560
07/07/2025 02:17:04,-999,-999,-999,3,1,4690
07/07/2025 02:17:20,-999,-999,-999,3,1,4690
07/07/2025 02:17:36,-999,-999,-999,3,1,4690
07/07/2025 02:17:52,-999,30,-999,3,3,4210
07/07/2025 02:18:08,-999,30,-999,3,3,4210
07/07/2025 02:18:24,-999,-999,-999,3,2,4200
07/07/2025 02:18:40,-999,-999,-999,3,2,4200
07/07/2025 02:18:56,-999,-999,-999,3,2,3800
07/07/2025 02:19:12,-999,-999,-999,3,2,3800
07/07/2025 02:19:28,-999,30,-999,3,0,-999
07/07/2025 02:19:44,-999,30,-999,3,0,-999
07/07/2025 02:20:00,-999,40,-999,3,0,-999
07/07/2025 02:20:16,-999,-999,-999,3,1,4370
07/07/2025 02:20:32,-999,-999,-999,3,1,4370
07/07/2025 02:20:48,-999,40,-999,3,1,4350
07/07/2025 02:21:04,-999,40,-999,3,1,4350
07/07/2025 02:21:20,-999,40,-999,3,0,-999
07/07/2025 02:21:36,-999,40,-999,3,0,-999
07/07/2025 02:21:52,-999,40,-999,3,0,-999
07/07/2025 02:22:08,-999,40,-999,3,0,-999
07/07/2025 02:22:24,-999,40,-999,3,0,-999
07/07/2025 02:22:40,-999,50,-999,3,2,4210
07/07/2025 02:22:56,-999,50,-999,3,2,4210
07/07/2025 02:23:12,-999,-999,-999,3,3,4000
07/07/2025 02:23:28,-999,-999,-999,3,3,4000
07/07/2025 02:23:44,-999,-999,-999,3,2,3990
07/07/2025 02:24:00,-999,-999,-999,3,2,3990
07/07/2025 02:24:16,-999,50,-999,3,1,4650
07/07/2025 02:24:32,-999,50,-999,3,1,4650
07/07/2025 02:24:48,-999,50,-999,3,1,4650
07/07/2025 02:25:04,-999,-999,-999,3,1,4740
07/07/2025 02:25:20,-999,-999,-999,3,1,4740
07/07/2025 02:25:36,-999,-999,-999,3,1,4750
07/07/2025 02:25:52,-999,-999,-999,3,1,4750
07/07/2025 02:26:08,-999,-999,-999,3,1,4780
07/07/2025 02:26:24,-999,-999,-999,3,1,4780
07/07/2025 02:26:40,-999,60,-999,3,1,4790
07/07/2025 02:26:56,-999,60,-999,3,1,4790
07/07/2025 02:27:12,-999,60,-999,3,1,4790
07/07/2025 02:27:28,-999,60,-999,3,1,4800
07/07/2025 02:27:44,-999,60,-999,3,1,4800
07/07/2025 02:28:00,-999,60,-999,3,1,4800
07/07/2025 02:28:16,-999,60,-999,3,1,4800
07/07/2025 02:28:32,-999,60,-999,3,1,4800
07/07/2025 02:28:48,-999,60,-999,3,1,4800
07/07/2025 02:29:04,-999,50,-999,3,1,4790
07/07/2025 02:29:20,-999,60,-999,3,1,4790
07/07/2025 02:29:36,-999,60,-999,3,1,4790
07/07/2025 02:29:52,-999,60,-999,3,1,4830
07/07/2025 02:30:08,-999,60,-999,3,1,4830
07/07/2025 02:30:24,-999,60,-999,3,1,4820
07/07/2025 02:30:40,-999,60,-999,3,1,4820
07/07/2025 02:30:56,-999,60,-999,3,1,4780
07/07/2025 02:31:12,-999,60,-999,3,1,4780
07/07/2025 02:31:28,-999,70,-999,3,1,4770
07/07/2025 02:31:44,-999,70,-999,3,1,4770
07/07/2025 02:32:00,-999,60,-999,3,1,4770
07/07/2025 02:32:16,-999,60,-999,3,1,4760
07/07/2025 02:32:32,-999,60,-999,3,1,4760
07/07/2025 02:32:48,-999,70,-999,3,1,4690
07/07/2025 02:33:04,-999,70,-999,3,1,4690
07/07/2025 02:33:20,-999,70,-999,3,1,4760
07/07/2025 02:33:36,-999,70,-999,3,1,4760
07/07/2025 02:33:52,-999,70,-999,3,1,4720
07/07/2025 02:34:08,-999,70,-999,3,1,4720
07/07/2025 02:34:24,-999,70,-999,3,1,4720
07/07/2025 02:34:40,-999,70,-999,3,1,4720
07/07/2025 02:34:56,-999,70,-999,3,1,4720
07/07/2025 02:35:12,-999,70,-999,3,1,4760
07/07/2025 02:35:28,-999,70,-999,3,1,4760
07/07/2025 02:35:44,-999,70,-999,3,1,4740
07/07/2025 02:36:00,-999,70,-999,3,1,4740
07/07/2025 02:36:16,-999,70,-999,3,1,4730
07/07/2025 02:36:32,-999,70,-999,3,1,4730
07/07/2025 02:36:48,-999,70,-999,3,1,4730
07/07/2025 02:37:04,-999,70,-999,3,1,4720
07/07/2025 02:37:20,-999,70,-999,3,1,4720
07/07/2025 02:37:36,-999,70,-999,3,1,4710
07/07/2025 02:37:52,-999,70,-999,3,1,4710
07/07/2025 02:38:08,-999,70,-999,3,1,4700
07/07/2025 02:38:24,-999,70,-999,3,1,4700
07/07/2025 02:38:40,-999,70,-999,3,1,4710
07/07/2025 02:38:56,-999,70,-999,3,1,4710
07/07/2025 02:39:12,-999,70,-999,3,1,4710
07/07/2025 02:39:28,-999,70,-999,3,1,4700
07/07/2025 02:39:44,-999,70,-999,3,1,4700
07/07/2025 02:40:00,-999,70,-999,3,1,4700
07/07/2025 02:40:16,-999,70,-999,3,1,4700
07/07/2025 02:40:32,-999,70,-999,3,1,4720
07/07/2025 02:40:48,-999,70,-999,3,1,4720
07/07/2025 02:41:04,-999,70,-999,3,0,-999
07/07/2025 02:41:20,-999,70,-999,3,0,-999
07/07/2025 02:41:36,-999,70,-999,3,0,-999
07/07/2025 02:41:52,-999,70,-999,3,0,-999
07/07/2025 02:42:08,-999,70,-999,3,0,-999
07/07/2025 02:42:24,-999,70,-999,3,0,-999
07/07/2025 02:42:40,-999,70,-999,3,0,-999
07/07/2025 02:42:56,-999,70,-999,3,0,-999
07/07/2025 02:43:12,-999,70,-999,3,0,-999
07/07/2025 02:43:28,-999,70,-999,3,0,-999
07/07/2025 02:43:44,-999,70,-999,3,0,-999
07/07/2025 02:44:00,-999,70,-999,3,0,-999
07/07/2025 02:44:16,-999,830,-999,3,0,-999
07/07/2025 02:44:32,-999,60,-999,3,0,-999
07/07/2025 02:44:48,-999,60,-999,3,1,4580
07/07/2025 02:45:04,-999,820,-999,3,1,4580
07/07/2025 02:45:20,-999,830,-999,3,1,4580
07/07/2025 02:45:36,-999,60,-999,3,1,4580
07/07/2025 02:45:52,-999,830,-999,3,1,4580
07/07/2025 02:46:08,-999,830,-999,3,1,4580
07/07/2025 02:46:24,-999,70,-999,3,1,4580
07/07/2025 02:46:40,-999,70,-999,3,1,4530
07/07/2025 02:46:56,-999,830,-999,3,1,4530
07/07/2025 02:47:12,-999,830,-999,3,1,4520
07/07/2025 02:47:28,-999,830,-999,3,1,4520
07/07/2025 02:47:44,-999,830,-999,3,1,4530
07/07/2025 02:48:00,-999,830,-999,3,1,4530
07/07/2025 02:48:16,-999,70,-999,3,1,4520
07/07/2025 02:48:32,-999,840,-999,3,1,4520
07/07/2025 02:48:48,-999,840,-999,3,1,4520
07/07/2025 02:49:04,-999,60,-999,3,1,4540
07/07/2025 02:49:20,-999,840,-999,3,1,4540
07/07/2025 02:49:36,-999,60,-999,3,1,4550
07/07/2025 02:49:52,-999,70,-999,3,1,4550
07/07/2025 02:50:08,-999,70,-999,3,1,4610
07/07/2025 02:50:24,-999,60,-999,3,1,4610
07/07/2025 02:50:40,-999,840,-999,3,1,4600
07/07/2025 02:50:56,-999,840,-999,3,1,4600
07/07/2025 02:51:12,-999,60,-999,3,1,4600
07/07/2025 02:51:28,-999,840,-999,3,1,4600
07/07/2025 02:51:44,-999,850,-999,3,1,4600
07/07/2025 02:52:00,-999,850,-999,3,1,4600
07/07/2025 02:52:16,-999,60,-999,3,1,4600
07/07/2025 02:52:32,-999,60,-999,3,1,4600
07/07/2025 02:52:48,-999,60,-999,3,1,4600
07/07/2025 02:53:04,-999,60,-999,3,1,4600
07/07/2025 02:53:20,-999,60,-999,3,1,4600
07/07/2025 02:53:36,-999,70,-999,3,1,4600
07/07/2025 02:53:52,-999,60,-999,3,1,4600
07/07/2025 02:54:08,-999,60,-999,3,1,4600
07/07/2025 02:54:24,-999,60,-999,3,1,4600
07/07/2025 02:54:40,-999,60,-999,3,1,4600
07/07/2025 02:54:56,-999,60,-999,3,1,4600
07/07/2025 02:55:12,-999,60,-999,3,1,4600
07/07/2025 02:55:28,-999,60,-999,3,1,4600
07/07/2025 02:55:44,-999,60,-999,3,1,4600
07/07/2025 02:56:00,-999,60,-999,3,1,4600
07/07/2025 02:56:16,-999,60,-999,3,1,4600
07/07/2025 02:56:32,-999,60,-999,3,1,4600
07/07/2025 02:56:48,-999,60,-999,3,1,4600
07/07/2025 02:57:04,-999,60,-999,3,1,4600
07/07/2025 02:57:20,-999,60,-999,3,1,4600
07/07/2025 02:57:36,-999,60,-999,3,1,4600
07/07/2025 02:57:52,-999,60,-999,3,1,4600
07/07/2025 02:58:08,-999,60,-999,3,1,4600
07/07/2025 02:58:24,-999,60,-999,3,1,4600
07/07/2025 02:58:40,-999,60,-999,3,1,4600
07/07/2025 02:58:56,-999,60,-999,3,1,4600
07/07/2025 02:59:12,-999,60,-999,3,2,4860
07/07/2025 02:59:28,-999,60,-999,3,2,4860
07/07/2025 02:59:44,-999,60,-999,3,3,4600
07/07/2025 03:00:00,3,60,60,3,3,4600
07/07/2025 03:00:16,3,60,60,3,2,4600
07/07/2025 03:00:32,3,60,60,3,2,4600
07/07/2025 03:00:48,3,50,60,3,2,4600
07/07/2025 03:01:04,3,50,60,3,3,4480
07/07/2025 03:01:20,3,50,60,3,3,4480
07/07/2025 03:01:36,3,50,60,3,2,4470
07/07/2025 03:01:52,3,50,60,3,2,4470
07/07/2025 03:02:08,3,50,60,3,1,4600
07/07/2025 03:02:24,3,50,60,3,1,4600
07/07/2025 03:02:40,3,50,60,3,1,4600
07/07/2025 03:02:56,3,50,60,3,1,4600
07/07/2025 03:03:12,3,50,60,3,1,4600
07/07/2025 03:03:28,3,50,60,3,1,5270
07/07/2025 03:03:44,3,50,60,3,1,5270
07/07/2025 03:04:00,3,50,60,3,1,5270
07/07/2025 03:04:16,3,60,60,3,1,5270
07/07/2025 03:04:32,3,50,60,3,1,5240
07/07/2025 03:04:48,3,50,60,3,1,5240
07/07/2025 03:05:04,3,50,60,3,1,5110
07/07/2025 03:05:20,3,40,60,3,1,5110
07/07/2025 03:05:36,3,40,60,3,1,5110
07/07/2025 03:05:52,3,40,60,3,1,5110
07/07/2025 03:06:08,3,40,60,3,1,5110
07/07/2025 03:06:24,3,40,60,3,1,5120
07/07/2025 03:06:40,3,40,60,3,1,5120
07/07/2025 03:06:56,3,40,60,3,2,5010
07/07/2025 03:07:12,3,40,60,3,2,5010
07/07/2025 03:07:28,3,40,60,3,1,5230
07/07/2025 03:07:44,3,40,60,3,1,5230
07/07/2025 03:08:00,3,40,60,3,1,5230
07/07/2025 03:08:16,3,40,60,3,1,5300
07/07/2025 03:08:32,3,40,60,3,1,5300
07/07/2025 03:08:48,3,40,60,3,3,4180
07/07/2025 03:09:04,3,40,60,3,3,4180
07/07/2025 03:09:20,3,40,60,3,3,4130
07/07/2025 03:09:36,3,40,60,3,3,4130
07/07/2025 03:09:52,3,-999,60,3,2,4530
07/07/2025 03:10:08,3,-999,60,3,2,4530
07/07/2025 03:10:24,3,-999,60,3,2,4530
07/07/2025 03:10:40,3,-999,60,3,2,4550
07/07/2025 03:10:56,3,-999,60,3,2,4550
07/07/2025 03:11:12,3,40,60,3,2,4450
07/07/2025 03:11:28,3,40,60,3,2,4450
07/07/2025 03:11:44,3,-999,60,3,1,4620
07/07/2025 03:12:00,3,-999,60,3,1,4620
07/07/2025 03:12:16,3,40,60,3,1,4600
07/07/2025 03:12:32,3,40,60,3,1,4600
07/07/2025 03:12:48,3,40,60,3,1,4600
07/07/2025 03:13:04,3,40,60,3,1,4590
07/07/2025 03:13:20,3,40,60,3,1,4590
07/07/2025 03:13:36,3,40,60,3,1,4570
07/07/2025 03:13:52,3,40,60,3,1,4570
07/07/2025 03:14:08,3,30,60,3,1,4590
07/07/2025 03:14:24,3,30,60,3,1,4590
07/07/2025 03:14:40,3,30,60,3,1,4600
07/07/2025 03:14:56,3,30,60,3,1,4600
07/07/2025 03:15:12,3,30,60,3,1,4600
07/07/2025 03:15:28,3,30,60,3,1,4750
07/07/2025 03:15:44,3,30,60,3,1,4750
07/07/2025 03:16:00,3,30,60,3,1,4780
07/07/2025 03:16:16,3,30,60,3,1,4780
07/07/2025 03:16:32,3,30,60,3,1,4600
07/07/2025 03:16:48,3,30,60,3,1,4600
07/07/2025 03:17:04,3,30,60,3,2,4570
07/07/2025 03:17:20,3,20,60,3,2,4570
07/07/2025 03:17:36,3,20,60,3,2,4570
07/07/2025 03:17:52,3,20,60,3,2,4630
07/07/2025 03:18:08,3,10,60,3,2,4630
07/07/2025 03:18:24,3,10,60,3,1,4630
07/07/2025 03:18:40,3,10,60,3,1,4630
07/07/2025 03:18:56,3,200,60,3,1,4760
07/07/2025 03:19:12,3,10,60,3,1,4760
07/07/2025 03:19:28,3,10,60,3,2,4820
07/07/2025 03:19:44,3,200,60,3,2,4820
07/07/2025 03:20:00,3,10,60,3,2,4820
07/07/2025 03:20:16,3,200,60,3,1,4780
07/07/2025 03:20:32,3,200,60,3,1,4780
07/07/2025 03:20:48,3,10,60,3,1,4810
07/07/2025 03:21:04,3,190,60,3,1,4810
07/07/2025 03:21:20,3,10,60,3,1,4730
07/07/2025 03:21:36,3,10,60,3,1,4730
07/07/2025 03:21:52,3,10,60,3,1,4750
07/07/2025 03:22:08,3,190,60,3,1,4750
07/07/2025 03:22:24,3,190,60,3,1,4750
07/07/2025 03:22:40,3,10,60,3,1,4690
07/07/2025 03:22:56,3,190,60,3,1,4690
07/07/2025 03:23:12,3,10,60,3,1,4660
07/07/2025 03:23:28,3,190,60,3,1,4660
07/07/2025 03:23:44,3,190,60,3,2,4660
07/07/2025 03:24:00,3,190,60,3,2,4660
07/07/2025 03:24:16,3,-999,60,3,1,5330
07/07/2025 03:24:32,3,-999,60,3,1,5330
07/07/2025 03:24:48,3,-999,60,3,1,5330
07/07/2025 03:25:04,3,-999,60,3,2,4630
07/07/2025 03:25:20,3,-999,60,3,2,4630
07/07/2025 03:25:36,3,-999,60,3,1,4610
07/07/2025 03:25:52,3,-999,60,3,1,4610
07/07/2025 03:26:08,3,-999,60,3,1,4580
07/07/2025 03:26:24,3,-999,60,3,1,4580
07/07/2025 03:26:40,3,190,60,3,1,4460
07/07/2025 03:26:56,3,190,60,3,1,4460
07/07/2025 03:27:12,3,190,60,3,1,4460
07/07/2025 03:27:28,3,190,60,3,1,4220
07/07/2025 03:27:44,3,10,60,3,1,4220
07/07/2025 03:28:00,3,10,60,3,1,4220
07/07/2025 03:28:16,3,190,60,3,1,4220
07/07/2025 03:28:32,3,190,60,3,2,4100
07/07/2025 03:28:48,3,10,60,3,2,4100
07/07/2025 03:29:04,3,-999,60,3,1,3950
07/07/2025 03:29:20,3,-999,60,3,1,3950
07/07/2025 03:29:36,3,-999,60,3,1,3950
07/07/2025 03:29:52,3,-999,60,3,1,3940
07/07/2025 03:30:08,3,-999,60,3,1,3940
07/07/2025 03:30:24,3,190,60,3,2,4060
07/07/2025 03:30:40,3,190,60,3,2,4060
07/07/2025 03:30:56,3,190,60,3,2,4100
07/07/2025 03:31:12,3,190,60,3,2,4100
07/07/2025 03:31:28,3,-999,60,3,1,3960
07/07/2025 03:31:44,3,-999,60,3,1,3960
07/07/2025 03:32:00,3,-999,60,3,1,3960
07/07/2025 03:32:16,3,4000,60,3,1,4000
07/07/2025 03:32:32,3,3990,60,3,1,4000
07/07/2025 03:32:48,3,3990,60,3,1,3990
07/07/2025 03:33:04,3,3990,60,3,1,3990
07/07/2025 03:33:20,3,3990,60,3,1,3980
07/07/2025 03:33:36,3,3970,60,3,1,3980
07/07/2025 03:33:52,3,3970,60,3,1,3910
07/07/2025 03:34:08,3,3970,60,3,1,3910
07/07/2025 03:34:24,3,3970,60,3,1,3910
07/07/2025 03:34:40,3,3970,60,3,1,3890
07/07/2025 03:34:56,3,3970,60,3,1,3890
07/07/2025 03:35:12,3,-999,60,3,1,3880
07/07/2025 03:35:28,3,-999,60,3,1,3880
07/07/2025 03:35:44,3,-999,60,3,1,3800
07/07/2025 03:36:00,3,-999,60,3,1,3800
07/07/2025 03:36:16,3,-999,60,3,1,3810
07/07/2025 03:36:32,3,-999,60,3,1,3810
07/07/2025 03:36:48,3,-999,60,3,1,3810
07/07/2025 03:37:04,3,-999,60,3,1,3850
07/07/2025 03:37:20,3,-999,60,3,1,3850
07/07/2025 03:37:36,3,-999,60,3,1,3910
07/07/2025 03:37:52,3,3630,60,3,1,3910
07/07/2025 03:38:08,3,3630,60,3,1,3820
07/07/2025 03:38:24,3,3630,60,3,1,3820
07/07/2025 03:38:40,3,3630,60,3,1,3810
07/07/2025 03:38:56,3,3630,60,3,1,3810
07/07/2025 03:39:12,3,3630,60,3,1,3810
07/07/2025 03:39:28,3,3630,60,3,1,3850
07/07/2025 03:39:44,3,-999,60,3,1,3850
07/07/2025 03:40:00,3,-999,60,3,1,3770
07/07/2025 03:40:16,3,-999,60,3,1,3770
07/07/2025 03:40:32,3,-999,60,3,1,3750
07/07/2025 03:40:48,3,-999,60,3,1,3750
07/07/2025 03:41:04,3,-999,60,3,1,3740
07/07/2025 03:41:20,3,-999,60,3,1,3740
07/07/2025 03:41:36,3,-999,60,3,1,3740
07/07/2025 03:41:52,3,-999,60,3,1,3760
07/07/2025 03:42:08,3,-999,60,3,1,3760
07/07/2025 03:42:24,3,-999,60,3,1,3680
07/07/2025 03:42:40,3,-999,60,3,1,3680
07/07/2025 03:42:56,3,-999,60,3,1,3540
07/07/2025 03:43:12,3,-999,60,3,1,3540
07/07/2025 03:43:28,3,-999,60,3,1,3460
07/07/2025 03:43:44,3,-999,60,3,1,3460
07/07/2025 03:44:00,3,-999,60,3,1,3460
07/07/2025 03:44:16,3,-999,60,3,1,3420
07/07/2025 03:44:32,3,-999,60,3,1,3420
07/07/2025 03:44:48,3,-999,60,3,1,3420
07/07/2025 03:45:04,3,-999,60,3,1,3420
07/07/2025 03:45:20,3,-999,60,3,1,3460
07/07/2025 03:45:36,3,-999,60,3,1,3460
07/07/2025 03:45:52,3,-999,60,3,1,3480
07/07/2025 03:46:08,3,-999,60,3,1,3480
07/07/2025 03:46:24,3,3440,60,3,1,3480
07/07/2025 03:46:40,3,3440,60,3,1,3420
07/07/2025 03:46:56,3,3430,60,3,1,3420
07/07/2025 03:47:12,3,3440,60,3,1,3400
07/07/2025 03:47:28,3,3440,60,3,1,3400
07/07/2025 03:47:44,3,3440,60,3,1,3400
07/07/2025 03:48:00,3,3440,60,3,1,3400
07/07/2025 03:48:16,3,3440,60,3,1,3480
07/07/2025 03:48:32,3,3440,60,3,1,3480
07/07/2025 03:48:48,3,3440,60,3,1,3480
07/07/2025 03:49:04,3,3440,60,3,1,3450
07/07/2025 03:49:20,3,3440,60,3,1,3450
07/07/2025 03:49:36,3,3550,60,3,1,3520
07/07/2025 03:49:52,3,3550,60,3,1,3520
07/07/2025 03:50:08,3,3550,60,3,1,3520
07/07/2025 03:50:24,3,3550,60,3,1,3520
07/07/2025 03:50:40,3,3530,60,3,1,3520
07/07/2025 03:50:56,3,3450,60,3,1,3520
07/07/2025 03:51:12,3,3450,60,3,1,3520
07/07/2025 03:51:28,3,3440,60,3,1,3560
07/07/2025 03:51:44,3,-999,60,3,1,3560
07/07/2025 03:52:00,3,-999,60,3,1,3530
07/07/2025 03:52:16,3,-999,60,3,1,3530
07/07/2025 03:52:32,3,3630,60,3,1,3650
07/07/2025 03:52:48,3,3640,60,3,1,3650
07/07/2025 03:53:04,3,-999,60,3,3,3630
07/07/2025 03:53:20,3,-999,60,3,3,3630
07/07/2025 03:53:36,3,-999,60,3,3,3630
07/07/2025 03:53:52,3,-999,60,3,1,4140
07/07/2025 03:54:08,3,-999,60,3,1,4140
07/07/2025 03:54:24,3,3660,60,3,2,3330
07/07/2025 03:54:40,3,-999,60,3,2,3330
07/07/2025 03:54:56,3,-999,60,3,1,3200
07/07/2025 03:55:12,3,-999,60,3,1,3200
07/07/2025 03:55:28,3,-999,60,3,1,3150
07/07/2025 03:55:44,3,-999,60,3,1,3150
07/07/2025 03:56:00,3,3310,60,3,1,3150
07/07/2025 03:56:16,3,3300,60,3,1,3220
07/07/2025 03:56:32,3,3300,60,3,1,3220
07/07/2025 03:56:48,3,10,60,3,0,-999
07/07/2025 03:57:04,3,170,60,3,0,-999
07/07/2025 03:57:20,3,170,60,3,0,-999
07/07/2025 03:57:36,3,10,60,3,0,-999
07/07/2025 03:57:52,3,170,60,3,0,-999
07/07/2025 03:58:08,3,10,60,3,0,-999
07/07/2025 03:58:24,3,10,60,3,0,-999
07/07/2025 03:58:40,3,10,60,3,2,4260
07/07/2025 03:58:56,3,170,60,3,2,4260
07/07/2025 03:59:12,3,10,60,3,2,4060
07/07/2025 03:59:28,3,10,60,3,2,4060
07/07/2025 03:59:44,3,-999,60,3,1,3920
07/07/2025 04:00:00,1,2870,3440,3,1,3920
07/07/2025 04:00:16,1,2860,3440,3,2,3920
07/07/2025 04:00:32,1,2860,3440,3,2,3920
07/07/2025 04:00:48,1,2860,3440,3,2,3920
07/07/2025 04:01:04,1,2860,3440,3,1,3940
07/07/2025 04:01:20,1,2850,3440,3,1,3940
07/07/2025 04:01:36,1,2850,3440,3,2,3870
07/07/2025 04:01:52,1,2850,3440,3,2,3870
07/07/2025 04:02:08,1,2850,3440,3,1,3850
07/07/2025 04:02:24,1,2850,3440,3,1,3850
07/07/2025 04:02:40,1,2850,3440,3,1,3830
07/07/2025 04:02:56,1,2850,3440,3,1,3830
07/07/2025 04:03:12,1,2840,3440,3,1,3830
07/07/2025 04:03:28,1,2840,3440,3,1,3720
07/07/2025 04:03:44,1,2840,3440,3,1,3720
07/07/2025 04:04:00,1,170,3440,3,0,-999
07/07/2025 04:04:16,1,160,3440,3,0,-999
07/07/2025 04:04:32,1,170,3440,3,0,-999
07/07/2025 04:04:48,1,170,3440,3,0,-999
07/07/2025 04:05:04,1,2840,3440,3,2,3820
07/07/2025 04:05:20,1,2840,3440,3,2,3820
07/07/2025 04:05:36,1,2830,3440,3,2,3820
07/07/2025 04:05:52,1,2830,3440,3,2,3840
07/07/2025 04:06:08,1,2830,3440,3,2,3840
07/07/2025 04:06:24,1,2830,3440,3,1,3830
07/07/2025 04:06:40,1,2830,3440,3,1,3830
07/07/2025 04:06:56,1,2830,3440,3,2,3860
07/07/2025 04:07:12,1,2820,3440,3,2,3860
07/07/2025 04:07:28,1,2820,3440,3,1,3800
07/07/2025 04:07:44,1,2820,3440,3,1,3800
07/07/2025 04:08:00,1,2820,3440,3,1,3800
07/07/2025 04:08:16,1,2820,3440,3,1,3800
07/07/2025 04:08:32,1,2820,3440,3,1,3800
07/07/2025 04:08:48,1,2820,3440,3,2,3830
07/07/2025 04:09:04,1,2820,3440,3,2,3830
07/07/2025 04:09:20,1,2820,3440,3,1,3840
07/07/2025 04:09:36,1,2820,3440,3,1,3840
07/07/2025 04:09:52,1,-999,3440,3,1,3790
07/07/2025 04:10:08,1,-999,3440,3,1,3790
07/07/2025 04:10:24,1,-999,3440,3,1,3790
07/07/2025 04:10:40,1,-999,3440,3,2,3790
07/07/2025 04:10:56,1,-999,3440,3,2,3790
07/07/2025 04:11:12,1,-999,3440,3,2,3820
07/07/2025 04:11:28,1,-999,3440,3,2,3820
07/07/2025 04:11:44,1,-999,3440,3,1,3740
07/07/2025 04:12:00,1,-999,3440,3,1,3740
07/07/2025 04:12:16,1,-999,3440,3,1,3640
07/07/2025 04:12:32,1,-999,3440,3,1,3640
07/07/2025 04:12:48,1,-999,3440,3,1,3640
07/07/2025 04:13:04,1,-999,3440,3,1,3600
07/07/2025 04:13:20,1,-999,3440,3,1,3600
07/07/2025 04:13:36,1,-999,3440,3,1,3560
07/07/2025 04:13:52,1,-999,3440,3,1,3560
07/07/2025 04:14:08,1,-999,3440,3,1,3520
07/07/2025 04:14:24,1,-999,3440,3,1,3520
07/07/2025 04:14:40,1,-999,3440,3,1,3530
07/07/2025 04:14:56,1,-999,3440,3,1,3530
07/07/2025 04:15:12,1,-999,3440,3,1,3530
07/07/2025 04:15:28,1,150,3440,3,0,-999
07/07/2025 04:15:44,1,10,3440,3,0,-999
07/07/2025 04:16:00,1,150,3440,3,0,-999
07/07/2025 04:16:16,1,150,3440,3,0,-999
07/07/2025 04:16:32,1,150,3440,3,0,-999
07/07/2025 04:16:48,1,150,3440,3,0,-999
07/07/2025 04:17:04,1,150,3440,3,0,-999
07/07/2025 04:17:20,1,150,3440,3,0,-999
07/07/2025 04:17:36,1,10,3440,3,0,-999
07/07/2025 04:17:52,1,10,3440,3,0,-999
07/07/2025 04:18:08,1,10,3440,3,0,-999
07/07/2025 04:18:24,1,150,3440,3,0,-999
07/07/2025 04:18:40,1,10,3440,3,0,-999
07/07/2025 04:18:56,1,150,3440,3,0,-999
07/07/2025 04:19:12,1,10,3440,3,0,-999
07/07/2025 04:19:28,1,10,3440,3,0,-999
07/07/2025 04:19:44,1,150,3440,3,0,-999
07/07/2025 04:20:00,1,10,3440,3,0,-999
07/07/2025 04:20:16,1,10,3440,3,0,-999
07/07/2025 04:20:32,1,10,3440,3,0,-999
07/07/2025 04:20:48,1,150,3440,3,0,-999
07/07/2025 04:21:04,1,10,3440,3,0,-999
07/07/2025 04:21:20,1,10,3440,3,0,-999
07/07/2025 04:21:36,1,10,3440,3,0,-999
07/07/2025 04:21:52,1,10,3440,3,0,-999
07/07/2025 04:22:08,1,10,3440,3,0,-999
07/07/2025 04:22:24,1,150,3440,3,0,-999
07/07/2025 04:22:40,1,10,3440,3,0,-999
07/07/2025 04:22:56,1,10,3440,3,0,-999
07/07/2025 04:23:12,1,10,3440,3,0,-999
07/07/2025 04:23:28,1,10,3440,3,0,-999
07/07/2025 04:23:44,1,10,3440,3,0,-999
07/07/2025 04:24:00,1,10,3440,3,0,-999
07/07/2025 04:24:16,1,150,3440,3,0,-999
07/07/2025 04:24:32,1,10,3440,3,0,-999
07/07/2025 04:24:48,1,10,3440,3,0,-999
07/07/2025 04:25:04,1,10,3440,3,1,4400
07/07/2025 04:25:20,1,10,3440,3,1,4400
07/07/2025 04:25:36,1,10,3440,3,2,4360
07/07/2025 04:25:52,1,10,3440,3,2,4360
07/07/2025 04:26:08,1,150,3440,3,1,4450
07/07/2025 04:26:24,1,150,3440,3,1,4450
07/07/2025 04:26:40,1,150,3440,3,2,4440
07/07/2025 04:26:56,1,150,3440,3,2,4440
07/07/2025 04:27:12,1,150,3440,3,2,4440
07/07/2025 04:27:28,1,150,3440,3,1,4480
07/07/2025 04:27:44,1,150,3440,3,1,4480
07/07/2025 04:28:00,1,150,3440,3,1,4460
07/07/2025 04:28:16,1,150,3440,3,1,4460
07/07/2025 04:28:32,1,150,3440,3,2,4430
07/07/2025 04:28:48,1,150,3440,3,2,4430
07/07/2025 04:29:04,1,-999,3440,3,1,4960
07/07/2025 04:29:20,1,-999,3440,3,1,4960
07/07/2025 04:29:36,1,-999,3440,3,1,4960
07/07/2025 04:29:52,1,-999,3440,3,2,4760
07/07/2025 04:30:08,1,-999,3440,3,2,4760
07/07/2025 04:30:24,1,150,3440,3,2,4490
07/07/2025 04:30:40,1,150,3440,3,2,4490
07/07/2025 04:30:56,1,150,3440,3,1,4480
07/07/2025 04:31:12,1,150,3440,3,1,4480
07/07/2025 04:31:28,1,-999,3440,3,1,4500
07/07/2025 04:31:44,1,-999,3440,3,1,4500
07/07/2025 04:32:00,1,-999,3440,3,1,4500
07/07/2025 04:32:16,1,160,3440,3,1,4490
07/07/2025 04:32:32,1,160,3440,3,1,4490
07/07/2025 04:32:48,1,160,3440,3,2,4470
07/07/2025 04:33:04,1,10,3440,3,2,4470
07/07/2025 04:33:20,1,-999,3440,3,1,4850
07/07/2025 04:33:36,1,-999,3440,3,1,4850
07/07/2025 04:33:52,1,160,3440,3,3,4350
07/07/2025 04:34:08,1,160,3440,3,3,4350
07/07/2025 04:34:24,1,160,3440,3,3,4350
07/07/2025 04:34:40,1,160,3440,3,1,4280
07/07/2025 04:34:56,1,160,3440,3,1,4280
07/07/2025 04:35:12,1,160,3440,3,1,4120
07/07/2025 04:35:28,1,160,3440,3,1,4120
07/07/2025 04:35:44,1,160,3440,3,1,4090
07/07/2025 04:36:00,1,10,3440,3,1,4090
07/07/2025 04:36:16,1,10,3440,3,1,4120
07/07/2025 04:36:32,1,160,3440,3,1,4120
07/07/2025 04:36:48,1,160,3440,3,1,4120
07/07/2025 04:37:04,1,160,3440,3,1,4170
07/07/2025 04:37:20,1,10,3440,3,1,4170
07/07/2025 04:37:36,1,160,3440,3,1,4160
07/07/2025 04:37:52,1,10,3440,3,1,4160
07/07/2025 04:38:08,1,10,3440,3,3,4170
07/07/2025 04:38:24,1,160,3440,3,3,4170
07/07/2025 04:38:40,1,10,3440,3,3,4170
07/07/2025 04:38:56,1,10,3440,3,3,4170
07/07/2025 04:39:12,1,160,3440,3,3,4170
07/07/2025 04:39:28,1,-999,3440,3,2,4430
07/07/2025 04:39:44,1,-999,3440,3,2,4430
07/07/2025 04:40:00,1,10,3440,3,3,4410
07/07/2025 04:40:16,1,10,3440,3,3,4410
07/07/2025 04:40:32,1,10,3440,3,0,-999
07/07/2025 04:40:48,1,10,3440,3,0,-999
07/07/2025 04:41:04,1,10,3440,3,1,4980
07/07/2025 04:41:20,1,10,3440,3,1,4980
07/07/2025 04:41:36,1,10,3440,3,1,4980
07/07/2025 04:41:52,1,10,3440,3,1,4880
07/07/2025 04:42:08,1,170,3440,3,1,4880
07/07/2025 04:42:24,1,10,3440,3,1,4870
07/07/2025 04:42:40,1,20,3440,3,1,4870
07/07/2025 04:42:56,1,20,3440,3,1,4860
07/07/2025 04:43:12,1,10,3440,3,1,4860
07/07/2025 04:43:28,1,10,3440,3,1,4760
07/07/2025 04:43:44,1,10,3440,3,1,4760
07/07/2025 04:44:00,1,20,3440,3,1,4760
07/07/2025 04:44:16,1,-999,3440,3,1,4690
07/07/2025 04:44:32,1,-999,3440,3,1,4690
07/07/2025 04:44:48,1,-999,3440,3,1,4650
07/07/2025 04:45:04,1,-999,3440,3,1,4650
07/07/2025 04:45:20,1,20,3440,3,1,4650
07/07/2025 04:45:36,1,20,3440,3,1,4650
07/07/2025 04:45:52,1,-999,3440,3,1,4620
07/07/2025 04:46:08,1,-999,3440,3,1,4620
07/07/2025 04:46:24,1,-999,3440,3,1,4620
07/07/2025 04:46:40,1,20,3440,3,2,4370
07/07/2025 04:46:56,1,20,3440,3,2,4370
07/07/2025 04:47:12,1,20,3440,3,1,4230
07/07/2025 04:47:28,1,20,3440,3,1,4230
07/07/2025 04:47:44,1,20,3440,3,1,4170
07/07/2025 04:48:00,1,20,3440,3,1,4170
07/07/2025 04:48:16,1,20,3440,3,1,4040
07/07/2025 04:48:32,1,20,3440,3,1,4040
07/07/2025 04:48:48,1,20,3440,3,1,4040
07/07/2025 04:49:04,1,3770,3440,3,1,3920
07/07/2025 04:49:20,1,3770,3440,3,1,3920
07/07/2025 04:49:36,1,3770,3440,3,2,3750
07/07/2025 04:49:52,1,3770,3440,3,2,3750
07/07/2025 04:50:08,1,3770,3440,3,2,3650
07/07/2025 04:50:24,1,3760,3440,3,2,3650
07/07/2025 04:50:40,1,3760,3440,3,2,3440
07/07/2025 04:50:56,1,3760,3440,3,2,3440
07/07/2025 04:51:12,1,3760,3440,3,2,3440
07/07/2025 04:51:28,1,-999,3440,3,2,3410
07/07/2025 04:51:44,1,-999,3440,3,2,3410
07/07/2025 04:52:00,1,-999,3440,3,1,3370
07/07/2025 04:52:16,1,-999,3440,3,1,3370
07/07/2025 04:52:32,1,30,3440,3,0,-999
07/07/2025 04:52:48,1,20,3440,3,0,-999
07/07/2025 04:53:04,1,20,3440,3,2,5450
07/07/2025 04:53:20,1,20,3440,3,2,5450
07/07/2025 04:53:36,1,20,3440,3,2,5450
07/07/2025 04:53:52,1,20,3440,3,3,5500
07/07/2025 04:54:08,1,30,3440,3,3,5500
07/07/2025 04:54:24,1,20,3440,3,3,4920
07/07/2025 04:54:40,1,20,3440,3,3,4920
07/07/2025 04:54:56,1,20,3440,3,1,5340
07/07/2025 04:55:12,1,20,3440,3,1,5340
07/07/2025 04:55:28,1,20,3440,3,1,5400
07/07/2025 04:55:44,1,20,3440,3,1,5400
07/07/2025 04:56:00,1,20,3440,3,1,5400
07/07/2025 04:56:16,1,20,3440,3,2,5060
07/07/2025 04:56:32,1,20,3440,3,2,5060
07/07/2025 04:56:48,1,20,3440,3,2,5060
07/07/2025 04:57:04,1,20,3440,3,2,5060
07/07/2025 04:57:20,1,20,3440,3,2,5000
07/07/2025 04:57:36,1,20,3440,3,2,5000
07/07/2025 04:57:52,1,20,3440,3,1,5000
07/07/2025 04:58:08,1,20,3440,3,1,5000
07/07/2025 04:58:24,1,20,3440,3,1,5000
07/07/2025 04:58:40,1,20,3440,3,2,4290
07/07/2025 04:58:56,1,20,3440,3,2,4290
07/07/2025 04:59:12,1,20,3440,3,2,4280
07/07/2025 04:59:28,1,20,3440,3,2,4280
07/07/2025 04:59:44,1,20,3440,3,2,4800
07/07/2025 05:00:00,2,20,20,3,2,4800
07/07/2025 05:00:16,2,20,20,3,1,5050
07/07/2025 05:00:32,2,30,20,3,1,5050
07/07/2025 05:00:48,2,30,20,3,1,5050
07/07/2025 05:01:04,2,30,20,3,1,5040
07/07/2025 05:01:20,2,30,20,3,1,5040
07/07/2025 05:01:36,2,30,20,3,1,4980
07/07/2025 05:01:52,2,30,20,3,1,4980
07/07/2025 05:02:08,2,30,20,3,1,4860
07/07/2025 05:02:24,2,30,20,3,1,4860
07/07/2025 05:02:40,2,30,20,3,1,4870
07/07/2025 05:02:56,2,30,20,3,1,4870
07/07/2025 05:03:12,2,30,20,3,1,4870
07/07/2025 05:03:28,2,30,20,3,0,-999
07/07/2025 05:03:44,2,30,20,3,0,-999
07/07/2025 05:04:00,2,30,20,3,0,-999
07/07/2025 05:04:16,2,30,20,3,0,-999
07/07/2025 05:04:32,2,30,20,3,0,-999
07/07/2025 05:04:48,2,30,20,3,0,-999
07/07/2025 05:05:04,2,30,20,3,0,-999
07/07/2025 05:05:20,2,30,20,3,0,-999
07/07/2025 05:05:36,2,20,20,3,0,-999
07/07/2025 05:05:52,2,20,20,3,0,-999
07/07/2025 05:06:08,2,20,20,3,0,-999
07/07/2025 05:06:24,2,20,20,3,0,-999
07/07/2025 05:06:40,2,20,20,3,0,-999
07/07/2025 05:06:56,2,20,20,3,0,-999
07/07/2025 05:07:12,2,20,20,3,0,-999
07/07/2025 05:07:28,2,20,20,3,0,-999
07/07/2025 05:07:44,2,20,20,3,0,-999
07/07/2025 05:08:00,2,20,20,3,0,-999
07/07/2025 05:08:16,2,20,20,3,1,6350
07/07/2025 05:08:32,2,20,20,3,1,6350
07/07/2025 05:08:48,2,20,20,3,1,6270
07/07/2025 05:09:04,2,20,20,3,1,6270
07/07/2025 05:09:20,2,20,20,3,3,5850
07/07/2025 05:09:36,2,20,20,3,3,5850
07/07/2025 05:09:52,2,20,20,3,1,5760
07/07/2025 05:10:08,2,20,20,3,1,5760
07/07/2025 05:10:24,2,20,20,3,1,5760
07/07/2025 05:10:40,2,20,20,3,1,5640
07/07/2025 05:10:56,2,20,20,3,1,5640
07/07/2025 05:11:12,2,10,20,3,2,5670
07/07/2025 05:11:28,2,10,20,3,2,5670
07/07/2025 05:11:44,2,10,20,3,2,5800
07/07/2025 05:12:00,2,10,20,3,2,5800
07/07/2025 05:12:16,2,10,20,3,2,5540
07/07/2025 05:12:32,2,10,20,3,2,5540
07/07/2025 05:12:48,2,10,20,3,2,5540
07/07/2025 05:13:04,2,10,20,3,1,5540
07/07/2025 05:13:20,2,10,20,3,1,5540
07/07/2025 05:13:36,2,10,20,3,2,5540
07/07/2025 05:13:52,2,10,20,3,2,5540
07/07/2025 05:14:08,2,10,20,3,2,5550
07/07/2025 05:14:24,2,10,20,3,2,5550
07/07/2025 05:14:40,2,10,20,3,2,5780
07/07/2025 05:14:56,2,10,20,3,2,5780
07/07/2025 05:15:12,2,10,20,3,2,5780
07/07/2025 05:15:28,2,10,20,3,1,5760
07/07/2025 05:15:44,2,10,20,3,1,5760
07/07/2025 05:16:00,2,10,20,3,2,5760
07/07/2025 05:16:16,2,10,20,3,2,5760
07/07/2025 05:16:32,2,10,20,3,3,5740
07/07/2025 05:16:48,2,10,20,3,3,5740
07/07/2025 05:17:04,2,10,20,3,2,5550
07/07/2025 05:17:20,2,10,20,3,2,5550
07/07/2025 05:17:36,2,10,20,3,2,5550
07/07/2025 05:17:52,2,760,20,3,2,5550
07/07/2025 05:18:08,2,10,20,3,2,5550
07/07/2025 05:18:24,2,10,20,3,1,5550
07/07/2025 05:18:40,2,760,20,3,1,5550
07/07/2025 05:18:56,2,760,20,3,1,5550
07/07/2025 05:19:12,2,760,20,3,1,5550
07/07/2025 05:19:28,2,760,20,3,1,5550
07/07/2025 05:19:44,2,760,20,3,1,5550
07/07/2025 05:20:00,2,760,20,3,1,5550
07/07/2025 05:20:16,2,760,20,3,1,5550
07/07/2025 05:20:32,2,760,20,3,1,5550
07/07/2025 05:20:48,2,760,20,3,1,5540
07/07/2025 05:21:04,2,760,20,3,1,5540
07/07/2025 05:21:20,2,740,20,3,1,5520
07/07/2025 05:21:36,2,750,20,3,1,5520
07/07/2025 05:21:52,2,750,20,3,1,5520
07/07/2025 05:22:08,2,750,20,3,1,5520
07/07/2025 05:22:24,2,750,20,3,1,5520
07/07/2025 05:22:40,2,750,20,3,1,5690
07/07/2025 05:22:56,2,10,20,3,1,5690
07/07/2025 05:23:12,2,750,20,3,1,5730
07/07/2025 05:23:28,2,750,20,3,1,5730
07/07/2025 05:23:44,2,750,20,3,1,5750
07/07/2025 05:24:00,2,930,20,3,1,5750
07/07/2025 05:24:16,2,710,20,3,1,5750
07/07/2025 05:24:32,2,750,20,3,1,5750
07/07/2025 05:24:48,2,750,20,3,1,5750
07/07/2025 05:25:04,2,750,20,3,1,5750
07/07/2025 05:25:20,2,750,20,3,1,5750
07/07/2025 05:25:36,2,760,20,3,1,5750
07/07/2025 05:25:52,2,10,20,3,1,5750
07/07/2025 05:26:08,2,10,20,3,0,-999
07/07/2025 05:26:24,2,10,20,3,0,-999
07/07/2025 05:26:40,2,10,20,3,1,6730
07/07/2025 05:26:56,2,10,20,3,1,6730
07/07/2025 05:27:12,2,10,20,3,1,6730
07/07/2025 05:27:28,2,10,20,3,1,6240
07/07/2025 05:27:44,2,10,20,3,1,6240
07/07/2025 05:28:00,2,10,20,3,1,6380
07/07/2025 05:28:16,2,10,20,3,1,6380
07/07/2025 05:28:32,2,10,20,3,1,6460
07/07/2025 05:28:48,2,10,20,3,1,6460
07/07/2025 05:29:04,2,10,20,3,1,6520
07/07/2025 05:29:20,2,10,20,3,1,6520
07/07/2025 05:29:36,2,10,20,3,1,6520
07/07/2025 05:29:52,2,10,20,3,1,6580
07/07/2025 05:30:08,2,100,20,3,1,6580
07/07/2025 05:30:24,2,100,20,3,1,6610
07/07/2025 05:30:40,2,10,20,3,1,6610
07/07/2025 05:30:56,2,100,20,3,1,6610
07/07/2025 05:31:12,2,100,20,3,1,6610
07/07/2025 05:31:28,2,10,20,3,1,6620
07/07/2025 05:31:44,2,100,20,3,1,6620
07/07/2025 05:32:00,2,100,20,3,1,6620
07/07/2025 05:32:16,2,10,20,3,1,6610
07/07/2025 05:32:32,2,100,20,3,1,6610
07/07/2025 05:32:48,2,10,20,3,0,-999
07/07/2025 05:33:04,2,100,20,3,0,-999
07/07/2025 05:33:20,2,10,20,3,0,-999
07/07/2025 05:33:36,2,100,20,3,0,-999
07/07/2025 05:33:52,2,100,20,3,0,-999
07/07/2025 05:34:08,2,100,20,3,0,-999
07/07/2025 05:34:24,2,10,20,3,0,-999
07/07/2025 05:34:40,2,100,20,3,0,-999
07/07/2025 05:34:56,2,100,20,3,0,-999
07/07/2025 05:35:12,2,90,20,3,0,-999
07/07/2025 05:35:28,2,10,20,3,0,-999
07/07/2025 05:35:44,2,10,20,3,0,-999
07/07/2025 05:36:00,2,90,20,3,0,-999
07/07/2025 05:36:16,2,10,20,3,0,-999
07/07/2025 05:36:32,2,10,20,3,0,-999
07/07/2025 05:36:48,2,10,20,3,0,-999
07/07/2025 05:37:04,2,10,20,3,0,-999
07/07/2025 05:37:20,2,10,20,3,0,-999
07/07/2025 05:37:36,2,10,20,3,0,-999
07/07/2025 05:37:52,2,10,20,3,0,-999
07/07/2025 05:38:08,2,10,20,3,0,-999
07/07/2025 05:38:24,2,10,20,3,0,-999
07/07/2025 05:38:40,2,90,20,3,0,-999
07/07/2025 05:38:56,2,10,20,3,0,-999
07/07/2025 05:39:12,2,10,20,3,0,-999
07/07/2025 05:39:28,2,10,20,3,0,-999
07/07/2025 05:39:44,2,10,20,3,0,-999
07/07/2025 05:40:00,2,10,20,3,0,-999
07/07/2025 05:40:16,2,10,20,3,0,-999
07/07/2025 05:40:32,2,10,20,3,0,-999
07/07/2025 05:40:48,2,70,20,3,0,-999
07/07/2025 05:41:04,2,70,20,3,0,-999
07/07/2025 05:41:20,2,10,20,3,0,-999
07/07/2025 05:41:36,2,80,20,3,0,-999
07/07/2025 05:41:52,2,10,20,3,0,-999
07/07/2025 05:42:08,2,10,20,3,0,-999
07/07/2025 05:42:24,2,10,20,3,0,-999
07/07/2025 05:42:40,2,70,20,3,0,-999
07/07/2025 05:42:56,2,70,20,3,0,-999
07/07/2025 05:43:12,2,10,20,3,0,-999
07/07/2025 05:43:28,2,70,20,3,0,-999
07/07/2025 05:43:44,2,70,20,3,0,-999
07/07/2025 05:44:00,2,70,20,3,0,-999
07/07/2025 05:44:16,2,70,20,3,0,-999
07/07/2025 05:44:32,2,70,20,3,0,-999
07/07/2025 05:44:48,2,10,20,3,0,-999
07/07/2025 05:45:04,2,80,20,3,0,-999
07/07/2025 05:45:20,2,10,20,3,0,-999
07/07/2025 05:45:36,2,70,20,3,0,-999
07/07/2025 05:45:52,2,70,20,3,0,-999
07/07/2025 05:46:08,2,70,20,3,0,-999
07/07/2025 05:46:24,2,70,20,3,0,-999
07/07/2025 05:46:40,2,10,20,3,0,-999
07/07/2025 05:46:56,2,10,20,3,0,-999
07/07/2025 05:47:12,2,10,20,3,0,-999
07/07/2025 05:47:28,2,60,20,3,0,-999
07/07/2025 05:47:44,2,10,20,3,0,-999
07/07/2025 05:48:00,2,70,20,3,0,-999
07/07/2025 05:48:16,2,70,20,3,0,-999
07/07/2025 05:48:32,2,70,20,3,0,-999
07/07/2025 05:48:48,2,70,20,3,0,-999
07/07/2025 05:49:04,2,70,20,3,0,-999
07/07/2025 05:49:20,2,70,20,3,0,-999
07/07/2025 05:49:36,2,70,20,3,0,-999
07/07/2025 05:49:52,2,70,20,3,0,-999
07/07/2025 05:50:08,2,70,20,3,0,-999
07/07/2025 05:50:24,2,70,20,3,0,-999
07/07/2025 05:50:40,2,10,20,3,0,-999
07/07/2025 05:50:56,2,70,20,3,0,-999
07/07/2025 05:51:12,2,10,20,3,0,-999
07/07/2025 05:51:28,2,70,20,3,0,-999
07/07/2025 05:51:44,2,80,20,3,0,-999
07/07/2025 05:52:00,2,80,20,3,0,-999
07/07/2025 05:52:16,2,80,20,3,0,-999
07/07/2025 05:52:32,2,80,20,3,0,-999
07/07/2025 05:52:48,2,80,20,3,0,-999
07/07/2025 05:53:04,2,80,20,3,0,-999
07/07/2025 05:53:20,2,80,20,3,0,-999
07/07/2025 05:53:36,2,10,20,3,0,-999
07/07/2025 05:53:52,2,80,20,3,0,-999
07/07/2025 05:54:08,2,10,20,3,0,-999
07/07/2025 05:54:24,2,10,20,3,0,-999
07/07/2025 05:54:40,2,10,20,3,0,-999
07/07/2025 05:54:56,2,80,20,3,0,-999
07/07/2025 05:55:12,2,80,20,3,0,-999
07/07/2025 05:55:28,2,80,20,3,0,-999
07/07/2025 05:55:44,2,80,20,3,0,-999
07/07/2025 05:56:00,2,80,20,3,0,-999
07/07/2025 05:56:16,2,80,20,3,0,-999
07/07/2025 05:56:32,2,80,20,3,0,-999
07/07/2025 05:56:48,2,80,20,3,0,-999
07/07/2025 05:57:04,2,80,20,3,0,-999
07/07/2025 05:57:20,2,90,20,3,0,-999
07/07/2025 05:57:36,2,90,20,3,0,-999
07/07/2025 05:57:52,2,90,20,3,0,-999
07/07/2025 05:58:08,2,90,20,3,0,-999
07/07/2025 05:58:24,2,90,20,3,0,-999
07/07/2025 05:58:40,2,10,20,3,0,-999
07/07/2025 05:58:56,2,90,20,3,0,-999
07/07/2025 05:59:12,2,90,20,3,0,-999
07/07/2025 05:59:28,2,10,20,3,0,-999
07/07/2025 05:59:44,2,90,20,3,0,-999
07/07/2025 06:00:00,3,10,30,3,0,-999
07/07/2025 06:00:16,3,90,30,3,0,-999
07/07/2025 06:00:32,3,90,30,3,0,-999
07/07/2025 06:00:48,3,90,30,3,0,-999
07/07/2025 06:01:04,3,90,30,3,0,-999
07/07/2025 06:01:20,3,100,30,3,0,-999
07/07/2025 06:01:36,3,100,30,3,0,-999
07/07/2025 06:01:52,3,100,30,3,0,-999
07/07/2025 06:02:08,3,10,30,3,0,-999
07/07/2025 06:02:24,3,90,30,3,0,-999
07/07/2025 06:02:40,3,10,30,3,0,-999
07/07/2025 06:02:56,3,90,30,3,0,-999
07/07/2025 06:03:12,3,90,30,3,0,-999
07/07/2025 06:03:28,3,90,30,3,0,-999
07/07/2025 06:03:44,3,10,30,3,0,-999
07/07/2025 06:04:00,3,10,30,3,0,-999
07/07/2025 06:04:16,3,10,30,3,0,-999
07/07/2025 06:04:32,3,10,30,3,0,-999
07/07/2025 06:04:48,3,10,30,3,0,-999
07/07/2025 06:05:04,3,10,30,3,0,-999
07/07/2025 06:05:20,3,90,30,3,0,-999
07/07/2025 06:05:36,3,90,30,3,0,-999
07/07/2025 06:05:52,3,90,30,3,0,-999
07/07/2025 06:06:08,3,90,30,3,0,-999
07/07/2025 06:06:24,3,90,30,3,0,-999
07/07/2025 06:06:40,3,90,30,3,0,-999
07/07/2025 06:06:56,3,90,30,3,0,-999
07/07/2025 06:07:12,3,90,30,3,0,-999
07/07/2025 06:07:28,3,10,30,3,0,-999
07/07/2025 06:07:44,3,10,30,3,0,-999
07/07/2025 06:08:00,3,10,30,3,0,-999
07/07/2025 06:08:16,3,10,30,3,0,-999
07/07/2025 06:08:32,3,90,30,3,0,-999
07/07/2025 06:08:48,3,90,30,3,0,-999
07/07/2025 06:09:04,3,90,30,3,0,-999
07/07/2025 06:09:20,3,90,30,3,0,-999
07/07/2025 06:09:36,3,10,30,3,0,-999
07/07/2025 06:09:52,3,90,30,3,0,-999
07/07/2025 06:10:08,3,90,30,3,0,-999
07/07/2025 06:10:24,3,10,30,3,0,-999
07/07/2025 06:10:40,3,10,30,3,0,-999
07/07/2025 06:10:56,3,10,30,3,0,-999
07/07/2025 06:11:12,3,10,30,3,0,-999
07/07/2025 06:11:28,3,90,30,3,0,-999
07/07/2025 06:11:44,3,10,30,3,0,-999
07/07/2025 06:12:00,3,10,30,3,0,-999
07/07/2025 06:12:16,3,10,30,3,0,-999
07/07/2025 06:12:32,3,10,30,3,0,-999
07/07/2025 06:12:48,3,10,30,3,0,-999
07/07/2025 06:13:04,3,10,30,3,0,-999
07/07/2025 06:13:20,3,10,30,3,0,-999
07/07/2025 06:13:36,3,830,30,3,0,-999
07/07/2025 06:13:52,3,10,30,3,0,-999
07/07/2025 06:14:08,3,10,30,3,0,-999
07/07/2025 06:14:24,3,10,30,3,0,-999
07/07/2025 06:14:40,3,10,30,3,0,-999
07/07/2025 06:14:56,3,10,30,3,0,-999
07/07/2025 06:15:12,3,10,30,3,0,-999
07/07/2025 06:15:28,3,820,30,3,0,-999
07/07/2025 06:15:44,3,820,30,3,0,-999
07/07/2025 06:16:00,3,810,30,3,0,-999
07/07/2025 06:16:16,3,810,30,3,0,-999
07/07/2025 06:16:32,3,810,30,3,0,-999
07/07/2025 06:16:48,3,810,30,3,0,-999
07/07/2025 06:17:04,3,810,30,3,0,-999
07/07/2025 06:17:20,3,800,30,3,0,-999
07/07/2025 06:17:36,3,800,30,3,0,-999
07/07/2025 06:17:52,3,800,30,3,0,-999
07/07/2025 06:18:08,3,800,30,3,0,-999
07/07/2025 06:18:24,3,800,30,3,0,-999
07/07/2025 06:18:40,3,800,30,3,0,-999
07/07/2025 06:18:56,3,800,30,3,0,-999
07/07/2025 06:19:12,3,790,30,3,0,-999
07/07/2025 06:19:28,3,790,30,3,0,-999
07/07/2025 06:19:44,3,790,30,3,0,-999
07/07/2025 06:20:00,3,790,30,3,0,-999
07/07/2025 06:20:16,3,790,30,3,0,-999
07/07/2025 06:20:32,3,790,30,3,0,-999
07/07/2025 06:20:48,3,790,30,3,0,-999
07/07/2025 06:21:04,3,780,30,3,0,-999
07/07/2025 06:21:20,3,780,30,3,0,-999
07/07/2025 06:21:36,3,780,30,3,0,-999
07/07/2025 06:21:52,3,780,30,3,0,-999
07/07/2025 06:22:08,3,780,30,3,0,-999
07/07/2025 06:22:24,3,780,30,3,0,-999
07/07/2025 06:22:40,3,780,30,3,0,-999
07/07/2025 06:22:56,3,780,30,3,0,-999
07/07/2025 06:23:12,3,780,30,3,0,-999
07/07/2025 06:23:28,3,770,30,3,0,-999
07/07/2025 06:23:44,3,770,30,3,0,-999
07/07/2025 06:24:00,3,770,30,3,0,-999
07/07/2025 06:24:16,3,770,30,3,0,-999
07/07/2025 06:24:32,3,760,30,3,0,-999
07/07/2025 06:24:48,3,760,30,3,0,-999
07/07/2025 06:25:04,3,760,30,3,0,-999
07/07/2025 06:25:20,3,760,30,3,0,-999
07/07/2025 06:25:36,3,760,30,3,0,-999
07/07/2025 06:25:52,3,750,30,3,0,-999
07/07/2025 06:26:08,3,750,30,3,0,-999
07/07/2025 06:26:24,3,750,30,3,0,-999
07/07/2025 06:26:40,3,750,30,3,0,-999
07/07/2025 06:26:56,3,750,30,3,0,-999
07/07/2025 06:27:12,3,750,30,3,0,-999
07/07/2025 06:27:28,3,750,30,3,0,-999
07/07/2025 06:27:44,3,740,30,3,0,-999
07/07/2025 06:28:00,3,740,30,3,0,-999
07/07/2025 06:28:16,3,740,30,3,0,-999
07/07/2025 06:28:32,3,740,30,3,0,-999
07/07/2025 06:28:48,3,740,30,3,0,-999
07/07/2025 06:29:04,3,740,30,3,0,-999
07/07/2025 06:29:20,3,740,30,3,0,-999
07/07/2025 06:29:36,3,740,30,3,0,-999
07/07/2025 06:29:52,3,740,30,3,0,-999
07/07/2025 06:30:08,3,740,30,3,0,-999
07/07/2025 06:30:24,3,740,30,3,0,-999
07/07/2025 06:30:40,3,740,30,3,0,-999
07/07/2025 06:30:56,3,740,30,3,0,-999
07/07/2025 06:31:12,3,740,30,3,0,-999
07/07/2025 06:31:28,3,740,30,3,0,-999
07/07/2025 06:31:44,3,740,30,3,0,-999
07/07/2025 06:32:00,3,740,30,3,0,-999
07/07/2025 06:32:16,3,740,30,3,0,-999
07/07/2025 06:32:32,3,740,30,3,0,-999
07/07/2025 06:32:48,3,740,30,3,0,-999
07/07/2025 06:33:04,3,740,30,3,0,-999
07/07/2025 06:33:20,3,740,30,3,0,-999
07/07/2025 06:33:36,3,730,30,3,0,-999
07/07/2025 06:33:52,3,730,30,3,0,-999
07/07/2025 06:34:08,3,730,30,3,0,-999
07/07/2025 06:34:24,3,730,30,3,0,-999
07/07/2025 06:34:40,3,730,30,3,0,-999
07/07/2025 06:34:56,3,730,30,3,0,-999
07/07/2025 06:35:12,3,730,30,3,0,-999
07/07/2025 06:35:28,3,730,30,3,0,-999
07/07/2025 06:35:44,3,730,30,3,0,-999
07/07/2025 06:36:00,3,730,30,3,0,-999
07/07/2025 06:36:16,3,730,30,3,0,-999
07/07/2025 06:36:32,3,730,30,3,0,-999
07/07/2025 06:36:48,3,730,30,3,0,-999
07/07/2025 06:37:04,3,730,30,3,0,-999
07/07/2025 06:37:20,3,730,30,3,0,-999
07/07/2025 06:37:36,3,740,30,3,0,-999
07/07/2025 06:37:52,3,740,30,3,0,-999
07/07/2025 06:38:08,3,740,30,3,0,-999
07/07/2025 06:38:24,3,740,30,3,0,-999
07/07/2025 06:38:40,3,740,30,3,0,-999
07/07/2025 06:38:56,3,740,30,3,0,-999
07/07/2025 06:39:12,3,740,30,3,0,-999
07/07/2025 06:39:28,3,740,30,3,0,-999
07/07/2025 06:39:44,3,750,30,3,0,-999
07/07/2025 06:40:00,3,750,30,3,0,-999
07/07/2025 06:40:16,3,750,30,3,0,-999
07/07/2025 06:40:32,3,750,30,3,0,-999
07/07/2025 06:40:48,3,750,30,3,0,-999
07/07/2025 06:41:04,3,750,30,3,0,-999
07/07/2025 06:41:20,3,750,30,3,0,-999
07/07/2025 06:41:36,3,750,30,3,0,-999
07/07/2025 06:41:52,3,750,30,3,0,-999
07/07/2025 06:42:08,3,750,30,3,0,-999
07/07/2025 06:42:24,3,750,30,3,0,-999
07/07/2025 06:42:40,3,750,30,3,0,-999
07/07/2025 06:42:56,3,750,30,3,0,-999
07/07/2025 06:43:12,3,750,30,3,0,-999
07/07/2025 06:43:28,3,750,30,3,0,-999
07/07/2025 06:43:44,3,750,30,3,0,-999
07/07/2025 06:44:00,3,750,30,3,0,-999
07/07/2025 06:44:16,3,750,30,3,0,-999
07/07/2025 06:44:32,3,750,30,3,0,-999
07/07/2025 06:44:48,3,750,30,3,0,-999
07/07/2025 06:45:04,3,750,30,3,0,-999
07/07/2025 06:45:20,3,760,30,3,0,-999
07/07/2025 06:45:36,3,760,30,3,0,-999
07/07/2025 06:45:52,3,760,30,3,0,-999
07/07/2025 06:46:08,3,770,30,3,0,-999
07/07/2025 06:46:24,3,770,30,3,0,-999
07/07/2025 06:46:40,3,770,30,3,0,-999
07/07/2025 06:46:56,3,770,30,3,0,-999
07/07/2025 06:47:12,3,780,30,3,0,-999
07/07/2025 06:47:28,3,780,30,3,0,-999
07/07/2025 06:47:44,3,780,30,3,0,-999
07/07/2025 06:48:00,3,780,30,3,0,-999
07/07/2025 06:48:16,3,790,30,3,0,-999
07/07/2025 06:48:32,3,790,30,3,0,-999
07/07/2025 06:48:48,3,790,30,3,0,-999
07/07/2025 06:49:04,3,790,30,3,0,-999
07/07/2025 06:49:20,3,790,30,3,0,-999
07/07/2025 06:49:36,3,790,30,3,0,-999
07/07/2025 06:49:52,3,800,30,3,0,-999
07/07/2025 06:50:08,3,800,30,3,0,-999
07/07/2025 06:50:24,3,800,30,3,0,-999
07/07/2025 06:50:40,3,800,30,3,0,-999
07/07/2025 06:50:56,3,800,30,3,0,-999
07/07/2025 06:51:12,3,810,30,3,0,-999
07/07/2025 06:51:28,3,810,30,3,0,-999
07/07/2025 06:51:44,3,810,30,3,0,-999
07/07/2025 06:52:00,3,810,30,3,0,-999
07/07/2025 06:52:16,3,810,30,3,0,-999
07/07/2025 06:52:32,3,820,30,3,0,-999
07/07/2025 06:52:48,3,820,30,3,0,-999
07/07/2025 06:53:04,3,820,30,3,0,-999
07/07/2025 06:53:20,3,820,30,3,0,-999
07/07/2025 06:53:36,3,820,30,3,0,-999
07/07/2025 06:53:52,3,830,30,3,0,-999
07/07/2025 06:54:08,3,830,30,3,0,-999
07/07/2025 06:54:24,3,840,30,3,0,-999
07/07/2025 06:54:40,3,850,30,3,0,-999
07/07/2025 06:54:56,3,860,30,3,0,-999
07/07/2025 06:55:12,3,860,30,3,0,-999
07/07/2025 06:55:28,3,870,30,3,0,-999
07/07/2025 06:55:44,3,870,30,3,0,-999
07/07/2025 06:56:00,3,880,30,3,0,-999
07/07/2025 06:56:16,3,880,30,3,0,-999
07/07/2025 06:56:32,3,890,30,3,0,-999
07/07/2025 06:56:48,3,890,30,3,0,-999
07/07/2025 06:57:04,3,900,30,3,0,-999
07/07/2025 06:57:20,3,900,30,3,0,-999
07/07/2025 06:57:36,3,910,30,3,0,-999
07/07/2025 06:57:52,3,910,30,3,0,-999
07/07/2025 06:58:08,3,920,30,3,0,-999
07/07/2025 06:58:24,3,920,30,3,0,-999
07/07/2025 06:58:40,3,930,30,3,0,-999
07/07/2025 06:58:56,3,940,30,3,0,-999
07/07/2025 06:59:12,3,940,30,3,0,-999
07/07/2025 06:59:28,3,960,30,3,0,-999
07/07/2025 06:59:44,3,960,30,3,0,-999
07/07/2025 07:00:00,3,960,800,3,0,-999
07/07/2025 07:00:16,3,970,800,3,0,-999
07/07/2025 07:00:32,3,980,800,3,0,-999
07/07/2025 07:00:48,3,980,800,3,0,-999
07/07/2025 07:01:04,3,990,800,3,0,-999
07/07/2025 07:01:20,3,990,800,3,0,-999
07/07/2025 07:01:36,3,990,800,3,0,-999
07/07/2025 07:01:52,3,990,800,3,0,-999
07/07/2025 07:02:08,3,990,800,3,0,-999
07/07/2025 07:02:24,3,990,800,3,0,-999
07/07/2025 07:02:40,3,990,800,3,0,-999
07/07/2025 07:02:56,3,990,800,3,0,-999
07/07/2025 07:03:12,3,990,800,3,0,-999
07/07/2025 07:03:28,3,990,800,3,0,-999
07/07/2025 07:03:44,3,990,800,3,0,-999
07/07/2025 07:04:00,3,990,800,3,0,-999
07/07/2025 07:04:16,3,990,800,3,0,-999
07/07/2025 07:04:32,3,990,800,3,0,-999
07/07/2025 07:04:48,3,990,800,3,0,-999
07/07/2025 07:05:04,3,990,800,3,0,-999
07/07/2025 07:05:20,3,990,800,3,0,-999
07/07/2025 07:05:36,3,990,800,3,0,-999
07/07/2025 07:05:52,3,990,800,3,0,-999
07/07/2025 07:06:08,3,990,800,3,0,-999
07/07/2025 07:06:24,3,990,800,3,0,-999
07/07/2025 07:06:40,3,990,800,3,0,-999
07/07/2025 07:06:56,3,990,800,3,0,-999
07/07/2025 07:07:12,3,990,800,3,0,-999
07/07/2025 07:07:28,3,990,800,3,0,-999
07/07/2025 07:07:44,3,990,800,3,0,-999
07/07/2025 07:08:00,3,990,800,3,0,-999
07/07/2025 07:08:16,3,990,800,3,0,-999
07/07/2025 07:08:32,3,990,800,3,0,-999
07/07/2025 07:08:48,3,990,800,3,0,-999
07/07/2025 07:09:04,3,990,800,3,0,-999
07/07/2025 07:09:20,3,990,800,3,0,-999
07/07/2025 07:09:36,3,990,800,3,0,-999
07/07/2025 07:09:52,3,990,800,3,0,-999
07/07/2025 07:10:08,3,990,800,3,0,-999
07/07/2025 07:10:24,3,990,800,3,0,-999
07/07/2025 07:10:40,3,990,800,3,0,-999
07/07/2025 07:10:56,3,990,800,3,0,-999
07/07/2025 07:11:12,3,990,800,3,0,-999
07/07/2025 07:11:28,3,990,800,3,0,-999
07/07/2025 07:11:44,3,990,800,3,0,-999
07/07/2025 07:12:00,3,990,800,3,0,-999
07/07/2025 07:12:16,3,990,800,3,0,-999
07/07/2025 07:12:32,3,990,800,3,0,-999
07/07/2025 07:12:48,3,970,800,3,0,-999
07/07/2025 07:13:04,3,960,800,3,0,-999
07/07/2025 07:13:20,3,950,800,3,0,-999
07/07/2025 07:13:36,3,940,800,3,0,-999
07/07/2025 07:13:52,3,940,800,3,0,-999
07/07/2025 07:14:08,3,930,800,3,0,-999
07/07/2025 07:14:24,3,920,800,3,0,-999
07/07/2025 07:14:40,3,920,800,3,0,-999
07/07/2025 07:14:56,3,910,800,3,0,-999
07/07/2025 07:15:12,3,900,800,3,0,-999
07/07/2025 07:15:28,3,900,800,3,0,-999
07/07/2025 07:15:44,3,900,800,3,0,-999
07/07/2025 07:16:00,3,890,800,3,0,-999
07/07/2025 07:16:16,3,880,800,3,0,-999
07/07/2025 07:16:32,3,880,800,3,0,-999
07/07/2025 07:16:48,3,870,800,3,0,-999
07/07/2025 07:17:04,3,870,800,3,0,-999
07/07/2025 07:17:20,3,860,800,3,0,-999
07/07/2025 07:17:36,3,860,800,3,0,-999
07/07/2025 07:17:52,3,850,800,3,0,-999
07/07/2025 07:18:08,3,850,800,3,0,-999
07/07/2025 07:18:24,3,850,800,3,0,-999
07/07/2025 07:18:40,3,850,800,3,0,-999
07/07/2025 07:18:56,3,850,800,3,0,-999
07/07/2025 07:19:12,3,850,800,3,0,-999
07/07/2025 07:19:28,3,840,800,3,0,-999
07/07/2025 07:19:44,3,850,800,3,0,-999
07/07/2025 07:20:00,3,850,800,3,0,-999
07/07/2025 07:20:16,3,850,800,3,0,-999
07/07/2025 07:20:32,3,850,800,3,0,-999
07/07/2025 07:20:48,3,840,800,3,0,-999
07/07/2025 07:21:04,3,850,800,3,0,-999
07/07/2025 07:21:20,3,840,800,3,0,-999
07/07/2025 07:21:36,3,840,800,3,0,-999
07/07/2025 07:21:52,3,840,800,3,0,-999
07/07/2025 07:22:08,3,840,800,3,0,-999
07/07/2025 07:22:24,3,840,800,3,0,-999
07/07/2025 07:22:40,3,840,800,3,0,-999
07/07/2025 07:22:56,3,840,800,3,0,-999
07/07/2025 07:23:12,3,840,800,3,0,-999
07/07/2025 07:23:28,3,840,800,3,0,-999
07/07/2025 07:23:44,3,840,800,3,0,-999
07/07/2025 07:24:00,3,850,800,3,0,-999
07/07/2025 07:24:16,3,850,800,3,0,-999
07/07/2025 07:24:32,3,840,800,3,0,-999
07/07/2025 07:24:48,3,840,800,3,0,-999
07/07/2025 07:25:04,3,840,800,3,0,-999
07/07/2025 07:25:20,3,840,800,3,0,-999
07/07/2025 07:25:36,3,840,800,3,0,-999
07/07/2025 07:25:52,3,840,800,3,0,-999
07/07/2025 07:26:08,3,840,800,3,0,-999
07/07/2025 07:26:24,3,840,800,3,0,-999
07/07/2025 07:26:40,3,840,800,3,0,-999
07/07/2025 07:26:56,3,840,800,3,0,-999
07/07/2025 07:27:12,3,840,800,3,0,-999
07/07/2025 07:27:28,3,840,800,3,0,-999
07/07/2025 07:27:44,3,850,800,3,0,-999
07/07/2025 07:28:00,3,850,800,3,0,-999
07/07/2025 07:28:16,3,850,800,3,0,-999
07/07/2025 07:28:32,3,850,800,3,0,-999
07/07/2025 07:28:48,3,850,800,3,0,-999
07/07/2025 07:29:04,3,850,800,3,0,-999
07/07/2025 07:29:20,3,850,800,3,0,-999
07/07/2025 07:29:36,3,850,800,3,0,-999
07/07/2025 07:29:52,3,850,800,3,0,-999
07/07/2025 07:30:08,3,850,800,3,0,-999
07/07/2025 07:30:24,3,850,800,3,0,-999
07/07/2025 07:30:40,3,850,800,3,0,-999
07/07/2025 07:30:56,3,850,800,3,0,-999
07/07/2025 07:31:12,3,850,800,3,0,-999
07/07/2025 07:31:28,3,860,800,3,0,-999
07/07/2025 07:31:44,3,860,800,3,0,-999
07/07/2025 07:32:00,3,860,800,3,0,-999
07/07/2025 07:32:16,3,860,800,3,0,-999
07/07/2025 07:32:32,3,860,800,3,0,-999
07/07/2025 07:32:48,3,860,800,3,0,-999
07/07/2025 07:33:04,3,860,800,3,0,-999
07/07/2025 07:33:20,3,860,800,3,0,-999
07/07/2025 07:33:36,3,870,800,3,0,-999
07/07/2025 07:33:52,3,870,800,3,0,-999
07/07/2025 07:34:08,3,870,800,3,0,-999
07/07/2025 07:34:24,3,870,800,3,0,-999
07/07/2025 07:34:40,3,870,800,3,0,-999
07/07/2025 07:34:56,3,870,800,3,0,-999
07/07/2025 07:35:12,3,870,800,3,0,-999
07/07/2025 07:35:28,3,870,800,3,0,-999
07/07/2025 07:35:44,3,870,800,3,0,-999
07/07/2025 07:36:00,3,870,800,3,0,-999
07/07/2025 07:36:16,3,880,800,3,0,-999
07/07/2025 07:36:32,3,880,800,3,0,-999
07/07/2025 07:36:48,3,880,800,3,0,-999
07/07/2025 07:37:04,3,890,800,3,0,-999
07/07/2025 07:37:20,3,890,800,3,0,-999
07/07/2025 07:37:36,3,890,800,3,0,-999
07/07/2025 07:37:52,3,890,800,3,0,-999
07/07/2025 07:38:08,3,890,800,3,0,-999
07/07/2025 07:38:24,3,890,800,3,0,-999
07/07/2025 07:38:40,3,890,800,3,0,-999
07/07/2025 07:38:56,3,890,800,3,0,-999
07/07/2025 07:39:12,3,890,800,3,0,-999
07/07/2025 07:39:28,3,890,800,3,0,-999
07/07/2025 07:39:44,3,890,800,3,0,-999
07/07/2025 07:40:00,3,890,800,3,0,-999
07/07/2025 07:40:16,3,890,800,3,0,-999
07/07/2025 07:40:32,3,890,800,3,0,-999
07/07/2025 07:40:48,3,880,800,3,0,-999
07/07/2025 07:41:04,3,880,800,3,0,-999
07/07/2025 07:41:20,3,880,800,3,0,-999
07/07/2025 07:41:36,3,880,800,3,0,-999
07/07/2025 07:41:52,3,880,800,3,0,-999
07/07/2025 07:42:08,3,880,800,3,0,-999
07/07/2025 07:42:24,3,880,800,3,0,-999
07/07/2025 07:42:40,3,880,800,3,0,-999
07/07/2025 07:42:56,3,880,800,3,0,-999
07/07/2025 07:43:12,3,880,800,3,0,-999
07/07/2025 07:43:28,3,880,800,3,0,-999
07/07/2025 07:43:44,3,890,800,3,0,-999
07/07/2025 07:44:00,3,890,800,3,0,-999
07/07/2025 07:44:16,3,890,800,3,0,-999
07/07/2025 07:44:32,3,890,800,3,0,-999
07/07/2025 07:44:48,3,890,800,3,0,-999
07/07/2025 07:45:04,3,890,800,3,0,-999
07/07/2025 07:45:20,3,890,800,3,0,-999
07/07/2025 07:45:36,3,890,800,3,0,-999
07/07/2025 07:45:52,3,890,800,3,0,-999
07/07/2025 07:46:08,3,890,800,3,0,-999
07/07/2025 07:46:24,3,890,800,3,0,-999
07/07/2025 07:46:40,3,900,800,3,0,-999
07/07/2025 07:46:56,3,900,800,3,0,-999
07/07/2025 07:47:12,3,900,800,3,0,-999
07/07/2025 07:47:28,3,910,800,3,0,-999
07/07/2025 07:47:44,3,910,800,3,0,-999
07/07/2025 07:48:00,3,910,800,3,0,-999
07/07/2025 07:48:16,3,910,800,3,0,-999
07/07/2025 07:48:32,3,910,800,3,0,-999
07/07/2025 07:48:48,3,910,800,3,0,-999
07/07/2025 07:49:04,3,920,800,3,0,-999
07/07/2025 07:49:20,3,920,800,3,0,-999
07/07/2025 07:49:36,3,920,800,3,0,-999
07/07/2025 07:49:52,3,930,800,3,0,-999
07/07/2025 07:50:08,3,930,800,3,0,-999
07/07/2025 07:50:24,3,930,800,3,0,-999
07/07/2025 07:50:40,3,930,800,3,0,-999
07/07/2025 07:50:56,3,930,800,3,0,-999
07/07/2025 07:51:12,3,940,800,3,0,-999
07/07/2025 07:51:28,3,950,800,3,0,-999
07/07/2025 07:51:44,3,960,800,3,0,-999
07/07/2025 07:52:00,3,970,800,3,0,-999
07/07/2025 07:52:16,3,980,800,3,0,-999
07/07/2025 07:52:32,3,990,800,3,0,-999
07/07/2025 07:52:48,3,990,800,3,0,-999
07/07/2025 07:53:04,3,990,800,3,0,-999
07/07/2025 07:53:20,3,990,800,3,0,-999
07/07/2025 07:53:36,3,990,800,3,0,-999
07/07/2025 07:53:52,3,990,800,3,0,-999
07/07/2025 07:54:08,3,990,800,3,0,-999
07/07/2025 07:54:24,3,990,800,3,0,-999
07/07/2025 07:54:40,3,990,800,3,0,-999
07/07/2025 07:54:56,3,990,800,3,0,-999
07/07/2025 07:55:12,3,990,800,3,0,-999
07/07/2025 07:55:28,3,990,800,3,0,-999
07/07/2025 07:55:44,3,990,800,3,0,-999
07/07/2025 07:56:00,3,990,800,3,0,-999
07/07/2025 07:56:16,3,990,800,3,0,-999
07/07/2025 07:56:32,3,990,800,3,0,-999
07/07/2025 07:56:48,3,990,800,3,0,-999
07/07/2025 07:57:04,3,990,800,3,0,-999
07/07/2025 07:57:20,3,990,800,3,0,-999
07/07/2025 07:57:36,3,990,800,3,0,-999
07/07/2025 07:57:52,3,990,800,3,0,-999
07/07/2025 07:58:08,3,990,800,3,0,-999
07/07/2025 07:58:24,3,990,800,3,0,-999
07/07/2025 07:58:40,3,990,800,3,0,-999
07/07/2025 07:58:56,3,990,800,3,0,-999
07/07/2025 07:59:12,3,990,800,3,0,-999
07/07/2025 07:59:28,3,990,800,3,0,-999
07/07/2025 07:59:44,3,990,800,3,0,-999
07/07/2025 08:00:00,3,990,890,3,0,-999
07/07/2025 08:00:16,3,990,890,3,0,-999
07/07/2025 08:00:32,3,990,890,3,0,-999
07/07/2025 08:00:48,3,990,890,3,0,-999
07/07/2025 08:01:04,3,990,890,3,0,-999
07/07/2025 08:01:20,3,990,890,3,0,-999
07/07/2025 08:01:36,3,990,890,3,0,-999
07/07/2025 08:01:52,3,990,890,3,0,-999
07/07/2025 08:02:08,3,990,890,3,0,-999
07/07/2025 08:02:24,3,990,890,3,0,-999
07/07/2025 08:02:40,3,990,890,3,0,-999
07/07/2025 08:02:56,3,990,890,3,0,-999
07/07/2025 08:03:12,3,990,890,3,0,-999
07/07/2025 08:03:28,3,990,890,3,0,-999
07/07/2025 08:03:44,3,990,890,3,0,-999
07/07/2025 08:04:00,3,990,890,3,0,-999
07/07/2025 08:04:16,3,990,890,3,0,-999
07/07/2025 08:04:32,3,990,890,3,0,-999
07/07/2025 08:04:48,3,990,890,3,0,-999
07/07/2025 08:05:04,3,990,890,3,0,-999
07/07/2025 08:05:20,3,990,890,3,0,-999
07/07/2025 08:05:36,3,990,890,3,0,-999
07/07/2025 08:05:52,3,990,890,3,0,-999
07/07/2025 08:06:08,3,990,890,3,0,-999
07/07/2025 08:06:24,3,990,890,3,0,-999
07/07/2025 08:06:40,3,990,890,3,0,-999
07/07/2025 08:06:56,3,990,890,3,0,-999
07/07/2025 08:07:12,3,990,890,3,0,-999
07/07/2025 08:07:28,3,990,890,3,0,-999
07/07/2025 08:07:44,3,990,890,3,0,-999
07/07/2025 08:08:00,3,990,890,3,0,-999
07/07/2025 08:08:16,3,990,890,3,0,-999
07/07/2025 08:08:32,3,990,890,3,0,-999
07/07/2025 08:08:48,3,990,890,3,0,-999
07/07/2025 08:09:04,3,990,890,3,0,-999
07/07/2025 08:09:20,3,990,890,3,0,-999
07/07/2025 08:09:36,3,990,890,3,0,-999
07/07/2025 08:09:52,3,990,890,3,0,-999
07/07/2025 08:10:08,3,990,890,3,0,-999
07/07/2025 08:10:24,3,990,890,3,0,-999
07/07/2025 08:10:40,3,990,890,3,0,-999
07/07/2025 08:10:56,3,990,890,3,0,-999
07/07/2025 08:11:12,3,990,890,3,0,-999
07/07/2025 08:11:28,3,990,890,3,0,-999
07/07/2025 08:11:44,3,990,890,3,0,-999
07/07/2025 08:12:00,3,970,890,3,0,-999
07/07/2025 08:12:16,3,970,890,3,0,-999
07/07/2025 08:12:32,3,970,890,3,0,-999
07/07/2025 08:12:48,3,970,890,3,0,-999
07/07/2025 08:13:04,3,960,890,3,0,-999
07/07/2025 08:13:20,3,970,890,3,0,-999
07/07/2025 08:13:36,3,960,890,3,0,-999
07/07/2025 08:13:52,3,960,890,3,0,-999
07/07/2025 08:14:08,3,970,890,3,0,-999
07/07/2025 08:14:24,3,970,890,3,0,-999
07/07/2025 08:14:40,3,970,890,3,0,-999
07/07/2025 08:14:56,3,970,890,3,0,-999
07/07/2025 08:15:12,3,970,890,3,0,-999
07/07/2025 08:15:28,3,970,890,3,0,-999
07/07/2025 08:15:44,3,960,890,3,0,-999
07/07/2025 08:16:00,3,960,890,3,0,-999
07/07/2025 08:16:16,3,960,890,3,0,-999
07/07/2025 08:16:32,3,950,890,3,0,-999
07/07/2025 08:16:48,3,950,890,3,0,-999
07/07/2025 08:17:04,3,950,890,3,0,-999
07/07/2025 08:17:20,3,950,890,3,0,-999
07/07/2025 08:17:36,3,940,890,3,0,-999
07/07/2025 08:17:52,3,940,890,3,0,-999
07/07/2025 08:18:08,3,940,890,3,0,-999
07/07/2025 08:18:24,3,940,890,3,0,-999
07/07/2025 08:18:40,3,930,890,3,0,-999
07/07/2025 08:18:56,3,930,890,3,0,-999
07/07/2025 08:19:12,3,930,890,3,0,-999
07/07/2025 08:19:28,3,930,890,3,0,-999
07/07/2025 08:19:44,3,30,890,3,0,-999
07/07/2025 08:20:00,3,930,890,3,0,-999
07/07/2025 08:20:16,3,30,890,3,0,-999
07/07/2025 08:20:32,3,30,890,3,0,-999
07/07/2025 08:20:48,3,30,890,3,0,-999
07/07/2025 08:21:04,3,30,890,3,0,-999
07/07/2025 08:21:20,3,30,890,3,0,-999
07/07/2025 08:21:36,3,30,890,3,0,-999
07/07/2025 08:21:52,3,30,890,3,0,-999
07/07/2025 08:22:08,3,30,890,3,0,-999
07/07/2025 08:22:24,3,30,890,3,0,-999
07/07/2025 08:22:40,3,30,890,3,0,-999
07/07/2025 08:22:56,3,30,890,3,0,-999
07/07/2025 08:23:12,3,30,890,3,0,-999
07/07/2025 08:23:28,3,30,890,3,0,-999
07/07/2025 08:23:44,3,30,890,3,0,-999
07/07/2025 08:24:00,3,30,890,3,0,-999
07/07/2025 08:24:16,3,30,890,3,0,-999
07/07/2025 08:24:32,3,30,890,3,0,-999
07/07/2025 08:24:48,3,30,890,3,0,-999
07/07/2025 08:25:04,3,30,890,3,0,-999
07/07/2025 08:25:20,3,920,890,3,0,-999
07/07/2025 08:25:36,3,30,890,3,0,-999
07/07/2025 08:25:52,3,40,890,3,0,-999
07/07/2025 08:26:08,3,920,890,3,0,-999
07/07/2025 08:26:24,3,920,890,3,0,-999
07/07/2025 08:26:40,3,920,890,3,0,-999
07/07/2025 08:26:56,3,920,890,3,0,-999
07/07/2025 08:27:12,3,920,890,3,0,-999
07/07/2025 08:27:28,3,40,890,3,0,-999
07/07/2025 08:27:44,3,40,890,3,0,-999
07/07/2025 08:28:00,3,40,890,3,0,-999
07/07/2025 08:28:16,3,920,890,3,0,-999
07/07/2025 08:28:32,3,40,890,3,0,-999
07/07/2025 08:28:48,3,920,890,3,0,-999
07/07/2025 08:29:04,3,920,890,3,0,-999
07/07/2025 08:29:20,3,920,890,3,0,-999
07/07/2025 08:29:36,3,920,890,3,0,-999
07/07/2025 08:29:52,3,920,890,3,0,-999
07/07/2025 08:30:08,3,920,890,3,0,-999
07/07/2025 08:30:24,3,920,890,3,0,-999
07/07/2025 08:30:40,3,920,890,3,0,-999
07/07/2025 08:30:56,3,920,890,3,0,-999
07/07/2025 08:31:12,3,930,890,3,0,-999
07/07/2025 08:31:28,3,930,890,3,0,-999
07/07/2025 08:31:44,3,930,890,3,0,-999
07/07/2025 08:32:00,3,930,890,3,0,-999
07/07/2025 08:32:16,3,930,890,3,0,-999
07/07/2025 08:32:32,3,940,890,3,0,-999
07/07/2025 08:32:48,3,940,890,3,0,-999
07/07/2025 08:33:04,3,950,890,3,0,-999
07/07/2025 08:33:20,3,960,890,3,0,-999
07/07/2025 08:33:36,3,970,890,3,0,-999
07/07/2025 08:33:52,3,980,890,3,0,-999
07/07/2025 08:34:08,3,990,890,3,0,-999
07/07/2025 08:34:24,3,980,890,3,0,-999
07/07/2025 08:34:40,3,980,890,3,0,-999
07/07/2025 08:34:56,3,990,890,3,0,-999
07/07/2025 08:35:12,3,990,890,3,0,-999
07/07/2025 08:35:28,3,990,890,3,0,-999
07/07/2025 08:35:44,3,990,890,3,0,-999
07/07/2025 08:36:00,3,990,890,3,0,-999
07/07/2025 08:36:16,3,990,890,3,0,-999
07/07/2025 08:36:32,3,990,890,3,0,-999
07/07/2025 08:36:48,3,980,890,3,0,-999
07/07/2025 08:37:04,3,980,890,3,0,-999
07/07/2025 08:37:20,3,990,890,3,0,-999
07/07/2025 08:37:36,3,980,890,3,0,-999
07/07/2025 08:37:52,3,990,890,3,0,-999
07/07/2025 08:38:08,3,990,890,3,0,-999
07/07/2025 08:38:24,3,990,890,3,0,-999
07/07/2025 08:38:40,3,990,890,3,0,-999
07/07/2025 08:38:56,3,990,890,3,0,-999
07/07/2025 08:39:12,3,990,890,3,0,-999
07/07/2025 08:39:28,3,990,890,3,0,-999
07/07/2025 08:39:44,3,990,890,3,0,-999
07/07/2025 08:40:00,3,990,890,3,0,-999
07/07/2025 08:40:16,3,990,890,3,0,-999
07/07/2025 08:40:32,3,990,890,3,0,-999
07/07/2025 08:40:48,3,990,890,3,0,-999
07/07/2025 08:41:04,3,990,890,3,0,-999
07/07/2025 08:41:20,3,990,890,3,0,-999
07/07/2025 08:41:36,3,990,890,3,0,-999
07/07/2025 08:41:52,3,990,890,3,0,-999
07/07/2025 08:42:08,3,990,890,3,0,-999
07/07/2025 08:42:24,3,990,890,3,0,-999
07/07/2025 08:42:40,3,990,890,3,0,-999
07/07/2025 08:42:56,3,990,890,3,0,-999
07/07/2025 08:43:12,3,990,890,3,0,-999
07/07/2025 08:43:28,3,990,890,3,0,-999
07/07/2025 08:43:44,3,990,890,3,0,-999
07/07/2025 08:44:00,3,990,890,3,0,-999
07/07/2025 08:44:16,3,990,890,3,0,-999
07/07/2025 08:44:32,3,990,890,3,0,-999
07/07/2025 08:44:48,3,990,890,3,0,-999
07/07/2025 08:45:04,3,990,890,3,0,-999
07/07/2025 08:45:20,3,990,890,3,0,-999
07/07/2025 08:45:36,3,990,890,3,0,-999
07/07/2025 08:45:52,3,990,890,3,0,-999
07/07/2025 08:46:08,3,990,890,3,0,-999
07/07/2025 08:46:24,3,980,890,3,0,-999
07/07/2025 08:46:40,3,990,890,3,0,-999
07/07/2025 08:46:56,3,970,890,3,0,-999
07/07/2025 08:47:12,3,970,890,3,0,-999
07/07/2025 08:47:28,3,960,890,3,0,-999
07/07/2025 08:47:44,3,960,890,3,0,-999
07/07/2025 08:48:00,3,970,890,3,0,-999
07/07/2025 08:48:16,3,960,890,3,0,-999
07/07/2025 08:48:32,3,960,890,3,0,-999
07/07/2025 08:48:48,3,950,890,3,0,-999
07/07/2025 08:49:04,3,940,890,3,0,-999
07/07/2025 08:49:20,3,940,890,3,0,-999
07/07/2025 08:49:36,3,940,890,3,0,-999
07/07/2025 08:49:52,3,940,890,3,0,-999
07/07/2025 08:50:08,3,960,890,3,0,-999
07/07/2025 08:50:24,3,970,890,3,0,-999
07/07/2025 08:50:40,3,970,890,3,0,-999
07/07/2025 08:50:56,3,970,890,3,0,-999
07/07/2025 08:51:12,3,960,890,3,0,-999
07/07/2025 08:51:28,3,960,890,3,0,-999
07/07/2025 08:51:44,3,980,890,3,0,-999
07/07/2025 08:52:00,3,980,890,3,0,-999
07/07/2025 08:52:16,3,990,890,3,0,-999
07/07/2025 08:52:32,3,990,890,3,0,-999
07/07/2025 08:52:48,3,990,890,3,0,-999
07/07/2025 08:53:04,3,980,890,3,0,-999
07/07/2025 08:53:20,3,960,890,3,0,-999
07/07/2025 08:53:36,3,960,890,3,0,-999
07/07/2025 08:53:52,3,950,890,3,0,-999
07/07/2025 08:54:08,3,950,890,3,0,-999
07/07/2025 08:54:24,3,960,890,3,0,-999
07/07/2025 08:54:40,3,960,890,3,0,-999
07/07/2025 08:54:56,3,970,890,3,0,-999
07/07/2025 08:55:12,3,960,890,3,0,-999
07/07/2025 08:55:28,3,960,890,3,0,-999
07/07/2025 08:55:44,3,950,890,3,0,-999
07/07/2025 08:56:00,3,950,890,3,0,-999
07/07/2025 08:56:16,3,940,890,3,0,-999
07/07/2025 08:56:32,3,940,890,3,0,-999
07/07/2025 08:56:48,3,930,890,3,0,-999
07/07/2025 08:57:04,3,920,890,3,0,-999
07/07/2025 08:57:20,3,920,890,3,0,-999
07/07/2025 08:57:36,3,910,890,3,0,-999
07/07/2025 08:57:52,3,920,890,3,0,-999
07/07/2025 08:58:08,3,930,890,3,0,-999
07/07/2025 08:58:24,3,930,890,3,0,-999
07/07/2025 08:58:40,3,930,890,3,0,-999
07/07/2025 08:58:56,3,930,890,3,0,-999
07/07/2025 08:59:12,3,930,890,3,0,-999
07/07/2025 08:59:28,3,930,890,3,0,-999
07/07/2025 08:59:44,3,950,890,3,0,-999
07/07/2025 09:00:00,3,970,980,3,0,-999
07/07/2025 09:00:16,3,980,980,3,0,-999
07/07/2025 09:00:32,3,960,980,3,0,-999
07/07/2025 09:00:48,3,950,980,3,0,-999
07/07/2025 09:01:04,3,950,980,3,0,-999
07/07/2025 09:01:20,3,950,980,3,0,-999
07/07/2025 09:01:36,3,960,980,3,0,-999
07/07/2025 09:01:52,3,960,980,3,0,-999
07/07/2025 09:02:08,3,970,980,3,0,-999
07/07/2025 09:02:24,3,980,980,3,0,-999
07/07/2025 09:02:40,3,970,980,3,0,-999
07/07/2025 09:02:56,3,990,980,3,0,-999
07/07/2025 09:03:12,3,990,980,3,0,-999
07/07/2025 09:03:28,3,980,980,3,0,-999
07/07/2025 09:03:44,3,960,980,3,0,-999
07/07/2025 09:04:00,3,960,980,3,0,-999
07/07/2025 09:04:16,3,950,980,3,0,-999
07/07/2025 09:04:32,3,960,980,3,0,-999
07/07/2025 09:04:48,3,950,980,3,0,-999
07/07/2025 09:05:04,3,970,980,3,0,-999
07/07/2025 09:05:20,3,970,980,3,0,-999
07/07/2025 09:05:36,3,970,980,3,0,-999
07/07/2025 09:05:52,3,970,980,3,0,-999
07/07/2025 09:06:08,3,1250,980,3,0,-999
07/07/2025 09:06:24,3,1260,980,3,0,-999
07/07/2025 09:06:40,3,1260,980,3,0,-999
07/07/2025 09:06:56,3,1260,980,3,0,-999
07/07/2025 09:07:12,3,1260,980,3,0,-999
07/07/2025 09:07:28,3,1270,980,3,0,-999
07/07/2025 09:07:44,3,1270,980,3,0,-999
07/07/2025 09:08:00,3,1280,980,3,0,-999
07/07/2025 09:08:16,3,1280,980,3,0,-999
07/07/2025 09:08:32,3,1280,980,3,0,-999
07/07/2025 09:08:48,3,1280,980,3,0,-999
07/07/2025 09:09:04,3,1280,980,3,0,-999
07/07/2025 09:09:20,3,1280,980,3,0,-999
07/07/2025 09:09:36,3,1280,980,3,0,-999
07/07/2025 09:09:52,3,1280,980,3,0,-999
07/07/2025 09:10:08,3,1280,980,3,0,-999
07/07/2025 09:10:24,3,1280,980,3,0,-999
07/07/2025 09:10:40,3,1280,980,3,0,-999
07/07/2025 09:10:56,3,1280,980,3,0,-999
07/07/2025 09:11:12,3,1280,980,3,0,-999
07/07/2025 09:11:28,3,1280,980,3,0,-999
07/07/2025 09:11:44,3,1290,980,3,0,-999
07/07/2025 09:12:00,3,1290,980,3,0,-999
07/07/2025 09:12:16,3,1290,980,3,1,6670
07/07/2025 09:12:32,3,1300,980,3,1,6670
07/07/2025 09:12:48,3,1300,980,3,1,6670
07/07/2025 09:13:04,3,1300,980,3,1,6670
07/07/2025 09:13:20,3,1300,980,3,1,6670
07/07/2025 09:13:36,3,1300,980,3,1,6430
07/07/2025 09:13:52,3,1300,980,3,1,6430
07/07/2025 09:14:08,3,1290,980,3,1,6430
07/07/2025 09:14:24,3,1290,980,3,1,6430
07/07/2025 09:14:40,3,1290,980,3,1,6400
07/07/2025 09:14:56,3,1290,980,3,1,6400
07/07/2025 09:15:12,3,1290,980,3,1,6400
07/07/2025 09:15:28,3,1290,980,3,1,6370
07/07/2025 09:15:44,3,1290,980,3,1,6370
07/07/2025 09:16:00,3,1290,980,3,1,6310
07/07/2025 09:16:16,3,1290,980,3,1,6310
07/07/2025 09:16:32,3,1290,980,3,1,6290
07/07/2025 09:16:48,3,1300,980,3,1,6290
07/07/2025 09:17:04,3,1300,980,3,1,6250
07/07/2025 09:17:20,3,1300,980,3,1,6250
07/07/2025 09:17:36,3,1310,980,3,1,6250
07/07/2025 09:17:52,3,1310,980,3,0,-999
07/07/2025 09:18:08,3,1300,980,3,0,-999
07/07/2025 09:18:24,3,1310,980,3,0,-999
07/07/2025 09:18:40,3,1310,980,3,0,-999
07/07/2025 09:18:56,3,1320,980,3,0,-999
07/07/2025 09:19:12,3,1320,980,3,0,-999
07/07/2025 09:19:28,3,1320,980,3,0,-999
07/07/2025 09:19:44,3,1320,980,3,0,-999
07/07/2025 09:20:00,3,1330,980,3,0,-999
07/07/2025 09:20:16,3,1330,980,3,0,-999
07/07/2025 09:20:32,3,1330,980,3,0,-999
07/07/2025 09:20:48,3,1330,980,3,0,-999
07/07/2025 09:21:04,3,1330,980,3,0,-999
07/07/2025 09:21:20,3,1330,980,3,0,-999
07/07/2025 09:21:36,3,1330,980,3,0,-999
07/07/2025 09:21:52,3,1330,980,3,0,-999
07/07/2025 09:22:08,3,1330,980,3,0,-999
07/07/2025 09:22:24,3,1330,980,3,0,-999
07/07/2025 09:22:40,3,1330,980,3,0,-999
07/07/2025 09:22:56,3,1340,980,3,0,-999
07/07/2025 09:23:12,3,1340,980,3,0,-999
07/07/2025 09:23:28,3,1340,980,3,0,-999
07/07/2025 09:23:44,3,1340,980,3,0,-999
07/07/2025 09:24:00,3,1350,980,3,0,-999
07/07/2025 09:24:16,3,1350,980,3,0,-999
07/07/2025 09:24:32,3,1350,980,3,0,-999
07/07/2025 09:24:48,3,1350,980,3,0,-999
07/07/2025 09:25:04,3,1350,980,3,0,-999
07/07/2025 09:25:20,3,1360,980,3,0,-999
07/07/2025 09:25:36,3,1360,980,3,0,-999
07/07/2025 09:25:52,3,1360,980,3,0,-999
07/07/2025 09:26:08,3,1360,980,3,0,-999
07/07/2025 09:26:24,3,1360,980,3,0,-999
07/07/2025 09:26:40,3,1350,980,3,0,-999
07/07/2025 09:26:56,3,1360,980,3,0,-999
07/07/2025 09:27:12,3,1360,980,3,0,-999
07/07/2025 09:27:28,3,1370,980,3,0,-999
07/07/2025 09:27:44,3,1380,980,3,0,-999
07/07/2025 09:28:00,3,1380,980,3,0,-999
07/07/2025 09:28:16,3,1380,980,3,0,-999
07/07/2025 09:28:32,3,1380,980,3,0,-999
07/07/2025 09:28:48,3,1380,980,3,0,-999
07/07/2025 09:29:04,3,1390,980,3,0,-999
07/07/2025 09:29:20,3,1390,980,3,0,-999
07/07/2025 09:29:36,3,1390,980,3,0,-999
07/07/2025 09:29:52,3,1390,980,3,0,-999
07/07/2025 09:30:08,3,1400,980,3,0,-999
07/07/2025 09:30:24,3,1400,980,3,0,-999
07/07/2025 09:30:40,3,1390,980,3,0,-999
07/07/2025 09:30:56,3,1390,980,3,0,-999
07/07/2025 09:31:12,3,1390,980,3,0,-999
07/07/2025 09:31:28,3,1380,980,3,0,-999
07/07/2025 09:31:44,3,1380,980,3,0,-999
07/07/2025 09:32:00,3,1380,980,3,0,-999
07/07/2025 09:32:16,3,1380,980,3,0,-999
07/07/2025 09:32:32,3,1380,980,3,0,-999
07/07/2025 09:32:48,3,1380,980,3,0,-999
07/07/2025 09:33:04,3,1380,980,3,0,-999
07/07/2025 09:33:20,3,1370,980,3,0,-999
07/07/2025 09:33:36,3,1370,980,3,0,-999
07/07/2025 09:33:52,3,1370,980,3,0,-999
07/07/2025 09:34:08,3,1370,980,3,0,-999
07/07/2025 09:34:24,3,1360,980,3,0,-999
07/07/2025 09:34:40,3,1360,980,3,0,-999
07/07/2025 09:34:56,3,1360,980,3,0,-999
07/07/2025 09:35:12,3,1370,980,3,0,-999
07/07/2025 09:35:28,3,1370,980,3,0,-999
07/07/2025 09:35:44,3,1370,980,3,0,-999
07/07/2025 09:36:00,3,1370,980,3,0,-999
07/07/2025 09:36:16,3,1370,980,3,0,-999
07/07/2025 09:36:32,3,1370,980,3,0,-999
07/07/2025 09:36:48,3,1370,980,3,0,-999
07/07/2025 09:37:04,3,1370,980,3,0,-999
07/07/2025 09:37:20,3,1370,980,3,0,-999
07/07/2025 09:37:36,3,1370,980,3,0,-999
07/07/2025 09:37:52,3,1360,980,3,0,-999
07/07/2025 09:38:08,3,1360,980,3,0,-999
07/07/2025 09:38:24,3,1370,980,3,0,-999
07/07/2025 09:38:40,3,1370,980,3,0,-999
07/07/2025 09:38:56,3,1370,980,3,0,-999
07/07/2025 09:39:12,3,1370,980,3,0,-999
07/07/2025 09:39:28,3,1360,980,3,1,6380
07/07/2025 09:39:44,3,1360,980,3,1,6380
07/07/2025 09:40:00,3,1360,980,3,1,6460
07/07/2025 09:40:16,3,1360,980,3,1,6460
07/07/2025 09:40:32,3,1360,980,3,0,-999
07/07/2025 09:40:48,3,1360,980,3,0,-999
07/07/2025 09:41:04,3,1360,980,3,1,6420
07/07/2025 09:41:20,3,1360,980,3,1,6420
07/07/2025 09:41:36,3,1350,980,3,1,6420
07/07/2025 09:41:52,3,1360,980,3,2,6300
07/07/2025 09:42:08,3,1360,980,3,2,6300
07/07/2025 09:42:24,3,1360,980,3,1,6410
07/07/2025 09:42:40,3,1360,980,3,1,6410
07/07/2025 09:42:56,3,1360,980,3,2,6180
07/07/2025 09:43:12,3,1360,980,3,2,6180
07/07/2025 09:43:28,3,1360,980,3,1,6130
07/07/2025 09:43:44,3,1360,980,3,1,6130
07/07/2025 09:44:00,3,1360,980,3,1,6130
07/07/2025 09:44:16,3,1360,980,3,1,6120
07/07/2025 09:44:32,3,1370,980,3,1,6120
07/07/2025 09:44:48,3,1370,980,3,0,-999
07/07/2025 09:45:04,3,1370,980,3,0,-999
07/07/2025 09:45:20,3,1370,980,3,0,-999
07/07/2025 09:45:36,3,1370,980,3,0,-999
07/07/2025 09:45:52,3,1380,980,3,0,-999
07/07/2025 09:46:08,3,1380,980,3,0,-999
07/07/2025 09:46:24,3,1380,980,3,0,-999
07/07/2025 09:46:40,3,1380,980,3,0,-999
07/07/2025 09:46:56,3,1380,980,3,0,-999
07/07/2025 09:47:12,3,1380,980,3,0,-999
07/07/2025 09:47:28,3,1370,980,3,0,-999
07/07/2025 09:47:44,3,1370,980,3,0,-999
07/07/2025 09:48:00,3,1370,980,3,0,-999
07/07/2025 09:48:16,3,1380,980,3,0,-999
07/07/2025 09:48:32,3,1380,980,3,0,-999
07/07/2025 09:48:48,3,1380,980,3,0,-999
07/07/2025 09:49:04,3,1380,980,3,0,-999
07/07/2025 09:49:20,3,1380,980,3,0,-999
07/07/2025 09:49:36,3,1380,980,3,0,-999
07/07/2025 09:49:52,3,1380,980,3,0,-999
07/07/2025 09:50:08,3,1380,980,3,0,-999
07/07/2025 09:50:24,3,1380,980,3,0,-999
07/07/2025 09:50:40,3,1380,980,3,0,-999
07/07/2025 09:50:56,3,1380,980,3,0,-999
07/07/2025 09:51:12,3,1380,980,3,0,-999
07/07/2025 09:51:28,3,1380,980,3,0,-999
07/07/2025 09:51:44,3,1390,980,3,0,-999
07/07/2025 09:52:00,3,1390,980,3,0,-999
07/07/2025 09:52:16,3,1390,980,3,0,-999
07/07/2025 09:52:32,3,1390,980,3,0,-999
07/07/2025 09:52:48,3,1390,980,3,0,-999
07/07/2025 09:53:04,3,1390,980,3,0,-999
07/07/2025 09:53:20,3,1380,980,3,0,-999
07/07/2025 09:53:36,3,1380,980,3,0,-999
07/07/2025 09:53:52,3,1380,980,3,0,-999
07/07/2025 09:54:08,3,1380,980,3,0,-999
07/07/2025 09:54:24,3,1380,980,3,0,-999
07/07/2025 09:54:40,3,1390,980,3,0,-999
07/07/2025 09:54:56,3,1390,980,3,0,-999
07/07/2025 09:55:12,3,1390,980,3,0,-999
07/07/2025 09:55:28,3,1390,980,3,0,-999
07/07/2025 09:55:44,3,1390,980,3,0,-999
07/07/2025 09:56:00,3,1390,980,3,0,-999
07/07/2025 09:56:16,3,1390,980,3,0,-999
07/07/2025 09:56:32,3,1400,980,3,0,-999
07/07/2025 09:56:48,3,1400,980,3,0,-999
07/07/2025 09:57:04,3,1400,980,3,0,-999
07/07/2025 09:57:20,3,1400,980,3,0,-999
07/07/2025 09:57:36,3,1390,980,3,0,-999
07/07/2025 09:57:52,3,1390,980,3,0,-999
07/07/2025 09:58:08,3,1390,980,3,0,-999
07/07/2025 09:58:24,3,1390,980,3,0,-999
07/07/2025 09:58:40,3,1390,980,3,0,-999
07/07/2025 09:58:56,3,1390,980,3,0,-999
07/07/2025 09:59:12,3,1400,980,3,0,-999
07/07/2025 09:59:28,3,1400,980,3,0,-999
07/07/2025 09:59:44,3,1400,980,3,0,-999
