# Time, Layer_QualityIndex,bl_height,Mean_Layer_Height,n_BL,cloud_stat,cloud_dat
24/05/2026 10:00:00,1,1880,690,3,1,1760
24/05/2026 10:00:16,1,1880,690,3,1,1760
24/05/2026 10:00:16,1,1880,690,3,1,1760
24/05/2026 10:00:32,1,1880,690,3,1,1760
24/05/2026 10:00:48,1,1880,690,3,1,1760
24/05/2026 10:01:04,1,1880,690,3,1,1760
24/05/2026 10:01:20,1,1880,690,3,1,1800
24/05/2026 10:01:36,1,1880,690,3,1,1800
24/05/2026 10:01:52,1,1880,690,3,1,1800
24/05/2026 10:02:08,1,1890,690,3,1,1800
24/05/2026 10:02:24,1,510,690,3,1,1780
24/05/2026 10:02:40,1,510,690,3,1,1780
24/05/2026 10:02:56,1,510,690,3,1,1780
24/05/2026 10:03:12,1,500,690,3,1,1780
24/05/2026 10:03:28,1,500,690,3,1,1780
24/05/2026 10:03:44,1,500,690,3,1,1760
24/05/2026 10:04:00,1,500,690,3,1,1760
24/05/2026 10:04:16,1,500,690,3,1,1760
24/05/2026 10:04:32,1,500,690,3,1,1760
24/05/2026 10:04:48,1,500,690,3,1,1770
24/05/2026 10:05:04,1,500,690,3,1,1770
24/05/2026 10:05:20,1,500,690,3,1,1770
24/05/2026 10:05:36,1,500,690,3,1,1790
24/05/2026 10:05:52,1,500,690,3,1,1790
24/05/2026 10:06:08,1,500,690,3,1,1790
24/05/2026 10:06:24,1,500,690,3,1,1790
24/05/2026 10:06:40,1,500,690,3,1,1760
24/05/2026 10:06:56,1,500,690,3,1,1760
24/05/2026 10:07:12,1,500,690,3,1,1760
24/05/2026 10:07:28,1,500,690,3,1,1760
24/05/2026 10:07:44,1,500,690,3,1,1760
24/05/2026 10:08:00,1,500,690,3,1,1770
24/05/2026 10:08:16,1,500,690,3,1,1770
24/05/2026 10:08:32,1,500,690,3,1,1810
24/05/2026 10:08:48,1,500,690,3,1,1810
24/05/2026 10:09:04,1,500,690,3,1,1810
24/05/2026 10:09:20,1,500,690,3,1,1810
24/05/2026 10:09:36,1,500,690,3,1,1810
24/05/2026 10:09:52,1,500,690,3,1,1810
24/05/2026 10:10:08,1,500,690,3,1,1810
24/05/2026 10:10:24,1,500,690,3,1,1770
24/05/2026 10:10:40,1,500,690,3,1,1770
24/05/2026 10:10:56,1,500,690,3,1,1750
24/05/2026 10:11:12,1,500,690,3,1,1750
24/05/2026 10:11:28,1,500,690,3,1,1740
24/05/2026 10:11:44,1,500,690,3,1,1740
24/05/2026 10:12:00,1,500,690,3,1,1810
24/05/2026 10:12:16,1,500,690,3,1,1810
24/05/2026 10:12:32,1,500,690,3,1,1810
24/05/2026 10:12:48,1,510,690,3,1,1800
24/05/2026 10:13:04,1,510,690,3,1,1800
24/05/2026 10:13:20,1,510,690,3,1,1780
24/05/2026 10:13:36,1,510,690,3,1,1780
24/05/2026 10:13:52,1,510,690,3,1,1830
24/05/2026 10:14:08,1,510,690,3,1,1830
24/05/2026 10:14:24,1,520,690,3,1,1830
24/05/2026 10:14:40,1,530,690,3,1,1830
24/05/2026 10:14:56,1,550,690,3,1,1830
24/05/2026 10:15:12,1,550,690,3,1,1820
24/05/2026 10:15:28,1,560,690,3,1,1820
24/05/2026 10:15:44,1,560,690,3,1,1820
24/05/2026 10:16:00,1,570,690,3,1,1820
24/05/2026 10:16:16,1,570,690,3,1,1830
24/05/2026 10:16:32,1,570,690,3,1,1830
24/05/2026 10:16:48,1,580,690,3,1,1810
24/05/2026 10:17:04,1,580,690,3,1,1810
24/05/2026 10:17:20,1,580,690,3,1,1810
24/05/2026 10:17:36,1,590,690,3,1,1810
24/05/2026 10:17:52,1,590,690,3,1,1810
24/05/2026 10:18:08,1,590,690,3,1,1810
24/05/2026 10:18:24,1,590,690,3,1,1810
24/05/2026 10:18:40,1,590,690,3,1,1810
24/05/2026 10:18:56,1,600,690,3,1,1810
24/05/2026 10:19:12,1,600,690,3,1,1810
24/05/2026 10:19:28,1,600,690,3,1,1810
24/05/2026 10:19:44,1,600,690,3,1,1810
24/05/2026 10:20:00,1,600,690,3,1,1820
24/05/2026 10:20:16,1,600,690,3,1,1820
24/05/2026 10:20:32,1,610,690,3,1,1810
24/05/2026 10:20:48,1,610,690,3,1,1810
24/05/2026 10:21:04,1,610,690,3,1,1810
24/05/2026 10:21:20,1,610,690,3,1,1810
24/05/2026 10:21:36,1,610,690,3,1,1820
24/05/2026 10:21:52,1,610,690,3,1,1820
24/05/2026 10:22:08,1,610,690,3,1,1820
24/05/2026 10:22:24,1,610,690,3,1,1830
24/05/2026 10:22:40,1,610,690,3,1,1830
24/05/2026 10:22:56,1,610,690,3,1,1610
24/05/2026 10:23:12,1,610,690,3,1,1610
24/05/2026 10:23:28,1,610,690,3,1,1810
24/05/2026 10:23:44,1,620,690,3,1,1810
24/05/2026 10:24:00,1,620,690,3,1,1820
24/05/2026 10:24:16,1,620,690,3,1,1820
24/05/2026 10:24:32,1,620,690,3,1,1820
24/05/2026 10:24:48,1,620,690,3,1,1800
24/05/2026 10:25:04,1,620,690,3,1,1800
24/05/2026 10:25:20,1,620,690,3,1,1810
24/05/2026 10:25:36,1,620,690,3,1,1810
24/05/2026 10:25:52,1,620,690,3,1,1790
24/05/2026 10:26:08,1,620,690,3,1,1790
24/05/2026 10:26:24,1,620,690,3,1,1810
24/05/2026 10:26:40,1,620,690,3,1,1810
24/05/2026 10:26:56,1,620,690,3,1,1810
24/05/2026 10:27:12,1,620,690,3,1,1790
24/05/2026 10:27:28,1,610,690,3,1,1790
24/05/2026 10:27:44,1,610,690,3,1,1630
24/05/2026 10:28:00,1,610,690,3,1,1630
24/05/2026 10:28:16,1,610,690,3,1,1620
24/05/2026 10:28:32,1,610,690,3,1,1620
24/05/2026 10:28:48,1,610,690,3,1,1760
24/05/2026 10:29:04,1,610,690,3,1,1760
24/05/2026 10:29:20,1,610,690,3,1,1760
24/05/2026 10:29:36,1,600,690,3,1,1720
24/05/2026 10:29:52,1,600,690,3,1,1720
24/05/2026 10:30:08,1,600,690,3,1,1670
24/05/2026 10:30:24,1,600,690,3,1,1670
24/05/2026 10:30:40,1,600,690,3,1,1780
24/05/2026 10:30:56,1,600,690,3,1,1780
24/05/2026 10:31:12,1,590,690,3,1,1770
24/05/2026 10:31:28,1,590,690,3,1,1770
24/05/2026 10:31:44,1,590,690,3,1,1770
24/05/2026 10:32:00,1,590,690,3,1,1760
24/05/2026 10:32:16,1,580,690,3,1,1760
24/05/2026 10:32:32,1,580,690,3,1,1760
24/05/2026 10:32:48,1,580,690,3,1,1760
24/05/2026 10:33:04,1,580,690,3,1,1760
24/05/2026 10:33:20,1,580,690,3,1,1760
24/05/2026 10:33:36,1,1870,690,3,0,-999
24/05/2026 10:33:52,1,1880,690,3,0,-999
24/05/2026 10:34:08,1,1880,690,3,0,-999
24/05/2026 10:34:24,1,570,690,3,1,1740
24/05/2026 10:34:40,1,570,690,3,1,1740
24/05/2026 10:34:56,1,570,690,3,1,1570
24/05/2026 10:35:12,1,570,690,3,1,1570
24/05/2026 10:35:28,1,1740,690,3,0,-999
24/05/2026 10:35:44,1,1740,690,3,0,-999
24/05/2026 10:36:00,1,1610,690,3,0,-999
24/05/2026 10:36:16,1,1610,690,3,0,-999
24/05/2026 10:36:32,1,1610,690,3,0,-999
24/05/2026 10:36:48,1,1720,690,3,0,-999
24/05/2026 10:37:04,1,1720,690,3,0,-999
24/05/2026 10:37:20,1,1900,690,3,0,-999
24/05/2026 10:37:36,1,1910,690,3,0,-999
24/05/2026 10:37:52,1,560,690,3,1,1810
24/05/2026 10:38:08,1,560,690,3,1,1810
24/05/2026 10:38:24,1,560,690,3,1,1810
24/05/2026 10:38:40,1,560,690,3,1,1810
24/05/2026 10:38:56,1,550,690,3,1,1810
24/05/2026 10:39:12,1,550,690,3,1,1800
24/05/2026 10:39:28,1,550,690,3,1,1800
24/05/2026 10:39:44,1,550,690,3,1,1800
24/05/2026 10:40:00,1,550,690,3,1,1800
24/05/2026 10:40:16,1,540,690,3,1,1800
24/05/2026 10:40:32,1,540,690,3,1,1800
24/05/2026 10:40:48,1,540,690,3,1,1800
24/05/2026 10:41:04,1,530,690,3,1,1800
24/05/2026 10:41:20,1,530,690,3,1,1800
24/05/2026 10:41:36,1,530,690,3,1,1790
24/05/2026 10:41:52,1,520,690,3,1,1790
24/05/2026 10:42:08,1,520,690,3,1,1800
24/05/2026 10:42:24,1,520,690,3,1,1800
24/05/2026 10:42:40,1,510,690,3,1,1820
24/05/2026 10:42:56,1,510,690,3,1,1820
24/05/2026 10:43:12,1,510,690,3,1,1830
24/05/2026 10:43:28,1,500,690,3,1,1830
24/05/2026 10:43:44,1,500,690,3,1,1830
24/05/2026 10:44:00,1,500,690,3,1,1820
24/05/2026 10:44:16,1,490,690,3,1,1820
24/05/2026 10:44:32,1,490,690,3,1,1820
24/05/2026 10:44:48,1,490,690,3,1,1820
24/05/2026 10:45:04,1,490,690,3,1,1810
24/05/2026 10:45:20,1,480,690,3,1,1810
24/05/2026 10:45:36,1,480,690,3,1,1820
24/05/2026 10:45:52,1,480,690,3,1,1820
24/05/2026 10:46:08,1,480,690,3,1,1820
24/05/2026 10:46:24,1,480,690,3,1,1820
24/05/2026 10:46:40,1,470,690,3,1,1820
24/05/2026 10:46:56,1,470,690,3,1,1820
24/05/2026 10:47:12,1,470,690,3,1,1820
24/05/2026 10:47:28,1,470,690,3,1,1820
24/05/2026 10:47:44,1,470,690,3,1,1820
24/05/2026 10:48:00,1,470,690,3,1,1820
24/05/2026 10:48:16,1,460,690,3,1,1820
24/05/2026 10:48:32,1,460,690,3,1,1820
24/05/2026 10:48:48,1,460,690,3,1,1810
24/05/2026 10:49:04,1,460,690,3,1,1810
24/05/2026 10:49:20,1,460,690,3,1,1820
24/05/2026 10:49:36,1,460,690,3,1,1820
24/05/2026 10:49:52,1,460,690,3,1,1800
24/05/2026 10:50:08,1,460,690,3,1,1800
24/05/2026 10:50:24,1,460,690,3,1,1810
24/05/2026 10:50:40,1,460,690,3,1,1810
24/05/2026 10:50:56,1,460,690,3,1,1810
24/05/2026 10:51:12,1,460,690,3,1,1820
24/05/2026 10:51:28,1,460,690,3,1,1820
24/05/2026 10:51:44,1,460,690,3,1,1800
24/05/2026 10:52:00,1,460,690,3,1,1800
24/05/2026 10:52:16,1,460,690,3,1,1800
24/05/2026 10:52:32,1,460,690,3,1,1800
24/05/2026 10:52:48,1,460,690,3,1,1800
24/05/2026 10:53:04,1,460,690,3,1,1800
24/05/2026 10:53:20,1,460,690,3,1,1800
24/05/2026 10:53:36,1,460,690,3,1,1810
24/05/2026 10:53:52,1,460,690,3,1,1810
24/05/2026 10:54:08,1,460,690,3,1,1820
24/05/2026 10:54:24,1,470,690,3,1,1820
24/05/2026 10:54:40,1,470,690,3,1,1830
24/05/2026 10:54:56,1,470,690,3,1,1830
24/05/2026 10:55:12,1,470,690,3,1,1830
24/05/2026 10:55:28,1,470,690,3,1,1830
24/05/2026 10:55:44,1,470,690,3,1,1830
24/05/2026 10:56:00,1,480,690,3,1,1820
24/05/2026 10:56:16,1,480,690,3,1,1820
24/05/2026 10:56:32,1,480,690,3,1,1830
24/05/2026 10:56:48,1,480,690,3,1,1830
24/05/2026 10:57:04,1,480,690,3,1,1820
24/05/2026 10:57:20,1,480,690,3,1,1820
24/05/2026 10:57:36,1,490,690,3,1,1810
24/05/2026 10:57:52,1,490,690,3,1,1810
24/05/2026 10:58:08,1,490,690,3,1,1810
24/05/2026 10:58:24,1,490,690,3,1,1820
24/05/2026 10:58:40,1,490,690,3,1,1820
24/05/2026 10:58:56,1,490,690,3,1,1830
24/05/2026 10:59:12,1,490,690,3,1,1830
24/05/2026 10:59:28,1,490,690,3,1,1830
24/05/2026 10:59:44,1,490,690,3,1,1830
24/05/2026 11:00:00,-999,490,-999,3,1,1830
24/05/2026 11:00:16,-999,490,-999,3,1,1830
24/05/2026 11:00:32,-999,490,-999,3,1,1830
24/05/2026 11:00:48,-999,490,-999,3,1,1830
24/05/2026 11:01:04,-999,490,-999,3,1,1830
24/05/2026 11:01:20,-999,490,-999,3,1,1840
24/05/2026 11:01:36,-999,490,-999,3,1,1840
24/05/2026 11:01:52,-999,490,-999,3,1,1840
24/05/2026 11:02:08,-999,490,-999,3,1,1840
24/05/2026 11:02:24,-999,490,-999,3,1,1830
24/05/2026 11:02:40,-999,490,-999,3,1,1830
24/05/2026 11:02:56,-999,490,-999,3,1,1830
24/05/2026 11:03:12,-999,490,-999,3,1,1840
24/05/2026 11:03:28,-999,490,-999,3,1,1840
24/05/2026 11:03:44,-999,490,-999,3,1,1820
24/05/2026 11:04:00,-999,490,-999,3,1,1820
24/05/2026 11:04:16,-999,490,-999,3,1,1820
24/05/2026 11:04:32,-999,500,-999,3,1,1820
24/05/2026 11:04:48,-999,500,-999,3,2,1270
24/05/2026 11:05:04,-999,500,-999,3,2,1270
24/05/2026 11:05:20,-999,500,-999,3,2,1270
24/05/2026 11:05:36,-999,500,-999,3,1,1820
24/05/2026 11:05:52,-999,500,-999,3,1,1820
24/05/2026 11:06:08,-999,500,-999,3,1,1820
24/05/2026 11:06:24,-999,500,-999,3,1,1820
24/05/2026 11:06:40,-999,500,-999,3,1,1840
24/05/2026 11:06:56,-999,500,-999,3,1,1840
24/05/2026 11:07:12,-999,500,-999,3,1,1810
24/05/2026 11:07:28,-999,500,-999,3,1,1810
24/05/2026 11:07:44,-999,500,-999,3,1,1810
24/05/2026 11:08:00,-999,500,-999,3,1,1840
24/05/2026 11:08:16,-999,500,-999,3,1,1840
24/05/2026 11:08:32,-999,500,-999,3,1,1840
24/05/2026 11:08:48,-999,500,-999,3,1,1840
24/05/2026 11:09:04,-999,500,-999,3,1,1840
24/05/2026 11:09:20,-999,500,-999,3,1,1840
24/05/2026 11:09:36,-999,500,-999,3,1,1840
24/05/2026 11:09:52,-999,500,-999,3,1,1840
24/05/2026 11:10:08,-999,500,-999,3,1,1840
24/05/2026 11:10:24,-999,500,-999,3,1,1830
24/05/2026 11:10:40,-999,500,-999,3,1,1830
24/05/2026 11:10:56,-999,500,-999,3,1,1840
24/05/2026 11:11:12,-999,500,-999,3,1,1840
24/05/2026 11:11:28,-999,500,-999,3,1,1870
24/05/2026 11:11:44,-999,500,-999,3,1,1870
24/05/2026 11:12:00,-999,500,-999,3,1,1850
24/05/2026 11:12:16,-999,500,-999,3,1,1850
24/05/2026 11:12:32,-999,500,-999,3,1,1850
24/05/2026 11:12:48,-999,500,-999,3,1,1840
24/05/2026 11:13:04,-999,500,-999,3,1,1840
24/05/2026 11:13:20,-999,500,-999,3,2,1250
24/05/2026 11:13:36,-999,500,-999,3,2,1250
24/05/2026 11:13:52,-999,500,-999,3,2,1250
24/05/2026 11:14:08,-999,500,-999,3,2,1250
24/05/2026 11:14:24,-999,510,-999,3,1,1840
24/05/2026 11:14:40,-999,510,-999,3,1,1840
24/05/2026 11:14:56,-999,510,-999,3,1,1840
24/05/2026 11:15:12,-999,510,-999,3,1,1830
24/05/2026 11:15:28,-999,510,-999,3,1,1830
24/05/2026 11:15:44,-999,510,-999,3,2,1350
24/05/2026 11:16:00,-999,520,-999,3,2,1350
24/05/2026 11:16:16,-999,520,-999,3,1,1350
24/05/2026 11:16:32,-999,520,-999,3,1,1350
24/05/2026 11:16:48,-999,530,-999,3,1,1340
24/05/2026 11:17:04,-999,530,-999,3,1,1340
24/05/2026 11:17:20,-999,530,-999,3,1,1340
24/05/2026 11:17:36,-999,530,-999,3,2,1310
24/05/2026 11:17:52,-999,530,-999,3,2,1310
24/05/2026 11:18:08,-999,540,-999,3,2,1300
24/05/2026 11:18:24,-999,540,-999,3,2,1300
24/05/2026 11:18:40,-999,540,-999,3,2,1260
24/05/2026 11:18:56,-999,540,-999,3,2,1260
24/05/2026 11:19:12,-999,540,-999,3,1,1280
24/05/2026 11:19:28,-999,540,-999,3,1,1280
24/05/2026 11:19:44,-999,540,-999,3,1,1280
24/05/2026 11:20:00,-999,540,-999,3,2,1260
24/05/2026 11:20:16,-999,540,-999,3,2,1260
24/05/2026 11:20:32,-999,540,-999,3,2,1290
24/05/2026 11:20:48,-999,540,-999,3,2,1290
24/05/2026 11:21:04,-999,540,-999,3,1,1250
24/05/2026 11:21:20,-999,540,-999,3,1,1250
24/05/2026 11:21:36,-999,540,-999,3,1,1260
24/05/2026 11:21:52,-999,550,-999,3,1,1260
24/05/2026 11:22:08,-999,550,-999,3,1,1260
24/05/2026 11:22:24,-999,550,-999,3,1,1260
24/05/2026 11:22:40,-999,550,-999,3,1,1260
24/05/2026 11:22:56,-999,550,-999,3,1,1260
24/05/2026 11:23:12,-999,550,-999,3,1,1260
24/05/2026 11:23:28,-999,550,-999,3,1,1280
24/05/2026 11:23:44,-999,550,-999,3,1,1280
24/05/2026 11:24:00,-999,550,-999,3,1,1270
24/05/2026 11:24:16,-999,550,-999,3,1,1270
24/05/2026 11:24:32,-999,550,-999,3,1,1270
24/05/2026 11:24:48,-999,550,-999,3,1,1270
24/05/2026 11:25:04,-999,550,-999,3,1,1270
24/05/2026 11:25:20,-999,560,-999,3,1,1300
24/05/2026 11:25:36,-999,560,-999,3,1,1300
24/05/2026 11:25:52,-999,560,-999,3,2,1290
24/05/2026 11:26:08,-999,560,-999,3,2,1290
24/05/2026 11:26:24,-999,560,-999,3,1,1700
24/05/2026 11:26:40,-999,560,-999,3,1,1700
24/05/2026 11:26:56,-999,560,-999,3,1,1700
24/05/2026 11:27:12,-999,560,-999,3,1,1780
24/05/2026 11:27:28,-999,560,-999,3,1,1780
24/05/2026 11:27:44,-999,560,-999,3,1,1770
24/05/2026 11:28:00,-999,560,-999,3,1,1770
24/05/2026 11:28:16,-999,560,-999,3,2,1490
24/05/2026 11:28:32,-999,560,-999,3,2,1490
24/05/2026 11:28:48,-999,570,-999,3,1,1490
24/05/2026 11:29:04,-999,570,-999,3,1,1490
24/05/2026 11:29:20,-999,570,-999,3,1,1490
24/05/2026 11:29:36,-999,570,-999,3,1,1470
24/05/2026 11:29:52,-999,570,-999,3,1,1470
24/05/2026 11:30:08,-999,570,-999,3,2,1280
24/05/2026 11:30:24,-999,570,-999,3,2,1280
24/05/2026 11:30:40,-999,570,-999,3,3,1280
24/05/2026 11:30:56,-999,570,-999,3,3,1280
24/05/2026 11:31:12,-999,560,-999,3,1,1480
24/05/2026 11:31:28,-999,560,-999,3,1,1480
24/05/2026 11:31:44,-999,560,-999,3,1,1480
24/05/2026 11:32:00,-999,560,-999,3,2,1490
24/05/2026 11:32:16,-999,560,-999,3,2,1490
24/05/2026 11:32:32,-999,560,-999,3,2,1340
24/05/2026 11:32:48,-999,560,-999,3,2,1340
24/05/2026 11:33:04,-999,1980,-999,3,3,1240
24/05/2026 11:33:20,-999,1980,-999,3,3,1240
24/05/2026 11:33:36,-999,1980,-999,3,1,1730
24/05/2026 11:33:52,-999,1920,-999,3,1,1730
24/05/2026 11:34:08,-999,-999,-999,3,1,1730
24/05/2026 11:34:24,-999,1850,-999,3,1,1710
24/05/2026 11:34:40,-999,1850,-999,3,1,1710
24/05/2026 11:34:56,-999,1850,-999,3,1,1710
24/05/2026 11:35:12,-999,1850,-999,3,1,1710
24/05/2026 11:35:28,-999,1850,-999,3,1,1730
24/05/2026 11:35:44,-999,1850,-999,3,1,1730
24/05/2026 11:36:00,-999,1850,-999,3,1,1700
24/05/2026 11:36:16,-999,1850,-999,3,1,1700
24/05/2026 11:36:32,-999,1850,-999,3,1,1700
24/05/2026 11:36:48,-999,1850,-999,3,1,1680
24/05/2026 11:37:04,-999,1850,-999,3,1,1680
24/05/2026 11:37:20,-999,1850,-999,3,1,1770
24/05/2026 11:37:36,-999,1870,-999,3,1,1770
24/05/2026 11:37:52,-999,1870,-999,3,1,1690
24/05/2026 11:38:08,-999,1870,-999,3,1,1690
24/05/2026 11:38:24,-999,1870,-999,3,1,1680
24/05/2026 11:38:40,-999,1870,-999,3,1,1680
24/05/2026 11:38:56,-999,1850,-999,3,1,1680
24/05/2026 11:39:12,-999,1850,-999,3,1,1680
24/05/2026 11:39:28,-999,1850,-999,3,1,1680
24/05/2026 11:39:44,-999,1850,-999,3,2,1220
24/05/2026 11:40:00,-999,1850,-999,3,2,1220
24/05/2026 11:40:16,-999,1850,-999,3,2,1230
24/05/2026 11:40:32,-999,1850,-999,3,2,1230
24/05/2026 11:40:48,-999,1840,-999,3,2,1040
24/05/2026 11:41:04,-999,1840,-999,3,2,1040
24/05/2026 11:41:20,-999,1840,-999,3,2,1040
24/05/2026 11:41:36,-999,1810,-999,3,1,1660
24/05/2026 11:41:52,-999,1810,-999,3,1,1660
24/05/2026 11:42:08,-999,1810,-999,3,1,1460
24/05/2026 11:42:24,-999,1810,-999,3,1,1460
24/05/2026 11:42:40,-999,1810,-999,3,1,1430
24/05/2026 11:42:56,-999,-999,-999,3,1,1430
24/05/2026 11:43:12,-999,-999,-999,3,2,1420
24/05/2026 11:43:28,-999,-999,-999,3,2,1420
24/05/2026 11:43:44,-999,-999,-999,3,2,1420
24/05/2026 11:44:00,-999,-999,-999,3,1,1670
24/05/2026 11:44:16,-999,1940,-999,3,1,1670
24/05/2026 11:44:32,-999,1940,-999,3,1,1680
24/05/2026 11:44:48,-999,1940,-999,3,1,1680
24/05/2026 11:45:04,-999,1940,-999,3,2,1370
24/05/2026 11:45:20,-999,1940,-999,3,2,1370
24/05/2026 11:45:36,-999,1940,-999,3,1,1360
24/05/2026 11:45:52,-999,1940,-999,3,1,1360
24/05/2026 11:46:08,-999,1940,-999,3,1,1360
24/05/2026 11:46:24,-999,1940,-999,3,1,1460
24/05/2026 11:46:40,-999,1940,-999,3,1,1460
24/05/2026 11:46:56,-999,1080,-999,3,1,1420
24/05/2026 11:47:12,-999,1080,-999,3,1,1420
24/05/2026 11:47:28,-999,-999,-999,3,1,1580
24/05/2026 11:47:44,-999,-999,-999,3,1,1580
24/05/2026 11:48:00,-999,1060,-999,3,1,1620
24/05/2026 11:48:16,-999,1050,-999,3,1,1620
24/05/2026 11:48:32,-999,1050,-999,3,1,1620
24/05/2026 11:48:48,-999,1050,-999,3,1,1590
24/05/2026 11:49:04,-999,1050,-999,3,1,1590
24/05/2026 11:49:20,-999,1050,-999,3,1,1580
24/05/2026 11:49:36,-999,1060,-999,3,1,1580
24/05/2026 11:49:52,-999,1060,-999,3,1,1550
24/05/2026 11:50:08,-999,1070,-999,3,1,1550
24/05/2026 11:50:24,-999,1060,-999,3,2,1340
24/05/2026 11:50:40,-999,1060,-999,3,2,1340
24/05/2026 11:50:56,-999,1050,-999,3,2,1340
24/05/2026 11:51:12,-999,1070,-999,3,3,1070
24/05/2026 11:51:28,-999,1070,-999,3,3,1070
24/05/2026 11:51:44,-999,1080,-999,3,1,1310
24/05/2026 11:52:00,-999,1080,-999,3,1,1310
24/05/2026 11:52:16,-999,-999,-999,3,1,1270
24/05/2026 11:52:32,-999,-999,-999,3,1,1270
24/05/2026 11:52:48,-999,-999,-999,3,1,1200
24/05/2026 11:53:04,-999,-999,-999,3,1,1200
24/05/2026 11:53:20,-999,-999,-999,3,1,1200
24/05/2026 11:53:36,-999,1420,-999,3,1,1090
24/05/2026 11:53:52,-999,1420,-999,3,1,1090
24/05/2026 11:54:08,-999,1420,-999,3,1,1050
24/05/2026 11:54:24,-999,1420,-999,3,1,1050
24/05/2026 11:54:40,-999,1420,-999,3,1,1030
24/05/2026 11:54:56,-999,1420,-999,3,1,1030
24/05/2026 11:55:12,-999,-999,-999,3,1,1030
24/05/2026 11:55:28,-999,-999,-999,3,1,1030
24/05/2026 11:55:44,-999,-999,-999,3,1,1030
24/05/2026 11:56:00,-999,-999,-999,3,1,1000
24/05/2026 11:56:16,-999,1120,-999,3,1,1000
24/05/2026 11:56:32,-999,1120,-999,3,1,1000
24/05/2026 11:56:48,-999,1120,-999,3,1,1000
24/05/2026 11:57:04,-999,1120,-999,3,1,970
24/05/2026 11:57:20,-999,1120,-999,3,1,970
24/05/2026 11:57:36,-999,1120,-999,3,1,950
24/05/2026 11:57:52,-999,1120,-999,3,1,950
24/05/2026 11:58:08,-999,1120,-999,3,1,950
24/05/2026 11:58:24,-999,1100,-999,3,1,950
24/05/2026 11:58:40,-999,1100,-999,3,1,950
24/05/2026 11:58:56,-999,1090,-999,3,1,950
24/05/2026 11:59:12,-999,1090,-999,3,1,950
24/05/2026 11:59:28,-999,1060,-999,3,1,950
24/05/2026 11:59:44,-999,1060,-999,3,1,950
24/05/2026 12:00:00,2,1050,510,3,1,950
24/05/2026 12:00:16,2,1050,510,3,1,950
24/05/2026 12:00:32,2,1040,510,3,1,950
24/05/2026 12:00:48,2,1040,510,3,1,980
24/05/2026 12:01:04,2,1040,510,3,1,980
24/05/2026 12:01:20,2,1040,510,3,1,970
24/05/2026 12:01:36,2,1050,510,3,1,970
24/05/2026 12:01:52,2,1050,510,3,1,970
24/05/2026 12:02:08,2,1060,510,3,1,970
24/05/2026 12:02:24,2,1060,510,3,2,970
24/05/2026 12:02:40,2,1060,510,3,2,970
24/05/2026 12:02:56,2,1050,510,3,2,970
24/05/2026 12:03:12,2,1050,510,3,1,1460
24/05/2026 12:03:28,2,1050,510,3,1,1460
24/05/2026 12:03:44,2,1050,510,3,2,1230
24/05/2026 12:04:00,2,1070,510,3,2,1230
24/05/2026 12:04:16,2,1070,510,3,1,1220
24/05/2026 12:04:32,2,-999,510,3,1,1220
24/05/2026 12:04:48,2,-999,510,3,1,1160
24/05/2026 12:05:04,2,-999,510,3,1,1160
24/05/2026 12:05:20,2,-999,510,3,1,1160
24/05/2026 12:05:36,2,-999,510,3,1,1160
24/05/2026 12:05:52,2,-999,510,3,1,1160
24/05/2026 12:06:08,2,-999,510,3,1,1100
24/05/2026 12:06:24,2,-999,510,3,1,1100
24/05/2026 12:06:40,2,-999,510,3,2,960
24/05/2026 12:06:56,2,-999,510,3,2,960
24/05/2026 12:07:12,2,-999,510,3,1,960
24/05/2026 12:07:28,2,-999,510,3,1,960
24/05/2026 12:07:44,2,1220,510,3,1,960
24/05/2026 12:08:00,2,1290,510,3,1,1120
24/05/2026 12:08:16,2,1290,510,3,1,1120
24/05/2026 12:08:32,2,1290,510,3,1,1170
24/05/2026 12:08:48,2,1290,510,3,1,1170
24/05/2026 12:09:04,2,1240,510,3,1,1050
24/05/2026 12:09:20,2,1240,510,3,1,1050
24/05/2026 12:09:36,2,1220,510,3,1,1030
24/05/2026 12:09:52,2,1220,510,3,1,1030
24/05/2026 12:10:08,2,1190,510,3,1,1030
24/05/2026 12:10:24,2,1190,510,3,1,1030
24/05/2026 12:10:40,2,1190,510,3,1,1030
24/05/2026 12:10:56,2,1190,510,3,2,1110
24/05/2026 12:11:12,2,1190,510,3,2,1110
24/05/2026 12:11:28,2,-999,510,3,1,1360
24/05/2026 12:11:44,2,-999,510,3,1,1360
24/05/2026 12:12:00,2,-999,510,3,1,1350
24/05/2026 12:12:16,2,-999,510,3,1,1350
24/05/2026 12:12:32,2,-999,510,3,1,1350
24/05/2026 12:12:48,2,-999,510,3,2,1230
24/05/2026 12:13:04,2,-999,510,3,2,1230
24/05/2026 12:13:20,2,-999,510,3,2,1210
24/05/2026 12:13:36,2,-999,510,3,2,1210
24/05/2026 12:13:52,2,-999,510,3,1,1400
24/05/2026 12:14:08,2,1520,510,3,1,1400
24/05/2026 12:14:24,2,1520,510,3,1,1440
24/05/2026 12:14:40,2,1530,510,3,1,1440
24/05/2026 12:14:56,2,1530,510,3,1,1440
24/05/2026 12:15:12,2,1530,510,3,2,1330
24/05/2026 12:15:28,2,1530,510,3,2,1330
24/05/2026 12:15:44,2,1530,510,3,2,1160
24/05/2026 12:16:00,2,1570,510,3,2,1160
24/05/2026 12:16:16,2,1570,510,3,1,1010
24/05/2026 12:16:32,2,1570,510,3,1,1010
24/05/2026 12:16:48,2,1570,510,3,2,1020
24/05/2026 12:17:04,2,1570,510,3,2,1020
24/05/2026 12:17:20,2,1580,510,3,2,1020
24/05/2026 12:17:36,2,1580,510,3,1,1090
24/05/2026 12:17:52,2,-999,510,3,1,1090
24/05/2026 12:18:08,2,1230,510,3,2,1110
24/05/2026 12:18:24,2,1230,510,3,2,1110
24/05/2026 12:18:40,2,1230,510,3,1,1340
24/05/2026 12:18:56,2,1230,510,3,1,1340
24/05/2026 12:19:12,2,1230,510,3,1,1350
24/05/2026 12:19:28,2,1230,510,3,1,1350
24/05/2026 12:19:44,2,-999,510,3,1,1350
24/05/2026 12:20:00,2,-999,510,3,1,1340
24/05/2026 12:20:16,2,-999,510,3,1,1340
24/05/2026 12:20:32,2,1450,510,3,1,1310
24/05/2026 12:20:48,2,1440,510,3,1,1310
24/05/2026 12:21:04,2,1440,510,3,2,1300
24/05/2026 12:21:20,2,1440,510,3,2,1300
24/05/2026 12:21:36,2,1440,510,3,2,1330
24/05/2026 12:21:52,2,1440,510,3,2,1330
24/05/2026 12:22:08,2,1440,510,3,2,1330
24/05/2026 12:22:24,2,1440,510,3,2,1280
24/05/2026 12:22:40,2,1440,510,3,2,1280
24/05/2026 12:22:56,2,1440,510,3,3,1100
24/05/2026 12:23:12,2,1440,510,3,3,1100
24/05/2026 12:23:28,2,1440,510,3,1,1010
24/05/2026 12:23:44,2,1430,510,3,1,1010
24/05/2026 12:24:00,2,1430,510,3,1,1010
24/05/2026 12:24:16,2,1430,510,3,1,1010
24/05/2026 12:24:32,2,-999,510,3,1,1010
24/05/2026 12:24:48,2,-999,510,3,2,1010
24/05/2026 12:25:04,2,-999,510,3,2,1010
24/05/2026 12:25:20,2,-999,510,3,2,1060
24/05/2026 12:25:36,2,1120,510,3,2,1060
24/05/2026 12:25:52,2,1120,510,3,1,1390
24/05/2026 12:26:08,2,1120,510,3,1,1390
24/05/2026 12:26:24,2,1100,510,3,1,1380
24/05/2026 12:26:40,2,1100,510,3,1,1380
24/05/2026 12:26:56,2,1100,510,3,1,1380
24/05/2026 12:27:12,2,1090,510,3,2,1010
24/05/2026 12:27:28,2,1090,510,3,2,1010
24/05/2026 12:27:44,2,1080,510,3,2,1030
24/05/2026 12:28:00,2,1080,510,3,2,1030
24/05/2026 12:28:16,2,1080,510,3,2,1070
24/05/2026 12:28:32,2,1080,510,3,2,1070
24/05/2026 12:28:48,2,1080,510,3,2,1070
24/05/2026 12:29:04,2,1080,510,3,2,1070
24/05/2026 12:29:20,2,1080,510,3,2,1070
24/05/2026 12:29:36,2,1080,510,3,1,1290
24/05/2026 12:29:52,2,1080,510,3,1,1290
24/05/2026 12:30:08,2,1080,510,3,1,1270
24/05/2026 12:30:24,2,1380,510,3,1,1270
24/05/2026 12:30:40,2,1380,510,3,1,1330
24/05/2026 12:30:56,2,1390,510,3,1,1330
24/05/2026 12:31:12,2,1390,510,3,1,1330
24/05/2026 12:31:28,2,1390,510,3,1,1330
24/05/2026 12:31:44,2,1390,510,3,1,1330
24/05/2026 12:32:00,2,1390,510,3,1,1310
24/05/2026 12:32:16,2,1390,510,3,1,1310
24/05/2026 12:32:32,2,1390,510,3,1,1280
24/05/2026 12:32:48,2,1390,510,3,1,1280
24/05/2026 12:33:04,2,1390,510,3,1,1270
24/05/2026 12:33:20,2,1390,510,3,1,1270
24/05/2026 12:33:36,2,1390,510,3,1,1240
24/05/2026 12:33:52,2,1020,510,3,1,1240
24/05/2026 12:34:08,2,1020,510,3,1,1240
24/05/2026 12:34:24,2,1020,510,3,1,1250
24/05/2026 12:34:40,2,1020,510,3,1,1250
24/05/2026 12:34:56,2,990,510,3,1,1230
24/05/2026 12:35:12,2,990,510,3,1,1230
24/05/2026 12:35:28,2,990,510,3,1,1200
24/05/2026 12:35:44,2,990,510,3,1,1200
24/05/2026 12:36:00,2,990,510,3,1,1180
24/05/2026 12:36:16,2,990,510,3,1,1180
24/05/2026 12:36:32,2,990,510,3,1,1180
24/05/2026 12:36:48,2,990,510,3,1,1160
24/05/2026 12:37:04,2,950,510,3,1,1160
24/05/2026 12:37:20,2,950,510,3,1,1120
24/05/2026 12:37:36,2,950,510,3,1,1120
24/05/2026 12:37:52,2,920,510,3,1,1140
24/05/2026 12:38:08,2,920,510,3,1,1140
24/05/2026 12:38:24,2,920,510,3,1,1260
24/05/2026 12:38:40,2,920,510,3,1,1260
24/05/2026 12:38:56,2,920,510,3,1,1260
24/05/2026 12:39:12,2,920,510,3,1,1350
24/05/2026 12:39:28,2,920,510,3,1,1350
24/05/2026 12:39:44,2,900,510,3,1,1400
24/05/2026 12:40:00,2,900,510,3,1,1400
24/05/2026 12:40:16,2,-999,510,3,1,1400
24/05/2026 12:40:32,2,-999,510,3,1,1400
24/05/2026 12:40:48,2,-999,510,3,1,1400
24/05/2026 12:41:04,2,-999,510,3,1,1400
24/05/2026 12:41:20,2,-999,510,3,1,1400
24/05/2026 12:41:36,2,-999,510,3,2,1020
24/05/2026 12:41:52,2,-999,510,3,2,1020
24/05/2026 12:42:08,2,-999,510,3,1,950
24/05/2026 12:42:24,2,-999,510,3,1,950
24/05/2026 12:42:40,2,-999,510,3,1,950
24/05/2026 12:42:56,2,-999,510,3,1,950
24/05/2026 12:43:12,2,-999,510,3,1,970
24/05/2026 12:43:28,2,-999,510,3,1,970
24/05/2026 12:43:44,2,-999,510,3,1,970
24/05/2026 12:44:00,2,-999,510,3,1,930
24/05/2026 12:44:16,2,-999,510,3,1,930
24/05/2026 12:44:32,2,-999,510,3,1,920
24/05/2026 12:44:48,2,-999,510,3,1,920
24/05/2026 12:45:04,2,-999,510,3,2,920
24/05/2026 12:45:20,2,-999,510,3,2,920
24/05/2026 12:45:36,2,-999,510,3,1,1400
24/05/2026 12:45:52,2,-999,510,3,1,1400
24/05/2026 12:46:08,2,-999,510,3,1,1400
24/05/2026 12:46:24,2,-999,510,3,2,1110
24/05/2026 12:46:40,2,-999,510,3,2,1110
24/05/2026 12:46:56,2,-999,510,3,2,1020
24/05/2026 12:47:12,2,-999,510,3,2,1020
24/05/2026 12:47:28,2,-999,510,3,2,1040
24/05/2026 12:47:44,2,-999,510,3,2,1040
24/05/2026 12:48:00,2,1470,510,3,1,1380
24/05/2026 12:48:16,2,1470,510,3,1,1380
24/05/2026 12:48:32,2,1470,510,3,1,1380
24/05/2026 12:48:48,2,1470,510,3,1,1390
24/05/2026 12:49:04,2,1470,510,3,1,1390
24/05/2026 12:49:20,2,840,510,3,1,1390
24/05/2026 12:49:36,2,840,510,3,1,1390
24/05/2026 12:49:52,2,840,510,3,1,1400
24/05/2026 12:50:08,2,830,510,3,1,1400
24/05/2026 12:50:24,2,830,510,3,1,1410
24/05/2026 12:50:40,2,830,510,3,1,1410
24/05/2026 12:50:56,2,800,510,3,1,1410
24/05/2026 12:51:12,2,800,510,3,1,1410
24/05/2026 12:51:28,2,800,510,3,1,1410
24/05/2026 12:51:44,2,800,510,3,1,1420
24/05/2026 12:52:00,2,310,510,3,1,1420
24/05/2026 12:52:16,2,310,510,3,1,1400
24/05/2026 12:52:32,2,310,510,3,1,1400
24/05/2026 12:52:48,2,310,510,3,1,1390
24/05/2026 12:53:04,2,310,510,3,1,1390
24/05/2026 12:53:20,2,310,510,3,1,1390
24/05/2026 12:53:36,2,310,510,3,1,1420
24/05/2026 12:53:52,2,310,510,3,1,1420
24/05/2026 12:54:08,2,310,510,3,1,1420
24/05/2026 12:54:24,2,310,510,3,1,1420
24/05/2026 12:54:40,2,310,510,3,1,1420
24/05/2026 12:54:56,2,310,510,3,1,1420
24/05/2026 12:55:12,2,310,510,3,1,1430
24/05/2026 12:55:28,2,310,510,3,1,1430
24/05/2026 12:55:44,2,310,510,3,1,1430
24/05/2026 12:56:00,2,310,510,3,1,1440
24/05/2026 12:56:16,2,310,510,3,1,1440
24/05/2026 12:56:32,2,310,510,3,1,1460
24/05/2026 12:56:48,2,310,510,3,1,1460
24/05/2026 12:57:04,2,310,510,3,1,1470
24/05/2026 12:57:20,2,310,510,3,1,1470
24/05/2026 12:57:36,2,310,510,3,1,1450
24/05/2026 12:57:52,2,310,510,3,1,1450
24/05/2026 12:58:08,2,310,510,3,1,1450
24/05/2026 12:58:24,2,310,510,3,1,1450
24/05/2026 12:58:40,2,310,510,3,1,1450
24/05/2026 12:58:56,2,310,510,3,1,1450
24/05/2026 12:59:12,2,310,510,3,1,1450
24/05/2026 12:59:28,2,310,510,3,1,1420
24/05/2026 12:59:44,2,310,510,3,1,1420
24/05/2026 13:00:00,1,310,310,3,1,1410
24/05/2026 13:00:16,1,310,310,3,1,1410
24/05/2026 13:00:32,1,310,310,3,1,1410
24/05/2026 13:00:48,1,810,310,3,1,1370
24/05/2026 13:01:04,1,790,310,3,1,1370
24/05/2026 13:01:20,1,790,310,3,1,1260
24/05/2026 13:01:36,1,790,310,3,1,1260
24/05/2026 13:01:52,1,780,310,3,1,1210
24/05/2026 13:02:08,1,780,310,3,1,1210
24/05/2026 13:02:24,1,780,310,3,1,1220
24/05/2026 13:02:40,1,770,310,3,1,1220
24/05/2026 13:02:56,1,770,310,3,1,1220
24/05/2026 13:03:12,1,770,310,3,1,1230
24/05/2026 13:03:28,1,770,310,3,1,1230
24/05/2026 13:03:44,1,760,310,3,1,1210
24/05/2026 13:04:00,1,760,310,3,1,1210
24/05/2026 13:04:16,1,760,310,3,1,1220
24/05/2026 13:04:32,1,760,310,3,1,1220
24/05/2026 13:04:48,1,760,310,3,1,1240
24/05/2026 13:05:04,1,760,310,3,1,1240
24/05/2026 13:05:20,1,760,310,3,1,1240
24/05/2026 13:05:36,1,760,310,3,1,1330
24/05/2026 13:05:52,1,1420,310,3,1,1330
24/05/2026 13:06:08,1,1420,310,3,1,1310
24/05/2026 13:06:24,1,1420,310,3,1,1310
24/05/2026 13:06:40,1,1420,310,3,1,1300
24/05/2026 13:06:56,1,1420,310,3,1,1300
24/05/2026 13:07:12,1,1420,310,3,1,1310
24/05/2026 13:07:28,1,1410,310,3,1,1310
24/05/2026 13:07:44,1,1410,310,3,1,1310
24/05/2026 13:08:00,1,1400,310,3,1,1300
24/05/2026 13:08:16,1,1400,310,3,1,1300
24/05/2026 13:08:32,1,1400,310,3,1,1300
24/05/2026 13:08:48,1,1400,310,3,1,1300
24/05/2026 13:09:04,1,1400,310,3,1,1330
24/05/2026 13:09:20,1,1400,310,3,1,1330
24/05/2026 13:09:36,1,1400,310,3,1,1390
24/05/2026 13:09:52,1,1400,310,3,1,1390
24/05/2026 13:10:08,1,1400,310,3,1,1390
24/05/2026 13:10:24,1,1420,310,3,1,1400
24/05/2026 13:10:40,1,1420,310,3,1,1400
24/05/2026 13:10:56,1,1420,310,3,1,1540
24/05/2026 13:11:12,1,-999,310,3,1,1540
24/05/2026 13:11:28,1,-999,310,3,1,1570
24/05/2026 13:11:44,1,-999,310,3,1,1570
24/05/2026 13:12:00,1,-999,310,3,1,1610
24/05/2026 13:12:16,1,-999,310,3,1,1610
24/05/2026 13:12:32,1,-999,310,3,1,1610
24/05/2026 13:12:48,1,-999,310,3,1,1640
24/05/2026 13:13:04,1,-999,310,3,1,1640
24/05/2026 13:13:20,1,970,310,3,1,1660
24/05/2026 13:13:36,1,970,310,3,1,1660
24/05/2026 13:13:52,1,970,310,3,1,1670
24/05/2026 13:14:08,1,960,310,3,1,1670
24/05/2026 13:14:24,1,960,310,3,1,1630
24/05/2026 13:14:40,1,960,310,3,1,1630
24/05/2026 13:14:56,1,960,310,3,1,1630
24/05/2026 13:15:12,1,960,310,3,1,1640
24/05/2026 13:15:28,1,960,310,3,1,1640
24/05/2026 13:15:44,1,960,310,3,1,1630
24/05/2026 13:16:00,1,960,310,3,1,1630
24/05/2026 13:16:16,1,960,310,3,1,1630
24/05/2026 13:16:32,1,960,310,3,1,1630
24/05/2026 13:16:48,1,950,310,3,1,1650
24/05/2026 13:17:04,1,950,310,3,1,1650
24/05/2026 13:17:20,1,1820,310,3,1,1650
24/05/2026 13:17:36,1,780,310,3,1,1650
24/05/2026 13:17:52,1,780,310,3,1,1650
24/05/2026 13:18:08,1,780,310,3,1,1650
24/05/2026 13:18:24,1,780,310,3,1,1650
24/05/2026 13:18:40,1,770,310,3,1,1620
24/05/2026 13:18:56,1,770,310,3,1,1620
24/05/2026 13:19:12,1,780,310,3,1,1630
24/05/2026 13:19:28,1,780,310,3,1,1630
24/05/2026 13:19:44,1,780,310,3,1,1630
24/05/2026 13:20:00,1,780,310,3,1,1640
24/05/2026 13:20:16,1,780,310,3,1,1640
24/05/2026 13:20:32,1,780,310,3,1,1670
24/05/2026 13:20:48,1,780,310,3,1,1670
24/05/2026 13:21:04,1,780,310,3,1,1670
24/05/2026 13:21:20,1,780,310,3,1,1670
24/05/2026 13:21:36,1,780,310,3,1,1680
24/05/2026 13:21:52,1,780,310,3,1,1680
24/05/2026 13:22:08,1,780,310,3,1,1680
24/05/2026 13:22:24,1,780,310,3,1,1690
24/05/2026 13:22:40,1,780,310,3,1,1690
24/05/2026 13:22:56,1,780,310,3,1,1720
24/05/2026 13:23:12,1,780,310,3,1,1720
24/05/2026 13:23:28,1,780,310,3,1,1730
24/05/2026 13:23:44,1,770,310,3,1,1730
24/05/2026 13:24:00,1,770,310,3,2,1150
24/05/2026 13:24:16,1,770,310,3,2,1150
24/05/2026 13:24:32,1,770,310,3,2,1150
24/05/2026 13:24:48,1,770,310,3,2,1140
24/05/2026 13:25:04,1,760,310,3,2,1140
24/05/2026 13:25:20,1,760,310,3,2,1140
24/05/2026 13:25:36,1,760,310,3,2,1140
24/05/2026 13:25:52,1,760,310,3,2,1150
24/05/2026 13:26:08,1,760,310,3,2,1150
24/05/2026 13:26:24,1,760,310,3,1,1790
24/05/2026 13:26:40,1,760,310,3,1,1790
24/05/2026 13:26:56,1,760,310,3,1,1790
24/05/2026 13:27:12,1,760,310,3,1,1800
24/05/2026 13:27:28,1,760,310,3,1,1800
24/05/2026 13:27:44,1,760,310,3,1,1800
24/05/2026 13:28:00,1,760,310,3,1,1800
24/05/2026 13:28:16,1,760,310,3,1,1810
24/05/2026 13:28:32,1,760,310,3,1,1810
24/05/2026 13:28:48,1,760,310,3,1,1820
24/05/2026 13:29:04,1,760,310,3,1,1820
24/05/2026 13:29:20,1,760,310,3,1,1820
24/05/2026 13:29:36,1,760,310,3,1,1810
24/05/2026 13:29:52,1,760,310,3,1,1810
24/05/2026 13:30:08,1,770,310,3,1,1850
24/05/2026 13:30:24,1,770,310,3,1,1850
24/05/2026 13:30:40,1,770,310,3,1,1800
24/05/2026 13:30:56,1,770,310,3,1,1800
24/05/2026 13:31:12,1,770,310,3,1,1780
24/05/2026 13:31:28,1,770,310,3,1,1780
24/05/2026 13:31:44,1,770,310,3,1,1780
24/05/2026 13:32:00,1,770,310,3,1,1780
24/05/2026 13:32:16,1,770,310,3,1,1780
24/05/2026 13:32:32,1,770,310,3,2,1810
24/05/2026 13:32:48,1,770,310,3,2,1810
24/05/2026 13:33:04,1,770,310,3,2,1770
24/05/2026 13:33:20,1,760,310,3,2,1770
24/05/2026 13:33:36,1,760,310,3,1,1840
24/05/2026 13:33:52,1,760,310,3,1,1840
24/05/2026 13:34:08,1,760,310,3,1,1840
24/05/2026 13:34:24,1,760,310,3,1,1840
24/05/2026 13:34:40,1,760,310,3,1,1840
24/05/2026 13:34:56,1,760,310,3,1,1980
24/05/2026 13:35:12,1,760,310,3,1,1980
24/05/2026 13:35:28,1,750,310,3,1,1950
24/05/2026 13:35:44,1,750,310,3,1,1950
24/05/2026 13:36:00,1,750,310,3,1,1980
24/05/2026 13:36:16,1,750,310,3,1,1980
24/05/2026 13:36:32,1,750,310,3,1,1980
24/05/2026 13:36:48,1,750,310,3,1,1950
24/05/2026 13:37:04,1,750,310,3,1,1950
24/05/2026 13:37:20,1,750,310,3,1,1960
24/05/2026 13:37:36,1,750,310,3,1,1960
24/05/2026 13:37:52,1,750,310,3,1,1950
24/05/2026 13:38:08,1,750,310,3,1,1950
24/05/2026 13:38:24,1,750,310,3,1,1920
24/05/2026 13:38:40,1,750,310,3,1,1920
24/05/2026 13:38:56,1,750,310,3,1,1920
24/05/2026 13:39:12,1,760,310,3,1,1920
24/05/2026 13:39:28,1,760,310,3,1,1920
24/05/2026 13:39:44,1,760,310,3,1,1860
24/05/2026 13:40:00,1,760,310,3,1,1860
24/05/2026 13:40:16,1,760,310,3,1,1860
24/05/2026 13:40:32,1,760,310,3,1,1860
24/05/2026 13:40:48,1,1130,310,3,0,-999
24/05/2026 13:41:04,1,1130,310,3,0,-999
24/05/2026 13:41:20,1,1130,310,3,0,-999
24/05/2026 13:41:36,1,1120,310,3,0,-999
24/05/2026 13:41:52,1,1120,310,3,0,-999
24/05/2026 13:42:08,1,1130,310,3,0,-999
24/05/2026 13:42:24,1,1130,310,3,0,-999
24/05/2026 13:42:40,1,1120,310,3,0,-999
24/05/2026 13:42:56,1,1120,310,3,0,-999
24/05/2026 13:43:12,1,1120,310,3,0,-999
24/05/2026 13:43:28,1,1120,310,3,0,-999
24/05/2026 13:43:44,1,1120,310,3,0,-999
24/05/2026 13:44:00,1,1120,310,3,0,-999
24/05/2026 13:44:16,1,1120,310,3,0,-999
24/05/2026 13:44:32,1,1120,310,3,0,-999
24/05/2026 13:44:48,1,1120,310,3,0,-999
24/05/2026 13:45:04,1,1120,310,3,0,-999
24/05/2026 13:45:20,1,1120,310,3,0,-999
24/05/2026 13:45:36,1,1120,310,3,0,-999
24/05/2026 13:45:52,1,1130,310,3,0,-999
24/05/2026 13:46:08,1,1130,310,3,0,-999
24/05/2026 13:46:24,1,1130,310,3,1,9970
24/05/2026 13:46:40,1,1130,310,3,1,9970
24/05/2026 13:46:56,1,1140,310,3,1,9970
24/05/2026 13:47:12,1,1140,310,3,1,9970
24/05/2026 13:47:28,1,1140,310,3,1,9930
24/05/2026 13:47:44,1,1140,310,3,1,9930
24/05/2026 13:48:00,1,1150,310,3,1,9920
24/05/2026 13:48:16,1,1150,310,3,1,9920
24/05/2026 13:48:32,1,1150,310,3,1,9920
24/05/2026 13:48:48,1,1160,310,3,1,9910
24/05/2026 13:49:04,1,1160,310,3,1,9910
24/05/2026 13:49:20,1,1170,310,3,2,9580
24/05/2026 13:49:36,1,1170,310,3,2,9580
24/05/2026 13:49:52,1,1170,310,3,1,9530
24/05/2026 13:50:08,1,1180,310,3,1,9530
24/05/2026 13:50:24,1,1180,310,3,0,-999
24/05/2026 13:50:40,1,1190,310,3,0,-999
24/05/2026 13:50:56,1,1190,310,3,0,-999
24/05/2026 13:51:12,1,1190,310,3,0,-999
24/05/2026 13:51:28,1,1200,310,3,0,-999
24/05/2026 13:51:44,1,1200,310,3,1,9590
24/05/2026 13:52:00,1,1200,310,3,1,9590
24/05/2026 13:52:16,1,1200,310,3,1,9590
24/05/2026 13:52:32,1,1200,310,3,1,9590
24/05/2026 13:52:48,1,1200,310,3,1,9620
24/05/2026 13:53:04,1,1200,310,3,1,9620
24/05/2026 13:53:20,1,1210,310,3,1,9620
24/05/2026 13:53:36,1,1210,310,3,1,9620
24/05/2026 13:53:52,1,1210,310,3,1,9620
24/05/2026 13:54:08,1,1210,310,3,1,9590
24/05/2026 13:54:24,1,1210,310,3,1,9590
24/05/2026 13:54:40,1,1210,310,3,0,-999
24/05/2026 13:54:56,1,1210,310,3,0,-999
24/05/2026 13:55:12,1,1210,310,3,0,-999
24/05/2026 13:55:28,1,1220,310,3,0,-999
24/05/2026 13:55:44,1,1220,310,3,0,-999
24/05/2026 13:56:00,1,1220,310,3,0,-999
24/05/2026 13:56:16,1,1220,310,3,0,-999
24/05/2026 13:56:32,1,1230,310,3,0,-999
24/05/2026 13:56:48,1,1230,310,3,0,-999
24/05/2026 13:57:04,1,1230,310,3,0,-999
24/05/2026 13:57:20,1,1230,310,3,0,-999
24/05/2026 13:57:36,1,1230,310,3,0,-999
24/05/2026 13:57:52,1,1230,310,3,0,-999
24/05/2026 13:58:08,1,1230,310,3,0,-999
24/05/2026 13:58:24,1,1240,310,3,1,9300
24/05/2026 13:58:40,1,1240,310,3,1,9300
24/05/2026 13:58:56,1,1240,310,3,1,9300
24/05/2026 13:59:12,1,1240,310,3,1,9300
24/05/2026 13:59:28,1,1240,310,3,1,9350
24/05/2026 13:59:44,1,1240,310,3,1,9350
24/05/2026 14:00:00,1,1240,770,3,1,9310
24/05/2026 14:00:16,1,1250,770,3,1,9310
24/05/2026 14:00:32,1,1250,770,3,1,9310
24/05/2026 14:00:48,1,1250,770,3,1,9310
24/05/2026 14:01:04,1,1250,770,3,1,9310
24/05/2026 14:01:20,1,1250,770,3,1,9290
24/05/2026 14:01:36,1,1250,770,3,1,9290
24/05/2026 14:01:52,1,1260,770,3,1,9280
24/05/2026 14:02:08,1,1260,770,3,1,9280
24/05/2026 14:02:24,1,1260,770,3,0,-999
24/05/2026 14:02:40,1,1260,770,3,0,-999
24/05/2026 14:02:56,1,1260,770,3,0,-999
24/05/2026 14:03:12,1,1260,770,3,0,-999
24/05/2026 14:03:28,1,1260,770,3,0,-999
24/05/2026 14:03:44,1,1260,770,3,0,-999
24/05/2026 14:04:00,1,1260,770,3,0,-999
24/05/2026 14:04:16,1,1260,770,3,0,-999
24/05/2026 14:04:32,1,1260,770,3,0,-999
24/05/2026 14:04:48,1,1260,770,3,0,-999
24/05/2026 14:05:04,1,1260,770,3,0,-999
24/05/2026 14:05:20,1,1260,770,3,0,-999
24/05/2026 14:05:36,1,1220,770,3,1,1900
24/05/2026 14:05:52,1,1220,770,3,1,1900
24/05/2026 14:06:08,1,1220,770,3,1,1910
24/05/2026 14:06:24,1,1220,770,3,1,1910
24/05/2026 14:06:40,1,1220,770,3,1,1900
24/05/2026 14:06:56,1,1220,770,3,1,1900
24/05/2026 14:07:12,1,1220,770,3,1,1900
24/05/2026 14:07:28,1,1220,770,3,1,1900
24/05/2026 14:07:44,1,1210,770,3,1,1900
24/05/2026 14:08:00,1,1210,770,3,1,1900
24/05/2026 14:08:16,1,1210,770,3,1,1900
24/05/2026 14:08:32,1,1210,770,3,1,1910
24/05/2026 14:08:48,1,1210,770,3,1,1910
24/05/2026 14:09:04,1,1210,770,3,1,1910
24/05/2026 14:09:20,1,1210,770,3,1,1910
24/05/2026 14:09:36,1,1210,770,3,1,1870
24/05/2026 14:09:52,1,1210,770,3,1,1870
24/05/2026 14:10:08,1,1210,770,3,1,1870
24/05/2026 14:10:24,1,1210,770,3,1,1840
24/05/2026 14:10:40,1,1210,770,3,1,1840
24/05/2026 14:10:56,1,1210,770,3,1,1870
24/05/2026 14:11:12,1,1210,770,3,1,1870
24/05/2026 14:11:28,1,1210,770,3,1,1880
24/05/2026 14:11:44,1,1210,770,3,1,1880
24/05/2026 14:12:00,1,1210,770,3,1,1890
24/05/2026 14:12:16,1,1210,770,3,1,1890
24/05/2026 14:12:32,1,1210,770,3,1,1890
24/05/2026 14:12:48,1,1200,770,3,1,1890
24/05/2026 14:13:04,1,1200,770,3,1,1890
24/05/2026 14:13:20,1,1200,770,3,1,1890
24/05/2026 14:13:36,1,1200,770,3,1,1890
24/05/2026 14:13:52,1,1200,770,3,1,1890
24/05/2026 14:14:08,1,1200,770,3,1,1890
24/05/2026 14:14:24,1,1200,770,3,1,1870
24/05/2026 14:14:40,1,1200,770,3,1,1870
24/05/2026 14:14:56,1,1200,770,3,1,1870
24/05/2026 14:15:12,1,1200,770,3,1,1870
24/05/2026 14:15:28,1,1190,770,3,1,1870
24/05/2026 14:15:44,1,1190,770,3,1,1860
24/05/2026 14:16:00,1,1190,770,3,1,1860
24/05/2026 14:16:16,1,1190,770,3,1,1860
24/05/2026 14:16:32,1,1190,770,3,1,1860
24/05/2026 14:16:48,1,1180,770,3,1,1830
24/05/2026 14:17:04,1,1180,770,3,1,1830
24/05/2026 14:17:20,1,1180,770,3,1,1830
24/05/2026 14:17:36,1,1170,770,3,1,1800
24/05/2026 14:17:52,1,1170,770,3,1,1800
24/05/2026 14:18:08,1,1160,770,3,1,1740
24/05/2026 14:18:24,1,1160,770,3,1,1740
24/05/2026 14:18:40,1,1120,770,3,1,1620
24/05/2026 14:18:56,1,1120,770,3,1,1620
24/05/2026 14:19:12,1,1120,770,3,1,1630
24/05/2026 14:19:28,1,1070,770,3,1,1630
24/05/2026 14:19:44,1,1070,770,3,1,1630
24/05/2026 14:20:00,1,1070,770,3,1,1650
24/05/2026 14:20:16,1,1070,770,3,1,1650
24/05/2026 14:20:32,1,1070,770,3,1,1680
24/05/2026 14:20:48,1,1070,770,3,1,1680
24/05/2026 14:21:04,1,1070,770,3,1,1670
24/05/2026 14:21:20,1,1070,770,3,1,1670
24/05/2026 14:21:36,1,1070,770,3,1,1670
24/05/2026 14:21:52,1,1100,770,3,1,1670
24/05/2026 14:22:08,1,1100,770,3,1,1670
24/05/2026 14:22:24,1,1100,770,3,1,1680
24/05/2026 14:22:40,1,1100,770,3,1,1680
24/05/2026 14:22:56,1,1100,770,3,1,1710
24/05/2026 14:23:12,1,1100,770,3,1,1710
24/05/2026 14:23:28,1,1100,770,3,1,1740
24/05/2026 14:23:44,1,1100,770,3,1,1740
24/05/2026 14:24:00,1,1100,770,3,1,1780
24/05/2026 14:24:16,1,1100,770,3,1,1780
24/05/2026 14:24:32,1,1100,770,3,1,1780
24/05/2026 14:24:48,1,1100,770,3,1,1770
24/05/2026 14:25:04,1,1090,770,3,1,1770
24/05/2026 14:25:20,1,1090,770,3,1,1800
24/05/2026 14:25:36,1,1090,770,3,1,1800
24/05/2026 14:25:52,1,1090,770,3,1,1800
24/05/2026 14:26:08,1,1080,770,3,1,1800
24/05/2026 14:26:24,1,1080,770,3,1,1790
24/05/2026 14:26:40,1,1080,770,3,1,1790
24/05/2026 14:26:56,1,1080,770,3,1,1790
24/05/2026 14:27:12,1,1080,770,3,1,1790
24/05/2026 14:27:28,1,1050,770,3,1,1790
24/05/2026 14:27:44,1,1050,770,3,1,1810
24/05/2026 14:28:00,1,1050,770,3,1,1810
24/05/2026 14:28:16,1,1050,770,3,1,1790
24/05/2026 14:28:32,1,1050,770,3,1,1790
24/05/2026 14:28:48,1,1050,770,3,1,1820
24/05/2026 14:29:04,1,1050,770,3,1,1820
24/05/2026 14:29:20,1,1050,770,3,1,1820
24/05/2026 14:29:36,1,1040,770,3,1,1840
24/05/2026 14:29:52,1,1040,770,3,1,1840
24/05/2026 14:30:08,1,1040,770,3,1,1850
24/05/2026 14:30:24,1,1040,770,3,1,1850
24/05/2026 14:30:40,1,1040,770,3,1,1860
24/05/2026 14:30:56,1,1040,770,3,1,1860
24/05/2026 14:31:12,1,1040,770,3,1,1850
24/05/2026 14:31:28,1,1030,770,3,1,1850
24/05/2026 14:31:44,1,1030,770,3,1,1850
24/05/2026 14:32:00,1,1030,770,3,1,1870
24/05/2026 14:32:16,1,1030,770,3,1,1870
24/05/2026 14:32:32,1,1030,770,3,1,1870
24/05/2026 14:32:48,1,1030,770,3,1,1870
24/05/2026 14:33:04,1,1030,770,3,1,1850
24/05/2026 14:33:20,1,1030,770,3,1,1850
24/05/2026 14:33:36,1,1030,770,3,1,1870
24/05/2026 14:33:52,1,1040,770,3,1,1870
24/05/2026 14:34:08,1,1050,770,3,1,1870
24/05/2026 14:34:24,1,1050,770,3,1,1870
24/05/2026 14:34:40,1,1050,770,3,1,1870
24/05/2026 14:34:56,1,1060,770,3,1,1860
24/05/2026 14:35:12,1,1070,770,3,1,1860
24/05/2026 14:35:28,1,1070,770,3,1,1880
24/05/2026 14:35:44,1,1080,770,3,1,1880
24/05/2026 14:36:00,1,1080,770,3,1,1860
24/05/2026 14:36:16,1,1080,770,3,1,1860
24/05/2026 14:36:32,1,1080,770,3,1,1860
24/05/2026 14:36:48,1,1080,770,3,1,1860
24/05/2026 14:37:04,1,1080,770,3,1,1860
24/05/2026 14:37:20,1,1080,770,3,1,1840
24/05/2026 14:37:36,1,1080,770,3,1,1840
24/05/2026 14:37:52,1,1080,770,3,1,1850
24/05/2026 14:38:08,1,1090,770,3,1,1850
24/05/2026 14:38:24,1,1090,770,3,1,1830
24/05/2026 14:38:40,1,1090,770,3,1,1830
24/05/2026 14:38:56,1,1090,770,3,1,1830
24/05/2026 14:39:12,1,1090,770,3,1,1830
24/05/2026 14:39:28,1,1090,770,3,1,1830
24/05/2026 14:39:44,1,1090,770,3,1,1880
24/05/2026 14:40:00,1,1090,770,3,1,1880
24/05/2026 14:40:16,1,1090,770,3,1,1840
24/05/2026 14:40:32,1,1090,770,3,1,1840
24/05/2026 14:40:48,1,1080,770,3,1,1820
24/05/2026 14:41:04,1,1080,770,3,1,1820
24/05/2026 14:41:20,1,1080,770,3,1,1820
24/05/2026 14:41:36,1,1080,770,3,1,1810
24/05/2026 14:41:52,1,1080,770,3,1,1810
24/05/2026 14:42:08,1,1080,770,3,1,1820
24/05/2026 14:42:24,1,1080,770,3,1,1820
24/05/2026 14:42:40,1,1080,770,3,1,1770
24/05/2026 14:42:56,1,1080,770,3,1,1770
24/05/2026 14:43:12,1,1080,770,3,1,1780
24/05/2026 14:43:28,1,1080,770,3,1,1780
24/05/2026 14:43:44,1,1080,770,3,1,1780
24/05/2026 14:44:00,1,1060,770,3,1,1730
24/05/2026 14:44:16,1,1060,770,3,1,1730
24/05/2026 14:44:32,1,1060,770,3,1,1770
24/05/2026 14:44:48,1,1060,770,3,1,1770
24/05/2026 14:45:04,1,1060,770,3,1,1710
24/05/2026 14:45:20,1,1060,770,3,1,1710
24/05/2026 14:45:36,1,1060,770,3,1,1710
24/05/2026 14:45:52,1,1060,770,3,1,1710
24/05/2026 14:46:08,1,1060,770,3,1,1710
24/05/2026 14:46:24,1,1060,770,3,1,1700
24/05/2026 14:46:40,1,1060,770,3,1,1700
24/05/2026 14:46:56,1,1070,770,3,2,1720
24/05/2026 14:47:12,1,1070,770,3,2,1720
24/05/2026 14:47:28,1,1070,770,3,1,1960
24/05/2026 14:47:44,1,1070,770,3,1,1960
24/05/2026 14:48:00,1,1070,770,3,2,1660
24/05/2026 14:48:16,1,1070,770,3,2,1660
24/05/2026 14:48:32,1,1050,770,3,2,1660
24/05/2026 14:48:48,1,1050,770,3,1,1640
24/05/2026 14:49:04,1,1050,770,3,1,1640
24/05/2026 14:49:20,1,1050,770,3,2,1640
24/05/2026 14:49:36,1,1050,770,3,2,1640
24/05/2026 14:49:52,1,1050,770,3,2,1640
24/05/2026 14:50:08,1,1050,770,3,2,1640
24/05/2026 14:50:24,1,1050,770,3,1,1650
24/05/2026 14:50:40,1,1050,770,3,1,1650
24/05/2026 14:50:56,1,1050,770,3,1,1650
24/05/2026 14:51:12,1,1040,770,3,1,1640
24/05/2026 14:51:28,1,1040,770,3,1,1640
24/05/2026 14:51:44,1,1040,770,3,1,1630
24/05/2026 14:52:00,1,1040,770,3,1,1630
24/05/2026 14:52:16,1,1040,770,3,2,1740
24/05/2026 14:52:32,1,1040,770,3,2,1740
24/05/2026 14:52:48,1,1040,770,3,1,1740
24/05/2026 14:53:04,1,1040,770,3,1,1740
24/05/2026 14:53:20,1,1040,770,3,1,1740
24/05/2026 14:53:36,1,1040,770,3,1,1640
24/05/2026 14:53:52,1,1040,770,3,1,1640
24/05/2026 14:54:08,1,1040,770,3,1,1620
24/05/2026 14:54:24,1,1040,770,3,1,1620
24/05/2026 14:54:40,1,1040,770,3,1,1730
24/05/2026 14:54:56,1,1040,770,3,1,1730
24/05/2026 14:55:12,1,1040,770,3,1,1710
24/05/2026 14:55:28,1,1040,770,3,1,1710
24/05/2026 14:55:44,1,1040,770,3,1,1710
24/05/2026 14:56:00,1,1040,770,3,1,1770
24/05/2026 14:56:16,1,1040,770,3,1,1770
24/05/2026 14:56:32,1,1040,770,3,1,1770
24/05/2026 14:56:48,1,1040,770,3,1,1770
24/05/2026 14:57:04,1,1040,770,3,1,1780
24/05/2026 14:57:20,1,1040,770,3,1,1780
24/05/2026 14:57:36,1,1040,770,3,1,1760
24/05/2026 14:57:52,1,1040,770,3,1,1760
24/05/2026 14:58:08,1,1050,770,3,1,1760
24/05/2026 14:58:24,1,1050,770,3,1,1760
24/05/2026 14:58:40,1,1050,770,3,1,1760
24/05/2026 14:58:56,1,1050,770,3,1,1740
24/05/2026 14:59:12,1,1060,770,3,1,1740
24/05/2026 14:59:28,1,1060,770,3,1,1690
24/05/2026 14:59:44,1,1060,770,3,1,1690
24/05/2026 15:00:00,2,1060,1080,3,1,1670
24/05/2026 15:00:16,2,1060,1080,3,1,1670
24/05/2026 15:00:32,2,1060,1080,3,1,1670
24/05/2026 15:00:48,2,1060,1080,3,1,1640
24/05/2026 15:01:04,2,1060,1080,3,1,1640
24/05/2026 15:01:20,2,1060,1080,3,1,1650
24/05/2026 15:01:36,2,1060,1080,3,1,1650
24/05/2026 15:01:52,2,1060,1080,3,1,1720
24/05/2026 15:02:08,2,1060,1080,3,1,1720
24/05/2026 15:02:24,2,1060,1080,3,1,1710
24/05/2026 15:02:40,2,1060,1080,3,1,1710
24/05/2026 15:02:56,2,1060,1080,3,1,1710
24/05/2026 15:03:12,2,1060,1080,3,1,1730
24/05/2026 15:03:28,2,1050,1080,3,1,1730
24/05/2026 15:03:44,2,1050,1080,3,1,1760
24/05/2026 15:04:00,2,1050,1080,3,1,1760
24/05/2026 15:04:16,2,1050,1080,3,1,1710
24/05/2026 15:04:32,2,1050,1080,3,1,1710
24/05/2026 15:04:48,2,1050,1080,3,1,1690
24/05/2026 15:05:04,2,1040,1080,3,1,1690
24/05/2026 15:05:20,2,1040,1080,3,1,1690
24/05/2026 15:05:36,2,1040,1080,3,1,1630
24/05/2026 15:05:52,2,1040,1080,3,1,1630
24/05/2026 15:06:08,2,1040,1080,3,2,1530
24/05/2026 15:06:24,2,1040,1080,3,2,1530
24/05/2026 15:06:40,2,1040,1080,3,1,1530
24/05/2026 15:06:56,2,1040,1080,3,1,1530
24/05/2026 15:07:12,2,1040,1080,3,1,1520
24/05/2026 15:07:28,2,1030,1080,3,1,1520
24/05/2026 15:07:44,2,1030,1080,3,1,1520
24/05/2026 15:08:00,2,1030,1080,3,1,1500
24/05/2026 15:08:16,2,1030,1080,3,1,1500
24/05/2026 15:08:32,2,1030,1080,3,1,1990
24/05/2026 15:08:48,2,1030,1080,3,1,1990
24/05/2026 15:09:04,2,1030,1080,3,1,1970
24/05/2026 15:09:20,2,1030,1080,3,1,1970
24/05/2026 15:09:36,2,1020,1080,3,1,1990
24/05/2026 15:09:52,2,1020,1080,3,1,1990
24/05/2026 15:10:08,2,1020,1080,3,1,1990
24/05/2026 15:10:24,2,1020,1080,3,1,1850
24/05/2026 15:10:40,2,1010,1080,3,1,1850
24/05/2026 15:10:56,2,1010,1080,3,1,1820
24/05/2026 15:11:12,2,1000,1080,3,1,1820
24/05/2026 15:11:28,2,1000,1080,3,2,1790
24/05/2026 15:11:44,2,1000,1080,3,2,1790
24/05/2026 15:12:00,2,1000,1080,3,2,1790
24/05/2026 15:12:16,2,1000,1080,3,2,1790
24/05/2026 15:12:32,2,990,1080,3,2,1790
24/05/2026 15:12:48,2,990,1080,3,2,1780
24/05/2026 15:13:04,2,990,1080,3,2,1780
24/05/2026 15:13:20,2,990,1080,3,1,1970
24/05/2026 15:13:36,2,980,1080,3,1,1970
24/05/2026 15:13:52,2,980,1080,3,1,1860
24/05/2026 15:14:08,2,980,1080,3,1,1860
24/05/2026 15:14:24,2,980,1080,3,1,1850
24/05/2026 15:14:40,2,980,1080,3,1,1850
24/05/2026 15:14:56,2,970,1080,3,1,1850
24/05/2026 15:15:12,2,970,1080,3,1,1810
24/05/2026 15:15:28,2,970,1080,3,1,1810
24/05/2026 15:15:44,2,970,1080,3,1,1800
24/05/2026 15:16:00,2,960,1080,3,1,1800
24/05/2026 15:16:16,2,960,1080,3,1,1820
24/05/2026 15:16:32,2,960,1080,3,1,1820
24/05/2026 15:16:48,2,960,1080,3,1,1860
24/05/2026 15:17:04,2,960,1080,3,1,1860
24/05/2026 15:17:20,2,950,1080,3,1,1860
24/05/2026 15:17:36,2,950,1080,3,1,1860
24/05/2026 15:17:52,2,950,1080,3,1,1860
24/05/2026 15:18:08,2,950,1080,3,1,1820
24/05/2026 15:18:24,2,950,1080,3,1,1820
24/05/2026 15:18:40,2,950,1080,3,1,1810
24/05/2026 15:18:56,2,950,1080,3,1,1810
24/05/2026 15:19:12,2,950,1080,3,1,1820
24/05/2026 15:19:28,2,950,1080,3,1,1820
24/05/2026 15:19:44,2,950,1080,3,1,1820
24/05/2026 15:20:00,2,940,1080,3,1,1830
24/05/2026 15:20:16,2,940,1080,3,1,1830
24/05/2026 15:20:32,2,940,1080,3,2,1500
24/05/2026 15:20:48,2,930,1080,3,2,1500
24/05/2026 15:21:04,2,930,1080,3,2,1490
24/05/2026 15:21:20,2,930,1080,3,2,1490
24/05/2026 15:21:36,2,930,1080,3,2,1500
24/05/2026 15:21:52,2,930,1080,3,2,1500
24/05/2026 15:22:08,2,930,1080,3,2,1500
24/05/2026 15:22:24,2,930,1080,3,1,1850
24/05/2026 15:22:40,2,930,1080,3,1,1850
24/05/2026 15:22:56,2,930,1080,3,2,1500
24/05/2026 15:23:12,2,930,1080,3,2,1500
24/05/2026 15:23:28,2,930,1080,3,1,1780
24/05/2026 15:23:44,2,930,1080,3,1,1780
24/05/2026 15:24:00,2,930,1080,3,1,1810
24/05/2026 15:24:16,2,930,1080,3,1,1810
24/05/2026 15:24:32,2,930,1080,3,1,1810
24/05/2026 15:24:48,2,930,1080,3,1,1750
24/05/2026 15:25:04,2,930,1080,3,1,1750
24/05/2026 15:25:20,2,930,1080,3,1,1780
24/05/2026 15:25:36,2,930,1080,3,1,1780
24/05/2026 15:25:52,2,930,1080,3,1,1760
24/05/2026 15:26:08,2,930,1080,3,1,1760
24/05/2026 15:26:24,2,930,1080,3,1,1770
24/05/2026 15:26:40,2,930,1080,3,1,1770
24/05/2026 15:26:56,2,930,1080,3,1,1770
24/05/2026 15:27:12,2,940,1080,3,1,1620
24/05/2026 15:27:28,2,940,1080,3,1,1620
24/05/2026 15:27:44,2,940,1080,3,1,1660
24/05/2026 15:28:00,2,940,1080,3,1,1660
24/05/2026 15:28:16,2,940,1080,3,1,1810
24/05/2026 15:28:32,2,940,1080,3,1,1810
24/05/2026 15:28:48,2,940,1080,3,1,1830
24/05/2026 15:29:04,2,950,1080,3,1,1830
24/05/2026 15:29:20,2,950,1080,3,1,1830
24/05/2026 15:29:36,2,950,1080,3,1,1820
24/05/2026 15:29:52,2,950,1080,3,1,1820
24/05/2026 15:30:08,2,950,1080,3,1,1850
24/05/2026 15:30:24,2,950,1080,3,1,1850
24/05/2026 15:30:40,2,950,1080,3,1,1880
24/05/2026 15:30:56,2,950,1080,3,1,1880
24/05/2026 15:31:12,2,950,1080,3,1,1880
24/05/2026 15:31:28,2,950,1080,3,1,1880
24/05/2026 15:31:44,2,950,1080,3,1,1880
24/05/2026 15:32:00,2,950,1080,3,1,1870
24/05/2026 15:32:16,2,950,1080,3,1,1870
24/05/2026 15:32:32,2,950,1080,3,1,1850
24/05/2026 15:32:48,2,950,1080,3,1,1850
24/05/2026 15:33:04,2,950,1080,3,1,1860
24/05/2026 15:33:20,2,950,1080,3,1,1860
24/05/2026 15:33:36,2,950,1080,3,1,1880
24/05/2026 15:33:52,2,950,1080,3,1,1880
24/05/2026 15:34:08,2,950,1080,3,1,1880
24/05/2026 15:34:24,2,960,1080,3,1,1920
24/05/2026 15:34:40,2,960,1080,3,1,1920
24/05/2026 15:34:56,2,960,1080,3,1,1890
24/05/2026 15:35:12,2,960,1080,3,1,1890
24/05/2026 15:35:28,2,960,1080,3,1,1880
24/05/2026 15:35:44,2,960,1080,3,1,1880
24/05/2026 15:36:00,2,960,1080,3,1,1860
24/05/2026 15:36:16,2,960,1080,3,1,1860
24/05/2026 15:36:32,2,960,1080,3,1,1860
24/05/2026 15:36:48,2,960,1080,3,1,1900
24/05/2026 15:37:04,2,960,1080,3,1,1900
24/05/2026 15:37:20,2,960,1080,3,1,1910
24/05/2026 15:37:36,2,960,1080,3,1,1910
24/05/2026 15:37:52,2,2070,1080,3,0,-999
24/05/2026 15:38:08,2,2050,1080,3,0,-999
24/05/2026 15:38:24,2,960,1080,3,2,1850
24/05/2026 15:38:40,2,960,1080,3,2,1850
24/05/2026 15:38:56,2,960,1080,3,2,1850
24/05/2026 15:39:12,2,970,1080,3,1,1850
24/05/2026 15:39:28,2,970,1080,3,1,1850
24/05/2026 15:39:44,2,1480,1080,3,1,6410
24/05/2026 15:40:00,2,1470,1080,3,1,6410
24/05/2026 15:40:16,2,1260,1080,3,2,6210
24/05/2026 15:40:32,2,1260,1080,3,2,6210
24/05/2026 15:40:48,2,970,1080,3,2,1870
24/05/2026 15:41:04,2,970,1080,3,2,1870
24/05/2026 15:41:20,2,970,1080,3,2,1870
24/05/2026 15:41:36,2,1360,1080,3,2,6210
24/05/2026 15:41:52,2,1350,1080,3,2,6210
24/05/2026 15:42:08,2,1410,1080,3,1,6360
24/05/2026 15:42:24,2,1410,1080,3,1,6360
24/05/2026 15:42:40,2,1430,1080,3,2,6290
24/05/2026 15:42:56,2,1430,1080,3,2,6290
24/05/2026 15:43:12,2,1460,1080,3,2,6360
24/05/2026 15:43:28,2,1470,1080,3,2,6360
24/05/2026 15:43:44,2,1470,1080,3,2,6360
24/05/2026 15:44:00,2,1330,1080,3,2,6300
24/05/2026 15:44:16,2,1330,1080,3,2,6300
24/05/2026 15:44:32,2,1350,1080,3,2,6300
24/05/2026 15:44:48,2,1360,1080,3,2,6300
24/05/2026 15:45:04,2,1350,1080,3,3,6070
24/05/2026 15:45:20,2,1350,1080,3,3,6070
24/05/2026 15:45:36,2,1340,1080,3,2,6090
24/05/2026 15:45:52,2,1340,1080,3,2,6090
24/05/2026 15:46:08,2,1340,1080,3,2,6090
24/05/2026 15:46:24,2,1340,1080,3,2,6030
24/05/2026 15:46:40,2,1330,1080,3,2,6030
24/05/2026 15:46:56,2,1320,1080,3,3,6100
24/05/2026 15:47:12,2,1320,1080,3,3,6100
24/05/2026 15:47:28,2,1310,1080,3,3,5840
24/05/2026 15:47:44,2,1300,1080,3,3,5840
24/05/2026 15:48:00,2,1310,1080,3,1,6580
24/05/2026 15:48:16,2,1310,1080,3,1,6580
24/05/2026 15:48:32,2,1310,1080,3,1,6580
24/05/2026 15:48:48,2,1310,1080,3,2,6450
24/05/2026 15:49:04,2,1310,1080,3,2,6450
24/05/2026 15:49:20,2,1310,1080,3,3,6390
24/05/2026 15:49:36,2,1310,1080,3,3,6390
24/05/2026 15:49:52,2,1300,1080,3,2,6470
24/05/2026 15:50:08,2,1300,1080,3,2,6470
24/05/2026 15:50:24,2,1310,1080,3,1,6420
24/05/2026 15:50:40,2,1310,1080,3,1,6420
24/05/2026 15:50:56,2,1310,1080,3,1,6420
24/05/2026 15:51:12,2,1320,1080,3,3,5950
24/05/2026 15:51:28,2,1330,1080,3,3,5950
24/05/2026 15:51:44,2,1330,1080,3,2,6120
24/05/2026 15:52:00,2,1330,1080,3,2,6120
24/05/2026 15:52:16,2,1330,1080,3,2,6140
24/05/2026 15:52:32,2,1330,1080,3,2,6140
24/05/2026 15:52:48,2,1320,1080,3,2,6150
24/05/2026 15:53:04,2,1330,1080,3,2,6150
24/05/2026 15:53:20,2,1330,1080,3,2,6150
24/05/2026 15:53:36,2,1330,1080,3,2,6150
24/05/2026 15:53:52,2,1330,1080,3,2,6150
24/05/2026 15:54:08,2,1330,1080,3,2,6150
24/05/2026 15:54:24,2,1330,1080,3,2,6150
24/05/2026 15:54:40,2,1330,1080,3,2,6120
24/05/2026 15:54:56,2,1320,1080,3,2,6120
24/05/2026 15:55:12,2,1320,1080,3,2,6400
24/05/2026 15:55:28,2,1320,1080,3,2,6400
24/05/2026 15:55:44,2,1320,1080,3,2,6400
24/05/2026 15:56:00,2,1320,1080,3,2,6410
24/05/2026 15:56:16,2,1310,1080,3,2,6410
24/05/2026 15:56:32,2,1310,1080,3,2,6370
24/05/2026 15:56:48,2,1310,1080,3,2,6370
24/05/2026 15:57:04,2,1310,1080,3,2,6370
24/05/2026 15:57:20,2,1310,1080,3,2,6370
24/05/2026 15:57:36,2,1310,1080,3,2,6390
24/05/2026 15:57:52,2,1310,1080,3,2,6390
24/05/2026 15:58:08,2,1310,1080,3,2,6390
24/05/2026 15:58:24,2,1310,1080,3,2,6450
24/05/2026 15:58:40,2,1310,1080,3,2,6450
24/05/2026 15:58:56,2,1300,1080,3,2,6340
24/05/2026 15:59:12,2,1300,1080,3,2,6340
24/05/2026 15:59:28,2,1300,1080,3,3,6340
24/05/2026 15:59:44,2,1300,1080,3,3,6340
24/05/2026 16:00:00,1,1300,960,3,2,6250
24/05/2026 16:00:16,1,1300,960,3,2,6250
24/05/2026 16:00:32,1,1300,960,3,2,6250
24/05/2026 16:00:48,1,1300,960,3,2,6270
24/05/2026 16:01:04,1,1300,960,3,2,6270
24/05/2026 16:01:20,1,1300,960,3,2,6190
24/05/2026 16:01:36,1,1300,960,3,2,6190
24/05/2026 16:01:52,1,1300,960,3,3,6220
24/05/2026 16:02:08,1,1300,960,3,3,6220
24/05/2026 16:02:24,1,1300,960,3,3,6260
24/05/2026 16:02:40,1,1300,960,3,3,6260
24/05/2026 16:02:56,1,1300,960,3,3,6260
24/05/2026 16:03:12,1,1300,960,3,2,6150
24/05/2026 16:03:28,1,1300,960,3,2,6150
24/05/2026 16:03:44,1,1300,960,3,3,6160
24/05/2026 16:04:00,1,1300,960,3,3,6160
24/05/2026 16:04:16,1,1300,960,3,2,6230
24/05/2026 16:04:32,1,1290,960,3,2,6230
24/05/2026 16:04:48,1,1290,960,3,2,6300
24/05/2026 16:05:04,1,1280,960,3,2,6300
24/05/2026 16:05:20,1,1270,960,3,2,6300
24/05/2026 16:05:36,1,1230,960,3,2,6360
24/05/2026 16:05:52,1,1220,960,3,2,6360
24/05/2026 16:06:08,1,1270,960,3,3,6330
24/05/2026 16:06:24,1,1270,960,3,3,6330
24/05/2026 16:06:40,1,1280,960,3,2,6280
24/05/2026 16:06:56,1,1280,960,3,2,6280
24/05/2026 16:07:12,1,1280,960,3,2,6260
24/05/2026 16:07:28,1,1290,960,3,2,6260
24/05/2026 16:07:44,1,1290,960,3,2,6260
24/05/2026 16:08:00,1,1290,960,3,2,6530
24/05/2026 16:08:16,1,1290,960,3,2,6530
24/05/2026 16:08:32,1,1290,960,3,2,6190
24/05/2026 16:08:48,1,1290,960,3,2,6190
24/05/2026 16:09:04,1,1300,960,3,2,6150
24/05/2026 16:09:20,1,1300,960,3,2,6150
24/05/2026 16:09:36,1,1310,960,3,1,6050
24/05/2026 16:09:52,1,1320,960,3,1,6050
24/05/2026 16:10:08,1,1320,960,3,1,6050
24/05/2026 16:10:24,1,1330,960,3,1,5960
24/05/2026 16:10:40,1,1340,960,3,1,5960
24/05/2026 16:10:56,1,1350,960,3,1,5930
24/05/2026 16:11:12,1,1360,960,3,1,5930
24/05/2026 16:11:28,1,1360,960,3,2,6050
24/05/2026 16:11:44,1,1360,960,3,2,6050
24/05/2026 16:12:00,1,1360,960,3,1,6080
24/05/2026 16:12:16,1,1360,960,3,1,6080
24/05/2026 16:12:32,1,1360,960,3,1,6080
24/05/2026 16:12:48,1,1370,960,3,2,6080
24/05/2026 16:13:04,1,1370,960,3,2,6080
24/05/2026 16:13:20,1,1370,960,3,1,6180
24/05/2026 16:13:36,1,1380,960,3,1,6180
24/05/2026 16:13:52,1,1380,960,3,2,6180
24/05/2026 16:14:08,1,1380,960,3,2,6180
24/05/2026 16:14:24,1,1380,960,3,2,6190
24/05/2026 16:14:40,1,1380,960,3,2,6190
24/05/2026 16:14:56,1,1390,960,3,2,6190
24/05/2026 16:15:12,1,1390,960,3,2,6190
24/05/2026 16:15:28,1,1390,960,3,2,6190
24/05/2026 16:15:44,1,1390,960,3,1,6170
24/05/2026 16:16:00,1,1390,960,3,1,6170
24/05/2026 16:16:16,1,1380,960,3,2,5970
24/05/2026 16:16:32,1,1380,960,3,2,5970
24/05/2026 16:16:48,1,1380,960,3,2,5980
24/05/2026 16:17:04,1,1380,960,3,2,5980
24/05/2026 16:17:20,1,1380,960,3,2,5980
24/05/2026 16:17:36,1,1390,960,3,2,6010
24/05/2026 16:17:52,1,1390,960,3,2,6010
24/05/2026 16:18:08,1,1390,960,3,1,6010
24/05/2026 16:18:24,1,1400,960,3,1,6010
24/05/2026 16:18:40,1,1400,960,3,1,6040
24/05/2026 16:18:56,1,1410,960,3,1,6040
24/05/2026 16:19:12,1,1410,960,3,1,6040
24/05/2026 16:19:28,1,1410,960,3,1,6040
24/05/2026 16:19:44,1,1420,960,3,1,6040
24/05/2026 16:20:00,1,1420,960,3,1,6040
24/05/2026 16:20:16,1,1420,960,3,1,6040
24/05/2026 16:20:32,1,1420,960,3,1,6040
24/05/2026 16:20:48,1,1410,960,3,1,6040
24/05/2026 16:21:04,1,1410,960,3,1,6040
24/05/2026 16:21:20,1,1410,960,3,1,6040
24/05/2026 16:21:36,1,1400,960,3,0,-999
24/05/2026 16:21:52,1,1400,960,3,0,-999
24/05/2026 16:22:08,1,1400,960,3,0,-999
24/05/2026 16:22:24,1,1400,960,3,1,8600
24/05/2026 16:22:40,1,1400,960,3,1,8600
24/05/2026 16:22:56,1,1400,960,3,0,-999
24/05/2026 16:23:12,1,1400,960,3,0,-999
24/05/2026 16:23:28,1,1400,960,3,0,-999
24/05/2026 16:23:44,1,1400,960,3,0,-999
24/05/2026 16:24:00,1,1390,960,3,1,7930
24/05/2026 16:24:16,1,1390,960,3,1,7930
24/05/2026 16:24:32,1,1380,960,3,1,7930
24/05/2026 16:24:48,1,1370,960,3,1,7940
24/05/2026 16:25:04,1,1370,960,3,1,7940
24/05/2026 16:25:20,1,1360,960,3,3,6570
24/05/2026 16:25:36,1,1360,960,3,3,6570
24/05/2026 16:25:52,1,1360,960,3,2,7260
24/05/2026 16:26:08,1,1360,960,3,2,7260
24/05/2026 16:26:24,1,1350,960,3,1,7150
24/05/2026 16:26:40,1,1350,960,3,1,7150
24/05/2026 16:26:56,1,1350,960,3,1,7150
24/05/2026 16:27:12,1,1340,960,3,1,7110
24/05/2026 16:27:28,1,1340,960,3,1,7110
24/05/2026 16:27:44,1,1340,960,3,1,7140
24/05/2026 16:28:00,1,1330,960,3,1,7140
24/05/2026 16:28:16,1,1330,960,3,1,7030
24/05/2026 16:28:32,1,1330,960,3,1,7030
24/05/2026 16:28:48,1,1330,960,3,3,6480
24/05/2026 16:29:04,1,1330,960,3,3,6480
24/05/2026 16:29:20,1,1320,960,3,3,6480
24/05/2026 16:29:36,1,1320,960,3,2,6450
24/05/2026 16:29:52,1,1320,960,3,2,6450
24/05/2026 16:30:08,1,1320,960,3,2,6410
24/05/2026 16:30:24,1,1320,960,3,2,6410
24/05/2026 16:30:40,1,1320,960,3,2,6530
24/05/2026 16:30:56,1,1320,960,3,2,6530
24/05/2026 16:31:12,1,1320,960,3,3,6490
24/05/2026 16:31:28,1,1310,960,3,3,6490
24/05/2026 16:31:44,1,1310,960,3,3,6490
24/05/2026 16:32:00,1,1310,960,3,2,6160
24/05/2026 16:32:16,1,1300,960,3,2,6160
24/05/2026 16:32:32,1,1300,960,3,3,6200
24/05/2026 16:32:48,1,1290,960,3,3,6200
24/05/2026 16:33:04,1,1290,960,3,3,6090
24/05/2026 16:33:20,1,1280,960,3,3,6090
24/05/2026 16:33:36,1,1280,960,3,3,6080
24/05/2026 16:33:52,1,1270,960,3,3,6080
24/05/2026 16:34:08,1,1270,960,3,3,6080
24/05/2026 16:34:24,1,1260,960,3,3,6420
24/05/2026 16:34:40,1,1260,960,3,3,6420
24/05/2026 16:34:56,1,1260,960,3,2,6200
24/05/2026 16:35:12,1,1260,960,3,2,6200
24/05/2026 16:35:28,1,1250,960,3,2,6030
24/05/2026 16:35:44,1,1250,960,3,2,6030
24/05/2026 16:36:00,1,1250,960,3,3,6080
24/05/2026 16:36:16,1,1240,960,3,3,6080
24/05/2026 16:36:32,1,1240,960,3,3,6080
24/05/2026 16:36:48,1,1230,960,3,3,5850
24/05/2026 16:37:04,1,1220,960,3,3,5850
24/05/2026 16:37:20,1,1220,960,3,1,6680
24/05/2026 16:37:36,1,1210,960,3,1,6680
24/05/2026 16:37:52,1,1210,960,3,3,5860
24/05/2026 16:38:08,1,1210,960,3,3,5860
24/05/2026 16:38:24,1,1200,960,3,3,5810
24/05/2026 16:38:40,1,1200,960,3,3,5810
24/05/2026 16:38:56,1,1200,960,3,3,5810
24/05/2026 16:39:12,1,1190,960,3,2,5730
24/05/2026 16:39:28,1,1190,960,3,2,5730
24/05/2026 16:39:44,1,1190,960,3,2,5970
24/05/2026 16:40:00,1,1180,960,3,2,5970
24/05/2026 16:40:16,1,1180,960,3,2,6150
24/05/2026 16:40:32,1,1180,960,3,2,6150
24/05/2026 16:40:48,1,1180,960,3,3,5990
24/05/2026 16:41:04,1,1180,960,3,3,5990
24/05/2026 16:41:20,1,1180,960,3,3,5990
24/05/2026 16:41:36,1,1180,960,3,3,5720
24/05/2026 16:41:52,1,1180,960,3,3,5720
24/05/2026 16:42:08,1,1180,960,3,1,5720
24/05/2026 16:42:24,1,1180,960,3,1,5720
24/05/2026 16:42:40,1,1180,960,3,1,5720
24/05/2026 16:42:56,1,1180,960,3,1,5720
24/05/2026 16:43:12,1,1180,960,3,1,5720
24/05/2026 16:43:28,1,1180,960,3,1,5720
24/05/2026 16:43:44,1,1180,960,3,1,5720
24/05/2026 16:44:00,1,1180,960,3,1,5720
24/05/2026 16:44:16,1,1180,960,3,1,5720
24/05/2026 16:44:32,1,1180,960,3,1,5750
24/05/2026 16:44:48,1,1190,960,3,1,5750
24/05/2026 16:45:04,1,1190,960,3,1,5760
24/05/2026 16:45:20,1,1190,960,3,1,5760
24/05/2026 16:45:36,1,1190,960,3,1,5760
24/05/2026 16:45:52,1,1200,960,3,1,5760
24/05/2026 16:46:08,1,1200,960,3,1,5760
24/05/2026 16:46:24,1,1210,960,3,1,5770
24/05/2026 16:46:40,1,1210,960,3,1,5770
24/05/2026 16:46:56,1,1210,960,3,2,5770
24/05/2026 16:47:12,1,1220,960,3,2,5770
24/05/2026 16:47:28,1,1220,960,3,2,5810
24/05/2026 16:47:44,1,1220,960,3,2,5810
24/05/2026 16:48:00,1,1230,960,3,2,5680
24/05/2026 16:48:16,1,1230,960,3,2,5680
24/05/2026 16:48:32,1,1240,960,3,2,5680
24/05/2026 16:48:48,1,1250,960,3,2,5590
24/05/2026 16:49:04,1,1250,960,3,2,5590
24/05/2026 16:49:20,1,750,960,3,3,1310
24/05/2026 16:49:36,1,750,960,3,3,1310
24/05/2026 16:49:52,1,750,960,3,3,1310
24/05/2026 16:50:08,1,750,960,3,3,1310
24/05/2026 16:50:24,1,750,960,3,2,1310
24/05/2026 16:50:40,1,750,960,3,2,1310
24/05/2026 16:50:56,1,750,960,3,2,1310
24/05/2026 16:51:12,1,750,960,3,1,1330
24/05/2026 16:51:28,1,750,960,3,1,1330
24/05/2026 16:51:44,1,750,960,3,1,1330
24/05/2026 16:52:00,1,750,960,3,1,1330
24/05/2026 16:52:16,1,750,960,3,1,1340
24/05/2026 16:52:32,1,750,960,3,1,1340
24/05/2026 16:52:48,1,750,960,3,1,1340
24/05/2026 16:53:04,1,750,960,3,1,1340
24/05/2026 16:53:20,1,740,960,3,1,1340
24/05/2026 16:53:36,1,740,960,3,1,1340
24/05/2026 16:53:52,1,740,960,3,1,1340
24/05/2026 16:54:08,1,740,960,3,1,1330
24/05/2026 16:54:24,1,740,960,3,1,1330
24/05/2026 16:54:40,1,740,960,3,1,1330
24/05/2026 16:54:56,1,740,960,3,1,1330
24/05/2026 16:55:12,1,740,960,3,1,1330
24/05/2026 16:55:28,1,740,960,3,1,1330
24/05/2026 16:55:44,1,740,960,3,1,1330
24/05/2026 16:56:00,1,740,960,3,1,1320
24/05/2026 16:56:16,1,740,960,3,1,1320
24/05/2026 16:56:32,1,740,960,3,1,1330
24/05/2026 16:56:48,1,730,960,3,1,1330
24/05/2026 16:57:04,1,730,960,3,1,1320
24/05/2026 16:57:20,1,730,960,3,1,1320
24/05/2026 16:57:36,1,730,960,3,1,1330
24/05/2026 16:57:52,1,730,960,3,1,1330
24/05/2026 16:58:08,1,730,960,3,1,1330
24/05/2026 16:58:24,1,730,960,3,1,1330
24/05/2026 16:58:40,1,720,960,3,1,1330
24/05/2026 16:58:56,1,720,960,3,1,1340
24/05/2026 16:59:12,1,720,960,3,1,1340
24/05/2026 16:59:28,1,720,960,3,1,1350
24/05/2026 16:59:44,1,710,960,3,1,1350
24/05/2026 17:00:00,2,700,1300,3,1,1340
24/05/2026 17:00:16,2,700,1300,3,1,1340
24/05/2026 17:00:32,2,700,1300,3,1,1340
24/05/2026 17:00:48,2,700,1300,3,1,1320
24/05/2026 17:01:04,2,690,1300,3,1,1320
24/05/2026 17:01:20,2,690,1300,3,1,1310
24/05/2026 17:01:36,2,690,1300,3,1,1310
24/05/2026 17:01:52,2,690,1300,3,1,1330
24/05/2026 17:02:08,2,690,1300,3,1,1330
24/05/2026 17:02:24,2,690,1300,3,1,1300
24/05/2026 17:02:40,2,690,1300,3,1,1300
24/05/2026 17:02:56,2,690,1300,3,1,1300
24/05/2026 17:03:12,2,690,1300,3,1,1320
24/05/2026 17:03:28,2,690,1300,3,1,1320
24/05/2026 17:03:44,2,1500,1300,3,1,5970
24/05/2026 17:04:00,2,1500,1300,3,1,5970
24/05/2026 17:04:16,2,1430,1300,3,3,5970
24/05/2026 17:04:32,2,1430,1300,3,3,5970
24/05/2026 17:04:48,2,1410,1300,3,2,6140
24/05/2026 17:05:04,2,1400,1300,3,2,6140
24/05/2026 17:05:20,2,1400,1300,3,2,6140
24/05/2026 17:05:36,2,1380,1300,3,1,6240
24/05/2026 17:05:52,2,1380,1300,3,1,6240
24/05/2026 17:06:08,2,1260,1300,3,1,6260
24/05/2026 17:06:24,2,1250,1300,3,1,6260
24/05/2026 17:06:40,2,1240,1300,3,1,6140
24/05/2026 17:06:56,2,1240,1300,3,1,6140
24/05/2026 17:07:12,2,1240,1300,3,1,6110
24/05/2026 17:07:28,2,1230,1300,3,1,6110
24/05/2026 17:07:44,2,1230,1300,3,1,6110
24/05/2026 17:08:00,2,1230,1300,3,1,6070
24/05/2026 17:08:16,2,1220,1300,3,1,6070
24/05/2026 17:08:32,2,1220,1300,3,1,6060
24/05/2026 17:08:48,2,1220,1300,3,1,6060
24/05/2026 17:09:04,2,1220,1300,3,1,6040
24/05/2026 17:09:20,2,1220,1300,3,1,6040
24/05/2026 17:09:36,2,1220,1300,3,1,5950
24/05/2026 17:09:52,2,1220,1300,3,1,5950
24/05/2026 17:10:08,2,1220,1300,3,1,5950
24/05/2026 17:10:24,2,1220,1300,3,1,5870
24/05/2026 17:10:40,2,1220,1300,3,1,5870
24/05/2026 17:10:56,2,1220,1300,3,1,5830
24/05/2026 17:11:12,2,1220,1300,3,1,5830
24/05/2026 17:11:28,2,1220,1300,3,1,5950
24/05/2026 17:11:44,2,1220,1300,3,1,5950
24/05/2026 17:12:00,2,1220,1300,3,1,5900
24/05/2026 17:12:16,2,1220,1300,3,1,5900
24/05/2026 17:12:32,2,1220,1300,3,1,5900
24/05/2026 17:12:48,2,1220,1300,3,1,5920
24/05/2026 17:13:04,2,1220,1300,3,1,5920
24/05/2026 17:13:20,2,1220,1300,3,1,5790
24/05/2026 17:13:36,2,1220,1300,3,1,5790
24/05/2026 17:13:52,2,1220,1300,3,1,6100
24/05/2026 17:14:08,2,1220,1300,3,1,6100
24/05/2026 17:14:24,2,1220,1300,3,1,6050
24/05/2026 17:14:40,2,1220,1300,3,1,6050
24/05/2026 17:14:56,2,1220,1300,3,1,6050
24/05/2026 17:15:12,2,1220,1300,3,1,6030
24/05/2026 17:15:28,2,1220,1300,3,1,6030
24/05/2026 17:15:44,2,1220,1300,3,1,6040
24/05/2026 17:16:00,2,1210,1300,3,1,6040
24/05/2026 17:16:16,2,1210,1300,3,1,6130
24/05/2026 17:16:32,2,1210,1300,3,1,6130
24/05/2026 17:16:48,2,1210,1300,3,1,6150
24/05/2026 17:17:04,2,1210,1300,3,1,6150
24/05/2026 17:17:20,2,1210,1300,3,1,6150
24/05/2026 17:17:36,2,1210,1300,3,1,6150
24/05/2026 17:17:52,2,1200,1300,3,1,6150
24/05/2026 17:18:08,2,1200,1300,3,1,6140
24/05/2026 17:18:24,2,1200,1300,3,1,6140
24/05/2026 17:18:40,2,1200,1300,3,1,6140
24/05/2026 17:18:56,2,1190,1300,3,1,6140
24/05/2026 17:19:12,2,1190,1300,3,1,6180
24/05/2026 17:19:28,2,1190,1300,3,1,6180
24/05/2026 17:19:44,2,1190,1300,3,1,6180
24/05/2026 17:20:00,2,1180,1300,3,1,6210
24/05/2026 17:20:16,2,1180,1300,3,1,6210
24/05/2026 17:20:32,2,1180,1300,3,1,6210
24/05/2026 17:20:48,2,1170,1300,3,1,6210
24/05/2026 17:21:04,2,1170,1300,3,1,6220
24/05/2026 17:21:20,2,1170,1300,3,1,6220
24/05/2026 17:21:36,2,1160,1300,3,1,6250
24/05/2026 17:21:52,2,1160,1300,3,1,6250
24/05/2026 17:22:08,2,1160,1300,3,1,6250
24/05/2026 17:22:24,2,1160,1300,3,1,6250
24/05/2026 17:22:40,2,1150,1300,3,1,6250
24/05/2026 17:22:56,2,1150,1300,3,1,6260
24/05/2026 17:23:12,2,1150,1300,3,1,6260
24/05/2026 17:23:28,2,1150,1300,3,1,6310
24/05/2026 17:23:44,2,1140,1300,3,1,6310
24/05/2026 17:24:00,2,1140,1300,3,1,6360
24/05/2026 17:24:16,2,1130,1300,3,1,6360
24/05/2026 17:24:32,2,1130,1300,3,1,6360
24/05/2026 17:24:48,2,1130,1300,3,1,6410
24/05/2026 17:25:04,2,1120,1300,3,1,6410
24/05/2026 17:25:20,2,1120,1300,3,1,6420
24/05/2026 17:25:36,2,1110,1300,3,1,6420
24/05/2026 17:25:52,2,1110,1300,3,2,6140
24/05/2026 17:26:08,2,1100,1300,3,2,6140
24/05/2026 17:26:24,2,1100,1300,3,1,5950
24/05/2026 17:26:40,2,1090,1300,3,1,5950
24/05/2026 17:26:56,2,1080,1300,3,1,5950
24/05/2026 17:27:12,2,1080,1300,3,2,5840
24/05/2026 17:27:28,2,1070,1300,3,2,5840
24/05/2026 17:27:44,2,1070,1300,3,1,5670
24/05/2026 17:28:00,2,1060,1300,3,1,5670
24/05/2026 17:28:16,2,1060,1300,3,1,5690
24/05/2026 17:28:32,2,1050,1300,3,1,5690
24/05/2026 17:28:48,2,1050,1300,3,1,5750
24/05/2026 17:29:04,2,1040,1300,3,1,5750
24/05/2026 17:29:20,2,1040,1300,3,1,5750
24/05/2026 17:29:36,2,1040,1300,3,1,5830
24/05/2026 17:29:52,2,1030,1300,3,1,5830
24/05/2026 17:30:08,2,1030,1300,3,1,5570
24/05/2026 17:30:24,2,1030,1300,3,1,5570
24/05/2026 17:30:40,2,290,1300,3,2,5680
24/05/2026 17:30:56,2,290,1300,3,2,5680
24/05/2026 17:31:12,2,290,1300,3,1,5670
24/05/2026 17:31:28,2,290,1300,3,1,5670
24/05/2026 17:31:44,2,290,1300,3,1,5670
24/05/2026 17:32:00,2,290,1300,3,2,5560
24/05/2026 17:32:16,2,290,1300,3,2,5560
24/05/2026 17:32:32,2,290,1300,3,2,5640
24/05/2026 17:32:48,2,290,1300,3,2,5640
24/05/2026 17:33:04,2,290,1300,3,1,5500
24/05/2026 17:33:20,2,290,1300,3,1,5500
24/05/2026 17:33:36,2,290,1300,3,2,5500
24/05/2026 17:33:52,2,300,1300,3,2,5500
24/05/2026 17:34:08,2,300,1300,3,2,5500
24/05/2026 17:34:24,2,300,1300,3,2,6070
24/05/2026 17:34:40,2,300,1300,3,2,6070
24/05/2026 17:34:56,2,300,1300,3,3,5580
24/05/2026 17:35:12,2,300,1300,3,3,5580
24/05/2026 17:35:28,2,300,1300,3,3,5570
24/05/2026 17:35:44,2,300,1300,3,3,5570
24/05/2026 17:36:00,2,300,1300,3,3,5670
24/05/2026 17:36:16,2,300,1300,3,3,5670
24/05/2026 17:36:32,2,300,1300,3,3,5670
24/05/2026 17:36:48,2,300,1300,3,1,5680
24/05/2026 17:37:04,2,300,1300,3,1,5680
24/05/2026 17:37:20,2,300,1300,3,1,5750
24/05/2026 17:37:36,2,300,1300,3,1,5750
24/05/2026 17:37:52,2,300,1300,3,1,5790
24/05/2026 17:38:08,2,310,1300,3,1,5790
24/05/2026 17:38:24,2,310,1300,3,2,5800
24/05/2026 17:38:40,2,310,1300,3,2,5800
24/05/2026 17:38:56,2,310,1300,3,2,5800
24/05/2026 17:39:12,2,310,1300,3,2,6760
24/05/2026 17:39:28,2,310,1300,3,2,6760
24/05/2026 17:39:44,2,310,1300,3,3,5930
24/05/2026 17:40:00,2,310,1300,3,3,5930
24/05/2026 17:40:16,2,310,1300,3,1,5980
24/05/2026 17:40:32,2,310,1300,3,1,5980
24/05/2026 17:40:48,2,320,1300,3,1,6050
24/05/2026 17:41:04,2,320,1300,3,1,6050
24/05/2026 17:41:20,2,320,1300,3,1,6050
24/05/2026 17:41:36,2,320,1300,3,2,6120
24/05/2026 17:41:52,2,320,1300,3,2,6120
24/05/2026 17:42:08,2,320,1300,3,3,6330
24/05/2026 17:42:24,2,330,1300,3,3,6330
24/05/2026 17:42:40,2,330,1300,3,2,6570
24/05/2026 17:42:56,2,330,1300,3,2,6570
24/05/2026 17:43:12,2,330,1300,3,2,6570
24/05/2026 17:43:28,2,330,1300,3,2,6570
24/05/2026 17:43:44,2,330,1300,3,2,6570
24/05/2026 17:44:00,2,330,1300,3,2,6590
24/05/2026 17:44:16,2,330,1300,3,2,6590
24/05/2026 17:44:32,2,330,1300,3,2,6530
24/05/2026 17:44:48,2,340,1300,3,2,6530
24/05/2026 17:45:04,2,340,1300,3,2,6650
24/05/2026 17:45:20,2,340,1300,3,2,6650
24/05/2026 17:45:36,2,340,1300,3,2,6630
24/05/2026 17:45:52,2,340,1300,3,2,6630
24/05/2026 17:46:08,2,340,1300,3,2,6630
24/05/2026 17:46:24,2,340,1300,3,2,6560
24/05/2026 17:46:40,2,350,1300,3,2,6560
24/05/2026 17:46:56,2,350,1300,3,2,6560
24/05/2026 17:47:12,2,350,1300,3,2,6560
24/05/2026 17:47:28,2,350,1300,3,1,6550
24/05/2026 17:47:44,2,350,1300,3,1,6550
24/05/2026 17:48:00,2,350,1300,3,1,6590
24/05/2026 17:48:16,2,360,1300,3,1,6590
24/05/2026 17:48:32,2,360,1300,3,1,6590
24/05/2026 17:48:48,2,360,1300,3,2,6580
24/05/2026 17:49:04,2,360,1300,3,2,6580
24/05/2026 17:49:20,2,360,1300,3,1,6480
24/05/2026 17:49:36,2,360,1300,3,1,6480
24/05/2026 17:49:52,2,360,1300,3,2,6500
24/05/2026 17:50:08,2,360,1300,3,2,6500
24/05/2026 17:50:24,2,360,1300,3,2,6630
24/05/2026 17:50:40,2,360,1300,3,2,6630
24/05/2026 17:50:56,2,370,1300,3,2,6630
24/05/2026 17:51:12,2,370,1300,3,2,6670
24/05/2026 17:51:28,2,370,1300,3,2,6670
24/05/2026 17:51:44,2,370,1300,3,2,6740
24/05/2026 17:52:00,2,370,1300,3,2,6740
24/05/2026 17:52:16,2,370,1300,3,1,6790
24/05/2026 17:52:32,2,370,1300,3,1,6790
24/05/2026 17:52:48,2,370,1300,3,2,6850
24/05/2026 17:53:04,2,370,1300,3,2,6850
24/05/2026 17:53:20,2,370,1300,3,2,6850
24/05/2026 17:53:36,2,370,1300,3,2,7020
24/05/2026 17:53:52,2,370,1300,3,2,7020
24/05/2026 17:54:08,2,370,1300,3,1,6980
24/05/2026 17:54:24,2,370,1300,3,1,6980
24/05/2026 17:54:40,2,370,1300,3,2,7050
24/05/2026 17:54:56,2,370,1300,3,2,7050
24/05/2026 17:55:12,2,370,1300,3,2,6980
24/05/2026 17:55:28,2,370,1300,3,2,6980
24/05/2026 17:55:44,2,370,1300,3,2,6980
24/05/2026 17:56:00,2,370,1300,3,2,7020
24/05/2026 17:56:16,2,370,1300,3,2,7020
24/05/2026 17:56:32,2,370,1300,3,1,6920
24/05/2026 17:56:48,2,370,1300,3,1,6920
24/05/2026 17:57:04,2,370,1300,3,2,6920
24/05/2026 17:57:20,2,370,1300,3,2,6920
24/05/2026 17:57:36,2,370,1300,3,1,6920
24/05/2026 17:57:52,2,370,1300,3,1,6920
24/05/2026 17:58:08,2,370,1300,3,1,6920
24/05/2026 17:58:24,2,370,1300,3,2,6920
24/05/2026 17:58:40,2,370,1300,3,2,6920
24/05/2026 17:58:56,2,370,1300,3,1,7010
24/05/2026 17:59:12,2,370,1300,3,1,7010
24/05/2026 17:59:28,2,370,1300,3,1,7020
24/05/2026 17:59:44,2,370,1300,3,1,7020
24/05/2026 18:00:00,2,370,340,3,1,7010
24/05/2026 18:00:16,2,370,340,3,1,7010
24/05/2026 18:00:32,2,370,340,3,1,7010
24/05/2026 18:00:48,2,370,340,3,1,6930
24/05/2026 18:01:04,2,370,340,3,1,6930
24/05/2026 18:01:20,2,370,340,3,1,6920
24/05/2026 18:01:36,2,360,340,3,1,6920
24/05/2026 18:01:52,2,360,340,3,1,6920
24/05/2026 18:02:08,2,360,340,3,1,6920
24/05/2026 18:02:24,2,360,340,3,1,6930
24/05/2026 18:02:40,2,350,340,3,1,6930
24/05/2026 18:02:56,2,350,340,3,1,6930
24/05/2026 18:03:12,2,340,340,3,1,6960
24/05/2026 18:03:28,2,320,340,3,1,6960
24/05/2026 18:03:44,2,310,340,3,1,6960
24/05/2026 18:04:00,2,310,340,3,1,6960
24/05/2026 18:04:16,2,290,340,3,2,6770
24/05/2026 18:04:32,2,280,340,3,2,6770
24/05/2026 18:04:48,2,270,340,3,2,6840
24/05/2026 18:05:04,2,260,340,3,2,6840
24/05/2026 18:05:20,2,260,340,3,2,6840
24/05/2026 18:05:36,2,260,340,3,2,6860
24/05/2026 18:05:52,2,260,340,3,2,6860
24/05/2026 18:06:08,2,250,340,3,2,1310
24/05/2026 18:06:24,2,250,340,3,2,1310
24/05/2026 18:06:40,2,250,340,3,2,1280
24/05/2026 18:06:56,2,250,340,3,2,1280
24/05/2026 18:07:12,2,250,340,3,1,1280
24/05/2026 18:07:28,2,250,340,3,1,1280
24/05/2026 18:07:44,2,250,340,3,1,1280
24/05/2026 18:08:00,2,250,340,3,2,1280
24/05/2026 18:08:16,2,250,340,3,2,1280
24/05/2026 18:08:32,2,250,340,3,1,1310
24/05/2026 18:08:48,2,250,340,3,1,1310
24/05/2026 18:09:04,2,250,340,3,1,1310
24/05/2026 18:09:20,2,250,340,3,1,1310
24/05/2026 18:09:36,2,250,340,3,1,1300
24/05/2026 18:09:52,2,250,340,3,1,1300
24/05/2026 18:10:08,2,250,340,3,1,1300
24/05/2026 18:10:24,2,250,340,3,1,1300
24/05/2026 18:10:40,2,250,340,3,1,1300
24/05/2026 18:10:56,2,250,340,3,1,1310
24/05/2026 18:11:12,2,250,340,3,1,1310
24/05/2026 18:11:28,2,250,340,3,1,1290
24/05/2026 18:11:44,2,250,340,3,1,1290
24/05/2026 18:12:00,2,250,340,3,1,1300
24/05/2026 18:12:16,2,250,340,3,1,1300
24/05/2026 18:12:32,2,250,340,3,1,1300
24/05/2026 18:12:48,2,250,340,3,1,1310
24/05/2026 18:13:04,2,250,340,3,1,1310
24/05/2026 18:13:20,2,250,340,3,1,1290
24/05/2026 18:13:36,2,250,340,3,1,1290
24/05/2026 18:13:52,2,260,340,3,1,1270
24/05/2026 18:14:08,2,260,340,3,1,1270
24/05/2026 18:14:24,2,260,340,3,1,1280
24/05/2026 18:14:40,2,260,340,3,1,1280
24/05/2026 18:14:56,2,260,340,3,1,1280
24/05/2026 18:15:12,2,260,340,3,1,1280
24/05/2026 18:15:28,2,260,340,3,1,1280
24/05/2026 18:15:44,2,260,340,3,1,1270
24/05/2026 18:16:00,2,260,340,3,1,1270
24/05/2026 18:16:16,2,260,340,3,1,1280
24/05/2026 18:16:32,2,260,340,3,1,1280
24/05/2026 18:16:48,2,260,340,3,1,1280
24/05/2026 18:17:04,2,260,340,3,1,1280
24/05/2026 18:17:20,2,270,340,3,1,1280
24/05/2026 18:17:36,2,270,340,3,1,1260
24/05/2026 18:17:52,2,270,340,3,1,1260
24/05/2026 18:18:08,2,270,340,3,1,1250
24/05/2026 18:18:24,2,270,340,3,1,1250
24/05/2026 18:18:40,2,270,340,3,1,1280
24/05/2026 18:18:56,2,270,340,3,1,1280
24/05/2026 18:19:12,2,270,340,3,1,1250
24/05/2026 18:19:28,2,270,340,3,1,1250
24/05/2026 18:19:44,2,270,340,3,1,1250
24/05/2026 18:20:00,2,270,340,3,1,1180
24/05/2026 18:20:16,2,270,340,3,1,1180
24/05/2026 18:20:32,2,270,340,3,1,1150
24/05/2026 18:20:48,2,270,340,3,1,1150
24/05/2026 18:21:04,2,270,340,3,1,1150
24/05/2026 18:21:20,2,270,340,3,1,1150
24/05/2026 18:21:36,2,270,340,3,1,1150
24/05/2026 18:21:52,2,270,340,3,1,1150
24/05/2026 18:22:08,2,270,340,3,1,1150
24/05/2026 18:22:24,2,270,340,3,1,1150
24/05/2026 18:22:40,2,270,340,3,1,1150
24/05/2026 18:22:56,2,270,340,3,1,1150
24/05/2026 18:23:12,2,270,340,3,1,1150
24/05/2026 18:23:28,2,270,340,3,1,1150
24/05/2026 18:23:44,2,270,340,3,1,1150
24/05/2026 18:24:00,2,270,340,3,1,1150
24/05/2026 18:24:16,2,270,340,3,1,1150
24/05/2026 18:24:32,2,270,340,3,1,1150
24/05/2026 18:24:48,2,270,340,3,1,1140
24/05/2026 18:25:04,2,270,340,3,1,1140
24/05/2026 18:25:20,2,270,340,3,1,1140
24/05/2026 18:25:36,2,270,340,3,1,1140
24/05/2026 18:25:52,2,270,340,3,1,1140
24/05/2026 18:26:08,2,270,340,3,1,1140
24/05/2026 18:26:24,2,270,340,3,1,1140
24/05/2026 18:26:40,2,270,340,3,1,1140
24/05/2026 18:26:56,2,270,340,3,1,1140
24/05/2026 18:27:12,2,270,340,3,1,1140
24/05/2026 18:27:28,2,270,340,3,1,1140
24/05/2026 18:27:44,2,260,340,3,1,1180
24/05/2026 18:28:00,2,260,340,3,1,1180
24/05/2026 18:28:16,2,260,340,3,1,1180
24/05/2026 18:28:32,2,260,340,3,1,1180
24/05/2026 18:28:48,2,260,340,3,1,1190
24/05/2026 18:29:04,2,260,340,3,1,1190
24/05/2026 18:29:20,2,260,340,3,1,1190
24/05/2026 18:29:36,2,260,340,3,1,1200
24/05/2026 18:29:52,2,260,340,3,1,1200
24/05/2026 18:30:08,2,260,340,3,1,1210
24/05/2026 18:30:24,2,260,340,3,1,1210
24/05/2026 18:30:40,2,260,340,3,1,1220
24/05/2026 18:30:56,2,260,340,3,1,1220
24/05/2026 18:31:12,2,260,340,3,1,1200
24/05/2026 18:31:28,2,260,340,3,1,1200
24/05/2026 18:31:44,2,260,340,3,1,1200
24/05/2026 18:32:00,2,260,340,3,1,1220
24/05/2026 18:32:16,2,260,340,3,1,1220
24/05/2026 18:32:32,2,260,340,3,1,1210
24/05/2026 18:32:48,2,260,340,3,1,1210
24/05/2026 18:33:04,2,250,340,3,1,1200
24/05/2026 18:33:20,2,250,340,3,1,1200
24/05/2026 18:33:36,2,250,340,3,1,1180
24/05/2026 18:33:52,2,250,340,3,1,1180
24/05/2026 18:34:08,2,250,340,3,1,1180
24/05/2026 18:34:24,2,250,340,3,1,1250
24/05/2026 18:34:40,2,250,340,3,1,1250
24/05/2026 18:34:56,2,250,340,3,1,1260
24/05/2026 18:35:12,2,250,340,3,1,1260
24/05/2026 18:35:28,2,250,340,3,1,1280
24/05/2026 18:35:44,2,250,340,3,1,1280
24/05/2026 18:36:00,2,250,340,3,1,1280
24/05/2026 18:36:16,2,240,340,3,1,1280
24/05/2026 18:36:32,2,240,340,3,1,1280
24/05/2026 18:36:48,2,240,340,3,1,1240
24/05/2026 18:37:04,2,240,340,3,1,1240
24/05/2026 18:37:20,2,240,340,3,1,1200
24/05/2026 18:37:36,2,240,340,3,1,1200
24/05/2026 18:37:52,2,230,340,3,1,1230
24/05/2026 18:38:08,2,230,340,3,1,1230
24/05/2026 18:38:24,2,230,340,3,2,1270
24/05/2026 18:38:40,2,230,340,3,2,1270
24/05/2026 18:38:56,2,230,340,3,2,1270
24/05/2026 18:39:12,2,220,340,3,3,1220
24/05/2026 18:39:28,2,220,340,3,3,1220
24/05/2026 18:39:44,2,220,340,3,2,1230
24/05/2026 18:40:00,2,220,340,3,2,1230
24/05/2026 18:40:16,2,220,340,3,1,1190
24/05/2026 18:40:32,2,210,340,3,1,1190
24/05/2026 18:40:48,2,210,340,3,1,7340
24/05/2026 18:41:04,2,210,340,3,1,7340
24/05/2026 18:41:20,2,210,340,3,1,7340
24/05/2026 18:41:36,2,200,340,3,1,7400
24/05/2026 18:41:52,2,200,340,3,1,7400
24/05/2026 18:42:08,2,200,340,3,2,7430
24/05/2026 18:42:24,2,200,340,3,2,7430
24/05/2026 18:42:40,2,200,340,3,2,1190
24/05/2026 18:42:56,2,190,340,3,2,1190
24/05/2026 18:43:12,2,190,340,3,3,1220
24/05/2026 18:43:28,2,190,340,3,3,1220
24/05/2026 18:43:44,2,190,340,3,3,1220
24/05/2026 18:44:00,2,190,340,3,3,1200
24/05/2026 18:44:16,2,180,340,3,3,1200
24/05/2026 18:44:32,2,180,340,3,1,1170
24/05/2026 18:44:48,2,180,340,3,1,1170
24/05/2026 18:45:04,2,180,340,3,3,1170
24/05/2026 18:45:20,2,180,340,3,3,1170
24/05/2026 18:45:36,2,180,340,3,3,1190
24/05/2026 18:45:52,2,170,340,3,3,1190
24/05/2026 18:46:08,2,170,340,3,3,1190
24/05/2026 18:46:24,2,170,340,3,2,1170
24/05/2026 18:46:40,2,170,340,3,2,1170
24/05/2026 18:46:56,2,170,340,3,1,1180
24/05/2026 18:47:12,2,170,340,3,1,1180
24/05/2026 18:47:28,2,170,340,3,1,1170
24/05/2026 18:47:44,2,160,340,3,1,1170
24/05/2026 18:48:00,2,160,340,3,1,1160
24/05/2026 18:48:16,2,160,340,3,1,1160
24/05/2026 18:48:32,2,160,340,3,1,1160
24/05/2026 18:48:48,2,160,340,3,1,1150
24/05/2026 18:49:04,2,160,340,3,1,1150
24/05/2026 18:49:20,2,150,340,3,1,1140
24/05/2026 18:49:36,2,150,340,3,1,1140
24/05/2026 18:49:52,2,150,340,3,1,1130
24/05/2026 18:50:08,2,150,340,3,1,1130
24/05/2026 18:50:24,2,150,340,3,1,1120
24/05/2026 18:50:40,2,140,340,3,1,1120
24/05/2026 18:50:56,2,140,340,3,1,1120
24/05/2026 18:51:12,2,140,340,3,1,1100
24/05/2026 18:51:28,2,140,340,3,1,1100
24/05/2026 18:51:44,2,140,340,3,3,1110
24/05/2026 18:52:00,2,140,340,3,3,1110
24/05/2026 18:52:16,2,140,340,3,3,1120
24/05/2026 18:52:32,2,140,340,3,3,1120
24/05/2026 18:52:48,2,140,340,3,2,9530
24/05/2026 18:53:04,2,130,340,3,2,9530
24/05/2026 18:53:20,2,130,340,3,2,9530
24/05/2026 18:53:36,2,130,340,3,2,8070
24/05/2026 18:53:52,2,130,340,3,2,8070
24/05/2026 18:54:08,2,130,340,3,1,8050
24/05/2026 18:54:24,2,130,340,3,1,8050
24/05/2026 18:54:40,2,130,340,3,1,8070
24/05/2026 18:54:56,2,130,340,3,1,8070
24/05/2026 18:55:12,2,130,340,3,1,8070
24/05/2026 18:55:28,2,130,340,3,1,8070
24/05/2026 18:55:44,2,130,340,3,1,8070
24/05/2026 18:56:00,2,130,340,3,1,8080
24/05/2026 18:56:16,2,130,340,3,1,8080
24/05/2026 18:56:32,2,130,340,3,1,8070
24/05/2026 18:56:48,2,130,340,3,1,8070
24/05/2026 18:57:04,2,130,340,3,1,8050
24/05/2026 18:57:20,2,130,340,3,1,8050
24/05/2026 18:57:36,2,130,340,3,1,8050
24/05/2026 18:57:52,2,130,340,3,1,8050
24/05/2026 18:58:08,2,130,340,3,1,8050
24/05/2026 18:58:24,2,130,340,3,2,8050
24/05/2026 18:58:40,2,130,340,3,2,8050
24/05/2026 18:58:56,2,130,340,3,1,10840
24/05/2026 18:59:12,2,130,340,3,1,10840
24/05/2026 18:59:28,2,130,340,3,1,10880
24/05/2026 18:59:44,2,120,340,3,1,10880
24/05/2026 19:00:00,3,120,250,3,1,10850
24/05/2026 19:00:16,3,120,250,3,1,10850
24/05/2026 19:00:32,3,120,250,3,1,10850
24/05/2026 19:00:48,3,120,250,3,1,10860
24/05/2026 19:01:04,3,120,250,3,1,10860
24/05/2026 19:01:20,3,120,250,3,1,10840
24/05/2026 19:01:36,3,120,250,3,1,10840
24/05/2026 19:01:52,3,120,250,3,1,10790
24/05/2026 19:02:08,3,120,250,3,1,10790
24/05/2026 19:02:24,3,120,250,3,2,8120
24/05/2026 19:02:40,3,120,250,3,2,8120
24/05/2026 19:02:56,3,120,250,3,2,8120
24/05/2026 19:03:12,3,110,250,3,1,8100
24/05/2026 19:03:28,3,110,250,3,1,8100
24/05/2026 19:03:44,3,110,250,3,1,8090
24/05/2026 19:04:00,3,110,250,3,1,8090
24/05/2026 19:04:16,3,110,250,3,1,8090
24/05/2026 19:04:32,3,110,250,3,1,8090
24/05/2026 19:04:48,3,110,250,3,1,8080
24/05/2026 19:05:04,3,110,250,3,1,8080
24/05/2026 19:05:20,3,110,250,3,1,8080
24/05/2026 19:05:36,3,110,250,3,3,8080
24/05/2026 19:05:52,3,110,250,3,3,8080
24/05/2026 19:06:08,3,110,250,3,2,10510
24/05/2026 19:06:24,3,110,250,3,2,10510
24/05/2026 19:06:40,3,110,250,3,1,10800
24/05/2026 19:06:56,3,110,250,3,1,10800
24/05/2026 19:07:12,3,110,250,3,1,10810
24/05/2026 19:07:28,3,110,250,3,1,10810
24/05/2026 19:07:44,3,110,250,3,1,10810
24/05/2026 19:08:00,3,110,250,3,1,10850
24/05/2026 19:08:16,3,110,250,3,1,10850
24/05/2026 19:08:32,3,110,250,3,1,10900
24/05/2026 19:08:48,3,110,250,3,1,10900
24/05/2026 19:09:04,3,110,250,3,1,10820
24/05/2026 19:09:20,3,110,250,3,1,10820
24/05/2026 19:09:36,3,110,250,3,1,10800
24/05/2026 19:09:52,3,110,250,3,1,10800
24/05/2026 19:10:08,3,110,250,3,1,10800
24/05/2026 19:10:24,3,110,250,3,1,10830
24/05/2026 19:10:40,3,120,250,3,1,10830
24/05/2026 19:10:56,3,120,250,3,1,10820
24/05/2026 19:11:12,3,120,250,3,1,10820
24/05/2026 19:11:28,3,120,250,3,2,9410
24/05/2026 19:11:44,3,120,250,3,2,9410
24/05/2026 19:12:00,3,120,250,3,1,9390
24/05/2026 19:12:16,3,120,250,3,1,9390
24/05/2026 19:12:32,3,120,250,3,1,9390
24/05/2026 19:12:48,3,120,250,3,1,9370
24/05/2026 19:13:04,3,120,250,3,1,9370
24/05/2026 19:13:20,3,120,250,3,1,9240
24/05/2026 19:13:36,3,120,250,3,1,9240
24/05/2026 19:13:52,3,120,250,3,2,9240
24/05/2026 19:14:08,3,130,250,3,2,9240
24/05/2026 19:14:24,3,130,250,3,1,9330
24/05/2026 19:14:40,3,130,250,3,1,9330
24/05/2026 19:14:56,3,130,250,3,1,9330
24/05/2026 19:15:12,3,130,250,3,1,9300
24/05/2026 19:15:28,3,130,250,3,1,9300
24/05/2026 19:15:44,3,130,250,3,2,9000
24/05/2026 19:16:00,3,130,250,3,2,9000
24/05/2026 19:16:16,3,140,250,3,3,9000
24/05/2026 19:16:32,3,140,250,3,3,9000
24/05/2026 19:16:48,3,140,250,3,1,9220
24/05/2026 19:17:04,3,140,250,3,1,9220
24/05/2026 19:17:20,3,140,250,3,1,9220
24/05/2026 19:17:36,3,140,250,3,1,9210
24/05/2026 19:17:52,3,140,250,3,1,9210
24/05/2026 19:18:08,3,140,250,3,1,9200
24/05/2026 19:18:24,3,140,250,3,1,9200
24/05/2026 19:18:40,3,140,250,3,2,1160
24/05/2026 19:18:56,3,140,250,3,2,1160
24/05/2026 19:19:12,3,140,250,3,1,1160
24/05/2026 19:19:28,3,140,250,3,1,1160
24/05/2026 19:19:44,3,140,250,3,1,1160
24/05/2026 19:20:00,3,140,250,3,1,1160
24/05/2026 19:20:16,3,140,250,3,1,1160
24/05/2026 19:20:32,3,140,250,3,1,1160
24/05/2026 19:20:48,3,140,250,3,1,1160
24/05/2026 19:21:04,3,140,250,3,1,1150
24/05/2026 19:21:20,3,140,250,3,1,1150
24/05/2026 19:21:36,3,140,250,3,1,1150
24/05/2026 19:21:52,3,140,250,3,1,1150
24/05/2026 19:22:08,3,140,250,3,1,1150
24/05/2026 19:22:24,3,140,250,3,1,1140
24/05/2026 19:22:40,3,140,250,3,1,1140
24/05/2026 19:22:56,3,140,250,3,1,1160
24/05/2026 19:23:12,3,140,250,3,1,1160
24/05/2026 19:23:28,3,140,250,3,1,1160
24/05/2026 19:23:44,3,140,250,3,1,1160
24/05/2026 19:24:00,3,140,250,3,1,1160
24/05/2026 19:24:16,3,140,250,3,1,1160
24/05/2026 19:24:32,3,140,250,3,1,1160
24/05/2026 19:24:48,3,140,250,3,1,1160
24/05/2026 19:25:04,3,140,250,3,1,1160
24/05/2026 19:25:20,3,140,250,3,1,1160
24/05/2026 19:25:36,3,140,250,3,1,1160
24/05/2026 19:25:52,3,140,250,3,1,1160
24/05/2026 19:26:08,3,130,250,3,1,1160
24/05/2026 19:26:24,3,130,250,3,1,1130
24/05/2026 19:26:40,3,130,250,3,1,1130
24/05/2026 19:26:56,3,130,250,3,1,1130
24/05/2026 19:27:12,3,130,250,3,1,1140
24/05/2026 19:27:28,3,130,250,3,1,1140
24/05/2026 19:27:44,3,130,250,3,1,1160
24/05/2026 19:28:00,3,130,250,3,1,1160
24/05/2026 19:28:16,3,130,250,3,1,1160
24/05/2026 19:28:32,3,130,250,3,1,1160
24/05/2026 19:28:48,3,130,250,3,1,1160
24/05/2026 19:29:04,3,130,250,3,1,1160
24/05/2026 19:29:20,3,130,250,3,1,1160
24/05/2026 19:29:36,3,130,250,3,1,1150
24/05/2026 19:29:52,3,130,250,3,1,1150
24/05/2026 19:30:08,3,130,250,3,1,1150
24/05/2026 19:30:24,3,130,250,3,1,1150
24/05/2026 19:30:40,3,130,250,3,1,1140
24/05/2026 19:30:56,3,130,250,3,1,1140
24/05/2026 19:31:12,3,130,250,3,1,1130
24/05/2026 19:31:28,3,130,250,3,1,1130
24/05/2026 19:31:44,3,130,250,3,1,1130
24/05/2026 19:32:00,3,130,250,3,1,1130
24/05/2026 19:32:16,3,130,250,3,1,1130
24/05/2026 19:32:32,3,130,250,3,1,1120
24/05/2026 19:32:48,3,130,250,3,1,1120
24/05/2026 19:33:04,3,130,250,3,1,1120
24/05/2026 19:33:20,3,130,250,3,1,1120
24/05/2026 19:33:36,3,130,250,3,1,1130
24/05/2026 19:33:52,3,140,250,3,1,1130
24/05/2026 19:34:08,3,140,250,3,1,1130
24/05/2026 19:34:24,3,140,250,3,1,1080
24/05/2026 19:34:40,3,140,250,3,1,1080
24/05/2026 19:34:56,3,140,250,3,1,1130
24/05/2026 19:35:12,3,140,250,3,1,1130
24/05/2026 19:35:28,3,140,250,3,1,1020
24/05/2026 19:35:44,3,140,250,3,1,1020
24/05/2026 19:36:00,3,140,250,3,1,1020
24/05/2026 19:36:16,3,140,250,3,1,1020
24/05/2026 19:36:32,3,140,250,3,1,1020
24/05/2026 19:36:48,3,140,250,3,1,1010
24/05/2026 19:37:04,3,140,250,3,1,1010
24/05/2026 19:37:20,3,140,250,3,1,1110
24/05/2026 19:37:36,3,150,250,3,1,1110
24/05/2026 19:37:52,3,150,250,3,1,1100
24/05/2026 19:38:08,3,150,250,3,1,1100
24/05/2026 19:38:24,3,150,250,3,1,1080
24/05/2026 19:38:40,3,150,250,3,1,1080
24/05/2026 19:38:56,3,150,250,3,1,1080
24/05/2026 19:39:12,3,150,250,3,1,1120
24/05/2026 19:39:28,3,150,250,3,1,1120
24/05/2026 19:39:44,3,150,250,3,1,1120
24/05/2026 19:40:00,3,150,250,3,1,1120
24/05/2026 19:40:16,3,150,250,3,1,1120
24/05/2026 19:40:32,3,160,250,3,1,1120
24/05/2026 19:40:48,3,160,250,3,1,1120
24/05/2026 19:41:04,3,160,250,3,1,1120
24/05/2026 19:41:20,3,160,250,3,1,1120
24/05/2026 19:41:36,3,160,250,3,1,1110
24/05/2026 19:41:52,3,160,250,3,1,1110
24/05/2026 19:42:08,3,160,250,3,1,1110
24/05/2026 19:42:24,3,160,250,3,1,1110
24/05/2026 19:42:40,3,160,250,3,1,1110
24/05/2026 19:42:56,3,160,250,3,1,1110
24/05/2026 19:43:12,3,160,250,3,1,1120
24/05/2026 19:43:28,3,160,250,3,1,1120
24/05/2026 19:43:44,3,160,250,3,1,1120
24/05/2026 19:44:00,3,160,250,3,1,1130
24/05/2026 19:44:16,3,160,250,3,1,1130
24/05/2026 19:44:32,3,160,250,3,1,1140
24/05/2026 19:44:48,3,160,250,3,1,1140
24/05/2026 19:45:04,3,160,250,3,1,1110
24/05/2026 19:45:20,3,160,250,3,1,1110
24/05/2026 19:45:36,3,150,250,3,1,1110
24/05/2026 19:45:52,3,150,250,3,1,1110
24/05/2026 19:46:08,3,150,250,3,1,1110
24/05/2026 19:46:24,3,150,250,3,1,1110
24/05/2026 19:46:40,3,150,250,3,1,1110
24/05/2026 19:46:56,3,150,250,3,1,1110
24/05/2026 19:47:12,3,150,250,3,1,1110
24/05/2026 19:47:28,3,150,250,3,1,1140
24/05/2026 19:47:44,3,150,250,3,1,1140
24/05/2026 19:48:00,3,150,250,3,1,1140
24/05/2026 19:48:16,3,150,250,3,1,1140
24/05/2026 19:48:32,3,150,250,3,1,1140
24/05/2026 19:48:48,3,150,250,3,1,1140
24/05/2026 19:49:04,3,150,250,3,1,1140
24/05/2026 19:49:20,3,150,250,3,1,1120
24/05/2026 19:49:36,3,150,250,3,1,1120
24/05/2026 19:49:52,3,150,250,3,1,1120
24/05/2026 19:50:08,3,150,250,3,1,1120
24/05/2026 19:50:24,3,150,250,3,1,1250
24/05/2026 19:50:40,3,150,250,3,1,1250
24/05/2026 19:50:56,3,150,250,3,1,1250
24/05/2026 19:51:12,3,150,250,3,1,1230
24/05/2026 19:51:28,3,150,250,3,1,1230
24/05/2026 19:51:44,3,150,250,3,1,1210
24/05/2026 19:52:00,3,150,250,3,1,1210
24/05/2026 19:52:16,3,150,250,3,1,1260
24/05/2026 19:52:32,3,150,250,3,1,1260
24/05/2026 19:52:48,3,150,250,3,1,1220
24/05/2026 19:53:04,3,150,250,3,1,1220
24/05/2026 19:53:20,3,150,250,3,1,1220
24/05/2026 19:53:36,3,150,250,3,1,1230
24/05/2026 19:53:52,3,150,250,3,1,1230
24/05/2026 19:54:08,3,150,250,3,1,1200
24/05/2026 19:54:24,3,150,250,3,1,1200
24/05/2026 19:54:40,3,150,250,3,1,1190
24/05/2026 19:54:56,3,150,250,3,1,1190
24/05/2026 19:55:12,3,150,250,3,1,1110
24/05/2026 19:55:28,3,150,250,3,1,1110
24/05/2026 19:55:44,3,150,250,3,1,1110
24/05/2026 19:56:00,3,150,250,3,1,1160
24/05/2026 19:56:16,3,150,250,3,1,1160
24/05/2026 19:56:32,3,150,250,3,1,1280
24/05/2026 19:56:48,3,150,250,3,1,1280
24/05/2026 19:57:04,3,150,250,3,1,1230
24/05/2026 19:57:20,3,150,250,3,1,1230
24/05/2026 19:57:36,3,150,250,3,1,1090
24/05/2026 19:57:52,3,150,250,3,1,1090
24/05/2026 19:58:08,3,150,250,3,1,1090
24/05/2026 19:58:24,3,150,250,3,1,1060
24/05/2026 19:58:40,3,150,250,3,1,1060
24/05/2026 19:58:56,3,150,250,3,1,1290
24/05/2026 19:59:12,3,150,250,3,1,1290
24/05/2026 19:59:28,3,150,250,3,1,1290
24/05/2026 19:59:44,3,150,250,3,1,1290
24/05/2026 20:00:00,3,150,140,3,1,1260
24/05/2026 20:00:16,3,160,140,3,1,1260
24/05/2026 20:00:32,3,160,140,3,1,1260
24/05/2026 20:00:48,3,160,140,3,1,1260
24/05/2026 20:01:04,3,160,140,3,1,1260
24/05/2026 20:01:20,3,160,140,3,1,1270
24/05/2026 20:01:36,3,160,140,3,1,1270
24/05/2026 20:01:52,3,160,140,3,1,1240
24/05/2026 20:02:08,3,160,140,3,1,1240
24/05/2026 20:02:24,3,160,140,3,1,1230
24/05/2026 20:02:40,3,160,140,3,1,1230
24/05/2026 20:02:56,3,160,140,3,1,1230
24/05/2026 20:03:12,3,160,140,3,2,1310
24/05/2026 20:03:28,3,160,140,3,2,1310
24/05/2026 20:03:44,3,160,140,3,1,1300
24/05/2026 20:04:00,3,160,140,3,1,1300
24/05/2026 20:04:16,3,160,140,3,1,1230
24/05/2026 20:04:32,3,160,140,3,1,1230
24/05/2026 20:04:48,3,160,140,3,1,1180
24/05/2026 20:05:04,3,160,140,3,1,1180
24/05/2026 20:05:20,3,160,140,3,1,1180
24/05/2026 20:05:36,3,160,140,3,1,1220
24/05/2026 20:05:52,3,160,140,3,1,1220
24/05/2026 20:06:08,3,160,140,3,1,1240
24/05/2026 20:06:24,3,160,140,3,1,1240
24/05/2026 20:06:40,3,160,140,3,1,1220
24/05/2026 20:06:56,3,160,140,3,1,1220
24/05/2026 20:07:12,3,160,140,3,3,1250
24/05/2026 20:07:28,3,160,140,3,3,1250
24/05/2026 20:07:44,3,160,140,3,3,1250
24/05/2026 20:08:00,3,160,140,3,3,1290
24/05/2026 20:08:16,3,160,140,3,3,1290
24/05/2026 20:08:32,3,160,140,3,1,1300
24/05/2026 20:08:48,3,160,140,3,1,1300
24/05/2026 20:09:04,3,160,140,3,1,1300
24/05/2026 20:09:20,3,160,140,3,1,1300
24/05/2026 20:09:36,3,160,140,3,1,1280
24/05/2026 20:09:52,3,160,140,3,1,1280
24/05/2026 20:10:08,3,160,140,3,1,1280
24/05/2026 20:10:24,3,160,140,3,1,1270
24/05/2026 20:10:40,3,160,140,3,1,1270
24/05/2026 20:10:56,3,160,140,3,1,1250
24/05/2026 20:11:12,3,160,140,3,1,1250
24/05/2026 20:11:28,3,160,140,3,1,1280
24/05/2026 20:11:44,3,160,140,3,1,1280
24/05/2026 20:12:00,3,160,140,3,1,1260
24/05/2026 20:12:16,3,160,140,3,1,1260
24/05/2026 20:12:32,3,160,140,3,1,1260
24/05/2026 20:12:48,3,150,140,3,1,1260
24/05/2026 20:13:04,3,150,140,3,1,1260
24/05/2026 20:13:20,3,150,140,3,1,1200
24/05/2026 20:13:36,3,150,140,3,1,1200
24/05/2026 20:13:52,3,150,140,3,1,1180
24/05/2026 20:14:08,3,150,140,3,1,1180
24/05/2026 20:14:24,3,150,140,3,1,1170
24/05/2026 20:14:40,3,150,140,3,1,1170
24/05/2026 20:14:56,3,150,140,3,1,1170
24/05/2026 20:15:12,3,150,140,3,1,1260
24/05/2026 20:15:28,3,150,140,3,1,1260
24/05/2026 20:15:44,3,150,140,3,1,1230
24/05/2026 20:16:00,3,150,140,3,1,1230
24/05/2026 20:16:16,3,150,140,3,1,1250
24/05/2026 20:16:32,3,150,140,3,1,1250
24/05/2026 20:16:48,3,150,140,3,1,1260
24/05/2026 20:17:04,3,150,140,3,1,1260
24/05/2026 20:17:20,3,150,140,3,1,1260
24/05/2026 20:17:36,3,150,140,3,1,1250
24/05/2026 20:17:52,3,150,140,3,1,1250
24/05/2026 20:18:08,3,150,140,3,1,1240
24/05/2026 20:18:24,3,150,140,3,1,1240
24/05/2026 20:18:40,3,150,140,3,1,1240
24/05/2026 20:18:56,3,150,140,3,1,1240
24/05/2026 20:19:12,3,140,140,3,1,1230
24/05/2026 20:19:28,3,140,140,3,1,1230
24/05/2026 20:19:44,3,140,140,3,1,1230
24/05/2026 20:20:00,3,140,140,3,1,1230
24/05/2026 20:20:16,3,140,140,3,1,1230
24/05/2026 20:20:32,3,140,140,3,1,1240
24/05/2026 20:20:48,3,140,140,3,1,1240
24/05/2026 20:21:04,3,140,140,3,1,1250
24/05/2026 20:21:20,3,140,140,3,1,1250
24/05/2026 20:21:36,3,140,140,3,1,1220
24/05/2026 20:21:52,3,140,140,3,1,1220
24/05/2026 20:22:08,3,140,140,3,1,1220
24/05/2026 20:22:24,3,130,140,3,1,1230
24/05/2026 20:22:40,3,130,140,3,1,1230
24/05/2026 20:22:56,3,130,140,3,1,1240
24/05/2026 20:23:12,3,130,140,3,1,1240
24/05/2026 20:23:28,3,130,140,3,1,1270
24/05/2026 20:23:44,3,130,140,3,1,1270
24/05/2026 20:24:00,3,130,140,3,1,1240
24/05/2026 20:24:16,3,130,140,3,1,1240
24/05/2026 20:24:32,3,130,140,3,1,1240
24/05/2026 20:24:48,3,130,140,3,2,960
24/05/2026 20:25:04,3,130,140,3,2,960
24/05/2026 20:25:20,3,130,140,3,1,1220
24/05/2026 20:25:36,3,130,140,3,1,1220
24/05/2026 20:25:52,3,130,140,3,1,1230
24/05/2026 20:26:08,3,130,140,3,1,1230
24/05/2026 20:26:24,3,130,140,3,1,1210
24/05/2026 20:26:40,3,130,140,3,1,1210
24/05/2026 20:26:56,3,120,140,3,1,1210
24/05/2026 20:27:12,3,120,140,3,1,1200
24/05/2026 20:27:28,3,120,140,3,1,1200
24/05/2026 20:27:44,3,120,140,3,1,1220
24/05/2026 20:28:00,3,120,140,3,1,1220
24/05/2026 20:28:16,3,120,140,3,1,1220
24/05/2026 20:28:32,3,120,140,3,1,1220
24/05/2026 20:28:48,3,120,140,3,1,1220
24/05/2026 20:29:04,3,120,140,3,1,1220
24/05/2026 20:29:20,3,120,140,3,1,1220
24/05/2026 20:29:36,3,120,140,3,1,1250
24/05/2026 20:29:52,3,120,140,3,1,1250
24/05/2026 20:30:08,3,120,140,3,1,1250
24/05/2026 20:30:24,3,120,140,3,1,1250
24/05/2026 20:30:40,3,120,140,3,1,1250
24/05/2026 20:30:56,3,120,140,3,1,1250
24/05/2026 20:31:12,3,120,140,3,1,1250
24/05/2026 20:31:28,3,120,140,3,1,1250
24/05/2026 20:31:44,3,120,140,3,1,1250
24/05/2026 20:32:00,3,120,140,3,1,1240
24/05/2026 20:32:16,3,120,140,3,1,1240
24/05/2026 20:32:32,3,120,140,3,1,1240
24/05/2026 20:32:48,3,120,140,3,1,1240
24/05/2026 20:33:04,3,120,140,3,1,1270
24/05/2026 20:33:20,3,120,140,3,1,1270
24/05/2026 20:33:36,3,120,140,3,1,1270
24/05/2026 20:33:52,3,120,140,3,1,1270
24/05/2026 20:34:08,3,120,140,3,1,1270
24/05/2026 20:34:24,3,120,140,3,1,1290
24/05/2026 20:34:40,3,120,140,3,1,1290
24/05/2026 20:34:56,3,120,140,3,2,890
24/05/2026 20:35:12,3,120,140,3,2,890
24/05/2026 20:35:28,3,120,140,3,2,890
24/05/2026 20:35:44,3,120,140,3,2,890
24/05/2026 20:36:00,3,120,140,3,1,1260
24/05/2026 20:36:16,3,120,140,3,1,1260
24/05/2026 20:36:32,3,120,140,3,1,1260
24/05/2026 20:36:48,3,120,140,3,1,1310
24/05/2026 20:37:04,3,120,140,3,1,1310
24/05/2026 20:37:20,3,120,140,3,1,1300
24/05/2026 20:37:36,3,120,140,3,1,1300
24/05/2026 20:37:52,3,120,140,3,1,1280
24/05/2026 20:38:08,3,120,140,3,1,1280
24/05/2026 20:38:24,3,130,140,3,2,870
24/05/2026 20:38:40,3,130,140,3,2,870
24/05/2026 20:38:56,3,130,140,3,2,870
24/05/2026 20:39:12,3,130,140,3,1,870
24/05/2026 20:39:28,3,130,140,3,1,870
24/05/2026 20:39:44,3,130,140,3,1,1210
24/05/2026 20:40:00,3,130,140,3,1,1210
24/05/2026 20:40:16,3,130,140,3,1,1250
24/05/2026 20:40:32,3,130,140,3,1,1250
24/05/2026 20:40:48,3,130,140,3,1,1240
24/05/2026 20:41:04,3,130,140,3,1,1240
24/05/2026 20:41:20,3,130,140,3,1,1240
24/05/2026 20:41:36,3,130,140,3,1,1230
24/05/2026 20:41:52,3,130,140,3,1,1230
24/05/2026 20:42:08,3,130,140,3,1,1210
24/05/2026 20:42:24,3,130,140,3,1,1210
24/05/2026 20:42:40,3,130,140,3,1,1240
24/05/2026 20:42:56,3,130,140,3,1,1240
24/05/2026 20:43:12,3,-999,140,3,1,1220
24/05/2026 20:43:28,3,-999,140,3,1,1220
24/05/2026 20:43:44,3,-999,140,3,1,1220
24/05/2026 20:44:00,3,130,140,3,1,1180
24/05/2026 20:44:16,3,130,140,3,1,1180
24/05/2026 20:44:32,3,130,140,3,1,1170
24/05/2026 20:44:48,3,130,140,3,1,1170
24/05/2026 20:45:04,3,130,140,3,1,1170
24/05/2026 20:45:20,3,130,140,3,1,1170
24/05/2026 20:45:36,3,130,140,3,1,1170
24/05/2026 20:45:52,3,140,140,3,1,1170
24/05/2026 20:46:08,3,140,140,3,1,1170
24/05/2026 20:46:24,3,140,140,3,1,1160
24/05/2026 20:46:40,3,140,140,3,1,1160
24/05/2026 20:46:56,3,140,140,3,1,1120
24/05/2026 20:47:12,3,140,140,3,1,1120
24/05/2026 20:47:28,3,140,140,3,1,1100
24/05/2026 20:47:44,3,140,140,3,1,1100
24/05/2026 20:48:00,3,140,140,3,1,1100
24/05/2026 20:48:16,3,140,140,3,1,1100
24/05/2026 20:48:32,3,140,140,3,1,1100
24/05/2026 20:48:48,3,140,140,3,2,1130
24/05/2026 20:49:04,3,140,140,3,2,1130
24/05/2026 20:49:20,3,140,140,3,2,1130
24/05/2026 20:49:36,3,140,140,3,2,1130
24/05/2026 20:49:52,3,140,140,3,3,1040
24/05/2026 20:50:08,3,140,140,3,3,1040
24/05/2026 20:50:24,3,140,140,3,3,1010
24/05/2026 20:50:40,3,140,140,3,3,1010
24/05/2026 20:50:56,3,140,140,3,3,1010
24/05/2026 20:51:12,3,140,140,3,3,1540
24/05/2026 20:51:28,3,140,140,3,3,1540
24/05/2026 20:51:44,3,140,140,3,2,6730
24/05/2026 20:52:00,3,140,140,3,2,6730
24/05/2026 20:52:16,3,140,140,3,2,7170
24/05/2026 20:52:32,3,140,140,3,2,7170
24/05/2026 20:52:48,3,140,140,3,2,1530
24/05/2026 20:53:04,3,140,140,3,2,1530
24/05/2026 20:53:20,3,140,140,3,2,1530
24/05/2026 20:53:36,3,140,140,3,1,1550
24/05/2026 20:53:52,3,140,140,3,1,1550
24/05/2026 20:54:08,3,140,140,3,1,1570
24/05/2026 20:54:24,3,140,140,3,1,1570
24/05/2026 20:54:40,3,140,140,3,1,1550
24/05/2026 20:54:56,3,140,140,3,1,1550
24/05/2026 20:55:12,3,130,140,3,2,1540
24/05/2026 20:55:28,3,130,140,3,2,1540
24/05/2026 20:55:44,3,130,140,3,2,1540
24/05/2026 20:56:00,3,130,140,3,2,6780
24/05/2026 20:56:16,3,130,140,3,2,6780
24/05/2026 20:56:32,3,130,140,3,2,7560
24/05/2026 20:56:48,3,130,140,3,2,7560
24/05/2026 20:57:04,3,130,140,3,1,7520
24/05/2026 20:57:20,3,130,140,3,1,7520
24/05/2026 20:57:36,3,130,140,3,1,7520
24/05/2026 20:57:52,3,130,140,3,1,7520
24/05/2026 20:58:08,3,120,140,3,1,7520
24/05/2026 20:58:24,3,120,140,3,3,1230
24/05/2026 20:58:40,3,120,140,3,3,1230
24/05/2026 20:58:56,3,120,140,3,1,1230
24/05/2026 20:59:12,3,120,140,3,1,1230
24/05/2026 20:59:28,3,120,140,3,1,1220
24/05/2026 20:59:44,3,120,140,3,1,1220
24/05/2026 21:00:00,3,110,140,3,1,1190
24/05/2026 21:00:16,3,110,140,3,1,1190
24/05/2026 21:00:32,3,100,140,3,1,1190
24/05/2026 21:00:48,3,100,140,3,2,1190
24/05/2026 21:01:04,3,100,140,3,2,1190
24/05/2026 21:01:20,3,100,140,3,1,7880
24/05/2026 21:01:36,3,100,140,3,1,7880
24/05/2026 21:01:52,3,90,140,3,1,7990
24/05/2026 21:02:08,3,90,140,3,1,7990
24/05/2026 21:02:24,3,90,140,3,1,8050
24/05/2026 21:02:40,3,90,140,3,1,8050
24/05/2026 21:02:56,3,90,140,3,1,8050
24/05/2026 21:03:12,3,90,140,3,1,8100
24/05/2026 21:03:28,3,90,140,3,1,8100
24/05/2026 21:03:44,3,90,140,3,1,8190
24/05/2026 21:04:00,3,90,140,3,1,8190
24/05/2026 21:04:16,3,90,140,3,1,8240
24/05/2026 21:04:32,3,80,140,3,1,8240
24/05/2026 21:04:48,3,80,140,3,1,8240
24/05/2026 21:05:04,3,80,140,3,1,8240
24/05/2026 21:05:20,3,80,140,3,1,8240
24/05/2026 21:05:36,3,80,140,3,1,8390
24/05/2026 21:05:52,3,80,140,3,1,8390
24/05/2026 21:06:08,3,80,140,3,1,8400
24/05/2026 21:06:24,3,80,140,3,1,8400
24/05/2026 21:06:40,3,80,140,3,2,7940
24/05/2026 21:06:56,3,80,140,3,2,7940
24/05/2026 21:07:12,3,80,140,3,2,7940
24/05/2026 21:07:28,3,80,140,3,2,7940
24/05/2026 21:07:44,3,70,140,3,2,7940
24/05/2026 21:08:00,3,70,140,3,1,7930
24/05/2026 21:08:16,3,70,140,3,1,7930
24/05/2026 21:08:32,3,70,140,3,1,8160
24/05/2026 21:08:48,3,70,140,3,1,8160
24/05/2026 21:09:04,3,70,140,3,2,8340
24/05/2026 21:09:20,3,70,140,3,2,8340
24/05/2026 21:09:36,3,60,140,3,2,9290
24/05/2026 21:09:52,3,60,140,3,2,9290
24/05/2026 21:10:08,3,60,140,3,2,9290
24/05/2026 21:10:24,3,60,140,3,2,9360
24/05/2026 21:10:40,3,60,140,3,2,9360
24/05/2026 21:10:56,3,60,140,3,2,9440
24/05/2026 21:11:12,3,60,140,3,2,9440
24/05/2026 21:11:28,3,60,140,3,2,9460
24/05/2026 21:11:44,3,60,140,3,2,9460
24/05/2026 21:12:00,3,60,140,3,2,9460
24/05/2026 21:12:16,3,60,140,3,2,9460
24/05/2026 21:12:32,3,60,140,3,2,9460
24/05/2026 21:12:48,3,60,140,3,1,9610
24/05/2026 21:13:04,3,60,140,3,1,9610
24/05/2026 21:13:20,3,60,140,3,1,9600
24/05/2026 21:13:36,3,60,140,3,1,9600
24/05/2026 21:13:52,3,60,140,3,2,1640
24/05/2026 21:14:08,3,60,140,3,2,1640
24/05/2026 21:14:24,3,60,140,3,2,1490
24/05/2026 21:14:40,3,60,140,3,2,1490
24/05/2026 21:14:56,3,60,140,3,2,1490
24/05/2026 21:15:12,3,60,140,3,1,1500
24/05/2026 21:15:28,3,50,140,3,1,1500
24/05/2026 21:15:44,3,50,140,3,1,1480
24/05/2026 21:16:00,3,920,140,3,1,1480
24/05/2026 21:16:16,3,900,140,3,1,1470
24/05/2026 21:16:32,3,900,140,3,1,1470
24/05/2026 21:16:48,3,890,140,3,1,1600
24/05/2026 21:17:04,3,880,140,3,1,1600
24/05/2026 21:17:20,3,870,140,3,1,1600
24/05/2026 21:17:36,3,870,140,3,1,1500
24/05/2026 21:17:52,3,870,140,3,1,1500
24/05/2026 21:18:08,3,870,140,3,1,1490
24/05/2026 21:18:24,3,870,140,3,1,1490
24/05/2026 21:18:40,3,870,140,3,1,1490
24/05/2026 21:18:56,3,870,140,3,1,1490
24/05/2026 21:19:12,3,870,140,3,1,1480
24/05/2026 21:19:28,3,870,140,3,1,1480
24/05/2026 21:19:44,3,870,140,3,1,1480
24/05/2026 21:20:00,3,870,140,3,1,1480
24/05/2026 21:20:16,3,870,140,3,1,1480
24/05/2026 21:20:32,3,870,140,3,1,1480
24/05/2026 21:20:48,3,870,140,3,1,1480
24/05/2026 21:21:04,3,880,140,3,1,1430
24/05/2026 21:21:20,3,880,140,3,1,1430
24/05/2026 21:21:36,3,890,140,3,1,1420
24/05/2026 21:21:52,3,890,140,3,1,1420
24/05/2026 21:22:08,3,890,140,3,1,1420
24/05/2026 21:22:24,3,890,140,3,1,1420
24/05/2026 21:22:40,3,890,140,3,1,1420
24/05/2026 21:22:56,3,60,140,3,1,1410
24/05/2026 21:23:12,3,70,140,3,1,1410
24/05/2026 21:23:28,3,70,140,3,1,1400
24/05/2026 21:23:44,3,70,140,3,1,1400
24/05/2026 21:24:00,3,70,140,3,1,1390
24/05/2026 21:24:16,3,60,140,3,1,1390
24/05/2026 21:24:32,3,60,140,3,1,1390
24/05/2026 21:24:48,3,60,140,3,1,1390
24/05/2026 21:25:04,3,60,140,3,1,1390
24/05/2026 21:25:20,3,60,140,3,1,1380
24/05/2026 21:25:36,3,60,140,3,1,1380
24/05/2026 21:25:52,3,60,140,3,1,1380
24/05/2026 21:26:08,3,60,140,3,1,1380
24/05/2026 21:26:24,3,60,140,3,1,1370
24/05/2026 21:26:40,3,50,140,3,1,1370
24/05/2026 21:26:56,3,50,140,3,1,1370
24/05/2026 21:27:12,3,50,140,3,1,1370
24/05/2026 21:27:28,3,50,140,3,1,1370
24/05/2026 21:27:44,3,50,140,3,1,1360
24/05/2026 21:28:00,3,50,140,3,1,1360
24/05/2026 21:28:16,3,50,140,3,1,1240
24/05/2026 21:28:32,3,50,140,3,1,1240
24/05/2026 21:28:48,3,60,140,3,1,1220
24/05/2026 21:29:04,3,60,140,3,1,1220
24/05/2026 21:29:20,3,60,140,3,1,1220
24/05/2026 21:29:36,3,60,140,3,1,1290
24/05/2026 21:29:52,3,60,140,3,1,1290
24/05/2026 21:30:08,3,60,140,3,1,1260
24/05/2026 21:30:24,3,60,140,3,1,1260
24/05/2026 21:30:40,3,60,140,3,1,1240
24/05/2026 21:30:56,3,60,140,3,1,1240
24/05/2026 21:31:12,3,60,140,3,1,1230
24/05/2026 21:31:28,3,60,140,3,1,1230
24/05/2026 21:31:44,3,60,140,3,1,1230
24/05/2026 21:32:00,3,60,140,3,1,1130
24/05/2026 21:32:16,3,60,140,3,1,1130
24/05/2026 21:32:32,3,60,140,3,1,1070
24/05/2026 21:32:48,3,60,140,3,1,1070
24/05/2026 21:33:04,3,60,140,3,1,1080
24/05/2026 21:33:20,3,60,140,3,1,1080
24/05/2026 21:33:36,3,60,140,3,1,1040
24/05/2026 21:33:52,3,60,140,3,1,1040
24/05/2026 21:34:08,3,690,140,3,1,1040
24/05/2026 21:34:24,3,690,140,3,1,1030
24/05/2026 21:34:40,3,670,140,3,1,1030
24/05/2026 21:34:56,3,660,140,3,1,1020
24/05/2026 21:35:12,3,660,140,3,1,1020
24/05/2026 21:35:28,3,660,140,3,1,1020
24/05/2026 21:35:44,3,660,140,3,1,1020
24/05/2026 21:36:00,3,1210,140,3,1,1010
24/05/2026 21:36:16,3,1180,140,3,1,1010
24/05/2026 21:36:32,3,1180,140,3,1,1010
24/05/2026 21:36:48,3,1160,140,3,1,1150
24/05/2026 21:37:04,3,1160,140,3,1,1150
24/05/2026 21:37:20,3,1160,140,3,1,1100
24/05/2026 21:37:36,3,1160,140,3,1,1100
24/05/2026 21:37:52,3,1160,140,3,1,1060
24/05/2026 21:38:08,3,1150,140,3,1,1060
24/05/2026 21:38:24,3,1150,140,3,1,1050
24/05/2026 21:38:40,3,1150,140,3,1,1050
24/05/2026 21:38:56,3,1140,140,3,1,1050
24/05/2026 21:39:12,3,-999,140,3,1,1000
24/05/2026 21:39:28,3,-999,140,3,1,1000
24/05/2026 21:39:44,3,-999,140,3,1,1040
24/05/2026 21:40:00,3,-999,140,3,1,1040
24/05/2026 21:40:16,3,-999,140,3,1,1020
24/05/2026 21:40:32,3,-999,140,3,1,1020
24/05/2026 21:40:48,3,-999,140,3,1,1010
24/05/2026 21:41:04,3,-999,140,3,1,1010
24/05/2026 21:41:20,3,-999,140,3,1,1010
24/05/2026 21:41:36,3,-999,140,3,1,1000
24/05/2026 21:41:52,3,-999,140,3,1,1000
24/05/2026 21:42:08,3,-999,140,3,1,980
24/05/2026 21:42:24,3,-999,140,3,1,980
24/05/2026 21:42:40,3,-999,140,3,1,980
24/05/2026 21:42:56,3,-999,140,3,1,980
24/05/2026 21:43:12,3,-999,140,3,1,970
24/05/2026 21:43:28,3,-999,140,3,1,970
24/05/2026 21:43:44,3,-999,140,3,1,970
24/05/2026 21:44:00,3,-999,140,3,1,960
24/05/2026 21:44:16,3,-999,140,3,1,960
24/05/2026 21:44:32,3,-999,140,3,1,900
24/05/2026 21:44:48,3,-999,140,3,1,900
24/05/2026 21:45:04,3,-999,140,3,2,710
24/05/2026 21:45:20,3,-999,140,3,2,710
24/05/2026 21:45:36,3,-999,140,3,2,700
24/05/2026 21:45:52,3,-999,140,3,2,700
24/05/2026 21:46:08,3,-999,140,3,2,700
24/05/2026 21:46:24,3,-999,140,3,1,710
24/05/2026 21:46:40,3,-999,140,3,1,710
24/05/2026 21:46:56,3,-999,140,3,1,710
24/05/2026 21:47:12,3,-999,140,3,1,710
24/05/2026 21:47:28,3,-999,140,3,1,710
24/05/2026 21:47:44,3,-999,140,3,1,710
24/05/2026 21:48:00,3,-999,140,3,1,710
24/05/2026 21:48:16,3,-999,140,3,1,710
24/05/2026 21:48:32,3,-999,140,3,1,710
24/05/2026 21:48:48,3,-999,140,3,1,720
24/05/2026 21:49:04,3,-999,140,3,1,720
24/05/2026 21:49:20,3,-999,140,3,1,700
24/05/2026 21:49:36,3,-999,140,3,1,700
24/05/2026 21:49:52,3,-999,140,3,1,550
24/05/2026 21:50:08,3,-999,140,3,1,550
24/05/2026 21:50:24,3,-999,140,3,1,570
24/05/2026 21:50:40,3,-999,140,3,1,570
24/05/2026 21:50:56,3,-999,140,3,1,570
24/05/2026 21:51:12,3,-999,140,3,1,560
24/05/2026 21:51:28,3,-999,140,3,1,560
24/05/2026 21:51:44,3,-999,140,3,1,550
24/05/2026 21:52:00,3,-999,140,3,1,550
24/05/2026 21:52:16,3,-999,140,3,1,520
24/05/2026 21:52:32,3,-999,140,3,1,520
24/05/2026 21:52:48,3,-999,140,3,1,520
24/05/2026 21:53:04,3,-999,140,3,1,520
24/05/2026 21:53:20,3,-999,140,3,1,520
24/05/2026 21:53:36,3,-999,140,3,1,490
24/05/2026 21:53:52,3,-999,140,3,1,490
24/05/2026 21:54:08,3,-999,140,3,1,460
24/05/2026 21:54:24,3,-999,140,3,1,460
24/05/2026 21:54:40,3,-999,140,3,1,460
24/05/2026 21:54:56,3,-999,140,3,1,460
24/05/2026 21:55:12,3,-999,140,3,1,440
24/05/2026 21:55:28,3,-999,140,3,1,440
24/05/2026 21:55:44,3,-999,140,3,1,440
24/05/2026 21:56:00,3,-999,140,3,1,440
24/05/2026 21:56:16,3,-999,140,3,1,440
24/05/2026 21:56:32,3,-999,140,3,1,440
24/05/2026 21:56:48,3,-999,140,3,1,440
24/05/2026 21:57:04,3,-999,140,3,1,430
24/05/2026 21:57:20,3,-999,140,3,1,430
24/05/2026 21:57:36,3,-999,140,3,1,400
24/05/2026 21:57:52,3,-999,140,3,1,400
24/05/2026 21:58:08,3,-999,140,3,1,400
24/05/2026 21:58:24,3,-999,140,3,1,400
24/05/2026 21:58:40,3,-999,140,3,1,400
24/05/2026 21:58:56,3,-999,140,3,1,590
24/05/2026 21:59:12,3,-999,140,3,1,590
24/05/2026 21:59:28,3,-999,140,3,1,670
24/05/2026 21:59:44,3,-999,140,3,1,670
24/05/2026 22:00:00,2,-999,60,3,1,670
24/05/2026 22:00:16,2,-999,60,3,1,670
24/05/2026 22:00:32,2,-999,60,3,1,670
24/05/2026 22:00:48,2,-999,60,3,1,720
24/05/2026 22:01:04,2,-999,60,3,1,720
24/05/2026 22:01:20,2,-999,60,3,1,760
24/05/2026 22:01:36,2,-999,60,3,1,760
24/05/2026 22:01:52,2,-999,60,3,2,460
24/05/2026 22:02:08,2,-999,60,3,2,460
24/05/2026 22:02:24,2,-999,60,3,1,920
24/05/2026 22:02:40,2,-999,60,3,1,920
24/05/2026 22:02:56,2,-999,60,3,1,920
24/05/2026 22:03:12,2,-999,60,3,1,900
24/05/2026 22:03:28,2,-999,60,3,1,900
24/05/2026 22:03:44,2,-999,60,3,1,920
24/05/2026 22:04:00,2,-999,60,3,1,920
24/05/2026 22:04:16,2,-999,60,3,1,930
24/05/2026 22:04:32,2,-999,60,3,1,930
24/05/2026 22:04:48,2,-999,60,3,1,910
24/05/2026 22:05:04,2,-999,60,3,1,910
24/05/2026 22:05:20,2,-999,60,3,1,910
24/05/2026 22:05:36,2,-999,60,3,2,360
24/05/2026 22:05:52,2,-999,60,3,2,360
24/05/2026 22:06:08,2,-999,60,3,2,330
24/05/2026 22:06:24,2,-999,60,3,2,330
24/05/2026 22:06:40,2,-999,60,3,1,930
24/05/2026 22:06:56,2,-999,60,3,1,930
24/05/2026 22:07:12,2,-999,60,3,1,840
24/05/2026 22:07:28,2,-999,60,3,1,840
24/05/2026 22:07:44,2,-999,60,3,1,840
24/05/2026 22:08:00,2,-999,60,3,1,810
24/05/2026 22:08:16,2,-999,60,3,1,810
24/05/2026 22:08:32,2,-999,60,3,1,850
24/05/2026 22:08:48,2,-999,60,3,1,850
24/05/2026 22:09:04,2,-999,60,3,1,830
24/05/2026 22:09:20,2,-999,60,3,1,830
24/05/2026 22:09:36,2,-999,60,3,1,880
24/05/2026 22:09:52,2,-999,60,3,1,880
24/05/2026 22:10:08,2,-999,60,3,1,880
24/05/2026 22:10:24,2,-999,60,3,1,860
24/05/2026 22:10:40,2,-999,60,3,1,860
24/05/2026 22:10:56,2,-999,60,3,1,890
24/05/2026 22:11:12,2,-999,60,3,1,890
24/05/2026 22:11:28,2,-999,60,3,2,820
24/05/2026 22:11:44,2,-999,60,3,2,820
24/05/2026 22:12:00,2,-999,60,3,2,790
24/05/2026 22:12:16,2,-999,60,3,2,790
24/05/2026 22:12:32,2,-999,60,3,2,790
24/05/2026 22:12:48,2,-999,60,3,1,760
24/05/2026 22:13:04,2,-999,60,3,1,760
24/05/2026 22:13:20,2,-999,60,3,3,770
24/05/2026 22:13:36,2,-999,60,3,3,770
24/05/2026 22:13:52,2,-999,60,3,2,860
24/05/2026 22:14:08,2,-999,60,3,2,860
24/05/2026 22:14:24,2,-999,60,3,1,840
24/05/2026 22:14:40,2,-999,60,3,1,840
24/05/2026 22:14:56,2,-999,60,3,1,840
24/05/2026 22:15:12,2,-999,60,3,1,830
24/05/2026 22:15:28,2,-999,60,3,1,830
24/05/2026 22:15:44,2,-999,60,3,1,750
24/05/2026 22:16:00,2,-999,60,3,1,750
24/05/2026 22:16:16,2,-999,60,3,1,740
24/05/2026 22:16:32,2,-999,60,3,1,740
24/05/2026 22:16:48,2,-999,60,3,1,730
24/05/2026 22:17:04,2,-999,60,3,1,730
24/05/2026 22:17:20,2,-999,60,3,1,730
24/05/2026 22:17:36,2,-999,60,3,1,720
24/05/2026 22:17:52,2,-999,60,3,1,720
24/05/2026 22:18:08,2,-999,60,3,1,660
24/05/2026 22:18:24,2,-999,60,3,1,660
24/05/2026 22:18:40,2,-999,60,3,1,650
24/05/2026 22:18:56,2,-999,60,3,1,650
24/05/2026 22:19:12,2,-999,60,3,1,640
24/05/2026 22:19:28,2,-999,60,3,1,640
24/05/2026 22:19:44,2,-999,60,3,1,640
24/05/2026 22:20:00,2,-999,60,3,1,650
24/05/2026 22:20:16,2,-999,60,3,1,650
24/05/2026 22:20:32,2,-999,60,3,1,650
24/05/2026 22:20:48,2,-999,60,3,1,650
24/05/2026 22:21:04,2,-999,60,3,1,650
24/05/2026 22:21:20,2,-999,60,3,1,650
24/05/2026 22:21:36,2,-999,60,3,2,680
24/05/2026 22:21:52,2,-999,60,3,2,680
24/05/2026 22:22:08,2,-999,60,3,2,680
24/05/2026 22:22:24,2,-999,60,3,2,610
24/05/2026 22:22:40,2,-999,60,3,2,610
24/05/2026 22:22:56,2,-999,60,3,2,610
24/05/2026 22:23:12,2,90,60,3,2,610
24/05/2026 22:23:28,2,90,60,3,2,610
24/05/2026 22:23:44,2,90,60,3,2,610
24/05/2026 22:24:00,2,90,60,3,2,560
24/05/2026 22:24:16,2,110,60,3,2,560
24/05/2026 22:24:32,2,110,60,3,2,560
24/05/2026 22:24:48,2,110,60,3,2,600
24/05/2026 22:25:04,2,110,60,3,2,600
24/05/2026 22:25:20,2,110,60,3,1,1040
24/05/2026 22:25:36,2,110,60,3,1,1040
24/05/2026 22:25:52,2,110,60,3,3,570
24/05/2026 22:26:08,2,110,60,3,3,570
24/05/2026 22:26:24,2,110,60,3,1,670
24/05/2026 22:26:40,2,110,60,3,1,670
24/05/2026 22:26:56,2,110,60,3,1,670
24/05/2026 22:27:12,2,110,60,3,2,610
24/05/2026 22:27:28,2,110,60,3,2,610
24/05/2026 22:27:44,2,110,60,3,2,580
24/05/2026 22:28:00,2,100,60,3,2,580
24/05/2026 22:28:16,2,100,60,3,2,590
24/05/2026 22:28:32,2,100,60,3,2,590
24/05/2026 22:28:48,2,100,60,3,2,910
24/05/2026 22:29:04,2,100,60,3,2,910
24/05/2026 22:29:20,2,100,60,3,2,910
24/05/2026 22:29:36,2,100,60,3,1,1000
24/05/2026 22:29:52,2,100,60,3,1,1000
24/05/2026 22:30:08,2,100,60,3,1,1100
24/05/2026 22:30:24,2,100,60,3,1,1100
24/05/2026 22:30:40,2,100,60,3,1,970
24/05/2026 22:30:56,2,90,60,3,1,970
24/05/2026 22:31:12,2,90,60,3,1,660
24/05/2026 22:31:28,2,90,60,3,1,660
24/05/2026 22:31:44,2,90,60,3,1,660
24/05/2026 22:32:00,2,90,60,3,1,540
24/05/2026 22:32:16,2,90,60,3,1,540
24/05/2026 22:32:32,2,90,60,3,1,540
24/05/2026 22:32:48,2,90,60,3,1,540
24/05/2026 22:33:04,2,90,60,3,1,540
24/05/2026 22:33:20,2,90,60,3,1,540
24/05/2026 22:33:36,2,90,60,3,2,520
24/05/2026 22:33:52,2,90,60,3,2,520
24/05/2026 22:34:08,2,90,60,3,2,520
24/05/2026 22:34:24,2,80,60,3,2,560
24/05/2026 22:34:40,2,70,60,3,2,560
24/05/2026 22:34:56,2,70,60,3,3,530
24/05/2026 22:35:12,2,70,60,3,3,530
24/05/2026 22:35:28,2,70,60,3,2,540
24/05/2026 22:35:44,2,70,60,3,2,540
24/05/2026 22:36:00,2,70,60,3,3,530
24/05/2026 22:36:16,2,70,60,3,3,530
24/05/2026 22:36:32,2,70,60,3,3,530
24/05/2026 22:36:48,2,70,60,3,2,520
24/05/2026 22:37:04,2,70,60,3,2,520
24/05/2026 22:37:20,2,70,60,3,2,520
24/05/2026 22:37:36,2,70,60,3,2,520
24/05/2026 22:37:52,2,70,60,3,2,970
24/05/2026 22:38:08,2,70,60,3,2,970
24/05/2026 22:38:24,2,70,60,3,2,540
24/05/2026 22:38:40,2,70,60,3,2,540
24/05/2026 22:38:56,2,70,60,3,2,540
24/05/2026 22:39:12,2,620,60,3,2,570
24/05/2026 22:39:28,2,620,60,3,2,570
24/05/2026 22:39:44,2,240,60,3,3,540
24/05/2026 22:40:00,2,240,60,3,3,540
24/05/2026 22:40:16,2,240,60,3,2,570
24/05/2026 22:40:32,2,240,60,3,2,570
24/05/2026 22:40:48,2,240,60,3,1,540
24/05/2026 22:41:04,2,240,60,3,1,540
24/05/2026 22:41:20,2,240,60,3,1,540
24/05/2026 22:41:36,2,240,60,3,1,520
24/05/2026 22:41:52,2,240,60,3,1,520
24/05/2026 22:42:08,2,650,60,3,1,520
24/05/2026 22:42:24,2,650,60,3,1,520
24/05/2026 22:42:40,2,650,60,3,2,530
24/05/2026 22:42:56,2,650,60,3,2,530
24/05/2026 22:43:12,2,650,60,3,2,540
24/05/2026 22:43:28,2,640,60,3,2,540
24/05/2026 22:43:44,2,640,60,3,2,540
24/05/2026 22:44:00,2,640,60,3,2,540
24/05/2026 22:44:16,2,640,60,3,2,540
24/05/2026 22:44:32,2,640,60,3,2,530
24/05/2026 22:44:48,2,640,60,3,2,530
24/05/2026 22:45:04,2,640,60,3,1,650
24/05/2026 22:45:20,2,640,60,3,1,650
24/05/2026 22:45:36,2,640,60,3,2,550
24/05/2026 22:45:52,2,-999,60,3,2,550
24/05/2026 22:46:08,2,-999,60,3,2,550
24/05/2026 22:46:24,2,-999,60,3,1,540
24/05/2026 22:46:40,2,-999,60,3,1,540
24/05/2026 22:46:56,2,-999,60,3,1,530
24/05/2026 22:47:12,2,-999,60,3,1,530
24/05/2026 22:47:28,2,-999,60,3,1,530
24/05/2026 22:47:44,2,140,60,3,1,530
24/05/2026 22:48:00,2,140,60,3,1,550
24/05/2026 22:48:16,2,60,60,3,1,550
24/05/2026 22:48:32,2,60,60,3,1,550
24/05/2026 22:48:48,2,60,60,3,1,550
24/05/2026 22:49:04,2,60,60,3,1,550
24/05/2026 22:49:20,2,60,60,3,1,560
24/05/2026 22:49:36,2,60,60,3,1,560
24/05/2026 22:49:52,2,60,60,3,1,560
24/05/2026 22:50:08,2,60,60,3,1,560
24/05/2026 22:50:24,2,60,60,3,1,550
24/05/2026 22:50:40,2,60,60,3,1,550
24/05/2026 22:50:56,2,60,60,3,1,550
24/05/2026 22:51:12,2,60,60,3,2,570
24/05/2026 22:51:28,2,60,60,3,2,570
24/05/2026 22:51:44,2,-999,60,3,1,1340
24/05/2026 22:52:00,2,-999,60,3,1,1340
24/05/2026 22:52:16,2,60,60,3,2,780
24/05/2026 22:52:32,2,60,60,3,2,780
24/05/2026 22:52:48,2,60,60,3,2,700
24/05/2026 22:53:04,2,60,60,3,2,700
24/05/2026 22:53:20,2,60,60,3,2,700
24/05/2026 22:53:36,2,60,60,3,1,610
24/05/2026 22:53:52,2,-999,60,3,1,610
24/05/2026 22:54:08,2,-999,60,3,1,590
24/05/2026 22:54:24,2,-999,60,3,1,590
24/05/2026 22:54:40,2,-999,60,3,2,550
24/05/2026 22:54:56,2,-999,60,3,2,550
24/05/2026 22:55:12,2,-999,60,3,3,490
24/05/2026 22:55:28,2,-999,60,3,3,490
24/05/2026 22:55:44,2,-999,60,3,3,490
24/05/2026 22:56:00,2,-999,60,3,2,470
24/05/2026 22:56:16,2,-999,60,3,2,470
24/05/2026 22:56:32,2,-999,60,3,3,560
24/05/2026 22:56:48,2,-999,60,3,3,560
24/05/2026 22:57:04,2,-999,60,3,2,530
24/05/2026 22:57:20,2,-999,60,3,2,530
24/05/2026 22:57:36,2,-999,60,3,2,630
24/05/2026 22:57:52,2,-999,60,3,2,630
24/05/2026 22:58:08,2,-999,60,3,2,630
24/05/2026 22:58:24,2,-999,60,3,1,680
24/05/2026 22:58:40,2,-999,60,3,1,680
24/05/2026 22:58:56,2,-999,60,3,2,780
24/05/2026 22:59:12,2,-999,60,3,2,780
24/05/2026 22:59:28,2,-999,60,3,2,580
24/05/2026 22:59:44,2,-999,60,3,2,580
24/05/2026 23:00:00,2,-999,90,3,2,580
24/05/2026 23:00:16,2,-999,90,3,2,580
24/05/2026 23:00:32,2,-999,90,3,2,580
24/05/2026 23:00:48,2,-999,90,3,2,590
24/05/2026 23:01:04,2,90,90,3,2,590
24/05/2026 23:01:20,2,90,90,3,1,1250
24/05/2026 23:01:36,2,90,90,3,1,1250
24/05/2026 23:01:52,2,90,90,3,2,830
24/05/2026 23:02:08,2,90,90,3,2,830
24/05/2026 23:02:24,2,-999,90,3,1,1180
24/05/2026 23:02:40,2,-999,90,3,1,1180
24/05/2026 23:02:56,2,-999,90,3,1,1180
24/05/2026 23:03:12,2,100,90,3,2,790
24/05/2026 23:03:28,2,100,90,3,2,790
24/05/2026 23:03:44,2,100,90,3,3,460
24/05/2026 23:04:00,2,100,90,3,3,460
24/05/2026 23:04:16,2,100,90,3,2,520
24/05/2026 23:04:32,2,100,90,3,2,520
24/05/2026 23:04:48,2,100,90,3,2,520
24/05/2026 23:05:04,2,100,90,3,2,520
24/05/2026 23:05:20,2,100,90,3,2,520
24/05/2026 23:05:36,2,100,90,3,1,660
24/05/2026 23:05:52,2,-999,90,3,1,660
24/05/2026 23:06:08,2,-999,90,3,3,440
24/05/2026 23:06:24,2,-999,90,3,3,440
24/05/2026 23:06:40,2,-999,90,3,1,1770
24/05/2026 23:06:56,2,-999,90,3,1,1770
24/05/2026 23:07:12,2,-999,90,3,1,1820
24/05/2026 23:07:28,2,-999,90,3,1,1820
24/05/2026 23:07:44,2,-999,90,3,1,1820
24/05/2026 23:08:00,2,-999,90,3,1,1800
24/05/2026 23:08:16,2,-999,90,3,1,1800
24/05/2026 23:08:32,2,-999,90,3,2,1310
24/05/2026 23:08:48,2,510,90,3,2,1310
24/05/2026 23:09:04,2,510,90,3,1,1790
24/05/2026 23:09:20,2,510,90,3,1,1790
24/05/2026 23:09:36,2,510,90,3,1,1770
24/05/2026 23:09:52,2,100,90,3,1,1770
24/05/2026 23:10:08,2,100,90,3,1,1770
24/05/2026 23:10:24,2,100,90,3,1,1770
24/05/2026 23:10:40,2,100,90,3,1,1770
24/05/2026 23:10:56,2,100,90,3,2,390
24/05/2026 23:11:12,2,100,90,3,2,390
24/05/2026 23:11:28,2,100,90,3,2,380
24/05/2026 23:11:44,2,500,90,3,2,380
24/05/2026 23:12:00,2,500,90,3,2,380
24/05/2026 23:12:16,2,500,90,3,2,380
24/05/2026 23:12:32,2,500,90,3,2,380
24/05/2026 23:12:48,2,470,90,3,2,1440
24/05/2026 23:13:04,2,470,90,3,2,1440
24/05/2026 23:13:20,2,460,90,3,2,1360
24/05/2026 23:13:36,2,460,90,3,2,1360
24/05/2026 23:13:52,2,460,90,3,3,1160
24/05/2026 23:14:08,2,460,90,3,3,1160
24/05/2026 23:14:24,2,-999,90,3,2,410
24/05/2026 23:14:40,2,-999,90,3,2,410
24/05/2026 23:14:56,2,-999,90,3,2,410
24/05/2026 23:15:12,2,460,90,3,1,410
24/05/2026 23:15:28,2,470,90,3,1,410
24/05/2026 23:15:44,2,470,90,3,2,410
24/05/2026 23:16:00,2,470,90,3,2,410
24/05/2026 23:16:16,2,470,90,3,3,430
24/05/2026 23:16:32,2,500,90,3,3,430
24/05/2026 23:16:48,2,500,90,3,1,430
24/05/2026 23:17:04,2,500,90,3,1,430
24/05/2026 23:17:20,2,500,90,3,1,430
24/05/2026 23:17:36,2,510,90,3,1,440
24/05/2026 23:17:52,2,510,90,3,1,440
24/05/2026 23:18:08,2,510,90,3,3,460
24/05/2026 23:18:24,2,510,90,3,3,460
24/05/2026 23:18:40,2,510,90,3,2,1600
24/05/2026 23:18:56,2,510,90,3,2,1600
24/05/2026 23:19:12,2,510,90,3,1,1780
24/05/2026 23:19:28,2,510,90,3,1,1780
24/05/2026 23:19:44,2,510,90,3,1,1780
24/05/2026 23:20:00,2,510,90,3,2,1590
24/05/2026 23:20:16,2,-999,90,3,2,1590
24/05/2026 23:20:32,2,-999,90,3,2,1540
24/05/2026 23:20:48,2,-999,90,3,2,1540
24/05/2026 23:21:04,2,-999,90,3,1,1570
24/05/2026 23:21:20,2,-999,90,3,1,1570
24/05/2026 23:21:36,2,-999,90,3,2,1600
24/05/2026 23:21:52,2,-999,90,3,2,1600
24/05/2026 23:22:08,2,-999,90,3,2,1600
24/05/2026 23:22:24,2,-999,90,3,2,1620
24/05/2026 23:22:40,2,1650,90,3,2,1620
24/05/2026 23:22:56,2,1650,90,3,1,1570
24/05/2026 23:23:12,2,1650,90,3,1,1570
24/05/2026 23:23:28,2,1650,90,3,1,1460
24/05/2026 23:23:44,2,1650,90,3,1,1460
24/05/2026 23:24:00,2,1650,90,3,2,1440
24/05/2026 23:24:16,2,1650,90,3,2,1440
24/05/2026 23:24:32,2,1650,90,3,2,1440
24/05/2026 23:24:48,2,1650,90,3,1,1400
24/05/2026 23:25:04,2,-999,90,3,1,1400
24/05/2026 23:25:20,2,-999,90,3,2,1390
24/05/2026 23:25:36,2,-999,90,3,2,1390
24/05/2026 23:25:52,2,-999,90,3,2,1320
24/05/2026 23:26:08,2,-999,90,3,2,1320
24/05/2026 23:26:24,2,-999,90,3,2,1300
24/05/2026 23:26:40,2,-999,90,3,2,1300
24/05/2026 23:26:56,2,-999,90,3,2,1300
24/05/2026 23:27:12,2,-999,90,3,2,1310
24/05/2026 23:27:28,2,-999,90,3,2,1310
24/05/2026 23:27:44,2,-999,90,3,2,1230
24/05/2026 23:28:00,2,-999,90,3,2,1230
24/05/2026 23:28:16,2,-999,90,3,3,850
24/05/2026 23:28:32,2,-999,90,3,3,850
24/05/2026 23:28:48,2,-999,90,3,1,750
24/05/2026 23:29:04,2,-999,90,3,1,750
24/05/2026 23:29:20,2,-999,90,3,1,750
24/05/2026 23:29:36,2,-999,90,3,1,740
24/05/2026 23:29:52,2,-999,90,3,1,740
24/05/2026 23:30:08,2,-999,90,3,2,740
24/05/2026 23:30:24,2,-999,90,3,2,740
24/05/2026 23:30:40,2,-999,90,3,2,740
24/05/2026 23:30:56,2,-999,90,3,2,740
24/05/2026 23:31:12,2,-999,90,3,1,680
24/05/2026 23:31:28,2,-999,90,3,1,680
24/05/2026 23:31:44,2,-999,90,3,1,680
24/05/2026 23:32:00,2,-999,90,3,1,660
24/05/2026 23:32:16,2,-999,90,3,1,660
24/05/2026 23:32:32,2,-999,90,3,1,690
24/05/2026 23:32:48,2,-999,90,3,1,690
24/05/2026 23:33:04,2,-999,90,3,2,640
24/05/2026 23:33:20,2,-999,90,3,2,640
24/05/2026 23:33:36,2,-999,90,3,2,570
24/05/2026 23:33:52,2,-999,90,3,2,570
24/05/2026 23:34:08,2,-999,90,3,2,570
24/05/2026 23:34:24,2,-999,90,3,1,480
24/05/2026 23:34:40,2,-999,90,3,1,480
24/05/2026 23:34:56,2,-999,90,3,2,450
24/05/2026 23:35:12,2,-999,90,3,2,450
24/05/2026 23:35:28,2,-999,90,3,2,360
24/05/2026 23:35:44,2,-999,90,3,2,360
24/05/2026 23:36:00,2,-999,90,3,1,1590
24/05/2026 23:36:16,2,-999,90,3,1,1590
24/05/2026 23:36:32,2,-999,90,3,1,1590
24/05/2026 23:36:48,2,-999,90,3,4,1440
24/05/2026 23:37:04,2,-999,90,3,4,1440
24/05/2026 23:37:20,2,-999,90,3,4,1420
24/05/2026 23:37:36,2,-999,90,3,4,1420
24/05/2026 23:37:52,2,-999,90,3,4,1380
24/05/2026 23:38:08,2,-999,90,3,4,1380
24/05/2026 23:38:24,2,-999,90,3,4,1340
24/05/2026 23:38:40,2,-999,90,3,4,1340
24/05/2026 23:38:56,2,-999,90,3,4,1340
24/05/2026 23:39:12,2,-999,90,3,1,1570
24/05/2026 23:39:28,2,-999,90,3,1,1570
24/05/2026 23:39:44,2,-999,90,3,4,1310
24/05/2026 23:40:00,2,-999,90,3,4,1310
24/05/2026 23:40:16,2,-999,90,3,4,1290
24/05/2026 23:40:32,2,-999,90,3,4,1290
24/05/2026 23:40:48,2,-999,90,3,4,1500
24/05/2026 23:41:04,2,-999,90,3,4,1500
24/05/2026 23:41:20,2,-999,90,3,4,1500
24/05/2026 23:41:36,2,-999,90,3,4,1400
24/05/2026 23:41:52,2,-999,90,3,4,1400
24/05/2026 23:42:08,2,-999,90,3,1,1750
24/05/2026 23:42:24,2,-999,90,3,1,1750
24/05/2026 23:42:40,2,-999,90,3,4,1340
24/05/2026 23:42:56,2,-999,90,3,4,1340
24/05/2026 23:43:12,2,-999,90,3,1,440
24/05/2026 23:43:28,2,-999,90,3,1,440
24/05/2026 23:43:44,2,-999,90,3,1,440
24/05/2026 23:44:00,2,-999,90,3,1,400
24/05/2026 23:44:16,2,-999,90,3,1,400
24/05/2026 23:44:32,2,-999,90,3,2,400
24/05/2026 23:44:48,2,-999,90,3,2,400
24/05/2026 23:45:04,2,-999,90,3,2,430
24/05/2026 23:45:20,2,-999,90,3,2,430
24/05/2026 23:45:36,2,-999,90,3,1,490
24/05/2026 23:45:52,2,-999,90,3,1,490
24/05/2026 23:46:08,2,-999,90,3,1,490
24/05/2026 23:46:24,2,-999,90,3,3,240
24/05/2026 23:46:40,2,-999,90,3,3,240
24/05/2026 23:46:56,2,-999,90,3,1,240
24/05/2026 23:47:12,2,-999,90,3,1,240
24/05/2026 23:47:28,2,-999,90,3,1,240
24/05/2026 23:47:44,2,-999,90,3,1,240
24/05/2026 23:48:00,2,-999,90,3,2,240
24/05/2026 23:48:16,2,-999,90,3,2,240
24/05/2026 23:48:32,2,-999,90,3,2,240
24/05/2026 23:48:48,2,-999,90,3,1,240
24/05/2026 23:49:04,2,-999,90,3,1,240
24/05/2026 23:49:20,2,-999,90,3,1,240
24/05/2026 23:49:36,2,-999,90,3,1,240
24/05/2026 23:49:52,2,-999,90,3,1,250
24/05/2026 23:50:08,2,-999,90,3,1,250
24/05/2026 23:50:24,2,-999,90,3,1,260
24/05/2026 23:50:40,2,-999,90,3,1,260
24/05/2026 23:50:56,2,-999,90,3,1,260
24/05/2026 23:51:12,2,-999,90,3,1,260
24/05/2026 23:51:28,2,-999,90,3,1,260
24/05/2026 23:51:44,2,-999,90,3,1,260
24/05/2026 23:52:00,2,-999,90,3,1,260
24/05/2026 23:52:16,2,-999,90,3,1,260
24/05/2026 23:52:32,2,-999,90,3,1,260
24/05/2026 23:52:48,2,-999,90,3,1,260
24/05/2026 23:53:04,2,-999,90,3,1,260
24/05/2026 23:53:20,2,-999,90,3,1,260
24/05/2026 23:53:36,2,-999,90,3,1,260
24/05/2026 23:53:52,2,-999,90,3,1,260
24/05/2026 23:54:08,2,-999,90,3,1,250
24/05/2026 23:54:24,2,-999,90,3,1,250
24/05/2026 23:54:40,2,-999,90,3,1,250
24/05/2026 23:54:56,2,-999,90,3,1,250
24/05/2026 23:55:12,2,-999,90,3,1,240
24/05/2026 23:55:28,2,-999,90,3,1,240
24/05/2026 23:55:44,2,-999,90,3,1,240
24/05/2026 23:56:00,2,-999,90,3,1,240
24/05/2026 23:56:16,2,-999,90,3,1,240
24/05/2026 23:56:32,2,-999,90,3,1,240
24/05/2026 23:56:48,2,-999,90,3,1,240
24/05/2026 23:57:04,2,-999,90,3,1,230
24/05/2026 23:57:20,2,-999,90,3,1,230
24/05/2026 23:57:36,2,-999,90,3,1,230
24/05/2026 23:57:52,2,-999,90,3,1,230
24/05/2026 23:58:08,2,-999,90,3,1,230
24/05/2026 23:58:24,2,-999,90,3,1,230
24/05/2026 23:58:40,2,-999,90,3,1,230
24/05/2026 23:58:56,2,-999,90,3,1,220
24/05/2026 23:59:12,2,-999,90,3,1,220
24/05/2026 23:59:28,2,-999,90,3,1,220
24/05/2026 23:59:44,2,-999,90,3,1,220
25/05/2026 00:00:00,1,-999,500,3,1,220
25/05/2026 00:00:16,1,-999,500,3,1,220
25/05/2026 00:00:32,1,-999,500,3,1,220
25/05/2026 00:00:48,1,-999,500,3,1,220
25/05/2026 00:01:04,1,-999,500,3,1,220
25/05/2026 00:01:20,1,-999,500,3,1,210
25/05/2026 00:01:36,1,-999,500,3,1,210
25/05/2026 00:01:52,1,-999,500,3,1,210
25/05/2026 00:02:08,1,-999,500,3,1,210
25/05/2026 00:02:24,1,-999,500,3,1,210
25/05/2026 00:02:40,1,-999,500,3,1,210
25/05/2026 00:02:56,1,-999,500,3,1,210
25/05/2026 00:03:12,1,-999,500,3,1,200
25/05/2026 00:03:28,1,-999,500,3,1,200
25/05/2026 00:03:44,1,-999,500,3,1,200
25/05/2026 00:04:00,1,-999,500,3,1,200
25/05/2026 00:04:16,1,-999,500,3,1,200
25/05/2026 00:04:32,1,-999,500,3,1,200
25/05/2026 00:04:48,1,-999,500,3,1,200
25/05/2026 00:05:04,1,-999,500,3,1,200
25/05/2026 00:05:20,1,-999,500,3,1,200
25/05/2026 00:05:36,1,-999,500,3,1,200
25/05/2026 00:05:52,1,-999,500,3,1,200
25/05/2026 00:06:08,1,-999,500,3,1,200
25/05/2026 00:06:24,1,-999,500,3,1,200
25/05/2026 00:06:40,1,-999,500,3,1,200
25/05/2026 00:06:56,1,-999,500,3,1,200
25/05/2026 00:07:12,1,-999,500,3,1,200
25/05/2026 00:07:28,1,-999,500,3,1,200
25/05/2026 00:07:44,1,-999,500,3,1,200
25/05/2026 00:08:00,1,-999,500,3,1,200
25/05/2026 00:08:16,1,-999,500,3,1,200
25/05/2026 00:08:32,1,-999,500,3,1,200
25/05/2026 00:08:48,1,-999,500,3,1,200
25/05/2026 00:09:04,1,-999,500,3,1,190
25/05/2026 00:09:20,1,-999,500,3,1,190
25/05/2026 00:09:36,1,-999,500,3,1,180
25/05/2026 00:09:52,1,-999,500,3,1,180
25/05/2026 00:10:08,1,-999,500,3,1,180
25/05/2026 00:10:24,1,-999,500,3,1,180
25/05/2026 00:10:40,1,-999,500,3,1,180
25/05/2026 00:10:56,1,-999,500,3,1,190
25/05/2026 00:11:12,1,-999,500,3,1,190
25/05/2026 00:11:28,1,-999,500,3,1,190
25/05/2026 00:11:44,1,-999,500,3,1,190
25/05/2026 00:12:00,1,-999,500,3,1,190
25/05/2026 00:12:16,1,-999,500,3,1,190
25/05/2026 00:12:32,1,-999,500,3,1,190
25/05/2026 00:12:48,1,-999,500,3,1,170
25/05/2026 00:13:04,1,-999,500,3,1,170
25/05/2026 00:13:20,1,-999,500,3,1,170
25/05/2026 00:13:36,1,-999,500,3,1,170
25/05/2026 00:13:52,1,-999,500,3,2,170
25/05/2026 00:14:08,1,-999,500,3,2,170
25/05/2026 00:14:24,1,-999,500,3,3,160
25/05/2026 00:14:40,1,-999,500,3,3,160
25/05/2026 00:14:56,1,-999,500,3,3,160
25/05/2026 00:15:12,1,-999,500,3,1,170
25/05/2026 00:15:28,1,-999,500,3,1,170
25/05/2026 00:15:44,1,-999,500,3,1,170
25/05/2026 00:16:00,1,-999,500,3,1,170
25/05/2026 00:16:16,1,-999,500,3,1,170
25/05/2026 00:16:32,1,-999,500,3,1,170
25/05/2026 00:16:48,1,-999,500,3,1,170
25/05/2026 00:17:04,1,-999,500,3,1,170
25/05/2026 00:17:20,1,-999,500,3,1,170
25/05/2026 00:17:36,1,-999,500,3,1,150
25/05/2026 00:17:52,1,-999,500,3,1,150
25/05/2026 00:18:08,1,-999,500,3,2,150
25/05/2026 00:18:24,1,-999,500,3,2,150
25/05/2026 00:18:40,1,-999,500,3,2,150
25/05/2026 00:18:56,1,-999,500,3,2,150
25/05/2026 00:19:12,1,-999,500,3,1,150
25/05/2026 00:19:28,1,-999,500,3,1,150
25/05/2026 00:19:44,1,-999,500,3,1,150
25/05/2026 00:20:00,1,-999,500,3,1,150
25/05/2026 00:20:16,1,-999,500,3,1,150
25/05/2026 00:20:32,1,-999,500,3,1,150
25/05/2026 00:20:48,1,-999,500,3,1,150
25/05/2026 00:21:04,1,-999,500,3,1,140
25/05/2026 00:21:20,1,-999,500,3,1,140
25/05/2026 00:21:36,1,-999,500,3,1,150
25/05/2026 00:21:52,1,-999,500,3,1,150
25/05/2026 00:22:08,1,-999,500,3,1,150
25/05/2026 00:22:24,1,-999,500,3,1,140
25/05/2026 00:22:40,1,-999,500,3,1,140
25/05/2026 00:22:56,1,-999,500,3,1,140
25/05/2026 00:23:12,1,-999,500,3,1,140
25/05/2026 00:23:28,1,-999,500,3,1,130
25/05/2026 00:23:44,1,-999,500,3,1,130
25/05/2026 00:24:00,1,-999,500,3,1,130
25/05/2026 00:24:16,1,-999,500,3,1,130
25/05/2026 00:24:32,1,-999,500,3,1,130
25/05/2026 00:24:48,1,-999,500,3,1,140
25/05/2026 00:25:04,1,-999,500,3,1,140
25/05/2026 00:25:20,1,-999,500,3,1,130
25/05/2026 00:25:36,1,-999,500,3,1,130
25/05/2026 00:25:52,1,-999,500,3,1,130
25/05/2026 00:26:08,1,-999,500,3,1,130
25/05/2026 00:26:24,1,-999,500,3,1,130
25/05/2026 00:26:40,1,-999,500,3,1,130
25/05/2026 00:26:56,1,-999,500,3,1,130
25/05/2026 00:27:12,1,-999,500,3,1,120
25/05/2026 00:27:28,1,-999,500,3,1,120
25/05/2026 00:27:44,1,-999,500,3,1,120
25/05/2026 00:28:00,1,-999,500,3,1,120
25/05/2026 00:28:16,1,-999,500,3,1,120
25/05/2026 00:28:32,1,-999,500,3,1,120
25/05/2026 00:28:48,1,-999,500,3,1,130
25/05/2026 00:29:04,1,-999,500,3,1,130
25/05/2026 00:29:20,1,-999,500,3,1,130
25/05/2026 00:29:36,1,-999,500,3,1,130
25/05/2026 00:29:52,1,-999,500,3,1,130
25/05/2026 00:30:08,1,-999,500,3,1,130
25/05/2026 00:30:24,1,-999,500,3,1,130
25/05/2026 00:30:40,1,-999,500,3,1,120
25/05/2026 00:30:56,1,-999,500,3,1,120
25/05/2026 00:31:12,1,-999,500,3,1,120
25/05/2026 00:31:28,1,-999,500,3,1,120
25/05/2026 00:31:44,1,-999,500,3,1,120
25/05/2026 00:32:00,1,-999,500,3,1,120
25/05/2026 00:32:16,1,-999,500,3,1,120
25/05/2026 00:32:32,1,-999,500,3,1,120
25/05/2026 00:32:48,1,-999,500,3,1,120
25/05/2026 00:33:04,1,-999,500,3,1,120
25/05/2026 00:33:20,1,-999,500,3,1,120
25/05/2026 00:33:36,1,-999,500,3,1,120
25/05/2026 00:33:52,1,-999,500,3,1,120
25/05/2026 00:34:08,1,-999,500,3,1,120
25/05/2026 00:34:24,1,-999,500,3,1,110
25/05/2026 00:34:40,1,-999,500,3,1,110
25/05/2026 00:34:56,1,-999,500,3,1,110
25/05/2026 00:35:12,1,-999,500,3,1,110
25/05/2026 00:35:28,1,-999,500,3,1,120
25/05/2026 00:35:44,1,-999,500,3,1,120
25/05/2026 00:36:00,1,-999,500,3,1,120
25/05/2026 00:36:16,1,-999,500,3,1,120
25/05/2026 00:36:32,1,-999,500,3,1,120
25/05/2026 00:36:48,1,-999,500,3,1,110
25/05/2026 00:37:04,1,-999,500,3,1,110
25/05/2026 00:37:20,1,-999,500,3,1,110
25/05/2026 00:37:36,1,-999,500,3,1,110
25/05/2026 00:37:52,1,-999,500,3,1,110
25/05/2026 00:38:08,1,-999,500,3,1,110
25/05/2026 00:38:24,1,-999,500,3,1,110
25/05/2026 00:38:40,1,-999,500,3,1,110
25/05/2026 00:38:56,1,-999,500,3,1,110
25/05/2026 00:39:12,1,-999,500,3,1,110
25/05/2026 00:39:28,1,-999,500,3,1,110
25/05/2026 00:39:44,1,-999,500,3,1,110
25/05/2026 00:40:00,1,-999,500,3,1,110
25/05/2026 00:40:16,1,-999,500,3,1,110
25/05/2026 00:40:32,1,-999,500,3,1,110
25/05/2026 00:40:48,1,-999,500,3,1,110
25/05/2026 00:41:04,1,-999,500,3,1,110
25/05/2026 00:41:20,1,-999,500,3,1,110
25/05/2026 00:41:36,1,-999,500,3,1,110
25/05/2026 00:41:52,1,-999,500,3,1,110
25/05/2026 00:42:08,1,-999,500,3,1,110
25/05/2026 00:42:24,1,-999,500,3,1,110
25/05/2026 00:42:40,1,-999,500,3,1,110
25/05/2026 00:42:56,1,-999,500,3,1,110
25/05/2026 00:43:12,1,-999,500,3,1,110
25/05/2026 00:43:28,1,-999,500,3,1,110
25/05/2026 00:43:44,1,-999,500,3,1,110
25/05/2026 00:44:00,1,-999,500,3,1,110
25/05/2026 00:44:16,1,-999,500,3,1,110
25/05/2026 00:44:32,1,-999,500,3,1,110
25/05/2026 00:44:48,1,-999,500,3,1,110
25/05/2026 00:45:04,1,-999,500,3,1,110
25/05/2026 00:45:20,1,-999,500,3,1,110
25/05/2026 00:45:36,1,-999,500,3,1,110
25/05/2026 00:45:52,1,-999,500,3,1,110
25/05/2026 00:46:08,1,-999,500,3,1,110
25/05/2026 00:46:24,1,-999,500,3,1,110
25/05/2026 00:46:40,1,-999,500,3,1,110
25/05/2026 00:46:56,1,-999,500,3,1,110
25/05/2026 00:47:12,1,-999,500,3,1,110
25/05/2026 00:47:28,1,-999,500,3,1,110
25/05/2026 00:47:44,1,-999,500,3,1,110
25/05/2026 00:48:00,1,-999,500,3,1,110
25/05/2026 00:48:16,1,-999,500,3,1,110
25/05/2026 00:48:32,1,-999,500,3,1,110
25/05/2026 00:48:48,1,-999,500,3,1,110
25/05/2026 00:49:04,1,-999,500,3,1,110
25/05/2026 00:49:20,1,-999,500,3,1,100
25/05/2026 00:49:36,1,-999,500,3,1,100
25/05/2026 00:49:52,1,-999,500,3,1,100
25/05/2026 00:50:08,1,-999,500,3,1,100
25/05/2026 00:50:24,1,-999,500,3,1,110
25/05/2026 00:50:40,1,-999,500,3,1,110
25/05/2026 00:50:56,1,-999,500,3,1,110
25/05/2026 00:51:12,1,-999,500,3,1,100
25/05/2026 00:51:28,1,-999,500,3,1,100
25/05/2026 00:51:44,1,-999,500,3,1,100
25/05/2026 00:52:00,1,-999,500,3,1,100
25/05/2026 00:52:16,1,-999,500,3,1,110
25/05/2026 00:52:32,1,-999,500,3,1,110
25/05/2026 00:52:48,1,-999,500,3,1,100
25/05/2026 00:53:04,1,-999,500,3,1,100
25/05/2026 00:53:20,1,-999,500,3,1,100
25/05/2026 00:53:36,1,-999,500,3,1,110
25/05/2026 00:53:52,1,-999,500,3,1,110
25/05/2026 00:54:08,1,-999,500,3,1,100
25/05/2026 00:54:24,1,-999,500,3,1,100
25/05/2026 00:54:40,1,-999,500,3,1,100
25/05/2026 00:54:56,1,-999,500,3,1,100
25/05/2026 00:55:12,1,-999,500,3,1,100
25/05/2026 00:55:28,1,-999,500,3,1,100
25/05/2026 00:55:44,1,-999,500,3,1,100
25/05/2026 00:56:00,1,-999,500,3,1,100
25/05/2026 00:56:16,1,-999,500,3,1,100
25/05/2026 00:56:32,1,-999,500,3,1,100
25/05/2026 00:56:48,1,-999,500,3,1,100
25/05/2026 00:57:04,1,-999,500,3,1,100
25/05/2026 00:57:20,1,-999,500,3,1,100
25/05/2026 00:57:36,1,-999,500,3,1,100
25/05/2026 00:57:52,1,-999,500,3,1,100
25/05/2026 00:58:08,1,-999,500,3,1,100
25/05/2026 00:58:24,1,-999,500,3,1,100
25/05/2026 00:58:40,1,-999,500,3,1,100
25/05/2026 00:58:56,1,-999,500,3,1,100
25/05/2026 00:59:12,1,-999,500,3,1,100
25/05/2026 00:59:28,1,-999,500,3,1,100
25/05/2026 00:59:44,1,-999,500,3,1,100
25/05/2026 01:00:00,-999,-999,-999,3,1,100
25/05/2026 01:00:16,-999,-999,-999,3,1,100
25/05/2026 01:00:32,-999,-999,-999,3,1,100
25/05/2026 01:00:48,-999,-999,-999,3,1,100
25/05/2026 01:01:04,-999,-999,-999,3,1,100
25/05/2026 01:01:20,-999,-999,-999,3,1,100
25/05/2026 01:01:36,-999,-999,-999,3,1,100
25/05/2026 01:01:52,-999,-999,-999,3,1,100
25/05/2026 01:02:08,-999,-999,-999,3,1,100
25/05/2026 01:02:24,-999,-999,-999,3,1,100
25/05/2026 01:02:40,-999,-999,-999,3,1,100
25/05/2026 01:02:56,-999,-999,-999,3,1,100
25/05/2026 01:03:12,-999,-999,-999,3,1,100
25/05/2026 01:03:28,-999,-999,-999,3,1,100
25/05/2026 01:03:44,-999,-999,-999,3,1,100
25/05/2026 01:04:00,-999,-999,-999,3,1,100
25/05/2026 01:04:16,-999,-999,-999,3,1,100
25/05/2026 01:04:32,-999,-999,-999,3,1,100
25/05/2026 01:04:48,-999,-999,-999,3,1,100
25/05/2026 01:05:04,-999,-999,-999,3,1,100
25/05/2026 01:05:20,-999,-999,-999,3,1,100
25/05/2026 01:05:36,-999,-999,-999,3,1,100
25/05/2026 01:05:52,-999,-999,-999,3,1,100
25/05/2026 01:06:08,-999,-999,-999,3,1,100
25/05/2026 01:06:24,-999,-999,-999,3,1,100
25/05/2026 01:06:40,-999,-999,-999,3,1,100
25/05/2026 01:06:56,-999,-999,-999,3,1,100
25/05/2026 01:07:12,-999,-999,-999,3,1,100
25/05/2026 01:07:28,-999,-999,-999,3,1,100
25/05/2026 01:07:44,-999,-999,-999,3,1,100
25/05/2026 01:08:00,-999,-999,-999,3,1,100
25/05/2026 01:08:16,-999,-999,-999,3,1,100
25/05/2026 01:08:32,-999,-999,-999,3,1,100
25/05/2026 01:08:48,-999,-999,-999,3,1,100
25/05/2026 01:09:04,-999,-999,-999,3,1,100
25/05/2026 01:09:20,-999,-999,-999,3,1,100
25/05/2026 01:09:36,-999,-999,-999,3,1,100
25/05/2026 01:09:52,-999,-999,-999,3,1,100
25/05/2026 01:10:08,-999,-999,-999,3,1,100
25/05/2026 01:10:24,-999,-999,-999,3,1,100
25/05/2026 01:10:40,-999,-999,-999,3,1,100
25/05/2026 01:10:56,-999,-999,-999,3,1,100
25/05/2026 01:11:12,-999,-999,-999,3,1,100
25/05/2026 01:11:28,-999,-999,-999,3,1,100
25/05/2026 01:11:44,-999,-999,-999,3,1,100
25/05/2026 01:12:00,-999,-999,-999,3,1,100
25/05/2026 01:12:16,-999,-999,-999,3,1,100
25/05/2026 01:12:32,-999,-999,-999,3,1,100
25/05/2026 01:12:48,-999,-999,-999,3,1,100
25/05/2026 01:13:04,-999,-999,-999,3,1,100
25/05/2026 01:13:20,-999,-999,-999,3,1,100
25/05/2026 01:13:36,-999,-999,-999,3,1,100
25/05/2026 01:13:52,-999,-999,-999,3,1,100
25/05/2026 01:14:08,-999,-999,-999,3,1,100
25/05/2026 01:14:24,-999,-999,-999,3,1,100
25/05/2026 01:14:40,-999,-999,-999,3,1,100
25/05/2026 01:14:56,-999,-999,-999,3,1,100
25/05/2026 01:15:12,-999,-999,-999,3,1,100
25/05/2026 01:15:28,-999,-999,-999,3,1,100
25/05/2026 01:15:44,-999,-999,-999,3,1,100
25/05/2026 01:16:00,-999,-999,-999,3,1,100
25/05/2026 01:16:16,-999,-999,-999,3,1,100
25/05/2026 01:16:32,-999,-999,-999,3,1,100
25/05/2026 01:16:48,-999,-999,-999,3,1,100
25/05/2026 01:17:04,-999,-999,-999,3,1,100
25/05/2026 01:17:20,-999,-999,-999,3,1,100
25/05/2026 01:17:36,-999,-999,-999,3,1,100
25/05/2026 01:17:52,-999,-999,-999,3,1,100
25/05/2026 01:18:08,-999,-999,-999,3,1,100
25/05/2026 01:18:24,-999,-999,-999,3,1,100
25/05/2026 01:18:40,-999,-999,-999,3,1,100
25/05/2026 01:18:56,-999,-999,-999,3,1,100
25/05/2026 01:19:12,-999,-999,-999,3,1,100
25/05/2026 01:19:28,-999,-999,-999,3,1,100
25/05/2026 01:19:44,-999,-999,-999,3,1,100
25/05/2026 01:20:00,-999,-999,-999,3,1,100
25/05/2026 01:20:16,-999,-999,-999,3,1,100
25/05/2026 01:20:32,-999,-999,-999,3,1,100
25/05/2026 01:20:48,-999,-999,-999,3,1,100
25/05/2026 01:21:04,-999,-999,-999,3,1,100
25/05/2026 01:21:20,-999,-999,-999,3,1,100
25/05/2026 01:21:36,-999,-999,-999,3,2,100
25/05/2026 01:21:52,-999,-999,-999,3,2,100
25/05/2026 01:22:08,-999,-999,-999,3,2,100
25/05/2026 01:22:24,-999,-999,-999,3,1,100
25/05/2026 01:22:40,-999,-999,-999,3,1,100
25/05/2026 01:22:56,-999,-999,-999,3,1,100
25/05/2026 01:23:12,-999,-999,-999,3,1,100
25/05/2026 01:23:28,-999,-999,-999,3,1,100
25/05/2026 01:23:44,-999,-999,-999,3,1,100
25/05/2026 01:24:00,-999,-999,-999,3,2,100
25/05/2026 01:24:16,-999,-999,-999,3,2,100
25/05/2026 01:24:32,-999,-999,-999,3,2,100
25/05/2026 01:24:48,-999,-999,-999,3,2,100
25/05/2026 01:25:04,-999,-999,-999,3,2,100
25/05/2026 01:25:20,-999,-999,-999,3,1,100
25/05/2026 01:25:36,-999,-999,-999,3,1,100
25/05/2026 01:25:52,-999,-999,-999,3,1,100
25/05/2026 01:26:08,-999,-999,-999,3,1,100
25/05/2026 01:26:24,-999,-999,-999,3,1,100
25/05/2026 01:26:40,-999,-999,-999,3,1,100
25/05/2026 01:26:56,-999,-999,-999,3,1,100
25/05/2026 01:27:12,-999,-999,-999,3,1,100
25/05/2026 01:27:28,-999,-999,-999,3,1,100
25/05/2026 01:27:44,-999,-999,-999,3,1,100
25/05/2026 01:28:00,-999,-999,-999,3,1,100
25/05/2026 01:28:16,-999,-999,-999,3,1,110
25/05/2026 01:28:32,-999,-999,-999,3,1,110
25/05/2026 01:28:48,-999,-999,-999,3,2,120
25/05/2026 01:29:04,-999,-999,-999,3,2,120
25/05/2026 01:29:20,-999,-999,-999,3,2,120
25/05/2026 01:29:36,-999,-999,-999,3,2,110
25/05/2026 01:29:52,-999,-999,-999,3,2,110
25/05/2026 01:30:08,-999,-999,-999,3,2,110
25/05/2026 01:30:24,-999,-999,-999,3,2,110
25/05/2026 01:30:40,-999,-999,-999,3,2,110
25/05/2026 01:30:56,-999,-999,-999,3,2,110
25/05/2026 01:31:12,-999,-999,-999,3,2,120
25/05/2026 01:31:28,-999,-999,-999,3,2,120
25/05/2026 01:31:44,-999,-999,-999,3,2,120
25/05/2026 01:32:00,-999,-999,-999,3,2,120
25/05/2026 01:32:16,-999,-999,-999,3,2,120
25/05/2026 01:32:32,-999,-999,-999,3,1,290
25/05/2026 01:32:48,-999,-999,-999,3,1,290
25/05/2026 01:33:04,-999,-999,-999,3,1,240
25/05/2026 01:33:20,-999,-999,-999,3,1,240
25/05/2026 01:33:36,-999,-999,-999,3,1,220
25/05/2026 01:33:52,-999,-999,-999,3,1,220
25/05/2026 01:34:08,-999,-999,-999,3,1,220
25/05/2026 01:34:24,-999,-999,-999,3,1,210
25/05/2026 01:34:40,-999,-999,-999,3,1,210
25/05/2026 01:34:56,-999,-999,-999,3,1,200
25/05/2026 01:35:12,-999,-999,-999,3,1,200
25/05/2026 01:35:28,-999,-999,-999,3,1,190
25/05/2026 01:35:44,-999,-999,-999,3,1,190
25/05/2026 01:36:00,-999,-999,-999,3,1,160
25/05/2026 01:36:16,-999,-999,-999,3,1,160
25/05/2026 01:36:32,-999,-999,-999,3,1,160
25/05/2026 01:36:48,-999,-999,-999,3,1,140
25/05/2026 01:37:04,-999,-999,-999,3,1,140
25/05/2026 01:37:20,-999,-999,-999,3,1,120
25/05/2026 01:37:36,-999,-999,-999,3,1,120
25/05/2026 01:37:52,-999,-999,-999,3,1,110
25/05/2026 01:38:08,-999,-999,-999,3,1,110
25/05/2026 01:38:24,-999,-999,-999,3,1,110
25/05/2026 01:38:40,-999,-999,-999,3,1,110
25/05/2026 01:38:56,-999,-999,-999,3,1,110
25/05/2026 01:39:12,-999,-999,-999,3,1,100
25/05/2026 01:39:28,-999,-999,-999,3,1,100
25/05/2026 01:39:44,-999,-999,-999,3,1,100
25/05/2026 01:40:00,-999,-999,-999,3,1,100
25/05/2026 01:40:16,-999,-999,-999,3,1,100
25/05/2026 01:40:32,-999,-999,-999,3,1,100
25/05/2026 01:40:48,-999,-999,-999,3,1,90
25/05/2026 01:41:04,-999,-999,-999,3,1,90
25/05/2026 01:41:20,-999,-999,-999,3,1,90
25/05/2026 01:41:36,-999,-999,-999,3,1,90
25/05/2026 01:41:52,-999,-999,-999,3,1,90
25/05/2026 01:42:08,-999,-999,-999,3,1,90
25/05/2026 01:42:24,-999,-999,-999,3,1,90
25/05/2026 01:42:40,-999,-999,-999,3,1,90
25/05/2026 01:42:56,-999,-999,-999,3,1,90
25/05/2026 01:43:12,-999,-999,-999,3,1,90
25/05/2026 01:43:28,-999,-999,-999,3,1,90
25/05/2026 01:43:44,-999,-999,-999,3,1,90
25/05/2026 01:44:00,-999,-999,-999,3,1,90
25/05/2026 01:44:16,-999,-999,-999,3,1,90
25/05/2026 01:44:32,-999,-999,-999,3,1,90
25/05/2026 01:44:48,-999,-999,-999,3,1,90
25/05/2026 01:45:04,-999,-999,-999,3,1,90
25/05/2026 01:45:20,-999,-999,-999,3,1,90
25/05/2026 01:45:36,-999,-999,-999,3,1,90
25/05/2026 01:45:52,-999,-999,-999,3,1,90
25/05/2026 01:46:08,-999,-999,-999,3,1,90
25/05/2026 01:46:24,-999,-999,-999,3,1,90
25/05/2026 01:46:40,-999,-999,-999,3,1,90
25/05/2026 01:46:56,-999,-999,-999,3,1,90
25/05/2026 01:47:12,-999,-999,-999,3,1,90
25/05/2026 01:47:28,-999,-999,-999,3,1,90
25/05/2026 01:47:44,-999,-999,-999,3,1,90
25/05/2026 01:48:00,-999,-999,-999,3,1,90
25/05/2026 01:48:16,-999,-999,-999,3,1,90
25/05/2026 01:48:32,-999,-999,-999,3,1,90
25/05/2026 01:48:48,-999,-999,-999,3,1,90
25/05/2026 01:49:04,-999,-999,-999,3,1,90
25/05/2026 01:49:20,-999,-999,-999,3,1,110
25/05/2026 01:49:36,-999,-999,-999,3,1,110
25/05/2026 01:49:52,-999,-999,-999,3,1,100
25/05/2026 01:50:08,-999,-999,-999,3,1,100
25/05/2026 01:50:24,-999,-999,-999,3,1,90
25/05/2026 01:50:40,-999,-999,-999,3,1,90
25/05/2026 01:50:56,-999,-999,-999,3,1,90
25/05/2026 01:51:12,-999,-999,-999,3,1,90
25/05/2026 01:51:28,-999,-999,-999,3,1,90
25/05/2026 01:51:44,-999,-999,-999,3,1,90
25/05/2026 01:52:00,-999,-999,-999,3,1,90
25/05/2026 01:52:16,-999,-999,-999,3,1,90
25/05/2026 01:52:32,-999,-999,-999,3,1,90
25/05/2026 01:52:48,-999,-999,-999,3,1,90
25/05/2026 01:53:04,-999,-999,-999,3,1,90
25/05/2026 01:53:20,-999,-999,-999,3,1,90
25/05/2026 01:53:36,-999,-999,-999,3,1,90
25/05/2026 01:53:52,-999,-999,-999,3,1,90
25/05/2026 01:54:08,-999,-999,-999,3,1,90
25/05/2026 01:54:24,-999,-999,-999,3,1,90
25/05/2026 01:54:40,-999,-999,-999,3,1,90
25/05/2026 01:54:56,-999,-999,-999,3,1,90
25/05/2026 01:55:12,-999,-999,-999,3,1,100
25/05/2026 01:55:28,-999,-999,-999,3,1,100
25/05/2026 01:55:44,-999,-999,-999,3,1,100
25/05/2026 01:56:00,-999,-999,-999,3,1,90
25/05/2026 01:56:16,-999,-999,-999,3,1,90
25/05/2026 01:56:32,-999,-999,-999,3,1,100
25/05/2026 01:56:48,-999,-999,-999,3,1,100
25/05/2026 01:57:04,-999,-999,-999,3,1,100
25/05/2026 01:57:20,-999,-999,-999,3,1,100
25/05/2026 01:57:36,-999,-999,-999,3,1,100
25/05/2026 01:57:52,-999,-999,-999,3,1,100
25/05/2026 01:58:08,-999,-999,-999,3,1,100
25/05/2026 01:58:24,-999,-999,-999,3,1,100
25/05/2026 01:58:40,-999,-999,-999,3,1,100
25/05/2026 01:58:56,-999,-999,-999,3,2,80
25/05/2026 01:59:12,-999,-999,-999,3,2,80
25/05/2026 01:59:28,-999,-999,-999,3,2,80
25/05/2026 01:59:44,-999,-999,-999,3,2,80
25/05/2026 02:00:00,-999,-999,-999,3,2,80
25/05/2026 02:00:16,-999,-999,-999,3,2,80
25/05/2026 02:00:32,-999,-999,-999,3,2,80
25/05/2026 02:00:48,-999,130,-999,3,1,550
25/05/2026 02:01:04,-999,130,-999,3,1,550
25/05/2026 02:01:20,-999,-999,-999,3,2,80
25/05/2026 02:01:36,-999,-999,-999,3,2,80
25/05/2026 02:01:52,-999,-999,-999,3,2,80
25/05/2026 02:02:08,-999,-999,-999,3,2,80
25/05/2026 02:02:24,-999,-999,-999,3,2,80
25/05/2026 02:02:40,-999,-999,-999,3,2,80
25/05/2026 02:02:56,-999,-999,-999,3,2,80
25/05/2026 02:03:12,-999,-999,-999,3,2,80
25/05/2026 02:03:28,-999,-999,-999,3,2,80
25/05/2026 02:03:44,-999,-999,-999,3,2,80
25/05/2026 02:04:00,-999,-999,-999,3,2,80
25/05/2026 02:04:16,-999,-999,-999,3,2,80
25/05/2026 02:04:32,-999,-999,-999,3,2,80
25/05/2026 02:04:48,-999,-999,-999,3,2,110
25/05/2026 02:05:04,-999,-999,-999,3,2,110
25/05/2026 02:05:20,-999,-999,-999,3,2,110
25/05/2026 02:05:36,-999,-999,-999,3,1,110
25/05/2026 02:05:52,-999,-999,-999,3,1,110
25/05/2026 02:06:08,-999,-999,-999,3,1,100
25/05/2026 02:06:24,-999,-999,-999,3,1,100
25/05/2026 02:06:40,-999,-999,-999,3,2,100
25/05/2026 02:06:56,-999,-999,-999,3,2,100
25/05/2026 02:07:12,-999,-999,-999,3,2,70
25/05/2026 02:07:28,-999,-999,-999,3,2,70
25/05/2026 02:07:44,-999,-999,-999,3,2,70
25/05/2026 02:08:00,-999,-999,-999,3,2,70
25/05/2026 02:08:16,-999,-999,-999,3,2,70
25/05/2026 02:08:32,-999,-999,-999,3,2,70
25/05/2026 02:08:48,-999,-999,-999,3,2,70
25/05/2026 02:09:04,-999,-999,-999,3,1,100
25/05/2026 02:09:20,-999,-999,-999,3,1,100
25/05/2026 02:09:36,-999,-999,-999,3,1,100
25/05/2026 02:09:52,-999,-999,-999,3,1,100
25/05/2026 02:10:08,-999,-999,-999,3,1,100
25/05/2026 02:10:24,-999,-999,-999,3,1,90
25/05/2026 02:10:40,-999,-999,-999,3,1,90
25/05/2026 02:10:56,-999,-999,-999,3,1,80
25/05/2026 02:11:12,-999,-999,-999,3,1,80
25/05/2026 02:11:28,-999,-999,-999,3,1,80
25/05/2026 02:11:44,-999,-999,-999,3,1,80
25/05/2026 02:12:00,-999,-999,-999,3,1,90
25/05/2026 02:12:16,-999,-999,-999,3,1,90
25/05/2026 02:12:32,-999,-999,-999,3,1,90
25/05/2026 02:12:48,-999,-999,-999,3,1,70
25/05/2026 02:13:04,-999,-999,-999,3,1,70
25/05/2026 02:13:20,-999,-999,-999,3,2,60
25/05/2026 02:13:36,-999,-999,-999,3,2,60
25/05/2026 02:13:52,-999,-999,-999,3,2,90
25/05/2026 02:14:08,-999,-999,-999,3,2,90
25/05/2026 02:14:24,-999,-999,-999,3,2,60
25/05/2026 02:14:40,-999,-999,-999,3,2,60
25/05/2026 02:14:56,-999,-999,-999,3,2,60
25/05/2026 02:15:12,-999,-999,-999,3,2,60
25/05/2026 02:15:28,-999,-999,-999,3,2,60
25/05/2026 02:15:44,-999,-999,-999,3,2,80
25/05/2026 02:16:00,-999,-999,-999,3,2,80
25/05/2026 02:16:16,-999,-999,-999,3,1,80
25/05/2026 02:16:32,-999,-999,-999,3,1,80
25/05/2026 02:16:48,-999,-999,-999,3,1,60
25/05/2026 02:17:04,-999,-999,-999,3,1,60
25/05/2026 02:17:20,-999,-999,-999,3,1,60
25/05/2026 02:17:36,-999,-999,-999,3,1,70
25/05/2026 02:17:52,-999,-999,-999,3,1,70
25/05/2026 02:18:08,-999,-999,-999,3,1,70
25/05/2026 02:18:24,-999,-999,-999,3,1,70
25/05/2026 02:18:40,-999,-999,-999,3,1,70
25/05/2026 02:18:56,-999,-999,-999,3,1,70
25/05/2026 02:19:12,-999,-999,-999,3,1,80
25/05/2026 02:19:28,-999,-999,-999,3,1,80
25/05/2026 02:19:44,-999,-999,-999,3,1,80
25/05/2026 02:20:00,-999,-999,-999,3,1,70
25/05/2026 02:20:16,-999,-999,-999,3,1,70
25/05/2026 02:20:32,-999,-999,-999,3,1,80
25/05/2026 02:20:48,-999,-999,-999,3,1,80
25/05/2026 02:21:04,-999,-999,-999,3,1,90
25/05/2026 02:21:20,-999,-999,-999,3,1,90
25/05/2026 02:21:36,-999,-999,-999,3,1,80
25/05/2026 02:21:52,-999,-999,-999,3,1,80
25/05/2026 02:22:08,-999,-999,-999,3,1,80
25/05/2026 02:22:24,-999,-999,-999,3,1,80
25/05/2026 02:22:40,-999,-999,-999,3,1,80
25/05/2026 02:22:56,-999,-999,-999,3,1,80
25/05/2026 02:23:12,-999,-999,-999,3,1,80
25/05/2026 02:23:28,-999,-999,-999,3,1,90
25/05/2026 02:23:44,-999,-999,-999,3,1,90
25/05/2026 02:24:00,-999,-999,-999,3,1,90
25/05/2026 02:24:16,-999,-999,-999,3,1,90
25/05/2026 02:24:32,-999,-999,-999,3,1,90
25/05/2026 02:24:48,-999,-999,-999,3,1,90
25/05/2026 02:25:04,-999,-999,-999,3,1,90
25/05/2026 02:25:20,-999,-999,-999,3,2,90
25/05/2026 02:25:36,-999,-999,-999,3,2,90
25/05/2026 02:25:52,-999,-999,-999,3,2,90
25/05/2026 02:26:08,-999,-999,-999,3,2,90
25/05/2026 02:26:24,-999,-999,-999,3,2,100
25/05/2026 02:26:40,-999,-999,-999,3,2,100
25/05/2026 02:26:56,-999,-999,-999,3,2,100
25/05/2026 02:27:12,-999,-999,-999,3,1,100
25/05/2026 02:27:28,-999,-999,-999,3,1,100
25/05/2026 02:27:44,-999,-999,-999,3,1,80
25/05/2026 02:28:00,-999,-999,-999,3,1,80
25/05/2026 02:28:16,-999,-999,-999,3,1,90
25/05/2026 02:28:32,-999,-999,-999,3,1,90
25/05/2026 02:28:48,-999,-999,-999,3,1,90
25/05/2026 02:29:04,-999,-999,-999,3,1,90
25/05/2026 02:29:20,-999,-999,-999,3,1,90
25/05/2026 02:29:36,-999,-999,-999,3,2,80
25/05/2026 02:29:52,-999,-999,-999,3,2,80
25/05/2026 02:30:08,-999,-999,-999,3,2,80
25/05/2026 02:30:24,-999,-999,-999,3,2,80
25/05/2026 02:30:40,-999,-999,-999,3,1,110
25/05/2026 02:30:56,-999,-999,-999,3,1,110
25/05/2026 02:31:12,-999,-999,-999,3,2,80
25/05/2026 02:31:28,-999,-999,-999,3,2,80
25/05/2026 02:31:44,-999,-999,-999,3,2,80
25/05/2026 02:32:00,-999,-999,-999,3,1,400
25/05/2026 02:32:16,-999,-999,-999,3,1,400
25/05/2026 02:32:32,-999,-999,-999,3,2,110
25/05/2026 02:32:48,-999,-999,-999,3,2,110
25/05/2026 02:33:04,-999,-999,-999,3,2,110
25/05/2026 02:33:20,-999,-999,-999,3,2,110
25/05/2026 02:33:36,-999,-999,-999,3,2,150
25/05/2026 02:33:52,-999,-999,-999,3,2,150
25/05/2026 02:34:08,-999,-999,-999,3,2,150
25/05/2026 02:34:24,-999,-999,-999,3,2,100
25/05/2026 02:34:40,-999,-999,-999,3,2,100
25/05/2026 02:34:56,-999,-999,-999,3,2,180
25/05/2026 02:35:12,-999,-999,-999,3,2,180
25/05/2026 02:35:28,-999,-999,-999,3,2,110
25/05/2026 02:35:44,-999,-999,-999,3,2,110
25/05/2026 02:36:00,-999,-999,-999,3,2,160
25/05/2026 02:36:16,-999,-999,-999,3,2,160
25/05/2026 02:36:32,-999,-999,-999,3,2,160
25/05/2026 02:36:48,-999,-999,-999,3,2,190
25/05/2026 02:37:04,-999,-999,-999,3,2,190
25/05/2026 02:37:20,-999,-999,-999,3,1,140
25/05/2026 02:37:36,-999,-999,-999,3,1,140
25/05/2026 02:37:52,-999,-999,-999,3,2,110
25/05/2026 02:38:08,-999,-999,-999,3,2,110
25/05/2026 02:38:24,-999,-999,-999,3,1,330
25/05/2026 02:38:40,-999,-999,-999,3,1,330
25/05/2026 02:38:56,-999,-999,-999,3,1,330
25/05/2026 02:39:12,-999,-999,-999,3,1,290
25/05/2026 02:39:28,-999,-999,-999,3,1,290
25/05/2026 02:39:44,-999,-999,-999,3,1,220
25/05/2026 02:40:00,-999,-999,-999,3,1,220
25/05/2026 02:40:16,-999,-999,-999,3,1,200
25/05/2026 02:40:32,-999,-999,-999,3,1,200
25/05/2026 02:40:48,-999,-999,-999,3,1,180
25/05/2026 02:41:04,-999,-999,-999,3,1,180
25/05/2026 02:41:20,-999,-999,-999,3,1,180
25/05/2026 02:41:36,-999,-999,-999,3,1,190
25/05/2026 02:41:52,-999,-999,-999,3,1,190
25/05/2026 02:42:08,-999,-999,-999,3,1,170
25/05/2026 02:42:24,-999,-999,-999,3,1,170
25/05/2026 02:42:40,-999,-999,-999,3,1,200
25/05/2026 02:42:56,-999,-999,-999,3,1,200
25/05/2026 02:43:12,-999,-999,-999,3,1,80
25/05/2026 02:43:28,-999,-999,-999,3,1,80
25/05/2026 02:43:44,-999,-999,-999,3,1,80
25/05/2026 02:44:00,-999,-999,-999,3,2,80
25/05/2026 02:44:16,-999,-999,-999,3,2,80
25/05/2026 02:44:32,-999,-999,-999,3,2,70
25/05/2026 02:44:48,-999,-999,-999,3,2,70
25/05/2026 02:45:04,-999,-999,-999,3,1,60
25/05/2026 02:45:20,-999,-999,-999,3,1,60
25/05/2026 02:45:36,-999,-999,-999,3,1,70
25/05/2026 02:45:52,-999,-999,-999,3,1,70
25/05/2026 02:46:08,-999,-999,-999,3,1,70
25/05/2026 02:46:24,-999,-999,-999,3,1,60
25/05/2026 02:46:40,-999,-999,-999,3,1,60
25/05/2026 02:46:56,-999,-999,-999,3,1,50
25/05/2026 02:47:12,-999,-999,-999,3,1,50
25/05/2026 02:47:28,-999,-999,-999,3,1,50
25/05/2026 02:47:44,-999,-999,-999,3,1,50
25/05/2026 02:48:00,-999,-999,-999,3,2,70
25/05/2026 02:48:16,-999,-999,-999,3,2,70
25/05/2026 02:48:32,-999,-999,-999,3,2,70
25/05/2026 02:48:48,-999,-999,-999,3,2,80
25/05/2026 02:49:04,-999,-999,-999,3,2,80
25/05/2026 02:49:20,-999,-999,-999,3,2,80
25/05/2026 02:49:36,-999,-999,-999,3,2,80
25/05/2026 02:49:52,-999,-999,-999,3,1,280
25/05/2026 02:50:08,-999,-999,-999,3,1,280
25/05/2026 02:50:24,-999,-999,-999,3,2,70
25/05/2026 02:50:40,-999,-999,-999,3,2,70
25/05/2026 02:50:56,-999,-999,-999,3,2,70
25/05/2026 02:51:12,-999,-999,-999,3,1,280
25/05/2026 02:51:28,-999,-999,-999,3,1,280
25/05/2026 02:51:44,-999,-999,-999,3,1,340
25/05/2026 02:52:00,-999,-999,-999,3,1,340
25/05/2026 02:52:16,-999,-999,-999,3,1,310
25/05/2026 02:52:32,-999,-999,-999,3,1,310
25/05/2026 02:52:48,-999,-999,-999,3,1,120
25/05/2026 02:53:04,-999,-999,-999,3,1,120
25/05/2026 02:53:20,-999,-999,-999,3,1,120
25/05/2026 02:53:36,-999,-999,-999,3,1,120
25/05/2026 02:53:52,-999,-999,-999,3,1,120
25/05/2026 02:54:08,-999,-999,-999,3,1,130
25/05/2026 02:54:24,-999,-999,-999,3,1,130
25/05/2026 02:54:40,-999,-999,-999,3,1,270
25/05/2026 02:54:56,-999,-999,-999,3,1,270
25/05/2026 02:55:12,-999,-999,-999,3,1,280
25/05/2026 02:55:28,-999,-999,-999,3,1,280
25/05/2026 02:55:44,-999,-999,-999,3,1,280
25/05/2026 02:56:00,-999,-999,-999,3,1,210
25/05/2026 02:56:16,-999,-999,-999,3,1,210
25/05/2026 02:56:32,-999,-999,-999,3,1,200
25/05/2026 02:56:48,-999,-999,-999,3,1,200
25/05/2026 02:57:04,-999,-999,-999,3,1,200
25/05/2026 02:57:20,-999,-999,-999,3,1,200
25/05/2026 02:57:36,-999,-999,-999,3,1,200
25/05/2026 02:57:52,-999,-999,-999,3,1,200
25/05/2026 02:58:08,-999,-999,-999,3,1,200
25/05/2026 02:58:24,-999,-999,-999,3,1,180
25/05/2026 02:58:40,-999,-999,-999,3,1,180
25/05/2026 02:58:56,-999,-999,-999,3,2,190
25/05/2026 02:59:12,-999,-999,-999,3,2,190
25/05/2026 02:59:28,-999,-999,-999,3,1,320
25/05/2026 02:59:44,-999,-999,-999,3,1,320
25/05/2026 03:00:00,1,-999,130,3,1,200
25/05/2026 03:00:16,1,-999,130,3,1,200
25/05/2026 03:00:32,1,-999,130,3,1,200
25/05/2026 03:00:48,1,-999,130,3,2,200
25/05/2026 03:01:04,1,-999,130,3,2,200
25/05/2026 03:01:20,1,-999,130,3,1,230
25/05/2026 03:01:36,1,-999,130,3,1,230
25/05/2026 03:01:52,1,-999,130,3,1,100
25/05/2026 03:02:08,1,-999,130,3,1,100
25/05/2026 03:02:24,1,-999,130,3,2,90
25/05/2026 03:02:40,1,-999,130,3,2,90
25/05/2026 03:02:56,1,-999,130,3,2,90
25/05/2026 03:03:12,1,-999,130,3,2,170
25/05/2026 03:03:28,1,-999,130,3,2,170
25/05/2026 03:03:44,1,-999,130,3,2,180
25/05/2026 03:04:00,1,-999,130,3,2,180
25/05/2026 03:04:16,1,-999,130,3,1,260
25/05/2026 03:04:32,1,-999,130,3,1,260
25/05/2026 03:04:48,1,-999,130,3,2,290
25/05/2026 03:05:04,1,-999,130,3,2,290
25/05/2026 03:05:20,1,-999,130,3,2,290
25/05/2026 03:05:36,1,-999,130,3,2,370
25/05/2026 03:05:52,1,-999,130,3,2,370
25/05/2026 03:06:08,1,-999,130,3,2,340
25/05/2026 03:06:24,1,-999,130,3,2,340
25/05/2026 03:06:40,1,-999,130,3,1,200
25/05/2026 03:06:56,1,-999,130,3,1,200
25/05/2026 03:07:12,1,-999,130,3,2,200
25/05/2026 03:07:28,1,-999,130,3,2,200
25/05/2026 03:07:44,1,-999,130,3,2,200
25/05/2026 03:08:00,1,-999,130,3,3,190
25/05/2026 03:08:16,1,-999,130,3,3,190
25/05/2026 03:08:32,1,-999,130,3,2,350
25/05/2026 03:08:48,1,-999,130,3,2,350
25/05/2026 03:09:04,1,-999,130,3,2,280
25/05/2026 03:09:20,1,-999,130,3,2,280
25/05/2026 03:09:36,1,-999,130,3,1,390
25/05/2026 03:09:52,1,-999,130,3,1,390
25/05/2026 03:10:08,1,-999,130,3,1,390
25/05/2026 03:10:24,1,-999,130,3,2,300
25/05/2026 03:10:40,1,-999,130,3,2,300
25/05/2026 03:10:56,1,-999,130,3,2,250
25/05/2026 03:11:12,1,-999,130,3,2,250
25/05/2026 03:11:28,1,-999,130,3,1,210
25/05/2026 03:11:44,1,-999,130,3,1,210
25/05/2026 03:12:00,1,-999,130,3,2,200
25/05/2026 03:12:16,1,-999,130,3,2,200
25/05/2026 03:12:32,1,-999,130,3,2,200
25/05/2026 03:12:48,1,-999,130,3,2,250
25/05/2026 03:13:04,1,-999,130,3,2,250
25/05/2026 03:13:20,1,-999,130,3,2,150
25/05/2026 03:13:36,1,-999,130,3,2,150
25/05/2026 03:13:52,1,-999,130,3,2,190
25/05/2026 03:14:08,1,-999,130,3,2,190
25/05/2026 03:14:24,1,-999,130,3,2,60
25/05/2026 03:14:40,1,-999,130,3,2,60
25/05/2026 03:14:56,1,-999,130,3,2,60
25/05/2026 03:15:12,1,-999,130,3,2,50
25/05/2026 03:15:28,1,-999,130,3,2,50
25/05/2026 03:15:44,1,-999,130,3,2,60
25/05/2026 03:16:00,1,-999,130,3,2,60
25/05/2026 03:16:16,1,-999,130,3,1,380
25/05/2026 03:16:32,1,-999,130,3,1,380
25/05/2026 03:16:48,1,-999,130,3,1,250
25/05/2026 03:17:04,1,-999,130,3,1,250
25/05/2026 03:17:20,1,-999,130,3,1,250
25/05/2026 03:17:36,1,-999,130,3,2,230
25/05/2026 03:17:52,1,-999,130,3,2,230
25/05/2026 03:18:08,1,-999,130,3,1,320
25/05/2026 03:18:24,1,-999,130,3,1,320
25/05/2026 03:18:40,1,-999,130,3,1,220
25/05/2026 03:18:56,1,-999,130,3,1,220
25/05/2026 03:19:12,1,-999,130,3,1,210
25/05/2026 03:19:28,1,-999,130,3,1,210
25/05/2026 03:19:44,1,-999,130,3,1,210
25/05/2026 03:20:00,1,-999,130,3,1,200
25/05/2026 03:20:16,1,-999,130,3,1,200
25/05/2026 03:20:32,1,-999,130,3,1,130
25/05/2026 03:20:48,1,-999,130,3,1,130
25/05/2026 03:21:04,1,-999,130,3,1,70
25/05/2026 03:21:20,1,-999,130,3,1,70
25/05/2026 03:21:36,1,-999,130,3,1,70
25/05/2026 03:21:52,1,-999,130,3,1,70
25/05/2026 03:22:08,1,-999,130,3,1,70
25/05/2026 03:22:24,1,-999,130,3,1,70
25/05/2026 03:22:40,1,-999,130,3,1,70
25/05/2026 03:22:56,1,-999,130,3,1,80
25/05/2026 03:23:12,1,-999,130,3,1,80
25/05/2026 03:23:28,1,-999,130,3,1,150
25/05/2026 03:23:44,1,-999,130,3,1,150
25/05/2026 03:24:00,1,-999,130,3,1,170
25/05/2026 03:24:16,1,-999,130,3,1,170
25/05/2026 03:24:32,1,-999,130,3,1,170
25/05/2026 03:24:48,1,-999,130,3,1,210
25/05/2026 03:25:04,1,-999,130,3,1,210
25/05/2026 03:25:20,1,-999,130,3,1,220
25/05/2026 03:25:36,1,-999,130,3,1,220
25/05/2026 03:25:52,1,-999,130,3,1,300
25/05/2026 03:26:08,1,-999,130,3,1,300
25/05/2026 03:26:24,1,-999,130,3,1,290
25/05/2026 03:26:40,1,-999,130,3,1,290
25/05/2026 03:26:56,1,-999,130,3,1,290
25/05/2026 03:27:12,1,-999,130,3,1,260
25/05/2026 03:27:28,1,-999,130,3,1,260
25/05/2026 03:27:44,1,-999,130,3,1,240
25/05/2026 03:28:00,1,-999,130,3,1,240
25/05/2026 03:28:16,1,-999,130,3,1,230
25/05/2026 03:28:32,1,-999,130,3,1,230
25/05/2026 03:28:48,1,-999,130,3,1,240
25/05/2026 03:29:04,1,-999,130,3,1,240
25/05/2026 03:29:20,1,-999,130,3,1,240
25/05/2026 03:29:36,1,-999,130,3,2,240
25/05/2026 03:29:52,1,-999,130,3,2,240
25/05/2026 03:30:08,1,-999,130,3,1,220
25/05/2026 03:30:24,1,-999,130,3,1,220
25/05/2026 03:30:40,1,-999,130,3,1,200
25/05/2026 03:30:56,1,-999,130,3,1,200
25/05/2026 03:31:12,1,-999,130,3,1,210
25/05/2026 03:31:28,1,-999,130,3,1,210
25/05/2026 03:31:44,1,-999,130,3,1,210
25/05/2026 03:32:00,1,-999,130,3,1,250
25/05/2026 03:32:16,1,-999,130,3,1,250
25/05/2026 03:32:32,1,-999,130,3,1,170
25/05/2026 03:32:48,1,-999,130,3,1,170
25/05/2026 03:33:04,1,-999,130,3,1,180
25/05/2026 03:33:20,1,-999,130,3,1,180
25/05/2026 03:33:36,1,-999,130,3,1,180
25/05/2026 03:33:52,1,-999,130,3,1,180
25/05/2026 03:34:08,1,-999,130,3,1,180
25/05/2026 03:34:24,1,-999,130,3,1,220
25/05/2026 03:34:40,1,-999,130,3,1,220
25/05/2026 03:34:56,1,-999,130,3,1,210
25/05/2026 03:35:12,1,-999,130,3,1,210
25/05/2026 03:35:28,1,-999,130,3,1,200
25/05/2026 03:35:44,1,-999,130,3,1,200
25/05/2026 03:36:00,1,-999,130,3,1,230
25/05/2026 03:36:16,1,-999,130,3,1,230
25/05/2026 03:36:32,1,-999,130,3,1,230
25/05/2026 03:36:48,1,-999,130,3,1,200
25/05/2026 03:37:04,1,-999,130,3,1,200
25/05/2026 03:37:20,1,-999,130,3,1,190
25/05/2026 03:37:36,1,-999,130,3,1,190
25/05/2026 03:37:52,1,-999,130,3,1,190
25/05/2026 03:38:08,1,-999,130,3,1,190
25/05/2026 03:38:24,1,-999,130,3,1,220
25/05/2026 03:38:40,1,-999,130,3,1,220
25/05/2026 03:38:56,1,-999,130,3,1,220
25/05/2026 03:39:12,1,-999,130,3,1,200
25/05/2026 03:39:28,1,-999,130,3,1,200
25/05/2026 03:39:44,1,-999,130,3,1,360
25/05/2026 03:40:00,1,-999,130,3,1,360
25/05/2026 03:40:16,1,-999,130,3,2,230
25/05/2026 03:40:32,1,-999,130,3,2,230
25/05/2026 03:40:48,1,-999,130,3,1,220
25/05/2026 03:41:04,1,-999,130,3,1,220
25/05/2026 03:41:20,1,-999,130,3,1,220
25/05/2026 03:41:36,1,-999,130,3,1,210
25/05/2026 03:41:52,1,-999,130,3,1,210
25/05/2026 03:42:08,1,-999,130,3,1,210
25/05/2026 03:42:24,1,-999,130,3,1,210
25/05/2026 03:42:40,1,-999,130,3,1,240
25/05/2026 03:42:56,1,-999,130,3,1,240
25/05/2026 03:43:12,1,-999,130,3,1,270
25/05/2026 03:43:28,1,-999,130,3,1,270
25/05/2026 03:43:44,1,-999,130,3,1,270
25/05/2026 03:44:00,1,-999,130,3,1,230
25/05/2026 03:44:16,1,-999,130,3,1,230
25/05/2026 03:44:32,1,-999,130,3,1,220
25/05/2026 03:44:48,1,-999,130,3,1,220
25/05/2026 03:45:04,1,-999,130,3,1,250
25/05/2026 03:45:20,1,-999,130,3,1,250
25/05/2026 03:45:36,1,-999,130,3,1,270
25/05/2026 03:45:52,1,-999,130,3,1,270
25/05/2026 03:46:08,1,-999,130,3,1,270
25/05/2026 03:46:24,1,-999,130,3,2,220
25/05/2026 03:46:40,1,-999,130,3,2,220
25/05/2026 03:46:56,1,-999,130,3,2,200
25/05/2026 03:47:12,1,-999,130,3,2,200
25/05/2026 03:47:28,1,-999,130,3,1,300
25/05/2026 03:47:44,1,-999,130,3,1,300
25/05/2026 03:48:00,1,-999,130,3,1,270
25/05/2026 03:48:16,1,-999,130,3,1,270
25/05/2026 03:48:32,1,-999,130,3,1,270
25/05/2026 03:48:48,1,-999,130,3,1,330
25/05/2026 03:49:04,1,-999,130,3,1,330
25/05/2026 03:49:20,1,-999,130,3,1,320
25/05/2026 03:49:36,1,-999,130,3,1,320
25/05/2026 03:49:52,1,-999,130,3,1,210
25/05/2026 03:50:08,1,-999,130,3,1,210
25/05/2026 03:50:24,1,-999,130,3,1,310
25/05/2026 03:50:40,1,-999,130,3,1,310
25/05/2026 03:50:56,1,-999,130,3,1,310
25/05/2026 03:51:12,1,-999,130,3,3,270
25/05/2026 03:51:28,1,-999,130,3,3,270
25/05/2026 03:51:44,1,-999,130,3,2,250
25/05/2026 03:52:00,1,-999,130,3,2,250
25/05/2026 03:52:16,1,-999,130,3,2,350
25/05/2026 03:52:32,1,-999,130,3,2,350
25/05/2026 03:52:48,1,-999,130,3,1,930
25/05/2026 03:53:04,1,-999,130,3,1,930
25/05/2026 03:53:20,1,-999,130,3,1,930
25/05/2026 03:53:36,1,-999,130,3,2,260
25/05/2026 03:53:52,1,-999,130,3,2,260
25/05/2026 03:54:08,1,-999,130,3,1,230
25/05/2026 03:54:24,1,-999,130,3,1,230
25/05/2026 03:54:40,1,-999,130,3,2,220
25/05/2026 03:54:56,1,-999,130,3,2,220
25/05/2026 03:55:12,1,-999,130,3,1,300
25/05/2026 03:55:28,1,-999,130,3,1,300
25/05/2026 03:55:44,1,-999,130,3,1,300
25/05/2026 03:56:00,1,-999,130,3,1,320
25/05/2026 03:56:16,1,-999,130,3,1,320
25/05/2026 03:56:32,1,-999,130,3,1,270
25/05/2026 03:56:48,1,-999,130,3,1,270
25/05/2026 03:57:04,1,-999,130,3,1,230
25/05/2026 03:57:20,1,-999,130,3,1,230
25/05/2026 03:57:36,1,-999,130,3,1,220
25/05/2026 03:57:52,1,-999,130,3,1,220
25/05/2026 03:58:08,1,-999,130,3,1,220
25/05/2026 03:58:24,1,-999,130,3,1,210
25/05/2026 03:58:40,1,-999,130,3,1,210
25/05/2026 03:58:56,1,-999,130,3,1,230
25/05/2026 03:59:12,1,-999,130,3,1,230
25/05/2026 03:59:28,1,-999,130,3,1,220
25/05/2026 03:59:44,1,-999,130,3,1,220
25/05/2026 04:00:00,-999,-999,-999,3,1,250
25/05/2026 04:00:16,-999,-999,-999,3,1,250
25/05/2026 04:00:32,-999,-999,-999,3,1,250
25/05/2026 04:00:48,-999,-999,-999,3,1,300
25/05/2026 04:01:04,-999,-999,-999,3,1,300
25/05/2026 04:01:20,-999,-999,-999,3,1,280
25/05/2026 04:01:36,-999,-999,-999,3,1,280
25/05/2026 04:01:52,-999,-999,-999,3,1,250
25/05/2026 04:02:08,-999,-999,-999,3,1,250
25/05/2026 04:02:24,-999,-999,-999,3,1,240
25/05/2026 04:02:40,-999,-999,-999,3,1,240
25/05/2026 04:02:56,-999,-999,-999,3,1,240
25/05/2026 04:03:12,-999,-999,-999,3,1,310
25/05/2026 04:03:28,-999,-999,-999,3,1,310
25/05/2026 04:03:44,-999,-999,-999,3,1,270
25/05/2026 04:04:00,-999,-999,-999,3,1,270
25/05/2026 04:04:16,-999,-999,-999,3,2,250
25/05/2026 04:04:32,-999,-999,-999,3,2,250
25/05/2026 04:04:48,-999,-999,-999,3,2,230
25/05/2026 04:05:04,-999,-999,-999,3,2,230
25/05/2026 04:05:20,-999,-999,-999,3,2,230
25/05/2026 04:05:36,-999,-999,-999,3,2,290
25/05/2026 04:05:52,-999,-999,-999,3,2,290
25/05/2026 04:06:08,-999,-999,-999,3,1,660
25/05/2026 04:06:24,-999,-999,-999,3,1,660
25/05/2026 04:06:40,-999,-999,-999,3,2,210
25/05/2026 04:06:56,-999,-999,-999,3,2,210
25/05/2026 04:07:12,-999,-999,-999,3,2,290
25/05/2026 04:07:28,-999,-999,-999,3,2,290
25/05/2026 04:07:44,-999,-999,-999,3,2,290
25/05/2026 04:08:00,-999,-999,-999,3,2,320
25/05/2026 04:08:16,-999,-999,-999,3,2,320
25/05/2026 04:08:32,-999,-999,-999,3,2,210
25/05/2026 04:08:48,-999,-999,-999,3,2,210
25/05/2026 04:09:04,-999,-999,-999,3,2,210
25/05/2026 04:09:20,-999,-999,-999,3,2,210
25/05/2026 04:09:36,-999,-999,-999,3,2,210
25/05/2026 04:09:52,-999,-999,-999,3,2,210
25/05/2026 04:10:08,-999,-999,-999,3,2,210
25/05/2026 04:10:24,-999,-999,-999,3,1,760
25/05/2026 04:10:40,-999,-999,-999,3,1,760
25/05/2026 04:10:56,-999,-999,-999,3,1,750
25/05/2026 04:11:12,-999,-999,-999,3,1,750
25/05/2026 04:11:28,-999,-999,-999,3,1,810
25/05/2026 04:11:44,-999,-999,-999,3,1,810
25/05/2026 04:12:00,-999,-999,-999,3,2,200
25/05/2026 04:12:16,-999,-999,-999,3,2,200
25/05/2026 04:12:32,-999,-999,-999,3,2,200
25/05/2026 04:12:48,-999,-999,-999,3,2,200
25/05/2026 04:13:04,-999,-999,-999,3,2,200
25/05/2026 04:13:20,-999,-999,-999,3,2,190
25/05/2026 04:13:36,-999,-999,-999,3,2,190
25/05/2026 04:13:52,-999,-999,-999,3,1,890
25/05/2026 04:14:08,-999,-999,-999,3,1,890
25/05/2026 04:14:24,-999,-999,-999,3,2,190
25/05/2026 04:14:40,-999,-999,-999,3,2,190
25/05/2026 04:14:56,-999,-999,-999,3,2,190
25/05/2026 04:15:12,-999,-999,-999,3,3,170
25/05/2026 04:15:28,-999,-999,-999,3,3,170
25/05/2026 04:15:44,-999,-999,-999,3,2,190
25/05/2026 04:16:00,-999,-999,-999,3,2,190
25/05/2026 04:16:16,-999,-999,-999,3,3,170
25/05/2026 04:16:32,-999,-999,-999,3,3,170
25/05/2026 04:16:48,-999,-999,-999,3,2,180
25/05/2026 04:17:04,-999,-999,-999,3,2,180
25/05/2026 04:17:20,-999,-999,-999,3,2,180
25/05/2026 04:17:36,-999,-999,-999,3,2,240
25/05/2026 04:17:52,-999,-999,-999,3,2,240
25/05/2026 04:18:08,-999,-999,-999,3,1,250
25/05/2026 04:18:24,-999,-999,-999,3,1,250
25/05/2026 04:18:40,-999,-999,-999,3,1,260
25/05/2026 04:18:56,-999,-999,-999,3,1,260
25/05/2026 04:19:12,-999,-999,-999,3,2,230
25/05/2026 04:19:28,-999,-999,-999,3,2,230
25/05/2026 04:19:44,-999,-999,-999,3,2,230
25/05/2026 04:20:00,-999,-999,-999,3,4,790
25/05/2026 04:20:16,-999,-999,-999,3,4,790
25/05/2026 04:20:32,-999,-999,-999,3,4,760
25/05/2026 04:20:48,-999,-999,-999,3,4,760
25/05/2026 04:21:04,-999,-999,-999,3,4,970
25/05/2026 04:21:20,-999,-999,-999,3,4,970
25/05/2026 04:21:36,-999,-999,-999,3,2,660
25/05/2026 04:21:52,-999,-999,-999,3,2,660
25/05/2026 04:22:08,-999,-999,-999,3,2,660
25/05/2026 04:22:24,-999,-999,-999,3,2,670
25/05/2026 04:22:40,-999,-999,-999,3,2,670
25/05/2026 04:22:56,-999,-999,-999,3,1,1230
25/05/2026 04:23:12,-999,-999,-999,3,1,1230
25/05/2026 04:23:28,-999,-999,-999,3,2,820
25/05/2026 04:23:44,-999,-999,-999,3,2,820
25/05/2026 04:24:00,-999,-999,-999,3,2,800
25/05/2026 04:24:16,-999,-999,-999,3,2,800
25/05/2026 04:24:32,-999,-999,-999,3,2,800
25/05/2026 04:24:48,-999,-999,-999,3,2,760
25/05/2026 04:25:04,-999,-999,-999,3,2,760
25/05/2026 04:25:20,-999,-999,-999,3,1,750
25/05/2026 04:25:36,-999,-999,-999,3,1,750
25/05/2026 04:25:52,-999,-999,-999,3,2,780
25/05/2026 04:26:08,-999,-999,-999,3,2,780
25/05/2026 04:26:24,-999,-999,-999,3,2,840
25/05/2026 04:26:40,-999,-999,-999,3,2,840
25/05/2026 04:26:56,-999,-999,-999,3,2,840
25/05/2026 04:27:12,-999,-999,-999,3,2,750
25/05/2026 04:27:28,-999,-999,-999,3,2,750
25/05/2026 04:27:44,-999,-999,-999,3,1,710
25/05/2026 04:28:00,-999,-999,-999,3,1,710
25/05/2026 04:28:16,-999,-999,-999,3,2,720
25/05/2026 04:28:32,-999,-999,-999,3,2,720
25/05/2026 04:28:48,-999,-999,-999,3,1,1190
25/05/2026 04:29:04,-999,-999,-999,3,1,1190
25/05/2026 04:29:20,-999,-999,-999,3,1,1190
25/05/2026 04:29:36,-999,-999,-999,3,1,1190
25/05/2026 04:29:52,-999,-999,-999,3,1,1190
25/05/2026 04:30:08,-999,-999,-999,3,1,1170
25/05/2026 04:30:24,-999,-999,-999,3,1,1170
25/05/2026 04:30:40,-999,-999,-999,3,1,1120
25/05/2026 04:30:56,-999,-999,-999,3,1,1120
25/05/2026 04:31:12,-999,-999,-999,3,1,1100
25/05/2026 04:31:28,-999,-999,-999,3,1,1100
25/05/2026 04:31:44,-999,-999,-999,3,1,1100
25/05/2026 04:32:00,-999,-999,-999,3,1,1050
25/05/2026 04:32:16,-999,-999,-999,3,1,1050
25/05/2026 04:32:32,-999,-999,-999,3,1,1120
25/05/2026 04:32:48,-999,-999,-999,3,1,1120
25/05/2026 04:33:04,-999,-999,-999,3,1,1040
25/05/2026 04:33:20,-999,-999,-999,3,1,1040
25/05/2026 04:33:36,-999,-999,-999,3,1,1020
25/05/2026 04:33:52,-999,130,-999,3,1,1020
25/05/2026 04:34:08,-999,130,-999,3,1,1020
25/05/2026 04:34:24,-999,130,-999,3,1,1020
25/05/2026 04:34:40,-999,130,-999,3,1,1020
25/05/2026 04:34:56,-999,130,-999,3,1,1150
25/05/2026 04:35:12,-999,130,-999,3,1,1150
25/05/2026 04:35:28,-999,130,-999,3,1,1000
25/05/2026 04:35:44,-999,130,-999,3,1,1000
25/05/2026 04:36:00,-999,130,-999,3,1,1060
25/05/2026 04:36:16,-999,130,-999,3,1,1060
25/05/2026 04:36:32,-999,-999,-999,3,1,1060
25/05/2026 04:36:48,-999,-999,-999,3,1,1040
25/05/2026 04:37:04,-999,1130,-999,3,1,1040
25/05/2026 04:37:20,-999,1130,-999,3,1,1050
25/05/2026 04:37:36,-999,1130,-999,3,1,1050
25/05/2026 04:37:52,-999,1130,-999,3,2,730
25/05/2026 04:38:08,-999,1130,-999,3,2,730
25/05/2026 04:38:24,-999,1130,-999,3,1,1140
25/05/2026 04:38:40,-999,1130,-999,3,1,1140
25/05/2026 04:38:56,-999,1130,-999,3,1,1140
25/05/2026 04:39:12,-999,1130,-999,3,2,690
25/05/2026 04:39:28,-999,1130,-999,3,2,690
25/05/2026 04:39:44,-999,-999,-999,3,1,1120
25/05/2026 04:40:00,-999,-999,-999,3,1,1120
25/05/2026 04:40:16,-999,-999,-999,3,2,590
25/05/2026 04:40:32,-999,-999,-999,3,2,590
25/05/2026 04:40:48,-999,-999,-999,3,2,650
25/05/2026 04:41:04,-999,-999,-999,3,2,650
25/05/2026 04:41:20,-999,-999,-999,3,2,650
25/05/2026 04:41:36,-999,-999,-999,3,1,1120
25/05/2026 04:41:52,-999,-999,-999,3,1,1120
25/05/2026 04:42:08,-999,-999,-999,3,1,1190
25/05/2026 04:42:24,-999,-999,-999,3,1,1190
25/05/2026 04:42:40,-999,-999,-999,3,1,1200
25/05/2026 04:42:56,-999,-999,-999,3,1,1200
25/05/2026 04:43:12,-999,-999,-999,3,1,1210
25/05/2026 04:43:28,-999,-999,-999,3,1,1210
25/05/2026 04:43:44,-999,-999,-999,3,1,1210
25/05/2026 04:44:00,-999,-999,-999,3,1,1220
25/05/2026 04:44:16,-999,-999,-999,3,1,1220
25/05/2026 04:44:32,-999,-999,-999,3,2,950
25/05/2026 04:44:48,-999,-999,-999,3,2,950
25/05/2026 04:45:04,-999,-999,-999,3,1,1240
25/05/2026 04:45:20,-999,-999,-999,3,1,1240
25/05/2026 04:45:36,-999,-999,-999,3,1,1260
25/05/2026 04:45:52,-999,-999,-999,3,1,1260
25/05/2026 04:46:08,-999,-999,-999,3,1,1260
25/05/2026 04:46:24,-999,-999,-999,3,2,920
25/05/2026 04:46:40,-999,-999,-999,3,2,920
25/05/2026 04:46:56,-999,-999,-999,3,1,910
25/05/2026 04:47:12,-999,-999,-999,3,1,910
25/05/2026 04:47:28,-999,1000,-999,3,1,900
25/05/2026 04:47:44,-999,1000,-999,3,1,900
25/05/2026 04:48:00,-999,990,-999,3,1,870
25/05/2026 04:48:16,-999,990,-999,3,1,870
25/05/2026 04:48:32,-999,990,-999,3,1,870
25/05/2026 04:48:48,-999,990,-999,3,1,820
25/05/2026 04:49:04,-999,990,-999,3,1,820
25/05/2026 04:49:20,-999,990,-999,3,1,870
25/05/2026 04:49:36,-999,1000,-999,3,1,870
25/05/2026 04:49:52,-999,-999,-999,3,2,130
25/05/2026 04:50:08,-999,-999,-999,3,2,130
25/05/2026 04:50:24,-999,-999,-999,3,2,130
25/05/2026 04:50:40,-999,-999,-999,3,2,130
25/05/2026 04:50:56,-999,-999,-999,3,2,130
25/05/2026 04:51:12,-999,990,-999,3,1,850
25/05/2026 04:51:28,-999,990,-999,3,1,850
25/05/2026 04:51:44,-999,970,-999,3,3,880
25/05/2026 04:52:00,-999,970,-999,3,3,880
25/05/2026 04:52:16,-999,180,-999,3,1,1350
25/05/2026 04:52:32,-999,180,-999,3,1,1350
25/05/2026 04:52:48,-999,180,-999,3,2,1060
25/05/2026 04:53:04,-999,180,-999,3,2,1060
25/05/2026 04:53:20,-999,180,-999,3,2,1060
25/05/2026 04:53:36,-999,180,-999,3,1,1050
25/05/2026 04:53:52,-999,180,-999,3,1,1050
25/05/2026 04:54:08,-999,180,-999,3,2,1040
25/05/2026 04:54:24,-999,180,-999,3,2,1040
25/05/2026 04:54:40,-999,180,-999,3,2,1040
25/05/2026 04:54:56,-999,180,-999,3,2,1040
25/05/2026 04:55:12,-999,180,-999,3,1,1090
25/05/2026 04:55:28,-999,180,-999,3,1,1090
25/05/2026 04:55:44,-999,180,-999,3,1,1090
25/05/2026 04:56:00,-999,180,-999,3,1,1210
25/05/2026 04:56:16,-999,180,-999,3,1,1210
25/05/2026 04:56:32,-999,180,-999,3,1,1040
25/05/2026 04:56:48,-999,180,-999,3,1,1040
25/05/2026 04:57:04,-999,180,-999,3,1,1120
25/05/2026 04:57:20,-999,180,-999,3,1,1120
25/05/2026 04:57:36,-999,180,-999,3,2,610
25/05/2026 04:57:52,-999,180,-999,3,2,610
25/05/2026 04:58:08,-999,180,-999,3,2,610
25/05/2026 04:58:24,-999,180,-999,3,1,1210
25/05/2026 04:58:40,-999,-999,-999,3,1,1210
25/05/2026 04:58:56,-999,-999,-999,3,2,1300
25/05/2026 04:59:12,-999,-999,-999,3,2,1300
25/05/2026 04:59:28,-999,-999,-999,3,1,1670
25/05/2026 04:59:44,-999,-999,-999,3,1,1670
25/05/2026 05:00:00,1,-999,180,3,2,1070
25/05/2026 05:00:16,1,-999,180,3,2,1070
25/05/2026 05:00:32,1,-999,180,3,2,1070
25/05/2026 05:00:48,1,-999,180,3,1,1070
25/05/2026 05:01:04,1,-999,180,3,1,1070
25/05/2026 05:01:20,1,-999,180,3,1,1020
25/05/2026 05:01:36,1,-999,180,3,1,1020
25/05/2026 05:01:52,1,-999,180,3,2,1000
25/05/2026 05:02:08,1,-999,180,3,2,1000
25/05/2026 05:02:24,1,-999,180,3,2,950
25/05/2026 05:02:40,1,-999,180,3,2,950
25/05/2026 05:02:56,1,-999,180,3,2,950
25/05/2026 05:03:12,1,-999,180,3,2,1020
25/05/2026 05:03:28,1,-999,180,3,2,1020
25/05/2026 05:03:44,1,-999,180,3,1,1040
25/05/2026 05:04:00,1,-999,180,3,1,1040
25/05/2026 05:04:16,1,-999,180,3,1,1030
25/05/2026 05:04:32,1,-999,180,3,1,1030
25/05/2026 05:04:48,1,-999,180,3,2,500
25/05/2026 05:05:04,1,-999,180,3,2,500
25/05/2026 05:05:20,1,-999,180,3,2,500
25/05/2026 05:05:36,1,-999,180,3,1,1750
25/05/2026 05:05:52,1,-999,180,3,1,1750
25/05/2026 05:06:08,1,-999,180,3,1,1760
25/05/2026 05:06:24,1,-999,180,3,1,1760
25/05/2026 05:06:40,1,-999,180,3,1,1780
25/05/2026 05:06:56,1,-999,180,3,1,1780
25/05/2026 05:07:12,1,-999,180,3,1,1820
25/05/2026 05:07:28,1,-999,180,3,1,1820
25/05/2026 05:07:44,1,-999,180,3,1,1820
25/05/2026 05:08:00,1,-999,180,3,3,1410
25/05/2026 05:08:16,1,-999,180,3,3,1410
25/05/2026 05:08:32,1,-999,180,3,1,1400
25/05/2026 05:08:48,1,-999,180,3,1,1400
25/05/2026 05:09:04,1,-999,180,3,1,1400
25/05/2026 05:09:20,1,-999,180,3,1,1400
25/05/2026 05:09:36,1,-999,180,3,1,1410
25/05/2026 05:09:52,1,-999,180,3,1,1410
25/05/2026 05:10:08,1,-999,180,3,1,1410
25/05/2026 05:10:24,1,-999,180,3,2,280
25/05/2026 05:10:40,1,-999,180,3,2,280
25/05/2026 05:10:56,1,-999,180,3,1,1090
25/05/2026 05:11:12,1,-999,180,3,1,1090
25/05/2026 05:11:28,1,-999,180,3,1,1430
25/05/2026 05:11:44,1,-999,180,3,1,1430
25/05/2026 05:12:00,1,-999,180,3,2,300
25/05/2026 05:12:16,1,-999,180,3,2,300
25/05/2026 05:12:32,1,-999,180,3,2,300
25/05/2026 05:12:48,1,-999,180,3,2,190
25/05/2026 05:13:04,1,-999,180,3,2,190
25/05/2026 05:13:20,1,-999,180,3,1,130
25/05/2026 05:13:36,1,-999,180,3,1,130
25/05/2026 05:13:52,1,-999,180,3,1,110
25/05/2026 05:14:08,1,-999,180,3,1,110
25/05/2026 05:14:24,1,-999,180,3,2,110
25/05/2026 05:14:40,1,-999,180,3,2,110
25/05/2026 05:14:56,1,-999,180,3,2,110
25/05/2026 05:15:12,1,-999,180,3,3,110
25/05/2026 05:15:28,1,-999,180,3,3,110
25/05/2026 05:15:44,1,-999,180,3,1,1410
25/05/2026 05:16:00,1,-999,180,3,1,1410
25/05/2026 05:16:16,1,-999,180,3,1,1400
25/05/2026 05:16:32,1,120,180,3,1,1400
25/05/2026 05:16:48,1,120,180,3,1,1390
25/05/2026 05:17:04,1,120,180,3,1,1390
25/05/2026 05:17:20,1,120,180,3,1,1390
25/05/2026 05:17:36,1,120,180,3,1,1410
25/05/2026 05:17:52,1,120,180,3,1,1410
25/05/2026 05:18:08,1,120,180,3,1,1500
25/05/2026 05:18:24,1,120,180,3,1,1500
25/05/2026 05:18:40,1,120,180,3,1,1490
25/05/2026 05:18:56,1,120,180,3,1,1490
25/05/2026 05:19:12,1,120,180,3,1,1420
25/05/2026 05:19:28,1,120,180,3,1,1420
25/05/2026 05:19:44,1,120,180,3,1,1420
25/05/2026 05:20:00,1,120,180,3,1,1430
25/05/2026 05:20:16,1,120,180,3,1,1430
25/05/2026 05:20:32,1,110,180,3,1,1420
25/05/2026 05:20:48,1,110,180,3,1,1420
25/05/2026 05:21:04,1,110,180,3,2,1180
25/05/2026 05:21:20,1,110,180,3,2,1180
25/05/2026 05:21:36,1,-999,180,3,3,40
25/05/2026 05:21:52,1,-999,180,3,3,40
25/05/2026 05:22:08,1,-999,180,3,3,40
25/05/2026 05:22:24,1,-999,180,3,2,40
25/05/2026 05:22:40,1,-999,180,3,2,40
25/05/2026 05:22:56,1,-999,180,3,2,40
25/05/2026 05:23:12,1,-999,180,3,2,40
25/05/2026 05:23:28,1,-999,180,3,2,40
25/05/2026 05:23:44,1,-999,180,3,2,40
25/05/2026 05:24:00,1,-999,180,3,2,40
25/05/2026 05:24:16,1,-999,180,3,2,40
25/05/2026 05:24:32,1,-999,180,3,2,40
25/05/2026 05:24:48,1,-999,180,3,2,40
25/05/2026 05:25:04,1,-999,180,3,2,40
25/05/2026 05:25:20,1,1620,180,3,1,1450
25/05/2026 05:25:36,1,1620,180,3,1,1450
25/05/2026 05:25:52,1,1620,180,3,1,1450
25/05/2026 05:26:08,1,1680,180,3,1,1450
25/05/2026 05:26:24,1,1680,180,3,1,1440
25/05/2026 05:26:40,1,1680,180,3,1,1440
25/05/2026 05:26:56,1,1680,180,3,1,1440
25/05/2026 05:27:12,1,-999,180,3,2,40
25/05/2026 05:27:28,1,-999,180,3,2,40
25/05/2026 05:27:44,1,1680,180,3,1,1470
25/05/2026 05:28:00,1,1680,180,3,1,1470
25/05/2026 05:28:16,1,-999,180,3,2,40
25/05/2026 05:28:32,1,-999,180,3,2,40
25/05/2026 05:28:48,1,1690,180,3,1,1500
25/05/2026 05:29:04,1,1690,180,3,1,1500
25/05/2026 05:29:20,1,1690,180,3,1,1500
25/05/2026 05:29:36,1,-999,180,3,2,40
25/05/2026 05:29:52,1,-999,180,3,2,40
25/05/2026 05:30:08,1,-999,180,3,2,40
25/05/2026 05:30:24,1,-999,180,3,2,40
25/05/2026 05:30:40,1,-999,180,3,2,40
25/05/2026 05:30:56,1,-999,180,3,2,40
25/05/2026 05:31:12,1,1120,180,3,1,1520
25/05/2026 05:31:28,1,1120,180,3,1,1520
25/05/2026 05:31:44,1,1120,180,3,1,1520
25/05/2026 05:32:00,1,-999,180,3,2,40
25/05/2026 05:32:16,1,-999,180,3,2,40
25/05/2026 05:32:32,1,-999,180,3,2,40
25/05/2026 05:32:48,1,-999,180,3,2,40
25/05/2026 05:33:04,1,-999,180,3,2,110
25/05/2026 05:33:20,1,-999,180,3,2,110
25/05/2026 05:33:36,1,-999,180,3,2,100
25/05/2026 05:33:52,1,-999,180,3,2,100
25/05/2026 05:34:08,1,-999,180,3,2,100
25/05/2026 05:34:24,1,-999,180,3,2,100
25/05/2026 05:34:40,1,-999,180,3,2,100
25/05/2026 05:34:56,1,-999,180,3,2,40
25/05/2026 05:35:12,1,-999,180,3,2,40
25/05/2026 05:35:28,1,-999,180,3,1,60
25/05/2026 05:35:44,1,-999,180,3,1,60
25/05/2026 05:36:00,1,-999,180,3,2,50
25/05/2026 05:36:16,1,-999,180,3,2,50
25/05/2026 05:36:32,1,-999,180,3,2,50
25/05/2026 05:36:48,1,-999,180,3,2,40
25/05/2026 05:37:04,1,-999,180,3,2,40
25/05/2026 05:37:20,1,-999,180,3,2,40
25/05/2026 05:37:36,1,-999,180,3,2,40
25/05/2026 05:37:52,1,-999,180,3,2,40
25/05/2026 05:38:08,1,-999,180,3,2,40
25/05/2026 05:38:24,1,-999,180,3,2,40
25/05/2026 05:38:40,1,-999,180,3,2,40
25/05/2026 05:38:56,1,-999,180,3,2,40
25/05/2026 05:39:12,1,-999,180,3,2,40
25/05/2026 05:39:28,1,-999,180,3,2,40
25/05/2026 05:39:44,1,-999,180,3,2,40
25/05/2026 05:40:00,1,-999,180,3,2,40
25/05/2026 05:40:16,1,-999,180,3,2,40
25/05/2026 05:40:32,1,-999,180,3,2,40
25/05/2026 05:40:48,1,970,180,3,1,1450
25/05/2026 05:41:04,1,970,180,3,1,1450
25/05/2026 05:41:20,1,970,180,3,1,1450
25/05/2026 05:41:36,1,-999,180,3,2,40
25/05/2026 05:41:52,1,-999,180,3,2,40
25/05/2026 05:42:08,1,-999,180,3,1,40
25/05/2026 05:42:24,1,-999,180,3,1,40
25/05/2026 05:42:40,1,-999,180,3,1,40
25/05/2026 05:42:56,1,-999,180,3,1,40
25/05/2026 05:43:12,1,-999,180,3,1,40
25/05/2026 05:43:28,1,-999,180,3,1,40
25/05/2026 05:43:44,1,-999,180,3,1,40
25/05/2026 05:44:00,1,-999,180,3,1,40
25/05/2026 05:44:16,1,-999,180,3,1,40
25/05/2026 05:44:32,1,30,180,3,0,-999
25/05/2026 05:44:48,1,30,180,3,0,-999
25/05/2026 05:45:04,1,10,180,3,0,-999
25/05/2026 05:45:20,1,10,180,3,0,-999
25/05/2026 05:45:36,1,40,180,3,0,-999
25/05/2026 05:45:52,1,40,180,3,0,-999
25/05/2026 05:46:08,1,40,180,3,0,-999
25/05/2026 05:46:24,1,960,180,3,1,1480
25/05/2026 05:46:40,1,960,180,3,1,1480
25/05/2026 05:46:56,1,490,180,3,0,-999
25/05/2026 05:47:12,1,490,180,3,0,-999
25/05/2026 05:47:28,1,960,180,3,1,1490
25/05/2026 05:47:44,1,960,180,3,1,1490
25/05/2026 05:48:00,1,960,180,3,1,1490
25/05/2026 05:48:16,1,960,180,3,1,1490
25/05/2026 05:48:32,1,960,180,3,1,1490
25/05/2026 05:48:48,1,960,180,3,1,1470
25/05/2026 05:49:04,1,960,180,3,1,1470
25/05/2026 05:49:20,1,100,180,3,1,1470
25/05/2026 05:49:36,1,110,180,3,1,1470
25/05/2026 05:49:52,1,110,180,3,1,1470
25/05/2026 05:50:08,1,110,180,3,1,1470
25/05/2026 05:50:24,1,120,180,3,1,1460
25/05/2026 05:50:40,1,120,180,3,1,1460
25/05/2026 05:50:56,1,120,180,3,1,1460
25/05/2026 05:51:12,1,120,180,3,1,1430
25/05/2026 05:51:28,1,120,180,3,1,1430
25/05/2026 05:51:44,1,120,180,3,1,1430
25/05/2026 05:52:00,1,130,180,3,1,1430
25/05/2026 05:52:16,1,130,180,3,1,1420
25/05/2026 05:52:32,1,130,180,3,1,1420
25/05/2026 05:52:48,1,130,180,3,1,1460
25/05/2026 05:53:04,1,130,180,3,1,1460
25/05/2026 05:53:20,1,130,180,3,1,1460
25/05/2026 05:53:36,1,130,180,3,1,1440
25/05/2026 05:53:52,1,130,180,3,1,1440
25/05/2026 05:54:08,1,130,180,3,1,1450
25/05/2026 05:54:24,1,130,180,3,1,1450
25/05/2026 05:54:40,1,130,180,3,0,-999
25/05/2026 05:54:56,1,130,180,3,0,-999
25/05/2026 05:55:12,1,130,180,3,1,1470
25/05/2026 05:55:28,1,130,180,3,1,1470
25/05/2026 05:55:44,1,130,180,3,1,1470
25/05/2026 05:56:00,1,130,180,3,1,1470
25/05/2026 05:56:16,1,130,180,3,1,1470
25/05/2026 05:56:32,1,130,180,3,0,-999
25/05/2026 05:56:48,1,130,180,3,0,-999
25/05/2026 05:57:04,1,130,180,3,0,-999
25/05/2026 05:57:20,1,130,180,3,0,-999
25/05/2026 05:57:36,1,130,180,3,0,-999
25/05/2026 05:57:52,1,130,180,3,0,-999
25/05/2026 05:58:08,1,130,180,3,0,-999
25/05/2026 05:58:24,1,130,180,3,1,1490
25/05/2026 05:58:40,1,130,180,3,1,1490
25/05/2026 05:58:56,1,130,180,3,1,1490
25/05/2026 05:59:12,1,130,180,3,1,1490
25/05/2026 05:59:28,1,130,180,3,1,1490
25/05/2026 05:59:44,1,130,180,3,1,1490
25/05/2026 06:00:00,2,130,130,3,1,1470
25/05/2026 06:00:16,2,130,130,3,1,1470
25/05/2026 06:00:32,2,130,130,3,1,1470
25/05/2026 06:00:48,2,130,130,3,1,1480
25/05/2026 06:01:04,2,130,130,3,1,1480
25/05/2026 06:01:20,2,130,130,3,1,1480
25/05/2026 06:01:36,2,130,130,3,1,1480
25/05/2026 06:01:52,2,-999,130,3,1,40
25/05/2026 06:02:08,2,-999,130,3,1,40
25/05/2026 06:02:24,2,-999,130,3,1,40
25/05/2026 06:02:40,2,-999,130,3,1,40
25/05/2026 06:02:56,2,-999,130,3,1,40
25/05/2026 06:03:12,2,120,130,3,0,-999
25/05/2026 06:03:28,2,110,130,3,0,-999
25/05/2026 06:03:44,2,30,130,3,2,5990
25/05/2026 06:04:00,2,30,130,3,2,5990
25/05/2026 06:04:16,2,30,130,3,1,6040
25/05/2026 06:04:32,2,30,130,3,1,6040
25/05/2026 06:04:48,2,10,130,3,1,6010
25/05/2026 06:05:04,2,10,130,3,1,6010
25/05/2026 06:05:20,2,10,130,3,1,6010
25/05/2026 06:05:36,2,10,130,3,1,6010
25/05/2026 06:05:52,2,30,130,3,1,6010
25/05/2026 06:06:08,2,30,130,3,1,6010
25/05/2026 06:06:24,2,30,130,3,1,6010
25/05/2026 06:06:40,2,30,130,3,1,6010
25/05/2026 06:06:56,2,30,130,3,1,6010
25/05/2026 06:07:12,2,30,130,3,1,6000
25/05/2026 06:07:28,2,30,130,3,1,6000
25/05/2026 06:07:44,2,30,130,3,1,6000
25/05/2026 06:08:00,2,-999,130,3,2,40
25/05/2026 06:08:16,2,-999,130,3,2,40
25/05/2026 06:08:32,2,10,130,3,1,6010
25/05/2026 06:08:48,2,10,130,3,1,6010
25/05/2026 06:09:04,2,20,130,3,1,6010
25/05/2026 06:09:20,2,20,130,3,1,6010
25/05/2026 06:09:36,2,50,130,3,1,6010
25/05/2026 06:09:52,2,50,130,3,1,6010
25/05/2026 06:10:08,2,50,130,3,1,6010
25/05/2026 06:10:24,2,10,130,3,0,-999
25/05/2026 06:10:40,2,10,130,3,0,-999
25/05/2026 06:10:56,2,30,130,3,0,-999
25/05/2026 06:11:12,2,40,130,3,0,-999
25/05/2026 06:11:28,2,40,130,3,1,10220
25/05/2026 06:11:44,2,40,130,3,1,10220
25/05/2026 06:12:00,2,40,130,3,1,10240
25/05/2026 06:12:16,2,40,130,3,1,10240
25/05/2026 06:12:32,2,40,130,3,1,10240
25/05/2026 06:12:48,2,40,130,3,2,5850
25/05/2026 06:13:04,2,40,130,3,2,5850
25/05/2026 06:13:20,2,40,130,3,1,5850
25/05/2026 06:13:36,2,40,130,3,1,5850
25/05/2026 06:13:52,2,40,130,3,1,5850
25/05/2026 06:14:08,2,40,130,3,1,5850
25/05/2026 06:14:24,2,40,130,3,1,5870
25/05/2026 06:14:40,2,40,130,3,1,5870
25/05/2026 06:14:56,2,30,130,3,1,5870
25/05/2026 06:15:12,2,30,130,3,1,5870
25/05/2026 06:15:28,2,30,130,3,1,5870
25/05/2026 06:15:44,2,30,130,3,1,5880
25/05/2026 06:16:00,2,30,130,3,1,5880
25/05/2026 06:16:16,2,30,130,3,0,-999
25/05/2026 06:16:32,2,30,130,3,0,-999
25/05/2026 06:16:48,2,30,130,3,0,-999
25/05/2026 06:17:04,2,30,130,3,0,-999
25/05/2026 06:17:20,2,30,130,3,0,-999
25/05/2026 06:17:36,2,890,130,3,1,1610
25/05/2026 06:17:52,2,890,130,3,1,1610
25/05/2026 06:18:08,2,890,130,3,1,1590
25/05/2026 06:18:24,2,890,130,3,1,1590
25/05/2026 06:18:40,2,890,130,3,1,1560
25/05/2026 06:18:56,2,900,130,3,1,1560
25/05/2026 06:19:12,2,900,130,3,1,1540
25/05/2026 06:19:28,2,900,130,3,1,1540
25/05/2026 06:19:44,2,900,130,3,1,1540
25/05/2026 06:20:00,2,900,130,3,1,1530
25/05/2026 06:20:16,2,900,130,3,1,1530
25/05/2026 06:20:32,2,900,130,3,1,1520
25/05/2026 06:20:48,2,900,130,3,1,1520
25/05/2026 06:21:04,2,900,130,3,1,1520
25/05/2026 06:21:20,2,900,130,3,1,1520
25/05/2026 06:21:36,2,900,130,3,1,1560
25/05/2026 06:21:52,2,900,130,3,1,1560
25/05/2026 06:22:08,2,900,130,3,1,1560
25/05/2026 06:22:24,2,900,130,3,1,1550
25/05/2026 06:22:40,2,900,130,3,1,1550
25/05/2026 06:22:56,2,900,130,3,1,1550
25/05/2026 06:23:12,2,900,130,3,1,1550
25/05/2026 06:23:28,2,890,130,3,1,1560
25/05/2026 06:23:44,2,890,130,3,1,1560
25/05/2026 06:24:00,2,880,130,3,1,1600
25/05/2026 06:24:16,2,880,130,3,1,1600
25/05/2026 06:24:32,2,880,130,3,1,1600
25/05/2026 06:24:48,2,880,130,3,1,1480
25/05/2026 06:25:04,2,870,130,3,1,1480
25/05/2026 06:25:20,2,870,130,3,1,1460
25/05/2026 06:25:36,2,870,130,3,1,1460
25/05/2026 06:25:52,2,870,130,3,1,1480
25/05/2026 06:26:08,2,870,130,3,1,1480
25/05/2026 06:26:24,2,870,130,3,2,730
25/05/2026 06:26:40,2,860,130,3,2,730
25/05/2026 06:26:56,2,860,130,3,2,730
25/05/2026 06:27:12,2,860,130,3,2,710
25/05/2026 06:27:28,2,860,130,3,2,710
25/05/2026 06:27:44,2,860,130,3,1,720
25/05/2026 06:28:00,2,850,130,3,1,720
25/05/2026 06:28:16,2,100,130,3,2,690
25/05/2026 06:28:32,2,100,130,3,2,690
25/05/2026 06:28:48,2,100,130,3,2,690
25/05/2026 06:29:04,2,100,130,3,2,690
25/05/2026 06:29:20,2,100,130,3,2,690
25/05/2026 06:29:36,2,100,130,3,2,840
25/05/2026 06:29:52,2,100,130,3,2,840
25/05/2026 06:30:08,2,100,130,3,2,910
25/05/2026 06:30:24,2,100,130,3,2,910
25/05/2026 06:30:40,2,100,130,3,3,730
25/05/2026 06:30:56,2,100,130,3,3,730
25/05/2026 06:31:12,2,100,130,3,1,740
25/05/2026 06:31:28,2,100,130,3,1,740
25/05/2026 06:31:44,2,100,130,3,1,740
25/05/2026 06:32:00,2,100,130,3,1,730
25/05/2026 06:32:16,2,100,130,3,1,730
25/05/2026 06:32:32,2,110,130,3,2,720
25/05/2026 06:32:48,2,110,130,3,2,720
25/05/2026 06:33:04,2,110,130,3,3,720
25/05/2026 06:33:20,2,110,130,3,3,720
25/05/2026 06:33:36,2,110,130,3,2,710
25/05/2026 06:33:52,2,110,130,3,2,710
25/05/2026 06:34:08,2,110,130,3,2,710
25/05/2026 06:34:24,2,110,130,3,3,710
25/05/2026 06:34:40,2,110,130,3,3,710
25/05/2026 06:34:56,2,110,130,3,1,730
25/05/2026 06:35:12,2,110,130,3,1,730
25/05/2026 06:35:28,2,110,130,3,2,730
25/05/2026 06:35:44,2,110,130,3,2,730
25/05/2026 06:36:00,2,110,130,3,1,730
25/05/2026 06:36:16,2,110,130,3,1,730
25/05/2026 06:36:32,2,110,130,3,1,730
25/05/2026 06:36:48,2,110,130,3,2,750
25/05/2026 06:37:04,2,110,130,3,2,750
25/05/2026 06:37:20,2,110,130,3,2,780
25/05/2026 06:37:36,2,110,130,3,2,780
25/05/2026 06:37:52,2,110,130,3,3,730
25/05/2026 06:38:08,2,120,130,3,3,730
25/05/2026 06:38:24,2,120,130,3,3,720
25/05/2026 06:38:40,2,120,130,3,3,720
25/05/2026 06:38:56,2,120,130,3,3,720
25/05/2026 06:39:12,2,120,130,3,2,720
25/05/2026 06:39:28,2,120,130,3,2,720
25/05/2026 06:39:44,2,120,130,3,3,760
25/05/2026 06:40:00,2,120,130,3,3,760
25/05/2026 06:40:16,2,120,130,3,2,770
25/05/2026 06:40:32,2,120,130,3,2,770
25/05/2026 06:40:48,2,120,130,3,2,800
25/05/2026 06:41:04,2,120,130,3,2,800
25/05/2026 06:41:20,2,120,130,3,2,800
25/05/2026 06:41:36,2,120,130,3,1,810
25/05/2026 06:41:52,2,120,130,3,1,810
25/05/2026 06:42:08,2,120,130,3,2,870
25/05/2026 06:42:24,2,120,130,3,2,870
25/05/2026 06:42:40,2,120,130,3,2,750
25/05/2026 06:42:56,2,120,130,3,2,750
25/05/2026 06:43:12,2,120,130,3,2,720
25/05/2026 06:43:28,2,130,130,3,2,720
25/05/2026 06:43:44,2,130,130,3,2,720
25/05/2026 06:44:00,2,130,130,3,1,720
25/05/2026 06:44:16,2,130,130,3,1,720
25/05/2026 06:44:32,2,130,130,3,2,730
25/05/2026 06:44:48,2,130,130,3,2,730
25/05/2026 06:45:04,2,130,130,3,3,770
25/05/2026 06:45:20,2,130,130,3,3,770
25/05/2026 06:45:36,2,130,130,3,3,720
25/05/2026 06:45:52,2,130,130,3,3,720
25/05/2026 06:46:08,2,130,130,3,3,720
25/05/2026 06:46:24,2,130,130,3,1,710
25/05/2026 06:46:40,2,130,130,3,1,710
25/05/2026 06:46:56,2,130,130,3,1,710
25/05/2026 06:47:12,2,130,130,3,1,710
25/05/2026 06:47:28,2,130,130,3,2,700
25/05/2026 06:47:44,2,130,130,3,2,700
25/05/2026 06:48:00,2,130,130,3,1,720
25/05/2026 06:48:16,2,130,130,3,1,720
25/05/2026 06:48:32,2,130,130,3,1,720
25/05/2026 06:48:48,2,130,130,3,1,710
25/05/2026 06:49:04,2,130,130,3,1,710
25/05/2026 06:49:20,2,130,130,3,1,700
25/05/2026 06:49:36,2,130,130,3,1,700
25/05/2026 06:49:52,2,130,130,3,1,690
25/05/2026 06:50:08,2,130,130,3,1,690
25/05/2026 06:50:24,2,130,130,3,1,690
25/05/2026 06:50:40,2,130,130,3,1,690
25/05/2026 06:50:56,2,130,130,3,1,690
25/05/2026 06:51:12,2,130,130,3,1,680
25/05/2026 06:51:28,2,130,130,3,1,680
25/05/2026 06:51:44,2,130,130,3,1,680
25/05/2026 06:52:00,2,130,130,3,1,680
25/05/2026 06:52:16,2,130,130,3,2,680
25/05/2026 06:52:32,2,130,130,3,2,680
25/05/2026 06:52:48,2,130,130,3,1,680
25/05/2026 06:53:04,2,130,130,3,1,680
25/05/2026 06:53:20,2,130,130,3,1,680
25/05/2026 06:53:36,2,130,130,3,1,680
25/05/2026 06:53:52,2,130,130,3,1,680
25/05/2026 06:54:08,2,130,130,3,1,680
25/05/2026 06:54:24,2,130,130,3,1,680
25/05/2026 06:54:40,2,130,130,3,1,700
25/05/2026 06:54:56,2,130,130,3,1,700
25/05/2026 06:55:12,2,130,130,3,1,710
25/05/2026 06:55:28,2,130,130,3,1,710
25/05/2026 06:55:44,2,130,130,3,1,710
25/05/2026 06:56:00,2,130,130,3,1,710
25/05/2026 06:56:16,2,130,130,3,1,710
25/05/2026 06:56:32,2,130,130,3,1,720
25/05/2026 06:56:48,2,130,130,3,1,720
25/05/2026 06:57:04,2,130,130,3,1,730
25/05/2026 06:57:20,2,130,130,3,1,730
25/05/2026 06:57:36,2,130,130,3,1,720
25/05/2026 06:57:52,2,130,130,3,1,720
25/05/2026 06:58:08,2,130,130,3,1,720
25/05/2026 06:58:24,2,130,130,3,1,770
25/05/2026 06:58:40,2,130,130,3,1,770
25/05/2026 06:58:56,2,130,130,3,1,720
25/05/2026 06:59:12,2,130,130,3,1,720
25/05/2026 06:59:28,2,130,130,3,1,720
25/05/2026 06:59:44,2,130,130,3,1,720
25/05/2026 07:00:00,2,130,110,3,2,780
25/05/2026 07:00:16,2,130,110,3,2,780
25/05/2026 07:00:32,2,140,110,3,2,780
25/05/2026 07:00:48,2,140,110,3,1,820
25/05/2026 07:01:04,2,140,110,3,1,820
25/05/2026 07:01:20,2,140,110,3,1,820
25/05/2026 07:01:36,2,140,110,3,1,820
25/05/2026 07:01:52,2,140,110,3,1,780
25/05/2026 07:02:08,2,140,110,3,1,780
25/05/2026 07:02:24,2,140,110,3,1,730
25/05/2026 07:02:40,2,140,110,3,1,730
25/05/2026 07:02:56,2,150,110,3,1,730
25/05/2026 07:03:12,2,150,110,3,1,740
25/05/2026 07:03:28,2,150,110,3,1,740
25/05/2026 07:03:44,2,150,110,3,1,710
25/05/2026 07:04:00,2,150,110,3,1,710
25/05/2026 07:04:16,2,160,110,3,1,720
25/05/2026 07:04:32,2,170,110,3,1,720
25/05/2026 07:04:48,2,170,110,3,1,730
25/05/2026 07:05:04,2,170,110,3,1,730
25/05/2026 07:05:20,2,180,110,3,1,730
25/05/2026 07:05:36,2,180,110,3,1,750
25/05/2026 07:05:52,2,180,110,3,1,750
25/05/2026 07:06:08,2,180,110,3,1,720
25/05/2026 07:06:24,2,180,110,3,1,720
25/05/2026 07:06:40,2,180,110,3,1,720
25/05/2026 07:06:56,2,180,110,3,1,720
25/05/2026 07:07:12,2,180,110,3,1,730
25/05/2026 07:07:28,2,180,110,3,1,730
25/05/2026 07:07:44,2,180,110,3,1,730
25/05/2026 07:08:00,2,130,110,3,1,720
25/05/2026 07:08:16,2,120,110,3,1,720
25/05/2026 07:08:32,2,120,110,3,1,720
25/05/2026 07:08:48,2,120,110,3,1,720
25/05/2026 07:09:04,2,110,110,3,1,750
25/05/2026 07:09:20,2,110,110,3,1,750
25/05/2026 07:09:36,2,110,110,3,1,720
25/05/2026 07:09:52,2,110,110,3,1,720
25/05/2026 07:10:08,2,110,110,3,1,720
25/05/2026 07:10:24,2,110,110,3,1,730
25/05/2026 07:10:40,2,110,110,3,1,730
25/05/2026 07:10:56,2,110,110,3,1,700
25/05/2026 07:11:12,2,110,110,3,1,700
25/05/2026 07:11:28,2,100,110,3,1,660
25/05/2026 07:11:44,2,100,110,3,1,660
25/05/2026 07:12:00,2,100,110,3,1,680
25/05/2026 07:12:16,2,100,110,3,1,680
25/05/2026 07:12:32,2,100,110,3,1,680
25/05/2026 07:12:48,2,100,110,3,1,710
25/05/2026 07:13:04,2,100,110,3,1,710
25/05/2026 07:13:20,2,100,110,3,1,690
25/05/2026 07:13:36,2,100,110,3,1,690
25/05/2026 07:13:52,2,100,110,3,1,680
25/05/2026 07:14:08,2,100,110,3,1,680
25/05/2026 07:14:24,2,100,110,3,1,680
25/05/2026 07:14:40,2,100,110,3,1,680
25/05/2026 07:14:56,2,810,110,3,1,680
25/05/2026 07:15:12,2,800,110,3,1,670
25/05/2026 07:15:28,2,250,110,3,1,670
25/05/2026 07:15:44,2,260,110,3,1,660
25/05/2026 07:16:00,2,260,110,3,1,660
25/05/2026 07:16:16,2,260,110,3,1,650
25/05/2026 07:16:32,2,260,110,3,1,650
25/05/2026 07:16:48,2,260,110,3,1,640
25/05/2026 07:17:04,2,260,110,3,1,640
25/05/2026 07:17:20,2,260,110,3,1,640
25/05/2026 07:17:36,2,260,110,3,1,640
25/05/2026 07:17:52,2,260,110,3,1,640
25/05/2026 07:18:08,2,260,110,3,1,630
25/05/2026 07:18:24,2,260,110,3,1,630
25/05/2026 07:18:40,2,260,110,3,1,630
25/05/2026 07:18:56,2,270,110,3,1,630
25/05/2026 07:19:12,2,270,110,3,1,620
25/05/2026 07:19:28,2,270,110,3,1,620
25/05/2026 07:19:44,2,270,110,3,1,620
25/05/2026 07:20:00,2,270,110,3,1,630
25/05/2026 07:20:16,2,270,110,3,1,630
25/05/2026 07:20:32,2,270,110,3,1,620
25/05/2026 07:20:48,2,270,110,3,1,620
25/05/2026 07:21:04,2,270,110,3,1,600
25/05/2026 07:21:20,2,270,110,3,1,600
25/05/2026 07:21:36,2,270,110,3,1,600
25/05/2026 07:21:52,2,270,110,3,1,600
25/05/2026 07:22:08,2,270,110,3,1,600
25/05/2026 07:22:24,2,270,110,3,1,610
25/05/2026 07:22:40,2,270,110,3,1,610
25/05/2026 07:22:56,2,270,110,3,1,590
25/05/2026 07:23:12,2,270,110,3,1,590
25/05/2026 07:23:28,2,270,110,3,1,600
25/05/2026 07:23:44,2,270,110,3,1,600
25/05/2026 07:24:00,2,270,110,3,1,600
25/05/2026 07:24:16,2,270,110,3,1,600
25/05/2026 07:24:32,2,270,110,3,1,600
25/05/2026 07:24:48,2,270,110,3,1,580
25/05/2026 07:25:04,2,270,110,3,1,580
25/05/2026 07:25:20,2,270,110,3,1,590
25/05/2026 07:25:36,2,270,110,3,1,590
25/05/2026 07:25:52,2,270,110,3,1,600
25/05/2026 07:26:08,2,270,110,3,1,600
25/05/2026 07:26:24,2,270,110,3,1,580
25/05/2026 07:26:40,2,270,110,3,1,580
25/05/2026 07:26:56,2,710,110,3,1,580
25/05/2026 07:27:12,2,700,110,3,1,570
25/05/2026 07:27:28,2,700,110,3,1,570
25/05/2026 07:27:44,2,700,110,3,1,590
25/05/2026 07:28:00,2,700,110,3,1,590
25/05/2026 07:28:16,2,700,110,3,1,580
25/05/2026 07:28:32,2,700,110,3,1,580
25/05/2026 07:28:48,2,700,110,3,3,650
25/05/2026 07:29:04,2,700,110,3,3,650
25/05/2026 07:29:20,2,700,110,3,3,650
25/05/2026 07:29:36,2,700,110,3,2,530
25/05/2026 07:29:52,2,-999,110,3,2,530
25/05/2026 07:30:08,2,-999,110,3,3,500
25/05/2026 07:30:24,2,-999,110,3,3,500
25/05/2026 07:30:40,2,-999,110,3,2,870
25/05/2026 07:30:56,2,-999,110,3,2,870
25/05/2026 07:31:12,2,-999,110,3,1,1590
25/05/2026 07:31:28,2,-999,110,3,1,1590
25/05/2026 07:31:44,2,-999,110,3,1,1590
25/05/2026 07:32:00,2,-999,110,3,1,1590
25/05/2026 07:32:16,2,-999,110,3,1,1590
25/05/2026 07:32:32,2,-999,110,3,2,470
25/05/2026 07:32:48,2,-999,110,3,2,470
25/05/2026 07:33:04,2,-999,110,3,1,1480
25/05/2026 07:33:20,2,-999,110,3,1,1480
25/05/2026 07:33:36,2,-999,110,3,3,490
25/05/2026 07:33:52,2,-999,110,3,3,490
25/05/2026 07:34:08,2,-999,110,3,3,490
25/05/2026 07:34:24,2,-999,110,3,2,430
25/05/2026 07:34:40,2,-999,110,3,2,430
25/05/2026 07:34:56,2,-999,110,3,3,410
25/05/2026 07:35:12,2,-999,110,3,3,410
25/05/2026 07:35:28,2,-999,110,3,4,1050
25/05/2026 07:35:44,2,-999,110,3,4,1050
25/05/2026 07:36:00,2,-999,110,3,1,1070
25/05/2026 07:36:16,2,-999,110,3,1,1070
25/05/2026 07:36:32,2,-999,110,3,1,1070
25/05/2026 07:36:48,2,-999,110,3,2,1070
25/05/2026 07:37:04,2,-999,110,3,2,1070
25/05/2026 07:37:20,2,-999,110,3,1,1280
25/05/2026 07:37:36,2,-999,110,3,1,1280
25/05/2026 07:37:52,2,-999,110,3,1,1280
25/05/2026 07:38:08,2,-999,110,3,1,1280
25/05/2026 07:38:24,2,-999,110,3,1,1280
25/05/2026 07:38:40,2,-999,110,3,1,1280
25/05/2026 07:38:56,2,-999,110,3,1,1280
25/05/2026 07:39:12,2,-999,110,3,1,1100
25/05/2026 07:39:28,2,-999,110,3,1,1100
25/05/2026 07:39:44,2,-999,110,3,1,1240
25/05/2026 07:40:00,2,-999,110,3,1,1240
25/05/2026 07:40:16,2,-999,110,3,1,1240
25/05/2026 07:40:32,2,-999,110,3,1,1240
25/05/2026 07:40:48,2,-999,110,3,1,1220
25/05/2026 07:41:04,2,-999,110,3,1,1220
25/05/2026 07:41:20,2,-999,110,3,1,1220
25/05/2026 07:41:36,2,-999,110,3,1,1220
25/05/2026 07:41:52,2,-999,110,3,1,1220
25/05/2026 07:42:08,2,-999,110,3,1,1200
25/05/2026 07:42:24,2,-999,110,3,1,1200
25/05/2026 07:42:40,2,-999,110,3,2,1220
25/05/2026 07:42:56,2,-999,110,3,2,1220
25/05/2026 07:43:12,2,-999,110,3,2,1220
25/05/2026 07:43:28,2,-999,110,3,2,1220
25/05/2026 07:43:44,2,-999,110,3,2,1220
25/05/2026 07:44:00,2,-999,110,3,2,1210
25/05/2026 07:44:16,2,-999,110,3,2,1210
25/05/2026 07:44:32,2,-999,110,3,2,1140
25/05/2026 07:44:48,2,-999,110,3,2,1140
25/05/2026 07:45:04,2,-999,110,3,3,550
25/05/2026 07:45:20,2,-999,110,3,3,550
25/05/2026 07:45:36,2,-999,110,3,3,540
25/05/2026 07:45:52,2,-999,110,3,3,540
25/05/2026 07:46:08,2,-999,110,3,3,540
25/05/2026 07:46:24,2,-999,110,3,2,880
25/05/2026 07:46:40,2,-999,110,3,2,880
25/05/2026 07:46:56,2,-999,110,3,2,1170
25/05/2026 07:47:12,2,-999,110,3,2,1170
25/05/2026 07:47:28,2,-999,110,3,1,1140
25/05/2026 07:47:44,2,-999,110,3,1,1140
25/05/2026 07:48:00,2,-999,110,3,2,980
25/05/2026 07:48:16,2,-999,110,3,2,980
25/05/2026 07:48:32,2,-999,110,3,2,980
25/05/2026 07:48:48,2,-999,110,3,1,1060
25/05/2026 07:49:04,2,-999,110,3,1,1060
25/05/2026 07:49:20,2,-999,110,3,2,850
25/05/2026 07:49:36,2,-999,110,3,2,850
25/05/2026 07:49:52,2,-999,110,3,1,860
25/05/2026 07:50:08,2,-999,110,3,1,860
25/05/2026 07:50:24,2,-999,110,3,1,850
25/05/2026 07:50:40,2,-999,110,3,1,850
25/05/2026 07:50:56,2,-999,110,3,1,850
25/05/2026 07:51:12,2,-999,110,3,2,850
25/05/2026 07:51:28,2,-999,110,3,2,850
25/05/2026 07:51:44,2,-999,110,3,1,860
25/05/2026 07:52:00,2,-999,110,3,1,860
25/05/2026 07:52:16,2,-999,110,3,1,860
25/05/2026 07:52:32,2,-999,110,3,1,860
25/05/2026 07:52:48,2,-999,110,3,1,860
25/05/2026 07:53:04,2,-999,110,3,1,860
25/05/2026 07:53:20,2,-999,110,3,1,860
25/05/2026 07:53:36,2,-999,110,3,1,860
25/05/2026 07:53:52,2,-999,110,3,1,860
25/05/2026 07:54:08,2,-999,110,3,1,870
25/05/2026 07:54:24,2,-999,110,3,1,870
25/05/2026 07:54:40,2,-999,110,3,1,860
25/05/2026 07:54:56,2,-999,110,3,1,860
25/05/2026 07:55:12,2,-999,110,3,1,880
25/05/2026 07:55:28,2,-999,110,3,1,880
25/05/2026 07:55:44,2,-999,110,3,1,880
25/05/2026 07:56:00,2,-999,110,3,1,870
25/05/2026 07:56:16,2,970,110,3,1,870
25/05/2026 07:56:32,2,970,110,3,1,860
25/05/2026 07:56:48,2,960,110,3,1,860
25/05/2026 07:57:04,2,960,110,3,1,840
25/05/2026 07:57:20,2,960,110,3,1,840
25/05/2026 07:57:36,2,960,110,3,1,800
25/05/2026 07:57:52,2,960,110,3,1,800
25/05/2026 07:58:08,2,960,110,3,1,800
25/05/2026 07:58:24,2,200,110,3,1,800
25/05/2026 07:58:40,2,190,110,3,1,800
25/05/2026 07:58:56,2,190,110,3,1,790
25/05/2026 07:59:12,2,190,110,3,1,790
25/05/2026 07:59:28,2,190,110,3,1,770
25/05/2026 07:59:44,2,180,110,3,1,770
25/05/2026 08:00:00,1,180,170,3,1,790
25/05/2026 08:00:16,1,180,170,3,1,790
25/05/2026 08:00:32,1,180,170,3,1,790
25/05/2026 08:00:48,1,180,170,3,1,910
25/05/2026 08:01:04,1,180,170,3,1,910
25/05/2026 08:01:20,1,180,170,3,1,910
25/05/2026 08:01:36,1,180,170,3,1,910
25/05/2026 08:01:52,1,180,170,3,1,840
25/05/2026 08:02:08,1,180,170,3,1,840
25/05/2026 08:02:24,1,180,170,3,1,810
25/05/2026 08:02:40,1,180,170,3,1,810
25/05/2026 08:02:56,1,180,170,3,1,810
25/05/2026 08:03:12,1,170,170,3,2,820
25/05/2026 08:03:28,1,170,170,3,2,820
25/05/2026 08:03:44,1,130,170,3,1,800
25/05/2026 08:04:00,1,120,170,3,1,800
25/05/2026 08:04:16,1,110,170,3,1,950
25/05/2026 08:04:32,1,110,170,3,1,950
25/05/2026 08:04:48,1,100,170,3,1,960
25/05/2026 08:05:04,1,100,170,3,1,960
25/05/2026 08:05:20,1,100,170,3,1,960
25/05/2026 08:05:36,1,100,170,3,1,950
25/05/2026 08:05:52,1,100,170,3,1,950
25/05/2026 08:06:08,1,100,170,3,1,960
25/05/2026 08:06:24,1,100,170,3,1,960
25/05/2026 08:06:40,1,100,170,3,1,950
25/05/2026 08:06:56,1,100,170,3,1,950
25/05/2026 08:07:12,1,110,170,3,1,940
25/05/2026 08:07:28,1,110,170,3,1,940
25/05/2026 08:07:44,1,110,170,3,1,940
25/05/2026 08:08:00,1,110,170,3,1,950
25/05/2026 08:08:16,1,110,170,3,1,950
25/05/2026 08:08:32,1,110,170,3,1,940
25/05/2026 08:08:48,1,110,170,3,1,940
25/05/2026 08:09:04,1,110,170,3,1,940
25/05/2026 08:09:20,1,110,170,3,1,940
25/05/2026 08:09:36,1,110,170,3,1,980
25/05/2026 08:09:52,1,110,170,3,1,980
25/05/2026 08:10:08,1,110,170,3,1,980
25/05/2026 08:10:24,1,110,170,3,1,1000
25/05/2026 08:10:40,1,110,170,3,1,1000
25/05/2026 08:10:56,1,110,170,3,1,1020
25/05/2026 08:11:12,1,110,170,3,1,1020
25/05/2026 08:11:28,1,110,170,3,1,1070
25/05/2026 08:11:44,1,110,170,3,1,1070
25/05/2026 08:12:00,1,110,170,3,1,1070
25/05/2026 08:12:16,1,110,170,3,1,1070
25/05/2026 08:12:32,1,110,170,3,1,1070
25/05/2026 08:12:48,1,100,170,3,1,1090
25/05/2026 08:13:04,1,100,170,3,1,1090
25/05/2026 08:13:20,1,100,170,3,1,1110
25/05/2026 08:13:36,1,100,170,3,1,1110
25/05/2026 08:13:52,1,100,170,3,1,1170
25/05/2026 08:14:08,1,100,170,3,1,1170
25/05/2026 08:14:24,1,100,170,3,1,1190
25/05/2026 08:14:40,1,100,170,3,1,1190
25/05/2026 08:14:56,1,100,170,3,1,1190
25/05/2026 08:15:12,1,100,170,3,1,1200
25/05/2026 08:15:28,1,100,170,3,1,1200
25/05/2026 08:15:44,1,100,170,3,1,1210
25/05/2026 08:16:00,1,100,170,3,1,1210
25/05/2026 08:16:16,1,100,170,3,1,1240
25/05/2026 08:16:32,1,100,170,3,1,1240
25/05/2026 08:16:48,1,100,170,3,1,1250
25/05/2026 08:17:04,1,100,170,3,1,1250
25/05/2026 08:17:20,1,100,170,3,1,1250
25/05/2026 08:17:36,1,100,170,3,1,1230
25/05/2026 08:17:52,1,100,170,3,1,1230
25/05/2026 08:18:08,1,100,170,3,1,1230
25/05/2026 08:18:24,1,110,170,3,1,1230
25/05/2026 08:18:40,1,120,170,3,1,1250
25/05/2026 08:18:56,1,120,170,3,1,1250
25/05/2026 08:19:12,1,120,170,3,1,1300
25/05/2026 08:19:28,1,120,170,3,1,1300
25/05/2026 08:19:44,1,120,170,3,1,1300
25/05/2026 08:20:00,1,120,170,3,1,1290
25/05/2026 08:20:16,1,120,170,3,1,1290
25/05/2026 08:20:32,1,120,170,3,1,1260
25/05/2026 08:20:48,1,120,170,3,1,1260
25/05/2026 08:21:04,1,120,170,3,1,1250
25/05/2026 08:21:20,1,120,170,3,1,1250
25/05/2026 08:21:36,1,120,170,3,1,1270
25/05/2026 08:21:52,1,120,170,3,1,1270
25/05/2026 08:22:08,1,120,170,3,1,1270
25/05/2026 08:22:24,1,120,170,3,1,1300
25/05/2026 08:22:40,1,120,170,3,1,1300
25/05/2026 08:22:56,1,120,170,3,1,1290
25/05/2026 08:23:12,1,120,170,3,1,1290
25/05/2026 08:23:28,1,120,170,3,1,1310
25/05/2026 08:23:44,1,120,170,3,1,1310
25/05/2026 08:24:00,1,120,170,3,3,1320
25/05/2026 08:24:16,1,120,170,3,3,1320
25/05/2026 08:24:32,1,120,170,3,3,1320
25/05/2026 08:24:48,1,120,170,3,1,1300
25/05/2026 08:25:04,1,120,170,3,1,1300
25/05/2026 08:25:20,1,-999,170,3,2,70
25/05/2026 08:25:36,1,-999,170,3,2,70
25/05/2026 08:25:52,1,120,170,3,2,1250
25/05/2026 08:26:08,1,120,170,3,2,1250
25/05/2026 08:26:24,1,-999,170,3,3,80
25/05/2026 08:26:40,1,-999,170,3,3,80
25/05/2026 08:26:56,1,-999,170,3,3,80
25/05/2026 08:27:12,1,120,170,3,2,1200
25/05/2026 08:27:28,1,120,170,3,2,1200
25/05/2026 08:27:44,1,120,170,3,2,1200
25/05/2026 08:28:00,1,120,170,3,2,1200
25/05/2026 08:28:16,1,120,170,3,1,1180
25/05/2026 08:28:32,1,120,170,3,1,1180
25/05/2026 08:28:48,1,120,170,3,1,1210
25/05/2026 08:29:04,1,120,170,3,1,1210
25/05/2026 08:29:20,1,1350,170,3,1,1210
25/05/2026 08:29:36,1,1350,170,3,1,1240
25/05/2026 08:29:52,1,1330,170,3,1,1240
25/05/2026 08:30:08,1,-999,170,3,3,80
25/05/2026 08:30:24,1,-999,170,3,3,80
25/05/2026 08:30:40,1,-999,170,3,3,80
25/05/2026 08:30:56,1,-999,170,3,3,80
25/05/2026 08:31:12,1,-999,170,3,3,90
25/05/2026 08:31:28,1,-999,170,3,3,90
25/05/2026 08:31:44,1,-999,170,3,3,90
25/05/2026 08:32:00,1,-999,170,3,3,80
25/05/2026 08:32:16,1,-999,170,3,3,80
25/05/2026 08:32:32,1,-999,170,3,3,80
25/05/2026 08:32:48,1,-999,170,3,3,80
25/05/2026 08:33:04,1,-999,170,3,3,80
25/05/2026 08:33:20,1,-999,170,3,3,80
25/05/2026 08:33:36,1,-999,170,3,3,80
25/05/2026 08:33:52,1,-999,170,3,3,80
25/05/2026 08:34:08,1,-999,170,3,3,80
25/05/2026 08:34:24,1,130,170,3,2,950
25/05/2026 08:34:40,1,130,170,3,2,950
25/05/2026 08:34:56,1,130,170,3,2,900
25/05/2026 08:35:12,1,130,170,3,2,900
25/05/2026 08:35:28,1,130,170,3,2,890
25/05/2026 08:35:44,1,130,170,3,2,890
25/05/2026 08:36:00,1,130,170,3,2,890
25/05/2026 08:36:16,1,130,170,3,2,890
25/05/2026 08:36:32,1,130,170,3,2,890
25/05/2026 08:36:48,1,130,170,3,3,890
25/05/2026 08:37:04,1,130,170,3,3,890
25/05/2026 08:37:20,1,130,170,3,2,930
25/05/2026 08:37:36,1,130,170,3,2,930
25/05/2026 08:37:52,1,130,170,3,1,1250
25/05/2026 08:38:08,1,130,170,3,1,1250
25/05/2026 08:38:24,1,130,170,3,1,1290
25/05/2026 08:38:40,1,130,170,3,1,1290
25/05/2026 08:38:56,1,130,170,3,1,1290
25/05/2026 08:39:12,1,130,170,3,1,1310
25/05/2026 08:39:28,1,130,170,3,1,1310
25/05/2026 08:39:44,1,130,170,3,1,1250
25/05/2026 08:40:00,1,130,170,3,1,1250
25/05/2026 08:40:16,1,130,170,3,2,1180
25/05/2026 08:40:32,1,130,170,3,2,1180
25/05/2026 08:40:48,1,130,170,3,1,930
25/05/2026 08:41:04,1,130,170,3,1,930
25/05/2026 08:41:20,1,130,170,3,1,930
25/05/2026 08:41:36,1,130,170,3,2,1230
25/05/2026 08:41:52,1,130,170,3,2,1230
25/05/2026 08:42:08,1,130,170,3,2,1280
25/05/2026 08:42:24,1,130,170,3,2,1280
25/05/2026 08:42:40,1,130,170,3,1,1280
25/05/2026 08:42:56,1,130,170,3,1,1280
25/05/2026 08:43:12,1,130,170,3,1,1240
25/05/2026 08:43:28,1,130,170,3,1,1240
25/05/2026 08:43:44,1,130,170,3,1,1240
25/05/2026 08:44:00,1,-999,170,3,2,90
25/05/2026 08:44:16,1,-999,170,3,2,90
25/05/2026 08:44:32,1,-999,170,3,1,90
25/05/2026 08:44:48,1,-999,170,3,1,90
25/05/2026 08:45:04,1,-999,170,3,2,100
25/05/2026 08:45:20,1,-999,170,3,2,100
25/05/2026 08:45:36,1,130,170,3,1,1280
25/05/2026 08:45:52,1,130,170,3,1,1280
25/05/2026 08:46:08,1,130,170,3,1,1280
25/05/2026 08:46:24,1,-999,170,3,2,100
25/05/2026 08:46:40,1,-999,170,3,2,100
25/05/2026 08:46:56,1,-999,170,3,2,90
25/05/2026 08:47:12,1,-999,170,3,2,90
25/05/2026 08:47:28,1,140,170,3,1,1290
25/05/2026 08:47:44,1,140,170,3,1,1290
25/05/2026 08:48:00,1,-999,170,3,2,100
25/05/2026 08:48:16,1,-999,170,3,2,100
25/05/2026 08:48:32,1,-999,170,3,2,100
25/05/2026 08:48:48,1,-999,170,3,2,90
25/05/2026 08:49:04,1,-999,170,3,2,90
25/05/2026 08:49:20,1,-999,170,3,2,100
25/05/2026 08:49:36,1,-999,170,3,2,100
25/05/2026 08:49:52,1,-999,170,3,3,90
25/05/2026 08:50:08,1,-999,170,3,3,90
25/05/2026 08:50:24,1,920,170,3,2,1260
25/05/2026 08:50:40,1,-999,170,3,2,1260
25/05/2026 08:50:56,1,1350,170,3,2,1260
25/05/2026 08:51:12,1,1350,170,3,2,1440
25/05/2026 08:51:28,1,1350,170,3,2,1440
25/05/2026 08:51:44,1,1320,170,3,3,1000
25/05/2026 08:52:00,1,1320,170,3,3,1000
25/05/2026 08:52:16,1,1350,170,3,2,1550
25/05/2026 08:52:32,1,1350,170,3,2,1550
25/05/2026 08:52:48,1,1350,170,3,2,1340
25/05/2026 08:53:04,1,150,170,3,2,1340
25/05/2026 08:53:20,1,150,170,3,2,1340
25/05/2026 08:53:36,1,150,170,3,2,1350
25/05/2026 08:53:52,1,150,170,3,2,1350
25/05/2026 08:54:08,1,-999,170,3,2,1570
25/05/2026 08:54:24,1,-999,170,3,2,1570
25/05/2026 08:54:40,1,140,170,3,3,1360
25/05/2026 08:54:56,1,140,170,3,3,1360
25/05/2026 08:55:12,1,140,170,3,2,1530
25/05/2026 08:55:28,1,140,170,3,2,1530
25/05/2026 08:55:44,1,140,170,3,2,1530
25/05/2026 08:56:00,1,-999,170,3,2,110
25/05/2026 08:56:16,1,-999,170,3,2,110
25/05/2026 08:56:32,1,-999,170,3,1,1780
25/05/2026 08:56:48,1,-999,170,3,1,1780
25/05/2026 08:57:04,1,-999,170,3,3,110
25/05/2026 08:57:20,1,-999,170,3,3,110
25/05/2026 08:57:36,1,-999,170,3,2,1650
25/05/2026 08:57:52,1,-999,170,3,2,1650
25/05/2026 08:58:08,1,-999,170,3,2,1650
25/05/2026 08:58:24,1,140,170,3,1,1520
25/05/2026 08:58:40,1,140,170,3,1,1520
25/05/2026 08:58:56,1,640,170,3,2,710
25/05/2026 08:59:12,1,640,170,3,2,710
25/05/2026 08:59:28,1,640,170,3,2,580
25/05/2026 08:59:44,1,570,170,3,2,580
25/05/2026 09:00:00,2,570,120,3,2,560
25/05/2026 09:00:16,2,-999,120,3,2,560
25/05/2026 09:00:32,2,-999,120,3,2,560
25/05/2026 09:00:48,2,-999,120,3,3,600
25/05/2026 09:01:04,2,-999,120,3,3,600
25/05/2026 09:01:20,2,-999,120,3,2,640
25/05/2026 09:01:36,2,-999,120,3,2,640
25/05/2026 09:01:52,2,-999,120,3,2,720
25/05/2026 09:02:08,2,-999,120,3,2,720
25/05/2026 09:02:24,2,-999,120,3,2,2420
25/05/2026 09:02:40,2,-999,120,3,2,2420
25/05/2026 09:02:56,2,-999,120,3,2,2420
25/05/2026 09:03:12,2,-999,120,3,1,2490
25/05/2026 09:03:28,2,-999,120,3,1,2490
25/05/2026 09:03:44,2,-999,120,3,1,1790
25/05/2026 09:04:00,2,-999,120,3,1,1790
25/05/2026 09:04:16,2,-999,120,3,1,1730
25/05/2026 09:04:32,2,-999,120,3,1,1730
25/05/2026 09:04:48,2,-999,120,3,2,250
25/05/2026 09:05:04,2,-999,120,3,2,250
25/05/2026 09:05:20,2,-999,120,3,2,250
25/05/2026 09:05:36,2,-999,120,3,1,210
25/05/2026 09:05:52,2,-999,120,3,1,210
25/05/2026 09:06:08,2,-999,120,3,1,120
25/05/2026 09:06:24,2,-999,120,3,1,120
25/05/2026 09:06:40,2,-999,120,3,1,110
25/05/2026 09:06:56,2,-999,120,3,1,110
25/05/2026 09:07:12,2,-999,120,3,1,130
25/05/2026 09:07:28,2,-999,120,3,1,130
25/05/2026 09:07:44,2,-999,120,3,1,130
25/05/2026 09:08:00,2,160,120,3,0,-999
25/05/2026 09:08:16,2,160,120,3,0,-999
25/05/2026 09:08:32,2,130,120,3,0,-999
25/05/2026 09:08:48,2,130,120,3,0,-999
25/05/2026 09:09:04,2,-999,120,3,1,110
25/05/2026 09:09:20,2,-999,120,3,1,110
25/05/2026 09:09:36,2,120,120,3,1,1290
25/05/2026 09:09:52,2,120,120,3,1,1290
25/05/2026 09:10:08,2,120,120,3,1,1290
25/05/2026 09:10:24,2,120,120,3,1,1300
25/05/2026 09:10:40,2,120,120,3,1,1300
25/05/2026 09:10:56,2,120,120,3,1,1300
25/05/2026 09:11:12,2,120,120,3,1,1300
25/05/2026 09:11:28,2,120,120,3,1,1280
25/05/2026 09:11:44,2,120,120,3,1,1280
25/05/2026 09:12:00,2,120,120,3,1,1370
25/05/2026 09:12:16,2,120,120,3,1,1370
25/05/2026 09:12:32,2,120,120,3,1,1370
25/05/2026 09:12:48,2,120,120,3,1,1260
25/05/2026 09:13:04,2,120,120,3,1,1260
25/05/2026 09:13:20,2,120,120,3,1,1260
25/05/2026 09:13:36,2,120,120,3,1,1260
25/05/2026 09:13:52,2,120,120,3,1,1250
25/05/2026 09:14:08,2,120,120,3,1,1250
25/05/2026 09:14:24,2,120,120,3,1,1420
25/05/2026 09:14:40,2,120,120,3,1,1420
25/05/2026 09:14:56,2,120,120,3,1,1420
25/05/2026 09:15:12,2,120,120,3,1,1380
25/05/2026 09:15:28,2,120,120,3,1,1380
25/05/2026 09:15:44,2,120,120,3,2,1140
25/05/2026 09:16:00,2,120,120,3,2,1140
25/05/2026 09:16:16,2,120,120,3,1,1130
25/05/2026 09:16:32,2,120,120,3,1,1130
25/05/2026 09:16:48,2,120,120,3,1,1280
25/05/2026 09:17:04,2,120,120,3,1,1280
25/05/2026 09:17:20,2,120,120,3,1,1280
25/05/2026 09:17:36,2,120,120,3,1,1230
25/05/2026 09:17:52,2,120,120,3,1,1230
25/05/2026 09:18:08,2,120,120,3,1,1210
25/05/2026 09:18:24,2,120,120,3,1,1210
25/05/2026 09:18:40,2,120,120,3,2,820
25/05/2026 09:18:56,2,120,120,3,2,820
25/05/2026 09:19:12,2,120,120,3,1,1230
25/05/2026 09:19:28,2,120,120,3,1,1230
25/05/2026 09:19:44,2,120,120,3,1,1230
25/05/2026 09:20:00,2,120,120,3,1,1230
25/05/2026 09:20:16,2,120,120,3,1,1230
25/05/2026 09:20:32,2,120,120,3,1,1200
25/05/2026 09:20:48,2,120,120,3,1,1200
25/05/2026 09:21:04,2,120,120,3,1,1280
25/05/2026 09:21:20,2,120,120,3,1,1280
25/05/2026 09:21:36,2,120,120,3,1,1250
25/05/2026 09:21:52,2,120,120,3,1,1250
25/05/2026 09:22:08,2,120,120,3,1,1250
25/05/2026 09:22:24,2,120,120,3,1,1250
25/05/2026 09:22:40,2,120,120,3,1,1250
25/05/2026 09:22:56,2,120,120,3,1,1240
25/05/2026 09:23:12,2,120,120,3,1,1240
25/05/2026 09:23:28,2,120,120,3,1,1270
25/05/2026 09:23:44,2,130,120,3,1,1270
25/05/2026 09:24:00,2,130,120,3,2,570
25/05/2026 09:24:16,2,130,120,3,2,570
25/05/2026 09:24:32,2,130,120,3,2,570
25/05/2026 09:24:48,2,130,120,3,2,580
25/05/2026 09:25:04,2,140,120,3,2,580
25/05/2026 09:25:20,2,140,120,3,2,560
25/05/2026 09:25:36,2,140,120,3,2,560
25/05/2026 09:25:52,2,140,120,3,1,1240
25/05/2026 09:26:08,2,140,120,3,1,1240
25/05/2026 09:26:24,2,140,120,3,2,570
25/05/2026 09:26:40,2,140,120,3,2,570
25/05/2026 09:26:56,2,140,120,3,2,570
25/05/2026 09:27:12,2,140,120,3,1,1250
25/05/2026 09:27:28,2,140,120,3,1,1250
25/05/2026 09:27:44,2,140,120,3,2,590
25/05/2026 09:28:00,2,140,120,3,2,590
25/05/2026 09:28:16,2,140,120,3,2,630
25/05/2026 09:28:32,2,140,120,3,2,630
25/05/2026 09:28:48,2,140,120,3,2,620
25/05/2026 09:29:04,2,140,120,3,2,620
25/05/2026 09:29:20,2,140,120,3,2,620
25/05/2026 09:29:36,2,140,120,3,2,620
25/05/2026 09:29:52,2,150,120,3,2,620
25/05/2026 09:30:08,2,150,120,3,2,610
25/05/2026 09:30:24,2,150,120,3,2,610
25/05/2026 09:30:40,2,150,120,3,2,620
25/05/2026 09:30:56,2,150,120,3,2,620
25/05/2026 09:31:12,2,150,120,3,2,600
25/05/2026 09:31:28,2,150,120,3,2,600
25/05/2026 09:31:44,2,150,120,3,2,600
25/05/2026 09:32:00,2,150,120,3,2,600
25/05/2026 09:32:16,2,150,120,3,2,600
25/05/2026 09:32:32,2,150,120,3,2,560
25/05/2026 09:32:48,2,150,120,3,2,560
25/05/2026 09:33:04,2,150,120,3,2,570
25/05/2026 09:33:20,2,150,120,3,2,570
25/05/2026 09:33:36,2,150,120,3,2,630
25/05/2026 09:33:52,2,150,120,3,2,630
25/05/2026 09:34:08,2,150,120,3,2,630
25/05/2026 09:34:24,2,150,120,3,2,620
25/05/2026 09:34:40,2,150,120,3,2,620
25/05/2026 09:34:56,2,150,120,3,1,1260
25/05/2026 09:35:12,2,150,120,3,1,1260
25/05/2026 09:35:28,2,150,120,3,2,620
25/05/2026 09:35:44,2,150,120,3,2,620
25/05/2026 09:36:00,2,150,120,3,2,610
25/05/2026 09:36:16,2,150,120,3,2,610
25/05/2026 09:36:32,2,150,120,3,2,610
25/05/2026 09:36:48,2,150,120,3,2,610
25/05/2026 09:37:04,2,150,120,3,2,610
25/05/2026 09:37:20,2,150,120,3,2,600
25/05/2026 09:37:36,2,150,120,3,2,600
25/05/2026 09:37:52,2,150,120,3,1,600
25/05/2026 09:38:08,2,150,120,3,1,600
25/05/2026 09:38:24,2,150,120,3,2,600
25/05/2026 09:38:40,2,140,120,3,2,600
25/05/2026 09:38:56,2,130,120,3,2,600
25/05/2026 09:39:12,2,130,120,3,2,600
25/05/2026 09:39:28,2,120,120,3,2,600
25/05/2026 09:39:44,2,120,120,3,2,620
25/05/2026 09:40:00,2,120,120,3,2,620
25/05/2026 09:40:16,2,120,120,3,2,600
25/05/2026 09:40:32,2,120,120,3,2,600
25/05/2026 09:40:48,2,120,120,3,1,590
25/05/2026 09:41:04,2,120,120,3,1,590
25/05/2026 09:41:20,2,120,120,3,1,590
25/05/2026 09:41:36,2,120,120,3,2,580
25/05/2026 09:41:52,2,120,120,3,2,580
25/05/2026 09:42:08,2,120,120,3,2,1030
25/05/2026 09:42:24,2,120,120,3,2,1030
25/05/2026 09:42:40,2,120,120,3,2,600
25/05/2026 09:42:56,2,120,120,3,2,600
25/05/2026 09:43:12,2,130,120,3,1,1180
25/05/2026 09:43:28,2,130,120,3,1,1180
25/05/2026 09:43:44,2,130,120,3,1,1180
25/05/2026 09:44:00,2,130,120,3,1,1010
25/05/2026 09:44:16,2,130,120,3,1,1010
25/05/2026 09:44:32,2,130,120,3,3,200
25/05/2026 09:44:48,2,130,120,3,3,200
25/05/2026 09:45:04,2,130,120,3,3,200
25/05/2026 09:45:20,2,140,120,3,3,200
25/05/2026 09:45:36,2,140,120,3,1,1250
25/05/2026 09:45:52,2,140,120,3,1,1250
25/05/2026 09:46:08,2,140,120,3,1,1250
25/05/2026 09:46:24,2,210,120,3,1,1260
25/05/2026 09:46:40,2,210,120,3,1,1260
25/05/2026 09:46:56,2,230,120,3,2,230
25/05/2026 09:47:12,2,230,120,3,2,230
25/05/2026 09:47:28,2,230,120,3,2,240
25/05/2026 09:47:44,2,260,120,3,2,240
25/05/2026 09:48:00,2,260,120,3,2,240
25/05/2026 09:48:16,2,260,120,3,2,240
25/05/2026 09:48:32,2,260,120,3,2,240
25/05/2026 09:48:48,2,280,120,3,2,270
25/05/2026 09:49:04,2,280,120,3,2,270
25/05/2026 09:49:20,2,310,120,3,1,1240
25/05/2026 09:49:36,2,80,120,3,1,1240
25/05/2026 09:49:52,2,80,120,3,2,190
25/05/2026 09:50:08,2,80,120,3,2,190
25/05/2026 09:50:24,2,80,120,3,2,180
25/05/2026 09:50:40,2,80,120,3,2,180
25/05/2026 09:50:56,2,80,120,3,2,180
25/05/2026 09:51:12,2,80,120,3,2,200
25/05/2026 09:51:28,2,260,120,3,2,200
25/05/2026 09:51:44,2,260,120,3,2,200
25/05/2026 09:52:00,2,260,120,3,2,200
25/05/2026 09:52:16,2,260,120,3,2,200
25/05/2026 09:52:32,2,260,120,3,2,200
25/05/2026 09:52:48,2,260,120,3,1,1230
25/05/2026 09:53:04,2,240,120,3,1,1230
25/05/2026 09:53:20,2,240,120,3,1,1230
25/05/2026 09:53:36,2,240,120,3,2,450
25/05/2026 09:53:52,2,240,120,3,2,450
25/05/2026 09:54:08,2,240,120,3,3,200
25/05/2026 09:54:24,2,260,120,3,3,200
25/05/2026 09:54:40,2,260,120,3,2,200
25/05/2026 09:54:56,2,260,120,3,2,200
25/05/2026 09:55:12,2,260,120,3,2,200
25/05/2026 09:55:28,2,260,120,3,2,200
25/05/2026 09:55:44,2,260,120,3,2,200
25/05/2026 09:56:00,2,260,120,3,2,200
25/05/2026 09:56:16,2,260,120,3,2,200
25/05/2026 09:56:32,2,260,120,3,1,1240
25/05/2026 09:56:48,2,260,120,3,1,1240
25/05/2026 09:57:04,2,260,120,3,1,1250
25/05/2026 09:57:20,2,260,120,3,1,1250
25/05/2026 09:57:36,2,260,120,3,1,1280
25/05/2026 09:57:52,2,260,120,3,1,1280
25/05/2026 09:58:08,2,260,120,3,1,1280
25/05/2026 09:58:24,2,260,120,3,2,470
25/05/2026 09:58:40,2,260,120,3,2,470
25/05/2026 09:58:56,2,260,120,3,2,430
25/05/2026 09:59:12,2,570,120,3,2,430
25/05/2026 09:59:28,2,570,120,3,2,440
25/05/2026 09:59:44,2,50,120,3,2,440
