# Time, Layer_QualityIndex,bl_height,Mean_Layer_Height,n_BL,cloud_stat,cloud_dat
04/04/2026 11:00:00,1,1160,830,3,2,780
04/04/2026 11:00:16,1,1160,830,3,2,740
04/04/2026 11:00:32,1,1160,830,3,2,740
04/04/2026 11:00:48,1,1160,830,3,1,1040
04/04/2026 11:01:04,1,1160,830,3,1,1040
04/04/2026 11:01:20,1,1160,830,3,1,1040
04/04/2026 11:01:36,1,1160,830,3,1,1040
04/04/2026 11:01:52,1,1160,830,3,1,1040
04/04/2026 11:02:08,1,-999,830,3,2,810
04/04/2026 11:02:24,1,-999,830,3,2,810
04/04/2026 11:02:40,1,-999,830,3,1,780
04/04/2026 11:02:56,1,1540,830,3,1,780
04/04/2026 11:03:12,1,1540,830,3,1,750
04/04/2026 11:03:28,1,860,830,3,1,750
04/04/2026 11:03:44,1,860,830,3,1,750
04/04/2026 11:04:00,1,1540,830,3,1,750
04/04/2026 11:04:16,1,890,830,3,1,750
04/04/2026 11:04:32,1,890,830,3,1,740
04/04/2026 11:04:48,1,900,830,3,1,740
04/04/2026 11:05:04,1,900,830,3,1,740
04/04/2026 11:05:20,1,900,830,3,1,740
04/04/2026 11:05:36,1,890,830,3,2,800
04/04/2026 11:05:52,1,890,830,3,2,800
04/04/2026 11:06:08,1,890,830,3,2,870
04/04/2026 11:06:24,1,890,830,3,2,870
04/04/2026 11:06:40,1,890,830,3,2,870
04/04/2026 11:06:56,1,890,830,3,2,840
04/04/2026 11:07:12,1,890,830,3,2,840
04/04/2026 11:07:28,1,890,830,3,2,840
04/04/2026 11:07:44,1,900,830,3,2,840
04/04/2026 11:08:00,1,900,830,3,1,800
04/04/2026 11:08:16,1,900,830,3,1,800
04/04/2026 11:08:32,1,910,830,3,1,790
04/04/2026 11:08:48,1,910,830,3,1,790
04/04/2026 11:09:04,1,910,830,3,1,790
04/04/2026 11:09:20,1,960,830,3,1,780
04/04/2026 11:09:36,1,960,830,3,1,780
04/04/2026 11:09:52,1,960,830,3,2,770
04/04/2026 11:10:08,1,960,830,3,2,770
04/04/2026 11:10:24,1,960,830,3,1,1080
04/04/2026 11:10:40,1,910,830,3,1,1080
04/04/2026 11:10:56,1,960,830,3,1,1080
04/04/2026 11:11:12,1,960,830,3,1,1080
04/04/2026 11:11:28,1,-999,830,3,1,1080
04/04/2026 11:11:44,1,-999,830,3,1,1080
04/04/2026 11:12:00,1,-999,830,3,1,1080
04/04/2026 11:12:16,1,1200,830,3,1,1100
04/04/2026 11:12:32,1,1200,830,3,1,1100
04/04/2026 11:12:48,1,1200,830,3,1,1110
04/04/2026 11:13:04,1,1200,830,3,1,1110
04/04/2026 11:13:20,1,1200,830,3,1,1110
04/04/2026 11:13:36,1,1210,830,3,1,1110
04/04/2026 11:13:52,1,1210,830,3,1,1110
04/04/2026 11:14:08,1,1210,830,3,1,1120
04/04/2026 11:14:24,1,1210,830,3,1,1120
04/04/2026 11:14:40,1,1210,830,3,1,1110
04/04/2026 11:14:56,1,1210,830,3,1,1110
04/04/2026 11:15:12,1,1210,830,3,1,1130
04/04/2026 11:15:28,1,1210,830,3,1,1130
04/04/2026 11:15:44,1,1220,830,3,1,1140
04/04/2026 11:16:00,1,1220,830,3,1,1140
04/04/2026 11:16:16,1,1220,830,3,1,1140
04/04/2026 11:16:32,1,1230,830,3,1,1030
04/04/2026 11:16:48,1,1230,830,3,1,1030
04/04/2026 11:17:04,1,1220,830,3,1,1010
04/04/2026 11:17:20,1,1220,830,3,1,1010
04/04/2026 11:17:36,1,1220,830,3,1,1060
04/04/2026 11:17:52,1,1210,830,3,1,1060
04/04/2026 11:18:08,1,1210,830,3,2,870
04/04/2026 11:18:24,1,1230,830,3,2,870
04/04/2026 11:18:40,1,1230,830,3,2,870
04/04/2026 11:18:56,1,1230,830,3,1,1110
04/04/2026 11:19:12,1,1210,830,3,1,1110
04/04/2026 11:19:28,1,1200,830,3,1,1130
04/04/2026 11:19:44,1,1200,830,3,1,1130
04/04/2026 11:20:00,1,1200,830,3,2,830
04/04/2026 11:20:16,1,1200,830,3,2,830
04/04/2026 11:20:32,1,1200,830,3,1,810
04/04/2026 11:20:48,1,1170,830,3,1,810
04/04/2026 11:21:04,1,-999,830,3,1,810
04/04/2026 11:21:20,1,-999,830,3,2,800
04/04/2026 11:21:36,1,-999,830,3,2,800
04/04/2026 11:21:52,1,-999,830,3,2,950
04/04/2026 11:22:08,1,-999,830,3,2,950
04/04/2026 11:22:24,1,-999,830,3,1,1050
04/04/2026 11:22:40,1,-999,830,3,1,1050
04/04/2026 11:22:56,1,-999,830,3,2,870
04/04/2026 11:23:12,1,1220,830,3,2,870
04/04/2026 11:23:28,1,1220,830,3,2,870
04/04/2026 11:23:44,1,930,830,3,1,820
04/04/2026 11:23:44,1,930,830,3,1,820
04/04/2026 11:24:00,1,930,830,3,1,820
04/04/2026 11:24:16,1,930,830,3,2,840
04/04/2026 11:24:32,1,930,830,3,2,840
04/04/2026 11:24:48,1,930,830,3,1,840
04/04/2026 11:25:04,1,930,830,3,1,840
04/04/2026 11:25:20,1,930,830,3,2,860
04/04/2026 11:25:36,1,950,830,3,2,860
04/04/2026 11:25:52,1,950,830,3,2,860
04/04/2026 11:26:08,1,950,830,3,2,920
04/04/2026 11:26:24,1,1010,830,3,2,920
04/04/2026 11:26:40,1,1010,830,3,1,880
04/04/2026 11:26:56,1,1010,830,3,1,880
04/04/2026 11:27:12,1,1010,830,3,1,850
04/04/2026 11:27:28,1,1010,830,3,1,850
04/04/2026 11:27:44,1,1020,830,3,1,890
04/04/2026 11:28:00,1,1020,830,3,1,890
04/04/2026 11:28:16,1,1020,830,3,1,890
04/04/2026 11:28:32,1,1020,830,3,1,870
04/04/2026 11:28:48,1,1020,830,3,1,870
04/04/2026 11:29:04,1,1020,830,3,2,840
04/04/2026 11:29:20,1,1020,830,3,2,840
04/04/2026 11:29:36,1,1020,830,3,2,830
04/04/2026 11:29:52,1,1020,830,3,2,830
04/04/2026 11:30:08,1,1020,830,3,1,1060
04/04/2026 11:30:24,1,1020,830,3,1,1060
04/04/2026 11:30:40,1,-999,830,3,1,1060
04/04/2026 11:30:56,1,-999,830,3,2,830
04/04/2026 11:31:12,1,-999,830,3,2,830
04/04/2026 11:31:28,1,-999,830,3,1,1080
04/04/2026 11:31:44,1,1270,830,3,1,1080
04/04/2026 11:32:00,1,1270,830,3,1,1100
04/04/2026 11:32:16,1,1270,830,3,1,1100
04/04/2026 11:32:32,1,1280,830,3,2,880
04/04/2026 11:32:48,1,1280,830,3,2,880
04/04/2026 11:33:04,1,1280,830,3,2,880
04/04/2026 11:33:20,1,1310,830,3,1,900
04/04/2026 11:33:36,1,1280,830,3,1,900
04/04/2026 11:33:52,1,1280,830,3,1,820
04/04/2026 11:34:08,1,-999,830,3,1,820
04/04/2026 11:34:24,1,-999,830,3,1,860
04/04/2026 11:34:40,1,990,830,3,1,860
04/04/2026 11:34:56,1,990,830,3,2,890
04/04/2026 11:35:12,1,990,830,3,2,890
04/04/2026 11:35:28,1,960,830,3,2,890
04/04/2026 11:35:44,1,990,830,3,1,840
04/04/2026 11:36:00,1,990,830,3,1,840
04/04/2026 11:36:16,1,990,830,3,2,1010
04/04/2026 11:36:32,1,990,830,3,2,1010
04/04/2026 11:36:48,1,990,830,3,1,1230
04/04/2026 11:37:04,1,990,830,3,1,1230
04/04/2026 11:37:20,1,990,830,3,1,1230
04/04/2026 11:37:36,1,990,830,3,1,1230
04/04/2026 11:37:52,1,1310,830,3,1,1230
04/04/2026 11:38:08,1,1330,830,3,1,1210
04/04/2026 11:38:24,1,1330,830,3,1,1210
04/04/2026 11:38:40,1,1330,830,3,1,1160
04/04/2026 11:38:56,1,1330,830,3,1,1160
04/04/2026 11:39:12,1,1340,830,3,2,880
04/04/2026 11:39:28,1,1340,830,3,2,880
04/04/2026 11:39:44,1,1340,830,3,1,1240
04/04/2026 11:40:00,1,1350,830,3,1,1240
04/04/2026 11:40:16,1,1350,830,3,1,1240
04/04/2026 11:40:32,1,1350,830,3,2,880
04/04/2026 11:40:48,1,1350,830,3,2,880
04/04/2026 11:41:04,1,1340,830,3,2,880
04/04/2026 11:41:20,1,1340,830,3,2,880
04/04/2026 11:41:36,1,1340,830,3,2,950
04/04/2026 11:41:52,1,1340,830,3,2,950
04/04/2026 11:42:08,1,1340,830,3,1,1250
04/04/2026 11:42:24,1,1340,830,3,1,1250
04/04/2026 11:42:40,1,1340,830,3,1,1250
04/04/2026 11:42:56,1,1340,830,3,1,1280
04/04/2026 11:43:12,1,1340,830,3,1,1280
04/04/2026 11:43:28,1,1340,830,3,2,900
04/04/2026 11:43:44,1,1340,830,3,2,900
04/04/2026 11:44:00,1,1340,830,3,1,900
04/04/2026 11:44:16,1,1340,830,3,1,900
04/04/2026 11:44:32,1,1340,830,3,1,920
04/04/2026 11:44:48,1,-999,830,3,1,920
04/04/2026 11:45:04,1,-999,830,3,1,920
04/04/2026 11:45:20,1,-999,830,3,1,980
04/04/2026 11:45:36,1,-999,830,3,1,980
04/04/2026 11:45:52,1,-999,830,3,1,980
04/04/2026 11:46:08,1,1100,830,3,1,980
04/04/2026 11:46:24,1,1100,830,3,1,1090
04/04/2026 11:46:40,1,1100,830,3,1,1090
04/04/2026 11:46:56,1,1100,830,3,1,1090
04/04/2026 11:47:12,1,1100,830,3,1,1090
04/04/2026 11:47:28,1,1100,830,3,1,1090
04/04/2026 11:47:44,1,-999,830,3,1,1110
04/04/2026 11:48:00,1,-999,830,3,1,1110
04/04/2026 11:48:16,1,-999,830,3,1,1180
04/04/2026 11:48:32,1,-999,830,3,1,1180
04/04/2026 11:48:48,1,-999,830,3,2,980
04/04/2026 11:49:04,1,-999,830,3,2,980
04/04/2026 11:49:20,1,-999,830,3,1,870
04/04/2026 11:49:36,1,-999,830,3,1,870
04/04/2026 11:49:52,1,-999,830,3,1,870
04/04/2026 11:50:08,1,-999,830,3,2,890
04/04/2026 11:50:24,1,-999,830,3,2,890
04/04/2026 11:50:40,1,-999,830,3,1,1140
04/04/2026 11:50:56,1,-999,830,3,1,1140
04/04/2026 11:51:12,1,-999,830,3,1,870
04/04/2026 11:51:28,1,-999,830,3,1,870
04/04/2026 11:51:44,1,-999,830,3,1,850
04/04/2026 11:52:00,1,-999,830,3,1,850
04/04/2026 11:52:16,1,-999,830,3,1,850
04/04/2026 11:52:32,1,-999,830,3,1,850
04/04/2026 11:52:48,1,990,830,3,1,850
04/04/2026 11:53:04,1,990,830,3,2,850
04/04/2026 11:53:20,1,990,830,3,2,850
04/04/2026 11:53:36,1,990,830,3,1,1160
04/04/2026 11:53:52,1,990,830,3,1,1160
04/04/2026 11:54:08,1,980,830,3,1,1040
04/04/2026 11:54:24,1,-999,830,3,1,1040
04/04/2026 11:54:40,1,-999,830,3,1,1040
04/04/2026 11:54:56,1,-999,830,3,1,1170
04/04/2026 11:55:12,1,-999,830,3,1,1170
04/04/2026 11:55:28,1,-999,830,3,2,1000
04/04/2026 11:55:44,1,-999,830,3,2,1000
04/04/2026 11:56:00,1,-999,830,3,2,970
04/04/2026 11:56:16,1,-999,830,3,2,970
04/04/2026 11:56:32,1,-999,830,3,2,930
04/04/2026 11:56:48,1,-999,830,3,2,930
04/04/2026 11:57:04,1,-999,830,3,2,930
04/04/2026 11:57:20,1,-999,830,3,1,1200
04/04/2026 11:57:36,1,-999,830,3,1,1200
04/04/2026 11:57:52,1,-999,830,3,1,1100
04/04/2026 11:58:08,1,-999,830,3,1,1100
04/04/2026 11:58:24,1,-999,830,3,1,1130
04/04/2026 11:58:40,1,-999,830,3,1,1130
04/04/2026 11:58:56,1,-999,830,3,2,960
04/04/2026 11:59:12,1,-999,830,3,2,960
04/04/2026 11:59:28,1,-999,830,3,2,960
04/04/2026 11:59:44,1,1290,830,3,1,1070
04/04/2026 12:00:00,-999,1310,-999,3,1,1070
04/04/2026 12:00:16,-999,1310,-999,3,2,930
04/04/2026 12:00:32,-999,1310,-999,3,2,930
04/04/2026 12:00:48,-999,1310,-999,3,2,900
04/04/2026 12:01:04,-999,1310,-999,3,2,900
04/04/2026 12:01:20,-999,1310,-999,3,2,910
04/04/2026 12:01:36,-999,1310,-999,3,2,910
04/04/2026 12:01:52,-999,1310,-999,3,2,910
04/04/2026 12:02:08,-999,1310,-999,3,1,1170
04/04/2026 12:02:24,-999,1310,-999,3,1,1170
04/04/2026 12:02:40,-999,1310,-999,3,1,1170
04/04/2026 12:02:56,-999,1310,-999,3,1,1170
04/04/2026 12:03:12,-999,1280,-999,3,2,910
04/04/2026 12:03:28,-999,1280,-999,3,2,910
04/04/2026 12:03:44,-999,1280,-999,3,1,1160
04/04/2026 12:04:00,-999,1280,-999,3,1,1160
04/04/2026 12:04:16,-999,-999,-999,3,1,1160
04/04/2026 12:04:32,-999,-999,-999,3,1,1220
04/04/2026 12:04:48,-999,1280,-999,3,1,1220
04/04/2026 12:05:04,-999,1340,-999,3,1,1230
04/04/2026 12:05:20,-999,1340,-999,3,1,1230
04/04/2026 12:05:36,-999,1320,-999,3,1,1180
04/04/2026 12:05:52,-999,1320,-999,3,1,1180
04/04/2026 12:06:08,-999,1320,-999,3,1,1180
04/04/2026 12:06:24,-999,1320,-999,3,1,1180
04/04/2026 12:06:40,-999,1320,-999,3,1,1180
04/04/2026 12:06:56,-999,1320,-999,3,2,1020
04/04/2026 12:07:12,-999,1320,-999,3,2,1020
04/04/2026 12:07:28,-999,1320,-999,3,1,1010
04/04/2026 12:07:44,-999,1320,-999,3,1,1010
04/04/2026 12:08:00,-999,1320,-999,3,1,1150
04/04/2026 12:08:16,-999,1320,-999,3,1,1150
04/04/2026 12:08:32,-999,1320,-999,3,1,1170
04/04/2026 12:08:48,-999,1320,-999,3,1,1170
04/04/2026 12:09:04,-999,1320,-999,3,1,1170
04/04/2026 12:09:20,-999,1320,-999,3,1,1240
04/04/2026 12:09:36,-999,1320,-999,3,1,1240
04/04/2026 12:09:52,-999,1320,-999,3,1,1210
04/04/2026 12:10:08,-999,1320,-999,3,1,1210
04/04/2026 12:10:24,-999,1330,-999,3,1,1220
04/04/2026 12:10:40,-999,1330,-999,3,1,1220
04/04/2026 12:10:56,-999,1340,-999,3,2,980
04/04/2026 12:11:12,-999,1340,-999,3,2,980
04/04/2026 12:11:28,-999,1340,-999,3,2,980
04/04/2026 12:11:44,-999,1340,-999,3,1,1100
04/04/2026 12:12:00,-999,1340,-999,3,1,1100
04/04/2026 12:12:16,-999,1340,-999,3,1,1060
04/04/2026 12:12:32,-999,1340,-999,3,1,1060
04/04/2026 12:12:48,-999,-999,-999,3,1,1010
04/04/2026 12:13:04,-999,-999,-999,3,1,1010
04/04/2026 12:13:20,-999,-999,-999,3,1,1140
04/04/2026 12:13:36,-999,-999,-999,3,1,1140
04/04/2026 12:13:52,-999,-999,-999,3,1,1140
04/04/2026 12:14:08,-999,-999,-999,3,1,1220
04/04/2026 12:14:24,-999,-999,-999,3,1,1220
04/04/2026 12:14:40,-999,-999,-999,3,1,1260
04/04/2026 12:14:56,-999,-999,-999,3,1,1260
04/04/2026 12:15:12,-999,-999,-999,3,1,1260
04/04/2026 12:15:28,-999,1310,-999,3,1,1260
04/04/2026 12:15:44,-999,1310,-999,3,1,1210
04/04/2026 12:16:00,-999,1360,-999,3,1,1210
04/04/2026 12:16:16,-999,1370,-999,3,1,1210
04/04/2026 12:16:32,-999,1370,-999,3,1,1220
04/04/2026 12:16:48,-999,1370,-999,3,1,1220
04/04/2026 12:17:04,-999,1370,-999,3,1,1270
04/04/2026 12:17:20,-999,1380,-999,3,1,1270
04/04/2026 12:17:36,-999,1380,-999,3,1,1290
04/04/2026 12:17:52,-999,1390,-999,3,1,1290
04/04/2026 12:18:08,-999,1390,-999,3,1,1300
04/04/2026 12:18:24,-999,1400,-999,3,1,1300
04/04/2026 12:18:40,-999,1400,-999,3,1,1300
04/04/2026 12:18:56,-999,1390,-999,3,2,1110
04/04/2026 12:19:12,-999,1390,-999,3,2,1110
04/04/2026 12:19:28,-999,1390,-999,3,1,1140
04/04/2026 12:19:44,-999,1390,-999,3,1,1140
04/04/2026 12:20:00,-999,1390,-999,3,1,1220
04/04/2026 12:20:16,-999,1390,-999,3,1,1220
04/04/2026 12:20:32,-999,1390,-999,3,1,1150
04/04/2026 12:20:48,-999,1370,-999,3,1,1150
04/04/2026 12:21:04,-999,1370,-999,3,1,1150
04/04/2026 12:21:20,-999,1370,-999,3,1,1180
04/04/2026 12:21:36,-999,1370,-999,3,1,1180
04/04/2026 12:21:52,-999,1370,-999,3,1,1270
04/04/2026 12:22:08,-999,1370,-999,3,1,1270
04/04/2026 12:22:24,-999,1370,-999,3,1,1310
04/04/2026 12:22:40,-999,1370,-999,3,1,1310
04/04/2026 12:22:56,-999,1370,-999,3,3,940
04/04/2026 12:23:12,-999,1370,-999,3,3,940
04/04/2026 12:23:28,-999,-999,-999,3,3,940
04/04/2026 12:23:44,-999,-999,-999,3,2,920
04/04/2026 12:24:00,-999,-999,-999,3,2,920
04/04/2026 12:24:16,-999,-999,-999,3,1,920
04/04/2026 12:24:32,-999,-999,-999,3,1,920
04/04/2026 12:24:48,-999,-999,-999,3,1,920
04/04/2026 12:25:04,-999,-999,-999,3,1,920
04/04/2026 12:25:20,-999,-999,-999,3,1,920
04/04/2026 12:25:36,-999,1050,-999,3,1,920
04/04/2026 12:25:52,-999,1050,-999,3,1,920
04/04/2026 12:26:08,-999,1050,-999,3,1,960
04/04/2026 12:26:24,-999,1050,-999,3,1,960
04/04/2026 12:26:40,-999,1060,-999,3,1,910
04/04/2026 12:26:56,-999,1060,-999,3,1,910
04/04/2026 12:27:12,-999,1060,-999,3,1,1000
04/04/2026 12:27:28,-999,1060,-999,3,1,1000
04/04/2026 12:27:44,-999,1060,-999,3,1,1200
04/04/2026 12:28:00,-999,1050,-999,3,1,1200
04/04/2026 12:28:16,-999,1060,-999,3,1,1200
04/04/2026 12:28:32,-999,1060,-999,3,1,1110
04/04/2026 12:28:48,-999,-999,-999,3,1,1110
04/04/2026 12:29:04,-999,-999,-999,3,2,910
04/04/2026 12:29:20,-999,-999,-999,3,2,910
04/04/2026 12:29:36,-999,-999,-999,3,1,1190
04/04/2026 12:29:52,-999,1340,-999,3,1,1190
04/04/2026 12:30:08,-999,1340,-999,3,2,960
04/04/2026 12:30:24,-999,1340,-999,3,2,960
04/04/2026 12:30:40,-999,1340,-999,3,2,960
04/04/2026 12:30:56,-999,1340,-999,3,1,850
04/04/2026 12:31:12,-999,1340,-999,3,1,850
04/04/2026 12:31:28,-999,1340,-999,3,1,870
04/04/2026 12:31:44,-999,-999,-999,3,1,870
04/04/2026 12:32:00,-999,-999,-999,3,1,860
04/04/2026 12:32:16,-999,-999,-999,3,1,860
04/04/2026 12:32:32,-999,-999,-999,3,2,840
04/04/2026 12:32:48,-999,-999,-999,3,2,840
04/04/2026 12:33:04,-999,-999,-999,3,2,840
04/04/2026 12:33:20,-999,-999,-999,3,1,980
04/04/2026 12:33:36,-999,1080,-999,3,1,980
04/04/2026 12:33:52,-999,1080,-999,3,1,1000
04/04/2026 12:34:08,-999,1080,-999,3,1,1000
04/04/2026 12:34:24,-999,1080,-999,3,1,1120
04/04/2026 12:34:40,-999,-999,-999,3,1,1120
04/04/2026 12:34:56,-999,-999,-999,3,2,890
04/04/2026 12:35:12,-999,1080,-999,3,2,890
04/04/2026 12:35:28,-999,1120,-999,3,2,890
04/04/2026 12:35:44,-999,1120,-999,3,2,910
04/04/2026 12:36:00,-999,1120,-999,3,2,910
04/04/2026 12:36:16,-999,1120,-999,3,1,1120
04/04/2026 12:36:32,-999,1170,-999,3,1,1120
04/04/2026 12:36:48,-999,1170,-999,3,2,910
04/04/2026 12:37:04,-999,1170,-999,3,2,910
04/04/2026 12:37:20,-999,1170,-999,3,1,1060
04/04/2026 12:37:36,-999,1170,-999,3,1,1060
04/04/2026 12:37:52,-999,1170,-999,3,1,1060
04/04/2026 12:38:08,-999,1160,-999,3,2,880
04/04/2026 12:38:24,-999,1160,-999,3,2,880
04/04/2026 12:38:40,-999,1120,-999,3,1,830
04/04/2026 12:38:56,-999,-999,-999,3,1,830
04/04/2026 12:39:12,-999,-999,-999,3,1,860
04/04/2026 12:39:28,-999,-999,-999,3,1,860
04/04/2026 12:39:44,-999,-999,-999,3,1,890
04/04/2026 12:40:00,-999,-999,-999,3,1,890
04/04/2026 12:40:16,-999,-999,-999,3,1,890
04/04/2026 12:40:32,-999,-999,-999,3,1,860
04/04/2026 12:40:48,-999,-999,-999,3,1,860
04/04/2026 12:41:04,-999,-999,-999,3,1,870
04/04/2026 12:41:20,-999,1010,-999,3,1,870
04/04/2026 12:41:36,-999,990,-999,3,1,860
04/04/2026 12:41:52,-999,990,-999,3,1,860
04/04/2026 12:42:08,-999,990,-999,3,2,870
04/04/2026 12:42:24,-999,990,-999,3,2,870
04/04/2026 12:42:40,-999,1010,-999,3,2,870
04/04/2026 12:42:56,-999,1010,-999,3,2,910
04/04/2026 12:43:12,-999,1010,-999,3,2,910
04/04/2026 12:43:28,-999,1000,-999,3,2,880
04/04/2026 12:43:44,-999,1000,-999,3,2,880
04/04/2026 12:44:00,-999,1000,-999,3,1,890
04/04/2026 12:44:16,-999,1000,-999,3,1,890
04/04/2026 12:44:32,-999,1000,-999,3,1,810
04/04/2026 12:44:48,-999,1000,-999,3,1,810
04/04/2026 12:45:04,-999,1000,-999,3,1,810
04/04/2026 12:45:20,-999,1000,-999,3,2,800
04/04/2026 12:45:36,-999,1000,-999,3,2,800
04/04/2026 12:45:52,-999,-999,-999,3,1,1090
04/04/2026 12:46:08,-999,-999,-999,3,1,1090
04/04/2026 12:46:24,-999,-999,-999,3,1,1060
04/04/2026 12:46:40,-999,-999,-999,3,1,1060
04/04/2026 12:46:56,-999,-999,-999,3,1,1040
04/04/2026 12:47:12,-999,-999,-999,3,1,1040
04/04/2026 12:47:28,-999,-999,-999,3,1,1040
04/04/2026 12:47:44,-999,1220,-999,3,1,840
04/04/2026 12:48:00,-999,1220,-999,3,1,840
04/04/2026 12:48:16,-999,1220,-999,3,1,1070
04/04/2026 12:48:32,-999,1220,-999,3,1,1070
04/04/2026 12:48:48,-999,520,-999,3,1,1070
04/04/2026 12:49:04,-999,520,-999,3,1,1070
04/04/2026 12:49:20,-999,520,-999,3,1,1090
04/04/2026 12:49:36,-999,520,-999,3,1,1090
04/04/2026 12:49:52,-999,520,-999,3,1,1090
04/04/2026 12:50:08,-999,520,-999,3,1,1100
04/04/2026 12:50:24,-999,540,-999,3,1,1100
04/04/2026 12:50:40,-999,540,-999,3,1,1190
04/04/2026 12:50:56,-999,1220,-999,3,1,1190
04/04/2026 12:51:12,-999,1220,-999,3,1,1130
04/04/2026 12:51:28,-999,1290,-999,3,1,1130
04/04/2026 12:51:44,-999,1290,-999,3,1,1120
04/04/2026 12:52:00,-999,1300,-999,3,1,1120
04/04/2026 12:52:16,-999,1300,-999,3,1,1120
04/04/2026 12:52:32,-999,1300,-999,3,1,1100
04/04/2026 12:52:48,-999,1300,-999,3,1,1100
04/04/2026 12:53:04,-999,1300,-999,3,1,1060
04/04/2026 12:53:20,-999,1300,-999,3,1,1060
04/04/2026 12:53:36,-999,1300,-999,3,1,1080
04/04/2026 12:53:52,-999,1300,-999,3,1,1080
04/04/2026 12:54:08,-999,1300,-999,3,1,1060
04/04/2026 12:54:24,-999,1270,-999,3,1,1060
04/04/2026 12:54:40,-999,1270,-999,3,1,1060
04/04/2026 12:54:56,-999,1270,-999,3,2,1050
04/04/2026 12:55:12,-999,1270,-999,3,2,1050
04/04/2026 12:55:28,-999,1270,-999,3,1,880
04/04/2026 12:55:44,-999,1270,-999,3,1,880
04/04/2026 12:56:00,-999,1270,-999,3,2,840
04/04/2026 12:56:16,-999,1270,-999,3,2,840
04/04/2026 12:56:32,-999,1270,-999,3,1,1020
04/04/2026 12:56:48,-999,1260,-999,3,1,1020
04/04/2026 12:57:04,-999,1260,-999,3,1,1020
04/04/2026 12:57:20,-999,1260,-999,3,1,1070
04/04/2026 12:57:36,-999,-999,-999,3,1,1070
04/04/2026 12:57:52,-999,-999,-999,3,1,1140
04/04/2026 12:58:08,-999,-999,-999,3,1,1140
04/04/2026 12:58:24,-999,-999,-999,3,1,1170
04/04/2026 12:58:40,-999,-999,-999,3,1,1170
04/04/2026 12:58:56,-999,-999,-999,3,1,1140
04/04/2026 12:59:12,-999,-999,-999,3,1,1140
04/04/2026 12:59:28,-999,1270,-999,3,1,1140
04/04/2026 12:59:44,-999,1270,-999,3,1,1090
04/04/2026 13:00:00,1,1240,1320,3,1,1090
04/04/2026 13:00:16,1,1240,1320,3,1,1010
04/04/2026 13:00:32,1,1240,1320,3,1,1010
04/04/2026 13:00:48,1,1240,1320,3,1,1020
04/04/2026 13:01:04,1,1240,1320,3,1,1020
04/04/2026 13:01:20,1,1240,1320,3,1,1020
04/04/2026 13:01:36,1,1240,1320,3,1,1020
04/04/2026 13:01:52,1,1240,1320,3,1,1020
04/04/2026 13:02:08,1,1240,1320,3,1,1020
04/04/2026 13:02:24,1,1240,1320,3,1,1020
04/04/2026 13:02:40,1,1240,1320,3,1,1170
04/04/2026 13:02:56,1,1240,1320,3,1,1170
04/04/2026 13:03:12,1,1240,1320,3,1,1210
04/04/2026 13:03:28,1,1180,1320,3,1,1210
04/04/2026 13:03:44,1,1180,1320,3,1,1080
04/04/2026 13:04:00,1,-999,1320,3,1,1080
04/04/2026 13:04:16,1,1250,1320,3,1,1080
04/04/2026 13:04:32,1,1290,1320,3,1,1170
04/04/2026 13:04:48,1,1290,1320,3,1,1170
04/04/2026 13:05:04,1,1290,1320,3,1,1180
04/04/2026 13:05:20,1,1290,1320,3,1,1180
04/04/2026 13:05:36,1,1290,1320,3,1,1160
04/04/2026 13:05:52,1,1290,1320,3,1,1160
04/04/2026 13:06:08,1,1290,1320,3,1,1220
04/04/2026 13:06:24,1,1290,1320,3,1,1220
04/04/2026 13:06:40,1,1300,1320,3,1,1220
04/04/2026 13:06:56,1,1300,1320,3,1,1120
04/04/2026 13:07:12,1,1300,1320,3,1,1120
04/04/2026 13:07:28,1,1300,1320,3,1,1100
04/04/2026 13:07:44,1,1290,1320,3,1,1100
04/04/2026 13:08:00,1,1290,1320,3,1,1100
04/04/2026 13:08:16,1,1280,1320,3,1,1100
04/04/2026 13:08:32,1,1280,1320,3,2,1170
04/04/2026 13:08:48,1,1280,1320,3,2,1170
04/04/2026 13:09:04,1,1330,1320,3,2,1170
04/04/2026 13:09:20,1,1330,1320,3,1,1220
04/04/2026 13:09:36,1,1330,1320,3,1,1220
04/04/2026 13:09:52,1,1330,1320,3,2,870
04/04/2026 13:10:08,1,-999,1320,3,2,870
04/04/2026 13:10:24,1,-999,1320,3,2,1110
04/04/2026 13:10:40,1,-999,1320,3,2,1110
04/04/2026 13:10:56,1,-999,1320,3,1,1120
04/04/2026 13:11:12,1,-999,1320,3,1,1120
04/04/2026 13:11:28,1,-999,1320,3,1,1120
04/04/2026 13:11:44,1,-999,1320,3,1,1140
04/04/2026 13:12:00,1,-999,1320,3,1,1140
04/04/2026 13:12:16,1,-999,1320,3,1,1210
04/04/2026 13:12:32,1,-999,1320,3,1,1210
04/04/2026 13:12:48,1,-999,1320,3,1,1200
04/04/2026 13:13:04,1,-999,1320,3,1,1200
04/04/2026 13:13:20,1,-999,1320,3,1,1120
04/04/2026 13:13:36,1,1300,1320,3,1,1120
04/04/2026 13:13:52,1,1310,1320,3,1,1120
04/04/2026 13:14:08,1,1300,1320,3,2,910
04/04/2026 13:14:24,1,1300,1320,3,2,910
04/04/2026 13:14:40,1,1290,1320,3,1,1140
04/04/2026 13:14:56,1,1290,1320,3,1,1140
04/04/2026 13:15:12,1,1290,1320,3,2,850
04/04/2026 13:15:28,1,1290,1320,3,2,850
04/04/2026 13:15:44,1,1290,1320,3,1,850
04/04/2026 13:16:00,1,1290,1320,3,1,850
04/04/2026 13:16:16,1,1290,1320,3,1,850
04/04/2026 13:16:32,1,1290,1320,3,1,830
04/04/2026 13:16:48,1,1290,1320,3,1,830
04/04/2026 13:17:04,1,1300,1320,3,1,830
04/04/2026 13:17:20,1,1300,1320,3,1,830
04/04/2026 13:17:36,1,1290,1320,3,2,880
04/04/2026 13:17:52,1,990,1320,3,2,880
04/04/2026 13:18:08,1,990,1320,3,1,1070
04/04/2026 13:18:24,1,990,1320,3,1,1070
04/04/2026 13:18:40,1,990,1320,3,1,1070
04/04/2026 13:18:56,1,990,1320,3,2,920
04/04/2026 13:19:12,1,990,1320,3,2,920
04/04/2026 13:19:28,1,990,1320,3,1,1130
04/04/2026 13:19:44,1,1230,1320,3,1,1130
04/04/2026 13:20:00,1,1260,1320,3,1,1100
04/04/2026 13:20:16,1,1260,1320,3,1,1100
04/04/2026 13:20:32,1,1230,1320,3,1,1100
04/04/2026 13:20:48,1,1230,1320,3,1,1100
04/04/2026 13:21:04,1,1230,1320,3,1,1100
04/04/2026 13:21:20,1,1230,1320,3,1,1130
04/04/2026 13:21:36,1,1230,1320,3,1,1130
04/04/2026 13:21:52,1,1230,1320,3,1,1150
04/04/2026 13:22:08,1,1260,1320,3,1,1150
04/04/2026 13:22:24,1,1260,1320,3,1,1180
04/04/2026 13:22:40,1,1260,1320,3,1,1180
04/04/2026 13:22:56,1,1260,1320,3,1,1200
04/04/2026 13:23:12,1,1260,1320,3,1,1200
04/04/2026 13:23:28,1,1260,1320,3,1,1200
04/04/2026 13:23:44,1,1280,1320,3,1,1190
04/04/2026 13:24:00,1,1280,1320,3,1,1190
04/04/2026 13:24:16,1,1310,1320,3,1,1230
04/04/2026 13:24:32,1,1310,1320,3,1,1230
04/04/2026 13:24:48,1,1310,1320,3,1,1240
04/04/2026 13:25:04,1,1310,1320,3,1,1240
04/04/2026 13:25:20,1,1310,1320,3,1,1190
04/04/2026 13:25:36,1,1310,1320,3,1,1190
04/04/2026 13:25:52,1,1310,1320,3,1,1190
04/04/2026 13:26:08,1,1310,1320,3,1,1190
04/04/2026 13:26:24,1,1310,1320,3,1,1190
04/04/2026 13:26:40,1,1310,1320,3,2,940
04/04/2026 13:26:56,1,1310,1320,3,2,940
04/04/2026 13:27:12,1,1310,1320,3,1,890
04/04/2026 13:27:28,1,1310,1320,3,1,890
04/04/2026 13:27:44,1,1310,1320,3,1,1010
04/04/2026 13:28:00,1,1310,1320,3,1,1010
04/04/2026 13:28:16,1,1310,1320,3,1,1010
04/04/2026 13:28:32,1,1310,1320,3,2,820
04/04/2026 13:28:48,1,1290,1320,3,2,820
04/04/2026 13:29:04,1,1290,1320,3,1,1210
04/04/2026 13:29:20,1,920,1320,3,1,1210
04/04/2026 13:29:36,1,920,1320,3,1,850
04/04/2026 13:29:52,1,960,1320,3,1,850
04/04/2026 13:30:08,1,950,1320,3,1,840
04/04/2026 13:30:24,1,950,1320,3,1,840
04/04/2026 13:30:40,1,950,1320,3,1,840
04/04/2026 13:30:56,1,950,1320,3,1,820
04/04/2026 13:31:12,1,950,1320,3,1,820
04/04/2026 13:31:28,1,950,1320,3,1,990
04/04/2026 13:31:44,1,950,1320,3,1,990
04/04/2026 13:32:00,1,950,1320,3,2,840
04/04/2026 13:32:16,1,950,1320,3,2,840
04/04/2026 13:32:32,1,960,1320,3,2,830
04/04/2026 13:32:48,1,960,1320,3,2,830
04/04/2026 13:33:04,1,980,1320,3,2,830
04/04/2026 13:33:20,1,980,1320,3,2,930
04/04/2026 13:33:36,1,1000,1320,3,2,930
04/04/2026 13:33:52,1,1000,1320,3,1,1090
04/04/2026 13:34:08,1,-999,1320,3,1,1090
04/04/2026 13:34:24,1,-999,1320,3,1,1130
04/04/2026 13:34:40,1,-999,1320,3,1,1130
04/04/2026 13:34:56,1,-999,1320,3,1,1180
04/04/2026 13:35:12,1,-999,1320,3,1,1180
04/04/2026 13:35:28,1,-999,1320,3,1,1180
04/04/2026 13:35:44,1,-999,1320,3,2,900
04/04/2026 13:36:00,1,-999,1320,3,2,900
04/04/2026 13:36:16,1,-999,1320,3,2,840
04/04/2026 13:36:32,1,1240,1320,3,2,840
04/04/2026 13:36:48,1,1240,1320,3,1,1230
04/04/2026 13:37:04,1,1240,1320,3,1,1230
04/04/2026 13:37:20,1,1300,1320,3,1,1140
04/04/2026 13:37:36,1,1320,1320,3,1,1140
04/04/2026 13:37:52,1,1320,1320,3,1,1140
04/04/2026 13:38:08,1,1320,1320,3,2,830
04/04/2026 13:38:24,1,1320,1320,3,2,830
04/04/2026 13:38:40,1,1320,1320,3,1,1150
04/04/2026 13:38:56,1,1320,1320,3,1,1150
04/04/2026 13:39:12,1,1290,1320,3,1,1150
04/04/2026 13:39:28,1,1290,1320,3,1,1150
04/04/2026 13:39:44,1,1290,1320,3,1,1150
04/04/2026 13:40:00,1,1290,1320,3,1,1150
04/04/2026 13:40:16,1,1310,1320,3,1,1150
04/04/2026 13:40:32,1,1310,1320,3,1,1150
04/04/2026 13:40:48,1,1310,1320,3,1,1150
04/04/2026 13:41:04,1,1310,1320,3,2,830
04/04/2026 13:41:20,1,1310,1320,3,2,830
04/04/2026 13:41:36,1,1310,1320,3,1,820
04/04/2026 13:41:52,1,1310,1320,3,1,820
04/04/2026 13:42:08,1,1310,1320,3,1,820
04/04/2026 13:42:24,1,1310,1320,3,1,820
04/04/2026 13:42:40,1,-999,1320,3,1,820
04/04/2026 13:42:56,1,-999,1320,3,2,870
04/04/2026 13:43:12,1,-999,1320,3,2,870
04/04/2026 13:43:28,1,-999,1320,3,1,1100
04/04/2026 13:43:44,1,-999,1320,3,1,1100
04/04/2026 13:44:00,1,-999,1320,3,2,930
04/04/2026 13:44:16,1,980,1320,3,2,930
04/04/2026 13:44:32,1,980,1320,3,1,860
04/04/2026 13:44:48,1,980,1320,3,1,860
04/04/2026 13:45:04,1,980,1320,3,1,860
04/04/2026 13:45:20,1,980,1320,3,1,820
04/04/2026 13:45:36,1,980,1320,3,1,820
04/04/2026 13:45:52,1,980,1320,3,1,810
04/04/2026 13:46:08,1,980,1320,3,1,810
04/04/2026 13:46:24,1,1000,1320,3,1,840
04/04/2026 13:46:40,1,1010,1320,3,1,840
04/04/2026 13:46:56,1,1010,1320,3,1,950
04/04/2026 13:47:12,1,1000,1320,3,1,950
04/04/2026 13:47:28,1,1000,1320,3,1,950
04/04/2026 13:47:44,1,1000,1320,3,1,990
04/04/2026 13:48:00,1,-999,1320,3,1,990
04/04/2026 13:48:16,1,-999,1320,3,1,1060
04/04/2026 13:48:32,1,-999,1320,3,1,1060
04/04/2026 13:48:48,1,-999,1320,3,1,1100
04/04/2026 13:49:04,1,-999,1320,3,1,1100
04/04/2026 13:49:20,1,-999,1320,3,1,1050
04/04/2026 13:49:36,1,1220,1320,3,1,1050
04/04/2026 13:49:52,1,1220,1320,3,1,1050
04/04/2026 13:50:08,1,1220,1320,3,1,930
04/04/2026 13:50:24,1,1180,1320,3,1,930
04/04/2026 13:50:40,1,1180,1320,3,2,880
04/04/2026 13:50:56,1,1180,1320,3,2,880
04/04/2026 13:51:12,1,1180,1320,3,1,1060
04/04/2026 13:51:28,1,1180,1320,3,1,1060
04/04/2026 13:51:44,1,1180,1320,3,2,870
04/04/2026 13:52:00,1,-999,1320,3,2,870
04/04/2026 13:52:16,1,-999,1320,3,2,870
04/04/2026 13:52:32,1,-999,1320,3,2,800
04/04/2026 13:52:48,1,-999,1320,3,2,800
04/04/2026 13:53:04,1,-999,1320,3,1,780
04/04/2026 13:53:20,1,1030,1320,3,1,780
04/04/2026 13:53:36,1,1070,1320,3,2,790
04/04/2026 13:53:52,1,1070,1320,3,2,790
04/04/2026 13:54:08,1,1070,1320,3,1,1010
04/04/2026 13:54:24,1,1070,1320,3,1,1010
04/04/2026 13:54:40,1,1070,1320,3,1,1010
04/04/2026 13:54:56,1,1070,1320,3,1,1050
04/04/2026 13:55:12,1,1070,1320,3,1,1050
04/04/2026 13:55:28,1,1070,1320,3,1,1080
04/04/2026 13:55:44,1,1070,1320,3,1,1080
04/04/2026 13:56:00,1,-999,1320,3,1,1090
04/04/2026 13:56:16,1,1130,1320,3,1,1090
04/04/2026 13:56:32,1,1150,1320,3,1,1070
04/04/2026 13:56:48,1,1150,1320,3,1,1070
04/04/2026 13:57:04,1,1220,1320,3,1,1070
04/04/2026 13:57:20,1,1180,1320,3,1,1010
04/04/2026 13:57:36,1,660,1320,3,1,1010
04/04/2026 13:57:52,1,650,1320,3,1,1020
04/04/2026 13:58:08,1,650,1320,3,1,1020
04/04/2026 13:58:24,1,660,1320,3,1,1020
04/04/2026 13:58:40,1,660,1320,3,1,1020
04/04/2026 13:58:56,1,660,1320,3,1,1030
04/04/2026 13:59:12,1,670,1320,3,1,1030
04/04/2026 13:59:28,1,670,1320,3,1,1030
04/04/2026 13:59:44,1,670,1320,3,1,1090
04/04/2026 14:00:00,1,670,1290,3,1,1090
04/04/2026 14:00:16,1,670,1290,3,1,1140
04/04/2026 14:00:32,1,670,1290,3,1,1140
04/04/2026 14:00:48,1,1220,1290,3,1,1180
04/04/2026 14:01:04,1,1220,1290,3,1,1180
04/04/2026 14:01:20,1,1220,1290,3,1,1080
04/04/2026 14:01:36,1,1230,1290,3,1,1080
04/04/2026 14:01:52,1,1230,1290,3,1,1080
04/04/2026 14:02:08,1,1260,1290,3,1,1170
04/04/2026 14:02:24,1,1260,1290,3,1,1170
04/04/2026 14:02:40,1,1290,1290,3,1,1070
04/04/2026 14:02:56,1,1290,1290,3,1,1070
04/04/2026 14:03:12,1,1290,1290,3,1,1150
04/04/2026 14:03:28,1,1290,1290,3,1,1150
04/04/2026 14:03:44,1,730,1290,3,1,1190
04/04/2026 14:04:00,1,730,1290,3,1,1190
04/04/2026 14:04:16,1,730,1290,3,1,1190
04/04/2026 14:04:32,1,730,1290,3,1,1200
04/04/2026 14:04:48,1,730,1290,3,1,1200
04/04/2026 14:05:04,1,730,1290,3,1,1230
04/04/2026 14:05:20,1,730,1290,3,1,1230
04/04/2026 14:05:36,1,740,1290,3,1,1250
04/04/2026 14:05:52,1,1350,1290,3,1,1250
04/04/2026 14:06:08,1,1350,1290,3,1,1270
04/04/2026 14:06:24,1,1350,1290,3,1,1270
04/04/2026 14:06:40,1,1350,1290,3,1,1270
04/04/2026 14:06:56,1,1360,1290,3,2,980
04/04/2026 14:07:12,1,1360,1290,3,2,980
04/04/2026 14:07:28,1,1380,1290,3,1,950
04/04/2026 14:07:44,1,1380,1290,3,1,950
04/04/2026 14:08:00,1,1390,1290,3,2,930
04/04/2026 14:08:16,1,1390,1290,3,2,930
04/04/2026 14:08:32,1,1390,1290,3,1,1240
04/04/2026 14:08:48,1,1390,1290,3,1,1240
04/04/2026 14:09:04,1,1390,1290,3,1,1240
04/04/2026 14:09:20,1,1390,1290,3,1,1260
04/04/2026 14:09:36,1,1390,1290,3,1,1260
04/04/2026 14:09:52,1,1390,1290,3,1,1260
04/04/2026 14:10:08,1,1400,1290,3,1,1260
04/04/2026 14:10:24,1,1400,1290,3,2,1020
04/04/2026 14:10:40,1,1400,1290,3,2,1020
04/04/2026 14:10:56,1,1400,1290,3,1,930
04/04/2026 14:11:12,1,1400,1290,3,1,930
04/04/2026 14:11:28,1,1400,1290,3,1,930
04/04/2026 14:11:44,1,1400,1290,3,2,860
04/04/2026 14:12:00,1,1400,1290,3,2,860
04/04/2026 14:12:16,1,1380,1290,3,1,1130
04/04/2026 14:12:32,1,-999,1290,3,1,1130
04/04/2026 14:12:48,1,-999,1290,3,1,1130
04/04/2026 14:13:04,1,-999,1290,3,1,1130
04/04/2026 14:13:20,1,-999,1290,3,2,1030
04/04/2026 14:13:36,1,-999,1290,3,2,1030
04/04/2026 14:13:52,1,-999,1290,3,2,1030
04/04/2026 14:14:08,1,-999,1290,3,1,970
04/04/2026 14:14:24,1,-999,1290,3,1,970
04/04/2026 14:14:40,1,-999,1290,3,1,1010
04/04/2026 14:14:56,1,-999,1290,3,1,1010
04/04/2026 14:15:12,1,-999,1290,3,2,840
04/04/2026 14:15:28,1,-999,1290,3,2,840
04/04/2026 14:15:44,1,-999,1290,3,1,750
04/04/2026 14:16:00,1,-999,1290,3,1,750
04/04/2026 14:16:16,1,-999,1290,3,1,750
04/04/2026 14:16:32,1,-999,1290,3,1,750
04/04/2026 14:16:48,1,-999,1290,3,1,750
04/04/2026 14:17:04,1,-999,1290,3,1,770
04/04/2026 14:17:20,1,-999,1290,3,1,770
04/04/2026 14:17:36,1,-999,1290,3,2,770
04/04/2026 14:17:52,1,-999,1290,3,2,770
04/04/2026 14:18:08,1,-999,1290,3,1,1030
04/04/2026 14:18:24,1,-999,1290,3,1,1030
04/04/2026 14:18:40,1,-999,1290,3,1,1030
04/04/2026 14:18:56,1,-999,1290,3,1,1010
04/04/2026 14:19:12,1,-999,1290,3,1,1010
04/04/2026 14:19:28,1,-999,1290,3,1,990
04/04/2026 14:19:44,1,-999,1290,3,1,990
04/04/2026 14:20:00,1,-999,1290,3,1,1050
04/04/2026 14:20:16,1,-999,1290,3,1,1050
04/04/2026 14:20:32,1,-999,1290,3,1,1130
04/04/2026 14:20:48,1,-999,1290,3,1,1130
04/04/2026 14:21:04,1,-999,1290,3,1,1130
04/04/2026 14:21:20,1,-999,1290,3,1,1140
04/04/2026 14:21:36,1,-999,1290,3,1,1140
04/04/2026 14:21:52,1,-999,1290,3,1,1160
04/04/2026 14:22:08,1,1320,1290,3,1,1160
04/04/2026 14:22:24,1,1320,1290,3,1,1090
04/04/2026 14:22:40,1,1320,1290,3,1,1090
04/04/2026 14:22:56,1,1320,1290,3,1,1130
04/04/2026 14:23:12,1,1320,1290,3,1,1130
04/04/2026 14:23:28,1,710,1290,3,1,1130
04/04/2026 14:23:44,1,710,1290,3,1,1180
04/04/2026 14:24:00,1,710,1290,3,1,1180
04/04/2026 14:24:16,1,1320,1290,3,2,1050
04/04/2026 14:24:32,1,1320,1290,3,2,1050
04/04/2026 14:24:48,1,1320,1290,3,2,800
04/04/2026 14:25:04,1,1330,1290,3,2,800
04/04/2026 14:25:20,1,1330,1290,3,1,830
04/04/2026 14:25:36,1,1330,1290,3,1,830
04/04/2026 14:25:52,1,-999,1290,3,1,830
04/04/2026 14:26:08,1,-999,1290,3,1,810
04/04/2026 14:26:24,1,-999,1290,3,1,810
04/04/2026 14:26:40,1,-999,1290,3,1,960
04/04/2026 14:26:56,1,-999,1290,3,1,960
04/04/2026 14:27:12,1,-999,1290,3,1,1020
04/04/2026 14:27:28,1,-999,1290,3,1,1020
04/04/2026 14:27:44,1,-999,1290,3,1,1030
04/04/2026 14:28:00,1,-999,1290,3,1,1030
04/04/2026 14:28:16,1,-999,1290,3,1,1030
04/04/2026 14:28:32,1,-999,1290,3,1,1020
04/04/2026 14:28:48,1,1140,1290,3,1,1020
04/04/2026 14:29:04,1,1140,1290,3,1,1060
04/04/2026 14:29:20,1,1140,1290,3,1,1060
04/04/2026 14:29:36,1,1140,1290,3,1,1100
04/04/2026 14:29:52,1,1160,1290,3,1,1100
04/04/2026 14:30:08,1,1160,1290,3,1,1120
04/04/2026 14:30:24,1,1160,1290,3,1,1120
04/04/2026 14:30:40,1,1160,1290,3,1,1120
04/04/2026 14:30:56,1,1190,1290,3,1,1120
04/04/2026 14:31:12,1,1190,1290,3,1,1120
04/04/2026 14:31:28,1,1220,1290,3,1,1130
04/04/2026 14:31:44,1,1220,1290,3,1,1130
04/04/2026 14:32:00,1,1230,1290,3,1,1140
04/04/2026 14:32:16,1,1230,1290,3,1,1140
04/04/2026 14:32:32,1,1230,1290,3,1,1140
04/04/2026 14:32:48,1,1230,1290,3,1,1140
04/04/2026 14:33:04,1,1230,1290,3,1,1140
04/04/2026 14:33:20,1,1240,1290,3,1,1150
04/04/2026 14:33:36,1,1240,1290,3,1,1150
04/04/2026 14:33:52,1,1240,1290,3,2,820
04/04/2026 14:34:08,1,1250,1290,3,2,820
04/04/2026 14:34:24,1,1250,1290,3,1,1150
04/04/2026 14:34:40,1,1250,1290,3,1,1150
04/04/2026 14:34:56,1,1250,1290,3,1,1140
04/04/2026 14:35:12,1,1250,1290,3,1,1140
04/04/2026 14:35:28,1,1260,1290,3,1,1140
04/04/2026 14:35:44,1,1260,1290,3,1,1150
04/04/2026 14:36:00,1,1280,1290,3,1,1150
04/04/2026 14:36:16,1,1280,1290,3,1,1220
04/04/2026 14:36:32,1,1280,1290,3,1,1220
04/04/2026 14:36:48,1,1280,1290,3,2,840
04/04/2026 14:37:04,1,1300,1290,3,2,840
04/04/2026 14:37:20,1,1280,1290,3,2,810
04/04/2026 14:37:36,1,1280,1290,3,2,810
04/04/2026 14:37:52,1,1280,1290,3,2,810
04/04/2026 14:38:08,1,1280,1290,3,2,750
04/04/2026 14:38:24,1,1280,1290,3,2,750
04/04/2026 14:38:40,1,930,1290,3,1,740
04/04/2026 14:38:56,1,930,1290,3,1,740
04/04/2026 14:39:12,1,930,1290,3,2,850
04/04/2026 14:39:28,1,930,1290,3,2,850
04/04/2026 14:39:44,1,930,1290,3,2,950
04/04/2026 14:40:00,1,930,1290,3,2,950
04/04/2026 14:40:16,1,940,1290,3,2,950
04/04/2026 14:40:32,1,-999,1290,3,1,1190
04/04/2026 14:40:48,1,1210,1290,3,1,1190
04/04/2026 14:41:04,1,1210,1290,3,2,890
04/04/2026 14:41:20,1,-999,1290,3,2,890
04/04/2026 14:41:36,1,-999,1290,3,1,1070
04/04/2026 14:41:52,1,-999,1290,3,1,1070
04/04/2026 14:42:08,1,-999,1290,3,1,1170
04/04/2026 14:42:24,1,-999,1290,3,1,1170
04/04/2026 14:42:40,1,1290,1290,3,1,1170
04/04/2026 14:42:56,1,1290,1290,3,1,1200
04/04/2026 14:43:12,1,1290,1290,3,1,1200
04/04/2026 14:43:28,1,1290,1290,3,1,1210
04/04/2026 14:43:44,1,1290,1290,3,1,1210
04/04/2026 14:44:00,1,1310,1290,3,1,1190
04/04/2026 14:44:16,1,1310,1290,3,1,1190
04/04/2026 14:44:32,1,1320,1290,3,1,1190
04/04/2026 14:44:48,1,1320,1290,3,1,1190
04/04/2026 14:45:04,1,1320,1290,3,1,1190
04/04/2026 14:45:20,1,1320,1290,3,1,1210
04/04/2026 14:45:36,1,870,1290,3,1,1210
04/04/2026 14:45:52,1,870,1290,3,1,1280
04/04/2026 14:46:08,1,870,1290,3,1,1280
04/04/2026 14:46:24,1,870,1290,3,1,1250
04/04/2026 14:46:40,1,860,1290,3,1,1250
04/04/2026 14:46:56,1,860,1290,3,2,1200
04/04/2026 14:47:12,1,860,1290,3,2,1200
04/04/2026 14:47:28,1,860,1290,3,2,1200
04/04/2026 14:47:44,1,860,1290,3,1,1200
04/04/2026 14:48:00,1,860,1290,3,1,1200
04/04/2026 14:48:16,1,860,1290,3,1,1210
04/04/2026 14:48:32,1,860,1290,3,1,1210
04/04/2026 14:48:48,1,860,1290,3,2,900
04/04/2026 14:49:04,1,1350,1290,3,2,900
04/04/2026 14:49:20,1,1350,1290,3,1,800
04/04/2026 14:49:36,1,-999,1290,3,1,800
04/04/2026 14:49:52,1,-999,1290,3,1,800
04/04/2026 14:50:08,1,-999,1290,3,2,800
04/04/2026 14:50:24,1,-999,1290,3,2,800
04/04/2026 14:50:40,1,1320,1290,3,1,1240
04/04/2026 14:50:56,1,1320,1290,3,1,1240
04/04/2026 14:51:12,1,1340,1290,3,1,1240
04/04/2026 14:51:28,1,920,1290,3,1,1240
04/04/2026 14:51:44,1,1340,1290,3,1,1240
04/04/2026 14:52:00,1,1340,1290,3,1,1240
04/04/2026 14:52:16,1,920,1290,3,1,1240
04/04/2026 14:52:32,1,920,1290,3,1,1250
04/04/2026 14:52:48,1,920,1290,3,1,1250
04/04/2026 14:53:04,1,920,1290,3,1,1270
04/04/2026 14:53:20,1,920,1290,3,1,1270
04/04/2026 14:53:36,1,920,1290,3,1,1410
04/04/2026 14:53:52,1,920,1290,3,1,1410
04/04/2026 14:54:08,1,920,1290,3,1,1400
04/04/2026 14:54:24,1,920,1290,3,1,1400
04/04/2026 14:54:40,1,920,1290,3,1,1400
04/04/2026 14:54:56,1,920,1290,3,1,1420
04/04/2026 14:55:12,1,920,1290,3,1,1420
04/04/2026 14:55:28,1,920,1290,3,1,1430
04/04/2026 14:55:44,1,920,1290,3,1,1430
04/04/2026 14:56:00,1,930,1290,3,1,1430
04/04/2026 14:56:16,1,940,1290,3,1,1430
04/04/2026 14:56:32,1,950,1290,3,1,1440
04/04/2026 14:56:48,1,950,1290,3,1,1440
04/04/2026 14:57:04,1,950,1290,3,1,1440
04/04/2026 14:57:20,1,950,1290,3,1,1450
04/04/2026 14:57:36,1,950,1290,3,1,1450
04/04/2026 14:57:52,1,950,1290,3,1,1470
04/04/2026 14:58:08,1,950,1290,3,1,1470
04/04/2026 14:58:24,1,960,1290,3,2,830
04/04/2026 14:58:40,1,960,1290,3,2,830
04/04/2026 14:58:56,1,960,1290,3,1,1440
04/04/2026 14:59:12,1,960,1290,3,1,1440
04/04/2026 14:59:28,1,960,1290,3,1,1440
04/04/2026 14:59:44,1,960,1290,3,1,1440
04/04/2026 15:00:00,1,960,1290,3,1,1440
04/04/2026 15:00:16,1,980,1290,3,1,1420
04/04/2026 15:00:32,1,980,1290,3,1,1420
04/04/2026 15:00:48,1,980,1290,3,1,1370
04/04/2026 15:01:04,1,1550,1290,3,1,1370
04/04/2026 15:01:20,1,1550,1290,3,1,1430
04/04/2026 15:01:36,1,1550,1290,3,1,1430
04/04/2026 15:01:52,1,1550,1290,3,1,1430
04/04/2026 15:02:08,1,1550,1290,3,1,1450
04/04/2026 15:02:24,1,1550,1290,3,1,1450
04/04/2026 15:02:40,1,1550,1290,3,1,1470
04/04/2026 15:02:56,1,1550,1290,3,1,1470
04/04/2026 15:03:12,1,1590,1290,3,1,1470
04/04/2026 15:03:28,1,1590,1290,3,1,1470
04/04/2026 15:03:44,1,1590,1290,3,2,1300
04/04/2026 15:04:00,1,1590,1290,3,2,1300
04/04/2026 15:04:16,1,1000,1290,3,2,1300
04/04/2026 15:04:32,1,1000,1290,3,1,1280
04/04/2026 15:04:48,1,1000,1290,3,1,1280
04/04/2026 15:05:04,1,990,1290,3,2,950
04/04/2026 15:05:20,1,990,1290,3,2,950
04/04/2026 15:05:36,1,990,1290,3,1,1300
04/04/2026 15:05:52,1,990,1290,3,1,1300
04/04/2026 15:06:08,1,970,1290,3,1,1280
04/04/2026 15:06:24,1,970,1290,3,1,1280
04/04/2026 15:06:40,1,970,1290,3,1,1280
04/04/2026 15:06:56,1,970,1290,3,1,1290
04/04/2026 15:07:12,1,970,1290,3,1,1290
04/04/2026 15:07:28,1,960,1290,3,1,1320
04/04/2026 15:07:44,1,1450,1290,3,1,1320
04/04/2026 15:08:00,1,1450,1290,3,1,1330
04/04/2026 15:08:16,1,1450,1290,3,1,1330
04/04/2026 15:08:32,1,1450,1290,3,1,1330
04/04/2026 15:08:48,1,1450,1290,3,1,1330
04/04/2026 15:09:04,1,1450,1290,3,1,1330
04/04/2026 15:09:20,1,1450,1290,3,1,1330
04/04/2026 15:09:36,1,1450,1290,3,1,1330
04/04/2026 15:09:52,1,1460,1290,3,1,1340
04/04/2026 15:10:08,1,1460,1290,3,1,1340
04/04/2026 15:10:24,1,1460,1290,3,1,1430
04/04/2026 15:10:40,1,1480,1290,3,1,1430
04/04/2026 15:10:56,1,1480,1290,3,1,1380
04/04/2026 15:11:12,1,1520,1290,3,1,1380
04/04/2026 15:11:28,1,1520,1290,3,1,1380
04/04/2026 15:11:44,1,1520,1290,3,1,1380
04/04/2026 15:12:00,1,1520,1290,3,1,1380
04/04/2026 15:12:16,1,1540,1290,3,1,1370
04/04/2026 15:12:32,1,1540,1290,3,1,1370
04/04/2026 15:12:48,1,1540,1290,3,1,1370
04/04/2026 15:13:04,1,1540,1290,3,1,1370
04/04/2026 15:13:20,1,1590,1290,3,1,1400
04/04/2026 15:13:36,1,1590,1290,3,1,1400
04/04/2026 15:13:52,1,1610,1290,3,1,1400
04/04/2026 15:14:08,1,1610,1290,3,1,1500
04/04/2026 15:14:24,1,1610,1290,3,1,1500
04/04/2026 15:14:40,1,1620,1290,3,1,1470
04/04/2026 15:14:56,1,1620,1290,3,1,1470
04/04/2026 15:15:12,1,1610,1290,3,1,1470
04/04/2026 15:15:28,1,1610,1290,3,1,1470
04/04/2026 15:15:44,1,1610,1290,3,1,1480
04/04/2026 15:16:00,1,1610,1290,3,1,1480
04/04/2026 15:16:16,1,1610,1290,3,1,1480
04/04/2026 15:16:32,1,1600,1290,3,1,1480
04/04/2026 15:16:48,1,1600,1290,3,1,1480
04/04/2026 15:17:04,1,1600,1290,3,1,1490
04/04/2026 15:17:20,1,1600,1290,3,1,1490
04/04/2026 15:17:36,1,1600,1290,3,1,1360
04/04/2026 15:17:52,1,1600,1290,3,1,1360
04/04/2026 15:18:08,1,1600,1290,3,1,1370
04/04/2026 15:18:24,1,1580,1290,3,1,1370
04/04/2026 15:18:40,1,1580,1290,3,1,1370
04/04/2026 15:18:56,1,1570,1290,3,1,1380
04/04/2026 15:19:12,1,1570,1290,3,1,1380
04/04/2026 15:19:28,1,1560,1290,3,1,1380
04/04/2026 15:19:44,1,1560,1290,3,1,1380
04/04/2026 15:20:00,1,1540,1290,3,1,1390
04/04/2026 15:20:16,1,1540,1290,3,1,1390
04/04/2026 15:20:32,1,1540,1290,3,1,1410
04/04/2026 15:20:48,1,1540,1290,3,1,1410
04/04/2026 15:21:04,1,1540,1290,3,1,1410
04/04/2026 15:21:20,1,1540,1290,3,1,1480
04/04/2026 15:21:36,1,1540,1290,3,1,1480
04/04/2026 15:21:52,1,1540,1290,3,1,1470
04/04/2026 15:22:08,1,1540,1290,3,1,1470
04/04/2026 15:22:24,1,1600,1290,3,1,1450
04/04/2026 15:22:40,1,1600,1290,3,1,1450
04/04/2026 15:22:56,1,1600,1290,3,1,1430
04/04/2026 15:23:12,1,1600,1290,3,1,1430
04/04/2026 15:23:28,1,1600,1290,3,1,1430
04/04/2026 15:23:44,1,1600,1290,3,1,1440
04/04/2026 15:24:00,1,1600,1290,3,1,1440
04/04/2026 15:24:16,1,1600,1290,3,1,1450
04/04/2026 15:24:32,1,1610,1290,3,1,1450
04/04/2026 15:24:48,1,1610,1290,3,1,1470
04/04/2026 15:25:04,1,1610,1290,3,1,1470
04/04/2026 15:25:20,1,1610,1290,3,1,1470
04/04/2026 15:25:36,1,1610,1290,3,1,1470
04/04/2026 15:25:52,1,1610,1290,3,1,1470
04/04/2026 15:26:08,1,1610,1290,3,1,1460
04/04/2026 15:26:24,1,1610,1290,3,1,1460
04/04/2026 15:26:40,1,1610,1290,3,1,1450
04/04/2026 15:26:56,1,1610,1290,3,1,1450
04/04/2026 15:27:12,1,910,1290,3,1,1480
04/04/2026 15:27:28,1,910,1290,3,1,1480
04/04/2026 15:27:44,1,910,1290,3,1,1530
04/04/2026 15:28:00,1,910,1290,3,1,1530
04/04/2026 15:28:16,1,910,1290,3,1,1530
04/04/2026 15:28:32,1,910,1290,3,1,1480
04/04/2026 15:28:48,1,910,1290,3,1,1480
04/04/2026 15:29:04,1,910,1290,3,1,1480
04/04/2026 15:29:20,1,910,1290,3,1,1480
04/04/2026 15:29:36,1,900,1290,3,1,1500
04/04/2026 15:29:52,1,900,1290,3,1,1500
04/04/2026 15:30:08,1,890,1290,3,1,1500
04/04/2026 15:30:24,1,880,1290,3,1,1500
04/04/2026 15:30:40,1,880,1290,3,1,1500
04/04/2026 15:30:56,1,880,1290,3,1,1510
04/04/2026 15:31:12,1,880,1290,3,1,1510
04/04/2026 15:31:28,1,880,1290,3,1,1500
04/04/2026 15:31:44,1,880,1290,3,1,1500
04/04/2026 15:32:00,1,880,1290,3,1,1490
04/04/2026 15:32:16,1,880,1290,3,1,1490
04/04/2026 15:32:32,1,880,1290,3,1,1480
04/04/2026 15:32:48,1,880,1290,3,1,1480
04/04/2026 15:33:04,1,880,1290,3,1,1480
04/04/2026 15:33:20,1,880,1290,3,1,1490
04/04/2026 15:33:36,1,880,1290,3,1,1490
04/04/2026 15:33:52,1,880,1290,3,1,1520
04/04/2026 15:34:08,1,880,1290,3,1,1520
04/04/2026 15:34:24,1,880,1290,3,1,1530
04/04/2026 15:34:40,1,880,1290,3,1,1530
04/04/2026 15:34:56,1,880,1290,3,1,1510
04/04/2026 15:35:12,1,880,1290,3,1,1510
04/04/2026 15:35:28,1,880,1290,3,1,1510
04/04/2026 15:35:44,1,880,1290,3,1,1500
04/04/2026 15:36:00,1,880,1290,3,1,1500
04/04/2026 15:36:16,1,880,1290,3,1,1510
04/04/2026 15:36:32,1,880,1290,3,1,1510
04/04/2026 15:36:48,1,880,1290,3,1,1510
04/04/2026 15:37:04,1,880,1290,3,1,1510
04/04/2026 15:37:20,1,880,1290,3,1,1530
04/04/2026 15:37:36,1,880,1290,3,1,1530
04/04/2026 15:37:52,1,880,1290,3,1,1530
04/04/2026 15:38:08,1,880,1290,3,1,1530
04/04/2026 15:38:24,1,880,1290,3,1,1530
04/04/2026 15:38:40,1,880,1290,3,1,1540
04/04/2026 15:38:56,1,880,1290,3,1,1540
04/04/2026 15:39:12,1,880,1290,3,1,1530
04/04/2026 15:39:28,1,880,1290,3,1,1530
04/04/2026 15:39:44,1,880,1290,3,1,1550
04/04/2026 15:40:00,1,880,1290,3,1,1550
04/04/2026 15:40:16,1,870,1290,3,1,1550
04/04/2026 15:40:32,1,870,1290,3,1,1520
04/04/2026 15:40:48,1,870,1290,3,1,1520
04/04/2026 15:41:04,1,870,1290,3,1,1500
04/04/2026 15:41:20,1,870,1290,3,1,1500
04/04/2026 15:41:36,1,870,1290,3,1,1500
04/04/2026 15:41:52,1,870,1290,3,1,1500
04/04/2026 15:42:08,1,870,1290,3,1,1500
04/04/2026 15:42:24,1,870,1290,3,1,1500
04/04/2026 15:42:40,1,870,1290,3,1,1500
04/04/2026 15:42:56,1,870,1290,3,1,1500
04/04/2026 15:43:12,1,870,1290,3,1,1500
04/04/2026 15:43:28,1,870,1290,3,1,1540
04/04/2026 15:43:44,1,870,1290,3,1,1540
04/04/2026 15:44:00,1,870,1290,3,1,1570
04/04/2026 15:44:16,1,870,1290,3,1,1570
04/04/2026 15:44:32,1,870,1290,3,1,1540
04/04/2026 15:44:48,1,860,1290,3,1,1540
04/04/2026 15:45:04,1,860,1290,3,1,1540
04/04/2026 15:45:20,1,860,1290,3,1,1590
04/04/2026 15:45:36,1,860,1290,3,1,1590
04/04/2026 15:45:52,1,850,1290,3,1,1600
04/04/2026 15:46:08,1,850,1290,3,1,1600
04/04/2026 15:46:24,1,850,1290,3,1,1600
04/04/2026 15:46:40,1,850,1290,3,1,1600
04/04/2026 15:46:56,1,850,1290,3,1,1640
04/04/2026 15:47:12,1,850,1290,3,1,1640
04/04/2026 15:47:28,1,850,1290,3,1,1640
04/04/2026 15:47:44,1,840,1290,3,1,1580
04/04/2026 15:48:00,1,840,1290,3,1,1580
04/04/2026 15:48:16,1,840,1290,3,1,1570
04/04/2026 15:48:32,1,840,1290,3,1,1570
04/04/2026 15:48:48,1,830,1290,3,1,1550
04/04/2026 15:49:04,1,830,1290,3,1,1550
04/04/2026 15:49:20,1,830,1290,3,1,1560
04/04/2026 15:49:36,1,830,1290,3,1,1560
04/04/2026 15:49:52,1,830,1290,3,1,1560
04/04/2026 15:50:08,1,830,1290,3,1,1560
04/04/2026 15:50:24,1,830,1290,3,1,1560
04/04/2026 15:50:40,1,830,1290,3,1,1560
04/04/2026 15:50:56,1,830,1290,3,1,1560
04/04/2026 15:51:12,1,830,1290,3,1,1570
04/04/2026 15:51:28,1,830,1290,3,1,1570
04/04/2026 15:51:44,1,830,1290,3,1,1540
04/04/2026 15:52:00,1,830,1290,3,1,1540
04/04/2026 15:52:16,1,840,1290,3,1,1540
04/04/2026 15:52:32,1,840,1290,3,1,1530
04/04/2026 15:52:48,1,840,1290,3,1,1530
04/04/2026 15:53:04,1,840,1290,3,1,1540
04/04/2026 15:53:20,1,840,1290,3,1,1540
04/04/2026 15:53:36,1,840,1290,3,1,1550
04/04/2026 15:53:52,1,840,1290,3,1,1550
04/04/2026 15:54:08,1,840,1290,3,2,1610
04/04/2026 15:54:24,1,840,1290,3,2,1610
04/04/2026 15:54:40,1,840,1290,3,2,1610
04/04/2026 15:54:56,1,830,1290,3,2,1570
04/04/2026 15:55:12,1,830,1290,3,2,1570
04/04/2026 15:55:28,1,830,1290,3,1,1930
04/04/2026 15:55:44,1,830,1290,3,1,1930
04/04/2026 15:56:00,1,830,1290,3,1,1900
04/04/2026 15:56:16,1,830,1290,3,1,1900
04/04/2026 15:56:32,1,830,1290,3,2,1890
04/04/2026 15:56:48,1,830,1290,3,2,1890
04/04/2026 15:57:04,1,830,1290,3,2,1890
04/04/2026 15:57:20,1,1970,1290,3,1,7360
04/04/2026 15:57:36,1,1950,1290,3,1,7360
04/04/2026 15:57:52,1,1840,1290,3,2,7450
04/04/2026 15:58:08,1,1840,1290,3,2,7450
04/04/2026 15:58:24,1,1290,1290,3,1,7510
04/04/2026 15:58:40,1,1160,1290,3,1,7510
04/04/2026 15:58:56,1,830,1290,3,2,2370
04/04/2026 15:59:12,1,830,1290,3,2,2370
04/04/2026 15:59:28,1,830,1290,3,2,2370
04/04/2026 15:59:44,1,830,1290,3,1,2380
04/04/2026 16:00:00,2,830,870,3,1,2380
04/04/2026 16:00:16,2,830,870,3,1,2380
04/04/2026 16:00:32,2,830,870,3,1,2380
04/04/2026 16:00:48,2,830,870,3,2,1810
04/04/2026 16:01:04,2,830,870,3,2,1810
04/04/2026 16:01:20,2,840,870,3,2,1540
04/04/2026 16:01:36,2,840,870,3,2,1540
04/04/2026 16:01:52,2,840,870,3,2,1540
04/04/2026 16:02:08,2,840,870,3,1,1540
04/04/2026 16:02:24,2,840,870,3,1,1540
04/04/2026 16:02:40,2,840,870,3,1,1560
04/04/2026 16:02:56,2,840,870,3,1,1560
04/04/2026 16:03:12,2,840,870,3,1,1540
04/04/2026 16:03:28,2,840,870,3,1,1540
04/04/2026 16:03:44,2,840,870,3,1,1540
04/04/2026 16:04:00,2,840,870,3,1,1540
04/04/2026 16:04:16,2,840,870,3,1,1540
04/04/2026 16:04:32,2,840,870,3,1,1540
04/04/2026 16:04:48,2,840,870,3,1,1540
04/04/2026 16:05:04,2,840,870,3,1,1540
04/04/2026 16:05:20,2,840,870,3,1,1540
04/04/2026 16:05:36,2,840,870,3,1,1550
04/04/2026 16:05:52,2,840,870,3,1,1550
04/04/2026 16:06:08,2,840,870,3,1,1550
04/04/2026 16:06:24,2,840,870,3,1,1550
04/04/2026 16:06:40,2,850,870,3,1,1550
04/04/2026 16:06:56,2,850,870,3,1,1550
04/04/2026 16:07:12,2,850,870,3,1,1550
04/04/2026 16:07:28,2,850,870,3,1,1550
04/04/2026 16:07:44,2,850,870,3,1,1550
04/04/2026 16:08:00,2,860,870,3,1,1550
04/04/2026 16:08:16,2,860,870,3,1,1550
04/04/2026 16:08:32,2,860,870,3,1,1550
04/04/2026 16:08:48,2,860,870,3,1,1550
04/04/2026 16:09:04,2,860,870,3,1,1550
04/04/2026 16:09:20,2,860,870,3,1,1560
04/04/2026 16:09:36,2,860,870,3,1,1560
04/04/2026 16:09:52,2,860,870,3,1,1550
04/04/2026 16:10:08,2,860,870,3,1,1550
04/04/2026 16:10:24,2,860,870,3,1,1560
04/04/2026 16:10:40,2,860,870,3,1,1560
04/04/2026 16:10:56,2,860,870,3,1,1560
04/04/2026 16:11:12,2,860,870,3,1,1560
04/04/2026 16:11:28,2,870,870,3,1,1560
04/04/2026 16:11:44,2,870,870,3,1,1550
04/04/2026 16:12:00,2,870,870,3,1,1550
04/04/2026 16:12:16,2,870,870,3,1,1570
04/04/2026 16:12:32,2,880,870,3,1,1570
04/04/2026 16:12:48,2,880,870,3,1,1570
04/04/2026 16:13:04,2,890,870,3,1,1570
04/04/2026 16:13:20,2,890,870,3,2,1570
04/04/2026 16:13:36,2,890,870,3,2,1570
04/04/2026 16:13:52,2,890,870,3,2,1570
04/04/2026 16:14:08,2,890,870,3,1,1760
04/04/2026 16:14:24,2,890,870,3,1,1760
04/04/2026 16:14:40,2,890,870,3,1,1770
04/04/2026 16:14:56,2,890,870,3,1,1770
04/04/2026 16:15:12,2,890,870,3,1,1760
04/04/2026 16:15:28,2,890,870,3,1,1760
04/04/2026 16:15:44,2,890,870,3,1,1750
04/04/2026 16:16:00,2,890,870,3,1,1750
04/04/2026 16:16:16,2,890,870,3,1,1750
04/04/2026 16:16:32,2,890,870,3,1,1820
04/04/2026 16:16:48,2,890,870,3,1,1820
04/04/2026 16:17:04,2,890,870,3,1,1810
04/04/2026 16:17:20,2,890,870,3,1,1810
04/04/2026 16:17:36,2,890,870,3,1,1850
04/04/2026 16:17:52,2,890,870,3,1,1850
04/04/2026 16:18:08,2,890,870,3,2,1870
04/04/2026 16:18:24,2,890,870,3,2,1870
04/04/2026 16:18:40,2,890,870,3,2,1870
04/04/2026 16:18:56,2,880,870,3,1,1700
04/04/2026 16:19:12,2,880,870,3,1,1700
04/04/2026 16:19:28,2,880,870,3,1,1820
04/04/2026 16:19:44,2,870,870,3,1,1820
04/04/2026 16:20:00,2,870,870,3,1,1710
04/04/2026 16:20:16,2,870,870,3,1,1710
04/04/2026 16:20:32,2,2100,870,3,1,8150
04/04/2026 16:20:48,2,2100,870,3,1,8150
04/04/2026 16:21:04,2,2100,870,3,1,8150
04/04/2026 16:21:20,2,850,870,3,2,1800
04/04/2026 16:21:36,2,850,870,3,2,1800
04/04/2026 16:21:52,2,850,870,3,1,1790
04/04/2026 16:22:08,2,850,870,3,1,1790
04/04/2026 16:22:24,2,1050,870,3,0,-999
04/04/2026 16:22:40,2,1100,870,3,0,-999
04/04/2026 16:22:56,2,1070,870,3,0,-999
04/04/2026 16:23:12,2,1060,870,3,0,-999
04/04/2026 16:23:28,2,1050,870,3,0,-999
04/04/2026 16:23:44,2,850,870,3,1,890
04/04/2026 16:24:00,2,850,870,3,1,890
04/04/2026 16:24:16,2,850,870,3,2,900
04/04/2026 16:24:32,2,850,870,3,2,900
04/04/2026 16:24:48,2,850,870,3,1,1750
04/04/2026 16:25:04,2,850,870,3,1,1750
04/04/2026 16:25:20,2,2120,870,3,1,8710
04/04/2026 16:25:36,2,1990,870,3,1,8710
04/04/2026 16:25:52,2,1970,870,3,1,8710
04/04/2026 16:26:08,2,1530,870,3,0,-999
04/04/2026 16:26:24,2,1530,870,3,0,-999
04/04/2026 16:26:40,2,1580,870,3,0,-999
04/04/2026 16:26:56,2,1590,870,3,0,-999
04/04/2026 16:27:12,2,1730,870,3,0,-999
04/04/2026 16:27:28,2,1720,870,3,0,-999
04/04/2026 16:27:44,2,840,870,3,1,1690
04/04/2026 16:28:00,2,840,870,3,1,1690
04/04/2026 16:28:16,2,840,870,3,1,1690
04/04/2026 16:28:32,2,1070,870,3,0,-999
04/04/2026 16:28:48,2,1070,870,3,0,-999
04/04/2026 16:29:04,2,840,870,3,1,1630
04/04/2026 16:29:20,2,840,870,3,1,1630
04/04/2026 16:29:36,2,840,870,3,1,1610
04/04/2026 16:29:52,2,840,870,3,1,1610
04/04/2026 16:30:08,2,1650,870,3,0,-999
04/04/2026 16:30:24,2,1650,870,3,0,-999
04/04/2026 16:30:40,2,1650,870,3,0,-999
04/04/2026 16:30:56,2,1500,870,3,0,-999
04/04/2026 16:31:12,2,1480,870,3,0,-999
04/04/2026 16:31:28,2,1220,870,3,0,-999
04/04/2026 16:31:44,2,1220,870,3,0,-999
04/04/2026 16:32:00,2,840,870,3,1,1790
04/04/2026 16:32:16,2,840,870,3,1,1790
04/04/2026 16:32:32,2,1260,870,3,0,-999
04/04/2026 16:32:48,2,1130,870,3,0,-999
04/04/2026 16:33:04,2,1150,870,3,0,-999
04/04/2026 16:33:20,2,1150,870,3,0,-999
04/04/2026 16:33:36,2,1150,870,3,0,-999
04/04/2026 16:33:52,2,850,870,3,1,1760
04/04/2026 16:34:08,2,850,870,3,1,1760
04/04/2026 16:34:24,2,860,870,3,1,1760
04/04/2026 16:34:40,2,860,870,3,1,1760
04/04/2026 16:34:56,2,860,870,3,1,1760
04/04/2026 16:35:12,2,860,870,3,1,1760
04/04/2026 16:35:28,2,860,870,3,1,1760
04/04/2026 16:35:44,2,1640,870,3,0,-999
04/04/2026 16:36:00,2,1620,870,3,0,-999
04/04/2026 16:36:16,2,1450,870,3,0,-999
04/04/2026 16:36:32,2,1430,870,3,0,-999
04/04/2026 16:36:48,2,1460,870,3,0,-999
04/04/2026 16:37:04,2,1430,870,3,0,-999
04/04/2026 16:37:20,2,870,870,3,2,930
04/04/2026 16:37:36,2,870,870,3,2,930
04/04/2026 16:37:52,2,870,870,3,2,930
04/04/2026 16:38:08,2,870,870,3,1,910
04/04/2026 16:38:24,2,870,870,3,1,910
04/04/2026 16:38:40,2,870,870,3,1,880
04/04/2026 16:38:56,2,870,870,3,1,880
04/04/2026 16:39:12,2,1210,870,3,0,-999
04/04/2026 16:39:28,2,1220,870,3,0,-999
04/04/2026 16:39:44,2,1010,870,3,1,890
04/04/2026 16:40:00,2,1030,870,3,1,890
04/04/2026 16:40:16,2,1030,870,3,1,890
04/04/2026 16:40:32,2,1030,870,3,1,890
04/04/2026 16:40:48,2,1030,870,3,1,890
04/04/2026 16:41:04,2,1030,870,3,2,880
04/04/2026 16:41:20,2,1020,870,3,2,880
04/04/2026 16:41:36,2,1020,870,3,1,1630
04/04/2026 16:41:52,2,1020,870,3,1,1630
04/04/2026 16:42:08,2,1020,870,3,1,1640
04/04/2026 16:42:24,2,1020,870,3,1,1640
04/04/2026 16:42:40,2,1030,870,3,1,1640
04/04/2026 16:42:56,2,1030,870,3,1,1630
04/04/2026 16:43:12,2,1030,870,3,1,1630
04/04/2026 16:43:28,2,1030,870,3,2,930
04/04/2026 16:43:44,2,1030,870,3,2,930
04/04/2026 16:44:00,2,1080,870,3,2,1190
04/04/2026 16:44:16,2,1080,870,3,2,1190
04/04/2026 16:44:32,2,1080,870,3,2,930
04/04/2026 16:44:48,2,1080,870,3,2,930
04/04/2026 16:45:04,2,1080,870,3,2,930
04/04/2026 16:45:20,2,1080,870,3,1,880
04/04/2026 16:45:36,2,1060,870,3,1,880
04/04/2026 16:45:52,2,1060,870,3,2,870
04/04/2026 16:46:08,2,1060,870,3,2,870
04/04/2026 16:46:24,2,1060,870,3,1,1640
04/04/2026 16:46:40,2,1060,870,3,1,1640
04/04/2026 16:46:56,2,1060,870,3,1,1640
04/04/2026 16:47:12,2,1060,870,3,1,1640
04/04/2026 16:47:28,2,1060,870,3,1,1640
04/04/2026 16:47:44,2,1060,870,3,1,1620
04/04/2026 16:48:00,2,1060,870,3,1,1620
04/04/2026 16:48:16,2,1060,870,3,1,1620
04/04/2026 16:48:32,2,1040,870,3,1,1620
04/04/2026 16:48:48,2,1040,870,3,1,1640
04/04/2026 16:49:04,2,1040,870,3,1,1640
04/04/2026 16:49:20,2,1800,870,3,1,1640
04/04/2026 16:49:36,2,1800,870,3,1,1640
04/04/2026 16:49:52,2,1800,870,3,1,1640
04/04/2026 16:50:08,2,1160,870,3,1,1640
04/04/2026 16:50:24,2,1220,870,3,1,1640
04/04/2026 16:50:40,2,1220,870,3,1,1640
04/04/2026 16:50:56,2,1220,870,3,1,1640
04/04/2026 16:51:12,2,1220,870,3,2,980
04/04/2026 16:51:28,2,1220,870,3,2,980
04/04/2026 16:51:44,2,1220,870,3,1,1670
04/04/2026 16:52:00,2,1220,870,3,1,1670
04/04/2026 16:52:16,2,1220,870,3,1,1670
04/04/2026 16:52:32,2,1220,870,3,1,1690
04/04/2026 16:52:48,2,1220,870,3,1,1690
04/04/2026 16:53:04,2,1220,870,3,1,1680
04/04/2026 16:53:20,2,1210,870,3,1,1680
04/04/2026 16:53:36,2,1200,870,3,1,1660
04/04/2026 16:53:52,2,1180,870,3,1,1660
04/04/2026 16:54:08,2,1170,870,3,1,1660
04/04/2026 16:54:24,2,1150,870,3,1,1660
04/04/2026 16:54:40,2,1150,870,3,1,1660
04/04/2026 16:54:56,2,1150,870,3,1,1650
04/04/2026 16:55:12,2,1150,870,3,1,1650
04/04/2026 16:55:28,2,1150,870,3,1,1650
04/04/2026 16:55:44,2,1150,870,3,1,1650
04/04/2026 16:56:00,2,1150,870,3,1,1680
04/04/2026 16:56:16,2,1150,870,3,1,1680
04/04/2026 16:56:32,2,1270,870,3,0,-999
04/04/2026 16:56:48,2,1270,870,3,0,-999
04/04/2026 16:57:04,2,1260,870,3,0,-999
04/04/2026 16:57:20,2,1240,870,3,0,-999
04/04/2026 16:57:36,2,1230,870,3,0,-999
04/04/2026 16:57:52,2,1250,870,3,0,-999
04/04/2026 16:58:08,2,1250,870,3,0,-999
04/04/2026 16:58:24,2,1230,870,3,0,-999
04/04/2026 16:58:40,2,1230,870,3,0,-999
04/04/2026 16:58:56,2,1220,870,3,0,-999
04/04/2026 16:59:12,2,1220,870,3,0,-999
04/04/2026 16:59:28,2,1220,870,3,0,-999
04/04/2026 16:59:44,2,1230,870,3,0,-999
04/04/2026 17:00:00,2,1230,860,3,0,-999
04/04/2026 17:00:16,2,1230,860,3,0,-999
04/04/2026 17:00:32,2,1230,860,3,0,-999
04/04/2026 17:00:48,2,1230,860,3,0,-999
04/04/2026 17:01:04,2,1230,860,3,0,-999
04/04/2026 17:01:20,2,1230,860,3,0,-999
04/04/2026 17:01:36,2,1230,860,3,0,-999
04/04/2026 17:01:52,2,1230,860,3,0,-999
04/04/2026 17:02:08,2,1100,860,3,1,910
04/04/2026 17:02:24,2,1100,860,3,1,910
04/04/2026 17:02:40,2,1090,860,3,1,900
04/04/2026 17:02:56,2,1090,860,3,1,900
04/04/2026 17:03:12,2,1090,860,3,1,900
04/04/2026 17:03:28,2,1090,860,3,1,900
04/04/2026 17:03:44,2,1180,860,3,0,-999
04/04/2026 17:04:00,2,1170,860,3,0,-999
04/04/2026 17:04:16,2,1170,860,3,0,-999
04/04/2026 17:04:32,2,1160,860,3,0,-999
04/04/2026 17:04:48,2,1160,860,3,0,-999
04/04/2026 17:05:04,2,1170,860,3,0,-999
04/04/2026 17:05:20,2,1160,860,3,0,-999
04/04/2026 17:05:36,2,1160,860,3,0,-999
04/04/2026 17:05:52,2,1160,860,3,0,-999
04/04/2026 17:06:08,2,1160,860,3,0,-999
04/04/2026 17:06:24,2,1150,860,3,0,-999
04/04/2026 17:06:40,2,1150,860,3,0,-999
04/04/2026 17:06:56,2,1150,860,3,0,-999
04/04/2026 17:07:12,2,1150,860,3,0,-999
04/04/2026 17:07:28,2,1140,860,3,0,-999
04/04/2026 17:07:44,2,1140,860,3,0,-999
04/04/2026 17:08:00,2,1140,860,3,0,-999
04/04/2026 17:08:16,2,1140,860,3,0,-999
04/04/2026 17:08:32,2,1130,860,3,0,-999
04/04/2026 17:08:48,2,1130,860,3,0,-999
04/04/2026 17:09:04,2,1130,860,3,0,-999
04/04/2026 17:09:20,2,1060,860,3,1,880
04/04/2026 17:09:36,2,1060,860,3,1,880
04/04/2026 17:09:52,2,1050,860,3,1,880
04/04/2026 17:10:08,2,1050,860,3,1,880
04/04/2026 17:10:24,2,1050,860,3,1,900
04/04/2026 17:10:40,2,1050,860,3,1,900
04/04/2026 17:10:56,2,1050,860,3,1,890
04/04/2026 17:11:12,2,1040,860,3,1,890
04/04/2026 17:11:28,2,1040,860,3,1,890
04/04/2026 17:11:44,2,1100,860,3,0,-999
04/04/2026 17:12:00,2,1100,860,3,0,-999
04/04/2026 17:12:16,2,1110,860,3,0,-999
04/04/2026 17:12:32,2,1110,860,3,0,-999
04/04/2026 17:12:48,2,1040,860,3,1,940
04/04/2026 17:13:04,2,1050,860,3,1,940
04/04/2026 17:13:20,2,1050,860,3,1,960
04/04/2026 17:13:36,2,1050,860,3,1,960
04/04/2026 17:13:52,2,1050,860,3,1,960
04/04/2026 17:14:08,2,1050,860,3,1,920
04/04/2026 17:14:24,2,1050,860,3,1,920
04/04/2026 17:14:40,2,1050,860,3,1,920
04/04/2026 17:14:56,2,1050,860,3,1,920
04/04/2026 17:15:12,2,1050,860,3,1,1000
04/04/2026 17:15:28,2,1050,860,3,1,1000
04/04/2026 17:15:44,2,1070,860,3,1,990
04/04/2026 17:16:00,2,1070,860,3,1,990
04/04/2026 17:16:16,2,1070,860,3,1,990
04/04/2026 17:16:32,2,1070,860,3,1,980
04/04/2026 17:16:48,2,1070,860,3,1,980
04/04/2026 17:17:04,2,1070,860,3,1,1000
04/04/2026 17:17:20,2,1070,860,3,1,1000
04/04/2026 17:17:36,2,1080,860,3,1,970
04/04/2026 17:17:52,2,1080,860,3,1,970
04/04/2026 17:18:08,2,1080,860,3,1,960
04/04/2026 17:18:24,2,1080,860,3,1,960
04/04/2026 17:18:40,2,1080,860,3,1,960
04/04/2026 17:18:56,2,1100,860,3,1,1030
04/04/2026 17:19:12,2,1100,860,3,1,1030
04/04/2026 17:19:28,2,1090,860,3,1,1000
04/04/2026 17:19:44,2,1090,860,3,1,1000
04/04/2026 17:20:00,2,1090,860,3,1,990
04/04/2026 17:20:16,2,1090,860,3,1,990
04/04/2026 17:20:32,2,1080,860,3,1,970
04/04/2026 17:20:48,2,1080,860,3,1,970
04/04/2026 17:21:04,2,1080,860,3,1,970
04/04/2026 17:21:20,2,1080,860,3,1,920
04/04/2026 17:21:36,2,1060,860,3,1,920
04/04/2026 17:21:52,2,1110,860,3,0,-999
04/04/2026 17:22:08,2,1110,860,3,0,-999
04/04/2026 17:22:24,2,1090,860,3,0,-999
04/04/2026 17:22:40,2,1090,860,3,0,-999
04/04/2026 17:22:56,2,1100,860,3,0,-999
04/04/2026 17:23:12,2,1090,860,3,0,-999
04/04/2026 17:23:28,2,1090,860,3,0,-999
04/04/2026 17:23:44,2,1100,860,3,0,-999
04/04/2026 17:24:00,2,1100,860,3,0,-999
04/04/2026 17:24:16,2,1100,860,3,0,-999
04/04/2026 17:24:32,2,1100,860,3,0,-999
04/04/2026 17:24:48,2,1110,860,3,0,-999
04/04/2026 17:25:04,2,1110,860,3,0,-999
04/04/2026 17:25:20,2,1110,860,3,0,-999
04/04/2026 17:25:36,2,1110,860,3,0,-999
04/04/2026 17:25:52,2,1120,860,3,0,-999
04/04/2026 17:26:08,2,1120,860,3,0,-999
04/04/2026 17:26:24,2,1120,860,3,0,-999
04/04/2026 17:26:40,2,1130,860,3,0,-999
04/04/2026 17:26:56,2,1140,860,3,0,-999
04/04/2026 17:27:12,2,1090,860,3,1,1020
04/04/2026 17:27:28,2,1090,860,3,1,1020
04/04/2026 17:27:44,2,1120,860,3,0,-999
04/04/2026 17:28:00,2,1130,860,3,0,-999
04/04/2026 17:28:16,2,1130,860,3,0,-999
04/04/2026 17:28:32,2,1130,860,3,0,-999
04/04/2026 17:28:48,2,1140,860,3,0,-999
04/04/2026 17:29:04,2,1130,860,3,0,-999
04/04/2026 17:29:20,2,1130,860,3,0,-999
04/04/2026 17:29:36,2,1130,860,3,0,-999
04/04/2026 17:29:52,2,1130,860,3,0,-999
04/04/2026 17:30:08,2,1150,860,3,1,5890
04/04/2026 17:30:24,2,1160,860,3,1,5890
04/04/2026 17:30:40,2,1160,860,3,1,5890
04/04/2026 17:30:56,2,1160,860,3,1,5900
04/04/2026 17:31:12,2,1160,860,3,1,5900
04/04/2026 17:31:28,2,1170,860,3,1,5900
04/04/2026 17:31:44,2,1170,860,3,1,5900
04/04/2026 17:32:00,2,1170,860,3,1,5890
04/04/2026 17:32:16,2,1180,860,3,1,5890
04/04/2026 17:32:32,2,1180,860,3,1,5900
04/04/2026 17:32:48,2,1180,860,3,1,5900
04/04/2026 17:33:04,2,1180,860,3,1,5900
04/04/2026 17:33:20,2,1180,860,3,1,5890
04/04/2026 17:33:36,2,1180,860,3,1,5890
04/04/2026 17:33:52,2,1190,860,3,1,5900
04/04/2026 17:34:08,2,1190,860,3,1,5900
04/04/2026 17:34:24,2,1190,860,3,1,5890
04/04/2026 17:34:40,2,1190,860,3,1,5890
04/04/2026 17:34:56,2,1200,860,3,1,5890
04/04/2026 17:35:12,2,1200,860,3,1,5890
04/04/2026 17:35:28,2,1200,860,3,1,5890
04/04/2026 17:35:44,2,1200,860,3,1,5890
04/04/2026 17:36:00,2,1200,860,3,1,5890
04/04/2026 17:36:16,2,1200,860,3,1,5900
04/04/2026 17:36:32,2,1200,860,3,1,5900
04/04/2026 17:36:48,2,1200,860,3,1,5900
04/04/2026 17:37:04,2,1210,860,3,1,5900
04/04/2026 17:37:20,2,1210,860,3,1,5890
04/04/2026 17:37:36,2,1210,860,3,1,5890
04/04/2026 17:37:52,2,1210,860,3,1,5890
04/04/2026 17:38:08,2,1210,860,3,1,5890
04/04/2026 17:38:24,2,1210,860,3,1,5890
04/04/2026 17:38:40,2,1210,860,3,1,5880
04/04/2026 17:38:56,2,1210,860,3,1,5880
04/04/2026 17:39:12,2,1220,860,3,0,-999
04/04/2026 17:39:28,2,1220,860,3,0,-999
04/04/2026 17:39:44,2,1220,860,3,0,-999
04/04/2026 17:40:00,2,1220,860,3,0,-999
04/04/2026 17:40:16,2,1220,860,3,0,-999
04/04/2026 17:40:32,2,1220,860,3,0,-999
04/04/2026 17:40:48,2,1220,860,3,0,-999
04/04/2026 17:41:04,2,1220,860,3,0,-999
04/04/2026 17:41:20,2,1220,860,3,0,-999
04/04/2026 17:41:36,2,1220,860,3,0,-999
04/04/2026 17:41:52,2,1220,860,3,0,-999
04/04/2026 17:42:08,2,1220,860,3,0,-999
04/04/2026 17:42:24,2,1220,860,3,0,-999
04/04/2026 17:42:40,2,1220,860,3,0,-999
04/04/2026 17:42:56,2,1220,860,3,0,-999
04/04/2026 17:43:12,2,1220,860,3,0,-999
04/04/2026 17:43:28,2,1220,860,3,0,-999
04/04/2026 17:43:44,2,1220,860,3,0,-999
04/04/2026 17:44:00,2,1220,860,3,0,-999
04/04/2026 17:44:16,2,1220,860,3,0,-999
04/04/2026 17:44:32,2,1220,860,3,0,-999
04/04/2026 17:44:48,2,1220,860,3,0,-999
04/04/2026 17:45:04,2,1220,860,3,0,-999
04/04/2026 17:45:20,2,1220,860,3,0,-999
04/04/2026 17:45:36,2,1220,860,3,0,-999
04/04/2026 17:45:52,2,1210,860,3,0,-999
04/04/2026 17:46:08,2,1210,860,3,0,-999
04/04/2026 17:46:24,2,1210,860,3,1,5850
04/04/2026 17:46:40,2,1210,860,3,1,5850
04/04/2026 17:46:56,2,1210,860,3,1,5860
04/04/2026 17:47:12,2,1200,860,3,1,5860
04/04/2026 17:47:28,2,1200,860,3,1,5860
04/04/2026 17:47:44,2,1200,860,3,1,5810
04/04/2026 17:48:00,2,1200,860,3,1,5810
04/04/2026 17:48:16,2,1200,860,3,1,5820
04/04/2026 17:48:32,2,1200,860,3,1,5820
04/04/2026 17:48:48,2,1200,860,3,0,-999
04/04/2026 17:49:04,2,1200,860,3,0,-999
04/04/2026 17:49:20,2,1190,860,3,0,-999
04/04/2026 17:49:36,2,1190,860,3,0,-999
04/04/2026 17:49:52,2,1190,860,3,0,-999
04/04/2026 17:50:08,2,1190,860,3,0,-999
04/04/2026 17:50:24,2,1190,860,3,0,-999
04/04/2026 17:50:40,2,1190,860,3,0,-999
04/04/2026 17:50:56,2,1190,860,3,0,-999
04/04/2026 17:51:12,2,1190,860,3,0,-999
04/04/2026 17:51:28,2,1190,860,3,0,-999
04/04/2026 17:51:44,2,1190,860,3,0,-999
04/04/2026 17:52:00,2,1190,860,3,0,-999
04/04/2026 17:52:16,2,1190,860,3,0,-999
04/04/2026 17:52:32,2,1190,860,3,0,-999
04/04/2026 17:52:48,2,1190,860,3,0,-999
04/04/2026 17:53:04,2,1190,860,3,0,-999
04/04/2026 17:53:20,2,1190,860,3,0,-999
04/04/2026 17:53:36,2,1190,860,3,0,-999
04/04/2026 17:53:52,2,1190,860,3,0,-999
04/04/2026 17:54:08,2,1190,860,3,0,-999
04/04/2026 17:54:24,2,1180,860,3,0,-999
04/04/2026 17:54:40,2,1180,860,3,0,-999
04/04/2026 17:54:56,2,1180,860,3,0,-999
04/04/2026 17:55:12,2,1180,860,3,0,-999
04/04/2026 17:55:28,2,1180,860,3,0,-999
04/04/2026 17:55:44,2,1180,860,3,0,-999
04/04/2026 17:56:00,2,1180,860,3,0,-999
04/04/2026 17:56:16,2,1180,860,3,0,-999
04/04/2026 17:56:32,2,1180,860,3,0,-999
04/04/2026 17:56:48,2,1180,860,3,0,-999
04/04/2026 17:57:04,2,1180,860,3,0,-999
04/04/2026 17:57:20,2,1180,860,3,0,-999
04/04/2026 17:57:36,2,1190,860,3,0,-999
04/04/2026 17:57:52,2,1190,860,3,0,-999
04/04/2026 17:58:08,2,1140,860,3,0,-999
04/04/2026 17:58:24,2,1190,860,3,0,-999
04/04/2026 17:58:40,2,1190,860,3,0,-999
04/04/2026 17:58:56,2,1190,860,3,0,-999
04/04/2026 17:59:12,2,1190,860,3,0,-999
04/04/2026 17:59:28,2,1200,860,3,0,-999
04/04/2026 17:59:44,2,1200,860,3,0,-999
04/04/2026 18:00:00,3,1200,1180,3,0,-999
04/04/2026 18:00:16,3,1200,1180,3,0,-999
04/04/2026 18:00:32,3,1200,1180,3,0,-999
04/04/2026 18:00:48,3,1200,1180,3,0,-999
04/04/2026 18:01:04,3,1200,1180,3,0,-999
04/04/2026 18:01:20,3,1200,1180,3,0,-999
04/04/2026 18:01:36,3,1200,1180,3,0,-999
04/04/2026 18:01:52,3,1210,1180,3,0,-999
04/04/2026 18:02:08,3,1220,1180,3,0,-999
04/04/2026 18:02:24,3,1170,1180,3,0,-999
04/04/2026 18:02:40,3,1210,1180,3,0,-999
04/04/2026 18:02:56,3,1210,1180,3,0,-999
04/04/2026 18:03:12,3,1210,1180,3,0,-999
04/04/2026 18:03:28,3,1210,1180,3,0,-999
04/04/2026 18:03:44,3,1210,1180,3,0,-999
04/04/2026 18:04:00,3,1210,1180,3,0,-999
04/04/2026 18:04:16,3,1210,1180,3,0,-999
04/04/2026 18:04:32,3,1210,1180,3,0,-999
04/04/2026 18:04:48,3,1210,1180,3,0,-999
04/04/2026 18:05:04,3,1210,1180,3,0,-999
04/04/2026 18:05:20,3,1210,1180,3,0,-999
04/04/2026 18:05:36,3,1210,1180,3,1,5810
04/04/2026 18:05:52,3,1210,1180,3,1,5810
04/04/2026 18:06:08,3,1210,1180,3,1,5810
04/04/2026 18:06:24,3,1210,1180,3,1,5810
04/04/2026 18:06:40,3,1210,1180,3,1,5810
04/04/2026 18:06:56,3,1220,1180,3,1,5810
04/04/2026 18:07:12,3,1220,1180,3,1,5810
04/04/2026 18:07:28,3,1220,1180,3,1,5810
04/04/2026 18:07:44,3,1220,1180,3,1,5810
04/04/2026 18:08:00,3,1220,1180,3,1,5810
04/04/2026 18:08:16,3,1220,1180,3,1,5810
04/04/2026 18:08:32,3,1220,1180,3,1,5810
04/04/2026 18:08:48,3,1220,1180,3,1,5810
04/04/2026 18:09:04,3,1220,1180,3,1,5810
04/04/2026 18:09:20,3,1080,1180,3,2,1000
04/04/2026 18:09:36,3,1080,1180,3,2,1000
04/04/2026 18:09:52,3,1080,1180,3,2,970
04/04/2026 18:10:08,3,1080,1180,3,2,970
04/04/2026 18:10:24,3,1190,1180,3,1,5850
04/04/2026 18:10:40,3,1190,1180,3,1,5850
04/04/2026 18:10:56,3,1080,1180,3,2,920
04/04/2026 18:11:12,3,1080,1180,3,2,920
04/04/2026 18:11:28,3,1080,1180,3,2,920
04/04/2026 18:11:44,3,1080,1180,3,1,920
04/04/2026 18:12:00,3,1080,1180,3,1,920
04/04/2026 18:12:16,3,1080,1180,3,2,910
04/04/2026 18:12:32,3,1080,1180,3,2,910
04/04/2026 18:12:48,3,1190,1180,3,1,5850
04/04/2026 18:13:04,3,1180,1180,3,1,5850
04/04/2026 18:13:20,3,1190,1180,3,1,5850
04/04/2026 18:13:36,3,1190,1180,3,1,5850
04/04/2026 18:13:52,3,1190,1180,3,1,5850
04/04/2026 18:14:08,3,1180,1180,3,1,5850
04/04/2026 18:14:24,3,1180,1180,3,1,5850
04/04/2026 18:14:40,3,1050,1180,3,2,910
04/04/2026 18:14:56,3,1050,1180,3,2,910
04/04/2026 18:15:12,3,1050,1180,3,1,890
04/04/2026 18:15:28,3,1050,1180,3,1,890
04/04/2026 18:15:44,3,1190,1180,3,1,5820
04/04/2026 18:16:00,3,1190,1180,3,1,5820
04/04/2026 18:16:16,3,1190,1180,3,1,5820
04/04/2026 18:16:32,3,1190,1180,3,1,5800
04/04/2026 18:16:48,3,1190,1180,3,1,5800
04/04/2026 18:17:04,3,1060,1180,3,2,920
04/04/2026 18:17:20,3,1060,1180,3,2,920
04/04/2026 18:17:36,3,1060,1180,3,2,1660
04/04/2026 18:17:52,3,1060,1180,3,2,1660
04/04/2026 18:18:08,3,1060,1180,3,2,1660
04/04/2026 18:18:24,3,1060,1180,3,2,1660
04/04/2026 18:18:40,3,1060,1180,3,2,1660
04/04/2026 18:18:56,3,1080,1180,3,2,1230
04/04/2026 18:19:12,3,1080,1180,3,2,1230
04/04/2026 18:19:28,3,1090,1180,3,1,1650
04/04/2026 18:19:44,3,1090,1180,3,1,1650
04/04/2026 18:20:00,3,1090,1180,3,1,980
04/04/2026 18:20:16,3,1090,1180,3,1,980
04/04/2026 18:20:32,3,1490,1180,3,0,-999
04/04/2026 18:20:48,3,1490,1180,3,0,-999
04/04/2026 18:21:04,3,1490,1180,3,0,-999
04/04/2026 18:21:20,3,1210,1180,3,0,-999
04/04/2026 18:21:36,3,1210,1180,3,0,-999
04/04/2026 18:21:52,3,1190,1180,3,0,-999
04/04/2026 18:22:08,3,1220,1180,3,0,-999
04/04/2026 18:22:24,3,1230,1180,3,0,-999
04/04/2026 18:22:40,3,1310,1180,3,0,-999
04/04/2026 18:22:56,3,1310,1180,3,0,-999
04/04/2026 18:23:12,3,1330,1180,3,0,-999
04/04/2026 18:23:28,3,1330,1180,3,0,-999
04/04/2026 18:23:44,3,1330,1180,3,0,-999
04/04/2026 18:24:00,3,1340,1180,3,0,-999
04/04/2026 18:24:16,3,1340,1180,3,0,-999
04/04/2026 18:24:32,3,1350,1180,3,0,-999
04/04/2026 18:24:48,3,1350,1180,3,0,-999
04/04/2026 18:25:04,3,1360,1180,3,0,-999
04/04/2026 18:25:20,3,1370,1180,3,0,-999
04/04/2026 18:25:36,3,1380,1180,3,0,-999
04/04/2026 18:25:52,3,1380,1180,3,0,-999
04/04/2026 18:26:08,3,1390,1180,3,0,-999
04/04/2026 18:26:24,3,1390,1180,3,0,-999
04/04/2026 18:26:40,3,1390,1180,3,0,-999
04/04/2026 18:26:56,3,1390,1180,3,0,-999
04/04/2026 18:27:12,3,1390,1180,3,0,-999
04/04/2026 18:27:28,3,1390,1180,3,0,-999
04/04/2026 18:27:44,3,1380,1180,3,0,-999
04/04/2026 18:28:00,3,1380,1180,3,0,-999
04/04/2026 18:28:16,3,1380,1180,3,0,-999
04/04/2026 18:28:32,3,1380,1180,3,0,-999
04/04/2026 18:28:48,3,1380,1180,3,0,-999
04/04/2026 18:29:04,3,1380,1180,3,0,-999
04/04/2026 18:29:20,3,1380,1180,3,0,-999
04/04/2026 18:29:36,3,1380,1180,3,0,-999
04/04/2026 18:29:52,3,1370,1180,3,0,-999
04/04/2026 18:30:08,3,1370,1180,3,0,-999
04/04/2026 18:30:24,3,1340,1180,3,0,-999
04/04/2026 18:30:40,3,1320,1180,3,0,-999
04/04/2026 18:30:56,3,1290,1180,3,0,-999
04/04/2026 18:31:12,3,1270,1180,3,0,-999
04/04/2026 18:31:28,3,1270,1180,3,0,-999
04/04/2026 18:31:44,3,1260,1180,3,0,-999
04/04/2026 18:32:00,3,1260,1180,3,0,-999
04/04/2026 18:32:16,3,1250,1180,3,0,-999
04/04/2026 18:32:32,3,1250,1180,3,0,-999
04/04/2026 18:32:48,3,1240,1180,3,0,-999
04/04/2026 18:33:04,3,1230,1180,3,0,-999
04/04/2026 18:33:20,3,1230,1180,3,0,-999
04/04/2026 18:33:36,3,1230,1180,3,0,-999
04/04/2026 18:33:52,3,1230,1180,3,0,-999
04/04/2026 18:34:08,3,1230,1180,3,0,-999
04/04/2026 18:34:24,3,1130,1180,3,1,1690
04/04/2026 18:34:40,3,1130,1180,3,1,1690
04/04/2026 18:34:56,3,1130,1180,3,1,1690
04/04/2026 18:35:12,3,1130,1180,3,1,1690
04/04/2026 18:35:28,3,1130,1180,3,1,1690
04/04/2026 18:35:44,3,1130,1180,3,1,1690
04/04/2026 18:36:00,3,1130,1180,3,1,1690
04/04/2026 18:36:16,3,1130,1180,3,1,1690
04/04/2026 18:36:32,3,1130,1180,3,1,1690
04/04/2026 18:36:48,3,1130,1180,3,1,1690
04/04/2026 18:37:04,3,1130,1180,3,1,1690
04/04/2026 18:37:20,3,1130,1180,3,1,1700
04/04/2026 18:37:36,3,1130,1180,3,1,1700
04/04/2026 18:37:52,3,1130,1180,3,1,1700
04/04/2026 18:38:08,3,1130,1180,3,1,1700
04/04/2026 18:38:24,3,1130,1180,3,1,1700
04/04/2026 18:38:40,3,1130,1180,3,1,1700
04/04/2026 18:38:56,3,1130,1180,3,1,1700
04/04/2026 18:39:12,3,1130,1180,3,1,1700
04/04/2026 18:39:28,3,1130,1180,3,1,1700
04/04/2026 18:39:44,3,1130,1180,3,1,1710
04/04/2026 18:40:00,3,1130,1180,3,1,1710
04/04/2026 18:40:16,3,1130,1180,3,1,1710
04/04/2026 18:40:32,3,1130,1180,3,1,1710
04/04/2026 18:40:48,3,1140,1180,3,1,1710
04/04/2026 18:41:04,3,1140,1180,3,1,1700
04/04/2026 18:41:20,3,1140,1180,3,1,1700
04/04/2026 18:41:36,3,1140,1180,3,1,1700
04/04/2026 18:41:52,3,1140,1180,3,1,1700
04/04/2026 18:42:08,3,1140,1180,3,1,1710
04/04/2026 18:42:24,3,1140,1180,3,1,1710
04/04/2026 18:42:40,3,1140,1180,3,1,1710
04/04/2026 18:42:56,3,1140,1180,3,1,1710
04/04/2026 18:43:12,3,1140,1180,3,1,1710
04/04/2026 18:43:28,3,1140,1180,3,1,1710
04/04/2026 18:43:44,3,1140,1180,3,1,1710
04/04/2026 18:44:00,3,1140,1180,3,1,1700
04/04/2026 18:44:16,3,1140,1180,3,1,1700
04/04/2026 18:44:32,3,1140,1180,3,1,1700
04/04/2026 18:44:48,3,1140,1180,3,1,1700
04/04/2026 18:45:04,3,1140,1180,3,1,1700
04/04/2026 18:45:20,3,1140,1180,3,1,1700
04/04/2026 18:45:36,3,1140,1180,3,1,1700
04/04/2026 18:45:52,3,1140,1180,3,1,1700
04/04/2026 18:46:08,3,1140,1180,3,1,1700
04/04/2026 18:46:24,3,1140,1180,3,1,1710
04/04/2026 18:46:40,3,1140,1180,3,1,1710
04/04/2026 18:46:56,3,1140,1180,3,1,1730
04/04/2026 18:47:12,3,1140,1180,3,1,1730
04/04/2026 18:47:28,3,1140,1180,3,1,1730
04/04/2026 18:47:44,3,1140,1180,3,1,1720
04/04/2026 18:48:00,3,1140,1180,3,1,1720
04/04/2026 18:48:16,3,1140,1180,3,1,1720
04/04/2026 18:48:32,3,1140,1180,3,1,1720
04/04/2026 18:48:48,3,1140,1180,3,1,1710
04/04/2026 18:49:04,3,1140,1180,3,1,1710
04/04/2026 18:49:20,3,1140,1180,3,1,1700
04/04/2026 18:49:36,3,1130,1180,3,1,1700
04/04/2026 18:49:52,3,1130,1180,3,1,1700
04/04/2026 18:50:08,3,1130,1180,3,1,1710
04/04/2026 18:50:24,3,1130,1180,3,1,1710
04/04/2026 18:50:40,3,1130,1180,3,1,1730
04/04/2026 18:50:56,3,1130,1180,3,1,1730
04/04/2026 18:51:12,3,1130,1180,3,1,1740
04/04/2026 18:51:28,3,1130,1180,3,1,1740
04/04/2026 18:51:44,3,1130,1180,3,1,1740
04/04/2026 18:52:00,3,1120,1180,3,1,1740
04/04/2026 18:52:16,3,1120,1180,3,1,1740
04/04/2026 18:52:32,3,1120,1180,3,1,1740
04/04/2026 18:52:48,3,1120,1180,3,1,1740
04/04/2026 18:53:04,3,1120,1180,3,1,1730
04/04/2026 18:53:20,3,1120,1180,3,1,1730
04/04/2026 18:53:36,3,1120,1180,3,1,1730
04/04/2026 18:53:52,3,1120,1180,3,1,1730
04/04/2026 18:54:08,3,1120,1180,3,1,1740
04/04/2026 18:54:24,3,1120,1180,3,1,1740
04/04/2026 18:54:40,3,1120,1180,3,1,1740
04/04/2026 18:54:56,3,1120,1180,3,1,1740
04/04/2026 18:55:12,3,1120,1180,3,1,1740
04/04/2026 18:55:28,3,1120,1180,3,1,1750
04/04/2026 18:55:44,3,1120,1180,3,1,1750
04/04/2026 18:56:00,3,1120,1180,3,1,1740
04/04/2026 18:56:16,3,1120,1180,3,1,1740
04/04/2026 18:56:32,3,1120,1180,3,1,1750
04/04/2026 18:56:48,3,1120,1180,3,1,1750
04/04/2026 18:57:04,3,1120,1180,3,1,1750
04/04/2026 18:57:20,3,1130,1180,3,1,1750
04/04/2026 18:57:36,3,1130,1180,3,1,1750
04/04/2026 18:57:52,3,1130,1180,3,1,1750
04/04/2026 18:58:08,3,1130,1180,3,1,1750
04/04/2026 18:58:24,3,1130,1180,3,1,1750
04/04/2026 18:58:40,3,1130,1180,3,1,1750
04/04/2026 18:58:56,3,1130,1180,3,1,1760
04/04/2026 18:59:12,3,1130,1180,3,1,1760
04/04/2026 18:59:28,3,1130,1180,3,1,1760
04/04/2026 18:59:44,3,1130,1180,3,1,1750
04/04/2026 19:00:00,2,1130,1140,3,1,1750
04/04/2026 19:00:16,2,1130,1140,3,1,1760
04/04/2026 19:00:32,2,1130,1140,3,1,1760
04/04/2026 19:00:48,2,1130,1140,3,1,1770
04/04/2026 19:01:04,2,1130,1140,3,1,1770
04/04/2026 19:01:20,2,1130,1140,3,1,1770
04/04/2026 19:01:36,2,1130,1140,3,1,1770
04/04/2026 19:01:52,2,1130,1140,3,1,1770
04/04/2026 19:02:08,2,1130,1140,3,1,1780
04/04/2026 19:02:24,2,1140,1140,3,1,1780
04/04/2026 19:02:40,2,1140,1140,3,1,1780
04/04/2026 19:02:56,2,1140,1140,3,1,1780
04/04/2026 19:03:12,2,1140,1140,3,1,1780
04/04/2026 19:03:28,2,1140,1140,3,1,1780
04/04/2026 19:03:44,2,1140,1140,3,1,1780
04/04/2026 19:04:00,2,1140,1140,3,1,1780
04/04/2026 19:04:16,2,1140,1140,3,1,1780
04/04/2026 19:04:32,2,1140,1140,3,1,1790
04/04/2026 19:04:48,2,1140,1140,3,1,1790
04/04/2026 19:05:04,2,1140,1140,3,1,1780
04/04/2026 19:05:20,2,1140,1140,3,1,1780
04/04/2026 19:05:36,2,1140,1140,3,1,1770
04/04/2026 19:05:52,2,1140,1140,3,1,1770
04/04/2026 19:06:08,2,1150,1140,3,1,1800
04/04/2026 19:06:24,2,1150,1140,3,1,1800
04/04/2026 19:06:40,2,1150,1140,3,1,1800
04/04/2026 19:06:56,2,740,1140,3,1,1790
04/04/2026 19:07:12,2,740,1140,3,1,1790
04/04/2026 19:07:28,2,740,1140,3,1,1820
04/04/2026 19:07:44,2,740,1140,3,1,1820
04/04/2026 19:08:00,2,740,1140,3,1,1810
04/04/2026 19:08:16,2,740,1140,3,1,1810
04/04/2026 19:08:32,2,740,1140,3,1,1810
04/04/2026 19:08:48,2,740,1140,3,1,1810
04/04/2026 19:09:04,2,740,1140,3,1,1810
04/04/2026 19:09:20,2,1180,1140,3,0,-999
04/04/2026 19:09:36,2,1180,1140,3,0,-999
04/04/2026 19:09:52,2,1160,1140,3,0,-999
04/04/2026 19:10:08,2,1160,1140,3,0,-999
04/04/2026 19:10:24,2,1160,1140,3,0,-999
04/04/2026 19:10:40,2,1160,1140,3,0,-999
04/04/2026 19:10:56,2,1160,1140,3,0,-999
04/04/2026 19:11:12,2,1150,1140,3,0,-999
04/04/2026 19:11:28,2,1150,1140,3,0,-999
04/04/2026 19:11:44,2,1160,1140,3,0,-999
04/04/2026 19:12:00,2,1150,1140,3,0,-999
04/04/2026 19:12:16,2,1150,1140,3,0,-999
04/04/2026 19:12:32,2,1150,1140,3,0,-999
04/04/2026 19:12:48,2,1150,1140,3,0,-999
04/04/2026 19:13:04,2,1150,1140,3,0,-999
04/04/2026 19:13:20,2,1150,1140,3,0,-999
04/04/2026 19:13:36,2,1150,1140,3,0,-999
04/04/2026 19:13:52,2,1150,1140,3,0,-999
04/04/2026 19:14:08,2,1150,1140,3,0,-999
04/04/2026 19:14:24,2,1160,1140,3,0,-999
04/04/2026 19:14:40,2,1160,1140,3,0,-999
04/04/2026 19:14:56,2,1160,1140,3,0,-999
04/04/2026 19:15:12,2,1160,1140,3,0,-999
04/04/2026 19:15:28,2,1160,1140,3,0,-999
04/04/2026 19:15:44,2,1160,1140,3,0,-999
04/04/2026 19:16:00,2,1160,1140,3,0,-999
04/04/2026 19:16:16,2,1170,1140,3,0,-999
04/04/2026 19:16:32,2,1170,1140,3,0,-999
04/04/2026 19:16:48,2,1170,1140,3,0,-999
04/04/2026 19:17:04,2,1170,1140,3,0,-999
04/04/2026 19:17:20,2,1170,1140,3,0,-999
04/04/2026 19:17:36,2,1180,1140,3,0,-999
04/04/2026 19:17:52,2,1180,1140,3,0,-999
04/04/2026 19:18:08,2,1180,1140,3,0,-999
04/04/2026 19:18:24,2,1180,1140,3,0,-999
04/04/2026 19:18:40,2,1190,1140,3,0,-999
04/04/2026 19:18:56,2,1190,1140,3,0,-999
04/04/2026 19:19:12,2,1190,1140,3,0,-999
04/04/2026 19:19:28,2,1190,1140,3,0,-999
04/04/2026 19:19:44,2,1200,1140,3,0,-999
04/04/2026 19:20:00,2,1200,1140,3,0,-999
04/04/2026 19:20:16,2,1200,1140,3,0,-999
04/04/2026 19:20:32,2,1200,1140,3,0,-999
04/04/2026 19:20:48,2,1200,1140,3,0,-999
04/04/2026 19:21:04,2,1210,1140,3,0,-999
04/04/2026 19:21:20,2,1210,1140,3,0,-999
04/04/2026 19:21:36,2,1210,1140,3,0,-999
04/04/2026 19:21:52,2,1210,1140,3,0,-999
04/04/2026 19:22:08,2,1210,1140,3,0,-999
04/04/2026 19:22:24,2,1220,1140,3,0,-999
04/04/2026 19:22:40,2,1220,1140,3,0,-999
04/04/2026 19:22:56,2,1220,1140,3,0,-999
04/04/2026 19:23:12,2,1230,1140,3,0,-999
04/04/2026 19:23:28,2,1230,1140,3,0,-999
04/04/2026 19:23:44,2,1230,1140,3,0,-999
04/04/2026 19:24:00,2,1240,1140,3,0,-999
04/04/2026 19:24:16,2,1130,1140,3,0,-999
04/04/2026 19:24:32,2,1250,1140,3,0,-999
04/04/2026 19:24:48,2,1250,1140,3,0,-999
04/04/2026 19:25:04,2,1260,1140,3,0,-999
04/04/2026 19:25:20,2,1260,1140,3,0,-999
04/04/2026 19:25:36,2,1260,1140,3,0,-999
04/04/2026 19:25:52,2,1270,1140,3,0,-999
04/04/2026 19:26:08,2,1270,1140,3,0,-999
04/04/2026 19:26:24,2,1280,1140,3,0,-999
04/04/2026 19:26:40,2,1290,1140,3,0,-999
04/04/2026 19:26:56,2,1300,1140,3,0,-999
04/04/2026 19:27:12,2,1080,1140,3,1,1810
04/04/2026 19:27:28,2,1080,1140,3,1,1810
04/04/2026 19:27:44,2,1080,1140,3,1,1800
04/04/2026 19:28:00,2,1080,1140,3,1,1800
04/04/2026 19:28:16,2,1080,1140,3,1,1800
04/04/2026 19:28:32,2,1090,1140,3,1,1800
04/04/2026 19:28:48,2,1090,1140,3,1,1800
04/04/2026 19:29:04,2,1090,1140,3,1,1810
04/04/2026 19:29:20,2,1090,1140,3,1,1810
04/04/2026 19:29:36,2,1310,1140,3,0,-999
04/04/2026 19:29:52,2,1310,1140,3,0,-999
04/04/2026 19:30:08,2,1100,1140,3,1,1800
04/04/2026 19:30:24,2,1100,1140,3,1,1800
04/04/2026 19:30:40,2,1110,1140,3,1,1800
04/04/2026 19:30:56,2,1380,1140,3,0,-999
04/04/2026 19:31:12,2,1380,1140,3,0,-999
04/04/2026 19:31:28,2,1380,1140,3,0,-999
04/04/2026 19:31:44,2,1380,1140,3,0,-999
04/04/2026 19:32:00,2,1270,1140,3,0,-999
04/04/2026 19:32:16,2,1270,1140,3,0,-999
04/04/2026 19:32:32,2,1420,1140,3,0,-999
04/04/2026 19:32:48,2,1420,1140,3,0,-999
04/04/2026 19:33:04,2,1420,1140,3,0,-999
04/04/2026 19:33:20,2,1360,1140,3,0,-999
04/04/2026 19:33:36,2,1370,1140,3,0,-999
04/04/2026 19:33:52,2,1370,1140,3,0,-999
04/04/2026 19:34:08,2,1370,1140,3,0,-999
04/04/2026 19:34:24,2,1380,1140,3,0,-999
04/04/2026 19:34:40,2,1380,1140,3,0,-999
04/04/2026 19:34:56,2,1380,1140,3,0,-999
04/04/2026 19:35:12,2,1380,1140,3,0,-999
04/04/2026 19:35:28,2,1380,1140,3,0,-999
04/04/2026 19:35:44,2,1380,1140,3,0,-999
04/04/2026 19:36:00,2,1380,1140,3,0,-999
04/04/2026 19:36:16,2,1380,1140,3,0,-999
04/04/2026 19:36:32,2,1380,1140,3,0,-999
04/04/2026 19:36:48,2,1380,1140,3,0,-999
04/04/2026 19:37:04,2,1370,1140,3,0,-999
04/04/2026 19:37:20,2,1370,1140,3,0,-999
04/04/2026 19:37:36,2,1370,1140,3,0,-999
04/04/2026 19:37:52,2,1370,1140,3,0,-999
04/04/2026 19:38:08,2,1370,1140,3,0,-999
04/04/2026 19:38:24,2,1360,1140,3,0,-999
04/04/2026 19:38:40,2,1360,1140,3,0,-999
04/04/2026 19:38:56,2,1360,1140,3,0,-999
04/04/2026 19:39:12,2,1360,1140,3,0,-999
04/04/2026 19:39:28,2,1350,1140,3,0,-999
04/04/2026 19:39:44,2,1350,1140,3,0,-999
04/04/2026 19:40:00,2,1350,1140,3,0,-999
04/04/2026 19:40:16,2,1340,1140,3,0,-999
04/04/2026 19:40:32,2,1330,1140,3,0,-999
04/04/2026 19:40:48,2,1310,1140,3,0,-999
04/04/2026 19:41:04,2,1310,1140,3,0,-999
04/04/2026 19:41:20,2,1310,1140,3,0,-999
04/04/2026 19:41:36,2,1310,1140,3,0,-999
04/04/2026 19:41:52,2,1310,1140,3,0,-999
04/04/2026 19:42:08,2,1310,1140,3,0,-999
04/04/2026 19:42:24,2,1300,1140,3,0,-999
04/04/2026 19:42:40,2,1300,1140,3,0,-999
04/04/2026 19:42:56,2,1300,1140,3,0,-999
04/04/2026 19:43:12,2,1300,1140,3,0,-999
04/04/2026 19:43:28,2,1290,1140,3,0,-999
04/04/2026 19:43:44,2,1290,1140,3,0,-999
04/04/2026 19:44:00,2,1280,1140,3,0,-999
04/04/2026 19:44:16,2,1280,1140,3,0,-999
04/04/2026 19:44:32,2,1280,1140,3,0,-999
04/04/2026 19:44:48,2,1280,1140,3,0,-999
04/04/2026 19:45:04,2,1280,1140,3,0,-999
04/04/2026 19:45:20,2,1280,1140,3,0,-999
04/04/2026 19:45:36,2,1280,1140,3,0,-999
04/04/2026 19:45:52,2,1280,1140,3,0,-999
04/04/2026 19:46:08,2,260,1140,3,0,-999
04/04/2026 19:46:24,2,260,1140,3,0,-999
04/04/2026 19:46:40,2,260,1140,3,0,-999
04/04/2026 19:46:56,2,260,1140,3,0,-999
04/04/2026 19:47:12,2,250,1140,3,0,-999
04/04/2026 19:47:28,2,250,1140,3,0,-999
04/04/2026 19:47:44,2,250,1140,3,0,-999
04/04/2026 19:48:00,2,250,1140,3,0,-999
04/04/2026 19:48:16,2,250,1140,3,0,-999
04/04/2026 19:48:32,2,250,1140,3,0,-999
04/04/2026 19:48:48,2,250,1140,3,0,-999
04/04/2026 19:49:04,2,250,1140,3,0,-999
04/04/2026 19:49:20,2,250,1140,3,0,-999
04/04/2026 19:49:36,2,240,1140,3,0,-999
04/04/2026 19:49:52,2,240,1140,3,0,-999
04/04/2026 19:50:08,2,240,1140,3,0,-999
04/04/2026 19:50:24,2,240,1140,3,0,-999
04/04/2026 19:50:40,2,240,1140,3,0,-999
04/04/2026 19:50:56,2,240,1140,3,0,-999
04/04/2026 19:51:12,2,240,1140,3,0,-999
04/04/2026 19:51:28,2,240,1140,3,0,-999
04/04/2026 19:51:44,2,240,1140,3,0,-999
04/04/2026 19:52:00,2,240,1140,3,0,-999
04/04/2026 19:52:16,2,240,1140,3,0,-999
04/04/2026 19:52:32,2,240,1140,3,0,-999
04/04/2026 19:52:48,2,240,1140,3,0,-999
04/04/2026 19:53:04,2,240,1140,3,0,-999
04/04/2026 19:53:20,2,240,1140,3,0,-999
04/04/2026 19:53:36,2,240,1140,3,0,-999
04/04/2026 19:53:52,2,240,1140,3,0,-999
04/04/2026 19:54:08,2,240,1140,3,0,-999
04/04/2026 19:54:24,2,240,1140,3,0,-999
04/04/2026 19:54:40,2,10,1140,3,0,-999
04/04/2026 19:54:56,2,240,1140,3,0,-999
04/04/2026 19:55:12,2,230,1140,3,0,-999
04/04/2026 19:55:28,2,230,1140,3,0,-999
04/04/2026 19:55:44,2,230,1140,3,0,-999
04/04/2026 19:56:00,2,230,1140,3,0,-999
04/04/2026 19:56:16,2,230,1140,3,0,-999
04/04/2026 19:56:32,2,230,1140,3,0,-999
04/04/2026 19:56:48,2,220,1140,3,0,-999
04/04/2026 19:57:04,2,220,1140,3,0,-999
04/04/2026 19:57:20,2,220,1140,3,0,-999
04/04/2026 19:57:36,2,220,1140,3,0,-999
04/04/2026 19:57:52,2,220,1140,3,0,-999
04/04/2026 19:58:08,2,210,1140,3,0,-999
04/04/2026 19:58:24,2,210,1140,3,0,-999
04/04/2026 19:58:40,2,210,1140,3,0,-999
04/04/2026 19:58:56,2,210,1140,3,0,-999
04/04/2026 19:59:12,2,200,1140,3,0,-999
04/04/2026 19:59:28,2,10,1140,3,0,-999
04/04/2026 19:59:44,2,200,1140,3,0,-999
04/04/2026 20:00:00,1,200,1210,3,0,-999
04/04/2026 20:00:16,1,190,1210,3,0,-999
04/04/2026 20:00:32,1,190,1210,3,0,-999
04/04/2026 20:00:48,1,190,1210,3,0,-999
04/04/2026 20:01:04,1,190,1210,3,0,-999
04/04/2026 20:01:20,1,190,1210,3,0,-999
04/04/2026 20:01:36,1,190,1210,3,0,-999
04/04/2026 20:01:52,1,180,1210,3,0,-999
04/04/2026 20:02:08,1,180,1210,3,0,-999
04/04/2026 20:02:24,1,180,1210,3,0,-999
04/04/2026 20:02:40,1,180,1210,3,0,-999
04/04/2026 20:02:56,1,180,1210,3,0,-999
04/04/2026 20:03:12,1,180,1210,3,0,-999
04/04/2026 20:03:28,1,180,1210,3,0,-999
04/04/2026 20:03:44,1,180,1210,3,0,-999
04/04/2026 20:04:00,1,180,1210,3,0,-999
04/04/2026 20:04:16,1,170,1210,3,0,-999
04/04/2026 20:04:32,1,170,1210,3,0,-999
04/04/2026 20:04:48,1,170,1210,3,0,-999
04/04/2026 20:05:04,1,170,1210,3,0,-999
04/04/2026 20:05:20,1,170,1210,3,0,-999
04/04/2026 20:05:36,1,170,1210,3,0,-999
04/04/2026 20:05:52,1,160,1210,3,0,-999
04/04/2026 20:06:08,1,160,1210,3,0,-999
04/04/2026 20:06:24,1,160,1210,3,0,-999
04/04/2026 20:06:40,1,160,1210,3,0,-999
04/04/2026 20:06:56,1,160,1210,3,0,-999
04/04/2026 20:07:12,1,150,1210,3,0,-999
04/04/2026 20:07:28,1,150,1210,3,0,-999
04/04/2026 20:07:44,1,150,1210,3,0,-999
04/04/2026 20:08:00,1,150,1210,3,0,-999
04/04/2026 20:08:16,1,150,1210,3,0,-999
04/04/2026 20:08:32,1,150,1210,3,0,-999
04/04/2026 20:08:48,1,150,1210,3,0,-999
04/04/2026 20:09:04,1,140,1210,3,0,-999
04/04/2026 20:09:20,1,140,1210,3,0,-999
04/04/2026 20:09:36,1,140,1210,3,0,-999
04/04/2026 20:09:52,1,140,1210,3,0,-999
04/04/2026 20:10:08,1,140,1210,3,0,-999
04/04/2026 20:10:24,1,140,1210,3,0,-999
04/04/2026 20:10:40,1,140,1210,3,0,-999
04/04/2026 20:10:56,1,140,1210,3,0,-999
04/04/2026 20:11:12,1,140,1210,3,0,-999
04/04/2026 20:11:28,1,140,1210,3,0,-999
04/04/2026 20:11:44,1,140,1210,3,0,-999
04/04/2026 20:12:00,1,140,1210,3,0,-999
04/04/2026 20:12:16,1,140,1210,3,0,-999
04/04/2026 20:12:32,1,140,1210,3,0,-999
04/04/2026 20:12:48,1,140,1210,3,0,-999
04/04/2026 20:13:04,1,140,1210,3,0,-999
04/04/2026 20:13:20,1,140,1210,3,0,-999
04/04/2026 20:13:36,1,140,1210,3,0,-999
04/04/2026 20:13:52,1,140,1210,3,0,-999
04/04/2026 20:14:08,1,140,1210,3,0,-999
04/04/2026 20:14:24,1,140,1210,3,0,-999
04/04/2026 20:14:40,1,140,1210,3,0,-999
04/04/2026 20:14:56,1,140,1210,3,0,-999
04/04/2026 20:15:12,1,140,1210,3,0,-999
04/04/2026 20:15:28,1,140,1210,3,0,-999
04/04/2026 20:15:44,1,140,1210,3,0,-999
04/04/2026 20:16:00,1,140,1210,3,0,-999
04/04/2026 20:16:16,1,140,1210,3,0,-999
04/04/2026 20:16:32,1,140,1210,3,0,-999
04/04/2026 20:16:48,1,140,1210,3,0,-999
04/04/2026 20:17:04,1,140,1210,3,0,-999
04/04/2026 20:17:20,1,10,1210,3,0,-999
04/04/2026 20:17:36,1,140,1210,3,0,-999
04/04/2026 20:17:52,1,140,1210,3,0,-999
04/04/2026 20:18:08,1,140,1210,3,0,-999
04/04/2026 20:18:24,1,140,1210,3,0,-999
04/04/2026 20:18:40,1,140,1210,3,0,-999
04/04/2026 20:18:56,1,140,1210,3,0,-999
04/04/2026 20:19:12,1,140,1210,3,0,-999
04/04/2026 20:19:28,1,140,1210,3,0,-999
04/04/2026 20:19:44,1,140,1210,3,0,-999
04/04/2026 20:20:00,1,140,1210,3,0,-999
04/04/2026 20:20:16,1,140,1210,3,0,-999
04/04/2026 20:20:32,1,140,1210,3,0,-999
04/04/2026 20:20:48,1,140,1210,3,0,-999
04/04/2026 20:21:04,1,140,1210,3,0,-999
04/04/2026 20:21:20,1,140,1210,3,0,-999
04/04/2026 20:21:36,1,140,1210,3,0,-999
04/04/2026 20:21:52,1,150,1210,3,0,-999
04/04/2026 20:22:08,1,150,1210,3,0,-999
04/04/2026 20:22:24,1,150,1210,3,0,-999
04/04/2026 20:22:40,1,150,1210,3,0,-999
04/04/2026 20:22:56,1,150,1210,3,0,-999
04/04/2026 20:23:12,1,150,1210,3,0,-999
04/04/2026 20:23:28,1,150,1210,3,0,-999
04/04/2026 20:23:44,1,150,1210,3,0,-999
04/04/2026 20:24:00,1,150,1210,3,0,-999
04/04/2026 20:24:16,1,10,1210,3,0,-999
04/04/2026 20:24:32,1,150,1210,3,0,-999
04/04/2026 20:24:48,1,150,1210,3,0,-999
04/04/2026 20:25:04,1,150,1210,3,0,-999
04/04/2026 20:25:20,1,150,1210,3,0,-999
04/04/2026 20:25:36,1,150,1210,3,0,-999
04/04/2026 20:25:52,1,150,1210,3,0,-999
04/04/2026 20:26:08,1,150,1210,3,0,-999
04/04/2026 20:26:24,1,150,1210,3,0,-999
04/04/2026 20:26:40,1,150,1210,3,0,-999
04/04/2026 20:26:56,1,150,1210,3,0,-999
04/04/2026 20:27:12,1,150,1210,3,0,-999
04/04/2026 20:27:28,1,150,1210,3,0,-999
04/04/2026 20:27:44,1,10,1210,3,0,-999
04/04/2026 20:28:00,1,150,1210,3,0,-999
04/04/2026 20:28:16,1,150,1210,3,0,-999
04/04/2026 20:28:32,1,140,1210,3,0,-999
04/04/2026 20:28:48,1,140,1210,3,0,-999
04/04/2026 20:29:04,1,140,1210,3,0,-999
04/04/2026 20:29:20,1,140,1210,3,0,-999
04/04/2026 20:29:36,1,140,1210,3,0,-999
04/04/2026 20:29:52,1,140,1210,3,0,-999
04/04/2026 20:30:08,1,140,1210,3,0,-999
04/04/2026 20:30:24,1,140,1210,3,0,-999
04/04/2026 20:30:40,1,140,1210,3,0,-999
04/04/2026 20:30:56,1,140,1210,3,0,-999
04/04/2026 20:31:12,1,140,1210,3,0,-999
04/04/2026 20:31:28,1,140,1210,3,0,-999
04/04/2026 20:31:44,1,140,1210,3,0,-999
04/04/2026 20:32:00,1,140,1210,3,0,-999
04/04/2026 20:32:16,1,140,1210,3,0,-999
04/04/2026 20:32:32,1,140,1210,3,0,-999
04/04/2026 20:32:48,1,140,1210,3,0,-999
04/04/2026 20:33:04,1,140,1210,3,0,-999
04/04/2026 20:33:20,1,140,1210,3,0,-999
04/04/2026 20:33:36,1,140,1210,3,0,-999
04/04/2026 20:33:52,1,140,1210,3,0,-999
04/04/2026 20:34:08,1,140,1210,3,0,-999
04/04/2026 20:34:24,1,140,1210,3,0,-999
04/04/2026 20:34:40,1,140,1210,3,0,-999
04/04/2026 20:34:56,1,140,1210,3,0,-999
04/04/2026 20:35:12,1,140,1210,3,0,-999
04/04/2026 20:35:28,1,140,1210,3,0,-999
04/04/2026 20:35:44,1,140,1210,3,0,-999
04/04/2026 20:36:00,1,140,1210,3,0,-999
04/04/2026 20:36:16,1,140,1210,3,0,-999
04/04/2026 20:36:32,1,140,1210,3,0,-999
04/04/2026 20:36:48,1,140,1210,3,0,-999
04/04/2026 20:37:04,1,140,1210,3,0,-999
04/04/2026 20:37:20,1,140,1210,3,0,-999
04/04/2026 20:37:36,1,140,1210,3,0,-999
04/04/2026 20:37:52,1,140,1210,3,0,-999
04/04/2026 20:38:08,1,140,1210,3,0,-999
04/04/2026 20:38:24,1,140,1210,3,0,-999
04/04/2026 20:38:40,1,140,1210,3,0,-999
04/04/2026 20:38:56,1,140,1210,3,0,-999
04/04/2026 20:39:12,1,140,1210,3,0,-999
04/04/2026 20:39:28,1,140,1210,3,0,-999
04/04/2026 20:39:44,1,140,1210,3,0,-999
04/04/2026 20:40:00,1,140,1210,3,0,-999
04/04/2026 20:40:16,1,140,1210,3,0,-999
04/04/2026 20:40:32,1,140,1210,3,0,-999
04/04/2026 20:40:48,1,140,1210,3,0,-999
04/04/2026 20:41:04,1,140,1210,3,0,-999
04/04/2026 20:41:20,1,10,1210,3,0,-999
04/04/2026 20:41:36,1,140,1210,3,0,-999
04/04/2026 20:41:52,1,140,1210,3,0,-999
04/04/2026 20:42:08,1,140,1210,3,0,-999
04/04/2026 20:42:24,1,140,1210,3,0,-999
04/04/2026 20:42:40,1,140,1210,3,0,-999
04/04/2026 20:42:56,1,140,1210,3,0,-999
04/04/2026 20:43:12,1,140,1210,3,0,-999
04/04/2026 20:43:28,1,140,1210,3,0,-999
04/04/2026 20:43:44,1,140,1210,3,0,-999
04/04/2026 20:44:00,1,140,1210,3,0,-999
04/04/2026 20:44:16,1,140,1210,3,0,-999
04/04/2026 20:44:32,1,140,1210,3,0,-999
04/04/2026 20:44:48,1,140,1210,3,0,-999
04/04/2026 20:45:04,1,140,1210,3,0,-999
04/04/2026 20:45:20,1,140,1210,3,0,-999
04/04/2026 20:45:36,1,140,1210,3,0,-999
04/04/2026 20:45:52,1,140,1210,3,0,-999
04/04/2026 20:46:08,1,140,1210,3,0,-999
04/04/2026 20:46:24,1,140,1210,3,0,-999
04/04/2026 20:46:40,1,140,1210,3,0,-999
04/04/2026 20:46:56,1,140,1210,3,0,-999
04/04/2026 20:47:12,1,140,1210,3,0,-999
04/04/2026 20:47:28,1,140,1210,3,0,-999
04/04/2026 20:47:44,1,140,1210,3,0,-999
04/04/2026 20:48:00,1,140,1210,3,0,-999
04/04/2026 20:48:16,1,140,1210,3,0,-999
04/04/2026 20:48:32,1,140,1210,3,0,-999
04/04/2026 20:48:48,1,140,1210,3,0,-999
04/04/2026 20:49:04,1,140,1210,3,0,-999
04/04/2026 20:49:20,1,130,1210,3,0,-999
04/04/2026 20:49:36,1,130,1210,3,0,-999
04/04/2026 20:49:52,1,130,1210,3,0,-999
04/04/2026 20:50:08,1,130,1210,3,0,-999
04/04/2026 20:50:24,1,130,1210,3,0,-999
04/04/2026 20:50:40,1,130,1210,3,0,-999
04/04/2026 20:50:56,1,130,1210,3,0,-999
04/04/2026 20:51:12,1,130,1210,3,0,-999
04/04/2026 20:51:28,1,130,1210,3,0,-999
04/04/2026 20:51:44,1,130,1210,3,0,-999
04/04/2026 20:52:00,1,130,1210,3,0,-999
04/04/2026 20:52:16,1,130,1210,3,0,-999
04/04/2026 20:52:32,1,130,1210,3,0,-999
04/04/2026 20:52:48,1,130,1210,3,0,-999
04/04/2026 20:53:04,1,130,1210,3,0,-999
04/04/2026 20:53:20,1,130,1210,3,0,-999
04/04/2026 20:53:36,1,130,1210,3,0,-999
04/04/2026 20:53:52,1,130,1210,3,0,-999
04/04/2026 20:54:08,1,130,1210,3,0,-999
04/04/2026 20:54:24,1,130,1210,3,0,-999
04/04/2026 20:54:40,1,130,1210,3,0,-999
04/04/2026 20:54:56,1,130,1210,3,0,-999
04/04/2026 20:55:12,1,130,1210,3,0,-999
04/04/2026 20:55:28,1,130,1210,3,0,-999
04/04/2026 20:55:44,1,130,1210,3,0,-999
04/04/2026 20:56:00,1,130,1210,3,0,-999
04/04/2026 20:56:16,1,130,1210,3,0,-999
04/04/2026 20:56:32,1,130,1210,3,0,-999
04/04/2026 20:56:48,1,130,1210,3,0,-999
04/04/2026 20:57:04,1,130,1210,3,0,-999
04/04/2026 20:57:20,1,130,1210,3,0,-999
04/04/2026 20:57:36,1,130,1210,3,0,-999
04/04/2026 20:57:52,1,130,1210,3,0,-999
04/04/2026 20:58:08,1,130,1210,3,0,-999
04/04/2026 20:58:24,1,130,1210,3,0,-999
04/04/2026 20:58:40,1,130,1210,3,0,-999
04/04/2026 20:58:56,1,130,1210,3,0,-999
04/04/2026 20:59:12,1,130,1210,3,0,-999
04/04/2026 20:59:28,1,130,1210,3,0,-999
04/04/2026 20:59:44,1,130,1210,3,0,-999
04/04/2026 21:00:00,3,140,140,3,0,-999
04/04/2026 21:00:16,3,140,140,3,0,-999
04/04/2026 21:00:32,3,140,140,3,0,-999
04/04/2026 21:00:48,3,140,140,3,0,-999
04/04/2026 21:01:04,3,140,140,3,0,-999
04/04/2026 21:01:20,3,140,140,3,0,-999
04/04/2026 21:01:36,3,140,140,3,0,-999
04/04/2026 21:01:52,3,140,140,3,0,-999
04/04/2026 21:02:08,3,140,140,3,0,-999
04/04/2026 21:02:24,3,140,140,3,0,-999
04/04/2026 21:02:40,3,140,140,3,0,-999
04/04/2026 21:02:56,3,140,140,3,0,-999
04/04/2026 21:03:12,3,140,140,3,0,-999
04/04/2026 21:03:28,3,140,140,3,0,-999
04/04/2026 21:03:44,3,140,140,3,0,-999
04/04/2026 21:04:00,3,140,140,3,0,-999
04/04/2026 21:04:16,3,140,140,3,0,-999
04/04/2026 21:04:32,3,140,140,3,0,-999
04/04/2026 21:04:48,3,140,140,3,0,-999
04/04/2026 21:05:04,3,140,140,3,0,-999
04/04/2026 21:05:20,3,140,140,3,0,-999
04/04/2026 21:05:36,3,140,140,3,0,-999
04/04/2026 21:05:52,3,140,140,3,0,-999
04/04/2026 21:06:08,3,140,140,3,0,-999
04/04/2026 21:06:24,3,140,140,3,0,-999
04/04/2026 21:06:40,3,140,140,3,0,-999
04/04/2026 21:06:56,3,140,140,3,0,-999
04/04/2026 21:07:12,3,140,140,3,0,-999
04/04/2026 21:07:28,3,140,140,3,0,-999
04/04/2026 21:07:44,3,130,140,3,0,-999
04/04/2026 21:08:00,3,140,140,3,0,-999
04/04/2026 21:08:16,3,140,140,3,0,-999
04/04/2026 21:08:32,3,140,140,3,0,-999
04/04/2026 21:08:48,3,140,140,3,0,-999
04/04/2026 21:09:04,3,130,140,3,0,-999
04/04/2026 21:09:20,3,130,140,3,0,-999
04/04/2026 21:09:36,3,130,140,3,0,-999
04/04/2026 21:09:52,3,130,140,3,0,-999
04/04/2026 21:10:08,3,130,140,3,0,-999
04/04/2026 21:10:24,3,130,140,3,0,-999
04/04/2026 21:10:40,3,130,140,3,0,-999
04/04/2026 21:10:56,3,130,140,3,0,-999
04/04/2026 21:11:12,3,130,140,3,0,-999
04/04/2026 21:11:28,3,130,140,3,0,-999
04/04/2026 21:11:44,3,130,140,3,0,-999
04/04/2026 21:12:00,3,130,140,3,0,-999
04/04/2026 21:12:16,3,130,140,3,0,-999
04/04/2026 21:12:32,3,120,140,3,0,-999
04/04/2026 21:12:48,3,120,140,3,0,-999
04/04/2026 21:13:04,3,120,140,3,0,-999
04/04/2026 21:13:20,3,120,140,3,0,-999
04/04/2026 21:13:36,3,120,140,3,0,-999
04/04/2026 21:13:52,3,120,140,3,0,-999
04/04/2026 21:14:08,3,120,140,3,0,-999
04/04/2026 21:14:24,3,120,140,3,0,-999
04/04/2026 21:14:40,3,120,140,3,0,-999
04/04/2026 21:14:56,3,120,140,3,0,-999
04/04/2026 21:15:12,3,120,140,3,0,-999
04/04/2026 21:15:28,3,120,140,3,0,-999
04/04/2026 21:15:44,3,120,140,3,0,-999
04/04/2026 21:16:00,3,120,140,3,0,-999
04/04/2026 21:16:16,3,120,140,3,0,-999
04/04/2026 21:16:32,3,120,140,3,0,-999
04/04/2026 21:16:48,3,120,140,3,0,-999
04/04/2026 21:17:04,3,120,140,3,0,-999
04/04/2026 21:17:20,3,120,140,3,0,-999
04/04/2026 21:17:36,3,120,140,3,0,-999
04/04/2026 21:17:52,3,120,140,3,0,-999
04/04/2026 21:18:08,3,120,140,3,0,-999
04/04/2026 21:18:24,3,120,140,3,0,-999
04/04/2026 21:18:40,3,120,140,3,0,-999
04/04/2026 21:18:56,3,120,140,3,0,-999
04/04/2026 21:19:12,3,120,140,3,0,-999
04/04/2026 21:19:28,3,120,140,3,0,-999
04/04/2026 21:19:44,3,120,140,3,0,-999
04/04/2026 21:20:00,3,120,140,3,0,-999
04/04/2026 21:20:16,3,120,140,3,0,-999
04/04/2026 21:20:32,3,120,140,3,0,-999
04/04/2026 21:20:48,3,120,140,3,0,-999
04/04/2026 21:21:04,3,120,140,3,0,-999
04/04/2026 21:21:20,3,120,140,3,0,-999
04/04/2026 21:21:36,3,120,140,3,0,-999
04/04/2026 21:21:52,3,120,140,3,0,-999
04/04/2026 21:22:08,3,110,140,3,0,-999
04/04/2026 21:22:24,3,110,140,3,0,-999
04/04/2026 21:22:40,3,110,140,3,0,-999
04/04/2026 21:22:56,3,120,140,3,0,-999
04/04/2026 21:23:12,3,120,140,3,0,-999
04/04/2026 21:23:28,3,120,140,3,0,-999
04/04/2026 21:23:44,3,120,140,3,0,-999
04/04/2026 21:24:00,3,120,140,3,0,-999
04/04/2026 21:24:16,3,120,140,3,0,-999
04/04/2026 21:24:32,3,120,140,3,0,-999
04/04/2026 21:24:48,3,120,140,3,0,-999
04/04/2026 21:25:04,3,120,140,3,0,-999
04/04/2026 21:25:20,3,120,140,3,0,-999
04/04/2026 21:25:36,3,120,140,3,0,-999
04/04/2026 21:25:52,3,120,140,3,0,-999
04/04/2026 21:26:08,3,120,140,3,0,-999
04/04/2026 21:26:24,3,120,140,3,0,-999
04/04/2026 21:26:40,3,120,140,3,0,-999
04/04/2026 21:26:56,3,120,140,3,0,-999
04/04/2026 21:27:12,3,120,140,3,0,-999
04/04/2026 21:27:28,3,120,140,3,0,-999
04/04/2026 21:27:44,3,120,140,3,0,-999
04/04/2026 21:28:00,3,120,140,3,0,-999
04/04/2026 21:28:16,3,120,140,3,0,-999
04/04/2026 21:28:32,3,120,140,3,0,-999
04/04/2026 21:28:48,3,120,140,3,0,-999
04/04/2026 21:29:04,3,120,140,3,0,-999
04/04/2026 21:29:20,3,120,140,3,0,-999
04/04/2026 21:29:36,3,120,140,3,0,-999
04/04/2026 21:29:52,3,120,140,3,0,-999
04/04/2026 21:30:08,3,120,140,3,0,-999
04/04/2026 21:30:24,3,120,140,3,0,-999
04/04/2026 21:30:40,3,130,140,3,0,-999
04/04/2026 21:30:56,3,130,140,3,0,-999
04/04/2026 21:31:12,3,130,140,3,0,-999
04/04/2026 21:31:28,3,130,140,3,0,-999
04/04/2026 21:31:44,3,130,140,3,0,-999
04/04/2026 21:32:00,3,130,140,3,0,-999
04/04/2026 21:32:16,3,130,140,3,0,-999
04/04/2026 21:32:32,3,130,140,3,0,-999
04/04/2026 21:32:48,3,130,140,3,0,-999
04/04/2026 21:33:04,3,130,140,3,0,-999
04/04/2026 21:33:20,3,130,140,3,0,-999
04/04/2026 21:33:36,3,130,140,3,0,-999
04/04/2026 21:33:52,3,130,140,3,0,-999
04/04/2026 21:34:08,3,130,140,3,0,-999
04/04/2026 21:34:24,3,130,140,3,0,-999
04/04/2026 21:34:40,3,130,140,3,0,-999
04/04/2026 21:34:56,3,130,140,3,0,-999
04/04/2026 21:35:12,3,130,140,3,0,-999
04/04/2026 21:35:28,3,130,140,3,0,-999
04/04/2026 21:35:44,3,130,140,3,0,-999
04/04/2026 21:36:00,3,130,140,3,0,-999
04/04/2026 21:36:16,3,120,140,3,0,-999
04/04/2026 21:36:32,3,120,140,3,0,-999
04/04/2026 21:36:48,3,120,140,3,0,-999
04/04/2026 21:37:04,3,120,140,3,0,-999
04/04/2026 21:37:20,3,120,140,3,0,-999
04/04/2026 21:37:36,3,630,140,3,0,-999
04/04/2026 21:37:52,3,620,140,3,0,-999
04/04/2026 21:38:08,3,620,140,3,0,-999
04/04/2026 21:38:24,3,620,140,3,0,-999
04/04/2026 21:38:40,3,620,140,3,0,-999
04/04/2026 21:38:56,3,620,140,3,0,-999
04/04/2026 21:39:12,3,620,140,3,0,-999
04/04/2026 21:39:28,3,620,140,3,0,-999
04/04/2026 21:39:44,3,620,140,3,0,-999
04/04/2026 21:40:00,3,50,140,3,0,-999
04/04/2026 21:40:16,3,620,140,3,0,-999
04/04/2026 21:40:32,3,620,140,3,0,-999
04/04/2026 21:40:48,3,750,140,3,0,-999
04/04/2026 21:41:04,3,620,140,3,0,-999
04/04/2026 21:41:20,3,620,140,3,0,-999
04/04/2026 21:41:36,3,10,140,3,0,-999
04/04/2026 21:41:52,3,10,140,3,0,-999
04/04/2026 21:42:08,3,10,140,3,0,-999
04/04/2026 21:42:24,3,620,140,3,0,-999
04/04/2026 21:42:40,3,10,140,3,0,-999
04/04/2026 21:42:56,3,10,140,3,0,-999
04/04/2026 21:43:12,3,10,140,3,0,-999
04/04/2026 21:43:28,3,10,140,3,0,-999
04/04/2026 21:43:44,3,10,140,3,0,-999
04/04/2026 21:44:00,3,110,140,3,0,-999
04/04/2026 21:44:16,3,10,140,3,0,-999
04/04/2026 21:44:32,3,10,140,3,0,-999
04/04/2026 21:44:48,3,10,140,3,0,-999
04/04/2026 21:45:04,3,10,140,3,0,-999
04/04/2026 21:45:20,3,10,140,3,0,-999
04/04/2026 21:45:36,3,10,140,3,0,-999
04/04/2026 21:45:52,3,10,140,3,0,-999
04/04/2026 21:46:08,3,100,140,3,0,-999
04/04/2026 21:46:24,3,10,140,3,0,-999
04/04/2026 21:46:40,3,110,140,3,0,-999
04/04/2026 21:46:56,3,110,140,3,0,-999
04/04/2026 21:47:12,3,110,140,3,0,-999
04/04/2026 21:47:28,3,10,140,3,0,-999
04/04/2026 21:47:44,3,110,140,3,0,-999
04/04/2026 21:48:00,3,10,140,3,0,-999
04/04/2026 21:48:16,3,10,140,3,0,-999
04/04/2026 21:48:32,3,120,140,3,0,-999
04/04/2026 21:48:48,3,10,140,3,0,-999
04/04/2026 21:49:04,3,120,140,3,0,-999
04/04/2026 21:49:20,3,130,140,3,0,-999
04/04/2026 21:49:36,3,10,140,3,0,-999
04/04/2026 21:49:52,3,130,140,3,0,-999
04/04/2026 21:50:08,3,130,140,3,0,-999
04/04/2026 21:50:24,3,130,140,3,0,-999
04/04/2026 21:50:40,3,130,140,3,0,-999
04/04/2026 21:50:56,3,130,140,3,0,-999
04/04/2026 21:51:12,3,130,140,3,0,-999
04/04/2026 21:51:28,3,130,140,3,0,-999
04/04/2026 21:51:44,3,130,140,3,0,-999
04/04/2026 21:52:00,3,140,140,3,0,-999
04/04/2026 21:52:16,3,10,140,3,0,-999
04/04/2026 21:52:32,3,10,140,3,0,-999
04/04/2026 21:52:48,3,140,140,3,0,-999
04/04/2026 21:53:04,3,140,140,3,0,-999
04/04/2026 21:53:20,3,10,140,3,0,-999
04/04/2026 21:53:36,3,600,140,3,1,1030
04/04/2026 21:53:52,3,600,140,3,1,1030
04/04/2026 21:54:08,3,600,140,3,1,1040
04/04/2026 21:54:24,3,600,140,3,1,1040
04/04/2026 21:54:40,3,600,140,3,1,1040
04/04/2026 21:54:56,3,140,140,3,0,-999
04/04/2026 21:55:12,3,130,140,3,0,-999
04/04/2026 21:55:28,3,160,140,3,0,-999
04/04/2026 21:55:44,3,160,140,3,0,-999
04/04/2026 21:56:00,3,590,140,3,1,1020
04/04/2026 21:56:16,3,590,140,3,1,1020
04/04/2026 21:56:32,3,590,140,3,1,1050
04/04/2026 21:56:48,3,590,140,3,1,1050
04/04/2026 21:57:04,3,590,140,3,1,1050
04/04/2026 21:57:20,3,590,140,3,1,1090
04/04/2026 21:57:36,3,590,140,3,1,1090
04/04/2026 21:57:52,3,10,140,3,0,-999
04/04/2026 21:58:08,3,10,140,3,0,-999
04/04/2026 21:58:24,3,10,140,3,0,-999
04/04/2026 21:58:40,3,10,140,3,0,-999
04/04/2026 21:58:56,3,590,140,3,0,-999
04/04/2026 21:59:12,3,570,140,3,0,-999
04/04/2026 21:59:28,3,590,140,3,0,-999
04/04/2026 21:59:44,3,590,140,3,0,-999
04/04/2026 22:00:00,3,10,120,3,0,-999
04/04/2026 22:00:16,3,10,120,3,0,-999
04/04/2026 22:00:32,3,120,120,3,0,-999
04/04/2026 22:00:48,3,570,120,3,1,1070
04/04/2026 22:01:04,3,570,120,3,1,1070
04/04/2026 22:01:20,3,110,120,3,0,-999
04/04/2026 22:01:36,3,110,120,3,0,-999
04/04/2026 22:01:52,3,110,120,3,0,-999
04/04/2026 22:02:08,3,570,120,3,0,-999
04/04/2026 22:02:24,3,570,120,3,0,-999
04/04/2026 22:02:40,3,560,120,3,1,1140
04/04/2026 22:02:56,3,560,120,3,1,1140
04/04/2026 22:03:12,3,560,120,3,1,1140
04/04/2026 22:03:28,3,560,120,3,1,1140
04/04/2026 22:03:44,3,590,120,3,0,-999
04/04/2026 22:04:00,3,560,120,3,0,-999
04/04/2026 22:04:16,3,560,120,3,0,-999
04/04/2026 22:04:32,3,550,120,3,1,1130
04/04/2026 22:04:48,3,550,120,3,1,1130
04/04/2026 22:05:04,3,540,120,3,1,1140
04/04/2026 22:05:20,3,540,120,3,1,1140
04/04/2026 22:05:36,3,540,120,3,1,1150
04/04/2026 22:05:52,3,540,120,3,1,1150
04/04/2026 22:06:08,3,560,120,3,0,-999
04/04/2026 22:06:24,3,560,120,3,0,-999
04/04/2026 22:06:40,3,570,120,3,0,-999
04/04/2026 22:06:56,3,580,120,3,0,-999
04/04/2026 22:07:12,3,600,120,3,0,-999
04/04/2026 22:07:28,3,600,120,3,0,-999
04/04/2026 22:07:44,3,610,120,3,0,-999
04/04/2026 22:08:00,3,620,120,3,0,-999
04/04/2026 22:08:16,3,620,120,3,0,-999
04/04/2026 22:08:32,3,620,120,3,0,-999
04/04/2026 22:08:48,3,630,120,3,0,-999
04/04/2026 22:09:04,3,640,120,3,0,-999
04/04/2026 22:09:20,3,640,120,3,0,-999
04/04/2026 22:09:36,3,650,120,3,0,-999
04/04/2026 22:09:52,3,660,120,3,0,-999
04/04/2026 22:10:08,3,660,120,3,0,-999
04/04/2026 22:10:24,3,670,120,3,0,-999
04/04/2026 22:10:40,3,670,120,3,0,-999
04/04/2026 22:10:56,3,680,120,3,0,-999
04/04/2026 22:11:12,3,690,120,3,0,-999
04/04/2026 22:11:28,3,690,120,3,0,-999
04/04/2026 22:11:44,3,700,120,3,0,-999
04/04/2026 22:12:00,3,700,120,3,0,-999
04/04/2026 22:12:16,3,700,120,3,0,-999
04/04/2026 22:12:32,3,700,120,3,0,-999
04/04/2026 22:12:48,3,590,120,3,1,1230
04/04/2026 22:13:04,3,600,120,3,1,1230
04/04/2026 22:13:20,3,710,120,3,0,-999
04/04/2026 22:13:36,3,710,120,3,0,-999
04/04/2026 22:13:52,3,720,120,3,0,-999
04/04/2026 22:14:08,3,720,120,3,0,-999
04/04/2026 22:14:24,3,730,120,3,0,-999
04/04/2026 22:14:40,3,730,120,3,0,-999
04/04/2026 22:14:56,3,730,120,3,0,-999
04/04/2026 22:15:12,3,730,120,3,0,-999
04/04/2026 22:15:28,3,730,120,3,0,-999
04/04/2026 22:15:44,3,710,120,3,1,1360
04/04/2026 22:16:00,3,720,120,3,1,1360
04/04/2026 22:16:16,3,730,120,3,1,1360
04/04/2026 22:16:32,3,730,120,3,1,1370
04/04/2026 22:16:48,3,730,120,3,1,1370
04/04/2026 22:17:04,3,730,120,3,1,1330
04/04/2026 22:17:20,3,730,120,3,1,1330
04/04/2026 22:17:36,3,730,120,3,1,950
04/04/2026 22:17:52,3,730,120,3,1,950
04/04/2026 22:18:08,3,730,120,3,1,910
04/04/2026 22:18:24,3,730,120,3,1,910
04/04/2026 22:18:40,3,730,120,3,1,910
04/04/2026 22:18:56,3,730,120,3,1,890
04/04/2026 22:19:12,3,730,120,3,1,890
04/04/2026 22:19:28,3,730,120,3,1,860
04/04/2026 22:19:44,3,730,120,3,1,860
04/04/2026 22:20:00,3,-999,120,3,1,840
04/04/2026 22:20:16,3,1000,120,3,1,840
04/04/2026 22:20:32,3,1000,120,3,2,800
04/04/2026 22:20:48,3,1000,120,3,2,800
04/04/2026 22:21:04,3,990,120,3,2,800
04/04/2026 22:21:20,3,990,120,3,2,840
04/04/2026 22:21:36,3,980,120,3,2,840
04/04/2026 22:21:52,3,980,120,3,2,820
04/04/2026 22:22:08,3,980,120,3,2,820
04/04/2026 22:22:24,3,980,120,3,2,840
04/04/2026 22:22:40,3,980,120,3,2,840
04/04/2026 22:22:56,3,980,120,3,2,860
04/04/2026 22:23:12,3,980,120,3,2,860
04/04/2026 22:23:28,3,980,120,3,2,860
04/04/2026 22:23:44,3,980,120,3,1,870
04/04/2026 22:24:00,3,590,120,3,1,870
04/04/2026 22:24:16,3,590,120,3,2,900
04/04/2026 22:24:32,3,590,120,3,2,900
04/04/2026 22:24:48,3,590,120,3,2,880
04/04/2026 22:25:04,3,590,120,3,2,880
04/04/2026 22:25:20,3,590,120,3,1,940
04/04/2026 22:25:36,3,590,120,3,1,940
04/04/2026 22:25:52,3,1040,120,3,1,940
04/04/2026 22:26:08,3,1040,120,3,1,1130
04/04/2026 22:26:24,3,1040,120,3,1,1130
04/04/2026 22:26:40,3,1040,120,3,2,970
04/04/2026 22:26:56,3,1050,120,3,2,970
04/04/2026 22:27:12,3,1050,120,3,2,950
04/04/2026 22:27:28,3,1050,120,3,2,950
04/04/2026 22:27:44,3,1050,120,3,1,1190
04/04/2026 22:28:00,3,1050,120,3,1,1190
04/04/2026 22:28:16,3,1050,120,3,1,1190
04/04/2026 22:28:32,3,1050,120,3,2,780
04/04/2026 22:28:48,3,-999,120,3,2,780
04/04/2026 22:29:04,3,-999,120,3,1,1120
04/04/2026 22:29:20,3,-999,120,3,1,1120
04/04/2026 22:29:36,3,-999,120,3,1,1060
04/04/2026 22:29:52,3,1290,120,3,1,1060
04/04/2026 22:30:08,3,-999,120,3,2,770
04/04/2026 22:30:24,3,-999,120,3,2,770
04/04/2026 22:30:40,3,-999,120,3,2,770
04/04/2026 22:30:56,3,-999,120,3,2,760
04/04/2026 22:31:12,3,-999,120,3,2,760
04/04/2026 22:31:28,3,-999,120,3,2,760
04/04/2026 22:31:44,3,-999,120,3,2,760
04/04/2026 22:32:00,3,-999,120,3,1,750
04/04/2026 22:32:16,3,-999,120,3,1,750
04/04/2026 22:32:32,3,-999,120,3,1,750
04/04/2026 22:32:48,3,1190,120,3,1,750
04/04/2026 22:33:04,3,1190,120,3,1,750
04/04/2026 22:33:20,3,860,120,3,1,750
04/04/2026 22:33:36,3,860,120,3,1,750
04/04/2026 22:33:52,3,890,120,3,1,780
04/04/2026 22:34:08,3,890,120,3,1,780
04/04/2026 22:34:24,3,890,120,3,1,800
04/04/2026 22:34:40,3,890,120,3,1,800
04/04/2026 22:34:56,3,890,120,3,1,940
04/04/2026 22:35:12,3,890,120,3,1,940
04/04/2026 22:35:28,3,890,120,3,1,940
04/04/2026 22:35:44,3,890,120,3,1,950
04/04/2026 22:36:00,3,890,120,3,1,950
04/04/2026 22:36:16,3,890,120,3,1,980
04/04/2026 22:36:32,3,-999,120,3,1,980
04/04/2026 22:36:48,3,-999,120,3,1,1060
04/04/2026 22:37:04,3,-999,120,3,1,1060
04/04/2026 22:37:20,3,-999,120,3,1,1070
04/04/2026 22:37:36,3,-999,120,3,1,1070
04/04/2026 22:37:52,3,-999,120,3,1,1070
04/04/2026 22:38:08,3,1140,120,3,1,1070
04/04/2026 22:38:24,3,1160,120,3,1,1070
04/04/2026 22:38:40,3,1160,120,3,1,1120
04/04/2026 22:38:56,3,1190,120,3,1,1120
04/04/2026 22:39:12,3,1190,120,3,1,1150
04/04/2026 22:39:28,3,1190,120,3,1,1150
04/04/2026 22:39:44,3,810,120,3,1,1190
04/04/2026 22:40:00,3,810,120,3,1,1190
04/04/2026 22:40:16,3,810,120,3,1,1190
04/04/2026 22:40:32,3,810,120,3,1,1210
04/04/2026 22:40:48,3,810,120,3,1,1210
04/04/2026 22:41:04,3,810,120,3,1,1070
04/04/2026 22:41:20,3,810,120,3,1,1070
04/04/2026 22:41:36,3,810,120,3,1,1090
04/04/2026 22:41:52,3,810,120,3,1,1090
04/04/2026 22:42:08,3,810,120,3,2,760
04/04/2026 22:42:24,3,810,120,3,2,760
04/04/2026 22:42:40,3,820,120,3,2,760
04/04/2026 22:42:56,3,820,120,3,2,740
04/04/2026 22:43:12,3,820,120,3,2,740
04/04/2026 22:43:28,3,820,120,3,2,740
04/04/2026 22:43:44,3,820,120,3,2,740
04/04/2026 22:44:00,3,820,120,3,1,730
04/04/2026 22:44:16,3,820,120,3,1,730
04/04/2026 22:44:32,3,820,120,3,1,730
04/04/2026 22:44:48,3,820,120,3,1,730
04/04/2026 22:45:04,3,820,120,3,1,730
04/04/2026 22:45:20,3,820,120,3,1,730
04/04/2026 22:45:36,3,820,120,3,1,730
04/04/2026 22:45:52,3,820,120,3,1,730
04/04/2026 22:46:08,3,820,120,3,1,730
04/04/2026 22:46:24,3,820,120,3,1,740
04/04/2026 22:46:40,3,820,120,3,1,740
04/04/2026 22:46:56,3,820,120,3,1,720
04/04/2026 22:47:12,3,820,120,3,1,720
04/04/2026 22:47:28,3,820,120,3,1,720
04/04/2026 22:47:44,3,820,120,3,1,730
04/04/2026 22:48:00,3,820,120,3,1,730
04/04/2026 22:48:16,3,820,120,3,2,700
04/04/2026 22:48:32,3,820,120,3,2,700
04/04/2026 22:48:48,3,820,120,3,1,690
04/04/2026 22:49:04,3,820,120,3,1,690
04/04/2026 22:49:20,3,820,120,3,1,690
04/04/2026 22:49:36,3,820,120,3,1,690
04/04/2026 22:49:52,3,820,120,3,1,690
04/04/2026 22:50:08,3,820,120,3,1,710
04/04/2026 22:50:24,3,820,120,3,1,710
04/04/2026 22:50:40,3,790,120,3,1,670
04/04/2026 22:50:56,3,460,120,3,1,670
04/04/2026 22:51:12,3,460,120,3,1,690
04/04/2026 22:51:28,3,460,120,3,1,690
04/04/2026 22:51:44,3,460,120,3,1,680
04/04/2026 22:52:00,3,460,120,3,1,680
04/04/2026 22:52:16,3,460,120,3,1,680
04/04/2026 22:52:32,3,460,120,3,1,690
04/04/2026 22:52:48,3,460,120,3,1,690
04/04/2026 22:53:04,3,450,120,3,1,790
04/04/2026 22:53:20,3,450,120,3,1,790
04/04/2026 22:53:36,3,440,120,3,1,650
04/04/2026 22:53:52,3,440,120,3,1,650
04/04/2026 22:54:08,3,440,120,3,1,690
04/04/2026 22:54:24,3,440,120,3,1,690
04/04/2026 22:54:40,3,440,120,3,1,690
04/04/2026 22:54:56,3,430,120,3,1,700
04/04/2026 22:55:12,3,430,120,3,1,700
04/04/2026 22:55:28,3,430,120,3,1,670
04/04/2026 22:55:44,3,430,120,3,1,670
04/04/2026 22:56:00,3,420,120,3,1,660
04/04/2026 22:56:16,3,420,120,3,1,660
04/04/2026 22:56:32,3,420,120,3,1,640
04/04/2026 22:56:48,3,420,120,3,1,640
04/04/2026 22:57:04,3,420,120,3,1,640
04/04/2026 22:57:20,3,420,120,3,1,630
04/04/2026 22:57:36,3,420,120,3,1,630
04/04/2026 22:57:52,3,410,120,3,1,640
04/04/2026 22:58:08,3,410,120,3,1,640
04/04/2026 22:58:24,3,410,120,3,1,650
04/04/2026 22:58:40,3,410,120,3,1,650
04/04/2026 22:58:56,3,410,120,3,1,650
04/04/2026 22:59:12,3,410,120,3,1,650
04/04/2026 22:59:28,3,410,120,3,1,650
04/04/2026 22:59:44,3,410,120,3,1,650
04/04/2026 23:00:00,1,410,720,3,1,650
04/04/2026 23:00:16,1,410,720,3,1,640
04/04/2026 23:00:32,1,410,720,3,1,640
04/04/2026 23:00:48,1,410,720,3,1,630
04/04/2026 23:01:04,1,410,720,3,1,630
04/04/2026 23:01:20,1,410,720,3,1,640
04/04/2026 23:01:36,1,410,720,3,1,640
04/04/2026 23:01:52,1,410,720,3,1,640
04/04/2026 23:02:08,1,760,720,3,1,630
04/04/2026 23:02:24,1,760,720,3,1,630
04/04/2026 23:02:40,1,750,720,3,1,630
04/04/2026 23:02:56,1,750,720,3,1,630
04/04/2026 23:03:12,1,750,720,3,1,630
04/04/2026 23:03:28,1,750,720,3,1,630
04/04/2026 23:03:44,1,750,720,3,1,650
04/04/2026 23:04:00,1,750,720,3,1,650
04/04/2026 23:04:16,1,750,720,3,1,650
04/04/2026 23:04:32,1,760,720,3,1,650
04/04/2026 23:04:48,1,760,720,3,1,650
04/04/2026 23:05:04,1,760,720,3,1,640
04/04/2026 23:05:20,1,760,720,3,1,640
04/04/2026 23:05:36,1,760,720,3,1,630
04/04/2026 23:05:52,1,760,720,3,1,630
04/04/2026 23:06:08,1,760,720,3,1,650
04/04/2026 23:06:24,1,760,720,3,1,650
04/04/2026 23:06:40,1,760,720,3,1,650
04/04/2026 23:06:56,1,760,720,3,1,650
04/04/2026 23:07:12,1,760,720,3,1,650
04/04/2026 23:07:28,1,760,720,3,1,630
04/04/2026 23:07:44,1,760,720,3,1,630
04/04/2026 23:08:00,1,760,720,3,1,620
04/04/2026 23:08:16,1,760,720,3,1,620
04/04/2026 23:08:32,1,760,720,3,1,620
04/04/2026 23:08:48,1,760,720,3,1,620
04/04/2026 23:09:04,1,760,720,3,1,620
04/04/2026 23:09:20,1,750,720,3,1,610
04/04/2026 23:09:36,1,750,720,3,1,610
04/04/2026 23:09:52,1,750,720,3,1,610
04/04/2026 23:10:08,1,750,720,3,1,610
04/04/2026 23:10:24,1,740,720,3,1,610
04/04/2026 23:10:40,1,740,720,3,1,610
04/04/2026 23:10:56,1,740,720,3,1,610
04/04/2026 23:11:12,1,740,720,3,1,610
04/04/2026 23:11:28,1,740,720,3,1,610
04/04/2026 23:11:44,1,740,720,3,1,630
04/04/2026 23:12:00,1,740,720,3,1,630
04/04/2026 23:12:16,1,740,720,3,1,700
04/04/2026 23:12:32,1,740,720,3,1,700
04/04/2026 23:12:48,1,740,720,3,1,740
04/04/2026 23:13:04,1,740,720,3,1,740
04/04/2026 23:13:20,1,740,720,3,1,740
04/04/2026 23:13:36,1,750,720,3,1,740
04/04/2026 23:13:52,1,750,720,3,1,740
04/04/2026 23:14:08,1,820,720,3,1,760
04/04/2026 23:14:24,1,820,720,3,1,760
04/04/2026 23:14:40,1,850,720,3,1,760
04/04/2026 23:14:56,1,850,720,3,1,760
04/04/2026 23:15:12,1,850,720,3,1,790
04/04/2026 23:15:28,1,870,720,3,1,790
04/04/2026 23:15:44,1,870,720,3,1,800
04/04/2026 23:16:00,1,890,720,3,1,800
04/04/2026 23:16:16,1,890,720,3,1,800
04/04/2026 23:16:32,1,890,720,3,1,820
04/04/2026 23:16:48,1,890,720,3,1,820
04/04/2026 23:17:04,1,750,720,3,0,-999
04/04/2026 23:17:20,1,750,720,3,0,-999
04/04/2026 23:17:36,1,750,720,3,0,-999
04/04/2026 23:17:52,1,750,720,3,0,-999
04/04/2026 23:18:08,1,760,720,3,0,-999
04/04/2026 23:18:24,1,790,720,3,0,-999
04/04/2026 23:18:40,1,790,720,3,0,-999
04/04/2026 23:18:56,1,270,720,3,0,-999
04/04/2026 23:19:12,1,270,720,3,0,-999
04/04/2026 23:19:28,1,250,720,3,0,-999
04/04/2026 23:19:44,1,790,720,3,0,-999
04/04/2026 23:20:00,1,790,720,3,0,-999
04/04/2026 23:20:16,1,790,720,3,0,-999
04/04/2026 23:20:32,1,780,720,3,0,-999
04/04/2026 23:20:48,1,780,720,3,0,-999
04/04/2026 23:21:04,1,780,720,3,0,-999
04/04/2026 23:21:20,1,780,720,3,0,-999
04/04/2026 23:21:36,1,780,720,3,0,-999
04/04/2026 23:21:52,1,780,720,3,0,-999
04/04/2026 23:22:08,1,10,720,3,0,-999
04/04/2026 23:22:24,1,780,720,3,0,-999
04/04/2026 23:22:40,1,780,720,3,0,-999
04/04/2026 23:22:56,1,10,720,3,0,-999
04/04/2026 23:23:12,1,140,720,3,0,-999
04/04/2026 23:23:28,1,150,720,3,0,-999
04/04/2026 23:23:44,1,190,720,3,0,-999
04/04/2026 23:24:00,1,220,720,3,0,-999
04/04/2026 23:24:16,1,210,720,3,0,-999
04/04/2026 23:24:32,1,200,720,3,0,-999
04/04/2026 23:24:48,1,200,720,3,0,-999
04/04/2026 23:25:04,1,190,720,3,0,-999
04/04/2026 23:25:20,1,190,720,3,0,-999
04/04/2026 23:25:36,1,190,720,3,0,-999
04/04/2026 23:25:52,1,10,720,3,0,-999
04/04/2026 23:26:08,1,170,720,3,0,-999
04/04/2026 23:26:24,1,140,720,3,0,-999
04/04/2026 23:26:40,1,10,720,3,0,-999
04/04/2026 23:26:56,1,10,720,3,0,-999
04/04/2026 23:27:12,1,10,720,3,0,-999
04/04/2026 23:27:28,1,10,720,3,0,-999
04/04/2026 23:27:44,1,10,720,3,0,-999
04/04/2026 23:28:00,1,10,720,3,0,-999
04/04/2026 23:28:16,1,10,720,3,0,-999
04/04/2026 23:28:32,1,10,720,3,0,-999
04/04/2026 23:28:48,1,10,720,3,0,-999
04/04/2026 23:29:04,1,760,720,3,0,-999
04/04/2026 23:29:20,1,760,720,3,0,-999
04/04/2026 23:29:36,1,770,720,3,0,-999
04/04/2026 23:29:52,1,770,720,3,0,-999
04/04/2026 23:30:08,1,750,720,3,1,1410
04/04/2026 23:30:24,1,750,720,3,1,1410
04/04/2026 23:30:40,1,750,720,3,1,1410
04/04/2026 23:30:56,1,750,720,3,1,1410
04/04/2026 23:31:12,1,750,720,3,1,1410
04/04/2026 23:31:28,1,770,720,3,0,-999
04/04/2026 23:31:44,1,770,720,3,0,-999
04/04/2026 23:32:00,1,780,720,3,0,-999
04/04/2026 23:32:16,1,780,720,3,0,-999
04/04/2026 23:32:32,1,780,720,3,0,-999
04/04/2026 23:32:48,1,780,720,3,0,-999
04/04/2026 23:33:04,1,780,720,3,0,-999
04/04/2026 23:33:20,1,780,720,3,0,-999
04/04/2026 23:33:36,1,780,720,3,0,-999
04/04/2026 23:33:52,1,780,720,3,0,-999
04/04/2026 23:34:08,1,780,720,3,0,-999
04/04/2026 23:34:24,1,760,720,3,1,1490
04/04/2026 23:34:40,1,760,720,3,1,1490
04/04/2026 23:34:56,1,760,720,3,1,1490
04/04/2026 23:35:12,1,760,720,3,1,1490
04/04/2026 23:35:28,1,770,720,3,1,1490
04/04/2026 23:35:44,1,770,720,3,1,1480
04/04/2026 23:36:00,1,770,720,3,1,1480
04/04/2026 23:36:16,1,770,720,3,1,1470
04/04/2026 23:36:32,1,770,720,3,1,1470
04/04/2026 23:36:48,1,770,720,3,1,1500
04/04/2026 23:37:04,1,780,720,3,1,1500
04/04/2026 23:37:20,1,780,720,3,1,1510
04/04/2026 23:37:36,1,780,720,3,1,1510
04/04/2026 23:37:52,1,790,720,3,1,1510
04/04/2026 23:38:08,1,800,720,3,1,1520
04/04/2026 23:38:24,1,800,720,3,1,1520
04/04/2026 23:38:40,1,800,720,3,1,1510
04/04/2026 23:38:56,1,810,720,3,1,1510
04/04/2026 23:39:12,1,810,720,3,1,1510
04/04/2026 23:39:28,1,820,720,3,1,1510
04/04/2026 23:39:44,1,820,720,3,1,1510
04/04/2026 23:40:00,1,830,720,3,1,1510
04/04/2026 23:40:16,1,830,720,3,1,1510
04/04/2026 23:40:32,1,840,720,3,2,870
04/04/2026 23:40:48,1,840,720,3,2,870
04/04/2026 23:41:04,1,850,720,3,1,1340
04/04/2026 23:41:20,1,870,720,3,1,1340
04/04/2026 23:41:36,1,890,720,3,1,1350
04/04/2026 23:41:52,1,900,720,3,1,1350
04/04/2026 23:42:08,1,910,720,3,1,1360
04/04/2026 23:42:24,1,930,720,3,1,1360
04/04/2026 23:42:40,1,340,720,3,1,1360
04/04/2026 23:42:56,1,340,720,3,3,920
04/04/2026 23:43:12,1,340,720,3,3,920
04/04/2026 23:43:28,1,340,720,3,2,910
04/04/2026 23:43:44,1,340,720,3,2,910
04/04/2026 23:44:00,1,340,720,3,2,890
04/04/2026 23:44:16,1,340,720,3,2,890
04/04/2026 23:44:32,1,340,720,3,2,900
04/04/2026 23:44:48,1,340,720,3,2,900
04/04/2026 23:45:04,1,340,720,3,2,900
04/04/2026 23:45:20,1,340,720,3,2,910
04/04/2026 23:45:36,1,340,720,3,2,910
04/04/2026 23:45:52,1,340,720,3,1,1580
04/04/2026 23:46:08,1,340,720,3,1,1580
04/04/2026 23:46:24,1,340,720,3,1,1590
04/04/2026 23:46:40,1,340,720,3,1,1590
04/04/2026 23:46:56,1,340,720,3,1,920
04/04/2026 23:47:12,1,340,720,3,1,920
04/04/2026 23:47:28,1,340,720,3,1,920
04/04/2026 23:47:44,1,340,720,3,1,920
04/04/2026 23:48:00,1,340,720,3,1,920
04/04/2026 23:48:16,1,340,720,3,1,920
04/04/2026 23:48:32,1,340,720,3,1,920
04/04/2026 23:48:48,1,340,720,3,1,900
04/04/2026 23:49:04,1,340,720,3,1,900
04/04/2026 23:49:20,1,340,720,3,1,870
04/04/2026 23:49:36,1,330,720,3,1,870
04/04/2026 23:49:52,1,330,720,3,1,870
04/04/2026 23:50:08,1,330,720,3,1,890
04/04/2026 23:50:24,1,330,720,3,1,890
04/04/2026 23:50:40,1,330,720,3,1,940
04/04/2026 23:50:56,1,330,720,3,1,940
04/04/2026 23:51:12,1,330,720,3,1,930
04/04/2026 23:51:28,1,330,720,3,1,930
04/04/2026 23:51:44,1,320,720,3,1,960
04/04/2026 23:52:00,1,320,720,3,1,960
04/04/2026 23:52:16,1,320,720,3,1,960
04/04/2026 23:52:32,1,320,720,3,1,940
04/04/2026 23:52:48,1,320,720,3,1,940
04/04/2026 23:53:04,1,320,720,3,1,960
04/04/2026 23:53:20,1,320,720,3,1,960
04/04/2026 23:53:36,1,310,720,3,1,950
04/04/2026 23:53:52,1,310,720,3,1,950
04/04/2026 23:54:08,1,310,720,3,1,950
04/04/2026 23:54:24,1,310,720,3,1,950
04/04/2026 23:54:40,1,310,720,3,1,950
04/04/2026 23:54:56,1,310,720,3,1,950
04/04/2026 23:55:12,1,310,720,3,1,950
04/04/2026 23:55:28,1,310,720,3,1,950
04/04/2026 23:55:44,1,310,720,3,1,950
04/04/2026 23:56:00,1,300,720,3,1,950
04/04/2026 23:56:16,1,300,720,3,1,950
04/04/2026 23:56:32,1,300,720,3,2,940
04/04/2026 23:56:48,1,300,720,3,2,940
04/04/2026 23:57:04,1,290,720,3,2,940
04/04/2026 23:57:20,1,290,720,3,1,1360
04/04/2026 23:57:36,1,290,720,3,1,1360
04/04/2026 23:57:52,1,290,720,3,2,890
04/04/2026 23:58:08,1,290,720,3,2,890
04/04/2026 23:58:24,1,290,720,3,1,1210
04/04/2026 23:58:40,1,290,720,3,1,1210
04/04/2026 23:58:56,1,290,720,3,1,890
04/04/2026 23:59:12,1,290,720,3,1,890
04/04/2026 23:59:28,1,290,720,3,1,890
04/04/2026 23:59:44,1,290,720,3,1,1130
05/04/2026 00:00:00,1,290,770,3,1,1130
05/04/2026 00:00:16,1,290,770,3,1,1150
05/04/2026 00:00:32,1,290,770,3,1,1150
05/04/2026 00:00:48,1,290,770,3,1,950
05/04/2026 00:01:04,1,290,770,3,1,950
05/04/2026 00:01:20,1,290,770,3,1,930
05/04/2026 00:01:36,1,290,770,3,1,930
05/04/2026 00:01:52,1,300,770,3,1,930
05/04/2026 00:02:08,1,300,770,3,2,920
05/04/2026 00:02:24,1,300,770,3,2,920
05/04/2026 00:02:40,1,300,770,3,2,910
05/04/2026 00:02:56,1,300,770,3,2,910
05/04/2026 00:03:12,1,300,770,3,2,920
05/04/2026 00:03:28,1,300,770,3,2,920
05/04/2026 00:03:44,1,300,770,3,1,1260
05/04/2026 00:04:00,1,300,770,3,1,1260
05/04/2026 00:04:16,1,300,770,3,1,1260
05/04/2026 00:04:32,1,300,770,3,1,1300
05/04/2026 00:04:48,1,300,770,3,1,1300
05/04/2026 00:05:04,1,300,770,3,1,1290
05/04/2026 00:05:20,1,300,770,3,1,1290
05/04/2026 00:05:36,1,300,770,3,1,1280
05/04/2026 00:05:52,1,300,770,3,1,1280
05/04/2026 00:06:08,1,300,770,3,1,1290
05/04/2026 00:06:24,1,300,770,3,1,1290
05/04/2026 00:06:40,1,300,770,3,1,1290
05/04/2026 00:06:56,1,970,770,3,1,1310
05/04/2026 00:07:12,1,970,770,3,1,1310
05/04/2026 00:07:28,1,140,770,3,1,1340
05/04/2026 00:07:44,1,140,770,3,1,1340
05/04/2026 00:08:00,1,140,770,3,1,1320
05/04/2026 00:08:16,1,140,770,3,1,1320
05/04/2026 00:08:32,1,140,770,3,2,950
05/04/2026 00:08:48,1,140,770,3,2,950
05/04/2026 00:09:04,1,140,770,3,2,950
05/04/2026 00:09:20,1,140,770,3,2,980
05/04/2026 00:09:36,1,140,770,3,2,980
05/04/2026 00:09:52,1,130,770,3,1,1330
05/04/2026 00:10:08,1,130,770,3,1,1330
05/04/2026 00:10:24,1,130,770,3,1,1330
05/04/2026 00:10:40,1,130,770,3,1,1330
05/04/2026 00:10:56,1,130,770,3,2,1100
05/04/2026 00:11:12,1,130,770,3,2,1100
05/04/2026 00:11:28,1,130,770,3,2,1100
05/04/2026 00:11:44,1,130,770,3,1,1100
05/04/2026 00:12:00,1,130,770,3,1,1100
05/04/2026 00:12:16,1,130,770,3,1,1360
05/04/2026 00:12:32,1,130,770,3,1,1360
05/04/2026 00:12:48,1,130,770,3,1,1360
05/04/2026 00:13:04,1,120,770,3,1,1360
05/04/2026 00:13:20,1,120,770,3,2,1070
05/04/2026 00:13:36,1,120,770,3,2,1070
05/04/2026 00:13:52,1,120,770,3,2,1070
05/04/2026 00:14:08,1,120,770,3,1,1370
05/04/2026 00:14:24,1,120,770,3,1,1370
05/04/2026 00:14:40,1,120,770,3,1,1370
05/04/2026 00:14:56,1,120,770,3,1,1370
05/04/2026 00:15:12,1,120,770,3,1,880
05/04/2026 00:15:28,1,120,770,3,1,880
05/04/2026 00:15:44,1,120,770,3,2,960
05/04/2026 00:16:00,1,120,770,3,2,960
05/04/2026 00:16:16,1,120,770,3,2,960
05/04/2026 00:16:32,1,120,770,3,2,1010
05/04/2026 00:16:48,1,120,770,3,2,1010
05/04/2026 00:17:04,1,120,770,3,1,1100
05/04/2026 00:17:20,1,120,770,3,1,1100
05/04/2026 00:17:36,1,120,770,3,1,1100
05/04/2026 00:17:52,1,120,770,3,1,1100
05/04/2026 00:18:08,1,120,770,3,2,1060
05/04/2026 00:18:24,1,110,770,3,2,1060
05/04/2026 00:18:40,1,110,770,3,2,1060
05/04/2026 00:18:56,1,110,770,3,2,1000
05/04/2026 00:19:12,1,110,770,3,2,1000
05/04/2026 00:19:28,1,110,770,3,1,990
05/04/2026 00:19:44,1,110,770,3,1,990
05/04/2026 00:20:00,1,110,770,3,1,1080
05/04/2026 00:20:16,1,110,770,3,1,1080
05/04/2026 00:20:32,1,110,770,3,1,1020
05/04/2026 00:20:48,1,110,770,3,1,1020
05/04/2026 00:21:04,1,110,770,3,1,1020
05/04/2026 00:21:20,1,110,770,3,2,910
05/04/2026 00:21:36,1,110,770,3,2,910
05/04/2026 00:21:52,1,110,770,3,1,790
05/04/2026 00:22:08,1,110,770,3,1,790
05/04/2026 00:22:24,1,110,770,3,1,770
05/04/2026 00:22:40,1,110,770,3,1,770
05/04/2026 00:22:56,1,110,770,3,1,770
05/04/2026 00:23:12,1,110,770,3,1,770
05/04/2026 00:23:28,1,110,770,3,1,770
05/04/2026 00:23:44,1,110,770,3,1,750
05/04/2026 00:24:00,1,110,770,3,1,750
05/04/2026 00:24:16,1,110,770,3,1,740
05/04/2026 00:24:32,1,110,770,3,1,740
05/04/2026 00:24:48,1,110,770,3,1,750
05/04/2026 00:25:04,1,110,770,3,1,750
05/04/2026 00:25:20,1,110,770,3,1,730
05/04/2026 00:25:36,1,110,770,3,1,730
05/04/2026 00:25:52,1,110,770,3,1,730
05/04/2026 00:26:08,1,110,770,3,1,720
05/04/2026 00:26:24,1,110,770,3,1,720
05/04/2026 00:26:40,1,110,770,3,1,720
05/04/2026 00:26:56,1,110,770,3,1,720
05/04/2026 00:27:12,1,110,770,3,1,740
05/04/2026 00:27:28,1,110,770,3,1,740
05/04/2026 00:27:44,1,120,770,3,1,730
05/04/2026 00:28:00,1,120,770,3,1,730
05/04/2026 00:28:16,1,120,770,3,1,730
05/04/2026 00:28:32,1,120,770,3,1,720
05/04/2026 00:28:48,1,120,770,3,1,720
05/04/2026 00:29:04,1,120,770,3,1,730
05/04/2026 00:29:20,1,120,770,3,1,730
05/04/2026 00:29:36,1,120,770,3,1,730
05/04/2026 00:29:52,1,130,770,3,1,730
05/04/2026 00:30:08,1,130,770,3,1,750
05/04/2026 00:30:24,1,130,770,3,1,750
05/04/2026 00:30:40,1,130,770,3,1,750
05/04/2026 00:30:56,1,130,770,3,1,750
05/04/2026 00:31:12,1,130,770,3,1,750
05/04/2026 00:31:28,1,130,770,3,1,730
05/04/2026 00:31:44,1,130,770,3,1,730
05/04/2026 00:32:00,1,140,770,3,1,750
05/04/2026 00:32:16,1,140,770,3,1,750
05/04/2026 00:32:32,1,140,770,3,1,770
05/04/2026 00:32:48,1,140,770,3,1,770
05/04/2026 00:33:04,1,140,770,3,1,770
05/04/2026 00:33:20,1,150,770,3,1,780
05/04/2026 00:33:36,1,160,770,3,1,780
05/04/2026 00:33:52,1,160,770,3,1,790
05/04/2026 00:34:08,1,170,770,3,1,790
05/04/2026 00:34:24,1,170,770,3,1,780
05/04/2026 00:34:40,1,170,770,3,1,780
05/04/2026 00:34:56,1,170,770,3,1,790
05/04/2026 00:35:12,1,170,770,3,1,790
05/04/2026 00:35:28,1,170,770,3,1,790
05/04/2026 00:35:44,1,170,770,3,1,800
05/04/2026 00:36:00,1,170,770,3,1,800
05/04/2026 00:36:16,1,170,770,3,1,840
05/04/2026 00:36:32,1,170,770,3,1,840
05/04/2026 00:36:48,1,170,770,3,1,870
05/04/2026 00:37:04,1,170,770,3,1,870
05/04/2026 00:37:20,1,170,770,3,1,810
05/04/2026 00:37:36,1,170,770,3,1,810
05/04/2026 00:37:52,1,170,770,3,1,810
05/04/2026 00:38:08,1,170,770,3,1,770
05/04/2026 00:38:24,1,170,770,3,1,770
05/04/2026 00:38:40,1,170,770,3,1,770
05/04/2026 00:38:56,1,160,770,3,1,770
05/04/2026 00:39:12,1,160,770,3,1,750
05/04/2026 00:39:28,1,160,770,3,1,750
05/04/2026 00:39:44,1,160,770,3,1,770
05/04/2026 00:40:00,1,160,770,3,1,770
05/04/2026 00:40:16,1,160,770,3,1,770
05/04/2026 00:40:32,1,160,770,3,1,790
05/04/2026 00:40:48,1,160,770,3,1,790
05/04/2026 00:41:04,1,160,770,3,1,780
05/04/2026 00:41:20,1,160,770,3,1,780
05/04/2026 00:41:36,1,160,770,3,1,760
05/04/2026 00:41:52,1,160,770,3,1,760
05/04/2026 00:42:08,1,160,770,3,1,740
05/04/2026 00:42:24,1,160,770,3,1,740
05/04/2026 00:42:40,1,160,770,3,1,740
05/04/2026 00:42:56,1,160,770,3,1,740
05/04/2026 00:43:12,1,160,770,3,1,740
05/04/2026 00:43:28,1,160,770,3,1,750
05/04/2026 00:43:44,1,150,770,3,1,750
05/04/2026 00:44:00,1,140,770,3,1,750
05/04/2026 00:44:16,1,140,770,3,1,750
05/04/2026 00:44:32,1,140,770,3,1,770
05/04/2026 00:44:48,1,140,770,3,1,770
05/04/2026 00:45:04,1,130,770,3,1,770
05/04/2026 00:45:20,1,130,770,3,1,780
05/04/2026 00:45:36,1,130,770,3,1,780
05/04/2026 00:45:52,1,130,770,3,1,770
05/04/2026 00:46:08,1,370,770,3,1,770
05/04/2026 00:46:24,1,350,770,3,1,800
05/04/2026 00:46:40,1,350,770,3,1,800
05/04/2026 00:46:56,1,350,770,3,1,800
05/04/2026 00:47:12,1,350,770,3,1,800
05/04/2026 00:47:28,1,350,770,3,1,800
05/04/2026 00:47:44,1,350,770,3,1,810
05/04/2026 00:48:00,1,350,770,3,1,810
05/04/2026 00:48:16,1,350,770,3,1,810
05/04/2026 00:48:32,1,350,770,3,1,810
05/04/2026 00:48:48,1,350,770,3,1,810
05/04/2026 00:49:04,1,350,770,3,1,810
05/04/2026 00:49:20,1,350,770,3,1,820
05/04/2026 00:49:36,1,350,770,3,1,820
05/04/2026 00:49:52,1,350,770,3,1,820
05/04/2026 00:50:08,1,350,770,3,1,820
05/04/2026 00:50:24,1,360,770,3,1,820
05/04/2026 00:50:40,1,360,770,3,1,830
05/04/2026 00:50:56,1,920,770,3,1,830
05/04/2026 00:51:12,1,930,770,3,1,820
05/04/2026 00:51:28,1,930,770,3,1,820
05/04/2026 00:51:44,1,930,770,3,1,810
05/04/2026 00:52:00,1,930,770,3,1,810
05/04/2026 00:52:16,1,930,770,3,1,810
05/04/2026 00:52:32,1,920,770,3,1,820
05/04/2026 00:52:48,1,-999,770,3,1,820
05/04/2026 00:53:04,1,-999,770,3,1,830
05/04/2026 00:53:20,1,-999,770,3,1,830
05/04/2026 00:53:36,1,-999,770,3,1,870
05/04/2026 00:53:52,1,-999,770,3,1,870
05/04/2026 00:54:08,1,-999,770,3,1,870
05/04/2026 00:54:24,1,-999,770,3,1,870
05/04/2026 00:54:40,1,-999,770,3,1,870
05/04/2026 00:54:56,1,-999,770,3,1,860
05/04/2026 00:55:12,1,-999,770,3,1,860
05/04/2026 00:55:28,1,-999,770,3,1,890
05/04/2026 00:55:44,1,-999,770,3,1,890
05/04/2026 00:56:00,1,-999,770,3,1,800
05/04/2026 00:56:16,1,-999,770,3,1,800
05/04/2026 00:56:32,1,-999,770,3,1,790
05/04/2026 00:56:48,1,-999,770,3,1,790
05/04/2026 00:57:04,1,-999,770,3,1,790
05/04/2026 00:57:20,1,-999,770,3,1,780
05/04/2026 00:57:36,1,-999,770,3,1,780
05/04/2026 00:57:52,1,-999,770,3,1,780
05/04/2026 00:58:08,1,-999,770,3,1,780
05/04/2026 00:58:24,1,-999,770,3,1,770
05/04/2026 00:58:40,1,-999,770,3,1,770
05/04/2026 00:58:56,1,-999,770,3,1,770
05/04/2026 00:59:12,1,-999,770,3,1,770
05/04/2026 00:59:28,1,890,770,3,1,770
05/04/2026 00:59:44,1,890,770,3,1,820
05/04/2026 01:00:00,2,890,130,3,1,820
05/04/2026 01:00:16,2,900,130,3,1,840
05/04/2026 01:00:32,2,900,130,3,1,840
05/04/2026 01:00:48,2,900,130,3,2,720
05/04/2026 01:01:04,2,290,130,3,2,720
05/04/2026 01:01:20,2,290,130,3,2,700
05/04/2026 01:01:36,2,900,130,3,2,700
05/04/2026 01:01:52,2,920,130,3,2,700
05/04/2026 01:02:08,2,920,130,3,1,940
05/04/2026 01:02:24,2,920,130,3,1,940
05/04/2026 01:02:40,2,920,130,3,1,990
05/04/2026 01:02:56,2,-999,130,3,1,990
05/04/2026 01:03:12,2,-999,130,3,1,1010
05/04/2026 01:03:28,2,-999,130,3,1,1010
05/04/2026 01:03:44,2,-999,130,3,1,1010
05/04/2026 01:04:00,2,-999,130,3,1,1010
05/04/2026 01:04:16,2,-999,130,3,1,1010
05/04/2026 01:04:32,2,-999,130,3,2,570
05/04/2026 01:04:48,2,-999,130,3,2,570
05/04/2026 01:05:04,2,-999,130,3,2,550
05/04/2026 01:05:20,2,-999,130,3,2,550
05/04/2026 01:05:36,2,-999,130,3,2,540
05/04/2026 01:05:52,2,-999,130,3,2,540
05/04/2026 01:06:08,2,-999,130,3,1,1020
05/04/2026 01:06:24,2,-999,130,3,1,1020
05/04/2026 01:06:40,2,-999,130,3,1,1020
05/04/2026 01:06:56,2,-999,130,3,1,1010
05/04/2026 01:07:12,2,-999,130,3,1,1010
05/04/2026 01:07:28,2,-999,130,3,1,1000
05/04/2026 01:07:44,2,-999,130,3,1,1000
05/04/2026 01:08:00,2,-999,130,3,2,900
05/04/2026 01:08:16,2,-999,130,3,2,900
05/04/2026 01:08:32,2,-999,130,3,2,900
05/04/2026 01:08:48,2,-999,130,3,2,900
05/04/2026 01:09:04,2,-999,130,3,2,900
05/04/2026 01:09:20,2,-999,130,3,1,1010
05/04/2026 01:09:36,2,-999,130,3,1,1010
05/04/2026 01:09:52,2,-999,130,3,1,920
05/04/2026 01:10:08,2,-999,130,3,1,920
05/04/2026 01:10:24,2,-999,130,3,1,930
05/04/2026 01:10:40,2,-999,130,3,1,930
05/04/2026 01:10:56,2,-999,130,3,1,940
05/04/2026 01:11:12,2,-999,130,3,1,940
05/04/2026 01:11:28,2,-999,130,3,1,940
05/04/2026 01:11:44,2,-999,130,3,1,960
05/04/2026 01:12:00,2,-999,130,3,1,960
05/04/2026 01:12:16,2,-999,130,3,1,1140
05/04/2026 01:12:32,2,-999,130,3,1,1140
05/04/2026 01:12:48,2,-999,130,3,2,930
05/04/2026 01:13:04,2,-999,130,3,2,930
05/04/2026 01:13:20,2,-999,130,3,2,940
05/04/2026 01:13:36,2,-999,130,3,2,940
05/04/2026 01:13:52,2,-999,130,3,2,940
05/04/2026 01:14:08,2,-999,130,3,2,320
05/04/2026 01:14:24,2,-999,130,3,2,320
05/04/2026 01:14:40,2,-999,130,3,3,400
05/04/2026 01:14:56,2,-999,130,3,3,400
05/04/2026 01:15:12,2,-999,130,3,1,1340
05/04/2026 01:15:28,2,-999,130,3,1,1340
05/04/2026 01:15:44,2,-999,130,3,4,870
05/04/2026 01:16:00,2,-999,130,3,4,870
05/04/2026 01:16:16,2,-999,130,3,4,870
05/04/2026 01:16:32,2,-999,130,3,4,870
05/04/2026 01:16:48,2,-999,130,3,4,870
05/04/2026 01:17:04,2,-999,130,3,4,960
05/04/2026 01:17:20,2,-999,130,3,4,960
05/04/2026 01:17:36,2,-999,130,3,1,1210
05/04/2026 01:17:52,2,-999,130,3,1,1210
05/04/2026 01:18:08,2,-999,130,3,2,570
05/04/2026 01:18:24,2,-999,130,3,2,570
05/04/2026 01:18:40,2,-999,130,3,2,570
05/04/2026 01:18:56,2,-999,130,3,2,890
05/04/2026 01:19:12,2,-999,130,3,2,890
05/04/2026 01:19:28,2,-999,130,3,2,490
05/04/2026 01:19:44,2,-999,130,3,2,490
05/04/2026 01:20:00,2,-999,130,3,1,590
05/04/2026 01:20:16,2,-999,130,3,1,590
05/04/2026 01:20:32,2,-999,130,3,3,520
05/04/2026 01:20:48,2,-999,130,3,3,520
05/04/2026 01:21:04,2,-999,130,3,3,520
05/04/2026 01:21:20,2,-999,130,3,3,520
05/04/2026 01:21:36,2,-999,130,3,3,520
05/04/2026 01:21:52,2,-999,130,3,3,530
05/04/2026 01:22:08,2,-999,130,3,3,530
05/04/2026 01:22:24,2,-999,130,3,2,900
05/04/2026 01:22:40,2,-999,130,3,2,900
05/04/2026 01:22:56,2,-999,130,3,3,520
05/04/2026 01:23:12,2,-999,130,3,3,520
05/04/2026 01:23:28,2,-999,130,3,3,520
05/04/2026 01:23:44,2,-999,130,3,1,1210
05/04/2026 01:24:00,2,-999,130,3,1,1210
05/04/2026 01:24:16,2,-999,130,3,2,1070
05/04/2026 01:24:32,2,-999,130,3,2,1070
05/04/2026 01:24:48,2,-999,130,3,2,1120
05/04/2026 01:25:04,2,-999,130,3,2,1120
05/04/2026 01:25:20,2,-999,130,3,1,1390
05/04/2026 01:25:36,2,-999,130,3,1,1390
05/04/2026 01:25:52,2,-999,130,3,1,1390
05/04/2026 01:26:08,2,-999,130,3,1,1280
05/04/2026 01:26:24,2,-999,130,3,1,1280
05/04/2026 01:26:40,2,-999,130,3,1,1350
05/04/2026 01:26:56,2,-999,130,3,1,1350
05/04/2026 01:27:12,2,-999,130,3,1,1120
05/04/2026 01:27:28,2,-999,130,3,1,1120
05/04/2026 01:27:44,2,-999,130,3,1,1030
05/04/2026 01:28:00,2,-999,130,3,1,1030
05/04/2026 01:28:16,2,-999,130,3,1,1030
05/04/2026 01:28:32,2,-999,130,3,2,1000
05/04/2026 01:28:48,2,-999,130,3,2,1000
05/04/2026 01:29:04,2,-999,130,3,2,1190
05/04/2026 01:29:20,2,-999,130,3,2,1190
05/04/2026 01:29:36,2,-999,130,3,1,1250
05/04/2026 01:29:52,2,-999,130,3,1,1250
05/04/2026 01:30:08,2,-999,130,3,1,1110
05/04/2026 01:30:24,2,-999,130,3,1,1110
05/04/2026 01:30:40,2,-999,130,3,1,1110
05/04/2026 01:30:56,2,-999,130,3,1,1120
05/04/2026 01:31:12,2,-999,130,3,1,1120
05/04/2026 01:31:28,2,-999,130,3,2,1260
05/04/2026 01:31:44,2,-999,130,3,2,1260
05/04/2026 01:32:00,2,-999,130,3,2,550
05/04/2026 01:32:16,2,-999,130,3,2,550
05/04/2026 01:32:32,2,-999,130,3,1,1350
05/04/2026 01:32:48,2,-999,130,3,1,1350
05/04/2026 01:33:04,2,-999,130,3,1,1350
05/04/2026 01:33:20,2,-999,130,3,2,1260
05/04/2026 01:33:36,2,-999,130,3,2,1260
05/04/2026 01:33:52,2,-999,130,3,2,490
05/04/2026 01:34:08,2,-999,130,3,2,490
05/04/2026 01:34:24,2,-999,130,3,2,860
05/04/2026 01:34:40,2,-999,130,3,2,860
05/04/2026 01:34:56,2,-999,130,3,1,1350
05/04/2026 01:35:12,2,-999,130,3,1,1350
05/04/2026 01:35:28,2,-999,130,3,1,1350
05/04/2026 01:35:44,2,-999,130,3,1,1170
05/04/2026 01:36:00,2,-999,130,3,1,1170
05/04/2026 01:36:16,2,-999,130,3,1,1180
05/04/2026 01:36:32,2,-999,130,3,1,1180
05/04/2026 01:36:48,2,-999,130,3,3,770
05/04/2026 01:37:04,2,-999,130,3,3,770
05/04/2026 01:37:20,2,-999,130,3,1,690
05/04/2026 01:37:36,2,-999,130,3,1,690
05/04/2026 01:37:52,2,-999,130,3,1,690
05/04/2026 01:38:08,2,-999,130,3,1,690
05/04/2026 01:38:24,2,-999,130,3,1,690
05/04/2026 01:38:40,2,-999,130,3,1,720
05/04/2026 01:38:56,2,-999,130,3,1,720
05/04/2026 01:39:12,2,-999,130,3,1,720
05/04/2026 01:39:28,2,-999,130,3,1,720
05/04/2026 01:39:44,2,-999,130,3,1,720
05/04/2026 01:40:00,2,-999,130,3,1,720
05/04/2026 01:40:16,2,-999,130,3,1,720
05/04/2026 01:40:32,2,-999,130,3,1,740
05/04/2026 01:40:48,2,-999,130,3,1,740
05/04/2026 01:41:04,2,-999,130,3,1,690
05/04/2026 01:41:20,2,-999,130,3,1,690
05/04/2026 01:41:36,2,-999,130,3,1,670
05/04/2026 01:41:52,2,-999,130,3,1,670
05/04/2026 01:42:08,2,-999,130,3,1,670
05/04/2026 01:42:24,2,-999,130,3,1,670
05/04/2026 01:42:40,2,-999,130,3,1,670
05/04/2026 01:42:56,2,-999,130,3,1,660
05/04/2026 01:43:12,2,-999,130,3,1,660
05/04/2026 01:43:28,2,-999,130,3,1,670
05/04/2026 01:43:44,2,-999,130,3,1,670
05/04/2026 01:44:00,2,-999,130,3,1,680
05/04/2026 01:44:16,2,-999,130,3,1,680
05/04/2026 01:44:32,2,-999,130,3,2,500
05/04/2026 01:44:48,2,-999,130,3,2,500
05/04/2026 01:45:04,2,-999,130,3,2,500
05/04/2026 01:45:20,2,-999,130,3,2,470
05/04/2026 01:45:36,2,-999,130,3,2,470
05/04/2026 01:45:52,2,-999,130,3,2,450
05/04/2026 01:46:08,2,-999,130,3,2,450
05/04/2026 01:46:24,2,-999,130,3,2,440
05/04/2026 01:46:40,2,-999,130,3,2,440
05/04/2026 01:46:56,2,-999,130,3,2,460
05/04/2026 01:47:12,2,-999,130,3,2,460
05/04/2026 01:47:28,2,-999,130,3,2,460
05/04/2026 01:47:44,2,-999,130,3,2,460
05/04/2026 01:48:00,2,-999,130,3,2,460
05/04/2026 01:48:16,2,-999,130,3,2,450
05/04/2026 01:48:32,2,-999,130,3,2,450
05/04/2026 01:48:48,2,-999,130,3,1,450
05/04/2026 01:49:04,2,-999,130,3,1,450
05/04/2026 01:49:20,2,-999,130,3,1,430
05/04/2026 01:49:36,2,-999,130,3,1,430
05/04/2026 01:49:52,2,-999,130,3,1,430
05/04/2026 01:50:08,2,-999,130,3,1,430
05/04/2026 01:50:24,2,-999,130,3,1,430
05/04/2026 01:50:40,2,-999,130,3,1,420
05/04/2026 01:50:56,2,-999,130,3,1,420
05/04/2026 01:51:12,2,-999,130,3,1,400
05/04/2026 01:51:28,2,-999,130,3,1,400
05/04/2026 01:51:44,2,-999,130,3,1,320
05/04/2026 01:52:00,2,-999,130,3,1,320
05/04/2026 01:52:16,2,-999,130,3,1,320
05/04/2026 01:52:32,2,-999,130,3,1,290
05/04/2026 01:52:48,2,-999,130,3,1,290
05/04/2026 01:53:04,2,-999,130,3,1,290
05/04/2026 01:53:20,2,-999,130,3,1,290
05/04/2026 01:53:36,2,-999,130,3,1,280
05/04/2026 01:53:52,2,370,130,3,1,280
05/04/2026 01:54:08,2,370,130,3,1,280
05/04/2026 01:54:24,2,370,130,3,1,280
05/04/2026 01:54:40,2,370,130,3,1,280
05/04/2026 01:54:56,2,370,130,3,1,270
05/04/2026 01:55:12,2,370,130,3,1,270
05/04/2026 01:55:28,2,370,130,3,1,270
05/04/2026 01:55:44,2,370,130,3,1,270
05/04/2026 01:56:00,2,360,130,3,1,270
05/04/2026 01:56:16,2,360,130,3,1,270
05/04/2026 01:56:32,2,340,130,3,1,270
05/04/2026 01:56:48,2,340,130,3,1,270
05/04/2026 01:57:04,2,340,130,3,1,270
05/04/2026 01:57:20,2,340,130,3,1,260
05/04/2026 01:57:36,2,-999,130,3,1,260
05/04/2026 01:57:52,2,-999,130,3,1,260
05/04/2026 01:58:08,2,-999,130,3,1,260
05/04/2026 01:58:24,2,-999,130,3,1,270
05/04/2026 01:58:40,2,-999,130,3,1,270
05/04/2026 01:58:56,2,-999,130,3,1,310
05/04/2026 01:59:12,2,-999,130,3,1,310
05/04/2026 01:59:28,2,-999,130,3,1,310
05/04/2026 01:59:44,2,-999,130,3,1,300
05/04/2026 02:00:00,1,-999,360,3,1,300
05/04/2026 02:00:16,1,-999,360,3,2,300
05/04/2026 02:00:32,1,-999,360,3,2,300
05/04/2026 02:00:48,1,-999,360,3,1,900
05/04/2026 02:01:04,1,-999,360,3,1,900
05/04/2026 02:01:20,1,-999,360,3,1,990
05/04/2026 02:01:36,1,-999,360,3,1,990
05/04/2026 02:01:52,1,-999,360,3,1,990
05/04/2026 02:02:08,1,-999,360,3,2,770
05/04/2026 02:02:24,1,-999,360,3,2,770
05/04/2026 02:02:40,1,-999,360,3,1,720
05/04/2026 02:02:56,1,-999,360,3,1,720
05/04/2026 02:03:12,1,-999,360,3,2,700
05/04/2026 02:03:28,1,-999,360,3,2,700
05/04/2026 02:03:44,1,-999,360,3,1,750
05/04/2026 02:04:00,1,-999,360,3,1,750
05/04/2026 02:04:16,1,-999,360,3,1,750
05/04/2026 02:04:32,1,-999,360,3,1,740
05/04/2026 02:04:48,1,-999,360,3,1,740
05/04/2026 02:05:04,1,-999,360,3,1,740
05/04/2026 02:05:20,1,-999,360,3,1,740
05/04/2026 02:05:36,1,-999,360,3,1,760
05/04/2026 02:05:52,1,-999,360,3,1,760
05/04/2026 02:06:08,1,-999,360,3,1,620
05/04/2026 02:06:24,1,-999,360,3,1,620
05/04/2026 02:06:40,1,-999,360,3,1,620
05/04/2026 02:06:56,1,-999,360,3,1,610
05/04/2026 02:07:12,1,-999,360,3,1,610
05/04/2026 02:07:28,1,-999,360,3,2,390
05/04/2026 02:07:44,1,-999,360,3,2,390
05/04/2026 02:08:00,1,-999,360,3,2,390
05/04/2026 02:08:16,1,-999,360,3,2,390
05/04/2026 02:08:32,1,-999,360,3,3,310
05/04/2026 02:08:48,1,-999,360,3,3,310
05/04/2026 02:09:04,1,-999,360,3,3,310
05/04/2026 02:09:20,1,-999,360,3,1,860
05/04/2026 02:09:36,1,-999,360,3,1,860
05/04/2026 02:09:52,1,-999,360,3,2,640
05/04/2026 02:10:08,1,-999,360,3,2,640
05/04/2026 02:10:24,1,-999,360,3,1,600
05/04/2026 02:10:40,1,-999,360,3,1,600
05/04/2026 02:10:56,1,-999,360,3,1,600
05/04/2026 02:11:12,1,-999,360,3,1,600
05/04/2026 02:11:28,1,-999,360,3,1,600
05/04/2026 02:11:44,1,-999,360,3,1,650
05/04/2026 02:12:00,1,-999,360,3,1,650
05/04/2026 02:12:16,1,-999,360,3,1,720
05/04/2026 02:12:32,1,-999,360,3,1,720
05/04/2026 02:12:48,1,-999,360,3,1,810
05/04/2026 02:13:04,1,-999,360,3,1,810
05/04/2026 02:13:20,1,-999,360,3,2,400
05/04/2026 02:13:36,1,-999,360,3,2,400
05/04/2026 02:13:52,1,-999,360,3,2,400
05/04/2026 02:14:08,1,-999,360,3,2,390
05/04/2026 02:14:24,1,-999,360,3,2,390
05/04/2026 02:14:40,1,-999,360,3,2,400
05/04/2026 02:14:56,1,-999,360,3,2,400
05/04/2026 02:15:12,1,-999,360,3,1,850
05/04/2026 02:15:28,1,-999,360,3,1,850
05/04/2026 02:15:44,1,-999,360,3,1,820
05/04/2026 02:16:00,1,-999,360,3,1,820
05/04/2026 02:16:16,1,-999,360,3,1,820
05/04/2026 02:16:32,1,-999,360,3,2,780
05/04/2026 02:16:48,1,-999,360,3,2,780
05/04/2026 02:17:04,1,-999,360,3,1,750
05/04/2026 02:17:20,1,-999,360,3,1,750
05/04/2026 02:17:36,1,-999,360,3,1,730
05/04/2026 02:17:52,1,-999,360,3,1,730
05/04/2026 02:18:08,1,-999,360,3,2,790
05/04/2026 02:18:24,1,-999,360,3,2,790
05/04/2026 02:18:40,1,-999,360,3,2,790
05/04/2026 02:18:56,1,-999,360,3,2,340
05/04/2026 02:19:12,1,-999,360,3,2,340
05/04/2026 02:19:28,1,-999,360,3,3,320
05/04/2026 02:19:44,1,-999,360,3,3,320
05/04/2026 02:20:00,1,-999,360,3,3,550
05/04/2026 02:20:16,1,-999,360,3,3,550
05/04/2026 02:20:32,1,-999,360,3,3,510
05/04/2026 02:20:48,1,-999,360,3,3,510
05/04/2026 02:21:04,1,-999,360,3,3,510
05/04/2026 02:21:20,1,-999,360,3,3,400
05/04/2026 02:21:36,1,-999,360,3,3,400
05/04/2026 02:21:52,1,-999,360,3,3,430
05/04/2026 02:22:08,1,-999,360,3,3,430
05/04/2026 02:22:24,1,-999,360,3,1,640
05/04/2026 02:22:40,1,-999,360,3,1,640
05/04/2026 02:22:56,1,-999,360,3,1,730
05/04/2026 02:23:12,1,-999,360,3,1,730
05/04/2026 02:23:28,1,-999,360,3,1,730
05/04/2026 02:23:44,1,-999,360,3,2,410
05/04/2026 02:24:00,1,-999,360,3,2,410
05/04/2026 02:24:16,1,-999,360,3,1,680
05/04/2026 02:24:32,1,-999,360,3,1,680
05/04/2026 02:24:48,1,-999,360,3,1,670
05/04/2026 02:25:04,1,-999,360,3,1,670
05/04/2026 02:25:20,1,-999,360,3,1,660
05/04/2026 02:25:36,1,-999,360,3,1,660
05/04/2026 02:25:52,1,-999,360,3,1,660
05/04/2026 02:26:08,1,-999,360,3,1,620
05/04/2026 02:26:24,1,-999,360,3,1,620
05/04/2026 02:26:40,1,-999,360,3,2,630
05/04/2026 02:26:56,1,-999,360,3,2,630
05/04/2026 02:27:12,1,-999,360,3,1,610
05/04/2026 02:27:28,1,-999,360,3,1,610
05/04/2026 02:27:44,1,-999,360,3,1,560
05/04/2026 02:28:00,1,-999,360,3,1,560
05/04/2026 02:28:16,1,-999,360,3,1,560
05/04/2026 02:28:32,1,-999,360,3,1,560
05/04/2026 02:28:48,1,-999,360,3,1,560
05/04/2026 02:29:04,1,-999,360,3,1,530
05/04/2026 02:29:20,1,-999,360,3,1,530
05/04/2026 02:29:36,1,-999,360,3,1,500
05/04/2026 02:29:52,1,-999,360,3,1,500
05/04/2026 02:30:08,1,-999,360,3,2,490
05/04/2026 02:30:24,1,-999,360,3,2,490
05/04/2026 02:30:40,1,-999,360,3,2,490
05/04/2026 02:30:56,1,-999,360,3,1,530
05/04/2026 02:31:12,1,-999,360,3,1,530
05/04/2026 02:31:28,1,-999,360,3,1,440
05/04/2026 02:31:44,1,-999,360,3,1,440
05/04/2026 02:32:00,1,-999,360,3,1,390
05/04/2026 02:32:16,1,-999,360,3,1,390
05/04/2026 02:32:32,1,-999,360,3,1,420
05/04/2026 02:32:48,1,-999,360,3,1,420
05/04/2026 02:33:04,1,-999,360,3,1,420
05/04/2026 02:33:20,1,-999,360,3,1,400
05/04/2026 02:33:36,1,-999,360,3,1,400
05/04/2026 02:33:52,1,-999,360,3,1,370
05/04/2026 02:34:08,1,-999,360,3,1,370
05/04/2026 02:34:24,1,-999,360,3,1,320
05/04/2026 02:34:40,1,-999,360,3,1,320
05/04/2026 02:34:56,1,-999,360,3,2,360
05/04/2026 02:35:12,1,-999,360,3,2,360
05/04/2026 02:35:28,1,-999,360,3,2,360
05/04/2026 02:35:44,1,-999,360,3,1,390
05/04/2026 02:36:00,1,-999,360,3,1,390
05/04/2026 02:36:16,1,-999,360,3,1,280
05/04/2026 02:36:32,1,-999,360,3,1,280
05/04/2026 02:36:48,1,-999,360,3,1,400
05/04/2026 02:37:04,1,-999,360,3,1,400
05/04/2026 02:37:20,1,-999,360,3,1,350
05/04/2026 02:37:36,1,-999,360,3,1,350
05/04/2026 02:37:52,1,-999,360,3,1,350
05/04/2026 02:38:08,1,-999,360,3,1,340
05/04/2026 02:38:24,1,-999,360,3,1,340
05/04/2026 02:38:40,1,-999,360,3,1,290
05/04/2026 02:38:56,1,-999,360,3,1,290
05/04/2026 02:39:12,1,-999,360,3,1,290
05/04/2026 02:39:28,1,-999,360,3,1,290
05/04/2026 02:39:44,1,-999,360,3,1,310
05/04/2026 02:40:00,1,-999,360,3,1,310
05/04/2026 02:40:16,1,-999,360,3,1,310
05/04/2026 02:40:32,1,-999,360,3,1,410
05/04/2026 02:40:48,1,-999,360,3,1,410
05/04/2026 02:41:04,1,-999,360,3,1,390
05/04/2026 02:41:20,1,-999,360,3,1,390
05/04/2026 02:41:36,1,-999,360,3,1,440
05/04/2026 02:41:52,1,-999,360,3,1,440
05/04/2026 02:42:08,1,-999,360,3,1,330
05/04/2026 02:42:24,1,-999,360,3,1,330
05/04/2026 02:42:40,1,-999,360,3,1,330
05/04/2026 02:42:56,1,-999,360,3,1,330
05/04/2026 02:43:12,1,-999,360,3,1,330
05/04/2026 02:43:28,1,-999,360,3,2,320
05/04/2026 02:43:44,1,-999,360,3,2,320
05/04/2026 02:44:00,1,-999,360,3,1,340
05/04/2026 02:44:16,1,-999,360,3,1,340
05/04/2026 02:44:32,1,-999,360,3,1,280
05/04/2026 02:44:48,1,-999,360,3,1,280
05/04/2026 02:45:04,1,-999,360,3,1,280
05/04/2026 02:45:20,1,-999,360,3,1,180
05/04/2026 02:45:36,1,-999,360,3,1,180
05/04/2026 02:45:52,1,-999,360,3,2,150
05/04/2026 02:46:08,1,-999,360,3,2,150
05/04/2026 02:46:24,1,-999,360,3,2,140
05/04/2026 02:46:40,1,-999,360,3,2,140
05/04/2026 02:46:56,1,-999,360,3,2,180
05/04/2026 02:47:12,1,-999,360,3,2,180
05/04/2026 02:47:28,1,-999,360,3,2,180
05/04/2026 02:47:44,1,-999,360,3,2,200
05/04/2026 02:48:00,1,-999,360,3,2,200
05/04/2026 02:48:16,1,-999,360,3,1,250
05/04/2026 02:48:32,1,-999,360,3,1,250
05/04/2026 02:48:48,1,-999,360,3,2,140
05/04/2026 02:49:04,1,-999,360,3,2,140
05/04/2026 02:49:20,1,-999,360,3,1,520
05/04/2026 02:49:36,1,-999,360,3,1,520
05/04/2026 02:49:52,1,-999,360,3,1,520
05/04/2026 02:50:08,1,-999,360,3,3,320
05/04/2026 02:50:24,1,-999,360,3,3,320
05/04/2026 02:50:40,1,-999,360,3,2,270
05/04/2026 02:50:56,1,-999,360,3,2,270
05/04/2026 02:51:12,1,-999,360,3,3,190
05/04/2026 02:51:28,1,-999,360,3,3,190
05/04/2026 02:51:44,1,-999,360,3,2,160
05/04/2026 02:52:00,1,-999,360,3,2,160
05/04/2026 02:52:16,1,-999,360,3,2,160
05/04/2026 02:52:32,1,-999,360,3,1,890
05/04/2026 02:52:48,1,-999,360,3,1,890
05/04/2026 02:53:04,1,-999,360,3,1,450
05/04/2026 02:53:20,1,-999,360,3,1,450
05/04/2026 02:53:36,1,-999,360,3,2,520
05/04/2026 02:53:52,1,-999,360,3,2,520
05/04/2026 02:54:08,1,-999,360,3,2,120
05/04/2026 02:54:24,1,-999,360,3,2,120
05/04/2026 02:54:40,1,-999,360,3,2,120
05/04/2026 02:54:56,1,-999,360,3,2,280
05/04/2026 02:55:12,1,-999,360,3,2,280
05/04/2026 02:55:28,1,-999,360,3,2,280
05/04/2026 02:55:44,1,-999,360,3,2,280
05/04/2026 02:56:00,1,-999,360,3,4,900
05/04/2026 02:56:16,1,-999,360,3,4,900
05/04/2026 02:56:32,1,-999,360,3,3,450
05/04/2026 02:56:48,1,-999,360,3,3,450
05/04/2026 02:57:04,1,-999,360,3,3,450
05/04/2026 02:57:20,1,-999,360,3,2,360
05/04/2026 02:57:36,1,-999,360,3,2,360
05/04/2026 02:57:52,1,-999,360,3,2,370
05/04/2026 02:58:08,1,-999,360,3,2,370
05/04/2026 02:58:24,1,-999,360,3,1,400
05/04/2026 02:58:40,1,-999,360,3,1,400
05/04/2026 02:58:56,1,-999,360,3,1,300
05/04/2026 02:59:12,1,-999,360,3,1,300
05/04/2026 02:59:28,1,-999,360,3,1,300
05/04/2026 02:59:44,1,-999,360,3,2,330
05/04/2026 02:00:00,-999,-999,-999,3,2,330
05/04/2026 02:00:16,-999,-999,-999,3,1,340
05/04/2026 02:00:32,-999,-999,-999,3,1,340
05/04/2026 02:00:48,-999,-999,-999,3,1,350
05/04/2026 02:01:04,-999,-999,-999,3,1,350
05/04/2026 02:01:20,-999,-999,-999,3,2,310
05/04/2026 02:01:36,-999,-999,-999,3,2,310
05/04/2026 02:01:52,-999,-999,-999,3,2,310
05/04/2026 02:02:08,-999,-999,-999,3,4,1080
05/04/2026 02:02:24,-999,-999,-999,3,4,1080
05/04/2026 02:02:40,-999,-999,-999,3,1,360
05/04/2026 02:02:56,-999,-999,-999,3,1,360
05/04/2026 02:03:12,-999,-999,-999,3,1,260
05/04/2026 02:03:28,-999,-999,-999,3,1,260
05/04/2026 02:03:44,-999,-999,-999,3,1,470
05/04/2026 02:04:00,-999,-999,-999,3,1,470
05/04/2026 02:04:16,-999,-999,-999,3,1,470
05/04/2026 02:04:32,-999,-999,-999,3,1,340
05/04/2026 02:04:48,-999,-999,-999,3,1,340
05/04/2026 02:05:04,-999,-999,-999,3,1,340
05/04/2026 02:05:20,-999,-999,-999,3,1,340
05/04/2026 02:05:36,-999,-999,-999,3,1,480
05/04/2026 02:05:52,-999,-999,-999,3,1,480
05/04/2026 02:06:08,-999,-999,-999,3,2,540
05/04/2026 02:06:24,-999,-999,-999,3,2,540
05/04/2026 02:06:40,-999,-999,-999,3,2,540
05/04/2026 02:06:56,-999,-999,-999,3,2,360
05/04/2026 02:07:12,-999,-999,-999,3,2,360
05/04/2026 02:07:28,-999,-999,-999,3,3,420
05/04/2026 02:07:44,-999,-999,-999,3,3,420
05/04/2026 02:08:00,-999,-999,-999,3,3,440
05/04/2026 02:08:16,-999,-999,-999,3,3,440
05/04/2026 02:08:32,-999,-999,-999,3,2,360
05/04/2026 02:08:48,-999,-999,-999,3,2,360
05/04/2026 02:09:04,-999,-999,-999,3,2,360
05/04/2026 02:09:20,-999,-999,-999,3,1,820
05/04/2026 02:09:36,-999,-999,-999,3,1,820
05/04/2026 02:09:52,-999,-999,-999,3,2,410
05/04/2026 02:10:08,-999,-999,-999,3,2,410
05/04/2026 02:10:24,-999,-999,-999,3,2,210
05/04/2026 02:10:40,-999,-999,-999,3,2,210
05/04/2026 02:10:56,-999,-999,-999,3,1,460
05/04/2026 02:11:12,-999,-999,-999,3,1,460
05/04/2026 02:11:28,-999,-999,-999,3,1,460
05/04/2026 02:11:44,-999,-999,-999,3,1,480
05/04/2026 02:12:00,-999,-999,-999,3,1,480
05/04/2026 02:12:16,-999,-999,-999,3,1,470
05/04/2026 02:12:32,-999,-999,-999,3,1,470
05/04/2026 02:12:48,-999,-999,-999,3,1,540
05/04/2026 02:13:04,-999,-999,-999,3,1,540
05/04/2026 02:13:20,-999,-999,-999,3,1,550
05/04/2026 02:13:36,-999,-999,-999,3,1,550
05/04/2026 02:13:52,-999,-999,-999,3,1,550
05/04/2026 02:14:08,-999,-999,-999,3,1,540
05/04/2026 02:14:24,-999,-999,-999,3,1,540
05/04/2026 02:14:40,-999,-999,-999,3,1,530
05/04/2026 02:14:56,-999,-999,-999,3,1,530
05/04/2026 02:15:12,-999,-999,-999,3,3,670
05/04/2026 02:15:28,-999,-999,-999,3,3,670
05/04/2026 02:15:44,-999,-999,-999,3,2,570
05/04/2026 02:16:00,-999,-999,-999,3,2,570
05/04/2026 02:16:16,-999,-999,-999,3,2,570
05/04/2026 02:16:32,-999,-999,-999,3,1,540
05/04/2026 02:16:48,-999,-999,-999,3,1,540
05/04/2026 02:17:04,-999,-999,-999,3,1,1080
05/04/2026 02:17:20,-999,-999,-999,3,1,1080
05/04/2026 02:17:36,-999,-999,-999,3,1,1070
05/04/2026 02:17:52,-999,-999,-999,3,1,1070
05/04/2026 02:18:08,-999,-999,-999,3,1,1070
05/04/2026 02:18:24,-999,-999,-999,3,1,1070
05/04/2026 02:18:40,-999,-999,-999,3,1,1070
05/04/2026 02:18:56,-999,-999,-999,3,2,1150
05/04/2026 02:19:12,-999,-999,-999,3,2,1150
05/04/2026 02:19:28,-999,-999,-999,3,2,1260
05/04/2026 02:19:44,-999,-999,-999,3,2,1260
05/04/2026 02:20:00,-999,-999,-999,3,2,1060
05/04/2026 02:20:16,-999,-999,-999,3,2,1060
05/04/2026 02:20:32,-999,-999,-999,3,2,1010
05/04/2026 02:20:48,-999,-999,-999,3,2,1010
05/04/2026 02:21:04,-999,-999,-999,3,2,1010
05/04/2026 02:21:20,-999,-999,-999,3,2,1090
05/04/2026 02:21:36,-999,-999,-999,3,2,1090
05/04/2026 02:21:52,-999,-999,-999,3,1,1070
05/04/2026 02:22:08,-999,-999,-999,3,1,1070
05/04/2026 02:22:24,-999,-999,-999,3,1,1050
05/04/2026 02:22:40,-999,-999,-999,3,1,1050
05/04/2026 02:22:56,-999,-999,-999,3,2,770
05/04/2026 02:23:12,-999,-999,-999,3,2,770
05/04/2026 02:23:28,-999,-999,-999,3,2,770
05/04/2026 02:23:44,-999,-999,-999,3,3,780
05/04/2026 02:24:00,-999,-999,-999,3,3,780
05/04/2026 02:24:16,-999,-999,-999,3,2,880
05/04/2026 02:24:32,-999,-999,-999,3,2,880
05/04/2026 02:24:48,-999,-999,-999,3,1,900
05/04/2026 02:25:04,-999,-999,-999,3,1,900
05/04/2026 02:25:20,-999,-999,-999,3,1,980
05/04/2026 02:25:36,-999,-999,-999,3,1,980
05/04/2026 02:25:52,-999,-999,-999,3,1,980
05/04/2026 02:26:08,-999,-999,-999,3,2,1000
05/04/2026 02:26:24,-999,-999,-999,3,2,1000
05/04/2026 02:26:40,-999,-999,-999,3,1,1010
05/04/2026 02:26:56,-999,-999,-999,3,1,1010
05/04/2026 02:27:12,-999,-999,-999,3,1,1030
05/04/2026 02:27:28,-999,-999,-999,3,1,1030
05/04/2026 02:27:44,-999,-999,-999,3,1,1080
05/04/2026 02:28:00,-999,-999,-999,3,1,1080
05/04/2026 02:28:16,-999,-999,-999,3,1,1080
05/04/2026 02:28:32,-999,-999,-999,3,1,1070
05/04/2026 02:28:48,-999,-999,-999,3,1,1070
05/04/2026 02:29:04,-999,-999,-999,3,1,1080
05/04/2026 02:29:20,-999,-999,-999,3,1,1080
05/04/2026 02:29:36,-999,-999,-999,3,1,1050
05/04/2026 02:29:52,-999,-999,-999,3,1,1050
05/04/2026 02:30:08,-999,-999,-999,3,1,1050
05/04/2026 02:30:24,-999,-999,-999,3,1,1050
05/04/2026 02:30:40,-999,-999,-999,3,1,1050
05/04/2026 02:30:56,-999,-999,-999,3,2,1010
05/04/2026 02:31:12,-999,-999,-999,3,2,1010
05/04/2026 02:31:28,-999,-999,-999,3,1,1080
05/04/2026 02:31:44,-999,-999,-999,3,1,1080
05/04/2026 02:32:00,-999,-999,-999,3,1,1020
05/04/2026 02:32:16,-999,-999,-999,3,1,1020
05/04/2026 02:32:32,-999,-999,-999,3,2,850
05/04/2026 02:32:48,-999,-999,-999,3,2,850
05/04/2026 02:33:04,-999,-999,-999,3,2,850
05/04/2026 02:33:20,-999,-999,-999,3,2,650
05/04/2026 02:33:36,-999,-999,-999,3,2,650
05/04/2026 02:33:52,-999,-999,-999,3,2,600
05/04/2026 02:34:08,-999,-999,-999,3,2,600
05/04/2026 02:34:24,-999,-999,-999,3,1,610
05/04/2026 02:34:40,-999,-999,-999,3,1,610
05/04/2026 02:34:56,-999,-999,-999,3,1,550
05/04/2026 02:35:12,-999,-999,-999,3,1,550
05/04/2026 02:35:28,-999,-999,-999,3,1,550
05/04/2026 02:35:44,-999,-999,-999,3,1,520
05/04/2026 02:36:00,-999,-999,-999,3,1,520
05/04/2026 02:36:16,-999,-999,-999,3,1,490
05/04/2026 02:36:32,-999,-999,-999,3,1,490
05/04/2026 02:36:48,-999,-999,-999,3,2,420
05/04/2026 02:37:04,-999,-999,-999,3,2,420
05/04/2026 02:37:20,-999,-999,-999,3,1,500
05/04/2026 02:37:36,-999,-999,-999,3,1,500
05/04/2026 02:37:52,-999,-999,-999,3,1,500
05/04/2026 02:38:08,-999,-999,-999,3,1,430
05/04/2026 02:38:24,-999,-999,-999,3,1,430
05/04/2026 02:38:40,-999,-999,-999,3,1,390
05/04/2026 02:38:56,-999,-999,-999,3,1,390
05/04/2026 02:39:12,-999,-999,-999,3,1,490
05/04/2026 02:39:28,-999,-999,-999,3,1,490
05/04/2026 02:39:44,-999,-999,-999,3,1,540
05/04/2026 02:40:00,-999,-999,-999,3,1,540
05/04/2026 02:40:16,-999,-999,-999,3,1,540
05/04/2026 02:40:32,-999,-999,-999,3,1,440
05/04/2026 02:40:48,-999,-999,-999,3,1,440
05/04/2026 02:41:04,-999,-999,-999,3,2,400
05/04/2026 02:41:20,-999,-999,-999,3,2,400
05/04/2026 02:41:36,-999,-999,-999,3,1,760
05/04/2026 02:41:52,-999,-999,-999,3,1,760
05/04/2026 02:42:08,-999,-999,-999,3,1,700
05/04/2026 02:42:24,-999,-999,-999,3,1,700
05/04/2026 02:42:40,-999,-999,-999,3,1,700
05/04/2026 02:42:56,-999,-999,-999,3,2,540
05/04/2026 02:43:12,-999,-999,-999,3,2,540
05/04/2026 02:43:28,-999,-999,-999,3,2,570
05/04/2026 02:43:44,-999,-999,-999,3,2,570
05/04/2026 02:44:00,-999,-999,-999,3,3,260
05/04/2026 02:44:16,-999,-999,-999,3,3,260
05/04/2026 02:44:32,-999,-999,-999,3,3,380
05/04/2026 02:44:48,-999,-999,-999,3,3,380
05/04/2026 02:45:04,-999,-999,-999,3,3,380
05/04/2026 02:45:20,-999,-999,-999,3,2,490
05/04/2026 02:45:36,-999,-999,-999,3,2,490
05/04/2026 02:45:52,-999,-999,-999,3,1,1010
05/04/2026 02:46:08,-999,-999,-999,3,1,1010
05/04/2026 02:46:24,-999,-999,-999,3,2,760
05/04/2026 02:46:40,-999,-999,-999,3,2,760
05/04/2026 02:46:56,-999,-999,-999,3,2,750
05/04/2026 02:47:12,-999,-999,-999,3,2,750
05/04/2026 02:47:28,-999,-999,-999,3,2,750
05/04/2026 02:47:44,-999,-999,-999,3,1,750
05/04/2026 02:48:00,-999,-999,-999,3,1,750
05/04/2026 02:48:16,-999,-999,-999,3,1,860
05/04/2026 02:48:32,-999,-999,-999,3,1,860
05/04/2026 02:48:48,-999,-999,-999,3,1,990
05/04/2026 02:49:04,-999,-999,-999,3,1,990
05/04/2026 02:49:20,-999,-999,-999,3,2,840
05/04/2026 02:49:36,-999,-999,-999,3,2,840
05/04/2026 02:49:52,-999,-999,-999,3,2,840
05/04/2026 02:50:08,-999,-999,-999,3,2,890
05/04/2026 02:50:24,-999,-999,-999,3,2,890
05/04/2026 02:50:40,-999,-999,-999,3,1,940
05/04/2026 02:50:56,-999,-999,-999,3,1,940
05/04/2026 02:51:12,-999,-999,-999,3,1,970
05/04/2026 02:51:28,-999,-999,-999,3,1,970
05/04/2026 02:51:44,-999,-999,-999,3,1,1010
05/04/2026 02:52:00,-999,-999,-999,3,1,1010
05/04/2026 02:52:16,-999,-999,-999,3,1,1010
05/04/2026 02:52:32,-999,-999,-999,3,1,1080
05/04/2026 02:52:48,-999,-999,-999,3,1,1080
05/04/2026 02:53:04,-999,-999,-999,3,1,1120
05/04/2026 02:53:20,-999,-999,-999,3,1,1120
05/04/2026 02:53:36,-999,-999,-999,3,2,1060
05/04/2026 02:53:52,-999,-999,-999,3,2,1060
05/04/2026 02:54:08,-999,-999,-999,3,1,1160
05/04/2026 02:54:24,-999,-999,-999,3,1,1160
05/04/2026 02:54:40,-999,-999,-999,3,1,1160
05/04/2026 02:54:56,-999,-999,-999,3,1,1180
05/04/2026 02:55:12,-999,-999,-999,3,1,1180
05/04/2026 02:55:28,-999,-999,-999,3,1,1210
05/04/2026 02:55:44,-999,-999,-999,3,1,1210
05/04/2026 02:56:00,-999,-999,-999,3,2,910
05/04/2026 02:56:16,-999,-999,-999,3,2,910
05/04/2026 02:56:32,-999,-999,-999,3,2,880
05/04/2026 02:56:48,-999,-999,-999,3,2,880
05/04/2026 02:57:04,-999,-999,-999,3,2,880
05/04/2026 02:57:20,-999,-999,-999,3,1,880
05/04/2026 02:57:36,-999,-999,-999,3,1,880
05/04/2026 02:57:52,-999,-999,-999,3,2,910
05/04/2026 02:58:08,-999,-999,-999,3,2,910
05/04/2026 02:58:24,-999,-999,-999,3,1,920
05/04/2026 02:58:40,-999,-999,-999,3,1,920
05/04/2026 02:58:56,-999,-999,-999,3,1,940
05/04/2026 02:59:12,-999,-999,-999,3,1,940
05/04/2026 02:59:28,-999,-999,-999,3,1,940
05/04/2026 02:59:44,-999,-999,-999,3,1,970
05/04/2026 03:00:00,-999,-999,-999,3,1,970
05/04/2026 03:00:16,-999,-999,-999,3,2,1010
05/04/2026 03:00:32,-999,-999,-999,3,2,1010
05/04/2026 03:00:48,-999,-999,-999,3,1,1030
05/04/2026 03:01:04,-999,-999,-999,3,1,1030
05/04/2026 03:01:20,-999,-999,-999,3,2,1040
05/04/2026 03:01:36,-999,-999,-999,3,2,1040
05/04/2026 03:01:52,-999,-999,-999,3,2,1040
05/04/2026 03:02:08,-999,-999,-999,3,2,1100
05/04/2026 03:02:24,-999,-999,-999,3,2,1100
05/04/2026 03:02:40,-999,-999,-999,3,1,1100
05/04/2026 03:02:56,-999,-999,-999,3,1,1100
05/04/2026 03:03:12,-999,-999,-999,3,2,1130
05/04/2026 03:03:28,-999,-999,-999,3,2,1130
05/04/2026 03:03:44,-999,-999,-999,3,1,1140
05/04/2026 03:04:00,-999,-999,-999,3,1,1140
05/04/2026 03:04:16,-999,-999,-999,3,1,1140
05/04/2026 03:04:32,-999,-999,-999,3,1,1090
05/04/2026 03:04:48,-999,-999,-999,3,1,1090
05/04/2026 03:05:04,-999,-999,-999,3,1,1080
05/04/2026 03:05:20,-999,-999,-999,3,1,1080
05/04/2026 03:05:36,-999,-999,-999,3,2,1070
05/04/2026 03:05:52,-999,-999,-999,3,2,1070
05/04/2026 03:06:08,-999,-999,-999,3,1,1080
05/04/2026 03:06:24,-999,-999,-999,3,1,1080
05/04/2026 03:06:40,-999,-999,-999,3,1,1080
05/04/2026 03:06:56,-999,-999,-999,3,1,1090
05/04/2026 03:07:12,-999,-999,-999,3,1,1090
05/04/2026 03:07:28,-999,-999,-999,3,1,1100
05/04/2026 03:07:44,-999,-999,-999,3,1,1100
05/04/2026 03:08:00,-999,-999,-999,3,2,1130
05/04/2026 03:08:16,-999,-999,-999,3,2,1130
05/04/2026 03:08:32,-999,-999,-999,3,1,1120
05/04/2026 03:08:48,-999,-999,-999,3,1,1120
05/04/2026 03:09:04,-999,-999,-999,3,1,1120
05/04/2026 03:09:20,-999,-999,-999,3,1,1160
05/04/2026 03:09:36,-999,-999,-999,3,1,1160
05/04/2026 03:09:52,-999,-999,-999,3,1,1170
05/04/2026 03:10:08,-999,-999,-999,3,1,1170
05/04/2026 03:10:24,-999,-999,-999,3,1,1190
05/04/2026 03:10:40,-999,-999,-999,3,1,1190
05/04/2026 03:10:56,-999,-999,-999,3,2,720
05/04/2026 03:11:12,-999,-999,-999,3,2,720
05/04/2026 03:11:28,-999,-999,-999,3,2,720
05/04/2026 03:11:44,-999,-999,-999,3,1,1300
05/04/2026 03:12:00,-999,1340,-999,3,1,1300
05/04/2026 03:12:16,-999,1340,-999,3,1,1340
05/04/2026 03:12:32,-999,1390,-999,3,1,1340
05/04/2026 03:12:48,-999,1390,-999,3,1,1350
05/04/2026 03:13:04,-999,1390,-999,3,1,1350
05/04/2026 03:13:20,-999,1390,-999,3,2,1330
05/04/2026 03:13:36,-999,1450,-999,3,2,1330
05/04/2026 03:13:52,-999,1450,-999,3,2,1330
05/04/2026 03:14:08,-999,1460,-999,3,3,580
05/04/2026 03:14:24,-999,740,-999,3,3,580
05/04/2026 03:14:40,-999,700,-999,3,2,560
05/04/2026 03:14:56,-999,700,-999,3,2,560
05/04/2026 03:15:12,-999,-999,-999,3,1,720
05/04/2026 03:15:28,-999,-999,-999,3,1,720
05/04/2026 03:15:44,-999,-999,-999,3,2,720
05/04/2026 03:16:00,-999,-999,-999,3,2,720
05/04/2026 03:16:16,-999,-999,-999,3,2,720
05/04/2026 03:16:32,-999,-999,-999,3,1,730
05/04/2026 03:16:48,-999,-999,-999,3,1,730
05/04/2026 03:17:04,-999,-999,-999,3,3,680
05/04/2026 03:17:20,-999,850,-999,3,3,680
05/04/2026 03:17:36,-999,850,-999,3,3,610
05/04/2026 03:17:52,-999,850,-999,3,3,610
05/04/2026 03:18:08,-999,850,-999,3,2,590
05/04/2026 03:18:24,-999,850,-999,3,2,590
05/04/2026 03:18:40,-999,850,-999,3,2,590
05/04/2026 03:18:56,-999,850,-999,3,1,570
05/04/2026 03:19:12,-999,850,-999,3,1,570
05/04/2026 03:19:28,-999,850,-999,3,3,570
05/04/2026 03:19:44,-999,860,-999,3,3,570
05/04/2026 03:20:00,-999,860,-999,3,2,530
05/04/2026 03:20:16,-999,900,-999,3,2,530
05/04/2026 03:20:32,-999,670,-999,3,3,540
05/04/2026 03:20:48,-999,640,-999,3,3,540
05/04/2026 03:21:04,-999,640,-999,3,3,540
05/04/2026 03:21:20,-999,640,-999,3,3,730
05/04/2026 03:21:36,-999,640,-999,3,3,730
05/04/2026 03:21:52,-999,640,-999,3,2,700
05/04/2026 03:22:08,-999,640,-999,3,2,700
05/04/2026 03:22:24,-999,640,-999,3,3,660
05/04/2026 03:22:40,-999,640,-999,3,3,660
05/04/2026 03:22:56,-999,900,-999,3,1,1600
05/04/2026 03:23:12,-999,900,-999,3,1,1600
05/04/2026 03:23:28,-999,-999,-999,3,1,1600
05/04/2026 03:23:44,-999,-999,-999,3,2,570
05/04/2026 03:24:00,-999,-999,-999,3,2,570
05/04/2026 03:24:16,-999,-999,-999,3,1,560
05/04/2026 03:24:32,-999,-999,-999,3,1,560
05/04/2026 03:24:48,-999,-999,-999,3,2,560
05/04/2026 03:25:04,-999,-999,-999,3,2,560
05/04/2026 03:25:20,-999,-999,-999,3,2,660
05/04/2026 03:25:36,-999,-999,-999,3,2,660
05/04/2026 03:25:52,-999,-999,-999,3,2,660
05/04/2026 03:26:08,-999,670,-999,3,2,640
05/04/2026 03:26:24,-999,670,-999,3,2,640
05/04/2026 03:26:40,-999,680,-999,3,2,580
05/04/2026 03:26:56,-999,680,-999,3,2,580
05/04/2026 03:27:12,-999,680,-999,3,1,600
05/04/2026 03:27:28,-999,670,-999,3,1,600
05/04/2026 03:27:44,-999,670,-999,3,1,570
05/04/2026 03:28:00,-999,670,-999,3,1,570
05/04/2026 03:28:16,-999,670,-999,3,1,570
05/04/2026 03:28:32,-999,660,-999,3,1,600
05/04/2026 03:28:48,-999,660,-999,3,1,600
05/04/2026 03:29:04,-999,660,-999,3,1,540
05/04/2026 03:29:20,-999,660,-999,3,1,540
05/04/2026 03:29:36,-999,650,-999,3,1,440
05/04/2026 03:29:52,-999,650,-999,3,1,440
05/04/2026 03:30:08,-999,650,-999,3,1,430
05/04/2026 03:30:24,-999,650,-999,3,1,430
05/04/2026 03:30:40,-999,650,-999,3,1,430
05/04/2026 03:30:56,-999,630,-999,3,1,400
05/04/2026 03:31:12,-999,630,-999,3,1,400
05/04/2026 03:31:28,-999,530,-999,3,1,440
05/04/2026 03:31:44,-999,530,-999,3,1,440
05/04/2026 03:32:00,-999,520,-999,3,1,400
05/04/2026 03:32:16,-999,520,-999,3,1,400
05/04/2026 03:32:32,-999,520,-999,3,1,380
05/04/2026 03:32:48,-999,520,-999,3,1,380
05/04/2026 03:33:04,-999,520,-999,3,1,380
05/04/2026 03:33:20,-999,520,-999,3,1,380
05/04/2026 03:33:36,-999,-999,-999,3,1,380
05/04/2026 03:33:52,-999,-999,-999,3,2,360
05/04/2026 03:34:08,-999,-999,-999,3,2,360
05/04/2026 03:34:24,-999,-999,-999,3,1,350
05/04/2026 03:34:40,-999,-999,-999,3,1,350
05/04/2026 03:34:56,-999,-999,-999,3,1,420
05/04/2026 03:35:12,-999,-999,-999,3,1,420
05/04/2026 03:35:28,-999,-999,-999,3,1,420
05/04/2026 03:35:44,-999,-999,-999,3,1,420
05/04/2026 03:36:00,-999,-999,-999,3,1,420
05/04/2026 03:36:16,-999,-999,-999,3,1,310
05/04/2026 03:36:32,-999,-999,-999,3,1,310
05/04/2026 03:36:48,-999,-999,-999,3,1,310
05/04/2026 03:37:04,-999,-999,-999,3,1,310
05/04/2026 03:37:20,-999,-999,-999,3,1,330
05/04/2026 03:37:36,-999,-999,-999,3,1,330
05/04/2026 03:37:52,-999,-999,-999,3,1,330
05/04/2026 03:38:08,-999,-999,-999,3,1,320
05/04/2026 03:38:24,-999,-999,-999,3,1,320
05/04/2026 03:38:40,-999,-999,-999,3,1,290
05/04/2026 03:38:56,-999,-999,-999,3,1,290
05/04/2026 03:39:12,-999,-999,-999,3,2,310
05/04/2026 03:39:28,-999,-999,-999,3,2,310
05/04/2026 03:39:44,-999,-999,-999,3,4,610
05/04/2026 03:40:00,-999,-999,-999,3,4,610
05/04/2026 03:40:16,-999,-999,-999,3,4,610
05/04/2026 03:40:32,-999,-999,-999,3,1,590
05/04/2026 03:40:48,-999,-999,-999,3,1,590
05/04/2026 03:41:04,-999,-999,-999,3,1,1050
05/04/2026 03:41:20,-999,-999,-999,3,1,1050
05/04/2026 03:41:36,-999,-999,-999,3,1,670
05/04/2026 03:41:52,-999,-999,-999,3,1,670
05/04/2026 03:42:08,-999,-999,-999,3,1,650
05/04/2026 03:42:24,-999,-999,-999,3,1,650
05/04/2026 03:42:40,-999,-999,-999,3,1,650
05/04/2026 03:42:56,-999,-999,-999,3,1,610
05/04/2026 03:43:12,-999,-999,-999,3,1,610
05/04/2026 03:43:28,-999,-999,-999,3,1,550
05/04/2026 03:43:44,-999,-999,-999,3,1,550
05/04/2026 03:44:00,-999,-999,-999,3,1,460
05/04/2026 03:44:16,-999,-999,-999,3,1,460
05/04/2026 03:44:32,-999,-999,-999,3,2,380
05/04/2026 03:44:48,-999,-999,-999,3,2,380
05/04/2026 03:45:04,-999,-999,-999,3,2,380
05/04/2026 03:45:20,-999,-999,-999,3,2,390
05/04/2026 03:45:36,-999,-999,-999,3,2,390
05/04/2026 03:45:52,-999,-999,-999,3,2,380
05/04/2026 03:46:08,-999,-999,-999,3,2,380
05/04/2026 03:46:24,-999,-999,-999,3,1,850
05/04/2026 03:46:40,-999,-999,-999,3,1,850
05/04/2026 03:46:56,-999,-999,-999,3,1,930
05/04/2026 03:47:12,-999,-999,-999,3,1,930
05/04/2026 03:47:28,-999,-999,-999,3,1,930
05/04/2026 03:47:44,-999,-999,-999,3,2,500
05/04/2026 03:48:00,-999,-999,-999,3,2,500
05/04/2026 03:48:16,-999,-999,-999,3,2,630
05/04/2026 03:48:32,-999,-999,-999,3,2,630
05/04/2026 03:48:48,-999,-999,-999,3,1,480
05/04/2026 03:49:04,-999,-999,-999,3,1,480
05/04/2026 03:49:20,-999,-999,-999,3,2,630
05/04/2026 03:49:36,-999,-999,-999,3,2,630
05/04/2026 03:49:52,-999,-999,-999,3,2,630
05/04/2026 03:50:08,-999,-999,-999,3,2,650
05/04/2026 03:50:24,-999,-999,-999,3,2,650
05/04/2026 03:50:40,-999,-999,-999,3,2,560
05/04/2026 03:50:56,-999,-999,-999,3,2,560
05/04/2026 03:51:12,-999,-999,-999,3,2,540
05/04/2026 03:51:28,-999,-999,-999,3,2,540
05/04/2026 03:51:44,-999,-999,-999,3,2,530
05/04/2026 03:52:00,-999,-999,-999,3,2,530
05/04/2026 03:52:16,-999,-999,-999,3,2,530
05/04/2026 03:52:32,-999,-999,-999,3,2,520
05/04/2026 03:52:48,-999,-999,-999,3,2,520
05/04/2026 03:53:04,-999,-999,-999,3,2,550
05/04/2026 03:53:20,-999,-999,-999,3,2,550
05/04/2026 03:53:36,-999,-999,-999,3,2,600
05/04/2026 03:53:52,-999,-999,-999,3,2,600
05/04/2026 03:54:08,-999,-999,-999,3,2,640
05/04/2026 03:54:24,-999,-999,-999,3,2,640
05/04/2026 03:54:40,-999,-999,-999,3,2,640
05/04/2026 03:54:56,-999,-999,-999,3,2,650
05/04/2026 03:55:12,-999,-999,-999,3,2,650
05/04/2026 03:55:28,-999,-999,-999,3,2,1010
05/04/2026 03:55:44,-999,-999,-999,3,2,1010
05/04/2026 03:56:00,-999,-999,-999,3,3,720
05/04/2026 03:56:16,-999,-999,-999,3,3,720
05/04/2026 03:56:32,-999,-999,-999,3,2,710
05/04/2026 03:56:48,-999,-999,-999,3,2,710
05/04/2026 03:57:04,-999,-999,-999,3,2,710
05/04/2026 03:57:20,-999,-999,-999,3,3,690
05/04/2026 03:57:36,-999,-999,-999,3,3,690
05/04/2026 03:57:52,-999,-999,-999,3,2,1040
05/04/2026 03:58:08,-999,-999,-999,3,2,1040
05/04/2026 03:58:24,-999,-999,-999,3,2,1010
05/04/2026 03:58:40,-999,-999,-999,3,2,1010
05/04/2026 03:58:56,-999,-999,-999,3,3,610
05/04/2026 03:59:12,-999,-999,-999,3,3,610
05/04/2026 03:59:28,-999,-999,-999,3,3,610
05/04/2026 03:59:44,-999,-999,-999,3,3,600
05/04/2026 04:00:00,1,-999,660,3,3,600
05/04/2026 04:00:16,1,-999,660,3,2,680
05/04/2026 04:00:32,1,-999,660,3,2,680
05/04/2026 04:00:48,1,-999,660,3,2,700
05/04/2026 04:01:04,1,-999,660,3,2,700
05/04/2026 04:01:20,1,-999,660,3,1,1160
05/04/2026 04:01:36,1,-999,660,3,1,1160
05/04/2026 04:01:52,1,-999,660,3,1,1160
05/04/2026 04:02:08,1,-999,660,3,2,1020
05/04/2026 04:02:24,1,-999,660,3,2,1020
05/04/2026 04:02:40,1,-999,660,3,2,900
05/04/2026 04:02:56,1,-999,660,3,2,900
05/04/2026 04:03:12,1,-999,660,3,1,1030
05/04/2026 04:03:28,1,-999,660,3,1,1030
05/04/2026 04:03:44,1,-999,660,3,2,1170
05/04/2026 04:04:00,1,-999,660,3,2,1170
05/04/2026 04:04:16,1,-999,660,3,2,1170
05/04/2026 04:04:32,1,-999,660,3,2,1230
05/04/2026 04:04:48,1,-999,660,3,2,1230
05/04/2026 04:05:04,1,-999,660,3,2,1350
05/04/2026 04:05:20,1,-999,660,3,2,1350
05/04/2026 04:05:36,1,-999,660,3,1,1360
05/04/2026 04:05:52,1,-999,660,3,1,1360
05/04/2026 04:06:08,1,-999,660,3,2,1350
05/04/2026 04:06:24,1,-999,660,3,2,1350
05/04/2026 04:06:40,1,-999,660,3,2,1350
05/04/2026 04:06:56,1,-999,660,3,2,1360
05/04/2026 04:07:12,1,-999,660,3,2,1360
05/04/2026 04:07:28,1,-999,660,3,2,1330
05/04/2026 04:07:44,1,-999,660,3,2,1330
05/04/2026 04:08:00,1,-999,660,3,2,1340
05/04/2026 04:08:16,1,-999,660,3,2,1340
05/04/2026 04:08:32,1,-999,660,3,2,1360
05/04/2026 04:08:48,1,-999,660,3,2,1360
05/04/2026 04:09:04,1,-999,660,3,2,1360
05/04/2026 04:09:20,1,-999,660,3,1,1240
05/04/2026 04:09:36,1,-999,660,3,1,1240
05/04/2026 04:09:52,1,-999,660,3,2,790
05/04/2026 04:10:08,1,-999,660,3,2,790
05/04/2026 04:10:24,1,-999,660,3,3,780
05/04/2026 04:10:40,1,-999,660,3,3,780
05/04/2026 04:10:56,1,-999,660,3,3,820
05/04/2026 04:11:12,1,-999,660,3,3,820
05/04/2026 04:11:28,1,-999,660,3,3,820
05/04/2026 04:11:44,1,-999,660,3,2,840
05/04/2026 04:12:00,1,-999,660,3,2,840
05/04/2026 04:12:16,1,-999,660,3,2,1080
05/04/2026 04:12:32,1,-999,660,3,2,1080
05/04/2026 04:12:48,1,-999,660,3,2,1310
05/04/2026 04:13:04,1,-999,660,3,2,1310
05/04/2026 04:13:20,1,-999,660,3,3,940
05/04/2026 04:13:36,1,-999,660,3,3,940
05/04/2026 04:13:52,1,-999,660,3,3,940
05/04/2026 04:14:08,1,-999,660,3,1,1010
05/04/2026 04:14:24,1,-999,660,3,1,1010
05/04/2026 04:14:40,1,-999,660,3,1,1050
05/04/2026 04:14:56,1,-999,660,3,1,1050
05/04/2026 04:15:12,1,-999,660,3,2,1120
05/04/2026 04:15:28,1,-999,660,3,2,1120
05/04/2026 04:15:44,1,-999,660,3,3,1140
05/04/2026 04:16:00,1,-999,660,3,3,1140
05/04/2026 04:16:16,1,-999,660,3,3,1140
05/04/2026 04:16:32,1,-999,660,3,2,1180
05/04/2026 04:16:48,1,-999,660,3,2,1180
05/04/2026 04:17:04,1,-999,660,3,1,1180
05/04/2026 04:17:20,1,-999,660,3,1,1180
05/04/2026 04:17:36,1,-999,660,3,1,1210
05/04/2026 04:17:52,1,-999,660,3,1,1210
05/04/2026 04:18:08,1,-999,660,3,1,1210
05/04/2026 04:18:24,1,-999,660,3,1,1210
05/04/2026 04:18:40,1,-999,660,3,1,1210
05/04/2026 04:18:56,1,-999,660,3,2,1230
05/04/2026 04:19:12,1,-999,660,3,2,1230
05/04/2026 04:19:28,1,-999,660,3,1,1270
05/04/2026 04:19:44,1,-999,660,3,1,1270
05/04/2026 04:20:00,1,-999,660,3,2,1300
05/04/2026 04:20:16,1,-999,660,3,2,1300
05/04/2026 04:20:32,1,-999,660,3,2,1290
05/04/2026 04:20:48,1,-999,660,3,2,1290
05/04/2026 04:21:04,1,-999,660,3,2,1290
05/04/2026 04:21:20,1,-999,660,3,1,1400
05/04/2026 04:21:36,1,-999,660,3,1,1400
05/04/2026 04:21:52,1,-999,660,3,2,1460
05/04/2026 04:22:08,1,-999,660,3,2,1460
05/04/2026 04:22:24,1,-999,660,3,2,1480
05/04/2026 04:22:40,1,-999,660,3,2,1480
05/04/2026 04:22:56,1,-999,660,3,2,1490
05/04/2026 04:23:12,1,-999,660,3,2,1490
05/04/2026 04:23:28,1,-999,660,3,2,1490
05/04/2026 04:23:44,1,-999,660,3,1,1490
05/04/2026 04:24:00,1,-999,660,3,1,1490
05/04/2026 04:24:16,1,-999,660,3,1,1480
05/04/2026 04:24:32,1,-999,660,3,1,1480
05/04/2026 04:24:48,1,-999,660,3,1,1510
05/04/2026 04:25:04,1,-999,660,3,1,1510
05/04/2026 04:25:20,1,-999,660,3,2,1280
05/04/2026 04:25:36,1,-999,660,3,2,1280
05/04/2026 04:25:52,1,-999,660,3,2,1280
05/04/2026 04:26:08,1,-999,660,3,2,1230
05/04/2026 04:26:24,1,-999,660,3,2,1230
05/04/2026 04:26:40,1,-999,660,3,1,1160
05/04/2026 04:26:56,1,-999,660,3,1,1160
05/04/2026 04:27:12,1,-999,660,3,1,1150
05/04/2026 04:27:28,1,-999,660,3,1,1150
05/04/2026 04:27:44,1,-999,660,3,2,1190
05/04/2026 04:28:00,1,-999,660,3,2,1190
05/04/2026 04:28:16,1,-999,660,3,2,1190
05/04/2026 04:28:32,1,-999,660,3,2,1230
05/04/2026 04:28:48,1,-999,660,3,2,1230
05/04/2026 04:29:04,1,-999,660,3,2,1230
05/04/2026 04:29:20,1,-999,660,3,2,1230
05/04/2026 04:29:36,1,-999,660,3,2,1260
05/04/2026 04:29:52,1,-999,660,3,2,1260
05/04/2026 04:30:08,1,-999,660,3,2,1300
05/04/2026 04:30:24,1,-999,660,3,2,1300
05/04/2026 04:30:40,1,-999,660,3,2,1300
05/04/2026 04:30:56,1,-999,660,3,2,1330
05/04/2026 04:31:12,1,-999,660,3,2,1330
05/04/2026 04:31:28,1,-999,660,3,2,1290
05/04/2026 04:31:44,1,-999,660,3,2,1290
05/04/2026 04:32:00,1,-999,660,3,2,1300
05/04/2026 04:32:16,1,-999,660,3,2,1300
05/04/2026 04:32:32,1,-999,660,3,2,1340
05/04/2026 04:32:48,1,-999,660,3,2,1340
05/04/2026 04:33:04,1,-999,660,3,2,1340
05/04/2026 04:33:20,1,-999,660,3,3,1180
05/04/2026 04:33:36,1,-999,660,3,3,1180
05/04/2026 04:33:52,1,-999,660,3,2,1150
05/04/2026 04:34:08,1,-999,660,3,2,1150
05/04/2026 04:34:24,1,-999,660,3,2,1040
05/04/2026 04:34:40,1,-999,660,3,2,1040
05/04/2026 04:34:56,1,-999,660,3,2,1190
05/04/2026 04:35:12,1,-999,660,3,2,1190
05/04/2026 04:35:28,1,-999,660,3,2,1190
05/04/2026 04:35:44,1,-999,660,3,1,1270
05/04/2026 04:36:00,1,-999,660,3,1,1270
05/04/2026 04:36:16,1,-999,660,3,2,1270
05/04/2026 04:36:32,1,-999,660,3,2,1270
05/04/2026 04:36:48,1,-999,660,3,2,1460
05/04/2026 04:37:04,1,-999,660,3,2,1460
05/04/2026 04:37:20,1,-999,660,3,2,1580
05/04/2026 04:37:36,1,-999,660,3,2,1580
05/04/2026 04:37:52,1,-999,660,3,2,1580
05/04/2026 04:38:08,1,-999,660,3,2,1480
05/04/2026 04:38:24,1,-999,660,3,2,1480
05/04/2026 04:38:40,1,-999,660,3,3,1320
05/04/2026 04:38:56,1,-999,660,3,3,1320
05/04/2026 04:39:12,1,-999,660,3,2,1300
05/04/2026 04:39:28,1,-999,660,3,2,1300
05/04/2026 04:39:44,1,210,660,3,1,1260
05/04/2026 04:40:00,1,210,660,3,1,1260
05/04/2026 04:40:16,1,210,660,3,1,1260
05/04/2026 04:40:32,1,210,660,3,1,1260
05/04/2026 04:40:48,1,210,660,3,1,1260
05/04/2026 04:41:04,1,210,660,3,1,1280
05/04/2026 04:41:20,1,210,660,3,1,1280
05/04/2026 04:41:36,1,210,660,3,1,1310
05/04/2026 04:41:52,1,210,660,3,1,1310
05/04/2026 04:42:08,1,200,660,3,2,1500
05/04/2026 04:42:24,1,200,660,3,2,1500
05/04/2026 04:42:40,1,200,660,3,2,1500
05/04/2026 04:42:56,1,200,660,3,2,1550
05/04/2026 04:43:12,1,200,660,3,2,1550
05/04/2026 04:43:28,1,200,660,3,1,1900
05/04/2026 04:43:44,1,200,660,3,1,1900
05/04/2026 04:44:00,1,180,660,3,1,1900
05/04/2026 04:44:16,1,180,660,3,1,1900
05/04/2026 04:44:32,1,180,660,3,1,1930
05/04/2026 04:44:48,1,180,660,3,1,1930
05/04/2026 04:45:04,1,200,660,3,1,1930
05/04/2026 04:45:20,1,210,660,3,1,2020
05/04/2026 04:45:36,1,210,660,3,1,2020
05/04/2026 04:45:52,1,210,660,3,1,2050
05/04/2026 04:46:08,1,210,660,3,1,2050
05/04/2026 04:46:24,1,-999,660,3,1,2160
05/04/2026 04:46:40,1,-999,660,3,1,2160
05/04/2026 04:46:56,1,-999,660,3,1,2170
05/04/2026 04:47:12,1,-999,660,3,1,2170
05/04/2026 04:47:28,1,-999,660,3,1,2170
05/04/2026 04:47:44,1,210,660,3,1,2150
05/04/2026 04:48:00,1,210,660,3,1,2150
05/04/2026 04:48:16,1,210,660,3,1,2120
05/04/2026 04:48:32,1,200,660,3,1,2120
05/04/2026 04:48:48,1,200,660,3,2,1910
05/04/2026 04:49:04,1,200,660,3,2,1910
05/04/2026 04:49:20,1,200,660,3,1,1910
05/04/2026 04:49:36,1,200,660,3,1,1910
05/04/2026 04:49:52,1,200,660,3,1,1910
05/04/2026 04:50:08,1,200,660,3,1,1930
05/04/2026 04:50:24,1,200,660,3,1,1930
05/04/2026 04:50:40,1,190,660,3,1,1970
05/04/2026 04:50:56,1,190,660,3,1,1970
05/04/2026 04:51:12,1,190,660,3,1,1930
05/04/2026 04:51:28,1,190,660,3,1,1930
05/04/2026 04:51:44,1,190,660,3,1,1960
05/04/2026 04:52:00,1,190,660,3,1,1960
05/04/2026 04:52:16,1,190,660,3,1,1960
05/04/2026 04:52:32,1,190,660,3,2,890
05/04/2026 04:52:48,1,190,660,3,2,890
05/04/2026 04:53:04,1,190,660,3,1,870
05/04/2026 04:53:20,1,190,660,3,1,870
05/04/2026 04:53:36,1,190,660,3,1,820
05/04/2026 04:53:52,1,190,660,3,1,820
05/04/2026 04:54:08,1,190,660,3,2,880
05/04/2026 04:54:24,1,190,660,3,2,880
05/04/2026 04:54:40,1,190,660,3,2,880
05/04/2026 04:54:56,1,170,660,3,2,1020
05/04/2026 04:55:12,1,160,660,3,2,1020
05/04/2026 04:55:28,1,160,660,3,2,970
05/04/2026 04:55:44,1,160,660,3,2,970
05/04/2026 04:56:00,1,160,660,3,1,950
05/04/2026 04:56:16,1,160,660,3,1,950
05/04/2026 04:56:32,1,160,660,3,1,880
05/04/2026 04:56:48,1,160,660,3,1,880
05/04/2026 04:57:04,1,160,660,3,1,880
05/04/2026 04:57:20,1,160,660,3,1,870
05/04/2026 04:57:36,1,160,660,3,1,870
05/04/2026 04:57:52,1,160,660,3,1,860
05/04/2026 04:58:08,1,160,660,3,1,860
05/04/2026 04:58:24,1,160,660,3,1,900
05/04/2026 04:58:40,1,160,660,3,1,900
05/04/2026 04:58:56,1,-999,660,3,1,900
05/04/2026 04:59:12,1,-999,660,3,1,900
05/04/2026 04:59:28,1,-999,660,3,1,900
05/04/2026 04:59:44,1,-999,660,3,1,890
05/04/2026 05:00:00,3,-999,190,3,1,890
05/04/2026 05:00:16,3,-999,190,3,1,710
05/04/2026 05:00:32,3,-999,190,3,1,710
05/04/2026 05:00:48,3,-999,190,3,1,620
05/04/2026 05:01:04,3,-999,190,3,1,620
05/04/2026 05:01:20,3,-999,190,3,2,600
05/04/2026 05:01:36,3,-999,190,3,2,600
05/04/2026 05:01:52,3,-999,190,3,2,600
05/04/2026 05:02:08,3,-999,190,3,2,570
05/04/2026 05:02:24,3,-999,190,3,2,570
05/04/2026 05:02:40,3,-999,190,3,1,560
05/04/2026 05:02:56,3,-999,190,3,1,560
05/04/2026 05:03:12,3,-999,190,3,2,530
05/04/2026 05:03:28,3,-999,190,3,2,530
05/04/2026 05:03:44,3,-999,190,3,2,520
05/04/2026 05:04:00,3,-999,190,3,2,520
05/04/2026 05:04:16,3,-999,190,3,2,520
05/04/2026 05:04:32,3,-999,190,3,2,150
05/04/2026 05:04:48,3,-999,190,3,2,150
05/04/2026 05:05:04,3,-999,190,3,2,150
05/04/2026 05:05:20,3,-999,190,3,2,150
05/04/2026 05:05:36,3,-999,190,3,2,140
05/04/2026 05:05:52,3,-999,190,3,2,140
05/04/2026 05:06:08,3,-999,190,3,2,140
05/04/2026 05:06:24,3,-999,190,3,2,140
05/04/2026 05:06:40,3,-999,190,3,2,140
05/04/2026 05:06:56,3,-999,190,3,2,160
05/04/2026 05:07:12,3,-999,190,3,2,160
05/04/2026 05:07:28,3,-999,190,3,1,490
05/04/2026 05:07:44,3,-999,190,3,1,490
05/04/2026 05:08:00,3,-999,190,3,2,150
05/04/2026 05:08:16,3,-999,190,3,2,150
05/04/2026 05:08:32,3,-999,190,3,3,150
05/04/2026 05:08:48,3,-999,190,3,3,150
05/04/2026 05:09:04,3,-999,190,3,3,150
05/04/2026 05:09:20,3,-999,190,3,3,160
05/04/2026 05:09:36,3,-999,190,3,3,160
05/04/2026 05:09:52,3,-999,190,3,2,140
05/04/2026 05:10:08,3,-999,190,3,2,140
05/04/2026 05:10:24,3,-999,190,3,2,150
05/04/2026 05:10:40,3,-999,190,3,2,150
05/04/2026 05:10:56,3,-999,190,3,3,150
05/04/2026 05:11:12,3,-999,190,3,3,150
05/04/2026 05:11:28,3,-999,190,3,3,150
05/04/2026 05:11:44,3,-999,190,3,2,570
05/04/2026 05:12:00,3,-999,190,3,2,570
05/04/2026 05:12:16,3,-999,190,3,2,510
05/04/2026 05:12:32,3,-999,190,3,2,510
05/04/2026 05:12:48,3,-999,190,3,1,510
05/04/2026 05:13:04,3,-999,190,3,1,510
05/04/2026 05:13:20,3,-999,190,3,1,500
05/04/2026 05:13:36,3,-999,190,3,1,500
05/04/2026 05:13:52,3,-999,190,3,1,500
05/04/2026 05:14:08,3,-999,190,3,1,490
05/04/2026 05:14:24,3,-999,190,3,1,490
05/04/2026 05:14:40,3,-999,190,3,1,490
05/04/2026 05:14:56,3,-999,190,3,1,490
05/04/2026 05:15:12,3,-999,190,3,2,130
05/04/2026 05:15:28,3,-999,190,3,2,130
05/04/2026 05:15:44,3,-999,190,3,2,130
05/04/2026 05:16:00,3,-999,190,3,2,130
05/04/2026 05:16:16,3,-999,190,3,2,130
05/04/2026 05:16:32,3,-999,190,3,2,120
05/04/2026 05:16:48,3,-999,190,3,2,120
05/04/2026 05:17:04,3,-999,190,3,3,120
05/04/2026 05:17:20,3,-999,190,3,3,120
05/04/2026 05:17:36,3,-999,190,3,2,130
05/04/2026 05:17:52,3,-999,190,3,2,130
05/04/2026 05:18:08,3,-999,190,3,2,120
05/04/2026 05:18:24,3,-999,190,3,2,120
05/04/2026 05:18:40,3,-999,190,3,2,120
05/04/2026 05:18:56,3,-999,190,3,1,510
05/04/2026 05:19:12,3,-999,190,3,1,510
05/04/2026 05:19:28,3,-999,190,3,2,510
05/04/2026 05:19:44,3,-999,190,3,2,510
05/04/2026 05:20:00,3,-999,190,3,2,530
05/04/2026 05:20:16,3,-999,190,3,2,530
05/04/2026 05:20:32,3,-999,190,3,1,1460
05/04/2026 05:20:48,3,-999,190,3,1,1460
05/04/2026 05:21:04,3,-999,190,3,1,1460
05/04/2026 05:21:20,3,-999,190,3,2,500
05/04/2026 05:21:36,3,-999,190,3,2,500
05/04/2026 05:21:52,3,-999,190,3,2,500
05/04/2026 05:22:08,3,-999,190,3,2,500
05/04/2026 05:22:24,3,-999,190,3,2,460
05/04/2026 05:22:40,3,-999,190,3,2,460
05/04/2026 05:22:56,3,-999,190,3,2,460
05/04/2026 05:23:12,3,-999,190,3,2,460
05/04/2026 05:23:28,3,-999,190,3,2,460
05/04/2026 05:23:44,3,-999,190,3,1,580
05/04/2026 05:24:00,3,-999,190,3,1,580
05/04/2026 05:24:16,3,-999,190,3,1,490
05/04/2026 05:24:32,3,-999,190,3,1,490
05/04/2026 05:24:48,3,-999,190,3,3,560
05/04/2026 05:25:04,3,-999,190,3,3,560
05/04/2026 05:25:20,3,-999,190,3,2,630
05/04/2026 05:25:36,3,-999,190,3,2,630
05/04/2026 05:25:52,3,-999,190,3,2,630
05/04/2026 05:26:08,3,-999,190,3,3,550
05/04/2026 05:26:24,3,-999,190,3,3,550
05/04/2026 05:26:40,3,-999,190,3,2,620
05/04/2026 05:26:56,3,-999,190,3,2,620
05/04/2026 05:27:12,3,-999,190,3,2,570
05/04/2026 05:27:28,3,-999,190,3,2,570
05/04/2026 05:27:44,3,-999,190,3,2,1260
05/04/2026 05:28:00,3,-999,190,3,2,1260
05/04/2026 05:28:16,3,-999,190,3,2,1260
05/04/2026 05:28:32,3,-999,190,3,2,520
05/04/2026 05:28:48,3,-999,190,3,2,520
05/04/2026 05:29:04,3,-999,190,3,3,500
05/04/2026 05:29:20,3,-999,190,3,3,500
05/04/2026 05:29:36,3,-999,190,3,2,1350
05/04/2026 05:29:52,3,-999,190,3,2,1350
05/04/2026 05:30:08,3,-999,190,3,2,1360
05/04/2026 05:30:24,3,-999,190,3,2,1360
05/04/2026 05:30:40,3,-999,190,3,2,1360
05/04/2026 05:30:56,3,-999,190,3,2,1350
05/04/2026 05:31:12,3,-999,190,3,2,1350
05/04/2026 05:31:28,3,-999,190,3,1,1720
05/04/2026 05:31:44,3,-999,190,3,1,1720
05/04/2026 05:32:00,3,-999,190,3,1,1710
05/04/2026 05:32:16,3,-999,190,3,1,1710
05/04/2026 05:32:32,3,-999,190,3,1,1740
05/04/2026 05:32:48,3,-999,190,3,1,1740
05/04/2026 05:33:04,3,-999,190,3,1,1740
05/04/2026 05:33:20,3,-999,190,3,1,1760
05/04/2026 05:33:36,3,-999,190,3,1,1760
05/04/2026 05:33:52,3,-999,190,3,1,1750
05/04/2026 05:34:08,3,-999,190,3,1,1750
05/04/2026 05:34:24,3,-999,190,3,1,1800
05/04/2026 05:34:40,3,-999,190,3,1,1800
05/04/2026 05:34:56,3,-999,190,3,1,1770
05/04/2026 05:35:12,3,-999,190,3,1,1770
05/04/2026 05:35:28,3,-999,190,3,1,1770
05/04/2026 05:35:44,3,-999,190,3,1,1760
05/04/2026 05:36:00,3,-999,190,3,1,1760
05/04/2026 05:36:16,3,-999,190,3,1,1760
05/04/2026 05:36:32,3,-999,190,3,1,1760
05/04/2026 05:36:48,3,-999,190,3,1,1720
05/04/2026 05:37:04,3,-999,190,3,1,1720
05/04/2026 05:37:20,3,-999,190,3,1,1650
05/04/2026 05:37:36,3,-999,190,3,1,1650
05/04/2026 05:37:52,3,-999,190,3,1,1650
05/04/2026 05:38:08,3,-999,190,3,1,1590
05/04/2026 05:38:24,3,-999,190,3,1,1590
05/04/2026 05:38:40,3,-999,190,3,3,510
05/04/2026 05:38:56,3,-999,190,3,3,510
05/04/2026 05:39:12,3,-999,190,3,3,500
05/04/2026 05:39:28,3,-999,190,3,3,500
05/04/2026 05:39:44,3,-999,190,3,3,500
05/04/2026 05:40:00,3,-999,190,3,3,500
05/04/2026 05:40:16,3,-999,190,3,3,500
05/04/2026 05:40:32,3,-999,190,3,2,530
05/04/2026 05:40:48,3,-999,190,3,2,530
05/04/2026 05:41:04,3,-999,190,3,2,500
05/04/2026 05:41:20,3,-999,190,3,2,500
05/04/2026 05:41:36,3,-999,190,3,1,500
05/04/2026 05:41:52,3,-999,190,3,1,500
05/04/2026 05:42:08,3,-999,190,3,1,510
05/04/2026 05:42:24,3,-999,190,3,1,510
05/04/2026 05:42:40,3,-999,190,3,1,510
05/04/2026 05:42:56,3,-999,190,3,2,590
05/04/2026 05:43:12,3,-999,190,3,2,590
05/04/2026 05:43:28,3,-999,190,3,2,690
05/04/2026 05:43:44,3,-999,190,3,2,690
05/04/2026 05:44:00,3,-999,190,3,1,630
05/04/2026 05:44:16,3,-999,190,3,1,630
05/04/2026 05:44:32,3,-999,190,3,1,610
05/04/2026 05:44:48,3,-999,190,3,1,610
05/04/2026 05:45:04,3,-999,190,3,1,610
05/04/2026 05:45:20,3,-999,190,3,2,640
05/04/2026 05:45:36,3,-999,190,3,2,640
05/04/2026 05:45:52,3,-999,190,3,2,540
05/04/2026 05:46:08,3,-999,190,3,2,540
05/04/2026 05:46:24,3,-999,190,3,2,530
05/04/2026 05:46:40,3,-999,190,3,2,530
05/04/2026 05:46:56,3,-999,190,3,1,960
05/04/2026 05:47:12,3,-999,190,3,1,960
05/04/2026 05:47:28,3,-999,190,3,1,960
05/04/2026 05:47:44,3,-999,190,3,1,910
05/04/2026 05:48:00,3,-999,190,3,1,910
05/04/2026 05:48:16,3,-999,190,3,1,1470
05/04/2026 05:48:32,3,-999,190,3,1,1470
05/04/2026 05:48:48,3,-999,190,3,1,1440
05/04/2026 05:49:04,3,-999,190,3,1,1440
05/04/2026 05:49:20,3,-999,190,3,2,990
05/04/2026 05:49:36,3,-999,190,3,2,990
05/04/2026 05:49:52,3,-999,190,3,2,990
05/04/2026 05:50:08,3,-999,190,3,1,1460
05/04/2026 05:50:24,3,-999,190,3,1,1460
05/04/2026 05:50:40,3,-999,190,3,2,1010
05/04/2026 05:50:56,3,-999,190,3,2,1010
05/04/2026 05:51:12,3,-999,190,3,1,920
05/04/2026 05:51:28,3,-999,190,3,1,920
05/04/2026 05:51:44,3,-999,190,3,1,1020
05/04/2026 05:52:00,3,-999,190,3,1,1020
05/04/2026 05:52:16,3,-999,190,3,1,1020
05/04/2026 05:52:32,3,-999,190,3,1,1180
05/04/2026 05:52:48,3,-999,190,3,1,1180
05/04/2026 05:53:04,3,-999,190,3,1,1230
05/04/2026 05:53:20,3,-999,190,3,1,1230
05/04/2026 05:53:36,3,-999,190,3,1,1240
05/04/2026 05:53:52,3,-999,190,3,1,1240
05/04/2026 05:54:08,3,-999,190,3,1,1190
05/04/2026 05:54:24,3,-999,190,3,1,1190
05/04/2026 05:54:40,3,-999,190,3,1,1190
05/04/2026 05:54:56,3,-999,190,3,1,1210
05/04/2026 05:55:12,3,-999,190,3,1,1210
05/04/2026 05:55:28,3,-999,190,3,1,1220
05/04/2026 05:55:44,3,-999,190,3,1,1220
05/04/2026 05:56:00,3,-999,190,3,1,1170
05/04/2026 05:56:16,3,-999,190,3,1,1170
05/04/2026 05:56:32,3,-999,190,3,1,1190
05/04/2026 05:56:48,3,-999,190,3,1,1190
05/04/2026 05:57:04,3,-999,190,3,1,1190
05/04/2026 05:57:20,3,-999,190,3,1,1230
05/04/2026 05:57:36,3,-999,190,3,1,1230
05/04/2026 05:57:52,3,-999,190,3,2,910
05/04/2026 05:58:08,3,-999,190,3,2,910
05/04/2026 05:58:24,3,-999,190,3,2,940
05/04/2026 05:58:40,3,-999,190,3,2,940
05/04/2026 05:58:56,3,-999,190,3,2,530
05/04/2026 05:59:12,3,-999,190,3,2,530
05/04/2026 05:59:28,3,-999,190,3,2,530
05/04/2026 05:59:44,3,-999,190,3,3,540
05/04/2026 06:00:00,-999,-999,-999,3,3,540
05/04/2026 06:00:16,-999,-999,-999,3,1,1370
05/04/2026 06:00:32,-999,-999,-999,3,1,1370
05/04/2026 06:00:48,-999,-999,-999,3,1,1380
05/04/2026 06:01:04,-999,-999,-999,3,1,1380
05/04/2026 06:01:20,-999,-999,-999,3,1,1370
05/04/2026 06:01:36,-999,-999,-999,3,1,1370
05/04/2026 06:01:52,-999,-999,-999,3,1,1370
05/04/2026 06:02:08,-999,-999,-999,3,1,1410
05/04/2026 06:02:24,-999,-999,-999,3,1,1410
05/04/2026 06:02:40,-999,-999,-999,3,1,1400
05/04/2026 06:02:56,-999,-999,-999,3,1,1400
05/04/2026 06:03:12,-999,-999,-999,3,1,1420
05/04/2026 06:03:28,-999,1500,-999,3,1,1420
05/04/2026 06:03:44,-999,1500,-999,3,1,1440
05/04/2026 06:04:00,-999,1500,-999,3,1,1440
05/04/2026 06:04:16,-999,1500,-999,3,1,1440
05/04/2026 06:04:32,-999,1500,-999,3,1,1360
05/04/2026 06:04:48,-999,1530,-999,3,1,1360
05/04/2026 06:05:04,-999,1530,-999,3,1,1380
05/04/2026 06:05:20,-999,1530,-999,3,1,1380
05/04/2026 06:05:36,-999,1540,-999,3,1,1440
05/04/2026 06:05:52,-999,1540,-999,3,1,1440
05/04/2026 06:06:08,-999,1540,-999,3,2,740
05/04/2026 06:06:24,-999,1540,-999,3,2,740
05/04/2026 06:06:40,-999,1550,-999,3,2,740
05/04/2026 06:06:56,-999,1550,-999,3,1,1460
05/04/2026 06:07:12,-999,1550,-999,3,1,1460
05/04/2026 06:07:28,-999,1550,-999,3,1,1450
05/04/2026 06:07:44,-999,930,-999,3,1,1450
05/04/2026 06:08:00,-999,930,-999,3,1,1430
05/04/2026 06:08:16,-999,900,-999,3,1,1430
05/04/2026 06:08:32,-999,930,-999,3,1,1440
05/04/2026 06:08:48,-999,930,-999,3,1,1440
05/04/2026 06:09:04,-999,930,-999,3,1,1440
05/04/2026 06:09:20,-999,930,-999,3,1,1460
05/04/2026 06:09:36,-999,930,-999,3,1,1460
05/04/2026 06:09:52,-999,940,-999,3,1,1490
05/04/2026 06:10:08,-999,940,-999,3,1,1490
05/04/2026 06:10:24,-999,950,-999,3,1,1490
05/04/2026 06:10:40,-999,950,-999,3,1,1490
05/04/2026 06:10:56,-999,960,-999,3,2,850
05/04/2026 06:11:12,-999,960,-999,3,2,850
05/04/2026 06:11:28,-999,960,-999,3,2,850
05/04/2026 06:11:44,-999,960,-999,3,2,830
05/04/2026 06:12:00,-999,960,-999,3,2,830
05/04/2026 06:12:16,-999,960,-999,3,2,870
05/04/2026 06:12:32,-999,960,-999,3,2,870
05/04/2026 06:12:48,-999,960,-999,3,1,870
05/04/2026 06:13:04,-999,90,-999,3,1,870
05/04/2026 06:13:20,-999,90,-999,3,2,890
05/04/2026 06:13:36,-999,90,-999,3,2,890
05/04/2026 06:13:52,-999,90,-999,3,2,890
05/04/2026 06:14:08,-999,90,-999,3,2,930
05/04/2026 06:14:24,-999,90,-999,3,2,930
05/04/2026 06:14:40,-999,90,-999,3,2,920
05/04/2026 06:14:56,-999,90,-999,3,2,920
05/04/2026 06:15:12,-999,90,-999,3,2,930
05/04/2026 06:15:28,-999,90,-999,3,2,930
05/04/2026 06:15:44,-999,90,-999,3,1,920
05/04/2026 06:16:00,-999,90,-999,3,1,920
05/04/2026 06:16:16,-999,90,-999,3,1,920
05/04/2026 06:16:32,-999,90,-999,3,2,930
05/04/2026 06:16:48,-999,90,-999,3,2,930
05/04/2026 06:17:04,-999,90,-999,3,3,560
05/04/2026 06:17:20,-999,90,-999,3,3,560
05/04/2026 06:17:36,-999,90,-999,3,3,550
05/04/2026 06:17:52,-999,90,-999,3,3,550
05/04/2026 06:18:08,-999,90,-999,3,1,550
05/04/2026 06:18:24,-999,90,-999,3,1,550
05/04/2026 06:18:40,-999,90,-999,3,1,550
05/04/2026 06:18:56,-999,90,-999,3,1,540
05/04/2026 06:19:12,-999,100,-999,3,1,540
05/04/2026 06:19:28,-999,100,-999,3,2,530
05/04/2026 06:19:44,-999,100,-999,3,2,530
05/04/2026 06:20:00,-999,100,-999,3,2,530
05/04/2026 06:20:16,-999,100,-999,3,2,530
05/04/2026 06:20:32,-999,100,-999,3,3,530
05/04/2026 06:20:48,-999,110,-999,3,3,530
05/04/2026 06:21:04,-999,110,-999,3,3,530
05/04/2026 06:21:20,-999,110,-999,3,2,680
05/04/2026 06:21:36,-999,110,-999,3,2,680
05/04/2026 06:21:52,-999,110,-999,3,1,1630
05/04/2026 06:22:08,-999,110,-999,3,1,1630
05/04/2026 06:22:24,-999,110,-999,3,1,1640
05/04/2026 06:22:40,-999,110,-999,3,1,1640
05/04/2026 06:22:56,-999,110,-999,3,1,1640
05/04/2026 06:23:12,-999,110,-999,3,1,1640
05/04/2026 06:23:28,-999,600,-999,3,1,1640
05/04/2026 06:23:44,-999,600,-999,3,1,1650
05/04/2026 06:24:00,-999,600,-999,3,1,1650
05/04/2026 06:24:16,-999,560,-999,3,2,530
05/04/2026 06:24:32,-999,560,-999,3,2,530
05/04/2026 06:24:48,-999,560,-999,3,2,880
05/04/2026 06:25:04,-999,560,-999,3,2,880
05/04/2026 06:25:20,-999,-999,-999,3,1,1660
05/04/2026 06:25:36,-999,-999,-999,3,1,1660
05/04/2026 06:25:52,-999,-999,-999,3,1,1660
05/04/2026 06:26:08,-999,560,-999,3,2,880
05/04/2026 06:26:24,-999,560,-999,3,2,880
05/04/2026 06:26:40,-999,560,-999,3,1,880
05/04/2026 06:26:56,-999,570,-999,3,1,880
05/04/2026 06:27:12,-999,570,-999,3,1,870
05/04/2026 06:27:28,-999,570,-999,3,1,870
05/04/2026 06:27:44,-999,570,-999,3,1,860
05/04/2026 06:28:00,-999,570,-999,3,1,860
05/04/2026 06:28:16,-999,570,-999,3,1,860
05/04/2026 06:28:32,-999,980,-999,3,2,860
05/04/2026 06:28:48,-999,980,-999,3,2,860
05/04/2026 06:29:04,-999,990,-999,3,2,1060
05/04/2026 06:29:20,-999,990,-999,3,2,1060
05/04/2026 06:29:36,-999,990,-999,3,2,1050
05/04/2026 06:29:52,-999,990,-999,3,2,1050
05/04/2026 06:30:08,-999,1050,-999,3,2,930
05/04/2026 06:30:24,-999,1050,-999,3,2,930
05/04/2026 06:30:40,-999,1050,-999,3,2,930
05/04/2026 06:30:56,-999,1050,-999,3,1,940
05/04/2026 06:31:12,-999,1040,-999,3,1,940
05/04/2026 06:31:28,-999,1040,-999,3,1,940
05/04/2026 06:31:44,-999,1040,-999,3,1,940
05/04/2026 06:32:00,-999,1040,-999,3,1,950
05/04/2026 06:32:16,-999,1050,-999,3,1,950
05/04/2026 06:32:32,-999,1050,-999,3,1,970
05/04/2026 06:32:48,-999,1060,-999,3,1,970
05/04/2026 06:33:04,-999,530,-999,3,1,970
05/04/2026 06:33:20,-999,530,-999,3,1,980
05/04/2026 06:33:36,-999,530,-999,3,1,980
05/04/2026 06:33:52,-999,530,-999,3,1,1020
05/04/2026 06:34:08,-999,530,-999,3,1,1020
05/04/2026 06:34:24,-999,530,-999,3,1,1040
05/04/2026 06:34:40,-999,530,-999,3,1,1040
05/04/2026 06:34:56,-999,530,-999,3,1,1030
05/04/2026 06:35:12,-999,530,-999,3,1,1030
05/04/2026 06:35:28,-999,530,-999,3,1,1030
05/04/2026 06:35:44,-999,530,-999,3,2,550
05/04/2026 06:36:00,-999,530,-999,3,2,550
05/04/2026 06:36:16,-999,580,-999,3,2,480
05/04/2026 06:36:32,-999,580,-999,3,2,480
05/04/2026 06:36:48,-999,580,-999,3,2,480
05/04/2026 06:37:04,-999,580,-999,3,2,480
05/04/2026 06:37:20,-999,580,-999,3,1,1070
05/04/2026 06:37:36,-999,580,-999,3,1,1070
05/04/2026 06:37:52,-999,580,-999,3,1,1070
05/04/2026 06:38:08,-999,580,-999,3,2,1060
05/04/2026 06:38:24,-999,580,-999,3,2,1060
05/04/2026 06:38:40,-999,570,-999,3,2,1090
05/04/2026 06:38:56,-999,570,-999,3,2,1090
05/04/2026 06:39:12,-999,570,-999,3,2,1120
05/04/2026 06:39:28,-999,570,-999,3,2,1120
05/04/2026 06:39:44,-999,570,-999,3,1,1170
05/04/2026 06:40:00,-999,570,-999,3,1,1170
05/04/2026 06:40:16,-999,1220,-999,3,1,1170
05/04/2026 06:40:32,-999,1220,-999,3,1,1190
05/04/2026 06:40:48,-999,1220,-999,3,1,1190
05/04/2026 06:41:04,-999,1260,-999,3,2,500
05/04/2026 06:41:20,-999,1260,-999,3,2,500
05/04/2026 06:41:36,-999,1260,-999,3,1,1070
05/04/2026 06:41:52,-999,1260,-999,3,1,1070
05/04/2026 06:42:08,-999,1260,-999,3,1,1080
05/04/2026 06:42:24,-999,1260,-999,3,1,1080
05/04/2026 06:42:40,-999,1280,-999,3,1,1080
05/04/2026 06:42:56,-999,1280,-999,3,1,1190
05/04/2026 06:43:12,-999,1280,-999,3,1,1190
05/04/2026 06:43:28,-999,1280,-999,3,1,1240
05/04/2026 06:43:44,-999,1280,-999,3,1,1240
05/04/2026 06:44:00,-999,1300,-999,3,1,1250
05/04/2026 06:44:16,-999,1300,-999,3,1,1250
05/04/2026 06:44:32,-999,1300,-999,3,1,1260
05/04/2026 06:44:48,-999,1330,-999,3,1,1260
05/04/2026 06:45:04,-999,1330,-999,3,1,1260
05/04/2026 06:45:20,-999,1370,-999,3,1,1270
05/04/2026 06:45:36,-999,1370,-999,3,1,1270
05/04/2026 06:45:52,-999,1380,-999,3,1,1290
05/04/2026 06:46:08,-999,1380,-999,3,1,1290
05/04/2026 06:46:24,-999,780,-999,3,2,670
05/04/2026 06:46:40,-999,770,-999,3,2,670
05/04/2026 06:46:56,-999,770,-999,3,1,1300
05/04/2026 06:47:12,-999,770,-999,3,1,1300
05/04/2026 06:47:28,-999,730,-999,3,1,1300
05/04/2026 06:47:44,-999,730,-999,3,1,1300
05/04/2026 06:48:00,-999,730,-999,3,1,1300
05/04/2026 06:48:16,-999,730,-999,3,1,1310
05/04/2026 06:48:32,-999,730,-999,3,1,1310
05/04/2026 06:48:48,-999,770,-999,3,1,1330
05/04/2026 06:49:04,-999,770,-999,3,1,1330
05/04/2026 06:49:20,-999,760,-999,3,1,1340
05/04/2026 06:49:36,-999,760,-999,3,1,1340
05/04/2026 06:49:52,-999,760,-999,3,1,1340
05/04/2026 06:50:08,-999,760,-999,3,2,780
05/04/2026 06:50:24,-999,770,-999,3,2,780
05/04/2026 06:50:40,-999,770,-999,3,2,670
05/04/2026 06:50:56,-999,770,-999,3,2,670
05/04/2026 06:51:12,-999,780,-999,3,2,710
05/04/2026 06:51:28,-999,780,-999,3,2,710
05/04/2026 06:51:44,-999,780,-999,3,2,700
05/04/2026 06:52:00,-999,810,-999,3,2,700
05/04/2026 06:52:16,-999,810,-999,3,2,700
05/04/2026 06:52:32,-999,810,-999,3,2,860
05/04/2026 06:52:48,-999,820,-999,3,2,860
05/04/2026 06:53:04,-999,820,-999,3,2,1360
05/04/2026 06:53:20,-999,830,-999,3,2,1360
05/04/2026 06:53:36,-999,830,-999,3,2,820
05/04/2026 06:53:52,-999,830,-999,3,2,820
05/04/2026 06:54:08,-999,830,-999,3,2,790
05/04/2026 06:54:24,-999,870,-999,3,2,790
05/04/2026 06:54:40,-999,870,-999,3,2,790
05/04/2026 06:54:56,-999,870,-999,3,2,760
05/04/2026 06:55:12,-999,870,-999,3,2,760
05/04/2026 06:55:28,-999,870,-999,3,2,720
05/04/2026 06:55:44,-999,870,-999,3,2,720
05/04/2026 06:56:00,-999,870,-999,3,2,740
05/04/2026 06:56:16,-999,870,-999,3,2,740
05/04/2026 06:56:32,-999,870,-999,3,2,740
05/04/2026 06:56:48,-999,850,-999,3,2,740
05/04/2026 06:57:04,-999,850,-999,3,2,740
05/04/2026 06:57:20,-999,850,-999,3,2,710
05/04/2026 06:57:36,-999,850,-999,3,2,710
05/04/2026 06:57:52,-999,840,-999,3,2,720
05/04/2026 06:58:08,-999,840,-999,3,2,720
05/04/2026 06:58:24,-999,840,-999,3,2,720
05/04/2026 06:58:40,-999,820,-999,3,2,720
05/04/2026 06:58:56,-999,820,-999,3,2,700
05/04/2026 06:59:12,-999,820,-999,3,2,700
05/04/2026 06:59:28,-999,820,-999,3,2,700
05/04/2026 06:59:44,-999,800,-999,3,1,1460
05/04/2026 07:00:00,1,800,870,3,1,1460
05/04/2026 07:00:16,1,800,870,3,1,1460
05/04/2026 07:00:32,1,800,870,3,1,1460
05/04/2026 07:00:48,1,800,870,3,1,1460
05/04/2026 07:01:04,1,800,870,3,1,1460
05/04/2026 07:01:20,1,800,870,3,1,1460
05/04/2026 07:01:36,1,800,870,3,1,1460
05/04/2026 07:01:52,1,800,870,3,1,1460
05/04/2026 07:02:08,1,800,870,3,1,1470
05/04/2026 07:02:24,1,800,870,3,1,1470
05/04/2026 07:02:40,1,800,870,3,1,1470
05/04/2026 07:02:56,1,800,870,3,1,1470
05/04/2026 07:03:12,1,800,870,3,1,1470
05/04/2026 07:03:28,1,780,870,3,1,1470
05/04/2026 07:03:44,1,780,870,3,1,1480
05/04/2026 07:04:00,1,780,870,3,1,1480
05/04/2026 07:04:16,1,770,870,3,1,1480
05/04/2026 07:04:32,1,770,870,3,1,1490
05/04/2026 07:04:48,1,770,870,3,1,1490
05/04/2026 07:05:04,1,1580,870,3,1,1500
05/04/2026 07:05:20,1,940,870,3,1,1500
05/04/2026 07:05:36,1,660,870,3,1,1500
05/04/2026 07:05:52,1,620,870,3,1,1500
05/04/2026 07:06:08,1,620,870,3,2,1010
05/04/2026 07:06:24,1,620,870,3,2,1010
05/04/2026 07:06:40,1,610,870,3,2,1010
05/04/2026 07:06:56,1,610,870,3,2,1030
05/04/2026 07:07:12,1,610,870,3,2,1030
05/04/2026 07:07:28,1,610,870,3,2,1000
05/04/2026 07:07:44,1,610,870,3,2,1000
05/04/2026 07:08:00,1,610,870,3,1,1010
05/04/2026 07:08:16,1,610,870,3,1,1010
05/04/2026 07:08:32,1,610,870,3,1,1010
05/04/2026 07:08:48,1,600,870,3,1,1010
05/04/2026 07:09:04,1,600,870,3,1,1010
05/04/2026 07:09:20,1,600,870,3,1,1030
05/04/2026 07:09:36,1,600,870,3,1,1030
05/04/2026 07:09:52,1,600,870,3,2,1020
05/04/2026 07:10:08,1,600,870,3,2,1020
05/04/2026 07:10:24,1,600,870,3,2,1080
05/04/2026 07:10:40,1,600,870,3,2,1080
05/04/2026 07:10:56,1,600,870,3,1,1530
05/04/2026 07:11:12,1,600,870,3,1,1530
05/04/2026 07:11:28,1,600,870,3,1,1530
05/04/2026 07:11:44,1,600,870,3,2,1140
05/04/2026 07:12:00,1,600,870,3,2,1140
05/04/2026 07:12:16,1,600,870,3,2,1140
05/04/2026 07:12:32,1,600,870,3,2,1140
05/04/2026 07:12:48,1,600,870,3,1,1520
05/04/2026 07:13:04,1,600,870,3,1,1520
05/04/2026 07:13:20,1,600,870,3,1,1530
05/04/2026 07:13:36,1,600,870,3,1,1530
05/04/2026 07:13:52,1,610,870,3,1,1530
05/04/2026 07:14:08,1,610,870,3,1,1540
05/04/2026 07:14:24,1,620,870,3,1,1540
05/04/2026 07:14:40,1,620,870,3,1,1540
05/04/2026 07:14:56,1,620,870,3,1,1540
05/04/2026 07:15:12,1,620,870,3,1,1540
05/04/2026 07:15:28,1,620,870,3,1,1540
05/04/2026 07:15:44,1,620,870,3,1,1550
05/04/2026 07:16:00,1,620,870,3,1,1550
05/04/2026 07:16:16,1,620,870,3,1,1550
05/04/2026 07:16:32,1,620,870,3,1,1560
05/04/2026 07:16:48,1,620,870,3,1,1560
05/04/2026 07:17:04,1,620,870,3,2,1070
05/04/2026 07:17:20,1,620,870,3,2,1070
05/04/2026 07:17:36,1,620,870,3,2,1100
05/04/2026 07:17:52,1,620,870,3,2,1100
05/04/2026 07:18:08,1,630,870,3,1,1590
05/04/2026 07:18:24,1,630,870,3,1,1590
05/04/2026 07:18:40,1,630,870,3,1,1590
05/04/2026 07:18:56,1,630,870,3,1,1600
05/04/2026 07:19:12,1,630,870,3,1,1600
05/04/2026 07:19:28,1,630,870,3,1,1560
05/04/2026 07:19:44,1,630,870,3,1,1560
05/04/2026 07:20:00,1,630,870,3,3,770
05/04/2026 07:20:16,1,630,870,3,3,770
05/04/2026 07:20:32,1,630,870,3,2,810
05/04/2026 07:20:48,1,630,870,3,2,810
05/04/2026 07:21:04,1,630,870,3,2,810
05/04/2026 07:21:20,1,630,870,3,1,1600
05/04/2026 07:21:36,1,630,870,3,1,1600
05/04/2026 07:21:52,1,1180,870,3,1,1590
05/04/2026 07:22:08,1,1700,870,3,1,1590
05/04/2026 07:22:24,1,1700,870,3,1,1590
05/04/2026 07:22:40,1,1700,870,3,1,1590
05/04/2026 07:22:56,1,1700,870,3,1,1620
05/04/2026 07:23:12,1,-999,870,3,1,1620
05/04/2026 07:23:28,1,-999,870,3,1,1620
05/04/2026 07:23:44,1,-999,870,3,1,1640
05/04/2026 07:24:00,1,1780,870,3,1,1640
05/04/2026 07:24:16,1,700,870,3,1,1610
05/04/2026 07:24:32,1,700,870,3,1,1610
05/04/2026 07:24:48,1,680,870,3,2,1620
05/04/2026 07:25:04,1,680,870,3,2,1620
05/04/2026 07:25:20,1,680,870,3,1,1640
05/04/2026 07:25:36,1,680,870,3,1,1640
05/04/2026 07:25:52,1,680,870,3,1,1640
05/04/2026 07:26:08,1,680,870,3,1,1650
05/04/2026 07:26:24,1,680,870,3,1,1650
05/04/2026 07:26:40,1,670,870,3,1,1660
05/04/2026 07:26:56,1,660,870,3,1,1660
05/04/2026 07:27:12,1,660,870,3,1,1650
05/04/2026 07:27:28,1,650,870,3,1,1650
05/04/2026 07:27:44,1,650,870,3,2,1630
05/04/2026 07:28:00,1,650,870,3,2,1630
05/04/2026 07:28:16,1,650,870,3,2,1630
05/04/2026 07:28:32,1,650,870,3,2,1630
05/04/2026 07:28:48,1,650,870,3,2,1630
05/04/2026 07:29:04,1,650,870,3,2,1650
05/04/2026 07:29:20,1,650,870,3,2,1650
05/04/2026 07:29:36,1,650,870,3,2,1670
05/04/2026 07:29:52,1,650,870,3,2,1670
05/04/2026 07:30:08,1,650,870,3,1,1670
05/04/2026 07:30:24,1,650,870,3,1,1670
05/04/2026 07:30:40,1,650,870,3,1,1670
05/04/2026 07:30:56,1,650,870,3,1,1680
05/04/2026 07:31:12,1,650,870,3,1,1680
05/04/2026 07:31:28,1,650,870,3,3,590
05/04/2026 07:31:44,1,650,870,3,3,590
05/04/2026 07:32:00,1,650,870,3,2,640
05/04/2026 07:32:16,1,650,870,3,2,640
05/04/2026 07:32:32,1,650,870,3,2,600
05/04/2026 07:32:48,1,650,870,3,2,600
05/04/2026 07:33:04,1,650,870,3,2,600
05/04/2026 07:33:20,1,660,870,3,1,610
05/04/2026 07:33:36,1,660,870,3,1,610
05/04/2026 07:33:52,1,660,870,3,3,630
05/04/2026 07:34:08,1,660,870,3,3,630
05/04/2026 07:34:24,1,720,870,3,1,1740
05/04/2026 07:34:40,1,720,870,3,1,1740
05/04/2026 07:34:56,1,720,870,3,3,690
05/04/2026 07:35:12,1,720,870,3,3,690
05/04/2026 07:35:28,1,720,870,3,3,690
05/04/2026 07:35:44,1,720,870,3,3,660
05/04/2026 07:36:00,1,740,870,3,3,660
05/04/2026 07:36:16,1,740,870,3,2,730
05/04/2026 07:36:32,1,790,870,3,2,730
05/04/2026 07:36:48,1,790,870,3,2,740
05/04/2026 07:37:04,1,810,870,3,2,740
05/04/2026 07:37:20,1,810,870,3,3,690
05/04/2026 07:37:36,1,810,870,3,3,690
05/04/2026 07:37:52,1,810,870,3,3,690
05/04/2026 07:38:08,1,810,870,3,2,670
05/04/2026 07:38:24,1,790,870,3,2,670
05/04/2026 07:38:40,1,790,870,3,2,670
05/04/2026 07:38:56,1,790,870,3,2,670
05/04/2026 07:39:12,1,780,870,3,3,660
05/04/2026 07:39:28,1,780,870,3,3,660
05/04/2026 07:39:44,1,760,870,3,2,970
05/04/2026 07:40:00,1,760,870,3,2,970
05/04/2026 07:40:16,1,740,870,3,2,970
05/04/2026 07:40:32,1,740,870,3,2,980
05/04/2026 07:40:48,1,710,870,3,2,980
05/04/2026 07:41:04,1,710,870,3,2,980
05/04/2026 07:41:20,1,710,870,3,2,980
05/04/2026 07:41:36,1,710,870,3,1,1770
05/04/2026 07:41:52,1,710,870,3,1,1770
05/04/2026 07:42:08,1,710,870,3,2,1090
05/04/2026 07:42:24,1,710,870,3,2,1090
05/04/2026 07:42:40,1,660,870,3,2,1090
05/04/2026 07:42:56,1,660,870,3,2,1080
05/04/2026 07:43:12,1,610,870,3,2,1080
05/04/2026 07:43:28,1,640,870,3,2,1080
05/04/2026 07:43:44,1,610,870,3,2,1080
05/04/2026 07:44:00,1,610,870,3,3,930
05/04/2026 07:44:16,1,1170,870,3,3,930
05/04/2026 07:44:32,1,1170,870,3,1,940
05/04/2026 07:44:48,1,1170,870,3,1,940
05/04/2026 07:45:04,1,1170,870,3,1,940
05/04/2026 07:45:20,1,1180,870,3,1,1100
05/04/2026 07:45:36,1,1180,870,3,1,1100
05/04/2026 07:45:52,1,1180,870,3,1,1100
05/04/2026 07:46:08,1,1180,870,3,1,1100
05/04/2026 07:46:24,1,1180,870,3,1,1080
05/04/2026 07:46:40,1,1190,870,3,1,1080
05/04/2026 07:46:56,1,1190,870,3,1,1120
05/04/2026 07:47:12,1,1200,870,3,1,1120
05/04/2026 07:47:28,1,1200,870,3,1,1120
05/04/2026 07:47:44,1,1210,870,3,1,1030
05/04/2026 07:48:00,1,1210,870,3,1,1030
05/04/2026 07:48:16,1,1200,870,3,1,960
05/04/2026 07:48:32,1,1200,870,3,1,960
05/04/2026 07:48:48,1,1200,870,3,1,920
05/04/2026 07:49:04,1,1200,870,3,1,920
05/04/2026 07:49:20,1,1210,870,3,1,890
05/04/2026 07:49:36,1,-999,870,3,1,890
05/04/2026 07:49:52,1,-999,870,3,1,890
05/04/2026 07:50:08,1,-999,870,3,1,820
05/04/2026 07:50:24,1,-999,870,3,1,820
05/04/2026 07:50:40,1,-999,870,3,1,790
05/04/2026 07:50:56,1,-999,870,3,1,790
05/04/2026 07:51:12,1,-999,870,3,1,760
05/04/2026 07:51:28,1,-999,870,3,1,760
05/04/2026 07:51:44,1,-999,870,3,1,740
05/04/2026 07:52:00,1,-999,870,3,1,740
05/04/2026 07:52:16,1,-999,870,3,1,740
05/04/2026 07:52:32,1,-999,870,3,2,730
05/04/2026 07:52:48,1,-999,870,3,2,730
05/04/2026 07:53:04,1,-999,870,3,1,1020
05/04/2026 07:53:20,1,-999,870,3,1,1020
05/04/2026 07:53:36,1,-999,870,3,2,750
05/04/2026 07:53:52,1,-999,870,3,2,750
05/04/2026 07:54:08,1,-999,870,3,1,1050
05/04/2026 07:54:24,1,-999,870,3,1,1050
05/04/2026 07:54:40,1,-999,870,3,1,1050
05/04/2026 07:54:56,1,-999,870,3,2,780
05/04/2026 07:55:12,1,-999,870,3,2,780
05/04/2026 07:55:28,1,-999,870,3,2,580
05/04/2026 07:55:44,1,-999,870,3,2,580
05/04/2026 07:56:00,1,-999,870,3,2,590
05/04/2026 07:56:16,1,-999,870,3,2,590
05/04/2026 07:56:32,1,-999,870,3,2,1000
05/04/2026 07:56:48,1,-999,870,3,2,1000
05/04/2026 07:57:04,1,-999,870,3,2,1000
05/04/2026 07:57:20,1,-999,870,3,1,1210
05/04/2026 07:57:36,1,-999,870,3,1,1210
05/04/2026 07:57:52,1,-999,870,3,1,1260
05/04/2026 07:58:08,1,-999,870,3,1,1260
05/04/2026 07:58:24,1,-999,870,3,1,1280
05/04/2026 07:58:40,1,-999,870,3,1,1280
05/04/2026 07:58:56,1,-999,870,3,1,1150
05/04/2026 07:59:12,1,-999,870,3,1,1150
05/04/2026 07:59:28,1,-999,870,3,1,1150
05/04/2026 07:59:44,1,-999,870,3,1,1110
05/04/2026 08:00:00,1,-999,650,3,1,1110
05/04/2026 08:00:16,1,-999,650,3,2,1110
05/04/2026 08:00:32,1,-999,650,3,2,1110
05/04/2026 08:00:48,1,-999,650,3,2,1170
05/04/2026 08:01:04,1,-999,650,3,2,1170
05/04/2026 08:01:20,1,-999,650,3,1,1150
05/04/2026 08:01:36,1,-999,650,3,1,1150
05/04/2026 08:01:52,1,-999,650,3,1,1150
05/04/2026 08:02:08,1,-999,650,3,1,1150
05/04/2026 08:02:24,1,-999,650,3,1,1150
05/04/2026 08:02:40,1,-999,650,3,1,1210
05/04/2026 08:02:56,1,-999,650,3,1,1210
05/04/2026 08:03:12,1,-999,650,3,1,1380
05/04/2026 08:03:28,1,-999,650,3,1,1380
05/04/2026 08:03:44,1,-999,650,3,1,1440
05/04/2026 08:04:00,1,-999,650,3,1,1440
05/04/2026 08:04:16,1,-999,650,3,1,1440
05/04/2026 08:04:32,1,-999,650,3,2,1210
05/04/2026 08:04:48,1,-999,650,3,2,1210
05/04/2026 08:05:04,1,-999,650,3,2,1450
05/04/2026 08:05:20,1,-999,650,3,2,1450
05/04/2026 08:05:36,1,-999,650,3,2,1070
05/04/2026 08:05:52,1,-999,650,3,2,1070
05/04/2026 08:06:08,1,-999,650,3,1,970
05/04/2026 08:06:24,1,-999,650,3,1,970
05/04/2026 08:06:40,1,-999,650,3,1,970
05/04/2026 08:06:56,1,-999,650,3,1,950
05/04/2026 08:07:12,1,-999,650,3,1,950
05/04/2026 08:07:28,1,-999,650,3,1,910
05/04/2026 08:07:44,1,-999,650,3,1,910
05/04/2026 08:08:00,1,-999,650,3,1,910
05/04/2026 08:08:16,1,-999,650,3,1,910
05/04/2026 08:08:32,1,-999,650,3,1,1020
05/04/2026 08:08:48,1,-999,650,3,1,1020
05/04/2026 08:09:04,1,-999,650,3,1,1020
05/04/2026 08:09:20,1,-999,650,3,1,1060
05/04/2026 08:09:36,1,-999,650,3,1,1060
05/04/2026 08:09:52,1,-999,650,3,1,1110
05/04/2026 08:10:08,1,-999,650,3,1,1110
05/04/2026 08:10:24,1,-999,650,3,1,1120
05/04/2026 08:10:40,1,-999,650,3,1,1120
05/04/2026 08:10:56,1,-999,650,3,1,1130
05/04/2026 08:11:12,1,1220,650,3,1,1130
05/04/2026 08:11:28,1,1220,650,3,1,1130
05/04/2026 08:11:44,1,1220,650,3,1,1160
05/04/2026 08:12:00,1,320,650,3,1,1160
05/04/2026 08:12:16,1,320,650,3,1,1190
05/04/2026 08:12:32,1,320,650,3,1,1190
05/04/2026 08:12:48,1,330,650,3,1,1220
05/04/2026 08:13:04,1,330,650,3,1,1220
05/04/2026 08:13:20,1,330,650,3,1,1240
05/04/2026 08:13:36,1,330,650,3,1,1240
05/04/2026 08:13:52,1,1330,650,3,1,1240
05/04/2026 08:14:08,1,1360,650,3,1,1270
05/04/2026 08:14:24,1,1360,650,3,1,1270
05/04/2026 08:14:40,1,1380,650,3,1,1300
05/04/2026 08:14:56,1,1380,650,3,1,1300
05/04/2026 08:15:12,1,1400,650,3,1,1320
05/04/2026 08:15:28,1,1400,650,3,1,1320
05/04/2026 08:15:44,1,1400,650,3,1,1370
05/04/2026 08:16:00,1,1450,650,3,1,1370
05/04/2026 08:16:16,1,1450,650,3,1,1370
05/04/2026 08:16:32,1,1460,650,3,1,1450
05/04/2026 08:16:48,1,1460,650,3,1,1450
05/04/2026 08:17:04,1,1470,650,3,3,1430
05/04/2026 08:17:20,1,1470,650,3,3,1430
05/04/2026 08:17:36,1,1530,650,3,1,2250
05/04/2026 08:17:52,1,1530,650,3,1,2250
05/04/2026 08:18:08,1,1530,650,3,1,2340
05/04/2026 08:18:24,1,1530,650,3,1,2340
05/04/2026 08:18:40,1,1540,650,3,1,2340
05/04/2026 08:18:56,1,1540,650,3,1,2300
05/04/2026 08:19:12,1,1540,650,3,1,2300
05/04/2026 08:19:28,1,1560,650,3,2,1690
05/04/2026 08:19:44,1,-999,650,3,2,1690
05/04/2026 08:20:00,1,-999,650,3,2,1540
05/04/2026 08:20:16,1,1020,650,3,2,1540
05/04/2026 08:20:32,1,-999,650,3,2,1540
05/04/2026 08:20:48,1,-999,650,3,2,1540
05/04/2026 08:21:04,1,-999,650,3,2,1540
05/04/2026 08:21:20,1,950,650,3,1,1550
05/04/2026 08:21:36,1,940,650,3,1,1550
05/04/2026 08:21:52,1,940,650,3,1,1420
05/04/2026 08:22:08,1,910,650,3,1,1420
05/04/2026 08:22:24,1,910,650,3,1,1420
05/04/2026 08:22:40,1,900,650,3,1,1420
05/04/2026 08:22:56,1,900,650,3,1,1440
05/04/2026 08:23:12,1,900,650,3,1,1440
05/04/2026 08:23:28,1,900,650,3,1,1440
05/04/2026 08:23:44,1,900,650,3,1,1420
05/04/2026 08:24:00,1,900,650,3,1,1420
05/04/2026 08:24:16,1,900,650,3,1,1410
05/04/2026 08:24:32,1,900,650,3,1,1410
05/04/2026 08:24:48,1,900,650,3,1,1410
05/04/2026 08:25:04,1,900,650,3,1,1410
05/04/2026 08:25:20,1,900,650,3,1,1430
05/04/2026 08:25:36,1,900,650,3,1,1430
05/04/2026 08:25:52,1,900,650,3,1,1430
05/04/2026 08:26:08,1,900,650,3,1,1420
05/04/2026 08:26:24,1,900,650,3,1,1420
05/04/2026 08:26:40,1,900,650,3,1,1420
05/04/2026 08:26:56,1,890,650,3,1,1420
05/04/2026 08:27:12,1,890,650,3,1,1290
05/04/2026 08:27:28,1,890,650,3,1,1290
05/04/2026 08:27:44,1,890,650,3,1,1270
05/04/2026 08:28:00,1,890,650,3,1,1270
05/04/2026 08:28:16,1,890,650,3,1,1270
05/04/2026 08:28:32,1,880,650,3,1,1480
05/04/2026 08:28:48,1,880,650,3,1,1480
05/04/2026 08:29:04,1,880,650,3,1,1530
05/04/2026 08:29:20,1,870,650,3,1,1530
05/04/2026 08:29:36,1,870,650,3,1,1690
05/04/2026 08:29:52,1,860,650,3,1,1690
05/04/2026 08:30:08,1,860,650,3,1,1680
05/04/2026 08:30:24,1,860,650,3,1,1680
05/04/2026 08:30:40,1,860,650,3,1,1680
05/04/2026 08:30:56,1,860,650,3,1,1710
05/04/2026 08:31:12,1,860,650,3,1,1710
05/04/2026 08:31:28,1,860,650,3,1,1720
05/04/2026 08:31:44,1,870,650,3,1,1720
05/04/2026 08:32:00,1,880,650,3,1,1700
05/04/2026 08:32:16,1,880,650,3,1,1700
05/04/2026 08:32:32,1,880,650,3,1,1690
05/04/2026 08:32:48,1,880,650,3,1,1690
05/04/2026 08:33:04,1,880,650,3,1,1690
05/04/2026 08:33:20,1,880,650,3,1,1670
05/04/2026 08:33:36,1,880,650,3,1,1670
05/04/2026 08:33:52,1,800,650,3,0,-999
05/04/2026 08:34:08,1,800,650,3,0,-999
05/04/2026 08:34:24,1,820,650,3,0,-999
05/04/2026 08:34:40,1,840,650,3,0,-999
05/04/2026 08:34:56,1,880,650,3,0,-999
05/04/2026 08:35:12,1,1380,650,3,0,-999
05/04/2026 08:35:28,1,1310,650,3,0,-999
05/04/2026 08:35:44,1,1310,650,3,0,-999
05/04/2026 08:36:00,1,1230,650,3,0,-999
05/04/2026 08:36:16,1,1200,650,3,0,-999
05/04/2026 08:36:32,1,1240,650,3,0,-999
05/04/2026 08:36:48,1,1250,650,3,0,-999
05/04/2026 08:37:04,1,1250,650,3,0,-999
05/04/2026 08:37:20,1,1850,650,3,0,-999
05/04/2026 08:37:36,1,1850,650,3,0,-999
05/04/2026 08:37:52,1,1850,650,3,0,-999
05/04/2026 08:38:08,1,890,650,3,1,1530
05/04/2026 08:38:24,1,890,650,3,1,1530
05/04/2026 08:38:40,1,890,650,3,1,1530
05/04/2026 08:38:56,1,890,650,3,1,1530
05/04/2026 08:39:12,1,890,650,3,1,1710
05/04/2026 08:39:28,1,890,650,3,1,1710
05/04/2026 08:39:44,1,890,650,3,1,1590
05/04/2026 08:40:00,1,890,650,3,1,1590
05/04/2026 08:40:16,1,890,650,3,1,1590
05/04/2026 08:40:32,1,890,650,3,1,1600
05/04/2026 08:40:48,1,890,650,3,1,1600
05/04/2026 08:41:04,1,890,650,3,1,1610
05/04/2026 08:41:20,1,890,650,3,1,1610
05/04/2026 08:41:36,1,890,650,3,1,1640
05/04/2026 08:41:52,1,890,650,3,1,1640
05/04/2026 08:42:08,1,890,650,3,2,350
05/04/2026 08:42:24,1,1770,650,3,2,350
05/04/2026 08:42:40,1,1770,650,3,2,350
05/04/2026 08:42:56,1,260,650,3,2,390
05/04/2026 08:43:12,1,260,650,3,2,390
05/04/2026 08:43:28,1,260,650,3,2,370
05/04/2026 08:43:44,1,260,650,3,2,370
05/04/2026 08:44:00,1,260,650,3,1,330
05/04/2026 08:44:16,1,260,650,3,1,330
05/04/2026 08:44:32,1,210,650,3,2,310
05/04/2026 08:44:48,1,430,650,3,2,310
05/04/2026 08:45:04,1,430,650,3,2,310
05/04/2026 08:45:20,1,430,650,3,2,340
05/04/2026 08:45:36,1,420,650,3,2,340
05/04/2026 08:45:52,1,430,650,3,2,350
05/04/2026 08:46:08,1,430,650,3,2,350
05/04/2026 08:46:24,1,420,650,3,1,250
05/04/2026 08:46:40,1,420,650,3,1,250
05/04/2026 08:46:56,1,420,650,3,1,1730
05/04/2026 08:47:12,1,420,650,3,1,1730
05/04/2026 08:47:28,1,400,650,3,1,1730
05/04/2026 08:47:44,1,400,650,3,2,250
05/04/2026 08:48:00,1,400,650,3,2,250
05/04/2026 08:48:16,1,330,650,3,2,240
05/04/2026 08:48:32,1,330,650,3,2,240
05/04/2026 08:48:48,1,330,650,3,1,1770
05/04/2026 08:49:04,1,320,650,3,1,1770
05/04/2026 08:49:20,1,1770,650,3,0,-999
05/04/2026 08:49:36,1,1770,650,3,0,-999
05/04/2026 08:49:52,1,1770,650,3,0,-999
05/04/2026 08:50:08,1,1180,650,3,0,-999
05/04/2026 08:50:24,1,1180,650,3,0,-999
05/04/2026 08:50:40,1,1100,650,3,0,-999
05/04/2026 08:50:56,1,1050,650,3,0,-999
05/04/2026 08:51:12,1,310,650,3,2,440
05/04/2026 08:51:28,1,300,650,3,2,440
05/04/2026 08:51:44,1,940,650,3,1,1790
05/04/2026 08:52:00,1,940,650,3,1,1790
05/04/2026 08:52:16,1,940,650,3,1,1790
05/04/2026 08:52:32,1,940,650,3,2,430
05/04/2026 08:52:48,1,940,650,3,2,430
05/04/2026 08:53:04,1,420,650,3,1,350
05/04/2026 08:53:20,1,420,650,3,1,350
05/04/2026 08:53:36,1,450,650,3,1,380
05/04/2026 08:53:52,1,450,650,3,1,380
05/04/2026 08:54:08,1,450,650,3,2,300
05/04/2026 08:54:24,1,450,650,3,2,300
05/04/2026 08:54:40,1,450,650,3,2,300
05/04/2026 08:54:56,1,450,650,3,2,340
05/04/2026 08:55:12,1,420,650,3,2,340
05/04/2026 08:55:28,1,420,650,3,2,1380
05/04/2026 08:55:44,1,420,650,3,2,1380
05/04/2026 08:56:00,1,390,650,3,2,600
05/04/2026 08:56:16,1,390,650,3,2,600
05/04/2026 08:56:32,1,390,650,3,2,530
05/04/2026 08:56:48,1,390,650,3,2,530
05/04/2026 08:57:04,1,390,650,3,2,530
05/04/2026 08:57:20,1,390,650,3,1,1690
05/04/2026 08:57:36,1,390,650,3,1,1690
05/04/2026 08:57:52,1,390,650,3,3,520
05/04/2026 08:58:08,1,390,650,3,3,520
05/04/2026 08:58:24,1,370,650,3,1,1690
05/04/2026 08:58:40,1,360,650,3,1,1690
05/04/2026 08:58:56,1,360,650,3,1,1650
05/04/2026 08:59:12,1,360,650,3,1,1650
05/04/2026 08:59:28,1,320,650,3,1,1650
05/04/2026 08:59:44,1,320,650,3,1,1620
05/04/2026 09:00:00,1,320,890,3,1,1620
05/04/2026 09:00:16,1,580,890,3,3,490
05/04/2026 09:00:32,1,580,890,3,3,490
05/04/2026 09:00:48,1,580,890,3,2,520
05/04/2026 09:01:04,1,580,890,3,2,520
05/04/2026 09:01:20,1,320,890,3,2,610
05/04/2026 09:01:36,1,320,890,3,2,610
05/04/2026 09:01:52,1,320,890,3,2,610
05/04/2026 09:02:08,1,320,890,3,2,540
05/04/2026 09:02:24,1,320,890,3,2,540
05/04/2026 09:02:40,1,320,890,3,2,430
05/04/2026 09:02:56,1,600,890,3,2,430
05/04/2026 09:03:12,1,600,890,3,2,410
05/04/2026 09:03:28,1,600,890,3,2,410
05/04/2026 09:03:44,1,600,890,3,2,410
05/04/2026 09:04:00,1,550,890,3,2,410
05/04/2026 09:04:16,1,510,890,3,2,410
05/04/2026 09:04:32,1,510,890,3,1,1470
05/04/2026 09:04:48,1,500,890,3,1,1470
05/04/2026 09:05:04,1,500,890,3,1,1480
05/04/2026 09:05:20,1,500,890,3,1,1480
05/04/2026 09:05:36,1,500,890,3,1,1670
05/04/2026 09:05:52,1,510,890,3,1,1670
05/04/2026 09:06:08,1,510,890,3,2,620
05/04/2026 09:06:24,1,510,890,3,2,620
05/04/2026 09:06:40,1,500,890,3,2,620
05/04/2026 09:06:56,1,500,890,3,2,390
05/04/2026 09:07:12,1,490,890,3,2,390
05/04/2026 09:07:28,1,490,890,3,2,410
05/04/2026 09:07:44,1,490,890,3,2,410
05/04/2026 09:08:00,1,490,890,3,2,400
05/04/2026 09:08:16,1,490,890,3,2,400
05/04/2026 09:08:32,1,760,890,3,2,370
05/04/2026 09:08:48,1,760,890,3,2,370
05/04/2026 09:09:04,1,-999,890,3,2,370
05/04/2026 09:09:20,1,-999,890,3,2,400
05/04/2026 09:09:36,1,510,890,3,2,400
05/04/2026 09:09:52,1,510,890,3,1,390
05/04/2026 09:10:08,1,510,890,3,1,390
05/04/2026 09:10:24,1,500,890,3,1,380
05/04/2026 09:10:40,1,500,890,3,1,380
05/04/2026 09:10:56,1,510,890,3,2,480
05/04/2026 09:11:12,1,510,890,3,2,480
05/04/2026 09:11:28,1,510,890,3,2,480
05/04/2026 09:11:44,1,510,890,3,2,340
05/04/2026 09:12:00,1,500,890,3,2,340
05/04/2026 09:12:16,1,470,890,3,2,330
05/04/2026 09:12:32,1,470,890,3,2,330
05/04/2026 09:12:48,1,460,890,3,3,330
05/04/2026 09:13:04,1,460,890,3,3,330
05/04/2026 09:13:20,1,460,890,3,2,580
05/04/2026 09:13:36,1,440,890,3,2,580
05/04/2026 09:13:52,1,440,890,3,2,580
05/04/2026 09:14:08,1,660,890,3,2,570
05/04/2026 09:14:24,1,660,890,3,2,570
05/04/2026 09:14:40,1,660,890,3,3,570
05/04/2026 09:14:56,1,660,890,3,3,570
05/04/2026 09:15:12,1,660,890,3,2,1300
05/04/2026 09:15:28,1,660,890,3,2,1300
05/04/2026 09:15:44,1,660,890,3,1,1990
05/04/2026 09:16:00,1,660,890,3,1,1990
05/04/2026 09:16:16,1,660,890,3,1,1990
05/04/2026 09:16:32,1,1060,890,3,0,-999
05/04/2026 09:16:48,1,1050,890,3,0,-999
05/04/2026 09:17:04,1,670,890,3,1,1840
05/04/2026 09:17:20,1,740,890,3,1,1840
05/04/2026 09:17:36,1,740,890,3,1,1840
05/04/2026 09:17:52,1,740,890,3,1,1840
05/04/2026 09:18:08,1,740,890,3,1,1880
05/04/2026 09:18:24,1,740,890,3,1,1880
05/04/2026 09:18:40,1,740,890,3,1,1880
05/04/2026 09:18:56,1,740,890,3,1,1870
05/04/2026 09:19:12,1,720,890,3,1,1870
05/04/2026 09:19:28,1,910,890,3,0,-999
05/04/2026 09:19:44,1,930,890,3,0,-999
05/04/2026 09:20:00,1,960,890,3,0,-999
05/04/2026 09:20:16,1,990,890,3,0,-999
05/04/2026 09:20:32,1,1000,890,3,0,-999
05/04/2026 09:20:48,1,1010,890,3,0,-999
05/04/2026 09:21:04,1,1020,890,3,0,-999
05/04/2026 09:21:20,1,1040,890,3,0,-999
05/04/2026 09:21:36,1,1050,890,3,0,-999
05/04/2026 09:21:52,1,1070,890,3,0,-999
05/04/2026 09:22:08,1,1090,890,3,0,-999
05/04/2026 09:22:24,1,1110,890,3,0,-999
05/04/2026 09:22:40,1,1130,890,3,0,-999
05/04/2026 09:22:56,1,1190,890,3,0,-999
05/04/2026 09:23:12,1,1260,890,3,0,-999
05/04/2026 09:23:28,1,1340,890,3,0,-999
05/04/2026 09:23:44,1,710,890,3,2,1300
05/04/2026 09:24:00,1,710,890,3,2,1300
05/04/2026 09:24:16,1,710,890,3,1,1270
05/04/2026 09:24:32,1,710,890,3,1,1270
05/04/2026 09:24:48,1,720,890,3,2,1280
05/04/2026 09:25:04,1,720,890,3,2,1280
05/04/2026 09:25:20,1,720,890,3,2,1320
05/04/2026 09:25:36,1,720,890,3,2,1320
05/04/2026 09:25:52,1,770,890,3,2,1320
05/04/2026 09:26:08,1,780,890,3,1,1870
05/04/2026 09:26:24,1,810,890,3,1,1870
05/04/2026 09:26:40,1,820,890,3,1,1880
05/04/2026 09:26:56,1,830,890,3,1,1880
05/04/2026 09:27:12,1,840,890,3,1,1880
05/04/2026 09:27:28,1,850,890,3,1,1880
05/04/2026 09:27:44,1,850,890,3,1,1890
05/04/2026 09:28:00,1,860,890,3,1,1890
05/04/2026 09:28:16,1,860,890,3,1,1890
05/04/2026 09:28:32,1,870,890,3,1,1900
05/04/2026 09:28:48,1,870,890,3,1,1900
05/04/2026 09:29:04,1,880,890,3,1,1890
05/04/2026 09:29:20,1,880,890,3,1,1890
05/04/2026 09:29:36,1,880,890,3,1,1890
05/04/2026 09:29:52,1,880,890,3,1,1890
05/04/2026 09:30:08,1,880,890,3,1,1890
05/04/2026 09:30:24,1,880,890,3,1,1890
05/04/2026 09:30:40,1,880,890,3,1,1890
05/04/2026 09:30:56,1,880,890,3,1,1900
05/04/2026 09:31:12,1,880,890,3,1,1900
05/04/2026 09:31:28,1,880,890,3,1,1890
05/04/2026 09:31:44,1,880,890,3,1,1890
05/04/2026 09:32:00,1,890,890,3,1,1900
05/04/2026 09:32:16,1,890,890,3,1,1900
05/04/2026 09:32:32,1,890,890,3,1,1900
05/04/2026 09:32:48,1,890,890,3,1,1900
05/04/2026 09:33:04,1,890,890,3,1,1900
05/04/2026 09:33:20,1,890,890,3,1,1910
05/04/2026 09:33:36,1,890,890,3,1,1910
05/04/2026 09:33:52,1,890,890,3,2,1290
05/04/2026 09:34:08,1,890,890,3,2,1290
05/04/2026 09:34:24,1,890,890,3,1,1290
05/04/2026 09:34:40,1,890,890,3,1,1290
05/04/2026 09:34:56,1,890,890,3,1,1300
05/04/2026 09:35:12,1,890,890,3,1,1300
05/04/2026 09:35:28,1,890,890,3,1,1300
05/04/2026 09:35:44,1,900,890,3,1,1330
05/04/2026 09:36:00,1,900,890,3,1,1330
05/04/2026 09:36:16,1,900,890,3,1,1360
05/04/2026 09:36:32,1,900,890,3,1,1360
05/04/2026 09:36:48,1,900,890,3,1,1340
05/04/2026 09:37:04,1,900,890,3,1,1340
05/04/2026 09:37:20,1,900,890,3,1,1320
05/04/2026 09:37:36,1,900,890,3,1,1320
05/04/2026 09:37:52,1,900,890,3,1,1320
05/04/2026 09:38:08,1,910,890,3,1,1320
05/04/2026 09:38:24,1,910,890,3,1,1320
05/04/2026 09:38:40,1,910,890,3,1,1330
05/04/2026 09:38:56,1,910,890,3,1,1330
05/04/2026 09:39:12,1,1720,890,3,0,-999
05/04/2026 09:39:28,1,1700,890,3,0,-999
05/04/2026 09:39:44,1,1630,890,3,0,-999
05/04/2026 09:40:00,1,1610,890,3,0,-999
05/04/2026 09:40:16,1,1610,890,3,0,-999
05/04/2026 09:40:32,1,930,890,3,1,1350
05/04/2026 09:40:48,1,930,890,3,1,1350
05/04/2026 09:41:04,1,930,890,3,1,1370
05/04/2026 09:41:20,1,930,890,3,1,1370
05/04/2026 09:41:36,1,930,890,3,1,1370
05/04/2026 09:41:52,1,930,890,3,1,1370
05/04/2026 09:42:08,1,930,890,3,1,1370
05/04/2026 09:42:24,1,930,890,3,1,1370
05/04/2026 09:42:40,1,930,890,3,1,1370
05/04/2026 09:42:56,1,1470,890,3,1,1460
05/04/2026 09:43:12,1,1470,890,3,1,1460
05/04/2026 09:43:28,1,1470,890,3,2,670
05/04/2026 09:43:44,1,1470,890,3,2,670
05/04/2026 09:44:00,1,2100,890,3,2,650
05/04/2026 09:44:16,1,2100,890,3,2,650
05/04/2026 09:44:32,1,-999,890,3,1,1560
05/04/2026 09:44:48,1,-999,890,3,1,1560
05/04/2026 09:45:04,1,-999,890,3,1,1560
05/04/2026 09:45:20,1,-999,890,3,2,800
05/04/2026 09:45:36,1,-999,890,3,2,800
05/04/2026 09:45:52,1,-999,890,3,2,780
05/04/2026 09:46:08,1,-999,890,3,2,780
05/04/2026 09:46:24,1,-999,890,3,2,780
05/04/2026 09:46:40,1,890,890,3,2,780
05/04/2026 09:46:56,1,890,890,3,2,700
05/04/2026 09:47:12,1,870,890,3,2,700
05/04/2026 09:47:28,1,870,890,3,2,700
05/04/2026 09:47:44,1,890,890,3,3,620
05/04/2026 09:48:00,1,890,890,3,3,620
05/04/2026 09:48:16,1,890,890,3,2,570
05/04/2026 09:48:32,1,890,890,3,2,570
05/04/2026 09:48:48,1,890,890,3,2,580
05/04/2026 09:49:04,1,890,890,3,2,580
05/04/2026 09:49:20,1,890,890,3,1,1390
05/04/2026 09:49:36,1,-999,890,3,1,1390
05/04/2026 09:49:52,1,-999,890,3,1,1390
05/04/2026 09:50:08,1,-999,890,3,2,1300
05/04/2026 09:50:24,1,-999,890,3,2,1300
05/04/2026 09:50:40,1,-999,890,3,1,1220
05/04/2026 09:50:56,1,-999,890,3,1,1220
05/04/2026 09:51:12,1,-999,890,3,2,710
05/04/2026 09:51:28,1,-999,890,3,2,710
05/04/2026 09:51:44,1,-999,890,3,1,670
05/04/2026 09:52:00,1,-999,890,3,1,670
05/04/2026 09:52:16,1,-999,890,3,1,670
05/04/2026 09:52:32,1,-999,890,3,2,670
05/04/2026 09:52:48,1,-999,890,3,2,670
05/04/2026 09:53:04,1,830,890,3,1,700
05/04/2026 09:53:20,1,830,890,3,1,700
05/04/2026 09:53:36,1,830,890,3,2,670
05/04/2026 09:53:52,1,830,890,3,2,670
05/04/2026 09:54:08,1,400,890,3,1,610
05/04/2026 09:54:24,1,400,890,3,1,610
05/04/2026 09:54:40,1,400,890,3,1,610
05/04/2026 09:54:56,1,310,890,3,1,610
05/04/2026 09:55:12,1,310,890,3,1,610
05/04/2026 09:55:28,1,310,890,3,1,610
05/04/2026 09:55:44,1,310,890,3,1,610
05/04/2026 09:56:00,1,310,890,3,2,640
05/04/2026 09:56:16,1,310,890,3,2,640
05/04/2026 09:56:32,1,310,890,3,1,660
05/04/2026 09:56:48,1,310,890,3,1,660
05/04/2026 09:57:04,1,310,890,3,1,660
05/04/2026 09:57:20,1,310,890,3,1,610
05/04/2026 09:57:36,1,310,890,3,1,610
05/04/2026 09:57:52,1,310,890,3,1,570
05/04/2026 09:58:08,1,310,890,3,1,570
05/04/2026 09:58:24,1,310,890,3,1,540
05/04/2026 09:58:40,1,310,890,3,1,540
05/04/2026 09:58:56,1,300,890,3,1,520
05/04/2026 09:59:12,1,300,890,3,1,520
05/04/2026 09:59:28,1,300,890,3,1,520
05/04/2026 09:59:44,1,300,890,3,1,500
