# Time, Layer_QualityIndex,bl_height,Mean_Layer_Height,n_BL,cloud_stat,cloud_dat
17/06/2026 10:00:00,-999,-999,-999,3,1,4220
17/06/2026 10:00:16,-999,-999,-999,3,1,4220
17/06/2026 10:00:32,-999,-999,-999,3,2,3920
17/06/2026 10:00:48,-999,-999,-999,3,2,3920
17/06/2026 10:01:04,-999,-999,-999,3,2,3890
17/06/2026 10:01:20,-999,-999,-999,3,2,3890
17/06/2026 10:01:36,-999,2220,-999,3,2,4380
17/06/2026 10:01:52,-999,2210,-999,3,2,4380
17/06/2026 10:02:08,-999,2200,-999,3,1,4330
17/06/2026 10:02:24,-999,2200,-999,3,1,4330
17/06/2026 10:02:40,-999,2200,-999,3,1,4330
17/06/2026 10:02:56,-999,2210,-999,3,2,4310
17/06/2026 10:03:12,-999,2210,-999,3,2,4310
17/06/2026 10:03:28,-999,2200,-999,3,2,4320
17/06/2026 10:03:44,-999,2180,-999,3,2,4320
17/06/2026 10:04:00,-999,2190,-999,3,1,4320
17/06/2026 10:04:16,-999,2200,-999,3,1,4320
17/06/2026 10:04:32,-999,2180,-999,3,1,4240
17/06/2026 10:04:48,-999,2180,-999,3,1,4240
17/06/2026 10:05:04,-999,2170,-999,3,1,4240
17/06/2026 10:05:20,-999,2160,-999,3,2,4160
17/06/2026 10:05:36,-999,2140,-999,3,2,4160
17/06/2026 10:05:52,-999,2180,-999,3,2,4100
17/06/2026 10:06:08,-999,2210,-999,3,2,4100
17/06/2026 10:06:24,-999,2230,-999,3,1,4090
17/06/2026 10:06:40,-999,2270,-999,3,1,4090
17/06/2026 10:06:56,-999,2300,-999,3,3,4030
17/06/2026 10:07:12,-999,2290,-999,3,3,4030
17/06/2026 10:07:28,-999,2290,-999,3,3,4030
17/06/2026 10:07:44,-999,2290,-999,3,2,4090
17/06/2026 10:08:00,-999,2310,-999,3,2,4090
17/06/2026 10:08:16,-999,-999,-999,3,2,3960
17/06/2026 10:08:32,-999,-999,-999,3,2,3960
17/06/2026 10:08:48,-999,-999,-999,3,2,3980
17/06/2026 10:09:04,-999,-999,-999,3,2,3980
17/06/2026 10:09:20,-999,2390,-999,3,2,4040
17/06/2026 10:09:36,-999,2380,-999,3,2,4040
17/06/2026 10:09:52,-999,2370,-999,3,2,4040
17/06/2026 10:10:08,-999,2350,-999,3,2,4110
17/06/2026 10:10:24,-999,2330,-999,3,2,4110
17/06/2026 10:10:40,-999,2320,-999,3,2,4370
17/06/2026 10:10:56,-999,2320,-999,3,2,4370
17/06/2026 10:11:12,-999,2320,-999,3,2,4290
17/06/2026 10:11:28,-999,2320,-999,3,2,4290
17/06/2026 10:11:44,-999,2330,-999,3,2,4260
17/06/2026 10:12:00,-999,2330,-999,3,2,4260
17/06/2026 10:12:16,-999,2330,-999,3,2,4260
17/06/2026 10:12:32,-999,2320,-999,3,1,4440
17/06/2026 10:12:48,-999,2300,-999,3,1,4440
17/06/2026 10:13:04,-999,2300,-999,3,1,4630
17/06/2026 10:13:20,-999,2300,-999,3,1,4630
17/06/2026 10:13:36,-999,2290,-999,3,0,-999
17/06/2026 10:13:52,-999,2280,-999,3,0,-999
17/06/2026 10:14:08,-999,2290,-999,3,0,-999
17/06/2026 10:14:24,-999,2300,-999,3,0,-999
17/06/2026 10:14:40,-999,2310,-999,3,0,-999
17/06/2026 10:14:56,-999,2320,-999,3,0,-999
17/06/2026 10:15:12,-999,2330,-999,3,0,-999
17/06/2026 10:15:28,-999,2330,-999,3,0,-999
17/06/2026 10:15:44,-999,2330,-999,3,0,-999
17/06/2026 10:16:00,-999,30,-999,3,1,6040
17/06/2026 10:16:16,-999,40,-999,3,1,6040
17/06/2026 10:16:32,-999,2310,-999,3,1,6050
17/06/2026 10:16:48,-999,50,-999,3,1,6050
17/06/2026 10:17:04,-999,60,-999,3,1,6050
17/06/2026 10:17:20,-999,70,-999,3,1,6040
17/06/2026 10:17:36,-999,70,-999,3,1,6040
17/06/2026 10:17:52,-999,70,-999,3,2,5850
17/06/2026 10:18:08,-999,80,-999,3,2,5850
17/06/2026 10:18:24,-999,80,-999,3,1,5820
17/06/2026 10:18:40,-999,70,-999,3,1,5820
17/06/2026 10:18:56,-999,20,-999,3,1,5830
17/06/2026 10:19:12,-999,10,-999,3,1,5830
17/06/2026 10:19:28,-999,10,-999,3,1,5830
17/06/2026 10:19:44,-999,10,-999,3,1,5830
17/06/2026 10:20:00,-999,10,-999,3,1,5830
17/06/2026 10:20:16,-999,10,-999,3,1,5810
17/06/2026 10:20:32,-999,10,-999,3,1,5810
17/06/2026 10:20:48,-999,10,-999,3,2,5810
17/06/2026 10:21:04,-999,10,-999,3,2,5810
17/06/2026 10:21:20,-999,10,-999,3,2,5360
17/06/2026 10:21:36,-999,20,-999,3,2,5360
17/06/2026 10:21:52,-999,90,-999,3,2,5360
17/06/2026 10:22:08,-999,130,-999,3,1,5390
17/06/2026 10:22:24,-999,160,-999,3,1,5390
17/06/2026 10:22:40,-999,190,-999,3,3,5350
17/06/2026 10:22:56,-999,210,-999,3,3,5350
17/06/2026 10:23:12,-999,240,-999,3,2,5280
17/06/2026 10:23:28,-999,260,-999,3,2,5280
17/06/2026 10:23:44,-999,280,-999,3,1,5290
17/06/2026 10:24:00,-999,300,-999,3,1,5290
17/06/2026 10:24:16,-999,320,-999,3,1,5290
17/06/2026 10:24:32,-999,330,-999,3,3,5250
17/06/2026 10:24:48,-999,340,-999,3,3,5250
17/06/2026 10:25:04,-999,350,-999,3,1,6970
17/06/2026 10:25:20,-999,350,-999,3,1,6970
17/06/2026 10:25:36,-999,360,-999,3,2,5460
17/06/2026 10:25:52,-999,370,-999,3,2,5460
17/06/2026 10:26:08,-999,370,-999,3,2,5460
17/06/2026 10:26:24,-999,370,-999,3,2,5460
17/06/2026 10:26:40,-999,480,-999,3,2,5460
17/06/2026 10:26:56,-999,540,-999,3,2,5310
17/06/2026 10:27:12,-999,610,-999,3,2,5310
17/06/2026 10:27:28,-999,660,-999,3,2,5300
17/06/2026 10:27:44,-999,660,-999,3,2,5300
17/06/2026 10:28:00,-999,640,-999,3,1,5550
17/06/2026 10:28:16,-999,620,-999,3,1,5550
17/06/2026 10:28:32,-999,620,-999,3,3,4960
17/06/2026 10:28:48,-999,610,-999,3,3,4960
17/06/2026 10:29:04,-999,610,-999,3,3,4960
17/06/2026 10:29:20,-999,610,-999,3,2,4800
17/06/2026 10:29:36,-999,620,-999,3,2,4800
17/06/2026 10:29:52,-999,640,-999,3,2,4790
17/06/2026 10:30:08,-999,50,-999,3,2,4790
17/06/2026 10:30:24,-999,50,-999,3,3,4600
17/06/2026 10:30:40,-999,50,-999,3,3,4600
17/06/2026 10:30:56,-999,50,-999,3,3,4580
17/06/2026 10:31:12,-999,50,-999,3,3,4580
17/06/2026 10:31:28,-999,50,-999,3,3,4580
17/06/2026 10:31:44,-999,50,-999,3,2,4490
17/06/2026 10:32:00,-999,660,-999,3,2,4490
17/06/2026 10:32:16,-999,640,-999,3,1,4680
17/06/2026 10:32:32,-999,620,-999,3,1,4680
17/06/2026 10:32:48,-999,620,-999,3,1,4740
17/06/2026 10:33:04,-999,610,-999,3,1,4740
17/06/2026 10:33:20,-999,600,-999,3,2,4500
17/06/2026 10:33:36,-999,560,-999,3,2,4500
17/06/2026 10:33:52,-999,530,-999,3,2,4500
17/06/2026 10:34:08,-999,530,-999,3,2,4500
17/06/2026 10:34:24,-999,540,-999,3,2,4500
17/06/2026 10:34:40,-999,560,-999,3,3,4510
17/06/2026 10:34:56,-999,580,-999,3,3,4510
17/06/2026 10:35:12,-999,580,-999,3,3,4650
17/06/2026 10:35:28,-999,580,-999,3,3,4650
17/06/2026 10:35:44,-999,570,-999,3,2,5280
17/06/2026 10:36:00,-999,570,-999,3,2,5280
17/06/2026 10:36:16,-999,560,-999,3,2,5280
17/06/2026 10:36:32,-999,580,-999,3,1,5240
17/06/2026 10:36:48,-999,610,-999,3,1,5240
17/06/2026 10:37:04,-999,600,-999,3,1,5240
17/06/2026 10:37:20,-999,590,-999,3,1,5240
17/06/2026 10:37:36,-999,590,-999,3,2,5300
17/06/2026 10:37:52,-999,600,-999,3,2,5300
17/06/2026 10:38:08,-999,590,-999,3,3,4770
17/06/2026 10:38:24,-999,570,-999,3,3,4770
17/06/2026 10:38:40,-999,550,-999,3,3,4770
17/06/2026 10:38:56,-999,530,-999,3,2,4770
17/06/2026 10:39:12,-999,500,-999,3,2,4770
17/06/2026 10:39:28,-999,500,-999,3,1,5280
17/06/2026 10:39:44,-999,500,-999,3,1,5280
17/06/2026 10:40:00,-999,520,-999,3,1,5130
17/06/2026 10:40:16,-999,540,-999,3,1,5130
17/06/2026 10:40:32,-999,540,-999,3,2,5260
17/06/2026 10:40:48,-999,570,-999,3,2,5260
17/06/2026 10:41:04,-999,610,-999,3,2,5260
17/06/2026 10:41:20,-999,620,-999,3,2,5280
17/06/2026 10:41:36,-999,640,-999,3,2,5280
17/06/2026 10:41:52,-999,640,-999,3,1,5340
17/06/2026 10:42:08,-999,640,-999,3,1,5340
17/06/2026 10:42:24,-999,620,-999,3,2,5290
17/06/2026 10:42:40,-999,600,-999,3,2,5290
17/06/2026 10:42:56,-999,560,-999,3,2,5140
17/06/2026 10:43:12,-999,540,-999,3,2,5140
17/06/2026 10:43:28,-999,520,-999,3,2,5140
17/06/2026 10:43:44,-999,520,-999,3,2,4730
17/06/2026 10:44:00,-999,520,-999,3,2,4730
17/06/2026 10:44:16,-999,540,-999,3,1,4710
17/06/2026 10:44:32,-999,570,-999,3,1,4710
17/06/2026 10:44:48,-999,580,-999,3,1,4680
17/06/2026 10:45:04,-999,580,-999,3,1,4680
17/06/2026 10:45:20,-999,570,-999,3,1,4680
17/06/2026 10:45:36,-999,70,-999,3,1,4680
17/06/2026 10:45:52,-999,70,-999,3,1,4680
17/06/2026 10:46:08,-999,490,-999,3,2,4730
17/06/2026 10:46:24,-999,70,-999,3,2,4730
17/06/2026 10:46:40,-999,70,-999,3,1,4820
17/06/2026 10:46:56,-999,70,-999,3,1,4820
17/06/2026 10:47:12,-999,70,-999,3,1,4690
17/06/2026 10:47:28,-999,70,-999,3,1,4690
17/06/2026 10:47:44,-999,-999,-999,3,2,4680
17/06/2026 10:48:00,-999,-999,-999,3,2,4680
17/06/2026 10:48:16,-999,-999,-999,3,2,4680
17/06/2026 10:48:32,-999,-999,-999,3,1,4550
17/06/2026 10:48:48,-999,-999,-999,3,1,4550
17/06/2026 10:49:04,-999,-999,-999,3,2,4500
17/06/2026 10:49:20,-999,-999,-999,3,2,4500
17/06/2026 10:49:36,-999,-999,-999,3,2,4560
17/06/2026 10:49:52,-999,-999,-999,3,2,4560
17/06/2026 10:50:08,-999,2040,-999,3,1,4480
17/06/2026 10:50:24,-999,2030,-999,3,1,4480
17/06/2026 10:50:40,-999,130,-999,3,1,4480
17/06/2026 10:50:56,-999,130,-999,3,1,4470
17/06/2026 10:51:12,-999,130,-999,3,1,4470
17/06/2026 10:51:28,-999,-999,-999,3,2,4520
17/06/2026 10:51:44,-999,-999,-999,3,2,4520
17/06/2026 10:52:00,-999,130,-999,3,2,4410
17/06/2026 10:52:16,-999,130,-999,3,2,4410
17/06/2026 10:52:32,-999,130,-999,3,2,4400
17/06/2026 10:52:48,-999,130,-999,3,2,4400
17/06/2026 10:53:04,-999,130,-999,3,2,4400
17/06/2026 10:53:20,-999,130,-999,3,3,4340
17/06/2026 10:53:36,-999,130,-999,3,3,4340
17/06/2026 10:53:52,-999,130,-999,3,2,4270
17/06/2026 10:54:08,-999,130,-999,3,2,4270
17/06/2026 10:54:24,-999,-999,-999,3,2,4400
17/06/2026 10:54:40,-999,-999,-999,3,2,4400
17/06/2026 10:54:56,-999,140,-999,3,2,4250
17/06/2026 10:55:12,-999,140,-999,3,2,4250
17/06/2026 10:55:28,-999,140,-999,3,2,4250
17/06/2026 10:55:44,-999,140,-999,3,2,4240
17/06/2026 10:56:00,-999,140,-999,3,2,4240
17/06/2026 10:56:16,-999,140,-999,3,1,4200
17/06/2026 10:56:32,-999,140,-999,3,1,4200
17/06/2026 10:56:48,-999,140,-999,3,2,4160
17/06/2026 10:57:04,-999,140,-999,3,2,4160
17/06/2026 10:57:20,-999,140,-999,3,2,4260
17/06/2026 10:57:36,-999,140,-999,3,2,4260
17/06/2026 10:57:52,-999,140,-999,3,2,4260
17/06/2026 10:58:08,-999,140,-999,3,1,4260
17/06/2026 10:58:24,-999,140,-999,3,1,4260
17/06/2026 10:58:40,-999,140,-999,3,2,4280
17/06/2026 10:58:56,-999,140,-999,3,2,4280
17/06/2026 10:59:12,-999,140,-999,3,1,4300
17/06/2026 10:59:28,-999,140,-999,3,1,4300
17/06/2026 10:59:44,-999,140,-999,3,2,4300
17/06/2026 11:00:00,-999,140,-999,3,2,4300
17/06/2026 11:00:16,-999,140,-999,3,2,4300
17/06/2026 11:00:32,-999,140,-999,3,2,4330
17/06/2026 11:00:48,-999,140,-999,3,2,4330
17/06/2026 11:01:04,-999,-999,-999,3,1,4620
17/06/2026 11:01:20,-999,-999,-999,3,1,4620
17/06/2026 11:01:36,-999,140,-999,3,2,4270
17/06/2026 11:01:52,-999,140,-999,3,2,4270
17/06/2026 11:02:08,-999,-999,-999,3,1,4670
17/06/2026 11:02:24,-999,-999,-999,3,1,4670
17/06/2026 11:02:40,-999,-999,-999,3,1,4670
17/06/2026 11:02:56,-999,140,-999,3,2,4220
17/06/2026 11:03:12,-999,130,-999,3,2,4220
17/06/2026 11:03:28,-999,130,-999,3,2,4220
17/06/2026 11:03:44,-999,130,-999,3,2,4220
17/06/2026 11:04:00,-999,120,-999,3,2,4220
17/06/2026 11:04:16,-999,120,-999,3,2,4220
17/06/2026 11:04:32,-999,120,-999,3,2,4220
17/06/2026 11:04:48,-999,120,-999,3,2,4220
17/06/2026 11:05:04,-999,120,-999,3,2,4220
17/06/2026 11:05:20,-999,120,-999,3,3,4220
17/06/2026 11:05:36,-999,120,-999,3,3,4220
17/06/2026 11:05:52,-999,120,-999,3,2,4180
17/06/2026 11:06:08,-999,120,-999,3,2,4180
17/06/2026 11:06:24,-999,120,-999,3,2,4170
17/06/2026 11:06:40,-999,120,-999,3,2,4170
17/06/2026 11:06:56,-999,120,-999,3,2,4110
17/06/2026 11:07:12,-999,120,-999,3,2,4110
17/06/2026 11:07:28,-999,120,-999,3,2,4110
17/06/2026 11:07:44,-999,120,-999,3,2,4160
17/06/2026 11:08:00,-999,120,-999,3,2,4160
17/06/2026 11:08:16,-999,120,-999,3,2,4130
17/06/2026 11:08:32,-999,120,-999,3,2,4130
17/06/2026 11:08:48,-999,120,-999,3,3,3940
17/06/2026 11:09:04,-999,120,-999,3,3,3940
17/06/2026 11:09:20,-999,120,-999,3,2,4050
17/06/2026 11:09:36,-999,120,-999,3,2,4050
17/06/2026 11:09:52,-999,110,-999,3,2,4050
17/06/2026 11:10:08,-999,110,-999,3,3,4130
17/06/2026 11:10:24,-999,110,-999,3,3,4130
17/06/2026 11:10:40,-999,110,-999,3,2,4090
17/06/2026 11:10:56,-999,110,-999,3,2,4090
17/06/2026 11:11:12,-999,110,-999,3,2,3890
17/06/2026 11:11:28,-999,110,-999,3,2,3890
17/06/2026 11:11:44,-999,110,-999,3,1,3850
17/06/2026 11:12:00,-999,110,-999,3,1,3850
17/06/2026 11:12:16,-999,110,-999,3,1,3850
17/06/2026 11:12:32,-999,110,-999,3,2,3920
17/06/2026 11:12:48,-999,110,-999,3,2,3920
17/06/2026 11:13:04,-999,110,-999,3,3,3910
17/06/2026 11:13:20,-999,110,-999,3,3,3910
17/06/2026 11:13:36,-999,100,-999,3,2,4060
17/06/2026 11:13:52,-999,100,-999,3,2,4060
17/06/2026 11:14:08,-999,100,-999,3,2,3970
17/06/2026 11:14:24,-999,100,-999,3,2,3970
17/06/2026 11:14:40,-999,100,-999,3,2,3970
17/06/2026 11:14:56,-999,100,-999,3,2,4060
17/06/2026 11:15:12,-999,100,-999,3,2,4060
17/06/2026 11:15:28,-999,100,-999,3,2,4180
17/06/2026 11:15:44,-999,100,-999,3,2,4180
17/06/2026 11:16:00,-999,100,-999,3,2,4120
17/06/2026 11:16:16,-999,100,-999,3,2,4120
17/06/2026 11:16:32,-999,-999,-999,3,1,4530
17/06/2026 11:16:48,-999,-999,-999,3,1,4530
17/06/2026 11:17:04,-999,-999,-999,3,1,4530
17/06/2026 11:17:20,-999,-999,-999,3,2,4130
17/06/2026 11:17:36,-999,-999,-999,3,2,4130
17/06/2026 11:17:52,-999,100,-999,3,2,4390
17/06/2026 11:18:08,-999,100,-999,3,2,4390
17/06/2026 11:18:24,-999,100,-999,3,2,4210
17/06/2026 11:18:40,-999,110,-999,3,2,4210
17/06/2026 11:18:56,-999,-999,-999,3,2,4380
17/06/2026 11:19:12,-999,-999,-999,3,2,4380
17/06/2026 11:19:28,-999,-999,-999,3,2,4380
17/06/2026 11:19:44,-999,-999,-999,3,2,4280
17/06/2026 11:20:00,-999,-999,-999,3,2,4280
17/06/2026 11:20:16,-999,110,-999,3,3,4320
17/06/2026 11:20:32,-999,110,-999,3,3,4320
17/06/2026 11:20:48,-999,110,-999,3,2,4240
17/06/2026 11:21:04,-999,100,-999,3,2,4240
17/06/2026 11:21:20,-999,100,-999,3,2,4220
17/06/2026 11:21:36,-999,100,-999,3,2,4220
17/06/2026 11:21:52,-999,100,-999,3,2,4220
17/06/2026 11:22:08,-999,100,-999,3,1,4380
17/06/2026 11:22:24,-999,100,-999,3,1,4380
17/06/2026 11:22:40,-999,100,-999,3,2,4310
17/06/2026 11:22:56,-999,100,-999,3,2,4310
17/06/2026 11:23:12,-999,-999,-999,3,2,4360
17/06/2026 11:23:28,-999,-999,-999,3,2,4360
17/06/2026 11:23:44,-999,100,-999,3,1,4220
17/06/2026 11:24:00,-999,100,-999,3,1,4220
17/06/2026 11:24:16,-999,100,-999,3,1,4220
17/06/2026 11:24:32,-999,100,-999,3,1,4240
17/06/2026 11:24:48,-999,100,-999,3,1,4240
17/06/2026 11:25:04,-999,100,-999,3,1,4080
17/06/2026 11:25:20,-999,100,-999,3,1,4080
17/06/2026 11:25:36,-999,100,-999,3,1,4160
17/06/2026 11:25:52,-999,110,-999,3,1,4160
17/06/2026 11:26:08,-999,110,-999,3,2,3990
17/06/2026 11:26:24,-999,110,-999,3,2,3990
17/06/2026 11:26:40,-999,110,-999,3,2,3990
17/06/2026 11:26:56,-999,110,-999,3,2,3910
17/06/2026 11:27:12,-999,110,-999,3,2,3910
17/06/2026 11:27:28,-999,110,-999,3,2,3930
17/06/2026 11:27:44,-999,110,-999,3,2,3930
17/06/2026 11:28:00,-999,110,-999,3,2,3830
17/06/2026 11:28:16,-999,110,-999,3,2,3830
17/06/2026 11:28:32,-999,110,-999,3,1,3780
17/06/2026 11:28:48,-999,110,-999,3,1,3780
17/06/2026 11:29:04,-999,110,-999,3,1,3780
17/06/2026 11:29:20,-999,110,-999,3,0,-999
17/06/2026 11:29:36,-999,110,-999,3,0,-999
17/06/2026 11:29:52,-999,110,-999,3,0,-999
17/06/2026 11:30:08,-999,110,-999,3,0,-999
17/06/2026 11:30:24,-999,110,-999,3,0,-999
17/06/2026 11:30:40,-999,110,-999,3,0,-999
17/06/2026 11:30:56,-999,110,-999,3,0,-999
17/06/2026 11:31:12,-999,110,-999,3,0,-999
17/06/2026 11:31:28,-999,110,-999,3,0,-999
17/06/2026 11:31:44,-999,100,-999,3,0,-999
17/06/2026 11:32:00,-999,100,-999,3,0,-999
17/06/2026 11:32:16,-999,100,-999,3,0,-999
17/06/2026 11:32:32,-999,100,-999,3,0,-999
17/06/2026 11:32:48,-999,100,-999,3,0,-999
17/06/2026 11:33:04,-999,100,-999,3,0,-999
17/06/2026 11:33:20,-999,100,-999,3,0,-999
17/06/2026 11:33:36,-999,100,-999,3,0,-999
17/06/2026 11:33:52,-999,100,-999,3,0,-999
17/06/2026 11:34:08,-999,100,-999,3,0,-999
17/06/2026 11:34:24,-999,100,-999,3,0,-999
17/06/2026 11:34:40,-999,100,-999,3,0,-999
17/06/2026 11:34:56,-999,100,-999,3,0,-999
17/06/2026 11:35:12,-999,100,-999,3,0,-999
17/06/2026 11:35:28,-999,100,-999,3,0,-999
17/06/2026 11:35:44,-999,100,-999,3,0,-999
17/06/2026 11:36:00,-999,100,-999,3,0,-999
17/06/2026 11:36:16,-999,100,-999,3,0,-999
17/06/2026 11:36:32,-999,100,-999,3,0,-999
17/06/2026 11:36:48,-999,100,-999,3,0,-999
17/06/2026 11:37:04,-999,100,-999,3,0,-999
17/06/2026 11:37:20,-999,100,-999,3,0,-999
17/06/2026 11:37:36,-999,100,-999,3,0,-999
17/06/2026 11:37:52,-999,100,-999,3,0,-999
17/06/2026 11:38:08,-999,100,-999,3,0,-999
17/06/2026 11:38:24,-999,100,-999,3,0,-999
17/06/2026 11:38:40,-999,100,-999,3,0,-999
17/06/2026 11:38:56,-999,100,-999,3,0,-999
17/06/2026 11:39:12,-999,100,-999,3,0,-999
17/06/2026 11:39:28,-999,100,-999,3,2,6610
17/06/2026 11:39:44,-999,100,-999,3,2,6610
17/06/2026 11:40:00,-999,90,-999,3,1,6700
17/06/2026 11:40:16,-999,90,-999,3,1,6700
17/06/2026 11:40:32,-999,90,-999,3,0,-999
17/06/2026 11:40:48,-999,90,-999,3,0,-999
17/06/2026 11:41:04,-999,90,-999,3,0,-999
17/06/2026 11:41:20,-999,90,-999,3,0,-999
17/06/2026 11:41:36,-999,90,-999,3,0,-999
17/06/2026 11:41:52,-999,90,-999,3,0,-999
17/06/2026 11:42:08,-999,90,-999,3,0,-999
17/06/2026 11:42:24,-999,90,-999,3,0,-999
17/06/2026 11:42:40,-999,90,-999,3,0,-999
17/06/2026 11:42:56,-999,90,-999,3,0,-999
17/06/2026 11:43:12,-999,90,-999,3,0,-999
17/06/2026 11:43:28,-999,90,-999,3,0,-999
17/06/2026 11:43:44,-999,90,-999,3,0,-999
17/06/2026 11:44:00,-999,90,-999,3,0,-999
17/06/2026 11:44:16,-999,90,-999,3,0,-999
17/06/2026 11:44:32,-999,90,-999,3,0,-999
17/06/2026 11:44:48,-999,90,-999,3,0,-999
17/06/2026 11:45:04,-999,90,-999,3,0,-999
17/06/2026 11:45:20,-999,90,-999,3,0,-999
17/06/2026 11:45:36,-999,90,-999,3,0,-999
17/06/2026 11:45:52,-999,90,-999,3,0,-999
17/06/2026 11:46:08,-999,90,-999,3,0,-999
17/06/2026 11:46:24,-999,90,-999,3,0,-999
17/06/2026 11:46:40,-999,90,-999,3,0,-999
17/06/2026 11:46:56,-999,90,-999,3,0,-999
17/06/2026 11:47:12,-999,90,-999,3,0,-999
17/06/2026 11:47:28,-999,90,-999,3,0,-999
17/06/2026 11:47:44,-999,90,-999,3,0,-999
17/06/2026 11:48:00,-999,90,-999,3,0,-999
17/06/2026 11:48:16,-999,90,-999,3,0,-999
17/06/2026 11:48:32,-999,80,-999,3,0,-999
17/06/2026 11:48:48,-999,80,-999,3,0,-999
17/06/2026 11:49:04,-999,80,-999,3,0,-999
17/06/2026 11:49:20,-999,80,-999,3,0,-999
17/06/2026 11:49:36,-999,80,-999,3,0,-999
17/06/2026 11:49:52,-999,80,-999,3,0,-999
17/06/2026 11:50:08,-999,80,-999,3,1,5440
17/06/2026 11:50:24,-999,80,-999,3,1,5440
17/06/2026 11:50:40,-999,80,-999,3,1,5440
17/06/2026 11:50:56,-999,80,-999,3,1,5450
17/06/2026 11:51:12,-999,80,-999,3,1,5450
17/06/2026 11:51:28,-999,80,-999,3,0,-999
17/06/2026 11:51:44,-999,80,-999,3,0,-999
17/06/2026 11:52:00,-999,80,-999,3,0,-999
17/06/2026 11:52:16,-999,80,-999,3,0,-999
17/06/2026 11:52:32,-999,80,-999,3,0,-999
17/06/2026 11:52:48,-999,80,-999,3,0,-999
17/06/2026 11:53:04,-999,80,-999,3,0,-999
17/06/2026 11:53:20,-999,80,-999,3,0,-999
17/06/2026 11:53:36,-999,80,-999,3,0,-999
17/06/2026 11:53:52,-999,80,-999,3,0,-999
17/06/2026 11:54:08,-999,80,-999,3,0,-999
17/06/2026 11:54:24,-999,70,-999,3,0,-999
17/06/2026 11:54:40,-999,70,-999,3,0,-999
17/06/2026 11:54:56,-999,70,-999,3,0,-999
17/06/2026 11:55:12,-999,70,-999,3,0,-999
17/06/2026 11:55:28,-999,70,-999,3,0,-999
17/06/2026 11:55:44,-999,70,-999,3,1,5140
17/06/2026 11:56:00,-999,70,-999,3,1,5140
17/06/2026 11:56:16,-999,920,-999,3,0,-999
17/06/2026 11:56:32,-999,930,-999,3,0,-999
17/06/2026 11:56:48,-999,910,-999,3,0,-999
17/06/2026 11:57:04,-999,890,-999,3,0,-999
17/06/2026 11:57:20,-999,900,-999,3,0,-999
17/06/2026 11:57:36,-999,920,-999,3,0,-999
17/06/2026 11:57:52,-999,930,-999,3,0,-999
17/06/2026 11:58:08,-999,950,-999,3,0,-999
17/06/2026 11:58:24,-999,970,-999,3,0,-999
17/06/2026 11:58:40,-999,1000,-999,3,0,-999
17/06/2026 11:58:56,-999,1040,-999,3,0,-999
17/06/2026 11:59:12,-999,1060,-999,3,0,-999
17/06/2026 11:59:28,-999,1090,-999,3,0,-999
17/06/2026 11:59:44,-999,1120,-999,3,1,7190
17/06/2026 12:00:00,3,1120,100,3,1,7190
17/06/2026 12:00:16,3,1130,100,3,1,7190
17/06/2026 12:00:32,3,1130,100,3,1,7190
17/06/2026 12:00:48,3,1130,100,3,1,7190
17/06/2026 12:01:04,3,1130,100,3,1,7190
17/06/2026 12:01:20,3,1130,100,3,1,7190
17/06/2026 12:01:36,3,1090,100,3,1,7190
17/06/2026 12:01:52,3,1050,100,3,1,7190
17/06/2026 12:02:08,3,1070,100,3,1,7190
17/06/2026 12:02:24,3,1050,100,3,1,7190
17/06/2026 12:02:40,3,1040,100,3,1,7190
17/06/2026 12:02:56,3,1050,100,3,1,7200
17/06/2026 12:03:12,3,1070,100,3,1,7200
17/06/2026 12:03:28,3,1110,100,3,1,7200
17/06/2026 12:03:44,3,1160,100,3,1,7200
17/06/2026 12:04:00,3,1220,100,3,1,7220
17/06/2026 12:04:16,3,1270,100,3,1,7220
17/06/2026 12:04:32,3,1220,100,3,2,4900
17/06/2026 12:04:48,3,1160,100,3,2,4900
17/06/2026 12:05:04,3,1110,100,3,2,4900
17/06/2026 12:05:20,3,1050,100,3,2,4990
17/06/2026 12:05:36,3,1000,100,3,2,4990
17/06/2026 12:05:52,3,1000,100,3,1,7220
17/06/2026 12:06:08,3,1000,100,3,1,7220
17/06/2026 12:06:24,3,1030,100,3,0,-999
17/06/2026 12:06:40,3,1060,100,3,0,-999
17/06/2026 12:06:56,3,1020,100,3,1,7250
17/06/2026 12:07:12,3,970,100,3,1,7250
17/06/2026 12:07:28,3,930,100,3,1,7250
17/06/2026 12:07:44,3,920,100,3,1,7250
17/06/2026 12:08:00,3,900,100,3,1,7250
17/06/2026 12:08:16,3,920,100,3,1,7250
17/06/2026 12:08:32,3,930,100,3,1,7250
17/06/2026 12:08:48,3,920,100,3,1,7270
17/06/2026 12:09:04,3,910,100,3,1,7270
17/06/2026 12:09:20,3,880,100,3,1,7270
17/06/2026 12:09:36,3,870,100,3,1,7270
17/06/2026 12:09:52,3,860,100,3,1,7270
17/06/2026 12:10:08,3,870,100,3,1,7280
17/06/2026 12:10:24,3,890,100,3,1,7280
17/06/2026 12:10:40,3,880,100,3,1,7290
17/06/2026 12:10:56,3,880,100,3,1,7290
17/06/2026 12:11:12,3,120,100,3,1,7300
17/06/2026 12:11:28,3,120,100,3,1,7300
17/06/2026 12:11:44,3,120,100,3,1,7300
17/06/2026 12:12:00,3,120,100,3,1,7300
17/06/2026 12:12:16,3,120,100,3,1,7300
17/06/2026 12:12:32,3,120,100,3,1,7300
17/06/2026 12:12:48,3,120,100,3,1,7300
17/06/2026 12:13:04,3,120,100,3,1,7290
17/06/2026 12:13:20,3,120,100,3,1,7290
17/06/2026 12:13:36,3,120,100,3,1,7290
17/06/2026 12:13:52,3,120,100,3,1,7290
17/06/2026 12:14:08,3,120,100,3,1,7280
17/06/2026 12:14:24,3,120,100,3,1,7280
17/06/2026 12:14:40,3,120,100,3,1,7280
17/06/2026 12:14:56,3,120,100,3,1,7280
17/06/2026 12:15:12,3,120,100,3,1,7280
17/06/2026 12:15:28,3,120,100,3,1,7270
17/06/2026 12:15:44,3,120,100,3,1,7270
17/06/2026 12:16:00,3,120,100,3,1,7250
17/06/2026 12:16:16,3,120,100,3,1,7250
17/06/2026 12:16:32,3,120,100,3,1,7260
17/06/2026 12:16:48,3,120,100,3,1,7260
17/06/2026 12:17:04,3,120,100,3,1,7260
17/06/2026 12:17:20,3,120,100,3,1,7250
17/06/2026 12:17:36,3,120,100,3,1,7250
17/06/2026 12:17:52,3,120,100,3,2,5000
17/06/2026 12:18:08,3,120,100,3,2,5000
17/06/2026 12:18:24,3,120,100,3,1,5020
17/06/2026 12:18:40,3,120,100,3,1,5020
17/06/2026 12:18:56,3,120,100,3,2,6630
17/06/2026 12:19:12,3,120,100,3,2,6630
17/06/2026 12:19:28,3,120,100,3,2,6630
17/06/2026 12:19:44,3,120,100,3,2,6490
17/06/2026 12:20:00,3,120,100,3,2,6490
17/06/2026 12:20:16,3,120,100,3,1,6490
17/06/2026 12:20:32,3,120,100,3,1,6490
17/06/2026 12:20:48,3,120,100,3,2,4990
17/06/2026 12:21:04,3,120,100,3,2,4990
17/06/2026 12:21:20,3,120,100,3,2,4800
17/06/2026 12:21:36,3,120,100,3,2,4800
17/06/2026 12:21:52,3,120,100,3,2,4800
17/06/2026 12:22:08,3,110,100,3,1,4880
17/06/2026 12:22:24,3,110,100,3,1,4880
17/06/2026 12:22:40,3,110,100,3,1,4900
17/06/2026 12:22:56,3,110,100,3,1,4900
17/06/2026 12:23:12,3,110,100,3,1,4930
17/06/2026 12:23:28,3,110,100,3,1,4930
17/06/2026 12:23:44,3,110,100,3,1,4930
17/06/2026 12:24:00,3,110,100,3,1,4930
17/06/2026 12:24:16,3,110,100,3,1,4930
17/06/2026 12:24:32,3,100,100,3,1,4910
17/06/2026 12:24:48,3,100,100,3,1,4910
17/06/2026 12:25:04,3,100,100,3,1,4920
17/06/2026 12:25:20,3,100,100,3,1,4920
17/06/2026 12:25:36,3,100,100,3,1,4910
17/06/2026 12:25:52,3,100,100,3,1,4910
17/06/2026 12:26:08,3,100,100,3,1,4920
17/06/2026 12:26:24,3,100,100,3,1,4920
17/06/2026 12:26:40,3,100,100,3,1,4920
17/06/2026 12:26:56,3,100,100,3,1,4930
17/06/2026 12:27:12,3,100,100,3,1,4930
17/06/2026 12:27:28,3,100,100,3,1,4940
17/06/2026 12:27:44,3,100,100,3,1,4940
17/06/2026 12:28:00,3,100,100,3,1,4940
17/06/2026 12:28:16,3,90,100,3,1,4940
17/06/2026 12:28:32,3,90,100,3,1,4930
17/06/2026 12:28:48,3,90,100,3,1,4930
17/06/2026 12:29:04,3,90,100,3,1,4930
17/06/2026 12:29:20,3,90,100,3,1,4920
17/06/2026 12:29:36,3,90,100,3,1,4920
17/06/2026 12:29:52,3,90,100,3,1,4920
17/06/2026 12:30:08,3,90,100,3,1,4920
17/06/2026 12:30:24,3,90,100,3,1,4920
17/06/2026 12:30:40,3,90,100,3,1,4920
17/06/2026 12:30:56,3,90,100,3,1,4930
17/06/2026 12:31:12,3,90,100,3,1,4930
17/06/2026 12:31:28,3,90,100,3,1,4930
17/06/2026 12:31:44,3,90,100,3,1,4940
17/06/2026 12:32:00,3,90,100,3,1,4940
17/06/2026 12:32:16,3,90,100,3,1,4930
17/06/2026 12:32:32,3,80,100,3,1,4930
17/06/2026 12:32:48,3,80,100,3,1,4930
17/06/2026 12:33:04,3,80,100,3,1,4930
17/06/2026 12:33:20,3,80,100,3,1,4920
17/06/2026 12:33:36,3,80,100,3,1,4920
17/06/2026 12:33:52,3,80,100,3,1,4920
17/06/2026 12:34:08,3,80,100,3,1,4900
17/06/2026 12:34:24,3,80,100,3,1,4900
17/06/2026 12:34:40,3,80,100,3,1,4890
17/06/2026 12:34:56,3,80,100,3,1,4890
17/06/2026 12:35:12,3,80,100,3,1,4900
17/06/2026 12:35:28,3,80,100,3,1,4900
17/06/2026 12:35:44,3,80,100,3,1,4900
17/06/2026 12:36:00,3,80,100,3,1,4900
17/06/2026 12:36:16,3,80,100,3,1,4900
17/06/2026 12:36:32,3,70,100,3,1,4890
17/06/2026 12:36:48,3,70,100,3,1,4890
17/06/2026 12:37:04,3,70,100,3,1,4880
17/06/2026 12:37:20,3,70,100,3,1,4880
17/06/2026 12:37:36,3,70,100,3,1,4870
17/06/2026 12:37:52,3,70,100,3,1,4870
17/06/2026 12:38:08,3,70,100,3,1,4870
17/06/2026 12:38:24,3,70,100,3,1,4870
17/06/2026 12:38:40,3,70,100,3,1,4870
17/06/2026 12:38:56,3,70,100,3,1,4870
17/06/2026 12:39:12,3,70,100,3,1,4870
17/06/2026 12:39:28,3,70,100,3,1,4880
17/06/2026 12:39:44,3,70,100,3,1,4880
17/06/2026 12:40:00,3,70,100,3,1,4880
17/06/2026 12:40:16,3,80,100,3,1,4880
17/06/2026 12:40:32,3,80,100,3,1,4890
17/06/2026 12:40:48,3,80,100,3,1,4890
17/06/2026 12:41:04,3,80,100,3,1,4890
17/06/2026 12:41:20,3,80,100,3,1,4890
17/06/2026 12:41:36,3,80,100,3,1,4890
17/06/2026 12:41:52,3,80,100,3,1,4910
17/06/2026 12:42:08,3,80,100,3,1,4910
17/06/2026 12:42:24,3,80,100,3,1,4920
17/06/2026 12:42:40,3,80,100,3,1,4920
17/06/2026 12:42:56,3,80,100,3,1,4940
17/06/2026 12:43:12,3,80,100,3,1,4940
17/06/2026 12:43:28,3,100,100,3,1,4940
17/06/2026 12:43:44,3,100,100,3,1,4970
17/06/2026 12:44:00,3,100,100,3,1,4970
17/06/2026 12:44:16,3,100,100,3,1,5100
17/06/2026 12:44:32,3,100,100,3,1,5100
17/06/2026 12:44:48,3,100,100,3,2,5160
17/06/2026 12:45:04,3,100,100,3,2,5160
17/06/2026 12:45:20,3,110,100,3,3,4890
17/06/2026 12:45:36,3,110,100,3,3,4890
17/06/2026 12:45:52,3,110,100,3,3,4890
17/06/2026 12:46:08,3,110,100,3,1,5300
17/06/2026 12:46:24,3,110,100,3,1,5300
17/06/2026 12:46:40,3,110,100,3,2,4970
17/06/2026 12:46:56,3,110,100,3,2,4970
17/06/2026 12:47:12,3,110,100,3,2,4960
17/06/2026 12:47:28,3,110,100,3,2,4960
17/06/2026 12:47:44,3,110,100,3,1,5350
17/06/2026 12:48:00,3,110,100,3,1,5350
17/06/2026 12:48:16,3,110,100,3,1,5350
17/06/2026 12:48:32,3,120,100,3,2,4960
17/06/2026 12:48:48,3,120,100,3,2,4960
17/06/2026 12:49:04,3,120,100,3,1,5380
17/06/2026 12:49:20,3,120,100,3,1,5380
17/06/2026 12:49:36,3,120,100,3,1,5380
17/06/2026 12:49:52,3,120,100,3,1,5380
17/06/2026 12:50:08,3,120,100,3,1,5410
17/06/2026 12:50:24,3,120,100,3,1,5410
17/06/2026 12:50:40,3,120,100,3,1,5410
17/06/2026 12:50:56,3,120,100,3,1,5310
17/06/2026 12:51:12,3,120,100,3,1,5310
17/06/2026 12:51:28,3,120,100,3,1,7020
17/06/2026 12:51:44,3,120,100,3,1,7020
17/06/2026 12:52:00,3,120,100,3,2,6760
17/06/2026 12:52:16,3,120,100,3,2,6760
17/06/2026 12:52:32,3,120,100,3,2,6760
17/06/2026 12:52:48,3,120,100,3,2,6760
17/06/2026 12:53:04,3,120,100,3,2,6760
17/06/2026 12:53:20,3,120,100,3,2,6710
17/06/2026 12:53:36,3,120,100,3,2,6710
17/06/2026 12:53:52,3,120,100,3,2,7040
17/06/2026 12:54:08,3,120,100,3,2,7040
17/06/2026 12:54:24,3,120,100,3,1,7020
17/06/2026 12:54:40,3,120,100,3,1,7020
17/06/2026 12:54:56,3,120,100,3,1,7030
17/06/2026 12:55:12,3,120,100,3,1,7030
17/06/2026 12:55:28,3,120,100,3,1,7030
17/06/2026 12:55:44,3,120,100,3,1,6940
17/06/2026 12:56:00,3,120,100,3,1,6940
17/06/2026 12:56:16,3,120,100,3,1,6970
17/06/2026 12:56:32,3,120,100,3,1,6970
17/06/2026 12:56:48,3,120,100,3,1,6900
17/06/2026 12:57:04,3,120,100,3,1,6900
17/06/2026 12:57:20,3,120,100,3,1,6980
17/06/2026 12:57:36,3,120,100,3,1,6980
17/06/2026 12:57:52,3,120,100,3,1,6980
17/06/2026 12:58:08,3,120,100,3,1,7020
17/06/2026 12:58:24,3,120,100,3,1,7020
17/06/2026 12:58:40,3,120,100,3,2,6990
17/06/2026 12:58:56,3,120,100,3,2,6990
17/06/2026 12:59:12,3,120,100,3,1,7090
17/06/2026 12:59:28,3,120,100,3,1,7090
17/06/2026 12:59:44,3,120,100,3,1,7010
17/06/2026 13:00:00,3,120,110,3,1,7010
17/06/2026 13:00:16,3,120,110,3,1,7010
17/06/2026 13:00:32,3,120,110,3,1,7020
17/06/2026 13:00:48,3,120,110,3,1,7020
17/06/2026 13:01:04,3,120,110,3,2,7000
17/06/2026 13:01:20,3,120,110,3,2,7000
17/06/2026 13:01:36,3,120,110,3,1,6950
17/06/2026 13:01:52,3,120,110,3,1,6950
17/06/2026 13:02:08,3,120,110,3,1,6900
17/06/2026 13:02:24,3,120,110,3,1,6900
17/06/2026 13:02:40,3,120,110,3,1,6900
17/06/2026 13:02:56,3,120,110,3,1,6890
17/06/2026 13:03:12,3,120,110,3,1,6890
17/06/2026 13:03:28,3,120,110,3,1,6980
17/06/2026 13:03:44,3,120,110,3,1,6980
17/06/2026 13:04:00,3,120,110,3,1,7040
17/06/2026 13:04:16,3,120,110,3,1,7040
17/06/2026 13:04:32,3,120,110,3,2,6110
17/06/2026 13:04:48,3,120,110,3,2,6110
17/06/2026 13:05:04,3,120,110,3,2,6110
17/06/2026 13:05:20,3,120,110,3,1,6090
17/06/2026 13:05:36,3,120,110,3,1,6090
17/06/2026 13:05:52,3,120,110,3,1,6120
17/06/2026 13:06:08,3,120,110,3,1,6120
17/06/2026 13:06:24,3,120,110,3,1,6080
17/06/2026 13:06:40,3,120,110,3,1,6080
17/06/2026 13:06:56,3,130,110,3,1,6070
17/06/2026 13:07:12,3,130,110,3,1,6070
17/06/2026 13:07:28,3,130,110,3,1,6070
17/06/2026 13:07:44,3,130,110,3,2,6040
17/06/2026 13:08:00,3,130,110,3,2,6040
17/06/2026 13:08:16,3,130,110,3,1,6000
17/06/2026 13:08:32,3,130,110,3,1,6000
17/06/2026 13:08:48,3,130,110,3,2,6030
17/06/2026 13:09:04,3,130,110,3,2,6030
17/06/2026 13:09:20,3,130,110,3,1,7060
17/06/2026 13:09:36,3,130,110,3,1,7060
17/06/2026 13:09:52,3,140,110,3,1,7060
17/06/2026 13:10:08,3,140,110,3,1,7090
17/06/2026 13:10:24,3,140,110,3,1,7090
17/06/2026 13:10:40,3,140,110,3,1,7190
17/06/2026 13:10:56,3,140,110,3,1,7190
17/06/2026 13:11:12,3,140,110,3,1,7260
17/06/2026 13:11:28,3,140,110,3,1,7260
17/06/2026 13:11:44,3,140,110,3,2,7080
17/06/2026 13:12:00,3,140,110,3,2,7080
17/06/2026 13:12:16,3,150,110,3,2,7080
17/06/2026 13:12:32,3,150,110,3,1,7090
17/06/2026 13:12:48,3,150,110,3,1,7090
17/06/2026 13:13:04,3,150,110,3,2,7180
17/06/2026 13:13:20,3,150,110,3,2,7180
17/06/2026 13:13:36,3,160,110,3,1,7180
17/06/2026 13:13:52,3,160,110,3,1,7180
17/06/2026 13:14:08,3,160,110,3,1,7210
17/06/2026 13:14:24,3,160,110,3,1,7210
17/06/2026 13:14:40,3,160,110,3,1,7210
17/06/2026 13:14:56,3,160,110,3,1,7340
17/06/2026 13:15:12,3,170,110,3,1,7340
17/06/2026 13:15:28,3,170,110,3,1,7330
17/06/2026 13:15:44,3,170,110,3,1,7330
17/06/2026 13:16:00,3,170,110,3,2,7370
17/06/2026 13:16:16,3,170,110,3,2,7370
17/06/2026 13:16:32,3,170,110,3,1,7360
17/06/2026 13:16:48,3,170,110,3,1,7360
17/06/2026 13:17:04,3,170,110,3,1,7360
17/06/2026 13:17:20,3,170,110,3,1,7330
17/06/2026 13:17:36,3,170,110,3,1,7330
17/06/2026 13:17:52,3,170,110,3,1,7320
17/06/2026 13:18:08,3,170,110,3,1,7320
17/06/2026 13:18:24,3,170,110,3,1,7410
17/06/2026 13:18:40,3,170,110,3,1,7410
17/06/2026 13:18:56,3,170,110,3,1,7340
17/06/2026 13:19:12,3,170,110,3,1,7340
17/06/2026 13:19:28,3,170,110,3,1,7340
17/06/2026 13:19:44,3,170,110,3,2,5900
17/06/2026 13:20:00,3,170,110,3,2,5900
17/06/2026 13:20:16,3,170,110,3,2,5910
17/06/2026 13:20:32,3,170,110,3,2,5910
17/06/2026 13:20:48,3,170,110,3,2,5890
17/06/2026 13:21:04,3,170,110,3,2,5890
17/06/2026 13:21:20,3,170,110,3,1,7340
17/06/2026 13:21:36,3,170,110,3,1,7340
17/06/2026 13:21:52,3,170,110,3,1,7340
17/06/2026 13:22:08,3,170,110,3,2,5890
17/06/2026 13:22:24,3,170,110,3,2,5890
17/06/2026 13:22:40,3,170,110,3,2,5900
17/06/2026 13:22:56,3,170,110,3,2,5900
17/06/2026 13:23:12,3,170,110,3,1,7390
17/06/2026 13:23:28,3,170,110,3,1,7390
17/06/2026 13:23:44,3,170,110,3,1,7320
17/06/2026 13:24:00,3,170,110,3,1,7320
17/06/2026 13:24:16,3,170,110,3,1,7320
17/06/2026 13:24:32,3,170,110,3,2,5900
17/06/2026 13:24:48,3,170,110,3,2,5900
17/06/2026 13:25:04,3,170,110,3,1,7330
17/06/2026 13:25:20,3,160,110,3,1,7330
17/06/2026 13:25:36,3,160,110,3,1,7370
17/06/2026 13:25:52,3,160,110,3,1,7370
17/06/2026 13:26:08,3,160,110,3,1,7380
17/06/2026 13:26:24,3,160,110,3,1,7380
17/06/2026 13:26:40,3,160,110,3,1,7380
17/06/2026 13:26:56,3,160,110,3,1,7390
17/06/2026 13:27:12,3,160,110,3,1,7390
17/06/2026 13:27:28,3,160,110,3,1,7370
17/06/2026 13:27:44,3,160,110,3,1,7370
17/06/2026 13:28:00,3,160,110,3,1,7370
17/06/2026 13:28:16,3,160,110,3,1,7370
17/06/2026 13:28:32,3,160,110,3,2,5780
17/06/2026 13:28:48,3,160,110,3,2,5780
17/06/2026 13:29:04,3,160,110,3,2,5780
17/06/2026 13:29:20,3,160,110,3,1,5730
17/06/2026 13:29:36,3,160,110,3,1,5730
17/06/2026 13:29:52,3,160,110,3,1,5690
17/06/2026 13:30:08,3,160,110,3,1,5690
17/06/2026 13:30:24,3,160,110,3,1,5570
17/06/2026 13:30:40,3,160,110,3,1,5570
17/06/2026 13:30:56,3,160,110,3,1,5570
17/06/2026 13:31:12,3,160,110,3,1,5570
17/06/2026 13:31:28,3,160,110,3,1,5570
17/06/2026 13:31:44,3,160,110,3,1,5570
17/06/2026 13:32:00,3,160,110,3,1,5570
17/06/2026 13:32:16,3,160,110,3,1,5590
17/06/2026 13:32:32,3,160,110,3,1,5590
17/06/2026 13:32:48,3,160,110,3,1,5570
17/06/2026 13:33:04,3,160,110,3,1,5570
17/06/2026 13:33:20,3,660,110,3,1,5550
17/06/2026 13:33:36,3,660,110,3,1,5550
17/06/2026 13:33:52,3,670,110,3,1,5550
17/06/2026 13:34:08,3,690,110,3,1,5540
17/06/2026 13:34:24,3,720,110,3,1,5540
17/06/2026 13:34:40,3,730,110,3,1,5530
17/06/2026 13:34:56,3,740,110,3,1,5530
17/06/2026 13:35:12,3,750,110,3,1,5500
17/06/2026 13:35:28,3,770,110,3,1,5500
17/06/2026 13:35:44,3,770,110,3,1,5540
17/06/2026 13:36:00,3,770,110,3,1,5540
17/06/2026 13:36:16,3,760,110,3,1,5540
17/06/2026 13:36:32,3,760,110,3,1,5560
17/06/2026 13:36:48,3,750,110,3,1,5560
17/06/2026 13:37:04,3,760,110,3,1,5530
17/06/2026 13:37:20,3,760,110,3,1,5530
17/06/2026 13:37:36,3,760,110,3,1,5430
17/06/2026 13:37:52,3,760,110,3,1,5430
17/06/2026 13:38:08,3,770,110,3,1,5380
17/06/2026 13:38:24,3,760,110,3,1,5380
17/06/2026 13:38:40,3,750,110,3,1,5380
17/06/2026 13:38:56,3,750,110,3,1,5460
17/06/2026 13:39:12,3,750,110,3,1,5460
17/06/2026 13:39:28,3,760,110,3,1,5550
17/06/2026 13:39:44,3,770,110,3,1,5550
17/06/2026 13:40:00,3,780,110,3,1,5340
17/06/2026 13:40:16,3,790,110,3,1,5340
17/06/2026 13:40:32,3,790,110,3,2,5260
17/06/2026 13:40:48,3,760,110,3,2,5260
17/06/2026 13:41:04,3,760,110,3,2,5260
17/06/2026 13:41:20,3,770,110,3,1,5240
17/06/2026 13:41:36,3,790,110,3,1,5240
17/06/2026 13:41:52,3,770,110,3,2,4790
17/06/2026 13:42:08,3,760,110,3,2,4790
17/06/2026 13:42:24,3,760,110,3,2,4740
17/06/2026 13:42:40,3,750,110,3,2,4740
17/06/2026 13:42:56,3,770,110,3,1,4720
17/06/2026 13:43:12,3,780,110,3,1,4720
17/06/2026 13:43:28,3,780,110,3,1,4720
17/06/2026 13:43:44,3,740,110,3,1,4790
17/06/2026 13:44:00,3,700,110,3,1,4790
17/06/2026 13:44:16,3,670,110,3,1,4770
17/06/2026 13:44:32,3,670,110,3,1,4770
17/06/2026 13:44:48,3,660,110,3,1,4720
17/06/2026 13:45:04,3,670,110,3,1,4720
17/06/2026 13:45:20,3,700,110,3,1,4620
17/06/2026 13:45:36,3,730,110,3,1,4620
17/06/2026 13:45:52,3,770,110,3,1,4620
17/06/2026 13:46:08,3,770,110,3,1,4600
17/06/2026 13:46:24,3,760,110,3,1,4600
17/06/2026 13:46:40,3,780,110,3,1,4670
17/06/2026 13:46:56,3,800,110,3,1,4670
17/06/2026 13:47:12,3,790,110,3,1,4670
17/06/2026 13:47:28,3,770,110,3,1,4670
17/06/2026 13:47:44,3,790,110,3,1,4650
17/06/2026 13:48:00,3,800,110,3,1,4650
17/06/2026 13:48:16,3,810,110,3,1,4650
17/06/2026 13:48:32,3,830,110,3,1,4450
17/06/2026 13:48:48,3,850,110,3,1,4450
17/06/2026 13:49:04,3,740,110,3,1,4350
17/06/2026 13:49:20,3,610,110,3,1,4350
17/06/2026 13:49:36,3,490,110,3,1,4330
17/06/2026 13:49:52,3,380,110,3,1,4330
17/06/2026 13:50:08,3,280,110,3,1,4330
17/06/2026 13:50:24,3,200,110,3,1,4330
17/06/2026 13:50:40,3,130,110,3,1,4330
17/06/2026 13:50:56,3,10,110,3,1,4340
17/06/2026 13:51:12,3,10,110,3,1,4340
17/06/2026 13:51:28,3,10,110,3,1,4340
17/06/2026 13:51:44,3,10,110,3,1,4340
17/06/2026 13:52:00,3,10,110,3,1,4340
17/06/2026 13:52:16,3,10,110,3,1,4340
17/06/2026 13:52:32,3,10,110,3,1,4350
17/06/2026 13:52:48,3,10,110,3,1,4350
17/06/2026 13:53:04,3,50,110,3,1,4350
17/06/2026 13:53:20,3,90,110,3,1,4350
17/06/2026 13:53:36,3,140,110,3,1,4350
17/06/2026 13:53:52,3,20,110,3,1,4360
17/06/2026 13:54:08,3,200,110,3,1,4360
17/06/2026 13:54:24,3,200,110,3,1,4370
17/06/2026 13:54:40,3,200,110,3,1,4370
17/06/2026 13:54:56,3,200,110,3,1,4380
17/06/2026 13:55:12,3,200,110,3,1,4380
17/06/2026 13:55:28,3,200,110,3,1,4380
17/06/2026 13:55:44,3,200,110,3,1,4390
17/06/2026 13:56:00,3,200,110,3,1,4390
17/06/2026 13:56:16,3,200,110,3,1,4400
17/06/2026 13:56:32,3,200,110,3,1,4400
17/06/2026 13:56:48,3,200,110,3,1,4420
17/06/2026 13:57:04,3,200,110,3,1,4420
17/06/2026 13:57:20,3,200,110,3,1,4440
17/06/2026 13:57:36,3,200,110,3,1,4440
17/06/2026 13:57:52,3,200,110,3,1,4440
17/06/2026 13:58:08,3,200,110,3,1,4410
17/06/2026 13:58:24,3,200,110,3,1,4410
17/06/2026 13:58:40,3,200,110,3,1,4410
17/06/2026 13:58:56,3,200,110,3,1,4410
17/06/2026 13:59:12,3,200,110,3,1,4450
17/06/2026 13:59:28,3,200,110,3,1,4450
17/06/2026 13:59:44,3,200,110,3,1,4460
17/06/2026 14:00:00,2,200,160,3,1,4460
17/06/2026 14:00:16,2,200,160,3,1,4460
17/06/2026 14:00:32,2,200,160,3,1,4430
17/06/2026 14:00:48,2,200,160,3,1,4430
17/06/2026 14:01:04,2,200,160,3,1,4390
17/06/2026 14:01:20,2,200,160,3,1,4390
17/06/2026 14:01:36,2,200,160,3,1,4400
17/06/2026 14:01:52,2,210,160,3,1,4400
17/06/2026 14:02:08,2,210,160,3,1,4420
17/06/2026 14:02:24,2,210,160,3,1,4420
17/06/2026 14:02:40,2,210,160,3,1,4420
17/06/2026 14:02:56,2,210,160,3,1,4360
17/06/2026 14:03:12,2,210,160,3,1,4360
17/06/2026 14:03:28,2,210,160,3,2,4270
17/06/2026 14:03:44,2,210,160,3,2,4270
17/06/2026 14:04:00,2,210,160,3,1,4220
17/06/2026 14:04:16,2,210,160,3,1,4220
17/06/2026 14:04:32,2,210,160,3,1,4170
17/06/2026 14:04:48,2,210,160,3,1,4170
17/06/2026 14:05:04,2,210,160,3,1,4170
17/06/2026 14:05:20,2,210,160,3,1,4150
17/06/2026 14:05:36,2,210,160,3,1,4150
17/06/2026 14:05:52,2,210,160,3,1,4070
17/06/2026 14:06:08,2,220,160,3,1,4070
17/06/2026 14:06:24,2,220,160,3,1,4040
17/06/2026 14:06:40,2,220,160,3,1,4040
17/06/2026 14:06:56,2,220,160,3,1,4000
17/06/2026 14:07:12,2,220,160,3,1,4000
17/06/2026 14:07:28,2,220,160,3,1,4000
17/06/2026 14:07:44,2,220,160,3,1,3940
17/06/2026 14:08:00,2,220,160,3,1,3940
17/06/2026 14:08:16,2,220,160,3,1,3880
17/06/2026 14:08:32,2,220,160,3,1,3880
17/06/2026 14:08:48,2,230,160,3,1,3910
17/06/2026 14:09:04,2,230,160,3,1,3910
17/06/2026 14:09:20,2,230,160,3,2,3860
17/06/2026 14:09:36,2,230,160,3,2,3860
17/06/2026 14:09:52,2,230,160,3,2,3860
17/06/2026 14:10:08,2,230,160,3,2,3850
17/06/2026 14:10:24,2,230,160,3,2,3850
17/06/2026 14:10:40,2,230,160,3,2,3820
17/06/2026 14:10:56,2,230,160,3,2,3820
17/06/2026 14:11:12,2,230,160,3,2,3820
17/06/2026 14:11:28,2,240,160,3,2,3820
17/06/2026 14:11:44,2,240,160,3,3,3840
17/06/2026 14:12:00,2,240,160,3,3,3840
17/06/2026 14:12:16,2,240,160,3,3,3840
17/06/2026 14:12:32,2,-999,160,3,1,5260
17/06/2026 14:12:48,2,-999,160,3,1,5260
17/06/2026 14:13:04,2,-999,160,3,1,5240
17/06/2026 14:13:20,2,-999,160,3,1,5240
17/06/2026 14:13:36,2,240,160,3,1,5260
17/06/2026 14:13:52,2,240,160,3,1,5260
17/06/2026 14:14:08,2,-999,160,3,1,5280
17/06/2026 14:14:24,2,-999,160,3,1,5280
17/06/2026 14:14:40,2,-999,160,3,1,5280
17/06/2026 14:14:56,2,240,160,3,1,5260
17/06/2026 14:15:12,2,250,160,3,1,5260
17/06/2026 14:15:28,2,250,160,3,1,5230
17/06/2026 14:15:44,2,250,160,3,1,5230
17/06/2026 14:16:00,2,250,160,3,1,5270
17/06/2026 14:16:16,2,250,160,3,1,5270
17/06/2026 14:16:32,2,250,160,3,2,4000
17/06/2026 14:16:48,2,250,160,3,2,4000
17/06/2026 14:17:04,2,250,160,3,2,4000
17/06/2026 14:17:20,2,250,160,3,2,3990
17/06/2026 14:17:36,2,250,160,3,2,3990
17/06/2026 14:17:52,2,250,160,3,1,5330
17/06/2026 14:18:08,2,250,160,3,1,5330
17/06/2026 14:18:24,2,250,160,3,1,5330
17/06/2026 14:18:40,2,250,160,3,1,5330
17/06/2026 14:18:56,2,250,160,3,1,5110
17/06/2026 14:19:12,2,250,160,3,1,5110
17/06/2026 14:19:28,2,250,160,3,1,5110
17/06/2026 14:19:44,2,250,160,3,1,5060
17/06/2026 14:20:00,2,250,160,3,1,5060
17/06/2026 14:20:16,2,250,160,3,1,5020
17/06/2026 14:20:32,2,260,160,3,1,5020
17/06/2026 14:20:48,2,260,160,3,1,5130
17/06/2026 14:21:04,2,260,160,3,1,5130
17/06/2026 14:21:20,2,260,160,3,2,4940
17/06/2026 14:21:36,2,260,160,3,2,4940
17/06/2026 14:21:52,2,260,160,3,2,4940
17/06/2026 14:22:08,2,260,160,3,1,4940
17/06/2026 14:22:24,2,260,160,3,1,4940
17/06/2026 14:22:40,2,260,160,3,1,4890
17/06/2026 14:22:56,2,260,160,3,1,4890
17/06/2026 14:23:12,2,260,160,3,1,4880
17/06/2026 14:23:28,2,260,160,3,1,4880
17/06/2026 14:23:44,2,260,160,3,1,4880
17/06/2026 14:24:00,2,260,160,3,1,4880
17/06/2026 14:24:16,2,260,160,3,1,4880
17/06/2026 14:24:32,2,260,160,3,2,4890
17/06/2026 14:24:48,2,260,160,3,2,4890
17/06/2026 14:25:04,2,260,160,3,1,6480
17/06/2026 14:25:20,2,260,160,3,1,6480
17/06/2026 14:25:36,2,260,160,3,1,6480
17/06/2026 14:25:52,2,260,160,3,1,6480
17/06/2026 14:26:08,2,260,160,3,1,6520
17/06/2026 14:26:24,2,260,160,3,1,6520
17/06/2026 14:26:40,2,260,160,3,1,6520
17/06/2026 14:26:56,2,260,160,3,1,6530
17/06/2026 14:27:12,2,260,160,3,1,6530
17/06/2026 14:27:28,2,260,160,3,1,6530
17/06/2026 14:27:44,2,260,160,3,1,6530
17/06/2026 14:28:00,2,260,160,3,1,6530
17/06/2026 14:28:16,2,260,160,3,1,6530
17/06/2026 14:28:32,2,260,160,3,1,6570
17/06/2026 14:28:48,2,250,160,3,1,6570
17/06/2026 14:29:04,2,250,160,3,1,6570
17/06/2026 14:29:20,2,250,160,3,1,6480
17/06/2026 14:29:36,2,250,160,3,1,6480
17/06/2026 14:29:52,2,250,160,3,2,4800
17/06/2026 14:30:08,2,250,160,3,2,4800
17/06/2026 14:30:24,2,250,160,3,1,6590
17/06/2026 14:30:40,2,250,160,3,1,6590
17/06/2026 14:30:56,2,250,160,3,1,6500
17/06/2026 14:31:12,2,250,160,3,1,6500
17/06/2026 14:31:28,2,240,160,3,1,6500
17/06/2026 14:31:44,2,240,160,3,1,6500
17/06/2026 14:32:00,2,240,160,3,1,6500
17/06/2026 14:32:16,2,240,160,3,1,6510
17/06/2026 14:32:32,2,240,160,3,1,6510
17/06/2026 14:32:48,2,240,160,3,1,6520
17/06/2026 14:33:04,2,240,160,3,1,6520
17/06/2026 14:33:20,2,240,160,3,2,4800
17/06/2026 14:33:36,2,240,160,3,2,4800
17/06/2026 14:33:52,2,240,160,3,2,4800
17/06/2026 14:34:08,2,230,160,3,1,4770
17/06/2026 14:34:24,2,230,160,3,1,4770
17/06/2026 14:34:40,2,230,160,3,1,4750
17/06/2026 14:34:56,2,230,160,3,1,4750
17/06/2026 14:35:12,2,230,160,3,3,4740
17/06/2026 14:35:28,2,230,160,3,3,4740
17/06/2026 14:35:44,2,220,160,3,1,5050
17/06/2026 14:36:00,2,220,160,3,1,5050
17/06/2026 14:36:16,2,220,160,3,1,5050
17/06/2026 14:36:32,2,220,160,3,1,5030
17/06/2026 14:36:48,2,220,160,3,1,5030
17/06/2026 14:37:04,2,220,160,3,1,5020
17/06/2026 14:37:20,2,210,160,3,1,5020
17/06/2026 14:37:36,2,210,160,3,1,5050
17/06/2026 14:37:52,2,210,160,3,1,5050
17/06/2026 14:38:08,2,210,160,3,1,4950
17/06/2026 14:38:24,2,210,160,3,1,4950
17/06/2026 14:38:40,2,210,160,3,1,4950
17/06/2026 14:38:56,2,210,160,3,1,4950
17/06/2026 14:39:12,2,210,160,3,1,4950
17/06/2026 14:39:28,2,210,160,3,1,4890
17/06/2026 14:39:44,2,210,160,3,1,4890
17/06/2026 14:40:00,2,210,160,3,1,4900
17/06/2026 14:40:16,2,210,160,3,1,4900
17/06/2026 14:40:32,2,220,160,3,1,4880
17/06/2026 14:40:48,2,220,160,3,1,4880
17/06/2026 14:41:04,2,220,160,3,1,4880
17/06/2026 14:41:20,2,220,160,3,1,4880
17/06/2026 14:41:36,2,220,160,3,1,4880
17/06/2026 14:41:52,2,220,160,3,2,4860
17/06/2026 14:42:08,2,220,160,3,2,4860
17/06/2026 14:42:24,2,220,160,3,1,4870
17/06/2026 14:42:40,2,220,160,3,1,4870
17/06/2026 14:42:56,2,220,160,3,1,4900
17/06/2026 14:43:12,2,220,160,3,1,4900
17/06/2026 14:43:28,2,220,160,3,1,4900
17/06/2026 14:43:44,2,220,160,3,1,4880
17/06/2026 14:44:00,2,220,160,3,1,4880
17/06/2026 14:44:16,2,220,160,3,1,4860
17/06/2026 14:44:32,2,220,160,3,1,4860
17/06/2026 14:44:48,2,220,160,3,1,4830
17/06/2026 14:45:04,2,220,160,3,1,4830
17/06/2026 14:45:20,2,220,160,3,1,4870
17/06/2026 14:45:36,2,220,160,3,1,4870
17/06/2026 14:45:52,2,220,160,3,1,4870
17/06/2026 14:46:08,2,220,160,3,1,4820
17/06/2026 14:46:24,2,220,160,3,1,4820
17/06/2026 14:46:40,2,220,160,3,1,4780
17/06/2026 14:46:56,2,220,160,3,1,4780
17/06/2026 14:47:12,2,230,160,3,1,4890
17/06/2026 14:47:28,2,230,160,3,1,4890
17/06/2026 14:47:44,2,230,160,3,2,4860
17/06/2026 14:48:00,2,230,160,3,2,4860
17/06/2026 14:48:16,2,230,160,3,2,4860
17/06/2026 14:48:32,2,230,160,3,1,4850
17/06/2026 14:48:48,2,230,160,3,1,4850
17/06/2026 14:49:04,2,230,160,3,2,4840
17/06/2026 14:49:20,2,230,160,3,2,4840
17/06/2026 14:49:36,2,230,160,3,2,4720
17/06/2026 14:49:52,2,230,160,3,2,4720
17/06/2026 14:50:08,2,230,160,3,2,4750
17/06/2026 14:50:24,2,230,160,3,2,4750
17/06/2026 14:50:40,2,230,160,3,2,4750
17/06/2026 14:50:56,2,230,160,3,2,4840
17/06/2026 14:51:12,2,240,160,3,2,4840
17/06/2026 14:51:28,2,240,160,3,2,5030
17/06/2026 14:51:44,2,240,160,3,2,5030
17/06/2026 14:52:00,2,240,160,3,3,4870
17/06/2026 14:52:16,2,240,160,3,3,4870
17/06/2026 14:52:32,2,240,160,3,2,4880
17/06/2026 14:52:48,2,240,160,3,2,4880
17/06/2026 14:53:04,2,240,160,3,2,4880
17/06/2026 14:53:20,2,240,160,3,1,4870
17/06/2026 14:53:36,2,240,160,3,1,4870
17/06/2026 14:53:52,2,230,160,3,1,4680
17/06/2026 14:54:08,2,230,160,3,1,4680
17/06/2026 14:54:24,2,230,160,3,3,4470
17/06/2026 14:54:40,2,230,160,3,3,4470
17/06/2026 14:54:56,2,230,160,3,1,5160
17/06/2026 14:55:12,2,230,160,3,1,5160
17/06/2026 14:55:28,2,230,160,3,1,5160
17/06/2026 14:55:44,2,230,160,3,2,4920
17/06/2026 14:56:00,2,230,160,3,2,4920
17/06/2026 14:56:16,2,230,160,3,3,4620
17/06/2026 14:56:32,2,230,160,3,3,4620
17/06/2026 14:56:48,2,230,160,3,2,4590
17/06/2026 14:57:04,2,230,160,3,2,4590
17/06/2026 14:57:20,2,230,160,3,2,4680
17/06/2026 14:57:36,2,230,160,3,2,4680
17/06/2026 14:57:52,2,230,160,3,2,4680
17/06/2026 14:58:08,2,230,160,3,1,5750
17/06/2026 14:58:24,2,230,160,3,1,5750
17/06/2026 14:58:40,2,230,160,3,1,5670
17/06/2026 14:58:56,2,230,160,3,1,5670
17/06/2026 14:59:12,2,230,160,3,1,5590
17/06/2026 14:59:28,2,230,160,3,1,5590
17/06/2026 14:59:44,2,230,160,3,1,5580
17/06/2026 15:00:00,3,230,230,3,1,5580
17/06/2026 15:00:16,3,230,230,3,1,5580
17/06/2026 15:00:32,3,230,230,3,1,5650
17/06/2026 15:00:48,3,230,230,3,1,5650
17/06/2026 15:01:04,3,230,230,3,2,5800
17/06/2026 15:01:20,3,110,230,3,2,5800
17/06/2026 15:01:36,3,100,230,3,1,6020
17/06/2026 15:01:52,3,100,230,3,1,6020
17/06/2026 15:02:08,3,90,230,3,1,6050
17/06/2026 15:02:24,3,80,230,3,1,6050
17/06/2026 15:02:40,3,70,230,3,1,6050
17/06/2026 15:02:56,3,40,230,3,1,6070
17/06/2026 15:03:12,3,10,230,3,1,6070
17/06/2026 15:03:28,3,10,230,3,1,6120
17/06/2026 15:03:44,3,10,230,3,1,6120
17/06/2026 15:04:00,3,10,230,3,2,5980
17/06/2026 15:04:16,3,10,230,3,2,5980
17/06/2026 15:04:32,3,10,230,3,2,5990
17/06/2026 15:04:48,3,10,230,3,2,5990
17/06/2026 15:05:04,3,10,230,3,2,5990
17/06/2026 15:05:20,3,10,230,3,1,6230
17/06/2026 15:05:36,3,10,230,3,1,6230
17/06/2026 15:05:52,3,10,230,3,1,6040
17/06/2026 15:06:08,3,10,230,3,1,6040
17/06/2026 15:06:24,3,10,230,3,1,6040
17/06/2026 15:06:40,3,30,230,3,1,6040
17/06/2026 15:06:56,3,100,230,3,1,6040
17/06/2026 15:07:12,3,270,230,3,1,6040
17/06/2026 15:07:28,3,390,230,3,1,6040
17/06/2026 15:07:44,3,400,230,3,1,6060
17/06/2026 15:08:00,3,420,230,3,1,6060
17/06/2026 15:08:16,3,430,230,3,1,6090
17/06/2026 15:08:32,3,450,230,3,1,6090
17/06/2026 15:08:48,3,440,230,3,1,6130
17/06/2026 15:09:04,3,440,230,3,1,6130
17/06/2026 15:09:20,3,440,230,3,1,6160
17/06/2026 15:09:36,3,490,230,3,1,6160
17/06/2026 15:09:52,3,490,230,3,1,6160
17/06/2026 15:10:08,3,490,230,3,1,6190
17/06/2026 15:10:24,3,490,230,3,1,6190
17/06/2026 15:10:40,3,490,230,3,1,6190
17/06/2026 15:10:56,3,490,230,3,1,6190
17/06/2026 15:11:12,3,490,230,3,0,-999
17/06/2026 15:11:28,3,500,230,3,0,-999
17/06/2026 15:11:44,3,510,230,3,0,-999
17/06/2026 15:12:00,3,510,230,3,0,-999
17/06/2026 15:12:16,3,520,230,3,0,-999
17/06/2026 15:12:32,3,520,230,3,0,-999
17/06/2026 15:12:48,3,530,230,3,0,-999
17/06/2026 15:13:04,3,530,230,3,0,-999
17/06/2026 15:13:20,3,540,230,3,0,-999
17/06/2026 15:13:36,3,540,230,3,0,-999
17/06/2026 15:13:52,3,540,230,3,0,-999
17/06/2026 15:14:08,3,540,230,3,0,-999
17/06/2026 15:14:24,3,550,230,3,0,-999
17/06/2026 15:14:40,3,560,230,3,0,-999
17/06/2026 15:14:56,3,560,230,3,0,-999
17/06/2026 15:15:12,3,560,230,3,0,-999
17/06/2026 15:15:28,3,560,230,3,0,-999
17/06/2026 15:15:44,3,570,230,3,0,-999
17/06/2026 15:16:00,3,560,230,3,0,-999
17/06/2026 15:16:16,3,540,230,3,0,-999
17/06/2026 15:16:32,3,540,230,3,0,-999
17/06/2026 15:16:48,3,540,230,3,0,-999
17/06/2026 15:17:04,3,550,230,3,0,-999
17/06/2026 15:17:20,3,550,230,3,1,6950
17/06/2026 15:17:36,3,550,230,3,1,6950
17/06/2026 15:17:52,3,560,230,3,1,6950
17/06/2026 15:18:08,3,560,230,3,1,6950
17/06/2026 15:18:24,3,570,230,3,1,6960
17/06/2026 15:18:40,3,570,230,3,1,6960
17/06/2026 15:18:56,3,570,230,3,1,6950
17/06/2026 15:19:12,3,570,230,3,1,6950
17/06/2026 15:19:28,3,580,230,3,1,6950
17/06/2026 15:19:44,3,570,230,3,1,6930
17/06/2026 15:20:00,3,570,230,3,1,6930
17/06/2026 15:20:16,3,570,230,3,1,6920
17/06/2026 15:20:32,3,560,230,3,1,6920
17/06/2026 15:20:48,3,560,230,3,1,6940
17/06/2026 15:21:04,3,560,230,3,1,6940
17/06/2026 15:21:20,3,550,230,3,1,6930
17/06/2026 15:21:36,3,550,230,3,1,6930
17/06/2026 15:21:52,3,550,230,3,1,6930
17/06/2026 15:22:08,3,550,230,3,1,6930
17/06/2026 15:22:24,3,550,230,3,1,6930
17/06/2026 15:22:40,3,550,230,3,1,6920
17/06/2026 15:22:56,3,550,230,3,1,6920
17/06/2026 15:23:12,3,540,230,3,1,6940
17/06/2026 15:23:28,3,540,230,3,1,6940
17/06/2026 15:23:44,3,540,230,3,1,6940
17/06/2026 15:24:00,3,540,230,3,1,6940
17/06/2026 15:24:16,3,540,230,3,1,6940
17/06/2026 15:24:32,3,530,230,3,1,6930
17/06/2026 15:24:48,3,530,230,3,1,6930
17/06/2026 15:25:04,3,530,230,3,0,-999
17/06/2026 15:25:20,3,520,230,3,0,-999
17/06/2026 15:25:36,3,520,230,3,0,-999
17/06/2026 15:25:52,3,520,230,3,0,-999
17/06/2026 15:26:08,3,520,230,3,0,-999
17/06/2026 15:26:24,3,510,230,3,0,-999
17/06/2026 15:26:40,3,510,230,3,0,-999
17/06/2026 15:26:56,3,510,230,3,0,-999
17/06/2026 15:27:12,3,510,230,3,0,-999
17/06/2026 15:27:28,3,510,230,3,0,-999
17/06/2026 15:27:44,3,510,230,3,0,-999
17/06/2026 15:28:00,3,510,230,3,0,-999
17/06/2026 15:28:16,3,510,230,3,0,-999
17/06/2026 15:28:32,3,510,230,3,0,-999
17/06/2026 15:28:48,3,510,230,3,0,-999
17/06/2026 15:29:04,3,510,230,3,0,-999
17/06/2026 15:29:20,3,510,230,3,0,-999
17/06/2026 15:29:36,3,510,230,3,0,-999
17/06/2026 15:29:52,3,510,230,3,0,-999
17/06/2026 15:30:08,3,130,230,3,0,-999
17/06/2026 15:30:24,3,130,230,3,1,9610
17/06/2026 15:30:40,3,130,230,3,1,9610
17/06/2026 15:30:56,3,130,230,3,1,9530
17/06/2026 15:31:12,3,490,230,3,1,9530
17/06/2026 15:31:28,3,490,230,3,1,9530
17/06/2026 15:31:44,3,490,230,3,1,9540
17/06/2026 15:32:00,3,490,230,3,1,9540
17/06/2026 15:32:16,3,490,230,3,1,9540
17/06/2026 15:32:32,3,490,230,3,1,9540
17/06/2026 15:32:48,3,500,230,3,1,9490
17/06/2026 15:33:04,3,500,230,3,1,9490
17/06/2026 15:33:20,3,500,230,3,1,9470
17/06/2026 15:33:36,3,500,230,3,1,9470
17/06/2026 15:33:52,3,500,230,3,1,9470
17/06/2026 15:34:08,3,500,230,3,1,9460
17/06/2026 15:34:24,3,500,230,3,1,9460
17/06/2026 15:34:40,3,500,230,3,1,9420
17/06/2026 15:34:56,3,500,230,3,1,9420
17/06/2026 15:35:12,3,490,230,3,1,9380
17/06/2026 15:35:28,3,490,230,3,1,9380
17/06/2026 15:35:44,3,490,230,3,1,9380
17/06/2026 15:36:00,3,490,230,3,1,9380
17/06/2026 15:36:16,3,490,230,3,1,9380
17/06/2026 15:36:32,3,490,230,3,0,-999
17/06/2026 15:36:48,3,490,230,3,0,-999
17/06/2026 15:37:04,3,490,230,3,0,-999
17/06/2026 15:37:20,3,490,230,3,0,-999
17/06/2026 15:37:36,3,490,230,3,0,-999
17/06/2026 15:37:52,3,500,230,3,0,-999
17/06/2026 15:38:08,3,500,230,3,0,-999
17/06/2026 15:38:24,3,510,230,3,0,-999
17/06/2026 15:38:40,3,510,230,3,0,-999
17/06/2026 15:38:56,3,520,230,3,0,-999
17/06/2026 15:39:12,3,520,230,3,0,-999
17/06/2026 15:39:28,3,520,230,3,0,-999
17/06/2026 15:39:44,3,520,230,3,0,-999
17/06/2026 15:40:00,3,520,230,3,0,-999
17/06/2026 15:40:16,3,520,230,3,0,-999
17/06/2026 15:40:32,3,520,230,3,0,-999
17/06/2026 15:40:48,3,520,230,3,0,-999
17/06/2026 15:41:04,3,510,230,3,0,-999
17/06/2026 15:41:20,3,510,230,3,0,-999
17/06/2026 15:41:36,3,510,230,3,0,-999
17/06/2026 15:41:52,3,510,230,3,0,-999
17/06/2026 15:42:08,3,510,230,3,0,-999
17/06/2026 15:42:24,3,510,230,3,0,-999
17/06/2026 15:42:40,3,510,230,3,0,-999
17/06/2026 15:42:56,3,510,230,3,0,-999
17/06/2026 15:43:12,3,520,230,3,0,-999
17/06/2026 15:43:28,3,520,230,3,0,-999
17/06/2026 15:43:44,3,520,230,3,0,-999
17/06/2026 15:44:00,3,520,230,3,0,-999
17/06/2026 15:44:16,3,530,230,3,0,-999
17/06/2026 15:44:32,3,530,230,3,0,-999
17/06/2026 15:44:48,3,530,230,3,0,-999
17/06/2026 15:45:04,3,530,230,3,0,-999
17/06/2026 15:45:20,3,530,230,3,1,8220
17/06/2026 15:45:36,3,520,230,3,1,8220
17/06/2026 15:45:52,3,510,230,3,1,8220
17/06/2026 15:46:08,3,510,230,3,1,8240
17/06/2026 15:46:24,3,500,230,3,1,8240
17/06/2026 15:46:40,3,500,230,3,1,8240
17/06/2026 15:46:56,3,500,230,3,1,8240
17/06/2026 15:47:12,3,500,230,3,1,8260
17/06/2026 15:47:28,3,500,230,3,1,8260
17/06/2026 15:47:44,3,490,230,3,1,8280
17/06/2026 15:48:00,3,490,230,3,1,8280
17/06/2026 15:48:16,3,490,230,3,1,8280
17/06/2026 15:48:32,3,490,230,3,1,8320
17/06/2026 15:48:48,3,490,230,3,1,8320
17/06/2026 15:49:04,3,490,230,3,1,8280
17/06/2026 15:49:20,3,490,230,3,1,8280
17/06/2026 15:49:36,3,500,230,3,1,8290
17/06/2026 15:49:52,3,500,230,3,1,8290
17/06/2026 15:50:08,3,500,230,3,1,8290
17/06/2026 15:50:24,3,500,230,3,1,8290
17/06/2026 15:50:40,3,500,230,3,1,8290
17/06/2026 15:50:56,3,500,230,3,1,8240
17/06/2026 15:51:12,3,500,230,3,1,8240
17/06/2026 15:51:28,3,490,230,3,1,8100
17/06/2026 15:51:44,3,490,230,3,1,8100
17/06/2026 15:52:00,3,140,230,3,1,8100
17/06/2026 15:52:16,3,140,230,3,1,8100
17/06/2026 15:52:32,3,140,230,3,1,8090
17/06/2026 15:52:48,3,140,230,3,1,8090
17/06/2026 15:53:04,3,140,230,3,1,8090
17/06/2026 15:53:20,3,140,230,3,1,8080
17/06/2026 15:53:36,3,140,230,3,1,8080
17/06/2026 15:53:52,3,140,230,3,1,8080
17/06/2026 15:54:08,3,140,230,3,1,8080
17/06/2026 15:54:24,3,140,230,3,1,8070
17/06/2026 15:54:40,3,140,230,3,1,8070
17/06/2026 15:54:56,3,140,230,3,1,8060
17/06/2026 15:55:12,3,140,230,3,1,8060
17/06/2026 15:55:28,3,140,230,3,1,8060
17/06/2026 15:55:44,3,140,230,3,1,8060
17/06/2026 15:56:00,3,140,230,3,1,8060
17/06/2026 15:56:16,3,150,230,3,1,8060
17/06/2026 15:56:32,3,150,230,3,1,8060
17/06/2026 15:56:48,3,150,230,3,1,8050
17/06/2026 15:57:04,3,150,230,3,1,8050
17/06/2026 15:57:20,3,150,230,3,1,8040
17/06/2026 15:57:36,3,150,230,3,1,8040
17/06/2026 15:57:52,3,150,230,3,1,8040
17/06/2026 15:58:08,3,150,230,3,1,8040
17/06/2026 15:58:24,3,150,230,3,1,8040
17/06/2026 15:58:40,3,150,230,3,1,8050
17/06/2026 15:58:56,3,150,230,3,1,8050
17/06/2026 15:59:12,3,150,230,3,1,8050
17/06/2026 15:59:28,3,150,230,3,1,8050
17/06/2026 15:59:44,3,150,230,3,1,8060
17/06/2026 16:00:00,2,150,140,3,1,8060
17/06/2026 16:00:16,2,150,140,3,1,8060
17/06/2026 16:00:32,2,150,140,3,1,8060
17/06/2026 16:00:48,2,150,140,3,1,8060
17/06/2026 16:01:04,2,150,140,3,1,8080
17/06/2026 16:01:20,2,150,140,3,1,8080
17/06/2026 16:01:36,2,150,140,3,1,8070
17/06/2026 16:01:52,2,150,140,3,1,8070
17/06/2026 16:02:08,2,150,140,3,1,8060
17/06/2026 16:02:24,2,150,140,3,1,8060
17/06/2026 16:02:40,2,140,140,3,1,8060
17/06/2026 16:02:56,2,140,140,3,1,8060
17/06/2026 16:03:12,2,140,140,3,1,8060
17/06/2026 16:03:28,2,140,140,3,1,8040
17/06/2026 16:03:44,2,140,140,3,1,8040
17/06/2026 16:04:00,2,140,140,3,1,8030
17/06/2026 16:04:16,2,140,140,3,1,8030
17/06/2026 16:04:32,2,140,140,3,1,8020
17/06/2026 16:04:48,2,130,140,3,1,8020
17/06/2026 16:05:04,2,130,140,3,1,8020
17/06/2026 16:05:20,2,130,140,3,1,8010
17/06/2026 16:05:36,2,130,140,3,1,8010
17/06/2026 16:05:52,2,130,140,3,1,8000
17/06/2026 16:06:08,2,130,140,3,1,8000
17/06/2026 16:06:24,2,120,140,3,1,8000
17/06/2026 16:06:40,2,120,140,3,1,8000
17/06/2026 16:06:56,2,120,140,3,1,7990
17/06/2026 16:07:12,2,120,140,3,1,7990
17/06/2026 16:07:28,2,120,140,3,1,7990
17/06/2026 16:07:44,2,120,140,3,1,8010
17/06/2026 16:08:00,2,120,140,3,1,8010
17/06/2026 16:08:16,2,120,140,3,1,7990
17/06/2026 16:08:32,2,120,140,3,1,7990
17/06/2026 16:08:48,2,110,140,3,1,7980
17/06/2026 16:09:04,2,110,140,3,1,7980
17/06/2026 16:09:20,2,110,140,3,1,7980
17/06/2026 16:09:36,2,110,140,3,1,7980
17/06/2026 16:09:52,2,110,140,3,1,7980
17/06/2026 16:10:08,2,110,140,3,1,7980
17/06/2026 16:10:24,2,110,140,3,1,7980
17/06/2026 16:10:40,2,110,140,3,1,8010
17/06/2026 16:10:56,2,110,140,3,1,8010
17/06/2026 16:11:12,2,110,140,3,1,8010
17/06/2026 16:11:28,2,110,140,3,1,8010
17/06/2026 16:11:44,2,110,140,3,1,8000
17/06/2026 16:12:00,2,110,140,3,1,8000
17/06/2026 16:12:16,2,110,140,3,1,8000
17/06/2026 16:12:32,2,110,140,3,0,-999
17/06/2026 16:12:48,2,110,140,3,0,-999
17/06/2026 16:13:04,2,100,140,3,1,7980
17/06/2026 16:13:20,2,100,140,3,1,7980
17/06/2026 16:13:36,2,100,140,3,1,7970
17/06/2026 16:13:52,2,100,140,3,1,7970
17/06/2026 16:14:08,2,100,140,3,1,7940
17/06/2026 16:14:24,2,100,140,3,1,7940
17/06/2026 16:14:40,2,100,140,3,1,7940
17/06/2026 16:14:56,2,100,140,3,1,7930
17/06/2026 16:15:12,2,100,140,3,1,7930
17/06/2026 16:15:28,2,90,140,3,0,-999
17/06/2026 16:15:44,2,90,140,3,0,-999
17/06/2026 16:16:00,2,90,140,3,0,-999
17/06/2026 16:16:16,2,90,140,3,0,-999
17/06/2026 16:16:32,2,90,140,3,0,-999
17/06/2026 16:16:48,2,90,140,3,0,-999
17/06/2026 16:17:04,2,90,140,3,0,-999
17/06/2026 16:17:20,2,90,140,3,0,-999
17/06/2026 16:17:36,2,90,140,3,0,-999
17/06/2026 16:17:52,2,90,140,3,1,7910
17/06/2026 16:18:08,2,90,140,3,1,7910
17/06/2026 16:18:24,2,90,140,3,0,-999
17/06/2026 16:18:40,2,90,140,3,0,-999
17/06/2026 16:18:56,2,90,140,3,0,-999
17/06/2026 16:19:12,2,90,140,3,0,-999
17/06/2026 16:19:28,2,90,140,3,0,-999
17/06/2026 16:19:44,2,90,140,3,0,-999
17/06/2026 16:20:00,2,90,140,3,0,-999
17/06/2026 16:20:16,2,90,140,3,0,-999
17/06/2026 16:20:32,2,90,140,3,0,-999
17/06/2026 16:20:48,2,90,140,3,0,-999
17/06/2026 16:21:04,2,90,140,3,0,-999
17/06/2026 16:21:20,2,90,140,3,0,-999
17/06/2026 16:21:36,2,90,140,3,0,-999
17/06/2026 16:21:52,2,90,140,3,0,-999
17/06/2026 16:22:08,2,90,140,3,0,-999
17/06/2026 16:22:24,2,90,140,3,0,-999
17/06/2026 16:22:40,2,90,140,3,0,-999
17/06/2026 16:22:56,2,90,140,3,0,-999
17/06/2026 16:23:12,2,90,140,3,0,-999
17/06/2026 16:23:28,2,90,140,3,0,-999
17/06/2026 16:23:44,2,90,140,3,0,-999
17/06/2026 16:24:00,2,90,140,3,0,-999
17/06/2026 16:24:16,2,90,140,3,0,-999
17/06/2026 16:24:32,2,90,140,3,0,-999
17/06/2026 16:24:48,2,90,140,3,0,-999
17/06/2026 16:25:04,2,90,140,3,0,-999
17/06/2026 16:25:20,2,90,140,3,0,-999
17/06/2026 16:25:36,2,90,140,3,0,-999
17/06/2026 16:25:52,2,90,140,3,0,-999
17/06/2026 16:26:08,2,90,140,3,0,-999
17/06/2026 16:26:24,2,90,140,3,0,-999
17/06/2026 16:26:40,2,90,140,3,0,-999
17/06/2026 16:26:56,2,90,140,3,1,8910
17/06/2026 16:27:12,2,90,140,3,1,8910
17/06/2026 16:27:28,2,90,140,3,1,8900
17/06/2026 16:27:44,2,90,140,3,1,8900
17/06/2026 16:28:00,2,90,140,3,1,8890
17/06/2026 16:28:16,2,90,140,3,1,8890
17/06/2026 16:28:32,2,100,140,3,1,8870
17/06/2026 16:28:48,2,100,140,3,1,8870
17/06/2026 16:29:04,2,100,140,3,1,8870
17/06/2026 16:29:20,2,100,140,3,0,-999
17/06/2026 16:29:36,2,100,140,3,0,-999
17/06/2026 16:29:52,2,100,140,3,2,8810
17/06/2026 16:30:08,2,100,140,3,2,8810
17/06/2026 16:30:24,2,100,140,3,1,8710
17/06/2026 16:30:40,2,100,140,3,1,8710
17/06/2026 16:30:56,2,100,140,3,2,8670
17/06/2026 16:31:12,2,100,140,3,2,8670
17/06/2026 16:31:28,2,100,140,3,2,8670
17/06/2026 16:31:44,2,100,140,3,2,8750
17/06/2026 16:32:00,2,100,140,3,2,8750
17/06/2026 16:32:16,2,110,140,3,2,8800
17/06/2026 16:32:32,2,110,140,3,2,8800
17/06/2026 16:32:48,2,110,140,3,1,8780
17/06/2026 16:33:04,2,110,140,3,1,8780
17/06/2026 16:33:20,2,110,140,3,2,8770
17/06/2026 16:33:36,2,110,140,3,2,8770
17/06/2026 16:33:52,2,110,140,3,2,8770
17/06/2026 16:34:08,2,110,140,3,1,8960
17/06/2026 16:34:24,2,110,140,3,1,8960
17/06/2026 16:34:40,2,110,140,3,2,8750
17/06/2026 16:34:56,2,110,140,3,2,8750
17/06/2026 16:35:12,2,110,140,3,1,8740
17/06/2026 16:35:28,2,110,140,3,1,8740
17/06/2026 16:35:44,2,110,140,3,1,8780
17/06/2026 16:36:00,2,110,140,3,1,8780
17/06/2026 16:36:16,2,110,140,3,1,8780
17/06/2026 16:36:32,2,120,140,3,2,8790
17/06/2026 16:36:48,2,120,140,3,2,8790
17/06/2026 16:37:04,2,120,140,3,1,8960
17/06/2026 16:37:20,2,120,140,3,1,8960
17/06/2026 16:37:36,2,120,140,3,1,8940
17/06/2026 16:37:52,2,120,140,3,1,8940
17/06/2026 16:38:08,2,120,140,3,2,8810
17/06/2026 16:38:24,2,120,140,3,2,8810
17/06/2026 16:38:40,2,120,140,3,2,8810
17/06/2026 16:38:56,2,120,140,3,1,8830
17/06/2026 16:39:12,2,120,140,3,1,8830
17/06/2026 16:39:28,2,120,140,3,2,8880
17/06/2026 16:39:44,2,120,140,3,2,8880
17/06/2026 16:40:00,2,110,140,3,2,8840
17/06/2026 16:40:16,2,110,140,3,2,8840
17/06/2026 16:40:32,2,110,140,3,2,8800
17/06/2026 16:40:48,2,110,140,3,2,8800
17/06/2026 16:41:04,2,110,140,3,2,8800
17/06/2026 16:41:20,2,110,140,3,2,8770
17/06/2026 16:41:36,2,110,140,3,2,8770
17/06/2026 16:41:52,2,110,140,3,2,8760
17/06/2026 16:42:08,2,110,140,3,2,8760
17/06/2026 16:42:24,2,110,140,3,2,8860
17/06/2026 16:42:40,2,110,140,3,2,8860
17/06/2026 16:42:56,2,110,140,3,1,8610
17/06/2026 16:43:12,2,110,140,3,1,8610
17/06/2026 16:43:28,2,100,140,3,1,8610
17/06/2026 16:43:44,2,100,140,3,1,8850
17/06/2026 16:44:00,2,100,140,3,1,8850
17/06/2026 16:44:16,2,100,140,3,2,8460
17/06/2026 16:44:32,2,100,140,3,2,8460
17/06/2026 16:44:48,2,100,140,3,1,8750
17/06/2026 16:45:04,2,100,140,3,1,8750
17/06/2026 16:45:20,2,100,140,3,1,8610
17/06/2026 16:45:36,2,100,140,3,1,8610
17/06/2026 16:45:52,2,100,140,3,1,8610
17/06/2026 16:46:08,2,100,140,3,1,8580
17/06/2026 16:46:24,2,100,140,3,1,8580
17/06/2026 16:46:40,2,100,140,3,1,8550
17/06/2026 16:46:56,2,100,140,3,1,8550
17/06/2026 16:47:12,2,100,140,3,1,8460
17/06/2026 16:47:28,2,100,140,3,1,8460
17/06/2026 16:47:44,2,100,140,3,1,8460
17/06/2026 16:48:00,2,100,140,3,1,8460
17/06/2026 16:48:16,2,100,140,3,1,8460
17/06/2026 16:48:32,2,100,140,3,1,8440
17/06/2026 16:48:48,2,100,140,3,1,8440
17/06/2026 16:49:04,2,110,140,3,2,8440
17/06/2026 16:49:20,2,110,140,3,2,8440
17/06/2026 16:49:36,2,110,140,3,2,8470
17/06/2026 16:49:52,2,110,140,3,2,8470
17/06/2026 16:50:08,2,110,140,3,2,8450
17/06/2026 16:50:24,2,110,140,3,2,8450
17/06/2026 16:50:40,2,110,140,3,2,8450
17/06/2026 16:50:56,2,110,140,3,3,7900
17/06/2026 16:51:12,2,110,140,3,3,7900
17/06/2026 16:51:28,2,110,140,3,3,7800
17/06/2026 16:51:44,2,110,140,3,3,7800
17/06/2026 16:52:00,2,110,140,3,1,8320
17/06/2026 16:52:16,2,110,140,3,1,8320
17/06/2026 16:52:32,2,110,140,3,1,8230
17/06/2026 16:52:48,2,120,140,3,1,8230
17/06/2026 16:53:04,2,120,140,3,1,8230
17/06/2026 16:53:20,2,120,140,3,1,8110
17/06/2026 16:53:36,2,120,140,3,1,8110
17/06/2026 16:53:52,2,120,140,3,2,7510
17/06/2026 16:54:08,2,120,140,3,2,7510
17/06/2026 16:54:24,2,120,140,3,3,7510
17/06/2026 16:54:40,2,130,140,3,3,7510
17/06/2026 16:54:56,2,130,140,3,3,7460
17/06/2026 16:55:12,2,130,140,3,3,7460
17/06/2026 16:55:28,2,130,140,3,3,7460
17/06/2026 16:55:44,2,130,140,3,2,7440
17/06/2026 16:56:00,2,130,140,3,2,7440
17/06/2026 16:56:16,2,130,140,3,3,7410
17/06/2026 16:56:32,2,130,140,3,3,7410
17/06/2026 16:56:48,2,140,140,3,1,7390
17/06/2026 16:57:04,2,140,140,3,1,7390
17/06/2026 16:57:20,2,140,140,3,1,7400
17/06/2026 16:57:36,2,140,140,3,1,7400
17/06/2026 16:57:52,2,140,140,3,1,7400
17/06/2026 16:58:08,2,140,140,3,1,7440
17/06/2026 16:58:24,2,140,140,3,1,7440
17/06/2026 16:58:40,2,140,140,3,2,7450
17/06/2026 16:58:56,2,140,140,3,2,7450
17/06/2026 16:59:12,2,140,140,3,3,7660
17/06/2026 16:59:28,2,140,140,3,3,7660
17/06/2026 16:59:44,2,140,140,3,2,7670
17/06/2026 17:00:00,3,150,110,3,2,7670
17/06/2026 17:00:16,3,150,110,3,2,7670
17/06/2026 17:00:32,3,150,110,3,1,7560
17/06/2026 17:00:48,3,150,110,3,1,7560
17/06/2026 17:01:04,3,150,110,3,2,7510
17/06/2026 17:01:20,3,150,110,3,2,7510
17/06/2026 17:01:36,3,150,110,3,2,7420
17/06/2026 17:01:52,3,150,110,3,2,7420
17/06/2026 17:02:08,3,150,110,3,1,7130
17/06/2026 17:02:24,3,150,110,3,1,7130
17/06/2026 17:02:40,3,160,110,3,1,7130
17/06/2026 17:02:56,3,160,110,3,1,7050
17/06/2026 17:03:12,3,160,110,3,1,7050
17/06/2026 17:03:28,3,160,110,3,1,6970
17/06/2026 17:03:44,3,160,110,3,1,6970
17/06/2026 17:04:00,3,160,110,3,3,5720
17/06/2026 17:04:16,3,160,110,3,3,5720
17/06/2026 17:04:32,3,160,110,3,3,5730
17/06/2026 17:04:48,3,160,110,3,3,5730
17/06/2026 17:05:04,3,160,110,3,3,5730
17/06/2026 17:05:20,3,160,110,3,3,5990
17/06/2026 17:05:36,3,160,110,3,3,5990
17/06/2026 17:05:52,3,170,110,3,1,6850
17/06/2026 17:06:08,3,170,110,3,1,6850
17/06/2026 17:06:24,3,170,110,3,1,6910
17/06/2026 17:06:40,3,170,110,3,1,6910
17/06/2026 17:06:56,3,170,110,3,2,6870
17/06/2026 17:07:12,3,170,110,3,2,6870
17/06/2026 17:07:28,3,170,110,3,2,6870
17/06/2026 17:07:44,3,170,110,3,1,6720
17/06/2026 17:08:00,3,170,110,3,1,6720
17/06/2026 17:08:16,3,170,110,3,3,6300
17/06/2026 17:08:32,3,170,110,3,3,6300
17/06/2026 17:08:48,3,170,110,3,1,6260
17/06/2026 17:09:04,3,170,110,3,1,6260
17/06/2026 17:09:20,3,170,110,3,1,6250
17/06/2026 17:09:36,3,170,110,3,1,6250
17/06/2026 17:09:52,3,170,110,3,1,6250
17/06/2026 17:10:08,3,180,110,3,1,6260
17/06/2026 17:10:24,3,180,110,3,1,6260
17/06/2026 17:10:40,3,180,110,3,1,6240
17/06/2026 17:10:56,3,180,110,3,1,6240
17/06/2026 17:11:12,3,180,110,3,1,6240
17/06/2026 17:11:28,3,180,110,3,1,6240
17/06/2026 17:11:44,3,180,110,3,1,6240
17/06/2026 17:12:00,3,180,110,3,1,6240
17/06/2026 17:12:16,3,190,110,3,1,6240
17/06/2026 17:12:32,3,190,110,3,1,6230
17/06/2026 17:12:48,3,190,110,3,1,6230
17/06/2026 17:13:04,3,190,110,3,1,6200
17/06/2026 17:13:20,3,190,110,3,1,6200
17/06/2026 17:13:36,3,190,110,3,1,6210
17/06/2026 17:13:52,3,190,110,3,1,6210
17/06/2026 17:14:08,3,190,110,3,1,6220
17/06/2026 17:14:24,3,190,110,3,1,6220
17/06/2026 17:14:40,3,190,110,3,1,6220
17/06/2026 17:14:56,3,190,110,3,1,6240
17/06/2026 17:15:12,3,200,110,3,1,6240
17/06/2026 17:15:28,3,200,110,3,1,6230
17/06/2026 17:15:44,3,200,110,3,1,6230
17/06/2026 17:16:00,3,200,110,3,1,6240
17/06/2026 17:16:16,3,200,110,3,1,6240
17/06/2026 17:16:32,3,200,110,3,1,6230
17/06/2026 17:16:48,3,200,110,3,1,6230
17/06/2026 17:17:04,3,200,110,3,1,6230
17/06/2026 17:17:20,3,200,110,3,1,6230
17/06/2026 17:17:36,3,200,110,3,1,6230
17/06/2026 17:17:52,3,200,110,3,1,6230
17/06/2026 17:18:08,3,200,110,3,1,6230
17/06/2026 17:18:24,3,200,110,3,1,6240
17/06/2026 17:18:40,3,200,110,3,1,6240
17/06/2026 17:18:56,3,210,110,3,1,6240
17/06/2026 17:19:12,3,210,110,3,1,6240
17/06/2026 17:19:28,3,210,110,3,1,6240
17/06/2026 17:19:44,3,210,110,3,1,6250
17/06/2026 17:20:00,3,210,110,3,1,6250
17/06/2026 17:20:16,3,210,110,3,1,6260
17/06/2026 17:20:32,3,210,110,3,1,6260
17/06/2026 17:20:48,3,210,110,3,1,6270
17/06/2026 17:21:04,3,210,110,3,1,6270
17/06/2026 17:21:20,3,210,110,3,1,6280
17/06/2026 17:21:36,3,210,110,3,1,6280
17/06/2026 17:21:52,3,210,110,3,1,6280
17/06/2026 17:22:08,3,210,110,3,1,6260
17/06/2026 17:22:24,3,210,110,3,1,6260
17/06/2026 17:22:40,3,210,110,3,1,6250
17/06/2026 17:22:56,3,210,110,3,1,6250
17/06/2026 17:23:12,3,210,110,3,1,6250
17/06/2026 17:23:28,3,210,110,3,1,6250
17/06/2026 17:23:44,3,200,110,3,1,6250
17/06/2026 17:24:00,3,200,110,3,1,6250
17/06/2026 17:24:16,3,200,110,3,1,6250
17/06/2026 17:24:32,3,200,110,3,1,6250
17/06/2026 17:24:48,3,200,110,3,1,6250
17/06/2026 17:25:04,3,200,110,3,1,6260
17/06/2026 17:25:20,3,200,110,3,1,6260
17/06/2026 17:25:36,3,200,110,3,1,6270
17/06/2026 17:25:52,3,200,110,3,1,6270
17/06/2026 17:26:08,3,200,110,3,1,6250
17/06/2026 17:26:24,3,200,110,3,1,6250
17/06/2026 17:26:40,3,200,110,3,1,6250
17/06/2026 17:26:56,3,200,110,3,1,6250
17/06/2026 17:27:12,3,200,110,3,1,6250
17/06/2026 17:27:28,3,200,110,3,1,6260
17/06/2026 17:27:44,3,200,110,3,1,6260
17/06/2026 17:28:00,3,200,110,3,1,6260
17/06/2026 17:28:16,3,200,110,3,1,6260
17/06/2026 17:28:32,3,200,110,3,1,6240
17/06/2026 17:28:48,3,200,110,3,1,6240
17/06/2026 17:29:04,3,200,110,3,1,6240
17/06/2026 17:29:20,3,200,110,3,1,6270
17/06/2026 17:29:36,3,200,110,3,1,6270
17/06/2026 17:29:52,3,200,110,3,1,6240
17/06/2026 17:30:08,3,200,110,3,1,6240
17/06/2026 17:30:24,3,200,110,3,1,6250
17/06/2026 17:30:40,3,200,110,3,1,6250
17/06/2026 17:30:56,3,190,110,3,1,6250
17/06/2026 17:31:12,3,190,110,3,1,6250
17/06/2026 17:31:28,3,190,110,3,1,6250
17/06/2026 17:31:44,3,190,110,3,1,6270
17/06/2026 17:32:00,3,190,110,3,1,6270
17/06/2026 17:32:16,3,190,110,3,1,6260
17/06/2026 17:32:32,3,190,110,3,1,6260
17/06/2026 17:32:48,3,190,110,3,1,6250
17/06/2026 17:33:04,3,190,110,3,1,6250
17/06/2026 17:33:20,3,190,110,3,1,6250
17/06/2026 17:33:36,3,190,110,3,1,6250
17/06/2026 17:33:52,3,190,110,3,1,6250
17/06/2026 17:34:08,3,190,110,3,1,6290
17/06/2026 17:34:24,3,190,110,3,1,6290
17/06/2026 17:34:40,3,190,110,3,1,6270
17/06/2026 17:34:56,3,190,110,3,1,6270
17/06/2026 17:35:12,3,190,110,3,1,6260
17/06/2026 17:35:28,3,180,110,3,1,6260
17/06/2026 17:35:44,3,180,110,3,1,6280
17/06/2026 17:36:00,3,180,110,3,1,6280
17/06/2026 17:36:16,3,180,110,3,1,6280
17/06/2026 17:36:32,3,180,110,3,1,6280
17/06/2026 17:36:48,3,180,110,3,1,6280
17/06/2026 17:37:04,3,180,110,3,1,6270
17/06/2026 17:37:20,3,180,110,3,1,6270
17/06/2026 17:37:36,3,180,110,3,1,6270
17/06/2026 17:37:52,3,180,110,3,1,6270
17/06/2026 17:38:08,3,170,110,3,1,6260
17/06/2026 17:38:24,3,170,110,3,1,6260
17/06/2026 17:38:40,3,170,110,3,1,6260
17/06/2026 17:38:56,3,170,110,3,1,6260
17/06/2026 17:39:12,3,170,110,3,1,6260
17/06/2026 17:39:28,3,170,110,3,1,6270
17/06/2026 17:39:44,3,170,110,3,1,6270
17/06/2026 17:40:00,3,170,110,3,1,6270
17/06/2026 17:40:16,3,170,110,3,1,6270
17/06/2026 17:40:32,3,160,110,3,1,6270
17/06/2026 17:40:48,3,160,110,3,1,6270
17/06/2026 17:41:04,3,160,110,3,1,6270
17/06/2026 17:41:20,3,160,110,3,1,6270
17/06/2026 17:41:36,3,160,110,3,1,6270
17/06/2026 17:41:52,3,160,110,3,1,6270
17/06/2026 17:42:08,3,160,110,3,1,6270
17/06/2026 17:42:24,3,160,110,3,1,6280
17/06/2026 17:42:40,3,160,110,3,1,6280
17/06/2026 17:42:56,3,160,110,3,1,6290
17/06/2026 17:43:12,3,160,110,3,1,6290
17/06/2026 17:43:28,3,160,110,3,1,6290
17/06/2026 17:43:44,3,150,110,3,1,6310
17/06/2026 17:44:00,3,150,110,3,1,6310
17/06/2026 17:44:16,3,150,110,3,1,6290
17/06/2026 17:44:32,3,150,110,3,1,6290
17/06/2026 17:44:48,3,150,110,3,1,6270
17/06/2026 17:45:04,3,150,110,3,1,6270
17/06/2026 17:45:20,3,150,110,3,1,6270
17/06/2026 17:45:36,3,150,110,3,1,6270
17/06/2026 17:45:52,3,150,110,3,1,6270
17/06/2026 17:46:08,3,150,110,3,1,6300
17/06/2026 17:46:24,3,150,110,3,1,6300
17/06/2026 17:46:40,3,150,110,3,1,6310
17/06/2026 17:46:56,3,150,110,3,1,6310
17/06/2026 17:47:12,3,150,110,3,1,6310
17/06/2026 17:47:28,3,150,110,3,1,6310
17/06/2026 17:47:44,3,150,110,3,1,6300
17/06/2026 17:48:00,3,150,110,3,1,6300
17/06/2026 17:48:16,3,150,110,3,1,6300
17/06/2026 17:48:32,3,150,110,3,1,6290
17/06/2026 17:48:48,3,150,110,3,1,6290
17/06/2026 17:49:04,3,150,110,3,1,6300
17/06/2026 17:49:20,3,150,110,3,1,6300
17/06/2026 17:49:36,3,150,110,3,1,6300
17/06/2026 17:49:52,3,150,110,3,1,6300
17/06/2026 17:50:08,3,150,110,3,1,6290
17/06/2026 17:50:24,3,150,110,3,1,6290
17/06/2026 17:50:40,3,150,110,3,1,6290
17/06/2026 17:50:56,3,150,110,3,1,6300
17/06/2026 17:51:12,3,150,110,3,1,6300
17/06/2026 17:51:28,3,140,110,3,1,6300
17/06/2026 17:51:44,3,140,110,3,1,6300
17/06/2026 17:52:00,3,140,110,3,1,6280
17/06/2026 17:52:16,3,140,110,3,1,6280
17/06/2026 17:52:32,3,140,110,3,1,6280
17/06/2026 17:52:48,3,140,110,3,1,6280
17/06/2026 17:53:04,3,140,110,3,1,6280
17/06/2026 17:53:20,3,140,110,3,1,6280
17/06/2026 17:53:36,3,140,110,3,1,6280
17/06/2026 17:53:52,3,140,110,3,1,6300
17/06/2026 17:54:08,3,140,110,3,1,6300
17/06/2026 17:54:24,3,140,110,3,1,6290
17/06/2026 17:54:40,3,140,110,3,1,6290
17/06/2026 17:54:56,3,140,110,3,1,6290
17/06/2026 17:55:12,3,140,110,3,1,6290
17/06/2026 17:55:28,3,140,110,3,1,6290
17/06/2026 17:55:44,3,140,110,3,1,6270
17/06/2026 17:56:00,3,130,110,3,1,6270
17/06/2026 17:56:16,3,130,110,3,1,6270
17/06/2026 17:56:32,3,130,110,3,1,6270
17/06/2026 17:56:48,3,130,110,3,1,6270
17/06/2026 17:57:04,3,130,110,3,1,6270
17/06/2026 17:57:20,3,130,110,3,1,6280
17/06/2026 17:57:36,3,130,110,3,1,6280
17/06/2026 17:57:52,3,130,110,3,1,6280
17/06/2026 17:58:08,3,130,110,3,1,6270
17/06/2026 17:58:24,3,130,110,3,1,6270
17/06/2026 17:58:40,3,120,110,3,1,6280
17/06/2026 17:58:56,3,120,110,3,1,6280
17/06/2026 17:59:12,3,120,110,3,1,6270
17/06/2026 17:59:28,3,120,110,3,1,6270
17/06/2026 17:59:44,3,120,110,3,1,6290
17/06/2026 18:00:00,3,120,170,3,1,6290
17/06/2026 18:00:16,3,120,170,3,1,6290
17/06/2026 18:00:32,3,120,170,3,1,6250
17/06/2026 18:00:48,3,120,170,3,1,6250
17/06/2026 18:01:04,3,110,170,3,1,6260
17/06/2026 18:01:20,3,110,170,3,1,6260
17/06/2026 18:01:36,3,110,170,3,1,6270
17/06/2026 18:01:52,3,110,170,3,1,6270
17/06/2026 18:02:08,3,110,170,3,1,6250
17/06/2026 18:02:24,3,110,170,3,1,6250
17/06/2026 18:02:40,3,110,170,3,1,6250
17/06/2026 18:02:56,3,110,170,3,1,6270
17/06/2026 18:03:12,3,110,170,3,1,6270
17/06/2026 18:03:28,3,110,170,3,2,6270
17/06/2026 18:03:44,3,110,170,3,2,6270
17/06/2026 18:04:00,3,110,170,3,2,7710
17/06/2026 18:04:16,3,110,170,3,2,7710
17/06/2026 18:04:32,3,110,170,3,3,7530
17/06/2026 18:04:48,3,110,170,3,3,7530
17/06/2026 18:05:04,3,110,170,3,3,7530
17/06/2026 18:05:20,3,110,170,3,2,7510
17/06/2026 18:05:36,3,110,170,3,2,7510
17/06/2026 18:05:52,3,110,170,3,2,7690
17/06/2026 18:06:08,3,110,170,3,2,7690
17/06/2026 18:06:24,3,110,170,3,2,7620
17/06/2026 18:06:40,3,110,170,3,2,7620
17/06/2026 18:06:56,3,110,170,3,1,7820
17/06/2026 18:07:12,3,110,170,3,1,7820
17/06/2026 18:07:28,3,110,170,3,1,7820
17/06/2026 18:07:44,3,110,170,3,2,7380
17/06/2026 18:08:00,3,110,170,3,2,7380
17/06/2026 18:08:16,3,110,170,3,3,7190
17/06/2026 18:08:32,3,110,170,3,3,7190
17/06/2026 18:08:48,3,110,170,3,1,7110
17/06/2026 18:09:04,3,110,170,3,1,7110
17/06/2026 18:09:20,3,110,170,3,2,7030
17/06/2026 18:09:36,3,110,170,3,2,7030
17/06/2026 18:09:52,3,110,170,3,2,7030
17/06/2026 18:10:08,3,110,170,3,2,7040
17/06/2026 18:10:24,3,110,170,3,2,7040
17/06/2026 18:10:40,3,120,170,3,2,6940
17/06/2026 18:10:56,3,120,170,3,2,6940
17/06/2026 18:11:12,3,120,170,3,2,6920
17/06/2026 18:11:28,3,120,170,3,2,6920
17/06/2026 18:11:44,3,120,170,3,2,7430
17/06/2026 18:12:00,3,120,170,3,2,7430
17/06/2026 18:12:16,3,120,170,3,2,7430
17/06/2026 18:12:32,3,120,170,3,2,7290
17/06/2026 18:12:48,3,120,170,3,2,7290
17/06/2026 18:13:04,3,120,170,3,1,7170
17/06/2026 18:13:20,3,120,170,3,1,7170
17/06/2026 18:13:36,3,120,170,3,2,7070
17/06/2026 18:13:52,3,120,170,3,2,7070
17/06/2026 18:14:08,3,120,170,3,2,6900
17/06/2026 18:14:24,3,120,170,3,2,6900
17/06/2026 18:14:40,3,120,170,3,2,6900
17/06/2026 18:14:56,3,120,170,3,2,6930
17/06/2026 18:15:12,3,120,170,3,2,6930
17/06/2026 18:15:28,3,120,170,3,2,7060
17/06/2026 18:15:44,3,120,170,3,2,7060
17/06/2026 18:16:00,3,120,170,3,2,6950
17/06/2026 18:16:16,3,130,170,3,2,6950
17/06/2026 18:16:32,3,130,170,3,1,6820
17/06/2026 18:16:48,3,130,170,3,1,6820
17/06/2026 18:17:04,3,130,170,3,1,6820
17/06/2026 18:17:20,3,130,170,3,2,6650
17/06/2026 18:17:36,3,130,170,3,2,6650
17/06/2026 18:17:52,3,130,170,3,1,6470
17/06/2026 18:18:08,3,130,170,3,1,6470
17/06/2026 18:18:24,3,130,170,3,2,6460
17/06/2026 18:18:40,3,130,170,3,2,6460
17/06/2026 18:18:56,3,130,170,3,1,6370
17/06/2026 18:19:12,3,130,170,3,1,6370
17/06/2026 18:19:28,3,130,170,3,1,6370
17/06/2026 18:19:44,3,130,170,3,2,6360
17/06/2026 18:20:00,3,130,170,3,2,6360
17/06/2026 18:20:16,3,130,170,3,2,6280
17/06/2026 18:20:32,3,130,170,3,2,6280
17/06/2026 18:20:48,3,130,170,3,2,6690
17/06/2026 18:21:04,3,130,170,3,2,6690
17/06/2026 18:21:20,3,130,170,3,3,6440
17/06/2026 18:21:36,3,130,170,3,3,6440
17/06/2026 18:21:52,3,130,170,3,3,6440
17/06/2026 18:22:08,3,130,170,3,2,6340
17/06/2026 18:22:24,3,130,170,3,2,6340
17/06/2026 18:22:40,3,130,170,3,2,6360
17/06/2026 18:22:56,3,130,170,3,2,6360
17/06/2026 18:23:12,3,130,170,3,2,6240
17/06/2026 18:23:28,3,130,170,3,2,6240
17/06/2026 18:23:44,3,130,170,3,1,6240
17/06/2026 18:24:00,3,130,170,3,1,6240
17/06/2026 18:24:16,3,130,170,3,1,6240
17/06/2026 18:24:32,3,130,170,3,2,6230
17/06/2026 18:24:48,3,130,170,3,2,6230
17/06/2026 18:25:04,3,130,170,3,2,7060
17/06/2026 18:25:20,3,130,170,3,2,7060
17/06/2026 18:25:36,3,130,170,3,3,6920
17/06/2026 18:25:52,3,130,170,3,3,6920
17/06/2026 18:26:08,3,130,170,3,2,6920
17/06/2026 18:26:24,3,130,170,3,2,6920
17/06/2026 18:26:40,3,130,170,3,2,6920
17/06/2026 18:26:56,3,130,170,3,1,6920
17/06/2026 18:27:12,3,130,170,3,1,6920
17/06/2026 18:27:28,3,130,170,3,1,6920
17/06/2026 18:27:44,3,130,170,3,1,6920
17/06/2026 18:28:00,3,130,170,3,1,6920
17/06/2026 18:28:16,3,130,170,3,1,6920
17/06/2026 18:28:32,3,130,170,3,2,6670
17/06/2026 18:28:48,3,130,170,3,2,6670
17/06/2026 18:29:04,3,130,170,3,2,6670
17/06/2026 18:29:20,3,130,170,3,1,6910
17/06/2026 18:29:36,3,130,170,3,1,6910
17/06/2026 18:29:52,3,130,170,3,1,6920
17/06/2026 18:30:08,3,130,170,3,1,6920
17/06/2026 18:30:24,3,130,170,3,1,6920
17/06/2026 18:30:40,3,130,170,3,1,6920
17/06/2026 18:30:56,3,130,170,3,2,6440
17/06/2026 18:31:12,3,130,170,3,2,6440
17/06/2026 18:31:28,3,130,170,3,2,6440
17/06/2026 18:31:44,3,130,170,3,2,6340
17/06/2026 18:32:00,3,130,170,3,2,6340
17/06/2026 18:32:16,3,130,170,3,2,6090
17/06/2026 18:32:32,3,130,170,3,2,6090
17/06/2026 18:32:48,3,120,170,3,2,5920
17/06/2026 18:33:04,3,120,170,3,2,5920
17/06/2026 18:33:20,3,120,170,3,1,5830
17/06/2026 18:33:36,3,120,170,3,1,5830
17/06/2026 18:33:52,3,120,170,3,1,5830
17/06/2026 18:34:08,3,120,170,3,1,5720
17/06/2026 18:34:24,3,120,170,3,1,5720
17/06/2026 18:34:40,3,120,170,3,1,5720
17/06/2026 18:34:56,3,120,170,3,1,5720
17/06/2026 18:35:12,3,120,170,3,1,5720
17/06/2026 18:35:28,3,120,170,3,1,5720
17/06/2026 18:35:44,3,120,170,3,2,5730
17/06/2026 18:36:00,3,120,170,3,2,5730
17/06/2026 18:36:16,3,120,170,3,2,5730
17/06/2026 18:36:32,3,120,170,3,1,5730
17/06/2026 18:36:48,3,120,170,3,1,5730
17/06/2026 18:37:04,3,120,170,3,2,5770
17/06/2026 18:37:20,3,120,170,3,2,5770
17/06/2026 18:37:36,3,110,170,3,1,5760
17/06/2026 18:37:52,3,110,170,3,1,5760
17/06/2026 18:38:08,3,110,170,3,1,5760
17/06/2026 18:38:24,3,110,170,3,1,5760
17/06/2026 18:38:40,3,110,170,3,1,5760
17/06/2026 18:38:56,3,110,170,3,3,5800
17/06/2026 18:39:12,3,100,170,3,3,5800
17/06/2026 18:39:28,3,100,170,3,1,5840
17/06/2026 18:39:44,3,90,170,3,1,5840
17/06/2026 18:40:00,3,90,170,3,1,5810
17/06/2026 18:40:16,3,90,170,3,1,5810
17/06/2026 18:40:32,3,90,170,3,3,5840
17/06/2026 18:40:48,3,90,170,3,3,5840
17/06/2026 18:41:04,3,90,170,3,3,5840
17/06/2026 18:41:20,3,90,170,3,1,5480
17/06/2026 18:41:36,3,80,170,3,1,5480
17/06/2026 18:41:52,3,80,170,3,2,5470
17/06/2026 18:42:08,3,80,170,3,2,5470
17/06/2026 18:42:24,3,80,170,3,2,5950
17/06/2026 18:42:40,3,80,170,3,2,5950
17/06/2026 18:42:56,3,80,170,3,2,5830
17/06/2026 18:43:12,3,80,170,3,2,5830
17/06/2026 18:43:28,3,80,170,3,2,5830
17/06/2026 18:43:44,3,80,170,3,2,5760
17/06/2026 18:44:00,3,80,170,3,2,5760
17/06/2026 18:44:16,3,80,170,3,1,5760
17/06/2026 18:44:32,3,80,170,3,1,5760
17/06/2026 18:44:48,3,80,170,3,3,5470
17/06/2026 18:45:04,3,80,170,3,3,5470
17/06/2026 18:45:20,3,80,170,3,2,5460
17/06/2026 18:45:36,3,80,170,3,2,5460
17/06/2026 18:45:52,3,80,170,3,2,5460
17/06/2026 18:46:08,3,80,170,3,3,5720
17/06/2026 18:46:24,3,80,170,3,3,5720
17/06/2026 18:46:40,3,80,170,3,1,5690
17/06/2026 18:46:56,3,80,170,3,1,5690
17/06/2026 18:47:12,3,80,170,3,1,5660
17/06/2026 18:47:28,3,80,170,3,1,5660
17/06/2026 18:47:44,3,80,170,3,1,5560
17/06/2026 18:48:00,3,80,170,3,1,5560
17/06/2026 18:48:16,3,90,170,3,1,5560
17/06/2026 18:48:32,3,90,170,3,1,5490
17/06/2026 18:48:48,3,90,170,3,1,5490
17/06/2026 18:49:04,3,90,170,3,1,5470
17/06/2026 18:49:20,3,90,170,3,1,5470
17/06/2026 18:49:36,3,90,170,3,1,5300
17/06/2026 18:49:52,3,90,170,3,1,5300
17/06/2026 18:50:08,3,90,170,3,1,5200
17/06/2026 18:50:24,3,90,170,3,1,5200
17/06/2026 18:50:40,3,90,170,3,1,5200
17/06/2026 18:50:56,3,90,170,3,2,5240
17/06/2026 18:51:12,3,90,170,3,2,5240
17/06/2026 18:51:28,3,90,170,3,1,5390
17/06/2026 18:51:44,3,80,170,3,1,5390
17/06/2026 18:52:00,3,80,170,3,1,5380
17/06/2026 18:52:16,3,80,170,3,1,5380
17/06/2026 18:52:32,3,80,170,3,1,5240
17/06/2026 18:52:48,3,80,170,3,1,5240
17/06/2026 18:53:04,3,80,170,3,1,5240
17/06/2026 18:53:20,3,80,170,3,1,5200
17/06/2026 18:53:36,3,80,170,3,1,5200
17/06/2026 18:53:52,3,80,170,3,1,5170
17/06/2026 18:54:08,3,80,170,3,1,5170
17/06/2026 18:54:24,3,80,170,3,1,5160
17/06/2026 18:54:40,3,70,170,3,1,5160
17/06/2026 18:54:56,3,70,170,3,1,5150
17/06/2026 18:55:12,3,70,170,3,1,5150
17/06/2026 18:55:28,3,70,170,3,1,5150
17/06/2026 18:55:44,3,70,170,3,2,5160
17/06/2026 18:56:00,3,70,170,3,2,5160
17/06/2026 18:56:16,3,70,170,3,1,5730
17/06/2026 18:56:32,3,60,170,3,1,5730
17/06/2026 18:56:48,3,60,170,3,1,5750
17/06/2026 18:57:04,3,60,170,3,1,5750
17/06/2026 18:57:20,3,60,170,3,2,5460
17/06/2026 18:57:36,3,60,170,3,2,5460
17/06/2026 18:57:52,3,60,170,3,2,5460
17/06/2026 18:58:08,3,90,170,3,1,6900
17/06/2026 18:58:24,3,90,170,3,1,6900
17/06/2026 18:58:40,3,90,170,3,2,6540
17/06/2026 18:58:56,3,90,170,3,2,6540
17/06/2026 18:59:12,3,90,170,3,2,5720
17/06/2026 18:59:28,3,90,170,3,2,5720
17/06/2026 18:59:44,3,80,170,3,1,7040
17/06/2026 19:00:00,3,80,110,3,1,7040
17/06/2026 19:00:16,3,80,110,3,1,7040
17/06/2026 19:00:32,3,80,110,3,2,5840
17/06/2026 19:00:48,3,80,110,3,2,5840
17/06/2026 19:01:04,3,80,110,3,3,5880
17/06/2026 19:01:20,3,80,110,3,3,5880
17/06/2026 19:01:36,3,80,110,3,2,5830
17/06/2026 19:01:52,3,80,110,3,2,5830
17/06/2026 19:02:08,3,80,110,3,3,6160
17/06/2026 19:02:24,3,80,110,3,3,6160
17/06/2026 19:02:40,3,80,110,3,3,6160
17/06/2026 19:02:56,3,80,110,3,2,6390
17/06/2026 19:03:12,3,80,110,3,2,6390
17/06/2026 19:03:28,3,80,110,3,2,6400
17/06/2026 19:03:44,3,80,110,3,2,6400
17/06/2026 19:04:00,3,80,110,3,2,5640
17/06/2026 19:04:16,3,80,110,3,2,5640
17/06/2026 19:04:32,3,80,110,3,1,5640
17/06/2026 19:04:48,3,80,110,3,1,5640
17/06/2026 19:05:04,3,80,110,3,1,5640
17/06/2026 19:05:20,3,80,110,3,2,7380
17/06/2026 19:05:36,3,80,110,3,2,7380
17/06/2026 19:05:52,3,80,110,3,2,6060
17/06/2026 19:06:08,3,80,110,3,2,6060
17/06/2026 19:06:24,3,80,110,3,1,7470
17/06/2026 19:06:40,3,80,110,3,1,7470
17/06/2026 19:06:56,3,80,110,3,2,6050
17/06/2026 19:07:12,3,80,110,3,2,6050
17/06/2026 19:07:28,3,80,110,3,2,6050
17/06/2026 19:07:44,3,80,110,3,1,6050
17/06/2026 19:08:00,3,80,110,3,1,6050
17/06/2026 19:08:16,3,80,110,3,1,6050
17/06/2026 19:08:32,3,80,110,3,1,6050
17/06/2026 19:08:48,3,80,110,3,1,6050
17/06/2026 19:09:04,3,80,110,3,1,6050
17/06/2026 19:09:20,3,90,110,3,1,6040
17/06/2026 19:09:36,3,90,110,3,1,6040
17/06/2026 19:09:52,3,90,110,3,1,6040
17/06/2026 19:10:08,3,90,110,3,1,6050
17/06/2026 19:10:24,3,90,110,3,1,6050
17/06/2026 19:10:40,3,90,110,3,1,6080
17/06/2026 19:10:56,3,90,110,3,1,6080
17/06/2026 19:11:12,3,90,110,3,1,6020
17/06/2026 19:11:28,3,90,110,3,1,6020
17/06/2026 19:11:44,3,90,110,3,1,6020
17/06/2026 19:12:00,3,90,110,3,1,6020
17/06/2026 19:12:16,3,100,110,3,1,6020
17/06/2026 19:12:32,3,100,110,3,1,6020
17/06/2026 19:12:48,3,100,110,3,1,6020
17/06/2026 19:13:04,3,100,110,3,1,6020
17/06/2026 19:13:20,3,100,110,3,1,6020
17/06/2026 19:13:36,3,100,110,3,1,6020
17/06/2026 19:13:52,3,100,110,3,1,6020
17/06/2026 19:14:08,3,100,110,3,1,6030
17/06/2026 19:14:24,3,110,110,3,1,6030
17/06/2026 19:14:40,3,70,110,3,1,6030
17/06/2026 19:14:56,3,80,110,3,1,6040
17/06/2026 19:15:12,3,80,110,3,1,6040
17/06/2026 19:15:28,3,80,110,3,1,6030
17/06/2026 19:15:44,3,80,110,3,1,6030
17/06/2026 19:16:00,3,80,110,3,1,6030
17/06/2026 19:16:16,3,80,110,3,1,6030
17/06/2026 19:16:32,3,80,110,3,1,6020
17/06/2026 19:16:48,3,90,110,3,1,6020
17/06/2026 19:17:04,3,90,110,3,1,6020
17/06/2026 19:17:20,3,90,110,3,1,6020
17/06/2026 19:17:36,3,90,110,3,1,6020
17/06/2026 19:17:52,3,90,110,3,0,-999
17/06/2026 19:18:08,3,100,110,3,0,-999
17/06/2026 19:18:24,3,100,110,3,0,-999
17/06/2026 19:18:40,3,100,110,3,0,-999
17/06/2026 19:18:56,3,100,110,3,0,-999
17/06/2026 19:19:12,3,100,110,3,0,-999
17/06/2026 19:19:28,3,100,110,3,0,-999
17/06/2026 19:19:44,3,100,110,3,0,-999
17/06/2026 19:20:00,3,100,110,3,0,-999
17/06/2026 19:20:16,3,100,110,3,0,-999
17/06/2026 19:20:32,3,110,110,3,0,-999
17/06/2026 19:20:48,3,110,110,3,0,-999
17/06/2026 19:21:04,3,110,110,3,0,-999
17/06/2026 19:21:20,3,110,110,3,1,7970
17/06/2026 19:21:36,3,110,110,3,1,7970
17/06/2026 19:21:52,3,110,110,3,1,7970
17/06/2026 19:22:08,3,110,110,3,1,7910
17/06/2026 19:22:24,3,110,110,3,1,7910
17/06/2026 19:22:40,3,110,110,3,1,7920
17/06/2026 19:22:56,3,110,110,3,1,7920
17/06/2026 19:23:12,3,110,110,3,1,7930
17/06/2026 19:23:28,3,110,110,3,1,7930
17/06/2026 19:23:44,3,110,110,3,1,7880
17/06/2026 19:24:00,3,110,110,3,1,7880
17/06/2026 19:24:16,3,110,110,3,1,7880
17/06/2026 19:24:32,3,110,110,3,1,7870
17/06/2026 19:24:48,3,110,110,3,1,7870
17/06/2026 19:25:04,3,110,110,3,1,7840
17/06/2026 19:25:20,3,110,110,3,1,7840
17/06/2026 19:25:36,3,110,110,3,1,7830
17/06/2026 19:25:52,3,110,110,3,1,7830
17/06/2026 19:26:08,3,110,110,3,1,7820
17/06/2026 19:26:24,3,110,110,3,1,7820
17/06/2026 19:26:40,3,110,110,3,1,7820
17/06/2026 19:26:56,3,110,110,3,1,7770
17/06/2026 19:27:12,3,110,110,3,1,7770
17/06/2026 19:27:28,3,110,110,3,1,7770
17/06/2026 19:27:44,3,110,110,3,1,7770
17/06/2026 19:28:00,3,110,110,3,1,7780
17/06/2026 19:28:16,3,110,110,3,1,7780
17/06/2026 19:28:32,3,110,110,3,1,7820
17/06/2026 19:28:48,3,110,110,3,1,7820
17/06/2026 19:29:04,3,110,110,3,1,7820
17/06/2026 19:29:20,3,110,110,3,1,7890
17/06/2026 19:29:36,3,110,110,3,1,7890
17/06/2026 19:29:52,3,110,110,3,2,7850
17/06/2026 19:30:08,3,110,110,3,2,7850
17/06/2026 19:30:24,3,110,110,3,2,7770
17/06/2026 19:30:40,3,110,110,3,2,7770
17/06/2026 19:30:56,3,110,110,3,1,7760
17/06/2026 19:31:12,3,110,110,3,1,7760
17/06/2026 19:31:28,3,110,110,3,1,7760
17/06/2026 19:31:44,3,110,110,3,1,7780
17/06/2026 19:32:00,3,110,110,3,1,7780
17/06/2026 19:32:16,3,110,110,3,2,6270
17/06/2026 19:32:32,3,110,110,3,2,6270
17/06/2026 19:32:48,3,120,110,3,2,6260
17/06/2026 19:33:04,3,120,110,3,2,6260
17/06/2026 19:33:20,3,120,110,3,2,6280
17/06/2026 19:33:36,3,120,110,3,2,6280
17/06/2026 19:33:52,3,120,110,3,2,6280
17/06/2026 19:34:08,3,120,110,3,2,6300
17/06/2026 19:34:24,3,120,110,3,2,6300
17/06/2026 19:34:40,3,120,110,3,2,6320
17/06/2026 19:34:56,3,120,110,3,2,6320
17/06/2026 19:35:12,3,120,110,3,3,6330
17/06/2026 19:35:28,3,120,110,3,3,6330
17/06/2026 19:35:44,3,120,110,3,3,6320
17/06/2026 19:36:00,3,120,110,3,3,6320
17/06/2026 19:36:16,3,120,110,3,3,6320
17/06/2026 19:36:32,3,120,110,3,1,6970
17/06/2026 19:36:48,3,120,110,3,1,6970
17/06/2026 19:37:04,3,120,110,3,2,7140
17/06/2026 19:37:20,3,120,110,3,2,7140
17/06/2026 19:37:36,3,120,110,3,1,7150
17/06/2026 19:37:52,3,120,110,3,1,7150
17/06/2026 19:38:08,3,120,110,3,2,6920
17/06/2026 19:38:24,3,120,110,3,2,6920
17/06/2026 19:38:40,3,120,110,3,2,6920
17/06/2026 19:38:56,3,120,110,3,1,6440
17/06/2026 19:39:12,3,120,110,3,1,6440
17/06/2026 19:39:28,3,120,110,3,2,6430
17/06/2026 19:39:44,3,120,110,3,2,6430
17/06/2026 19:40:00,3,120,110,3,2,6900
17/06/2026 19:40:16,3,130,110,3,2,6900
17/06/2026 19:40:32,3,130,110,3,1,7170
17/06/2026 19:40:48,3,130,110,3,1,7170
17/06/2026 19:41:04,3,130,110,3,1,7170
17/06/2026 19:41:20,3,130,110,3,1,6760
17/06/2026 19:41:36,3,130,110,3,1,6760
17/06/2026 19:41:52,3,130,110,3,2,6580
17/06/2026 19:42:08,3,130,110,3,2,6580
17/06/2026 19:42:24,3,130,110,3,2,7640
17/06/2026 19:42:40,3,130,110,3,2,7640
17/06/2026 19:42:56,3,130,110,3,1,7570
17/06/2026 19:43:12,3,130,110,3,1,7570
17/06/2026 19:43:28,3,130,110,3,1,7570
17/06/2026 19:43:44,3,130,110,3,1,7570
17/06/2026 19:44:00,3,130,110,3,1,7570
17/06/2026 19:44:16,3,130,110,3,1,7650
17/06/2026 19:44:32,3,130,110,3,1,7650
17/06/2026 19:44:48,3,130,110,3,3,6420
17/06/2026 19:45:04,3,130,110,3,3,6420
17/06/2026 19:45:20,3,130,110,3,1,7890
17/06/2026 19:45:36,3,140,110,3,1,7890
17/06/2026 19:45:52,3,140,110,3,1,7890
17/06/2026 19:46:08,3,140,110,3,1,7810
17/06/2026 19:46:24,3,140,110,3,1,7810
17/06/2026 19:46:40,3,140,110,3,1,7790
17/06/2026 19:46:56,3,140,110,3,1,7790
17/06/2026 19:47:12,3,140,110,3,1,7810
17/06/2026 19:47:28,3,140,110,3,1,7810
17/06/2026 19:47:44,3,140,110,3,1,7830
17/06/2026 19:48:00,3,140,110,3,1,7830
17/06/2026 19:48:16,3,140,110,3,1,7830
17/06/2026 19:48:32,3,140,110,3,1,7850
17/06/2026 19:48:48,3,140,110,3,1,7850
17/06/2026 19:49:04,3,140,110,3,1,7860
17/06/2026 19:49:20,3,140,110,3,1,7860
17/06/2026 19:49:36,3,150,110,3,1,7870
17/06/2026 19:49:52,3,150,110,3,1,7870
17/06/2026 19:50:08,3,150,110,3,1,7870
17/06/2026 19:50:24,3,150,110,3,1,7870
17/06/2026 19:50:40,3,150,110,3,1,7870
17/06/2026 19:50:56,3,150,110,3,2,7790
17/06/2026 19:51:12,3,150,110,3,2,7790
17/06/2026 19:51:28,3,150,110,3,1,7770
17/06/2026 19:51:44,3,150,110,3,1,7770
17/06/2026 19:52:00,3,150,110,3,1,7820
17/06/2026 19:52:16,3,150,110,3,1,7820
17/06/2026 19:52:32,3,150,110,3,1,7740
17/06/2026 19:52:48,3,150,110,3,1,7740
17/06/2026 19:53:04,3,150,110,3,1,7740
17/06/2026 19:53:20,3,150,110,3,1,7710
17/06/2026 19:53:36,3,150,110,3,1,7710
17/06/2026 19:53:52,3,150,110,3,1,7750
17/06/2026 19:54:08,3,150,110,3,1,7750
17/06/2026 19:54:24,3,150,110,3,1,7770
17/06/2026 19:54:40,3,150,110,3,1,7770
17/06/2026 19:54:56,3,150,110,3,1,7710
17/06/2026 19:55:12,3,150,110,3,1,7710
17/06/2026 19:55:28,3,140,110,3,1,7710
17/06/2026 19:55:44,3,140,110,3,1,7690
17/06/2026 19:56:00,3,140,110,3,1,7690
17/06/2026 19:56:16,3,140,110,3,1,7720
17/06/2026 19:56:32,3,140,110,3,1,7720
17/06/2026 19:56:48,3,140,110,3,1,7670
17/06/2026 19:57:04,3,140,110,3,1,7670
17/06/2026 19:57:20,3,140,110,3,1,7680
17/06/2026 19:57:36,3,140,110,3,1,7680
17/06/2026 19:57:52,3,140,110,3,1,7680
17/06/2026 19:58:08,3,140,110,3,1,7640
17/06/2026 19:58:24,3,140,110,3,1,7640
17/06/2026 19:58:40,3,140,110,3,1,7610
17/06/2026 19:58:56,3,140,110,3,1,7610
17/06/2026 19:59:12,3,140,110,3,1,7570
17/06/2026 19:59:28,3,130,110,3,1,7570
17/06/2026 19:59:44,3,130,110,3,1,7570
17/06/2026 20:00:00,3,130,120,3,1,7570
17/06/2026 20:00:16,3,130,120,3,1,7570
17/06/2026 20:00:32,3,130,120,3,1,7600
17/06/2026 20:00:48,3,130,120,3,1,7600
17/06/2026 20:01:04,3,130,120,3,1,7740
17/06/2026 20:01:20,3,130,120,3,1,7740
17/06/2026 20:01:36,3,130,120,3,1,7690
17/06/2026 20:01:52,3,130,120,3,1,7690
17/06/2026 20:02:08,3,130,120,3,2,6530
17/06/2026 20:02:24,3,120,120,3,2,6530
17/06/2026 20:02:40,3,120,120,3,2,6530
17/06/2026 20:02:56,3,120,120,3,2,6540
17/06/2026 20:03:12,3,120,120,3,2,6540
17/06/2026 20:03:28,3,120,120,3,2,6570
17/06/2026 20:03:44,3,120,120,3,2,6570
17/06/2026 20:04:00,3,120,120,3,2,6490
17/06/2026 20:04:16,3,120,120,3,2,6490
17/06/2026 20:04:32,3,120,120,3,2,6490
17/06/2026 20:04:48,3,120,120,3,2,6490
17/06/2026 20:05:04,3,120,120,3,2,6490
17/06/2026 20:05:20,3,110,120,3,2,6490
17/06/2026 20:05:36,3,110,120,3,2,6490
17/06/2026 20:05:52,3,110,120,3,1,7630
17/06/2026 20:06:08,3,110,120,3,1,7630
17/06/2026 20:06:24,3,110,120,3,1,7780
17/06/2026 20:06:40,3,110,120,3,1,7780
17/06/2026 20:06:56,3,110,120,3,1,7680
17/06/2026 20:07:12,3,110,120,3,1,7680
17/06/2026 20:07:28,3,110,120,3,1,7680
17/06/2026 20:07:44,3,110,120,3,1,7530
17/06/2026 20:08:00,3,110,120,3,1,7530
17/06/2026 20:08:16,3,110,120,3,1,7540
17/06/2026 20:08:32,3,110,120,3,1,7540
17/06/2026 20:08:48,3,110,120,3,1,7690
17/06/2026 20:09:04,3,110,120,3,1,7690
17/06/2026 20:09:20,3,110,120,3,1,7720
17/06/2026 20:09:36,3,110,120,3,1,7720
17/06/2026 20:09:52,3,110,120,3,1,7720
17/06/2026 20:10:08,3,110,120,3,1,7690
17/06/2026 20:10:24,3,110,120,3,1,7690
17/06/2026 20:10:40,3,110,120,3,1,7760
17/06/2026 20:10:56,3,110,120,3,1,7760
17/06/2026 20:11:12,3,110,120,3,1,7850
17/06/2026 20:11:28,3,100,120,3,1,7850
17/06/2026 20:11:44,3,100,120,3,1,7790
17/06/2026 20:12:00,3,100,120,3,1,7790
17/06/2026 20:12:16,3,100,120,3,1,7790
17/06/2026 20:12:32,3,100,120,3,1,7730
17/06/2026 20:12:48,3,100,120,3,1,7730
17/06/2026 20:13:04,3,100,120,3,1,7740
17/06/2026 20:13:20,3,100,120,3,1,7740
17/06/2026 20:13:36,3,100,120,3,1,7790
17/06/2026 20:13:52,3,100,120,3,1,7790
17/06/2026 20:14:08,3,100,120,3,2,6460
17/06/2026 20:14:24,3,100,120,3,2,6460
17/06/2026 20:14:40,3,100,120,3,2,6460
17/06/2026 20:14:56,3,100,120,3,1,6460
17/06/2026 20:15:12,3,100,120,3,1,6460
17/06/2026 20:15:28,3,100,120,3,2,6470
17/06/2026 20:15:44,3,100,120,3,2,6470
17/06/2026 20:16:00,3,100,120,3,2,6420
17/06/2026 20:16:16,3,100,120,3,2,6420
17/06/2026 20:16:32,3,100,120,3,2,6420
17/06/2026 20:16:48,3,100,120,3,2,6420
17/06/2026 20:17:04,3,100,120,3,2,6420
17/06/2026 20:17:20,3,100,120,3,1,7500
17/06/2026 20:17:36,3,100,120,3,1,7500
17/06/2026 20:17:52,3,100,120,3,1,7430
17/06/2026 20:18:08,3,100,120,3,1,7430
17/06/2026 20:18:24,3,100,120,3,1,7560
17/06/2026 20:18:40,3,100,120,3,1,7560
17/06/2026 20:18:56,3,100,120,3,3,6410
17/06/2026 20:19:12,3,100,120,3,3,6410
17/06/2026 20:19:28,3,100,120,3,3,6410
17/06/2026 20:19:44,3,100,120,3,2,6410
17/06/2026 20:20:00,3,100,120,3,2,6410
17/06/2026 20:20:16,3,100,120,3,3,6440
17/06/2026 20:20:32,3,100,120,3,3,6440
17/06/2026 20:20:48,3,100,120,3,1,7310
17/06/2026 20:21:04,3,100,120,3,1,7310
17/06/2026 20:21:20,3,100,120,3,2,6670
17/06/2026 20:21:36,3,100,120,3,2,6670
17/06/2026 20:21:52,3,100,120,3,2,6670
17/06/2026 20:22:08,3,100,120,3,2,6660
17/06/2026 20:22:24,3,100,120,3,2,6660
17/06/2026 20:22:40,3,100,120,3,1,7410
17/06/2026 20:22:56,3,100,120,3,1,7410
17/06/2026 20:23:12,3,100,120,3,3,6520
17/06/2026 20:23:28,3,100,120,3,3,6520
17/06/2026 20:23:44,3,100,120,3,2,6430
17/06/2026 20:24:00,3,100,120,3,2,6430
17/06/2026 20:24:16,3,100,120,3,2,6430
17/06/2026 20:24:32,3,100,120,3,1,6410
17/06/2026 20:24:48,3,100,120,3,1,6410
17/06/2026 20:25:04,3,100,120,3,1,6410
17/06/2026 20:25:20,3,100,120,3,1,6410
17/06/2026 20:25:36,3,100,120,3,1,6400
17/06/2026 20:25:52,3,100,120,3,1,6400
17/06/2026 20:26:08,3,100,120,3,1,6390
17/06/2026 20:26:24,3,100,120,3,1,6390
17/06/2026 20:26:40,3,100,120,3,1,6390
17/06/2026 20:26:56,3,100,120,3,1,6420
17/06/2026 20:27:12,3,100,120,3,1,6420
17/06/2026 20:27:28,3,100,120,3,2,6410
17/06/2026 20:27:44,3,100,120,3,2,6410
17/06/2026 20:28:00,3,100,120,3,2,6430
17/06/2026 20:28:16,3,100,120,3,2,6430
17/06/2026 20:28:32,3,100,120,3,1,6460
17/06/2026 20:28:48,3,100,120,3,1,6460
17/06/2026 20:29:04,3,100,120,3,1,6460
17/06/2026 20:29:20,3,100,120,3,1,6430
17/06/2026 20:29:36,3,100,120,3,1,6430
17/06/2026 20:29:52,3,100,120,3,1,6440
17/06/2026 20:30:08,3,100,120,3,1,6440
17/06/2026 20:30:24,3,100,120,3,1,6450
17/06/2026 20:30:40,3,100,120,3,1,6450
17/06/2026 20:30:56,3,90,120,3,1,6470
17/06/2026 20:31:12,3,90,120,3,1,6470
17/06/2026 20:31:28,3,90,120,3,1,6470
17/06/2026 20:31:44,3,90,120,3,1,6470
17/06/2026 20:32:00,3,90,120,3,1,6470
17/06/2026 20:32:16,3,90,120,3,1,6490
17/06/2026 20:32:32,3,90,120,3,1,6490
17/06/2026 20:32:48,3,90,120,3,2,6620
17/06/2026 20:33:04,3,90,120,3,2,6620
17/06/2026 20:33:20,3,90,120,3,1,7510
17/06/2026 20:33:36,3,90,120,3,1,7510
17/06/2026 20:33:52,3,90,120,3,1,7510
17/06/2026 20:34:08,3,90,120,3,2,6520
17/06/2026 20:34:24,3,90,120,3,2,6520
17/06/2026 20:34:40,3,80,120,3,2,6520
17/06/2026 20:34:56,3,80,120,3,2,6520
17/06/2026 20:35:12,3,80,120,3,2,6530
17/06/2026 20:35:28,3,80,120,3,2,6530
17/06/2026 20:35:44,3,80,120,3,1,7590
17/06/2026 20:36:00,3,80,120,3,1,7590
17/06/2026 20:36:16,3,80,120,3,1,7590
17/06/2026 20:36:32,3,80,120,3,1,7560
17/06/2026 20:36:48,3,70,120,3,1,7560
17/06/2026 20:37:04,3,70,120,3,2,6410
17/06/2026 20:37:20,3,70,120,3,2,6410
17/06/2026 20:37:36,3,70,120,3,2,6410
17/06/2026 20:37:52,3,70,120,3,2,6410
17/06/2026 20:38:08,3,70,120,3,1,6510
17/06/2026 20:38:24,3,70,120,3,1,6510
17/06/2026 20:38:40,3,70,120,3,1,6510
17/06/2026 20:38:56,3,70,120,3,1,6410
17/06/2026 20:39:12,3,60,120,3,1,6410
17/06/2026 20:39:28,3,60,120,3,1,6440
17/06/2026 20:39:44,3,70,120,3,1,6440
17/06/2026 20:40:00,3,70,120,3,1,6430
17/06/2026 20:40:16,3,70,120,3,1,6430
17/06/2026 20:40:32,3,70,120,3,1,6440
17/06/2026 20:40:48,3,70,120,3,1,6440
17/06/2026 20:41:04,3,70,120,3,1,6440
17/06/2026 20:41:20,3,70,120,3,1,6450
17/06/2026 20:41:36,3,70,120,3,1,6450
17/06/2026 20:41:52,3,70,120,3,1,6470
17/06/2026 20:42:08,3,70,120,3,1,6470
17/06/2026 20:42:24,3,70,120,3,1,6470
17/06/2026 20:42:40,3,70,120,3,1,6470
17/06/2026 20:42:56,3,60,120,3,1,6470
17/06/2026 20:43:12,3,60,120,3,1,6470
17/06/2026 20:43:28,3,60,120,3,1,6470
17/06/2026 20:43:44,3,60,120,3,1,6470
17/06/2026 20:44:00,3,60,120,3,1,6470
17/06/2026 20:44:16,3,60,120,3,1,6470
17/06/2026 20:44:32,3,60,120,3,1,6470
17/06/2026 20:44:48,3,60,120,3,1,6470
17/06/2026 20:45:04,3,60,120,3,1,6470
17/06/2026 20:45:20,3,60,120,3,1,6470
17/06/2026 20:45:36,3,60,120,3,1,6470
17/06/2026 20:45:52,3,60,120,3,1,6470
17/06/2026 20:46:08,3,60,120,3,1,6480
17/06/2026 20:46:24,3,60,120,3,1,6480
17/06/2026 20:46:40,3,60,120,3,1,6490
17/06/2026 20:46:56,3,60,120,3,1,6490
17/06/2026 20:47:12,3,60,120,3,1,6480
17/06/2026 20:47:28,3,60,120,3,1,6480
17/06/2026 20:47:44,3,60,120,3,1,6480
17/06/2026 20:48:00,3,60,120,3,1,6480
17/06/2026 20:48:16,3,60,120,3,1,6480
17/06/2026 20:48:32,3,60,120,3,1,6490
17/06/2026 20:48:48,3,60,120,3,1,6490
17/06/2026 20:49:04,3,60,120,3,1,6490
17/06/2026 20:49:20,3,60,120,3,1,6490
17/06/2026 20:49:36,3,60,120,3,1,6470
17/06/2026 20:49:52,3,60,120,3,1,6470
17/06/2026 20:50:08,3,60,120,3,1,6640
17/06/2026 20:50:24,3,60,120,3,1,6640
17/06/2026 20:50:40,3,60,120,3,1,6640
17/06/2026 20:50:56,3,60,120,3,1,6670
17/06/2026 20:51:12,3,60,120,3,1,6670
17/06/2026 20:51:28,3,60,120,3,2,6480
17/06/2026 20:51:44,3,60,120,3,2,6480
17/06/2026 20:52:00,3,60,120,3,1,6470
17/06/2026 20:52:16,3,60,120,3,1,6470
17/06/2026 20:52:32,3,60,120,3,1,6450
17/06/2026 20:52:48,3,60,120,3,1,6450
17/06/2026 20:53:04,3,60,120,3,1,6450
17/06/2026 20:53:20,3,60,120,3,1,6460
17/06/2026 20:53:36,3,60,120,3,1,6460
17/06/2026 20:53:52,3,60,120,3,1,6490
17/06/2026 20:54:08,3,60,120,3,1,6490
17/06/2026 20:54:24,3,60,120,3,1,6490
17/06/2026 20:54:40,3,60,120,3,1,6490
17/06/2026 20:54:56,3,60,120,3,1,6500
17/06/2026 20:55:12,3,70,120,3,1,6500
17/06/2026 20:55:28,3,70,120,3,1,6500
17/06/2026 20:55:44,3,70,120,3,1,6490
17/06/2026 20:56:00,3,70,120,3,1,6490
17/06/2026 20:56:16,3,70,120,3,1,6490
17/06/2026 20:56:32,3,70,120,3,1,6490
17/06/2026 20:56:48,3,70,120,3,1,6500
17/06/2026 20:57:04,3,70,120,3,1,6500
17/06/2026 20:57:20,3,70,120,3,2,6500
17/06/2026 20:57:36,3,70,120,3,2,6500
17/06/2026 20:57:52,3,70,120,3,2,6500
17/06/2026 20:58:08,3,70,120,3,2,6490
17/06/2026 20:58:24,3,70,120,3,2,6490
17/06/2026 20:58:40,3,70,120,3,2,6530
17/06/2026 20:58:56,3,70,120,3,2,6530
17/06/2026 20:59:12,3,70,120,3,2,6550
17/06/2026 20:59:28,3,70,120,3,2,6550
17/06/2026 20:59:44,3,70,120,3,1,7000
17/06/2026 21:00:00,3,70,100,3,1,7000
17/06/2026 21:00:16,3,70,100,3,1,7000
17/06/2026 21:00:32,3,70,100,3,2,6610
17/06/2026 21:00:48,3,70,100,3,2,6610
17/06/2026 21:01:04,3,70,100,3,2,6360
17/06/2026 21:01:20,3,70,100,3,2,6360
17/06/2026 21:01:36,3,70,100,3,2,6310
17/06/2026 21:01:52,3,70,100,3,2,6310
17/06/2026 21:02:08,3,70,100,3,1,6490
17/06/2026 21:02:24,3,70,100,3,1,6490
17/06/2026 21:02:40,3,70,100,3,1,6490
17/06/2026 21:02:56,3,70,100,3,1,6450
17/06/2026 21:03:12,3,70,100,3,1,6450
17/06/2026 21:03:28,3,70,100,3,1,6450
17/06/2026 21:03:44,3,70,100,3,1,6450
17/06/2026 21:04:00,3,70,100,3,1,6480
17/06/2026 21:04:16,3,70,100,3,1,6480
17/06/2026 21:04:32,3,70,100,3,1,6470
17/06/2026 21:04:48,3,70,100,3,1,6470
17/06/2026 21:05:04,3,70,100,3,1,6470
17/06/2026 21:05:20,3,70,100,3,1,6580
17/06/2026 21:05:36,3,70,100,3,1,6580
17/06/2026 21:05:52,3,70,100,3,1,6610
17/06/2026 21:06:08,3,70,100,3,1,6610
17/06/2026 21:06:24,3,70,100,3,2,6630
17/06/2026 21:06:40,3,70,100,3,2,6630
17/06/2026 21:06:56,3,70,100,3,2,6360
17/06/2026 21:07:12,3,70,100,3,2,6360
17/06/2026 21:07:28,3,70,100,3,2,6360
17/06/2026 21:07:44,3,70,100,3,1,6270
17/06/2026 21:08:00,3,70,100,3,1,6270
17/06/2026 21:08:16,3,70,100,3,1,6290
17/06/2026 21:08:32,3,70,100,3,1,6290
17/06/2026 21:08:48,3,70,100,3,1,6330
17/06/2026 21:09:04,3,70,100,3,1,6330
17/06/2026 21:09:20,3,70,100,3,2,6320
17/06/2026 21:09:36,3,70,100,3,2,6320
17/06/2026 21:09:52,3,70,100,3,2,6320
17/06/2026 21:10:08,3,70,100,3,1,6600
17/06/2026 21:10:24,3,70,100,3,1,6600
17/06/2026 21:10:40,3,70,100,3,2,6090
17/06/2026 21:10:56,3,70,100,3,2,6090
17/06/2026 21:11:12,3,70,100,3,2,6180
17/06/2026 21:11:28,3,70,100,3,2,6180
17/06/2026 21:11:44,3,70,100,3,1,6270
17/06/2026 21:12:00,3,70,100,3,1,6270
17/06/2026 21:12:16,3,60,100,3,1,6270
17/06/2026 21:12:32,3,60,100,3,1,6320
17/06/2026 21:12:48,3,60,100,3,1,6320
17/06/2026 21:13:04,3,60,100,3,1,6280
17/06/2026 21:13:20,3,70,100,3,1,6280
17/06/2026 21:13:36,3,60,100,3,1,6290
17/06/2026 21:13:52,3,60,100,3,1,6290
17/06/2026 21:14:08,3,60,100,3,1,6290
17/06/2026 21:14:24,3,60,100,3,1,6290
17/06/2026 21:14:40,3,60,100,3,1,6290
17/06/2026 21:14:56,3,60,100,3,1,6270
17/06/2026 21:15:12,3,60,100,3,1,6270
17/06/2026 21:15:28,3,60,100,3,1,6520
17/06/2026 21:15:44,3,60,100,3,1,6520
17/06/2026 21:16:00,3,70,100,3,2,6370
17/06/2026 21:16:16,3,70,100,3,2,6370
17/06/2026 21:16:32,3,70,100,3,2,6520
17/06/2026 21:16:48,3,70,100,3,2,6520
17/06/2026 21:17:04,3,70,100,3,2,6520
17/06/2026 21:17:20,3,70,100,3,1,6520
17/06/2026 21:17:36,3,70,100,3,1,6520
17/06/2026 21:17:52,3,70,100,3,2,6520
17/06/2026 21:18:08,3,70,100,3,2,6520
17/06/2026 21:18:24,3,70,100,3,3,6350
17/06/2026 21:18:40,3,70,100,3,3,6350
17/06/2026 21:18:56,3,70,100,3,2,6460
17/06/2026 21:19:12,3,70,100,3,2,6460
17/06/2026 21:19:28,3,70,100,3,2,6460
17/06/2026 21:19:44,3,70,100,3,2,6410
17/06/2026 21:20:00,3,70,100,3,2,6410
17/06/2026 21:20:16,3,70,100,3,1,6370
17/06/2026 21:20:32,3,70,100,3,1,6370
17/06/2026 21:20:48,3,70,100,3,1,6380
17/06/2026 21:21:04,3,70,100,3,1,6380
17/06/2026 21:21:20,3,70,100,3,1,6320
17/06/2026 21:21:36,3,70,100,3,1,6320
17/06/2026 21:21:52,3,70,100,3,1,6320
17/06/2026 21:22:08,3,70,100,3,1,6320
17/06/2026 21:22:24,3,70,100,3,1,6320
17/06/2026 21:22:40,3,70,100,3,1,5820
17/06/2026 21:22:56,3,70,100,3,1,5820
17/06/2026 21:23:12,3,70,100,3,2,5770
17/06/2026 21:23:28,3,80,100,3,2,5770
17/06/2026 21:23:44,3,80,100,3,2,5930
17/06/2026 21:24:00,3,80,100,3,2,5930
17/06/2026 21:24:16,3,80,100,3,2,5930
17/06/2026 21:24:32,3,80,100,3,1,7050
17/06/2026 21:24:48,3,80,100,3,1,7050
17/06/2026 21:25:04,3,80,100,3,1,7070
17/06/2026 21:25:20,3,80,100,3,1,7070
17/06/2026 21:25:36,3,80,100,3,1,7210
17/06/2026 21:25:52,3,80,100,3,1,7210
17/06/2026 21:26:08,3,80,100,3,1,7070
17/06/2026 21:26:24,3,80,100,3,1,7070
17/06/2026 21:26:40,3,80,100,3,1,7070
17/06/2026 21:26:56,3,80,100,3,2,6730
17/06/2026 21:27:12,3,80,100,3,2,6730
17/06/2026 21:27:28,3,80,100,3,2,6210
17/06/2026 21:27:44,3,80,100,3,2,6210
17/06/2026 21:28:00,3,80,100,3,2,5640
17/06/2026 21:28:16,3,80,100,3,2,5640
17/06/2026 21:28:32,3,80,100,3,1,5520
17/06/2026 21:28:48,3,80,100,3,1,5520
17/06/2026 21:29:04,3,80,100,3,1,5520
17/06/2026 21:29:20,3,90,100,3,1,5470
17/06/2026 21:29:36,3,90,100,3,1,5470
17/06/2026 21:29:52,3,90,100,3,1,5440
17/06/2026 21:30:08,3,90,100,3,1,5440
17/06/2026 21:30:24,3,60,100,3,1,5500
17/06/2026 21:30:40,3,70,100,3,1,5500
17/06/2026 21:30:56,3,70,100,3,1,5600
17/06/2026 21:31:12,3,70,100,3,1,5600
17/06/2026 21:31:28,3,70,100,3,1,5600
17/06/2026 21:31:44,3,70,100,3,1,5580
17/06/2026 21:32:00,3,70,100,3,1,5580
17/06/2026 21:32:16,3,70,100,3,1,5610
17/06/2026 21:32:32,3,70,100,3,1,5610
17/06/2026 21:32:48,3,70,100,3,1,5630
17/06/2026 21:33:04,3,70,100,3,1,5630
17/06/2026 21:33:20,3,70,100,3,2,5640
17/06/2026 21:33:36,3,80,100,3,2,5640
17/06/2026 21:33:52,3,80,100,3,2,5640
17/06/2026 21:34:08,3,80,100,3,1,7100
17/06/2026 21:34:24,3,80,100,3,1,7100
17/06/2026 21:34:40,3,80,100,3,2,5900
17/06/2026 21:34:56,3,80,100,3,2,5900
17/06/2026 21:35:12,3,80,100,3,2,5910
17/06/2026 21:35:28,3,80,100,3,2,5910
17/06/2026 21:35:44,3,90,100,3,3,5890
17/06/2026 21:36:00,3,90,100,3,3,5890
17/06/2026 21:36:16,3,90,100,3,3,5890
17/06/2026 21:36:32,3,90,100,3,1,5900
17/06/2026 21:36:48,3,90,100,3,1,5900
17/06/2026 21:37:04,3,90,100,3,1,5780
17/06/2026 21:37:20,3,90,100,3,1,5780
17/06/2026 21:37:36,3,90,100,3,1,5620
17/06/2026 21:37:52,3,90,100,3,1,5620
17/06/2026 21:38:08,3,90,100,3,1,5510
17/06/2026 21:38:24,3,90,100,3,1,5510
17/06/2026 21:38:40,3,90,100,3,1,5510
17/06/2026 21:38:56,3,100,100,3,1,5410
17/06/2026 21:39:12,3,100,100,3,1,5410
17/06/2026 21:39:28,3,100,100,3,2,5400
17/06/2026 21:39:44,3,100,100,3,2,5400
17/06/2026 21:40:00,3,100,100,3,1,7110
17/06/2026 21:40:16,3,100,100,3,1,7110
17/06/2026 21:40:32,3,100,100,3,1,7100
17/06/2026 21:40:48,3,100,100,3,1,7100
17/06/2026 21:41:04,3,100,100,3,1,7100
17/06/2026 21:41:20,3,100,100,3,1,7100
17/06/2026 21:41:36,3,100,100,3,1,7100
17/06/2026 21:41:52,3,100,100,3,2,6560
17/06/2026 21:42:08,3,100,100,3,2,6560
17/06/2026 21:42:24,3,100,100,3,2,6020
17/06/2026 21:42:40,3,100,100,3,2,6020
17/06/2026 21:42:56,3,100,100,3,2,6050
17/06/2026 21:43:12,3,100,100,3,2,6050
17/06/2026 21:43:28,3,100,100,3,2,6050
17/06/2026 21:43:44,3,100,100,3,3,6020
17/06/2026 21:44:00,3,100,100,3,3,6020
17/06/2026 21:44:16,3,110,100,3,2,6030
17/06/2026 21:44:32,3,110,100,3,2,6030
17/06/2026 21:44:48,3,110,100,3,2,6050
17/06/2026 21:45:04,3,110,100,3,2,6050
17/06/2026 21:45:20,3,110,100,3,2,6080
17/06/2026 21:45:36,3,110,100,3,2,6080
17/06/2026 21:45:52,3,110,100,3,2,6080
17/06/2026 21:46:08,3,110,100,3,1,7230
17/06/2026 21:46:24,3,110,100,3,1,7230
17/06/2026 21:46:40,3,110,100,3,1,7260
17/06/2026 21:46:56,3,110,100,3,1,7260
17/06/2026 21:47:12,3,110,100,3,1,7280
17/06/2026 21:47:28,3,110,100,3,1,7280
17/06/2026 21:47:44,3,110,100,3,2,6080
17/06/2026 21:48:00,3,110,100,3,2,6080
17/06/2026 21:48:16,3,110,100,3,2,6080
17/06/2026 21:48:32,3,110,100,3,1,6100
17/06/2026 21:48:48,3,110,100,3,1,6100
17/06/2026 21:49:04,3,110,100,3,2,6130
17/06/2026 21:49:20,3,110,100,3,2,6130
17/06/2026 21:49:36,3,110,100,3,1,6120
17/06/2026 21:49:52,3,110,100,3,1,6120
17/06/2026 21:50:08,3,110,100,3,2,6140
17/06/2026 21:50:24,3,110,100,3,2,6140
17/06/2026 21:50:40,3,110,100,3,2,6140
17/06/2026 21:50:56,3,110,100,3,2,6040
17/06/2026 21:51:12,3,110,100,3,2,6040
17/06/2026 21:51:28,3,110,100,3,2,6030
17/06/2026 21:51:44,3,110,100,3,2,6030
17/06/2026 21:52:00,3,100,100,3,1,6070
17/06/2026 21:52:16,3,100,100,3,1,6070
17/06/2026 21:52:32,3,100,100,3,1,6070
17/06/2026 21:52:48,3,100,100,3,1,6070
17/06/2026 21:53:04,3,100,100,3,1,6070
17/06/2026 21:53:20,3,100,100,3,1,6070
17/06/2026 21:53:36,3,100,100,3,1,6070
17/06/2026 21:53:52,3,100,100,3,1,6070
17/06/2026 21:54:08,3,100,100,3,1,6070
17/06/2026 21:54:24,3,100,100,3,1,6060
17/06/2026 21:54:40,3,90,100,3,1,6060
17/06/2026 21:54:56,3,90,100,3,1,6020
17/06/2026 21:55:12,3,90,100,3,1,6020
17/06/2026 21:55:28,3,90,100,3,1,6020
17/06/2026 21:55:44,3,90,100,3,1,6030
17/06/2026 21:56:00,3,90,100,3,1,6030
17/06/2026 21:56:16,3,80,100,3,1,6040
17/06/2026 21:56:32,3,80,100,3,1,6040
17/06/2026 21:56:48,3,80,100,3,2,6160
17/06/2026 21:57:04,3,80,100,3,2,6160
17/06/2026 21:57:20,3,80,100,3,2,6050
17/06/2026 21:57:36,3,80,100,3,2,6050
17/06/2026 21:57:52,3,80,100,3,2,6050
17/06/2026 21:58:08,3,90,100,3,2,6050
17/06/2026 21:58:24,3,90,100,3,2,6050
17/06/2026 21:58:40,3,90,100,3,1,6360
17/06/2026 21:58:56,3,90,100,3,1,6360
17/06/2026 21:59:12,3,90,100,3,1,6110
17/06/2026 21:59:28,3,90,100,3,1,6110
17/06/2026 21:59:44,3,90,100,3,1,6100
17/06/2026 22:00:00,3,90,100,3,1,6100
17/06/2026 22:00:16,3,90,100,3,1,6100
17/06/2026 22:00:32,3,90,100,3,1,6160
17/06/2026 22:00:48,3,90,100,3,1,6160
17/06/2026 22:01:04,3,90,100,3,1,6230
17/06/2026 22:01:20,3,90,100,3,1,6230
17/06/2026 22:01:36,3,90,100,3,1,6240
17/06/2026 22:01:52,3,90,100,3,1,6240
17/06/2026 22:02:08,3,90,100,3,1,6260
17/06/2026 22:02:24,3,90,100,3,1,6260
17/06/2026 22:02:40,3,90,100,3,1,6260
17/06/2026 22:02:56,3,90,100,3,1,6310
17/06/2026 22:03:12,3,90,100,3,1,6310
17/06/2026 22:03:28,3,90,100,3,1,6240
17/06/2026 22:03:44,3,90,100,3,1,6240
17/06/2026 22:04:00,3,90,100,3,1,6330
17/06/2026 22:04:16,3,90,100,3,1,6330
17/06/2026 22:04:32,3,90,100,3,1,6390
17/06/2026 22:04:48,3,90,100,3,1,6390
17/06/2026 22:05:04,3,90,100,3,1,6390
17/06/2026 22:05:20,3,90,100,3,1,6370
17/06/2026 22:05:36,3,90,100,3,1,6370
17/06/2026 22:05:52,3,90,100,3,1,6390
17/06/2026 22:06:08,3,90,100,3,1,6390
17/06/2026 22:06:24,3,90,100,3,1,6450
17/06/2026 22:06:40,3,90,100,3,1,6450
17/06/2026 22:06:56,3,90,100,3,1,6480
17/06/2026 22:07:12,3,90,100,3,1,6480
17/06/2026 22:07:28,3,100,100,3,1,6480
17/06/2026 22:07:44,3,100,100,3,1,6530
17/06/2026 22:08:00,3,100,100,3,1,6530
17/06/2026 22:08:16,3,100,100,3,1,6560
17/06/2026 22:08:32,3,100,100,3,1,6560
17/06/2026 22:08:48,3,100,100,3,1,6590
17/06/2026 22:09:04,3,100,100,3,1,6590
17/06/2026 22:09:20,3,100,100,3,1,6620
17/06/2026 22:09:36,3,100,100,3,1,6620
17/06/2026 22:09:52,3,100,100,3,1,6620
17/06/2026 22:10:08,3,100,100,3,1,6620
17/06/2026 22:10:24,3,80,100,3,1,6620
17/06/2026 22:10:40,3,80,100,3,1,6650
17/06/2026 22:10:56,3,80,100,3,1,6650
17/06/2026 22:11:12,3,90,100,3,1,6690
17/06/2026 22:11:28,3,90,100,3,1,6690
17/06/2026 22:11:44,3,90,100,3,1,6690
17/06/2026 22:12:00,3,90,100,3,1,6690
17/06/2026 22:12:16,3,90,100,3,1,6690
17/06/2026 22:12:32,3,90,100,3,1,6740
17/06/2026 22:12:48,3,90,100,3,1,6740
17/06/2026 22:13:04,3,90,100,3,1,6760
17/06/2026 22:13:20,3,90,100,3,1,6760
17/06/2026 22:13:36,3,100,100,3,1,6750
17/06/2026 22:13:52,3,100,100,3,1,6750
17/06/2026 22:14:08,3,100,100,3,1,6780
17/06/2026 22:14:24,3,100,100,3,1,6780
17/06/2026 22:14:40,3,100,100,3,1,6780
17/06/2026 22:14:56,3,100,100,3,1,6780
17/06/2026 22:15:12,3,100,100,3,1,6780
17/06/2026 22:15:28,3,100,100,3,2,6530
17/06/2026 22:15:44,3,100,100,3,2,6530
17/06/2026 22:16:00,3,100,100,3,2,6500
17/06/2026 22:16:16,3,100,100,3,2,6500
17/06/2026 22:16:32,3,100,100,3,1,6920
17/06/2026 22:16:48,3,100,100,3,1,6920
17/06/2026 22:17:04,3,100,100,3,1,6920
17/06/2026 22:17:20,3,100,100,3,1,6920
17/06/2026 22:17:36,3,100,100,3,1,6920
17/06/2026 22:17:52,3,100,100,3,2,5680
17/06/2026 22:18:08,3,100,100,3,2,5680
17/06/2026 22:18:24,3,100,100,3,2,5650
17/06/2026 22:18:40,3,100,100,3,2,5650
17/06/2026 22:18:56,3,100,100,3,2,5630
17/06/2026 22:19:12,3,100,100,3,2,5630
17/06/2026 22:19:28,3,100,100,3,2,5630
17/06/2026 22:19:44,3,100,100,3,2,5600
17/06/2026 22:20:00,3,100,100,3,2,5600
17/06/2026 22:20:16,3,100,100,3,1,5610
17/06/2026 22:20:32,3,100,100,3,1,5610
17/06/2026 22:20:48,3,100,100,3,1,5610
17/06/2026 22:21:04,3,100,100,3,1,5610
17/06/2026 22:21:20,3,90,100,3,1,5600
17/06/2026 22:21:36,3,90,100,3,1,5600
17/06/2026 22:21:52,3,90,100,3,1,5600
17/06/2026 22:22:08,3,90,100,3,1,5600
17/06/2026 22:22:24,3,90,100,3,1,5600
17/06/2026 22:22:40,3,90,100,3,1,5570
17/06/2026 22:22:56,3,90,100,3,1,5570
17/06/2026 22:23:12,3,80,100,3,1,5570
17/06/2026 22:23:28,3,80,100,3,1,5570
17/06/2026 22:23:44,3,80,100,3,3,5570
17/06/2026 22:24:00,3,80,100,3,3,5570
17/06/2026 22:24:16,3,80,100,3,3,5570
17/06/2026 22:24:32,3,80,100,3,1,5550
17/06/2026 22:24:48,3,70,100,3,1,5550
17/06/2026 22:25:04,3,70,100,3,2,5540
17/06/2026 22:25:20,3,70,100,3,2,5540
17/06/2026 22:25:36,3,70,100,3,1,5460
17/06/2026 22:25:52,3,70,100,3,1,5460
17/06/2026 22:26:08,3,70,100,3,1,5470
17/06/2026 22:26:24,3,70,100,3,1,5470
17/06/2026 22:26:40,3,80,100,3,1,5470
17/06/2026 22:26:56,3,80,100,3,1,5430
17/06/2026 22:27:12,3,80,100,3,1,5430
17/06/2026 22:27:28,3,80,100,3,2,5440
17/06/2026 22:27:44,3,80,100,3,2,5440
17/06/2026 22:28:00,3,80,100,3,2,5550
17/06/2026 22:28:16,3,80,100,3,2,5550
17/06/2026 22:28:32,3,80,100,3,2,5150
17/06/2026 22:28:48,3,80,100,3,2,5150
17/06/2026 22:29:04,3,80,100,3,2,5150
17/06/2026 22:29:20,3,80,100,3,1,5150
17/06/2026 22:29:36,3,80,100,3,1,5150
17/06/2026 22:29:52,3,80,100,3,1,5140
17/06/2026 22:30:08,3,80,100,3,1,5140
17/06/2026 22:30:24,3,80,100,3,1,5140
17/06/2026 22:30:40,3,80,100,3,1,5140
17/06/2026 22:30:56,3,80,100,3,1,5140
17/06/2026 22:31:12,3,80,100,3,1,5140
17/06/2026 22:31:28,3,80,100,3,1,5140
17/06/2026 22:31:44,3,80,100,3,1,5180
17/06/2026 22:32:00,3,80,100,3,1,5180
17/06/2026 22:32:16,3,80,100,3,1,5240
17/06/2026 22:32:32,3,80,100,3,1,5240
17/06/2026 22:32:48,3,80,100,3,2,5300
17/06/2026 22:33:04,3,80,100,3,2,5300
17/06/2026 22:33:20,3,80,100,3,1,5920
17/06/2026 22:33:36,3,80,100,3,1,5920
17/06/2026 22:33:52,3,80,100,3,1,5920
17/06/2026 22:34:08,3,80,100,3,2,6060
17/06/2026 22:34:24,3,80,100,3,2,6060
17/06/2026 22:34:40,3,80,100,3,1,5560
17/06/2026 22:34:56,3,80,100,3,1,5560
17/06/2026 22:35:12,3,80,100,3,1,5610
17/06/2026 22:35:28,3,80,100,3,1,5610
17/06/2026 22:35:44,3,80,100,3,2,5640
17/06/2026 22:36:00,3,80,100,3,2,5640
17/06/2026 22:36:16,3,80,100,3,2,5640
17/06/2026 22:36:32,3,80,100,3,1,5700
17/06/2026 22:36:48,3,80,100,3,1,5700
17/06/2026 22:37:04,3,80,100,3,1,5690
17/06/2026 22:37:20,3,80,100,3,1,5690
17/06/2026 22:37:36,3,80,100,3,1,5700
17/06/2026 22:37:52,3,80,100,3,1,5700
17/06/2026 22:38:08,3,80,100,3,2,5700
17/06/2026 22:38:24,3,80,100,3,2,5700
17/06/2026 22:38:40,3,80,100,3,2,5700
17/06/2026 22:38:56,3,80,100,3,2,6260
17/06/2026 22:39:12,3,80,100,3,2,6260
17/06/2026 22:39:28,3,80,100,3,1,6160
17/06/2026 22:39:44,3,80,100,3,1,6160
17/06/2026 22:40:00,3,80,100,3,1,6190
17/06/2026 22:40:16,3,80,100,3,1,6190
17/06/2026 22:40:32,3,80,100,3,3,6360
17/06/2026 22:40:48,3,80,100,3,3,6360
17/06/2026 22:41:04,3,80,100,3,3,6360
17/06/2026 22:41:20,3,80,100,3,1,7260
17/06/2026 22:41:36,3,80,100,3,1,7260
17/06/2026 22:41:52,3,80,100,3,2,6610
17/06/2026 22:42:08,3,80,100,3,2,6610
17/06/2026 22:42:24,3,80,100,3,2,7080
17/06/2026 22:42:40,3,80,100,3,2,7080
17/06/2026 22:42:56,3,80,100,3,1,7080
17/06/2026 22:43:12,3,80,100,3,1,7080
17/06/2026 22:43:28,3,80,100,3,1,7080
17/06/2026 22:43:44,3,80,100,3,2,7170
17/06/2026 22:44:00,3,80,100,3,2,7170
17/06/2026 22:44:16,3,90,100,3,2,7370
17/06/2026 22:44:32,3,90,100,3,2,7370
17/06/2026 22:44:48,3,90,100,3,2,7520
17/06/2026 22:45:04,3,90,100,3,2,7520
17/06/2026 22:45:20,3,90,100,3,1,7430
17/06/2026 22:45:36,3,90,100,3,1,7430
17/06/2026 22:45:52,3,90,100,3,1,7430
17/06/2026 22:46:08,3,100,100,3,2,7460
17/06/2026 22:46:24,3,100,100,3,2,7460
17/06/2026 22:46:40,3,100,100,3,1,7470
17/06/2026 22:46:56,3,110,100,3,1,7470
17/06/2026 22:47:12,3,110,100,3,1,7460
17/06/2026 22:47:28,3,120,100,3,1,7460
17/06/2026 22:47:44,3,120,100,3,1,7490
17/06/2026 22:48:00,3,130,100,3,1,7490
17/06/2026 22:48:16,3,130,100,3,1,7490
17/06/2026 22:48:32,3,130,100,3,1,7550
17/06/2026 22:48:48,3,140,100,3,1,7550
17/06/2026 22:49:04,3,140,100,3,1,7610
17/06/2026 22:49:20,3,150,100,3,1,7610
17/06/2026 22:49:36,3,150,100,3,1,7650
17/06/2026 22:49:52,3,150,100,3,1,7650
17/06/2026 22:50:08,3,160,100,3,1,7510
17/06/2026 22:50:24,3,70,100,3,1,7510
17/06/2026 22:50:40,3,70,100,3,1,7510
17/06/2026 22:50:56,3,70,100,3,2,7480
17/06/2026 22:51:12,3,70,100,3,2,7480
17/06/2026 22:51:28,3,70,100,3,2,7440
17/06/2026 22:51:44,3,70,100,3,2,7440
17/06/2026 22:52:00,3,70,100,3,2,7480
17/06/2026 22:52:16,3,80,100,3,2,7480
17/06/2026 22:52:32,3,80,100,3,2,7360
17/06/2026 22:52:48,3,80,100,3,2,7360
17/06/2026 22:53:04,3,80,100,3,2,7360
17/06/2026 22:53:20,3,80,100,3,2,7360
17/06/2026 22:53:36,3,80,100,3,2,7360
17/06/2026 22:53:52,3,80,100,3,1,7330
17/06/2026 22:54:08,3,90,100,3,1,7330
17/06/2026 22:54:24,3,90,100,3,2,7250
17/06/2026 22:54:40,3,90,100,3,2,7250
17/06/2026 22:54:56,3,90,100,3,2,7190
17/06/2026 22:55:12,3,90,100,3,2,7190
17/06/2026 22:55:28,3,90,100,3,2,7190
17/06/2026 22:55:44,3,90,100,3,2,7180
17/06/2026 22:56:00,3,90,100,3,2,7180
17/06/2026 22:56:16,3,90,100,3,3,6920
17/06/2026 22:56:32,3,90,100,3,3,6920
17/06/2026 22:56:48,3,90,100,3,2,6920
17/06/2026 22:57:04,3,90,100,3,2,6920
17/06/2026 22:57:20,3,90,100,3,2,6920
17/06/2026 22:57:36,3,90,100,3,2,6920
17/06/2026 22:57:52,3,90,100,3,2,6920
17/06/2026 22:58:08,3,90,100,3,2,6920
17/06/2026 22:58:24,3,90,100,3,2,6920
17/06/2026 22:58:40,3,90,100,3,2,7560
17/06/2026 22:58:56,3,90,100,3,2,7560
17/06/2026 22:59:12,3,90,100,3,2,7660
17/06/2026 22:59:28,3,90,100,3,2,7660
17/06/2026 22:59:44,3,90,100,3,3,7400
17/06/2026 23:00:00,3,90,90,3,3,7400
17/06/2026 23:00:16,3,90,90,3,3,7400
17/06/2026 23:00:32,3,90,90,3,3,7310
17/06/2026 23:00:48,3,90,90,3,3,7310
17/06/2026 23:01:04,3,90,90,3,1,7860
17/06/2026 23:01:20,3,90,90,3,1,7860
17/06/2026 23:01:36,3,90,90,3,2,7710
17/06/2026 23:01:52,3,90,90,3,2,7710
17/06/2026 23:02:08,3,90,90,3,2,7680
17/06/2026 23:02:24,3,90,90,3,2,7680
17/06/2026 23:02:40,3,80,90,3,2,7680
17/06/2026 23:02:56,3,80,90,3,2,7560
17/06/2026 23:03:12,3,80,90,3,2,7560
17/06/2026 23:03:28,3,80,90,3,2,7310
17/06/2026 23:03:44,3,80,90,3,2,7310
17/06/2026 23:04:00,3,80,90,3,1,7270
17/06/2026 23:04:16,3,80,90,3,1,7270
17/06/2026 23:04:32,3,80,90,3,1,7270
17/06/2026 23:04:48,3,80,90,3,1,7270
17/06/2026 23:05:04,3,70,90,3,1,7270
17/06/2026 23:05:20,3,70,90,3,1,7280
17/06/2026 23:05:36,3,140,90,3,1,7280
17/06/2026 23:05:52,3,140,90,3,1,7380
17/06/2026 23:06:08,3,140,90,3,1,7380
17/06/2026 23:06:24,3,150,90,3,1,7370
17/06/2026 23:06:40,3,150,90,3,1,7370
17/06/2026 23:06:56,3,150,90,3,1,7320
17/06/2026 23:07:12,3,150,90,3,1,7320
17/06/2026 23:07:28,3,150,90,3,1,7320
17/06/2026 23:07:44,3,150,90,3,1,7320
17/06/2026 23:08:00,3,150,90,3,1,7320
17/06/2026 23:08:16,3,150,90,3,1,7320
17/06/2026 23:08:32,3,150,90,3,1,7320
17/06/2026 23:08:48,3,150,90,3,1,7320
17/06/2026 23:09:04,3,150,90,3,1,7320
17/06/2026 23:09:20,3,150,90,3,1,7320
17/06/2026 23:09:36,3,150,90,3,1,7320
17/06/2026 23:09:52,3,150,90,3,1,7320
17/06/2026 23:10:08,3,150,90,3,1,7330
17/06/2026 23:10:24,3,150,90,3,1,7330
17/06/2026 23:10:40,3,150,90,3,0,-999
17/06/2026 23:10:56,3,150,90,3,0,-999
17/06/2026 23:11:12,3,150,90,3,1,8230
17/06/2026 23:11:28,3,150,90,3,1,8230
17/06/2026 23:11:44,3,150,90,3,1,8290
17/06/2026 23:12:00,3,150,90,3,1,8290
17/06/2026 23:12:16,3,160,90,3,1,8290
17/06/2026 23:12:32,3,160,90,3,1,8350
17/06/2026 23:12:48,3,160,90,3,1,8350
17/06/2026 23:13:04,3,160,90,3,0,-999
17/06/2026 23:13:20,3,150,90,3,0,-999
17/06/2026 23:13:36,3,150,90,3,0,-999
17/06/2026 23:13:52,3,150,90,3,0,-999
17/06/2026 23:14:08,3,150,90,3,0,-999
17/06/2026 23:14:24,3,150,90,3,0,-999
17/06/2026 23:14:40,3,150,90,3,0,-999
17/06/2026 23:14:56,3,150,90,3,0,-999
17/06/2026 23:15:12,3,150,90,3,0,-999
17/06/2026 23:15:28,3,150,90,3,0,-999
17/06/2026 23:15:44,3,150,90,3,0,-999
17/06/2026 23:16:00,3,150,90,3,0,-999
17/06/2026 23:16:16,3,150,90,3,0,-999
17/06/2026 23:16:32,3,150,90,3,0,-999
17/06/2026 23:16:48,3,150,90,3,0,-999
17/06/2026 23:17:04,3,150,90,3,0,-999
17/06/2026 23:17:20,3,150,90,3,0,-999
17/06/2026 23:17:36,3,40,90,3,0,-999
17/06/2026 23:17:52,3,40,90,3,0,-999
17/06/2026 23:18:08,3,40,90,3,0,-999
17/06/2026 23:18:24,3,40,90,3,0,-999
17/06/2026 23:18:40,3,40,90,3,0,-999
17/06/2026 23:18:56,3,40,90,3,0,-999
17/06/2026 23:19:12,3,40,90,3,0,-999
17/06/2026 23:19:28,3,40,90,3,0,-999
17/06/2026 23:19:44,3,40,90,3,0,-999
17/06/2026 23:20:00,3,110,90,3,0,-999
17/06/2026 23:20:16,3,110,90,3,0,-999
17/06/2026 23:20:32,3,110,90,3,0,-999
17/06/2026 23:20:48,3,110,90,3,0,-999
17/06/2026 23:21:04,3,100,90,3,0,-999
17/06/2026 23:21:20,3,100,90,3,1,8570
17/06/2026 23:21:36,3,90,90,3,1,8570
17/06/2026 23:21:52,3,90,90,3,1,8570
17/06/2026 23:22:08,3,90,90,3,1,8530
17/06/2026 23:22:24,3,90,90,3,1,8530
17/06/2026 23:22:40,3,90,90,3,1,8520
17/06/2026 23:22:56,3,90,90,3,1,8520
17/06/2026 23:23:12,3,90,90,3,1,8510
17/06/2026 23:23:28,3,90,90,3,1,8510
17/06/2026 23:23:44,3,90,90,3,1,8510
17/06/2026 23:24:00,3,90,90,3,1,8510
17/06/2026 23:24:16,3,90,90,3,1,8510
17/06/2026 23:24:32,3,90,90,3,0,-999
17/06/2026 23:24:48,3,90,90,3,0,-999
17/06/2026 23:25:04,3,90,90,3,0,-999
17/06/2026 23:25:20,3,90,90,3,0,-999
17/06/2026 23:25:36,3,90,90,3,0,-999
17/06/2026 23:25:52,3,90,90,3,0,-999
17/06/2026 23:26:08,3,90,90,3,0,-999
17/06/2026 23:26:24,3,90,90,3,0,-999
17/06/2026 23:26:40,3,90,90,3,0,-999
17/06/2026 23:26:56,3,90,90,3,0,-999
17/06/2026 23:27:12,3,90,90,3,0,-999
17/06/2026 23:27:28,3,90,90,3,0,-999
17/06/2026 23:27:44,3,90,90,3,0,-999
17/06/2026 23:28:00,3,90,90,3,0,-999
17/06/2026 23:28:16,3,90,90,3,0,-999
17/06/2026 23:28:32,3,90,90,3,0,-999
17/06/2026 23:28:48,3,60,90,3,0,-999
17/06/2026 23:29:04,3,60,90,3,0,-999
17/06/2026 23:29:20,3,60,90,3,0,-999
17/06/2026 23:29:36,3,60,90,3,0,-999
17/06/2026 23:29:52,3,60,90,3,0,-999
17/06/2026 23:30:08,3,60,90,3,0,-999
17/06/2026 23:30:24,3,60,90,3,0,-999
17/06/2026 23:30:40,3,60,90,3,0,-999
17/06/2026 23:30:56,3,60,90,3,0,-999
17/06/2026 23:31:12,3,60,90,3,0,-999
17/06/2026 23:31:28,3,70,90,3,0,-999
17/06/2026 23:31:44,3,70,90,3,0,-999
17/06/2026 23:32:00,3,70,90,3,0,-999
17/06/2026 23:32:16,3,70,90,3,0,-999
17/06/2026 23:32:32,3,70,90,3,0,-999
17/06/2026 23:32:48,3,70,90,3,0,-999
17/06/2026 23:33:04,3,70,90,3,0,-999
17/06/2026 23:33:20,3,70,90,3,1,7350
17/06/2026 23:33:36,3,80,90,3,1,7350
17/06/2026 23:33:52,3,80,90,3,1,7350
17/06/2026 23:34:08,3,80,90,3,0,-999
17/06/2026 23:34:24,3,80,90,3,0,-999
17/06/2026 23:34:40,3,80,90,3,0,-999
17/06/2026 23:34:56,3,80,90,3,0,-999
17/06/2026 23:35:12,3,90,90,3,0,-999
17/06/2026 23:35:28,3,90,90,3,0,-999
17/06/2026 23:35:44,3,90,90,3,1,7200
17/06/2026 23:36:00,3,90,90,3,1,7200
17/06/2026 23:36:16,3,90,90,3,1,7200
17/06/2026 23:36:32,3,90,90,3,0,-999
17/06/2026 23:36:48,3,90,90,3,0,-999
17/06/2026 23:37:04,3,90,90,3,0,-999
17/06/2026 23:37:20,3,90,90,3,0,-999
17/06/2026 23:37:36,3,90,90,3,0,-999
17/06/2026 23:37:52,3,90,90,3,0,-999
17/06/2026 23:38:08,3,90,90,3,0,-999
17/06/2026 23:38:24,3,90,90,3,0,-999
17/06/2026 23:38:40,3,90,90,3,0,-999
17/06/2026 23:38:56,3,90,90,3,0,-999
17/06/2026 23:39:12,3,90,90,3,0,-999
17/06/2026 23:39:28,3,90,90,3,0,-999
17/06/2026 23:39:44,3,90,90,3,0,-999
17/06/2026 23:40:00,3,90,90,3,0,-999
17/06/2026 23:40:16,3,90,90,3,0,-999
17/06/2026 23:40:32,3,90,90,3,0,-999
17/06/2026 23:40:48,3,90,90,3,0,-999
17/06/2026 23:41:04,3,90,90,3,0,-999
17/06/2026 23:41:20,3,90,90,3,0,-999
17/06/2026 23:41:36,3,90,90,3,0,-999
17/06/2026 23:41:52,3,90,90,3,0,-999
17/06/2026 23:42:08,3,90,90,3,0,-999
17/06/2026 23:42:24,3,90,90,3,0,-999
17/06/2026 23:42:40,3,90,90,3,0,-999
17/06/2026 23:42:56,3,90,90,3,1,8120
17/06/2026 23:43:12,3,90,90,3,1,8120
17/06/2026 23:43:28,3,90,90,3,1,8120
17/06/2026 23:43:44,3,90,90,3,2,8120
17/06/2026 23:44:00,3,80,90,3,2,8120
17/06/2026 23:44:16,3,80,90,3,1,8660
17/06/2026 23:44:32,3,80,90,3,1,8660
17/06/2026 23:44:48,3,80,90,3,2,8090
17/06/2026 23:45:04,3,80,90,3,2,8090
17/06/2026 23:45:20,3,80,90,3,1,8090
17/06/2026 23:45:36,3,80,90,3,1,8090
17/06/2026 23:45:52,3,80,90,3,1,8090
17/06/2026 23:46:08,3,80,90,3,1,8090
17/06/2026 23:46:24,3,80,90,3,1,8090
17/06/2026 23:46:40,3,80,90,3,2,9000
17/06/2026 23:46:56,3,80,90,3,2,9000
17/06/2026 23:47:12,3,80,90,3,2,8950
17/06/2026 23:47:28,3,80,90,3,2,8950
17/06/2026 23:47:44,3,80,90,3,1,8940
17/06/2026 23:48:00,3,80,90,3,1,8940
17/06/2026 23:48:16,3,80,90,3,1,8940
17/06/2026 23:48:32,3,80,90,3,2,8630
17/06/2026 23:48:48,3,80,90,3,2,8630
17/06/2026 23:49:04,3,80,90,3,2,8640
17/06/2026 23:49:20,3,80,90,3,2,8640
17/06/2026 23:49:36,3,80,90,3,1,9020
17/06/2026 23:49:52,3,80,90,3,1,9020
17/06/2026 23:50:08,3,80,90,3,1,9020
17/06/2026 23:50:24,3,80,90,3,1,9020
17/06/2026 23:50:40,3,80,90,3,1,9020
17/06/2026 23:50:56,3,80,90,3,1,8880
17/06/2026 23:51:12,3,80,90,3,1,8880
17/06/2026 23:51:28,3,80,90,3,1,8880
17/06/2026 23:51:44,3,80,90,3,1,8880
17/06/2026 23:52:00,3,80,90,3,1,8900
17/06/2026 23:52:16,3,80,90,3,1,8900
17/06/2026 23:52:32,3,80,90,3,1,8920
17/06/2026 23:52:48,3,80,90,3,1,8920
17/06/2026 23:53:04,3,80,90,3,1,8920
17/06/2026 23:53:20,3,80,90,3,1,8930
17/06/2026 23:53:36,3,80,90,3,1,8930
17/06/2026 23:53:52,3,90,90,3,1,8860
17/06/2026 23:54:08,3,90,90,3,1,8860
17/06/2026 23:54:24,3,90,90,3,1,8880
17/06/2026 23:54:40,3,90,90,3,1,8880
17/06/2026 23:54:56,3,90,90,3,1,8890
17/06/2026 23:55:12,3,90,90,3,1,8890
17/06/2026 23:55:28,3,90,90,3,1,8890
17/06/2026 23:55:44,3,90,90,3,1,8900
17/06/2026 23:56:00,3,90,90,3,1,8900
17/06/2026 23:56:16,3,90,90,3,1,8880
17/06/2026 23:56:32,3,90,90,3,1,8880
17/06/2026 23:56:48,3,90,90,3,1,8890
17/06/2026 23:57:04,3,90,90,3,1,8890
17/06/2026 23:57:20,3,90,90,3,1,8890
17/06/2026 23:57:36,3,90,90,3,1,8890
17/06/2026 23:57:52,3,100,90,3,1,8890
17/06/2026 23:58:08,3,100,90,3,1,8890
17/06/2026 23:58:24,3,100,90,3,1,8890
17/06/2026 23:58:40,3,100,90,3,1,8890
17/06/2026 23:58:56,3,100,90,3,1,8890
17/06/2026 23:59:12,3,100,90,3,0,-999
17/06/2026 23:59:28,3,100,90,3,0,-999
17/06/2026 23:59:44,3,100,90,3,0,-999
18/06/2026 00:00:00,3,100,80,3,0,-999
18/06/2026 00:00:16,3,100,80,3,0,-999
18/06/2026 00:00:32,3,100,80,3,0,-999
18/06/2026 00:00:48,3,100,80,3,0,-999
18/06/2026 00:01:04,3,100,80,3,0,-999
18/06/2026 00:01:20,3,100,80,3,0,-999
18/06/2026 00:01:36,3,100,80,3,0,-999
18/06/2026 00:01:52,3,100,80,3,0,-999
18/06/2026 00:02:08,3,100,80,3,0,-999
18/06/2026 00:02:24,3,100,80,3,0,-999
18/06/2026 00:02:40,3,100,80,3,0,-999
18/06/2026 00:02:56,3,100,80,3,0,-999
18/06/2026 00:03:12,3,100,80,3,0,-999
18/06/2026 00:03:28,3,100,80,3,0,-999
18/06/2026 00:03:44,3,100,80,3,0,-999
18/06/2026 00:04:00,3,100,80,3,1,9100
18/06/2026 00:04:16,3,100,80,3,1,9100
18/06/2026 00:04:32,3,100,80,3,1,9100
18/06/2026 00:04:48,3,100,80,3,1,9100
18/06/2026 00:05:04,3,100,80,3,1,9100
18/06/2026 00:05:20,3,100,80,3,1,9100
18/06/2026 00:05:36,3,100,80,3,1,9100
18/06/2026 00:05:52,3,100,80,3,2,9240
18/06/2026 00:06:08,3,100,80,3,2,9240
18/06/2026 00:06:24,3,100,80,3,1,9080
18/06/2026 00:06:40,3,100,80,3,1,9080
18/06/2026 00:06:56,3,100,80,3,1,9080
18/06/2026 00:07:12,3,100,80,3,1,9080
18/06/2026 00:07:28,3,100,80,3,1,9080
18/06/2026 00:07:44,3,90,80,3,1,9150
18/06/2026 00:08:00,3,90,80,3,1,9150
18/06/2026 00:08:16,3,90,80,3,1,9120
18/06/2026 00:08:32,3,90,80,3,1,9120
18/06/2026 00:08:48,3,90,80,3,1,9120
18/06/2026 00:09:04,3,90,80,3,1,9120
18/06/2026 00:09:20,3,90,80,3,1,9100
18/06/2026 00:09:36,3,90,80,3,1,9100
18/06/2026 00:09:52,3,90,80,3,1,9100
18/06/2026 00:10:08,3,90,80,3,1,9080
18/06/2026 00:10:24,3,80,80,3,1,9080
18/06/2026 00:10:40,3,80,80,3,1,9110
18/06/2026 00:10:56,3,80,80,3,1,9110
18/06/2026 00:11:12,3,80,80,3,1,9110
18/06/2026 00:11:28,3,80,80,3,1,9110
18/06/2026 00:11:44,3,80,80,3,1,9090
18/06/2026 00:12:00,3,170,80,3,1,9090
18/06/2026 00:12:16,3,160,80,3,1,9090
18/06/2026 00:12:32,3,160,80,3,1,9080
18/06/2026 00:12:48,3,160,80,3,1,9080
18/06/2026 00:13:04,3,160,80,3,1,8930
18/06/2026 00:13:20,3,160,80,3,1,8930
18/06/2026 00:13:36,3,160,80,3,1,8850
18/06/2026 00:13:52,3,150,80,3,1,8850
18/06/2026 00:14:08,3,150,80,3,0,-999
18/06/2026 00:14:24,3,150,80,3,0,-999
18/06/2026 00:14:40,3,150,80,3,0,-999
18/06/2026 00:14:56,3,150,80,3,0,-999
18/06/2026 00:15:12,3,150,80,3,0,-999
18/06/2026 00:15:28,3,150,80,3,0,-999
18/06/2026 00:15:44,3,160,80,3,0,-999
18/06/2026 00:16:00,3,150,80,3,0,-999
18/06/2026 00:16:16,3,150,80,3,0,-999
18/06/2026 00:16:32,3,150,80,3,0,-999
18/06/2026 00:16:48,3,150,80,3,0,-999
18/06/2026 00:17:04,3,150,80,3,0,-999
18/06/2026 00:17:20,3,150,80,3,0,-999
18/06/2026 00:17:36,3,150,80,3,0,-999
18/06/2026 00:17:52,3,150,80,3,0,-999
18/06/2026 00:18:08,3,150,80,3,0,-999
18/06/2026 00:18:24,3,150,80,3,0,-999
18/06/2026 00:18:40,3,150,80,3,0,-999
18/06/2026 00:18:56,3,150,80,3,0,-999
18/06/2026 00:19:12,3,150,80,3,0,-999
18/06/2026 00:19:28,3,150,80,3,0,-999
18/06/2026 00:19:44,3,150,80,3,0,-999
18/06/2026 00:20:00,3,150,80,3,0,-999
18/06/2026 00:20:16,3,150,80,3,0,-999
18/06/2026 00:20:32,3,150,80,3,0,-999
18/06/2026 00:20:48,3,150,80,3,0,-999
18/06/2026 00:21:04,3,150,80,3,0,-999
18/06/2026 00:21:20,3,150,80,3,0,-999
18/06/2026 00:21:36,3,150,80,3,0,-999
18/06/2026 00:21:52,3,150,80,3,0,-999
18/06/2026 00:22:08,3,150,80,3,0,-999
18/06/2026 00:22:24,3,150,80,3,0,-999
18/06/2026 00:22:40,3,150,80,3,0,-999
18/06/2026 00:22:56,3,150,80,3,0,-999
18/06/2026 00:23:12,3,150,80,3,0,-999
18/06/2026 00:23:28,3,160,80,3,0,-999
18/06/2026 00:23:44,3,160,80,3,0,-999
18/06/2026 00:24:00,3,160,80,3,0,-999
18/06/2026 00:24:16,3,160,80,3,0,-999
18/06/2026 00:24:32,3,160,80,3,0,-999
18/06/2026 00:24:48,3,160,80,3,0,-999
18/06/2026 00:25:04,3,160,80,3,0,-999
18/06/2026 00:25:20,3,170,80,3,0,-999
18/06/2026 00:25:36,3,170,80,3,0,-999
18/06/2026 00:25:52,3,170,80,3,0,-999
18/06/2026 00:26:08,3,170,80,3,0,-999
18/06/2026 00:26:24,3,170,80,3,0,-999
18/06/2026 00:26:40,3,170,80,3,0,-999
18/06/2026 00:26:56,3,80,80,3,0,-999
18/06/2026 00:27:12,3,80,80,3,0,-999
18/06/2026 00:27:28,3,80,80,3,0,-999
18/06/2026 00:27:44,3,90,80,3,0,-999
18/06/2026 00:28:00,3,90,80,3,0,-999
18/06/2026 00:28:16,3,90,80,3,0,-999
18/06/2026 00:28:32,3,90,80,3,0,-999
18/06/2026 00:28:48,3,90,80,3,0,-999
18/06/2026 00:29:04,3,100,80,3,0,-999
18/06/2026 00:29:20,3,100,80,3,0,-999
18/06/2026 00:29:36,3,100,80,3,0,-999
18/06/2026 00:29:52,3,100,80,3,0,-999
18/06/2026 00:30:08,3,100,80,3,0,-999
18/06/2026 00:30:24,3,100,80,3,0,-999
18/06/2026 00:30:40,3,100,80,3,0,-999
18/06/2026 00:30:56,3,100,80,3,0,-999
18/06/2026 00:31:12,3,100,80,3,0,-999
18/06/2026 00:31:28,3,100,80,3,0,-999
18/06/2026 00:31:44,3,100,80,3,0,-999
18/06/2026 00:32:00,3,100,80,3,0,-999
18/06/2026 00:32:16,3,110,80,3,0,-999
18/06/2026 00:32:32,3,110,80,3,0,-999
18/06/2026 00:32:48,3,110,80,3,0,-999
18/06/2026 00:33:04,3,110,80,3,0,-999
18/06/2026 00:33:20,3,110,80,3,0,-999
18/06/2026 00:33:36,3,110,80,3,0,-999
18/06/2026 00:33:52,3,110,80,3,0,-999
18/06/2026 00:34:08,3,110,80,3,0,-999
18/06/2026 00:34:24,3,110,80,3,0,-999
18/06/2026 00:34:40,3,110,80,3,0,-999
18/06/2026 00:34:56,3,110,80,3,0,-999
18/06/2026 00:35:12,3,110,80,3,0,-999
18/06/2026 00:35:28,3,110,80,3,0,-999
18/06/2026 00:35:44,3,110,80,3,0,-999
18/06/2026 00:36:00,3,110,80,3,0,-999
18/06/2026 00:36:16,3,110,80,3,0,-999
18/06/2026 00:36:32,3,120,80,3,0,-999
18/06/2026 00:36:48,3,120,80,3,0,-999
18/06/2026 00:37:04,3,120,80,3,0,-999
18/06/2026 00:37:20,3,120,80,3,0,-999
18/06/2026 00:37:36,3,120,80,3,0,-999
18/06/2026 00:37:52,3,120,80,3,0,-999
18/06/2026 00:38:08,3,120,80,3,0,-999
18/06/2026 00:38:24,3,120,80,3,0,-999
18/06/2026 00:38:40,3,120,80,3,0,-999
18/06/2026 00:38:56,3,120,80,3,0,-999
18/06/2026 00:39:12,3,120,80,3,0,-999
18/06/2026 00:39:28,3,120,80,3,0,-999
18/06/2026 00:39:44,3,120,80,3,0,-999
18/06/2026 00:40:00,3,120,80,3,0,-999
18/06/2026 00:40:16,3,120,80,3,0,-999
18/06/2026 00:40:32,3,120,80,3,0,-999
18/06/2026 00:40:48,3,120,80,3,0,-999
18/06/2026 00:41:04,3,120,80,3,0,-999
18/06/2026 00:41:20,3,120,80,3,0,-999
18/06/2026 00:41:36,3,120,80,3,0,-999
18/06/2026 00:41:52,3,120,80,3,0,-999
18/06/2026 00:42:08,3,120,80,3,0,-999
18/06/2026 00:42:24,3,120,80,3,0,-999
18/06/2026 00:42:40,3,120,80,3,0,-999
18/06/2026 00:42:56,3,120,80,3,0,-999
18/06/2026 00:43:12,3,120,80,3,0,-999
18/06/2026 00:43:28,3,120,80,3,0,-999
18/06/2026 00:43:44,3,120,80,3,0,-999
18/06/2026 00:44:00,3,120,80,3,0,-999
18/06/2026 00:44:16,3,120,80,3,0,-999
18/06/2026 00:44:32,3,120,80,3,0,-999
18/06/2026 00:44:48,3,120,80,3,0,-999
18/06/2026 00:45:04,3,120,80,3,0,-999
18/06/2026 00:45:20,3,120,80,3,0,-999
18/06/2026 00:45:36,3,120,80,3,0,-999
18/06/2026 00:45:52,3,120,80,3,0,-999
18/06/2026 00:46:08,3,120,80,3,0,-999
18/06/2026 00:46:24,3,120,80,3,0,-999
18/06/2026 00:46:40,3,120,80,3,0,-999
18/06/2026 00:46:56,3,120,80,3,0,-999
18/06/2026 00:47:12,3,120,80,3,0,-999
18/06/2026 00:47:28,3,120,80,3,0,-999
18/06/2026 00:47:44,3,120,80,3,0,-999
18/06/2026 00:48:00,3,120,80,3,0,-999
18/06/2026 00:48:16,3,120,80,3,0,-999
18/06/2026 00:48:32,3,120,80,3,0,-999
18/06/2026 00:48:48,3,120,80,3,0,-999
18/06/2026 00:49:04,3,120,80,3,0,-999
18/06/2026 00:49:20,3,120,80,3,0,-999
18/06/2026 00:49:36,3,120,80,3,0,-999
18/06/2026 00:49:52,3,120,80,3,0,-999
18/06/2026 00:50:08,3,110,80,3,0,-999
18/06/2026 00:50:24,3,110,80,3,0,-999
18/06/2026 00:50:40,3,110,80,3,0,-999
18/06/2026 00:50:56,3,110,80,3,0,-999
18/06/2026 00:51:12,3,110,80,3,0,-999
18/06/2026 00:51:28,3,110,80,3,0,-999
18/06/2026 00:51:44,3,110,80,3,0,-999
18/06/2026 00:52:00,3,110,80,3,0,-999
18/06/2026 00:52:16,3,110,80,3,0,-999
18/06/2026 00:52:32,3,110,80,3,0,-999
18/06/2026 00:52:48,3,110,80,3,0,-999
18/06/2026 00:53:04,3,110,80,3,0,-999
18/06/2026 00:53:20,3,110,80,3,0,-999
18/06/2026 00:53:36,3,110,80,3,0,-999
18/06/2026 00:53:52,3,110,80,3,0,-999
18/06/2026 00:54:08,3,110,80,3,0,-999
18/06/2026 00:54:24,3,110,80,3,0,-999
18/06/2026 00:54:40,3,110,80,3,0,-999
18/06/2026 00:54:56,3,110,80,3,0,-999
18/06/2026 00:55:12,3,110,80,3,0,-999
18/06/2026 00:55:28,3,110,80,3,0,-999
18/06/2026 00:55:44,3,110,80,3,0,-999
18/06/2026 00:56:00,3,110,80,3,0,-999
18/06/2026 00:56:16,3,110,80,3,1,7920
18/06/2026 00:56:32,3,110,80,3,1,7920
18/06/2026 00:56:48,3,110,80,3,0,-999
18/06/2026 00:57:04,3,110,80,3,0,-999
18/06/2026 00:57:20,3,110,80,3,0,-999
18/06/2026 00:57:36,3,110,80,3,0,-999
18/06/2026 00:57:52,3,110,80,3,0,-999
18/06/2026 00:58:08,3,110,80,3,0,-999
18/06/2026 00:58:24,3,110,80,3,0,-999
18/06/2026 00:58:40,3,110,80,3,0,-999
18/06/2026 00:58:56,3,110,80,3,0,-999
18/06/2026 00:59:12,3,110,80,3,0,-999
18/06/2026 00:59:28,3,110,80,3,0,-999
18/06/2026 00:59:44,3,110,80,3,0,-999
18/06/2026 01:00:00,3,110,110,3,0,-999
18/06/2026 01:00:16,3,110,110,3,0,-999
18/06/2026 01:00:32,3,110,110,3,0,-999
18/06/2026 01:00:48,3,110,110,3,0,-999
18/06/2026 01:01:04,3,110,110,3,0,-999
18/06/2026 01:01:20,3,110,110,3,0,-999
18/06/2026 01:01:36,3,110,110,3,0,-999
18/06/2026 01:01:52,3,110,110,3,0,-999
18/06/2026 01:02:08,3,110,110,3,0,-999
18/06/2026 01:02:24,3,110,110,3,0,-999
18/06/2026 01:02:40,3,110,110,3,0,-999
18/06/2026 01:02:56,3,110,110,3,0,-999
18/06/2026 01:03:12,3,110,110,3,0,-999
18/06/2026 01:03:28,3,110,110,3,0,-999
18/06/2026 01:03:44,3,110,110,3,0,-999
18/06/2026 01:04:00,3,110,110,3,0,-999
18/06/2026 01:04:16,3,110,110,3,0,-999
18/06/2026 01:04:32,3,110,110,3,0,-999
18/06/2026 01:04:48,3,110,110,3,0,-999
18/06/2026 01:05:04,3,110,110,3,0,-999
18/06/2026 01:05:20,3,110,110,3,0,-999
18/06/2026 01:05:36,3,110,110,3,0,-999
18/06/2026 01:05:52,3,110,110,3,0,-999
18/06/2026 01:06:08,3,110,110,3,0,-999
18/06/2026 01:06:24,3,110,110,3,0,-999
18/06/2026 01:06:40,3,110,110,3,0,-999
18/06/2026 01:06:56,3,110,110,3,0,-999
18/06/2026 01:07:12,3,110,110,3,0,-999
18/06/2026 01:07:28,3,110,110,3,0,-999
18/06/2026 01:07:44,3,110,110,3,0,-999
18/06/2026 01:08:00,3,110,110,3,0,-999
18/06/2026 01:08:16,3,110,110,3,0,-999
18/06/2026 01:08:32,3,110,110,3,0,-999
18/06/2026 01:08:48,3,110,110,3,0,-999
18/06/2026 01:09:04,3,110,110,3,0,-999
18/06/2026 01:09:20,3,110,110,3,0,-999
18/06/2026 01:09:36,3,110,110,3,0,-999
18/06/2026 01:09:52,3,110,110,3,0,-999
18/06/2026 01:10:08,3,110,110,3,0,-999
18/06/2026 01:10:24,3,110,110,3,0,-999
18/06/2026 01:10:40,3,110,110,3,0,-999
18/06/2026 01:10:56,3,110,110,3,0,-999
18/06/2026 01:11:12,3,110,110,3,0,-999
18/06/2026 01:11:28,3,110,110,3,0,-999
18/06/2026 01:11:44,3,110,110,3,0,-999
18/06/2026 01:12:00,3,110,110,3,0,-999
18/06/2026 01:12:16,3,110,110,3,0,-999
18/06/2026 01:12:32,3,110,110,3,0,-999
18/06/2026 01:12:48,3,110,110,3,0,-999
18/06/2026 01:13:04,3,110,110,3,0,-999
18/06/2026 01:13:20,3,110,110,3,0,-999
18/06/2026 01:13:36,3,110,110,3,0,-999
18/06/2026 01:13:52,3,110,110,3,0,-999
18/06/2026 01:14:08,3,110,110,3,0,-999
18/06/2026 01:14:24,3,110,110,3,0,-999
18/06/2026 01:14:40,3,110,110,3,0,-999
18/06/2026 01:14:56,3,110,110,3,0,-999
18/06/2026 01:15:12,3,110,110,3,0,-999
18/06/2026 01:15:28,3,110,110,3,0,-999
18/06/2026 01:15:44,3,110,110,3,0,-999
18/06/2026 01:16:00,3,110,110,3,0,-999
18/06/2026 01:16:16,3,110,110,3,0,-999
18/06/2026 01:16:32,3,110,110,3,1,11550
18/06/2026 01:16:48,3,110,110,3,1,11550
18/06/2026 01:17:04,3,110,110,3,1,11550
18/06/2026 01:17:20,3,110,110,3,1,11530
18/06/2026 01:17:36,3,110,110,3,1,11530
18/06/2026 01:17:52,3,110,110,3,0,-999
18/06/2026 01:18:08,3,110,110,3,0,-999
18/06/2026 01:18:24,3,110,110,3,0,-999
18/06/2026 01:18:40,3,110,110,3,0,-999
18/06/2026 01:18:56,3,110,110,3,0,-999
18/06/2026 01:19:12,3,110,110,3,0,-999
18/06/2026 01:19:28,3,110,110,3,0,-999
18/06/2026 01:19:44,3,110,110,3,0,-999
18/06/2026 01:20:00,3,110,110,3,0,-999
18/06/2026 01:20:16,3,110,110,3,0,-999
18/06/2026 01:20:32,3,110,110,3,0,-999
18/06/2026 01:20:48,3,110,110,3,0,-999
18/06/2026 01:21:04,3,110,110,3,0,-999
18/06/2026 01:21:20,3,110,110,3,0,-999
18/06/2026 01:21:36,3,110,110,3,0,-999
18/06/2026 01:21:52,3,110,110,3,0,-999
18/06/2026 01:22:08,3,110,110,3,0,-999
18/06/2026 01:22:24,3,110,110,3,0,-999
18/06/2026 01:22:40,3,110,110,3,0,-999
18/06/2026 01:22:56,3,110,110,3,0,-999
18/06/2026 01:23:12,3,110,110,3,0,-999
18/06/2026 01:23:28,3,110,110,3,0,-999
18/06/2026 01:23:44,3,110,110,3,0,-999
18/06/2026 01:24:00,3,100,110,3,0,-999
18/06/2026 01:24:16,3,100,110,3,0,-999
18/06/2026 01:24:32,3,100,110,3,1,11640
18/06/2026 01:24:48,3,100,110,3,1,11640
18/06/2026 01:25:04,3,100,110,3,1,11650
18/06/2026 01:25:20,3,100,110,3,1,11650
18/06/2026 01:25:36,3,100,110,3,1,11640
18/06/2026 01:25:52,3,100,110,3,1,11640
18/06/2026 01:26:08,3,100,110,3,1,11650
18/06/2026 01:26:24,3,100,110,3,1,11650
18/06/2026 01:26:40,3,100,110,3,1,11650
18/06/2026 01:26:56,3,100,110,3,1,11650
18/06/2026 01:27:12,3,100,110,3,1,11650
18/06/2026 01:27:28,3,100,110,3,1,11660
18/06/2026 01:27:44,3,100,110,3,1,11660
18/06/2026 01:28:00,3,100,110,3,1,11670
18/06/2026 01:28:16,3,110,110,3,1,11670
18/06/2026 01:28:32,3,110,110,3,1,11670
18/06/2026 01:28:48,3,110,110,3,1,11670
18/06/2026 01:29:04,3,110,110,3,1,11670
18/06/2026 01:29:20,3,110,110,3,1,11660
18/06/2026 01:29:36,3,110,110,3,1,11660
18/06/2026 01:29:52,3,110,110,3,1,11680
18/06/2026 01:30:08,3,110,110,3,1,11680
18/06/2026 01:30:24,3,110,110,3,1,11680
18/06/2026 01:30:40,3,110,110,3,1,11680
18/06/2026 01:30:56,3,110,110,3,1,11680
18/06/2026 01:31:12,3,110,110,3,1,11680
18/06/2026 01:31:28,3,110,110,3,1,11680
18/06/2026 01:31:44,3,110,110,3,1,11680
18/06/2026 01:32:00,3,110,110,3,1,11680
18/06/2026 01:32:16,3,110,110,3,1,11660
18/06/2026 01:32:32,3,110,110,3,1,11660
18/06/2026 01:32:48,3,110,110,3,1,11650
18/06/2026 01:33:04,3,110,110,3,1,11650
18/06/2026 01:33:20,3,110,110,3,1,11640
18/06/2026 01:33:36,3,110,110,3,1,11640
18/06/2026 01:33:52,3,110,110,3,1,11640
18/06/2026 01:34:08,3,110,110,3,1,11620
18/06/2026 01:34:24,3,110,110,3,1,11620
18/06/2026 01:34:40,3,110,110,3,1,11630
18/06/2026 01:34:56,3,110,110,3,1,11630
18/06/2026 01:35:12,3,110,110,3,1,11630
18/06/2026 01:35:28,3,110,110,3,1,11630
18/06/2026 01:35:44,3,110,110,3,1,11630
18/06/2026 01:36:00,3,110,110,3,1,11630
18/06/2026 01:36:16,3,110,110,3,1,11630
18/06/2026 01:36:32,3,110,110,3,1,11650
18/06/2026 01:36:48,3,110,110,3,1,11650
18/06/2026 01:37:04,3,110,110,3,1,11610
18/06/2026 01:37:20,3,110,110,3,1,11610
18/06/2026 01:37:36,3,110,110,3,1,11620
18/06/2026 01:37:52,3,110,110,3,1,11620
18/06/2026 01:38:08,3,110,110,3,1,11630
18/06/2026 01:38:24,3,110,110,3,1,11630
18/06/2026 01:38:40,3,110,110,3,1,11630
18/06/2026 01:38:56,3,110,110,3,1,11620
18/06/2026 01:39:12,3,110,110,3,1,11620
18/06/2026 01:39:28,3,110,110,3,1,11630
18/06/2026 01:39:44,3,110,110,3,1,11630
18/06/2026 01:40:00,3,110,110,3,1,11630
18/06/2026 01:40:16,3,110,110,3,1,11630
18/06/2026 01:40:32,3,110,110,3,1,11620
18/06/2026 01:40:48,3,110,110,3,1,11620
18/06/2026 01:41:04,3,110,110,3,1,11620
18/06/2026 01:41:20,3,110,110,3,1,11620
18/06/2026 01:41:36,3,110,110,3,1,11620
18/06/2026 01:41:52,3,110,110,3,1,11610
18/06/2026 01:42:08,3,110,110,3,1,11610
18/06/2026 01:42:24,3,110,110,3,1,11610
18/06/2026 01:42:40,3,110,110,3,1,11610
18/06/2026 01:42:56,3,110,110,3,0,-999
18/06/2026 01:43:12,3,110,110,3,0,-999
18/06/2026 01:43:28,3,110,110,3,0,-999
18/06/2026 01:43:44,3,110,110,3,0,-999
18/06/2026 01:44:00,3,110,110,3,0,-999
18/06/2026 01:44:16,3,110,110,3,1,11590
18/06/2026 01:44:32,3,110,110,3,1,11590
18/06/2026 01:44:48,3,110,110,3,1,11590
18/06/2026 01:45:04,3,110,110,3,1,11590
18/06/2026 01:45:20,3,100,110,3,1,11600
18/06/2026 01:45:36,3,100,110,3,1,11600
18/06/2026 01:45:52,3,100,110,3,1,11600
18/06/2026 01:46:08,3,100,110,3,1,11600
18/06/2026 01:46:24,3,100,110,3,1,11600
18/06/2026 01:46:40,3,100,110,3,1,11610
18/06/2026 01:46:56,3,100,110,3,1,11610
18/06/2026 01:47:12,3,90,110,3,1,11600
18/06/2026 01:47:28,3,90,110,3,1,11600
18/06/2026 01:47:44,3,90,110,3,1,11610
18/06/2026 01:48:00,3,90,110,3,1,11610
18/06/2026 01:48:16,3,90,110,3,1,11610
18/06/2026 01:48:32,3,80,110,3,1,11610
18/06/2026 01:48:48,3,80,110,3,1,11610
18/06/2026 01:49:04,3,80,110,3,1,11600
18/06/2026 01:49:20,3,80,110,3,1,11600
18/06/2026 01:49:36,3,80,110,3,1,11600
18/06/2026 01:49:52,3,80,110,3,1,11600
18/06/2026 01:50:08,3,80,110,3,1,11540
18/06/2026 01:50:24,3,80,110,3,1,11540
18/06/2026 01:50:40,3,80,110,3,1,11540
18/06/2026 01:50:56,3,80,110,3,1,11560
18/06/2026 01:51:12,3,80,110,3,1,11560
18/06/2026 01:51:28,3,80,110,3,1,11580
18/06/2026 01:51:44,3,80,110,3,1,11580
18/06/2026 01:52:00,3,80,110,3,1,11600
18/06/2026 01:52:16,3,80,110,3,1,11600
18/06/2026 01:52:32,3,70,110,3,1,11600
18/06/2026 01:52:48,3,70,110,3,1,11600
18/06/2026 01:53:04,3,70,110,3,1,11600
18/06/2026 01:53:20,3,70,110,3,1,11580
18/06/2026 01:53:36,3,70,110,3,1,11580
18/06/2026 01:53:52,3,70,110,3,1,11550
18/06/2026 01:54:08,3,70,110,3,1,11550
18/06/2026 01:54:24,3,190,110,3,1,11570
18/06/2026 01:54:40,3,70,110,3,1,11570
18/06/2026 01:54:56,3,190,110,3,1,11560
18/06/2026 01:55:12,3,190,110,3,1,11560
18/06/2026 01:55:28,3,190,110,3,1,11560
18/06/2026 01:55:44,3,190,110,3,1,11560
18/06/2026 01:56:00,3,190,110,3,1,11560
18/06/2026 01:56:16,3,190,110,3,2,7960
18/06/2026 01:56:32,3,190,110,3,2,7960
18/06/2026 01:56:48,3,190,110,3,2,7920
18/06/2026 01:57:04,3,190,110,3,2,7920
18/06/2026 01:57:20,3,190,110,3,1,11580
18/06/2026 01:57:36,3,190,110,3,1,11580
18/06/2026 01:57:52,3,190,110,3,1,11580
18/06/2026 01:58:08,3,190,110,3,1,11570
18/06/2026 01:58:24,3,190,110,3,1,11570
18/06/2026 01:58:40,3,190,110,3,1,11570
18/06/2026 01:58:56,3,190,110,3,1,11570
18/06/2026 01:59:12,3,200,110,3,1,11570
18/06/2026 01:59:28,3,200,110,3,1,11570
18/06/2026 01:59:44,3,200,110,3,2,7730
18/06/2026 02:00:00,3,200,110,3,2,7730
18/06/2026 02:00:16,3,200,110,3,2,7730
18/06/2026 02:00:32,3,200,110,3,1,7710
18/06/2026 02:00:48,3,200,110,3,1,7710
18/06/2026 02:01:04,3,60,110,3,1,7680
18/06/2026 02:01:20,3,70,110,3,1,7680
18/06/2026 02:01:36,3,70,110,3,2,7420
18/06/2026 02:01:52,3,70,110,3,2,7420
18/06/2026 02:02:08,3,70,110,3,1,7330
18/06/2026 02:02:24,3,70,110,3,1,7330
18/06/2026 02:02:40,3,70,110,3,1,7330
18/06/2026 02:02:56,3,70,110,3,1,7320
18/06/2026 02:03:12,3,70,110,3,1,7320
18/06/2026 02:03:28,3,70,110,3,1,7310
18/06/2026 02:03:44,3,70,110,3,1,7310
18/06/2026 02:04:00,3,70,110,3,1,7190
18/06/2026 02:04:16,3,70,110,3,1,7190
18/06/2026 02:04:32,3,80,110,3,1,7190
18/06/2026 02:04:48,3,80,110,3,1,7190
18/06/2026 02:05:04,3,80,110,3,1,7190
18/06/2026 02:05:20,3,80,110,3,1,7370
18/06/2026 02:05:36,3,80,110,3,1,7370
18/06/2026 02:05:52,3,110,110,3,2,7160
18/06/2026 02:06:08,3,110,110,3,2,7160
18/06/2026 02:06:24,3,110,110,3,1,7350
18/06/2026 02:06:40,3,120,110,3,1,7350
18/06/2026 02:06:56,3,120,110,3,1,7240
18/06/2026 02:07:12,3,120,110,3,1,7240
18/06/2026 02:07:28,3,120,110,3,1,7240
18/06/2026 02:07:44,3,120,110,3,1,7200
18/06/2026 02:08:00,3,120,110,3,1,7200
18/06/2026 02:08:16,3,120,110,3,1,7170
18/06/2026 02:08:32,3,130,110,3,1,7170
18/06/2026 02:08:48,3,130,110,3,1,7170
18/06/2026 02:09:04,3,130,110,3,1,7170
18/06/2026 02:09:20,3,130,110,3,1,7090
18/06/2026 02:09:36,3,130,110,3,1,7090
18/06/2026 02:09:52,3,130,110,3,1,7090
18/06/2026 02:10:08,3,130,110,3,1,7050
18/06/2026 02:10:24,3,130,110,3,1,7050
18/06/2026 02:10:40,3,130,110,3,1,6960
18/06/2026 02:10:56,3,130,110,3,1,6960
18/06/2026 02:11:12,3,130,110,3,1,6950
18/06/2026 02:11:28,3,130,110,3,1,6950
18/06/2026 02:11:44,3,130,110,3,1,6800
18/06/2026 02:12:00,3,130,110,3,1,6800
18/06/2026 02:12:16,3,130,110,3,1,6800
18/06/2026 02:12:32,3,130,110,3,2,6550
18/06/2026 02:12:48,3,130,110,3,2,6550
18/06/2026 02:13:04,3,130,110,3,1,6540
18/06/2026 02:13:20,3,130,110,3,1,6540
18/06/2026 02:13:36,3,130,110,3,1,6530
18/06/2026 02:13:52,3,130,110,3,1,6530
18/06/2026 02:14:08,3,130,110,3,1,6540
18/06/2026 02:14:24,3,140,110,3,1,6540
18/06/2026 02:14:40,3,140,110,3,1,6540
18/06/2026 02:14:56,3,140,110,3,1,6530
18/06/2026 02:15:12,3,140,110,3,1,6530
18/06/2026 02:15:28,3,140,110,3,2,6540
18/06/2026 02:15:44,3,140,110,3,2,6540
18/06/2026 02:16:00,3,140,110,3,1,11580
18/06/2026 02:16:16,3,140,110,3,1,11580
18/06/2026 02:16:32,3,140,110,3,1,11560
18/06/2026 02:16:48,3,140,110,3,1,11560
18/06/2026 02:17:04,3,140,110,3,1,11560
18/06/2026 02:17:20,3,140,110,3,1,11560
18/06/2026 02:17:36,3,140,110,3,1,11560
18/06/2026 02:17:52,3,140,110,3,1,11520
18/06/2026 02:18:08,3,140,110,3,1,11520
18/06/2026 02:18:24,3,140,110,3,1,11510
18/06/2026 02:18:40,3,140,110,3,1,11510
18/06/2026 02:18:56,3,140,110,3,2,7750
18/06/2026 02:19:12,3,140,110,3,2,7750
18/06/2026 02:19:28,3,140,110,3,2,7750
18/06/2026 02:19:44,3,140,110,3,2,8990
18/06/2026 02:20:00,3,140,110,3,2,8990
18/06/2026 02:20:16,3,140,110,3,2,8970
18/06/2026 02:20:32,3,140,110,3,2,8970
18/06/2026 02:20:48,3,140,110,3,1,8580
18/06/2026 02:21:04,3,140,110,3,1,8580
18/06/2026 02:21:20,3,140,110,3,2,8580
18/06/2026 02:21:36,3,140,110,3,2,8580
18/06/2026 02:21:52,3,140,110,3,2,8580
18/06/2026 02:22:08,3,140,110,3,1,8760
18/06/2026 02:22:24,3,130,110,3,1,8760
18/06/2026 02:22:40,3,130,110,3,2,8650
18/06/2026 02:22:56,3,130,110,3,2,8650
18/06/2026 02:23:12,3,130,110,3,1,8630
18/06/2026 02:23:28,3,130,110,3,1,8630
18/06/2026 02:23:44,3,130,110,3,1,8610
18/06/2026 02:24:00,3,130,110,3,1,8610
18/06/2026 02:24:16,3,130,110,3,1,8610
18/06/2026 02:24:32,3,130,110,3,2,7120
18/06/2026 02:24:48,3,130,110,3,2,7120
18/06/2026 02:25:04,3,130,110,3,2,7070
18/06/2026 02:25:20,3,130,110,3,2,7070
18/06/2026 02:25:36,3,130,110,3,1,6990
18/06/2026 02:25:52,3,130,110,3,1,6990
18/06/2026 02:26:08,3,130,110,3,1,6980
18/06/2026 02:26:24,3,130,110,3,1,6980
18/06/2026 02:26:40,3,130,110,3,1,6980
18/06/2026 02:26:56,3,130,110,3,1,6980
18/06/2026 02:27:12,3,130,110,3,1,6980
18/06/2026 02:27:28,3,130,110,3,1,6990
18/06/2026 02:27:44,3,130,110,3,1,6990
18/06/2026 02:28:00,3,130,110,3,1,7010
18/06/2026 02:28:16,3,130,110,3,1,7010
18/06/2026 02:28:32,3,130,110,3,1,7010
18/06/2026 02:28:48,3,130,110,3,1,7010
18/06/2026 02:29:04,3,130,110,3,1,7010
18/06/2026 02:29:20,3,130,110,3,1,6990
18/06/2026 02:29:36,3,130,110,3,1,6990
18/06/2026 02:29:52,3,130,110,3,1,6980
18/06/2026 02:30:08,3,130,110,3,1,6980
18/06/2026 02:30:24,3,130,110,3,1,6940
18/06/2026 02:30:40,3,130,110,3,1,6940
18/06/2026 02:30:56,3,130,110,3,1,6940
18/06/2026 02:31:12,3,130,110,3,1,6940
18/06/2026 02:31:28,3,130,110,3,1,6940
18/06/2026 02:31:44,3,130,110,3,0,-999
18/06/2026 02:32:00,3,130,110,3,0,-999
18/06/2026 02:32:16,3,130,110,3,0,-999
18/06/2026 02:32:32,3,130,110,3,0,-999
18/06/2026 02:32:48,3,130,110,3,0,-999
18/06/2026 02:33:04,3,120,110,3,0,-999
18/06/2026 02:33:20,3,120,110,3,0,-999
18/06/2026 02:33:36,3,120,110,3,0,-999
18/06/2026 02:33:52,3,120,110,3,0,-999
18/06/2026 02:34:08,3,120,110,3,1,8420
18/06/2026 02:34:24,3,120,110,3,1,8420
18/06/2026 02:34:40,3,120,110,3,1,8410
18/06/2026 02:34:56,3,120,110,3,1,8410
18/06/2026 02:35:12,3,120,110,3,1,8400
18/06/2026 02:35:28,3,120,110,3,1,8400
18/06/2026 02:35:44,3,120,110,3,1,8400
18/06/2026 02:36:00,3,120,110,3,1,8400
18/06/2026 02:36:16,3,120,110,3,1,8400
18/06/2026 02:36:32,3,120,110,3,1,8330
18/06/2026 02:36:48,3,120,110,3,1,8330
18/06/2026 02:37:04,3,120,110,3,1,8280
18/06/2026 02:37:20,3,120,110,3,1,8280
18/06/2026 02:37:36,3,120,110,3,1,8170
18/06/2026 02:37:52,3,120,110,3,1,8170
18/06/2026 02:38:08,3,120,110,3,2,7930
18/06/2026 02:38:24,3,120,110,3,2,7930
18/06/2026 02:38:40,3,120,110,3,2,7930
18/06/2026 02:38:56,3,120,110,3,2,7910
18/06/2026 02:39:12,3,120,110,3,2,7910
18/06/2026 02:39:28,3,120,110,3,1,7730
18/06/2026 02:39:44,3,120,110,3,1,7730
18/06/2026 02:40:00,3,120,110,3,1,7730
18/06/2026 02:40:16,3,120,110,3,1,7730
18/06/2026 02:40:32,3,120,110,3,1,7620
18/06/2026 02:40:48,3,120,110,3,1,7620
18/06/2026 02:41:04,3,120,110,3,1,7620
18/06/2026 02:41:20,3,120,110,3,1,7600
18/06/2026 02:41:36,3,120,110,3,1,7600
18/06/2026 02:41:52,3,120,110,3,2,7480
18/06/2026 02:42:08,3,120,110,3,2,7480
18/06/2026 02:42:24,3,120,110,3,2,7420
18/06/2026 02:42:40,3,120,110,3,2,7420
18/06/2026 02:42:56,3,120,110,3,2,7790
18/06/2026 02:43:12,3,120,110,3,2,7790
18/06/2026 02:43:28,3,120,110,3,2,7790
18/06/2026 02:43:44,3,120,110,3,2,7790
18/06/2026 02:44:00,3,120,110,3,2,7790
18/06/2026 02:44:16,3,120,110,3,1,7740
18/06/2026 02:44:32,3,120,110,3,1,7740
18/06/2026 02:44:48,3,120,110,3,2,7720
18/06/2026 02:45:04,3,120,110,3,2,7720
18/06/2026 02:45:20,3,120,110,3,2,7650
18/06/2026 02:45:36,3,120,110,3,2,7650
18/06/2026 02:45:52,3,120,110,3,2,7650
18/06/2026 02:46:08,3,120,110,3,1,7620
18/06/2026 02:46:24,3,120,110,3,1,7620
18/06/2026 02:46:40,3,120,110,3,1,7590
18/06/2026 02:46:56,3,120,110,3,1,7590
18/06/2026 02:47:12,3,120,110,3,1,7590
18/06/2026 02:47:28,3,120,110,3,1,7590
18/06/2026 02:47:44,3,120,110,3,2,7560
18/06/2026 02:48:00,3,120,110,3,2,7560
18/06/2026 02:48:16,3,120,110,3,2,7560
18/06/2026 02:48:32,3,120,110,3,2,7500
18/06/2026 02:48:48,3,120,110,3,2,7500
18/06/2026 02:49:04,3,120,110,3,1,7440
18/06/2026 02:49:20,3,120,110,3,1,7440
18/06/2026 02:49:36,3,120,110,3,1,7350
18/06/2026 02:49:52,3,120,110,3,1,7350
18/06/2026 02:50:08,3,120,110,3,1,7300
18/06/2026 02:50:24,3,120,110,3,1,7300
18/06/2026 02:50:40,3,120,110,3,1,7300
18/06/2026 02:50:56,3,120,110,3,1,7240
18/06/2026 02:51:12,3,120,110,3,1,7240
18/06/2026 02:51:28,3,120,110,3,2,7230
18/06/2026 02:51:44,3,120,110,3,2,7230
18/06/2026 02:52:00,3,120,110,3,2,7230
18/06/2026 02:52:16,3,120,110,3,2,7230
18/06/2026 02:52:32,3,120,110,3,2,7230
18/06/2026 02:52:48,3,120,110,3,2,7230
18/06/2026 02:53:04,3,120,110,3,2,7230
18/06/2026 02:53:20,3,120,110,3,2,7180
18/06/2026 02:53:36,3,120,110,3,2,7180
18/06/2026 02:53:52,3,120,110,3,1,7140
18/06/2026 02:54:08,3,120,110,3,1,7140
18/06/2026 02:54:24,3,120,110,3,2,6990
18/06/2026 02:54:40,3,120,110,3,2,6990
18/06/2026 02:54:56,3,120,110,3,1,6970
18/06/2026 02:55:12,3,120,110,3,1,6970
18/06/2026 02:55:28,3,120,110,3,1,6970
18/06/2026 02:55:44,3,120,110,3,1,6990
18/06/2026 02:56:00,3,120,110,3,1,6990
18/06/2026 02:56:16,3,120,110,3,1,6980
18/06/2026 02:56:32,3,120,110,3,1,6980
18/06/2026 02:56:48,3,120,110,3,1,7010
18/06/2026 02:57:04,3,120,110,3,1,7010
18/06/2026 02:57:20,3,120,110,3,2,7730
18/06/2026 02:57:36,3,120,110,3,2,7730
18/06/2026 02:57:52,3,120,110,3,2,7730
18/06/2026 02:58:08,3,120,110,3,2,7600
18/06/2026 02:58:24,3,120,110,3,2,7600
18/06/2026 02:58:40,3,120,110,3,2,7510
18/06/2026 02:58:56,3,120,110,3,2,7510
18/06/2026 02:59:12,3,120,110,3,1,7510
18/06/2026 02:59:28,3,110,110,3,1,7510
18/06/2026 02:59:44,3,110,110,3,1,7500
18/06/2026 03:00:00,3,110,120,3,1,7500
18/06/2026 03:00:16,3,110,120,3,1,7500
18/06/2026 03:00:32,3,110,120,3,3,7510
18/06/2026 03:00:48,3,110,120,3,3,7510
18/06/2026 03:01:04,3,110,120,3,2,7860
18/06/2026 03:01:20,3,110,120,3,2,7860
18/06/2026 03:01:36,3,110,120,3,2,7750
18/06/2026 03:01:52,3,110,120,3,2,7750
18/06/2026 03:02:08,3,110,120,3,2,7690
18/06/2026 03:02:24,3,110,120,3,2,7690
18/06/2026 03:02:40,3,110,120,3,2,7690
18/06/2026 03:02:56,3,110,120,3,2,7850
18/06/2026 03:03:12,3,110,120,3,2,7850
18/06/2026 03:03:28,3,110,120,3,2,7650
18/06/2026 03:03:44,3,110,120,3,2,7650
18/06/2026 03:04:00,3,110,120,3,2,7570
18/06/2026 03:04:16,3,110,120,3,2,7570
18/06/2026 03:04:32,3,110,120,3,2,7480
18/06/2026 03:04:48,3,110,120,3,2,7480
18/06/2026 03:05:04,3,110,120,3,2,7480
18/06/2026 03:05:20,3,110,120,3,1,7390
18/06/2026 03:05:36,3,110,120,3,1,7390
18/06/2026 03:05:52,3,110,120,3,1,7390
18/06/2026 03:06:08,3,110,120,3,1,7390
18/06/2026 03:06:24,3,110,120,3,2,7360
18/06/2026 03:06:40,3,110,120,3,2,7360
18/06/2026 03:06:56,3,110,120,3,2,7330
18/06/2026 03:07:12,3,110,120,3,2,7330
18/06/2026 03:07:28,3,110,120,3,2,7330
18/06/2026 03:07:44,3,110,120,3,2,7170
18/06/2026 03:08:00,3,110,120,3,2,7170
18/06/2026 03:08:16,3,110,120,3,2,7210
18/06/2026 03:08:32,3,110,120,3,2,7210
18/06/2026 03:08:48,3,110,120,3,2,7330
18/06/2026 03:09:04,3,110,120,3,2,7330
18/06/2026 03:09:20,3,110,120,3,2,7360
18/06/2026 03:09:36,3,110,120,3,2,7360
18/06/2026 03:09:52,3,110,120,3,2,7360
18/06/2026 03:10:08,3,110,120,3,3,7120
18/06/2026 03:10:24,3,100,120,3,3,7120
18/06/2026 03:10:40,3,100,120,3,2,7070
18/06/2026 03:10:56,3,100,120,3,2,7070
18/06/2026 03:11:12,3,100,120,3,2,7030
18/06/2026 03:11:28,3,100,120,3,2,7030
18/06/2026 03:11:44,3,100,120,3,2,6950
18/06/2026 03:12:00,3,100,120,3,2,6950
18/06/2026 03:12:16,3,100,120,3,2,6950
18/06/2026 03:12:32,3,100,120,3,2,6940
18/06/2026 03:12:48,3,100,120,3,2,6940
18/06/2026 03:13:04,3,100,120,3,2,6890
18/06/2026 03:13:20,3,100,120,3,2,6890
18/06/2026 03:13:36,3,100,120,3,2,6820
18/06/2026 03:13:52,3,100,120,3,2,6820
18/06/2026 03:14:08,3,100,120,3,2,6780
18/06/2026 03:14:24,3,100,120,3,2,6780
18/06/2026 03:14:40,3,100,120,3,2,6780
18/06/2026 03:14:56,3,100,120,3,2,6810
18/06/2026 03:15:12,3,100,120,3,2,6810
18/06/2026 03:15:28,3,100,120,3,2,7340
18/06/2026 03:15:44,3,100,120,3,2,7340
18/06/2026 03:16:00,3,100,120,3,3,7270
18/06/2026 03:16:16,3,100,120,3,3,7270
18/06/2026 03:16:32,3,100,120,3,2,7270
18/06/2026 03:16:48,3,100,120,3,2,7270
18/06/2026 03:17:04,3,100,120,3,2,7270
18/06/2026 03:17:20,3,100,120,3,3,7060
18/06/2026 03:17:36,3,100,120,3,3,7060
18/06/2026 03:17:52,3,100,120,3,1,6960
18/06/2026 03:18:08,3,100,120,3,1,6960
18/06/2026 03:18:24,3,100,120,3,3,6920
18/06/2026 03:18:40,3,100,120,3,3,6920
18/06/2026 03:18:56,3,100,120,3,2,6920
18/06/2026 03:19:12,3,100,120,3,2,6920
18/06/2026 03:19:28,3,100,120,3,2,6920
18/06/2026 03:19:44,3,100,120,3,2,7180
18/06/2026 03:20:00,3,100,120,3,2,7180
18/06/2026 03:20:16,3,100,120,3,2,6980
18/06/2026 03:20:32,3,100,120,3,2,6980
18/06/2026 03:20:48,3,100,120,3,2,6930
18/06/2026 03:21:04,3,110,120,3,2,6930
18/06/2026 03:21:20,3,110,120,3,2,6920
18/06/2026 03:21:36,3,110,120,3,2,6920
18/06/2026 03:21:52,3,110,120,3,2,6920
18/06/2026 03:22:08,3,110,120,3,2,6730
18/06/2026 03:22:24,3,110,120,3,2,6730
18/06/2026 03:22:40,3,110,120,3,1,6640
18/06/2026 03:22:56,3,110,120,3,1,6640
18/06/2026 03:23:12,3,110,120,3,1,6510
18/06/2026 03:23:28,3,110,120,3,1,6510
18/06/2026 03:23:44,3,110,120,3,2,6430
18/06/2026 03:24:00,3,110,120,3,2,6430
18/06/2026 03:24:16,3,110,120,3,2,6430
18/06/2026 03:24:32,3,110,120,3,2,6390
18/06/2026 03:24:48,3,110,120,3,2,6390
18/06/2026 03:25:04,3,110,120,3,2,6480
18/06/2026 03:25:20,3,110,120,3,2,6480
18/06/2026 03:25:36,3,110,120,3,1,6300
18/06/2026 03:25:52,3,110,120,3,1,6300
18/06/2026 03:26:08,3,110,120,3,1,6300
18/06/2026 03:26:24,3,110,120,3,1,6300
18/06/2026 03:26:40,3,110,120,3,1,6300
18/06/2026 03:26:56,3,110,120,3,1,6290
18/06/2026 03:27:12,3,110,120,3,1,6290
18/06/2026 03:27:28,3,110,120,3,2,7090
18/06/2026 03:27:44,3,110,120,3,2,7090
18/06/2026 03:28:00,3,110,120,3,1,7360
18/06/2026 03:28:16,3,110,120,3,1,7360
18/06/2026 03:28:32,3,110,120,3,2,7440
18/06/2026 03:28:48,3,110,120,3,2,7440
18/06/2026 03:29:04,3,110,120,3,2,7440
18/06/2026 03:29:20,3,110,120,3,1,7480
18/06/2026 03:29:36,3,110,120,3,1,7480
18/06/2026 03:29:52,3,110,120,3,2,7580
18/06/2026 03:30:08,3,110,120,3,2,7580
18/06/2026 03:30:24,3,110,120,3,2,7810
18/06/2026 03:30:40,3,110,120,3,2,7810
18/06/2026 03:30:56,3,110,120,3,1,7770
18/06/2026 03:31:12,3,110,120,3,1,7770
18/06/2026 03:31:28,3,110,120,3,1,7770
18/06/2026 03:31:44,3,110,120,3,1,7780
18/06/2026 03:32:00,3,110,120,3,1,7780
18/06/2026 03:32:16,3,110,120,3,2,7830
18/06/2026 03:32:32,3,110,120,3,2,7830
18/06/2026 03:32:48,3,110,120,3,3,8200
18/06/2026 03:33:04,3,110,120,3,3,8200
18/06/2026 03:33:20,3,110,120,3,2,7770
18/06/2026 03:33:36,3,110,120,3,2,7770
18/06/2026 03:33:52,3,100,120,3,2,7770
18/06/2026 03:34:08,3,100,120,3,2,7760
18/06/2026 03:34:24,3,100,120,3,2,7760
18/06/2026 03:34:40,3,100,120,3,2,8030
18/06/2026 03:34:56,3,100,120,3,2,8030
18/06/2026 03:35:12,3,100,120,3,2,8030
18/06/2026 03:35:28,3,100,120,3,2,8030
18/06/2026 03:35:44,3,100,120,3,2,7760
18/06/2026 03:36:00,3,100,120,3,2,7760
18/06/2026 03:36:16,3,100,120,3,2,7760
18/06/2026 03:36:32,3,100,120,3,3,7950
18/06/2026 03:36:48,3,100,120,3,3,7950
18/06/2026 03:37:04,3,100,120,3,2,8000
18/06/2026 03:37:20,3,100,120,3,2,8000
18/06/2026 03:37:36,3,100,120,3,2,8010
18/06/2026 03:37:52,3,100,120,3,2,8010
18/06/2026 03:38:08,3,100,120,3,2,9870
18/06/2026 03:38:24,3,100,120,3,2,9870
18/06/2026 03:38:40,3,100,120,3,2,9870
18/06/2026 03:38:56,3,100,120,3,1,9800
18/06/2026 03:39:12,3,100,120,3,1,9800
18/06/2026 03:39:28,3,100,120,3,1,9810
18/06/2026 03:39:44,3,100,120,3,1,9810
18/06/2026 03:40:00,3,100,120,3,1,9790
18/06/2026 03:40:16,3,100,120,3,1,9790
18/06/2026 03:40:32,3,100,120,3,1,9730
18/06/2026 03:40:48,3,100,120,3,1,9730
18/06/2026 03:41:04,3,100,120,3,1,9730
18/06/2026 03:41:20,3,100,120,3,1,9670
18/06/2026 03:41:36,3,100,120,3,1,9670
18/06/2026 03:41:52,3,100,120,3,1,9660
18/06/2026 03:42:08,3,100,120,3,1,9660
18/06/2026 03:42:24,3,100,120,3,2,9660
18/06/2026 03:42:40,3,100,120,3,2,9660
18/06/2026 03:42:56,3,100,120,3,2,10280
18/06/2026 03:43:12,3,100,120,3,2,10280
18/06/2026 03:43:28,3,100,120,3,2,10280
18/06/2026 03:43:44,3,100,120,3,1,10280
18/06/2026 03:44:00,3,100,120,3,1,10280
18/06/2026 03:44:16,3,100,120,3,1,10220
18/06/2026 03:44:32,3,100,120,3,1,10220
18/06/2026 03:44:48,3,100,120,3,1,10190
18/06/2026 03:45:04,3,100,120,3,1,10190
18/06/2026 03:45:20,3,100,120,3,1,10220
18/06/2026 03:45:36,3,100,120,3,1,10220
18/06/2026 03:45:52,3,100,120,3,1,10220
18/06/2026 03:46:08,3,100,120,3,1,10170
18/06/2026 03:46:24,3,100,120,3,1,10170
18/06/2026 03:46:40,3,100,120,3,1,10110
18/06/2026 03:46:56,3,100,120,3,1,10110
18/06/2026 03:47:12,3,100,120,3,1,10110
18/06/2026 03:47:28,3,100,120,3,1,10110
18/06/2026 03:47:44,3,100,120,3,1,10090
18/06/2026 03:48:00,3,100,120,3,1,10090
18/06/2026 03:48:16,3,100,120,3,1,10090
18/06/2026 03:48:32,3,100,120,3,1,10090
18/06/2026 03:48:48,3,100,120,3,1,10090
18/06/2026 03:49:04,3,100,120,3,1,10040
18/06/2026 03:49:20,3,100,120,3,1,10040
18/06/2026 03:49:36,3,100,120,3,1,10030
18/06/2026 03:49:52,3,100,120,3,1,10030
18/06/2026 03:50:08,3,100,120,3,1,10060
18/06/2026 03:50:24,3,100,120,3,1,10060
18/06/2026 03:50:40,3,100,120,3,1,10060
18/06/2026 03:50:56,3,100,120,3,1,9980
18/06/2026 03:51:12,3,100,120,3,1,9980
18/06/2026 03:51:28,3,100,120,3,1,9980
18/06/2026 03:51:44,3,100,120,3,1,9980
18/06/2026 03:52:00,3,100,120,3,1,9930
18/06/2026 03:52:16,3,100,120,3,1,9930
18/06/2026 03:52:32,3,100,120,3,1,9920
18/06/2026 03:52:48,3,100,120,3,1,9920
18/06/2026 03:53:04,3,100,120,3,1,9920
18/06/2026 03:53:20,3,100,120,3,1,9930
18/06/2026 03:53:36,3,100,120,3,1,9930
18/06/2026 03:53:52,3,100,120,3,2,9090
18/06/2026 03:54:08,3,100,120,3,2,9090
18/06/2026 03:54:24,3,100,120,3,1,9090
18/06/2026 03:54:40,3,100,120,3,1,9090
18/06/2026 03:54:56,3,100,120,3,1,8960
18/06/2026 03:55:12,3,100,120,3,1,8960
18/06/2026 03:55:28,3,100,120,3,1,8960
18/06/2026 03:55:44,3,100,120,3,1,8940
18/06/2026 03:56:00,3,100,120,3,1,8940
18/06/2026 03:56:16,3,100,120,3,1,8900
18/06/2026 03:56:32,3,100,120,3,1,8900
18/06/2026 03:56:48,3,100,120,3,1,8900
18/06/2026 03:57:04,3,100,120,3,1,8900
18/06/2026 03:57:20,3,100,120,3,1,8910
18/06/2026 03:57:36,3,90,120,3,1,8910
18/06/2026 03:57:52,3,90,120,3,1,8910
18/06/2026 03:58:08,3,90,120,3,1,8910
18/06/2026 03:58:24,3,90,120,3,1,8910
18/06/2026 03:58:40,3,90,120,3,1,8760
18/06/2026 03:58:56,3,90,120,3,1,8760
18/06/2026 03:59:12,3,90,120,3,1,8920
18/06/2026 03:59:28,3,90,120,3,1,8920
18/06/2026 03:59:44,3,90,120,3,2,8930
18/06/2026 04:00:00,3,90,100,3,2,8930
18/06/2026 04:00:16,3,90,100,3,2,8930
18/06/2026 04:00:32,3,90,100,3,2,8890
18/06/2026 04:00:48,3,90,100,3,2,8890
18/06/2026 04:01:04,3,90,100,3,1,8890
18/06/2026 04:01:20,3,90,100,3,1,8890
18/06/2026 04:01:36,3,90,100,3,1,8880
18/06/2026 04:01:52,3,90,100,3,1,8880
18/06/2026 04:02:08,3,90,100,3,1,8800
18/06/2026 04:02:24,3,90,100,3,1,8800
18/06/2026 04:02:40,3,90,100,3,1,8800
18/06/2026 04:02:56,3,90,100,3,1,8740
18/06/2026 04:03:12,3,90,100,3,1,8740
18/06/2026 04:03:28,3,90,100,3,1,8660
18/06/2026 04:03:44,3,90,100,3,1,8660
18/06/2026 04:04:00,3,90,100,3,1,8600
18/06/2026 04:04:16,3,90,100,3,1,8600
18/06/2026 04:04:32,3,90,100,3,1,8530
18/06/2026 04:04:48,3,90,100,3,1,8530
18/06/2026 04:05:04,3,90,100,3,1,8530
18/06/2026 04:05:20,3,90,100,3,2,8500
18/06/2026 04:05:36,3,90,100,3,2,8500
18/06/2026 04:05:52,3,90,100,3,1,8670
18/06/2026 04:06:08,3,90,100,3,1,8670
18/06/2026 04:06:24,3,90,100,3,2,8240
18/06/2026 04:06:40,3,90,100,3,2,8240
18/06/2026 04:06:56,3,90,100,3,2,8230
18/06/2026 04:07:12,3,90,100,3,2,8230
18/06/2026 04:07:28,3,90,100,3,2,8230
18/06/2026 04:07:44,3,90,100,3,1,8410
18/06/2026 04:08:00,3,90,100,3,1,8410
18/06/2026 04:08:16,3,90,100,3,2,7920
18/06/2026 04:08:32,3,90,100,3,2,7920
18/06/2026 04:08:48,3,90,100,3,2,7860
18/06/2026 04:09:04,3,90,100,3,2,7860
18/06/2026 04:09:20,3,90,100,3,2,7900
18/06/2026 04:09:36,3,90,100,3,2,7900
18/06/2026 04:09:52,3,90,100,3,2,7900
18/06/2026 04:10:08,3,90,100,3,2,7890
18/06/2026 04:10:24,3,90,100,3,2,7890
18/06/2026 04:10:40,3,90,100,3,3,7680
18/06/2026 04:10:56,3,90,100,3,3,7680
18/06/2026 04:11:12,3,90,100,3,2,7940
18/06/2026 04:11:28,3,90,100,3,2,7940
18/06/2026 04:11:44,3,90,100,3,2,8120
18/06/2026 04:12:00,3,90,100,3,2,8120
18/06/2026 04:12:16,3,90,100,3,2,8120
18/06/2026 04:12:32,3,90,100,3,3,7780
18/06/2026 04:12:48,3,90,100,3,3,7780
18/06/2026 04:13:04,3,90,100,3,1,7830
18/06/2026 04:13:20,3,90,100,3,1,7830
18/06/2026 04:13:36,3,90,100,3,1,7870
18/06/2026 04:13:52,3,90,100,3,1,7870
18/06/2026 04:14:08,3,90,100,3,1,7790
18/06/2026 04:14:24,3,90,100,3,1,7790
18/06/2026 04:14:40,3,90,100,3,1,7790
18/06/2026 04:14:56,3,90,100,3,1,7790
18/06/2026 04:15:12,3,90,100,3,1,7790
18/06/2026 04:15:28,3,90,100,3,2,7810
18/06/2026 04:15:44,3,90,100,3,2,7810
18/06/2026 04:16:00,3,90,100,3,1,8490
18/06/2026 04:16:16,3,90,100,3,1,8490
18/06/2026 04:16:32,3,90,100,3,1,8480
18/06/2026 04:16:48,3,90,100,3,1,8480
18/06/2026 04:17:04,3,90,100,3,1,8480
18/06/2026 04:17:20,3,90,100,3,1,8300
18/06/2026 04:17:36,3,90,100,3,1,8300
18/06/2026 04:17:52,3,90,100,3,1,8340
18/06/2026 04:18:08,3,90,100,3,1,8340
18/06/2026 04:18:24,3,90,100,3,2,8430
18/06/2026 04:18:40,3,90,100,3,2,8430
18/06/2026 04:18:56,3,90,100,3,1,10020
18/06/2026 04:19:12,3,90,100,3,1,10020
18/06/2026 04:19:28,3,90,100,3,1,10020
18/06/2026 04:19:44,3,90,100,3,1,10010
18/06/2026 04:20:00,3,90,100,3,1,10010
18/06/2026 04:20:16,3,90,100,3,1,10010
18/06/2026 04:20:32,3,90,100,3,1,10010
18/06/2026 04:20:48,3,90,100,3,1,10010
18/06/2026 04:21:04,3,90,100,3,1,10010
18/06/2026 04:21:20,3,90,100,3,1,10010
18/06/2026 04:21:36,3,90,100,3,1,10010
18/06/2026 04:21:52,3,90,100,3,1,10010
18/06/2026 04:22:08,3,90,100,3,1,10000
18/06/2026 04:22:24,3,90,100,3,1,10000
18/06/2026 04:22:40,3,90,100,3,1,10110
18/06/2026 04:22:56,3,90,100,3,1,10110
18/06/2026 04:23:12,3,90,100,3,1,10120
18/06/2026 04:23:28,3,90,100,3,1,10120
18/06/2026 04:23:44,3,90,100,3,1,10120
18/06/2026 04:24:00,3,90,100,3,1,10120
18/06/2026 04:24:16,3,90,100,3,1,10120
18/06/2026 04:24:32,3,90,100,3,1,10090
18/06/2026 04:24:48,3,90,100,3,1,10090
18/06/2026 04:25:04,3,90,100,3,1,10040
18/06/2026 04:25:20,3,90,100,3,1,10040
18/06/2026 04:25:36,3,90,100,3,1,9980
18/06/2026 04:25:52,3,90,100,3,1,9980
18/06/2026 04:26:08,3,90,100,3,1,9940
18/06/2026 04:26:24,3,90,100,3,1,9940
18/06/2026 04:26:40,3,90,100,3,1,9940
18/06/2026 04:26:56,3,90,100,3,1,9910
18/06/2026 04:27:12,3,90,100,3,1,9910
18/06/2026 04:27:28,3,90,100,3,1,9870
18/06/2026 04:27:44,3,90,100,3,1,9870
18/06/2026 04:28:00,3,90,100,3,1,9820
18/06/2026 04:28:16,3,90,100,3,1,9820
18/06/2026 04:28:32,3,90,100,3,1,9800
18/06/2026 04:28:48,3,90,100,3,1,9800
18/06/2026 04:29:04,3,90,100,3,1,9800
18/06/2026 04:29:20,3,90,100,3,1,9910
18/06/2026 04:29:36,3,90,100,3,1,9910
18/06/2026 04:29:52,3,90,100,3,1,9870
18/06/2026 04:30:08,3,90,100,3,1,9870
18/06/2026 04:30:24,3,90,100,3,2,8640
18/06/2026 04:30:40,3,90,100,3,2,8640
18/06/2026 04:30:56,3,340,100,3,1,8610
18/06/2026 04:31:12,3,350,100,3,1,8610
18/06/2026 04:31:28,3,350,100,3,1,8610
18/06/2026 04:31:44,3,350,100,3,1,8590
18/06/2026 04:32:00,3,350,100,3,1,8590
18/06/2026 04:32:16,3,350,100,3,1,8530
18/06/2026 04:32:32,3,360,100,3,1,8530
18/06/2026 04:32:48,3,350,100,3,1,8580
18/06/2026 04:33:04,3,350,100,3,1,8580
18/06/2026 04:33:20,3,360,100,3,1,8580
18/06/2026 04:33:36,3,360,100,3,1,8580
18/06/2026 04:33:52,3,360,100,3,1,8580
18/06/2026 04:34:08,3,360,100,3,1,8550
18/06/2026 04:34:24,3,360,100,3,1,8550
18/06/2026 04:34:40,3,360,100,3,1,8550
18/06/2026 04:34:56,3,360,100,3,1,8550
18/06/2026 04:35:12,3,360,100,3,1,8550
18/06/2026 04:35:28,3,360,100,3,1,8550
18/06/2026 04:35:44,3,370,100,3,1,8540
18/06/2026 04:36:00,3,370,100,3,1,8540
18/06/2026 04:36:16,3,370,100,3,1,8540
18/06/2026 04:36:32,3,370,100,3,1,8540
18/06/2026 04:36:48,3,370,100,3,1,8540
18/06/2026 04:37:04,3,370,100,3,1,8520
18/06/2026 04:37:20,3,370,100,3,1,8520
18/06/2026 04:37:36,3,370,100,3,1,8450
18/06/2026 04:37:52,3,370,100,3,1,8450
18/06/2026 04:38:08,3,370,100,3,1,8430
18/06/2026 04:38:24,3,370,100,3,1,8430
18/06/2026 04:38:40,3,370,100,3,1,8430
18/06/2026 04:38:56,3,370,100,3,0,-999
18/06/2026 04:39:12,3,370,100,3,0,-999
18/06/2026 04:39:28,3,360,100,3,0,-999
18/06/2026 04:39:44,3,360,100,3,0,-999
18/06/2026 04:40:00,3,360,100,3,0,-999
18/06/2026 04:40:16,3,360,100,3,0,-999
18/06/2026 04:40:32,3,360,100,3,0,-999
18/06/2026 04:40:48,3,350,100,3,0,-999
18/06/2026 04:41:04,3,350,100,3,0,-999
18/06/2026 04:41:20,3,350,100,3,0,-999
18/06/2026 04:41:36,3,350,100,3,0,-999
18/06/2026 04:41:52,3,350,100,3,1,9590
18/06/2026 04:42:08,3,340,100,3,1,9590
18/06/2026 04:42:24,3,340,100,3,2,9620
18/06/2026 04:42:40,3,340,100,3,2,9620
18/06/2026 04:42:56,3,340,100,3,2,9620
18/06/2026 04:43:12,3,330,100,3,2,9620
18/06/2026 04:43:28,3,330,100,3,2,9620
18/06/2026 04:43:44,3,330,100,3,1,9570
18/06/2026 04:44:00,3,330,100,3,1,9570
18/06/2026 04:44:16,3,320,100,3,1,9600
18/06/2026 04:44:32,3,320,100,3,1,9600
18/06/2026 04:44:48,3,320,100,3,2,9580
18/06/2026 04:45:04,3,320,100,3,2,9580
18/06/2026 04:45:20,3,320,100,3,1,9370
18/06/2026 04:45:36,3,310,100,3,1,9370
18/06/2026 04:45:52,3,310,100,3,1,9370
18/06/2026 04:46:08,3,310,100,3,1,9280
18/06/2026 04:46:24,3,300,100,3,1,9280
18/06/2026 04:46:40,3,300,100,3,1,9010
18/06/2026 04:46:56,3,300,100,3,1,9010
18/06/2026 04:47:12,3,300,100,3,1,8970
18/06/2026 04:47:28,3,290,100,3,1,8970
18/06/2026 04:47:44,3,290,100,3,1,8910
18/06/2026 04:48:00,3,290,100,3,1,8910
18/06/2026 04:48:16,3,290,100,3,1,8910
18/06/2026 04:48:32,3,290,100,3,1,8910
18/06/2026 04:48:48,3,280,100,3,1,8910
18/06/2026 04:49:04,3,280,100,3,1,8910
18/06/2026 04:49:20,3,290,100,3,1,8910
18/06/2026 04:49:36,3,280,100,3,1,8880
18/06/2026 04:49:52,3,280,100,3,1,8880
18/06/2026 04:50:08,3,270,100,3,1,8820
18/06/2026 04:50:24,3,280,100,3,1,8820
18/06/2026 04:50:40,3,280,100,3,1,8820
18/06/2026 04:50:56,3,270,100,3,1,8820
18/06/2026 04:51:12,3,270,100,3,1,8820
18/06/2026 04:51:28,3,270,100,3,2,8820
18/06/2026 04:51:44,3,270,100,3,2,8820
18/06/2026 04:52:00,3,270,100,3,1,9070
18/06/2026 04:52:16,3,280,100,3,1,9070
18/06/2026 04:52:32,3,280,100,3,1,9020
18/06/2026 04:52:48,3,280,100,3,1,9020
18/06/2026 04:53:04,3,290,100,3,1,9020
18/06/2026 04:53:20,3,290,100,3,1,8980
18/06/2026 04:53:36,3,290,100,3,1,8980
18/06/2026 04:53:52,3,290,100,3,1,8990
18/06/2026 04:54:08,3,290,100,3,1,8990
18/06/2026 04:54:24,3,290,100,3,1,9000
18/06/2026 04:54:40,3,290,100,3,1,9000
18/06/2026 04:54:56,3,300,100,3,1,8980
18/06/2026 04:55:12,3,300,100,3,1,8980
18/06/2026 04:55:28,3,300,100,3,1,8980
18/06/2026 04:55:44,3,300,100,3,1,8980
18/06/2026 04:56:00,3,300,100,3,1,8980
18/06/2026 04:56:16,3,300,100,3,1,8990
18/06/2026 04:56:32,3,300,100,3,1,8990
18/06/2026 04:56:48,3,300,100,3,1,9000
18/06/2026 04:57:04,3,300,100,3,1,9000
18/06/2026 04:57:20,3,310,100,3,1,8990
18/06/2026 04:57:36,3,300,100,3,1,8990
18/06/2026 04:57:52,3,300,100,3,1,8990
18/06/2026 04:58:08,3,300,100,3,1,8990
18/06/2026 04:58:24,3,310,100,3,1,8990
18/06/2026 04:58:40,3,310,100,3,1,8990
18/06/2026 04:58:56,3,300,100,3,1,8990
18/06/2026 04:59:12,3,310,100,3,1,8990
18/06/2026 04:59:28,3,310,100,3,1,8990
18/06/2026 04:59:44,3,310,100,3,1,8970
18/06/2026 05:00:00,2,310,90,3,1,8970
18/06/2026 05:00:16,2,320,90,3,1,8970
18/06/2026 05:00:32,2,320,90,3,0,-999
18/06/2026 05:00:48,2,320,90,3,0,-999
18/06/2026 05:01:04,2,320,90,3,0,-999
18/06/2026 05:01:20,2,330,90,3,0,-999
18/06/2026 05:01:36,2,330,90,3,0,-999
18/06/2026 05:01:52,2,330,90,3,0,-999
18/06/2026 05:02:08,2,340,90,3,0,-999
18/06/2026 05:02:24,2,340,90,3,0,-999
18/06/2026 05:02:40,2,350,90,3,0,-999
18/06/2026 05:02:56,2,350,90,3,0,-999
18/06/2026 05:03:12,2,350,90,3,0,-999
18/06/2026 05:03:28,2,350,90,3,0,-999
18/06/2026 05:03:44,2,360,90,3,0,-999
18/06/2026 05:04:00,2,360,90,3,0,-999
18/06/2026 05:04:16,2,360,90,3,0,-999
18/06/2026 05:04:32,2,360,90,3,0,-999
18/06/2026 05:04:48,2,370,90,3,0,-999
18/06/2026 05:05:04,2,380,90,3,0,-999
18/06/2026 05:05:20,2,370,90,3,0,-999
18/06/2026 05:05:36,2,370,90,3,0,-999
18/06/2026 05:05:52,2,370,90,3,0,-999
18/06/2026 05:06:08,2,380,90,3,0,-999
18/06/2026 05:06:24,2,370,90,3,0,-999
18/06/2026 05:06:40,2,370,90,3,0,-999
18/06/2026 05:06:56,2,370,90,3,0,-999
18/06/2026 05:07:12,2,370,90,3,0,-999
18/06/2026 05:07:28,2,370,90,3,0,-999
18/06/2026 05:07:44,2,380,90,3,0,-999
18/06/2026 05:08:00,2,380,90,3,0,-999
18/06/2026 05:08:16,2,380,90,3,0,-999
18/06/2026 05:08:32,2,380,90,3,0,-999
18/06/2026 05:08:48,2,390,90,3,0,-999
18/06/2026 05:09:04,2,390,90,3,0,-999
18/06/2026 05:09:20,2,390,90,3,0,-999
18/06/2026 05:09:36,2,390,90,3,0,-999
18/06/2026 05:09:52,2,390,90,3,0,-999
18/06/2026 05:10:08,2,390,90,3,0,-999
18/06/2026 05:10:24,2,400,90,3,0,-999
18/06/2026 05:10:40,2,400,90,3,0,-999
18/06/2026 05:10:56,2,410,90,3,0,-999
18/06/2026 05:11:12,2,410,90,3,1,9910
18/06/2026 05:11:28,2,420,90,3,1,9910
18/06/2026 05:11:44,2,420,90,3,1,9860
18/06/2026 05:12:00,2,420,90,3,1,9860
18/06/2026 05:12:16,2,420,90,3,1,9860
18/06/2026 05:12:32,2,420,90,3,1,9720
18/06/2026 05:12:48,2,420,90,3,1,9720
18/06/2026 05:13:04,2,420,90,3,1,9730
18/06/2026 05:13:20,2,430,90,3,1,9730
18/06/2026 05:13:36,2,430,90,3,1,9710
18/06/2026 05:13:52,2,440,90,3,1,9710
18/06/2026 05:14:08,2,440,90,3,1,9710
18/06/2026 05:14:24,2,440,90,3,1,9710
18/06/2026 05:14:40,2,440,90,3,1,9710
18/06/2026 05:14:56,2,440,90,3,1,9690
18/06/2026 05:15:12,2,440,90,3,1,9690
18/06/2026 05:15:28,2,440,90,3,1,9690
18/06/2026 05:15:44,2,440,90,3,1,9690
18/06/2026 05:16:00,2,440,90,3,1,9690
18/06/2026 05:16:16,2,440,90,3,1,9690
18/06/2026 05:16:32,2,440,90,3,1,9690
18/06/2026 05:16:48,2,450,90,3,1,9690
18/06/2026 05:17:04,2,460,90,3,1,9690
18/06/2026 05:17:20,2,460,90,3,1,9690
18/06/2026 05:17:36,2,460,90,3,1,9690
18/06/2026 05:17:52,2,470,90,3,1,9680
18/06/2026 05:18:08,2,470,90,3,1,9680
18/06/2026 05:18:24,2,470,90,3,1,9670
18/06/2026 05:18:40,2,470,90,3,1,9670
18/06/2026 05:18:56,2,470,90,3,0,-999
18/06/2026 05:19:12,2,470,90,3,0,-999
18/06/2026 05:19:28,2,480,90,3,0,-999
18/06/2026 05:19:44,2,470,90,3,0,-999
18/06/2026 05:20:00,2,480,90,3,0,-999
18/06/2026 05:20:16,2,480,90,3,0,-999
18/06/2026 05:20:32,2,480,90,3,0,-999
18/06/2026 05:20:48,2,480,90,3,0,-999
18/06/2026 05:21:04,2,490,90,3,0,-999
18/06/2026 05:21:20,2,490,90,3,0,-999
18/06/2026 05:21:36,2,490,90,3,0,-999
18/06/2026 05:21:52,2,490,90,3,0,-999
18/06/2026 05:22:08,2,490,90,3,0,-999
18/06/2026 05:22:24,2,490,90,3,0,-999
18/06/2026 05:22:40,2,500,90,3,0,-999
18/06/2026 05:22:56,2,500,90,3,0,-999
18/06/2026 05:23:12,2,500,90,3,0,-999
18/06/2026 05:23:28,2,500,90,3,0,-999
18/06/2026 05:23:44,2,500,90,3,0,-999
18/06/2026 05:24:00,2,500,90,3,0,-999
18/06/2026 05:24:16,2,500,90,3,0,-999
18/06/2026 05:24:32,2,500,90,3,0,-999
18/06/2026 05:24:48,2,500,90,3,0,-999
18/06/2026 05:25:04,2,500,90,3,0,-999
18/06/2026 05:25:20,2,500,90,3,0,-999
18/06/2026 05:25:36,2,500,90,3,0,-999
18/06/2026 05:25:52,2,510,90,3,0,-999
18/06/2026 05:26:08,2,510,90,3,0,-999
18/06/2026 05:26:24,2,510,90,3,0,-999
18/06/2026 05:26:40,2,510,90,3,0,-999
18/06/2026 05:26:56,2,510,90,3,0,-999
18/06/2026 05:27:12,2,510,90,3,0,-999
18/06/2026 05:27:28,2,510,90,3,0,-999
18/06/2026 05:27:44,2,520,90,3,0,-999
18/06/2026 05:28:00,2,520,90,3,0,-999
18/06/2026 05:28:16,2,520,90,3,0,-999
18/06/2026 05:28:32,2,520,90,3,0,-999
18/06/2026 05:28:48,2,520,90,3,0,-999
18/06/2026 05:29:04,2,520,90,3,0,-999
18/06/2026 05:29:20,2,520,90,3,0,-999
18/06/2026 05:29:36,2,530,90,3,0,-999
18/06/2026 05:29:52,2,530,90,3,0,-999
18/06/2026 05:30:08,2,530,90,3,0,-999
18/06/2026 05:30:24,2,530,90,3,0,-999
18/06/2026 05:30:40,2,530,90,3,0,-999
18/06/2026 05:30:56,2,530,90,3,0,-999
18/06/2026 05:31:12,2,530,90,3,0,-999
18/06/2026 05:31:28,2,530,90,3,0,-999
18/06/2026 05:31:44,2,530,90,3,0,-999
18/06/2026 05:32:00,2,520,90,3,0,-999
18/06/2026 05:32:16,2,520,90,3,0,-999
18/06/2026 05:32:32,2,520,90,3,0,-999
18/06/2026 05:32:48,2,520,90,3,0,-999
18/06/2026 05:33:04,2,520,90,3,0,-999
18/06/2026 05:33:20,2,520,90,3,0,-999
18/06/2026 05:33:36,2,520,90,3,0,-999
18/06/2026 05:33:52,2,520,90,3,0,-999
18/06/2026 05:34:08,2,520,90,3,0,-999
18/06/2026 05:34:24,2,520,90,3,0,-999
18/06/2026 05:34:40,2,520,90,3,0,-999
18/06/2026 05:34:56,2,520,90,3,0,-999
18/06/2026 05:35:12,2,520,90,3,0,-999
18/06/2026 05:35:28,2,520,90,3,0,-999
18/06/2026 05:35:44,2,520,90,3,0,-999
18/06/2026 05:36:00,2,520,90,3,0,-999
18/06/2026 05:36:16,2,520,90,3,0,-999
18/06/2026 05:36:32,2,520,90,3,0,-999
18/06/2026 05:36:48,2,520,90,3,0,-999
18/06/2026 05:37:04,2,520,90,3,0,-999
18/06/2026 05:37:20,2,510,90,3,0,-999
18/06/2026 05:37:36,2,520,90,3,0,-999
18/06/2026 05:37:52,2,520,90,3,0,-999
18/06/2026 05:38:08,2,520,90,3,0,-999
18/06/2026 05:38:24,2,520,90,3,0,-999
18/06/2026 05:38:40,2,520,90,3,0,-999
18/06/2026 05:38:56,2,520,90,3,0,-999
18/06/2026 05:39:12,2,520,90,3,0,-999
18/06/2026 05:39:28,2,520,90,3,0,-999
18/06/2026 05:39:44,2,520,90,3,0,-999
18/06/2026 05:40:00,2,520,90,3,0,-999
18/06/2026 05:40:16,2,520,90,3,0,-999
18/06/2026 05:40:32,2,520,90,3,0,-999
18/06/2026 05:40:48,2,520,90,3,0,-999
18/06/2026 05:41:04,2,520,90,3,0,-999
18/06/2026 05:41:20,2,520,90,3,0,-999
18/06/2026 05:41:36,2,520,90,3,0,-999
18/06/2026 05:41:52,2,520,90,3,0,-999
18/06/2026 05:42:08,2,520,90,3,0,-999
18/06/2026 05:42:24,2,520,90,3,0,-999
18/06/2026 05:42:40,2,520,90,3,0,-999
18/06/2026 05:42:56,2,510,90,3,0,-999
18/06/2026 05:43:12,2,510,90,3,0,-999
18/06/2026 05:43:28,2,510,90,3,0,-999
18/06/2026 05:43:44,2,510,90,3,0,-999
18/06/2026 05:44:00,2,510,90,3,0,-999
18/06/2026 05:44:16,2,510,90,3,0,-999
18/06/2026 05:44:32,2,510,90,3,0,-999
18/06/2026 05:44:48,2,510,90,3,0,-999
18/06/2026 05:45:04,2,510,90,3,0,-999
18/06/2026 05:45:20,2,520,90,3,0,-999
18/06/2026 05:45:36,2,520,90,3,0,-999
18/06/2026 05:45:52,2,520,90,3,0,-999
18/06/2026 05:46:08,2,520,90,3,0,-999
18/06/2026 05:46:24,2,520,90,3,0,-999
18/06/2026 05:46:40,2,520,90,3,0,-999
18/06/2026 05:46:56,2,530,90,3,0,-999
18/06/2026 05:47:12,2,530,90,3,0,-999
18/06/2026 05:47:28,2,530,90,3,0,-999
18/06/2026 05:47:44,2,530,90,3,0,-999
18/06/2026 05:48:00,2,530,90,3,0,-999
18/06/2026 05:48:16,2,540,90,3,0,-999
18/06/2026 05:48:32,2,540,90,3,0,-999
18/06/2026 05:48:48,2,540,90,3,0,-999
18/06/2026 05:49:04,2,550,90,3,0,-999
18/06/2026 05:49:20,2,550,90,3,0,-999
18/06/2026 05:49:36,2,550,90,3,0,-999
18/06/2026 05:49:52,2,550,90,3,0,-999
18/06/2026 05:50:08,2,550,90,3,0,-999
18/06/2026 05:50:24,2,550,90,3,0,-999
18/06/2026 05:50:40,2,550,90,3,0,-999
18/06/2026 05:50:56,2,550,90,3,0,-999
18/06/2026 05:51:12,2,560,90,3,0,-999
18/06/2026 05:51:28,2,560,90,3,1,11470
18/06/2026 05:51:44,2,560,90,3,1,11470
18/06/2026 05:52:00,2,560,90,3,1,11470
18/06/2026 05:52:16,2,560,90,3,1,11470
18/06/2026 05:52:32,2,560,90,3,1,11470
18/06/2026 05:52:48,2,560,90,3,1,11470
18/06/2026 05:53:04,2,560,90,3,1,11470
18/06/2026 05:53:20,2,560,90,3,1,11450
18/06/2026 05:53:36,2,560,90,3,1,11450
18/06/2026 05:53:52,2,560,90,3,1,11440
18/06/2026 05:54:08,2,560,90,3,1,11440
18/06/2026 05:54:24,2,560,90,3,1,11450
18/06/2026 05:54:40,2,560,90,3,1,11450
18/06/2026 05:54:56,2,560,90,3,1,11440
18/06/2026 05:55:12,2,560,90,3,1,11440
18/06/2026 05:55:28,2,570,90,3,1,11440
18/06/2026 05:55:44,2,570,90,3,1,11440
18/06/2026 05:56:00,2,570,90,3,1,11440
18/06/2026 05:56:16,2,570,90,3,1,11460
18/06/2026 05:56:32,2,570,90,3,1,11460
18/06/2026 05:56:48,2,580,90,3,1,11450
18/06/2026 05:57:04,2,580,90,3,1,11450
18/06/2026 05:57:20,2,590,90,3,1,11460
18/06/2026 05:57:36,2,590,90,3,1,11460
18/06/2026 05:57:52,2,590,90,3,1,11460
18/06/2026 05:58:08,2,590,90,3,1,11460
18/06/2026 05:58:24,2,600,90,3,1,11460
18/06/2026 05:58:40,2,600,90,3,1,11450
18/06/2026 05:58:56,2,600,90,3,1,11450
18/06/2026 05:59:12,2,610,90,3,0,-999
18/06/2026 05:59:28,2,610,90,3,0,-999
18/06/2026 05:59:44,2,610,90,3,0,-999
18/06/2026 06:00:00,-999,620,-999,3,0,-999
18/06/2026 06:00:16,-999,630,-999,3,0,-999
18/06/2026 06:00:32,-999,630,-999,3,0,-999
18/06/2026 06:00:48,-999,630,-999,3,0,-999
18/06/2026 06:01:04,-999,630,-999,3,0,-999
18/06/2026 06:01:20,-999,630,-999,3,0,-999
18/06/2026 06:01:36,-999,640,-999,3,0,-999
18/06/2026 06:01:52,-999,640,-999,3,0,-999
18/06/2026 06:02:08,-999,660,-999,3,0,-999
18/06/2026 06:02:24,-999,660,-999,3,0,-999
18/06/2026 06:02:40,-999,650,-999,3,0,-999
18/06/2026 06:02:56,-999,650,-999,3,0,-999
18/06/2026 06:03:12,-999,650,-999,3,0,-999
18/06/2026 06:03:28,-999,660,-999,3,0,-999
18/06/2026 06:03:44,-999,680,-999,3,0,-999
18/06/2026 06:04:00,-999,670,-999,3,0,-999
18/06/2026 06:04:16,-999,670,-999,3,0,-999
18/06/2026 06:04:32,-999,670,-999,3,0,-999
18/06/2026 06:04:48,-999,670,-999,3,0,-999
18/06/2026 06:05:04,-999,670,-999,3,0,-999
18/06/2026 06:05:20,-999,660,-999,3,0,-999
18/06/2026 06:05:36,-999,660,-999,3,0,-999
18/06/2026 06:05:52,-999,660,-999,3,0,-999
18/06/2026 06:06:08,-999,660,-999,3,0,-999
18/06/2026 06:06:24,-999,670,-999,3,0,-999
18/06/2026 06:06:40,-999,670,-999,3,0,-999
18/06/2026 06:06:56,-999,680,-999,3,0,-999
18/06/2026 06:07:12,-999,690,-999,3,0,-999
18/06/2026 06:07:28,-999,690,-999,3,0,-999
18/06/2026 06:07:44,-999,690,-999,3,0,-999
18/06/2026 06:08:00,-999,690,-999,3,0,-999
18/06/2026 06:08:16,-999,690,-999,3,0,-999
18/06/2026 06:08:32,-999,690,-999,3,0,-999
18/06/2026 06:08:48,-999,690,-999,3,0,-999
18/06/2026 06:09:04,-999,700,-999,3,0,-999
18/06/2026 06:09:20,-999,710,-999,3,0,-999
18/06/2026 06:09:36,-999,710,-999,3,0,-999
18/06/2026 06:09:52,-999,710,-999,3,0,-999
18/06/2026 06:10:08,-999,710,-999,3,0,-999
18/06/2026 06:10:24,-999,710,-999,3,0,-999
18/06/2026 06:10:40,-999,700,-999,3,0,-999
18/06/2026 06:10:56,-999,700,-999,3,0,-999
18/06/2026 06:11:12,-999,710,-999,3,0,-999
18/06/2026 06:11:28,-999,700,-999,3,0,-999
18/06/2026 06:11:44,-999,700,-999,3,0,-999
18/06/2026 06:12:00,-999,690,-999,3,0,-999
18/06/2026 06:12:16,-999,690,-999,3,0,-999
18/06/2026 06:12:32,-999,680,-999,3,0,-999
18/06/2026 06:12:48,-999,680,-999,3,0,-999
18/06/2026 06:13:04,-999,660,-999,3,0,-999
18/06/2026 06:13:20,-999,650,-999,3,0,-999
18/06/2026 06:13:36,-999,640,-999,3,0,-999
18/06/2026 06:13:52,-999,630,-999,3,0,-999
18/06/2026 06:14:08,-999,620,-999,3,0,-999
18/06/2026 06:14:24,-999,630,-999,3,0,-999
18/06/2026 06:14:40,-999,620,-999,3,0,-999
18/06/2026 06:14:56,-999,620,-999,3,0,-999
18/06/2026 06:15:12,-999,610,-999,3,0,-999
18/06/2026 06:15:28,-999,610,-999,3,0,-999
18/06/2026 06:15:44,-999,600,-999,3,0,-999
18/06/2026 06:16:00,-999,600,-999,3,0,-999
18/06/2026 06:16:16,-999,590,-999,3,0,-999
18/06/2026 06:16:32,-999,580,-999,3,0,-999
18/06/2026 06:16:48,-999,570,-999,3,0,-999
18/06/2026 06:17:04,-999,570,-999,3,0,-999
18/06/2026 06:17:20,-999,570,-999,3,0,-999
18/06/2026 06:17:36,-999,560,-999,3,0,-999
18/06/2026 06:17:52,-999,560,-999,3,0,-999
18/06/2026 06:18:08,-999,550,-999,3,0,-999
18/06/2026 06:18:24,-999,550,-999,3,0,-999
18/06/2026 06:18:40,-999,550,-999,3,0,-999
18/06/2026 06:18:56,-999,550,-999,3,0,-999
18/06/2026 06:19:12,-999,540,-999,3,0,-999
18/06/2026 06:19:28,-999,540,-999,3,0,-999
18/06/2026 06:19:44,-999,540,-999,3,0,-999
18/06/2026 06:20:00,-999,530,-999,3,0,-999
18/06/2026 06:20:16,-999,520,-999,3,0,-999
18/06/2026 06:20:32,-999,520,-999,3,0,-999
18/06/2026 06:20:48,-999,510,-999,3,0,-999
18/06/2026 06:21:04,-999,500,-999,3,0,-999
18/06/2026 06:21:20,-999,490,-999,3,0,-999
18/06/2026 06:21:36,-999,490,-999,3,0,-999
18/06/2026 06:21:52,-999,480,-999,3,0,-999
18/06/2026 06:22:08,-999,480,-999,3,0,-999
18/06/2026 06:22:24,-999,480,-999,3,0,-999
18/06/2026 06:22:40,-999,480,-999,3,0,-999
18/06/2026 06:22:56,-999,480,-999,3,0,-999
18/06/2026 06:23:12,-999,470,-999,3,0,-999
18/06/2026 06:23:28,-999,470,-999,3,0,-999
18/06/2026 06:23:44,-999,470,-999,3,0,-999
18/06/2026 06:24:00,-999,470,-999,3,0,-999
18/06/2026 06:24:16,-999,470,-999,3,0,-999
18/06/2026 06:24:32,-999,460,-999,3,0,-999
18/06/2026 06:24:48,-999,470,-999,3,0,-999
18/06/2026 06:25:04,-999,460,-999,3,0,-999
18/06/2026 06:25:20,-999,450,-999,3,0,-999
18/06/2026 06:25:36,-999,450,-999,3,0,-999
18/06/2026 06:25:52,-999,450,-999,3,0,-999
18/06/2026 06:26:08,-999,450,-999,3,0,-999
18/06/2026 06:26:24,-999,440,-999,3,0,-999
18/06/2026 06:26:40,-999,440,-999,3,0,-999
18/06/2026 06:26:56,-999,430,-999,3,0,-999
18/06/2026 06:27:12,-999,440,-999,3,0,-999
18/06/2026 06:27:28,-999,440,-999,3,0,-999
18/06/2026 06:27:44,-999,430,-999,3,0,-999
18/06/2026 06:28:00,-999,430,-999,3,0,-999
18/06/2026 06:28:16,-999,420,-999,3,0,-999
18/06/2026 06:28:32,-999,420,-999,3,0,-999
18/06/2026 06:28:48,-999,420,-999,3,0,-999
18/06/2026 06:29:04,-999,420,-999,3,0,-999
18/06/2026 06:29:20,-999,420,-999,3,0,-999
18/06/2026 06:29:36,-999,420,-999,3,0,-999
18/06/2026 06:29:52,-999,420,-999,3,0,-999
18/06/2026 06:30:08,-999,420,-999,3,0,-999
18/06/2026 06:30:24,-999,430,-999,3,0,-999
18/06/2026 06:30:40,-999,430,-999,3,0,-999
18/06/2026 06:30:56,-999,430,-999,3,0,-999
18/06/2026 06:31:12,-999,430,-999,3,0,-999
18/06/2026 06:31:28,-999,430,-999,3,0,-999
18/06/2026 06:31:44,-999,430,-999,3,0,-999
18/06/2026 06:32:00,-999,430,-999,3,0,-999
18/06/2026 06:32:16,-999,430,-999,3,0,-999
18/06/2026 06:32:32,-999,430,-999,3,0,-999
18/06/2026 06:32:48,-999,430,-999,3,0,-999
18/06/2026 06:33:04,-999,440,-999,3,0,-999
18/06/2026 06:33:20,-999,430,-999,3,0,-999
18/06/2026 06:33:36,-999,430,-999,3,0,-999
18/06/2026 06:33:52,-999,430,-999,3,0,-999
18/06/2026 06:34:08,-999,430,-999,3,2,8530
18/06/2026 06:34:24,-999,430,-999,3,2,8530
18/06/2026 06:34:40,-999,430,-999,3,2,8640
18/06/2026 06:34:56,-999,440,-999,3,2,8640
18/06/2026 06:35:12,-999,430,-999,3,2,8540
18/06/2026 06:35:28,-999,430,-999,3,2,8540
18/06/2026 06:35:44,-999,430,-999,3,1,8330
18/06/2026 06:36:00,-999,430,-999,3,1,8330
18/06/2026 06:36:16,-999,420,-999,3,1,8330
18/06/2026 06:36:32,-999,420,-999,3,1,8320
18/06/2026 06:36:48,-999,410,-999,3,1,8320
18/06/2026 06:37:04,-999,410,-999,3,1,8300
18/06/2026 06:37:20,-999,410,-999,3,1,8300
18/06/2026 06:37:36,-999,400,-999,3,1,8320
18/06/2026 06:37:52,-999,400,-999,3,1,8320
18/06/2026 06:38:08,-999,400,-999,3,1,8330
18/06/2026 06:38:24,-999,390,-999,3,1,8330
18/06/2026 06:38:40,-999,390,-999,3,1,8330
18/06/2026 06:38:56,-999,390,-999,3,1,8330
18/06/2026 06:39:12,-999,390,-999,3,1,8330
18/06/2026 06:39:28,-999,390,-999,3,1,8330
18/06/2026 06:39:44,-999,380,-999,3,1,8330
18/06/2026 06:40:00,-999,390,-999,3,1,8340
18/06/2026 06:40:16,-999,400,-999,3,1,8340
18/06/2026 06:40:32,-999,400,-999,3,1,8320
18/06/2026 06:40:48,-999,390,-999,3,1,8320
18/06/2026 06:41:04,-999,380,-999,3,1,8320
18/06/2026 06:41:20,-999,380,-999,3,0,-999
18/06/2026 06:41:36,-999,390,-999,3,0,-999
18/06/2026 06:41:52,-999,380,-999,3,0,-999
18/06/2026 06:42:08,-999,380,-999,3,0,-999
18/06/2026 06:42:24,-999,370,-999,3,1,8930
18/06/2026 06:42:40,-999,370,-999,3,1,8930
18/06/2026 06:42:56,-999,360,-999,3,1,8890
18/06/2026 06:43:12,-999,370,-999,3,1,8890
18/06/2026 06:43:28,-999,370,-999,3,1,8890
18/06/2026 06:43:44,-999,360,-999,3,1,8880
18/06/2026 06:44:00,-999,360,-999,3,1,8880
18/06/2026 06:44:16,-999,360,-999,3,0,-999
18/06/2026 06:44:32,-999,360,-999,3,0,-999
18/06/2026 06:44:48,-999,350,-999,3,0,-999
18/06/2026 06:45:04,-999,350,-999,3,0,-999
18/06/2026 06:45:20,-999,350,-999,3,0,-999
18/06/2026 06:45:36,-999,350,-999,3,0,-999
18/06/2026 06:45:52,-999,350,-999,3,0,-999
18/06/2026 06:46:08,-999,340,-999,3,0,-999
18/06/2026 06:46:24,-999,340,-999,3,0,-999
18/06/2026 06:46:40,-999,340,-999,3,0,-999
18/06/2026 06:46:56,-999,340,-999,3,0,-999
18/06/2026 06:47:12,-999,340,-999,3,0,-999
18/06/2026 06:47:28,-999,340,-999,3,0,-999
18/06/2026 06:47:44,-999,330,-999,3,0,-999
18/06/2026 06:48:00,-999,330,-999,3,0,-999
18/06/2026 06:48:16,-999,320,-999,3,0,-999
18/06/2026 06:48:32,-999,320,-999,3,0,-999
18/06/2026 06:48:48,-999,320,-999,3,0,-999
18/06/2026 06:49:04,-999,310,-999,3,0,-999
18/06/2026 06:49:20,-999,310,-999,3,0,-999
18/06/2026 06:49:36,-999,310,-999,3,0,-999
18/06/2026 06:49:52,-999,310,-999,3,0,-999
18/06/2026 06:50:08,-999,310,-999,3,0,-999
18/06/2026 06:50:24,-999,310,-999,3,0,-999
18/06/2026 06:50:40,-999,310,-999,3,0,-999
18/06/2026 06:50:56,-999,310,-999,3,1,8960
18/06/2026 06:51:12,-999,310,-999,3,1,8960
18/06/2026 06:51:28,-999,310,-999,3,1,8990
18/06/2026 06:51:44,-999,320,-999,3,1,8990
18/06/2026 06:52:00,-999,320,-999,3,1,8960
18/06/2026 06:52:16,-999,310,-999,3,1,8960
18/06/2026 06:52:32,-999,310,-999,3,1,8940
18/06/2026 06:52:48,-999,320,-999,3,1,8940
18/06/2026 06:53:04,-999,320,-999,3,1,8940
18/06/2026 06:53:20,-999,320,-999,3,1,8940
18/06/2026 06:53:36,-999,320,-999,3,1,8940
18/06/2026 06:53:52,-999,320,-999,3,1,8930
18/06/2026 06:54:08,-999,320,-999,3,1,8930
18/06/2026 06:54:24,-999,330,-999,3,0,-999
18/06/2026 06:54:40,-999,330,-999,3,0,-999
18/06/2026 06:54:56,-999,330,-999,3,0,-999
18/06/2026 06:55:12,-999,320,-999,3,0,-999
18/06/2026 06:55:28,-999,320,-999,3,0,-999
18/06/2026 06:55:44,-999,320,-999,3,0,-999
18/06/2026 06:56:00,-999,330,-999,3,0,-999
18/06/2026 06:56:16,-999,320,-999,3,1,8930
18/06/2026 06:56:32,-999,320,-999,3,1,8930
18/06/2026 06:56:48,-999,330,-999,3,1,8720
18/06/2026 06:57:04,-999,330,-999,3,1,8720
18/06/2026 06:57:20,-999,330,-999,3,1,8720
18/06/2026 06:57:36,-999,330,-999,3,1,8720
18/06/2026 06:57:52,-999,330,-999,3,1,8720
18/06/2026 06:58:08,-999,330,-999,3,1,8730
18/06/2026 06:58:24,-999,330,-999,3,1,8730
18/06/2026 06:58:40,-999,330,-999,3,0,-999
18/06/2026 06:58:56,-999,330,-999,3,0,-999
18/06/2026 06:59:12,-999,330,-999,3,0,-999
18/06/2026 06:59:28,-999,320,-999,3,0,-999
18/06/2026 06:59:44,-999,320,-999,3,0,-999
18/06/2026 07:00:00,-999,320,-999,3,0,-999
18/06/2026 07:00:16,-999,330,-999,3,0,-999
18/06/2026 07:00:32,-999,320,-999,3,0,-999
18/06/2026 07:00:48,-999,320,-999,3,0,-999
18/06/2026 07:01:04,-999,310,-999,3,0,-999
18/06/2026 07:01:20,-999,310,-999,3,0,-999
18/06/2026 07:01:36,-999,320,-999,3,0,-999
18/06/2026 07:01:52,-999,320,-999,3,0,-999
18/06/2026 07:02:08,-999,320,-999,3,0,-999
18/06/2026 07:02:24,-999,310,-999,3,0,-999
18/06/2026 07:02:40,-999,310,-999,3,0,-999
18/06/2026 07:02:56,-999,310,-999,3,0,-999
18/06/2026 07:03:12,-999,310,-999,3,0,-999
18/06/2026 07:03:28,-999,310,-999,3,0,-999
18/06/2026 07:03:44,-999,300,-999,3,0,-999
18/06/2026 07:04:00,-999,310,-999,3,0,-999
18/06/2026 07:04:16,-999,310,-999,3,0,-999
18/06/2026 07:04:32,-999,310,-999,3,0,-999
18/06/2026 07:04:48,-999,310,-999,3,0,-999
18/06/2026 07:05:04,-999,310,-999,3,0,-999
18/06/2026 07:05:20,-999,300,-999,3,0,-999
18/06/2026 07:05:36,-999,300,-999,3,0,-999
18/06/2026 07:05:52,-999,300,-999,3,0,-999
18/06/2026 07:06:08,-999,300,-999,3,0,-999
18/06/2026 07:06:24,-999,290,-999,3,0,-999
18/06/2026 07:06:40,-999,290,-999,3,0,-999
18/06/2026 07:06:56,-999,280,-999,3,0,-999
18/06/2026 07:07:12,-999,280,-999,3,0,-999
18/06/2026 07:07:28,-999,280,-999,3,0,-999
18/06/2026 07:07:44,-999,280,-999,3,1,8290
18/06/2026 07:08:00,-999,270,-999,3,1,8290
18/06/2026 07:08:16,-999,270,-999,3,1,8300
18/06/2026 07:08:32,-999,270,-999,3,1,8300
18/06/2026 07:08:48,-999,270,-999,3,1,8130
18/06/2026 07:09:04,-999,270,-999,3,1,8130
18/06/2026 07:09:20,-999,270,-999,3,0,-999
18/06/2026 07:09:36,-999,270,-999,3,0,-999
18/06/2026 07:09:52,-999,260,-999,3,0,-999
18/06/2026 07:10:08,-999,260,-999,3,0,-999
18/06/2026 07:10:24,-999,270,-999,3,0,-999
18/06/2026 07:10:40,-999,260,-999,3,0,-999
18/06/2026 07:10:56,-999,260,-999,3,0,-999
18/06/2026 07:11:12,-999,260,-999,3,0,-999
18/06/2026 07:11:28,-999,260,-999,3,0,-999
18/06/2026 07:11:44,-999,260,-999,3,0,-999
18/06/2026 07:12:00,-999,260,-999,3,0,-999
18/06/2026 07:12:16,-999,260,-999,3,0,-999
18/06/2026 07:12:32,-999,250,-999,3,0,-999
18/06/2026 07:12:48,-999,250,-999,3,0,-999
18/06/2026 07:13:04,-999,250,-999,3,2,8190
18/06/2026 07:13:20,-999,260,-999,3,2,8190
18/06/2026 07:13:36,-999,250,-999,3,2,8100
18/06/2026 07:13:52,-999,250,-999,3,2,8100
18/06/2026 07:14:08,-999,250,-999,3,1,8280
18/06/2026 07:14:24,-999,250,-999,3,1,8280
18/06/2026 07:14:40,-999,250,-999,3,1,8280
18/06/2026 07:14:56,-999,250,-999,3,2,8420
18/06/2026 07:15:12,-999,250,-999,3,2,8420
18/06/2026 07:15:28,-999,250,-999,3,2,8220
18/06/2026 07:15:44,-999,240,-999,3,2,8220
18/06/2026 07:16:00,-999,250,-999,3,2,8150
18/06/2026 07:16:16,-999,250,-999,3,2,8150
18/06/2026 07:16:32,-999,250,-999,3,2,8140
18/06/2026 07:16:48,-999,250,-999,3,2,8140
18/06/2026 07:17:04,-999,240,-999,3,2,8140
18/06/2026 07:17:20,-999,240,-999,3,2,8270
18/06/2026 07:17:36,-999,240,-999,3,2,8270
18/06/2026 07:17:52,-999,240,-999,3,1,7730
18/06/2026 07:18:08,-999,240,-999,3,1,7730
18/06/2026 07:18:24,-999,230,-999,3,2,7720
18/06/2026 07:18:40,-999,230,-999,3,2,7720
18/06/2026 07:18:56,-999,230,-999,3,1,7990
18/06/2026 07:19:12,-999,230,-999,3,1,7990
18/06/2026 07:19:28,-999,230,-999,3,1,7990
18/06/2026 07:19:44,-999,230,-999,3,2,7990
18/06/2026 07:20:00,-999,230,-999,3,2,7990
18/06/2026 07:20:16,-999,230,-999,3,1,8120
18/06/2026 07:20:32,-999,230,-999,3,1,8120
18/06/2026 07:20:48,-999,230,-999,3,1,8100
18/06/2026 07:21:04,-999,220,-999,3,1,8100
18/06/2026 07:21:20,-999,220,-999,3,2,8110
18/06/2026 07:21:36,-999,220,-999,3,2,8110
18/06/2026 07:21:52,-999,220,-999,3,2,8110
18/06/2026 07:22:08,-999,220,-999,3,1,8560
18/06/2026 07:22:24,-999,220,-999,3,1,8560
18/06/2026 07:22:40,-999,210,-999,3,1,8550
18/06/2026 07:22:56,-999,210,-999,3,1,8550
18/06/2026 07:23:12,-999,210,-999,3,1,8580
18/06/2026 07:23:28,-999,210,-999,3,1,8580
18/06/2026 07:23:44,-999,210,-999,3,2,8310
18/06/2026 07:24:00,-999,210,-999,3,2,8310
18/06/2026 07:24:16,-999,210,-999,3,2,8310
18/06/2026 07:24:32,-999,210,-999,3,2,8090
18/06/2026 07:24:48,-999,210,-999,3,2,8090
18/06/2026 07:25:04,-999,200,-999,3,2,7800
18/06/2026 07:25:20,-999,200,-999,3,2,7800
18/06/2026 07:25:36,-999,200,-999,3,1,7970
18/06/2026 07:25:52,-999,190,-999,3,1,7970
18/06/2026 07:26:08,-999,190,-999,3,2,7700
18/06/2026 07:26:24,-999,200,-999,3,2,7700
18/06/2026 07:26:40,-999,200,-999,3,2,7700
18/06/2026 07:26:56,-999,190,-999,3,3,7610
18/06/2026 07:27:12,-999,190,-999,3,3,7610
18/06/2026 07:27:28,-999,190,-999,3,1,8260
18/06/2026 07:27:44,-999,180,-999,3,1,8260
18/06/2026 07:28:00,-999,180,-999,3,1,8030
18/06/2026 07:28:16,-999,180,-999,3,1,8030
18/06/2026 07:28:32,-999,180,-999,3,1,7760
18/06/2026 07:28:48,-999,170,-999,3,1,7760
18/06/2026 07:29:04,-999,170,-999,3,1,7760
18/06/2026 07:29:20,-999,170,-999,3,1,7760
18/06/2026 07:29:36,-999,170,-999,3,1,7760
18/06/2026 07:29:52,-999,170,-999,3,1,7750
18/06/2026 07:30:08,-999,170,-999,3,1,7750
18/06/2026 07:30:24,-999,170,-999,3,1,7630
18/06/2026 07:30:40,-999,170,-999,3,1,7630
18/06/2026 07:30:56,-999,180,-999,3,1,7560
18/06/2026 07:31:12,-999,170,-999,3,1,7560
18/06/2026 07:31:28,-999,170,-999,3,1,7560
18/06/2026 07:31:44,-999,180,-999,3,1,7560
18/06/2026 07:32:00,-999,180,-999,3,1,7560
18/06/2026 07:32:16,-999,180,-999,3,0,-999
18/06/2026 07:32:32,-999,180,-999,3,0,-999
18/06/2026 07:32:48,-999,180,-999,3,0,-999
18/06/2026 07:33:04,-999,180,-999,3,0,-999
18/06/2026 07:33:20,-999,180,-999,3,0,-999
18/06/2026 07:33:36,-999,190,-999,3,0,-999
18/06/2026 07:33:52,-999,190,-999,3,0,-999
18/06/2026 07:34:08,-999,190,-999,3,0,-999
18/06/2026 07:34:24,-999,190,-999,3,0,-999
18/06/2026 07:34:40,-999,190,-999,3,2,10570
18/06/2026 07:34:56,-999,190,-999,3,2,10570
18/06/2026 07:35:12,-999,190,-999,3,2,10570
18/06/2026 07:35:28,-999,190,-999,3,2,10570
18/06/2026 07:35:44,-999,200,-999,3,2,10590
18/06/2026 07:36:00,-999,200,-999,3,2,10590
18/06/2026 07:36:16,-999,200,-999,3,2,10590
18/06/2026 07:36:32,-999,200,-999,3,1,10600
18/06/2026 07:36:48,-999,200,-999,3,1,10600
18/06/2026 07:37:04,-999,200,-999,3,2,8330
18/06/2026 07:37:20,-999,200,-999,3,2,8330
18/06/2026 07:37:36,-999,200,-999,3,2,8200
18/06/2026 07:37:52,-999,190,-999,3,2,8200
18/06/2026 07:38:08,-999,190,-999,3,2,8010
18/06/2026 07:38:24,-999,200,-999,3,2,8010
18/06/2026 07:38:40,-999,200,-999,3,2,8010
18/06/2026 07:38:56,-999,200,-999,3,2,8290
18/06/2026 07:39:12,-999,200,-999,3,2,8290
18/06/2026 07:39:28,-999,200,-999,3,2,8160
18/06/2026 07:39:44,-999,210,-999,3,2,8160
18/06/2026 07:40:00,-999,210,-999,3,1,7960
18/06/2026 07:40:16,-999,210,-999,3,1,7960
18/06/2026 07:40:32,-999,210,-999,3,1,7820
18/06/2026 07:40:48,-999,210,-999,3,1,7820
18/06/2026 07:41:04,-999,210,-999,3,1,7820
18/06/2026 07:41:20,-999,220,-999,3,3,7820
18/06/2026 07:41:36,-999,220,-999,3,3,7820
18/06/2026 07:41:52,-999,220,-999,3,2,8330
18/06/2026 07:42:08,-999,230,-999,3,2,8330
18/06/2026 07:42:24,-999,230,-999,3,1,8220
18/06/2026 07:42:40,-999,230,-999,3,1,8220
18/06/2026 07:42:56,-999,230,-999,3,2,8060
18/06/2026 07:43:12,-999,240,-999,3,2,8060
18/06/2026 07:43:28,-999,240,-999,3,2,8060
18/06/2026 07:43:44,-999,230,-999,3,2,7950
18/06/2026 07:44:00,-999,230,-999,3,2,7950
18/06/2026 07:44:16,-999,230,-999,3,2,8210
18/06/2026 07:44:32,-999,230,-999,3,2,8210
18/06/2026 07:44:48,-999,230,-999,3,2,8300
18/06/2026 07:45:04,-999,230,-999,3,2,8300
18/06/2026 07:45:20,-999,230,-999,3,2,8050
18/06/2026 07:45:36,-999,230,-999,3,2,8050
18/06/2026 07:45:52,-999,220,-999,3,2,8050
18/06/2026 07:46:08,-999,220,-999,3,2,7990
18/06/2026 07:46:24,-999,220,-999,3,2,7990
18/06/2026 07:46:40,-999,220,-999,3,2,7730
18/06/2026 07:46:56,-999,220,-999,3,2,7730
18/06/2026 07:47:12,-999,220,-999,3,2,7750
18/06/2026 07:47:28,-999,210,-999,3,2,7750
18/06/2026 07:47:44,-999,210,-999,3,1,7610
18/06/2026 07:48:00,-999,210,-999,3,1,7610
18/06/2026 07:48:16,-999,210,-999,3,1,7610
18/06/2026 07:48:32,-999,210,-999,3,2,7540
18/06/2026 07:48:48,-999,220,-999,3,2,7540
18/06/2026 07:49:04,-999,220,-999,3,1,7530
18/06/2026 07:49:20,-999,220,-999,3,1,7530
18/06/2026 07:49:36,-999,220,-999,3,1,7670
18/06/2026 07:49:52,-999,210,-999,3,1,7670
18/06/2026 07:50:08,-999,210,-999,3,2,7670
18/06/2026 07:50:24,-999,210,-999,3,2,7670
18/06/2026 07:50:40,-999,210,-999,3,2,7670
18/06/2026 07:50:56,-999,210,-999,3,2,7660
18/06/2026 07:51:12,-999,210,-999,3,2,7660
18/06/2026 07:51:28,-999,220,-999,3,1,7650
18/06/2026 07:51:44,-999,220,-999,3,1,7650
18/06/2026 07:52:00,-999,220,-999,3,2,7640
18/06/2026 07:52:16,-999,220,-999,3,2,7640
18/06/2026 07:52:32,-999,220,-999,3,2,8640
18/06/2026 07:52:48,-999,210,-999,3,2,8640
18/06/2026 07:53:04,-999,210,-999,3,2,8640
18/06/2026 07:53:20,-999,210,-999,3,2,8350
18/06/2026 07:53:36,-999,210,-999,3,2,8350
18/06/2026 07:53:52,-999,210,-999,3,2,8380
18/06/2026 07:54:08,-999,210,-999,3,2,8380
18/06/2026 07:54:24,-999,210,-999,3,1,8410
18/06/2026 07:54:40,-999,210,-999,3,1,8410
18/06/2026 07:54:56,-999,220,-999,3,1,8410
18/06/2026 07:55:12,-999,220,-999,3,1,8410
18/06/2026 07:55:28,-999,220,-999,3,1,8410
18/06/2026 07:55:44,-999,220,-999,3,1,8410
18/06/2026 07:56:00,-999,220,-999,3,1,8410
18/06/2026 07:56:16,-999,220,-999,3,1,8400
18/06/2026 07:56:32,-999,220,-999,3,1,8400
18/06/2026 07:56:48,-999,220,-999,3,1,8410
18/06/2026 07:57:04,-999,220,-999,3,1,8410
18/06/2026 07:57:20,-999,220,-999,3,1,8380
18/06/2026 07:57:36,-999,230,-999,3,1,8380
18/06/2026 07:57:52,-999,230,-999,3,1,8380
18/06/2026 07:58:08,-999,230,-999,3,2,8380
18/06/2026 07:58:24,-999,230,-999,3,2,8380
18/06/2026 07:58:40,-999,240,-999,3,3,9020
18/06/2026 07:58:56,-999,240,-999,3,3,9020
18/06/2026 07:59:12,-999,250,-999,3,1,9020
18/06/2026 07:59:28,-999,250,-999,3,1,9020
18/06/2026 07:59:44,-999,260,-999,3,1,9040
18/06/2026 08:00:00,-999,260,-999,3,1,9040
18/06/2026 08:00:16,-999,260,-999,3,1,9040
18/06/2026 08:00:32,-999,270,-999,3,1,9040
18/06/2026 08:00:48,-999,280,-999,3,1,9040
18/06/2026 08:01:04,-999,280,-999,3,1,9020
18/06/2026 08:01:20,-999,280,-999,3,1,9020
18/06/2026 08:01:36,-999,280,-999,3,1,9010
18/06/2026 08:01:52,-999,290,-999,3,1,9010
18/06/2026 08:02:08,-999,290,-999,3,2,9010
18/06/2026 08:02:24,-999,290,-999,3,2,9010
18/06/2026 08:02:40,-999,300,-999,3,2,9010
18/06/2026 08:02:56,-999,290,-999,3,1,9010
18/06/2026 08:03:12,-999,290,-999,3,1,9010
18/06/2026 08:03:28,-999,290,-999,3,1,9030
18/06/2026 08:03:44,-999,300,-999,3,1,9030
18/06/2026 08:04:00,-999,300,-999,3,1,9030
18/06/2026 08:04:16,-999,300,-999,3,1,9030
18/06/2026 08:04:32,-999,300,-999,3,1,9040
18/06/2026 08:04:48,-999,300,-999,3,1,9040
18/06/2026 08:05:04,-999,300,-999,3,1,9040
18/06/2026 08:05:20,-999,300,-999,3,1,9040
18/06/2026 08:05:36,-999,300,-999,3,1,9040
18/06/2026 08:05:52,-999,310,-999,3,1,9040
18/06/2026 08:06:08,-999,310,-999,3,1,9040
18/06/2026 08:06:24,-999,320,-999,3,1,8970
18/06/2026 08:06:40,-999,320,-999,3,1,8970
18/06/2026 08:06:56,-999,330,-999,3,1,8930
18/06/2026 08:07:12,-999,330,-999,3,1,8930
18/06/2026 08:07:28,-999,330,-999,3,1,8930
18/06/2026 08:07:44,-999,330,-999,3,1,8970
18/06/2026 08:08:00,-999,320,-999,3,1,8970
18/06/2026 08:08:16,-999,320,-999,3,1,8970
18/06/2026 08:08:32,-999,320,-999,3,1,8970
18/06/2026 08:08:48,-999,320,-999,3,1,8970
18/06/2026 08:09:04,-999,310,-999,3,1,8970
18/06/2026 08:09:20,-999,320,-999,3,1,8980
18/06/2026 08:09:36,-999,320,-999,3,1,8980
18/06/2026 08:09:52,-999,330,-999,3,1,8980
18/06/2026 08:10:08,-999,330,-999,3,1,8970
18/06/2026 08:10:24,-999,320,-999,3,1,8970
18/06/2026 08:10:40,-999,320,-999,3,2,8700
18/06/2026 08:10:56,-999,330,-999,3,2,8700
18/06/2026 08:11:12,-999,330,-999,3,0,-999
18/06/2026 08:11:28,-999,320,-999,3,0,-999
18/06/2026 08:11:44,-999,320,-999,3,0,-999
18/06/2026 08:12:00,-999,320,-999,3,0,-999
18/06/2026 08:12:16,-999,320,-999,3,0,-999
18/06/2026 08:12:32,-999,320,-999,3,0,-999
18/06/2026 08:12:48,-999,320,-999,3,0,-999
18/06/2026 08:13:04,-999,320,-999,3,1,8990
18/06/2026 08:13:20,-999,310,-999,3,1,8990
18/06/2026 08:13:36,-999,310,-999,3,1,8410
18/06/2026 08:13:52,-999,310,-999,3,1,8410
18/06/2026 08:14:08,-999,310,-999,3,0,-999
18/06/2026 08:14:24,-999,310,-999,3,0,-999
18/06/2026 08:14:40,-999,310,-999,3,0,-999
18/06/2026 08:14:56,-999,310,-999,3,0,-999
18/06/2026 08:15:12,-999,310,-999,3,0,-999
18/06/2026 08:15:28,-999,320,-999,3,0,-999
18/06/2026 08:15:44,-999,320,-999,3,0,-999
18/06/2026 08:16:00,-999,320,-999,3,0,-999
18/06/2026 08:16:16,-999,320,-999,3,0,-999
18/06/2026 08:16:32,-999,310,-999,3,0,-999
18/06/2026 08:16:48,-999,310,-999,3,0,-999
18/06/2026 08:17:04,-999,310,-999,3,0,-999
18/06/2026 08:17:20,-999,320,-999,3,0,-999
18/06/2026 08:17:36,-999,320,-999,3,0,-999
18/06/2026 08:17:52,-999,320,-999,3,0,-999
18/06/2026 08:18:08,-999,320,-999,3,0,-999
18/06/2026 08:18:24,-999,320,-999,3,0,-999
18/06/2026 08:18:40,-999,320,-999,3,0,-999
18/06/2026 08:18:56,-999,320,-999,3,0,-999
18/06/2026 08:19:12,-999,310,-999,3,0,-999
18/06/2026 08:19:28,-999,310,-999,3,0,-999
18/06/2026 08:19:44,-999,310,-999,3,0,-999
18/06/2026 08:20:00,-999,310,-999,3,0,-999
18/06/2026 08:20:16,-999,300,-999,3,0,-999
18/06/2026 08:20:32,-999,300,-999,3,0,-999
18/06/2026 08:20:48,-999,300,-999,3,0,-999
18/06/2026 08:21:04,-999,300,-999,3,0,-999
18/06/2026 08:21:20,-999,300,-999,3,0,-999
18/06/2026 08:21:36,-999,300,-999,3,0,-999
18/06/2026 08:21:52,-999,300,-999,3,0,-999
18/06/2026 08:22:08,-999,300,-999,3,1,8930
18/06/2026 08:22:24,-999,300,-999,3,1,8930
18/06/2026 08:22:40,-999,300,-999,3,2,8560
18/06/2026 08:22:56,-999,300,-999,3,2,8560
18/06/2026 08:23:12,-999,300,-999,3,1,8560
18/06/2026 08:23:28,-999,300,-999,3,1,8560
18/06/2026 08:23:44,-999,290,-999,3,3,8390
18/06/2026 08:24:00,-999,290,-999,3,3,8390
18/06/2026 08:24:16,-999,280,-999,3,3,8390
18/06/2026 08:24:32,-999,280,-999,3,2,8230
18/06/2026 08:24:48,-999,280,-999,3,2,8230
18/06/2026 08:25:04,-999,270,-999,3,2,8180
18/06/2026 08:25:20,-999,270,-999,3,2,8180
18/06/2026 08:25:36,-999,270,-999,3,2,8380
18/06/2026 08:25:52,-999,270,-999,3,2,8380
18/06/2026 08:26:08,-999,270,-999,3,3,7930
18/06/2026 08:26:24,-999,260,-999,3,3,7930
18/06/2026 08:26:40,-999,260,-999,3,3,7930
18/06/2026 08:26:56,-999,250,-999,3,1,7930
18/06/2026 08:27:12,-999,250,-999,3,1,7930
18/06/2026 08:27:28,-999,250,-999,3,2,7930
18/06/2026 08:27:44,-999,240,-999,3,2,7930
18/06/2026 08:28:00,-999,240,-999,3,2,7960
18/06/2026 08:28:16,-999,240,-999,3,2,7960
18/06/2026 08:28:32,-999,240,-999,3,3,8230
18/06/2026 08:28:48,-999,240,-999,3,3,8230
18/06/2026 08:29:04,-999,230,-999,3,3,8230
18/06/2026 08:29:20,-999,230,-999,3,2,8090
18/06/2026 08:29:36,-999,230,-999,3,2,8090
18/06/2026 08:29:52,-999,230,-999,3,2,7930
18/06/2026 08:30:08,-999,230,-999,3,2,7930
18/06/2026 08:30:24,-999,230,-999,3,2,8370
18/06/2026 08:30:40,-999,230,-999,3,2,8370
18/06/2026 08:30:56,-999,230,-999,3,2,8500
18/06/2026 08:31:12,-999,230,-999,3,2,8500
18/06/2026 08:31:28,-999,220,-999,3,2,8500
18/06/2026 08:31:44,-999,220,-999,3,2,8260
18/06/2026 08:32:00,-999,220,-999,3,2,8260
18/06/2026 08:32:16,-999,220,-999,3,2,8190
18/06/2026 08:32:32,-999,220,-999,3,2,8190
18/06/2026 08:32:48,-999,230,-999,3,1,8200
18/06/2026 08:33:04,-999,230,-999,3,1,8200
18/06/2026 08:33:20,-999,230,-999,3,2,8110
18/06/2026 08:33:36,-999,230,-999,3,2,8110
18/06/2026 08:33:52,-999,230,-999,3,2,8110
18/06/2026 08:34:08,-999,230,-999,3,2,8270
18/06/2026 08:34:24,-999,230,-999,3,2,8270
18/06/2026 08:34:40,-999,230,-999,3,1,8420
18/06/2026 08:34:56,-999,230,-999,3,1,8420
18/06/2026 08:35:12,-999,220,-999,3,1,7840
18/06/2026 08:35:28,-999,220,-999,3,1,7840
18/06/2026 08:35:44,-999,220,-999,3,1,7840
18/06/2026 08:36:00,-999,220,-999,3,1,7840
18/06/2026 08:36:16,-999,220,-999,3,1,7840
18/06/2026 08:36:32,-999,220,-999,3,1,8020
18/06/2026 08:36:48,-999,230,-999,3,1,8020
18/06/2026 08:37:04,-999,220,-999,3,1,8020
18/06/2026 08:37:20,-999,220,-999,3,1,8020
18/06/2026 08:37:36,-999,230,-999,3,1,7930
18/06/2026 08:37:52,-999,220,-999,3,1,7930
18/06/2026 08:38:08,-999,230,-999,3,2,7910
18/06/2026 08:38:24,-999,230,-999,3,2,7910
18/06/2026 08:38:40,-999,230,-999,3,2,7910
18/06/2026 08:38:56,-999,230,-999,3,1,10100
18/06/2026 08:39:12,-999,230,-999,3,1,10100
18/06/2026 08:39:28,-999,240,-999,3,1,9540
18/06/2026 08:39:44,-999,240,-999,3,1,9540
18/06/2026 08:40:00,-999,240,-999,3,1,9540
18/06/2026 08:40:16,-999,240,-999,3,1,9540
18/06/2026 08:40:32,-999,240,-999,3,1,9540
18/06/2026 08:40:48,-999,240,-999,3,1,9540
18/06/2026 08:41:04,-999,240,-999,3,1,9540
18/06/2026 08:41:20,-999,240,-999,3,1,9540
18/06/2026 08:41:36,-999,250,-999,3,1,9540
18/06/2026 08:41:52,-999,250,-999,3,1,9550
18/06/2026 08:42:08,-999,240,-999,3,1,9550
18/06/2026 08:42:24,-999,250,-999,3,1,9550
18/06/2026 08:42:40,-999,250,-999,3,1,9550
18/06/2026 08:42:56,-999,250,-999,3,1,9560
18/06/2026 08:43:12,-999,250,-999,3,1,9560
18/06/2026 08:43:28,-999,250,-999,3,1,9560
18/06/2026 08:43:44,-999,250,-999,3,1,9560
18/06/2026 08:44:00,-999,250,-999,3,1,9560
18/06/2026 08:44:16,-999,240,-999,3,2,8540
18/06/2026 08:44:32,-999,240,-999,3,2,8540
18/06/2026 08:44:48,-999,240,-999,3,1,8490
18/06/2026 08:45:04,-999,240,-999,3,1,8490
18/06/2026 08:45:20,-999,240,-999,3,1,7960
18/06/2026 08:45:36,-999,240,-999,3,1,7960
18/06/2026 08:45:52,-999,240,-999,3,1,7960
18/06/2026 08:46:08,-999,240,-999,3,1,7960
18/06/2026 08:46:24,-999,250,-999,3,1,7960
18/06/2026 08:46:40,-999,250,-999,3,1,7940
18/06/2026 08:46:56,-999,250,-999,3,1,7940
18/06/2026 08:47:12,-999,240,-999,3,1,7930
18/06/2026 08:47:28,-999,240,-999,3,1,7930
18/06/2026 08:47:44,-999,240,-999,3,1,7930
18/06/2026 08:48:00,-999,240,-999,3,1,7930
18/06/2026 08:48:16,-999,250,-999,3,1,7930
18/06/2026 08:48:32,-999,250,-999,3,1,8750
18/06/2026 08:48:48,-999,250,-999,3,1,8750
18/06/2026 08:49:04,-999,260,-999,3,0,-999
18/06/2026 08:49:20,-999,260,-999,3,0,-999
18/06/2026 08:49:36,-999,250,-999,3,1,7930
18/06/2026 08:49:52,-999,250,-999,3,1,7930
18/06/2026 08:50:08,-999,250,-999,3,2,7930
18/06/2026 08:50:24,-999,250,-999,3,2,7930
18/06/2026 08:50:40,-999,250,-999,3,2,7930
18/06/2026 08:50:56,-999,250,-999,3,2,8040
18/06/2026 08:51:12,-999,250,-999,3,2,8040
18/06/2026 08:51:28,-999,250,-999,3,2,8350
18/06/2026 08:51:44,-999,250,-999,3,2,8350
18/06/2026 08:52:00,-999,250,-999,3,2,8270
18/06/2026 08:52:16,-999,250,-999,3,2,8270
18/06/2026 08:52:32,-999,240,-999,3,2,8090
18/06/2026 08:52:48,-999,240,-999,3,2,8090
18/06/2026 08:53:04,-999,240,-999,3,2,8090
18/06/2026 08:53:20,-999,230,-999,3,3,8090
18/06/2026 08:53:36,-999,230,-999,3,3,8090
18/06/2026 08:53:52,-999,230,-999,3,3,7900
18/06/2026 08:54:08,-999,230,-999,3,3,7900
18/06/2026 08:54:24,-999,220,-999,3,1,7890
18/06/2026 08:54:40,-999,220,-999,3,1,7890
18/06/2026 08:54:56,-999,220,-999,3,1,7950
18/06/2026 08:55:12,-999,220,-999,3,1,7950
18/06/2026 08:55:28,-999,220,-999,3,1,7950
18/06/2026 08:55:44,-999,220,-999,3,1,7970
18/06/2026 08:56:00,-999,220,-999,3,1,7970
18/06/2026 08:56:16,-999,220,-999,3,1,7960
18/06/2026 08:56:32,-999,220,-999,3,1,7960
18/06/2026 08:56:48,-999,220,-999,3,1,7900
18/06/2026 08:57:04,-999,220,-999,3,1,7900
18/06/2026 08:57:20,-999,220,-999,3,2,7890
18/06/2026 08:57:36,-999,210,-999,3,2,7890
18/06/2026 08:57:52,-999,210,-999,3,2,7890
18/06/2026 08:58:08,-999,210,-999,3,3,7840
18/06/2026 08:58:24,-999,210,-999,3,3,7840
18/06/2026 08:58:40,-999,210,-999,3,1,7800
18/06/2026 08:58:56,-999,200,-999,3,1,7800
18/06/2026 08:59:12,-999,200,-999,3,0,-999
18/06/2026 08:59:28,-999,200,-999,3,0,-999
18/06/2026 08:59:44,-999,200,-999,3,0,-999
18/06/2026 09:00:00,-999,190,-999,3,0,-999
18/06/2026 09:00:16,-999,190,-999,3,0,-999
18/06/2026 09:00:32,-999,190,-999,3,1,7900
18/06/2026 09:00:48,-999,180,-999,3,1,7900
18/06/2026 09:01:04,-999,180,-999,3,1,7730
18/06/2026 09:01:20,-999,180,-999,3,1,7730
18/06/2026 09:01:36,-999,180,-999,3,1,7780
18/06/2026 09:01:52,-999,170,-999,3,1,7780
18/06/2026 09:02:08,-999,170,-999,3,1,7780
18/06/2026 09:02:24,-999,170,-999,3,1,7780
18/06/2026 09:02:40,-999,170,-999,3,1,7780
18/06/2026 09:02:56,-999,160,-999,3,1,7750
18/06/2026 09:03:12,-999,160,-999,3,1,7750
18/06/2026 09:03:28,-999,160,-999,3,1,7790
18/06/2026 09:03:44,-999,160,-999,3,1,7790
18/06/2026 09:04:00,-999,150,-999,3,1,7790
18/06/2026 09:04:16,-999,150,-999,3,1,7790
18/06/2026 09:04:32,-999,150,-999,3,1,7790
18/06/2026 09:04:48,-999,150,-999,3,1,7790
18/06/2026 09:05:04,-999,750,-999,3,1,7790
18/06/2026 09:05:20,-999,760,-999,3,3,7810
18/06/2026 09:05:36,-999,770,-999,3,3,7810
18/06/2026 09:05:52,-999,760,-999,3,2,7810
18/06/2026 09:06:08,-999,750,-999,3,2,7810
18/06/2026 09:06:24,-999,740,-999,3,1,7820
18/06/2026 09:06:40,-999,730,-999,3,1,7820
18/06/2026 09:06:56,-999,700,-999,3,1,7780
18/06/2026 09:07:12,-999,690,-999,3,1,7780
18/06/2026 09:07:28,-999,670,-999,3,1,7780
18/06/2026 09:07:44,-999,660,-999,3,1,7770
18/06/2026 09:08:00,-999,640,-999,3,1,7770
18/06/2026 09:08:16,-999,640,-999,3,0,-999
18/06/2026 09:08:32,-999,630,-999,3,0,-999
18/06/2026 09:08:48,-999,660,-999,3,0,-999
18/06/2026 09:09:04,-999,680,-999,3,0,-999
18/06/2026 09:09:20,-999,680,-999,3,0,-999
18/06/2026 09:09:36,-999,690,-999,3,0,-999
18/06/2026 09:09:52,-999,690,-999,3,0,-999
18/06/2026 09:10:08,-999,690,-999,3,0,-999
18/06/2026 09:10:24,-999,680,-999,3,0,-999
18/06/2026 09:10:40,-999,720,-999,3,0,-999
18/06/2026 09:10:56,-999,750,-999,3,0,-999
18/06/2026 09:11:12,-999,770,-999,3,0,-999
18/06/2026 09:11:28,-999,790,-999,3,0,-999
18/06/2026 09:11:44,-999,790,-999,3,0,-999
18/06/2026 09:12:00,-999,780,-999,3,0,-999
18/06/2026 09:12:16,-999,760,-999,3,0,-999
18/06/2026 09:12:32,-999,740,-999,3,1,8070
18/06/2026 09:12:48,-999,730,-999,3,1,8070
18/06/2026 09:13:04,-999,710,-999,3,1,8060
18/06/2026 09:13:20,-999,700,-999,3,1,8060
18/06/2026 09:13:36,-999,710,-999,3,1,8050
18/06/2026 09:13:52,-999,720,-999,3,1,8050
18/06/2026 09:14:08,-999,730,-999,3,0,-999
18/06/2026 09:14:24,-999,730,-999,3,0,-999
18/06/2026 09:14:40,-999,720,-999,3,0,-999
18/06/2026 09:14:56,-999,710,-999,3,1,8510
18/06/2026 09:15:12,-999,700,-999,3,1,8510
18/06/2026 09:15:28,-999,710,-999,3,2,7970
18/06/2026 09:15:44,-999,720,-999,3,2,7970
18/06/2026 09:16:00,-999,740,-999,3,1,7940
18/06/2026 09:16:16,-999,750,-999,3,1,7940
18/06/2026 09:16:32,-999,760,-999,3,2,7840
18/06/2026 09:16:48,-999,750,-999,3,2,7840
18/06/2026 09:17:04,-999,740,-999,3,2,7840
18/06/2026 09:17:20,-999,730,-999,3,1,7770
18/06/2026 09:17:36,-999,720,-999,3,1,7770
18/06/2026 09:17:52,-999,720,-999,3,2,7810
18/06/2026 09:18:08,-999,710,-999,3,2,7810
18/06/2026 09:18:24,-999,710,-999,3,1,7810
18/06/2026 09:18:40,-999,700,-999,3,1,7810
18/06/2026 09:18:56,-999,670,-999,3,0,-999
18/06/2026 09:19:12,-999,650,-999,3,0,-999
18/06/2026 09:19:28,-999,630,-999,3,0,-999
18/06/2026 09:19:44,-999,630,-999,3,0,-999
18/06/2026 09:20:00,-999,630,-999,3,0,-999
18/06/2026 09:20:16,-999,620,-999,3,1,7840
18/06/2026 09:20:32,-999,620,-999,3,1,7840
18/06/2026 09:20:48,-999,620,-999,3,1,7770
18/06/2026 09:21:04,-999,620,-999,3,1,7770
18/06/2026 09:21:20,-999,630,-999,3,1,7720
18/06/2026 09:21:36,-999,630,-999,3,1,7720
18/06/2026 09:21:52,-999,630,-999,3,1,7720
18/06/2026 09:22:08,-999,630,-999,3,0,-999
18/06/2026 09:22:24,-999,630,-999,3,0,-999
18/06/2026 09:22:40,-999,630,-999,3,1,8350
18/06/2026 09:22:56,-999,630,-999,3,1,8350
18/06/2026 09:23:12,-999,630,-999,3,2,8170
18/06/2026 09:23:28,-999,630,-999,3,2,8170
18/06/2026 09:23:44,-999,650,-999,3,2,8030
18/06/2026 09:24:00,-999,660,-999,3,2,8030
18/06/2026 09:24:16,-999,680,-999,3,2,8030
18/06/2026 09:24:32,-999,650,-999,3,2,7710
18/06/2026 09:24:48,-999,640,-999,3,2,7710
18/06/2026 09:25:04,-999,640,-999,3,1,7810
18/06/2026 09:25:20,-999,640,-999,3,1,7810
18/06/2026 09:25:36,-999,630,-999,3,0,-999
18/06/2026 09:25:52,-999,640,-999,3,0,-999
18/06/2026 09:26:08,-999,630,-999,3,0,-999
18/06/2026 09:26:24,-999,640,-999,3,0,-999
18/06/2026 09:26:40,-999,640,-999,3,0,-999
18/06/2026 09:26:56,-999,640,-999,3,0,-999
18/06/2026 09:27:12,-999,640,-999,3,0,-999
18/06/2026 09:27:28,-999,640,-999,3,0,-999
18/06/2026 09:27:44,-999,640,-999,3,0,-999
18/06/2026 09:28:00,-999,650,-999,3,0,-999
18/06/2026 09:28:16,-999,650,-999,3,0,-999
18/06/2026 09:28:32,-999,660,-999,3,0,-999
18/06/2026 09:28:48,-999,660,-999,3,0,-999
18/06/2026 09:29:04,-999,660,-999,3,0,-999
18/06/2026 09:29:20,-999,670,-999,3,0,-999
18/06/2026 09:29:36,-999,670,-999,3,0,-999
18/06/2026 09:29:52,-999,670,-999,3,0,-999
18/06/2026 09:30:08,-999,670,-999,3,0,-999
18/06/2026 09:30:24,-999,670,-999,3,0,-999
18/06/2026 09:30:40,-999,670,-999,3,0,-999
18/06/2026 09:30:56,-999,670,-999,3,0,-999
18/06/2026 09:31:12,-999,680,-999,3,0,-999
18/06/2026 09:31:28,-999,680,-999,3,0,-999
18/06/2026 09:31:44,-999,680,-999,3,0,-999
18/06/2026 09:32:00,-999,680,-999,3,0,-999
18/06/2026 09:32:16,-999,680,-999,3,0,-999
18/06/2026 09:32:32,-999,680,-999,3,0,-999
18/06/2026 09:32:48,-999,690,-999,3,0,-999
18/06/2026 09:33:04,-999,690,-999,3,0,-999
18/06/2026 09:33:20,-999,700,-999,3,0,-999
18/06/2026 09:33:36,-999,710,-999,3,0,-999
18/06/2026 09:33:52,-999,730,-999,3,0,-999
18/06/2026 09:34:08,-999,750,-999,3,0,-999
18/06/2026 09:34:24,-999,780,-999,3,0,-999
18/06/2026 09:34:40,-999,770,-999,3,0,-999
18/06/2026 09:34:56,-999,750,-999,3,0,-999
18/06/2026 09:35:12,-999,770,-999,3,1,8130
18/06/2026 09:35:28,-999,780,-999,3,1,8130
18/06/2026 09:35:44,-999,800,-999,3,1,7980
18/06/2026 09:36:00,-999,810,-999,3,1,7980
18/06/2026 09:36:16,-999,820,-999,3,1,7980
18/06/2026 09:36:32,-999,810,-999,3,1,7700
18/06/2026 09:36:48,-999,810,-999,3,1,7700
18/06/2026 09:37:04,-999,790,-999,3,1,7700
18/06/2026 09:37:20,-999,770,-999,3,1,7700
18/06/2026 09:37:36,-999,760,-999,3,0,-999
18/06/2026 09:37:52,-999,750,-999,3,0,-999
18/06/2026 09:38:08,-999,740,-999,3,0,-999
18/06/2026 09:38:24,-999,760,-999,3,0,-999
18/06/2026 09:38:40,-999,770,-999,3,0,-999
18/06/2026 09:38:56,-999,760,-999,3,0,-999
18/06/2026 09:39:12,-999,760,-999,3,0,-999
18/06/2026 09:39:28,-999,760,-999,3,0,-999
18/06/2026 09:39:44,-999,770,-999,3,0,-999
18/06/2026 09:40:00,-999,750,-999,3,0,-999
18/06/2026 09:40:16,-999,740,-999,3,0,-999
18/06/2026 09:40:32,-999,730,-999,3,0,-999
18/06/2026 09:40:48,-999,730,-999,3,0,-999
18/06/2026 09:41:04,-999,740,-999,3,0,-999
18/06/2026 09:41:20,-999,750,-999,3,0,-999
18/06/2026 09:41:36,-999,750,-999,3,0,-999
18/06/2026 09:41:52,-999,740,-999,3,0,-999
18/06/2026 09:42:08,-999,730,-999,3,0,-999
18/06/2026 09:42:24,-999,730,-999,3,0,-999
18/06/2026 09:42:40,-999,740,-999,3,0,-999
18/06/2026 09:42:56,-999,740,-999,3,2,7870
18/06/2026 09:43:12,-999,720,-999,3,2,7870
18/06/2026 09:43:28,-999,700,-999,3,2,7870
18/06/2026 09:43:44,-999,690,-999,3,1,7810
18/06/2026 09:44:00,-999,680,-999,3,1,7810
18/06/2026 09:44:16,-999,720,-999,3,0,-999
18/06/2026 09:44:32,-999,760,-999,3,0,-999
18/06/2026 09:44:48,-999,750,-999,3,1,8030
18/06/2026 09:45:04,-999,740,-999,3,1,8030
18/06/2026 09:45:20,-999,720,-999,3,1,8120
18/06/2026 09:45:36,-999,740,-999,3,1,8120
18/06/2026 09:45:52,-999,760,-999,3,1,8120
18/06/2026 09:46:08,-999,740,-999,3,0,-999
18/06/2026 09:46:24,-999,730,-999,3,0,-999
18/06/2026 09:46:40,-999,710,-999,3,0,-999
18/06/2026 09:46:56,-999,690,-999,3,0,-999
18/06/2026 09:47:12,-999,670,-999,3,1,7600
18/06/2026 09:47:28,-999,660,-999,3,1,7600
18/06/2026 09:47:44,-999,650,-999,3,1,7510
18/06/2026 09:48:00,-999,650,-999,3,1,7510
18/06/2026 09:48:16,-999,650,-999,3,1,7510
18/06/2026 09:48:32,-999,640,-999,3,2,7530
18/06/2026 09:48:48,-999,620,-999,3,2,7530
18/06/2026 09:49:04,-999,600,-999,3,2,7900
18/06/2026 09:49:20,-999,580,-999,3,2,7900
18/06/2026 09:49:36,-999,580,-999,3,3,7680
18/06/2026 09:49:52,-999,580,-999,3,3,7680
18/06/2026 09:50:08,-999,570,-999,3,1,7670
18/06/2026 09:50:24,-999,580,-999,3,1,7670
18/06/2026 09:50:40,-999,580,-999,3,1,7670
18/06/2026 09:50:56,-999,600,-999,3,3,7670
18/06/2026 09:51:12,-999,620,-999,3,3,7670
18/06/2026 09:51:28,-999,600,-999,3,2,7680
18/06/2026 09:51:44,-999,580,-999,3,2,7680
18/06/2026 09:52:00,-999,590,-999,3,2,7740
18/06/2026 09:52:16,-999,590,-999,3,2,7740
18/06/2026 09:52:32,-999,570,-999,3,3,7810
18/06/2026 09:52:48,-999,570,-999,3,3,7810
18/06/2026 09:53:04,-999,570,-999,3,3,7810
18/06/2026 09:53:20,-999,590,-999,3,1,7730
18/06/2026 09:53:36,-999,600,-999,3,1,7730
18/06/2026 09:53:52,-999,610,-999,3,2,7810
18/06/2026 09:54:08,-999,620,-999,3,2,7810
18/06/2026 09:54:24,-999,630,-999,3,3,7820
18/06/2026 09:54:40,-999,630,-999,3,3,7820
18/06/2026 09:54:56,-999,650,-999,3,1,7820
18/06/2026 09:55:12,-999,660,-999,3,1,7820
18/06/2026 09:55:28,-999,680,-999,3,1,7820
18/06/2026 09:55:44,-999,670,-999,3,2,7820
18/06/2026 09:56:00,-999,650,-999,3,2,7820
18/06/2026 09:56:16,-999,660,-999,3,2,7820
18/06/2026 09:56:32,-999,660,-999,3,2,7820
18/06/2026 09:56:48,-999,660,-999,3,1,8180
18/06/2026 09:57:04,-999,650,-999,3,1,8180
18/06/2026 09:57:20,-999,660,-999,3,2,8290
18/06/2026 09:57:36,-999,680,-999,3,2,8290
18/06/2026 09:57:52,-999,700,-999,3,2,8290
18/06/2026 09:58:08,-999,680,-999,3,2,7840
18/06/2026 09:58:24,-999,660,-999,3,2,7840
18/06/2026 09:58:40,-999,650,-999,3,1,8040
18/06/2026 09:58:56,-999,640,-999,3,1,8040
18/06/2026 09:59:12,-999,650,-999,3,1,8050
18/06/2026 09:59:28,-999,650,-999,3,1,8050
18/06/2026 09:59:44,-999,640,-999,3,1,8030
